timestamp,price_eur_kwh
2026-01-01T00:00:00+00:00,0.075660
2026-01-01T00:15:00+00:00,0.065080
2026-01-01T00:30:00+00:00,0.065480
2026-01-01T00:45:00+00:00,0.053630
2026-01-01T01:00:00+00:00,0.068390
2026-01-01T01:15:00+00:00,0.054350
2026-01-01T01:30:00+00:00,0.055610
2026-01-01T01:45:00+00:00,0.042820
2026-01-01T02:00:00+00:00,0.054380
2026-01-01T02:15:00+00:00,0.046320
2026-01-01T02:30:00+00:00,0.031410
2026-01-01T02:45:00+00:00,0.029710
2026-01-01T03:00:00+00:00,0.027390
2026-01-01T03:15:00+00:00,0.020000
2026-01-01T03:30:00+00:00,0.026170
2026-01-01T03:45:00+00:00,0.026140
2026-01-01T04:00:00+00:00,0.021510
2026-01-01T04:15:00+00:00,0.020000
2026-01-01T04:30:00+00:00,0.024750
2026-01-01T04:45:00+00:00,0.010000
2026-01-01T05:00:00+00:00,0.002340
2026-01-01T05:15:00+00:00,0.003620
2026-01-01T05:30:00+00:00,0.008000
2026-01-01T05:45:00+00:00,0.010000
2026-01-01T06:00:00+00:00,0.008900
2026-01-01T06:15:00+00:00,0.016090
2026-01-01T06:30:00+00:00,0.018720
2026-01-01T06:45:00+00:00,0.016290
2026-01-01T07:00:00+00:00,0.029670
2026-01-01T07:15:00+00:00,0.026680
2026-01-01T07:30:00+00:00,0.018570
2026-01-01T07:45:00+00:00,0.009460
2026-01-01T08:00:00+00:00,0.046220
2026-01-01T08:15:00+00:00,0.036450
2026-01-01T08:30:00+00:00,0.029000
2026-01-01T08:45:00+00:00,0.009930
2026-01-01T09:00:00+00:00,0.046010
2026-01-01T09:15:00+00:00,0.026620
2026-01-01T09:30:00+00:00,0.023860
2026-01-01T09:45:00+00:00,0.014770
2026-01-01T10:00:00+00:00,0.046800
2026-01-01T10:15:00+00:00,0.032990
2026-01-01T10:30:00+00:00,0.033340
2026-01-01T10:45:00+00:00,0.026870
2026-01-01T11:00:00+00:00,0.059960
2026-01-01T11:15:00+00:00,0.049810
2026-01-01T11:30:00+00:00,0.049530
2026-01-01T11:45:00+00:00,0.046070
2026-01-01T12:00:00+00:00,0.044750
2026-01-01T12:15:00+00:00,0.045500
2026-01-01T12:30:00+00:00,0.041600
2026-01-01T12:45:00+00:00,0.042030
2026-01-01T13:00:00+00:00,0.030100
2026-01-01T13:15:00+00:00,0.037700
2026-01-01T13:30:00+00:00,0.037700
2026-01-01T13:45:00+00:00,0.045720
2026-01-01T14:00:00+00:00,0.041160
2026-01-01T14:15:00+00:00,0.051040
2026-01-01T14:30:00+00:00,0.061880
2026-01-01T14:45:00+00:00,0.065130
2026-01-01T15:00:00+00:00,0.063070
2026-01-01T15:15:00+00:00,0.066940
2026-01-01T15:30:00+00:00,0.066940
2026-01-01T15:45:00+00:00,0.082120
2026-01-01T16:00:00+00:00,0.069900
2026-01-01T16:15:00+00:00,0.084400
2026-01-01T16:30:00+00:00,0.091250
2026-01-01T16:45:00+00:00,0.096840
2026-01-01T17:00:00+00:00,0.080000
2026-01-01T17:15:00+00:00,0.080110
2026-01-01T17:30:00+00:00,0.072460
2026-01-01T17:45:00+00:00,0.079270
2026-01-01T18:00:00+00:00,0.077000
2026-01-01T18:15:00+00:00,0.079170
2026-01-01T18:30:00+00:00,0.069270
2026-01-01T18:45:00+00:00,0.069760
2026-01-01T19:00:00+00:00,0.068780
2026-01-01T19:15:00+00:00,0.068450
2026-01-01T19:30:00+00:00,0.068350
2026-01-01T19:45:00+00:00,0.064710
2026-01-01T20:00:00+00:00,0.064130
2026-01-01T20:15:00+00:00,0.062330
2026-01-01T20:30:00+00:00,0.061830
2026-01-01T20:45:00+00:00,0.056510
2026-01-01T21:00:00+00:00,0.055100
2026-01-01T21:15:00+00:00,0.057630
2026-01-01T21:30:00+00:00,0.068990
2026-01-01T21:45:00+00:00,0.065500
2026-01-01T22:00:00+00:00,0.052180
2026-01-01T22:15:00+00:00,0.050450
2026-01-01T22:30:00+00:00,0.045170
2026-01-01T22:45:00+00:00,0.043350
2026-01-01T23:00:00+00:00,0.030460
2026-01-01T23:15:00+00:00,0.039950
2026-01-01T23:30:00+00:00,0.027000
2026-01-01T23:45:00+00:00,0.014990
2026-01-02T00:00:00+00:00,0.025300
2026-01-02T00:15:00+00:00,0.018220
2026-01-02T00:30:00+00:00,0.013040
2026-01-02T00:45:00+00:00,0.009940
2026-01-02T01:00:00+00:00,0.020000
2026-01-02T01:15:00+00:00,0.015570
2026-01-02T01:30:00+00:00,0.014420
2026-01-02T01:45:00+00:00,0.009990
2026-01-02T02:00:00+00:00,0.009990
2026-01-02T02:15:00+00:00,0.007750
2026-01-02T02:30:00+00:00,0.009930
2026-01-02T02:45:00+00:00,0.007600
2026-01-02T03:00:00+00:00,0.009420
2026-01-02T03:15:00+00:00,0.009420
2026-01-02T03:30:00+00:00,0.010000
2026-01-02T03:45:00+00:00,0.011170
2026-01-02T04:00:00+00:00,0.009820
2026-01-02T04:15:00+00:00,0.014000
2026-01-02T04:30:00+00:00,0.015570
2026-01-02T04:45:00+00:00,0.022830
2026-01-02T05:00:00+00:00,0.012410
2026-01-02T05:15:00+00:00,0.026460
2026-01-02T05:30:00+00:00,0.037220
2026-01-02T05:45:00+00:00,0.043290
2026-01-02T06:00:00+00:00,0.036120
2026-01-02T06:15:00+00:00,0.047670
2026-01-02T06:30:00+00:00,0.059990
2026-01-02T06:45:00+00:00,0.071040
2026-01-02T07:00:00+00:00,0.070690
2026-01-02T07:15:00+00:00,0.073080
2026-01-02T07:30:00+00:00,0.074520
2026-01-02T07:45:00+00:00,0.089970
2026-01-02T08:00:00+00:00,0.103640
2026-01-02T08:15:00+00:00,0.100000
2026-01-02T08:30:00+00:00,0.084920
2026-01-02T08:45:00+00:00,0.079440
2026-01-02T09:00:00+00:00,0.069210
2026-01-02T09:15:00+00:00,0.072840
2026-01-02T09:30:00+00:00,0.072750
2026-01-02T09:45:00+00:00,0.069210
2026-01-02T10:00:00+00:00,0.068000
2026-01-02T10:15:00+00:00,0.067610
2026-01-02T10:30:00+00:00,0.067260
2026-01-02T10:45:00+00:00,0.065970
2026-01-02T11:00:00+00:00,0.054820
2026-01-02T11:15:00+00:00,0.057500
2026-01-02T11:30:00+00:00,0.060000
2026-01-02T11:45:00+00:00,0.059690
2026-01-02T12:00:00+00:00,0.071160
2026-01-02T12:15:00+00:00,0.066680
2026-01-02T12:30:00+00:00,0.065770
2026-01-02T12:45:00+00:00,0.070530
2026-01-02T13:00:00+00:00,0.068860
2026-01-02T13:15:00+00:00,0.071860
2026-01-02T13:30:00+00:00,0.071690
2026-01-02T13:45:00+00:00,0.075820
2026-01-02T14:00:00+00:00,0.074290
2026-01-02T14:15:00+00:00,0.080170
2026-01-02T14:30:00+00:00,0.082820
2026-01-02T14:45:00+00:00,0.084810
2026-01-02T15:00:00+00:00,0.079200
2026-01-02T15:15:00+00:00,0.086960
2026-01-02T15:30:00+00:00,0.088270
2026-01-02T15:45:00+00:00,0.089880
2026-01-02T16:00:00+00:00,0.095100
2026-01-02T16:15:00+00:00,0.107550
2026-01-02T16:30:00+00:00,0.109710
2026-01-02T16:45:00+00:00,0.119980
2026-01-02T17:00:00+00:00,0.108680
2026-01-02T17:15:00+00:00,0.109250
2026-01-02T17:30:00+00:00,0.112640
2026-01-02T17:45:00+00:00,0.113840
2026-01-02T18:00:00+00:00,0.107780
2026-01-02T18:15:00+00:00,0.106820
2026-01-02T18:30:00+00:00,0.102970
2026-01-02T18:45:00+00:00,0.098830
2026-01-02T19:00:00+00:00,0.096710
2026-01-02T19:15:00+00:00,0.091430
2026-01-02T19:30:00+00:00,0.088360
2026-01-02T19:45:00+00:00,0.086320
2026-01-02T20:00:00+00:00,0.086650
2026-01-02T20:15:00+00:00,0.085520
2026-01-02T20:30:00+00:00,0.085100
2026-01-02T20:45:00+00:00,0.081340
2026-01-02T21:00:00+00:00,0.088230
2026-01-02T21:15:00+00:00,0.084970
2026-01-02T21:30:00+00:00,0.086820
2026-01-02T21:45:00+00:00,0.084460
2026-01-02T22:00:00+00:00,0.083800
2026-01-02T22:15:00+00:00,0.083010
2026-01-02T22:30:00+00:00,0.081650
2026-01-02T22:45:00+00:00,0.078970
2026-01-02T23:00:00+00:00,0.084340
2026-01-02T23:15:00+00:00,0.082790
2026-01-02T23:30:00+00:00,0.079370
2026-01-02T23:45:00+00:00,0.077100
2026-01-03T00:00:00+00:00,0.080900
2026-01-03T00:15:00+00:00,0.077990
2026-01-03T00:30:00+00:00,0.077600
2026-01-03T00:45:00+00:00,0.077040
2026-01-03T01:00:00+00:00,0.078150
2026-01-03T01:15:00+00:00,0.076530
2026-01-03T01:30:00+00:00,0.075360
2026-01-03T01:45:00+00:00,0.073840
2026-01-03T02:00:00+00:00,0.076710
2026-01-03T02:15:00+00:00,0.075380
2026-01-03T02:30:00+00:00,0.074200
2026-01-03T02:45:00+00:00,0.073720
2026-01-03T03:00:00+00:00,0.073420
2026-01-03T03:15:00+00:00,0.073090
2026-01-03T03:30:00+00:00,0.073200
2026-01-03T03:45:00+00:00,0.073070
2026-01-03T04:00:00+00:00,0.073990
2026-01-03T04:15:00+00:00,0.073890
2026-01-03T04:30:00+00:00,0.075300
2026-01-03T04:45:00+00:00,0.076970
2026-01-03T05:00:00+00:00,0.072730
2026-01-03T05:15:00+00:00,0.074610
2026-01-03T05:30:00+00:00,0.077160
2026-01-03T05:45:00+00:00,0.079790
2026-01-03T06:00:00+00:00,0.078560
2026-01-03T06:15:00+00:00,0.077030
2026-01-03T06:30:00+00:00,0.079730
2026-01-03T06:45:00+00:00,0.082180
2026-01-03T07:00:00+00:00,0.087850
2026-01-03T07:15:00+00:00,0.090350
2026-01-03T07:30:00+00:00,0.091910
2026-01-03T07:45:00+00:00,0.092650
2026-01-03T08:00:00+00:00,0.095350
2026-01-03T08:15:00+00:00,0.095630
2026-01-03T08:30:00+00:00,0.094340
2026-01-03T08:45:00+00:00,0.091040
2026-01-03T09:00:00+00:00,0.098940
2026-01-03T09:15:00+00:00,0.095000
2026-01-03T09:30:00+00:00,0.091450
2026-01-03T09:45:00+00:00,0.087850
2026-01-03T10:00:00+00:00,0.091950
2026-01-03T10:15:00+00:00,0.089000
2026-01-03T10:30:00+00:00,0.087850
2026-01-03T10:45:00+00:00,0.086030
2026-01-03T11:00:00+00:00,0.087850
2026-01-03T11:15:00+00:00,0.087060
2026-01-03T11:30:00+00:00,0.087160
2026-01-03T11:45:00+00:00,0.087580
2026-01-03T12:00:00+00:00,0.085850
2026-01-03T12:15:00+00:00,0.085550
2026-01-03T12:30:00+00:00,0.086030
2026-01-03T12:45:00+00:00,0.088990
2026-01-03T13:00:00+00:00,0.085110
2026-01-03T13:15:00+00:00,0.088150
2026-01-03T13:30:00+00:00,0.090700
2026-01-03T13:45:00+00:00,0.094770
2026-01-03T14:00:00+00:00,0.090000
2026-01-03T14:15:00+00:00,0.094000
2026-01-03T14:30:00+00:00,0.096500
2026-01-03T14:45:00+00:00,0.097330
2026-01-03T15:00:00+00:00,0.094160
2026-01-03T15:15:00+00:00,0.098490
2026-01-03T15:30:00+00:00,0.100320
2026-01-03T15:45:00+00:00,0.104200
2026-01-03T16:00:00+00:00,0.105350
2026-01-03T16:15:00+00:00,0.109980
2026-01-03T16:30:00+00:00,0.111010
2026-01-03T16:45:00+00:00,0.111910
2026-01-03T17:00:00+00:00,0.112720
2026-01-03T17:15:00+00:00,0.110910
2026-01-03T17:30:00+00:00,0.109670
2026-01-03T17:45:00+00:00,0.109410
2026-01-03T18:00:00+00:00,0.110960
2026-01-03T18:15:00+00:00,0.105340
2026-01-03T18:30:00+00:00,0.101950
2026-01-03T18:45:00+00:00,0.098670
2026-01-03T19:00:00+00:00,0.098120
2026-01-03T19:15:00+00:00,0.098020
2026-01-03T19:30:00+00:00,0.096980
2026-01-03T19:45:00+00:00,0.093590
2026-01-03T20:00:00+00:00,0.094330
2026-01-03T20:15:00+00:00,0.091180
2026-01-03T20:30:00+00:00,0.090630
2026-01-03T20:45:00+00:00,0.085460
2026-01-03T21:00:00+00:00,0.093590
2026-01-03T21:15:00+00:00,0.090300
2026-01-03T21:30:00+00:00,0.090830
2026-01-03T21:45:00+00:00,0.086990
2026-01-03T22:00:00+00:00,0.091440
2026-01-03T22:15:00+00:00,0.086480
2026-01-03T22:30:00+00:00,0.084800
2026-01-03T22:45:00+00:00,0.081340
2026-01-03T23:00:00+00:00,0.094010
2026-01-03T23:15:00+00:00,0.089420
2026-01-03T23:30:00+00:00,0.087780
2026-01-03T23:45:00+00:00,0.084080
2026-01-04T00:00:00+00:00,0.087720
2026-01-04T00:15:00+00:00,0.085430
2026-01-04T00:30:00+00:00,0.084240
2026-01-04T00:45:00+00:00,0.083930
2026-01-04T01:00:00+00:00,0.087130
2026-01-04T01:15:00+00:00,0.084850
2026-01-04T01:30:00+00:00,0.084180
2026-01-04T01:45:00+00:00,0.084010
2026-01-04T02:00:00+00:00,0.084630
2026-01-04T02:15:00+00:00,0.083870
2026-01-04T02:30:00+00:00,0.083430
2026-01-04T02:45:00+00:00,0.083050
2026-01-04T03:00:00+00:00,0.082600
2026-01-04T03:15:00+00:00,0.082190
2026-01-04T03:30:00+00:00,0.082410
2026-01-04T03:45:00+00:00,0.083030
2026-01-04T04:00:00+00:00,0.082510
2026-01-04T04:15:00+00:00,0.083180
2026-01-04T04:30:00+00:00,0.084010
2026-01-04T04:45:00+00:00,0.083930
2026-01-04T05:00:00+00:00,0.082710
2026-01-04T05:15:00+00:00,0.084000
2026-01-04T05:30:00+00:00,0.083700
2026-01-04T05:45:00+00:00,0.084790
2026-01-04T06:00:00+00:00,0.084490
2026-01-04T06:15:00+00:00,0.084500
2026-01-04T06:30:00+00:00,0.086900
2026-01-04T06:45:00+00:00,0.090100
2026-01-04T07:00:00+00:00,0.086530
2026-01-04T07:15:00+00:00,0.087560
2026-01-04T07:30:00+00:00,0.088850
2026-01-04T07:45:00+00:00,0.089590
2026-01-04T08:00:00+00:00,0.094020
2026-01-04T08:15:00+00:00,0.096000
2026-01-04T08:30:00+00:00,0.095990
2026-01-04T08:45:00+00:00,0.091190
2026-01-04T09:00:00+00:00,0.103940
2026-01-04T09:15:00+00:00,0.097190
2026-01-04T09:30:00+00:00,0.090920
2026-01-04T09:45:00+00:00,0.086970
2026-01-04T10:00:00+00:00,0.093850
2026-01-04T10:15:00+00:00,0.089990
2026-01-04T10:30:00+00:00,0.089960
2026-01-04T10:45:00+00:00,0.089710
2026-01-04T11:00:00+00:00,0.091300
2026-01-04T11:15:00+00:00,0.089700
2026-01-04T11:30:00+00:00,0.089940
2026-01-04T11:45:00+00:00,0.087230
2026-01-04T12:00:00+00:00,0.086200
2026-01-04T12:15:00+00:00,0.085270
2026-01-04T12:30:00+00:00,0.086190
2026-01-04T12:45:00+00:00,0.089450
2026-01-04T13:00:00+00:00,0.083500
2026-01-04T13:15:00+00:00,0.089510
2026-01-04T13:30:00+00:00,0.093380
2026-01-04T13:45:00+00:00,0.100910
2026-01-04T14:00:00+00:00,0.083520
2026-01-04T14:15:00+00:00,0.090620
2026-01-04T14:30:00+00:00,0.095070
2026-01-04T14:45:00+00:00,0.102470
2026-01-04T15:00:00+00:00,0.085440
2026-01-04T15:15:00+00:00,0.097580
2026-01-04T15:30:00+00:00,0.102260
2026-01-04T15:45:00+00:00,0.111630
2026-01-04T16:00:00+00:00,0.113990
2026-01-04T16:15:00+00:00,0.119020
2026-01-04T16:30:00+00:00,0.117500
2026-01-04T16:45:00+00:00,0.123190
2026-01-04T17:00:00+00:00,0.121000
2026-01-04T17:15:00+00:00,0.120930
2026-01-04T17:30:00+00:00,0.119490
2026-01-04T17:45:00+00:00,0.123300
2026-01-04T18:00:00+00:00,0.123500
2026-01-04T18:15:00+00:00,0.120920
2026-01-04T18:30:00+00:00,0.119380
2026-01-04T18:45:00+00:00,0.115060
2026-01-04T19:00:00+00:00,0.121300
2026-01-04T19:15:00+00:00,0.115330
2026-01-04T19:30:00+00:00,0.110000
2026-01-04T19:45:00+00:00,0.103170
2026-01-04T20:00:00+00:00,0.106870
2026-01-04T20:15:00+00:00,0.101700
2026-01-04T20:30:00+00:00,0.097550
2026-01-04T20:45:00+00:00,0.092630
2026-01-04T21:00:00+00:00,0.097650
2026-01-04T21:15:00+00:00,0.096280
2026-01-04T21:30:00+00:00,0.097830
2026-01-04T21:45:00+00:00,0.090680
2026-01-04T22:00:00+00:00,0.097610
2026-01-04T22:15:00+00:00,0.089730
2026-01-04T22:30:00+00:00,0.086330
2026-01-04T22:45:00+00:00,0.083170
2026-01-04T23:00:00+00:00,0.107810
2026-01-04T23:15:00+00:00,0.091480
2026-01-04T23:30:00+00:00,0.087940
2026-01-04T23:45:00+00:00,0.082580
2026-01-05T00:00:00+00:00,0.092960
2026-01-05T00:15:00+00:00,0.090000
2026-01-05T00:30:00+00:00,0.086740
2026-01-05T00:45:00+00:00,0.085690
2026-01-05T01:00:00+00:00,0.087210
2026-01-05T01:15:00+00:00,0.086610
2026-01-05T01:30:00+00:00,0.086930
2026-01-05T01:45:00+00:00,0.085280
2026-01-05T02:00:00+00:00,0.086360
2026-01-05T02:15:00+00:00,0.085970
2026-01-05T02:30:00+00:00,0.085740
2026-01-05T02:45:00+00:00,0.087180
2026-01-05T03:00:00+00:00,0.086250
2026-01-05T03:15:00+00:00,0.086730
2026-01-05T03:30:00+00:00,0.087010
2026-01-05T03:45:00+00:00,0.089990
2026-01-05T04:00:00+00:00,0.087460
2026-01-05T04:15:00+00:00,0.088350
2026-01-05T04:30:00+00:00,0.089110
2026-01-05T04:45:00+00:00,0.098510
2026-01-05T05:00:00+00:00,0.087380
2026-01-05T05:15:00+00:00,0.104900
2026-01-05T05:30:00+00:00,0.118710
2026-01-05T05:45:00+00:00,0.125100
2026-01-05T06:00:00+00:00,0.114460
2026-01-05T06:15:00+00:00,0.120920
2026-01-05T06:30:00+00:00,0.132960
2026-01-05T06:45:00+00:00,0.148910
2026-01-05T07:00:00+00:00,0.145350
2026-01-05T07:15:00+00:00,0.156490
2026-01-05T07:30:00+00:00,0.148970
2026-01-05T07:45:00+00:00,0.153890
2026-01-05T08:00:00+00:00,0.162990
2026-01-05T08:15:00+00:00,0.161490
2026-01-05T08:30:00+00:00,0.147220
2026-01-05T08:45:00+00:00,0.136900
2026-01-05T09:00:00+00:00,0.162460
2026-01-05T09:15:00+00:00,0.143360
2026-01-05T09:30:00+00:00,0.138940
2026-01-05T09:45:00+00:00,0.132440
2026-01-05T10:00:00+00:00,0.138050
2026-01-05T10:15:00+00:00,0.135470
2026-01-05T10:30:00+00:00,0.134730
2026-01-05T10:45:00+00:00,0.132530
2026-01-05T11:00:00+00:00,0.133130
2026-01-05T11:15:00+00:00,0.131580
2026-01-05T11:30:00+00:00,0.132300
2026-01-05T11:45:00+00:00,0.133170
2026-01-05T12:00:00+00:00,0.130230
2026-01-05T12:15:00+00:00,0.129210
2026-01-05T12:30:00+00:00,0.132230
2026-01-05T12:45:00+00:00,0.134970
2026-01-05T13:00:00+00:00,0.125770
2026-01-05T13:15:00+00:00,0.128670
2026-01-05T13:30:00+00:00,0.136670
2026-01-05T13:45:00+00:00,0.155310
2026-01-05T14:00:00+00:00,0.132890
2026-01-05T14:15:00+00:00,0.140500
2026-01-05T14:30:00+00:00,0.160380
2026-01-05T14:45:00+00:00,0.154300
2026-01-05T15:00:00+00:00,0.158450
2026-01-05T15:15:00+00:00,0.162390
2026-01-05T15:30:00+00:00,0.185960
2026-01-05T15:45:00+00:00,0.197200
2026-01-05T16:00:00+00:00,0.188820
2026-01-05T16:15:00+00:00,0.208000
2026-01-05T16:30:00+00:00,0.244390
2026-01-05T16:45:00+00:00,0.243180
2026-01-05T17:00:00+00:00,0.219440
2026-01-05T17:15:00+00:00,0.216520
2026-01-05T17:30:00+00:00,0.217380
2026-01-05T17:45:00+00:00,0.201000
2026-01-05T18:00:00+00:00,0.222120
2026-01-05T18:15:00+00:00,0.208970
2026-01-05T18:30:00+00:00,0.162000
2026-01-05T18:45:00+00:00,0.138110
2026-01-05T19:00:00+00:00,0.171300
2026-01-05T19:15:00+00:00,0.146730
2026-01-05T19:30:00+00:00,0.138090
2026-01-05T19:45:00+00:00,0.132010
2026-01-05T20:00:00+00:00,0.137820
2026-01-05T20:15:00+00:00,0.135050
2026-01-05T20:30:00+00:00,0.125760
2026-01-05T20:45:00+00:00,0.117780
2026-01-05T21:00:00+00:00,0.128710
2026-01-05T21:15:00+00:00,0.122480
2026-01-05T21:30:00+00:00,0.124170
2026-01-05T21:45:00+00:00,0.120040
2026-01-05T22:00:00+00:00,0.119510
2026-01-05T22:15:00+00:00,0.112410
2026-01-05T22:30:00+00:00,0.107260
2026-01-05T22:45:00+00:00,0.106020
2026-01-05T23:00:00+00:00,0.114770
2026-01-05T23:15:00+00:00,0.107380
2026-01-05T23:30:00+00:00,0.100900
2026-01-05T23:45:00+00:00,0.095730
2026-01-06T00:00:00+00:00,0.110000
2026-01-06T00:15:00+00:00,0.106420
2026-01-06T00:30:00+00:00,0.102270
2026-01-06T00:45:00+00:00,0.099710
2026-01-06T01:00:00+00:00,0.104370
2026-01-06T01:15:00+00:00,0.100840
2026-01-06T01:30:00+00:00,0.100860
2026-01-06T01:45:00+00:00,0.100110
2026-01-06T02:00:00+00:00,0.101030
2026-01-06T02:15:00+00:00,0.100050
2026-01-06T02:30:00+00:00,0.100010
2026-01-06T02:45:00+00:00,0.099260
2026-01-06T03:00:00+00:00,0.099110
2026-01-06T03:15:00+00:00,0.099880
2026-01-06T03:30:00+00:00,0.104010
2026-01-06T03:45:00+00:00,0.106810
2026-01-06T04:00:00+00:00,0.100390
2026-01-06T04:15:00+00:00,0.102330
2026-01-06T04:30:00+00:00,0.110780
2026-01-06T04:45:00+00:00,0.114500
2026-01-06T05:00:00+00:00,0.112070
2026-01-06T05:15:00+00:00,0.117750
2026-01-06T05:30:00+00:00,0.121420
2026-01-06T05:45:00+00:00,0.133910
2026-01-06T06:00:00+00:00,0.121670
2026-01-06T06:15:00+00:00,0.137900
2026-01-06T06:30:00+00:00,0.147430
2026-01-06T06:45:00+00:00,0.146990
2026-01-06T07:00:00+00:00,0.153510
2026-01-06T07:15:00+00:00,0.168720
2026-01-06T07:30:00+00:00,0.170950
2026-01-06T07:45:00+00:00,0.163560
2026-01-06T08:00:00+00:00,0.189910
2026-01-06T08:15:00+00:00,0.169970
2026-01-06T08:30:00+00:00,0.166340
2026-01-06T08:45:00+00:00,0.149060
2026-01-06T09:00:00+00:00,0.176850
2026-01-06T09:15:00+00:00,0.150100
2026-01-06T09:30:00+00:00,0.150020
2026-01-06T09:45:00+00:00,0.142400
2026-01-06T10:00:00+00:00,0.161630
2026-01-06T10:15:00+00:00,0.148460
2026-01-06T10:30:00+00:00,0.142970
2026-01-06T10:45:00+00:00,0.136000
2026-01-06T11:00:00+00:00,0.140920
2026-01-06T11:15:00+00:00,0.135030
2026-01-06T11:30:00+00:00,0.131860
2026-01-06T11:45:00+00:00,0.127550
2026-01-06T12:00:00+00:00,0.133420
2026-01-06T12:15:00+00:00,0.128800
2026-01-06T12:30:00+00:00,0.120100
2026-01-06T12:45:00+00:00,0.120580
2026-01-06T13:00:00+00:00,0.119440
2026-01-06T13:15:00+00:00,0.125600
2026-01-06T13:30:00+00:00,0.123330
2026-01-06T13:45:00+00:00,0.132910
2026-01-06T14:00:00+00:00,0.123200
2026-01-06T14:15:00+00:00,0.130900
2026-01-06T14:30:00+00:00,0.134490
2026-01-06T14:45:00+00:00,0.146600
2026-01-06T15:00:00+00:00,0.128610
2026-01-06T15:15:00+00:00,0.142640
2026-01-06T15:30:00+00:00,0.148000
2026-01-06T15:45:00+00:00,0.160620
2026-01-06T16:00:00+00:00,0.142170
2026-01-06T16:15:00+00:00,0.147100
2026-01-06T16:30:00+00:00,0.162000
2026-01-06T16:45:00+00:00,0.160700
2026-01-06T17:00:00+00:00,0.159940
2026-01-06T17:15:00+00:00,0.150290
2026-01-06T17:30:00+00:00,0.146850
2026-01-06T17:45:00+00:00,0.135990
2026-01-06T18:00:00+00:00,0.154980
2026-01-06T18:15:00+00:00,0.139880
2026-01-06T18:30:00+00:00,0.133880
2026-01-06T18:45:00+00:00,0.127730
2026-01-06T19:00:00+00:00,0.133990
2026-01-06T19:15:00+00:00,0.123810
2026-01-06T19:30:00+00:00,0.117810
2026-01-06T19:45:00+00:00,0.110780
2026-01-06T20:00:00+00:00,0.106570
2026-01-06T20:15:00+00:00,0.098400
2026-01-06T20:30:00+00:00,0.073840
2026-01-06T20:45:00+00:00,0.068430
2026-01-06T21:00:00+00:00,0.105100
2026-01-06T21:15:00+00:00,0.095500
2026-01-06T21:30:00+00:00,0.080730
2026-01-06T21:45:00+00:00,0.067430
2026-01-06T22:00:00+00:00,0.085950
2026-01-06T22:15:00+00:00,0.072910
2026-01-06T22:30:00+00:00,0.071320
2026-01-06T22:45:00+00:00,0.078970
2026-01-06T23:00:00+00:00,0.088740
2026-01-06T23:15:00+00:00,0.095270
2026-01-06T23:30:00+00:00,0.085790
2026-01-06T23:45:00+00:00,0.082890
2026-01-07T00:00:00+00:00,0.085990
2026-01-07T00:15:00+00:00,0.084350
2026-01-07T00:30:00+00:00,0.081040
2026-01-07T00:45:00+00:00,0.079780
2026-01-07T01:00:00+00:00,0.081460
2026-01-07T01:15:00+00:00,0.079520
2026-01-07T01:30:00+00:00,0.080270
2026-01-07T01:45:00+00:00,0.077100
2026-01-07T02:00:00+00:00,0.079870
2026-01-07T02:15:00+00:00,0.078790
2026-01-07T02:30:00+00:00,0.078700
2026-01-07T02:45:00+00:00,0.078710
2026-01-07T03:00:00+00:00,0.077690
2026-01-07T03:15:00+00:00,0.077550
2026-01-07T03:30:00+00:00,0.077560
2026-01-07T03:45:00+00:00,0.077710
2026-01-07T04:00:00+00:00,0.078840
2026-01-07T04:15:00+00:00,0.078280
2026-01-07T04:30:00+00:00,0.079470
2026-01-07T04:45:00+00:00,0.077710
2026-01-07T05:00:00+00:00,0.086180
2026-01-07T05:15:00+00:00,0.089870
2026-01-07T05:30:00+00:00,0.092200
2026-01-07T05:45:00+00:00,0.089920
2026-01-07T06:00:00+00:00,0.093950
2026-01-07T06:15:00+00:00,0.092100
2026-01-07T06:30:00+00:00,0.094430
2026-01-07T06:45:00+00:00,0.097350
2026-01-07T07:00:00+00:00,0.097700
2026-01-07T07:15:00+00:00,0.101000
2026-01-07T07:30:00+00:00,0.112340
2026-01-07T07:45:00+00:00,0.108040
2026-01-07T08:00:00+00:00,0.114640
2026-01-07T08:15:00+00:00,0.114470
2026-01-07T08:30:00+00:00,0.114040
2026-01-07T08:45:00+00:00,0.101780
2026-01-07T09:00:00+00:00,0.115910
2026-01-07T09:15:00+00:00,0.108450
2026-01-07T09:30:00+00:00,0.105190
2026-01-07T09:45:00+00:00,0.101240
2026-01-07T10:00:00+00:00,0.101450
2026-01-07T10:15:00+00:00,0.098810
2026-01-07T10:30:00+00:00,0.097490
2026-01-07T10:45:00+00:00,0.098940
2026-01-07T11:00:00+00:00,0.097970
2026-01-07T11:15:00+00:00,0.095080
2026-01-07T11:30:00+00:00,0.095350
2026-01-07T11:45:00+00:00,0.093110
2026-01-07T12:00:00+00:00,0.096700
2026-01-07T12:15:00+00:00,0.092060
2026-01-07T12:30:00+00:00,0.088090
2026-01-07T12:45:00+00:00,0.089500
2026-01-07T13:00:00+00:00,0.090250
2026-01-07T13:15:00+00:00,0.093350
2026-01-07T13:30:00+00:00,0.092580
2026-01-07T13:45:00+00:00,0.099960
2026-01-07T14:00:00+00:00,0.094410
2026-01-07T14:15:00+00:00,0.101410
2026-01-07T14:30:00+00:00,0.104360
2026-01-07T14:45:00+00:00,0.101400
2026-01-07T15:00:00+00:00,0.103380
2026-01-07T15:15:00+00:00,0.108300
2026-01-07T15:30:00+00:00,0.113800
2026-01-07T15:45:00+00:00,0.121440
2026-01-07T16:00:00+00:00,0.117200
2026-01-07T16:15:00+00:00,0.120780
2026-01-07T16:30:00+00:00,0.128230
2026-01-07T16:45:00+00:00,0.130810
2026-01-07T17:00:00+00:00,0.122010
2026-01-07T17:15:00+00:00,0.123300
2026-01-07T17:30:00+00:00,0.109100
2026-01-07T17:45:00+00:00,0.091410
2026-01-07T18:00:00+00:00,0.108390
2026-01-07T18:15:00+00:00,0.095480
2026-01-07T18:30:00+00:00,0.089900
2026-01-07T18:45:00+00:00,0.093630
2026-01-07T19:00:00+00:00,0.087000
2026-01-07T19:15:00+00:00,0.095420
2026-01-07T19:30:00+00:00,0.090280
2026-01-07T19:45:00+00:00,0.089780
2026-01-07T20:00:00+00:00,0.099300
2026-01-07T20:15:00+00:00,0.095290
2026-01-07T20:30:00+00:00,0.090100
2026-01-07T20:45:00+00:00,0.086310
2026-01-07T21:00:00+00:00,0.089810
2026-01-07T21:15:00+00:00,0.095130
2026-01-07T21:30:00+00:00,0.091110
2026-01-07T21:45:00+00:00,0.087870
2026-01-07T22:00:00+00:00,0.090100
2026-01-07T22:15:00+00:00,0.088560
2026-01-07T22:30:00+00:00,0.086550
2026-01-07T22:45:00+00:00,0.084100
2026-01-07T23:00:00+00:00,0.086160
2026-01-07T23:15:00+00:00,0.085010
2026-01-07T23:30:00+00:00,0.082050
2026-01-07T23:45:00+00:00,0.080800
2026-01-08T00:00:00+00:00,0.083890
2026-01-08T00:15:00+00:00,0.081370
2026-01-08T00:30:00+00:00,0.082800
2026-01-08T00:45:00+00:00,0.081460
2026-01-08T01:00:00+00:00,0.084700
2026-01-08T01:15:00+00:00,0.084940
2026-01-08T01:30:00+00:00,0.083590
2026-01-08T01:45:00+00:00,0.084860
2026-01-08T02:00:00+00:00,0.082640
2026-01-08T02:15:00+00:00,0.083010
2026-01-08T02:30:00+00:00,0.081760
2026-01-08T02:45:00+00:00,0.082480
2026-01-08T03:00:00+00:00,0.081040
2026-01-08T03:15:00+00:00,0.085000
2026-01-08T03:30:00+00:00,0.087300
2026-01-08T03:45:00+00:00,0.086890
2026-01-08T04:00:00+00:00,0.085260
2026-01-08T04:15:00+00:00,0.086430
2026-01-08T04:30:00+00:00,0.087830
2026-01-08T04:45:00+00:00,0.089110
2026-01-08T05:00:00+00:00,0.085370
2026-01-08T05:15:00+00:00,0.087080
2026-01-08T05:30:00+00:00,0.102800
2026-01-08T05:45:00+00:00,0.111510
2026-01-08T06:00:00+00:00,0.102360
2026-01-08T06:15:00+00:00,0.107790
2026-01-08T06:30:00+00:00,0.129480
2026-01-08T06:45:00+00:00,0.159130
2026-01-08T07:00:00+00:00,0.167590
2026-01-08T07:15:00+00:00,0.165480
2026-01-08T07:30:00+00:00,0.167270
2026-01-08T07:45:00+00:00,0.170920
2026-01-08T08:00:00+00:00,0.180190
2026-01-08T08:15:00+00:00,0.192770
2026-01-08T08:30:00+00:00,0.211210
2026-01-08T08:45:00+00:00,0.183440
2026-01-08T09:00:00+00:00,0.204010
2026-01-08T09:15:00+00:00,0.219640
2026-01-08T09:30:00+00:00,0.200280
2026-01-08T09:45:00+00:00,0.198670
2026-01-08T10:00:00+00:00,0.218400
2026-01-08T10:15:00+00:00,0.200200
2026-01-08T10:30:00+00:00,0.207290
2026-01-08T10:45:00+00:00,0.205310
2026-01-08T11:00:00+00:00,0.210140
2026-01-08T11:15:00+00:00,0.210290
2026-01-08T11:30:00+00:00,0.211310
2026-01-08T11:45:00+00:00,0.226000
2026-01-08T12:00:00+00:00,0.208200
2026-01-08T12:15:00+00:00,0.226070
2026-01-08T12:30:00+00:00,0.231130
2026-01-08T12:45:00+00:00,0.234600
2026-01-08T13:00:00+00:00,0.217170
2026-01-08T13:15:00+00:00,0.248350
2026-01-08T13:30:00+00:00,0.273130
2026-01-08T13:45:00+00:00,0.257380
2026-01-08T14:00:00+00:00,0.237030
2026-01-08T14:15:00+00:00,0.252280
2026-01-08T14:30:00+00:00,0.247470
2026-01-08T14:45:00+00:00,0.252640
2026-01-08T15:00:00+00:00,0.215850
2026-01-08T15:15:00+00:00,0.231100
2026-01-08T15:30:00+00:00,0.260010
2026-01-08T15:45:00+00:00,0.286080
2026-01-08T16:00:00+00:00,0.243880
2026-01-08T16:15:00+00:00,0.250040
2026-01-08T16:30:00+00:00,0.216580
2026-01-08T16:45:00+00:00,0.189500
2026-01-08T17:00:00+00:00,0.262590
2026-01-08T17:15:00+00:00,0.195580
2026-01-08T17:30:00+00:00,0.176290
2026-01-08T17:45:00+00:00,0.142000
2026-01-08T18:00:00+00:00,0.171240
2026-01-08T18:15:00+00:00,0.163370
2026-01-08T18:30:00+00:00,0.114170
2026-01-08T18:45:00+00:00,0.094080
2026-01-08T19:00:00+00:00,0.127390
2026-01-08T19:15:00+00:00,0.100410
2026-01-08T19:30:00+00:00,0.086020
2026-01-08T19:45:00+00:00,0.082760
2026-01-08T20:00:00+00:00,0.100310
2026-01-08T20:15:00+00:00,0.094360
2026-01-08T20:30:00+00:00,0.088010
2026-01-08T20:45:00+00:00,0.082510
2026-01-08T21:00:00+00:00,0.099810
2026-01-08T21:15:00+00:00,0.087890
2026-01-08T21:30:00+00:00,0.086150
2026-01-08T21:45:00+00:00,0.079620
2026-01-08T22:00:00+00:00,0.091510
2026-01-08T22:15:00+00:00,0.082400
2026-01-08T22:30:00+00:00,0.070600
2026-01-08T22:45:00+00:00,0.068550
2026-01-08T23:00:00+00:00,0.095490
2026-01-08T23:15:00+00:00,0.080230
2026-01-08T23:30:00+00:00,0.070010
2026-01-08T23:45:00+00:00,0.069780
2026-01-09T00:00:00+00:00,0.075480
2026-01-09T00:15:00+00:00,0.074150
2026-01-09T00:30:00+00:00,0.069980
2026-01-09T00:45:00+00:00,0.063060
2026-01-09T01:00:00+00:00,0.064190
2026-01-09T01:15:00+00:00,0.056100
2026-01-09T01:30:00+00:00,0.048850
2026-01-09T01:45:00+00:00,0.047080
2026-01-09T02:00:00+00:00,0.051580
2026-01-09T02:15:00+00:00,0.047210
2026-01-09T02:30:00+00:00,0.045360
2026-01-09T02:45:00+00:00,0.042160
2026-01-09T03:00:00+00:00,0.045810
2026-01-09T03:15:00+00:00,0.045810
2026-01-09T03:30:00+00:00,0.048220
2026-01-09T03:45:00+00:00,0.051540
2026-01-09T04:00:00+00:00,0.049910
2026-01-09T04:15:00+00:00,0.053430
2026-01-09T04:30:00+00:00,0.059400
2026-01-09T04:45:00+00:00,0.067910
2026-01-09T05:00:00+00:00,0.065330
2026-01-09T05:15:00+00:00,0.077960
2026-01-09T05:30:00+00:00,0.081030
2026-01-09T05:45:00+00:00,0.086560
2026-01-09T06:00:00+00:00,0.079490
2026-01-09T06:15:00+00:00,0.088080
2026-01-09T06:30:00+00:00,0.091150
2026-01-09T06:45:00+00:00,0.098040
2026-01-09T07:00:00+00:00,0.089480
2026-01-09T07:15:00+00:00,0.094310
2026-01-09T07:30:00+00:00,0.095620
2026-01-09T07:45:00+00:00,0.091070
2026-01-09T08:00:00+00:00,0.094340
2026-01-09T08:15:00+00:00,0.092260
2026-01-09T08:30:00+00:00,0.089720
2026-01-09T08:45:00+00:00,0.092800
2026-01-09T09:00:00+00:00,0.102000
2026-01-09T09:15:00+00:00,0.094980
2026-01-09T09:30:00+00:00,0.111850
2026-01-09T09:45:00+00:00,0.103400
2026-01-09T10:00:00+00:00,0.114200
2026-01-09T10:15:00+00:00,0.104630
2026-01-09T10:30:00+00:00,0.094700
2026-01-09T10:45:00+00:00,0.100100
2026-01-09T11:00:00+00:00,0.104240
2026-01-09T11:15:00+00:00,0.090230
2026-01-09T11:30:00+00:00,0.094400
2026-01-09T11:45:00+00:00,0.093500
2026-01-09T12:00:00+00:00,0.099000
2026-01-09T12:15:00+00:00,0.091630
2026-01-09T12:30:00+00:00,0.091630
2026-01-09T12:45:00+00:00,0.092780
2026-01-09T13:00:00+00:00,0.098020
2026-01-09T13:15:00+00:00,0.096890
2026-01-09T13:30:00+00:00,0.091370
2026-01-09T13:45:00+00:00,0.089870
2026-01-09T14:00:00+00:00,0.088450
2026-01-09T14:15:00+00:00,0.088500
2026-01-09T14:30:00+00:00,0.094110
2026-01-09T14:45:00+00:00,0.092780
2026-01-09T15:00:00+00:00,0.087270
2026-01-09T15:15:00+00:00,0.088560
2026-01-09T15:30:00+00:00,0.094100
2026-01-09T15:45:00+00:00,0.096370
2026-01-09T16:00:00+00:00,0.092780
2026-01-09T16:15:00+00:00,0.094030
2026-01-09T16:30:00+00:00,0.094110
2026-01-09T16:45:00+00:00,0.095080
2026-01-09T17:00:00+00:00,0.090100
2026-01-09T17:15:00+00:00,0.093870
2026-01-09T17:30:00+00:00,0.094120
2026-01-09T17:45:00+00:00,0.089420
2026-01-09T18:00:00+00:00,0.090190
2026-01-09T18:15:00+00:00,0.087190
2026-01-09T18:30:00+00:00,0.085840
2026-01-09T18:45:00+00:00,0.086870
2026-01-09T19:00:00+00:00,0.086900
2026-01-09T19:15:00+00:00,0.085550
2026-01-09T19:30:00+00:00,0.084890
2026-01-09T19:45:00+00:00,0.083460
2026-01-09T20:00:00+00:00,0.091450
2026-01-09T20:15:00+00:00,0.085670
2026-01-09T20:30:00+00:00,0.084590
2026-01-09T20:45:00+00:00,0.080690
2026-01-09T21:00:00+00:00,0.091670
2026-01-09T21:15:00+00:00,0.083590
2026-01-09T21:30:00+00:00,0.083420
2026-01-09T21:45:00+00:00,0.081320
2026-01-09T22:00:00+00:00,0.082800
2026-01-09T22:15:00+00:00,0.078340
2026-01-09T22:30:00+00:00,0.078980
2026-01-09T22:45:00+00:00,0.072790
2026-01-09T23:00:00+00:00,0.083690
2026-01-09T23:15:00+00:00,0.078280
2026-01-09T23:30:00+00:00,0.070080
2026-01-09T23:45:00+00:00,0.068610
2026-01-10T00:00:00+00:00,0.071700
2026-01-10T00:15:00+00:00,0.070550
2026-01-10T00:30:00+00:00,0.069400
2026-01-10T00:45:00+00:00,0.067710
2026-01-10T01:00:00+00:00,0.067690
2026-01-10T01:15:00+00:00,0.066110
2026-01-10T01:30:00+00:00,0.065630
2026-01-10T01:45:00+00:00,0.065520
2026-01-10T02:00:00+00:00,0.067120
2026-01-10T02:15:00+00:00,0.066380
2026-01-10T02:30:00+00:00,0.066940
2026-01-10T02:45:00+00:00,0.065700
2026-01-10T03:00:00+00:00,0.066720
2026-01-10T03:15:00+00:00,0.066410
2026-01-10T03:30:00+00:00,0.065990
2026-01-10T03:45:00+00:00,0.066930
2026-01-10T04:00:00+00:00,0.068230
2026-01-10T04:15:00+00:00,0.067400
2026-01-10T04:30:00+00:00,0.069470
2026-01-10T04:45:00+00:00,0.070810
2026-01-10T05:00:00+00:00,0.066540
2026-01-10T05:15:00+00:00,0.070300
2026-01-10T05:30:00+00:00,0.071400
2026-01-10T05:45:00+00:00,0.078280
2026-01-10T06:00:00+00:00,0.073370
2026-01-10T06:15:00+00:00,0.076800
2026-01-10T06:30:00+00:00,0.079470
2026-01-10T06:45:00+00:00,0.082360
2026-01-10T07:00:00+00:00,0.080840
2026-01-10T07:15:00+00:00,0.082890
2026-01-10T07:30:00+00:00,0.088460
2026-01-10T07:45:00+00:00,0.092020
2026-01-10T08:00:00+00:00,0.090470
2026-01-10T08:15:00+00:00,0.093040
2026-01-10T08:30:00+00:00,0.091740
2026-01-10T08:45:00+00:00,0.089120
2026-01-10T09:00:00+00:00,0.090280
2026-01-10T09:15:00+00:00,0.090040
2026-01-10T09:30:00+00:00,0.095790
2026-01-10T09:45:00+00:00,0.096310
2026-01-10T10:00:00+00:00,0.090740
2026-01-10T10:15:00+00:00,0.094600
2026-01-10T10:30:00+00:00,0.097480
2026-01-10T10:45:00+00:00,0.097220
2026-01-10T11:00:00+00:00,0.094250
2026-01-10T11:15:00+00:00,0.097020
2026-01-10T11:30:00+00:00,0.096870
2026-01-10T11:45:00+00:00,0.095830
2026-01-10T12:00:00+00:00,0.095230
2026-01-10T12:15:00+00:00,0.097020
2026-01-10T12:30:00+00:00,0.096660
2026-01-10T12:45:00+00:00,0.104490
2026-01-10T13:00:00+00:00,0.099800
2026-01-10T13:15:00+00:00,0.101820
2026-01-10T13:30:00+00:00,0.106900
2026-01-10T13:45:00+00:00,0.108950
2026-01-10T14:00:00+00:00,0.100810
2026-01-10T14:15:00+00:00,0.109540
2026-01-10T14:30:00+00:00,0.109780
2026-01-10T14:45:00+00:00,0.123480
2026-01-10T15:00:00+00:00,0.112990
2026-01-10T15:15:00+00:00,0.119490
2026-01-10T15:30:00+00:00,0.116250
2026-01-10T15:45:00+00:00,0.134130
2026-01-10T16:00:00+00:00,0.126670
2026-01-10T16:15:00+00:00,0.132110
2026-01-10T16:30:00+00:00,0.135000
2026-01-10T16:45:00+00:00,0.136840
2026-01-10T17:00:00+00:00,0.137360
2026-01-10T17:15:00+00:00,0.134520
2026-01-10T17:30:00+00:00,0.134400
2026-01-10T17:45:00+00:00,0.129520
2026-01-10T18:00:00+00:00,0.133660
2026-01-10T18:15:00+00:00,0.129520
2026-01-10T18:30:00+00:00,0.125360
2026-01-10T18:45:00+00:00,0.123470
2026-01-10T19:00:00+00:00,0.126980
2026-01-10T19:15:00+00:00,0.120010
2026-01-10T19:30:00+00:00,0.117480
2026-01-10T19:45:00+00:00,0.112290
2026-01-10T20:00:00+00:00,0.116080
2026-01-10T20:15:00+00:00,0.112280
2026-01-10T20:30:00+00:00,0.111990
2026-01-10T20:45:00+00:00,0.104480
2026-01-10T21:00:00+00:00,0.112320
2026-01-10T21:15:00+00:00,0.111670
2026-01-10T21:30:00+00:00,0.103000
2026-01-10T21:45:00+00:00,0.099120
2026-01-10T22:00:00+00:00,0.101760
2026-01-10T22:15:00+00:00,0.097500
2026-01-10T22:30:00+00:00,0.097750
2026-01-10T22:45:00+00:00,0.095780
2026-01-10T23:00:00+00:00,0.108200
2026-01-10T23:15:00+00:00,0.097720
2026-01-10T23:30:00+00:00,0.093700
2026-01-10T23:45:00+00:00,0.087990
2026-01-11T00:00:00+00:00,0.098990
2026-01-11T00:15:00+00:00,0.092550
2026-01-11T00:30:00+00:00,0.090910
2026-01-11T00:45:00+00:00,0.088540
2026-01-11T01:00:00+00:00,0.091990
2026-01-11T01:15:00+00:00,0.089090
2026-01-11T01:30:00+00:00,0.086200
2026-01-11T01:45:00+00:00,0.084860
2026-01-11T02:00:00+00:00,0.084180
2026-01-11T02:15:00+00:00,0.084520
2026-01-11T02:30:00+00:00,0.084560
2026-01-11T02:45:00+00:00,0.086180
2026-01-11T03:00:00+00:00,0.085040
2026-01-11T03:15:00+00:00,0.083030
2026-01-11T03:30:00+00:00,0.081420
2026-01-11T03:45:00+00:00,0.081230
2026-01-11T04:00:00+00:00,0.081640
2026-01-11T04:15:00+00:00,0.081640
2026-01-11T04:30:00+00:00,0.082200
2026-01-11T04:45:00+00:00,0.083540
2026-01-11T05:00:00+00:00,0.080930
2026-01-11T05:15:00+00:00,0.081640
2026-01-11T05:30:00+00:00,0.081640
2026-01-11T05:45:00+00:00,0.082200
2026-01-11T06:00:00+00:00,0.081130
2026-01-11T06:15:00+00:00,0.082460
2026-01-11T06:30:00+00:00,0.085680
2026-01-11T06:45:00+00:00,0.087770
2026-01-11T07:00:00+00:00,0.087020
2026-01-11T07:15:00+00:00,0.089970
2026-01-11T07:30:00+00:00,0.092840
2026-01-11T07:45:00+00:00,0.097530
2026-01-11T08:00:00+00:00,0.103910
2026-01-11T08:15:00+00:00,0.101810
2026-01-11T08:30:00+00:00,0.099950
2026-01-11T08:45:00+00:00,0.097820
2026-01-11T09:00:00+00:00,0.103930
2026-01-11T09:15:00+00:00,0.100120
2026-01-11T09:30:00+00:00,0.097950
2026-01-11T09:45:00+00:00,0.091210
2026-01-11T10:00:00+00:00,0.102680
2026-01-11T10:15:00+00:00,0.098530
2026-01-11T10:30:00+00:00,0.097400
2026-01-11T10:45:00+00:00,0.092090
2026-01-11T11:00:00+00:00,0.099490
2026-01-11T11:15:00+00:00,0.096650
2026-01-11T11:30:00+00:00,0.098330
2026-01-11T11:45:00+00:00,0.090990
2026-01-11T12:00:00+00:00,0.097570
2026-01-11T12:15:00+00:00,0.092220
2026-01-11T12:30:00+00:00,0.095020
2026-01-11T12:45:00+00:00,0.092780
2026-01-11T13:00:00+00:00,0.094570
2026-01-11T13:15:00+00:00,0.095800
2026-01-11T13:30:00+00:00,0.096080
2026-01-11T13:45:00+00:00,0.096050
2026-01-11T14:00:00+00:00,0.089310
2026-01-11T14:15:00+00:00,0.096030
2026-01-11T14:30:00+00:00,0.102600
2026-01-11T14:45:00+00:00,0.103560
2026-01-11T15:00:00+00:00,0.099080
2026-01-11T15:15:00+00:00,0.106220
2026-01-11T15:30:00+00:00,0.108960
2026-01-11T15:45:00+00:00,0.116520
2026-01-11T16:00:00+00:00,0.109700
2026-01-11T16:15:00+00:00,0.114180
2026-01-11T16:30:00+00:00,0.114170
2026-01-11T16:45:00+00:00,0.112000
2026-01-11T17:00:00+00:00,0.107110
2026-01-11T17:15:00+00:00,0.107020
2026-01-11T17:30:00+00:00,0.102390
2026-01-11T17:45:00+00:00,0.077610
2026-01-11T18:00:00+00:00,0.094520
2026-01-11T18:15:00+00:00,0.090100
2026-01-11T18:30:00+00:00,0.089290
2026-01-11T18:45:00+00:00,0.091030
2026-01-11T19:00:00+00:00,0.097620
2026-01-11T19:15:00+00:00,0.091730
2026-01-11T19:30:00+00:00,0.088120
2026-01-11T19:45:00+00:00,0.082650
2026-01-11T20:00:00+00:00,0.094750
2026-01-11T20:15:00+00:00,0.088660
2026-01-11T20:30:00+00:00,0.088300
2026-01-11T20:45:00+00:00,0.081890
2026-01-11T21:00:00+00:00,0.093980
2026-01-11T21:15:00+00:00,0.090310
2026-01-11T21:30:00+00:00,0.091430
2026-01-11T21:45:00+00:00,0.089000
2026-01-11T22:00:00+00:00,0.085520
2026-01-11T22:15:00+00:00,0.079910
2026-01-11T22:30:00+00:00,0.078450
2026-01-11T22:45:00+00:00,0.072110
2026-01-11T23:00:00+00:00,0.079740
2026-01-11T23:15:00+00:00,0.077720
2026-01-11T23:30:00+00:00,0.076250
2026-01-11T23:45:00+00:00,0.075200
2026-01-12T00:00:00+00:00,0.081950
2026-01-12T00:15:00+00:00,0.079060
2026-01-12T00:30:00+00:00,0.076200
2026-01-12T00:45:00+00:00,0.074650
2026-01-12T01:00:00+00:00,0.078950
2026-01-12T01:15:00+00:00,0.078400
2026-01-12T01:30:00+00:00,0.078090
2026-01-12T01:45:00+00:00,0.075300
2026-01-12T02:00:00+00:00,0.073450
2026-01-12T02:15:00+00:00,0.071550
2026-01-12T02:30:00+00:00,0.070290
2026-01-12T02:45:00+00:00,0.069130
2026-01-12T03:00:00+00:00,0.072630
2026-01-12T03:15:00+00:00,0.071670
2026-01-12T03:30:00+00:00,0.073520
2026-01-12T03:45:00+00:00,0.073870
2026-01-12T04:00:00+00:00,0.072010
2026-01-12T04:15:00+00:00,0.070930
2026-01-12T04:30:00+00:00,0.076350
2026-01-12T04:45:00+00:00,0.080210
2026-01-12T05:00:00+00:00,0.073610
2026-01-12T05:15:00+00:00,0.083030
2026-01-12T05:30:00+00:00,0.082700
2026-01-12T05:45:00+00:00,0.084910
2026-01-12T06:00:00+00:00,0.088020
2026-01-12T06:15:00+00:00,0.090400
2026-01-12T06:30:00+00:00,0.089330
2026-01-12T06:45:00+00:00,0.081880
2026-01-12T07:00:00+00:00,0.090520
2026-01-12T07:15:00+00:00,0.094210
2026-01-12T07:30:00+00:00,0.099710
2026-01-12T07:45:00+00:00,0.108000
2026-01-12T08:00:00+00:00,0.079770
2026-01-12T08:15:00+00:00,0.097490
2026-01-12T08:30:00+00:00,0.098180
2026-01-12T08:45:00+00:00,0.088000
2026-01-12T09:00:00+00:00,0.093830
2026-01-12T09:15:00+00:00,0.088520
2026-01-12T09:30:00+00:00,0.095790
2026-01-12T09:45:00+00:00,0.095980
2026-01-12T10:00:00+00:00,0.094920
2026-01-12T10:15:00+00:00,0.095000
2026-01-12T10:30:00+00:00,0.096780
2026-01-12T10:45:00+00:00,0.093240
2026-01-12T11:00:00+00:00,0.090680
2026-01-12T11:15:00+00:00,0.089920
2026-01-12T11:30:00+00:00,0.093080
2026-01-12T11:45:00+00:00,0.095980
2026-01-12T12:00:00+00:00,0.089750
2026-01-12T12:15:00+00:00,0.094430
2026-01-12T12:30:00+00:00,0.094650
2026-01-12T12:45:00+00:00,0.089120
2026-01-12T13:00:00+00:00,0.086900
2026-01-12T13:15:00+00:00,0.094950
2026-01-12T13:30:00+00:00,0.098340
2026-01-12T13:45:00+00:00,0.095690
2026-01-12T14:00:00+00:00,0.084480
2026-01-12T14:15:00+00:00,0.086440
2026-01-12T14:30:00+00:00,0.087990
2026-01-12T14:45:00+00:00,0.091220
2026-01-12T15:00:00+00:00,0.085870
2026-01-12T15:15:00+00:00,0.094910
2026-01-12T15:30:00+00:00,0.092320
2026-01-12T15:45:00+00:00,0.094900
2026-01-12T16:00:00+00:00,0.104000
2026-01-12T16:15:00+00:00,0.098400
2026-01-12T16:30:00+00:00,0.105950
2026-01-12T16:45:00+00:00,0.103460
2026-01-12T17:00:00+00:00,0.115540
2026-01-12T17:15:00+00:00,0.109830
2026-01-12T17:30:00+00:00,0.104000
2026-01-12T17:45:00+00:00,0.114340
2026-01-12T18:00:00+00:00,0.103240
2026-01-12T18:15:00+00:00,0.103460
2026-01-12T18:30:00+00:00,0.102540
2026-01-12T18:45:00+00:00,0.097600
2026-01-12T19:00:00+00:00,0.102820
2026-01-12T19:15:00+00:00,0.094730
2026-01-12T19:30:00+00:00,0.090190
2026-01-12T19:45:00+00:00,0.086970
2026-01-12T20:00:00+00:00,0.096560
2026-01-12T20:15:00+00:00,0.091020
2026-01-12T20:30:00+00:00,0.087810
2026-01-12T20:45:00+00:00,0.090830
2026-01-12T21:00:00+00:00,0.092370
2026-01-12T21:15:00+00:00,0.089910
2026-01-12T21:30:00+00:00,0.088630
2026-01-12T21:45:00+00:00,0.089080
2026-01-12T22:00:00+00:00,0.088930
2026-01-12T22:15:00+00:00,0.085520
2026-01-12T22:30:00+00:00,0.083500
2026-01-12T22:45:00+00:00,0.080400
2026-01-12T23:00:00+00:00,0.082120
2026-01-12T23:15:00+00:00,0.079740
2026-01-12T23:30:00+00:00,0.077940
2026-01-12T23:45:00+00:00,0.076600
2026-01-13T00:00:00+00:00,0.082310
2026-01-13T00:15:00+00:00,0.080280
2026-01-13T00:30:00+00:00,0.080120
2026-01-13T00:45:00+00:00,0.078420
2026-01-13T01:00:00+00:00,0.081250
2026-01-13T01:15:00+00:00,0.079970
2026-01-13T01:30:00+00:00,0.080230
2026-01-13T01:45:00+00:00,0.080550
2026-01-13T02:00:00+00:00,0.079680
2026-01-13T02:15:00+00:00,0.079670
2026-01-13T02:30:00+00:00,0.079540
2026-01-13T02:45:00+00:00,0.079320
2026-01-13T03:00:00+00:00,0.081380
2026-01-13T03:15:00+00:00,0.080010
2026-01-13T03:30:00+00:00,0.080550
2026-01-13T03:45:00+00:00,0.082670
2026-01-13T04:00:00+00:00,0.079680
2026-01-13T04:15:00+00:00,0.080470
2026-01-13T04:30:00+00:00,0.083310
2026-01-13T04:45:00+00:00,0.086600
2026-01-13T05:00:00+00:00,0.084530
2026-01-13T05:15:00+00:00,0.091840
2026-01-13T05:30:00+00:00,0.086700
2026-01-13T05:45:00+00:00,0.096930
2026-01-13T06:00:00+00:00,0.077450
2026-01-13T06:15:00+00:00,0.088470
2026-01-13T06:30:00+00:00,0.112100
2026-01-13T06:45:00+00:00,0.118420
2026-01-13T07:00:00+00:00,0.119290
2026-01-13T07:15:00+00:00,0.115440
2026-01-13T07:30:00+00:00,0.123490
2026-01-13T07:45:00+00:00,0.117910
2026-01-13T08:00:00+00:00,0.140940
2026-01-13T08:15:00+00:00,0.132210
2026-01-13T08:30:00+00:00,0.125710
2026-01-13T08:45:00+00:00,0.122670
2026-01-13T09:00:00+00:00,0.139020
2026-01-13T09:15:00+00:00,0.132830
2026-01-13T09:30:00+00:00,0.124180
2026-01-13T09:45:00+00:00,0.117840
2026-01-13T10:00:00+00:00,0.122640
2026-01-13T10:15:00+00:00,0.122850
2026-01-13T10:30:00+00:00,0.122530
2026-01-13T10:45:00+00:00,0.116500
2026-01-13T11:00:00+00:00,0.117190
2026-01-13T11:15:00+00:00,0.113600
2026-01-13T11:30:00+00:00,0.111830
2026-01-13T11:45:00+00:00,0.112740
2026-01-13T12:00:00+00:00,0.113760
2026-01-13T12:15:00+00:00,0.112660
2026-01-13T12:30:00+00:00,0.109410
2026-01-13T12:45:00+00:00,0.107060
2026-01-13T13:00:00+00:00,0.104170
2026-01-13T13:15:00+00:00,0.104210
2026-01-13T13:30:00+00:00,0.105200
2026-01-13T13:45:00+00:00,0.109850
2026-01-13T14:00:00+00:00,0.095460
2026-01-13T14:15:00+00:00,0.100570
2026-01-13T14:30:00+00:00,0.105640
2026-01-13T14:45:00+00:00,0.105640
2026-01-13T15:00:00+00:00,0.102140
2026-01-13T15:15:00+00:00,0.108410
2026-01-13T15:30:00+00:00,0.109050
2026-01-13T15:45:00+00:00,0.114400
2026-01-13T16:00:00+00:00,0.107950
2026-01-13T16:15:00+00:00,0.107560
2026-01-13T16:30:00+00:00,0.108340
2026-01-13T16:45:00+00:00,0.106790
2026-01-13T17:00:00+00:00,0.107690
2026-01-13T17:15:00+00:00,0.099430
2026-01-13T17:30:00+00:00,0.095010
2026-01-13T17:45:00+00:00,0.089460
2026-01-13T18:00:00+00:00,0.103380
2026-01-13T18:15:00+00:00,0.092730
2026-01-13T18:30:00+00:00,0.085060
2026-01-13T18:45:00+00:00,0.080000
2026-01-13T19:00:00+00:00,0.094790
2026-01-13T19:15:00+00:00,0.083800
2026-01-13T19:30:00+00:00,0.087010
2026-01-13T19:45:00+00:00,0.085010
2026-01-13T20:00:00+00:00,0.091900
2026-01-13T20:15:00+00:00,0.093870
2026-01-13T20:30:00+00:00,0.087510
2026-01-13T20:45:00+00:00,0.083290
2026-01-13T21:00:00+00:00,0.091180
2026-01-13T21:15:00+00:00,0.088750
2026-01-13T21:30:00+00:00,0.090430
2026-01-13T21:45:00+00:00,0.086820
2026-01-13T22:00:00+00:00,0.091870
2026-01-13T22:15:00+00:00,0.083830
2026-01-13T22:30:00+00:00,0.079910
2026-01-13T22:45:00+00:00,0.074010
2026-01-13T23:00:00+00:00,0.089400
2026-01-13T23:15:00+00:00,0.087320
2026-01-13T23:30:00+00:00,0.082960
2026-01-13T23:45:00+00:00,0.082570
2026-01-14T00:00:00+00:00,0.084930
2026-01-14T00:15:00+00:00,0.083920
2026-01-14T00:30:00+00:00,0.084530
2026-01-14T00:45:00+00:00,0.083800
2026-01-14T01:00:00+00:00,0.086480
2026-01-14T01:15:00+00:00,0.085850
2026-01-14T01:30:00+00:00,0.085900
2026-01-14T01:45:00+00:00,0.085300
2026-01-14T02:00:00+00:00,0.086010
2026-01-14T02:15:00+00:00,0.086290
2026-01-14T02:30:00+00:00,0.086150
2026-01-14T02:45:00+00:00,0.086230
2026-01-14T03:00:00+00:00,0.085470
2026-01-14T03:15:00+00:00,0.086500
2026-01-14T03:30:00+00:00,0.088240
2026-01-14T03:45:00+00:00,0.090370
2026-01-14T04:00:00+00:00,0.089670
2026-01-14T04:15:00+00:00,0.089770
2026-01-14T04:30:00+00:00,0.089620
2026-01-14T04:45:00+00:00,0.089560
2026-01-14T05:00:00+00:00,0.087570
2026-01-14T05:15:00+00:00,0.093400
2026-01-14T05:30:00+00:00,0.094990
2026-01-14T05:45:00+00:00,0.096900
2026-01-14T06:00:00+00:00,0.095590
2026-01-14T06:15:00+00:00,0.100100
2026-01-14T06:30:00+00:00,0.104190
2026-01-14T06:45:00+00:00,0.118720
2026-01-14T07:00:00+00:00,0.120070
2026-01-14T07:15:00+00:00,0.129690
2026-01-14T07:30:00+00:00,0.130560
2026-01-14T07:45:00+00:00,0.131160
2026-01-14T08:00:00+00:00,0.141300
2026-01-14T08:15:00+00:00,0.135720
2026-01-14T08:30:00+00:00,0.126630
2026-01-14T08:45:00+00:00,0.117520
2026-01-14T09:00:00+00:00,0.123550
2026-01-14T09:15:00+00:00,0.116130
2026-01-14T09:30:00+00:00,0.110920
2026-01-14T09:45:00+00:00,0.108920
2026-01-14T10:00:00+00:00,0.110080
2026-01-14T10:15:00+00:00,0.106770
2026-01-14T10:30:00+00:00,0.099070
2026-01-14T10:45:00+00:00,0.097400
2026-01-14T11:00:00+00:00,0.098190
2026-01-14T11:15:00+00:00,0.096500
2026-01-14T11:30:00+00:00,0.097200
2026-01-14T11:45:00+00:00,0.100100
2026-01-14T12:00:00+00:00,0.098410
2026-01-14T12:15:00+00:00,0.098680
2026-01-14T12:30:00+00:00,0.099880
2026-01-14T12:45:00+00:00,0.104160
2026-01-14T13:00:00+00:00,0.100210
2026-01-14T13:15:00+00:00,0.106610
2026-01-14T13:30:00+00:00,0.119990
2026-01-14T13:45:00+00:00,0.130050
2026-01-14T14:00:00+00:00,0.116980
2026-01-14T14:15:00+00:00,0.125750
2026-01-14T14:30:00+00:00,0.153480
2026-01-14T14:45:00+00:00,0.157110
2026-01-14T15:00:00+00:00,0.109530
2026-01-14T15:15:00+00:00,0.128440
2026-01-14T15:30:00+00:00,0.153400
2026-01-14T15:45:00+00:00,0.200040
2026-01-14T16:00:00+00:00,0.159670
2026-01-14T16:15:00+00:00,0.195370
2026-01-14T16:30:00+00:00,0.215040
2026-01-14T16:45:00+00:00,0.202740
2026-01-14T17:00:00+00:00,0.185890
2026-01-14T17:15:00+00:00,0.179240
2026-01-14T17:30:00+00:00,0.176060
2026-01-14T17:45:00+00:00,0.182640
2026-01-14T18:00:00+00:00,0.187200
2026-01-14T18:15:00+00:00,0.161010
2026-01-14T18:30:00+00:00,0.147380
2026-01-14T18:45:00+00:00,0.136690
2026-01-14T19:00:00+00:00,0.148610
2026-01-14T19:15:00+00:00,0.132550
2026-01-14T19:30:00+00:00,0.126760
2026-01-14T19:45:00+00:00,0.110440
2026-01-14T20:00:00+00:00,0.107970
2026-01-14T20:15:00+00:00,0.101910
2026-01-14T20:30:00+00:00,0.098940
2026-01-14T20:45:00+00:00,0.090380
2026-01-14T21:00:00+00:00,0.099430
2026-01-14T21:15:00+00:00,0.096870
2026-01-14T21:30:00+00:00,0.087890
2026-01-14T21:45:00+00:00,0.085440
2026-01-14T22:00:00+00:00,0.097340
2026-01-14T22:15:00+00:00,0.091080
2026-01-14T22:30:00+00:00,0.091950
2026-01-14T22:45:00+00:00,0.087630
2026-01-14T23:00:00+00:00,0.106200
2026-01-14T23:15:00+00:00,0.099580
2026-01-14T23:30:00+00:00,0.093490
2026-01-14T23:45:00+00:00,0.092500
2026-01-15T00:00:00+00:00,0.097360
2026-01-15T00:15:00+00:00,0.094640
2026-01-15T00:30:00+00:00,0.091220
2026-01-15T00:45:00+00:00,0.088680
2026-01-15T01:00:00+00:00,0.093060
2026-01-15T01:15:00+00:00,0.088250
2026-01-15T01:30:00+00:00,0.085510
2026-01-15T01:45:00+00:00,0.084910
2026-01-15T02:00:00+00:00,0.085000
2026-01-15T02:15:00+00:00,0.083690
2026-01-15T02:30:00+00:00,0.082420
2026-01-15T02:45:00+00:00,0.080050
2026-01-15T03:00:00+00:00,0.080110
2026-01-15T03:15:00+00:00,0.079930
2026-01-15T03:30:00+00:00,0.080230
2026-01-15T03:45:00+00:00,0.081690
2026-01-15T04:00:00+00:00,0.079620
2026-01-15T04:15:00+00:00,0.079790
2026-01-15T04:30:00+00:00,0.081130
2026-01-15T04:45:00+00:00,0.084200
2026-01-15T05:00:00+00:00,0.086120
2026-01-15T05:15:00+00:00,0.089750
2026-01-15T05:30:00+00:00,0.090980
2026-01-15T05:45:00+00:00,0.092480
2026-01-15T06:00:00+00:00,0.092740
2026-01-15T06:15:00+00:00,0.095490
2026-01-15T06:30:00+00:00,0.098200
2026-01-15T06:45:00+00:00,0.099740
2026-01-15T07:00:00+00:00,0.095040
2026-01-15T07:15:00+00:00,0.096590
2026-01-15T07:30:00+00:00,0.096540
2026-01-15T07:45:00+00:00,0.095820
2026-01-15T08:00:00+00:00,0.106470
2026-01-15T08:15:00+00:00,0.102820
2026-01-15T08:30:00+00:00,0.099680
2026-01-15T08:45:00+00:00,0.096000
2026-01-15T09:00:00+00:00,0.105710
2026-01-15T09:15:00+00:00,0.100370
2026-01-15T09:30:00+00:00,0.096150
2026-01-15T09:45:00+00:00,0.090100
2026-01-15T10:00:00+00:00,0.099740
2026-01-15T10:15:00+00:00,0.096230
2026-01-15T10:30:00+00:00,0.094110
2026-01-15T10:45:00+00:00,0.092630
2026-01-15T11:00:00+00:00,0.095490
2026-01-15T11:15:00+00:00,0.092960
2026-01-15T11:30:00+00:00,0.093040
2026-01-15T11:45:00+00:00,0.094920
2026-01-15T12:00:00+00:00,0.095710
2026-01-15T12:15:00+00:00,0.096980
2026-01-15T12:30:00+00:00,0.098320
2026-01-15T12:45:00+00:00,0.098860
2026-01-15T13:00:00+00:00,0.098370
2026-01-15T13:15:00+00:00,0.101720
2026-01-15T13:30:00+00:00,0.100960
2026-01-15T13:45:00+00:00,0.107980
2026-01-15T14:00:00+00:00,0.099900
2026-01-15T14:15:00+00:00,0.114780
2026-01-15T14:30:00+00:00,0.119870
2026-01-15T14:45:00+00:00,0.135100
2026-01-15T15:00:00+00:00,0.119780
2026-01-15T15:15:00+00:00,0.130730
2026-01-15T15:30:00+00:00,0.133750
2026-01-15T15:45:00+00:00,0.137680
2026-01-15T16:00:00+00:00,0.142570
2026-01-15T16:15:00+00:00,0.144030
2026-01-15T16:30:00+00:00,0.137220
2026-01-15T16:45:00+00:00,0.127460
2026-01-15T17:00:00+00:00,0.124530
2026-01-15T17:15:00+00:00,0.109250
2026-01-15T17:30:00+00:00,0.108070
2026-01-15T17:45:00+00:00,0.098260
2026-01-15T18:00:00+00:00,0.102960
2026-01-15T18:15:00+00:00,0.096830
2026-01-15T18:30:00+00:00,0.097640
2026-01-15T18:45:00+00:00,0.098560
2026-01-15T19:00:00+00:00,0.093730
2026-01-15T19:15:00+00:00,0.095920
2026-01-15T19:30:00+00:00,0.094110
2026-01-15T19:45:00+00:00,0.091260
2026-01-15T20:00:00+00:00,0.090080
2026-01-15T20:15:00+00:00,0.089930
2026-01-15T20:30:00+00:00,0.090080
2026-01-15T20:45:00+00:00,0.090050
2026-01-15T21:00:00+00:00,0.093670
2026-01-15T21:15:00+00:00,0.088620
2026-01-15T21:30:00+00:00,0.087740
2026-01-15T21:45:00+00:00,0.082720
2026-01-15T22:00:00+00:00,0.090000
2026-01-15T22:15:00+00:00,0.084120
2026-01-15T22:30:00+00:00,0.081900
2026-01-15T22:45:00+00:00,0.068600
2026-01-15T23:00:00+00:00,0.089620
2026-01-15T23:15:00+00:00,0.083370
2026-01-15T23:30:00+00:00,0.076330
2026-01-15T23:45:00+00:00,0.074500
2026-01-16T00:00:00+00:00,0.078990
2026-01-16T00:15:00+00:00,0.075160
2026-01-16T00:30:00+00:00,0.074200
2026-01-16T00:45:00+00:00,0.071650
2026-01-16T01:00:00+00:00,0.072740
2026-01-16T01:15:00+00:00,0.072070
2026-01-16T01:30:00+00:00,0.069100
2026-01-16T01:45:00+00:00,0.068170
2026-01-16T02:00:00+00:00,0.067460
2026-01-16T02:15:00+00:00,0.066760
2026-01-16T02:30:00+00:00,0.067110
2026-01-16T02:45:00+00:00,0.067590
2026-01-16T03:00:00+00:00,0.068910
2026-01-16T03:15:00+00:00,0.069070
2026-01-16T03:30:00+00:00,0.071350
2026-01-16T03:45:00+00:00,0.073900
2026-01-16T04:00:00+00:00,0.073860
2026-01-16T04:15:00+00:00,0.079240
2026-01-16T04:30:00+00:00,0.081920
2026-01-16T04:45:00+00:00,0.089930
2026-01-16T05:00:00+00:00,0.082210
2026-01-16T05:15:00+00:00,0.088040
2026-01-16T05:30:00+00:00,0.093480
2026-01-16T05:45:00+00:00,0.099160
2026-01-16T06:00:00+00:00,0.094390
2026-01-16T06:15:00+00:00,0.099090
2026-01-16T06:30:00+00:00,0.096500
2026-01-16T06:45:00+00:00,0.104420
2026-01-16T07:00:00+00:00,0.103250
2026-01-16T07:15:00+00:00,0.106620
2026-01-16T07:30:00+00:00,0.105730
2026-01-16T07:45:00+00:00,0.105200
2026-01-16T08:00:00+00:00,0.119030
2026-01-16T08:15:00+00:00,0.116290
2026-01-16T08:30:00+00:00,0.112360
2026-01-16T08:45:00+00:00,0.106090
2026-01-16T09:00:00+00:00,0.116070
2026-01-16T09:15:00+00:00,0.103800
2026-01-16T09:30:00+00:00,0.099600
2026-01-16T09:45:00+00:00,0.097290
2026-01-16T10:00:00+00:00,0.095470
2026-01-16T10:15:00+00:00,0.092030
2026-01-16T10:30:00+00:00,0.091890
2026-01-16T10:45:00+00:00,0.095220
2026-01-16T11:00:00+00:00,0.091460
2026-01-16T11:15:00+00:00,0.093850
2026-01-16T11:30:00+00:00,0.095570
2026-01-16T11:45:00+00:00,0.097810
2026-01-16T12:00:00+00:00,0.091870
2026-01-16T12:15:00+00:00,0.093800
2026-01-16T12:30:00+00:00,0.095390
2026-01-16T12:45:00+00:00,0.097060
2026-01-16T13:00:00+00:00,0.092900
2026-01-16T13:15:00+00:00,0.099690
2026-01-16T13:30:00+00:00,0.110020
2026-01-16T13:45:00+00:00,0.124600
2026-01-16T14:00:00+00:00,0.097300
2026-01-16T14:15:00+00:00,0.125020
2026-01-16T14:30:00+00:00,0.134830
2026-01-16T14:45:00+00:00,0.157490
2026-01-16T15:00:00+00:00,0.127930
2026-01-16T15:15:00+00:00,0.145190
2026-01-16T15:30:00+00:00,0.156510
2026-01-16T15:45:00+00:00,0.200100
2026-01-16T16:00:00+00:00,0.155960
2026-01-16T16:15:00+00:00,0.172950
2026-01-16T16:30:00+00:00,0.176660
2026-01-16T16:45:00+00:00,0.161730
2026-01-16T17:00:00+00:00,0.164920
2026-01-16T17:15:00+00:00,0.157130
2026-01-16T17:30:00+00:00,0.162640
2026-01-16T17:45:00+00:00,0.159750
2026-01-16T18:00:00+00:00,0.163590
2026-01-16T18:15:00+00:00,0.153210
2026-01-16T18:30:00+00:00,0.148840
2026-01-16T18:45:00+00:00,0.147200
2026-01-16T19:00:00+00:00,0.140980
2026-01-16T19:15:00+00:00,0.140020
2026-01-16T19:30:00+00:00,0.135260
2026-01-16T19:45:00+00:00,0.115740
2026-01-16T20:00:00+00:00,0.124130
2026-01-16T20:15:00+00:00,0.123960
2026-01-16T20:30:00+00:00,0.114830
2026-01-16T20:45:00+00:00,0.103440
2026-01-16T21:00:00+00:00,0.124860
2026-01-16T21:15:00+00:00,0.114800
2026-01-16T21:30:00+00:00,0.115400
2026-01-16T21:45:00+00:00,0.109140
2026-01-16T22:00:00+00:00,0.119200
2026-01-16T22:15:00+00:00,0.101690
2026-01-16T22:30:00+00:00,0.095230
2026-01-16T22:45:00+00:00,0.094370
2026-01-16T23:00:00+00:00,0.117900
2026-01-16T23:15:00+00:00,0.108820
2026-01-16T23:30:00+00:00,0.097740
2026-01-16T23:45:00+00:00,0.093550
2026-01-17T00:00:00+00:00,0.107800
2026-01-17T00:15:00+00:00,0.102580
2026-01-17T00:30:00+00:00,0.098620
2026-01-17T00:45:00+00:00,0.095980
2026-01-17T01:00:00+00:00,0.102230
2026-01-17T01:15:00+00:00,0.099930
2026-01-17T01:30:00+00:00,0.096260
2026-01-17T01:45:00+00:00,0.094170
2026-01-17T02:00:00+00:00,0.094880
2026-01-17T02:15:00+00:00,0.098290
2026-01-17T02:30:00+00:00,0.095240
2026-01-17T02:45:00+00:00,0.095590
2026-01-17T03:00:00+00:00,0.095110
2026-01-17T03:15:00+00:00,0.094540
2026-01-17T03:30:00+00:00,0.094580
2026-01-17T03:45:00+00:00,0.094730
2026-01-17T04:00:00+00:00,0.094580
2026-01-17T04:15:00+00:00,0.093640
2026-01-17T04:30:00+00:00,0.094960
2026-01-17T04:45:00+00:00,0.094310
2026-01-17T05:00:00+00:00,0.097410
2026-01-17T05:15:00+00:00,0.090180
2026-01-17T05:30:00+00:00,0.094760
2026-01-17T05:45:00+00:00,0.094650
2026-01-17T06:00:00+00:00,0.093010
2026-01-17T06:15:00+00:00,0.095050
2026-01-17T06:30:00+00:00,0.097010
2026-01-17T06:45:00+00:00,0.099890
2026-01-17T07:00:00+00:00,0.095560
2026-01-17T07:15:00+00:00,0.103980
2026-01-17T07:30:00+00:00,0.107430
2026-01-17T07:45:00+00:00,0.110030
2026-01-17T08:00:00+00:00,0.116020
2026-01-17T08:15:00+00:00,0.119070
2026-01-17T08:30:00+00:00,0.114210
2026-01-17T08:45:00+00:00,0.107970
2026-01-17T09:00:00+00:00,0.121810
2026-01-17T09:15:00+00:00,0.108070
2026-01-17T09:30:00+00:00,0.103430
2026-01-17T09:45:00+00:00,0.107730
2026-01-17T10:00:00+00:00,0.098090
2026-01-17T10:15:00+00:00,0.098050
2026-01-17T10:30:00+00:00,0.098130
2026-01-17T10:45:00+00:00,0.100000
2026-01-17T11:00:00+00:00,0.103760
2026-01-17T11:15:00+00:00,0.102710
2026-01-17T11:30:00+00:00,0.102000
2026-01-17T11:45:00+00:00,0.102950
2026-01-17T12:00:00+00:00,0.102750
2026-01-17T12:15:00+00:00,0.103110
2026-01-17T12:30:00+00:00,0.102760
2026-01-17T12:45:00+00:00,0.102270
2026-01-17T13:00:00+00:00,0.101740
2026-01-17T13:15:00+00:00,0.102340
2026-01-17T13:30:00+00:00,0.106710
2026-01-17T13:45:00+00:00,0.119490
2026-01-17T14:00:00+00:00,0.115010
2026-01-17T14:15:00+00:00,0.120890
2026-01-17T14:30:00+00:00,0.125950
2026-01-17T14:45:00+00:00,0.127780
2026-01-17T15:00:00+00:00,0.126050
2026-01-17T15:15:00+00:00,0.135630
2026-01-17T15:30:00+00:00,0.136610
2026-01-17T15:45:00+00:00,0.138050
2026-01-17T16:00:00+00:00,0.135300
2026-01-17T16:15:00+00:00,0.139010
2026-01-17T16:30:00+00:00,0.140940
2026-01-17T16:45:00+00:00,0.145500
2026-01-17T17:00:00+00:00,0.140490
2026-01-17T17:15:00+00:00,0.140490
2026-01-17T17:30:00+00:00,0.145610
2026-01-17T17:45:00+00:00,0.144800
2026-01-17T18:00:00+00:00,0.141800
2026-01-17T18:15:00+00:00,0.141050
2026-01-17T18:30:00+00:00,0.140140
2026-01-17T18:45:00+00:00,0.131360
2026-01-17T19:00:00+00:00,0.135240
2026-01-17T19:15:00+00:00,0.119190
2026-01-17T19:30:00+00:00,0.117260
2026-01-17T19:45:00+00:00,0.106510
2026-01-17T20:00:00+00:00,0.116790
2026-01-17T20:15:00+00:00,0.111490
2026-01-17T20:30:00+00:00,0.103470
2026-01-17T20:45:00+00:00,0.098750
2026-01-17T21:00:00+00:00,0.108750
2026-01-17T21:15:00+00:00,0.104060
2026-01-17T21:30:00+00:00,0.109830
2026-01-17T21:45:00+00:00,0.113330
2026-01-17T22:00:00+00:00,0.115990
2026-01-17T22:15:00+00:00,0.109000
2026-01-17T22:30:00+00:00,0.104130
2026-01-17T22:45:00+00:00,0.098970
2026-01-17T23:00:00+00:00,0.115240
2026-01-17T23:15:00+00:00,0.112950
2026-01-17T23:30:00+00:00,0.108670
2026-01-17T23:45:00+00:00,0.106000
2026-01-18T00:00:00+00:00,0.112990
2026-01-18T00:15:00+00:00,0.109160
2026-01-18T00:30:00+00:00,0.107090
2026-01-18T00:45:00+00:00,0.107520
2026-01-18T01:00:00+00:00,0.111230
2026-01-18T01:15:00+00:00,0.109170
2026-01-18T01:30:00+00:00,0.104940
2026-01-18T01:45:00+00:00,0.104220
2026-01-18T02:00:00+00:00,0.103830
2026-01-18T02:15:00+00:00,0.103000
2026-01-18T02:30:00+00:00,0.101730
2026-01-18T02:45:00+00:00,0.101600
2026-01-18T03:00:00+00:00,0.102990
2026-01-18T03:15:00+00:00,0.102620
2026-01-18T03:30:00+00:00,0.101730
2026-01-18T03:45:00+00:00,0.101600
2026-01-18T04:00:00+00:00,0.101430
2026-01-18T04:15:00+00:00,0.101600
2026-01-18T04:30:00+00:00,0.102300
2026-01-18T04:45:00+00:00,0.102990
2026-01-18T05:00:00+00:00,0.100200
2026-01-18T05:15:00+00:00,0.101220
2026-01-18T05:30:00+00:00,0.101220
2026-01-18T05:45:00+00:00,0.101550
2026-01-18T06:00:00+00:00,0.100120
2026-01-18T06:15:00+00:00,0.099070
2026-01-18T06:30:00+00:00,0.100120
2026-01-18T06:45:00+00:00,0.101980
2026-01-18T07:00:00+00:00,0.103820
2026-01-18T07:15:00+00:00,0.105300
2026-01-18T07:30:00+00:00,0.107130
2026-01-18T07:45:00+00:00,0.105490
2026-01-18T08:00:00+00:00,0.114960
2026-01-18T08:15:00+00:00,0.106900
2026-01-18T08:30:00+00:00,0.105180
2026-01-18T08:45:00+00:00,0.102590
2026-01-18T09:00:00+00:00,0.105310
2026-01-18T09:15:00+00:00,0.103200
2026-01-18T09:30:00+00:00,0.101030
2026-01-18T09:45:00+00:00,0.098100
2026-01-18T10:00:00+00:00,0.098260
2026-01-18T10:15:00+00:00,0.099680
2026-01-18T10:30:00+00:00,0.098070
2026-01-18T10:45:00+00:00,0.097760
2026-01-18T11:00:00+00:00,0.098000
2026-01-18T11:15:00+00:00,0.096590
2026-01-18T11:30:00+00:00,0.096530
2026-01-18T11:45:00+00:00,0.096300
2026-01-18T12:00:00+00:00,0.096130
2026-01-18T12:15:00+00:00,0.096740
2026-01-18T12:30:00+00:00,0.097200
2026-01-18T12:45:00+00:00,0.097780
2026-01-18T13:00:00+00:00,0.098000
2026-01-18T13:15:00+00:00,0.100370
2026-01-18T13:30:00+00:00,0.102160
2026-01-18T13:45:00+00:00,0.102600
2026-01-18T14:00:00+00:00,0.101460
2026-01-18T14:15:00+00:00,0.103390
2026-01-18T14:30:00+00:00,0.104930
2026-01-18T14:45:00+00:00,0.110880
2026-01-18T15:00:00+00:00,0.105060
2026-01-18T15:15:00+00:00,0.115200
2026-01-18T15:30:00+00:00,0.117060
2026-01-18T15:45:00+00:00,0.119460
2026-01-18T16:00:00+00:00,0.118060
2026-01-18T16:15:00+00:00,0.127420
2026-01-18T16:30:00+00:00,0.134670
2026-01-18T16:45:00+00:00,0.140780
2026-01-18T17:00:00+00:00,0.139270
2026-01-18T17:15:00+00:00,0.142590
2026-01-18T17:30:00+00:00,0.146200
2026-01-18T17:45:00+00:00,0.138000
2026-01-18T18:00:00+00:00,0.139320
2026-01-18T18:15:00+00:00,0.127290
2026-01-18T18:30:00+00:00,0.118800
2026-01-18T18:45:00+00:00,0.109730
2026-01-18T19:00:00+00:00,0.125160
2026-01-18T19:15:00+00:00,0.120930
2026-01-18T19:30:00+00:00,0.113240
2026-01-18T19:45:00+00:00,0.104350
2026-01-18T20:00:00+00:00,0.114990
2026-01-18T20:15:00+00:00,0.108200
2026-01-18T20:30:00+00:00,0.103230
2026-01-18T20:45:00+00:00,0.101530
2026-01-18T21:00:00+00:00,0.120100
2026-01-18T21:15:00+00:00,0.103060
2026-01-18T21:30:00+00:00,0.102430
2026-01-18T21:45:00+00:00,0.101160
2026-01-18T22:00:00+00:00,0.110000
2026-01-18T22:15:00+00:00,0.104590
2026-01-18T22:30:00+00:00,0.100440
2026-01-18T22:45:00+00:00,0.100010
2026-01-18T23:00:00+00:00,0.104800
2026-01-18T23:15:00+00:00,0.101600
2026-01-18T23:30:00+00:00,0.099920
2026-01-18T23:45:00+00:00,0.098280
2026-01-19T00:00:00+00:00,0.100200
2026-01-19T00:15:00+00:00,0.101080
2026-01-19T00:30:00+00:00,0.100890
2026-01-19T00:45:00+00:00,0.099590
2026-01-19T01:00:00+00:00,0.102120
2026-01-19T01:15:00+00:00,0.100990
2026-01-19T01:30:00+00:00,0.100210
2026-01-19T01:45:00+00:00,0.100010
2026-01-19T02:00:00+00:00,0.100480
2026-01-19T02:15:00+00:00,0.100540
2026-01-19T02:30:00+00:00,0.100210
2026-01-19T02:45:00+00:00,0.100520
2026-01-19T03:00:00+00:00,0.099450
2026-01-19T03:15:00+00:00,0.100220
2026-01-19T03:30:00+00:00,0.100520
2026-01-19T03:45:00+00:00,0.100350
2026-01-19T04:00:00+00:00,0.097700
2026-01-19T04:15:00+00:00,0.099940
2026-01-19T04:30:00+00:00,0.100100
2026-01-19T04:45:00+00:00,0.110050
2026-01-19T05:00:00+00:00,0.107400
2026-01-19T05:15:00+00:00,0.121880
2026-01-19T05:30:00+00:00,0.129840
2026-01-19T05:45:00+00:00,0.143380
2026-01-19T06:00:00+00:00,0.142290
2026-01-19T06:15:00+00:00,0.157280
2026-01-19T06:30:00+00:00,0.170840
2026-01-19T06:45:00+00:00,0.172790
2026-01-19T07:00:00+00:00,0.176440
2026-01-19T07:15:00+00:00,0.184480
2026-01-19T07:30:00+00:00,0.177110
2026-01-19T07:45:00+00:00,0.165000
2026-01-19T08:00:00+00:00,0.190200
2026-01-19T08:15:00+00:00,0.171030
2026-01-19T08:30:00+00:00,0.151850
2026-01-19T08:45:00+00:00,0.134670
2026-01-19T09:00:00+00:00,0.156890
2026-01-19T09:15:00+00:00,0.139460
2026-01-19T09:30:00+00:00,0.128130
2026-01-19T09:45:00+00:00,0.119400
2026-01-19T10:00:00+00:00,0.125500
2026-01-19T10:15:00+00:00,0.119130
2026-01-19T10:30:00+00:00,0.118640
2026-01-19T10:45:00+00:00,0.116730
2026-01-19T11:00:00+00:00,0.117660
2026-01-19T11:15:00+00:00,0.109950
2026-01-19T11:30:00+00:00,0.115540
2026-01-19T11:45:00+00:00,0.120090
2026-01-19T12:00:00+00:00,0.119000
2026-01-19T12:15:00+00:00,0.121340
2026-01-19T12:30:00+00:00,0.125910
2026-01-19T12:45:00+00:00,0.133760
2026-01-19T13:00:00+00:00,0.120680
2026-01-19T13:15:00+00:00,0.139000
2026-01-19T13:30:00+00:00,0.147320
2026-01-19T13:45:00+00:00,0.168120
2026-01-19T14:00:00+00:00,0.135000
2026-01-19T14:15:00+00:00,0.157860
2026-01-19T14:30:00+00:00,0.171350
2026-01-19T14:45:00+00:00,0.200450
2026-01-19T15:00:00+00:00,0.165260
2026-01-19T15:15:00+00:00,0.186920
2026-01-19T15:30:00+00:00,0.199060
2026-01-19T15:45:00+00:00,0.204360
2026-01-19T16:00:00+00:00,0.184350
2026-01-19T16:15:00+00:00,0.207970
2026-01-19T16:30:00+00:00,0.210720
2026-01-19T16:45:00+00:00,0.205940
2026-01-19T17:00:00+00:00,0.207120
2026-01-19T17:15:00+00:00,0.191860
2026-01-19T17:30:00+00:00,0.198840
2026-01-19T17:45:00+00:00,0.199660
2026-01-19T18:00:00+00:00,0.193130
2026-01-19T18:15:00+00:00,0.183530
2026-01-19T18:30:00+00:00,0.177740
2026-01-19T18:45:00+00:00,0.170360
2026-01-19T19:00:00+00:00,0.166470
2026-01-19T19:15:00+00:00,0.159210
2026-01-19T19:30:00+00:00,0.156830
2026-01-19T19:45:00+00:00,0.143970
2026-01-19T20:00:00+00:00,0.140460
2026-01-19T20:15:00+00:00,0.138280
2026-01-19T20:30:00+00:00,0.134720
2026-01-19T20:45:00+00:00,0.126830
2026-01-19T21:00:00+00:00,0.131440
2026-01-19T21:15:00+00:00,0.127720
2026-01-19T21:30:00+00:00,0.126470
2026-01-19T21:45:00+00:00,0.119920
2026-01-19T22:00:00+00:00,0.120880
2026-01-19T22:15:00+00:00,0.110200
2026-01-19T22:30:00+00:00,0.104630
2026-01-19T22:45:00+00:00,0.104290
2026-01-19T23:00:00+00:00,0.091910
2026-01-19T23:15:00+00:00,0.092440
2026-01-19T23:30:00+00:00,0.092530
2026-01-19T23:45:00+00:00,0.092540
2026-01-20T00:00:00+00:00,0.094660
2026-01-20T00:15:00+00:00,0.091780
2026-01-20T00:30:00+00:00,0.091620
2026-01-20T00:45:00+00:00,0.092100
2026-01-20T01:00:00+00:00,0.090520
2026-01-20T01:15:00+00:00,0.090950
2026-01-20T01:30:00+00:00,0.090880
2026-01-20T01:45:00+00:00,0.089290
2026-01-20T02:00:00+00:00,0.092490
2026-01-20T02:15:00+00:00,0.090830
2026-01-20T02:30:00+00:00,0.090780
2026-01-20T02:45:00+00:00,0.090700
2026-01-20T03:00:00+00:00,0.095370
2026-01-20T03:15:00+00:00,0.095300
2026-01-20T03:30:00+00:00,0.093290
2026-01-20T03:45:00+00:00,0.092490
2026-01-20T04:00:00+00:00,0.095380
2026-01-20T04:15:00+00:00,0.090720
2026-01-20T04:30:00+00:00,0.092410
2026-01-20T04:45:00+00:00,0.098290
2026-01-20T05:00:00+00:00,0.082210
2026-01-20T05:15:00+00:00,0.088880
2026-01-20T05:30:00+00:00,0.098500
2026-01-20T05:45:00+00:00,0.113740
2026-01-20T06:00:00+00:00,0.083810
2026-01-20T06:15:00+00:00,0.106100
2026-01-20T06:30:00+00:00,0.186020
2026-01-20T06:45:00+00:00,0.239530
2026-01-20T07:00:00+00:00,0.159990
2026-01-20T07:15:00+00:00,0.228870
2026-01-20T07:30:00+00:00,0.195360
2026-01-20T07:45:00+00:00,0.162420
2026-01-20T08:00:00+00:00,0.225970
2026-01-20T08:15:00+00:00,0.171750
2026-01-20T08:30:00+00:00,0.152290
2026-01-20T08:45:00+00:00,0.108570
2026-01-20T09:00:00+00:00,0.163230
2026-01-20T09:15:00+00:00,0.124030
2026-01-20T09:30:00+00:00,0.100970
2026-01-20T09:45:00+00:00,0.092910
2026-01-20T10:00:00+00:00,0.104820
2026-01-20T10:15:00+00:00,0.094600
2026-01-20T10:30:00+00:00,0.091620
2026-01-20T10:45:00+00:00,0.090730
2026-01-20T11:00:00+00:00,0.090790
2026-01-20T11:15:00+00:00,0.086500
2026-01-20T11:30:00+00:00,0.089100
2026-01-20T11:45:00+00:00,0.092010
2026-01-20T12:00:00+00:00,0.090720
2026-01-20T12:15:00+00:00,0.091670
2026-01-20T12:30:00+00:00,0.091790
2026-01-20T12:45:00+00:00,0.091580
2026-01-20T13:00:00+00:00,0.084180
2026-01-20T13:15:00+00:00,0.093100
2026-01-20T13:30:00+00:00,0.098550
2026-01-20T13:45:00+00:00,0.136650
2026-01-20T14:00:00+00:00,0.075100
2026-01-20T14:15:00+00:00,0.099390
2026-01-20T14:30:00+00:00,0.135380
2026-01-20T14:45:00+00:00,0.201610
2026-01-20T15:00:00+00:00,0.100100
2026-01-20T15:15:00+00:00,0.140530
2026-01-20T15:30:00+00:00,0.189370
2026-01-20T15:45:00+00:00,0.250000
2026-01-20T16:00:00+00:00,0.226680
2026-01-20T16:15:00+00:00,0.248460
2026-01-20T16:30:00+00:00,0.243880
2026-01-20T16:45:00+00:00,0.216640
2026-01-20T17:00:00+00:00,0.210160
2026-01-20T17:15:00+00:00,0.187320
2026-01-20T17:30:00+00:00,0.170080
2026-01-20T17:45:00+00:00,0.148450
2026-01-20T18:00:00+00:00,0.184300
2026-01-20T18:15:00+00:00,0.132450
2026-01-20T18:30:00+00:00,0.117110
2026-01-20T18:45:00+00:00,0.103290
2026-01-20T19:00:00+00:00,0.161110
2026-01-20T19:15:00+00:00,0.123090
2026-01-20T19:30:00+00:00,0.110990
2026-01-20T19:45:00+00:00,0.104810
2026-01-20T20:00:00+00:00,0.139970
2026-01-20T20:15:00+00:00,0.118380
2026-01-20T20:30:00+00:00,0.104920
2026-01-20T20:45:00+00:00,0.092330
2026-01-20T21:00:00+00:00,0.123810
2026-01-20T21:15:00+00:00,0.114100
2026-01-20T21:30:00+00:00,0.103260
2026-01-20T21:45:00+00:00,0.090100
2026-01-20T22:00:00+00:00,0.110020
2026-01-20T22:15:00+00:00,0.099900
2026-01-20T22:30:00+00:00,0.092940
2026-01-20T22:45:00+00:00,0.092050
2026-01-20T23:00:00+00:00,0.098880
2026-01-20T23:15:00+00:00,0.098530
2026-01-20T23:30:00+00:00,0.099440
2026-01-20T23:45:00+00:00,0.100020
2026-01-21T00:00:00+00:00,0.101950
2026-01-21T00:15:00+00:00,0.098850
2026-01-21T00:30:00+00:00,0.096790
2026-01-21T00:45:00+00:00,0.094260
2026-01-21T01:00:00+00:00,0.095270
2026-01-21T01:15:00+00:00,0.095260
2026-01-21T01:30:00+00:00,0.093800
2026-01-21T01:45:00+00:00,0.093170
2026-01-21T02:00:00+00:00,0.098690
2026-01-21T02:15:00+00:00,0.094990
2026-01-21T02:30:00+00:00,0.093920
2026-01-21T02:45:00+00:00,0.092200
2026-01-21T03:00:00+00:00,0.094660
2026-01-21T03:15:00+00:00,0.092020
2026-01-21T03:30:00+00:00,0.089720
2026-01-21T03:45:00+00:00,0.089530
2026-01-21T04:00:00+00:00,0.090540
2026-01-21T04:15:00+00:00,0.091510
2026-01-21T04:30:00+00:00,0.093080
2026-01-21T04:45:00+00:00,0.095340
2026-01-21T05:00:00+00:00,0.100130
2026-01-21T05:15:00+00:00,0.103430
2026-01-21T05:30:00+00:00,0.103360
2026-01-21T05:45:00+00:00,0.103870
2026-01-21T06:00:00+00:00,0.087150
2026-01-21T06:15:00+00:00,0.097950
2026-01-21T06:30:00+00:00,0.113000
2026-01-21T06:45:00+00:00,0.133810
2026-01-21T07:00:00+00:00,0.138550
2026-01-21T07:15:00+00:00,0.149960
2026-01-21T07:30:00+00:00,0.152700
2026-01-21T07:45:00+00:00,0.138800
2026-01-21T08:00:00+00:00,0.146650
2026-01-21T08:15:00+00:00,0.135270
2026-01-21T08:30:00+00:00,0.125230
2026-01-21T08:45:00+00:00,0.113490
2026-01-21T09:00:00+00:00,0.133750
2026-01-21T09:15:00+00:00,0.111250
2026-01-21T09:30:00+00:00,0.101410
2026-01-21T09:45:00+00:00,0.098600
2026-01-21T10:00:00+00:00,0.100170
2026-01-21T10:15:00+00:00,0.097840
2026-01-21T10:30:00+00:00,0.095530
2026-01-21T10:45:00+00:00,0.094860
2026-01-21T11:00:00+00:00,0.093870
2026-01-21T11:15:00+00:00,0.093370
2026-01-21T11:30:00+00:00,0.093570
2026-01-21T11:45:00+00:00,0.094210
2026-01-21T12:00:00+00:00,0.095650
2026-01-21T12:15:00+00:00,0.096010
2026-01-21T12:30:00+00:00,0.096040
2026-01-21T12:45:00+00:00,0.099730
2026-01-21T13:00:00+00:00,0.098080
2026-01-21T13:15:00+00:00,0.099420
2026-01-21T13:30:00+00:00,0.103020
2026-01-21T13:45:00+00:00,0.111840
2026-01-21T14:00:00+00:00,0.103160
2026-01-21T14:15:00+00:00,0.119460
2026-01-21T14:30:00+00:00,0.128270
2026-01-21T14:45:00+00:00,0.141360
2026-01-21T15:00:00+00:00,0.112890
2026-01-21T15:15:00+00:00,0.127000
2026-01-21T15:30:00+00:00,0.137110
2026-01-21T15:45:00+00:00,0.145000
2026-01-21T16:00:00+00:00,0.123210
2026-01-21T16:15:00+00:00,0.133580
2026-01-21T16:30:00+00:00,0.132510
2026-01-21T16:45:00+00:00,0.126820
2026-01-21T17:00:00+00:00,0.141040
2026-01-21T17:15:00+00:00,0.119180
2026-01-21T17:30:00+00:00,0.112530
2026-01-21T17:45:00+00:00,0.107650
2026-01-21T18:00:00+00:00,0.113470
2026-01-21T18:15:00+00:00,0.109010
2026-01-21T18:30:00+00:00,0.105320
2026-01-21T18:45:00+00:00,0.099960
2026-01-21T19:00:00+00:00,0.110100
2026-01-21T19:15:00+00:00,0.103270
2026-01-21T19:30:00+00:00,0.100200
2026-01-21T19:45:00+00:00,0.099890
2026-01-21T20:00:00+00:00,0.100200
2026-01-21T20:15:00+00:00,0.100080
2026-01-21T20:30:00+00:00,0.099710
2026-01-21T20:45:00+00:00,0.093140
2026-01-21T21:00:00+00:00,0.110260
2026-01-21T21:15:00+00:00,0.103650
2026-01-21T21:30:00+00:00,0.099000
2026-01-21T21:45:00+00:00,0.096690
2026-01-21T22:00:00+00:00,0.103060
2026-01-21T22:15:00+00:00,0.095760
2026-01-21T22:30:00+00:00,0.093720
2026-01-21T22:45:00+00:00,0.091980
2026-01-21T23:00:00+00:00,0.088030
2026-01-21T23:15:00+00:00,0.088420
2026-01-21T23:30:00+00:00,0.085730
2026-01-21T23:45:00+00:00,0.080920
2026-01-22T00:00:00+00:00,0.089890
2026-01-22T00:15:00+00:00,0.088530
2026-01-22T00:30:00+00:00,0.087720
2026-01-22T00:45:00+00:00,0.086000
2026-01-22T01:00:00+00:00,0.090180
2026-01-22T01:15:00+00:00,0.090090
2026-01-22T01:30:00+00:00,0.089980
2026-01-22T01:45:00+00:00,0.084570
2026-01-22T02:00:00+00:00,0.085430
2026-01-22T02:15:00+00:00,0.083650
2026-01-22T02:30:00+00:00,0.083470
2026-01-22T02:45:00+00:00,0.083820
2026-01-22T03:00:00+00:00,0.083860
2026-01-22T03:15:00+00:00,0.083610
2026-01-22T03:30:00+00:00,0.085060
2026-01-22T03:45:00+00:00,0.085960
2026-01-22T04:00:00+00:00,0.084860
2026-01-22T04:15:00+00:00,0.082980
2026-01-22T04:30:00+00:00,0.084890
2026-01-22T04:45:00+00:00,0.091800
2026-01-22T05:00:00+00:00,0.085230
2026-01-22T05:15:00+00:00,0.088730
2026-01-22T05:30:00+00:00,0.101370
2026-01-22T05:45:00+00:00,0.111260
2026-01-22T06:00:00+00:00,0.097350
2026-01-22T06:15:00+00:00,0.104820
2026-01-22T06:30:00+00:00,0.106400
2026-01-22T06:45:00+00:00,0.119130
2026-01-22T07:00:00+00:00,0.135010
2026-01-22T07:15:00+00:00,0.143180
2026-01-22T07:30:00+00:00,0.128970
2026-01-22T07:45:00+00:00,0.122180
2026-01-22T08:00:00+00:00,0.127500
2026-01-22T08:15:00+00:00,0.115670
2026-01-22T08:30:00+00:00,0.112610
2026-01-22T08:45:00+00:00,0.100000
2026-01-22T09:00:00+00:00,0.109020
2026-01-22T09:15:00+00:00,0.098590
2026-01-22T09:30:00+00:00,0.098330
2026-01-22T09:45:00+00:00,0.094340
2026-01-22T10:00:00+00:00,0.091500
2026-01-22T10:15:00+00:00,0.089740
2026-01-22T10:30:00+00:00,0.089940
2026-01-22T10:45:00+00:00,0.087450
2026-01-22T11:00:00+00:00,0.090730
2026-01-22T11:15:00+00:00,0.087010
2026-01-22T11:30:00+00:00,0.086530
2026-01-22T11:45:00+00:00,0.085880
2026-01-22T12:00:00+00:00,0.089940
2026-01-22T12:15:00+00:00,0.090760
2026-01-22T12:30:00+00:00,0.090060
2026-01-22T12:45:00+00:00,0.090170
2026-01-22T13:00:00+00:00,0.090670
2026-01-22T13:15:00+00:00,0.097090
2026-01-22T13:30:00+00:00,0.096870
2026-01-22T13:45:00+00:00,0.101490
2026-01-22T14:00:00+00:00,0.095830
2026-01-22T14:15:00+00:00,0.101880
2026-01-22T14:30:00+00:00,0.108250
2026-01-22T14:45:00+00:00,0.113860
2026-01-22T15:00:00+00:00,0.110070
2026-01-22T15:15:00+00:00,0.123160
2026-01-22T15:30:00+00:00,0.136940
2026-01-22T15:45:00+00:00,0.127610
2026-01-22T16:00:00+00:00,0.123630
2026-01-22T16:15:00+00:00,0.131920
2026-01-22T16:30:00+00:00,0.136640
2026-01-22T16:45:00+00:00,0.134980
2026-01-22T17:00:00+00:00,0.126390
2026-01-22T17:15:00+00:00,0.127390
2026-01-22T17:30:00+00:00,0.127420
2026-01-22T17:45:00+00:00,0.130000
2026-01-22T18:00:00+00:00,0.128650
2026-01-22T18:15:00+00:00,0.120000
2026-01-22T18:30:00+00:00,0.122670
2026-01-22T18:45:00+00:00,0.112810
2026-01-22T19:00:00+00:00,0.115910
2026-01-22T19:15:00+00:00,0.108310
2026-01-22T19:30:00+00:00,0.108100
2026-01-22T19:45:00+00:00,0.106140
2026-01-22T20:00:00+00:00,0.120330
2026-01-22T20:15:00+00:00,0.108040
2026-01-22T20:30:00+00:00,0.101840
2026-01-22T20:45:00+00:00,0.097440
2026-01-22T21:00:00+00:00,0.102680
2026-01-22T21:15:00+00:00,0.101910
2026-01-22T21:30:00+00:00,0.108950
2026-01-22T21:45:00+00:00,0.098630
2026-01-22T22:00:00+00:00,0.102670
2026-01-22T22:15:00+00:00,0.096560
2026-01-22T22:30:00+00:00,0.099450
2026-01-22T22:45:00+00:00,0.090460
2026-01-22T23:00:00+00:00,0.099420
2026-01-22T23:15:00+00:00,0.097790
2026-01-22T23:30:00+00:00,0.096920
2026-01-22T23:45:00+00:00,0.095310
2026-01-23T00:00:00+00:00,0.100060
2026-01-23T00:15:00+00:00,0.096620
2026-01-23T00:30:00+00:00,0.097250
2026-01-23T00:45:00+00:00,0.095730
2026-01-23T01:00:00+00:00,0.098950
2026-01-23T01:15:00+00:00,0.094400
2026-01-23T01:30:00+00:00,0.093870
2026-01-23T01:45:00+00:00,0.092250
2026-01-23T02:00:00+00:00,0.095100
2026-01-23T02:15:00+00:00,0.091560
2026-01-23T02:30:00+00:00,0.091910
2026-01-23T02:45:00+00:00,0.092670
2026-01-23T03:00:00+00:00,0.092500
2026-01-23T03:15:00+00:00,0.090350
2026-01-23T03:30:00+00:00,0.093750
2026-01-23T03:45:00+00:00,0.095400
2026-01-23T04:00:00+00:00,0.094870
2026-01-23T04:15:00+00:00,0.094830
2026-01-23T04:30:00+00:00,0.096330
2026-01-23T04:45:00+00:00,0.096910
2026-01-23T05:00:00+00:00,0.097660
2026-01-23T05:15:00+00:00,0.104150
2026-01-23T05:30:00+00:00,0.112680
2026-01-23T05:45:00+00:00,0.113910
2026-01-23T06:00:00+00:00,0.114200
2026-01-23T06:15:00+00:00,0.119980
2026-01-23T06:30:00+00:00,0.131050
2026-01-23T06:45:00+00:00,0.143130
2026-01-23T07:00:00+00:00,0.149040
2026-01-23T07:15:00+00:00,0.153500
2026-01-23T07:30:00+00:00,0.147820
2026-01-23T07:45:00+00:00,0.137410
2026-01-23T08:00:00+00:00,0.160470
2026-01-23T08:15:00+00:00,0.145060
2026-01-23T08:30:00+00:00,0.139610
2026-01-23T08:45:00+00:00,0.117650
2026-01-23T09:00:00+00:00,0.132910
2026-01-23T09:15:00+00:00,0.116980
2026-01-23T09:30:00+00:00,0.110950
2026-01-23T09:45:00+00:00,0.103140
2026-01-23T10:00:00+00:00,0.105100
2026-01-23T10:15:00+00:00,0.103070
2026-01-23T10:30:00+00:00,0.101760
2026-01-23T10:45:00+00:00,0.100410
2026-01-23T11:00:00+00:00,0.100750
2026-01-23T11:15:00+00:00,0.099170
2026-01-23T11:30:00+00:00,0.098690
2026-01-23T11:45:00+00:00,0.098320
2026-01-23T12:00:00+00:00,0.097590
2026-01-23T12:15:00+00:00,0.097320
2026-01-23T12:30:00+00:00,0.096500
2026-01-23T12:45:00+00:00,0.096420
2026-01-23T13:00:00+00:00,0.095950
2026-01-23T13:15:00+00:00,0.096530
2026-01-23T13:30:00+00:00,0.096410
2026-01-23T13:45:00+00:00,0.098370
2026-01-23T14:00:00+00:00,0.096960
2026-01-23T14:15:00+00:00,0.100900
2026-01-23T14:30:00+00:00,0.110530
2026-01-23T14:45:00+00:00,0.120400
2026-01-23T15:00:00+00:00,0.108400
2026-01-23T15:15:00+00:00,0.120240
2026-01-23T15:30:00+00:00,0.124920
2026-01-23T15:45:00+00:00,0.129870
2026-01-23T16:00:00+00:00,0.128970
2026-01-23T16:15:00+00:00,0.134670
2026-01-23T16:30:00+00:00,0.135390
2026-01-23T16:45:00+00:00,0.134480
2026-01-23T17:00:00+00:00,0.127920
2026-01-23T17:15:00+00:00,0.125480
2026-01-23T17:30:00+00:00,0.124730
2026-01-23T17:45:00+00:00,0.129940
2026-01-23T18:00:00+00:00,0.124850
2026-01-23T18:15:00+00:00,0.116830
2026-01-23T18:30:00+00:00,0.113350
2026-01-23T18:45:00+00:00,0.109760
2026-01-23T19:00:00+00:00,0.112960
2026-01-23T19:15:00+00:00,0.107850
2026-01-23T19:30:00+00:00,0.105260
2026-01-23T19:45:00+00:00,0.102690
2026-01-23T20:00:00+00:00,0.109330
2026-01-23T20:15:00+00:00,0.106510
2026-01-23T20:30:00+00:00,0.103140
2026-01-23T20:45:00+00:00,0.099280
2026-01-23T21:00:00+00:00,0.105790
2026-01-23T21:15:00+00:00,0.102300
2026-01-23T21:30:00+00:00,0.106890
2026-01-23T21:45:00+00:00,0.104390
2026-01-23T22:00:00+00:00,0.099240
2026-01-23T22:15:00+00:00,0.096330
2026-01-23T22:30:00+00:00,0.097420
2026-01-23T22:45:00+00:00,0.095300
2026-01-23T23:00:00+00:00,0.104390
2026-01-23T23:15:00+00:00,0.101580
2026-01-23T23:30:00+00:00,0.098870
2026-01-23T23:45:00+00:00,0.094660
2026-01-24T00:00:00+00:00,0.103080
2026-01-24T00:15:00+00:00,0.098640
2026-01-24T00:30:00+00:00,0.097440
2026-01-24T00:45:00+00:00,0.096920
2026-01-24T01:00:00+00:00,0.097610
2026-01-24T01:15:00+00:00,0.097720
2026-01-24T01:30:00+00:00,0.097640
2026-01-24T01:45:00+00:00,0.096880
2026-01-24T02:00:00+00:00,0.097360
2026-01-24T02:15:00+00:00,0.098170
2026-01-24T02:30:00+00:00,0.097420
2026-01-24T02:45:00+00:00,0.097450
2026-01-24T03:00:00+00:00,0.097950
2026-01-24T03:15:00+00:00,0.096610
2026-01-24T03:30:00+00:00,0.096580
2026-01-24T03:45:00+00:00,0.097190
2026-01-24T04:00:00+00:00,0.097110
2026-01-24T04:15:00+00:00,0.098100
2026-01-24T04:30:00+00:00,0.098320
2026-01-24T04:45:00+00:00,0.099800
2026-01-24T05:00:00+00:00,0.095950
2026-01-24T05:15:00+00:00,0.099980
2026-01-24T05:30:00+00:00,0.100410
2026-01-24T05:45:00+00:00,0.101580
2026-01-24T06:00:00+00:00,0.102520
2026-01-24T06:15:00+00:00,0.102850
2026-01-24T06:30:00+00:00,0.104260
2026-01-24T06:45:00+00:00,0.105740
2026-01-24T07:00:00+00:00,0.109670
2026-01-24T07:15:00+00:00,0.110180
2026-01-24T07:30:00+00:00,0.112260
2026-01-24T07:45:00+00:00,0.112900
2026-01-24T08:00:00+00:00,0.125150
2026-01-24T08:15:00+00:00,0.126300
2026-01-24T08:30:00+00:00,0.121170
2026-01-24T08:45:00+00:00,0.118670
2026-01-24T09:00:00+00:00,0.135460
2026-01-24T09:15:00+00:00,0.120600
2026-01-24T09:30:00+00:00,0.116080
2026-01-24T09:45:00+00:00,0.106690
2026-01-24T10:00:00+00:00,0.115360
2026-01-24T10:15:00+00:00,0.110750
2026-01-24T10:30:00+00:00,0.110330
2026-01-24T10:45:00+00:00,0.107040
2026-01-24T11:00:00+00:00,0.108950
2026-01-24T11:15:00+00:00,0.107350
2026-01-24T11:30:00+00:00,0.107020
2026-01-24T11:45:00+00:00,0.104290
2026-01-24T12:00:00+00:00,0.103780
2026-01-24T12:15:00+00:00,0.101840
2026-01-24T12:30:00+00:00,0.101640
2026-01-24T12:45:00+00:00,0.100800
2026-01-24T13:00:00+00:00,0.101670
2026-01-24T13:15:00+00:00,0.102490
2026-01-24T13:30:00+00:00,0.104310
2026-01-24T13:45:00+00:00,0.108200
2026-01-24T14:00:00+00:00,0.103910
2026-01-24T14:15:00+00:00,0.111160
2026-01-24T14:30:00+00:00,0.122580
2026-01-24T14:45:00+00:00,0.128370
2026-01-24T15:00:00+00:00,0.114550
2026-01-24T15:15:00+00:00,0.123910
2026-01-24T15:30:00+00:00,0.136360
2026-01-24T15:45:00+00:00,0.136630
2026-01-24T16:00:00+00:00,0.135030
2026-01-24T16:15:00+00:00,0.142310
2026-01-24T16:30:00+00:00,0.144820
2026-01-24T16:45:00+00:00,0.145300
2026-01-24T17:00:00+00:00,0.141860
2026-01-24T17:15:00+00:00,0.143580
2026-01-24T17:30:00+00:00,0.139370
2026-01-24T17:45:00+00:00,0.134110
2026-01-24T18:00:00+00:00,0.139180
2026-01-24T18:15:00+00:00,0.134990
2026-01-24T18:30:00+00:00,0.130180
2026-01-24T18:45:00+00:00,0.123400
2026-01-24T19:00:00+00:00,0.129670
2026-01-24T19:15:00+00:00,0.122230
2026-01-24T19:30:00+00:00,0.113040
2026-01-24T19:45:00+00:00,0.109030
2026-01-24T20:00:00+00:00,0.112550
2026-01-24T20:15:00+00:00,0.111800
2026-01-24T20:30:00+00:00,0.109740
2026-01-24T20:45:00+00:00,0.107320
2026-01-24T21:00:00+00:00,0.111150
2026-01-24T21:15:00+00:00,0.108110
2026-01-24T21:30:00+00:00,0.112230
2026-01-24T21:45:00+00:00,0.109110
2026-01-24T22:00:00+00:00,0.107250
2026-01-24T22:15:00+00:00,0.104060
2026-01-24T22:30:00+00:00,0.103650
2026-01-24T22:45:00+00:00,0.100940
2026-01-24T23:00:00+00:00,0.101500
2026-01-24T23:15:00+00:00,0.102320
2026-01-24T23:30:00+00:00,0.100700
2026-01-24T23:45:00+00:00,0.098000
2026-01-25T00:00:00+00:00,0.102210
2026-01-25T00:15:00+00:00,0.100950
2026-01-25T00:30:00+00:00,0.102000
2026-01-25T00:45:00+00:00,0.100000
2026-01-25T01:00:00+00:00,0.101540
2026-01-25T01:15:00+00:00,0.099680
2026-01-25T01:30:00+00:00,0.099550
2026-01-25T01:45:00+00:00,0.098280
2026-01-25T02:00:00+00:00,0.100570
2026-01-25T02:15:00+00:00,0.098630
2026-01-25T02:30:00+00:00,0.098950
2026-01-25T02:45:00+00:00,0.096150
2026-01-25T03:00:00+00:00,0.099600
2026-01-25T03:15:00+00:00,0.099450
2026-01-25T03:30:00+00:00,0.097040
2026-01-25T03:45:00+00:00,0.096150
2026-01-25T04:00:00+00:00,0.095930
2026-01-25T04:15:00+00:00,0.096240
2026-01-25T04:30:00+00:00,0.097260
2026-01-25T04:45:00+00:00,0.096310
2026-01-25T05:00:00+00:00,0.096420
2026-01-25T05:15:00+00:00,0.097090
2026-01-25T05:30:00+00:00,0.097590
2026-01-25T05:45:00+00:00,0.097840
2026-01-25T06:00:00+00:00,0.098130
2026-01-25T06:15:00+00:00,0.099600
2026-01-25T06:30:00+00:00,0.102300
2026-01-25T06:45:00+00:00,0.102890
2026-01-25T07:00:00+00:00,0.101590
2026-01-25T07:15:00+00:00,0.103190
2026-01-25T07:30:00+00:00,0.104780
2026-01-25T07:45:00+00:00,0.104840
2026-01-25T08:00:00+00:00,0.108220
2026-01-25T08:15:00+00:00,0.107820
2026-01-25T08:30:00+00:00,0.106380
2026-01-25T08:45:00+00:00,0.104130
2026-01-25T09:00:00+00:00,0.112770
2026-01-25T09:15:00+00:00,0.113330
2026-01-25T09:30:00+00:00,0.109620
2026-01-25T09:45:00+00:00,0.108900
2026-01-25T10:00:00+00:00,0.115440
2026-01-25T10:15:00+00:00,0.113410
2026-01-25T10:30:00+00:00,0.114310
2026-01-25T10:45:00+00:00,0.112130
2026-01-25T11:00:00+00:00,0.118900
2026-01-25T11:15:00+00:00,0.114970
2026-01-25T11:30:00+00:00,0.119840
2026-01-25T11:45:00+00:00,0.116430
2026-01-25T12:00:00+00:00,0.119870
2026-01-25T12:15:00+00:00,0.114220
2026-01-25T12:30:00+00:00,0.108690
2026-01-25T12:45:00+00:00,0.108770
2026-01-25T13:00:00+00:00,0.109850
2026-01-25T13:15:00+00:00,0.109800
2026-01-25T13:30:00+00:00,0.110560
2026-01-25T13:45:00+00:00,0.115360
2026-01-25T14:00:00+00:00,0.107600
2026-01-25T14:15:00+00:00,0.109300
2026-01-25T14:30:00+00:00,0.113270
2026-01-25T14:45:00+00:00,0.116840
2026-01-25T15:00:00+00:00,0.107790
2026-01-25T15:15:00+00:00,0.111730
2026-01-25T15:30:00+00:00,0.120380
2026-01-25T15:45:00+00:00,0.127700
2026-01-25T16:00:00+00:00,0.123200
2026-01-25T16:15:00+00:00,0.130130
2026-01-25T16:30:00+00:00,0.133100
2026-01-25T16:45:00+00:00,0.134020
2026-01-25T17:00:00+00:00,0.138830
2026-01-25T17:15:00+00:00,0.138480
2026-01-25T17:30:00+00:00,0.137970
2026-01-25T17:45:00+00:00,0.133370
2026-01-25T18:00:00+00:00,0.136740
2026-01-25T18:15:00+00:00,0.133130
2026-01-25T18:30:00+00:00,0.130770
2026-01-25T18:45:00+00:00,0.129660
2026-01-25T19:00:00+00:00,0.132130
2026-01-25T19:15:00+00:00,0.129190
2026-01-25T19:30:00+00:00,0.120890
2026-01-25T19:45:00+00:00,0.113270
2026-01-25T20:00:00+00:00,0.120370
2026-01-25T20:15:00+00:00,0.116530
2026-01-25T20:30:00+00:00,0.111850
2026-01-25T20:45:00+00:00,0.107340
2026-01-25T21:00:00+00:00,0.119050
2026-01-25T21:15:00+00:00,0.112790
2026-01-25T21:30:00+00:00,0.109470
2026-01-25T21:45:00+00:00,0.106460
2026-01-25T22:00:00+00:00,0.108300
2026-01-25T22:15:00+00:00,0.104760
2026-01-25T22:30:00+00:00,0.102740
2026-01-25T22:45:00+00:00,0.102160
2026-01-25T23:00:00+00:00,0.109760
2026-01-25T23:15:00+00:00,0.105420
2026-01-25T23:30:00+00:00,0.101110
2026-01-25T23:45:00+00:00,0.099410
2026-01-26T00:00:00+00:00,0.104800
2026-01-26T00:15:00+00:00,0.102040
2026-01-26T00:30:00+00:00,0.101880
2026-01-26T00:45:00+00:00,0.101280
2026-01-26T01:00:00+00:00,0.101850
2026-01-26T01:15:00+00:00,0.101460
2026-01-26T01:30:00+00:00,0.096920
2026-01-26T01:45:00+00:00,0.097790
2026-01-26T02:00:00+00:00,0.095440
2026-01-26T02:15:00+00:00,0.096380
2026-01-26T02:30:00+00:00,0.100100
2026-01-26T02:45:00+00:00,0.099490
2026-01-26T03:00:00+00:00,0.095800
2026-01-26T03:15:00+00:00,0.095020
2026-01-26T03:30:00+00:00,0.097250
2026-01-26T03:45:00+00:00,0.095300
2026-01-26T04:00:00+00:00,0.093640
2026-01-26T04:15:00+00:00,0.094200
2026-01-26T04:30:00+00:00,0.099480
2026-01-26T04:45:00+00:00,0.101010
2026-01-26T05:00:00+00:00,0.103550
2026-01-26T05:15:00+00:00,0.109750
2026-01-26T05:30:00+00:00,0.113230
2026-01-26T05:45:00+00:00,0.129620
2026-01-26T06:00:00+00:00,0.117860
2026-01-26T06:15:00+00:00,0.131620
2026-01-26T06:30:00+00:00,0.144690
2026-01-26T06:45:00+00:00,0.164500
2026-01-26T07:00:00+00:00,0.163360
2026-01-26T07:15:00+00:00,0.176440
2026-01-26T07:30:00+00:00,0.183350
2026-01-26T07:45:00+00:00,0.172660
2026-01-26T08:00:00+00:00,0.191500
2026-01-26T08:15:00+00:00,0.184180
2026-01-26T08:30:00+00:00,0.169220
2026-01-26T08:45:00+00:00,0.156440
2026-01-26T09:00:00+00:00,0.186820
2026-01-26T09:15:00+00:00,0.178790
2026-01-26T09:30:00+00:00,0.171790
2026-01-26T09:45:00+00:00,0.155310
2026-01-26T10:00:00+00:00,0.171790
2026-01-26T10:15:00+00:00,0.162130
2026-01-26T10:30:00+00:00,0.154420
2026-01-26T10:45:00+00:00,0.153490
2026-01-26T11:00:00+00:00,0.162980
2026-01-26T11:15:00+00:00,0.152050
2026-01-26T11:30:00+00:00,0.146640
2026-01-26T11:45:00+00:00,0.139250
2026-01-26T12:00:00+00:00,0.151820
2026-01-26T12:15:00+00:00,0.141510
2026-01-26T12:30:00+00:00,0.140290
2026-01-26T12:45:00+00:00,0.134100
2026-01-26T13:00:00+00:00,0.135820
2026-01-26T13:15:00+00:00,0.141700
2026-01-26T13:30:00+00:00,0.140550
2026-01-26T13:45:00+00:00,0.144860
2026-01-26T14:00:00+00:00,0.142700
2026-01-26T14:15:00+00:00,0.145470
2026-01-26T14:30:00+00:00,0.157930
2026-01-26T14:45:00+00:00,0.168100
2026-01-26T15:00:00+00:00,0.143750
2026-01-26T15:15:00+00:00,0.149190
2026-01-26T15:30:00+00:00,0.167510
2026-01-26T15:45:00+00:00,0.190340
2026-01-26T16:00:00+00:00,0.152120
2026-01-26T16:15:00+00:00,0.170500
2026-01-26T16:30:00+00:00,0.192140
2026-01-26T16:45:00+00:00,0.200030
2026-01-26T17:00:00+00:00,0.181740
2026-01-26T17:15:00+00:00,0.174790
2026-01-26T17:30:00+00:00,0.178590
2026-01-26T17:45:00+00:00,0.170740
2026-01-26T18:00:00+00:00,0.182470
2026-01-26T18:15:00+00:00,0.176320
2026-01-26T18:30:00+00:00,0.160320
2026-01-26T18:45:00+00:00,0.145840
2026-01-26T19:00:00+00:00,0.163980
2026-01-26T19:15:00+00:00,0.149040
2026-01-26T19:30:00+00:00,0.148360
2026-01-26T19:45:00+00:00,0.139850
2026-01-26T20:00:00+00:00,0.146660
2026-01-26T20:15:00+00:00,0.137390
2026-01-26T20:30:00+00:00,0.137240
2026-01-26T20:45:00+00:00,0.114130
2026-01-26T21:00:00+00:00,0.135580
2026-01-26T21:15:00+00:00,0.120030
2026-01-26T21:30:00+00:00,0.113750
2026-01-26T21:45:00+00:00,0.109280
2026-01-26T22:00:00+00:00,0.117700
2026-01-26T22:15:00+00:00,0.114160
2026-01-26T22:30:00+00:00,0.107720
2026-01-26T22:45:00+00:00,0.102060
2026-01-26T23:00:00+00:00,0.123090
2026-01-26T23:15:00+00:00,0.116810
2026-01-26T23:30:00+00:00,0.113300
2026-01-26T23:45:00+00:00,0.107250
2026-01-27T00:00:00+00:00,0.115860
2026-01-27T00:15:00+00:00,0.111020
2026-01-27T00:30:00+00:00,0.109690
2026-01-27T00:45:00+00:00,0.101520
2026-01-27T01:00:00+00:00,0.110100
2026-01-27T01:15:00+00:00,0.105800
2026-01-27T01:30:00+00:00,0.101950
2026-01-27T01:45:00+00:00,0.101750
2026-01-27T02:00:00+00:00,0.101140
2026-01-27T02:15:00+00:00,0.099020
2026-01-27T02:30:00+00:00,0.098290
2026-01-27T02:45:00+00:00,0.097550
2026-01-27T03:00:00+00:00,0.096980
2026-01-27T03:15:00+00:00,0.096600
2026-01-27T03:30:00+00:00,0.096400
2026-01-27T03:45:00+00:00,0.096970
2026-01-27T04:00:00+00:00,0.095690
2026-01-27T04:15:00+00:00,0.096860
2026-01-27T04:30:00+00:00,0.100440
2026-01-27T04:45:00+00:00,0.100890
2026-01-27T05:00:00+00:00,0.098390
2026-01-27T05:15:00+00:00,0.100700
2026-01-27T05:30:00+00:00,0.106470
2026-01-27T05:45:00+00:00,0.106680
2026-01-27T06:00:00+00:00,0.101570
2026-01-27T06:15:00+00:00,0.106100
2026-01-27T06:30:00+00:00,0.116460
2026-01-27T06:45:00+00:00,0.140610
2026-01-27T07:00:00+00:00,0.149660
2026-01-27T07:15:00+00:00,0.148500
2026-01-27T07:30:00+00:00,0.136270
2026-01-27T07:45:00+00:00,0.133510
2026-01-27T08:00:00+00:00,0.150000
2026-01-27T08:15:00+00:00,0.146740
2026-01-27T08:30:00+00:00,0.147150
2026-01-27T08:45:00+00:00,0.132870
2026-01-27T09:00:00+00:00,0.161850
2026-01-27T09:15:00+00:00,0.146140
2026-01-27T09:30:00+00:00,0.132050
2026-01-27T09:45:00+00:00,0.125960
2026-01-27T10:00:00+00:00,0.137200
2026-01-27T10:15:00+00:00,0.129800
2026-01-27T10:30:00+00:00,0.127740
2026-01-27T10:45:00+00:00,0.115340
2026-01-27T11:00:00+00:00,0.123740
2026-01-27T11:15:00+00:00,0.120200
2026-01-27T11:30:00+00:00,0.116110
2026-01-27T11:45:00+00:00,0.109540
2026-01-27T12:00:00+00:00,0.109520
2026-01-27T12:15:00+00:00,0.106080
2026-01-27T12:30:00+00:00,0.103510
2026-01-27T12:45:00+00:00,0.108890
2026-01-27T13:00:00+00:00,0.099000
2026-01-27T13:15:00+00:00,0.103510
2026-01-27T13:30:00+00:00,0.105060
2026-01-27T13:45:00+00:00,0.104420
2026-01-27T14:00:00+00:00,0.100640
2026-01-27T14:15:00+00:00,0.102250
2026-01-27T14:30:00+00:00,0.103550
2026-01-27T14:45:00+00:00,0.111770
2026-01-27T15:00:00+00:00,0.095720
2026-01-27T15:15:00+00:00,0.102280
2026-01-27T15:30:00+00:00,0.110000
2026-01-27T15:45:00+00:00,0.126000
2026-01-27T16:00:00+00:00,0.105630
2026-01-27T16:15:00+00:00,0.121690
2026-01-27T16:30:00+00:00,0.136680
2026-01-27T16:45:00+00:00,0.134400
2026-01-27T17:00:00+00:00,0.133170
2026-01-27T17:15:00+00:00,0.135430
2026-01-27T17:30:00+00:00,0.143640
2026-01-27T17:45:00+00:00,0.150920
2026-01-27T18:00:00+00:00,0.148500
2026-01-27T18:15:00+00:00,0.137670
2026-01-27T18:30:00+00:00,0.135180
2026-01-27T18:45:00+00:00,0.127430
2026-01-27T19:00:00+00:00,0.134380
2026-01-27T19:15:00+00:00,0.123240
2026-01-27T19:30:00+00:00,0.115880
2026-01-27T19:45:00+00:00,0.112850
2026-01-27T20:00:00+00:00,0.117980
2026-01-27T20:15:00+00:00,0.118800
2026-01-27T20:30:00+00:00,0.122130
2026-01-27T20:45:00+00:00,0.115690
2026-01-27T21:00:00+00:00,0.121240
2026-01-27T21:15:00+00:00,0.116420
2026-01-27T21:30:00+00:00,0.122180
2026-01-27T21:45:00+00:00,0.117720
2026-01-27T22:00:00+00:00,0.117970
2026-01-27T22:15:00+00:00,0.110580
2026-01-27T22:30:00+00:00,0.109800
2026-01-27T22:45:00+00:00,0.105700
2026-01-27T23:00:00+00:00,0.110920
2026-01-27T23:15:00+00:00,0.108980
2026-01-27T23:30:00+00:00,0.100630
2026-01-27T23:45:00+00:00,0.098950
2026-01-28T00:00:00+00:00,0.109160
2026-01-28T00:15:00+00:00,0.105030
2026-01-28T00:30:00+00:00,0.102560
2026-01-28T00:45:00+00:00,0.099990
2026-01-28T01:00:00+00:00,0.106590
2026-01-28T01:15:00+00:00,0.105570
2026-01-28T01:30:00+00:00,0.102550
2026-01-28T01:45:00+00:00,0.101610
2026-01-28T02:00:00+00:00,0.101850
2026-01-28T02:15:00+00:00,0.100410
2026-01-28T02:30:00+00:00,0.101010
2026-01-28T02:45:00+00:00,0.100470
2026-01-28T03:00:00+00:00,0.101880
2026-01-28T03:15:00+00:00,0.101170
2026-01-28T03:30:00+00:00,0.103240
2026-01-28T03:45:00+00:00,0.105400
2026-01-28T04:00:00+00:00,0.104550
2026-01-28T04:15:00+00:00,0.106180
2026-01-28T04:30:00+00:00,0.108020
2026-01-28T04:45:00+00:00,0.105610
2026-01-28T05:00:00+00:00,0.105480
2026-01-28T05:15:00+00:00,0.109370
2026-01-28T05:30:00+00:00,0.118840
2026-01-28T05:45:00+00:00,0.125650
2026-01-28T06:00:00+00:00,0.121300
2026-01-28T06:15:00+00:00,0.142030
2026-01-28T06:30:00+00:00,0.144400
2026-01-28T06:45:00+00:00,0.155950
2026-01-28T07:00:00+00:00,0.158210
2026-01-28T07:15:00+00:00,0.168210
2026-01-28T07:30:00+00:00,0.174190
2026-01-28T07:45:00+00:00,0.183400
2026-01-28T08:00:00+00:00,0.182730
2026-01-28T08:15:00+00:00,0.180120
2026-01-28T08:30:00+00:00,0.167780
2026-01-28T08:45:00+00:00,0.164600
2026-01-28T09:00:00+00:00,0.188510
2026-01-28T09:15:00+00:00,0.174740
2026-01-28T09:30:00+00:00,0.168430
2026-01-28T09:45:00+00:00,0.153900
2026-01-28T10:00:00+00:00,0.166590
2026-01-28T10:15:00+00:00,0.159300
2026-01-28T10:30:00+00:00,0.161910
2026-01-28T10:45:00+00:00,0.161910
2026-01-28T11:00:00+00:00,0.160310
2026-01-28T11:15:00+00:00,0.155370
2026-01-28T11:30:00+00:00,0.151980
2026-01-28T11:45:00+00:00,0.149220
2026-01-28T12:00:00+00:00,0.151540
2026-01-28T12:15:00+00:00,0.152400
2026-01-28T12:30:00+00:00,0.138280
2026-01-28T12:45:00+00:00,0.135150
2026-01-28T13:00:00+00:00,0.141770
2026-01-28T13:15:00+00:00,0.137330
2026-01-28T13:30:00+00:00,0.139370
2026-01-28T13:45:00+00:00,0.147930
2026-01-28T14:00:00+00:00,0.141640
2026-01-28T14:15:00+00:00,0.136330
2026-01-28T14:30:00+00:00,0.139450
2026-01-28T14:45:00+00:00,0.145370
2026-01-28T15:00:00+00:00,0.140460
2026-01-28T15:15:00+00:00,0.143150
2026-01-28T15:30:00+00:00,0.148100
2026-01-28T15:45:00+00:00,0.156800
2026-01-28T16:00:00+00:00,0.148220
2026-01-28T16:15:00+00:00,0.168400
2026-01-28T16:30:00+00:00,0.168490
2026-01-28T16:45:00+00:00,0.169990
2026-01-28T17:00:00+00:00,0.173560
2026-01-28T17:15:00+00:00,0.171500
2026-01-28T17:30:00+00:00,0.168400
2026-01-28T17:45:00+00:00,0.168240
2026-01-28T18:00:00+00:00,0.169730
2026-01-28T18:15:00+00:00,0.166800
2026-01-28T18:30:00+00:00,0.161200
2026-01-28T18:45:00+00:00,0.147170
2026-01-28T19:00:00+00:00,0.145150
2026-01-28T19:15:00+00:00,0.135780
2026-01-28T19:30:00+00:00,0.133900
2026-01-28T19:45:00+00:00,0.120870
2026-01-28T20:00:00+00:00,0.129960
2026-01-28T20:15:00+00:00,0.119350
2026-01-28T20:30:00+00:00,0.112920
2026-01-28T20:45:00+00:00,0.109910
2026-01-28T21:00:00+00:00,0.123430
2026-01-28T21:15:00+00:00,0.115410
2026-01-28T21:30:00+00:00,0.117240
2026-01-28T21:45:00+00:00,0.108850
2026-01-28T22:00:00+00:00,0.119230
2026-01-28T22:15:00+00:00,0.110030
2026-01-28T22:30:00+00:00,0.110000
2026-01-28T22:45:00+00:00,0.104010
2026-01-28T23:00:00+00:00,0.087460
2026-01-28T23:15:00+00:00,0.100680
2026-01-28T23:30:00+00:00,0.103820
2026-01-28T23:45:00+00:00,0.101910
2026-01-29T00:00:00+00:00,0.105800
2026-01-29T00:15:00+00:00,0.104030
2026-01-29T00:30:00+00:00,0.101140
2026-01-29T00:45:00+00:00,0.102430
2026-01-29T01:00:00+00:00,0.099710
2026-01-29T01:15:00+00:00,0.099310
2026-01-29T01:30:00+00:00,0.101070
2026-01-29T01:45:00+00:00,0.100230
2026-01-29T02:00:00+00:00,0.100030
2026-01-29T02:15:00+00:00,0.100000
2026-01-29T02:30:00+00:00,0.099210
2026-01-29T02:45:00+00:00,0.098290
2026-01-29T03:00:00+00:00,0.098920
2026-01-29T03:15:00+00:00,0.098930
2026-01-29T03:30:00+00:00,0.099380
2026-01-29T03:45:00+00:00,0.102580
2026-01-29T04:00:00+00:00,0.101080
2026-01-29T04:15:00+00:00,0.101780
2026-01-29T04:30:00+00:00,0.106620
2026-01-29T04:45:00+00:00,0.106740
2026-01-29T05:00:00+00:00,0.103850
2026-01-29T05:15:00+00:00,0.101590
2026-01-29T05:30:00+00:00,0.105610
2026-01-29T05:45:00+00:00,0.115100
2026-01-29T06:00:00+00:00,0.104600
2026-01-29T06:15:00+00:00,0.123900
2026-01-29T06:30:00+00:00,0.146950
2026-01-29T06:45:00+00:00,0.152520
2026-01-29T07:00:00+00:00,0.154770
2026-01-29T07:15:00+00:00,0.148740
2026-01-29T07:30:00+00:00,0.161820
2026-01-29T07:45:00+00:00,0.163010
2026-01-29T08:00:00+00:00,0.167490
2026-01-29T08:15:00+00:00,0.155960
2026-01-29T08:30:00+00:00,0.155400
2026-01-29T08:45:00+00:00,0.155330
2026-01-29T09:00:00+00:00,0.156810
2026-01-29T09:15:00+00:00,0.153740
2026-01-29T09:30:00+00:00,0.143430
2026-01-29T09:45:00+00:00,0.138770
2026-01-29T10:00:00+00:00,0.148380
2026-01-29T10:15:00+00:00,0.139570
2026-01-29T10:30:00+00:00,0.136180
2026-01-29T10:45:00+00:00,0.135660
2026-01-29T11:00:00+00:00,0.135740
2026-01-29T11:15:00+00:00,0.130790
2026-01-29T11:30:00+00:00,0.131710
2026-01-29T11:45:00+00:00,0.123760
2026-01-29T12:00:00+00:00,0.136450
2026-01-29T12:15:00+00:00,0.126630
2026-01-29T12:30:00+00:00,0.126910
2026-01-29T12:45:00+00:00,0.128740
2026-01-29T13:00:00+00:00,0.130180
2026-01-29T13:15:00+00:00,0.128080
2026-01-29T13:30:00+00:00,0.133610
2026-01-29T13:45:00+00:00,0.136370
2026-01-29T14:00:00+00:00,0.134910
2026-01-29T14:15:00+00:00,0.138800
2026-01-29T14:30:00+00:00,0.140000
2026-01-29T14:45:00+00:00,0.146100
2026-01-29T15:00:00+00:00,0.140000
2026-01-29T15:15:00+00:00,0.145800
2026-01-29T15:30:00+00:00,0.146080
2026-01-29T15:45:00+00:00,0.154550
2026-01-29T16:00:00+00:00,0.151040
2026-01-29T16:15:00+00:00,0.154200
2026-01-29T16:30:00+00:00,0.157720
2026-01-29T16:45:00+00:00,0.159230
2026-01-29T17:00:00+00:00,0.155020
2026-01-29T17:15:00+00:00,0.155590
2026-01-29T17:30:00+00:00,0.153110
2026-01-29T17:45:00+00:00,0.154190
2026-01-29T18:00:00+00:00,0.149020
2026-01-29T18:15:00+00:00,0.148710
2026-01-29T18:30:00+00:00,0.149070
2026-01-29T18:45:00+00:00,0.131020
2026-01-29T19:00:00+00:00,0.140200
2026-01-29T19:15:00+00:00,0.120980
2026-01-29T19:30:00+00:00,0.115030
2026-01-29T19:45:00+00:00,0.110100
2026-01-29T20:00:00+00:00,0.118670
2026-01-29T20:15:00+00:00,0.113170
2026-01-29T20:30:00+00:00,0.109010
2026-01-29T20:45:00+00:00,0.104350
2026-01-29T21:00:00+00:00,0.112910
2026-01-29T21:15:00+00:00,0.108850
2026-01-29T21:30:00+00:00,0.108890
2026-01-29T21:45:00+00:00,0.105480
2026-01-29T22:00:00+00:00,0.110880
2026-01-29T22:15:00+00:00,0.101040
2026-01-29T22:30:00+00:00,0.103120
2026-01-29T22:45:00+00:00,0.095180
2026-01-29T23:00:00+00:00,0.125080
2026-01-29T23:15:00+00:00,0.114000
2026-01-29T23:30:00+00:00,0.104210
2026-01-29T23:45:00+00:00,0.100970
2026-01-30T00:00:00+00:00,0.106220
2026-01-30T00:15:00+00:00,0.104650
2026-01-30T00:30:00+00:00,0.102470
2026-01-30T00:45:00+00:00,0.099910
2026-01-30T01:00:00+00:00,0.104260
2026-01-30T01:15:00+00:00,0.101870
2026-01-30T01:30:00+00:00,0.099120
2026-01-30T01:45:00+00:00,0.096760
2026-01-30T02:00:00+00:00,0.098360
2026-01-30T02:15:00+00:00,0.096610
2026-01-30T02:30:00+00:00,0.096160
2026-01-30T02:45:00+00:00,0.095690
2026-01-30T03:00:00+00:00,0.096750
2026-01-30T03:15:00+00:00,0.094440
2026-01-30T03:30:00+00:00,0.096350
2026-01-30T03:45:00+00:00,0.096980
2026-01-30T04:00:00+00:00,0.094250
2026-01-30T04:15:00+00:00,0.093250
2026-01-30T04:30:00+00:00,0.093400
2026-01-30T04:45:00+00:00,0.100890
2026-01-30T05:00:00+00:00,0.099260
2026-01-30T05:15:00+00:00,0.104540
2026-01-30T05:30:00+00:00,0.113220
2026-01-30T05:45:00+00:00,0.113620
2026-01-30T06:00:00+00:00,0.106850
2026-01-30T06:15:00+00:00,0.115480
2026-01-30T06:30:00+00:00,0.122120
2026-01-30T06:45:00+00:00,0.135560
2026-01-30T07:00:00+00:00,0.141160
2026-01-30T07:15:00+00:00,0.144970
2026-01-30T07:30:00+00:00,0.140780
2026-01-30T07:45:00+00:00,0.133580
2026-01-30T08:00:00+00:00,0.151990
2026-01-30T08:15:00+00:00,0.140180
2026-01-30T08:30:00+00:00,0.132840
2026-01-30T08:45:00+00:00,0.127600
2026-01-30T09:00:00+00:00,0.135870
2026-01-30T09:15:00+00:00,0.122140
2026-01-30T09:30:00+00:00,0.113040
2026-01-30T09:45:00+00:00,0.108960
2026-01-30T10:00:00+00:00,0.121970
2026-01-30T10:15:00+00:00,0.116110
2026-01-30T10:30:00+00:00,0.116210
2026-01-30T10:45:00+00:00,0.116120
2026-01-30T11:00:00+00:00,0.121650
2026-01-30T11:15:00+00:00,0.112330
2026-01-30T11:30:00+00:00,0.110850
2026-01-30T11:45:00+00:00,0.106650
2026-01-30T12:00:00+00:00,0.110440
2026-01-30T12:15:00+00:00,0.105450
2026-01-30T12:30:00+00:00,0.102440
2026-01-30T12:45:00+00:00,0.102190
2026-01-30T13:00:00+00:00,0.103130
2026-01-30T13:15:00+00:00,0.102600
2026-01-30T13:30:00+00:00,0.104190
2026-01-30T13:45:00+00:00,0.104010
2026-01-30T14:00:00+00:00,0.104200
2026-01-30T14:15:00+00:00,0.108340
2026-01-30T14:30:00+00:00,0.111230
2026-01-30T14:45:00+00:00,0.116220
2026-01-30T15:00:00+00:00,0.110350
2026-01-30T15:15:00+00:00,0.113160
2026-01-30T15:30:00+00:00,0.117210
2026-01-30T15:45:00+00:00,0.119030
2026-01-30T16:00:00+00:00,0.118640
2026-01-30T16:15:00+00:00,0.124000
2026-01-30T16:30:00+00:00,0.129600
2026-01-30T16:45:00+00:00,0.127000
2026-01-30T17:00:00+00:00,0.129430
2026-01-30T17:15:00+00:00,0.121690
2026-01-30T17:30:00+00:00,0.120120
2026-01-30T17:45:00+00:00,0.114670
2026-01-30T18:00:00+00:00,0.117300
2026-01-30T18:15:00+00:00,0.112050
2026-01-30T18:30:00+00:00,0.112500
2026-01-30T18:45:00+00:00,0.110500
2026-01-30T19:00:00+00:00,0.113760
2026-01-30T19:15:00+00:00,0.109770
2026-01-30T19:30:00+00:00,0.108710
2026-01-30T19:45:00+00:00,0.106060
2026-01-30T20:00:00+00:00,0.112260
2026-01-30T20:15:00+00:00,0.107340
2026-01-30T20:30:00+00:00,0.099660
2026-01-30T20:45:00+00:00,0.096210
2026-01-30T21:00:00+00:00,0.107580
2026-01-30T21:15:00+00:00,0.102980
2026-01-30T21:30:00+00:00,0.102850
2026-01-30T21:45:00+00:00,0.098590
2026-01-30T22:00:00+00:00,0.096240
2026-01-30T22:15:00+00:00,0.092780
2026-01-30T22:30:00+00:00,0.093160
2026-01-30T22:45:00+00:00,0.090090
2026-01-30T23:00:00+00:00,0.108650
2026-01-30T23:15:00+00:00,0.096780
2026-01-30T23:30:00+00:00,0.092900
2026-01-30T23:45:00+00:00,0.090710
2026-01-31T00:00:00+00:00,0.100220
2026-01-31T00:15:00+00:00,0.096090
2026-01-31T00:30:00+00:00,0.100150
2026-01-31T00:45:00+00:00,0.096050
2026-01-31T01:00:00+00:00,0.093080
2026-01-31T01:15:00+00:00,0.090100
2026-01-31T01:30:00+00:00,0.099580
2026-01-31T01:45:00+00:00,0.097550
2026-01-31T02:00:00+00:00,0.094660
2026-01-31T02:15:00+00:00,0.094970
2026-01-31T02:30:00+00:00,0.094670
2026-01-31T02:45:00+00:00,0.095290
2026-01-31T03:00:00+00:00,0.093680
2026-01-31T03:15:00+00:00,0.094190
2026-01-31T03:30:00+00:00,0.094300
2026-01-31T03:45:00+00:00,0.094730
2026-01-31T04:00:00+00:00,0.094330
2026-01-31T04:15:00+00:00,0.094830
2026-01-31T04:30:00+00:00,0.094910
2026-01-31T04:45:00+00:00,0.099130
2026-01-31T05:00:00+00:00,0.094540
2026-01-31T05:15:00+00:00,0.097250
2026-01-31T05:30:00+00:00,0.095490
2026-01-31T05:45:00+00:00,0.099630
2026-01-31T06:00:00+00:00,0.099000
2026-01-31T06:15:00+00:00,0.098710
2026-01-31T06:30:00+00:00,0.099730
2026-01-31T06:45:00+00:00,0.106430
2026-01-31T07:00:00+00:00,0.102380
2026-01-31T07:15:00+00:00,0.106040
2026-01-31T07:30:00+00:00,0.107550
2026-01-31T07:45:00+00:00,0.108080
2026-01-31T08:00:00+00:00,0.129510
2026-01-31T08:15:00+00:00,0.121120
2026-01-31T08:30:00+00:00,0.114140
2026-01-31T08:45:00+00:00,0.112270
2026-01-31T09:00:00+00:00,0.125210
2026-01-31T09:15:00+00:00,0.118880
2026-01-31T09:30:00+00:00,0.117300
2026-01-31T09:45:00+00:00,0.110610
2026-01-31T10:00:00+00:00,0.123640
2026-01-31T10:15:00+00:00,0.115870
2026-01-31T10:30:00+00:00,0.116530
2026-01-31T10:45:00+00:00,0.110680
2026-01-31T11:00:00+00:00,0.120010
2026-01-31T11:15:00+00:00,0.112490
2026-01-31T11:30:00+00:00,0.113410
2026-01-31T11:45:00+00:00,0.111720
2026-01-31T12:00:00+00:00,0.111910
2026-01-31T12:15:00+00:00,0.109750
2026-01-31T12:30:00+00:00,0.108840
2026-01-31T12:45:00+00:00,0.109160
2026-01-31T13:00:00+00:00,0.110770
2026-01-31T13:15:00+00:00,0.110990
2026-01-31T13:30:00+00:00,0.114710
2026-01-31T13:45:00+00:00,0.115000
2026-01-31T14:00:00+00:00,0.111330
2026-01-31T14:15:00+00:00,0.116020
2026-01-31T14:30:00+00:00,0.117540
2026-01-31T14:45:00+00:00,0.122360
2026-01-31T15:00:00+00:00,0.105150
2026-01-31T15:15:00+00:00,0.121200
2026-01-31T15:30:00+00:00,0.128130
2026-01-31T15:45:00+00:00,0.135610
2026-01-31T16:00:00+00:00,0.136400
2026-01-31T16:15:00+00:00,0.137540
2026-01-31T16:30:00+00:00,0.146420
2026-01-31T16:45:00+00:00,0.151470
2026-01-31T17:00:00+00:00,0.148940
2026-01-31T17:15:00+00:00,0.149930
2026-01-31T17:30:00+00:00,0.148940
2026-01-31T17:45:00+00:00,0.142990
2026-01-31T18:00:00+00:00,0.152720
2026-01-31T18:15:00+00:00,0.143920
2026-01-31T18:30:00+00:00,0.136750
2026-01-31T18:45:00+00:00,0.128050
2026-01-31T19:00:00+00:00,0.134180
2026-01-31T19:15:00+00:00,0.129050
2026-01-31T19:30:00+00:00,0.125070
2026-01-31T19:45:00+00:00,0.114340
2026-01-31T20:00:00+00:00,0.127860
2026-01-31T20:15:00+00:00,0.121000
2026-01-31T20:30:00+00:00,0.117280
2026-01-31T20:45:00+00:00,0.109860
2026-01-31T21:00:00+00:00,0.126690
2026-01-31T21:15:00+00:00,0.118440
2026-01-31T21:30:00+00:00,0.121260
2026-01-31T21:45:00+00:00,0.106840
2026-01-31T22:00:00+00:00,0.112820
2026-01-31T22:15:00+00:00,0.113220
2026-01-31T22:30:00+00:00,0.117800
2026-01-31T22:45:00+00:00,0.100550
2026-01-31T23:00:00+00:00,0.140790
2026-01-31T23:15:00+00:00,0.121170
2026-01-31T23:30:00+00:00,0.100880
2026-01-31T23:45:00+00:00,0.100330
2026-02-01T00:00:00+00:00,0.142700
2026-02-01T00:15:00+00:00,0.115630
2026-02-01T00:30:00+00:00,0.110600
2026-02-01T00:45:00+00:00,0.098970
2026-02-01T01:00:00+00:00,0.111920
2026-02-01T01:15:00+00:00,0.100370
2026-02-01T01:30:00+00:00,0.100660
2026-02-01T01:45:00+00:00,0.099000
2026-02-01T02:00:00+00:00,0.094720
2026-02-01T02:15:00+00:00,0.098350
2026-02-01T02:30:00+00:00,0.096580
2026-02-01T02:45:00+00:00,0.098740
2026-02-01T03:00:00+00:00,0.098850
2026-02-01T03:15:00+00:00,0.098690
2026-02-01T03:30:00+00:00,0.098000
2026-02-01T03:45:00+00:00,0.097710
2026-02-01T04:00:00+00:00,0.097710
2026-02-01T04:15:00+00:00,0.095410
2026-02-01T04:30:00+00:00,0.099890
2026-02-01T04:45:00+00:00,0.099880
2026-02-01T05:00:00+00:00,0.094470
2026-02-01T05:15:00+00:00,0.096680
2026-02-01T05:30:00+00:00,0.096060
2026-02-01T05:45:00+00:00,0.098430
2026-02-01T06:00:00+00:00,0.098270
2026-02-01T06:15:00+00:00,0.097500
2026-02-01T06:30:00+00:00,0.103080
2026-02-01T06:45:00+00:00,0.105140
2026-02-01T07:00:00+00:00,0.104830
2026-02-01T07:15:00+00:00,0.106790
2026-02-01T07:30:00+00:00,0.109670
2026-02-01T07:45:00+00:00,0.107700
2026-02-01T08:00:00+00:00,0.113580
2026-02-01T08:15:00+00:00,0.112180
2026-02-01T08:30:00+00:00,0.111150
2026-02-01T08:45:00+00:00,0.111200
2026-02-01T09:00:00+00:00,0.117870
2026-02-01T09:15:00+00:00,0.112340
2026-02-01T09:30:00+00:00,0.111500
2026-02-01T09:45:00+00:00,0.108870
2026-02-01T10:00:00+00:00,0.111170
2026-02-01T10:15:00+00:00,0.110530
2026-02-01T10:30:00+00:00,0.109290
2026-02-01T10:45:00+00:00,0.108250
2026-02-01T11:00:00+00:00,0.110520
2026-02-01T11:15:00+00:00,0.106330
2026-02-01T11:30:00+00:00,0.108670
2026-02-01T11:45:00+00:00,0.106110
2026-02-01T12:00:00+00:00,0.102810
2026-02-01T12:15:00+00:00,0.100100
2026-02-01T12:30:00+00:00,0.100800
2026-02-01T12:45:00+00:00,0.100100
2026-02-01T13:00:00+00:00,0.102130
2026-02-01T13:15:00+00:00,0.102350
2026-02-01T13:30:00+00:00,0.105520
2026-02-01T13:45:00+00:00,0.106160
2026-02-01T14:00:00+00:00,0.104650
2026-02-01T14:15:00+00:00,0.109460
2026-02-01T14:30:00+00:00,0.114340
2026-02-01T14:45:00+00:00,0.116610
2026-02-01T15:00:00+00:00,0.107600
2026-02-01T15:15:00+00:00,0.112420
2026-02-01T15:30:00+00:00,0.117290
2026-02-01T15:45:00+00:00,0.128430
2026-02-01T16:00:00+00:00,0.126730
2026-02-01T16:15:00+00:00,0.129970
2026-02-01T16:30:00+00:00,0.137010
2026-02-01T16:45:00+00:00,0.141510
2026-02-01T17:00:00+00:00,0.138310
2026-02-01T17:15:00+00:00,0.139300
2026-02-01T17:30:00+00:00,0.149060
2026-02-01T17:45:00+00:00,0.144970
2026-02-01T18:00:00+00:00,0.150490
2026-02-01T18:15:00+00:00,0.142890
2026-02-01T18:30:00+00:00,0.142000
2026-02-01T18:45:00+00:00,0.134830
2026-02-01T19:00:00+00:00,0.140380
2026-02-01T19:15:00+00:00,0.140750
2026-02-01T19:30:00+00:00,0.130390
2026-02-01T19:45:00+00:00,0.120670
2026-02-01T20:00:00+00:00,0.122150
2026-02-01T20:15:00+00:00,0.118520
2026-02-01T20:30:00+00:00,0.111940
2026-02-01T20:45:00+00:00,0.102750
2026-02-01T21:00:00+00:00,0.117280
2026-02-01T21:15:00+00:00,0.113440
2026-02-01T21:30:00+00:00,0.115430
2026-02-01T21:45:00+00:00,0.109100
2026-02-01T22:00:00+00:00,0.117030
2026-02-01T22:15:00+00:00,0.106230
2026-02-01T22:30:00+00:00,0.111690
2026-02-01T22:45:00+00:00,0.103840
2026-02-01T23:00:00+00:00,0.103360
2026-02-01T23:15:00+00:00,0.105350
2026-02-01T23:30:00+00:00,0.102380
2026-02-01T23:45:00+00:00,0.098230
2026-02-02T00:00:00+00:00,0.102120
2026-02-02T00:15:00+00:00,0.095870
2026-02-02T00:30:00+00:00,0.100610
2026-02-02T00:45:00+00:00,0.099350
2026-02-02T01:00:00+00:00,0.097440
2026-02-02T01:15:00+00:00,0.097460
2026-02-02T01:30:00+00:00,0.095900
2026-02-02T01:45:00+00:00,0.094230
2026-02-02T02:00:00+00:00,0.092900
2026-02-02T02:15:00+00:00,0.090370
2026-02-02T02:30:00+00:00,0.090260
2026-02-02T02:45:00+00:00,0.089910
2026-02-02T03:00:00+00:00,0.092440
2026-02-02T03:15:00+00:00,0.091780
2026-02-02T03:30:00+00:00,0.091890
2026-02-02T03:45:00+00:00,0.092020
2026-02-02T04:00:00+00:00,0.094650
2026-02-02T04:15:00+00:00,0.090570
2026-02-02T04:30:00+00:00,0.095850
2026-02-02T04:45:00+00:00,0.097820
2026-02-02T05:00:00+00:00,0.089780
2026-02-02T05:15:00+00:00,0.103310
2026-02-02T05:30:00+00:00,0.113130
2026-02-02T05:45:00+00:00,0.120100
2026-02-02T06:00:00+00:00,0.108420
2026-02-02T06:15:00+00:00,0.112920
2026-02-02T06:30:00+00:00,0.123790
2026-02-02T06:45:00+00:00,0.125540
2026-02-02T07:00:00+00:00,0.132060
2026-02-02T07:15:00+00:00,0.139010
2026-02-02T07:30:00+00:00,0.140220
2026-02-02T07:45:00+00:00,0.136570
2026-02-02T08:00:00+00:00,0.154130
2026-02-02T08:15:00+00:00,0.142700
2026-02-02T08:30:00+00:00,0.136030
2026-02-02T08:45:00+00:00,0.127890
2026-02-02T09:00:00+00:00,0.132660
2026-02-02T09:15:00+00:00,0.128830
2026-02-02T09:30:00+00:00,0.124430
2026-02-02T09:45:00+00:00,0.115310
2026-02-02T10:00:00+00:00,0.126150
2026-02-02T10:15:00+00:00,0.118140
2026-02-02T10:30:00+00:00,0.112620
2026-02-02T10:45:00+00:00,0.111340
2026-02-02T11:00:00+00:00,0.113540
2026-02-02T11:15:00+00:00,0.114590
2026-02-02T11:30:00+00:00,0.116350
2026-02-02T11:45:00+00:00,0.113310
2026-02-02T12:00:00+00:00,0.113430
2026-02-02T12:15:00+00:00,0.110970
2026-02-02T12:30:00+00:00,0.110270
2026-02-02T12:45:00+00:00,0.110070
2026-02-02T13:00:00+00:00,0.105100
2026-02-02T13:15:00+00:00,0.104650
2026-02-02T13:30:00+00:00,0.106050
2026-02-02T13:45:00+00:00,0.109420
2026-02-02T14:00:00+00:00,0.102170
2026-02-02T14:15:00+00:00,0.104930
2026-02-02T14:30:00+00:00,0.110990
2026-02-02T14:45:00+00:00,0.115390
2026-02-02T15:00:00+00:00,0.102610
2026-02-02T15:15:00+00:00,0.108110
2026-02-02T15:30:00+00:00,0.113990
2026-02-02T15:45:00+00:00,0.119650
2026-02-02T16:00:00+00:00,0.109940
2026-02-02T16:15:00+00:00,0.117540
2026-02-02T16:30:00+00:00,0.125830
2026-02-02T16:45:00+00:00,0.121330
2026-02-02T17:00:00+00:00,0.123960
2026-02-02T17:15:00+00:00,0.118570
2026-02-02T17:30:00+00:00,0.120050
2026-02-02T17:45:00+00:00,0.117100
2026-02-02T18:00:00+00:00,0.105660
2026-02-02T18:15:00+00:00,0.105060
2026-02-02T18:30:00+00:00,0.104140
2026-02-02T18:45:00+00:00,0.100800
2026-02-02T19:00:00+00:00,0.106620
2026-02-02T19:15:00+00:00,0.104580
2026-02-02T19:30:00+00:00,0.102110
2026-02-02T19:45:00+00:00,0.100130
2026-02-02T20:00:00+00:00,0.107730
2026-02-02T20:15:00+00:00,0.104570
2026-02-02T20:30:00+00:00,0.099910
2026-02-02T20:45:00+00:00,0.096160
2026-02-02T21:00:00+00:00,0.103530
2026-02-02T21:15:00+00:00,0.100970
2026-02-02T21:30:00+00:00,0.100530
2026-02-02T21:45:00+00:00,0.095270
2026-02-02T22:00:00+00:00,0.098170
2026-02-02T22:15:00+00:00,0.090700
2026-02-02T22:30:00+00:00,0.090210
2026-02-02T22:45:00+00:00,0.085410
2026-02-02T23:00:00+00:00,0.097150
2026-02-02T23:15:00+00:00,0.092440
2026-02-02T23:30:00+00:00,0.085920
2026-02-02T23:45:00+00:00,0.082500
2026-02-03T00:00:00+00:00,0.090070
2026-02-03T00:15:00+00:00,0.086890
2026-02-03T00:30:00+00:00,0.086250
2026-02-03T00:45:00+00:00,0.084110
2026-02-03T01:00:00+00:00,0.089070
2026-02-03T01:15:00+00:00,0.083420
2026-02-03T01:30:00+00:00,0.077940
2026-02-03T01:45:00+00:00,0.075020
2026-02-03T02:00:00+00:00,0.077480
2026-02-03T02:15:00+00:00,0.075170
2026-02-03T02:30:00+00:00,0.073290
2026-02-03T02:45:00+00:00,0.072570
2026-02-03T03:00:00+00:00,0.072480
2026-02-03T03:15:00+00:00,0.070300
2026-02-03T03:30:00+00:00,0.071680
2026-02-03T03:45:00+00:00,0.073530
2026-02-03T04:00:00+00:00,0.074360
2026-02-03T04:15:00+00:00,0.073020
2026-02-03T04:30:00+00:00,0.079200
2026-02-03T04:45:00+00:00,0.088660
2026-02-03T05:00:00+00:00,0.081860
2026-02-03T05:15:00+00:00,0.085250
2026-02-03T05:30:00+00:00,0.091810
2026-02-03T05:45:00+00:00,0.100080
2026-02-03T06:00:00+00:00,0.094360
2026-02-03T06:15:00+00:00,0.098850
2026-02-03T06:30:00+00:00,0.101550
2026-02-03T06:45:00+00:00,0.102990
2026-02-03T07:00:00+00:00,0.105100
2026-02-03T07:15:00+00:00,0.108050
2026-02-03T07:30:00+00:00,0.110400
2026-02-03T07:45:00+00:00,0.105340
2026-02-03T08:00:00+00:00,0.118450
2026-02-03T08:15:00+00:00,0.110300
2026-02-03T08:30:00+00:00,0.106320
2026-02-03T08:45:00+00:00,0.098250
2026-02-03T09:00:00+00:00,0.105750
2026-02-03T09:15:00+00:00,0.100010
2026-02-03T09:30:00+00:00,0.098600
2026-02-03T09:45:00+00:00,0.095230
2026-02-03T10:00:00+00:00,0.095630
2026-02-03T10:15:00+00:00,0.090840
2026-02-03T10:30:00+00:00,0.086400
2026-02-03T10:45:00+00:00,0.080370
2026-02-03T11:00:00+00:00,0.089170
2026-02-03T11:15:00+00:00,0.083140
2026-02-03T11:30:00+00:00,0.085420
2026-02-03T11:45:00+00:00,0.087840
2026-02-03T12:00:00+00:00,0.088310
2026-02-03T12:15:00+00:00,0.087820
2026-02-03T12:30:00+00:00,0.088580
2026-02-03T12:45:00+00:00,0.089040
2026-02-03T13:00:00+00:00,0.086520
2026-02-03T13:15:00+00:00,0.091800
2026-02-03T13:30:00+00:00,0.094810
2026-02-03T13:45:00+00:00,0.098070
2026-02-03T14:00:00+00:00,0.092940
2026-02-03T14:15:00+00:00,0.099730
2026-02-03T14:30:00+00:00,0.102100
2026-02-03T14:45:00+00:00,0.106260
2026-02-03T15:00:00+00:00,0.098270
2026-02-03T15:15:00+00:00,0.103160
2026-02-03T15:30:00+00:00,0.107000
2026-02-03T15:45:00+00:00,0.115820
2026-02-03T16:00:00+00:00,0.110990
2026-02-03T16:15:00+00:00,0.122050
2026-02-03T16:30:00+00:00,0.127730
2026-02-03T16:45:00+00:00,0.130800
2026-02-03T17:00:00+00:00,0.123830
2026-02-03T17:15:00+00:00,0.124750
2026-02-03T17:30:00+00:00,0.127010
2026-02-03T17:45:00+00:00,0.127640
2026-02-03T18:00:00+00:00,0.124530
2026-02-03T18:15:00+00:00,0.124410
2026-02-03T18:30:00+00:00,0.123880
2026-02-03T18:45:00+00:00,0.120110
2026-02-03T19:00:00+00:00,0.118680
2026-02-03T19:15:00+00:00,0.115700
2026-02-03T19:30:00+00:00,0.108080
2026-02-03T19:45:00+00:00,0.105940
2026-02-03T20:00:00+00:00,0.108810
2026-02-03T20:15:00+00:00,0.104960
2026-02-03T20:30:00+00:00,0.101770
2026-02-03T20:45:00+00:00,0.098330
2026-02-03T21:00:00+00:00,0.106810
2026-02-03T21:15:00+00:00,0.101910
2026-02-03T21:30:00+00:00,0.100210
2026-02-03T21:45:00+00:00,0.095990
2026-02-03T22:00:00+00:00,0.098230
2026-02-03T22:15:00+00:00,0.097540
2026-02-03T22:30:00+00:00,0.094830
2026-02-03T22:45:00+00:00,0.089000
2026-02-03T23:00:00+00:00,0.096660
2026-02-03T23:15:00+00:00,0.093040
2026-02-03T23:30:00+00:00,0.093570
2026-02-03T23:45:00+00:00,0.090710
2026-02-04T00:00:00+00:00,0.092950
2026-02-04T00:15:00+00:00,0.091280
2026-02-04T00:30:00+00:00,0.092290
2026-02-04T00:45:00+00:00,0.089850
2026-02-04T01:00:00+00:00,0.092480
2026-02-04T01:15:00+00:00,0.091250
2026-02-04T01:30:00+00:00,0.091570
2026-02-04T01:45:00+00:00,0.092100
2026-02-04T02:00:00+00:00,0.092350
2026-02-04T02:15:00+00:00,0.090670
2026-02-04T02:30:00+00:00,0.092510
2026-02-04T02:45:00+00:00,0.091470
2026-02-04T03:00:00+00:00,0.089750
2026-02-04T03:15:00+00:00,0.089890
2026-02-04T03:30:00+00:00,0.091900
2026-02-04T03:45:00+00:00,0.092940
2026-02-04T04:00:00+00:00,0.091120
2026-02-04T04:15:00+00:00,0.092440
2026-02-04T04:30:00+00:00,0.094940
2026-02-04T04:45:00+00:00,0.098970
2026-02-04T05:00:00+00:00,0.098290
2026-02-04T05:15:00+00:00,0.101160
2026-02-04T05:30:00+00:00,0.104490
2026-02-04T05:45:00+00:00,0.107140
2026-02-04T06:00:00+00:00,0.112030
2026-02-04T06:15:00+00:00,0.116880
2026-02-04T06:30:00+00:00,0.123900
2026-02-04T06:45:00+00:00,0.128800
2026-02-04T07:00:00+00:00,0.133590
2026-02-04T07:15:00+00:00,0.137800
2026-02-04T07:30:00+00:00,0.131280
2026-02-04T07:45:00+00:00,0.122840
2026-02-04T08:00:00+00:00,0.136830
2026-02-04T08:15:00+00:00,0.124450
2026-02-04T08:30:00+00:00,0.118630
2026-02-04T08:45:00+00:00,0.110320
2026-02-04T09:00:00+00:00,0.118610
2026-02-04T09:15:00+00:00,0.112890
2026-02-04T09:30:00+00:00,0.105540
2026-02-04T09:45:00+00:00,0.100830
2026-02-04T10:00:00+00:00,0.102460
2026-02-04T10:15:00+00:00,0.101080
2026-02-04T10:30:00+00:00,0.097100
2026-02-04T10:45:00+00:00,0.095950
2026-02-04T11:00:00+00:00,0.095510
2026-02-04T11:15:00+00:00,0.093030
2026-02-04T11:30:00+00:00,0.090460
2026-02-04T11:45:00+00:00,0.090430
2026-02-04T12:00:00+00:00,0.091870
2026-02-04T12:15:00+00:00,0.089950
2026-02-04T12:30:00+00:00,0.088110
2026-02-04T12:45:00+00:00,0.090060
2026-02-04T13:00:00+00:00,0.090190
2026-02-04T13:15:00+00:00,0.090910
2026-02-04T13:30:00+00:00,0.094750
2026-02-04T13:45:00+00:00,0.099570
2026-02-04T14:00:00+00:00,0.093460
2026-02-04T14:15:00+00:00,0.096620
2026-02-04T14:30:00+00:00,0.103080
2026-02-04T14:45:00+00:00,0.106450
2026-02-04T15:00:00+00:00,0.103020
2026-02-04T15:15:00+00:00,0.108840
2026-02-04T15:30:00+00:00,0.115080
2026-02-04T15:45:00+00:00,0.122260
2026-02-04T16:00:00+00:00,0.116060
2026-02-04T16:15:00+00:00,0.120330
2026-02-04T16:30:00+00:00,0.124480
2026-02-04T16:45:00+00:00,0.125660
2026-02-04T17:00:00+00:00,0.114340
2026-02-04T17:15:00+00:00,0.115350
2026-02-04T17:30:00+00:00,0.116600
2026-02-04T17:45:00+00:00,0.113710
2026-02-04T18:00:00+00:00,0.113030
2026-02-04T18:15:00+00:00,0.104440
2026-02-04T18:30:00+00:00,0.099790
2026-02-04T18:45:00+00:00,0.093830
2026-02-04T19:00:00+00:00,0.093960
2026-02-04T19:15:00+00:00,0.085970
2026-02-04T19:30:00+00:00,0.086070
2026-02-04T19:45:00+00:00,0.090100
2026-02-04T20:00:00+00:00,0.098850
2026-02-04T20:15:00+00:00,0.095140
2026-02-04T20:30:00+00:00,0.092060
2026-02-04T20:45:00+00:00,0.087260
2026-02-04T21:00:00+00:00,0.096480
2026-02-04T21:15:00+00:00,0.093720
2026-02-04T21:30:00+00:00,0.093710
2026-02-04T21:45:00+00:00,0.087940
2026-02-04T22:00:00+00:00,0.090470
2026-02-04T22:15:00+00:00,0.084950
2026-02-04T22:30:00+00:00,0.085090
2026-02-04T22:45:00+00:00,0.079760
2026-02-04T23:00:00+00:00,0.088530
2026-02-04T23:15:00+00:00,0.085700
2026-02-04T23:30:00+00:00,0.086980
2026-02-04T23:45:00+00:00,0.084350
2026-02-05T00:00:00+00:00,0.086790
2026-02-05T00:15:00+00:00,0.084320
2026-02-05T00:30:00+00:00,0.085450
2026-02-05T00:45:00+00:00,0.082880
2026-02-05T01:00:00+00:00,0.083400
2026-02-05T01:15:00+00:00,0.083120
2026-02-05T01:30:00+00:00,0.084280
2026-02-05T01:45:00+00:00,0.080440
2026-02-05T02:00:00+00:00,0.079570
2026-02-05T02:15:00+00:00,0.080250
2026-02-05T02:30:00+00:00,0.078540
2026-02-05T02:45:00+00:00,0.077320
2026-02-05T03:00:00+00:00,0.076490
2026-02-05T03:15:00+00:00,0.078910
2026-02-05T03:30:00+00:00,0.081210
2026-02-05T03:45:00+00:00,0.081940
2026-02-05T04:00:00+00:00,0.082680
2026-02-05T04:15:00+00:00,0.084470
2026-02-05T04:30:00+00:00,0.086460
2026-02-05T04:45:00+00:00,0.088120
2026-02-05T05:00:00+00:00,0.089050
2026-02-05T05:15:00+00:00,0.098020
2026-02-05T05:30:00+00:00,0.098050
2026-02-05T05:45:00+00:00,0.096440
2026-02-05T06:00:00+00:00,0.096690
2026-02-05T06:15:00+00:00,0.101270
2026-02-05T06:30:00+00:00,0.100220
2026-02-05T06:45:00+00:00,0.101780
2026-02-05T07:00:00+00:00,0.110550
2026-02-05T07:15:00+00:00,0.113280
2026-02-05T07:30:00+00:00,0.117410
2026-02-05T07:45:00+00:00,0.116740
2026-02-05T08:00:00+00:00,0.113230
2026-02-05T08:15:00+00:00,0.113390
2026-02-05T08:30:00+00:00,0.108820
2026-02-05T08:45:00+00:00,0.106190
2026-02-05T09:00:00+00:00,0.119120
2026-02-05T09:15:00+00:00,0.110430
2026-02-05T09:30:00+00:00,0.102930
2026-02-05T09:45:00+00:00,0.096460
2026-02-05T10:00:00+00:00,0.101610
2026-02-05T10:15:00+00:00,0.095940
2026-02-05T10:30:00+00:00,0.085300
2026-02-05T10:45:00+00:00,0.084990
2026-02-05T11:00:00+00:00,0.099800
2026-02-05T11:15:00+00:00,0.098930
2026-02-05T11:30:00+00:00,0.099250
2026-02-05T11:45:00+00:00,0.100280
2026-02-05T12:00:00+00:00,0.100930
2026-02-05T12:15:00+00:00,0.101270
2026-02-05T12:30:00+00:00,0.103380
2026-02-05T12:45:00+00:00,0.104890
2026-02-05T13:00:00+00:00,0.097410
2026-02-05T13:15:00+00:00,0.101200
2026-02-05T13:30:00+00:00,0.101850
2026-02-05T13:45:00+00:00,0.110540
2026-02-05T14:00:00+00:00,0.101040
2026-02-05T14:15:00+00:00,0.106310
2026-02-05T14:30:00+00:00,0.114600
2026-02-05T14:45:00+00:00,0.121210
2026-02-05T15:00:00+00:00,0.109230
2026-02-05T15:15:00+00:00,0.117280
2026-02-05T15:30:00+00:00,0.123780
2026-02-05T15:45:00+00:00,0.125080
2026-02-05T16:00:00+00:00,0.121540
2026-02-05T16:15:00+00:00,0.128440
2026-02-05T16:30:00+00:00,0.140710
2026-02-05T16:45:00+00:00,0.144470
2026-02-05T17:00:00+00:00,0.133660
2026-02-05T17:15:00+00:00,0.130760
2026-02-05T17:30:00+00:00,0.134780
2026-02-05T17:45:00+00:00,0.129960
2026-02-05T18:00:00+00:00,0.135210
2026-02-05T18:15:00+00:00,0.128700
2026-02-05T18:30:00+00:00,0.126880
2026-02-05T18:45:00+00:00,0.123360
2026-02-05T19:00:00+00:00,0.124890
2026-02-05T19:15:00+00:00,0.117730
2026-02-05T19:30:00+00:00,0.113540
2026-02-05T19:45:00+00:00,0.104630
2026-02-05T20:00:00+00:00,0.110290
2026-02-05T20:15:00+00:00,0.105760
2026-02-05T20:30:00+00:00,0.102150
2026-02-05T20:45:00+00:00,0.094040
2026-02-05T21:00:00+00:00,0.106760
2026-02-05T21:15:00+00:00,0.101430
2026-02-05T21:30:00+00:00,0.102610
2026-02-05T21:45:00+00:00,0.099610
2026-02-05T22:00:00+00:00,0.103850
2026-02-05T22:15:00+00:00,0.098530
2026-02-05T22:30:00+00:00,0.095200
2026-02-05T22:45:00+00:00,0.085980
2026-02-05T23:00:00+00:00,0.100520
2026-02-05T23:15:00+00:00,0.095850
2026-02-05T23:30:00+00:00,0.095800
2026-02-05T23:45:00+00:00,0.094020
2026-02-06T00:00:00+00:00,0.098250
2026-02-06T00:15:00+00:00,0.095730
2026-02-06T00:30:00+00:00,0.094920
2026-02-06T00:45:00+00:00,0.092070
2026-02-06T01:00:00+00:00,0.094390
2026-02-06T01:15:00+00:00,0.092350
2026-02-06T01:30:00+00:00,0.089110
2026-02-06T01:45:00+00:00,0.090640
2026-02-06T02:00:00+00:00,0.089100
2026-02-06T02:15:00+00:00,0.090110
2026-02-06T02:30:00+00:00,0.088790
2026-02-06T02:45:00+00:00,0.087760
2026-02-06T03:00:00+00:00,0.087150
2026-02-06T03:15:00+00:00,0.087910
2026-02-06T03:30:00+00:00,0.088400
2026-02-06T03:45:00+00:00,0.089800
2026-02-06T04:00:00+00:00,0.093840
2026-02-06T04:15:00+00:00,0.091940
2026-02-06T04:30:00+00:00,0.093510
2026-02-06T04:45:00+00:00,0.100770
2026-02-06T05:00:00+00:00,0.092650
2026-02-06T05:15:00+00:00,0.102870
2026-02-06T05:30:00+00:00,0.108720
2026-02-06T05:45:00+00:00,0.113500
2026-02-06T06:00:00+00:00,0.115470
2026-02-06T06:15:00+00:00,0.128240
2026-02-06T06:30:00+00:00,0.142180
2026-02-06T06:45:00+00:00,0.140770
2026-02-06T07:00:00+00:00,0.136600
2026-02-06T07:15:00+00:00,0.141820
2026-02-06T07:30:00+00:00,0.142120
2026-02-06T07:45:00+00:00,0.142100
2026-02-06T08:00:00+00:00,0.144760
2026-02-06T08:15:00+00:00,0.141480
2026-02-06T08:30:00+00:00,0.136500
2026-02-06T08:45:00+00:00,0.132830
2026-02-06T09:00:00+00:00,0.141630
2026-02-06T09:15:00+00:00,0.136300
2026-02-06T09:30:00+00:00,0.133450
2026-02-06T09:45:00+00:00,0.129310
2026-02-06T10:00:00+00:00,0.136380
2026-02-06T10:15:00+00:00,0.131600
2026-02-06T10:30:00+00:00,0.128950
2026-02-06T10:45:00+00:00,0.121410
2026-02-06T11:00:00+00:00,0.124270
2026-02-06T11:15:00+00:00,0.122950
2026-02-06T11:30:00+00:00,0.125390
2026-02-06T11:45:00+00:00,0.119780
2026-02-06T12:00:00+00:00,0.127830
2026-02-06T12:15:00+00:00,0.123000
2026-02-06T12:30:00+00:00,0.122470
2026-02-06T12:45:00+00:00,0.118180
2026-02-06T13:00:00+00:00,0.115190
2026-02-06T13:15:00+00:00,0.120440
2026-02-06T13:30:00+00:00,0.124710
2026-02-06T13:45:00+00:00,0.129980
2026-02-06T14:00:00+00:00,0.118960
2026-02-06T14:15:00+00:00,0.124370
2026-02-06T14:30:00+00:00,0.129490
2026-02-06T14:45:00+00:00,0.136950
2026-02-06T15:00:00+00:00,0.121030
2026-02-06T15:15:00+00:00,0.125530
2026-02-06T15:30:00+00:00,0.127480
2026-02-06T15:45:00+00:00,0.128700
2026-02-06T16:00:00+00:00,0.122310
2026-02-06T16:15:00+00:00,0.131270
2026-02-06T16:30:00+00:00,0.135760
2026-02-06T16:45:00+00:00,0.140960
2026-02-06T17:00:00+00:00,0.136930
2026-02-06T17:15:00+00:00,0.134570
2026-02-06T17:30:00+00:00,0.125720
2026-02-06T17:45:00+00:00,0.125490
2026-02-06T18:00:00+00:00,0.135400
2026-02-06T18:15:00+00:00,0.124730
2026-02-06T18:30:00+00:00,0.127300
2026-02-06T18:45:00+00:00,0.114960
2026-02-06T19:00:00+00:00,0.119940
2026-02-06T19:15:00+00:00,0.109560
2026-02-06T19:30:00+00:00,0.107370
2026-02-06T19:45:00+00:00,0.103530
2026-02-06T20:00:00+00:00,0.110470
2026-02-06T20:15:00+00:00,0.107540
2026-02-06T20:30:00+00:00,0.103950
2026-02-06T20:45:00+00:00,0.098470
2026-02-06T21:00:00+00:00,0.105080
2026-02-06T21:15:00+00:00,0.101950
2026-02-06T21:30:00+00:00,0.104510
2026-02-06T21:45:00+00:00,0.101780
2026-02-06T22:00:00+00:00,0.105000
2026-02-06T22:15:00+00:00,0.099650
2026-02-06T22:30:00+00:00,0.101290
2026-02-06T22:45:00+00:00,0.095710
2026-02-06T23:00:00+00:00,0.104250
2026-02-06T23:15:00+00:00,0.101030
2026-02-06T23:30:00+00:00,0.095030
2026-02-06T23:45:00+00:00,0.094150
2026-02-07T00:00:00+00:00,0.097130
2026-02-07T00:15:00+00:00,0.094530
2026-02-07T00:30:00+00:00,0.098970
2026-02-07T00:45:00+00:00,0.095550
2026-02-07T01:00:00+00:00,0.095680
2026-02-07T01:15:00+00:00,0.094200
2026-02-07T01:30:00+00:00,0.092490
2026-02-07T01:45:00+00:00,0.089570
2026-02-07T02:00:00+00:00,0.093680
2026-02-07T02:15:00+00:00,0.089980
2026-02-07T02:30:00+00:00,0.089450
2026-02-07T02:45:00+00:00,0.086950
2026-02-07T03:00:00+00:00,0.089100
2026-02-07T03:15:00+00:00,0.089090
2026-02-07T03:30:00+00:00,0.087700
2026-02-07T03:45:00+00:00,0.087320
2026-02-07T04:00:00+00:00,0.087680
2026-02-07T04:15:00+00:00,0.089020
2026-02-07T04:30:00+00:00,0.090090
2026-02-07T04:45:00+00:00,0.091820
2026-02-07T05:00:00+00:00,0.084500
2026-02-07T05:15:00+00:00,0.091090
2026-02-07T05:30:00+00:00,0.093050
2026-02-07T05:45:00+00:00,0.098050
2026-02-07T06:00:00+00:00,0.097590
2026-02-07T06:15:00+00:00,0.099330
2026-02-07T06:30:00+00:00,0.102250
2026-02-07T06:45:00+00:00,0.105160
2026-02-07T07:00:00+00:00,0.104200
2026-02-07T07:15:00+00:00,0.108630
2026-02-07T07:30:00+00:00,0.113060
2026-02-07T07:45:00+00:00,0.109430
2026-02-07T08:00:00+00:00,0.118740
2026-02-07T08:15:00+00:00,0.111690
2026-02-07T08:30:00+00:00,0.112400
2026-02-07T08:45:00+00:00,0.103550
2026-02-07T09:00:00+00:00,0.112970
2026-02-07T09:15:00+00:00,0.102550
2026-02-07T09:30:00+00:00,0.099810
2026-02-07T09:45:00+00:00,0.092410
2026-02-07T10:00:00+00:00,0.100910
2026-02-07T10:15:00+00:00,0.096320
2026-02-07T10:30:00+00:00,0.095010
2026-02-07T10:45:00+00:00,0.092290
2026-02-07T11:00:00+00:00,0.096090
2026-02-07T11:15:00+00:00,0.091990
2026-02-07T11:30:00+00:00,0.090580
2026-02-07T11:45:00+00:00,0.088520
2026-02-07T12:00:00+00:00,0.090940
2026-02-07T12:15:00+00:00,0.089930
2026-02-07T12:30:00+00:00,0.087640
2026-02-07T12:45:00+00:00,0.088000
2026-02-07T13:00:00+00:00,0.084210
2026-02-07T13:15:00+00:00,0.086310
2026-02-07T13:30:00+00:00,0.089850
2026-02-07T13:45:00+00:00,0.094540
2026-02-07T14:00:00+00:00,0.089090
2026-02-07T14:15:00+00:00,0.091990
2026-02-07T14:30:00+00:00,0.096960
2026-02-07T14:45:00+00:00,0.101960
2026-02-07T15:00:00+00:00,0.095530
2026-02-07T15:15:00+00:00,0.105170
2026-02-07T15:30:00+00:00,0.114510
2026-02-07T15:45:00+00:00,0.123150
2026-02-07T16:00:00+00:00,0.119050
2026-02-07T16:15:00+00:00,0.123510
2026-02-07T16:30:00+00:00,0.129570
2026-02-07T16:45:00+00:00,0.134880
2026-02-07T17:00:00+00:00,0.131830
2026-02-07T17:15:00+00:00,0.132040
2026-02-07T17:30:00+00:00,0.131100
2026-02-07T17:45:00+00:00,0.130280
2026-02-07T18:00:00+00:00,0.129290
2026-02-07T18:15:00+00:00,0.128210
2026-02-07T18:30:00+00:00,0.122580
2026-02-07T18:45:00+00:00,0.115280
2026-02-07T19:00:00+00:00,0.119990
2026-02-07T19:15:00+00:00,0.110320
2026-02-07T19:30:00+00:00,0.105720
2026-02-07T19:45:00+00:00,0.101460
2026-02-07T20:00:00+00:00,0.106550
2026-02-07T20:15:00+00:00,0.103080
2026-02-07T20:30:00+00:00,0.100630
2026-02-07T20:45:00+00:00,0.096350
2026-02-07T21:00:00+00:00,0.106380
2026-02-07T21:15:00+00:00,0.103880
2026-02-07T21:30:00+00:00,0.102920
2026-02-07T21:45:00+00:00,0.100000
2026-02-07T22:00:00+00:00,0.104200
2026-02-07T22:15:00+00:00,0.099880
2026-02-07T22:30:00+00:00,0.096110
2026-02-07T22:45:00+00:00,0.091800
2026-02-07T23:00:00+00:00,0.108870
2026-02-07T23:15:00+00:00,0.101130
2026-02-07T23:30:00+00:00,0.097820
2026-02-07T23:45:00+00:00,0.093070
2026-02-08T00:00:00+00:00,0.097790
2026-02-08T00:15:00+00:00,0.098660
2026-02-08T00:30:00+00:00,0.097100
2026-02-08T00:45:00+00:00,0.095210
2026-02-08T01:00:00+00:00,0.098050
2026-02-08T01:15:00+00:00,0.095230
2026-02-08T01:30:00+00:00,0.092690
2026-02-08T01:45:00+00:00,0.091630
2026-02-08T02:00:00+00:00,0.093490
2026-02-08T02:15:00+00:00,0.092250
2026-02-08T02:30:00+00:00,0.091130
2026-02-08T02:45:00+00:00,0.091610
2026-02-08T03:00:00+00:00,0.090350
2026-02-08T03:15:00+00:00,0.090430
2026-02-08T03:30:00+00:00,0.090730
2026-02-08T03:45:00+00:00,0.090330
2026-02-08T04:00:00+00:00,0.092120
2026-02-08T04:15:00+00:00,0.091440
2026-02-08T04:30:00+00:00,0.090360
2026-02-08T04:45:00+00:00,0.091610
2026-02-08T05:00:00+00:00,0.084800
2026-02-08T05:15:00+00:00,0.087670
2026-02-08T05:30:00+00:00,0.090980
2026-02-08T05:45:00+00:00,0.095960
2026-02-08T06:00:00+00:00,0.088200
2026-02-08T06:15:00+00:00,0.091330
2026-02-08T06:30:00+00:00,0.094690
2026-02-08T06:45:00+00:00,0.099100
2026-02-08T07:00:00+00:00,0.094410
2026-02-08T07:15:00+00:00,0.098720
2026-02-08T07:30:00+00:00,0.100100
2026-02-08T07:45:00+00:00,0.100040
2026-02-08T08:00:00+00:00,0.100160
2026-02-08T08:15:00+00:00,0.099870
2026-02-08T08:30:00+00:00,0.099490
2026-02-08T08:45:00+00:00,0.093780
2026-02-08T09:00:00+00:00,0.100900
2026-02-08T09:15:00+00:00,0.098000
2026-02-08T09:30:00+00:00,0.094860
2026-02-08T09:45:00+00:00,0.093120
2026-02-08T10:00:00+00:00,0.096900
2026-02-08T10:15:00+00:00,0.093980
2026-02-08T10:30:00+00:00,0.092530
2026-02-08T10:45:00+00:00,0.090440
2026-02-08T11:00:00+00:00,0.092030
2026-02-08T11:15:00+00:00,0.090500
2026-02-08T11:30:00+00:00,0.092560
2026-02-08T11:45:00+00:00,0.089590
2026-02-08T12:00:00+00:00,0.090800
2026-02-08T12:15:00+00:00,0.088970
2026-02-08T12:30:00+00:00,0.090880
2026-02-08T12:45:00+00:00,0.089170
2026-02-08T13:00:00+00:00,0.088760
2026-02-08T13:15:00+00:00,0.089900
2026-02-08T13:30:00+00:00,0.091290
2026-02-08T13:45:00+00:00,0.093730
2026-02-08T14:00:00+00:00,0.092690
2026-02-08T14:15:00+00:00,0.096510
2026-02-08T14:30:00+00:00,0.099100
2026-02-08T14:45:00+00:00,0.105630
2026-02-08T15:00:00+00:00,0.092940
2026-02-08T15:15:00+00:00,0.100570
2026-02-08T15:30:00+00:00,0.107460
2026-02-08T15:45:00+00:00,0.118190
2026-02-08T16:00:00+00:00,0.111910
2026-02-08T16:15:00+00:00,0.120090
2026-02-08T16:30:00+00:00,0.125410
2026-02-08T16:45:00+00:00,0.129300
2026-02-08T17:00:00+00:00,0.126950
2026-02-08T17:15:00+00:00,0.129890
2026-02-08T17:30:00+00:00,0.132550
2026-02-08T17:45:00+00:00,0.129840
2026-02-08T18:00:00+00:00,0.132960
2026-02-08T18:15:00+00:00,0.129550
2026-02-08T18:30:00+00:00,0.125090
2026-02-08T18:45:00+00:00,0.120000
2026-02-08T19:00:00+00:00,0.122210
2026-02-08T19:15:00+00:00,0.113650
2026-02-08T19:30:00+00:00,0.109350
2026-02-08T19:45:00+00:00,0.103880
2026-02-08T20:00:00+00:00,0.109680
2026-02-08T20:15:00+00:00,0.107090
2026-02-08T20:30:00+00:00,0.103630
2026-02-08T20:45:00+00:00,0.101050
2026-02-08T21:00:00+00:00,0.105510
2026-02-08T21:15:00+00:00,0.104160
2026-02-08T21:30:00+00:00,0.104140
2026-02-08T21:45:00+00:00,0.101420
2026-02-08T22:00:00+00:00,0.102250
2026-02-08T22:15:00+00:00,0.101710
2026-02-08T22:30:00+00:00,0.100280
2026-02-08T22:45:00+00:00,0.093740
2026-02-08T23:00:00+00:00,0.099880
2026-02-08T23:15:00+00:00,0.097300
2026-02-08T23:30:00+00:00,0.092380
2026-02-08T23:45:00+00:00,0.089400
2026-02-09T00:00:00+00:00,0.095920
2026-02-09T00:15:00+00:00,0.093200
2026-02-09T00:30:00+00:00,0.092940
2026-02-09T00:45:00+00:00,0.090530
2026-02-09T01:00:00+00:00,0.094070
2026-02-09T01:15:00+00:00,0.092250
2026-02-09T01:30:00+00:00,0.092750
2026-02-09T01:45:00+00:00,0.088920
2026-02-09T02:00:00+00:00,0.090940
2026-02-09T02:15:00+00:00,0.090030
2026-02-09T02:30:00+00:00,0.090250
2026-02-09T02:45:00+00:00,0.089770
2026-02-09T03:00:00+00:00,0.087870
2026-02-09T03:15:00+00:00,0.089180
2026-02-09T03:30:00+00:00,0.090110
2026-02-09T03:45:00+00:00,0.095180
2026-02-09T04:00:00+00:00,0.091870
2026-02-09T04:15:00+00:00,0.096480
2026-02-09T04:30:00+00:00,0.101270
2026-02-09T04:45:00+00:00,0.110000
2026-02-09T05:00:00+00:00,0.101270
2026-02-09T05:15:00+00:00,0.116410
2026-02-09T05:30:00+00:00,0.130750
2026-02-09T05:45:00+00:00,0.158330
2026-02-09T06:00:00+00:00,0.129990
2026-02-09T06:15:00+00:00,0.152360
2026-02-09T06:30:00+00:00,0.160000
2026-02-09T06:45:00+00:00,0.163640
2026-02-09T07:00:00+00:00,0.170290
2026-02-09T07:15:00+00:00,0.179320
2026-02-09T07:30:00+00:00,0.179340
2026-02-09T07:45:00+00:00,0.175090
2026-02-09T08:00:00+00:00,0.182410
2026-02-09T08:15:00+00:00,0.171320
2026-02-09T08:30:00+00:00,0.151840
2026-02-09T08:45:00+00:00,0.148060
2026-02-09T09:00:00+00:00,0.158590
2026-02-09T09:15:00+00:00,0.154960
2026-02-09T09:30:00+00:00,0.146040
2026-02-09T09:45:00+00:00,0.136630
2026-02-09T10:00:00+00:00,0.142940
2026-02-09T10:15:00+00:00,0.138970
2026-02-09T10:30:00+00:00,0.136310
2026-02-09T10:45:00+00:00,0.129950
2026-02-09T11:00:00+00:00,0.138440
2026-02-09T11:15:00+00:00,0.131460
2026-02-09T11:30:00+00:00,0.129110
2026-02-09T11:45:00+00:00,0.122740
2026-02-09T12:00:00+00:00,0.130010
2026-02-09T12:15:00+00:00,0.128360
2026-02-09T12:30:00+00:00,0.124600
2026-02-09T12:45:00+00:00,0.120260
2026-02-09T13:00:00+00:00,0.116470
2026-02-09T13:15:00+00:00,0.125230
2026-02-09T13:30:00+00:00,0.132180
2026-02-09T13:45:00+00:00,0.140500
2026-02-09T14:00:00+00:00,0.120080
2026-02-09T14:15:00+00:00,0.129900
2026-02-09T14:30:00+00:00,0.145320
2026-02-09T14:45:00+00:00,0.157910
2026-02-09T15:00:00+00:00,0.128610
2026-02-09T15:15:00+00:00,0.148240
2026-02-09T15:30:00+00:00,0.168240
2026-02-09T15:45:00+00:00,0.175400
2026-02-09T16:00:00+00:00,0.169060
2026-02-09T16:15:00+00:00,0.207560
2026-02-09T16:30:00+00:00,0.216590
2026-02-09T16:45:00+00:00,0.218580
2026-02-09T17:00:00+00:00,0.181730
2026-02-09T17:15:00+00:00,0.173400
2026-02-09T17:30:00+00:00,0.165840
2026-02-09T17:45:00+00:00,0.172830
2026-02-09T18:00:00+00:00,0.183640
2026-02-09T18:15:00+00:00,0.163280
2026-02-09T18:30:00+00:00,0.152480
2026-02-09T18:45:00+00:00,0.137170
2026-02-09T19:00:00+00:00,0.153800
2026-02-09T19:15:00+00:00,0.140670
2026-02-09T19:30:00+00:00,0.132990
2026-02-09T19:45:00+00:00,0.120870
2026-02-09T20:00:00+00:00,0.139220
2026-02-09T20:15:00+00:00,0.134720
2026-02-09T20:30:00+00:00,0.122190
2026-02-09T20:45:00+00:00,0.107360
2026-02-09T21:00:00+00:00,0.120930
2026-02-09T21:15:00+00:00,0.114400
2026-02-09T21:30:00+00:00,0.118430
2026-02-09T21:45:00+00:00,0.108660
2026-02-09T22:00:00+00:00,0.110850
2026-02-09T22:15:00+00:00,0.100140
2026-02-09T22:30:00+00:00,0.102340
2026-02-09T22:45:00+00:00,0.093290
2026-02-09T23:00:00+00:00,0.102300
2026-02-09T23:15:00+00:00,0.096210
2026-02-09T23:30:00+00:00,0.092720
2026-02-09T23:45:00+00:00,0.090120
2026-02-10T00:00:00+00:00,0.097370
2026-02-10T00:15:00+00:00,0.093150
2026-02-10T00:30:00+00:00,0.095330
2026-02-10T00:45:00+00:00,0.092470
2026-02-10T01:00:00+00:00,0.092900
2026-02-10T01:15:00+00:00,0.091500
2026-02-10T01:30:00+00:00,0.090930
2026-02-10T01:45:00+00:00,0.089500
2026-02-10T02:00:00+00:00,0.088970
2026-02-10T02:15:00+00:00,0.084820
2026-02-10T02:30:00+00:00,0.080100
2026-02-10T02:45:00+00:00,0.082110
2026-02-10T03:00:00+00:00,0.085620
2026-02-10T03:15:00+00:00,0.083250
2026-02-10T03:30:00+00:00,0.085360
2026-02-10T03:45:00+00:00,0.077000
2026-02-10T04:00:00+00:00,0.083550
2026-02-10T04:15:00+00:00,0.084490
2026-02-10T04:30:00+00:00,0.082990
2026-02-10T04:45:00+00:00,0.088970
2026-02-10T05:00:00+00:00,0.086670
2026-02-10T05:15:00+00:00,0.105340
2026-02-10T05:30:00+00:00,0.116730
2026-02-10T05:45:00+00:00,0.132490
2026-02-10T06:00:00+00:00,0.114090
2026-02-10T06:15:00+00:00,0.123600
2026-02-10T06:30:00+00:00,0.133950
2026-02-10T06:45:00+00:00,0.139280
2026-02-10T07:00:00+00:00,0.140660
2026-02-10T07:15:00+00:00,0.140850
2026-02-10T07:30:00+00:00,0.137480
2026-02-10T07:45:00+00:00,0.133480
2026-02-10T08:00:00+00:00,0.141080
2026-02-10T08:15:00+00:00,0.131440
2026-02-10T08:30:00+00:00,0.125470
2026-02-10T08:45:00+00:00,0.117150
2026-02-10T09:00:00+00:00,0.137190
2026-02-10T09:15:00+00:00,0.127000
2026-02-10T09:30:00+00:00,0.120300
2026-02-10T09:45:00+00:00,0.109380
2026-02-10T10:00:00+00:00,0.124570
2026-02-10T10:15:00+00:00,0.117990
2026-02-10T10:30:00+00:00,0.110550
2026-02-10T10:45:00+00:00,0.104030
2026-02-10T11:00:00+00:00,0.109500
2026-02-10T11:15:00+00:00,0.102300
2026-02-10T11:30:00+00:00,0.104920
2026-02-10T11:45:00+00:00,0.101000
2026-02-10T12:00:00+00:00,0.102950
2026-02-10T12:15:00+00:00,0.098500
2026-02-10T12:30:00+00:00,0.105250
2026-02-10T12:45:00+00:00,0.104300
2026-02-10T13:00:00+00:00,0.104030
2026-02-10T13:15:00+00:00,0.106570
2026-02-10T13:30:00+00:00,0.111010
2026-02-10T13:45:00+00:00,0.114860
2026-02-10T14:00:00+00:00,0.111220
2026-02-10T14:15:00+00:00,0.114500
2026-02-10T14:30:00+00:00,0.126160
2026-02-10T14:45:00+00:00,0.126680
2026-02-10T15:00:00+00:00,0.113910
2026-02-10T15:15:00+00:00,0.118370
2026-02-10T15:30:00+00:00,0.116570
2026-02-10T15:45:00+00:00,0.124840
2026-02-10T16:00:00+00:00,0.122330
2026-02-10T16:15:00+00:00,0.121350
2026-02-10T16:30:00+00:00,0.129910
2026-02-10T16:45:00+00:00,0.133270
2026-02-10T17:00:00+00:00,0.134920
2026-02-10T17:15:00+00:00,0.129040
2026-02-10T17:30:00+00:00,0.124050
2026-02-10T17:45:00+00:00,0.117400
2026-02-10T18:00:00+00:00,0.126610
2026-02-10T18:15:00+00:00,0.119480
2026-02-10T18:30:00+00:00,0.114060
2026-02-10T18:45:00+00:00,0.103980
2026-02-10T19:00:00+00:00,0.115770
2026-02-10T19:15:00+00:00,0.106240
2026-02-10T19:30:00+00:00,0.097070
2026-02-10T19:45:00+00:00,0.096120
2026-02-10T20:00:00+00:00,0.100870
2026-02-10T20:15:00+00:00,0.097750
2026-02-10T20:30:00+00:00,0.095340
2026-02-10T20:45:00+00:00,0.092150
2026-02-10T21:00:00+00:00,0.098740
2026-02-10T21:15:00+00:00,0.095720
2026-02-10T21:30:00+00:00,0.098100
2026-02-10T21:45:00+00:00,0.093910
2026-02-10T22:00:00+00:00,0.096140
2026-02-10T22:15:00+00:00,0.092770
2026-02-10T22:30:00+00:00,0.090330
2026-02-10T22:45:00+00:00,0.081900
2026-02-10T23:00:00+00:00,0.087730
2026-02-10T23:15:00+00:00,0.086490
2026-02-10T23:30:00+00:00,0.088060
2026-02-10T23:45:00+00:00,0.086400
2026-02-11T00:00:00+00:00,0.088060
2026-02-11T00:15:00+00:00,0.088660
2026-02-11T00:30:00+00:00,0.087190
2026-02-11T00:45:00+00:00,0.085100
2026-02-11T01:00:00+00:00,0.090050
2026-02-11T01:15:00+00:00,0.084280
2026-02-11T01:30:00+00:00,0.083070
2026-02-11T01:45:00+00:00,0.083070
2026-02-11T02:00:00+00:00,0.083040
2026-02-11T02:15:00+00:00,0.083040
2026-02-11T02:30:00+00:00,0.083040
2026-02-11T02:45:00+00:00,0.082380
2026-02-11T03:00:00+00:00,0.083030
2026-02-11T03:15:00+00:00,0.082940
2026-02-11T03:30:00+00:00,0.083030
2026-02-11T03:45:00+00:00,0.083030
2026-02-11T04:00:00+00:00,0.083510
2026-02-11T04:15:00+00:00,0.084590
2026-02-11T04:30:00+00:00,0.088640
2026-02-11T04:45:00+00:00,0.092500
2026-02-11T05:00:00+00:00,0.087500
2026-02-11T05:15:00+00:00,0.094700
2026-02-11T05:30:00+00:00,0.100630
2026-02-11T05:45:00+00:00,0.109990
2026-02-11T06:00:00+00:00,0.099450
2026-02-11T06:15:00+00:00,0.116100
2026-02-11T06:30:00+00:00,0.121820
2026-02-11T06:45:00+00:00,0.118240
2026-02-11T07:00:00+00:00,0.119700
2026-02-11T07:15:00+00:00,0.120370
2026-02-11T07:30:00+00:00,0.125060
2026-02-11T07:45:00+00:00,0.121470
2026-02-11T08:00:00+00:00,0.125780
2026-02-11T08:15:00+00:00,0.120280
2026-02-11T08:30:00+00:00,0.121030
2026-02-11T08:45:00+00:00,0.113960
2026-02-11T09:00:00+00:00,0.118440
2026-02-11T09:15:00+00:00,0.116650
2026-02-11T09:30:00+00:00,0.109570
2026-02-11T09:45:00+00:00,0.107870
2026-02-11T10:00:00+00:00,0.114600
2026-02-11T10:15:00+00:00,0.113470
2026-02-11T10:30:00+00:00,0.106990
2026-02-11T10:45:00+00:00,0.102980
2026-02-11T11:00:00+00:00,0.104260
2026-02-11T11:15:00+00:00,0.100940
2026-02-11T11:30:00+00:00,0.099010
2026-02-11T11:45:00+00:00,0.098920
2026-02-11T12:00:00+00:00,0.103960
2026-02-11T12:15:00+00:00,0.103000
2026-02-11T12:30:00+00:00,0.101220
2026-02-11T12:45:00+00:00,0.099100
2026-02-11T13:00:00+00:00,0.099600
2026-02-11T13:15:00+00:00,0.101610
2026-02-11T13:30:00+00:00,0.102190
2026-02-11T13:45:00+00:00,0.103720
2026-02-11T14:00:00+00:00,0.101560
2026-02-11T14:15:00+00:00,0.101600
2026-02-11T14:30:00+00:00,0.105080
2026-02-11T14:45:00+00:00,0.107100
2026-02-11T15:00:00+00:00,0.103260
2026-02-11T15:15:00+00:00,0.106120
2026-02-11T15:30:00+00:00,0.111940
2026-02-11T15:45:00+00:00,0.115170
2026-02-11T16:00:00+00:00,0.106120
2026-02-11T16:15:00+00:00,0.116910
2026-02-11T16:30:00+00:00,0.116160
2026-02-11T16:45:00+00:00,0.116740
2026-02-11T17:00:00+00:00,0.119100
2026-02-11T17:15:00+00:00,0.113560
2026-02-11T17:30:00+00:00,0.114050
2026-02-11T17:45:00+00:00,0.114580
2026-02-11T18:00:00+00:00,0.116040
2026-02-11T18:15:00+00:00,0.105410
2026-02-11T18:30:00+00:00,0.100490
2026-02-11T18:45:00+00:00,0.097180
2026-02-11T19:00:00+00:00,0.100410
2026-02-11T19:15:00+00:00,0.097940
2026-02-11T19:30:00+00:00,0.094750
2026-02-11T19:45:00+00:00,0.091380
2026-02-11T20:00:00+00:00,0.096470
2026-02-11T20:15:00+00:00,0.095310
2026-02-11T20:30:00+00:00,0.093150
2026-02-11T20:45:00+00:00,0.087520
2026-02-11T21:00:00+00:00,0.094730
2026-02-11T21:15:00+00:00,0.091140
2026-02-11T21:30:00+00:00,0.090490
2026-02-11T21:45:00+00:00,0.086900
2026-02-11T22:00:00+00:00,0.097200
2026-02-11T22:15:00+00:00,0.096230
2026-02-11T22:30:00+00:00,0.093790
2026-02-11T22:45:00+00:00,0.088700
2026-02-11T23:00:00+00:00,0.089890
2026-02-11T23:15:00+00:00,0.087260
2026-02-11T23:30:00+00:00,0.088980
2026-02-11T23:45:00+00:00,0.086150
2026-02-12T00:00:00+00:00,0.088230
2026-02-12T00:15:00+00:00,0.086720
2026-02-12T00:30:00+00:00,0.087340
2026-02-12T00:45:00+00:00,0.087960
2026-02-12T01:00:00+00:00,0.087040
2026-02-12T01:15:00+00:00,0.087570
2026-02-12T01:30:00+00:00,0.085880
2026-02-12T01:45:00+00:00,0.084760
2026-02-12T02:00:00+00:00,0.084800
2026-02-12T02:15:00+00:00,0.083680
2026-02-12T02:30:00+00:00,0.084860
2026-02-12T02:45:00+00:00,0.085940
2026-02-12T03:00:00+00:00,0.084830
2026-02-12T03:15:00+00:00,0.085660
2026-02-12T03:30:00+00:00,0.086070
2026-02-12T03:45:00+00:00,0.087160
2026-02-12T04:00:00+00:00,0.086580
2026-02-12T04:15:00+00:00,0.087080
2026-02-12T04:30:00+00:00,0.090370
2026-02-12T04:45:00+00:00,0.093520
2026-02-12T05:00:00+00:00,0.089820
2026-02-12T05:15:00+00:00,0.091130
2026-02-12T05:30:00+00:00,0.097500
2026-02-12T05:45:00+00:00,0.098180
2026-02-12T06:00:00+00:00,0.092860
2026-02-12T06:15:00+00:00,0.104550
2026-02-12T06:30:00+00:00,0.112920
2026-02-12T06:45:00+00:00,0.115000
2026-02-12T07:00:00+00:00,0.113100
2026-02-12T07:15:00+00:00,0.113380
2026-02-12T07:30:00+00:00,0.114470
2026-02-12T07:45:00+00:00,0.113530
2026-02-12T08:00:00+00:00,0.121560
2026-02-12T08:15:00+00:00,0.115730
2026-02-12T08:30:00+00:00,0.109020
2026-02-12T08:45:00+00:00,0.103350
2026-02-12T09:00:00+00:00,0.115240
2026-02-12T09:15:00+00:00,0.108700
2026-02-12T09:30:00+00:00,0.106960
2026-02-12T09:45:00+00:00,0.105110
2026-02-12T10:00:00+00:00,0.106020
2026-02-12T10:15:00+00:00,0.104240
2026-02-12T10:30:00+00:00,0.100130
2026-02-12T10:45:00+00:00,0.096050
2026-02-12T11:00:00+00:00,0.097520
2026-02-12T11:15:00+00:00,0.093960
2026-02-12T11:30:00+00:00,0.096200
2026-02-12T11:45:00+00:00,0.093190
2026-02-12T12:00:00+00:00,0.094350
2026-02-12T12:15:00+00:00,0.093480
2026-02-12T12:30:00+00:00,0.092140
2026-02-12T12:45:00+00:00,0.090900
2026-02-12T13:00:00+00:00,0.093220
2026-02-12T13:15:00+00:00,0.093590
2026-02-12T13:30:00+00:00,0.093750
2026-02-12T13:45:00+00:00,0.095490
2026-02-12T14:00:00+00:00,0.091100
2026-02-12T14:15:00+00:00,0.090630
2026-02-12T14:30:00+00:00,0.096470
2026-02-12T14:45:00+00:00,0.102020
2026-02-12T15:00:00+00:00,0.093800
2026-02-12T15:15:00+00:00,0.096850
2026-02-12T15:30:00+00:00,0.102910
2026-02-12T15:45:00+00:00,0.109180
2026-02-12T16:00:00+00:00,0.099510
2026-02-12T16:15:00+00:00,0.110460
2026-02-12T16:30:00+00:00,0.118380
2026-02-12T16:45:00+00:00,0.118610
2026-02-12T17:00:00+00:00,0.121790
2026-02-12T17:15:00+00:00,0.115100
2026-02-12T17:30:00+00:00,0.115420
2026-02-12T17:45:00+00:00,0.110280
2026-02-12T18:00:00+00:00,0.123900
2026-02-12T18:15:00+00:00,0.116430
2026-02-12T18:30:00+00:00,0.109710
2026-02-12T18:45:00+00:00,0.103320
2026-02-12T19:00:00+00:00,0.115070
2026-02-12T19:15:00+00:00,0.098830
2026-02-12T19:30:00+00:00,0.095050
2026-02-12T19:45:00+00:00,0.091770
2026-02-12T20:00:00+00:00,0.097750
2026-02-12T20:15:00+00:00,0.094690
2026-02-12T20:30:00+00:00,0.095100
2026-02-12T20:45:00+00:00,0.091040
2026-02-12T21:00:00+00:00,0.098320
2026-02-12T21:15:00+00:00,0.091700
2026-02-12T21:30:00+00:00,0.094020
2026-02-12T21:45:00+00:00,0.093210
2026-02-12T22:00:00+00:00,0.090780
2026-02-12T22:15:00+00:00,0.090820
2026-02-12T22:30:00+00:00,0.083300
2026-02-12T22:45:00+00:00,0.075100
2026-02-12T23:00:00+00:00,0.099280
2026-02-12T23:15:00+00:00,0.085190
2026-02-12T23:30:00+00:00,0.083320
2026-02-12T23:45:00+00:00,0.081660
2026-02-13T00:00:00+00:00,0.084080
2026-02-13T00:15:00+00:00,0.084040
2026-02-13T00:30:00+00:00,0.083500
2026-02-13T00:45:00+00:00,0.083610
2026-02-13T01:00:00+00:00,0.082800
2026-02-13T01:15:00+00:00,0.087090
2026-02-13T01:30:00+00:00,0.086790
2026-02-13T01:45:00+00:00,0.083430
2026-02-13T02:00:00+00:00,0.082540
2026-02-13T02:15:00+00:00,0.085070
2026-02-13T02:30:00+00:00,0.084630
2026-02-13T02:45:00+00:00,0.082800
2026-02-13T03:00:00+00:00,0.081720
2026-02-13T03:15:00+00:00,0.082840
2026-02-13T03:30:00+00:00,0.084050
2026-02-13T03:45:00+00:00,0.085450
2026-02-13T04:00:00+00:00,0.084070
2026-02-13T04:15:00+00:00,0.083860
2026-02-13T04:30:00+00:00,0.087940
2026-02-13T04:45:00+00:00,0.093430
2026-02-13T05:00:00+00:00,0.077150
2026-02-13T05:15:00+00:00,0.086610
2026-02-13T05:30:00+00:00,0.095550
2026-02-13T05:45:00+00:00,0.107930
2026-02-13T06:00:00+00:00,0.096000
2026-02-13T06:15:00+00:00,0.113950
2026-02-13T06:30:00+00:00,0.116250
2026-02-13T06:45:00+00:00,0.121100
2026-02-13T07:00:00+00:00,0.115810
2026-02-13T07:15:00+00:00,0.120670
2026-02-13T07:30:00+00:00,0.121360
2026-02-13T07:45:00+00:00,0.121540
2026-02-13T08:00:00+00:00,0.128490
2026-02-13T08:15:00+00:00,0.120580
2026-02-13T08:30:00+00:00,0.112220
2026-02-13T08:45:00+00:00,0.104900
2026-02-13T09:00:00+00:00,0.111730
2026-02-13T09:15:00+00:00,0.105660
2026-02-13T09:30:00+00:00,0.100840
2026-02-13T09:45:00+00:00,0.096950
2026-02-13T10:00:00+00:00,0.100850
2026-02-13T10:15:00+00:00,0.098320
2026-02-13T10:30:00+00:00,0.097170
2026-02-13T10:45:00+00:00,0.096830
2026-02-13T11:00:00+00:00,0.096830
2026-02-13T11:15:00+00:00,0.095040
2026-02-13T11:30:00+00:00,0.095190
2026-02-13T11:45:00+00:00,0.093230
2026-02-13T12:00:00+00:00,0.093980
2026-02-13T12:15:00+00:00,0.093760
2026-02-13T12:30:00+00:00,0.094420
2026-02-13T12:45:00+00:00,0.093530
2026-02-13T13:00:00+00:00,0.096120
2026-02-13T13:15:00+00:00,0.096650
2026-02-13T13:30:00+00:00,0.100100
2026-02-13T13:45:00+00:00,0.102660
2026-02-13T14:00:00+00:00,0.099210
2026-02-13T14:15:00+00:00,0.103550
2026-02-13T14:30:00+00:00,0.111460
2026-02-13T14:45:00+00:00,0.115930
2026-02-13T15:00:00+00:00,0.111850
2026-02-13T15:15:00+00:00,0.115140
2026-02-13T15:30:00+00:00,0.117950
2026-02-13T15:45:00+00:00,0.126590
2026-02-13T16:00:00+00:00,0.113620
2026-02-13T16:15:00+00:00,0.123350
2026-02-13T16:30:00+00:00,0.127730
2026-02-13T16:45:00+00:00,0.131200
2026-02-13T17:00:00+00:00,0.133990
2026-02-13T17:15:00+00:00,0.131010
2026-02-13T17:30:00+00:00,0.134850
2026-02-13T17:45:00+00:00,0.133240
2026-02-13T18:00:00+00:00,0.144040
2026-02-13T18:15:00+00:00,0.134740
2026-02-13T18:30:00+00:00,0.127180
2026-02-13T18:45:00+00:00,0.115150
2026-02-13T19:00:00+00:00,0.127030
2026-02-13T19:15:00+00:00,0.122540
2026-02-13T19:30:00+00:00,0.114410
2026-02-13T19:45:00+00:00,0.105600
2026-02-13T20:00:00+00:00,0.117900
2026-02-13T20:15:00+00:00,0.102100
2026-02-13T20:30:00+00:00,0.091870
2026-02-13T20:45:00+00:00,0.084100
2026-02-13T21:00:00+00:00,0.096200
2026-02-13T21:15:00+00:00,0.095020
2026-02-13T21:30:00+00:00,0.100100
2026-02-13T21:45:00+00:00,0.095510
2026-02-13T22:00:00+00:00,0.099230
2026-02-13T22:15:00+00:00,0.092850
2026-02-13T22:30:00+00:00,0.094870
2026-02-13T22:45:00+00:00,0.085320
2026-02-13T23:00:00+00:00,0.097150
2026-02-13T23:15:00+00:00,0.091950
2026-02-13T23:30:00+00:00,0.086450
2026-02-13T23:45:00+00:00,0.082020
2026-02-14T00:00:00+00:00,0.088450
2026-02-14T00:15:00+00:00,0.084740
2026-02-14T00:30:00+00:00,0.081440
2026-02-14T00:45:00+00:00,0.078400
2026-02-14T01:00:00+00:00,0.083920
2026-02-14T01:15:00+00:00,0.079960
2026-02-14T01:30:00+00:00,0.077900
2026-02-14T01:45:00+00:00,0.078220
2026-02-14T02:00:00+00:00,0.082310
2026-02-14T02:15:00+00:00,0.079500
2026-02-14T02:30:00+00:00,0.078040
2026-02-14T02:45:00+00:00,0.077740
2026-02-14T03:00:00+00:00,0.078250
2026-02-14T03:15:00+00:00,0.077980
2026-02-14T03:30:00+00:00,0.077510
2026-02-14T03:45:00+00:00,0.076820
2026-02-14T04:00:00+00:00,0.078680
2026-02-14T04:15:00+00:00,0.076800
2026-02-14T04:30:00+00:00,0.079130
2026-02-14T04:45:00+00:00,0.080510
2026-02-14T05:00:00+00:00,0.079540
2026-02-14T05:15:00+00:00,0.079450
2026-02-14T05:30:00+00:00,0.079970
2026-02-14T05:45:00+00:00,0.082380
2026-02-14T06:00:00+00:00,0.080430
2026-02-14T06:15:00+00:00,0.079390
2026-02-14T06:30:00+00:00,0.082670
2026-02-14T06:45:00+00:00,0.085140
2026-02-14T07:00:00+00:00,0.086360
2026-02-14T07:15:00+00:00,0.090190
2026-02-14T07:30:00+00:00,0.091650
2026-02-14T07:45:00+00:00,0.091970
2026-02-14T08:00:00+00:00,0.100070
2026-02-14T08:15:00+00:00,0.098040
2026-02-14T08:30:00+00:00,0.095100
2026-02-14T08:45:00+00:00,0.092030
2026-02-14T09:00:00+00:00,0.098970
2026-02-14T09:15:00+00:00,0.093790
2026-02-14T09:30:00+00:00,0.091850
2026-02-14T09:45:00+00:00,0.088020
2026-02-14T10:00:00+00:00,0.091930
2026-02-14T10:15:00+00:00,0.088740
2026-02-14T10:30:00+00:00,0.087220
2026-02-14T10:45:00+00:00,0.085440
2026-02-14T11:00:00+00:00,0.086830
2026-02-14T11:15:00+00:00,0.086060
2026-02-14T11:30:00+00:00,0.085100
2026-02-14T11:45:00+00:00,0.083000
2026-02-14T12:00:00+00:00,0.085880
2026-02-14T12:15:00+00:00,0.085280
2026-02-14T12:30:00+00:00,0.082220
2026-02-14T12:45:00+00:00,0.083460
2026-02-14T13:00:00+00:00,0.082140
2026-02-14T13:15:00+00:00,0.085710
2026-02-14T13:30:00+00:00,0.087920
2026-02-14T13:45:00+00:00,0.093390
2026-02-14T14:00:00+00:00,0.086880
2026-02-14T14:15:00+00:00,0.090780
2026-02-14T14:30:00+00:00,0.093970
2026-02-14T14:45:00+00:00,0.101300
2026-02-14T15:00:00+00:00,0.090760
2026-02-14T15:15:00+00:00,0.100080
2026-02-14T15:30:00+00:00,0.106830
2026-02-14T15:45:00+00:00,0.112350
2026-02-14T16:00:00+00:00,0.098380
2026-02-14T16:15:00+00:00,0.111120
2026-02-14T16:30:00+00:00,0.117770
2026-02-14T16:45:00+00:00,0.124500
2026-02-14T17:00:00+00:00,0.120580
2026-02-14T17:15:00+00:00,0.124680
2026-02-14T17:30:00+00:00,0.132890
2026-02-14T17:45:00+00:00,0.130320
2026-02-14T18:00:00+00:00,0.133680
2026-02-14T18:15:00+00:00,0.129070
2026-02-14T18:30:00+00:00,0.126670
2026-02-14T18:45:00+00:00,0.123440
2026-02-14T19:00:00+00:00,0.129520
2026-02-14T19:15:00+00:00,0.125110
2026-02-14T19:30:00+00:00,0.113600
2026-02-14T19:45:00+00:00,0.112870
2026-02-14T20:00:00+00:00,0.120730
2026-02-14T20:15:00+00:00,0.117350
2026-02-14T20:30:00+00:00,0.108700
2026-02-14T20:45:00+00:00,0.102130
2026-02-14T21:00:00+00:00,0.115390
2026-02-14T21:15:00+00:00,0.108880
2026-02-14T21:30:00+00:00,0.105970
2026-02-14T21:45:00+00:00,0.102110
2026-02-14T22:00:00+00:00,0.102910
2026-02-14T22:15:00+00:00,0.100290
2026-02-14T22:30:00+00:00,0.100790
2026-02-14T22:45:00+00:00,0.092440
2026-02-14T23:00:00+00:00,0.107380
2026-02-14T23:15:00+00:00,0.101500
2026-02-14T23:30:00+00:00,0.092900
2026-02-14T23:45:00+00:00,0.089360
2026-02-15T00:00:00+00:00,0.100080
2026-02-15T00:15:00+00:00,0.096060
2026-02-15T00:30:00+00:00,0.093640
2026-02-15T00:45:00+00:00,0.089420
2026-02-15T01:00:00+00:00,0.094020
2026-02-15T01:15:00+00:00,0.092290
2026-02-15T01:30:00+00:00,0.090380
2026-02-15T01:45:00+00:00,0.089250
2026-02-15T02:00:00+00:00,0.088540
2026-02-15T02:15:00+00:00,0.087540
2026-02-15T02:30:00+00:00,0.087780
2026-02-15T02:45:00+00:00,0.084130
2026-02-15T03:00:00+00:00,0.086750
2026-02-15T03:15:00+00:00,0.086680
2026-02-15T03:30:00+00:00,0.086750
2026-02-15T03:45:00+00:00,0.086420
2026-02-15T04:00:00+00:00,0.090000
2026-02-15T04:15:00+00:00,0.085900
2026-02-15T04:30:00+00:00,0.084360
2026-02-15T04:45:00+00:00,0.083380
2026-02-15T05:00:00+00:00,0.084890
2026-02-15T05:15:00+00:00,0.084210
2026-02-15T05:30:00+00:00,0.085650
2026-02-15T05:45:00+00:00,0.083920
2026-02-15T06:00:00+00:00,0.087760
2026-02-15T06:15:00+00:00,0.084030
2026-02-15T06:30:00+00:00,0.086170
2026-02-15T06:45:00+00:00,0.085300
2026-02-15T07:00:00+00:00,0.092410
2026-02-15T07:15:00+00:00,0.087930
2026-02-15T07:30:00+00:00,0.086700
2026-02-15T07:45:00+00:00,0.082670
2026-02-15T08:00:00+00:00,0.086860
2026-02-15T08:15:00+00:00,0.082610
2026-02-15T08:30:00+00:00,0.083490
2026-02-15T08:45:00+00:00,0.078420
2026-02-15T09:00:00+00:00,0.091390
2026-02-15T09:15:00+00:00,0.077430
2026-02-15T09:30:00+00:00,0.075390
2026-02-15T09:45:00+00:00,0.064480
2026-02-15T10:00:00+00:00,0.071290
2026-02-15T10:15:00+00:00,0.068310
2026-02-15T10:30:00+00:00,0.066560
2026-02-15T10:45:00+00:00,0.061140
2026-02-15T11:00:00+00:00,0.067430
2026-02-15T11:15:00+00:00,0.067120
2026-02-15T11:30:00+00:00,0.062960
2026-02-15T11:45:00+00:00,0.056930
2026-02-15T12:00:00+00:00,0.064920
2026-02-15T12:15:00+00:00,0.059060
2026-02-15T12:30:00+00:00,0.058700
2026-02-15T12:45:00+00:00,0.055600
2026-02-15T13:00:00+00:00,0.063710
2026-02-15T13:15:00+00:00,0.060300
2026-02-15T13:30:00+00:00,0.066220
2026-02-15T13:45:00+00:00,0.069230
2026-02-15T14:00:00+00:00,0.062050
2026-02-15T14:15:00+00:00,0.066370
2026-02-15T14:30:00+00:00,0.074290
2026-02-15T14:45:00+00:00,0.085100
2026-02-15T15:00:00+00:00,0.071200
2026-02-15T15:15:00+00:00,0.082670
2026-02-15T15:30:00+00:00,0.088680
2026-02-15T15:45:00+00:00,0.094270
2026-02-15T16:00:00+00:00,0.092500
2026-02-15T16:15:00+00:00,0.096990
2026-02-15T16:30:00+00:00,0.100100
2026-02-15T16:45:00+00:00,0.103600
2026-02-15T17:00:00+00:00,0.104110
2026-02-15T17:15:00+00:00,0.103940
2026-02-15T17:30:00+00:00,0.105310
2026-02-15T17:45:00+00:00,0.095700
2026-02-15T18:00:00+00:00,0.103800
2026-02-15T18:15:00+00:00,0.098040
2026-02-15T18:30:00+00:00,0.098570
2026-02-15T18:45:00+00:00,0.100200
2026-02-15T19:00:00+00:00,0.097100
2026-02-15T19:15:00+00:00,0.098440
2026-02-15T19:30:00+00:00,0.097740
2026-02-15T19:45:00+00:00,0.098120
2026-02-15T20:00:00+00:00,0.104150
2026-02-15T20:15:00+00:00,0.099180
2026-02-15T20:30:00+00:00,0.096000
2026-02-15T20:45:00+00:00,0.093940
2026-02-15T21:00:00+00:00,0.100100
2026-02-15T21:15:00+00:00,0.091950
2026-02-15T21:30:00+00:00,0.089610
2026-02-15T21:45:00+00:00,0.077940
2026-02-15T22:00:00+00:00,0.076680
2026-02-15T22:15:00+00:00,0.080100
2026-02-15T22:30:00+00:00,0.085990
2026-02-15T22:45:00+00:00,0.085920
2026-02-15T23:00:00+00:00,0.110000
2026-02-15T23:15:00+00:00,0.102230
2026-02-15T23:30:00+00:00,0.093840
2026-02-15T23:45:00+00:00,0.085530
2026-02-16T00:00:00+00:00,0.108900
2026-02-16T00:15:00+00:00,0.091490
2026-02-16T00:30:00+00:00,0.084970
2026-02-16T00:45:00+00:00,0.078920
2026-02-16T01:00:00+00:00,0.104060
2026-02-16T01:15:00+00:00,0.099000
2026-02-16T01:30:00+00:00,0.083120
2026-02-16T01:45:00+00:00,0.077230
2026-02-16T02:00:00+00:00,0.089010
2026-02-16T02:15:00+00:00,0.078980
2026-02-16T02:30:00+00:00,0.077310
2026-02-16T02:45:00+00:00,0.074700
2026-02-16T03:00:00+00:00,0.079760
2026-02-16T03:15:00+00:00,0.071750
2026-02-16T03:30:00+00:00,0.071740
2026-02-16T03:45:00+00:00,0.077100
2026-02-16T04:00:00+00:00,0.060100
2026-02-16T04:15:00+00:00,0.066880
2026-02-16T04:30:00+00:00,0.076050
2026-02-16T04:45:00+00:00,0.082190
2026-02-16T05:00:00+00:00,0.056370
2026-02-16T05:15:00+00:00,0.073230
2026-02-16T05:30:00+00:00,0.083910
2026-02-16T05:45:00+00:00,0.105110
2026-02-16T06:00:00+00:00,0.076970
2026-02-16T06:15:00+00:00,0.084650
2026-02-16T06:30:00+00:00,0.094110
2026-02-16T06:45:00+00:00,0.090670
2026-02-16T07:00:00+00:00,0.106730
2026-02-16T07:15:00+00:00,0.103010
2026-02-16T07:30:00+00:00,0.103100
2026-02-16T07:45:00+00:00,0.102550
2026-02-16T08:00:00+00:00,0.113070
2026-02-16T08:15:00+00:00,0.110620
2026-02-16T08:30:00+00:00,0.108480
2026-02-16T08:45:00+00:00,0.103030
2026-02-16T09:00:00+00:00,0.118590
2026-02-16T09:15:00+00:00,0.104640
2026-02-16T09:30:00+00:00,0.097700
2026-02-16T09:45:00+00:00,0.094630
2026-02-16T10:00:00+00:00,0.097580
2026-02-16T10:15:00+00:00,0.094520
2026-02-16T10:30:00+00:00,0.093860
2026-02-16T10:45:00+00:00,0.093090
2026-02-16T11:00:00+00:00,0.091360
2026-02-16T11:15:00+00:00,0.080680
2026-02-16T11:30:00+00:00,0.081280
2026-02-16T11:45:00+00:00,0.081060
2026-02-16T12:00:00+00:00,0.082030
2026-02-16T12:15:00+00:00,0.081780
2026-02-16T12:30:00+00:00,0.082030
2026-02-16T12:45:00+00:00,0.084520
2026-02-16T13:00:00+00:00,0.079510
2026-02-16T13:15:00+00:00,0.082060
2026-02-16T13:30:00+00:00,0.086990
2026-02-16T13:45:00+00:00,0.087570
2026-02-16T14:00:00+00:00,0.084050
2026-02-16T14:15:00+00:00,0.086640
2026-02-16T14:30:00+00:00,0.094590
2026-02-16T14:45:00+00:00,0.099890
2026-02-16T15:00:00+00:00,0.093180
2026-02-16T15:15:00+00:00,0.100680
2026-02-16T15:30:00+00:00,0.103940
2026-02-16T15:45:00+00:00,0.107580
2026-02-16T16:00:00+00:00,0.105290
2026-02-16T16:15:00+00:00,0.114330
2026-02-16T16:30:00+00:00,0.114970
2026-02-16T16:45:00+00:00,0.121060
2026-02-16T17:00:00+00:00,0.115620
2026-02-16T17:15:00+00:00,0.115940
2026-02-16T17:30:00+00:00,0.113050
2026-02-16T17:45:00+00:00,0.117940
2026-02-16T18:00:00+00:00,0.130980
2026-02-16T18:15:00+00:00,0.118880
2026-02-16T18:30:00+00:00,0.113030
2026-02-16T18:45:00+00:00,0.106890
2026-02-16T19:00:00+00:00,0.109000
2026-02-16T19:15:00+00:00,0.107030
2026-02-16T19:30:00+00:00,0.101930
2026-02-16T19:45:00+00:00,0.096540
2026-02-16T20:00:00+00:00,0.099600
2026-02-16T20:15:00+00:00,0.095120
2026-02-16T20:30:00+00:00,0.087700
2026-02-16T20:45:00+00:00,0.083930
2026-02-16T21:00:00+00:00,0.093540
2026-02-16T21:15:00+00:00,0.092350
2026-02-16T21:30:00+00:00,0.089160
2026-02-16T21:45:00+00:00,0.084070
2026-02-16T22:00:00+00:00,0.089890
2026-02-16T22:15:00+00:00,0.083220
2026-02-16T22:30:00+00:00,0.080000
2026-02-16T22:45:00+00:00,0.075000
2026-02-16T23:00:00+00:00,0.081080
2026-02-16T23:15:00+00:00,0.078640
2026-02-16T23:30:00+00:00,0.075460
2026-02-16T23:45:00+00:00,0.074600
2026-02-17T00:00:00+00:00,0.075960
2026-02-17T00:15:00+00:00,0.074340
2026-02-17T00:30:00+00:00,0.074170
2026-02-17T00:45:00+00:00,0.073620
2026-02-17T01:00:00+00:00,0.074050
2026-02-17T01:15:00+00:00,0.073990
2026-02-17T01:30:00+00:00,0.074720
2026-02-17T01:45:00+00:00,0.074450
2026-02-17T02:00:00+00:00,0.074980
2026-02-17T02:15:00+00:00,0.074550
2026-02-17T02:30:00+00:00,0.074600
2026-02-17T02:45:00+00:00,0.073370
2026-02-17T03:00:00+00:00,0.071330
2026-02-17T03:15:00+00:00,0.074420
2026-02-17T03:30:00+00:00,0.072460
2026-02-17T03:45:00+00:00,0.075230
2026-02-17T04:00:00+00:00,0.072430
2026-02-17T04:15:00+00:00,0.075080
2026-02-17T04:30:00+00:00,0.076720
2026-02-17T04:45:00+00:00,0.087230
2026-02-17T05:00:00+00:00,0.080630
2026-02-17T05:15:00+00:00,0.091560
2026-02-17T05:30:00+00:00,0.095280
2026-02-17T05:45:00+00:00,0.103900
2026-02-17T06:00:00+00:00,0.096270
2026-02-17T06:15:00+00:00,0.107860
2026-02-17T06:30:00+00:00,0.108640
2026-02-17T06:45:00+00:00,0.117700
2026-02-17T07:00:00+00:00,0.109390
2026-02-17T07:15:00+00:00,0.109110
2026-02-17T07:30:00+00:00,0.111990
2026-02-17T07:45:00+00:00,0.106920
2026-02-17T08:00:00+00:00,0.122560
2026-02-17T08:15:00+00:00,0.104380
2026-02-17T08:30:00+00:00,0.096500
2026-02-17T08:45:00+00:00,0.087300
2026-02-17T09:00:00+00:00,0.094610
2026-02-17T09:15:00+00:00,0.091560
2026-02-17T09:30:00+00:00,0.089340
2026-02-17T09:45:00+00:00,0.088170
2026-02-17T10:00:00+00:00,0.089010
2026-02-17T10:15:00+00:00,0.085990
2026-02-17T10:30:00+00:00,0.079930
2026-02-17T10:45:00+00:00,0.075590
2026-02-17T11:00:00+00:00,0.079540
2026-02-17T11:15:00+00:00,0.076870
2026-02-17T11:30:00+00:00,0.078500
2026-02-17T11:45:00+00:00,0.072850
2026-02-17T12:00:00+00:00,0.079610
2026-02-17T12:15:00+00:00,0.075830
2026-02-17T12:30:00+00:00,0.070980
2026-02-17T12:45:00+00:00,0.071980
2026-02-17T13:00:00+00:00,0.074810
2026-02-17T13:15:00+00:00,0.075440
2026-02-17T13:30:00+00:00,0.076440
2026-02-17T13:45:00+00:00,0.078960
2026-02-17T14:00:00+00:00,0.076350
2026-02-17T14:15:00+00:00,0.077120
2026-02-17T14:30:00+00:00,0.082870
2026-02-17T14:45:00+00:00,0.092150
2026-02-17T15:00:00+00:00,0.090320
2026-02-17T15:15:00+00:00,0.086930
2026-02-17T15:30:00+00:00,0.085750
2026-02-17T15:45:00+00:00,0.097000
2026-02-17T16:00:00+00:00,0.096560
2026-02-17T16:15:00+00:00,0.101370
2026-02-17T16:30:00+00:00,0.111840
2026-02-17T16:45:00+00:00,0.120140
2026-02-17T17:00:00+00:00,0.120280
2026-02-17T17:15:00+00:00,0.121650
2026-02-17T17:30:00+00:00,0.132010
2026-02-17T17:45:00+00:00,0.134140
2026-02-17T18:00:00+00:00,0.133390
2026-02-17T18:15:00+00:00,0.129760
2026-02-17T18:30:00+00:00,0.123750
2026-02-17T18:45:00+00:00,0.111740
2026-02-17T19:00:00+00:00,0.120000
2026-02-17T19:15:00+00:00,0.112240
2026-02-17T19:30:00+00:00,0.108430
2026-02-17T19:45:00+00:00,0.105290
2026-02-17T20:00:00+00:00,0.110940
2026-02-17T20:15:00+00:00,0.105190
2026-02-17T20:30:00+00:00,0.097190
2026-02-17T20:45:00+00:00,0.086490
2026-02-17T21:00:00+00:00,0.097250
2026-02-17T21:15:00+00:00,0.094060
2026-02-17T21:30:00+00:00,0.089420
2026-02-17T21:45:00+00:00,0.087860
2026-02-17T22:00:00+00:00,0.091820
2026-02-17T22:15:00+00:00,0.088030
2026-02-17T22:30:00+00:00,0.087640
2026-02-17T22:45:00+00:00,0.081300
2026-02-17T23:00:00+00:00,0.091810
2026-02-17T23:15:00+00:00,0.091870
2026-02-17T23:30:00+00:00,0.087510
2026-02-17T23:45:00+00:00,0.087070
2026-02-18T00:00:00+00:00,0.087700
2026-02-18T00:15:00+00:00,0.084900
2026-02-18T00:30:00+00:00,0.087400
2026-02-18T00:45:00+00:00,0.085160
2026-02-18T01:00:00+00:00,0.087780
2026-02-18T01:15:00+00:00,0.086660
2026-02-18T01:30:00+00:00,0.087030
2026-02-18T01:45:00+00:00,0.084130
2026-02-18T02:00:00+00:00,0.085650
2026-02-18T02:15:00+00:00,0.083950
2026-02-18T02:30:00+00:00,0.082470
2026-02-18T02:45:00+00:00,0.083710
2026-02-18T03:00:00+00:00,0.083020
2026-02-18T03:15:00+00:00,0.085970
2026-02-18T03:30:00+00:00,0.085300
2026-02-18T03:45:00+00:00,0.086460
2026-02-18T04:00:00+00:00,0.087930
2026-02-18T04:15:00+00:00,0.087830
2026-02-18T04:30:00+00:00,0.090840
2026-02-18T04:45:00+00:00,0.098590
2026-02-18T05:00:00+00:00,0.089360
2026-02-18T05:15:00+00:00,0.102060
2026-02-18T05:30:00+00:00,0.116450
2026-02-18T05:45:00+00:00,0.136200
2026-02-18T06:00:00+00:00,0.133530
2026-02-18T06:15:00+00:00,0.151230
2026-02-18T06:30:00+00:00,0.175850
2026-02-18T06:45:00+00:00,0.188670
2026-02-18T07:00:00+00:00,0.193720
2026-02-18T07:15:00+00:00,0.186270
2026-02-18T07:30:00+00:00,0.167250
2026-02-18T07:45:00+00:00,0.136130
2026-02-18T08:00:00+00:00,0.145290
2026-02-18T08:15:00+00:00,0.131870
2026-02-18T08:30:00+00:00,0.117190
2026-02-18T08:45:00+00:00,0.102890
2026-02-18T09:00:00+00:00,0.123290
2026-02-18T09:15:00+00:00,0.108200
2026-02-18T09:30:00+00:00,0.099180
2026-02-18T09:45:00+00:00,0.089160
2026-02-18T10:00:00+00:00,0.095380
2026-02-18T10:15:00+00:00,0.088400
2026-02-18T10:30:00+00:00,0.089200
2026-02-18T10:45:00+00:00,0.086620
2026-02-18T11:00:00+00:00,0.093710
2026-02-18T11:15:00+00:00,0.088240
2026-02-18T11:30:00+00:00,0.080100
2026-02-18T11:45:00+00:00,0.073220
2026-02-18T12:00:00+00:00,0.081790
2026-02-18T12:15:00+00:00,0.076500
2026-02-18T12:30:00+00:00,0.076750
2026-02-18T12:45:00+00:00,0.073240
2026-02-18T13:00:00+00:00,0.073300
2026-02-18T13:15:00+00:00,0.071600
2026-02-18T13:30:00+00:00,0.078600
2026-02-18T13:45:00+00:00,0.088500
2026-02-18T14:00:00+00:00,0.059930
2026-02-18T14:15:00+00:00,0.077630
2026-02-18T14:30:00+00:00,0.090920
2026-02-18T14:45:00+00:00,0.109780
2026-02-18T15:00:00+00:00,0.037480
2026-02-18T15:15:00+00:00,0.073250
2026-02-18T15:30:00+00:00,0.113000
2026-02-18T15:45:00+00:00,0.116000
2026-02-18T16:00:00+00:00,0.041940
2026-02-18T16:15:00+00:00,0.076000
2026-02-18T16:30:00+00:00,0.098870
2026-02-18T16:45:00+00:00,0.128820
2026-02-18T17:00:00+00:00,0.119650
2026-02-18T17:15:00+00:00,0.100100
2026-02-18T17:30:00+00:00,0.080910
2026-02-18T17:45:00+00:00,0.070100
2026-02-18T18:00:00+00:00,0.118090
2026-02-18T18:15:00+00:00,0.113110
2026-02-18T18:30:00+00:00,0.104800
2026-02-18T18:45:00+00:00,0.101770
2026-02-18T19:00:00+00:00,0.097310
2026-02-18T19:15:00+00:00,0.088790
2026-02-18T19:30:00+00:00,0.081920
2026-02-18T19:45:00+00:00,0.084370
2026-02-18T20:00:00+00:00,0.097610
2026-02-18T20:15:00+00:00,0.092940
2026-02-18T20:30:00+00:00,0.081190
2026-02-18T20:45:00+00:00,0.079510
2026-02-18T21:00:00+00:00,0.091860
2026-02-18T21:15:00+00:00,0.084380
2026-02-18T21:30:00+00:00,0.083940
2026-02-18T21:45:00+00:00,0.082230
2026-02-18T22:00:00+00:00,0.087440
2026-02-18T22:15:00+00:00,0.081890
2026-02-18T22:30:00+00:00,0.080550
2026-02-18T22:45:00+00:00,0.071370
2026-02-18T23:00:00+00:00,0.077330
2026-02-18T23:15:00+00:00,0.075410
2026-02-18T23:30:00+00:00,0.072750
2026-02-18T23:45:00+00:00,0.070100
2026-02-19T00:00:00+00:00,0.076480
2026-02-19T00:15:00+00:00,0.072650
2026-02-19T00:30:00+00:00,0.072910
2026-02-19T00:45:00+00:00,0.066630
2026-02-19T01:00:00+00:00,0.074110
2026-02-19T01:15:00+00:00,0.070840
2026-02-19T01:30:00+00:00,0.070060
2026-02-19T01:45:00+00:00,0.068940
2026-02-19T02:00:00+00:00,0.071960
2026-02-19T02:15:00+00:00,0.069650
2026-02-19T02:30:00+00:00,0.069540
2026-02-19T02:45:00+00:00,0.069770
2026-02-19T03:00:00+00:00,0.064780
2026-02-19T03:15:00+00:00,0.066560
2026-02-19T03:30:00+00:00,0.068730
2026-02-19T03:45:00+00:00,0.071240
2026-02-19T04:00:00+00:00,0.070470
2026-02-19T04:15:00+00:00,0.072780
2026-02-19T04:30:00+00:00,0.077910
2026-02-19T04:45:00+00:00,0.078730
2026-02-19T05:00:00+00:00,0.073020
2026-02-19T05:15:00+00:00,0.076720
2026-02-19T05:30:00+00:00,0.079720
2026-02-19T05:45:00+00:00,0.088410
2026-02-19T06:00:00+00:00,0.078250
2026-02-19T06:15:00+00:00,0.083340
2026-02-19T06:30:00+00:00,0.085920
2026-02-19T06:45:00+00:00,0.083910
2026-02-19T07:00:00+00:00,0.089480
2026-02-19T07:15:00+00:00,0.092280
2026-02-19T07:30:00+00:00,0.092670
2026-02-19T07:45:00+00:00,0.090250
2026-02-19T08:00:00+00:00,0.098390
2026-02-19T08:15:00+00:00,0.095990
2026-02-19T08:30:00+00:00,0.094310
2026-02-19T08:45:00+00:00,0.087510
2026-02-19T09:00:00+00:00,0.099320
2026-02-19T09:15:00+00:00,0.087480
2026-02-19T09:30:00+00:00,0.075100
2026-02-19T09:45:00+00:00,0.070100
2026-02-19T10:00:00+00:00,0.090380
2026-02-19T10:15:00+00:00,0.090450
2026-02-19T10:30:00+00:00,0.088360
2026-02-19T10:45:00+00:00,0.086850
2026-02-19T11:00:00+00:00,0.081940
2026-02-19T11:15:00+00:00,0.080760
2026-02-19T11:30:00+00:00,0.080760
2026-02-19T11:45:00+00:00,0.079370
2026-02-19T12:00:00+00:00,0.080800
2026-02-19T12:15:00+00:00,0.080080
2026-02-19T12:30:00+00:00,0.079990
2026-02-19T12:45:00+00:00,0.079130
2026-02-19T13:00:00+00:00,0.074290
2026-02-19T13:15:00+00:00,0.077030
2026-02-19T13:30:00+00:00,0.079000
2026-02-19T13:45:00+00:00,0.080070
2026-02-19T14:00:00+00:00,0.078970
2026-02-19T14:15:00+00:00,0.081540
2026-02-19T14:30:00+00:00,0.088850
2026-02-19T14:45:00+00:00,0.092380
2026-02-19T15:00:00+00:00,0.081190
2026-02-19T15:15:00+00:00,0.088480
2026-02-19T15:30:00+00:00,0.091650
2026-02-19T15:45:00+00:00,0.095510
2026-02-19T16:00:00+00:00,0.092060
2026-02-19T16:15:00+00:00,0.095040
2026-02-19T16:30:00+00:00,0.101170
2026-02-19T16:45:00+00:00,0.107090
2026-02-19T17:00:00+00:00,0.096840
2026-02-19T17:15:00+00:00,0.104720
2026-02-19T17:30:00+00:00,0.119450
2026-02-19T17:45:00+00:00,0.118200
2026-02-19T18:00:00+00:00,0.115350
2026-02-19T18:15:00+00:00,0.110980
2026-02-19T18:30:00+00:00,0.104660
2026-02-19T18:45:00+00:00,0.093010
2026-02-19T19:00:00+00:00,0.108250
2026-02-19T19:15:00+00:00,0.098590
2026-02-19T19:30:00+00:00,0.095960
2026-02-19T19:45:00+00:00,0.091850
2026-02-19T20:00:00+00:00,0.093580
2026-02-19T20:15:00+00:00,0.089140
2026-02-19T20:30:00+00:00,0.080100
2026-02-19T20:45:00+00:00,0.073910
2026-02-19T21:00:00+00:00,0.090960
2026-02-19T21:15:00+00:00,0.089100
2026-02-19T21:30:00+00:00,0.084170
2026-02-19T21:45:00+00:00,0.077360
2026-02-19T22:00:00+00:00,0.084870
2026-02-19T22:15:00+00:00,0.080100
2026-02-19T22:30:00+00:00,0.078580
2026-02-19T22:45:00+00:00,0.075050
2026-02-19T23:00:00+00:00,0.081580
2026-02-19T23:15:00+00:00,0.085110
2026-02-19T23:30:00+00:00,0.085900
2026-02-19T23:45:00+00:00,0.085230
2026-02-20T00:00:00+00:00,0.087120
2026-02-20T00:15:00+00:00,0.086640
2026-02-20T00:30:00+00:00,0.085690
2026-02-20T00:45:00+00:00,0.084760
2026-02-20T01:00:00+00:00,0.086310
2026-02-20T01:15:00+00:00,0.084890
2026-02-20T01:30:00+00:00,0.084630
2026-02-20T01:45:00+00:00,0.085000
2026-02-20T02:00:00+00:00,0.084740
2026-02-20T02:15:00+00:00,0.084740
2026-02-20T02:30:00+00:00,0.084860
2026-02-20T02:45:00+00:00,0.085180
2026-02-20T03:00:00+00:00,0.081610
2026-02-20T03:15:00+00:00,0.083000
2026-02-20T03:30:00+00:00,0.084350
2026-02-20T03:45:00+00:00,0.084440
2026-02-20T04:00:00+00:00,0.078050
2026-02-20T04:15:00+00:00,0.078990
2026-02-20T04:30:00+00:00,0.085010
2026-02-20T04:45:00+00:00,0.093720
2026-02-20T05:00:00+00:00,0.080070
2026-02-20T05:15:00+00:00,0.097620
2026-02-20T05:30:00+00:00,0.103200
2026-02-20T05:45:00+00:00,0.111320
2026-02-20T06:00:00+00:00,0.103250
2026-02-20T06:15:00+00:00,0.110400
2026-02-20T06:30:00+00:00,0.119600
2026-02-20T06:45:00+00:00,0.116080
2026-02-20T07:00:00+00:00,0.121700
2026-02-20T07:15:00+00:00,0.122270
2026-02-20T07:30:00+00:00,0.115470
2026-02-20T07:45:00+00:00,0.106870
2026-02-20T08:00:00+00:00,0.122810
2026-02-20T08:15:00+00:00,0.115760
2026-02-20T08:30:00+00:00,0.103730
2026-02-20T08:45:00+00:00,0.091710
2026-02-20T09:00:00+00:00,0.113720
2026-02-20T09:15:00+00:00,0.107120
2026-02-20T09:30:00+00:00,0.094820
2026-02-20T09:45:00+00:00,0.087780
2026-02-20T10:00:00+00:00,0.096060
2026-02-20T10:15:00+00:00,0.091640
2026-02-20T10:30:00+00:00,0.103020
2026-02-20T10:45:00+00:00,0.102400
2026-02-20T11:00:00+00:00,0.085110
2026-02-20T11:15:00+00:00,0.089730
2026-02-20T11:30:00+00:00,0.084920
2026-02-20T11:45:00+00:00,0.083840
2026-02-20T12:00:00+00:00,0.085620
2026-02-20T12:15:00+00:00,0.085200
2026-02-20T12:30:00+00:00,0.087480
2026-02-20T12:45:00+00:00,0.081690
2026-02-20T13:00:00+00:00,0.075800
2026-02-20T13:15:00+00:00,0.080130
2026-02-20T13:30:00+00:00,0.081040
2026-02-20T13:45:00+00:00,0.083040
2026-02-20T14:00:00+00:00,0.075510
2026-02-20T14:15:00+00:00,0.083600
2026-02-20T14:30:00+00:00,0.085490
2026-02-20T14:45:00+00:00,0.091730
2026-02-20T15:00:00+00:00,0.082390
2026-02-20T15:15:00+00:00,0.087760
2026-02-20T15:30:00+00:00,0.088960
2026-02-20T15:45:00+00:00,0.095200
2026-02-20T16:00:00+00:00,0.092060
2026-02-20T16:15:00+00:00,0.097670
2026-02-20T16:30:00+00:00,0.097710
2026-02-20T16:45:00+00:00,0.099760
2026-02-20T17:00:00+00:00,0.090750
2026-02-20T17:15:00+00:00,0.092470
2026-02-20T17:30:00+00:00,0.089320
2026-02-20T17:45:00+00:00,0.089230
2026-02-20T18:00:00+00:00,0.092300
2026-02-20T18:15:00+00:00,0.091130
2026-02-20T18:30:00+00:00,0.083760
2026-02-20T18:45:00+00:00,0.070100
2026-02-20T19:00:00+00:00,0.102250
2026-02-20T19:15:00+00:00,0.086720
2026-02-20T19:30:00+00:00,0.076900
2026-02-20T19:45:00+00:00,0.063010
2026-02-20T20:00:00+00:00,0.093700
2026-02-20T20:15:00+00:00,0.080700
2026-02-20T20:30:00+00:00,0.070700
2026-02-20T20:45:00+00:00,0.058250
2026-02-20T21:00:00+00:00,0.081780
2026-02-20T21:15:00+00:00,0.070410
2026-02-20T21:30:00+00:00,0.061700
2026-02-20T21:45:00+00:00,0.046110
2026-02-20T22:00:00+00:00,0.066660
2026-02-20T22:15:00+00:00,0.054630
2026-02-20T22:30:00+00:00,0.050770
2026-02-20T22:45:00+00:00,0.038970
2026-02-20T23:00:00+00:00,0.067170
2026-02-20T23:15:00+00:00,0.052630
2026-02-20T23:30:00+00:00,0.051490
2026-02-20T23:45:00+00:00,0.049110
2026-02-21T00:00:00+00:00,0.052880
2026-02-21T00:15:00+00:00,0.047100
2026-02-21T00:30:00+00:00,0.048180
2026-02-21T00:45:00+00:00,0.038420
2026-02-21T01:00:00+00:00,0.050230
2026-02-21T01:15:00+00:00,0.047090
2026-02-21T01:30:00+00:00,0.041520
2026-02-21T01:45:00+00:00,0.034990
2026-02-21T02:00:00+00:00,0.046370
2026-02-21T02:15:00+00:00,0.041050
2026-02-21T02:30:00+00:00,0.040400
2026-02-21T02:45:00+00:00,0.041630
2026-02-21T03:00:00+00:00,0.043680
2026-02-21T03:15:00+00:00,0.042980
2026-02-21T03:30:00+00:00,0.041840
2026-02-21T03:45:00+00:00,0.039500
2026-02-21T04:00:00+00:00,0.036800
2026-02-21T04:15:00+00:00,0.038500
2026-02-21T04:30:00+00:00,0.045970
2026-02-21T04:45:00+00:00,0.045230
2026-02-21T05:00:00+00:00,0.025180
2026-02-21T05:15:00+00:00,0.031120
2026-02-21T05:30:00+00:00,0.052960
2026-02-21T05:45:00+00:00,0.074750
2026-02-21T06:00:00+00:00,0.050100
2026-02-21T06:15:00+00:00,0.059680
2026-02-21T06:30:00+00:00,0.072460
2026-02-21T06:45:00+00:00,0.076370
2026-02-21T07:00:00+00:00,0.079030
2026-02-21T07:15:00+00:00,0.079280
2026-02-21T07:30:00+00:00,0.079940
2026-02-21T07:45:00+00:00,0.082410
2026-02-21T08:00:00+00:00,0.088580
2026-02-21T08:15:00+00:00,0.083240
2026-02-21T08:30:00+00:00,0.082740
2026-02-21T08:45:00+00:00,0.079780
2026-02-21T09:00:00+00:00,0.083860
2026-02-21T09:15:00+00:00,0.080760
2026-02-21T09:30:00+00:00,0.070670
2026-02-21T09:45:00+00:00,0.054410
2026-02-21T10:00:00+00:00,0.073850
2026-02-21T10:15:00+00:00,0.059290
2026-02-21T10:30:00+00:00,0.058440
2026-02-21T10:45:00+00:00,0.055850
2026-02-21T11:00:00+00:00,0.068400
2026-02-21T11:15:00+00:00,0.060050
2026-02-21T11:30:00+00:00,0.055910
2026-02-21T11:45:00+00:00,0.055640
2026-02-21T12:00:00+00:00,0.058760
2026-02-21T12:15:00+00:00,0.064480
2026-02-21T12:30:00+00:00,0.068920
2026-02-21T12:45:00+00:00,0.070800
2026-02-21T13:00:00+00:00,0.072030
2026-02-21T13:15:00+00:00,0.076720
2026-02-21T13:30:00+00:00,0.082040
2026-02-21T13:45:00+00:00,0.088390
2026-02-21T14:00:00+00:00,0.075620
2026-02-21T14:15:00+00:00,0.080000
2026-02-21T14:30:00+00:00,0.085850
2026-02-21T14:45:00+00:00,0.103250
2026-02-21T15:00:00+00:00,0.067550
2026-02-21T15:15:00+00:00,0.087980
2026-02-21T15:30:00+00:00,0.094670
2026-02-21T15:45:00+00:00,0.131800
2026-02-21T16:00:00+00:00,0.088260
2026-02-21T16:15:00+00:00,0.098720
2026-02-21T16:30:00+00:00,0.115420
2026-02-21T16:45:00+00:00,0.130000
2026-02-21T17:00:00+00:00,0.106800
2026-02-21T17:15:00+00:00,0.109570
2026-02-21T17:30:00+00:00,0.109810
2026-02-21T17:45:00+00:00,0.106700
2026-02-21T18:00:00+00:00,0.107660
2026-02-21T18:15:00+00:00,0.101820
2026-02-21T18:30:00+00:00,0.098750
2026-02-21T18:45:00+00:00,0.097150
2026-02-21T19:00:00+00:00,0.096540
2026-02-21T19:15:00+00:00,0.092400
2026-02-21T19:30:00+00:00,0.087310
2026-02-21T19:45:00+00:00,0.085320
2026-02-21T20:00:00+00:00,0.091760
2026-02-21T20:15:00+00:00,0.085930
2026-02-21T20:30:00+00:00,0.082230
2026-02-21T20:45:00+00:00,0.078000
2026-02-21T21:00:00+00:00,0.086000
2026-02-21T21:15:00+00:00,0.080640
2026-02-21T21:30:00+00:00,0.072450
2026-02-21T21:45:00+00:00,0.067280
2026-02-21T22:00:00+00:00,0.079530
2026-02-21T22:15:00+00:00,0.064430
2026-02-21T22:30:00+00:00,0.062620
2026-02-21T22:45:00+00:00,0.041770
2026-02-21T23:00:00+00:00,0.067950
2026-02-21T23:15:00+00:00,0.059340
2026-02-21T23:30:00+00:00,0.047340
2026-02-21T23:45:00+00:00,0.040080
2026-02-22T00:00:00+00:00,0.053690
2026-02-22T00:15:00+00:00,0.048920
2026-02-22T00:30:00+00:00,0.045090
2026-02-22T00:45:00+00:00,0.041210
2026-02-22T01:00:00+00:00,0.047020
2026-02-22T01:15:00+00:00,0.042380
2026-02-22T01:30:00+00:00,0.039170
2026-02-22T01:45:00+00:00,0.035440
2026-02-22T02:00:00+00:00,0.035600
2026-02-22T02:15:00+00:00,0.034050
2026-02-22T02:30:00+00:00,0.040710
2026-02-22T02:45:00+00:00,0.036970
2026-02-22T03:00:00+00:00,0.033150
2026-02-22T03:15:00+00:00,0.031470
2026-02-22T03:30:00+00:00,0.037350
2026-02-22T03:45:00+00:00,0.036900
2026-02-22T04:00:00+00:00,0.035660
2026-02-22T04:15:00+00:00,0.035790
2026-02-22T04:30:00+00:00,0.033620
2026-02-22T04:45:00+00:00,0.031770
2026-02-22T05:00:00+00:00,0.028890
2026-02-22T05:15:00+00:00,0.030320
2026-02-22T05:30:00+00:00,0.031550
2026-02-22T05:45:00+00:00,0.033220
2026-02-22T06:00:00+00:00,0.033620
2026-02-22T06:15:00+00:00,0.039030
2026-02-22T06:30:00+00:00,0.036420
2026-02-22T06:45:00+00:00,0.039040
2026-02-22T07:00:00+00:00,0.038870
2026-02-22T07:15:00+00:00,0.039550
2026-02-22T07:30:00+00:00,0.042520
2026-02-22T07:45:00+00:00,0.048310
2026-02-22T08:00:00+00:00,0.048100
2026-02-22T08:15:00+00:00,0.055100
2026-02-22T08:30:00+00:00,0.049980
2026-02-22T08:45:00+00:00,0.050100
2026-02-22T09:00:00+00:00,0.059320
2026-02-22T09:15:00+00:00,0.056700
2026-02-22T09:30:00+00:00,0.052820
2026-02-22T09:45:00+00:00,0.049560
2026-02-22T10:00:00+00:00,0.050100
2026-02-22T10:15:00+00:00,0.050100
2026-02-22T10:30:00+00:00,0.047530
2026-02-22T10:45:00+00:00,0.045100
2026-02-22T11:00:00+00:00,0.047200
2026-02-22T11:15:00+00:00,0.049750
2026-02-22T11:30:00+00:00,0.045050
2026-02-22T11:45:00+00:00,0.038000
2026-02-22T12:00:00+00:00,0.050100
2026-02-22T12:15:00+00:00,0.045100
2026-02-22T12:30:00+00:00,0.039450
2026-02-22T12:45:00+00:00,0.037350
2026-02-22T13:00:00+00:00,0.039500
2026-02-22T13:15:00+00:00,0.038200
2026-02-22T13:30:00+00:00,0.040500
2026-02-22T13:45:00+00:00,0.041800
2026-02-22T14:00:00+00:00,0.040790
2026-02-22T14:15:00+00:00,0.038820
2026-02-22T14:30:00+00:00,0.040850
2026-02-22T14:45:00+00:00,0.051330
2026-02-22T15:00:00+00:00,0.049950
2026-02-22T15:15:00+00:00,0.057170
2026-02-22T15:30:00+00:00,0.073220
2026-02-22T15:45:00+00:00,0.082580
2026-02-22T16:00:00+00:00,0.082140
2026-02-22T16:15:00+00:00,0.087430
2026-02-22T16:30:00+00:00,0.089670
2026-02-22T16:45:00+00:00,0.102360
2026-02-22T17:00:00+00:00,0.098930
2026-02-22T17:15:00+00:00,0.104070
2026-02-22T17:30:00+00:00,0.099930
2026-02-22T17:45:00+00:00,0.097080
2026-02-22T18:00:00+00:00,0.097560
2026-02-22T18:15:00+00:00,0.096610
2026-02-22T18:30:00+00:00,0.094630
2026-02-22T18:45:00+00:00,0.087970
2026-02-22T19:00:00+00:00,0.086810
2026-02-22T19:15:00+00:00,0.085010
2026-02-22T19:30:00+00:00,0.083020
2026-02-22T19:45:00+00:00,0.076540
2026-02-22T20:00:00+00:00,0.078240
2026-02-22T20:15:00+00:00,0.077410
2026-02-22T20:30:00+00:00,0.074640
2026-02-22T20:45:00+00:00,0.070660
2026-02-22T21:00:00+00:00,0.079860
2026-02-22T21:15:00+00:00,0.067290
2026-02-22T21:30:00+00:00,0.065160
2026-02-22T21:45:00+00:00,0.051560
2026-02-22T22:00:00+00:00,0.064000
2026-02-22T22:15:00+00:00,0.050440
2026-02-22T22:30:00+00:00,0.046930
2026-02-22T22:45:00+00:00,0.030060
2026-02-22T23:00:00+00:00,0.046170
2026-02-22T23:15:00+00:00,0.043150
2026-02-22T23:30:00+00:00,0.034900
2026-02-22T23:45:00+00:00,0.041930
2026-02-23T00:00:00+00:00,0.042250
2026-02-23T00:15:00+00:00,0.039440
2026-02-23T00:30:00+00:00,0.038920
2026-02-23T00:45:00+00:00,0.046250
2026-02-23T01:00:00+00:00,0.042620
2026-02-23T01:15:00+00:00,0.040430
2026-02-23T01:30:00+00:00,0.042290
2026-02-23T01:45:00+00:00,0.037900
2026-02-23T02:00:00+00:00,0.041340
2026-02-23T02:15:00+00:00,0.040950
2026-02-23T02:30:00+00:00,0.040330
2026-02-23T02:45:00+00:00,0.040740
2026-02-23T03:00:00+00:00,0.037100
2026-02-23T03:15:00+00:00,0.040160
2026-02-23T03:30:00+00:00,0.042450
2026-02-23T03:45:00+00:00,0.044510
2026-02-23T04:00:00+00:00,0.044360
2026-02-23T04:15:00+00:00,0.039920
2026-02-23T04:30:00+00:00,0.050600
2026-02-23T04:45:00+00:00,0.070550
2026-02-23T05:00:00+00:00,0.051570
2026-02-23T05:15:00+00:00,0.068740
2026-02-23T05:30:00+00:00,0.081050
2026-02-23T05:45:00+00:00,0.085510
2026-02-23T06:00:00+00:00,0.085390
2026-02-23T06:15:00+00:00,0.090040
2026-02-23T06:30:00+00:00,0.094390
2026-02-23T06:45:00+00:00,0.096130
2026-02-23T07:00:00+00:00,0.101490
2026-02-23T07:15:00+00:00,0.096960
2026-02-23T07:30:00+00:00,0.093060
2026-02-23T07:45:00+00:00,0.086510
2026-02-23T08:00:00+00:00,0.104810
2026-02-23T08:15:00+00:00,0.094750
2026-02-23T08:30:00+00:00,0.089830
2026-02-23T08:45:00+00:00,0.064190
2026-02-23T09:00:00+00:00,0.082970
2026-02-23T09:15:00+00:00,0.077120
2026-02-23T09:30:00+00:00,0.052840
2026-02-23T09:45:00+00:00,0.027060
2026-02-23T10:00:00+00:00,0.053290
2026-02-23T10:15:00+00:00,0.056320
2026-02-23T10:30:00+00:00,0.042230
2026-02-23T10:45:00+00:00,0.020570
2026-02-23T11:00:00+00:00,0.021400
2026-02-23T11:15:00+00:00,0.006230
2026-02-23T11:30:00+00:00,0.004200
2026-02-23T11:45:00+00:00,0.002970
2026-02-23T12:00:00+00:00,0.004150
2026-02-23T12:15:00+00:00,0.003230
2026-02-23T12:30:00+00:00,0.003360
2026-02-23T12:45:00+00:00,0.007930
2026-02-23T13:00:00+00:00,0.010030
2026-02-23T13:15:00+00:00,0.030280
2026-02-23T13:30:00+00:00,0.042390
2026-02-23T13:45:00+00:00,0.044670
2026-02-23T14:00:00+00:00,0.019060
2026-02-23T14:15:00+00:00,0.035430
2026-02-23T14:30:00+00:00,0.069350
2026-02-23T14:45:00+00:00,0.084980
2026-02-23T15:00:00+00:00,0.038280
2026-02-23T15:15:00+00:00,0.079840
2026-02-23T15:30:00+00:00,0.093570
2026-02-23T15:45:00+00:00,0.108940
2026-02-23T16:00:00+00:00,0.075970
2026-02-23T16:15:00+00:00,0.087170
2026-02-23T16:30:00+00:00,0.090110
2026-02-23T16:45:00+00:00,0.094970
2026-02-23T17:00:00+00:00,0.095940
2026-02-23T17:15:00+00:00,0.098930
2026-02-23T17:30:00+00:00,0.105610
2026-02-23T17:45:00+00:00,0.114770
2026-02-23T18:00:00+00:00,0.110440
2026-02-23T18:15:00+00:00,0.111770
2026-02-23T18:30:00+00:00,0.112260
2026-02-23T18:45:00+00:00,0.114080
2026-02-23T19:00:00+00:00,0.104810
2026-02-23T19:15:00+00:00,0.104400
2026-02-23T19:30:00+00:00,0.092760
2026-02-23T19:45:00+00:00,0.090100
2026-02-23T20:00:00+00:00,0.096150
2026-02-23T20:15:00+00:00,0.096120
2026-02-23T20:30:00+00:00,0.087620
2026-02-23T20:45:00+00:00,0.080660
2026-02-23T21:00:00+00:00,0.093900
2026-02-23T21:15:00+00:00,0.089000
2026-02-23T21:30:00+00:00,0.089610
2026-02-23T21:45:00+00:00,0.083780
2026-02-23T22:00:00+00:00,0.085680
2026-02-23T22:15:00+00:00,0.081890
2026-02-23T22:30:00+00:00,0.080940
2026-02-23T22:45:00+00:00,0.076160
2026-02-23T23:00:00+00:00,0.083350
2026-02-23T23:15:00+00:00,0.083790
2026-02-23T23:30:00+00:00,0.083440
2026-02-23T23:45:00+00:00,0.085020
2026-02-24T00:00:00+00:00,0.083070
2026-02-24T00:15:00+00:00,0.083620
2026-02-24T00:30:00+00:00,0.084100
2026-02-24T00:45:00+00:00,0.084140
2026-02-24T01:00:00+00:00,0.078740
2026-02-24T01:15:00+00:00,0.080130
2026-02-24T01:30:00+00:00,0.080210
2026-02-24T01:45:00+00:00,0.081330
2026-02-24T02:00:00+00:00,0.075370
2026-02-24T02:15:00+00:00,0.076630
2026-02-24T02:30:00+00:00,0.077090
2026-02-24T02:45:00+00:00,0.079490
2026-02-24T03:00:00+00:00,0.077100
2026-02-24T03:15:00+00:00,0.077480
2026-02-24T03:30:00+00:00,0.078110
2026-02-24T03:45:00+00:00,0.080100
2026-02-24T04:00:00+00:00,0.077920
2026-02-24T04:15:00+00:00,0.078990
2026-02-24T04:30:00+00:00,0.086070
2026-02-24T04:45:00+00:00,0.091560
2026-02-24T05:00:00+00:00,0.084360
2026-02-24T05:15:00+00:00,0.095130
2026-02-24T05:30:00+00:00,0.105770
2026-02-24T05:45:00+00:00,0.112830
2026-02-24T06:00:00+00:00,0.109730
2026-02-24T06:15:00+00:00,0.121380
2026-02-24T06:30:00+00:00,0.130480
2026-02-24T06:45:00+00:00,0.137500
2026-02-24T07:00:00+00:00,0.137250
2026-02-24T07:15:00+00:00,0.141680
2026-02-24T07:30:00+00:00,0.143870
2026-02-24T07:45:00+00:00,0.142340
2026-02-24T08:00:00+00:00,0.142010
2026-02-24T08:15:00+00:00,0.136660
2026-02-24T08:30:00+00:00,0.130530
2026-02-24T08:45:00+00:00,0.122420
2026-02-24T09:00:00+00:00,0.134100
2026-02-24T09:15:00+00:00,0.114510
2026-02-24T09:30:00+00:00,0.106920
2026-02-24T09:45:00+00:00,0.104650
2026-02-24T10:00:00+00:00,0.112290
2026-02-24T10:15:00+00:00,0.100910
2026-02-24T10:30:00+00:00,0.098550
2026-02-24T10:45:00+00:00,0.092250
2026-02-24T11:00:00+00:00,0.095890
2026-02-24T11:15:00+00:00,0.090840
2026-02-24T11:30:00+00:00,0.090630
2026-02-24T11:45:00+00:00,0.087420
2026-02-24T12:00:00+00:00,0.089680
2026-02-24T12:15:00+00:00,0.088930
2026-02-24T12:30:00+00:00,0.088610
2026-02-24T12:45:00+00:00,0.087440
2026-02-24T13:00:00+00:00,0.080830
2026-02-24T13:15:00+00:00,0.084670
2026-02-24T13:30:00+00:00,0.085850
2026-02-24T13:45:00+00:00,0.089310
2026-02-24T14:00:00+00:00,0.087350
2026-02-24T14:15:00+00:00,0.091130
2026-02-24T14:30:00+00:00,0.096850
2026-02-24T14:45:00+00:00,0.109790
2026-02-24T15:00:00+00:00,0.095090
2026-02-24T15:15:00+00:00,0.101380
2026-02-24T15:30:00+00:00,0.112450
2026-02-24T15:45:00+00:00,0.128570
2026-02-24T16:00:00+00:00,0.111930
2026-02-24T16:15:00+00:00,0.145000
2026-02-24T16:30:00+00:00,0.181870
2026-02-24T16:45:00+00:00,0.232950
2026-02-24T17:00:00+00:00,0.181770
2026-02-24T17:15:00+00:00,0.177340
2026-02-24T17:30:00+00:00,0.166170
2026-02-24T17:45:00+00:00,0.150610
2026-02-24T18:00:00+00:00,0.162300
2026-02-24T18:15:00+00:00,0.136960
2026-02-24T18:30:00+00:00,0.131230
2026-02-24T18:45:00+00:00,0.112590
2026-02-24T19:00:00+00:00,0.126140
2026-02-24T19:15:00+00:00,0.119470
2026-02-24T19:30:00+00:00,0.108600
2026-02-24T19:45:00+00:00,0.097320
2026-02-24T20:00:00+00:00,0.108580
2026-02-24T20:15:00+00:00,0.101260
2026-02-24T20:30:00+00:00,0.096730
2026-02-24T20:45:00+00:00,0.087750
2026-02-24T21:00:00+00:00,0.098460
2026-02-24T21:15:00+00:00,0.094780
2026-02-24T21:30:00+00:00,0.092040
2026-02-24T21:45:00+00:00,0.088090
2026-02-24T22:00:00+00:00,0.090620
2026-02-24T22:15:00+00:00,0.089120
2026-02-24T22:30:00+00:00,0.085240
2026-02-24T22:45:00+00:00,0.080800
2026-02-24T23:00:00+00:00,0.090950
2026-02-24T23:15:00+00:00,0.085030
2026-02-24T23:30:00+00:00,0.081970
2026-02-24T23:45:00+00:00,0.079250
2026-02-25T00:00:00+00:00,0.082890
2026-02-25T00:15:00+00:00,0.081060
2026-02-25T00:30:00+00:00,0.077390
2026-02-25T00:45:00+00:00,0.075240
2026-02-25T01:00:00+00:00,0.079400
2026-02-25T01:15:00+00:00,0.077360
2026-02-25T01:30:00+00:00,0.075040
2026-02-25T01:45:00+00:00,0.073730
2026-02-25T02:00:00+00:00,0.079510
2026-02-25T02:15:00+00:00,0.078910
2026-02-25T02:30:00+00:00,0.079040
2026-02-25T02:45:00+00:00,0.078480
2026-02-25T03:00:00+00:00,0.079200
2026-02-25T03:15:00+00:00,0.078220
2026-02-25T03:30:00+00:00,0.080130
2026-02-25T03:45:00+00:00,0.080670
2026-02-25T04:00:00+00:00,0.077560
2026-02-25T04:15:00+00:00,0.079960
2026-02-25T04:30:00+00:00,0.085980
2026-02-25T04:45:00+00:00,0.089700
2026-02-25T05:00:00+00:00,0.086020
2026-02-25T05:15:00+00:00,0.097360
2026-02-25T05:30:00+00:00,0.107470
2026-02-25T05:45:00+00:00,0.118070
2026-02-25T06:00:00+00:00,0.112720
2026-02-25T06:15:00+00:00,0.123350
2026-02-25T06:30:00+00:00,0.133230
2026-02-25T06:45:00+00:00,0.127930
2026-02-25T07:00:00+00:00,0.135890
2026-02-25T07:15:00+00:00,0.119830
2026-02-25T07:30:00+00:00,0.110310
2026-02-25T07:45:00+00:00,0.095630
2026-02-25T08:00:00+00:00,0.115380
2026-02-25T08:15:00+00:00,0.102650
2026-02-25T08:30:00+00:00,0.091730
2026-02-25T08:45:00+00:00,0.082380
2026-02-25T09:00:00+00:00,0.091590
2026-02-25T09:15:00+00:00,0.088360
2026-02-25T09:30:00+00:00,0.076800
2026-02-25T09:45:00+00:00,0.071370
2026-02-25T10:00:00+00:00,0.077580
2026-02-25T10:15:00+00:00,0.074680
2026-02-25T10:30:00+00:00,0.073300
2026-02-25T10:45:00+00:00,0.057670
2026-02-25T11:00:00+00:00,0.075820
2026-02-25T11:15:00+00:00,0.063700
2026-02-25T11:30:00+00:00,0.052000
2026-02-25T11:45:00+00:00,0.044930
2026-02-25T12:00:00+00:00,0.059240
2026-02-25T12:15:00+00:00,0.053980
2026-02-25T12:30:00+00:00,0.052730
2026-02-25T12:45:00+00:00,0.049960
2026-02-25T13:00:00+00:00,0.039850
2026-02-25T13:15:00+00:00,0.058350
2026-02-25T13:30:00+00:00,0.066800
2026-02-25T13:45:00+00:00,0.075250
2026-02-25T14:00:00+00:00,0.060580
2026-02-25T14:15:00+00:00,0.064800
2026-02-25T14:30:00+00:00,0.076080
2026-02-25T14:45:00+00:00,0.084670
2026-02-25T15:00:00+00:00,0.067490
2026-02-25T15:15:00+00:00,0.082600
2026-02-25T15:30:00+00:00,0.095210
2026-02-25T15:45:00+00:00,0.118710
2026-02-25T16:00:00+00:00,0.094190
2026-02-25T16:15:00+00:00,0.106310
2026-02-25T16:30:00+00:00,0.119730
2026-02-25T16:45:00+00:00,0.140040
2026-02-25T17:00:00+00:00,0.125500
2026-02-25T17:15:00+00:00,0.116770
2026-02-25T17:30:00+00:00,0.113480
2026-02-25T17:45:00+00:00,0.116700
2026-02-25T18:00:00+00:00,0.113350
2026-02-25T18:15:00+00:00,0.110390
2026-02-25T18:30:00+00:00,0.105590
2026-02-25T18:45:00+00:00,0.103930
2026-02-25T19:00:00+00:00,0.109320
2026-02-25T19:15:00+00:00,0.098300
2026-02-25T19:30:00+00:00,0.091070
2026-02-25T19:45:00+00:00,0.082430
2026-02-25T20:00:00+00:00,0.092250
2026-02-25T20:15:00+00:00,0.087950
2026-02-25T20:30:00+00:00,0.084910
2026-02-25T20:45:00+00:00,0.076960
2026-02-25T21:00:00+00:00,0.093040
2026-02-25T21:15:00+00:00,0.086550
2026-02-25T21:30:00+00:00,0.082300
2026-02-25T21:45:00+00:00,0.078810
2026-02-25T22:00:00+00:00,0.087830
2026-02-25T22:15:00+00:00,0.082390
2026-02-25T22:30:00+00:00,0.078990
2026-02-25T22:45:00+00:00,0.067270
2026-02-25T23:00:00+00:00,0.087580
2026-02-25T23:15:00+00:00,0.082210
2026-02-25T23:30:00+00:00,0.080040
2026-02-25T23:45:00+00:00,0.074600
2026-02-26T00:00:00+00:00,0.085090
2026-02-26T00:15:00+00:00,0.076910
2026-02-26T00:30:00+00:00,0.073320
2026-02-26T00:45:00+00:00,0.067580
2026-02-26T01:00:00+00:00,0.073740
2026-02-26T01:15:00+00:00,0.072890
2026-02-26T01:30:00+00:00,0.070100
2026-02-26T01:45:00+00:00,0.070600
2026-02-26T02:00:00+00:00,0.073970
2026-02-26T02:15:00+00:00,0.073810
2026-02-26T02:30:00+00:00,0.075020
2026-02-26T02:45:00+00:00,0.067880
2026-02-26T03:00:00+00:00,0.068670
2026-02-26T03:15:00+00:00,0.070150
2026-02-26T03:30:00+00:00,0.072500
2026-02-26T03:45:00+00:00,0.072280
2026-02-26T04:00:00+00:00,0.064610
2026-02-26T04:15:00+00:00,0.069400
2026-02-26T04:30:00+00:00,0.074730
2026-02-26T04:45:00+00:00,0.084700
2026-02-26T05:00:00+00:00,0.068100
2026-02-26T05:15:00+00:00,0.092020
2026-02-26T05:30:00+00:00,0.101770
2026-02-26T05:45:00+00:00,0.104880
2026-02-26T06:00:00+00:00,0.104000
2026-02-26T06:15:00+00:00,0.108140
2026-02-26T06:30:00+00:00,0.108590
2026-02-26T06:45:00+00:00,0.102480
2026-02-26T07:00:00+00:00,0.122610
2026-02-26T07:15:00+00:00,0.120100
2026-02-26T07:30:00+00:00,0.101030
2026-02-26T07:45:00+00:00,0.090350
2026-02-26T08:00:00+00:00,0.150900
2026-02-26T08:15:00+00:00,0.100500
2026-02-26T08:30:00+00:00,0.085500
2026-02-26T08:45:00+00:00,0.069030
2026-02-26T09:00:00+00:00,0.112270
2026-02-26T09:15:00+00:00,0.091080
2026-02-26T09:30:00+00:00,0.080100
2026-02-26T09:45:00+00:00,0.070400
2026-02-26T10:00:00+00:00,0.081450
2026-02-26T10:15:00+00:00,0.063480
2026-02-26T10:30:00+00:00,0.052870
2026-02-26T10:45:00+00:00,0.029990
2026-02-26T11:00:00+00:00,0.043390
2026-02-26T11:15:00+00:00,0.017480
2026-02-26T11:30:00+00:00,0.007820
2026-02-26T11:45:00+00:00,0.006570
2026-02-26T12:00:00+00:00,0.009910
2026-02-26T12:15:00+00:00,0.008810
2026-02-26T12:30:00+00:00,0.011450
2026-02-26T12:45:00+00:00,0.019030
2026-02-26T13:00:00+00:00,0.011840
2026-02-26T13:15:00+00:00,0.035070
2026-02-26T13:30:00+00:00,0.049300
2026-02-26T13:45:00+00:00,0.060150
2026-02-26T14:00:00+00:00,0.047830
2026-02-26T14:15:00+00:00,0.057940
2026-02-26T14:30:00+00:00,0.064900
2026-02-26T14:45:00+00:00,0.081600
2026-02-26T15:00:00+00:00,0.059640
2026-02-26T15:15:00+00:00,0.084330
2026-02-26T15:30:00+00:00,0.097700
2026-02-26T15:45:00+00:00,0.104600
2026-02-26T16:00:00+00:00,0.089720
2026-02-26T16:15:00+00:00,0.093760
2026-02-26T16:30:00+00:00,0.100120
2026-02-26T16:45:00+00:00,0.111160
2026-02-26T17:00:00+00:00,0.098360
2026-02-26T17:15:00+00:00,0.100630
2026-02-26T17:30:00+00:00,0.103660
2026-02-26T17:45:00+00:00,0.109320
2026-02-26T18:00:00+00:00,0.113400
2026-02-26T18:15:00+00:00,0.109470
2026-02-26T18:30:00+00:00,0.103400
2026-02-26T18:45:00+00:00,0.092370
2026-02-26T19:00:00+00:00,0.101800
2026-02-26T19:15:00+00:00,0.088070
2026-02-26T19:30:00+00:00,0.086730
2026-02-26T19:45:00+00:00,0.079010
2026-02-26T20:00:00+00:00,0.093200
2026-02-26T20:15:00+00:00,0.086240
2026-02-26T20:30:00+00:00,0.081240
2026-02-26T20:45:00+00:00,0.071880
2026-02-26T21:00:00+00:00,0.087190
2026-02-26T21:15:00+00:00,0.079690
2026-02-26T21:30:00+00:00,0.076100
2026-02-26T21:45:00+00:00,0.069900
2026-02-26T22:00:00+00:00,0.083600
2026-02-26T22:15:00+00:00,0.073090
2026-02-26T22:30:00+00:00,0.067930
2026-02-26T22:45:00+00:00,0.063310
2026-02-26T23:00:00+00:00,0.055870
2026-02-26T23:15:00+00:00,0.056550
2026-02-26T23:30:00+00:00,0.052180
2026-02-26T23:45:00+00:00,0.049800
2026-02-27T00:00:00+00:00,0.059390
2026-02-27T00:15:00+00:00,0.058090
2026-02-27T00:30:00+00:00,0.052680
2026-02-27T00:45:00+00:00,0.047090
2026-02-27T01:00:00+00:00,0.057730
2026-02-27T01:15:00+00:00,0.056560
2026-02-27T01:30:00+00:00,0.057170
2026-02-27T01:45:00+00:00,0.054600
2026-02-27T02:00:00+00:00,0.055790
2026-02-27T02:15:00+00:00,0.052190
2026-02-27T02:30:00+00:00,0.053310
2026-02-27T02:45:00+00:00,0.056540
2026-02-27T03:00:00+00:00,0.054990
2026-02-27T03:15:00+00:00,0.060040
2026-02-27T03:30:00+00:00,0.063920
2026-02-27T03:45:00+00:00,0.068230
2026-02-27T04:00:00+00:00,0.059800
2026-02-27T04:15:00+00:00,0.061290
2026-02-27T04:30:00+00:00,0.070090
2026-02-27T04:45:00+00:00,0.072770
2026-02-27T05:00:00+00:00,0.057160
2026-02-27T05:15:00+00:00,0.071460
2026-02-27T05:30:00+00:00,0.076730
2026-02-27T05:45:00+00:00,0.081510
2026-02-27T06:00:00+00:00,0.082080
2026-02-27T06:15:00+00:00,0.086480
2026-02-27T06:30:00+00:00,0.087800
2026-02-27T06:45:00+00:00,0.088050
2026-02-27T07:00:00+00:00,0.092080
2026-02-27T07:15:00+00:00,0.084780
2026-02-27T07:30:00+00:00,0.078520
2026-02-27T07:45:00+00:00,0.061940
2026-02-27T08:00:00+00:00,0.091430
2026-02-27T08:15:00+00:00,0.074540
2026-02-27T08:30:00+00:00,0.059300
2026-02-27T08:45:00+00:00,0.050930
2026-02-27T09:00:00+00:00,0.074280
2026-02-27T09:15:00+00:00,0.066400
2026-02-27T09:30:00+00:00,0.048440
2026-02-27T09:45:00+00:00,0.021480
2026-02-27T10:00:00+00:00,0.050200
2026-02-27T10:15:00+00:00,0.028900
2026-02-27T10:30:00+00:00,0.020870
2026-02-27T10:45:00+00:00,0.013890
2026-02-27T11:00:00+00:00,0.022130
2026-02-27T11:15:00+00:00,0.021500
2026-02-27T11:30:00+00:00,0.027900
2026-02-27T11:45:00+00:00,0.039990
2026-02-27T12:00:00+00:00,0.021070
2026-02-27T12:15:00+00:00,0.045100
2026-02-27T12:30:00+00:00,0.066630
2026-02-27T12:45:00+00:00,0.074840
2026-02-27T13:00:00+00:00,0.056100
2026-02-27T13:15:00+00:00,0.070170
2026-02-27T13:30:00+00:00,0.075840
2026-02-27T13:45:00+00:00,0.077890
2026-02-27T14:00:00+00:00,0.066080
2026-02-27T14:15:00+00:00,0.080190
2026-02-27T14:30:00+00:00,0.096480
2026-02-27T14:45:00+00:00,0.110000
2026-02-27T15:00:00+00:00,0.060780
2026-02-27T15:15:00+00:00,0.086940
2026-02-27T15:30:00+00:00,0.100760
2026-02-27T15:45:00+00:00,0.112690
2026-02-27T16:00:00+00:00,0.084260
2026-02-27T16:15:00+00:00,0.094290
2026-02-27T16:30:00+00:00,0.105750
2026-02-27T16:45:00+00:00,0.114370
2026-02-27T17:00:00+00:00,0.106730
2026-02-27T17:15:00+00:00,0.105440
2026-02-27T17:30:00+00:00,0.104250
2026-02-27T17:45:00+00:00,0.103140
2026-02-27T18:00:00+00:00,0.106940
2026-02-27T18:15:00+00:00,0.104190
2026-02-27T18:30:00+00:00,0.098490
2026-02-27T18:45:00+00:00,0.094860
2026-02-27T19:00:00+00:00,0.095150
2026-02-27T19:15:00+00:00,0.090140
2026-02-27T19:30:00+00:00,0.092640
2026-02-27T19:45:00+00:00,0.090100
2026-02-27T20:00:00+00:00,0.091420
2026-02-27T20:15:00+00:00,0.086810
2026-02-27T20:30:00+00:00,0.081900
2026-02-27T20:45:00+00:00,0.080350
2026-02-27T21:00:00+00:00,0.089810
2026-02-27T21:15:00+00:00,0.086160
2026-02-27T21:30:00+00:00,0.083350
2026-02-27T21:45:00+00:00,0.080880
2026-02-27T22:00:00+00:00,0.083360
2026-02-27T22:15:00+00:00,0.082210
2026-02-27T22:30:00+00:00,0.078720
2026-02-27T22:45:00+00:00,0.075720
2026-02-27T23:00:00+00:00,0.082580
2026-02-27T23:15:00+00:00,0.080700
2026-02-27T23:30:00+00:00,0.079450
2026-02-27T23:45:00+00:00,0.077350
2026-02-28T00:00:00+00:00,0.078610
2026-02-28T00:15:00+00:00,0.077890
2026-02-28T00:30:00+00:00,0.074270
2026-02-28T00:45:00+00:00,0.063600
2026-02-28T01:00:00+00:00,0.070160
2026-02-28T01:15:00+00:00,0.065920
2026-02-28T01:30:00+00:00,0.064130
2026-02-28T01:45:00+00:00,0.063180
2026-02-28T02:00:00+00:00,0.065000
2026-02-28T02:15:00+00:00,0.063780
2026-02-28T02:30:00+00:00,0.063040
2026-02-28T02:45:00+00:00,0.059020
2026-02-28T03:00:00+00:00,0.063230
2026-02-28T03:15:00+00:00,0.063230
2026-02-28T03:30:00+00:00,0.062470
2026-02-28T03:45:00+00:00,0.062550
2026-02-28T04:00:00+00:00,0.062810
2026-02-28T04:15:00+00:00,0.062510
2026-02-28T04:30:00+00:00,0.063220
2026-02-28T04:45:00+00:00,0.067660
2026-02-28T05:00:00+00:00,0.064490
2026-02-28T05:15:00+00:00,0.071450
2026-02-28T05:30:00+00:00,0.074060
2026-02-28T05:45:00+00:00,0.075520
2026-02-28T06:00:00+00:00,0.071910
2026-02-28T06:15:00+00:00,0.072230
2026-02-28T06:30:00+00:00,0.071810
2026-02-28T06:45:00+00:00,0.062020
2026-02-28T07:00:00+00:00,0.072140
2026-02-28T07:15:00+00:00,0.058900
2026-02-28T07:30:00+00:00,0.042080
2026-02-28T07:45:00+00:00,0.025380
2026-02-28T08:00:00+00:00,0.070210
2026-02-28T08:15:00+00:00,0.029250
2026-02-28T08:30:00+00:00,0.008510
2026-02-28T08:45:00+00:00,0.000020
2026-02-28T09:00:00+00:00,0.004040
2026-02-28T09:15:00+00:00,0.000000
2026-02-28T09:30:00+00:00,0.000000
2026-02-28T09:45:00+00:00,-0.000040
2026-02-28T10:00:00+00:00,0.000000
2026-02-28T10:15:00+00:00,0.000000
2026-02-28T10:30:00+00:00,0.000000
2026-02-28T10:45:00+00:00,0.000000
2026-02-28T11:00:00+00:00,0.000010
2026-02-28T11:15:00+00:00,0.000110
2026-02-28T11:30:00+00:00,0.000710
2026-02-28T11:45:00+00:00,0.001700
2026-02-28T12:00:00+00:00,0.000650
2026-02-28T12:15:00+00:00,0.001230
2026-02-28T12:30:00+00:00,0.000200
2026-02-28T12:45:00+00:00,0.000090
2026-02-28T13:00:00+00:00,0.000000
2026-02-28T13:15:00+00:00,-0.000010
2026-02-28T13:30:00+00:00,0.000000
2026-02-28T13:45:00+00:00,0.000030
2026-02-28T14:00:00+00:00,0.000000
2026-02-28T14:15:00+00:00,0.000070
2026-02-28T14:30:00+00:00,0.009990
2026-02-28T14:45:00+00:00,0.042970
2026-02-28T15:00:00+00:00,0.029800
2026-02-28T15:15:00+00:00,0.051320
2026-02-28T15:30:00+00:00,0.080220
2026-02-28T15:45:00+00:00,0.089890
2026-02-28T16:00:00+00:00,0.075050
2026-02-28T16:15:00+00:00,0.083100
2026-02-28T16:30:00+00:00,0.096590
2026-02-28T16:45:00+00:00,0.105140
2026-02-28T17:00:00+00:00,0.097210
2026-02-28T17:15:00+00:00,0.098180
2026-02-28T17:30:00+00:00,0.101580
2026-02-28T17:45:00+00:00,0.110010
2026-02-28T18:00:00+00:00,0.109910
2026-02-28T18:15:00+00:00,0.103640
2026-02-28T18:30:00+00:00,0.103440
2026-02-28T18:45:00+00:00,0.108000
2026-02-28T19:00:00+00:00,0.091500
2026-02-28T19:15:00+00:00,0.089780
2026-02-28T19:30:00+00:00,0.088980
2026-02-28T19:45:00+00:00,0.099990
2026-02-28T20:00:00+00:00,0.087060
2026-02-28T20:15:00+00:00,0.103450
2026-02-28T20:30:00+00:00,0.099480
2026-02-28T20:45:00+00:00,0.100100
2026-02-28T21:00:00+00:00,0.104200
2026-02-28T21:15:00+00:00,0.103950
2026-02-28T21:30:00+00:00,0.097420
2026-02-28T21:45:00+00:00,0.100030
2026-02-28T22:00:00+00:00,0.115010
2026-02-28T22:15:00+00:00,0.116000
2026-02-28T22:30:00+00:00,0.083250
2026-02-28T22:45:00+00:00,0.079970
2026-02-28T23:00:00+00:00,0.120280
2026-02-28T23:15:00+00:00,0.122160
2026-02-28T23:30:00+00:00,0.122060
2026-02-28T23:45:00+00:00,0.091490
2026-03-01T00:00:00+00:00,0.150060
2026-03-01T00:15:00+00:00,0.110550
2026-03-01T00:30:00+00:00,0.091480
2026-03-01T00:45:00+00:00,0.080100
2026-03-01T01:00:00+00:00,0.122170
2026-03-01T01:15:00+00:00,0.098830
2026-03-01T01:30:00+00:00,0.087530
2026-03-01T01:45:00+00:00,0.091480
2026-03-01T02:00:00+00:00,0.084930
2026-03-01T02:15:00+00:00,0.087200
2026-03-01T02:30:00+00:00,0.086320
2026-03-01T02:45:00+00:00,0.093830
2026-03-01T03:00:00+00:00,0.074910
2026-03-01T03:15:00+00:00,0.078590
2026-03-01T03:30:00+00:00,0.089530
2026-03-01T03:45:00+00:00,0.081030
2026-03-01T04:00:00+00:00,0.069050
2026-03-01T04:15:00+00:00,0.068460
2026-03-01T04:30:00+00:00,0.068780
2026-03-01T04:45:00+00:00,0.068520
2026-03-01T05:00:00+00:00,0.066610
2026-03-01T05:15:00+00:00,0.066750
2026-03-01T05:30:00+00:00,0.068750
2026-03-01T05:45:00+00:00,0.068570
2026-03-01T06:00:00+00:00,0.068470
2026-03-01T06:15:00+00:00,0.068790
2026-03-01T06:30:00+00:00,0.067350
2026-03-01T06:45:00+00:00,0.055380
2026-03-01T07:00:00+00:00,0.066890
2026-03-01T07:15:00+00:00,0.056240
2026-03-01T07:30:00+00:00,0.042970
2026-03-01T07:45:00+00:00,0.036470
2026-03-01T08:00:00+00:00,0.041740
2026-03-01T08:15:00+00:00,0.021060
2026-03-01T08:30:00+00:00,0.008480
2026-03-01T08:45:00+00:00,0.000090
2026-03-01T09:00:00+00:00,0.000870
2026-03-01T09:15:00+00:00,0.000000
2026-03-01T09:30:00+00:00,-0.000060
2026-03-01T09:45:00+00:00,-0.000810
2026-03-01T10:00:00+00:00,0.000010
2026-03-01T10:15:00+00:00,0.000000
2026-03-01T10:30:00+00:00,-0.000010
2026-03-01T10:45:00+00:00,-0.000100
2026-03-01T11:00:00+00:00,-0.000100
2026-03-01T11:15:00+00:00,-0.000110
2026-03-01T11:30:00+00:00,-0.000250
2026-03-01T11:45:00+00:00,-0.001000
2026-03-01T12:00:00+00:00,-0.001010
2026-03-01T12:15:00+00:00,-0.001030
2026-03-01T12:30:00+00:00,-0.001000
2026-03-01T12:45:00+00:00,-0.000110
2026-03-01T13:00:00+00:00,-0.001000
2026-03-01T13:15:00+00:00,-0.000060
2026-03-01T13:30:00+00:00,0.000000
2026-03-01T13:45:00+00:00,0.001040
2026-03-01T14:00:00+00:00,-0.000010
2026-03-01T14:15:00+00:00,0.000100
2026-03-01T14:30:00+00:00,0.029140
2026-03-01T14:45:00+00:00,0.060860
2026-03-01T15:00:00+00:00,0.032600
2026-03-01T15:15:00+00:00,0.055240
2026-03-01T15:30:00+00:00,0.082960
2026-03-01T15:45:00+00:00,0.103600
2026-03-01T16:00:00+00:00,0.081670
2026-03-01T16:15:00+00:00,0.099340
2026-03-01T16:30:00+00:00,0.110000
2026-03-01T16:45:00+00:00,0.113000
2026-03-01T17:00:00+00:00,0.097600
2026-03-01T17:15:00+00:00,0.097860
2026-03-01T17:30:00+00:00,0.103610
2026-03-01T17:45:00+00:00,0.104460
2026-03-01T18:00:00+00:00,0.099040
2026-03-01T18:15:00+00:00,0.098460
2026-03-01T18:30:00+00:00,0.095200
2026-03-01T18:45:00+00:00,0.097050
2026-03-01T19:00:00+00:00,0.094510
2026-03-01T19:15:00+00:00,0.094200
2026-03-01T19:30:00+00:00,0.089010
2026-03-01T19:45:00+00:00,0.082930
2026-03-01T20:00:00+00:00,0.086770
2026-03-01T20:15:00+00:00,0.082170
2026-03-01T20:30:00+00:00,0.080260
2026-03-01T20:45:00+00:00,0.076060
2026-03-01T21:00:00+00:00,0.081000
2026-03-01T21:15:00+00:00,0.077700
2026-03-01T21:30:00+00:00,0.073520
2026-03-01T21:45:00+00:00,0.066090
2026-03-01T22:00:00+00:00,0.070100
2026-03-01T22:15:00+00:00,0.065790
2026-03-01T22:30:00+00:00,0.063090
2026-03-01T22:45:00+00:00,0.053020
2026-03-01T23:00:00+00:00,0.063240
2026-03-01T23:15:00+00:00,0.060140
2026-03-01T23:30:00+00:00,0.059460
2026-03-01T23:45:00+00:00,0.057150
2026-03-02T00:00:00+00:00,0.059130
2026-03-02T00:15:00+00:00,0.058430
2026-03-02T00:30:00+00:00,0.060560
2026-03-02T00:45:00+00:00,0.061880
2026-03-02T01:00:00+00:00,0.066770
2026-03-02T01:15:00+00:00,0.064690
2026-03-02T01:30:00+00:00,0.064690
2026-03-02T01:45:00+00:00,0.064690
2026-03-02T02:00:00+00:00,0.065050
2026-03-02T02:15:00+00:00,0.061160
2026-03-02T02:30:00+00:00,0.060970
2026-03-02T02:45:00+00:00,0.064320
2026-03-02T03:00:00+00:00,0.061550
2026-03-02T03:15:00+00:00,0.063050
2026-03-02T03:30:00+00:00,0.068560
2026-03-02T03:45:00+00:00,0.072740
2026-03-02T04:00:00+00:00,0.069080
2026-03-02T04:15:00+00:00,0.072850
2026-03-02T04:30:00+00:00,0.078930
2026-03-02T04:45:00+00:00,0.087990
2026-03-02T05:00:00+00:00,0.080100
2026-03-02T05:15:00+00:00,0.085210
2026-03-02T05:30:00+00:00,0.098610
2026-03-02T05:45:00+00:00,0.104860
2026-03-02T06:00:00+00:00,0.113890
2026-03-02T06:15:00+00:00,0.147740
2026-03-02T06:30:00+00:00,0.128960
2026-03-02T06:45:00+00:00,0.113830
2026-03-02T07:00:00+00:00,0.169990
2026-03-02T07:15:00+00:00,0.113640
2026-03-02T07:30:00+00:00,0.099370
2026-03-02T07:45:00+00:00,0.077400
2026-03-02T08:00:00+00:00,0.104560
2026-03-02T08:15:00+00:00,0.091570
2026-03-02T08:30:00+00:00,0.078480
2026-03-02T08:45:00+00:00,0.054210
2026-03-02T09:00:00+00:00,0.077080
2026-03-02T09:15:00+00:00,0.066430
2026-03-02T09:30:00+00:00,0.060620
2026-03-02T09:45:00+00:00,0.046210
2026-03-02T10:00:00+00:00,0.072370
2026-03-02T10:15:00+00:00,0.057820
2026-03-02T10:30:00+00:00,0.042330
2026-03-02T10:45:00+00:00,0.017510
2026-03-02T11:00:00+00:00,0.037150
2026-03-02T11:15:00+00:00,0.031100
2026-03-02T11:30:00+00:00,0.022380
2026-03-02T11:45:00+00:00,0.014670
2026-03-02T12:00:00+00:00,0.016060
2026-03-02T12:15:00+00:00,0.027320
2026-03-02T12:30:00+00:00,0.040100
2026-03-02T12:45:00+00:00,0.056520
2026-03-02T13:00:00+00:00,0.013240
2026-03-02T13:15:00+00:00,0.059560
2026-03-02T13:30:00+00:00,0.075040
2026-03-02T13:45:00+00:00,0.081820
2026-03-02T14:00:00+00:00,0.060360
2026-03-02T14:15:00+00:00,0.066430
2026-03-02T14:30:00+00:00,0.078150
2026-03-02T14:45:00+00:00,0.097050
2026-03-02T15:00:00+00:00,0.067480
2026-03-02T15:15:00+00:00,0.090490
2026-03-02T15:30:00+00:00,0.104810
2026-03-02T15:45:00+00:00,0.136020
2026-03-02T16:00:00+00:00,0.096980
2026-03-02T16:15:00+00:00,0.110710
2026-03-02T16:30:00+00:00,0.159300
2026-03-02T16:45:00+00:00,0.265120
2026-03-02T17:00:00+00:00,0.209470
2026-03-02T17:15:00+00:00,0.202540
2026-03-02T17:30:00+00:00,0.156210
2026-03-02T17:45:00+00:00,0.139450
2026-03-02T18:00:00+00:00,0.206170
2026-03-02T18:15:00+00:00,0.138530
2026-03-02T18:30:00+00:00,0.118550
2026-03-02T18:45:00+00:00,0.105080
2026-03-02T19:00:00+00:00,0.118290
2026-03-02T19:15:00+00:00,0.109610
2026-03-02T19:30:00+00:00,0.100340
2026-03-02T19:45:00+00:00,0.098100
2026-03-02T20:00:00+00:00,0.103200
2026-03-02T20:15:00+00:00,0.098990
2026-03-02T20:30:00+00:00,0.094810
2026-03-02T20:45:00+00:00,0.088870
2026-03-02T21:00:00+00:00,0.105000
2026-03-02T21:15:00+00:00,0.099210
2026-03-02T21:30:00+00:00,0.093990
2026-03-02T21:45:00+00:00,0.089000
2026-03-02T22:00:00+00:00,0.095750
2026-03-02T22:15:00+00:00,0.094470
2026-03-02T22:30:00+00:00,0.093020
2026-03-02T22:45:00+00:00,0.085700
2026-03-02T23:00:00+00:00,0.093280
2026-03-02T23:15:00+00:00,0.089950
2026-03-02T23:30:00+00:00,0.090100
2026-03-02T23:45:00+00:00,0.088080
2026-03-03T00:00:00+00:00,0.094700
2026-03-03T00:15:00+00:00,0.094400
2026-03-03T00:30:00+00:00,0.094400
2026-03-03T00:45:00+00:00,0.094440
2026-03-03T01:00:00+00:00,0.098740
2026-03-03T01:15:00+00:00,0.100100
2026-03-03T01:30:00+00:00,0.100830
2026-03-03T01:45:00+00:00,0.100330
2026-03-03T02:00:00+00:00,0.103320
2026-03-03T02:15:00+00:00,0.097600
2026-03-03T02:30:00+00:00,0.094920
2026-03-03T02:45:00+00:00,0.094960
2026-03-03T03:00:00+00:00,0.095000
2026-03-03T03:15:00+00:00,0.095180
2026-03-03T03:30:00+00:00,0.095800
2026-03-03T03:45:00+00:00,0.121950
2026-03-03T04:00:00+00:00,0.092800
2026-03-03T04:15:00+00:00,0.098950
2026-03-03T04:30:00+00:00,0.105070
2026-03-03T04:45:00+00:00,0.126340
2026-03-03T05:00:00+00:00,0.105840
2026-03-03T05:15:00+00:00,0.116000
2026-03-03T05:30:00+00:00,0.124320
2026-03-03T05:45:00+00:00,0.175000
2026-03-03T06:00:00+00:00,0.163660
2026-03-03T06:15:00+00:00,0.161810
2026-03-03T06:30:00+00:00,0.160840
2026-03-03T06:45:00+00:00,0.132930
2026-03-03T07:00:00+00:00,0.193150
2026-03-03T07:15:00+00:00,0.154830
2026-03-03T07:30:00+00:00,0.130510
2026-03-03T07:45:00+00:00,0.091680
2026-03-03T08:00:00+00:00,0.129000
2026-03-03T08:15:00+00:00,0.098480
2026-03-03T08:30:00+00:00,0.088250
2026-03-03T08:45:00+00:00,0.077890
2026-03-03T09:00:00+00:00,0.102080
2026-03-03T09:15:00+00:00,0.087190
2026-03-03T09:30:00+00:00,0.079460
2026-03-03T09:45:00+00:00,0.051270
2026-03-03T10:00:00+00:00,0.076450
2026-03-03T10:15:00+00:00,0.060900
2026-03-03T10:30:00+00:00,0.041630
2026-03-03T10:45:00+00:00,0.026870
2026-03-03T11:00:00+00:00,0.046180
2026-03-03T11:15:00+00:00,0.034120
2026-03-03T11:30:00+00:00,0.025700
2026-03-03T11:45:00+00:00,0.019050
2026-03-03T12:00:00+00:00,0.021290
2026-03-03T12:15:00+00:00,0.020900
2026-03-03T12:30:00+00:00,0.035080
2026-03-03T12:45:00+00:00,0.049390
2026-03-03T13:00:00+00:00,0.029870
2026-03-03T13:15:00+00:00,0.048500
2026-03-03T13:30:00+00:00,0.069260
2026-03-03T13:45:00+00:00,0.082240
2026-03-03T14:00:00+00:00,0.055720
2026-03-03T14:15:00+00:00,0.074560
2026-03-03T14:30:00+00:00,0.084810
2026-03-03T14:45:00+00:00,0.106040
2026-03-03T15:00:00+00:00,0.075440
2026-03-03T15:15:00+00:00,0.092960
2026-03-03T15:30:00+00:00,0.104990
2026-03-03T15:45:00+00:00,0.148260
2026-03-03T16:00:00+00:00,0.093700
2026-03-03T16:15:00+00:00,0.125570
2026-03-03T16:30:00+00:00,0.177720
2026-03-03T16:45:00+00:00,0.250480
2026-03-03T17:00:00+00:00,0.196300
2026-03-03T17:15:00+00:00,0.202650
2026-03-03T17:30:00+00:00,0.221070
2026-03-03T17:45:00+00:00,0.197460
2026-03-03T18:00:00+00:00,0.224200
2026-03-03T18:15:00+00:00,0.180400
2026-03-03T18:30:00+00:00,0.157910
2026-03-03T18:45:00+00:00,0.123260
2026-03-03T19:00:00+00:00,0.145670
2026-03-03T19:15:00+00:00,0.132840
2026-03-03T19:30:00+00:00,0.117730
2026-03-03T19:45:00+00:00,0.108740
2026-03-03T20:00:00+00:00,0.117240
2026-03-03T20:15:00+00:00,0.112040
2026-03-03T20:30:00+00:00,0.108230
2026-03-03T20:45:00+00:00,0.095300
2026-03-03T21:00:00+00:00,0.113380
2026-03-03T21:15:00+00:00,0.102950
2026-03-03T21:30:00+00:00,0.102050
2026-03-03T21:45:00+00:00,0.093100
2026-03-03T22:00:00+00:00,0.103470
2026-03-03T22:15:00+00:00,0.094490
2026-03-03T22:30:00+00:00,0.098470
2026-03-03T22:45:00+00:00,0.088890
2026-03-03T23:00:00+00:00,0.135260
2026-03-03T23:15:00+00:00,0.127630
2026-03-03T23:30:00+00:00,0.122880
2026-03-03T23:45:00+00:00,0.110420
2026-03-04T00:00:00+00:00,0.130860
2026-03-04T00:15:00+00:00,0.122280
2026-03-04T00:30:00+00:00,0.120070
2026-03-04T00:45:00+00:00,0.117990
2026-03-04T01:00:00+00:00,0.122460
2026-03-04T01:15:00+00:00,0.121030
2026-03-04T01:30:00+00:00,0.120330
2026-03-04T01:45:00+00:00,0.117870
2026-03-04T02:00:00+00:00,0.119600
2026-03-04T02:15:00+00:00,0.119020
2026-03-04T02:30:00+00:00,0.118780
2026-03-04T02:45:00+00:00,0.118700
2026-03-04T03:00:00+00:00,0.118960
2026-03-04T03:15:00+00:00,0.119220
2026-03-04T03:30:00+00:00,0.123940
2026-03-04T03:45:00+00:00,0.125570
2026-03-04T04:00:00+00:00,0.113900
2026-03-04T04:15:00+00:00,0.119630
2026-03-04T04:30:00+00:00,0.126840
2026-03-04T04:45:00+00:00,0.152640
2026-03-04T05:00:00+00:00,0.124440
2026-03-04T05:15:00+00:00,0.137560
2026-03-04T05:30:00+00:00,0.190000
2026-03-04T05:45:00+00:00,0.273350
2026-03-04T06:00:00+00:00,0.308700
2026-03-04T06:15:00+00:00,0.318300
2026-03-04T06:30:00+00:00,0.226140
2026-03-04T06:45:00+00:00,0.177700
2026-03-04T07:00:00+00:00,0.292480
2026-03-04T07:15:00+00:00,0.209520
2026-03-04T07:30:00+00:00,0.153980
2026-03-04T07:45:00+00:00,0.126290
2026-03-04T08:00:00+00:00,0.200200
2026-03-04T08:15:00+00:00,0.144020
2026-03-04T08:30:00+00:00,0.128340
2026-03-04T08:45:00+00:00,0.108880
2026-03-04T09:00:00+00:00,0.137610
2026-03-04T09:15:00+00:00,0.117470
2026-03-04T09:30:00+00:00,0.106320
2026-03-04T09:45:00+00:00,0.083450
2026-03-04T10:00:00+00:00,0.102480
2026-03-04T10:15:00+00:00,0.080070
2026-03-04T10:30:00+00:00,0.079850
2026-03-04T10:45:00+00:00,0.053870
2026-03-04T11:00:00+00:00,0.069970
2026-03-04T11:15:00+00:00,0.039990
2026-03-04T11:30:00+00:00,0.035010
2026-03-04T11:45:00+00:00,0.023030
2026-03-04T12:00:00+00:00,0.028950
2026-03-04T12:15:00+00:00,0.024490
2026-03-04T12:30:00+00:00,0.029770
2026-03-04T12:45:00+00:00,0.035190
2026-03-04T13:00:00+00:00,0.023900
2026-03-04T13:15:00+00:00,0.051610
2026-03-04T13:30:00+00:00,0.070550
2026-03-04T13:45:00+00:00,0.086690
2026-03-04T14:00:00+00:00,0.064490
2026-03-04T14:15:00+00:00,0.083940
2026-03-04T14:30:00+00:00,0.091940
2026-03-04T14:45:00+00:00,0.123190
2026-03-04T15:00:00+00:00,0.087850
2026-03-04T15:15:00+00:00,0.110010
2026-03-04T15:30:00+00:00,0.128340
2026-03-04T15:45:00+00:00,0.189460
2026-03-04T16:00:00+00:00,0.130710
2026-03-04T16:15:00+00:00,0.173910
2026-03-04T16:30:00+00:00,0.253930
2026-03-04T16:45:00+00:00,0.449460
2026-03-04T17:00:00+00:00,0.280310
2026-03-04T17:15:00+00:00,0.337190
2026-03-04T17:30:00+00:00,0.343650
2026-03-04T17:45:00+00:00,0.277170
2026-03-04T18:00:00+00:00,0.316510
2026-03-04T18:15:00+00:00,0.223200
2026-03-04T18:30:00+00:00,0.208880
2026-03-04T18:45:00+00:00,0.185680
2026-03-04T19:00:00+00:00,0.193140
2026-03-04T19:15:00+00:00,0.172000
2026-03-04T19:30:00+00:00,0.159290
2026-03-04T19:45:00+00:00,0.150080
2026-03-04T20:00:00+00:00,0.161000
2026-03-04T20:15:00+00:00,0.150000
2026-03-04T20:30:00+00:00,0.137060
2026-03-04T20:45:00+00:00,0.120920
2026-03-04T21:00:00+00:00,0.146350
2026-03-04T21:15:00+00:00,0.139630
2026-03-04T21:30:00+00:00,0.130960
2026-03-04T21:45:00+00:00,0.117330
2026-03-04T22:00:00+00:00,0.132430
2026-03-04T22:15:00+00:00,0.125070
2026-03-04T22:30:00+00:00,0.113080
2026-03-04T22:45:00+00:00,0.105430
2026-03-04T23:00:00+00:00,0.128310
2026-03-04T23:15:00+00:00,0.112940
2026-03-04T23:30:00+00:00,0.107980
2026-03-04T23:45:00+00:00,0.105900
2026-03-05T00:00:00+00:00,0.111790
2026-03-05T00:15:00+00:00,0.109930
2026-03-05T00:30:00+00:00,0.109200
2026-03-05T00:45:00+00:00,0.108810
2026-03-05T01:00:00+00:00,0.109510
2026-03-05T01:15:00+00:00,0.109440
2026-03-05T01:30:00+00:00,0.109260
2026-03-05T01:45:00+00:00,0.108840
2026-03-05T02:00:00+00:00,0.105100
2026-03-05T02:15:00+00:00,0.108500
2026-03-05T02:30:00+00:00,0.108810
2026-03-05T02:45:00+00:00,0.109040
2026-03-05T03:00:00+00:00,0.109690
2026-03-05T03:15:00+00:00,0.110230
2026-03-05T03:30:00+00:00,0.109950
2026-03-05T03:45:00+00:00,0.113680
2026-03-05T04:00:00+00:00,0.104570
2026-03-05T04:15:00+00:00,0.108320
2026-03-05T04:30:00+00:00,0.130610
2026-03-05T04:45:00+00:00,0.141540
2026-03-05T05:00:00+00:00,0.123760
2026-03-05T05:15:00+00:00,0.146770
2026-03-05T05:30:00+00:00,0.157310
2026-03-05T05:45:00+00:00,0.162830
2026-03-05T06:00:00+00:00,0.189990
2026-03-05T06:15:00+00:00,0.181530
2026-03-05T06:30:00+00:00,0.160000
2026-03-05T06:45:00+00:00,0.146500
2026-03-05T07:00:00+00:00,0.176430
2026-03-05T07:15:00+00:00,0.149940
2026-03-05T07:30:00+00:00,0.130800
2026-03-05T07:45:00+00:00,0.100440
2026-03-05T08:00:00+00:00,0.129520
2026-03-05T08:15:00+00:00,0.099110
2026-03-05T08:30:00+00:00,0.089300
2026-03-05T08:45:00+00:00,0.070850
2026-03-05T09:00:00+00:00,0.094820
2026-03-05T09:15:00+00:00,0.070580
2026-03-05T09:30:00+00:00,0.060840
2026-03-05T09:45:00+00:00,0.033230
2026-03-05T10:00:00+00:00,0.058890
2026-03-05T10:15:00+00:00,0.027680
2026-03-05T10:30:00+00:00,0.010830
2026-03-05T10:45:00+00:00,0.000720
2026-03-05T11:00:00+00:00,0.008760
2026-03-05T11:15:00+00:00,0.000700
2026-03-05T11:30:00+00:00,0.000640
2026-03-05T11:45:00+00:00,0.000640
2026-03-05T12:00:00+00:00,0.000050
2026-03-05T12:15:00+00:00,0.000150
2026-03-05T12:30:00+00:00,0.001280
2026-03-05T12:45:00+00:00,0.010010
2026-03-05T13:00:00+00:00,0.010050
2026-03-05T13:15:00+00:00,0.032280
2026-03-05T13:30:00+00:00,0.039860
2026-03-05T13:45:00+00:00,0.070170
2026-03-05T14:00:00+00:00,0.056080
2026-03-05T14:15:00+00:00,0.081940
2026-03-05T14:30:00+00:00,0.090950
2026-03-05T14:45:00+00:00,0.112080
2026-03-05T15:00:00+00:00,0.084830
2026-03-05T15:15:00+00:00,0.113990
2026-03-05T15:30:00+00:00,0.135930
2026-03-05T15:45:00+00:00,0.185680
2026-03-05T16:00:00+00:00,0.121310
2026-03-05T16:15:00+00:00,0.162140
2026-03-05T16:30:00+00:00,0.190360
2026-03-05T16:45:00+00:00,0.255080
2026-03-05T17:00:00+00:00,0.230090
2026-03-05T17:15:00+00:00,0.202270
2026-03-05T17:30:00+00:00,0.182070
2026-03-05T17:45:00+00:00,0.163070
2026-03-05T18:00:00+00:00,0.201970
2026-03-05T18:15:00+00:00,0.168120
2026-03-05T18:30:00+00:00,0.155340
2026-03-05T18:45:00+00:00,0.144980
2026-03-05T19:00:00+00:00,0.149720
2026-03-05T19:15:00+00:00,0.137290
2026-03-05T19:30:00+00:00,0.130380
2026-03-05T19:45:00+00:00,0.122730
2026-03-05T20:00:00+00:00,0.145900
2026-03-05T20:15:00+00:00,0.138090
2026-03-05T20:30:00+00:00,0.126680
2026-03-05T20:45:00+00:00,0.111690
2026-03-05T21:00:00+00:00,0.136580
2026-03-05T21:15:00+00:00,0.130340
2026-03-05T21:30:00+00:00,0.128270
2026-03-05T21:45:00+00:00,0.125380
2026-03-05T22:00:00+00:00,0.142170
2026-03-05T22:15:00+00:00,0.121790
2026-03-05T22:30:00+00:00,0.118330
2026-03-05T22:45:00+00:00,0.110130
2026-03-05T23:00:00+00:00,0.099740
2026-03-05T23:15:00+00:00,0.104490
2026-03-05T23:30:00+00:00,0.104440
2026-03-05T23:45:00+00:00,0.100100
2026-03-06T00:00:00+00:00,0.107790
2026-03-06T00:15:00+00:00,0.105850
2026-03-06T00:30:00+00:00,0.106920
2026-03-06T00:45:00+00:00,0.105000
2026-03-06T01:00:00+00:00,0.109380
2026-03-06T01:15:00+00:00,0.108040
2026-03-06T01:30:00+00:00,0.108570
2026-03-06T01:45:00+00:00,0.108100
2026-03-06T02:00:00+00:00,0.108830
2026-03-06T02:15:00+00:00,0.108900
2026-03-06T02:30:00+00:00,0.109540
2026-03-06T02:45:00+00:00,0.110830
2026-03-06T03:00:00+00:00,0.110740
2026-03-06T03:15:00+00:00,0.109970
2026-03-06T03:30:00+00:00,0.118000
2026-03-06T03:45:00+00:00,0.123290
2026-03-06T04:00:00+00:00,0.106250
2026-03-06T04:15:00+00:00,0.113720
2026-03-06T04:30:00+00:00,0.123350
2026-03-06T04:45:00+00:00,0.137960
2026-03-06T05:00:00+00:00,0.115520
2026-03-06T05:15:00+00:00,0.133720
2026-03-06T05:30:00+00:00,0.148560
2026-03-06T05:45:00+00:00,0.193430
2026-03-06T06:00:00+00:00,0.199960
2026-03-06T06:15:00+00:00,0.195180
2026-03-06T06:30:00+00:00,0.172970
2026-03-06T06:45:00+00:00,0.133490
2026-03-06T07:00:00+00:00,0.180820
2026-03-06T07:15:00+00:00,0.147740
2026-03-06T07:30:00+00:00,0.120360
2026-03-06T07:45:00+00:00,0.098800
2026-03-06T08:00:00+00:00,0.143860
2026-03-06T08:15:00+00:00,0.108610
2026-03-06T08:30:00+00:00,0.103170
2026-03-06T08:45:00+00:00,0.093910
2026-03-06T09:00:00+00:00,0.111980
2026-03-06T09:15:00+00:00,0.100690
2026-03-06T09:30:00+00:00,0.096140
2026-03-06T09:45:00+00:00,0.077190
2026-03-06T10:00:00+00:00,0.090300
2026-03-06T10:15:00+00:00,0.072770
2026-03-06T10:30:00+00:00,0.068060
2026-03-06T10:45:00+00:00,0.054590
2026-03-06T11:00:00+00:00,0.068020
2026-03-06T11:15:00+00:00,0.053230
2026-03-06T11:30:00+00:00,0.055960
2026-03-06T11:45:00+00:00,0.050610
2026-03-06T12:00:00+00:00,0.050680
2026-03-06T12:15:00+00:00,0.049690
2026-03-06T12:30:00+00:00,0.049020
2026-03-06T12:45:00+00:00,0.054940
2026-03-06T13:00:00+00:00,0.048040
2026-03-06T13:15:00+00:00,0.067050
2026-03-06T13:30:00+00:00,0.084760
2026-03-06T13:45:00+00:00,0.098920
2026-03-06T14:00:00+00:00,0.085460
2026-03-06T14:15:00+00:00,0.101700
2026-03-06T14:30:00+00:00,0.099830
2026-03-06T14:45:00+00:00,0.126240
2026-03-06T15:00:00+00:00,0.088860
2026-03-06T15:15:00+00:00,0.114670
2026-03-06T15:30:00+00:00,0.133470
2026-03-06T15:45:00+00:00,0.162710
2026-03-06T16:00:00+00:00,0.115480
2026-03-06T16:15:00+00:00,0.153930
2026-03-06T16:30:00+00:00,0.187670
2026-03-06T16:45:00+00:00,0.248910
2026-03-06T17:00:00+00:00,0.218300
2026-03-06T17:15:00+00:00,0.235820
2026-03-06T17:30:00+00:00,0.228700
2026-03-06T17:45:00+00:00,0.215100
2026-03-06T18:00:00+00:00,0.238110
2026-03-06T18:15:00+00:00,0.181530
2026-03-06T18:30:00+00:00,0.166220
2026-03-06T18:45:00+00:00,0.160660
2026-03-06T19:00:00+00:00,0.161980
2026-03-06T19:15:00+00:00,0.152830
2026-03-06T19:30:00+00:00,0.146800
2026-03-06T19:45:00+00:00,0.125570
2026-03-06T20:00:00+00:00,0.143410
2026-03-06T20:15:00+00:00,0.138290
2026-03-06T20:30:00+00:00,0.125370
2026-03-06T20:45:00+00:00,0.114740
2026-03-06T21:00:00+00:00,0.129720
2026-03-06T21:15:00+00:00,0.121980
2026-03-06T21:30:00+00:00,0.121790
2026-03-06T21:45:00+00:00,0.115990
2026-03-06T22:00:00+00:00,0.130170
2026-03-06T22:15:00+00:00,0.120990
2026-03-06T22:30:00+00:00,0.119510
2026-03-06T22:45:00+00:00,0.109330
2026-03-06T23:00:00+00:00,0.135230
2026-03-06T23:15:00+00:00,0.130620
2026-03-06T23:30:00+00:00,0.126020
2026-03-06T23:45:00+00:00,0.122880
2026-03-07T00:00:00+00:00,0.129380
2026-03-07T00:15:00+00:00,0.123790
2026-03-07T00:30:00+00:00,0.121570
2026-03-07T00:45:00+00:00,0.118430
2026-03-07T01:00:00+00:00,0.121820
2026-03-07T01:15:00+00:00,0.118750
2026-03-07T01:30:00+00:00,0.116330
2026-03-07T01:45:00+00:00,0.115270
2026-03-07T02:00:00+00:00,0.117700
2026-03-07T02:15:00+00:00,0.116060
2026-03-07T02:30:00+00:00,0.114670
2026-03-07T02:45:00+00:00,0.113880
2026-03-07T03:00:00+00:00,0.113970
2026-03-07T03:15:00+00:00,0.114980
2026-03-07T03:30:00+00:00,0.115320
2026-03-07T03:45:00+00:00,0.117850
2026-03-07T04:00:00+00:00,0.115540
2026-03-07T04:15:00+00:00,0.119180
2026-03-07T04:30:00+00:00,0.120500
2026-03-07T04:45:00+00:00,0.124930
2026-03-07T05:00:00+00:00,0.121910
2026-03-07T05:15:00+00:00,0.128980
2026-03-07T05:30:00+00:00,0.131190
2026-03-07T05:45:00+00:00,0.122240
2026-03-07T06:00:00+00:00,0.137230
2026-03-07T06:15:00+00:00,0.129790
2026-03-07T06:30:00+00:00,0.123500
2026-03-07T06:45:00+00:00,0.103040
2026-03-07T07:00:00+00:00,0.135980
2026-03-07T07:15:00+00:00,0.122100
2026-03-07T07:30:00+00:00,0.103790
2026-03-07T07:45:00+00:00,0.086640
2026-03-07T08:00:00+00:00,0.129970
2026-03-07T08:15:00+00:00,0.109400
2026-03-07T08:30:00+00:00,0.096460
2026-03-07T08:45:00+00:00,0.080530
2026-03-07T09:00:00+00:00,0.104380
2026-03-07T09:15:00+00:00,0.086250
2026-03-07T09:30:00+00:00,0.075730
2026-03-07T09:45:00+00:00,0.040280
2026-03-07T10:00:00+00:00,0.059000
2026-03-07T10:15:00+00:00,0.030420
2026-03-07T10:30:00+00:00,0.021910
2026-03-07T10:45:00+00:00,0.020270
2026-03-07T11:00:00+00:00,0.020530
2026-03-07T11:15:00+00:00,0.016380
2026-03-07T11:30:00+00:00,0.012310
2026-03-07T11:45:00+00:00,0.009140
2026-03-07T12:00:00+00:00,0.005590
2026-03-07T12:15:00+00:00,0.000640
2026-03-07T12:30:00+00:00,0.000000
2026-03-07T12:45:00+00:00,0.000090
2026-03-07T13:00:00+00:00,0.003050
2026-03-07T13:15:00+00:00,0.013590
2026-03-07T13:30:00+00:00,0.023120
2026-03-07T13:45:00+00:00,0.034250
2026-03-07T14:00:00+00:00,0.034970
2026-03-07T14:15:00+00:00,0.071100
2026-03-07T14:30:00+00:00,0.087600
2026-03-07T14:45:00+00:00,0.113880
2026-03-07T15:00:00+00:00,0.075660
2026-03-07T15:15:00+00:00,0.105140
2026-03-07T15:30:00+00:00,0.132630
2026-03-07T15:45:00+00:00,0.151120
2026-03-07T16:00:00+00:00,0.104800
2026-03-07T16:15:00+00:00,0.120730
2026-03-07T16:30:00+00:00,0.137960
2026-03-07T16:45:00+00:00,0.189190
2026-03-07T17:00:00+00:00,0.162950
2026-03-07T17:15:00+00:00,0.175570
2026-03-07T17:30:00+00:00,0.193950
2026-03-07T17:45:00+00:00,0.184340
2026-03-07T18:00:00+00:00,0.188110
2026-03-07T18:15:00+00:00,0.171640
2026-03-07T18:30:00+00:00,0.164160
2026-03-07T18:45:00+00:00,0.148900
2026-03-07T19:00:00+00:00,0.155740
2026-03-07T19:15:00+00:00,0.150010
2026-03-07T19:30:00+00:00,0.143570
2026-03-07T19:45:00+00:00,0.135390
2026-03-07T20:00:00+00:00,0.141200
2026-03-07T20:15:00+00:00,0.133180
2026-03-07T20:30:00+00:00,0.128450
2026-03-07T20:45:00+00:00,0.122680
2026-03-07T21:00:00+00:00,0.136490
2026-03-07T21:15:00+00:00,0.128520
2026-03-07T21:30:00+00:00,0.126790
2026-03-07T21:45:00+00:00,0.125540
2026-03-07T22:00:00+00:00,0.138180
2026-03-07T22:15:00+00:00,0.125780
2026-03-07T22:30:00+00:00,0.122170
2026-03-07T22:45:00+00:00,0.116840
2026-03-07T23:00:00+00:00,0.141850
2026-03-07T23:15:00+00:00,0.133560
2026-03-07T23:30:00+00:00,0.128590
2026-03-07T23:45:00+00:00,0.125190
2026-03-08T00:00:00+00:00,0.134660
2026-03-08T00:15:00+00:00,0.130460
2026-03-08T00:30:00+00:00,0.125680
2026-03-08T00:45:00+00:00,0.122610
2026-03-08T01:00:00+00:00,0.128970
2026-03-08T01:15:00+00:00,0.128260
2026-03-08T01:30:00+00:00,0.125160
2026-03-08T01:45:00+00:00,0.122570
2026-03-08T02:00:00+00:00,0.126890
2026-03-08T02:15:00+00:00,0.124440
2026-03-08T02:30:00+00:00,0.124700
2026-03-08T02:45:00+00:00,0.122070
2026-03-08T03:00:00+00:00,0.123540
2026-03-08T03:15:00+00:00,0.122640
2026-03-08T03:30:00+00:00,0.123070
2026-03-08T03:45:00+00:00,0.123680
2026-03-08T04:00:00+00:00,0.124000
2026-03-08T04:15:00+00:00,0.122000
2026-03-08T04:30:00+00:00,0.124380
2026-03-08T04:45:00+00:00,0.125270
2026-03-08T05:00:00+00:00,0.124430
2026-03-08T05:15:00+00:00,0.128740
2026-03-08T05:30:00+00:00,0.127570
2026-03-08T05:45:00+00:00,0.125100
2026-03-08T06:00:00+00:00,0.135260
2026-03-08T06:15:00+00:00,0.125180
2026-03-08T06:30:00+00:00,0.108410
2026-03-08T06:45:00+00:00,0.091770
2026-03-08T07:00:00+00:00,0.132120
2026-03-08T07:15:00+00:00,0.113130
2026-03-08T07:30:00+00:00,0.112890
2026-03-08T07:45:00+00:00,0.101450
2026-03-08T08:00:00+00:00,0.127580
2026-03-08T08:15:00+00:00,0.114770
2026-03-08T08:30:00+00:00,0.110620
2026-03-08T08:45:00+00:00,0.090340
2026-03-08T09:00:00+00:00,0.109100
2026-03-08T09:15:00+00:00,0.097110
2026-03-08T09:30:00+00:00,0.093150
2026-03-08T09:45:00+00:00,0.080000
2026-03-08T10:00:00+00:00,0.034580
2026-03-08T10:15:00+00:00,0.023780
2026-03-08T10:30:00+00:00,0.017250
2026-03-08T10:45:00+00:00,0.010430
2026-03-08T11:00:00+00:00,0.014960
2026-03-08T11:15:00+00:00,0.011050
2026-03-08T11:30:00+00:00,0.011150
2026-03-08T11:45:00+00:00,0.001960
2026-03-08T12:00:00+00:00,0.000050
2026-03-08T12:15:00+00:00,0.000000
2026-03-08T12:30:00+00:00,-0.000010
2026-03-08T12:45:00+00:00,0.000000
2026-03-08T13:00:00+00:00,0.000000
2026-03-08T13:15:00+00:00,0.000000
2026-03-08T13:30:00+00:00,0.007700
2026-03-08T13:45:00+00:00,0.018460
2026-03-08T14:00:00+00:00,0.015570
2026-03-08T14:15:00+00:00,0.037550
2026-03-08T14:30:00+00:00,0.077120
2026-03-08T14:45:00+00:00,0.103560
2026-03-08T15:00:00+00:00,0.064810
2026-03-08T15:15:00+00:00,0.098920
2026-03-08T15:30:00+00:00,0.123540
2026-03-08T15:45:00+00:00,0.140950
2026-03-08T16:00:00+00:00,0.114370
2026-03-08T16:15:00+00:00,0.130050
2026-03-08T16:30:00+00:00,0.141910
2026-03-08T16:45:00+00:00,0.205120
2026-03-08T17:00:00+00:00,0.161300
2026-03-08T17:15:00+00:00,0.174000
2026-03-08T17:30:00+00:00,0.165410
2026-03-08T17:45:00+00:00,0.170790
2026-03-08T18:00:00+00:00,0.160200
2026-03-08T18:15:00+00:00,0.150870
2026-03-08T18:30:00+00:00,0.155140
2026-03-08T18:45:00+00:00,0.150000
2026-03-08T19:00:00+00:00,0.169090
2026-03-08T19:15:00+00:00,0.156610
2026-03-08T19:30:00+00:00,0.145310
2026-03-08T19:45:00+00:00,0.129010
2026-03-08T20:00:00+00:00,0.138530
2026-03-08T20:15:00+00:00,0.131480
2026-03-08T20:30:00+00:00,0.125400
2026-03-08T20:45:00+00:00,0.117090
2026-03-08T21:00:00+00:00,0.132270
2026-03-08T21:15:00+00:00,0.121510
2026-03-08T21:30:00+00:00,0.121100
2026-03-08T21:45:00+00:00,0.130100
2026-03-08T22:00:00+00:00,0.140100
2026-03-08T22:15:00+00:00,0.132900
2026-03-08T22:30:00+00:00,0.130920
2026-03-08T22:45:00+00:00,0.120100
2026-03-08T23:00:00+00:00,0.122720
2026-03-08T23:15:00+00:00,0.115030
2026-03-08T23:30:00+00:00,0.113260
2026-03-08T23:45:00+00:00,0.107970
2026-03-09T00:00:00+00:00,0.111960
2026-03-09T00:15:00+00:00,0.110020
2026-03-09T00:30:00+00:00,0.109390
2026-03-09T00:45:00+00:00,0.108070
2026-03-09T01:00:00+00:00,0.109770
2026-03-09T01:15:00+00:00,0.107820
2026-03-09T01:30:00+00:00,0.109870
2026-03-09T01:45:00+00:00,0.109960
2026-03-09T02:00:00+00:00,0.110030
2026-03-09T02:15:00+00:00,0.110410
2026-03-09T02:30:00+00:00,0.110400
2026-03-09T02:45:00+00:00,0.111120
2026-03-09T03:00:00+00:00,0.113000
2026-03-09T03:15:00+00:00,0.112600
2026-03-09T03:30:00+00:00,0.116120
2026-03-09T03:45:00+00:00,0.121140
2026-03-09T04:00:00+00:00,0.110990
2026-03-09T04:15:00+00:00,0.122320
2026-03-09T04:30:00+00:00,0.137300
2026-03-09T04:45:00+00:00,0.162780
2026-03-09T05:00:00+00:00,0.140920
2026-03-09T05:15:00+00:00,0.146570
2026-03-09T05:30:00+00:00,0.170160
2026-03-09T05:45:00+00:00,0.177250
2026-03-09T06:00:00+00:00,0.222460
2026-03-09T06:15:00+00:00,0.221840
2026-03-09T06:30:00+00:00,0.180470
2026-03-09T06:45:00+00:00,0.150000
2026-03-09T07:00:00+00:00,0.245770
2026-03-09T07:15:00+00:00,0.159160
2026-03-09T07:30:00+00:00,0.155610
2026-03-09T07:45:00+00:00,0.124970
2026-03-09T08:00:00+00:00,0.164870
2026-03-09T08:15:00+00:00,0.142220
2026-03-09T08:30:00+00:00,0.134350
2026-03-09T08:45:00+00:00,0.109390
2026-03-09T09:00:00+00:00,0.130700
2026-03-09T09:15:00+00:00,0.120140
2026-03-09T09:30:00+00:00,0.107630
2026-03-09T09:45:00+00:00,0.100240
2026-03-09T10:00:00+00:00,0.100870
2026-03-09T10:15:00+00:00,0.097180
2026-03-09T10:30:00+00:00,0.091490
2026-03-09T10:45:00+00:00,0.078210
2026-03-09T11:00:00+00:00,0.076190
2026-03-09T11:15:00+00:00,0.074280
2026-03-09T11:30:00+00:00,0.073650
2026-03-09T11:45:00+00:00,0.072310
2026-03-09T12:00:00+00:00,0.069890
2026-03-09T12:15:00+00:00,0.070800
2026-03-09T12:30:00+00:00,0.072730
2026-03-09T12:45:00+00:00,0.076490
2026-03-09T13:00:00+00:00,0.072420
2026-03-09T13:15:00+00:00,0.081230
2026-03-09T13:30:00+00:00,0.085900
2026-03-09T13:45:00+00:00,0.095480
2026-03-09T14:00:00+00:00,0.091330
2026-03-09T14:15:00+00:00,0.101410
2026-03-09T14:30:00+00:00,0.113640
2026-03-09T14:45:00+00:00,0.137990
2026-03-09T15:00:00+00:00,0.100480
2026-03-09T15:15:00+00:00,0.131610
2026-03-09T15:30:00+00:00,0.144550
2026-03-09T15:45:00+00:00,0.176170
2026-03-09T16:00:00+00:00,0.127140
2026-03-09T16:15:00+00:00,0.161820
2026-03-09T16:30:00+00:00,0.199530
2026-03-09T16:45:00+00:00,0.259610
2026-03-09T17:00:00+00:00,0.223390
2026-03-09T17:15:00+00:00,0.246650
2026-03-09T17:30:00+00:00,0.250100
2026-03-09T17:45:00+00:00,0.250100
2026-03-09T18:00:00+00:00,0.247900
2026-03-09T18:15:00+00:00,0.218080
2026-03-09T18:30:00+00:00,0.217770
2026-03-09T18:45:00+00:00,0.205650
2026-03-09T19:00:00+00:00,0.217770
2026-03-09T19:15:00+00:00,0.195180
2026-03-09T19:30:00+00:00,0.160560
2026-03-09T19:45:00+00:00,0.146490
2026-03-09T20:00:00+00:00,0.170630
2026-03-09T20:15:00+00:00,0.157450
2026-03-09T20:30:00+00:00,0.144850
2026-03-09T20:45:00+00:00,0.135150
2026-03-09T21:00:00+00:00,0.155400
2026-03-09T21:15:00+00:00,0.145450
2026-03-09T21:30:00+00:00,0.144860
2026-03-09T21:45:00+00:00,0.130630
2026-03-09T22:00:00+00:00,0.139820
2026-03-09T22:15:00+00:00,0.134850
2026-03-09T22:30:00+00:00,0.128830
2026-03-09T22:45:00+00:00,0.131730
2026-03-09T23:00:00+00:00,0.151810
2026-03-09T23:15:00+00:00,0.140100
2026-03-09T23:30:00+00:00,0.136980
2026-03-09T23:45:00+00:00,0.130770
2026-03-10T00:00:00+00:00,0.136450
2026-03-10T00:15:00+00:00,0.130270
2026-03-10T00:30:00+00:00,0.128790
2026-03-10T00:45:00+00:00,0.128210
2026-03-10T01:00:00+00:00,0.129780
2026-03-10T01:15:00+00:00,0.128230
2026-03-10T01:30:00+00:00,0.127850
2026-03-10T01:45:00+00:00,0.125600
2026-03-10T02:00:00+00:00,0.124770
2026-03-10T02:15:00+00:00,0.124450
2026-03-10T02:30:00+00:00,0.125370
2026-03-10T02:45:00+00:00,0.127990
2026-03-10T03:00:00+00:00,0.122110
2026-03-10T03:15:00+00:00,0.124250
2026-03-10T03:30:00+00:00,0.128560
2026-03-10T03:45:00+00:00,0.132780
2026-03-10T04:00:00+00:00,0.125970
2026-03-10T04:15:00+00:00,0.132070
2026-03-10T04:30:00+00:00,0.140530
2026-03-10T04:45:00+00:00,0.155620
2026-03-10T05:00:00+00:00,0.139130
2026-03-10T05:15:00+00:00,0.163610
2026-03-10T05:30:00+00:00,0.171270
2026-03-10T05:45:00+00:00,0.187050
2026-03-10T06:00:00+00:00,0.192180
2026-03-10T06:15:00+00:00,0.199920
2026-03-10T06:30:00+00:00,0.174030
2026-03-10T06:45:00+00:00,0.152520
2026-03-10T07:00:00+00:00,0.236200
2026-03-10T07:15:00+00:00,0.179670
2026-03-10T07:30:00+00:00,0.159000
2026-03-10T07:45:00+00:00,0.138300
2026-03-10T08:00:00+00:00,0.197320
2026-03-10T08:15:00+00:00,0.149960
2026-03-10T08:30:00+00:00,0.134850
2026-03-10T08:45:00+00:00,0.122870
2026-03-10T09:00:00+00:00,0.168210
2026-03-10T09:15:00+00:00,0.125930
2026-03-10T09:30:00+00:00,0.126160
2026-03-10T09:45:00+00:00,0.119630
2026-03-10T10:00:00+00:00,0.138630
2026-03-10T10:15:00+00:00,0.130710
2026-03-10T10:30:00+00:00,0.118290
2026-03-10T10:45:00+00:00,0.109640
2026-03-10T11:00:00+00:00,0.122470
2026-03-10T11:15:00+00:00,0.116510
2026-03-10T11:30:00+00:00,0.116230
2026-03-10T11:45:00+00:00,0.115630
2026-03-10T12:00:00+00:00,0.115140
2026-03-10T12:15:00+00:00,0.114990
2026-03-10T12:30:00+00:00,0.108400
2026-03-10T12:45:00+00:00,0.113080
2026-03-10T13:00:00+00:00,0.115020
2026-03-10T13:15:00+00:00,0.115880
2026-03-10T13:30:00+00:00,0.109020
2026-03-10T13:45:00+00:00,0.130000
2026-03-10T14:00:00+00:00,0.115970
2026-03-10T14:15:00+00:00,0.114980
2026-03-10T14:30:00+00:00,0.116270
2026-03-10T14:45:00+00:00,0.150670
2026-03-10T15:00:00+00:00,0.107760
2026-03-10T15:15:00+00:00,0.138490
2026-03-10T15:30:00+00:00,0.154150
2026-03-10T15:45:00+00:00,0.182760
2026-03-10T16:00:00+00:00,0.134500
2026-03-10T16:15:00+00:00,0.162700
2026-03-10T16:30:00+00:00,0.194750
2026-03-10T16:45:00+00:00,0.242910
2026-03-10T17:00:00+00:00,0.188840
2026-03-10T17:15:00+00:00,0.212200
2026-03-10T17:30:00+00:00,0.215960
2026-03-10T17:45:00+00:00,0.211000
2026-03-10T18:00:00+00:00,0.233260
2026-03-10T18:15:00+00:00,0.204300
2026-03-10T18:30:00+00:00,0.195060
2026-03-10T18:45:00+00:00,0.167020
2026-03-10T19:00:00+00:00,0.175590
2026-03-10T19:15:00+00:00,0.155730
2026-03-10T19:30:00+00:00,0.149910
2026-03-10T19:45:00+00:00,0.150910
2026-03-10T20:00:00+00:00,0.154710
2026-03-10T20:15:00+00:00,0.149930
2026-03-10T20:30:00+00:00,0.138790
2026-03-10T20:45:00+00:00,0.117810
2026-03-10T21:00:00+00:00,0.140660
2026-03-10T21:15:00+00:00,0.130150
2026-03-10T21:30:00+00:00,0.119540
2026-03-10T21:45:00+00:00,0.105650
2026-03-10T22:00:00+00:00,0.117760
2026-03-10T22:15:00+00:00,0.102140
2026-03-10T22:30:00+00:00,0.095520
2026-03-10T22:45:00+00:00,0.076280
2026-03-10T23:00:00+00:00,0.084230
2026-03-10T23:15:00+00:00,0.080130
2026-03-10T23:30:00+00:00,0.074460
2026-03-10T23:45:00+00:00,0.061570
2026-03-11T00:00:00+00:00,0.077980
2026-03-11T00:15:00+00:00,0.068190
2026-03-11T00:30:00+00:00,0.066020
2026-03-11T00:45:00+00:00,0.054000
2026-03-11T01:00:00+00:00,0.064770
2026-03-11T01:15:00+00:00,0.061440
2026-03-11T01:30:00+00:00,0.058160
2026-03-11T01:45:00+00:00,0.055550
2026-03-11T02:00:00+00:00,0.059920
2026-03-11T02:15:00+00:00,0.057930
2026-03-11T02:30:00+00:00,0.055250
2026-03-11T02:45:00+00:00,0.053500
2026-03-11T03:00:00+00:00,0.050420
2026-03-11T03:15:00+00:00,0.046130
2026-03-11T03:30:00+00:00,0.047110
2026-03-11T03:45:00+00:00,0.052960
2026-03-11T04:00:00+00:00,0.052900
2026-03-11T04:15:00+00:00,0.052770
2026-03-11T04:30:00+00:00,0.059730
2026-03-11T04:45:00+00:00,0.065410
2026-03-11T05:00:00+00:00,0.056970
2026-03-11T05:15:00+00:00,0.067920
2026-03-11T05:30:00+00:00,0.079590
2026-03-11T05:45:00+00:00,0.073520
2026-03-11T06:00:00+00:00,0.087480
2026-03-11T06:15:00+00:00,0.082940
2026-03-11T06:30:00+00:00,0.078490
2026-03-11T06:45:00+00:00,0.062890
2026-03-11T07:00:00+00:00,0.089850
2026-03-11T07:15:00+00:00,0.078700
2026-03-11T07:30:00+00:00,0.074890
2026-03-11T07:45:00+00:00,0.059500
2026-03-11T08:00:00+00:00,0.081710
2026-03-11T08:15:00+00:00,0.072150
2026-03-11T08:30:00+00:00,0.073450
2026-03-11T08:45:00+00:00,0.068360
2026-03-11T09:00:00+00:00,0.056650
2026-03-11T09:15:00+00:00,0.035630
2026-03-11T09:30:00+00:00,0.059750
2026-03-11T09:45:00+00:00,0.056370
2026-03-11T10:00:00+00:00,0.038470
2026-03-11T10:15:00+00:00,0.040100
2026-03-11T10:30:00+00:00,0.054270
2026-03-11T10:45:00+00:00,0.050000
2026-03-11T11:00:00+00:00,0.047030
2026-03-11T11:15:00+00:00,0.034990
2026-03-11T11:30:00+00:00,0.035470
2026-03-11T11:45:00+00:00,0.026570
2026-03-11T12:00:00+00:00,0.062480
2026-03-11T12:15:00+00:00,0.038300
2026-03-11T12:30:00+00:00,0.026640
2026-03-11T12:45:00+00:00,0.030100
2026-03-11T13:00:00+00:00,0.024340
2026-03-11T13:15:00+00:00,0.034270
2026-03-11T13:30:00+00:00,0.048910
2026-03-11T13:45:00+00:00,0.074660
2026-03-11T14:00:00+00:00,0.050370
2026-03-11T14:15:00+00:00,0.069130
2026-03-11T14:30:00+00:00,0.085660
2026-03-11T14:45:00+00:00,0.105580
2026-03-11T15:00:00+00:00,0.069920
2026-03-11T15:15:00+00:00,0.093710
2026-03-11T15:30:00+00:00,0.111030
2026-03-11T15:45:00+00:00,0.122140
2026-03-11T16:00:00+00:00,0.101630
2026-03-11T16:15:00+00:00,0.122820
2026-03-11T16:30:00+00:00,0.126330
2026-03-11T16:45:00+00:00,0.150820
2026-03-11T17:00:00+00:00,0.131830
2026-03-11T17:15:00+00:00,0.143620
2026-03-11T17:30:00+00:00,0.155330
2026-03-11T17:45:00+00:00,0.169020
2026-03-11T18:00:00+00:00,0.155550
2026-03-11T18:15:00+00:00,0.160180
2026-03-11T18:30:00+00:00,0.160340
2026-03-11T18:45:00+00:00,0.153150
2026-03-11T19:00:00+00:00,0.150660
2026-03-11T19:15:00+00:00,0.137220
2026-03-11T19:30:00+00:00,0.124030
2026-03-11T19:45:00+00:00,0.121100
2026-03-11T20:00:00+00:00,0.123880
2026-03-11T20:15:00+00:00,0.121800
2026-03-11T20:30:00+00:00,0.116840
2026-03-11T20:45:00+00:00,0.113480
2026-03-11T21:00:00+00:00,0.116600
2026-03-11T21:15:00+00:00,0.115780
2026-03-11T21:30:00+00:00,0.120600
2026-03-11T21:45:00+00:00,0.112280
2026-03-11T22:00:00+00:00,0.121870
2026-03-11T22:15:00+00:00,0.102620
2026-03-11T22:30:00+00:00,0.100100
2026-03-11T22:45:00+00:00,0.091980
2026-03-11T23:00:00+00:00,0.110830
2026-03-11T23:15:00+00:00,0.102440
2026-03-11T23:30:00+00:00,0.097930
2026-03-11T23:45:00+00:00,0.088480
2026-03-12T00:00:00+00:00,0.100590
2026-03-12T00:15:00+00:00,0.090830
2026-03-12T00:30:00+00:00,0.091310
2026-03-12T00:45:00+00:00,0.087370
2026-03-12T01:00:00+00:00,0.090280
2026-03-12T01:15:00+00:00,0.085250
2026-03-12T01:30:00+00:00,0.089440
2026-03-12T01:45:00+00:00,0.088830
2026-03-12T02:00:00+00:00,0.089570
2026-03-12T02:15:00+00:00,0.087380
2026-03-12T02:30:00+00:00,0.085760
2026-03-12T02:45:00+00:00,0.084130
2026-03-12T03:00:00+00:00,0.091290
2026-03-12T03:15:00+00:00,0.086850
2026-03-12T03:30:00+00:00,0.086940
2026-03-12T03:45:00+00:00,0.088320
2026-03-12T04:00:00+00:00,0.090540
2026-03-12T04:15:00+00:00,0.087450
2026-03-12T04:30:00+00:00,0.099940
2026-03-12T04:45:00+00:00,0.111960
2026-03-12T05:00:00+00:00,0.106090
2026-03-12T05:15:00+00:00,0.121080
2026-03-12T05:30:00+00:00,0.135570
2026-03-12T05:45:00+00:00,0.142560
2026-03-12T06:00:00+00:00,0.140870
2026-03-12T06:15:00+00:00,0.139090
2026-03-12T06:30:00+00:00,0.136300
2026-03-12T06:45:00+00:00,0.113080
2026-03-12T07:00:00+00:00,0.133500
2026-03-12T07:15:00+00:00,0.109160
2026-03-12T07:30:00+00:00,0.100480
2026-03-12T07:45:00+00:00,0.073760
2026-03-12T08:00:00+00:00,0.112020
2026-03-12T08:15:00+00:00,0.085780
2026-03-12T08:30:00+00:00,0.061970
2026-03-12T08:45:00+00:00,0.046180
2026-03-12T09:00:00+00:00,0.067230
2026-03-12T09:15:00+00:00,0.026060
2026-03-12T09:30:00+00:00,0.007600
2026-03-12T09:45:00+00:00,0.001200
2026-03-12T10:00:00+00:00,0.003250
2026-03-12T10:15:00+00:00,0.000000
2026-03-12T10:30:00+00:00,-0.000010
2026-03-12T10:45:00+00:00,-0.000190
2026-03-12T11:00:00+00:00,-0.000020
2026-03-12T11:15:00+00:00,-0.000350
2026-03-12T11:30:00+00:00,-0.000270
2026-03-12T11:45:00+00:00,-0.000420
2026-03-12T12:00:00+00:00,-0.000140
2026-03-12T12:15:00+00:00,0.000000
2026-03-12T12:30:00+00:00,0.000000
2026-03-12T12:45:00+00:00,0.000100
2026-03-12T13:00:00+00:00,-0.000110
2026-03-12T13:15:00+00:00,0.001120
2026-03-12T13:30:00+00:00,0.000070
2026-03-12T13:45:00+00:00,0.002510
2026-03-12T14:00:00+00:00,0.000500
2026-03-12T14:15:00+00:00,0.000920
2026-03-12T14:30:00+00:00,0.005590
2026-03-12T14:45:00+00:00,0.009860
2026-03-12T15:00:00+00:00,0.011370
2026-03-12T15:15:00+00:00,0.033250
2026-03-12T15:30:00+00:00,0.057350
2026-03-12T15:45:00+00:00,0.098030
2026-03-12T16:00:00+00:00,0.061580
2026-03-12T16:15:00+00:00,0.084010
2026-03-12T16:30:00+00:00,0.099200
2026-03-12T16:45:00+00:00,0.149220
2026-03-12T17:00:00+00:00,0.111500
2026-03-12T17:15:00+00:00,0.115350
2026-03-12T17:30:00+00:00,0.113180
2026-03-12T17:45:00+00:00,0.113450
2026-03-12T18:00:00+00:00,0.122270
2026-03-12T18:15:00+00:00,0.114770
2026-03-12T18:30:00+00:00,0.104400
2026-03-12T18:45:00+00:00,0.098560
2026-03-12T19:00:00+00:00,0.102820
2026-03-12T19:15:00+00:00,0.090030
2026-03-12T19:30:00+00:00,0.084980
2026-03-12T19:45:00+00:00,0.080470
2026-03-12T20:00:00+00:00,0.082460
2026-03-12T20:15:00+00:00,0.083050
2026-03-12T20:30:00+00:00,0.071590
2026-03-12T20:45:00+00:00,0.059400
2026-03-12T21:00:00+00:00,0.082840
2026-03-12T21:15:00+00:00,0.067070
2026-03-12T21:30:00+00:00,0.061760
2026-03-12T21:45:00+00:00,0.043020
2026-03-12T22:00:00+00:00,0.028570
2026-03-12T22:15:00+00:00,0.019880
2026-03-12T22:30:00+00:00,0.019690
2026-03-12T22:45:00+00:00,0.012040
2026-03-12T23:00:00+00:00,0.010870
2026-03-12T23:15:00+00:00,0.010000
2026-03-12T23:30:00+00:00,0.005070
2026-03-12T23:45:00+00:00,0.003480
2026-03-13T00:00:00+00:00,0.007330
2026-03-13T00:15:00+00:00,0.004540
2026-03-13T00:30:00+00:00,0.003380
2026-03-13T00:45:00+00:00,0.004500
2026-03-13T01:00:00+00:00,0.005300
2026-03-13T01:15:00+00:00,0.002810
2026-03-13T01:30:00+00:00,0.002720
2026-03-13T01:45:00+00:00,0.002530
2026-03-13T02:00:00+00:00,0.002480
2026-03-13T02:15:00+00:00,0.001770
2026-03-13T02:30:00+00:00,0.000680
2026-03-13T02:45:00+00:00,0.000240
2026-03-13T03:00:00+00:00,0.002140
2026-03-13T03:15:00+00:00,0.001460
2026-03-13T03:30:00+00:00,0.002060
2026-03-13T03:45:00+00:00,0.002210
2026-03-13T04:00:00+00:00,0.001610
2026-03-13T04:15:00+00:00,0.001630
2026-03-13T04:30:00+00:00,0.004090
2026-03-13T04:45:00+00:00,0.004300
2026-03-13T05:00:00+00:00,0.007940
2026-03-13T05:15:00+00:00,0.013670
2026-03-13T05:30:00+00:00,0.015370
2026-03-13T05:45:00+00:00,0.015720
2026-03-13T06:00:00+00:00,0.026810
2026-03-13T06:15:00+00:00,0.033440
2026-03-13T06:30:00+00:00,0.035450
2026-03-13T06:45:00+00:00,0.068300
2026-03-13T07:00:00+00:00,0.095680
2026-03-13T07:15:00+00:00,0.098550
2026-03-13T07:30:00+00:00,0.107990
2026-03-13T07:45:00+00:00,0.080000
2026-03-13T08:00:00+00:00,0.098830
2026-03-13T08:15:00+00:00,0.092300
2026-03-13T08:30:00+00:00,0.092290
2026-03-13T08:45:00+00:00,0.092180
2026-03-13T09:00:00+00:00,0.090430
2026-03-13T09:15:00+00:00,0.080810
2026-03-13T09:30:00+00:00,0.096310
2026-03-13T09:45:00+00:00,0.088560
2026-03-13T10:00:00+00:00,0.085810
2026-03-13T10:15:00+00:00,0.079160
2026-03-13T10:30:00+00:00,0.078120
2026-03-13T10:45:00+00:00,0.058110
2026-03-13T11:00:00+00:00,0.083500
2026-03-13T11:15:00+00:00,0.062270
2026-03-13T11:30:00+00:00,0.060860
2026-03-13T11:45:00+00:00,0.061380
2026-03-13T12:00:00+00:00,0.072500
2026-03-13T12:15:00+00:00,0.054590
2026-03-13T12:30:00+00:00,0.045610
2026-03-13T12:45:00+00:00,0.047300
2026-03-13T13:00:00+00:00,0.056600
2026-03-13T13:15:00+00:00,0.060380
2026-03-13T13:30:00+00:00,0.065690
2026-03-13T13:45:00+00:00,0.074930
2026-03-13T14:00:00+00:00,0.064780
2026-03-13T14:15:00+00:00,0.073670
2026-03-13T14:30:00+00:00,0.072210
2026-03-13T14:45:00+00:00,0.116800
2026-03-13T15:00:00+00:00,0.056020
2026-03-13T15:15:00+00:00,0.101830
2026-03-13T15:30:00+00:00,0.128810
2026-03-13T15:45:00+00:00,0.152660
2026-03-13T16:00:00+00:00,0.107240
2026-03-13T16:15:00+00:00,0.122190
2026-03-13T16:30:00+00:00,0.143140
2026-03-13T16:45:00+00:00,0.163470
2026-03-13T17:00:00+00:00,0.124880
2026-03-13T17:15:00+00:00,0.147480
2026-03-13T17:30:00+00:00,0.159890
2026-03-13T17:45:00+00:00,0.176120
2026-03-13T18:00:00+00:00,0.172110
2026-03-13T18:15:00+00:00,0.172280
2026-03-13T18:30:00+00:00,0.165340
2026-03-13T18:45:00+00:00,0.148680
2026-03-13T19:00:00+00:00,0.164090
2026-03-13T19:15:00+00:00,0.148560
2026-03-13T19:30:00+00:00,0.132430
2026-03-13T19:45:00+00:00,0.124030
2026-03-13T20:00:00+00:00,0.143460
2026-03-13T20:15:00+00:00,0.130440
2026-03-13T20:30:00+00:00,0.119730
2026-03-13T20:45:00+00:00,0.116100
2026-03-13T21:00:00+00:00,0.131670
2026-03-13T21:15:00+00:00,0.123420
2026-03-13T21:30:00+00:00,0.124500
2026-03-13T21:45:00+00:00,0.117070
2026-03-13T22:00:00+00:00,0.133690
2026-03-13T22:15:00+00:00,0.113230
2026-03-13T22:30:00+00:00,0.113240
2026-03-13T22:45:00+00:00,0.103350
2026-03-13T23:00:00+00:00,0.152490
2026-03-13T23:15:00+00:00,0.144560
2026-03-13T23:30:00+00:00,0.116640
2026-03-13T23:45:00+00:00,0.109120
2026-03-14T00:00:00+00:00,0.150220
2026-03-14T00:15:00+00:00,0.133260
2026-03-14T00:30:00+00:00,0.119600
2026-03-14T00:45:00+00:00,0.106920
2026-03-14T01:00:00+00:00,0.133900
2026-03-14T01:15:00+00:00,0.121240
2026-03-14T01:30:00+00:00,0.108520
2026-03-14T01:45:00+00:00,0.104900
2026-03-14T02:00:00+00:00,0.119780
2026-03-14T02:15:00+00:00,0.126160
2026-03-14T02:30:00+00:00,0.120100
2026-03-14T02:45:00+00:00,0.122000
2026-03-14T03:00:00+00:00,0.116080
2026-03-14T03:15:00+00:00,0.115000
2026-03-14T03:30:00+00:00,0.116980
2026-03-14T03:45:00+00:00,0.116400
2026-03-14T04:00:00+00:00,0.106820
2026-03-14T04:15:00+00:00,0.107540
2026-03-14T04:30:00+00:00,0.112220
2026-03-14T04:45:00+00:00,0.124220
2026-03-14T05:00:00+00:00,0.106270
2026-03-14T05:15:00+00:00,0.111570
2026-03-14T05:30:00+00:00,0.113710
2026-03-14T05:45:00+00:00,0.115190
2026-03-14T06:00:00+00:00,0.119900
2026-03-14T06:15:00+00:00,0.120400
2026-03-14T06:30:00+00:00,0.119590
2026-03-14T06:45:00+00:00,0.118530
2026-03-14T07:00:00+00:00,0.128090
2026-03-14T07:15:00+00:00,0.134770
2026-03-14T07:30:00+00:00,0.137990
2026-03-14T07:45:00+00:00,0.139390
2026-03-14T08:00:00+00:00,0.124750
2026-03-14T08:15:00+00:00,0.125950
2026-03-14T08:30:00+00:00,0.120990
2026-03-14T08:45:00+00:00,0.111900
2026-03-14T09:00:00+00:00,0.118170
2026-03-14T09:15:00+00:00,0.113850
2026-03-14T09:30:00+00:00,0.109130
2026-03-14T09:45:00+00:00,0.103270
2026-03-14T10:00:00+00:00,0.104480
2026-03-14T10:15:00+00:00,0.101620
2026-03-14T10:30:00+00:00,0.104850
2026-03-14T10:45:00+00:00,0.107470
2026-03-14T11:00:00+00:00,0.106910
2026-03-14T11:15:00+00:00,0.106280
2026-03-14T11:30:00+00:00,0.109440
2026-03-14T11:45:00+00:00,0.105170
2026-03-14T12:00:00+00:00,0.106450
2026-03-14T12:15:00+00:00,0.104580
2026-03-14T12:30:00+00:00,0.101300
2026-03-14T12:45:00+00:00,0.098920
2026-03-14T13:00:00+00:00,0.105500
2026-03-14T13:15:00+00:00,0.104820
2026-03-14T13:30:00+00:00,0.103470
2026-03-14T13:45:00+00:00,0.107700
2026-03-14T14:00:00+00:00,0.097810
2026-03-14T14:15:00+00:00,0.115310
2026-03-14T14:30:00+00:00,0.111490
2026-03-14T14:45:00+00:00,0.115080
2026-03-14T15:00:00+00:00,0.108170
2026-03-14T15:15:00+00:00,0.116820
2026-03-14T15:30:00+00:00,0.128360
2026-03-14T15:45:00+00:00,0.134040
2026-03-14T16:00:00+00:00,0.109760
2026-03-14T16:15:00+00:00,0.130210
2026-03-14T16:30:00+00:00,0.137680
2026-03-14T16:45:00+00:00,0.159320
2026-03-14T17:00:00+00:00,0.140000
2026-03-14T17:15:00+00:00,0.148410
2026-03-14T17:30:00+00:00,0.172560
2026-03-14T17:45:00+00:00,0.183430
2026-03-14T18:00:00+00:00,0.183480
2026-03-14T18:15:00+00:00,0.178340
2026-03-14T18:30:00+00:00,0.165510
2026-03-14T18:45:00+00:00,0.152010
2026-03-14T19:00:00+00:00,0.176360
2026-03-14T19:15:00+00:00,0.156190
2026-03-14T19:30:00+00:00,0.139970
2026-03-14T19:45:00+00:00,0.128540
2026-03-14T20:00:00+00:00,0.140000
2026-03-14T20:15:00+00:00,0.133540
2026-03-14T20:30:00+00:00,0.140400
2026-03-14T20:45:00+00:00,0.135870
2026-03-14T21:00:00+00:00,0.139530
2026-03-14T21:15:00+00:00,0.132990
2026-03-14T21:30:00+00:00,0.139810
2026-03-14T21:45:00+00:00,0.128620
2026-03-14T22:00:00+00:00,0.139610
2026-03-14T22:15:00+00:00,0.128820
2026-03-14T22:30:00+00:00,0.127350
2026-03-14T22:45:00+00:00,0.116400
2026-03-14T23:00:00+00:00,0.147170
2026-03-14T23:15:00+00:00,0.147660
2026-03-14T23:30:00+00:00,0.139780
2026-03-14T23:45:00+00:00,0.127070
2026-03-15T00:00:00+00:00,0.146450
2026-03-15T00:15:00+00:00,0.138010
2026-03-15T00:30:00+00:00,0.135100
2026-03-15T00:45:00+00:00,0.127230
2026-03-15T01:00:00+00:00,0.135800
2026-03-15T01:15:00+00:00,0.128530
2026-03-15T01:30:00+00:00,0.120290
2026-03-15T01:45:00+00:00,0.119170
2026-03-15T02:00:00+00:00,0.120090
2026-03-15T02:15:00+00:00,0.120450
2026-03-15T02:30:00+00:00,0.123850
2026-03-15T02:45:00+00:00,0.125850
2026-03-15T03:00:00+00:00,0.120000
2026-03-15T03:15:00+00:00,0.120450
2026-03-15T03:30:00+00:00,0.120470
2026-03-15T03:45:00+00:00,0.122970
2026-03-15T04:00:00+00:00,0.118030
2026-03-15T04:15:00+00:00,0.120020
2026-03-15T04:30:00+00:00,0.124020
2026-03-15T04:45:00+00:00,0.127730
2026-03-15T05:00:00+00:00,0.118460
2026-03-15T05:15:00+00:00,0.122970
2026-03-15T05:30:00+00:00,0.123740
2026-03-15T05:45:00+00:00,0.119760
2026-03-15T06:00:00+00:00,0.127800
2026-03-15T06:15:00+00:00,0.117600
2026-03-15T06:30:00+00:00,0.117610
2026-03-15T06:45:00+00:00,0.104110
2026-03-15T07:00:00+00:00,0.139510
2026-03-15T07:15:00+00:00,0.114390
2026-03-15T07:30:00+00:00,0.100000
2026-03-15T07:45:00+00:00,0.081680
2026-03-15T08:00:00+00:00,0.102590
2026-03-15T08:15:00+00:00,0.091570
2026-03-15T08:30:00+00:00,0.081840
2026-03-15T08:45:00+00:00,0.076740
2026-03-15T09:00:00+00:00,0.084190
2026-03-15T09:15:00+00:00,0.077740
2026-03-15T09:30:00+00:00,0.075160
2026-03-15T09:45:00+00:00,0.065100
2026-03-15T10:00:00+00:00,0.079620
2026-03-15T10:15:00+00:00,0.073010
2026-03-15T10:30:00+00:00,0.058450
2026-03-15T10:45:00+00:00,0.044020
2026-03-15T11:00:00+00:00,0.067220
2026-03-15T11:15:00+00:00,0.050770
2026-03-15T11:30:00+00:00,0.038260
2026-03-15T11:45:00+00:00,0.030990
2026-03-15T12:00:00+00:00,0.040440
2026-03-15T12:15:00+00:00,0.035430
2026-03-15T12:30:00+00:00,0.027150
2026-03-15T12:45:00+00:00,0.024400
2026-03-15T13:00:00+00:00,0.022290
2026-03-15T13:15:00+00:00,0.027010
2026-03-15T13:30:00+00:00,0.034530
2026-03-15T13:45:00+00:00,0.044540
2026-03-15T14:00:00+00:00,0.042300
2026-03-15T14:15:00+00:00,0.044620
2026-03-15T14:30:00+00:00,0.056480
2026-03-15T14:45:00+00:00,0.071490
2026-03-15T15:00:00+00:00,0.047200
2026-03-15T15:15:00+00:00,0.072300
2026-03-15T15:30:00+00:00,0.085680
2026-03-15T15:45:00+00:00,0.105010
2026-03-15T16:00:00+00:00,0.088790
2026-03-15T16:15:00+00:00,0.110310
2026-03-15T16:30:00+00:00,0.123690
2026-03-15T16:45:00+00:00,0.138560
2026-03-15T17:00:00+00:00,0.132190
2026-03-15T17:15:00+00:00,0.133930
2026-03-15T17:30:00+00:00,0.147680
2026-03-15T17:45:00+00:00,0.149630
2026-03-15T18:00:00+00:00,0.147000
2026-03-15T18:15:00+00:00,0.134950
2026-03-15T18:30:00+00:00,0.125010
2026-03-15T18:45:00+00:00,0.116250
2026-03-15T19:00:00+00:00,0.116310
2026-03-15T19:15:00+00:00,0.108890
2026-03-15T19:30:00+00:00,0.109090
2026-03-15T19:45:00+00:00,0.086040
2026-03-15T20:00:00+00:00,0.104070
2026-03-15T20:15:00+00:00,0.087530
2026-03-15T20:30:00+00:00,0.087840
2026-03-15T20:45:00+00:00,0.073280
2026-03-15T21:00:00+00:00,0.086840
2026-03-15T21:15:00+00:00,0.083840
2026-03-15T21:30:00+00:00,0.081560
2026-03-15T21:45:00+00:00,0.071990
2026-03-15T22:00:00+00:00,0.078510
2026-03-15T22:15:00+00:00,0.065460
2026-03-15T22:30:00+00:00,0.063600
2026-03-15T22:45:00+00:00,0.040390
2026-03-15T23:00:00+00:00,0.060510
2026-03-15T23:15:00+00:00,0.040400
2026-03-15T23:30:00+00:00,0.020080
2026-03-15T23:45:00+00:00,0.011560
2026-03-16T00:00:00+00:00,0.035490
2026-03-16T00:15:00+00:00,0.022970
2026-03-16T00:30:00+00:00,0.016810
2026-03-16T00:45:00+00:00,0.016950
2026-03-16T01:00:00+00:00,0.023220
2026-03-16T01:15:00+00:00,0.017580
2026-03-16T01:30:00+00:00,0.014240
2026-03-16T01:45:00+00:00,0.011380
2026-03-16T02:00:00+00:00,0.012440
2026-03-16T02:15:00+00:00,0.010920
2026-03-16T02:30:00+00:00,0.015270
2026-03-16T02:45:00+00:00,0.016410
2026-03-16T03:00:00+00:00,0.012300
2026-03-16T03:15:00+00:00,0.015130
2026-03-16T03:30:00+00:00,0.020160
2026-03-16T03:45:00+00:00,0.025630
2026-03-16T04:00:00+00:00,0.023270
2026-03-16T04:15:00+00:00,0.034140
2026-03-16T04:30:00+00:00,0.045450
2026-03-16T04:45:00+00:00,0.060020
2026-03-16T05:00:00+00:00,0.040700
2026-03-16T05:15:00+00:00,0.066340
2026-03-16T05:30:00+00:00,0.085130
2026-03-16T05:45:00+00:00,0.087830
2026-03-16T06:00:00+00:00,0.100510
2026-03-16T06:15:00+00:00,0.098670
2026-03-16T06:30:00+00:00,0.098340
2026-03-16T06:45:00+00:00,0.092180
2026-03-16T07:00:00+00:00,0.118480
2026-03-16T07:15:00+00:00,0.100000
2026-03-16T07:30:00+00:00,0.089390
2026-03-16T07:45:00+00:00,0.076850
2026-03-16T08:00:00+00:00,0.099640
2026-03-16T08:15:00+00:00,0.082830
2026-03-16T08:30:00+00:00,0.064000
2026-03-16T08:45:00+00:00,0.045560
2026-03-16T09:00:00+00:00,0.062390
2026-03-16T09:15:00+00:00,0.051870
2026-03-16T09:30:00+00:00,0.035770
2026-03-16T09:45:00+00:00,0.019970
2026-03-16T10:00:00+00:00,0.022490
2026-03-16T10:15:00+00:00,0.015620
2026-03-16T10:30:00+00:00,0.014360
2026-03-16T10:45:00+00:00,0.016960
2026-03-16T11:00:00+00:00,0.015260
2026-03-16T11:15:00+00:00,0.011490
2026-03-16T11:30:00+00:00,0.012650
2026-03-16T11:45:00+00:00,0.012180
2026-03-16T12:00:00+00:00,0.010690
2026-03-16T12:15:00+00:00,0.011870
2026-03-16T12:30:00+00:00,0.016910
2026-03-16T12:45:00+00:00,0.024540
2026-03-16T13:00:00+00:00,0.018470
2026-03-16T13:15:00+00:00,0.028520
2026-03-16T13:30:00+00:00,0.051790
2026-03-16T13:45:00+00:00,0.058560
2026-03-16T14:00:00+00:00,0.027240
2026-03-16T14:15:00+00:00,0.039350
2026-03-16T14:30:00+00:00,0.070860
2026-03-16T14:45:00+00:00,0.105860
2026-03-16T15:00:00+00:00,0.053720
2026-03-16T15:15:00+00:00,0.087990
2026-03-16T15:30:00+00:00,0.130870
2026-03-16T15:45:00+00:00,0.153800
2026-03-16T16:00:00+00:00,0.096610
2026-03-16T16:15:00+00:00,0.121880
2026-03-16T16:30:00+00:00,0.145100
2026-03-16T16:45:00+00:00,0.175060
2026-03-16T17:00:00+00:00,0.145820
2026-03-16T17:15:00+00:00,0.157940
2026-03-16T17:30:00+00:00,0.174100
2026-03-16T17:45:00+00:00,0.185100
2026-03-16T18:00:00+00:00,0.179850
2026-03-16T18:15:00+00:00,0.180010
2026-03-16T18:30:00+00:00,0.180000
2026-03-16T18:45:00+00:00,0.179910
2026-03-16T19:00:00+00:00,0.182490
2026-03-16T19:15:00+00:00,0.163220
2026-03-16T19:30:00+00:00,0.143600
2026-03-16T19:45:00+00:00,0.129970
2026-03-16T20:00:00+00:00,0.142550
2026-03-16T20:15:00+00:00,0.128340
2026-03-16T20:30:00+00:00,0.120540
2026-03-16T20:45:00+00:00,0.111660
2026-03-16T21:00:00+00:00,0.130480
2026-03-16T21:15:00+00:00,0.124290
2026-03-16T21:30:00+00:00,0.123910
2026-03-16T21:45:00+00:00,0.109320
2026-03-16T22:00:00+00:00,0.111670
2026-03-16T22:15:00+00:00,0.102810
2026-03-16T22:30:00+00:00,0.095000
2026-03-16T22:45:00+00:00,0.088350
2026-03-16T23:00:00+00:00,0.132740
2026-03-16T23:15:00+00:00,0.113400
2026-03-16T23:30:00+00:00,0.105540
2026-03-16T23:45:00+00:00,0.101220
2026-03-17T00:00:00+00:00,0.106310
2026-03-17T00:15:00+00:00,0.105310
2026-03-17T00:30:00+00:00,0.106040
2026-03-17T00:45:00+00:00,0.101540
2026-03-17T01:00:00+00:00,0.107470
2026-03-17T01:15:00+00:00,0.107300
2026-03-17T01:30:00+00:00,0.103930
2026-03-17T01:45:00+00:00,0.102120
2026-03-17T02:00:00+00:00,0.104840
2026-03-17T02:15:00+00:00,0.102790
2026-03-17T02:30:00+00:00,0.104370
2026-03-17T02:45:00+00:00,0.104300
2026-03-17T03:00:00+00:00,0.109820
2026-03-17T03:15:00+00:00,0.106980
2026-03-17T03:30:00+00:00,0.106630
2026-03-17T03:45:00+00:00,0.109850
2026-03-17T04:00:00+00:00,0.105080
2026-03-17T04:15:00+00:00,0.104560
2026-03-17T04:30:00+00:00,0.119720
2026-03-17T04:45:00+00:00,0.138200
2026-03-17T05:00:00+00:00,0.123560
2026-03-17T05:15:00+00:00,0.137770
2026-03-17T05:30:00+00:00,0.149750
2026-03-17T05:45:00+00:00,0.162350
2026-03-17T06:00:00+00:00,0.173620
2026-03-17T06:15:00+00:00,0.169810
2026-03-17T06:30:00+00:00,0.174010
2026-03-17T06:45:00+00:00,0.147200
2026-03-17T07:00:00+00:00,0.192660
2026-03-17T07:15:00+00:00,0.160130
2026-03-17T07:30:00+00:00,0.140110
2026-03-17T07:45:00+00:00,0.113710
2026-03-17T08:00:00+00:00,0.149950
2026-03-17T08:15:00+00:00,0.124940
2026-03-17T08:30:00+00:00,0.106810
2026-03-17T08:45:00+00:00,0.101040
2026-03-17T09:00:00+00:00,0.125760
2026-03-17T09:15:00+00:00,0.098920
2026-03-17T09:30:00+00:00,0.097310
2026-03-17T09:45:00+00:00,0.089100
2026-03-17T10:00:00+00:00,0.096830
2026-03-17T10:15:00+00:00,0.086400
2026-03-17T10:30:00+00:00,0.085110
2026-03-17T10:45:00+00:00,0.089690
2026-03-17T11:00:00+00:00,0.082890
2026-03-17T11:15:00+00:00,0.082850
2026-03-17T11:30:00+00:00,0.082870
2026-03-17T11:45:00+00:00,0.082530
2026-03-17T12:00:00+00:00,0.084120
2026-03-17T12:15:00+00:00,0.084220
2026-03-17T12:30:00+00:00,0.083240
2026-03-17T12:45:00+00:00,0.084090
2026-03-17T13:00:00+00:00,0.084670
2026-03-17T13:15:00+00:00,0.087860
2026-03-17T13:30:00+00:00,0.086440
2026-03-17T13:45:00+00:00,0.089200
2026-03-17T14:00:00+00:00,0.087750
2026-03-17T14:15:00+00:00,0.092920
2026-03-17T14:30:00+00:00,0.101990
2026-03-17T14:45:00+00:00,0.113270
2026-03-17T15:00:00+00:00,0.099240
2026-03-17T15:15:00+00:00,0.110540
2026-03-17T15:30:00+00:00,0.121230
2026-03-17T15:45:00+00:00,0.140220
2026-03-17T16:00:00+00:00,0.111060
2026-03-17T16:15:00+00:00,0.133020
2026-03-17T16:30:00+00:00,0.148980
2026-03-17T16:45:00+00:00,0.204450
2026-03-17T17:00:00+00:00,0.182390
2026-03-17T17:15:00+00:00,0.217070
2026-03-17T17:30:00+00:00,0.222630
2026-03-17T17:45:00+00:00,0.213820
2026-03-17T18:00:00+00:00,0.209880
2026-03-17T18:15:00+00:00,0.179920
2026-03-17T18:30:00+00:00,0.147860
2026-03-17T18:45:00+00:00,0.144010
2026-03-17T19:00:00+00:00,0.160510
2026-03-17T19:15:00+00:00,0.144650
2026-03-17T19:30:00+00:00,0.135360
2026-03-17T19:45:00+00:00,0.127470
2026-03-17T20:00:00+00:00,0.139590
2026-03-17T20:15:00+00:00,0.129430
2026-03-17T20:30:00+00:00,0.118760
2026-03-17T20:45:00+00:00,0.102580
2026-03-17T21:00:00+00:00,0.129170
2026-03-17T21:15:00+00:00,0.119280
2026-03-17T21:30:00+00:00,0.105700
2026-03-17T21:45:00+00:00,0.098250
2026-03-17T22:00:00+00:00,0.121300
2026-03-17T22:15:00+00:00,0.104230
2026-03-17T22:30:00+00:00,0.104430
2026-03-17T22:45:00+00:00,0.096370
2026-03-17T23:00:00+00:00,0.120580
2026-03-17T23:15:00+00:00,0.106730
2026-03-17T23:30:00+00:00,0.104900
2026-03-17T23:45:00+00:00,0.095300
2026-03-18T00:00:00+00:00,0.113580
2026-03-18T00:15:00+00:00,0.104900
2026-03-18T00:30:00+00:00,0.098350
2026-03-18T00:45:00+00:00,0.101160
2026-03-18T01:00:00+00:00,0.106310
2026-03-18T01:15:00+00:00,0.106340
2026-03-18T01:30:00+00:00,0.103490
2026-03-18T01:45:00+00:00,0.102600
2026-03-18T02:00:00+00:00,0.107720
2026-03-18T02:15:00+00:00,0.104420
2026-03-18T02:30:00+00:00,0.105040
2026-03-18T02:45:00+00:00,0.105340
2026-03-18T03:00:00+00:00,0.103550
2026-03-18T03:15:00+00:00,0.109140
2026-03-18T03:30:00+00:00,0.114500
2026-03-18T03:45:00+00:00,0.118410
2026-03-18T04:00:00+00:00,0.099480
2026-03-18T04:15:00+00:00,0.104830
2026-03-18T04:30:00+00:00,0.124100
2026-03-18T04:45:00+00:00,0.159990
2026-03-18T05:00:00+00:00,0.106280
2026-03-18T05:15:00+00:00,0.130680
2026-03-18T05:30:00+00:00,0.137420
2026-03-18T05:45:00+00:00,0.142280
2026-03-18T06:00:00+00:00,0.150200
2026-03-18T06:15:00+00:00,0.158800
2026-03-18T06:30:00+00:00,0.142820
2026-03-18T06:45:00+00:00,0.106910
2026-03-18T07:00:00+00:00,0.131430
2026-03-18T07:15:00+00:00,0.106900
2026-03-18T07:30:00+00:00,0.087690
2026-03-18T07:45:00+00:00,0.073730
2026-03-18T08:00:00+00:00,0.099910
2026-03-18T08:15:00+00:00,0.081060
2026-03-18T08:30:00+00:00,0.057310
2026-03-18T08:45:00+00:00,0.013520
2026-03-18T09:00:00+00:00,0.037560
2026-03-18T09:15:00+00:00,0.003540
2026-03-18T09:30:00+00:00,0.000440
2026-03-18T09:45:00+00:00,-0.000440
2026-03-18T10:00:00+00:00,0.000220
2026-03-18T10:15:00+00:00,-0.001350
2026-03-18T10:30:00+00:00,-0.001620
2026-03-18T10:45:00+00:00,-0.001740
2026-03-18T11:00:00+00:00,-0.001570
2026-03-18T11:15:00+00:00,-0.001910
2026-03-18T11:30:00+00:00,-0.001830
2026-03-18T11:45:00+00:00,-0.001890
2026-03-18T12:00:00+00:00,-0.002280
2026-03-18T12:15:00+00:00,-0.002080
2026-03-18T12:30:00+00:00,-0.001920
2026-03-18T12:45:00+00:00,-0.000460
2026-03-18T13:00:00+00:00,-0.000730
2026-03-18T13:15:00+00:00,0.000000
2026-03-18T13:30:00+00:00,0.000810
2026-03-18T13:45:00+00:00,0.006250
2026-03-18T14:00:00+00:00,0.002990
2026-03-18T14:15:00+00:00,0.013980
2026-03-18T14:30:00+00:00,0.063120
2026-03-18T14:45:00+00:00,0.088090
2026-03-18T15:00:00+00:00,0.057360
2026-03-18T15:15:00+00:00,0.082260
2026-03-18T15:30:00+00:00,0.109590
2026-03-18T15:45:00+00:00,0.135290
2026-03-18T16:00:00+00:00,0.094680
2026-03-18T16:15:00+00:00,0.127940
2026-03-18T16:30:00+00:00,0.150140
2026-03-18T16:45:00+00:00,0.174190
2026-03-18T17:00:00+00:00,0.154410
2026-03-18T17:15:00+00:00,0.171390
2026-03-18T17:30:00+00:00,0.180920
2026-03-18T17:45:00+00:00,0.178930
2026-03-18T18:00:00+00:00,0.183790
2026-03-18T18:15:00+00:00,0.172970
2026-03-18T18:30:00+00:00,0.159300
2026-03-18T18:45:00+00:00,0.138110
2026-03-18T19:00:00+00:00,0.151730
2026-03-18T19:15:00+00:00,0.139490
2026-03-18T19:30:00+00:00,0.128090
2026-03-18T19:45:00+00:00,0.120330
2026-03-18T20:00:00+00:00,0.130090
2026-03-18T20:15:00+00:00,0.125290
2026-03-18T20:30:00+00:00,0.118280
2026-03-18T20:45:00+00:00,0.104690
2026-03-18T21:00:00+00:00,0.125740
2026-03-18T21:15:00+00:00,0.115170
2026-03-18T21:30:00+00:00,0.109470
2026-03-18T21:45:00+00:00,0.109620
2026-03-18T22:00:00+00:00,0.117090
2026-03-18T22:15:00+00:00,0.106550
2026-03-18T22:30:00+00:00,0.105740
2026-03-18T22:45:00+00:00,0.101210
2026-03-18T23:00:00+00:00,0.108570
2026-03-18T23:15:00+00:00,0.104540
2026-03-18T23:30:00+00:00,0.103310
2026-03-18T23:45:00+00:00,0.102000
2026-03-19T00:00:00+00:00,0.108450
2026-03-19T00:15:00+00:00,0.106960
2026-03-19T00:30:00+00:00,0.108040
2026-03-19T00:45:00+00:00,0.108210
2026-03-19T01:00:00+00:00,0.108720
2026-03-19T01:15:00+00:00,0.107660
2026-03-19T01:30:00+00:00,0.108720
2026-03-19T01:45:00+00:00,0.110150
2026-03-19T02:00:00+00:00,0.105200
2026-03-19T02:15:00+00:00,0.107500
2026-03-19T02:30:00+00:00,0.112410
2026-03-19T02:45:00+00:00,0.115500
2026-03-19T03:00:00+00:00,0.114340
2026-03-19T03:15:00+00:00,0.115770
2026-03-19T03:30:00+00:00,0.117750
2026-03-19T03:45:00+00:00,0.121000
2026-03-19T04:00:00+00:00,0.116380
2026-03-19T04:15:00+00:00,0.121830
2026-03-19T04:30:00+00:00,0.125910
2026-03-19T04:45:00+00:00,0.141440
2026-03-19T05:00:00+00:00,0.121600
2026-03-19T05:15:00+00:00,0.150240
2026-03-19T05:30:00+00:00,0.162700
2026-03-19T05:45:00+00:00,0.168890
2026-03-19T06:00:00+00:00,0.199940
2026-03-19T06:15:00+00:00,0.175510
2026-03-19T06:30:00+00:00,0.150210
2026-03-19T06:45:00+00:00,0.115770
2026-03-19T07:00:00+00:00,0.180000
2026-03-19T07:15:00+00:00,0.150820
2026-03-19T07:30:00+00:00,0.115760
2026-03-19T07:45:00+00:00,0.101610
2026-03-19T08:00:00+00:00,0.117220
2026-03-19T08:15:00+00:00,0.096230
2026-03-19T08:30:00+00:00,0.080340
2026-03-19T08:45:00+00:00,0.053880
2026-03-19T09:00:00+00:00,0.093940
2026-03-19T09:15:00+00:00,0.057560
2026-03-19T09:30:00+00:00,0.035450
2026-03-19T09:45:00+00:00,0.018940
2026-03-19T10:00:00+00:00,0.018060
2026-03-19T10:15:00+00:00,0.008410
2026-03-19T10:30:00+00:00,0.001310
2026-03-19T10:45:00+00:00,0.000220
2026-03-19T11:00:00+00:00,0.000250
2026-03-19T11:15:00+00:00,0.000320
2026-03-19T11:30:00+00:00,0.000420
2026-03-19T11:45:00+00:00,0.000460
2026-03-19T12:00:00+00:00,0.000620
2026-03-19T12:15:00+00:00,0.000800
2026-03-19T12:30:00+00:00,0.002170
2026-03-19T12:45:00+00:00,0.009520
2026-03-19T13:00:00+00:00,0.009370
2026-03-19T13:15:00+00:00,0.025500
2026-03-19T13:30:00+00:00,0.052310
2026-03-19T13:45:00+00:00,0.070540
2026-03-19T14:00:00+00:00,0.038260
2026-03-19T14:15:00+00:00,0.073140
2026-03-19T14:30:00+00:00,0.088300
2026-03-19T14:45:00+00:00,0.107700
2026-03-19T15:00:00+00:00,0.086850
2026-03-19T15:15:00+00:00,0.097950
2026-03-19T15:30:00+00:00,0.110010
2026-03-19T15:45:00+00:00,0.143560
2026-03-19T16:00:00+00:00,0.086110
2026-03-19T16:15:00+00:00,0.122850
2026-03-19T16:30:00+00:00,0.155960
2026-03-19T16:45:00+00:00,0.198200
2026-03-19T17:00:00+00:00,0.165410
2026-03-19T17:15:00+00:00,0.202300
2026-03-19T17:30:00+00:00,0.223210
2026-03-19T17:45:00+00:00,0.236580
2026-03-19T18:00:00+00:00,0.229230
2026-03-19T18:15:00+00:00,0.207450
2026-03-19T18:30:00+00:00,0.191600
2026-03-19T18:45:00+00:00,0.180480
2026-03-19T19:00:00+00:00,0.175310
2026-03-19T19:15:00+00:00,0.156750
2026-03-19T19:30:00+00:00,0.146200
2026-03-19T19:45:00+00:00,0.134630
2026-03-19T20:00:00+00:00,0.148710
2026-03-19T20:15:00+00:00,0.143900
2026-03-19T20:30:00+00:00,0.138560
2026-03-19T20:45:00+00:00,0.125780
2026-03-19T21:00:00+00:00,0.137560
2026-03-19T21:15:00+00:00,0.133220
2026-03-19T21:30:00+00:00,0.125670
2026-03-19T21:45:00+00:00,0.117450
2026-03-19T22:00:00+00:00,0.131310
2026-03-19T22:15:00+00:00,0.122400
2026-03-19T22:30:00+00:00,0.126040
2026-03-19T22:45:00+00:00,0.113140
2026-03-19T23:00:00+00:00,0.150200
2026-03-19T23:15:00+00:00,0.136010
2026-03-19T23:30:00+00:00,0.126260
2026-03-19T23:45:00+00:00,0.121720
2026-03-20T00:00:00+00:00,0.131430
2026-03-20T00:15:00+00:00,0.127750
2026-03-20T00:30:00+00:00,0.128010
2026-03-20T00:45:00+00:00,0.127440
2026-03-20T01:00:00+00:00,0.127890
2026-03-20T01:15:00+00:00,0.124880
2026-03-20T01:30:00+00:00,0.125120
2026-03-20T01:45:00+00:00,0.123320
2026-03-20T02:00:00+00:00,0.126990
2026-03-20T02:15:00+00:00,0.125360
2026-03-20T02:30:00+00:00,0.127580
2026-03-20T02:45:00+00:00,0.131710
2026-03-20T03:00:00+00:00,0.119030
2026-03-20T03:15:00+00:00,0.122720
2026-03-20T03:30:00+00:00,0.125110
2026-03-20T03:45:00+00:00,0.136830
2026-03-20T04:00:00+00:00,0.126020
2026-03-20T04:15:00+00:00,0.133850
2026-03-20T04:30:00+00:00,0.150820
2026-03-20T04:45:00+00:00,0.155950
2026-03-20T05:00:00+00:00,0.149260
2026-03-20T05:15:00+00:00,0.176860
2026-03-20T05:30:00+00:00,0.186420
2026-03-20T05:45:00+00:00,0.191280
2026-03-20T06:00:00+00:00,0.219160
2026-03-20T06:15:00+00:00,0.199130
2026-03-20T06:30:00+00:00,0.183840
2026-03-20T06:45:00+00:00,0.151870
2026-03-20T07:00:00+00:00,0.203550
2026-03-20T07:15:00+00:00,0.161750
2026-03-20T07:30:00+00:00,0.145970
2026-03-20T07:45:00+00:00,0.110990
2026-03-20T08:00:00+00:00,0.161870
2026-03-20T08:15:00+00:00,0.138810
2026-03-20T08:30:00+00:00,0.101990
2026-03-20T08:45:00+00:00,0.098090
2026-03-20T09:00:00+00:00,0.111260
2026-03-20T09:15:00+00:00,0.098490
2026-03-20T09:30:00+00:00,0.081400
2026-03-20T09:45:00+00:00,0.074630
2026-03-20T10:00:00+00:00,0.084110
2026-03-20T10:15:00+00:00,0.074870
2026-03-20T10:30:00+00:00,0.062250
2026-03-20T10:45:00+00:00,0.055090
2026-03-20T11:00:00+00:00,0.063070
2026-03-20T11:15:00+00:00,0.058780
2026-03-20T11:30:00+00:00,0.057910
2026-03-20T11:45:00+00:00,0.052290
2026-03-20T12:00:00+00:00,0.048990
2026-03-20T12:15:00+00:00,0.052100
2026-03-20T12:30:00+00:00,0.060110
2026-03-20T12:45:00+00:00,0.066840
2026-03-20T13:00:00+00:00,0.052200
2026-03-20T13:15:00+00:00,0.070670
2026-03-20T13:30:00+00:00,0.083180
2026-03-20T13:45:00+00:00,0.098480
2026-03-20T14:00:00+00:00,0.087740
2026-03-20T14:15:00+00:00,0.100670
2026-03-20T14:30:00+00:00,0.104050
2026-03-20T14:45:00+00:00,0.117920
2026-03-20T15:00:00+00:00,0.091420
2026-03-20T15:15:00+00:00,0.121650
2026-03-20T15:30:00+00:00,0.138120
2026-03-20T15:45:00+00:00,0.158070
2026-03-20T16:00:00+00:00,0.121060
2026-03-20T16:15:00+00:00,0.145360
2026-03-20T16:30:00+00:00,0.156080
2026-03-20T16:45:00+00:00,0.195060
2026-03-20T17:00:00+00:00,0.156870
2026-03-20T17:15:00+00:00,0.201320
2026-03-20T17:30:00+00:00,0.215000
2026-03-20T17:45:00+00:00,0.207900
2026-03-20T18:00:00+00:00,0.217050
2026-03-20T18:15:00+00:00,0.203040
2026-03-20T18:30:00+00:00,0.199690
2026-03-20T18:45:00+00:00,0.178330
2026-03-20T19:00:00+00:00,0.184140
2026-03-20T19:15:00+00:00,0.168990
2026-03-20T19:30:00+00:00,0.159920
2026-03-20T19:45:00+00:00,0.151330
2026-03-20T20:00:00+00:00,0.161050
2026-03-20T20:15:00+00:00,0.156770
2026-03-20T20:30:00+00:00,0.145910
2026-03-20T20:45:00+00:00,0.135710
2026-03-20T21:00:00+00:00,0.150820
2026-03-20T21:15:00+00:00,0.150790
2026-03-20T21:30:00+00:00,0.135090
2026-03-20T21:45:00+00:00,0.127030
2026-03-20T22:00:00+00:00,0.150120
2026-03-20T22:15:00+00:00,0.142350
2026-03-20T22:30:00+00:00,0.131440
2026-03-20T22:45:00+00:00,0.123940
2026-03-20T23:00:00+00:00,0.139340
2026-03-20T23:15:00+00:00,0.134560
2026-03-20T23:30:00+00:00,0.126670
2026-03-20T23:45:00+00:00,0.123480
2026-03-21T00:00:00+00:00,0.137160
2026-03-21T00:15:00+00:00,0.126790
2026-03-21T00:30:00+00:00,0.126120
2026-03-21T00:45:00+00:00,0.125930
2026-03-21T01:00:00+00:00,0.132310
2026-03-21T01:15:00+00:00,0.125580
2026-03-21T01:30:00+00:00,0.125570
2026-03-21T01:45:00+00:00,0.125700
2026-03-21T02:00:00+00:00,0.125640
2026-03-21T02:15:00+00:00,0.125540
2026-03-21T02:30:00+00:00,0.125590
2026-03-21T02:45:00+00:00,0.125490
2026-03-21T03:00:00+00:00,0.123850
2026-03-21T03:15:00+00:00,0.123020
2026-03-21T03:30:00+00:00,0.123760
2026-03-21T03:45:00+00:00,0.123810
2026-03-21T04:00:00+00:00,0.123300
2026-03-21T04:15:00+00:00,0.123870
2026-03-21T04:30:00+00:00,0.124100
2026-03-21T04:45:00+00:00,0.131020
2026-03-21T05:00:00+00:00,0.128900
2026-03-21T05:15:00+00:00,0.137300
2026-03-21T05:30:00+00:00,0.133780
2026-03-21T05:45:00+00:00,0.133820
2026-03-21T06:00:00+00:00,0.142280
2026-03-21T06:15:00+00:00,0.138670
2026-03-21T06:30:00+00:00,0.131800
2026-03-21T06:45:00+00:00,0.115760
2026-03-21T07:00:00+00:00,0.139590
2026-03-21T07:15:00+00:00,0.129910
2026-03-21T07:30:00+00:00,0.113160
2026-03-21T07:45:00+00:00,0.097960
2026-03-21T08:00:00+00:00,0.100400
2026-03-21T08:15:00+00:00,0.094090
2026-03-21T08:30:00+00:00,0.086370
2026-03-21T08:45:00+00:00,0.081860
2026-03-21T09:00:00+00:00,0.088880
2026-03-21T09:15:00+00:00,0.072220
2026-03-21T09:30:00+00:00,0.060550
2026-03-21T09:45:00+00:00,0.050500
2026-03-21T10:00:00+00:00,0.054900
2026-03-21T10:15:00+00:00,0.041210
2026-03-21T10:30:00+00:00,0.035740
2026-03-21T10:45:00+00:00,0.030270
2026-03-21T11:00:00+00:00,0.030230
2026-03-21T11:15:00+00:00,0.019800
2026-03-21T11:30:00+00:00,0.018580
2026-03-21T11:45:00+00:00,0.018220
2026-03-21T12:00:00+00:00,0.018050
2026-03-21T12:15:00+00:00,0.019170
2026-03-21T12:30:00+00:00,0.021520
2026-03-21T12:45:00+00:00,0.026670
2026-03-21T13:00:00+00:00,0.037230
2026-03-21T13:15:00+00:00,0.053620
2026-03-21T13:30:00+00:00,0.058900
2026-03-21T13:45:00+00:00,0.067910
2026-03-21T14:00:00+00:00,0.067200
2026-03-21T14:15:00+00:00,0.077600
2026-03-21T14:30:00+00:00,0.078770
2026-03-21T14:45:00+00:00,0.090540
2026-03-21T15:00:00+00:00,0.084390
2026-03-21T15:15:00+00:00,0.090830
2026-03-21T15:30:00+00:00,0.108480
2026-03-21T15:45:00+00:00,0.121940
2026-03-21T16:00:00+00:00,0.105600
2026-03-21T16:15:00+00:00,0.122270
2026-03-21T16:30:00+00:00,0.142390
2026-03-21T16:45:00+00:00,0.144500
2026-03-21T17:00:00+00:00,0.149890
2026-03-21T17:15:00+00:00,0.174380
2026-03-21T17:30:00+00:00,0.177450
2026-03-21T17:45:00+00:00,0.173160
2026-03-21T18:00:00+00:00,0.189710
2026-03-21T18:15:00+00:00,0.168190
2026-03-21T18:30:00+00:00,0.153550
2026-03-21T18:45:00+00:00,0.139200
2026-03-21T19:00:00+00:00,0.150030
2026-03-21T19:15:00+00:00,0.140330
2026-03-21T19:30:00+00:00,0.130000
2026-03-21T19:45:00+00:00,0.124520
2026-03-21T20:00:00+00:00,0.126650
2026-03-21T20:15:00+00:00,0.125010
2026-03-21T20:30:00+00:00,0.121150
2026-03-21T20:45:00+00:00,0.114990
2026-03-21T21:00:00+00:00,0.123350
2026-03-21T21:15:00+00:00,0.122010
2026-03-21T21:30:00+00:00,0.113570
2026-03-21T21:45:00+00:00,0.104670
2026-03-21T22:00:00+00:00,0.117360
2026-03-21T22:15:00+00:00,0.106200
2026-03-21T22:30:00+00:00,0.100170
2026-03-21T22:45:00+00:00,0.092770
2026-03-21T23:00:00+00:00,0.103750
2026-03-21T23:15:00+00:00,0.100180
2026-03-21T23:30:00+00:00,0.097190
2026-03-21T23:45:00+00:00,0.091680
2026-03-22T00:00:00+00:00,0.096910
2026-03-22T00:15:00+00:00,0.093890
2026-03-22T00:30:00+00:00,0.091710
2026-03-22T00:45:00+00:00,0.089200
2026-03-22T01:00:00+00:00,0.092650
2026-03-22T01:15:00+00:00,0.090460
2026-03-22T01:30:00+00:00,0.090030
2026-03-22T01:45:00+00:00,0.086460
2026-03-22T02:00:00+00:00,0.088170
2026-03-22T02:15:00+00:00,0.086830
2026-03-22T02:30:00+00:00,0.087450
2026-03-22T02:45:00+00:00,0.087520
2026-03-22T03:00:00+00:00,0.089800
2026-03-22T03:15:00+00:00,0.089350
2026-03-22T03:30:00+00:00,0.090410
2026-03-22T03:45:00+00:00,0.091430
2026-03-22T04:00:00+00:00,0.090740
2026-03-22T04:15:00+00:00,0.092100
2026-03-22T04:30:00+00:00,0.092950
2026-03-22T04:45:00+00:00,0.091980
2026-03-22T05:00:00+00:00,0.093510
2026-03-22T05:15:00+00:00,0.094250
2026-03-22T05:30:00+00:00,0.097130
2026-03-22T05:45:00+00:00,0.087520
2026-03-22T06:00:00+00:00,0.112400
2026-03-22T06:15:00+00:00,0.088670
2026-03-22T06:30:00+00:00,0.076000
2026-03-22T06:45:00+00:00,0.048850
2026-03-22T07:00:00+00:00,0.080750
2026-03-22T07:15:00+00:00,0.044670
2026-03-22T07:30:00+00:00,0.026370
2026-03-22T07:45:00+00:00,0.012000
2026-03-22T08:00:00+00:00,0.019900
2026-03-22T08:15:00+00:00,0.006860
2026-03-22T08:30:00+00:00,0.000570
2026-03-22T08:45:00+00:00,-0.000060
2026-03-22T09:00:00+00:00,0.000000
2026-03-22T09:15:00+00:00,-0.000010
2026-03-22T09:30:00+00:00,-0.000570
2026-03-22T09:45:00+00:00,-0.000980
2026-03-22T10:00:00+00:00,-0.002100
2026-03-22T10:15:00+00:00,-0.002950
2026-03-22T10:30:00+00:00,-0.004340
2026-03-22T10:45:00+00:00,-0.007000
2026-03-22T11:00:00+00:00,-0.011800
2026-03-22T11:15:00+00:00,-0.017650
2026-03-22T11:30:00+00:00,-0.015620
2026-03-22T11:45:00+00:00,-0.017840
2026-03-22T12:00:00+00:00,-0.011070
2026-03-22T12:15:00+00:00,-0.009970
2026-03-22T12:30:00+00:00,-0.008690
2026-03-22T12:45:00+00:00,-0.006520
2026-03-22T13:00:00+00:00,-0.003500
2026-03-22T13:15:00+00:00,-0.002020
2026-03-22T13:30:00+00:00,-0.001220
2026-03-22T13:45:00+00:00,0.000420
2026-03-22T14:00:00+00:00,-0.000020
2026-03-22T14:15:00+00:00,0.000800
2026-03-22T14:30:00+00:00,0.012470
2026-03-22T14:45:00+00:00,0.030690
2026-03-22T15:00:00+00:00,0.028560
2026-03-22T15:15:00+00:00,0.070630
2026-03-22T15:30:00+00:00,0.094850
2026-03-22T15:45:00+00:00,0.132260
2026-03-22T16:00:00+00:00,0.089800
2026-03-22T16:15:00+00:00,0.124500
2026-03-22T16:30:00+00:00,0.139040
2026-03-22T16:45:00+00:00,0.168290
2026-03-22T17:00:00+00:00,0.144490
2026-03-22T17:15:00+00:00,0.174260
2026-03-22T17:30:00+00:00,0.159830
2026-03-22T17:45:00+00:00,0.173430
2026-03-22T18:00:00+00:00,0.177750
2026-03-22T18:15:00+00:00,0.176500
2026-03-22T18:30:00+00:00,0.166380
2026-03-22T18:45:00+00:00,0.155590
2026-03-22T19:00:00+00:00,0.177310
2026-03-22T19:15:00+00:00,0.159900
2026-03-22T19:30:00+00:00,0.153060
2026-03-22T19:45:00+00:00,0.137170
2026-03-22T20:00:00+00:00,0.153300
2026-03-22T20:15:00+00:00,0.146380
2026-03-22T20:30:00+00:00,0.139920
2026-03-22T20:45:00+00:00,0.134830
2026-03-22T21:00:00+00:00,0.146030
2026-03-22T21:15:00+00:00,0.139390
2026-03-22T21:30:00+00:00,0.135470
2026-03-22T21:45:00+00:00,0.128470
2026-03-22T22:00:00+00:00,0.145920
2026-03-22T22:15:00+00:00,0.133780
2026-03-22T22:30:00+00:00,0.130020
2026-03-22T22:45:00+00:00,0.119600
2026-03-22T23:00:00+00:00,0.132410
2026-03-22T23:15:00+00:00,0.125840
2026-03-22T23:30:00+00:00,0.117710
2026-03-22T23:45:00+00:00,0.114060
2026-03-23T00:00:00+00:00,0.118570
2026-03-23T00:15:00+00:00,0.118700
2026-03-23T00:30:00+00:00,0.124930
2026-03-23T00:45:00+00:00,0.121140
2026-03-23T01:00:00+00:00,0.127330
2026-03-23T01:15:00+00:00,0.119440
2026-03-23T01:30:00+00:00,0.120260
2026-03-23T01:45:00+00:00,0.116850
2026-03-23T02:00:00+00:00,0.123210
2026-03-23T02:15:00+00:00,0.117930
2026-03-23T02:30:00+00:00,0.117740
2026-03-23T02:45:00+00:00,0.119750
2026-03-23T03:00:00+00:00,0.119420
2026-03-23T03:15:00+00:00,0.123130
2026-03-23T03:30:00+00:00,0.128950
2026-03-23T03:45:00+00:00,0.130200
2026-03-23T04:00:00+00:00,0.127530
2026-03-23T04:15:00+00:00,0.133290
2026-03-23T04:30:00+00:00,0.151350
2026-03-23T04:45:00+00:00,0.157900
2026-03-23T05:00:00+00:00,0.149270
2026-03-23T05:15:00+00:00,0.171920
2026-03-23T05:30:00+00:00,0.187760
2026-03-23T05:45:00+00:00,0.190350
2026-03-23T06:00:00+00:00,0.224860
2026-03-23T06:15:00+00:00,0.190090
2026-03-23T06:30:00+00:00,0.181570
2026-03-23T06:45:00+00:00,0.142440
2026-03-23T07:00:00+00:00,0.199990
2026-03-23T07:15:00+00:00,0.160470
2026-03-23T07:30:00+00:00,0.129250
2026-03-23T07:45:00+00:00,0.101660
2026-03-23T08:00:00+00:00,0.132840
2026-03-23T08:15:00+00:00,0.103350
2026-03-23T08:30:00+00:00,0.109830
2026-03-23T08:45:00+00:00,0.081230
2026-03-23T09:00:00+00:00,0.103170
2026-03-23T09:15:00+00:00,0.080110
2026-03-23T09:30:00+00:00,0.070770
2026-03-23T09:45:00+00:00,0.049770
2026-03-23T10:00:00+00:00,0.061180
2026-03-23T10:15:00+00:00,0.048640
2026-03-23T10:30:00+00:00,0.037980
2026-03-23T10:45:00+00:00,0.033010
2026-03-23T11:00:00+00:00,0.034470
2026-03-23T11:15:00+00:00,0.042920
2026-03-23T11:30:00+00:00,0.050500
2026-03-23T11:45:00+00:00,0.058930
2026-03-23T12:00:00+00:00,0.050790
2026-03-23T12:15:00+00:00,0.061460
2026-03-23T12:30:00+00:00,0.073220
2026-03-23T12:45:00+00:00,0.080000
2026-03-23T13:00:00+00:00,0.075500
2026-03-23T13:15:00+00:00,0.081110
2026-03-23T13:30:00+00:00,0.090440
2026-03-23T13:45:00+00:00,0.094590
2026-03-23T14:00:00+00:00,0.083460
2026-03-23T14:15:00+00:00,0.095770
2026-03-23T14:30:00+00:00,0.106080
2026-03-23T14:45:00+00:00,0.122690
2026-03-23T15:00:00+00:00,0.088930
2026-03-23T15:15:00+00:00,0.117980
2026-03-23T15:30:00+00:00,0.132670
2026-03-23T15:45:00+00:00,0.154260
2026-03-23T16:00:00+00:00,0.118910
2026-03-23T16:15:00+00:00,0.154260
2026-03-23T16:30:00+00:00,0.177780
2026-03-23T16:45:00+00:00,0.240640
2026-03-23T17:00:00+00:00,0.180320
2026-03-23T17:15:00+00:00,0.245000
2026-03-23T17:30:00+00:00,0.269760
2026-03-23T17:45:00+00:00,0.302920
2026-03-23T18:00:00+00:00,0.259870
2026-03-23T18:15:00+00:00,0.242890
2026-03-23T18:30:00+00:00,0.235450
2026-03-23T18:45:00+00:00,0.217400
2026-03-23T19:00:00+00:00,0.242140
2026-03-23T19:15:00+00:00,0.206890
2026-03-23T19:30:00+00:00,0.180620
2026-03-23T19:45:00+00:00,0.168330
2026-03-23T20:00:00+00:00,0.206190
2026-03-23T20:15:00+00:00,0.173810
2026-03-23T20:30:00+00:00,0.151990
2026-03-23T20:45:00+00:00,0.140350
2026-03-23T21:00:00+00:00,0.161990
2026-03-23T21:15:00+00:00,0.147060
2026-03-23T21:30:00+00:00,0.151990
2026-03-23T21:45:00+00:00,0.147720
2026-03-23T22:00:00+00:00,0.152940
2026-03-23T22:15:00+00:00,0.137910
2026-03-23T22:30:00+00:00,0.135960
2026-03-23T22:45:00+00:00,0.121420
2026-03-23T23:00:00+00:00,0.147970
2026-03-23T23:15:00+00:00,0.138060
2026-03-23T23:30:00+00:00,0.126350
2026-03-23T23:45:00+00:00,0.122890
2026-03-24T00:00:00+00:00,0.132260
2026-03-24T00:15:00+00:00,0.122200
2026-03-24T00:30:00+00:00,0.111050
2026-03-24T00:45:00+00:00,0.104330
2026-03-24T01:00:00+00:00,0.112240
2026-03-24T01:15:00+00:00,0.105350
2026-03-24T01:30:00+00:00,0.099830
2026-03-24T01:45:00+00:00,0.096870
2026-03-24T02:00:00+00:00,0.100820
2026-03-24T02:15:00+00:00,0.095920
2026-03-24T02:30:00+00:00,0.094010
2026-03-24T02:45:00+00:00,0.093300
2026-03-24T03:00:00+00:00,0.094870
2026-03-24T03:15:00+00:00,0.093750
2026-03-24T03:30:00+00:00,0.095870
2026-03-24T03:45:00+00:00,0.094860
2026-03-24T04:00:00+00:00,0.092940
2026-03-24T04:15:00+00:00,0.091340
2026-03-24T04:30:00+00:00,0.094830
2026-03-24T04:45:00+00:00,0.105220
2026-03-24T05:00:00+00:00,0.100130
2026-03-24T05:15:00+00:00,0.106680
2026-03-24T05:30:00+00:00,0.109790
2026-03-24T05:45:00+00:00,0.111320
2026-03-24T06:00:00+00:00,0.134350
2026-03-24T06:15:00+00:00,0.120500
2026-03-24T06:30:00+00:00,0.106600
2026-03-24T06:45:00+00:00,0.091070
2026-03-24T07:00:00+00:00,0.132770
2026-03-24T07:15:00+00:00,0.103510
2026-03-24T07:30:00+00:00,0.089900
2026-03-24T07:45:00+00:00,0.064390
2026-03-24T08:00:00+00:00,0.099550
2026-03-24T08:15:00+00:00,0.080220
2026-03-24T08:30:00+00:00,0.064770
2026-03-24T08:45:00+00:00,0.039130
2026-03-24T09:00:00+00:00,0.060100
2026-03-24T09:15:00+00:00,0.023680
2026-03-24T09:30:00+00:00,0.010210
2026-03-24T09:45:00+00:00,0.004010
2026-03-24T10:00:00+00:00,0.008780
2026-03-24T10:15:00+00:00,0.005030
2026-03-24T10:30:00+00:00,0.004100
2026-03-24T10:45:00+00:00,0.001960
2026-03-24T11:00:00+00:00,0.000920
2026-03-24T11:15:00+00:00,0.001610
2026-03-24T11:30:00+00:00,0.001610
2026-03-24T11:45:00+00:00,0.001150
2026-03-24T12:00:00+00:00,0.001610
2026-03-24T12:15:00+00:00,0.002650
2026-03-24T12:30:00+00:00,0.003500
2026-03-24T12:45:00+00:00,0.003600
2026-03-24T13:00:00+00:00,0.002500
2026-03-24T13:15:00+00:00,0.002770
2026-03-24T13:30:00+00:00,0.003530
2026-03-24T13:45:00+00:00,0.005490
2026-03-24T14:00:00+00:00,0.003290
2026-03-24T14:15:00+00:00,0.009620
2026-03-24T14:30:00+00:00,0.015480
2026-03-24T14:45:00+00:00,0.056210
2026-03-24T15:00:00+00:00,0.033930
2026-03-24T15:15:00+00:00,0.066790
2026-03-24T15:30:00+00:00,0.101010
2026-03-24T15:45:00+00:00,0.108000
2026-03-24T16:00:00+00:00,0.091310
2026-03-24T16:15:00+00:00,0.101010
2026-03-24T16:30:00+00:00,0.118700
2026-03-24T16:45:00+00:00,0.140520
2026-03-24T17:00:00+00:00,0.130160
2026-03-24T17:15:00+00:00,0.141000
2026-03-24T17:30:00+00:00,0.131360
2026-03-24T17:45:00+00:00,0.141010
2026-03-24T18:00:00+00:00,0.158080
2026-03-24T18:15:00+00:00,0.136190
2026-03-24T18:30:00+00:00,0.139770
2026-03-24T18:45:00+00:00,0.132860
2026-03-24T19:00:00+00:00,0.129930
2026-03-24T19:15:00+00:00,0.113720
2026-03-24T19:30:00+00:00,0.097390
2026-03-24T19:45:00+00:00,0.103380
2026-03-24T20:00:00+00:00,0.108250
2026-03-24T20:15:00+00:00,0.106980
2026-03-24T20:30:00+00:00,0.097870
2026-03-24T20:45:00+00:00,0.083020
2026-03-24T21:00:00+00:00,0.108100
2026-03-24T21:15:00+00:00,0.097460
2026-03-24T21:30:00+00:00,0.076200
2026-03-24T21:45:00+00:00,0.048950
2026-03-24T22:00:00+00:00,0.062970
2026-03-24T22:15:00+00:00,0.033580
2026-03-24T22:30:00+00:00,0.020000
2026-03-24T22:45:00+00:00,0.011040
2026-03-24T23:00:00+00:00,0.003000
2026-03-24T23:15:00+00:00,0.002400
2026-03-24T23:30:00+00:00,0.001780
2026-03-24T23:45:00+00:00,0.000060
2026-03-25T00:00:00+00:00,0.001360
2026-03-25T00:15:00+00:00,0.000100
2026-03-25T00:30:00+00:00,0.000010
2026-03-25T00:45:00+00:00,0.000000
2026-03-25T01:00:00+00:00,0.000000
2026-03-25T01:15:00+00:00,0.000000
2026-03-25T01:30:00+00:00,0.000000
2026-03-25T01:45:00+00:00,-0.000010
2026-03-25T02:00:00+00:00,-0.000010
2026-03-25T02:15:00+00:00,-0.000010
2026-03-25T02:30:00+00:00,-0.000010
2026-03-25T02:45:00+00:00,-0.000010
2026-03-25T03:00:00+00:00,-0.000010
2026-03-25T03:15:00+00:00,-0.000010
2026-03-25T03:30:00+00:00,0.000000
2026-03-25T03:45:00+00:00,0.000000
2026-03-25T04:00:00+00:00,0.000000
2026-03-25T04:15:00+00:00,0.000400
2026-03-25T04:30:00+00:00,0.000260
2026-03-25T04:45:00+00:00,0.001360
2026-03-25T05:00:00+00:00,0.002450
2026-03-25T05:15:00+00:00,0.004630
2026-03-25T05:30:00+00:00,0.006740
2026-03-25T05:45:00+00:00,0.005280
2026-03-25T06:00:00+00:00,0.016340
2026-03-25T06:15:00+00:00,0.018990
2026-03-25T06:30:00+00:00,0.015930
2026-03-25T06:45:00+00:00,0.025010
2026-03-25T07:00:00+00:00,0.035400
2026-03-25T07:15:00+00:00,0.023310
2026-03-25T07:30:00+00:00,0.066600
2026-03-25T07:45:00+00:00,0.074680
2026-03-25T08:00:00+00:00,0.045560
2026-03-25T08:15:00+00:00,0.020000
2026-03-25T08:30:00+00:00,0.017080
2026-03-25T08:45:00+00:00,0.010000
2026-03-25T09:00:00+00:00,0.009470
2026-03-25T09:15:00+00:00,0.006510
2026-03-25T09:30:00+00:00,0.005470
2026-03-25T09:45:00+00:00,0.004260
2026-03-25T10:00:00+00:00,0.003610
2026-03-25T10:15:00+00:00,0.000110
2026-03-25T10:30:00+00:00,0.000060
2026-03-25T10:45:00+00:00,0.000030
2026-03-25T11:00:00+00:00,0.000080
2026-03-25T11:15:00+00:00,0.000030
2026-03-25T11:30:00+00:00,0.000090
2026-03-25T11:45:00+00:00,0.000130
2026-03-25T12:00:00+00:00,0.000260
2026-03-25T12:15:00+00:00,0.000210
2026-03-25T12:30:00+00:00,0.000290
2026-03-25T12:45:00+00:00,0.000890
2026-03-25T13:00:00+00:00,0.000480
2026-03-25T13:15:00+00:00,0.002330
2026-03-25T13:30:00+00:00,0.001450
2026-03-25T13:45:00+00:00,0.004840
2026-03-25T14:00:00+00:00,0.001080
2026-03-25T14:15:00+00:00,0.006300
2026-03-25T14:30:00+00:00,0.010610
2026-03-25T14:45:00+00:00,0.016620
2026-03-25T15:00:00+00:00,0.011330
2026-03-25T15:15:00+00:00,0.021150
2026-03-25T15:30:00+00:00,0.049640
2026-03-25T15:45:00+00:00,0.087440
2026-03-25T16:00:00+00:00,0.071410
2026-03-25T16:15:00+00:00,0.092720
2026-03-25T16:30:00+00:00,0.108520
2026-03-25T16:45:00+00:00,0.122900
2026-03-25T17:00:00+00:00,0.110820
2026-03-25T17:15:00+00:00,0.115810
2026-03-25T17:30:00+00:00,0.132820
2026-03-25T17:45:00+00:00,0.163500
2026-03-25T18:00:00+00:00,0.160070
2026-03-25T18:15:00+00:00,0.155660
2026-03-25T18:30:00+00:00,0.144300
2026-03-25T18:45:00+00:00,0.143270
2026-03-25T19:00:00+00:00,0.172820
2026-03-25T19:15:00+00:00,0.149030
2026-03-25T19:30:00+00:00,0.140100
2026-03-25T19:45:00+00:00,0.120880
2026-03-25T20:00:00+00:00,0.140000
2026-03-25T20:15:00+00:00,0.125490
2026-03-25T20:30:00+00:00,0.117470
2026-03-25T20:45:00+00:00,0.109130
2026-03-25T21:00:00+00:00,0.120100
2026-03-25T21:15:00+00:00,0.115100
2026-03-25T21:30:00+00:00,0.113410
2026-03-25T21:45:00+00:00,0.102140
2026-03-25T22:00:00+00:00,0.106950
2026-03-25T22:15:00+00:00,0.092000
2026-03-25T22:30:00+00:00,0.090430
2026-03-25T22:45:00+00:00,0.075160
2026-03-25T23:00:00+00:00,0.106800
2026-03-25T23:15:00+00:00,0.099630
2026-03-25T23:30:00+00:00,0.090640
2026-03-25T23:45:00+00:00,0.085020
2026-03-26T00:00:00+00:00,0.095980
2026-03-26T00:15:00+00:00,0.091770
2026-03-26T00:30:00+00:00,0.089550
2026-03-26T00:45:00+00:00,0.086450
2026-03-26T01:00:00+00:00,0.091210
2026-03-26T01:15:00+00:00,0.087010
2026-03-26T01:30:00+00:00,0.085990
2026-03-26T01:45:00+00:00,0.085390
2026-03-26T02:00:00+00:00,0.088920
2026-03-26T02:15:00+00:00,0.085920
2026-03-26T02:30:00+00:00,0.091140
2026-03-26T02:45:00+00:00,0.089330
2026-03-26T03:00:00+00:00,0.089110
2026-03-26T03:15:00+00:00,0.091140
2026-03-26T03:30:00+00:00,0.093910
2026-03-26T03:45:00+00:00,0.093440
2026-03-26T04:00:00+00:00,0.097350
2026-03-26T04:15:00+00:00,0.092030
2026-03-26T04:30:00+00:00,0.105170
2026-03-26T04:45:00+00:00,0.112250
2026-03-26T05:00:00+00:00,0.097850
2026-03-26T05:15:00+00:00,0.122130
2026-03-26T05:30:00+00:00,0.127620
2026-03-26T05:45:00+00:00,0.127080
2026-03-26T06:00:00+00:00,0.145760
2026-03-26T06:15:00+00:00,0.148440
2026-03-26T06:30:00+00:00,0.134230
2026-03-26T06:45:00+00:00,0.122370
2026-03-26T07:00:00+00:00,0.151650
2026-03-26T07:15:00+00:00,0.139760
2026-03-26T07:30:00+00:00,0.116510
2026-03-26T07:45:00+00:00,0.095690
2026-03-26T08:00:00+00:00,0.113010
2026-03-26T08:15:00+00:00,0.089800
2026-03-26T08:30:00+00:00,0.077060
2026-03-26T08:45:00+00:00,0.065620
2026-03-26T09:00:00+00:00,0.075690
2026-03-26T09:15:00+00:00,0.047550
2026-03-26T09:30:00+00:00,0.023780
2026-03-26T09:45:00+00:00,0.015860
2026-03-26T10:00:00+00:00,0.020070
2026-03-26T10:15:00+00:00,0.015850
2026-03-26T10:30:00+00:00,0.012820
2026-03-26T10:45:00+00:00,0.013640
2026-03-26T11:00:00+00:00,0.009700
2026-03-26T11:15:00+00:00,0.007880
2026-03-26T11:30:00+00:00,0.004540
2026-03-26T11:45:00+00:00,0.003930
2026-03-26T12:00:00+00:00,0.004550
2026-03-26T12:15:00+00:00,0.003210
2026-03-26T12:30:00+00:00,0.003010
2026-03-26T12:45:00+00:00,0.002910
2026-03-26T13:00:00+00:00,0.004040
2026-03-26T13:15:00+00:00,0.006690
2026-03-26T13:30:00+00:00,0.012450
2026-03-26T13:45:00+00:00,0.014780
2026-03-26T14:00:00+00:00,0.011900
2026-03-26T14:15:00+00:00,0.020620
2026-03-26T14:30:00+00:00,0.037210
2026-03-26T14:45:00+00:00,0.071390
2026-03-26T15:00:00+00:00,0.036980
2026-03-26T15:15:00+00:00,0.072270
2026-03-26T15:30:00+00:00,0.079980
2026-03-26T15:45:00+00:00,0.110770
2026-03-26T16:00:00+00:00,0.076860
2026-03-26T16:15:00+00:00,0.109090
2026-03-26T16:30:00+00:00,0.128170
2026-03-26T16:45:00+00:00,0.149560
2026-03-26T17:00:00+00:00,0.123130
2026-03-26T17:15:00+00:00,0.143760
2026-03-26T17:30:00+00:00,0.160320
2026-03-26T17:45:00+00:00,0.181190
2026-03-26T18:00:00+00:00,0.163920
2026-03-26T18:15:00+00:00,0.167460
2026-03-26T18:30:00+00:00,0.169000
2026-03-26T18:45:00+00:00,0.165820
2026-03-26T19:00:00+00:00,0.170440
2026-03-26T19:15:00+00:00,0.155280
2026-03-26T19:30:00+00:00,0.147350
2026-03-26T19:45:00+00:00,0.140360
2026-03-26T20:00:00+00:00,0.146710
2026-03-26T20:15:00+00:00,0.132720
2026-03-26T20:30:00+00:00,0.123790
2026-03-26T20:45:00+00:00,0.118380
2026-03-26T21:00:00+00:00,0.131080
2026-03-26T21:15:00+00:00,0.121790
2026-03-26T21:30:00+00:00,0.124140
2026-03-26T21:45:00+00:00,0.121230
2026-03-26T22:00:00+00:00,0.123950
2026-03-26T22:15:00+00:00,0.121100
2026-03-26T22:30:00+00:00,0.139080
2026-03-26T22:45:00+00:00,0.120960
2026-03-26T23:00:00+00:00,0.124510
2026-03-26T23:15:00+00:00,0.120500
2026-03-26T23:30:00+00:00,0.117330
2026-03-26T23:45:00+00:00,0.115820
2026-03-27T00:00:00+00:00,0.122340
2026-03-27T00:15:00+00:00,0.119580
2026-03-27T00:30:00+00:00,0.119390
2026-03-27T00:45:00+00:00,0.117340
2026-03-27T01:00:00+00:00,0.120920
2026-03-27T01:15:00+00:00,0.118140
2026-03-27T01:30:00+00:00,0.115300
2026-03-27T01:45:00+00:00,0.115010
2026-03-27T02:00:00+00:00,0.116500
2026-03-27T02:15:00+00:00,0.119490
2026-03-27T02:30:00+00:00,0.117000
2026-03-27T02:45:00+00:00,0.118340
2026-03-27T03:00:00+00:00,0.117670
2026-03-27T03:15:00+00:00,0.118730
2026-03-27T03:30:00+00:00,0.120930
2026-03-27T03:45:00+00:00,0.123660
2026-03-27T04:00:00+00:00,0.119850
2026-03-27T04:15:00+00:00,0.129040
2026-03-27T04:30:00+00:00,0.144010
2026-03-27T04:45:00+00:00,0.153060
2026-03-27T05:00:00+00:00,0.152200
2026-03-27T05:15:00+00:00,0.168890
2026-03-27T05:30:00+00:00,0.178980
2026-03-27T05:45:00+00:00,0.190060
2026-03-27T06:00:00+00:00,0.203620
2026-03-27T06:15:00+00:00,0.191250
2026-03-27T06:30:00+00:00,0.170830
2026-03-27T06:45:00+00:00,0.139510
2026-03-27T07:00:00+00:00,0.194110
2026-03-27T07:15:00+00:00,0.151770
2026-03-27T07:30:00+00:00,0.137160
2026-03-27T07:45:00+00:00,0.108090
2026-03-27T08:00:00+00:00,0.137010
2026-03-27T08:15:00+00:00,0.122720
2026-03-27T08:30:00+00:00,0.110100
2026-03-27T08:45:00+00:00,0.088450
2026-03-27T09:00:00+00:00,0.103050
2026-03-27T09:15:00+00:00,0.090860
2026-03-27T09:30:00+00:00,0.087880
2026-03-27T09:45:00+00:00,0.071620
2026-03-27T10:00:00+00:00,0.085800
2026-03-27T10:15:00+00:00,0.079440
2026-03-27T10:30:00+00:00,0.070670
2026-03-27T10:45:00+00:00,0.061580
2026-03-27T11:00:00+00:00,0.073060
2026-03-27T11:15:00+00:00,0.066790
2026-03-27T11:30:00+00:00,0.062360
2026-03-27T11:45:00+00:00,0.057070
2026-03-27T12:00:00+00:00,0.061770
2026-03-27T12:15:00+00:00,0.059070
2026-03-27T12:30:00+00:00,0.056970
2026-03-27T12:45:00+00:00,0.059800
2026-03-27T13:00:00+00:00,0.058270
2026-03-27T13:15:00+00:00,0.066700
2026-03-27T13:30:00+00:00,0.078750
2026-03-27T13:45:00+00:00,0.084580
2026-03-27T14:00:00+00:00,0.078810
2026-03-27T14:15:00+00:00,0.092010
2026-03-27T14:30:00+00:00,0.095370
2026-03-27T14:45:00+00:00,0.103470
2026-03-27T15:00:00+00:00,0.090700
2026-03-27T15:15:00+00:00,0.100100
2026-03-27T15:30:00+00:00,0.100730
2026-03-27T15:45:00+00:00,0.120100
2026-03-27T16:00:00+00:00,0.097760
2026-03-27T16:15:00+00:00,0.122130
2026-03-27T16:30:00+00:00,0.138800
2026-03-27T16:45:00+00:00,0.172680
2026-03-27T17:00:00+00:00,0.140410
2026-03-27T17:15:00+00:00,0.152960
2026-03-27T17:30:00+00:00,0.162750
2026-03-27T17:45:00+00:00,0.166780
2026-03-27T18:00:00+00:00,0.192420
2026-03-27T18:15:00+00:00,0.177090
2026-03-27T18:30:00+00:00,0.157810
2026-03-27T18:45:00+00:00,0.143660
2026-03-27T19:00:00+00:00,0.174520
2026-03-27T19:15:00+00:00,0.149820
2026-03-27T19:30:00+00:00,0.126740
2026-03-27T19:45:00+00:00,0.118900
2026-03-27T20:00:00+00:00,0.123500
2026-03-27T20:15:00+00:00,0.122150
2026-03-27T20:30:00+00:00,0.119630
2026-03-27T20:45:00+00:00,0.109550
2026-03-27T21:00:00+00:00,0.123100
2026-03-27T21:15:00+00:00,0.117900
2026-03-27T21:30:00+00:00,0.117590
2026-03-27T21:45:00+00:00,0.108050
2026-03-27T22:00:00+00:00,0.113650
2026-03-27T22:15:00+00:00,0.106890
2026-03-27T22:30:00+00:00,0.105250
2026-03-27T22:45:00+00:00,0.098260
2026-03-27T23:00:00+00:00,0.097610
2026-03-27T23:15:00+00:00,0.099040
2026-03-27T23:30:00+00:00,0.094250
2026-03-27T23:45:00+00:00,0.089640
2026-03-28T00:00:00+00:00,0.096000
2026-03-28T00:15:00+00:00,0.093300
2026-03-28T00:30:00+00:00,0.091640
2026-03-28T00:45:00+00:00,0.089720
2026-03-28T01:00:00+00:00,0.092090
2026-03-28T01:15:00+00:00,0.089740
2026-03-28T01:30:00+00:00,0.088600
2026-03-28T01:45:00+00:00,0.087760
2026-03-28T02:00:00+00:00,0.087560
2026-03-28T02:15:00+00:00,0.087430
2026-03-28T02:30:00+00:00,0.087110
2026-03-28T02:45:00+00:00,0.086950
2026-03-28T03:00:00+00:00,0.087530
2026-03-28T03:15:00+00:00,0.087940
2026-03-28T03:30:00+00:00,0.088180
2026-03-28T03:45:00+00:00,0.088820
2026-03-28T04:00:00+00:00,0.087680
2026-03-28T04:15:00+00:00,0.087590
2026-03-28T04:30:00+00:00,0.088280
2026-03-28T04:45:00+00:00,0.088930
2026-03-28T05:00:00+00:00,0.090750
2026-03-28T05:15:00+00:00,0.087580
2026-03-28T05:30:00+00:00,0.083740
2026-03-28T05:45:00+00:00,0.076460
2026-03-28T06:00:00+00:00,0.088810
2026-03-28T06:15:00+00:00,0.078100
2026-03-28T06:30:00+00:00,0.078490
2026-03-28T06:45:00+00:00,0.066610
2026-03-28T07:00:00+00:00,0.080690
2026-03-28T07:15:00+00:00,0.075520
2026-03-28T07:30:00+00:00,0.067460
2026-03-28T07:45:00+00:00,0.049530
2026-03-28T08:00:00+00:00,0.076160
2026-03-28T08:15:00+00:00,0.049190
2026-03-28T08:30:00+00:00,0.040890
2026-03-28T08:45:00+00:00,0.012700
2026-03-28T09:00:00+00:00,0.036940
2026-03-28T09:15:00+00:00,0.016790
2026-03-28T09:30:00+00:00,0.009900
2026-03-28T09:45:00+00:00,0.006700
2026-03-28T10:00:00+00:00,0.009050
2026-03-28T10:15:00+00:00,0.007450
2026-03-28T10:30:00+00:00,0.006580
2026-03-28T10:45:00+00:00,0.005430
2026-03-28T11:00:00+00:00,0.007000
2026-03-28T11:15:00+00:00,0.004770
2026-03-28T11:30:00+00:00,0.006430
2026-03-28T11:45:00+00:00,0.008430
2026-03-28T12:00:00+00:00,0.006400
2026-03-28T12:15:00+00:00,0.006700
2026-03-28T12:30:00+00:00,0.003040
2026-03-28T12:45:00+00:00,0.003860
2026-03-28T13:00:00+00:00,0.000000
2026-03-28T13:15:00+00:00,0.002500
2026-03-28T13:30:00+00:00,0.008200
2026-03-28T13:45:00+00:00,0.030180
2026-03-28T14:00:00+00:00,-0.002010
2026-03-28T14:15:00+00:00,0.009990
2026-03-28T14:30:00+00:00,0.055020
2026-03-28T14:45:00+00:00,0.072990
2026-03-28T15:00:00+00:00,0.053810
2026-03-28T15:15:00+00:00,0.064520
2026-03-28T15:30:00+00:00,0.076440
2026-03-28T15:45:00+00:00,0.089800
2026-03-28T16:00:00+00:00,0.076640
2026-03-28T16:15:00+00:00,0.089020
2026-03-28T16:30:00+00:00,0.109630
2026-03-28T16:45:00+00:00,0.122890
2026-03-28T17:00:00+00:00,0.116840
2026-03-28T17:15:00+00:00,0.133930
2026-03-28T17:30:00+00:00,0.136870
2026-03-28T17:45:00+00:00,0.155150
2026-03-28T18:00:00+00:00,0.158000
2026-03-28T18:15:00+00:00,0.156340
2026-03-28T18:30:00+00:00,0.154960
2026-03-28T18:45:00+00:00,0.146980
2026-03-28T19:00:00+00:00,0.161790
2026-03-28T19:15:00+00:00,0.148900
2026-03-28T19:30:00+00:00,0.137340
2026-03-28T19:45:00+00:00,0.127770
2026-03-28T20:00:00+00:00,0.141120
2026-03-28T20:15:00+00:00,0.132190
2026-03-28T20:30:00+00:00,0.128260
2026-03-28T20:45:00+00:00,0.124790
2026-03-28T21:00:00+00:00,0.127510
2026-03-28T21:15:00+00:00,0.126870
2026-03-28T21:30:00+00:00,0.126010
2026-03-28T21:45:00+00:00,0.120930
2026-03-28T22:00:00+00:00,0.130000
2026-03-28T22:15:00+00:00,0.118050
2026-03-28T22:30:00+00:00,0.120920
2026-03-28T22:45:00+00:00,0.109350
2026-03-28T23:00:00+00:00,0.125880
2026-03-28T23:15:00+00:00,0.120230
2026-03-28T23:30:00+00:00,0.106110
2026-03-28T23:45:00+00:00,0.103770
2026-03-29T00:00:00+00:00,0.112000
2026-03-29T00:15:00+00:00,0.107450
2026-03-29T00:30:00+00:00,0.106950
2026-03-29T00:45:00+00:00,0.104220
2026-03-29T01:00:00+00:00,0.102110
2026-03-29T01:15:00+00:00,0.100260
2026-03-29T01:30:00+00:00,0.101180
2026-03-29T01:45:00+00:00,0.101110
2026-03-29T02:00:00+00:00,0.109410
2026-03-29T02:15:00+00:00,0.103350
2026-03-29T02:30:00+00:00,0.104320
2026-03-29T02:45:00+00:00,0.103820
2026-03-29T03:00:00+00:00,0.103570
2026-03-29T03:15:00+00:00,0.103680
2026-03-29T03:30:00+00:00,0.105240
2026-03-29T03:45:00+00:00,0.105930
2026-03-29T04:00:00+00:00,0.102330
2026-03-29T04:15:00+00:00,0.105300
2026-03-29T04:30:00+00:00,0.113590
2026-03-29T04:45:00+00:00,0.117800
2026-03-29T05:00:00+00:00,0.119670
2026-03-29T05:15:00+00:00,0.115240
2026-03-29T05:30:00+00:00,0.113000
2026-03-29T05:45:00+00:00,0.112260
2026-03-29T06:00:00+00:00,0.122470
2026-03-29T06:15:00+00:00,0.125000
2026-03-29T06:30:00+00:00,0.108990
2026-03-29T06:45:00+00:00,0.102890
2026-03-29T07:00:00+00:00,0.112140
2026-03-29T07:15:00+00:00,0.094760
2026-03-29T07:30:00+00:00,0.085620
2026-03-29T07:45:00+00:00,0.072340
2026-03-29T08:00:00+00:00,0.092210
2026-03-29T08:15:00+00:00,0.076150
2026-03-29T08:30:00+00:00,0.063330
2026-03-29T08:45:00+00:00,0.040230
2026-03-29T09:00:00+00:00,0.064700
2026-03-29T09:15:00+00:00,0.049440
2026-03-29T09:30:00+00:00,0.037570
2026-03-29T09:45:00+00:00,0.010900
2026-03-29T10:00:00+00:00,0.027550
2026-03-29T10:15:00+00:00,0.009880
2026-03-29T10:30:00+00:00,0.005870
2026-03-29T10:45:00+00:00,0.001340
2026-03-29T11:00:00+00:00,0.003570
2026-03-29T11:15:00+00:00,0.001570
2026-03-29T11:30:00+00:00,0.000660
2026-03-29T11:45:00+00:00,-0.000420
2026-03-29T12:00:00+00:00,-0.000490
2026-03-29T12:15:00+00:00,-0.000680
2026-03-29T12:30:00+00:00,-0.001520
2026-03-29T12:45:00+00:00,-0.002060
2026-03-29T13:00:00+00:00,-0.002060
2026-03-29T13:15:00+00:00,-0.002050
2026-03-29T13:30:00+00:00,-0.002040
2026-03-29T13:45:00+00:00,-0.002000
2026-03-29T14:00:00+00:00,-0.002040
2026-03-29T14:15:00+00:00,-0.002030
2026-03-29T14:30:00+00:00,0.000000
2026-03-29T14:45:00+00:00,0.003570
2026-03-29T15:00:00+00:00,0.002500
2026-03-29T15:15:00+00:00,0.013340
2026-03-29T15:30:00+00:00,0.031040
2026-03-29T15:45:00+00:00,0.074980
2026-03-29T16:00:00+00:00,0.050110
2026-03-29T16:15:00+00:00,0.071250
2026-03-29T16:30:00+00:00,0.093050
2026-03-29T16:45:00+00:00,0.120000
2026-03-29T17:00:00+00:00,0.099450
2026-03-29T17:15:00+00:00,0.109440
2026-03-29T17:30:00+00:00,0.109210
2026-03-29T17:45:00+00:00,0.106690
2026-03-29T18:00:00+00:00,0.120180
2026-03-29T18:15:00+00:00,0.108740
2026-03-29T18:30:00+00:00,0.080000
2026-03-29T18:45:00+00:00,0.071280
2026-03-29T19:00:00+00:00,0.095660
2026-03-29T19:15:00+00:00,0.080310
2026-03-29T19:30:00+00:00,0.060100
2026-03-29T19:45:00+00:00,0.048570
2026-03-29T20:00:00+00:00,0.089670
2026-03-29T20:15:00+00:00,0.069960
2026-03-29T20:30:00+00:00,0.063300
2026-03-29T20:45:00+00:00,0.030870
2026-03-29T21:00:00+00:00,0.056210
2026-03-29T21:15:00+00:00,0.026950
2026-03-29T21:30:00+00:00,0.020470
2026-03-29T21:45:00+00:00,0.007690
2026-03-29T22:00:00+00:00,0.017800
2026-03-29T22:15:00+00:00,0.009960
2026-03-29T22:30:00+00:00,0.005170
2026-03-29T22:45:00+00:00,0.005490
2026-03-29T23:00:00+00:00,0.005830
2026-03-29T23:15:00+00:00,0.003950
2026-03-29T23:30:00+00:00,0.003500
2026-03-29T23:45:00+00:00,0.002480
2026-03-30T00:00:00+00:00,0.005090
2026-03-30T00:15:00+00:00,0.004260
2026-03-30T00:30:00+00:00,0.004480
2026-03-30T00:45:00+00:00,0.004350
2026-03-30T01:00:00+00:00,0.002580
2026-03-30T01:15:00+00:00,0.003100
2026-03-30T01:30:00+00:00,0.003380
2026-03-30T01:45:00+00:00,0.003510
2026-03-30T02:00:00+00:00,0.001990
2026-03-30T02:15:00+00:00,0.002970
2026-03-30T02:30:00+00:00,0.003440
2026-03-30T02:45:00+00:00,0.005960
2026-03-30T03:00:00+00:00,0.005170
2026-03-30T03:15:00+00:00,0.007000
2026-03-30T03:30:00+00:00,0.014110
2026-03-30T03:45:00+00:00,0.041480
2026-03-30T04:00:00+00:00,0.026150
2026-03-30T04:15:00+00:00,0.060700
2026-03-30T04:30:00+00:00,0.079780
2026-03-30T04:45:00+00:00,0.087460
2026-03-30T05:00:00+00:00,0.075630
2026-03-30T05:15:00+00:00,0.092360
2026-03-30T05:30:00+00:00,0.103820
2026-03-30T05:45:00+00:00,0.100160
2026-03-30T06:00:00+00:00,0.120090
2026-03-30T06:15:00+00:00,0.111940
2026-03-30T06:30:00+00:00,0.111040
2026-03-30T06:45:00+00:00,0.104930
2026-03-30T07:00:00+00:00,0.115690
2026-03-30T07:15:00+00:00,0.103700
2026-03-30T07:30:00+00:00,0.097780
2026-03-30T07:45:00+00:00,0.078230
2026-03-30T08:00:00+00:00,0.087570
2026-03-30T08:15:00+00:00,0.073270
2026-03-30T08:30:00+00:00,0.083870
2026-03-30T08:45:00+00:00,0.055620
2026-03-30T09:00:00+00:00,0.071280
2026-03-30T09:15:00+00:00,0.050300
2026-03-30T09:30:00+00:00,0.039170
2026-03-30T09:45:00+00:00,0.023240
2026-03-30T10:00:00+00:00,0.040100
2026-03-30T10:15:00+00:00,0.026110
2026-03-30T10:30:00+00:00,0.020000
2026-03-30T10:45:00+00:00,0.011310
2026-03-30T11:00:00+00:00,0.016240
2026-03-30T11:15:00+00:00,0.015550
2026-03-30T11:30:00+00:00,0.009910
2026-03-30T11:45:00+00:00,0.000850
2026-03-30T12:00:00+00:00,0.009400
2026-03-30T12:15:00+00:00,0.008670
2026-03-30T12:30:00+00:00,0.007600
2026-03-30T12:45:00+00:00,0.004540
2026-03-30T13:00:00+00:00,0.009380
2026-03-30T13:15:00+00:00,0.010730
2026-03-30T13:30:00+00:00,0.011660
2026-03-30T13:45:00+00:00,0.019980
2026-03-30T14:00:00+00:00,0.009980
2026-03-30T14:15:00+00:00,0.023340
2026-03-30T14:30:00+00:00,0.042820
2026-03-30T14:45:00+00:00,0.058610
2026-03-30T15:00:00+00:00,0.041710
2026-03-30T15:15:00+00:00,0.058980
2026-03-30T15:30:00+00:00,0.077800
2026-03-30T15:45:00+00:00,0.100950
2026-03-30T16:00:00+00:00,0.076120
2026-03-30T16:15:00+00:00,0.098790
2026-03-30T16:30:00+00:00,0.103810
2026-03-30T16:45:00+00:00,0.121280
2026-03-30T17:00:00+00:00,0.115300
2026-03-30T17:15:00+00:00,0.121230
2026-03-30T17:30:00+00:00,0.127030
2026-03-30T17:45:00+00:00,0.136720
2026-03-30T18:00:00+00:00,0.130280
2026-03-30T18:15:00+00:00,0.129270
2026-03-30T18:30:00+00:00,0.130720
2026-03-30T18:45:00+00:00,0.127800
2026-03-30T19:00:00+00:00,0.141860
2026-03-30T19:15:00+00:00,0.131060
2026-03-30T19:30:00+00:00,0.129630
2026-03-30T19:45:00+00:00,0.117050
2026-03-30T20:00:00+00:00,0.149810
2026-03-30T20:15:00+00:00,0.142630
2026-03-30T20:30:00+00:00,0.130020
2026-03-30T20:45:00+00:00,0.120640
2026-03-30T21:00:00+00:00,0.121470
2026-03-30T21:15:00+00:00,0.117500
2026-03-30T21:30:00+00:00,0.114730
2026-03-30T21:45:00+00:00,0.109310
2026-03-30T22:00:00+00:00,0.137440
2026-03-30T22:15:00+00:00,0.121630
2026-03-30T22:30:00+00:00,0.114220
2026-03-30T22:45:00+00:00,0.117380
2026-03-30T23:00:00+00:00,0.110300
2026-03-30T23:15:00+00:00,0.112620
2026-03-30T23:30:00+00:00,0.109910
2026-03-30T23:45:00+00:00,0.109900
2026-03-31T00:00:00+00:00,0.108340
2026-03-31T00:15:00+00:00,0.107870
2026-03-31T00:30:00+00:00,0.107860
2026-03-31T00:45:00+00:00,0.107940
2026-03-31T01:00:00+00:00,0.107320
2026-03-31T01:15:00+00:00,0.107870
2026-03-31T01:30:00+00:00,0.110210
2026-03-31T01:45:00+00:00,0.111990
2026-03-31T02:00:00+00:00,0.107060
2026-03-31T02:15:00+00:00,0.112230
2026-03-31T02:30:00+00:00,0.108350
2026-03-31T02:45:00+00:00,0.112370
2026-03-31T03:00:00+00:00,0.098540
2026-03-31T03:15:00+00:00,0.104640
2026-03-31T03:30:00+00:00,0.113080
2026-03-31T03:45:00+00:00,0.125070
2026-03-31T04:00:00+00:00,0.113880
2026-03-31T04:15:00+00:00,0.129090
2026-03-31T04:30:00+00:00,0.152440
2026-03-31T04:45:00+00:00,0.158260
2026-03-31T05:00:00+00:00,0.153490
2026-03-31T05:15:00+00:00,0.153730
2026-03-31T05:30:00+00:00,0.155190
2026-03-31T05:45:00+00:00,0.149190
2026-03-31T06:00:00+00:00,0.203230
2026-03-31T06:15:00+00:00,0.180930
2026-03-31T06:30:00+00:00,0.146650
2026-03-31T06:45:00+00:00,0.126820
2026-03-31T07:00:00+00:00,0.165710
2026-03-31T07:15:00+00:00,0.136580
2026-03-31T07:30:00+00:00,0.126500
2026-03-31T07:45:00+00:00,0.119000
2026-03-31T08:00:00+00:00,0.119880
2026-03-31T08:15:00+00:00,0.110390
2026-03-31T08:30:00+00:00,0.100000
2026-03-31T08:45:00+00:00,0.093730
2026-03-31T09:00:00+00:00,0.099960
2026-03-31T09:15:00+00:00,0.093240
2026-03-31T09:30:00+00:00,0.086000
2026-03-31T09:45:00+00:00,0.075330
2026-03-31T10:00:00+00:00,0.090000
2026-03-31T10:15:00+00:00,0.083850
2026-03-31T10:30:00+00:00,0.080320
2026-03-31T10:45:00+00:00,0.067530
2026-03-31T11:00:00+00:00,0.076760
2026-03-31T11:15:00+00:00,0.064170
2026-03-31T11:30:00+00:00,0.048200
2026-03-31T11:45:00+00:00,0.041340
2026-03-31T12:00:00+00:00,0.053230
2026-03-31T12:15:00+00:00,0.055000
2026-03-31T12:30:00+00:00,0.058580
2026-03-31T12:45:00+00:00,0.061820
2026-03-31T13:00:00+00:00,0.056650
2026-03-31T13:15:00+00:00,0.065240
2026-03-31T13:30:00+00:00,0.079910
2026-03-31T13:45:00+00:00,0.091540
2026-03-31T14:00:00+00:00,0.066500
2026-03-31T14:15:00+00:00,0.086970
2026-03-31T14:30:00+00:00,0.096640
2026-03-31T14:45:00+00:00,0.113840
2026-03-31T15:00:00+00:00,0.100960
2026-03-31T15:15:00+00:00,0.108080
2026-03-31T15:30:00+00:00,0.121040
2026-03-31T15:45:00+00:00,0.160000
2026-03-31T16:00:00+00:00,0.108170
2026-03-31T16:15:00+00:00,0.141830
2026-03-31T16:30:00+00:00,0.158300
2026-03-31T16:45:00+00:00,0.192740
2026-03-31T17:00:00+00:00,0.153480
2026-03-31T17:15:00+00:00,0.176290
2026-03-31T17:30:00+00:00,0.180550
2026-03-31T17:45:00+00:00,0.186730
2026-03-31T18:00:00+00:00,0.188140
2026-03-31T18:15:00+00:00,0.179340
2026-03-31T18:30:00+00:00,0.172620
2026-03-31T18:45:00+00:00,0.159990
2026-03-31T19:00:00+00:00,0.193810
2026-03-31T19:15:00+00:00,0.167670
2026-03-31T19:30:00+00:00,0.157960
2026-03-31T19:45:00+00:00,0.141810
2026-03-31T20:00:00+00:00,0.166170
2026-03-31T20:15:00+00:00,0.161300
2026-03-31T20:30:00+00:00,0.152950
2026-03-31T20:45:00+00:00,0.149930
2026-03-31T21:00:00+00:00,0.150840
2026-03-31T21:15:00+00:00,0.146000
2026-03-31T21:30:00+00:00,0.149960
2026-03-31T21:45:00+00:00,0.140460
2026-03-31T22:00:00+00:00,0.155630
2026-03-31T22:15:00+00:00,0.144270
2026-03-31T22:30:00+00:00,0.142270
2026-03-31T22:45:00+00:00,0.133380
2026-03-31T23:00:00+00:00,0.137410
2026-03-31T23:15:00+00:00,0.129200
2026-03-31T23:30:00+00:00,0.129210
2026-03-31T23:45:00+00:00,0.121220
2026-04-01T00:00:00+00:00,0.125680
2026-04-01T00:15:00+00:00,0.121610
2026-04-01T00:30:00+00:00,0.122900
2026-04-01T00:45:00+00:00,0.125100
2026-04-01T01:00:00+00:00,0.123680
2026-04-01T01:15:00+00:00,0.128000
2026-04-01T01:30:00+00:00,0.132120
2026-04-01T01:45:00+00:00,0.133910
2026-04-01T02:00:00+00:00,0.128280
2026-04-01T02:15:00+00:00,0.130760
2026-04-01T02:30:00+00:00,0.136620
2026-04-01T02:45:00+00:00,0.142480
2026-04-01T03:00:00+00:00,0.130970
2026-04-01T03:15:00+00:00,0.141750
2026-04-01T03:30:00+00:00,0.141980
2026-04-01T03:45:00+00:00,0.159640
2026-04-01T04:00:00+00:00,0.149080
2026-04-01T04:15:00+00:00,0.170170
2026-04-01T04:30:00+00:00,0.184950
2026-04-01T04:45:00+00:00,0.187730
2026-04-01T05:00:00+00:00,0.225000
2026-04-01T05:15:00+00:00,0.228010
2026-04-01T05:30:00+00:00,0.212100
2026-04-01T05:45:00+00:00,0.208000
2026-04-01T06:00:00+00:00,0.239120
2026-04-01T06:15:00+00:00,0.214590
2026-04-01T06:30:00+00:00,0.184150
2026-04-01T06:45:00+00:00,0.162050
2026-04-01T07:00:00+00:00,0.209000
2026-04-01T07:15:00+00:00,0.185810
2026-04-01T07:30:00+00:00,0.161380
2026-04-01T07:45:00+00:00,0.129870
2026-04-01T08:00:00+00:00,0.163800
2026-04-01T08:15:00+00:00,0.143570
2026-04-01T08:30:00+00:00,0.131130
2026-04-01T08:45:00+00:00,0.124120
2026-04-01T09:00:00+00:00,0.139980
2026-04-01T09:15:00+00:00,0.131640
2026-04-01T09:30:00+00:00,0.122930
2026-04-01T09:45:00+00:00,0.121690
2026-04-01T10:00:00+00:00,0.131480
2026-04-01T10:15:00+00:00,0.114520
2026-04-01T10:30:00+00:00,0.112440
2026-04-01T10:45:00+00:00,0.105620
2026-04-01T11:00:00+00:00,0.109220
2026-04-01T11:15:00+00:00,0.101730
2026-04-01T11:30:00+00:00,0.093170
2026-04-01T11:45:00+00:00,0.084170
2026-04-01T12:00:00+00:00,0.092240
2026-04-01T12:15:00+00:00,0.088830
2026-04-01T12:30:00+00:00,0.088510
2026-04-01T12:45:00+00:00,0.088740
2026-04-01T13:00:00+00:00,0.086260
2026-04-01T13:15:00+00:00,0.090500
2026-04-01T13:30:00+00:00,0.099110
2026-04-01T13:45:00+00:00,0.107660
2026-04-01T14:00:00+00:00,0.085040
2026-04-01T14:15:00+00:00,0.098300
2026-04-01T14:30:00+00:00,0.110060
2026-04-01T14:45:00+00:00,0.131630
2026-04-01T15:00:00+00:00,0.119970
2026-04-01T15:15:00+00:00,0.120030
2026-04-01T15:30:00+00:00,0.128730
2026-04-01T15:45:00+00:00,0.152270
2026-04-01T16:00:00+00:00,0.111250
2026-04-01T16:15:00+00:00,0.142020
2026-04-01T16:30:00+00:00,0.153840
2026-04-01T16:45:00+00:00,0.197480
2026-04-01T17:00:00+00:00,0.158880
2026-04-01T17:15:00+00:00,0.185390
2026-04-01T17:30:00+00:00,0.198560
2026-04-01T17:45:00+00:00,0.203820
2026-04-01T18:00:00+00:00,0.194550
2026-04-01T18:15:00+00:00,0.186910
2026-04-01T18:30:00+00:00,0.180000
2026-04-01T18:45:00+00:00,0.156440
2026-04-01T19:00:00+00:00,0.178680
2026-04-01T19:15:00+00:00,0.168210
2026-04-01T19:30:00+00:00,0.163930
2026-04-01T19:45:00+00:00,0.152100
2026-04-01T20:00:00+00:00,0.167640
2026-04-01T20:15:00+00:00,0.150790
2026-04-01T20:30:00+00:00,0.150890
2026-04-01T20:45:00+00:00,0.138430
2026-04-01T21:00:00+00:00,0.146660
2026-04-01T21:15:00+00:00,0.135130
2026-04-01T21:30:00+00:00,0.130580
2026-04-01T21:45:00+00:00,0.119180
2026-04-01T22:00:00+00:00,0.136660
2026-04-01T22:15:00+00:00,0.127800
2026-04-01T22:30:00+00:00,0.121550
2026-04-01T22:45:00+00:00,0.119300
2026-04-01T23:00:00+00:00,0.125430
2026-04-01T23:15:00+00:00,0.119360
2026-04-01T23:30:00+00:00,0.116610
2026-04-01T23:45:00+00:00,0.114580
2026-04-02T00:00:00+00:00,0.116900
2026-04-02T00:15:00+00:00,0.114440
2026-04-02T00:30:00+00:00,0.113750
2026-04-02T00:45:00+00:00,0.111430
2026-04-02T01:00:00+00:00,0.110220
2026-04-02T01:15:00+00:00,0.106760
2026-04-02T01:30:00+00:00,0.107320
2026-04-02T01:45:00+00:00,0.106970
2026-04-02T02:00:00+00:00,0.105170
2026-04-02T02:15:00+00:00,0.104380
2026-04-02T02:30:00+00:00,0.107980
2026-04-02T02:45:00+00:00,0.108840
2026-04-02T03:00:00+00:00,0.108290
2026-04-02T03:15:00+00:00,0.113170
2026-04-02T03:30:00+00:00,0.119300
2026-04-02T03:45:00+00:00,0.135370
2026-04-02T04:00:00+00:00,0.130620
2026-04-02T04:15:00+00:00,0.147430
2026-04-02T04:30:00+00:00,0.157760
2026-04-02T04:45:00+00:00,0.162150
2026-04-02T05:00:00+00:00,0.163620
2026-04-02T05:15:00+00:00,0.166680
2026-04-02T05:30:00+00:00,0.161520
2026-04-02T05:45:00+00:00,0.148210
2026-04-02T06:00:00+00:00,0.196930
2026-04-02T06:15:00+00:00,0.173460
2026-04-02T06:30:00+00:00,0.154050
2026-04-02T06:45:00+00:00,0.106160
2026-04-02T07:00:00+00:00,0.129740
2026-04-02T07:15:00+00:00,0.120840
2026-04-02T07:30:00+00:00,0.122110
2026-04-02T07:45:00+00:00,0.113250
2026-04-02T08:00:00+00:00,0.116540
2026-04-02T08:15:00+00:00,0.117040
2026-04-02T08:30:00+00:00,0.106390
2026-04-02T08:45:00+00:00,0.125130
2026-04-02T09:00:00+00:00,0.130000
2026-04-02T09:15:00+00:00,0.133450
2026-04-02T09:30:00+00:00,0.116270
2026-04-02T09:45:00+00:00,0.096290
2026-04-02T10:00:00+00:00,0.146690
2026-04-02T10:15:00+00:00,0.109740
2026-04-02T10:30:00+00:00,0.094260
2026-04-02T10:45:00+00:00,0.090520
2026-04-02T11:00:00+00:00,0.098500
2026-04-02T11:15:00+00:00,0.093760
2026-04-02T11:30:00+00:00,0.093690
2026-04-02T11:45:00+00:00,0.090960
2026-04-02T12:00:00+00:00,0.090080
2026-04-02T12:15:00+00:00,0.083570
2026-04-02T12:30:00+00:00,0.082970
2026-04-02T12:45:00+00:00,0.082970
2026-04-02T13:00:00+00:00,0.088520
2026-04-02T13:15:00+00:00,0.088340
2026-04-02T13:30:00+00:00,0.090100
2026-04-02T13:45:00+00:00,0.096160
2026-04-02T14:00:00+00:00,0.094250
2026-04-02T14:15:00+00:00,0.099340
2026-04-02T14:30:00+00:00,0.105610
2026-04-02T14:45:00+00:00,0.130000
2026-04-02T15:00:00+00:00,0.116790
2026-04-02T15:15:00+00:00,0.109970
2026-04-02T15:30:00+00:00,0.123200
2026-04-02T15:45:00+00:00,0.120900
2026-04-02T16:00:00+00:00,0.111540
2026-04-02T16:15:00+00:00,0.120600
2026-04-02T16:30:00+00:00,0.132050
2026-04-02T16:45:00+00:00,0.151810
2026-04-02T17:00:00+00:00,0.136930
2026-04-02T17:15:00+00:00,0.154450
2026-04-02T17:30:00+00:00,0.165570
2026-04-02T17:45:00+00:00,0.178570
2026-04-02T18:00:00+00:00,0.168090
2026-04-02T18:15:00+00:00,0.157790
2026-04-02T18:30:00+00:00,0.154310
2026-04-02T18:45:00+00:00,0.144790
2026-04-02T19:00:00+00:00,0.160460
2026-04-02T19:15:00+00:00,0.144020
2026-04-02T19:30:00+00:00,0.142620
2026-04-02T19:45:00+00:00,0.130580
2026-04-02T20:00:00+00:00,0.145690
2026-04-02T20:15:00+00:00,0.134590
2026-04-02T20:30:00+00:00,0.130160
2026-04-02T20:45:00+00:00,0.124500
2026-04-02T21:00:00+00:00,0.130100
2026-04-02T21:15:00+00:00,0.121950
2026-04-02T21:30:00+00:00,0.127810
2026-04-02T21:45:00+00:00,0.114510
2026-04-02T22:00:00+00:00,0.141270
2026-04-02T22:15:00+00:00,0.136520
2026-04-02T22:30:00+00:00,0.127910
2026-04-02T22:45:00+00:00,0.123920
2026-04-02T23:00:00+00:00,0.124530
2026-04-02T23:15:00+00:00,0.124100
2026-04-02T23:30:00+00:00,0.124410
2026-04-02T23:45:00+00:00,0.114910
2026-04-03T00:00:00+00:00,0.127530
2026-04-03T00:15:00+00:00,0.120000
2026-04-03T00:30:00+00:00,0.114560
2026-04-03T00:45:00+00:00,0.113960
2026-04-03T01:00:00+00:00,0.119280
2026-04-03T01:15:00+00:00,0.117160
2026-04-03T01:30:00+00:00,0.113480
2026-04-03T01:45:00+00:00,0.115610
2026-04-03T02:00:00+00:00,0.118070
2026-04-03T02:15:00+00:00,0.117950
2026-04-03T02:30:00+00:00,0.118370
2026-04-03T02:45:00+00:00,0.117240
2026-04-03T03:00:00+00:00,0.117270
2026-04-03T03:15:00+00:00,0.118850
2026-04-03T03:30:00+00:00,0.115380
2026-04-03T03:45:00+00:00,0.122490
2026-04-03T04:00:00+00:00,0.116210
2026-04-03T04:15:00+00:00,0.127490
2026-04-03T04:30:00+00:00,0.140020
2026-04-03T04:45:00+00:00,0.138900
2026-04-03T05:00:00+00:00,0.139590
2026-04-03T05:15:00+00:00,0.139130
2026-04-03T05:30:00+00:00,0.135720
2026-04-03T05:45:00+00:00,0.129800
2026-04-03T06:00:00+00:00,0.156580
2026-04-03T06:15:00+00:00,0.135590
2026-04-03T06:30:00+00:00,0.128150
2026-04-03T06:45:00+00:00,0.103880
2026-04-03T07:00:00+00:00,0.143320
2026-04-03T07:15:00+00:00,0.122080
2026-04-03T07:30:00+00:00,0.103710
2026-04-03T07:45:00+00:00,0.084410
2026-04-03T08:00:00+00:00,0.126780
2026-04-03T08:15:00+00:00,0.096550
2026-04-03T08:30:00+00:00,0.064950
2026-04-03T08:45:00+00:00,0.055190
2026-04-03T09:00:00+00:00,0.072150
2026-04-03T09:15:00+00:00,0.060080
2026-04-03T09:30:00+00:00,0.049170
2026-04-03T09:45:00+00:00,0.030830
2026-04-03T10:00:00+00:00,0.048700
2026-04-03T10:15:00+00:00,0.031130
2026-04-03T10:30:00+00:00,0.019960
2026-04-03T10:45:00+00:00,0.008790
2026-04-03T11:00:00+00:00,0.019260
2026-04-03T11:15:00+00:00,0.011830
2026-04-03T11:30:00+00:00,0.007900
2026-04-03T11:45:00+00:00,0.001680
2026-04-03T12:00:00+00:00,0.004640
2026-04-03T12:15:00+00:00,0.002160
2026-04-03T12:30:00+00:00,0.000660
2026-04-03T12:45:00+00:00,0.000920
2026-04-03T13:00:00+00:00,0.000930
2026-04-03T13:15:00+00:00,0.000700
2026-04-03T13:30:00+00:00,0.003660
2026-04-03T13:45:00+00:00,0.009970
2026-04-03T14:00:00+00:00,0.002770
2026-04-03T14:15:00+00:00,0.012340
2026-04-03T14:30:00+00:00,0.032640
2026-04-03T14:45:00+00:00,0.048700
2026-04-03T15:00:00+00:00,0.043690
2026-04-03T15:15:00+00:00,0.062670
2026-04-03T15:30:00+00:00,0.078980
2026-04-03T15:45:00+00:00,0.093100
2026-04-03T16:00:00+00:00,0.082240
2026-04-03T16:15:00+00:00,0.099380
2026-04-03T16:30:00+00:00,0.107730
2026-04-03T16:45:00+00:00,0.110650
2026-04-03T17:00:00+00:00,0.129970
2026-04-03T17:15:00+00:00,0.120100
2026-04-03T17:30:00+00:00,0.124530
2026-04-03T17:45:00+00:00,0.124200
2026-04-03T18:00:00+00:00,0.133840
2026-04-03T18:15:00+00:00,0.122300
2026-04-03T18:30:00+00:00,0.117250
2026-04-03T18:45:00+00:00,0.112860
2026-04-03T19:00:00+00:00,0.119050
2026-04-03T19:15:00+00:00,0.108900
2026-04-03T19:30:00+00:00,0.104720
2026-04-03T19:45:00+00:00,0.104130
2026-04-03T20:00:00+00:00,0.106270
2026-04-03T20:15:00+00:00,0.101520
2026-04-03T20:30:00+00:00,0.100050
2026-04-03T20:45:00+00:00,0.094560
2026-04-03T21:00:00+00:00,0.094700
2026-04-03T21:15:00+00:00,0.088700
2026-04-03T21:30:00+00:00,0.075960
2026-04-03T21:45:00+00:00,0.063840
2026-04-03T22:00:00+00:00,0.027580
2026-04-03T22:15:00+00:00,0.017790
2026-04-03T22:30:00+00:00,0.013510
2026-04-03T22:45:00+00:00,0.009900
2026-04-03T23:00:00+00:00,0.023840
2026-04-03T23:15:00+00:00,0.018080
2026-04-03T23:30:00+00:00,0.016830
2026-04-03T23:45:00+00:00,0.013380
2026-04-04T00:00:00+00:00,0.018010
2026-04-04T00:15:00+00:00,0.020000
2026-04-04T00:30:00+00:00,0.019790
2026-04-04T00:45:00+00:00,0.017420
2026-04-04T01:00:00+00:00,0.027370
2026-04-04T01:15:00+00:00,0.047230
2026-04-04T01:30:00+00:00,0.050100
2026-04-04T01:45:00+00:00,0.052920
2026-04-04T02:00:00+00:00,0.043690
2026-04-04T02:15:00+00:00,0.059910
2026-04-04T02:30:00+00:00,0.061500
2026-04-04T02:45:00+00:00,0.071460
2026-04-04T03:00:00+00:00,0.047360
2026-04-04T03:15:00+00:00,0.066840
2026-04-04T03:30:00+00:00,0.074930
2026-04-04T03:45:00+00:00,0.135100
2026-04-04T04:00:00+00:00,0.065550
2026-04-04T04:15:00+00:00,0.093400
2026-04-04T04:30:00+00:00,0.118360
2026-04-04T04:45:00+00:00,0.230100
2026-04-04T05:00:00+00:00,0.139180
2026-04-04T05:15:00+00:00,0.210430
2026-04-04T05:30:00+00:00,0.250570
2026-04-04T05:45:00+00:00,0.259820
2026-04-04T06:00:00+00:00,0.301180
2026-04-04T06:15:00+00:00,0.157150
2026-04-04T06:30:00+00:00,0.128830
2026-04-04T06:45:00+00:00,0.097230
2026-04-04T07:00:00+00:00,0.262040
2026-04-04T07:15:00+00:00,0.148240
2026-04-04T07:30:00+00:00,0.104670
2026-04-04T07:45:00+00:00,0.069050
2026-04-04T08:00:00+00:00,0.167480
2026-04-04T08:15:00+00:00,0.100000
2026-04-04T08:30:00+00:00,0.080100
2026-04-04T08:45:00+00:00,0.065620
2026-04-04T09:00:00+00:00,0.075100
2026-04-04T09:15:00+00:00,0.063600
2026-04-04T09:30:00+00:00,0.039590
2026-04-04T09:45:00+00:00,0.011350
2026-04-04T10:00:00+00:00,0.034600
2026-04-04T10:15:00+00:00,0.020000
2026-04-04T10:30:00+00:00,0.005610
2026-04-04T10:45:00+00:00,0.000820
2026-04-04T11:00:00+00:00,0.000230
2026-04-04T11:15:00+00:00,0.000150
2026-04-04T11:30:00+00:00,0.000090
2026-04-04T11:45:00+00:00,0.000040
2026-04-04T12:00:00+00:00,0.000110
2026-04-04T12:15:00+00:00,0.000100
2026-04-04T12:30:00+00:00,0.000100
2026-04-04T12:45:00+00:00,0.000100
2026-04-04T13:00:00+00:00,0.000000
2026-04-04T13:15:00+00:00,0.000000
2026-04-04T13:30:00+00:00,0.000000
2026-04-04T13:45:00+00:00,0.000110
2026-04-04T14:00:00+00:00,-0.000440
2026-04-04T14:15:00+00:00,0.002330
2026-04-04T14:30:00+00:00,0.005560
2026-04-04T14:45:00+00:00,0.033390
2026-04-04T15:00:00+00:00,0.011620
2026-04-04T15:15:00+00:00,0.041640
2026-04-04T15:30:00+00:00,0.079160
2026-04-04T15:45:00+00:00,0.085780
2026-04-04T16:00:00+00:00,0.052850
2026-04-04T16:15:00+00:00,0.080100
2026-04-04T16:30:00+00:00,0.103590
2026-04-04T16:45:00+00:00,0.140310
2026-04-04T17:00:00+00:00,0.110300
2026-04-04T17:15:00+00:00,0.120110
2026-04-04T17:30:00+00:00,0.147160
2026-04-04T17:45:00+00:00,0.150000
2026-04-04T18:00:00+00:00,0.155950
2026-04-04T18:15:00+00:00,0.122430
2026-04-04T18:30:00+00:00,0.115860
2026-04-04T18:45:00+00:00,0.097040
2026-04-04T19:00:00+00:00,0.121890
2026-04-04T19:15:00+00:00,0.095350
2026-04-04T19:30:00+00:00,0.088390
2026-04-04T19:45:00+00:00,0.068730
2026-04-04T20:00:00+00:00,0.100480
2026-04-04T20:15:00+00:00,0.070960
2026-04-04T20:30:00+00:00,0.063600
2026-04-04T20:45:00+00:00,0.052470
2026-04-04T21:00:00+00:00,0.064970
2026-04-04T21:15:00+00:00,0.042400
2026-04-04T21:30:00+00:00,0.035100
2026-04-04T21:45:00+00:00,0.022050
2026-04-04T22:00:00+00:00,0.000620
2026-04-04T22:15:00+00:00,0.001220
2026-04-04T22:30:00+00:00,-0.000740
2026-04-04T22:45:00+00:00,-0.000070
2026-04-04T23:00:00+00:00,0.000100
2026-04-04T23:15:00+00:00,0.000000
2026-04-04T23:30:00+00:00,-0.000020
2026-04-04T23:45:00+00:00,-0.000320
2026-04-05T00:00:00+00:00,-0.001420
2026-04-05T00:15:00+00:00,-0.000780
2026-04-05T00:30:00+00:00,-0.000370
2026-04-05T00:45:00+00:00,-0.001050
2026-04-05T01:00:00+00:00,-0.000710
2026-04-05T01:15:00+00:00,-0.001150
2026-04-05T01:30:00+00:00,-0.001680
2026-04-05T01:45:00+00:00,-0.002010
2026-04-05T02:00:00+00:00,-0.001050
2026-04-05T02:15:00+00:00,-0.001990
2026-04-05T02:30:00+00:00,-0.001400
2026-04-05T02:45:00+00:00,-0.001950
2026-04-05T03:00:00+00:00,-0.001910
2026-04-05T03:15:00+00:00,-0.001970
2026-04-05T03:30:00+00:00,-0.002020
2026-04-05T03:45:00+00:00,-0.002040
2026-04-05T04:00:00+00:00,-0.002040
2026-04-05T04:15:00+00:00,-0.002040
2026-04-05T04:30:00+00:00,-0.002050
2026-04-05T04:45:00+00:00,-0.001900
2026-04-05T05:00:00+00:00,-0.000100
2026-04-05T05:15:00+00:00,-0.000750
2026-04-05T05:30:00+00:00,-0.000440
2026-04-05T05:45:00+00:00,-0.001520
2026-04-05T06:00:00+00:00,0.000070
2026-04-05T06:15:00+00:00,-0.000760
2026-04-05T06:30:00+00:00,-0.001000
2026-04-05T06:45:00+00:00,-0.001520
2026-04-05T07:00:00+00:00,-0.000100
2026-04-05T07:15:00+00:00,-0.001400
2026-04-05T07:30:00+00:00,-0.002000
2026-04-05T07:45:00+00:00,-0.002040
2026-04-05T08:00:00+00:00,-0.002070
2026-04-05T08:15:00+00:00,-0.002510
2026-04-05T08:30:00+00:00,-0.003720
2026-04-05T08:45:00+00:00,-0.007700
2026-04-05T09:00:00+00:00,-0.003490
2026-04-05T09:15:00+00:00,-0.007910
2026-04-05T09:30:00+00:00,-0.009900
2026-04-05T09:45:00+00:00,-0.010700
2026-04-05T10:00:00+00:00,-0.011800
2026-04-05T10:15:00+00:00,-0.011800
2026-04-05T10:30:00+00:00,-0.012010
2026-04-05T10:45:00+00:00,-0.022370
2026-04-05T11:00:00+00:00,-0.015120
2026-04-05T11:15:00+00:00,-0.023040
2026-04-05T11:30:00+00:00,-0.030120
2026-04-05T11:45:00+00:00,-0.040520
2026-04-05T12:00:00+00:00,-0.047010
2026-04-05T12:15:00+00:00,-0.051000
2026-04-05T12:30:00+00:00,-0.052040
2026-04-05T12:45:00+00:00,-0.051670
2026-04-05T13:00:00+00:00,-0.053170
2026-04-05T13:15:00+00:00,-0.052620
2026-04-05T13:30:00+00:00,-0.050000
2026-04-05T13:45:00+00:00,-0.044010
2026-04-05T14:00:00+00:00,-0.049540
2026-04-05T14:15:00+00:00,-0.029620
2026-04-05T14:30:00+00:00,-0.024630
2026-04-05T14:45:00+00:00,-0.014220
2026-04-05T15:00:00+00:00,-0.011090
2026-04-05T15:15:00+00:00,-0.005000
2026-04-05T15:30:00+00:00,-0.002350
2026-04-05T15:45:00+00:00,-0.000210
2026-04-05T16:00:00+00:00,-0.002040
2026-04-05T16:15:00+00:00,-0.000140
2026-04-05T16:30:00+00:00,0.001150
2026-04-05T16:45:00+00:00,0.004080
2026-04-05T17:00:00+00:00,0.009990
2026-04-05T17:15:00+00:00,0.053950
2026-04-05T17:30:00+00:00,0.079490
2026-04-05T17:45:00+00:00,0.112790
2026-04-05T18:00:00+00:00,0.100830
2026-04-05T18:15:00+00:00,0.116670
2026-04-05T18:30:00+00:00,0.109200
2026-04-05T18:45:00+00:00,0.130100
2026-04-05T19:00:00+00:00,0.144890
2026-04-05T19:15:00+00:00,0.129720
2026-04-05T19:30:00+00:00,0.125930
2026-04-05T19:45:00+00:00,0.119460
2026-04-05T20:00:00+00:00,0.126530
2026-04-05T20:15:00+00:00,0.125480
2026-04-05T20:30:00+00:00,0.122590
2026-04-05T20:45:00+00:00,0.118230
2026-04-05T21:00:00+00:00,0.123680
2026-04-05T21:15:00+00:00,0.113560
2026-04-05T21:30:00+00:00,0.115000
2026-04-05T21:45:00+00:00,0.102200
2026-04-05T22:00:00+00:00,0.116520
2026-04-05T22:15:00+00:00,0.110560
2026-04-05T22:30:00+00:00,0.093980
2026-04-05T22:45:00+00:00,0.090770
2026-04-05T23:00:00+00:00,0.110770
2026-04-05T23:15:00+00:00,0.090910
2026-04-05T23:30:00+00:00,0.081790
2026-04-05T23:45:00+00:00,0.079550
2026-04-06T00:00:00+00:00,0.096770
2026-04-06T00:15:00+00:00,0.094610
2026-04-06T00:30:00+00:00,0.105300
2026-04-06T00:45:00+00:00,0.108000
2026-04-06T01:00:00+00:00,0.097800
2026-04-06T01:15:00+00:00,0.109470
2026-04-06T01:30:00+00:00,0.114400
2026-04-06T01:45:00+00:00,0.146890
2026-04-06T02:00:00+00:00,0.120350
2026-04-06T02:15:00+00:00,0.152250
2026-04-06T02:30:00+00:00,0.163400
2026-04-06T02:45:00+00:00,0.169410
2026-04-06T03:00:00+00:00,0.111530
2026-04-06T03:15:00+00:00,0.127240
2026-04-06T03:30:00+00:00,0.153190
2026-04-06T03:45:00+00:00,0.169000
2026-04-06T04:00:00+00:00,0.114000
2026-04-06T04:15:00+00:00,0.135600
2026-04-06T04:30:00+00:00,0.149940
2026-04-06T04:45:00+00:00,0.148460
2026-04-06T05:00:00+00:00,0.134830
2026-04-06T05:15:00+00:00,0.156010
2026-04-06T05:30:00+00:00,0.172880
2026-04-06T05:45:00+00:00,0.136290
2026-04-06T06:00:00+00:00,0.243590
2026-04-06T06:15:00+00:00,0.131340
2026-04-06T06:30:00+00:00,0.102630
2026-04-06T06:45:00+00:00,0.062870
2026-04-06T07:00:00+00:00,0.117890
2026-04-06T07:15:00+00:00,0.086260
2026-04-06T07:30:00+00:00,0.041630
2026-04-06T07:45:00+00:00,0.027230
2026-04-06T08:00:00+00:00,0.033730
2026-04-06T08:15:00+00:00,0.001110
2026-04-06T08:30:00+00:00,-0.000100
2026-04-06T08:45:00+00:00,-0.002080
2026-04-06T09:00:00+00:00,-0.005080
2026-04-06T09:15:00+00:00,-0.008000
2026-04-06T09:30:00+00:00,-0.009900
2026-04-06T09:45:00+00:00,-0.017020
2026-04-06T10:00:00+00:00,-0.025000
2026-04-06T10:15:00+00:00,-0.029940
2026-04-06T10:30:00+00:00,-0.030000
2026-04-06T10:45:00+00:00,-0.035060
2026-04-06T11:00:00+00:00,-0.051400
2026-04-06T11:15:00+00:00,-0.053800
2026-04-06T11:30:00+00:00,-0.059990
2026-04-06T11:45:00+00:00,-0.056080
2026-04-06T12:00:00+00:00,-0.063000
2026-04-06T12:15:00+00:00,-0.057170
2026-04-06T12:30:00+00:00,-0.056000
2026-04-06T12:45:00+00:00,-0.051230
2026-04-06T13:00:00+00:00,-0.065000
2026-04-06T13:15:00+00:00,-0.055000
2026-04-06T13:30:00+00:00,-0.050000
2026-04-06T13:45:00+00:00,-0.030000
2026-04-06T14:00:00+00:00,-0.008000
2026-04-06T14:15:00+00:00,-0.003400
2026-04-06T14:30:00+00:00,-0.000100
2026-04-06T14:45:00+00:00,0.001520
2026-04-06T15:00:00+00:00,0.000000
2026-04-06T15:15:00+00:00,0.020080
2026-04-06T15:30:00+00:00,0.070100
2026-04-06T15:45:00+00:00,0.169820
2026-04-06T16:00:00+00:00,0.049980
2026-04-06T16:15:00+00:00,0.097600
2026-04-06T16:30:00+00:00,0.137340
2026-04-06T16:45:00+00:00,0.224000
2026-04-06T17:00:00+00:00,0.106300
2026-04-06T17:15:00+00:00,0.161460
2026-04-06T17:30:00+00:00,0.149770
2026-04-06T17:45:00+00:00,0.247110
2026-04-06T18:00:00+00:00,0.149350
2026-04-06T18:15:00+00:00,0.164390
2026-04-06T18:30:00+00:00,0.160930
2026-04-06T18:45:00+00:00,0.150100
2026-04-06T19:00:00+00:00,0.193750
2026-04-06T19:15:00+00:00,0.155960
2026-04-06T19:30:00+00:00,0.137200
2026-04-06T19:45:00+00:00,0.113080
2026-04-06T20:00:00+00:00,0.125050
2026-04-06T20:15:00+00:00,0.117520
2026-04-06T20:30:00+00:00,0.115700
2026-04-06T20:45:00+00:00,0.111740
2026-04-06T21:00:00+00:00,0.116880
2026-04-06T21:15:00+00:00,0.115150
2026-04-06T21:30:00+00:00,0.107180
2026-04-06T21:45:00+00:00,0.101190
2026-04-06T22:00:00+00:00,0.107540
2026-04-06T22:15:00+00:00,0.107230
2026-04-06T22:30:00+00:00,0.107190
2026-04-06T22:45:00+00:00,0.103640
2026-04-06T23:00:00+00:00,0.104280
2026-04-06T23:15:00+00:00,0.101650
2026-04-06T23:30:00+00:00,0.100290
2026-04-06T23:45:00+00:00,0.098230
2026-04-07T00:00:00+00:00,0.102060
2026-04-07T00:15:00+00:00,0.101610
2026-04-07T00:30:00+00:00,0.100910
2026-04-07T00:45:00+00:00,0.100600
2026-04-07T01:00:00+00:00,0.101580
2026-04-07T01:15:00+00:00,0.101270
2026-04-07T01:30:00+00:00,0.101870
2026-04-07T01:45:00+00:00,0.100860
2026-04-07T02:00:00+00:00,0.102710
2026-04-07T02:15:00+00:00,0.103310
2026-04-07T02:30:00+00:00,0.103500
2026-04-07T02:45:00+00:00,0.108490
2026-04-07T03:00:00+00:00,0.103010
2026-04-07T03:15:00+00:00,0.103500
2026-04-07T03:30:00+00:00,0.117030
2026-04-07T03:45:00+00:00,0.121770
2026-04-07T04:00:00+00:00,0.111500
2026-04-07T04:15:00+00:00,0.127680
2026-04-07T04:30:00+00:00,0.137100
2026-04-07T04:45:00+00:00,0.154200
2026-04-07T05:00:00+00:00,0.195210
2026-04-07T05:15:00+00:00,0.210260
2026-04-07T05:30:00+00:00,0.173160
2026-04-07T05:45:00+00:00,0.130700
2026-04-07T06:00:00+00:00,0.230870
2026-04-07T06:15:00+00:00,0.147570
2026-04-07T06:30:00+00:00,0.106300
2026-04-07T06:45:00+00:00,0.072990
2026-04-07T07:00:00+00:00,0.158450
2026-04-07T07:15:00+00:00,0.111360
2026-04-07T07:30:00+00:00,0.086540
2026-04-07T07:45:00+00:00,0.054770
2026-04-07T08:00:00+00:00,0.101500
2026-04-07T08:15:00+00:00,0.044240
2026-04-07T08:30:00+00:00,0.003790
2026-04-07T08:45:00+00:00,-0.000010
2026-04-07T09:00:00+00:00,0.001060
2026-04-07T09:15:00+00:00,0.000000
2026-04-07T09:30:00+00:00,-0.000090
2026-04-07T09:45:00+00:00,-0.001000
2026-04-07T10:00:00+00:00,-0.000200
2026-04-07T10:15:00+00:00,-0.001990
2026-04-07T10:30:00+00:00,-0.004740
2026-04-07T10:45:00+00:00,-0.005110
2026-04-07T11:00:00+00:00,-0.006100
2026-04-07T11:15:00+00:00,-0.009900
2026-04-07T11:30:00+00:00,-0.013820
2026-04-07T11:45:00+00:00,-0.014770
2026-04-07T12:00:00+00:00,-0.014750
2026-04-07T12:15:00+00:00,-0.014340
2026-04-07T12:30:00+00:00,-0.009900
2026-04-07T12:45:00+00:00,-0.005080
2026-04-07T13:00:00+00:00,-0.011510
2026-04-07T13:15:00+00:00,-0.004240
2026-04-07T13:30:00+00:00,-0.000240
2026-04-07T13:45:00+00:00,-0.000010
2026-04-07T14:00:00+00:00,-0.001300
2026-04-07T14:15:00+00:00,-0.000010
2026-04-07T14:30:00+00:00,0.000010
2026-04-07T14:45:00+00:00,0.014900
2026-04-07T15:00:00+00:00,0.010520
2026-04-07T15:15:00+00:00,0.063080
2026-04-07T15:30:00+00:00,0.092860
2026-04-07T15:45:00+00:00,0.127140
2026-04-07T16:00:00+00:00,0.085650
2026-04-07T16:15:00+00:00,0.117960
2026-04-07T16:30:00+00:00,0.133460
2026-04-07T16:45:00+00:00,0.185340
2026-04-07T17:00:00+00:00,0.140610
2026-04-07T17:15:00+00:00,0.170680
2026-04-07T17:30:00+00:00,0.208620
2026-04-07T17:45:00+00:00,0.219820
2026-04-07T18:00:00+00:00,0.218570
2026-04-07T18:15:00+00:00,0.205470
2026-04-07T18:30:00+00:00,0.166160
2026-04-07T18:45:00+00:00,0.140020
2026-04-07T19:00:00+00:00,0.166960
2026-04-07T19:15:00+00:00,0.144320
2026-04-07T19:30:00+00:00,0.135590
2026-04-07T19:45:00+00:00,0.118450
2026-04-07T20:00:00+00:00,0.130770
2026-04-07T20:15:00+00:00,0.124550
2026-04-07T20:30:00+00:00,0.126030
2026-04-07T20:45:00+00:00,0.116970
2026-04-07T21:00:00+00:00,0.123570
2026-04-07T21:15:00+00:00,0.113830
2026-04-07T21:30:00+00:00,0.111000
2026-04-07T21:45:00+00:00,0.108830
2026-04-07T22:00:00+00:00,0.111990
2026-04-07T22:15:00+00:00,0.104560
2026-04-07T22:30:00+00:00,0.099110
2026-04-07T22:45:00+00:00,0.094490
2026-04-07T23:00:00+00:00,0.099390
2026-04-07T23:15:00+00:00,0.098510
2026-04-07T23:30:00+00:00,0.097410
2026-04-07T23:45:00+00:00,0.095980
2026-04-08T00:00:00+00:00,0.098110
2026-04-08T00:15:00+00:00,0.096110
2026-04-08T00:30:00+00:00,0.096070
2026-04-08T00:45:00+00:00,0.096100
2026-04-08T01:00:00+00:00,0.097580
2026-04-08T01:15:00+00:00,0.098010
2026-04-08T01:30:00+00:00,0.098640
2026-04-08T01:45:00+00:00,0.099670
2026-04-08T02:00:00+00:00,0.097080
2026-04-08T02:15:00+00:00,0.099190
2026-04-08T02:30:00+00:00,0.103720
2026-04-08T02:45:00+00:00,0.109000
2026-04-08T03:00:00+00:00,0.099670
2026-04-08T03:15:00+00:00,0.106670
2026-04-08T03:30:00+00:00,0.112690
2026-04-08T03:45:00+00:00,0.129530
2026-04-08T04:00:00+00:00,0.118900
2026-04-08T04:15:00+00:00,0.135750
2026-04-08T04:30:00+00:00,0.157620
2026-04-08T04:45:00+00:00,0.162850
2026-04-08T05:00:00+00:00,0.186790
2026-04-08T05:15:00+00:00,0.184810
2026-04-08T05:30:00+00:00,0.168000
2026-04-08T05:45:00+00:00,0.135590
2026-04-08T06:00:00+00:00,0.186510
2026-04-08T06:15:00+00:00,0.145740
2026-04-08T06:30:00+00:00,0.135540
2026-04-08T06:45:00+00:00,0.099400
2026-04-08T07:00:00+00:00,0.149030
2026-04-08T07:15:00+00:00,0.117750
2026-04-08T07:30:00+00:00,0.098400
2026-04-08T07:45:00+00:00,0.072420
2026-04-08T08:00:00+00:00,0.103630
2026-04-08T08:15:00+00:00,0.077590
2026-04-08T08:30:00+00:00,0.026130
2026-04-08T08:45:00+00:00,0.000000
2026-04-08T09:00:00+00:00,0.005900
2026-04-08T09:15:00+00:00,-0.000010
2026-04-08T09:30:00+00:00,-0.001090
2026-04-08T09:45:00+00:00,-0.005000
2026-04-08T10:00:00+00:00,-0.005300
2026-04-08T10:15:00+00:00,-0.018300
2026-04-08T10:30:00+00:00,-0.021440
2026-04-08T10:45:00+00:00,-0.029220
2026-04-08T11:00:00+00:00,-0.025930
2026-04-08T11:15:00+00:00,-0.030030
2026-04-08T11:30:00+00:00,-0.032610
2026-04-08T11:45:00+00:00,-0.038810
2026-04-08T12:00:00+00:00,-0.033030
2026-04-08T12:15:00+00:00,-0.032050
2026-04-08T12:30:00+00:00,-0.029120
2026-04-08T12:45:00+00:00,-0.021280
2026-04-08T13:00:00+00:00,-0.022200
2026-04-08T13:15:00+00:00,-0.017400
2026-04-08T13:30:00+00:00,-0.009990
2026-04-08T13:45:00+00:00,-0.001050
2026-04-08T14:00:00+00:00,-0.005790
2026-04-08T14:15:00+00:00,-0.000010
2026-04-08T14:30:00+00:00,0.001360
2026-04-08T14:45:00+00:00,0.059470
2026-04-08T15:00:00+00:00,0.027800
2026-04-08T15:15:00+00:00,0.080450
2026-04-08T15:30:00+00:00,0.113240
2026-04-08T15:45:00+00:00,0.154370
2026-04-08T16:00:00+00:00,0.104440
2026-04-08T16:15:00+00:00,0.121420
2026-04-08T16:30:00+00:00,0.132400
2026-04-08T16:45:00+00:00,0.159990
2026-04-08T17:00:00+00:00,0.146000
2026-04-08T17:15:00+00:00,0.168640
2026-04-08T17:30:00+00:00,0.183670
2026-04-08T17:45:00+00:00,0.186890
2026-04-08T18:00:00+00:00,0.203220
2026-04-08T18:15:00+00:00,0.164120
2026-04-08T18:30:00+00:00,0.142340
2026-04-08T18:45:00+00:00,0.135270
2026-04-08T19:00:00+00:00,0.154930
2026-04-08T19:15:00+00:00,0.142080
2026-04-08T19:30:00+00:00,0.135160
2026-04-08T19:45:00+00:00,0.117000
2026-04-08T20:00:00+00:00,0.127450
2026-04-08T20:15:00+00:00,0.122590
2026-04-08T20:30:00+00:00,0.121540
2026-04-08T20:45:00+00:00,0.114530
2026-04-08T21:00:00+00:00,0.118810
2026-04-08T21:15:00+00:00,0.118200
2026-04-08T21:30:00+00:00,0.107750
2026-04-08T21:45:00+00:00,0.101830
2026-04-08T22:00:00+00:00,0.109490
2026-04-08T22:15:00+00:00,0.105360
2026-04-08T22:30:00+00:00,0.102910
2026-04-08T22:45:00+00:00,0.101400
2026-04-08T23:00:00+00:00,0.101740
2026-04-08T23:15:00+00:00,0.100710
2026-04-08T23:30:00+00:00,0.100080
2026-04-08T23:45:00+00:00,0.099280
2026-04-09T00:00:00+00:00,0.099460
2026-04-09T00:15:00+00:00,0.099220
2026-04-09T00:30:00+00:00,0.099410
2026-04-09T00:45:00+00:00,0.099110
2026-04-09T01:00:00+00:00,0.098650
2026-04-09T01:15:00+00:00,0.099800
2026-04-09T01:30:00+00:00,0.099600
2026-04-09T01:45:00+00:00,0.100320
2026-04-09T02:00:00+00:00,0.097130
2026-04-09T02:15:00+00:00,0.099250
2026-04-09T02:30:00+00:00,0.102060
2026-04-09T02:45:00+00:00,0.108950
2026-04-09T03:00:00+00:00,0.101850
2026-04-09T03:15:00+00:00,0.107190
2026-04-09T03:30:00+00:00,0.115850
2026-04-09T03:45:00+00:00,0.123980
2026-04-09T04:00:00+00:00,0.116330
2026-04-09T04:15:00+00:00,0.127940
2026-04-09T04:30:00+00:00,0.138820
2026-04-09T04:45:00+00:00,0.145300
2026-04-09T05:00:00+00:00,0.153880
2026-04-09T05:15:00+00:00,0.152840
2026-04-09T05:30:00+00:00,0.145890
2026-04-09T05:45:00+00:00,0.128930
2026-04-09T06:00:00+00:00,0.158750
2026-04-09T06:15:00+00:00,0.135800
2026-04-09T06:30:00+00:00,0.121290
2026-04-09T06:45:00+00:00,0.103540
2026-04-09T07:00:00+00:00,0.146290
2026-04-09T07:15:00+00:00,0.119960
2026-04-09T07:30:00+00:00,0.098710
2026-04-09T07:45:00+00:00,0.076730
2026-04-09T08:00:00+00:00,0.088290
2026-04-09T08:15:00+00:00,0.074850
2026-04-09T08:30:00+00:00,0.047090
2026-04-09T08:45:00+00:00,0.009100
2026-04-09T09:00:00+00:00,0.004630
2026-04-09T09:15:00+00:00,0.000010
2026-04-09T09:30:00+00:00,0.000000
2026-04-09T09:45:00+00:00,-0.000010
2026-04-09T10:00:00+00:00,-0.000010
2026-04-09T10:15:00+00:00,-0.000100
2026-04-09T10:30:00+00:00,-0.001070
2026-04-09T10:45:00+00:00,-0.002900
2026-04-09T11:00:00+00:00,-0.002980
2026-04-09T11:15:00+00:00,-0.005100
2026-04-09T11:30:00+00:00,-0.009820
2026-04-09T11:45:00+00:00,-0.013140
2026-04-09T12:00:00+00:00,-0.010060
2026-04-09T12:15:00+00:00,-0.009840
2026-04-09T12:30:00+00:00,-0.007040
2026-04-09T12:45:00+00:00,-0.005060
2026-04-09T13:00:00+00:00,-0.002880
2026-04-09T13:15:00+00:00,-0.001120
2026-04-09T13:30:00+00:00,-0.000870
2026-04-09T13:45:00+00:00,-0.000140
2026-04-09T14:00:00+00:00,-0.000020
2026-04-09T14:15:00+00:00,0.003240
2026-04-09T14:30:00+00:00,0.030050
2026-04-09T14:45:00+00:00,0.063840
2026-04-09T15:00:00+00:00,0.024520
2026-04-09T15:15:00+00:00,0.069970
2026-04-09T15:30:00+00:00,0.091910
2026-04-09T15:45:00+00:00,0.113630
2026-04-09T16:00:00+00:00,0.085370
2026-04-09T16:15:00+00:00,0.105690
2026-04-09T16:30:00+00:00,0.120340
2026-04-09T16:45:00+00:00,0.127790
2026-04-09T17:00:00+00:00,0.119630
2026-04-09T17:15:00+00:00,0.124820
2026-04-09T17:30:00+00:00,0.136530
2026-04-09T17:45:00+00:00,0.138360
2026-04-09T18:00:00+00:00,0.145830
2026-04-09T18:15:00+00:00,0.126050
2026-04-09T18:30:00+00:00,0.117130
2026-04-09T18:45:00+00:00,0.104880
2026-04-09T19:00:00+00:00,0.126760
2026-04-09T19:15:00+00:00,0.115860
2026-04-09T19:30:00+00:00,0.100410
2026-04-09T19:45:00+00:00,0.080300
2026-04-09T20:00:00+00:00,0.104720
2026-04-09T20:15:00+00:00,0.097510
2026-04-09T20:30:00+00:00,0.095430
2026-04-09T20:45:00+00:00,0.086530
2026-04-09T21:00:00+00:00,0.089450
2026-04-09T21:15:00+00:00,0.084310
2026-04-09T21:30:00+00:00,0.079250
2026-04-09T21:45:00+00:00,0.068780
2026-04-09T22:00:00+00:00,0.081500
2026-04-09T22:15:00+00:00,0.079250
2026-04-09T22:30:00+00:00,0.073460
2026-04-09T22:45:00+00:00,0.072050
2026-04-09T23:00:00+00:00,0.075230
2026-04-09T23:15:00+00:00,0.073050
2026-04-09T23:30:00+00:00,0.073620
2026-04-09T23:45:00+00:00,0.071640
2026-04-10T00:00:00+00:00,0.076400
2026-04-10T00:15:00+00:00,0.072140
2026-04-10T00:30:00+00:00,0.071920
2026-04-10T00:45:00+00:00,0.070420
2026-04-10T01:00:00+00:00,0.071140
2026-04-10T01:15:00+00:00,0.072300
2026-04-10T01:30:00+00:00,0.072990
2026-04-10T01:45:00+00:00,0.071630
2026-04-10T02:00:00+00:00,0.071720
2026-04-10T02:15:00+00:00,0.073850
2026-04-10T02:30:00+00:00,0.073710
2026-04-10T02:45:00+00:00,0.076820
2026-04-10T03:00:00+00:00,0.074460
2026-04-10T03:15:00+00:00,0.081690
2026-04-10T03:30:00+00:00,0.079160
2026-04-10T03:45:00+00:00,0.091580
2026-04-10T04:00:00+00:00,0.082490
2026-04-10T04:15:00+00:00,0.110160
2026-04-10T04:30:00+00:00,0.111200
2026-04-10T04:45:00+00:00,0.118280
2026-04-10T05:00:00+00:00,0.121350
2026-04-10T05:15:00+00:00,0.124310
2026-04-10T05:30:00+00:00,0.122430
2026-04-10T05:45:00+00:00,0.121620
2026-04-10T06:00:00+00:00,0.130730
2026-04-10T06:15:00+00:00,0.127200
2026-04-10T06:30:00+00:00,0.123050
2026-04-10T06:45:00+00:00,0.119390
2026-04-10T07:00:00+00:00,0.144030
2026-04-10T07:15:00+00:00,0.131300
2026-04-10T07:30:00+00:00,0.132080
2026-04-10T07:45:00+00:00,0.116100
2026-04-10T08:00:00+00:00,0.150000
2026-04-10T08:15:00+00:00,0.110780
2026-04-10T08:30:00+00:00,0.133660
2026-04-10T08:45:00+00:00,0.108020
2026-04-10T09:00:00+00:00,0.125380
2026-04-10T09:15:00+00:00,0.104240
2026-04-10T09:30:00+00:00,0.100180
2026-04-10T09:45:00+00:00,0.099000
2026-04-10T10:00:00+00:00,0.098170
2026-04-10T10:15:00+00:00,0.088480
2026-04-10T10:30:00+00:00,0.110830
2026-04-10T10:45:00+00:00,0.117140
2026-04-10T11:00:00+00:00,0.096570
2026-04-10T11:15:00+00:00,0.092800
2026-04-10T11:30:00+00:00,0.089380
2026-04-10T11:45:00+00:00,0.086810
2026-04-10T12:00:00+00:00,0.093530
2026-04-10T12:15:00+00:00,0.095930
2026-04-10T12:30:00+00:00,0.094900
2026-04-10T12:45:00+00:00,0.097340
2026-04-10T13:00:00+00:00,0.077810
2026-04-10T13:15:00+00:00,0.084570
2026-04-10T13:30:00+00:00,0.087350
2026-04-10T13:45:00+00:00,0.088490
2026-04-10T14:00:00+00:00,0.088050
2026-04-10T14:15:00+00:00,0.096830
2026-04-10T14:30:00+00:00,0.105030
2026-04-10T14:45:00+00:00,0.115140
2026-04-10T15:00:00+00:00,0.101840
2026-04-10T15:15:00+00:00,0.113990
2026-04-10T15:30:00+00:00,0.121420
2026-04-10T15:45:00+00:00,0.145620
2026-04-10T16:00:00+00:00,0.125690
2026-04-10T16:15:00+00:00,0.131110
2026-04-10T16:30:00+00:00,0.144800
2026-04-10T16:45:00+00:00,0.200000
2026-04-10T17:00:00+00:00,0.153470
2026-04-10T17:15:00+00:00,0.191170
2026-04-10T17:30:00+00:00,0.237770
2026-04-10T17:45:00+00:00,0.317600
2026-04-10T18:00:00+00:00,0.261900
2026-04-10T18:15:00+00:00,0.250300
2026-04-10T18:30:00+00:00,0.234220
2026-04-10T18:45:00+00:00,0.206150
2026-04-10T19:00:00+00:00,0.211790
2026-04-10T19:15:00+00:00,0.169330
2026-04-10T19:30:00+00:00,0.161000
2026-04-10T19:45:00+00:00,0.140400
2026-04-10T20:00:00+00:00,0.159480
2026-04-10T20:15:00+00:00,0.144430
2026-04-10T20:30:00+00:00,0.137520
2026-04-10T20:45:00+00:00,0.126870
2026-04-10T21:00:00+00:00,0.131600
2026-04-10T21:15:00+00:00,0.126060
2026-04-10T21:30:00+00:00,0.126070
2026-04-10T21:45:00+00:00,0.119150
2026-04-10T22:00:00+00:00,0.141510
2026-04-10T22:15:00+00:00,0.131190
2026-04-10T22:30:00+00:00,0.119600
2026-04-10T22:45:00+00:00,0.111400
2026-04-10T23:00:00+00:00,0.120740
2026-04-10T23:15:00+00:00,0.115410
2026-04-10T23:30:00+00:00,0.108460
2026-04-10T23:45:00+00:00,0.103600
2026-04-11T00:00:00+00:00,0.110040
2026-04-11T00:15:00+00:00,0.103900
2026-04-11T00:30:00+00:00,0.103430
2026-04-11T00:45:00+00:00,0.100890
2026-04-11T01:00:00+00:00,0.103620
2026-04-11T01:15:00+00:00,0.101530
2026-04-11T01:30:00+00:00,0.101240
2026-04-11T01:45:00+00:00,0.097800
2026-04-11T02:00:00+00:00,0.102090
2026-04-11T02:15:00+00:00,0.100780
2026-04-11T02:30:00+00:00,0.099830
2026-04-11T02:45:00+00:00,0.096110
2026-04-11T03:00:00+00:00,0.100160
2026-04-11T03:15:00+00:00,0.095970
2026-04-11T03:30:00+00:00,0.096060
2026-04-11T03:45:00+00:00,0.095380
2026-04-11T04:00:00+00:00,0.097380
2026-04-11T04:15:00+00:00,0.098230
2026-04-11T04:30:00+00:00,0.098440
2026-04-11T04:45:00+00:00,0.091460
2026-04-11T05:00:00+00:00,0.101070
2026-04-11T05:15:00+00:00,0.094910
2026-04-11T05:30:00+00:00,0.081570
2026-04-11T05:45:00+00:00,0.060110
2026-04-11T06:00:00+00:00,0.095110
2026-04-11T06:15:00+00:00,0.079020
2026-04-11T06:30:00+00:00,0.058940
2026-04-11T06:45:00+00:00,0.023140
2026-04-11T07:00:00+00:00,0.052590
2026-04-11T07:15:00+00:00,0.022460
2026-04-11T07:30:00+00:00,0.008000
2026-04-11T07:45:00+00:00,0.000010
2026-04-11T08:00:00+00:00,0.007730
2026-04-11T08:15:00+00:00,0.000000
2026-04-11T08:30:00+00:00,-0.000990
2026-04-11T08:45:00+00:00,-0.007180
2026-04-11T09:00:00+00:00,-0.000980
2026-04-11T09:15:00+00:00,-0.002060
2026-04-11T09:30:00+00:00,-0.006580
2026-04-11T09:45:00+00:00,-0.009750
2026-04-11T10:00:00+00:00,-0.011800
2026-04-11T10:15:00+00:00,-0.020000
2026-04-11T10:30:00+00:00,-0.025000
2026-04-11T10:45:00+00:00,-0.030120
2026-04-11T11:00:00+00:00,-0.025500
2026-04-11T11:15:00+00:00,-0.030120
2026-04-11T11:30:00+00:00,-0.030120
2026-04-11T11:45:00+00:00,-0.030120
2026-04-11T12:00:00+00:00,-0.030120
2026-04-11T12:15:00+00:00,-0.027110
2026-04-11T12:30:00+00:00,-0.023080
2026-04-11T12:45:00+00:00,-0.017100
2026-04-11T13:00:00+00:00,-0.011800
2026-04-11T13:15:00+00:00,-0.007050
2026-04-11T13:30:00+00:00,-0.002090
2026-04-11T13:45:00+00:00,-0.002040
2026-04-11T14:00:00+00:00,-0.000100
2026-04-11T14:15:00+00:00,0.005410
2026-04-11T14:30:00+00:00,0.011860
2026-04-11T14:45:00+00:00,0.005900
2026-04-11T15:00:00+00:00,-0.001650
2026-04-11T15:15:00+00:00,-0.001400
2026-04-11T15:30:00+00:00,0.015300
2026-04-11T15:45:00+00:00,0.064950
2026-04-11T16:00:00+00:00,0.005070
2026-04-11T16:15:00+00:00,0.054970
2026-04-11T16:30:00+00:00,0.091400
2026-04-11T16:45:00+00:00,0.128550
2026-04-11T17:00:00+00:00,0.072930
2026-04-11T17:15:00+00:00,0.080500
2026-04-11T17:30:00+00:00,0.090100
2026-04-11T17:45:00+00:00,0.120100
2026-04-11T18:00:00+00:00,0.110940
2026-04-11T18:15:00+00:00,0.108000
2026-04-11T18:30:00+00:00,0.106720
2026-04-11T18:45:00+00:00,0.103270
2026-04-11T19:00:00+00:00,0.118400
2026-04-11T19:15:00+00:00,0.108540
2026-04-11T19:30:00+00:00,0.097830
2026-04-11T19:45:00+00:00,0.087100
2026-04-11T20:00:00+00:00,0.132610
2026-04-11T20:15:00+00:00,0.136950
2026-04-11T20:30:00+00:00,0.120750
2026-04-11T20:45:00+00:00,0.089290
2026-04-11T21:00:00+00:00,0.100000
2026-04-11T21:15:00+00:00,0.086100
2026-04-11T21:30:00+00:00,0.073740
2026-04-11T21:45:00+00:00,0.069700
2026-04-11T22:00:00+00:00,0.065770
2026-04-11T22:15:00+00:00,0.066650
2026-04-11T22:30:00+00:00,0.069950
2026-04-11T22:45:00+00:00,0.068500
2026-04-11T23:00:00+00:00,0.071040
2026-04-11T23:15:00+00:00,0.066840
2026-04-11T23:30:00+00:00,0.069220
2026-04-11T23:45:00+00:00,0.071670
2026-04-12T00:00:00+00:00,0.070750
2026-04-12T00:15:00+00:00,0.072680
2026-04-12T00:30:00+00:00,0.073430
2026-04-12T00:45:00+00:00,0.075920
2026-04-12T01:00:00+00:00,0.074740
2026-04-12T01:15:00+00:00,0.077310
2026-04-12T01:30:00+00:00,0.076400
2026-04-12T01:45:00+00:00,0.079080
2026-04-12T02:00:00+00:00,0.082260
2026-04-12T02:15:00+00:00,0.083960
2026-04-12T02:30:00+00:00,0.086470
2026-04-12T02:45:00+00:00,0.090040
2026-04-12T03:00:00+00:00,0.086320
2026-04-12T03:15:00+00:00,0.089640
2026-04-12T03:30:00+00:00,0.089540
2026-04-12T03:45:00+00:00,0.088410
2026-04-12T04:00:00+00:00,0.090940
2026-04-12T04:15:00+00:00,0.090460
2026-04-12T04:30:00+00:00,0.087110
2026-04-12T04:45:00+00:00,0.084910
2026-04-12T05:00:00+00:00,0.094150
2026-04-12T05:15:00+00:00,0.085540
2026-04-12T05:30:00+00:00,0.079670
2026-04-12T05:45:00+00:00,0.077320
2026-04-12T06:00:00+00:00,0.079550
2026-04-12T06:15:00+00:00,0.073260
2026-04-12T06:30:00+00:00,0.068930
2026-04-12T06:45:00+00:00,0.051790
2026-04-12T07:00:00+00:00,0.056470
2026-04-12T07:15:00+00:00,0.048910
2026-04-12T07:30:00+00:00,0.041510
2026-04-12T07:45:00+00:00,0.037860
2026-04-12T08:00:00+00:00,0.044670
2026-04-12T08:15:00+00:00,0.023210
2026-04-12T08:30:00+00:00,-0.002010
2026-04-12T08:45:00+00:00,-0.002030
2026-04-12T09:00:00+00:00,-0.002050
2026-04-12T09:15:00+00:00,-0.002070
2026-04-12T09:30:00+00:00,-0.002080
2026-04-12T09:45:00+00:00,-0.002090
2026-04-12T10:00:00+00:00,-0.002020
2026-04-12T10:15:00+00:00,-0.002020
2026-04-12T10:30:00+00:00,-0.002030
2026-04-12T10:45:00+00:00,-0.002020
2026-04-12T11:00:00+00:00,-0.002010
2026-04-12T11:15:00+00:00,-0.002000
2026-04-12T11:30:00+00:00,-0.000310
2026-04-12T11:45:00+00:00,-0.000200
2026-04-12T12:00:00+00:00,0.000000
2026-04-12T12:15:00+00:00,0.003240
2026-04-12T12:30:00+00:00,0.008020
2026-04-12T12:45:00+00:00,0.007040
2026-04-12T13:00:00+00:00,0.005970
2026-04-12T13:15:00+00:00,0.010040
2026-04-12T13:30:00+00:00,0.017240
2026-04-12T13:45:00+00:00,0.030430
2026-04-12T14:00:00+00:00,0.032240
2026-04-12T14:15:00+00:00,0.057800
2026-04-12T14:30:00+00:00,0.060430
2026-04-12T14:45:00+00:00,0.095950
2026-04-12T15:00:00+00:00,0.060430
2026-04-12T15:15:00+00:00,0.090780
2026-04-12T15:30:00+00:00,0.122980
2026-04-12T15:45:00+00:00,0.136480
2026-04-12T16:00:00+00:00,0.117650
2026-04-12T16:15:00+00:00,0.126490
2026-04-12T16:30:00+00:00,0.137930
2026-04-12T16:45:00+00:00,0.147400
2026-04-12T17:00:00+00:00,0.136970
2026-04-12T17:15:00+00:00,0.136590
2026-04-12T17:30:00+00:00,0.145460
2026-04-12T17:45:00+00:00,0.157050
2026-04-12T18:00:00+00:00,0.148880
2026-04-12T18:15:00+00:00,0.147830
2026-04-12T18:30:00+00:00,0.146090
2026-04-12T18:45:00+00:00,0.140230
2026-04-12T19:00:00+00:00,0.140920
2026-04-12T19:15:00+00:00,0.135300
2026-04-12T19:30:00+00:00,0.137300
2026-04-12T19:45:00+00:00,0.133410
2026-04-12T20:00:00+00:00,0.139590
2026-04-12T20:15:00+00:00,0.134700
2026-04-12T20:30:00+00:00,0.128720
2026-04-12T20:45:00+00:00,0.119420
2026-04-12T21:00:00+00:00,0.135050
2026-04-12T21:15:00+00:00,0.119330
2026-04-12T21:30:00+00:00,0.119420
2026-04-12T21:45:00+00:00,0.110230
2026-04-12T22:00:00+00:00,0.123330
2026-04-12T22:15:00+00:00,0.119380
2026-04-12T22:30:00+00:00,0.111990
2026-04-12T22:45:00+00:00,0.108390
2026-04-12T23:00:00+00:00,0.113290
2026-04-12T23:15:00+00:00,0.110600
2026-04-12T23:30:00+00:00,0.110000
2026-04-12T23:45:00+00:00,0.105290
2026-04-13T00:00:00+00:00,0.109200
2026-04-13T00:15:00+00:00,0.102680
2026-04-13T00:30:00+00:00,0.106990
2026-04-13T00:45:00+00:00,0.105980
2026-04-13T01:00:00+00:00,0.109280
2026-04-13T01:15:00+00:00,0.104840
2026-04-13T01:30:00+00:00,0.106920
2026-04-13T01:45:00+00:00,0.103810
2026-04-13T02:00:00+00:00,0.109160
2026-04-13T02:15:00+00:00,0.109530
2026-04-13T02:30:00+00:00,0.106400
2026-04-13T02:45:00+00:00,0.111100
2026-04-13T03:00:00+00:00,0.112640
2026-04-13T03:15:00+00:00,0.113800
2026-04-13T03:30:00+00:00,0.117490
2026-04-13T03:45:00+00:00,0.124080
2026-04-13T04:00:00+00:00,0.123400
2026-04-13T04:15:00+00:00,0.134100
2026-04-13T04:30:00+00:00,0.141820
2026-04-13T04:45:00+00:00,0.140380
2026-04-13T05:00:00+00:00,0.145160
2026-04-13T05:15:00+00:00,0.143420
2026-04-13T05:30:00+00:00,0.144220
2026-04-13T05:45:00+00:00,0.144550
2026-04-13T06:00:00+00:00,0.213310
2026-04-13T06:15:00+00:00,0.172100
2026-04-13T06:30:00+00:00,0.157430
2026-04-13T06:45:00+00:00,0.150620
2026-04-13T07:00:00+00:00,0.194220
2026-04-13T07:15:00+00:00,0.178660
2026-04-13T07:30:00+00:00,0.147570
2026-04-13T07:45:00+00:00,0.133770
2026-04-13T08:00:00+00:00,0.181690
2026-04-13T08:15:00+00:00,0.136350
2026-04-13T08:30:00+00:00,0.127530
2026-04-13T08:45:00+00:00,0.122060
2026-04-13T09:00:00+00:00,0.127950
2026-04-13T09:15:00+00:00,0.118750
2026-04-13T09:30:00+00:00,0.117660
2026-04-13T09:45:00+00:00,0.123300
2026-04-13T10:00:00+00:00,0.120340
2026-04-13T10:15:00+00:00,0.109040
2026-04-13T10:30:00+00:00,0.112480
2026-04-13T10:45:00+00:00,0.105450
2026-04-13T11:00:00+00:00,0.108240
2026-04-13T11:15:00+00:00,0.107170
2026-04-13T11:30:00+00:00,0.106540
2026-04-13T11:45:00+00:00,0.103740
2026-04-13T12:00:00+00:00,0.110310
2026-04-13T12:15:00+00:00,0.117620
2026-04-13T12:30:00+00:00,0.112920
2026-04-13T12:45:00+00:00,0.116190
2026-04-13T13:00:00+00:00,0.119420
2026-04-13T13:15:00+00:00,0.119010
2026-04-13T13:30:00+00:00,0.111150
2026-04-13T13:45:00+00:00,0.118190
2026-04-13T14:00:00+00:00,0.102050
2026-04-13T14:15:00+00:00,0.104310
2026-04-13T14:30:00+00:00,0.116890
2026-04-13T14:45:00+00:00,0.131430
2026-04-13T15:00:00+00:00,0.095200
2026-04-13T15:15:00+00:00,0.117500
2026-04-13T15:30:00+00:00,0.135790
2026-04-13T15:45:00+00:00,0.153400
2026-04-13T16:00:00+00:00,0.125690
2026-04-13T16:15:00+00:00,0.140260
2026-04-13T16:30:00+00:00,0.147070
2026-04-13T16:45:00+00:00,0.165480
2026-04-13T17:00:00+00:00,0.152450
2026-04-13T17:15:00+00:00,0.159190
2026-04-13T17:30:00+00:00,0.165030
2026-04-13T17:45:00+00:00,0.183120
2026-04-13T18:00:00+00:00,0.160370
2026-04-13T18:15:00+00:00,0.160100
2026-04-13T18:30:00+00:00,0.150590
2026-04-13T18:45:00+00:00,0.144000
2026-04-13T19:00:00+00:00,0.162500
2026-04-13T19:15:00+00:00,0.147300
2026-04-13T19:30:00+00:00,0.136180
2026-04-13T19:45:00+00:00,0.127150
2026-04-13T20:00:00+00:00,0.136870
2026-04-13T20:15:00+00:00,0.130970
2026-04-13T20:30:00+00:00,0.128560
2026-04-13T20:45:00+00:00,0.126390
2026-04-13T21:00:00+00:00,0.130980
2026-04-13T21:15:00+00:00,0.124460
2026-04-13T21:30:00+00:00,0.122100
2026-04-13T21:45:00+00:00,0.113380
2026-04-13T22:00:00+00:00,0.124130
2026-04-13T22:15:00+00:00,0.116690
2026-04-13T22:30:00+00:00,0.113720
2026-04-13T22:45:00+00:00,0.111440
2026-04-13T23:00:00+00:00,0.114130
2026-04-13T23:15:00+00:00,0.113800
2026-04-13T23:30:00+00:00,0.113320
2026-04-13T23:45:00+00:00,0.115670
2026-04-14T00:00:00+00:00,0.115600
2026-04-14T00:15:00+00:00,0.115530
2026-04-14T00:30:00+00:00,0.114930
2026-04-14T00:45:00+00:00,0.115960
2026-04-14T01:00:00+00:00,0.113530
2026-04-14T01:15:00+00:00,0.112590
2026-04-14T01:30:00+00:00,0.114260
2026-04-14T01:45:00+00:00,0.113840
2026-04-14T02:00:00+00:00,0.113330
2026-04-14T02:15:00+00:00,0.113630
2026-04-14T02:30:00+00:00,0.115400
2026-04-14T02:45:00+00:00,0.116240
2026-04-14T03:00:00+00:00,0.114650
2026-04-14T03:15:00+00:00,0.116730
2026-04-14T03:30:00+00:00,0.118000
2026-04-14T03:45:00+00:00,0.122800
2026-04-14T04:00:00+00:00,0.120100
2026-04-14T04:15:00+00:00,0.135530
2026-04-14T04:30:00+00:00,0.140710
2026-04-14T04:45:00+00:00,0.156820
2026-04-14T05:00:00+00:00,0.155570
2026-04-14T05:15:00+00:00,0.167620
2026-04-14T05:30:00+00:00,0.171860
2026-04-14T05:45:00+00:00,0.155560
2026-04-14T06:00:00+00:00,0.197950
2026-04-14T06:15:00+00:00,0.180780
2026-04-14T06:30:00+00:00,0.150380
2026-04-14T06:45:00+00:00,0.132020
2026-04-14T07:00:00+00:00,0.172430
2026-04-14T07:15:00+00:00,0.134760
2026-04-14T07:30:00+00:00,0.139920
2026-04-14T07:45:00+00:00,0.119350
2026-04-14T08:00:00+00:00,0.139300
2026-04-14T08:15:00+00:00,0.123920
2026-04-14T08:30:00+00:00,0.119000
2026-04-14T08:45:00+00:00,0.111140
2026-04-14T09:00:00+00:00,0.113340
2026-04-14T09:15:00+00:00,0.110600
2026-04-14T09:30:00+00:00,0.102910
2026-04-14T09:45:00+00:00,0.100300
2026-04-14T10:00:00+00:00,0.105790
2026-04-14T10:15:00+00:00,0.099660
2026-04-14T10:30:00+00:00,0.100220
2026-04-14T10:45:00+00:00,0.096250
2026-04-14T11:00:00+00:00,0.094220
2026-04-14T11:15:00+00:00,0.094020
2026-04-14T11:30:00+00:00,0.094780
2026-04-14T11:45:00+00:00,0.092960
2026-04-14T12:00:00+00:00,0.083510
2026-04-14T12:15:00+00:00,0.087620
2026-04-14T12:30:00+00:00,0.092690
2026-04-14T12:45:00+00:00,0.102820
2026-04-14T13:00:00+00:00,0.091230
2026-04-14T13:15:00+00:00,0.099510
2026-04-14T13:30:00+00:00,0.105660
2026-04-14T13:45:00+00:00,0.113250
2026-04-14T14:00:00+00:00,0.097950
2026-04-14T14:15:00+00:00,0.101390
2026-04-14T14:30:00+00:00,0.112790
2026-04-14T14:45:00+00:00,0.120190
2026-04-14T15:00:00+00:00,0.105200
2026-04-14T15:15:00+00:00,0.124550
2026-04-14T15:30:00+00:00,0.135470
2026-04-14T15:45:00+00:00,0.140960
2026-04-14T16:00:00+00:00,0.125580
2026-04-14T16:15:00+00:00,0.143350
2026-04-14T16:30:00+00:00,0.152570
2026-04-14T16:45:00+00:00,0.189580
2026-04-14T17:00:00+00:00,0.163970
2026-04-14T17:15:00+00:00,0.185470
2026-04-14T17:30:00+00:00,0.222100
2026-04-14T17:45:00+00:00,0.279060
2026-04-14T18:00:00+00:00,0.245920
2026-04-14T18:15:00+00:00,0.241180
2026-04-14T18:30:00+00:00,0.218780
2026-04-14T18:45:00+00:00,0.191450
2026-04-14T19:00:00+00:00,0.180180
2026-04-14T19:15:00+00:00,0.163960
2026-04-14T19:30:00+00:00,0.151290
2026-04-14T19:45:00+00:00,0.144520
2026-04-14T20:00:00+00:00,0.153040
2026-04-14T20:15:00+00:00,0.145310
2026-04-14T20:30:00+00:00,0.142180
2026-04-14T20:45:00+00:00,0.134470
2026-04-14T21:00:00+00:00,0.145040
2026-04-14T21:15:00+00:00,0.135870
2026-04-14T21:30:00+00:00,0.129500
2026-04-14T21:45:00+00:00,0.116680
2026-04-14T22:00:00+00:00,0.124500
2026-04-14T22:15:00+00:00,0.121690
2026-04-14T22:30:00+00:00,0.117750
2026-04-14T22:45:00+00:00,0.113980
2026-04-14T23:00:00+00:00,0.116860
2026-04-14T23:15:00+00:00,0.114910
2026-04-14T23:30:00+00:00,0.112010
2026-04-14T23:45:00+00:00,0.109460
2026-04-15T00:00:00+00:00,0.110760
2026-04-15T00:15:00+00:00,0.109190
2026-04-15T00:30:00+00:00,0.107400
2026-04-15T00:45:00+00:00,0.106700
2026-04-15T01:00:00+00:00,0.105920
2026-04-15T01:15:00+00:00,0.105810
2026-04-15T01:30:00+00:00,0.105790
2026-04-15T01:45:00+00:00,0.105770
2026-04-15T02:00:00+00:00,0.105910
2026-04-15T02:15:00+00:00,0.104960
2026-04-15T02:30:00+00:00,0.107020
2026-04-15T02:45:00+00:00,0.108600
2026-04-15T03:00:00+00:00,0.109780
2026-04-15T03:15:00+00:00,0.114250
2026-04-15T03:30:00+00:00,0.119020
2026-04-15T03:45:00+00:00,0.127430
2026-04-15T04:00:00+00:00,0.130750
2026-04-15T04:15:00+00:00,0.139900
2026-04-15T04:30:00+00:00,0.144060
2026-04-15T04:45:00+00:00,0.148610
2026-04-15T05:00:00+00:00,0.160130
2026-04-15T05:15:00+00:00,0.159890
2026-04-15T05:30:00+00:00,0.157170
2026-04-15T05:45:00+00:00,0.142450
2026-04-15T06:00:00+00:00,0.164500
2026-04-15T06:15:00+00:00,0.141880
2026-04-15T06:30:00+00:00,0.135770
2026-04-15T06:45:00+00:00,0.114250
2026-04-15T07:00:00+00:00,0.130000
2026-04-15T07:15:00+00:00,0.121940
2026-04-15T07:30:00+00:00,0.108940
2026-04-15T07:45:00+00:00,0.103110
2026-04-15T08:00:00+00:00,0.126000
2026-04-15T08:15:00+00:00,0.095080
2026-04-15T08:30:00+00:00,0.084380
2026-04-15T08:45:00+00:00,0.073590
2026-04-15T09:00:00+00:00,0.088070
2026-04-15T09:15:00+00:00,0.075120
2026-04-15T09:30:00+00:00,0.063850
2026-04-15T09:45:00+00:00,0.048710
2026-04-15T10:00:00+00:00,0.060260
2026-04-15T10:15:00+00:00,0.050050
2026-04-15T10:30:00+00:00,0.047500
2026-04-15T10:45:00+00:00,0.042190
2026-04-15T11:00:00+00:00,0.041060
2026-04-15T11:15:00+00:00,0.040660
2026-04-15T11:30:00+00:00,0.041960
2026-04-15T11:45:00+00:00,0.045910
2026-04-15T12:00:00+00:00,0.034980
2026-04-15T12:15:00+00:00,0.053490
2026-04-15T12:30:00+00:00,0.063970
2026-04-15T12:45:00+00:00,0.075370
2026-04-15T13:00:00+00:00,0.056710
2026-04-15T13:15:00+00:00,0.066190
2026-04-15T13:30:00+00:00,0.074890
2026-04-15T13:45:00+00:00,0.084440
2026-04-15T14:00:00+00:00,0.074770
2026-04-15T14:15:00+00:00,0.085250
2026-04-15T14:30:00+00:00,0.092430
2026-04-15T14:45:00+00:00,0.098260
2026-04-15T15:00:00+00:00,0.096340
2026-04-15T15:15:00+00:00,0.104660
2026-04-15T15:30:00+00:00,0.116600
2026-04-15T15:45:00+00:00,0.126830
2026-04-15T16:00:00+00:00,0.114660
2026-04-15T16:15:00+00:00,0.121600
2026-04-15T16:30:00+00:00,0.133690
2026-04-15T16:45:00+00:00,0.148650
2026-04-15T17:00:00+00:00,0.146490
2026-04-15T17:15:00+00:00,0.161090
2026-04-15T17:30:00+00:00,0.165320
2026-04-15T17:45:00+00:00,0.190210
2026-04-15T18:00:00+00:00,0.188660
2026-04-15T18:15:00+00:00,0.177520
2026-04-15T18:30:00+00:00,0.172380
2026-04-15T18:45:00+00:00,0.152240
2026-04-15T19:00:00+00:00,0.166070
2026-04-15T19:15:00+00:00,0.146890
2026-04-15T19:30:00+00:00,0.139970
2026-04-15T19:45:00+00:00,0.125730
2026-04-15T20:00:00+00:00,0.140370
2026-04-15T20:15:00+00:00,0.132580
2026-04-15T20:30:00+00:00,0.126760
2026-04-15T20:45:00+00:00,0.123150
2026-04-15T21:00:00+00:00,0.130110
2026-04-15T21:15:00+00:00,0.120710
2026-04-15T21:30:00+00:00,0.112290
2026-04-15T21:45:00+00:00,0.103400
2026-04-15T22:00:00+00:00,0.111260
2026-04-15T22:15:00+00:00,0.107130
2026-04-15T22:30:00+00:00,0.102380
2026-04-15T22:45:00+00:00,0.099010
2026-04-15T23:00:00+00:00,0.103080
2026-04-15T23:15:00+00:00,0.099690
2026-04-15T23:30:00+00:00,0.099190
2026-04-15T23:45:00+00:00,0.098450
2026-04-16T00:00:00+00:00,0.098640
2026-04-16T00:15:00+00:00,0.097970
2026-04-16T00:30:00+00:00,0.097890
2026-04-16T00:45:00+00:00,0.095760
2026-04-16T01:00:00+00:00,0.096050
2026-04-16T01:15:00+00:00,0.096300
2026-04-16T01:30:00+00:00,0.098010
2026-04-16T01:45:00+00:00,0.096200
2026-04-16T02:00:00+00:00,0.095110
2026-04-16T02:15:00+00:00,0.097290
2026-04-16T02:30:00+00:00,0.100980
2026-04-16T02:45:00+00:00,0.104100
2026-04-16T03:00:00+00:00,0.098120
2026-04-16T03:15:00+00:00,0.101690
2026-04-16T03:30:00+00:00,0.109220
2026-04-16T03:45:00+00:00,0.120510
2026-04-16T04:00:00+00:00,0.121150
2026-04-16T04:15:00+00:00,0.130870
2026-04-16T04:30:00+00:00,0.137940
2026-04-16T04:45:00+00:00,0.149640
2026-04-16T05:00:00+00:00,0.146070
2026-04-16T05:15:00+00:00,0.146400
2026-04-16T05:30:00+00:00,0.141410
2026-04-16T05:45:00+00:00,0.133420
2026-04-16T06:00:00+00:00,0.159650
2026-04-16T06:15:00+00:00,0.139510
2026-04-16T06:30:00+00:00,0.128530
2026-04-16T06:45:00+00:00,0.101970
2026-04-16T07:00:00+00:00,0.123460
2026-04-16T07:15:00+00:00,0.109990
2026-04-16T07:30:00+00:00,0.102590
2026-04-16T07:45:00+00:00,0.102400
2026-04-16T08:00:00+00:00,0.120190
2026-04-16T08:15:00+00:00,0.097500
2026-04-16T08:30:00+00:00,0.086160
2026-04-16T08:45:00+00:00,0.060870
2026-04-16T09:00:00+00:00,0.086950
2026-04-16T09:15:00+00:00,0.074140
2026-04-16T09:30:00+00:00,0.058530
2026-04-16T09:45:00+00:00,0.045620
2026-04-16T10:00:00+00:00,0.072150
2026-04-16T10:15:00+00:00,0.056290
2026-04-16T10:30:00+00:00,0.048470
2026-04-16T10:45:00+00:00,0.037940
2026-04-16T11:00:00+00:00,0.050000
2026-04-16T11:15:00+00:00,0.043710
2026-04-16T11:30:00+00:00,0.036660
2026-04-16T11:45:00+00:00,0.029640
2026-04-16T12:00:00+00:00,0.031580
2026-04-16T12:15:00+00:00,0.043000
2026-04-16T12:30:00+00:00,0.052080
2026-04-16T12:45:00+00:00,0.058990
2026-04-16T13:00:00+00:00,0.046050
2026-04-16T13:15:00+00:00,0.056010
2026-04-16T13:30:00+00:00,0.066190
2026-04-16T13:45:00+00:00,0.079000
2026-04-16T14:00:00+00:00,0.057180
2026-04-16T14:15:00+00:00,0.076040
2026-04-16T14:30:00+00:00,0.088520
2026-04-16T14:45:00+00:00,0.094260
2026-04-16T15:00:00+00:00,0.085140
2026-04-16T15:15:00+00:00,0.100010
2026-04-16T15:30:00+00:00,0.117350
2026-04-16T15:45:00+00:00,0.121660
2026-04-16T16:00:00+00:00,0.095440
2026-04-16T16:15:00+00:00,0.120680
2026-04-16T16:30:00+00:00,0.132310
2026-04-16T16:45:00+00:00,0.147570
2026-04-16T17:00:00+00:00,0.130600
2026-04-16T17:15:00+00:00,0.148390
2026-04-16T17:30:00+00:00,0.162590
2026-04-16T17:45:00+00:00,0.197380
2026-04-16T18:00:00+00:00,0.185170
2026-04-16T18:15:00+00:00,0.187930
2026-04-16T18:30:00+00:00,0.179490
2026-04-16T18:45:00+00:00,0.170060
2026-04-16T19:00:00+00:00,0.169500
2026-04-16T19:15:00+00:00,0.157550
2026-04-16T19:30:00+00:00,0.144540
2026-04-16T19:45:00+00:00,0.135200
2026-04-16T20:00:00+00:00,0.148670
2026-04-16T20:15:00+00:00,0.139510
2026-04-16T20:30:00+00:00,0.134870
2026-04-16T20:45:00+00:00,0.125990
2026-04-16T21:00:00+00:00,0.132570
2026-04-16T21:15:00+00:00,0.127050
2026-04-16T21:30:00+00:00,0.124580
2026-04-16T21:45:00+00:00,0.118460
2026-04-16T22:00:00+00:00,0.128480
2026-04-16T22:15:00+00:00,0.123410
2026-04-16T22:30:00+00:00,0.118370
2026-04-16T22:45:00+00:00,0.115940
2026-04-16T23:00:00+00:00,0.118000
2026-04-16T23:15:00+00:00,0.117060
2026-04-16T23:30:00+00:00,0.113960
2026-04-16T23:45:00+00:00,0.112770
2026-04-17T00:00:00+00:00,0.113040
2026-04-17T00:15:00+00:00,0.112770
2026-04-17T00:30:00+00:00,0.112310
2026-04-17T00:45:00+00:00,0.112010
2026-04-17T01:00:00+00:00,0.109220
2026-04-17T01:15:00+00:00,0.107670
2026-04-17T01:30:00+00:00,0.108100
2026-04-17T01:45:00+00:00,0.107910
2026-04-17T02:00:00+00:00,0.109710
2026-04-17T02:15:00+00:00,0.109580
2026-04-17T02:30:00+00:00,0.110750
2026-04-17T02:45:00+00:00,0.112650
2026-04-17T03:00:00+00:00,0.108150
2026-04-17T03:15:00+00:00,0.112690
2026-04-17T03:30:00+00:00,0.118940
2026-04-17T03:45:00+00:00,0.135960
2026-04-17T04:00:00+00:00,0.128340
2026-04-17T04:15:00+00:00,0.147960
2026-04-17T04:30:00+00:00,0.146540
2026-04-17T04:45:00+00:00,0.151700
2026-04-17T05:00:00+00:00,0.154950
2026-04-17T05:15:00+00:00,0.149010
2026-04-17T05:30:00+00:00,0.146020
2026-04-17T05:45:00+00:00,0.133950
2026-04-17T06:00:00+00:00,0.153450
2026-04-17T06:15:00+00:00,0.134120
2026-04-17T06:30:00+00:00,0.118750
2026-04-17T06:45:00+00:00,0.097330
2026-04-17T07:00:00+00:00,0.123020
2026-04-17T07:15:00+00:00,0.106600
2026-04-17T07:30:00+00:00,0.093680
2026-04-17T07:45:00+00:00,0.092890
2026-04-17T08:00:00+00:00,0.116370
2026-04-17T08:15:00+00:00,0.107300
2026-04-17T08:30:00+00:00,0.097160
2026-04-17T08:45:00+00:00,0.061090
2026-04-17T09:00:00+00:00,0.106010
2026-04-17T09:15:00+00:00,0.079270
2026-04-17T09:30:00+00:00,0.059760
2026-04-17T09:45:00+00:00,0.037980
2026-04-17T10:00:00+00:00,0.066620
2026-04-17T10:15:00+00:00,0.047330
2026-04-17T10:30:00+00:00,0.034460
2026-04-17T10:45:00+00:00,0.033960
2026-04-17T11:00:00+00:00,0.036720
2026-04-17T11:15:00+00:00,0.036840
2026-04-17T11:30:00+00:00,0.038570
2026-04-17T11:45:00+00:00,0.043490
2026-04-17T12:00:00+00:00,0.030620
2026-04-17T12:15:00+00:00,0.038200
2026-04-17T12:30:00+00:00,0.050100
2026-04-17T12:45:00+00:00,0.068920
2026-04-17T13:00:00+00:00,0.028390
2026-04-17T13:15:00+00:00,0.051460
2026-04-17T13:30:00+00:00,0.080570
2026-04-17T13:45:00+00:00,0.100000
2026-04-17T14:00:00+00:00,0.058690
2026-04-17T14:15:00+00:00,0.078310
2026-04-17T14:30:00+00:00,0.088130
2026-04-17T14:45:00+00:00,0.100840
2026-04-17T15:00:00+00:00,0.102280
2026-04-17T15:15:00+00:00,0.099910
2026-04-17T15:30:00+00:00,0.104960
2026-04-17T15:45:00+00:00,0.106930
2026-04-17T16:00:00+00:00,0.112180
2026-04-17T16:15:00+00:00,0.111870
2026-04-17T16:30:00+00:00,0.124590
2026-04-17T16:45:00+00:00,0.132400
2026-04-17T17:00:00+00:00,0.131640
2026-04-17T17:15:00+00:00,0.139780
2026-04-17T17:30:00+00:00,0.152460
2026-04-17T17:45:00+00:00,0.178160
2026-04-17T18:00:00+00:00,0.161830
2026-04-17T18:15:00+00:00,0.157940
2026-04-17T18:30:00+00:00,0.150100
2026-04-17T18:45:00+00:00,0.143240
2026-04-17T19:00:00+00:00,0.152700
2026-04-17T19:15:00+00:00,0.139560
2026-04-17T19:30:00+00:00,0.134030
2026-04-17T19:45:00+00:00,0.121050
2026-04-17T20:00:00+00:00,0.134380
2026-04-17T20:15:00+00:00,0.123950
2026-04-17T20:30:00+00:00,0.118760
2026-04-17T20:45:00+00:00,0.113290
2026-04-17T21:00:00+00:00,0.115480
2026-04-17T21:15:00+00:00,0.112630
2026-04-17T21:30:00+00:00,0.109670
2026-04-17T21:45:00+00:00,0.108080
2026-04-17T22:00:00+00:00,0.121220
2026-04-17T22:15:00+00:00,0.116600
2026-04-17T22:30:00+00:00,0.109670
2026-04-17T22:45:00+00:00,0.107610
2026-04-17T23:00:00+00:00,0.111460
2026-04-17T23:15:00+00:00,0.108860
2026-04-17T23:30:00+00:00,0.108090
2026-04-17T23:45:00+00:00,0.104870
2026-04-18T00:00:00+00:00,0.107010
2026-04-18T00:15:00+00:00,0.105910
2026-04-18T00:30:00+00:00,0.106440
2026-04-18T00:45:00+00:00,0.105810
2026-04-18T01:00:00+00:00,0.104640
2026-04-18T01:15:00+00:00,0.103460
2026-04-18T01:30:00+00:00,0.103500
2026-04-18T01:45:00+00:00,0.103470
2026-04-18T02:00:00+00:00,0.103630
2026-04-18T02:15:00+00:00,0.104200
2026-04-18T02:30:00+00:00,0.104420
2026-04-18T02:45:00+00:00,0.105750
2026-04-18T03:00:00+00:00,0.106100
2026-04-18T03:15:00+00:00,0.105840
2026-04-18T03:30:00+00:00,0.107300
2026-04-18T03:45:00+00:00,0.106900
2026-04-18T04:00:00+00:00,0.108180
2026-04-18T04:15:00+00:00,0.107720
2026-04-18T04:30:00+00:00,0.109800
2026-04-18T04:45:00+00:00,0.102620
2026-04-18T05:00:00+00:00,0.106250
2026-04-18T05:15:00+00:00,0.107900
2026-04-18T05:30:00+00:00,0.107580
2026-04-18T05:45:00+00:00,0.094210
2026-04-18T06:00:00+00:00,0.105820
2026-04-18T06:15:00+00:00,0.104260
2026-04-18T06:30:00+00:00,0.102410
2026-04-18T06:45:00+00:00,0.094160
2026-04-18T07:00:00+00:00,0.101670
2026-04-18T07:15:00+00:00,0.100000
2026-04-18T07:30:00+00:00,0.085950
2026-04-18T07:45:00+00:00,0.060100
2026-04-18T08:00:00+00:00,0.117970
2026-04-18T08:15:00+00:00,0.065140
2026-04-18T08:30:00+00:00,0.036110
2026-04-18T08:45:00+00:00,0.033060
2026-04-18T09:00:00+00:00,0.041400
2026-04-18T09:15:00+00:00,0.040940
2026-04-18T09:30:00+00:00,0.041430
2026-04-18T09:45:00+00:00,0.040100
2026-04-18T10:00:00+00:00,0.033020
2026-04-18T10:15:00+00:00,0.033090
2026-04-18T10:30:00+00:00,0.030870
2026-04-18T10:45:00+00:00,0.031420
2026-04-18T11:00:00+00:00,0.033640
2026-04-18T11:15:00+00:00,0.033010
2026-04-18T11:30:00+00:00,0.034840
2026-04-18T11:45:00+00:00,0.034670
2026-04-18T12:00:00+00:00,0.033500
2026-04-18T12:15:00+00:00,0.033600
2026-04-18T12:30:00+00:00,0.034780
2026-04-18T12:45:00+00:00,0.037150
2026-04-18T13:00:00+00:00,0.019980
2026-04-18T13:15:00+00:00,0.028550
2026-04-18T13:30:00+00:00,0.043920
2026-04-18T13:45:00+00:00,0.041840
2026-04-18T14:00:00+00:00,0.025050
2026-04-18T14:15:00+00:00,0.050170
2026-04-18T14:30:00+00:00,0.084140
2026-04-18T14:45:00+00:00,0.105840
2026-04-18T15:00:00+00:00,0.070620
2026-04-18T15:15:00+00:00,0.085810
2026-04-18T15:30:00+00:00,0.102380
2026-04-18T15:45:00+00:00,0.110000
2026-04-18T16:00:00+00:00,0.106070
2026-04-18T16:15:00+00:00,0.111950
2026-04-18T16:30:00+00:00,0.122360
2026-04-18T16:45:00+00:00,0.129990
2026-04-18T17:00:00+00:00,0.114850
2026-04-18T17:15:00+00:00,0.128170
2026-04-18T17:30:00+00:00,0.138390
2026-04-18T17:45:00+00:00,0.143220
2026-04-18T18:00:00+00:00,0.140100
2026-04-18T18:15:00+00:00,0.146710
2026-04-18T18:30:00+00:00,0.146890
2026-04-18T18:45:00+00:00,0.143010
2026-04-18T19:00:00+00:00,0.150270
2026-04-18T19:15:00+00:00,0.140940
2026-04-18T19:30:00+00:00,0.130750
2026-04-18T19:45:00+00:00,0.128980
2026-04-18T20:00:00+00:00,0.126920
2026-04-18T20:15:00+00:00,0.126190
2026-04-18T20:30:00+00:00,0.123080
2026-04-18T20:45:00+00:00,0.122520
2026-04-18T21:00:00+00:00,0.126490
2026-04-18T21:15:00+00:00,0.122860
2026-04-18T21:30:00+00:00,0.121910
2026-04-18T21:45:00+00:00,0.114600
2026-04-18T22:00:00+00:00,0.122020
2026-04-18T22:15:00+00:00,0.114640
2026-04-18T22:30:00+00:00,0.113390
2026-04-18T22:45:00+00:00,0.111920
2026-04-18T23:00:00+00:00,0.112280
2026-04-18T23:15:00+00:00,0.103570
2026-04-18T23:30:00+00:00,0.104140
2026-04-18T23:45:00+00:00,0.100900
2026-04-19T00:00:00+00:00,0.111680
2026-04-19T00:15:00+00:00,0.109980
2026-04-19T00:30:00+00:00,0.108860
2026-04-19T00:45:00+00:00,0.106270
2026-04-19T01:00:00+00:00,0.108360
2026-04-19T01:15:00+00:00,0.105390
2026-04-19T01:30:00+00:00,0.100870
2026-04-19T01:45:00+00:00,0.098370
2026-04-19T02:00:00+00:00,0.105540
2026-04-19T02:15:00+00:00,0.105400
2026-04-19T02:30:00+00:00,0.102200
2026-04-19T02:45:00+00:00,0.100710
2026-04-19T03:00:00+00:00,0.097410
2026-04-19T03:15:00+00:00,0.096870
2026-04-19T03:30:00+00:00,0.097910
2026-04-19T03:45:00+00:00,0.099610
2026-04-19T04:00:00+00:00,0.099200
2026-04-19T04:15:00+00:00,0.098820
2026-04-19T04:30:00+00:00,0.103890
2026-04-19T04:45:00+00:00,0.100920
2026-04-19T05:00:00+00:00,0.104690
2026-04-19T05:15:00+00:00,0.100440
2026-04-19T05:30:00+00:00,0.096070
2026-04-19T05:45:00+00:00,0.090530
2026-04-19T06:00:00+00:00,0.112550
2026-04-19T06:15:00+00:00,0.100220
2026-04-19T06:30:00+00:00,0.092150
2026-04-19T06:45:00+00:00,0.084090
2026-04-19T07:00:00+00:00,0.099070
2026-04-19T07:15:00+00:00,0.086440
2026-04-19T07:30:00+00:00,0.086370
2026-04-19T07:45:00+00:00,0.078760
2026-04-19T08:00:00+00:00,0.078270
2026-04-19T08:15:00+00:00,0.066850
2026-04-19T08:30:00+00:00,0.058010
2026-04-19T08:45:00+00:00,0.042140
2026-04-19T09:00:00+00:00,0.045750
2026-04-19T09:15:00+00:00,0.036120
2026-04-19T09:30:00+00:00,0.021710
2026-04-19T09:45:00+00:00,0.009680
2026-04-19T10:00:00+00:00,0.030910
2026-04-19T10:15:00+00:00,0.001320
2026-04-19T10:30:00+00:00,0.000000
2026-04-19T10:45:00+00:00,-0.000010
2026-04-19T11:00:00+00:00,0.000000
2026-04-19T11:15:00+00:00,-0.000090
2026-04-19T11:30:00+00:00,-0.001200
2026-04-19T11:45:00+00:00,-0.002100
2026-04-19T12:00:00+00:00,-0.002100
2026-04-19T12:15:00+00:00,-0.002490
2026-04-19T12:30:00+00:00,-0.003040
2026-04-19T12:45:00+00:00,-0.004390
2026-04-19T13:00:00+00:00,-0.003210
2026-04-19T13:15:00+00:00,-0.002800
2026-04-19T13:30:00+00:00,-0.002010
2026-04-19T13:45:00+00:00,-0.001000
2026-04-19T14:00:00+00:00,-0.001310
2026-04-19T14:15:00+00:00,-0.000630
2026-04-19T14:30:00+00:00,0.011500
2026-04-19T14:45:00+00:00,0.044360
2026-04-19T15:00:00+00:00,0.024750
2026-04-19T15:15:00+00:00,0.059450
2026-04-19T15:30:00+00:00,0.078220
2026-04-19T15:45:00+00:00,0.098900
2026-04-19T16:00:00+00:00,0.085350
2026-04-19T16:15:00+00:00,0.097520
2026-04-19T16:30:00+00:00,0.110050
2026-04-19T16:45:00+00:00,0.122500
2026-04-19T17:00:00+00:00,0.110730
2026-04-19T17:15:00+00:00,0.115840
2026-04-19T17:30:00+00:00,0.118780
2026-04-19T17:45:00+00:00,0.121880
2026-04-19T18:00:00+00:00,0.120370
2026-04-19T18:15:00+00:00,0.124470
2026-04-19T18:30:00+00:00,0.126330
2026-04-19T18:45:00+00:00,0.127400
2026-04-19T19:00:00+00:00,0.129600
2026-04-19T19:15:00+00:00,0.121480
2026-04-19T19:30:00+00:00,0.119120
2026-04-19T19:45:00+00:00,0.118360
2026-04-19T20:00:00+00:00,0.121740
2026-04-19T20:15:00+00:00,0.119480
2026-04-19T20:30:00+00:00,0.119940
2026-04-19T20:45:00+00:00,0.115090
2026-04-19T21:00:00+00:00,0.115610
2026-04-19T21:15:00+00:00,0.111970
2026-04-19T21:30:00+00:00,0.110860
2026-04-19T21:45:00+00:00,0.106760
2026-04-19T22:00:00+00:00,0.125000
2026-04-19T22:15:00+00:00,0.110800
2026-04-19T22:30:00+00:00,0.106840
2026-04-19T22:45:00+00:00,0.107090
2026-04-19T23:00:00+00:00,0.107280
2026-04-19T23:15:00+00:00,0.104140
2026-04-19T23:30:00+00:00,0.104100
2026-04-19T23:45:00+00:00,0.100900
2026-04-20T00:00:00+00:00,0.107780
2026-04-20T00:15:00+00:00,0.103590
2026-04-20T00:30:00+00:00,0.103570
2026-04-20T00:45:00+00:00,0.102680
2026-04-20T01:00:00+00:00,0.102790
2026-04-20T01:15:00+00:00,0.102130
2026-04-20T01:30:00+00:00,0.102860
2026-04-20T01:45:00+00:00,0.101160
2026-04-20T02:00:00+00:00,0.101110
2026-04-20T02:15:00+00:00,0.101320
2026-04-20T02:30:00+00:00,0.102260
2026-04-20T02:45:00+00:00,0.109380
2026-04-20T03:00:00+00:00,0.093630
2026-04-20T03:15:00+00:00,0.103200
2026-04-20T03:30:00+00:00,0.111100
2026-04-20T03:45:00+00:00,0.125870
2026-04-20T04:00:00+00:00,0.109010
2026-04-20T04:15:00+00:00,0.122210
2026-04-20T04:30:00+00:00,0.135210
2026-04-20T04:45:00+00:00,0.129570
2026-04-20T05:00:00+00:00,0.157470
2026-04-20T05:15:00+00:00,0.171700
2026-04-20T05:30:00+00:00,0.159540
2026-04-20T05:45:00+00:00,0.136390
2026-04-20T06:00:00+00:00,0.200950
2026-04-20T06:15:00+00:00,0.152520
2026-04-20T06:30:00+00:00,0.127170
2026-04-20T06:45:00+00:00,0.114100
2026-04-20T07:00:00+00:00,0.173270
2026-04-20T07:15:00+00:00,0.121670
2026-04-20T07:30:00+00:00,0.102310
2026-04-20T07:45:00+00:00,0.080680
2026-04-20T08:00:00+00:00,0.123370
2026-04-20T08:15:00+00:00,0.094780
2026-04-20T08:30:00+00:00,0.090630
2026-04-20T08:45:00+00:00,0.079730
2026-04-20T09:00:00+00:00,0.101490
2026-04-20T09:15:00+00:00,0.087430
2026-04-20T09:30:00+00:00,0.076730
2026-04-20T09:45:00+00:00,0.056910
2026-04-20T10:00:00+00:00,0.073640
2026-04-20T10:15:00+00:00,0.051710
2026-04-20T10:30:00+00:00,0.045130
2026-04-20T10:45:00+00:00,0.034250
2026-04-20T11:00:00+00:00,0.047140
2026-04-20T11:15:00+00:00,0.040000
2026-04-20T11:30:00+00:00,0.034600
2026-04-20T11:45:00+00:00,0.029590
2026-04-20T12:00:00+00:00,0.022940
2026-04-20T12:15:00+00:00,0.029900
2026-04-20T12:30:00+00:00,0.040810
2026-04-20T12:45:00+00:00,0.053780
2026-04-20T13:00:00+00:00,0.042560
2026-04-20T13:15:00+00:00,0.058300
2026-04-20T13:30:00+00:00,0.071300
2026-04-20T13:45:00+00:00,0.083330
2026-04-20T14:00:00+00:00,0.061170
2026-04-20T14:15:00+00:00,0.068400
2026-04-20T14:30:00+00:00,0.078930
2026-04-20T14:45:00+00:00,0.091640
2026-04-20T15:00:00+00:00,0.081590
2026-04-20T15:15:00+00:00,0.087730
2026-04-20T15:30:00+00:00,0.107990
2026-04-20T15:45:00+00:00,0.125360
2026-04-20T16:00:00+00:00,0.103640
2026-04-20T16:15:00+00:00,0.119180
2026-04-20T16:30:00+00:00,0.118170
2026-04-20T16:45:00+00:00,0.130010
2026-04-20T17:00:00+00:00,0.118480
2026-04-20T17:15:00+00:00,0.122560
2026-04-20T17:30:00+00:00,0.132710
2026-04-20T17:45:00+00:00,0.157610
2026-04-20T18:00:00+00:00,0.129230
2026-04-20T18:15:00+00:00,0.130080
2026-04-20T18:30:00+00:00,0.128380
2026-04-20T18:45:00+00:00,0.129730
2026-04-20T19:00:00+00:00,0.130050
2026-04-20T19:15:00+00:00,0.123020
2026-04-20T19:30:00+00:00,0.121270
2026-04-20T19:45:00+00:00,0.118980
2026-04-20T20:00:00+00:00,0.119280
2026-04-20T20:15:00+00:00,0.113850
2026-04-20T20:30:00+00:00,0.116120
2026-04-20T20:45:00+00:00,0.105800
2026-04-20T21:00:00+00:00,0.109900
2026-04-20T21:15:00+00:00,0.100130
2026-04-20T21:30:00+00:00,0.097310
2026-04-20T21:45:00+00:00,0.089090
2026-04-20T22:00:00+00:00,0.101590
2026-04-20T22:15:00+00:00,0.099820
2026-04-20T22:30:00+00:00,0.098600
2026-04-20T22:45:00+00:00,0.091670
2026-04-20T23:00:00+00:00,0.095870
2026-04-20T23:15:00+00:00,0.092300
2026-04-20T23:30:00+00:00,0.096270
2026-04-20T23:45:00+00:00,0.092060
2026-04-21T00:00:00+00:00,0.091980
2026-04-21T00:15:00+00:00,0.091980
2026-04-21T00:30:00+00:00,0.093220
2026-04-21T00:45:00+00:00,0.092930
2026-04-21T01:00:00+00:00,0.092300
2026-04-21T01:15:00+00:00,0.092550
2026-04-21T01:30:00+00:00,0.092870
2026-04-21T01:45:00+00:00,0.101710
2026-04-21T02:00:00+00:00,0.091580
2026-04-21T02:15:00+00:00,0.095100
2026-04-21T02:30:00+00:00,0.094770
2026-04-21T02:45:00+00:00,0.098640
2026-04-21T03:00:00+00:00,0.088410
2026-04-21T03:15:00+00:00,0.091450
2026-04-21T03:30:00+00:00,0.097880
2026-04-21T03:45:00+00:00,0.103640
2026-04-21T04:00:00+00:00,0.105560
2026-04-21T04:15:00+00:00,0.116480
2026-04-21T04:30:00+00:00,0.119100
2026-04-21T04:45:00+00:00,0.126900
2026-04-21T05:00:00+00:00,0.140930
2026-04-21T05:15:00+00:00,0.139140
2026-04-21T05:30:00+00:00,0.128510
2026-04-21T05:45:00+00:00,0.117320
2026-04-21T06:00:00+00:00,0.141140
2026-04-21T06:15:00+00:00,0.124120
2026-04-21T06:30:00+00:00,0.115070
2026-04-21T06:45:00+00:00,0.095460
2026-04-21T07:00:00+00:00,0.132480
2026-04-21T07:15:00+00:00,0.111000
2026-04-21T07:30:00+00:00,0.085830
2026-04-21T07:45:00+00:00,0.053980
2026-04-21T08:00:00+00:00,0.081070
2026-04-21T08:15:00+00:00,0.071460
2026-04-21T08:30:00+00:00,0.048180
2026-04-21T08:45:00+00:00,0.015730
2026-04-21T09:00:00+00:00,0.038810
2026-04-21T09:15:00+00:00,0.022210
2026-04-21T09:30:00+00:00,0.010750
2026-04-21T09:45:00+00:00,0.000010
2026-04-21T10:00:00+00:00,0.000000
2026-04-21T10:15:00+00:00,-0.002030
2026-04-21T10:30:00+00:00,-0.002050
2026-04-21T10:45:00+00:00,-0.002310
2026-04-21T11:00:00+00:00,-0.004000
2026-04-21T11:15:00+00:00,-0.007040
2026-04-21T11:30:00+00:00,-0.007040
2026-04-21T11:45:00+00:00,-0.007040
2026-04-21T12:00:00+00:00,-0.009900
2026-04-21T12:15:00+00:00,-0.009020
2026-04-21T12:30:00+00:00,-0.007050
2026-04-21T12:45:00+00:00,-0.006520
2026-04-21T13:00:00+00:00,-0.005100
2026-04-21T13:15:00+00:00,-0.004000
2026-04-21T13:30:00+00:00,-0.002080
2026-04-21T13:45:00+00:00,-0.002040
2026-04-21T14:00:00+00:00,-0.002060
2026-04-21T14:15:00+00:00,-0.001400
2026-04-21T14:30:00+00:00,0.000000
2026-04-21T14:45:00+00:00,0.037040
2026-04-21T15:00:00+00:00,0.024210
2026-04-21T15:15:00+00:00,0.053690
2026-04-21T15:30:00+00:00,0.075560
2026-04-21T15:45:00+00:00,0.091160
2026-04-21T16:00:00+00:00,0.072460
2026-04-21T16:15:00+00:00,0.082840
2026-04-21T16:30:00+00:00,0.105940
2026-04-21T16:45:00+00:00,0.121290
2026-04-21T17:00:00+00:00,0.102410
2026-04-21T17:15:00+00:00,0.117210
2026-04-21T17:30:00+00:00,0.125170
2026-04-21T17:45:00+00:00,0.140650
2026-04-21T18:00:00+00:00,0.137130
2026-04-21T18:15:00+00:00,0.134020
2026-04-21T18:30:00+00:00,0.129700
2026-04-21T18:45:00+00:00,0.121540
2026-04-21T19:00:00+00:00,0.132960
2026-04-21T19:15:00+00:00,0.122150
2026-04-21T19:30:00+00:00,0.115270
2026-04-21T19:45:00+00:00,0.113500
2026-04-21T20:00:00+00:00,0.118530
2026-04-21T20:15:00+00:00,0.113930
2026-04-21T20:30:00+00:00,0.113230
2026-04-21T20:45:00+00:00,0.108900
2026-04-21T21:00:00+00:00,0.106050
2026-04-21T21:15:00+00:00,0.105540
2026-04-21T21:30:00+00:00,0.100190
2026-04-21T21:45:00+00:00,0.095740
2026-04-21T22:00:00+00:00,0.100460
2026-04-21T22:15:00+00:00,0.098740
2026-04-21T22:30:00+00:00,0.098080
2026-04-21T22:45:00+00:00,0.094440
2026-04-21T23:00:00+00:00,0.098000
2026-04-21T23:15:00+00:00,0.096230
2026-04-21T23:30:00+00:00,0.094890
2026-04-21T23:45:00+00:00,0.094180
2026-04-22T00:00:00+00:00,0.101020
2026-04-22T00:15:00+00:00,0.095580
2026-04-22T00:30:00+00:00,0.096280
2026-04-22T00:45:00+00:00,0.092280
2026-04-22T01:00:00+00:00,0.094190
2026-04-22T01:15:00+00:00,0.094300
2026-04-22T01:30:00+00:00,0.098600
2026-04-22T01:45:00+00:00,0.099370
2026-04-22T02:00:00+00:00,0.093980
2026-04-22T02:15:00+00:00,0.094090
2026-04-22T02:30:00+00:00,0.095900
2026-04-22T02:45:00+00:00,0.101690
2026-04-22T03:00:00+00:00,0.093040
2026-04-22T03:15:00+00:00,0.101100
2026-04-22T03:30:00+00:00,0.107740
2026-04-22T03:45:00+00:00,0.120900
2026-04-22T04:00:00+00:00,0.111510
2026-04-22T04:15:00+00:00,0.120880
2026-04-22T04:30:00+00:00,0.132150
2026-04-22T04:45:00+00:00,0.131930
2026-04-22T05:00:00+00:00,0.154980
2026-04-22T05:15:00+00:00,0.143220
2026-04-22T05:30:00+00:00,0.128920
2026-04-22T05:45:00+00:00,0.110890
2026-04-22T06:00:00+00:00,0.135480
2026-04-22T06:15:00+00:00,0.129400
2026-04-22T06:30:00+00:00,0.116010
2026-04-22T06:45:00+00:00,0.073410
2026-04-22T07:00:00+00:00,0.130000
2026-04-22T07:15:00+00:00,0.098870
2026-04-22T07:30:00+00:00,0.070040
2026-04-22T07:45:00+00:00,0.034610
2026-04-22T08:00:00+00:00,0.057790
2026-04-22T08:15:00+00:00,0.015880
2026-04-22T08:30:00+00:00,0.000480
2026-04-22T08:45:00+00:00,-0.001540
2026-04-22T09:00:00+00:00,-0.000140
2026-04-22T09:15:00+00:00,-0.000700
2026-04-22T09:30:00+00:00,-0.000830
2026-04-22T09:45:00+00:00,-0.004790
2026-04-22T10:00:00+00:00,-0.002210
2026-04-22T10:15:00+00:00,-0.005000
2026-04-22T10:30:00+00:00,-0.007040
2026-04-22T10:45:00+00:00,-0.011800
2026-04-22T11:00:00+00:00,-0.012690
2026-04-22T11:15:00+00:00,-0.017490
2026-04-22T11:30:00+00:00,-0.023830
2026-04-22T11:45:00+00:00,-0.024380
2026-04-22T12:00:00+00:00,-0.027150
2026-04-22T12:15:00+00:00,-0.021290
2026-04-22T12:30:00+00:00,-0.014420
2026-04-22T12:45:00+00:00,-0.009900
2026-04-22T13:00:00+00:00,-0.009340
2026-04-22T13:15:00+00:00,-0.005090
2026-04-22T13:30:00+00:00,-0.002090
2026-04-22T13:45:00+00:00,-0.001210
2026-04-22T14:00:00+00:00,-0.001330
2026-04-22T14:15:00+00:00,-0.001370
2026-04-22T14:30:00+00:00,0.000000
2026-04-22T14:45:00+00:00,0.003490
2026-04-22T15:00:00+00:00,0.004230
2026-04-22T15:15:00+00:00,0.026240
2026-04-22T15:30:00+00:00,0.072700
2026-04-22T15:45:00+00:00,0.100100
2026-04-22T16:00:00+00:00,0.065710
2026-04-22T16:15:00+00:00,0.083550
2026-04-22T16:30:00+00:00,0.104900
2026-04-22T16:45:00+00:00,0.118780
2026-04-22T17:00:00+00:00,0.099670
2026-04-22T17:15:00+00:00,0.120200
2026-04-22T17:30:00+00:00,0.131320
2026-04-22T17:45:00+00:00,0.168850
2026-04-22T18:00:00+00:00,0.157490
2026-04-22T18:15:00+00:00,0.148130
2026-04-22T18:30:00+00:00,0.147710
2026-04-22T18:45:00+00:00,0.138160
2026-04-22T19:00:00+00:00,0.137570
2026-04-22T19:15:00+00:00,0.114650
2026-04-22T19:30:00+00:00,0.110850
2026-04-22T19:45:00+00:00,0.107630
2026-04-22T20:00:00+00:00,0.114100
2026-04-22T20:15:00+00:00,0.112140
2026-04-22T20:30:00+00:00,0.110480
2026-04-22T20:45:00+00:00,0.104080
2026-04-22T21:00:00+00:00,0.109470
2026-04-22T21:15:00+00:00,0.107140
2026-04-22T21:30:00+00:00,0.103770
2026-04-22T21:45:00+00:00,0.099930
2026-04-22T22:00:00+00:00,0.118520
2026-04-22T22:15:00+00:00,0.101570
2026-04-22T22:30:00+00:00,0.099620
2026-04-22T22:45:00+00:00,0.096290
2026-04-22T23:00:00+00:00,0.100730
2026-04-22T23:15:00+00:00,0.098520
2026-04-22T23:30:00+00:00,0.097300
2026-04-22T23:45:00+00:00,0.097520
2026-04-23T00:00:00+00:00,0.099190
2026-04-23T00:15:00+00:00,0.108810
2026-04-23T00:30:00+00:00,0.109200
2026-04-23T00:45:00+00:00,0.107600
2026-04-23T01:00:00+00:00,0.110100
2026-04-23T01:15:00+00:00,0.110130
2026-04-23T01:30:00+00:00,0.108400
2026-04-23T01:45:00+00:00,0.110230
2026-04-23T02:00:00+00:00,0.108970
2026-04-23T02:15:00+00:00,0.108260
2026-04-23T02:30:00+00:00,0.110630
2026-04-23T02:45:00+00:00,0.115420
2026-04-23T03:00:00+00:00,0.098020
2026-04-23T03:15:00+00:00,0.108900
2026-04-23T03:30:00+00:00,0.119420
2026-04-23T03:45:00+00:00,0.142740
2026-04-23T04:00:00+00:00,0.114590
2026-04-23T04:15:00+00:00,0.125600
2026-04-23T04:30:00+00:00,0.148280
2026-04-23T04:45:00+00:00,0.167170
2026-04-23T05:00:00+00:00,0.160000
2026-04-23T05:15:00+00:00,0.153300
2026-04-23T05:30:00+00:00,0.148360
2026-04-23T05:45:00+00:00,0.119900
2026-04-23T06:00:00+00:00,0.136830
2026-04-23T06:15:00+00:00,0.137970
2026-04-23T06:30:00+00:00,0.121170
2026-04-23T06:45:00+00:00,0.079300
2026-04-23T07:00:00+00:00,0.145360
2026-04-23T07:15:00+00:00,0.103500
2026-04-23T07:30:00+00:00,0.067220
2026-04-23T07:45:00+00:00,0.006760
2026-04-23T08:00:00+00:00,0.055840
2026-04-23T08:15:00+00:00,0.007530
2026-04-23T08:30:00+00:00,0.002170
2026-04-23T08:45:00+00:00,0.002380
2026-04-23T09:00:00+00:00,0.003900
2026-04-23T09:15:00+00:00,0.005130
2026-04-23T09:30:00+00:00,-0.001030
2026-04-23T09:45:00+00:00,-0.008000
2026-04-23T10:00:00+00:00,-0.009900
2026-04-23T10:15:00+00:00,-0.023520
2026-04-23T10:30:00+00:00,-0.031840
2026-04-23T10:45:00+00:00,-0.045720
2026-04-23T11:00:00+00:00,-0.039810
2026-04-23T11:15:00+00:00,-0.049510
2026-04-23T11:30:00+00:00,-0.051400
2026-04-23T11:45:00+00:00,-0.056740
2026-04-23T12:00:00+00:00,-0.056070
2026-04-23T12:15:00+00:00,-0.050790
2026-04-23T12:30:00+00:00,-0.048000
2026-04-23T12:45:00+00:00,-0.039390
2026-04-23T13:00:00+00:00,-0.038650
2026-04-23T13:15:00+00:00,-0.028050
2026-04-23T13:30:00+00:00,-0.014840
2026-04-23T13:45:00+00:00,-0.009010
2026-04-23T14:00:00+00:00,-0.006440
2026-04-23T14:15:00+00:00,-0.001220
2026-04-23T14:30:00+00:00,-0.000100
2026-04-23T14:45:00+00:00,0.000000
2026-04-23T15:00:00+00:00,-0.000010
2026-04-23T15:15:00+00:00,0.000130
2026-04-23T15:30:00+00:00,0.007350
2026-04-23T15:45:00+00:00,0.080480
2026-04-23T16:00:00+00:00,0.047570
2026-04-23T16:15:00+00:00,0.084000
2026-04-23T16:30:00+00:00,0.113530
2026-04-23T16:45:00+00:00,0.146900
2026-04-23T17:00:00+00:00,0.094590
2026-04-23T17:15:00+00:00,0.116760
2026-04-23T17:30:00+00:00,0.128240
2026-04-23T17:45:00+00:00,0.153480
2026-04-23T18:00:00+00:00,0.131120
2026-04-23T18:15:00+00:00,0.142320
2026-04-23T18:30:00+00:00,0.137300
2026-04-23T18:45:00+00:00,0.129100
2026-04-23T19:00:00+00:00,0.164890
2026-04-23T19:15:00+00:00,0.170220
2026-04-23T19:30:00+00:00,0.147930
2026-04-23T19:45:00+00:00,0.124760
2026-04-23T20:00:00+00:00,0.178290
2026-04-23T20:15:00+00:00,0.152310
2026-04-23T20:30:00+00:00,0.126300
2026-04-23T20:45:00+00:00,0.119900
2026-04-23T21:00:00+00:00,0.154500
2026-04-23T21:15:00+00:00,0.125420
2026-04-23T21:30:00+00:00,0.115380
2026-04-23T21:45:00+00:00,0.107500
2026-04-23T22:00:00+00:00,0.101670
2026-04-23T22:15:00+00:00,0.101270
2026-04-23T22:30:00+00:00,0.098270
2026-04-23T22:45:00+00:00,0.099250
2026-04-23T23:00:00+00:00,0.101390
2026-04-23T23:15:00+00:00,0.099960
2026-04-23T23:30:00+00:00,0.099650
2026-04-23T23:45:00+00:00,0.099520
2026-04-24T00:00:00+00:00,0.101700
2026-04-24T00:15:00+00:00,0.100450
2026-04-24T00:30:00+00:00,0.100360
2026-04-24T00:45:00+00:00,0.100330
2026-04-24T01:00:00+00:00,0.100570
2026-04-24T01:15:00+00:00,0.101380
2026-04-24T01:30:00+00:00,0.102280
2026-04-24T01:45:00+00:00,0.102530
2026-04-24T02:00:00+00:00,0.101980
2026-04-24T02:15:00+00:00,0.097850
2026-04-24T02:30:00+00:00,0.102160
2026-04-24T02:45:00+00:00,0.103940
2026-04-24T03:00:00+00:00,0.103750
2026-04-24T03:15:00+00:00,0.108350
2026-04-24T03:30:00+00:00,0.111770
2026-04-24T03:45:00+00:00,0.114730
2026-04-24T04:00:00+00:00,0.115000
2026-04-24T04:15:00+00:00,0.132160
2026-04-24T04:30:00+00:00,0.129950
2026-04-24T04:45:00+00:00,0.134890
2026-04-24T05:00:00+00:00,0.157900
2026-04-24T05:15:00+00:00,0.150100
2026-04-24T05:30:00+00:00,0.135960
2026-04-24T05:45:00+00:00,0.124700
2026-04-24T06:00:00+00:00,0.182560
2026-04-24T06:15:00+00:00,0.139940
2026-04-24T06:30:00+00:00,0.125070
2026-04-24T06:45:00+00:00,0.090230
2026-04-24T07:00:00+00:00,0.160970
2026-04-24T07:15:00+00:00,0.101530
2026-04-24T07:30:00+00:00,0.087500
2026-04-24T07:45:00+00:00,0.060720
2026-04-24T08:00:00+00:00,0.080000
2026-04-24T08:15:00+00:00,0.022460
2026-04-24T08:30:00+00:00,0.001230
2026-04-24T08:45:00+00:00,0.000000
2026-04-24T09:00:00+00:00,0.000090
2026-04-24T09:15:00+00:00,0.000000
2026-04-24T09:30:00+00:00,-0.000030
2026-04-24T09:45:00+00:00,-0.000200
2026-04-24T10:00:00+00:00,-0.001500
2026-04-24T10:15:00+00:00,-0.004510
2026-04-24T10:30:00+00:00,-0.007050
2026-04-24T10:45:00+00:00,-0.014570
2026-04-24T11:00:00+00:00,-0.015000
2026-04-24T11:15:00+00:00,-0.020050
2026-04-24T11:30:00+00:00,-0.029950
2026-04-24T11:45:00+00:00,-0.039430
2026-04-24T12:00:00+00:00,-0.032630
2026-04-24T12:15:00+00:00,-0.031210
2026-04-24T12:30:00+00:00,-0.029930
2026-04-24T12:45:00+00:00,-0.026000
2026-04-24T13:00:00+00:00,-0.026650
2026-04-24T13:15:00+00:00,-0.019680
2026-04-24T13:30:00+00:00,-0.012810
2026-04-24T13:45:00+00:00,-0.007000
2026-04-24T14:00:00+00:00,-0.005370
2026-04-24T14:15:00+00:00,-0.001000
2026-04-24T14:30:00+00:00,-0.000020
2026-04-24T14:45:00+00:00,0.000010
2026-04-24T15:00:00+00:00,0.000000
2026-04-24T15:15:00+00:00,0.015350
2026-04-24T15:30:00+00:00,0.071750
2026-04-24T15:45:00+00:00,0.098820
2026-04-24T16:00:00+00:00,0.055470
2026-04-24T16:15:00+00:00,0.095300
2026-04-24T16:30:00+00:00,0.119060
2026-04-24T16:45:00+00:00,0.146060
2026-04-24T17:00:00+00:00,0.108360
2026-04-24T17:15:00+00:00,0.123900
2026-04-24T17:30:00+00:00,0.134050
2026-04-24T17:45:00+00:00,0.179960
2026-04-24T18:00:00+00:00,0.141600
2026-04-24T18:15:00+00:00,0.149900
2026-04-24T18:30:00+00:00,0.166970
2026-04-24T18:45:00+00:00,0.164140
2026-04-24T19:00:00+00:00,0.204890
2026-04-24T19:15:00+00:00,0.147460
2026-04-24T19:30:00+00:00,0.132900
2026-04-24T19:45:00+00:00,0.122380
2026-04-24T20:00:00+00:00,0.142420
2026-04-24T20:15:00+00:00,0.134490
2026-04-24T20:30:00+00:00,0.128110
2026-04-24T20:45:00+00:00,0.120410
2026-04-24T21:00:00+00:00,0.128290
2026-04-24T21:15:00+00:00,0.123020
2026-04-24T21:30:00+00:00,0.117900
2026-04-24T21:45:00+00:00,0.110790
2026-04-24T22:00:00+00:00,0.138750
2026-04-24T22:15:00+00:00,0.147960
2026-04-24T22:30:00+00:00,0.126520
2026-04-24T22:45:00+00:00,0.123030
2026-04-24T23:00:00+00:00,0.130100
2026-04-24T23:15:00+00:00,0.131050
2026-04-24T23:30:00+00:00,0.123640
2026-04-24T23:45:00+00:00,0.116800
2026-04-25T00:00:00+00:00,0.120200
2026-04-25T00:15:00+00:00,0.119160
2026-04-25T00:30:00+00:00,0.115360
2026-04-25T00:45:00+00:00,0.110100
2026-04-25T01:00:00+00:00,0.111230
2026-04-25T01:15:00+00:00,0.105730
2026-04-25T01:30:00+00:00,0.104270
2026-04-25T01:45:00+00:00,0.099860
2026-04-25T02:00:00+00:00,0.110100
2026-04-25T02:15:00+00:00,0.112700
2026-04-25T02:30:00+00:00,0.110100
2026-04-25T02:45:00+00:00,0.107300
2026-04-25T03:00:00+00:00,0.100450
2026-04-25T03:15:00+00:00,0.103100
2026-04-25T03:30:00+00:00,0.104890
2026-04-25T03:45:00+00:00,0.115710
2026-04-25T04:00:00+00:00,0.105300
2026-04-25T04:15:00+00:00,0.119930
2026-04-25T04:30:00+00:00,0.132910
2026-04-25T04:45:00+00:00,0.178660
2026-04-25T05:00:00+00:00,0.200100
2026-04-25T05:15:00+00:00,0.136000
2026-04-25T05:30:00+00:00,0.097900
2026-04-25T05:45:00+00:00,0.066000
2026-04-25T06:00:00+00:00,0.284790
2026-04-25T06:15:00+00:00,0.139930
2026-04-25T06:30:00+00:00,0.090100
2026-04-25T06:45:00+00:00,0.014130
2026-04-25T07:00:00+00:00,0.164810
2026-04-25T07:15:00+00:00,0.055010
2026-04-25T07:30:00+00:00,0.000190
2026-04-25T07:45:00+00:00,0.000000
2026-04-25T08:00:00+00:00,0.000180
2026-04-25T08:15:00+00:00,-0.000090
2026-04-25T08:30:00+00:00,-0.001080
2026-04-25T08:45:00+00:00,-0.004290
2026-04-25T09:00:00+00:00,-0.015030
2026-04-25T09:15:00+00:00,-0.030000
2026-04-25T09:30:00+00:00,-0.051400
2026-04-25T09:45:00+00:00,-0.072020
2026-04-25T10:00:00+00:00,-0.070210
2026-04-25T10:15:00+00:00,-0.089810
2026-04-25T10:30:00+00:00,-0.109710
2026-04-25T10:45:00+00:00,-0.131520
2026-04-25T11:00:00+00:00,-0.129770
2026-04-25T11:15:00+00:00,-0.183090
2026-04-25T11:30:00+00:00,-0.189950
2026-04-25T11:45:00+00:00,-0.201270
2026-04-25T12:00:00+00:00,-0.195300
2026-04-25T12:15:00+00:00,-0.193000
2026-04-25T12:30:00+00:00,-0.190390
2026-04-25T12:45:00+00:00,-0.182670
2026-04-25T13:00:00+00:00,-0.166700
2026-04-25T13:15:00+00:00,-0.153680
2026-04-25T13:30:00+00:00,-0.120190
2026-04-25T13:45:00+00:00,-0.093630
2026-04-25T14:00:00+00:00,-0.093570
2026-04-25T14:15:00+00:00,-0.066920
2026-04-25T14:30:00+00:00,-0.038720
2026-04-25T14:45:00+00:00,-0.015880
2026-04-25T15:00:00+00:00,-0.007040
2026-04-25T15:15:00+00:00,-0.000180
2026-04-25T15:30:00+00:00,0.000000
2026-04-25T15:45:00+00:00,0.001330
2026-04-25T16:00:00+00:00,0.001500
2026-04-25T16:15:00+00:00,0.031060
2026-04-25T16:30:00+00:00,0.099970
2026-04-25T16:45:00+00:00,0.207860
2026-04-25T17:00:00+00:00,0.076180
2026-04-25T17:15:00+00:00,0.124030
2026-04-25T17:30:00+00:00,0.122920
2026-04-25T17:45:00+00:00,0.184870
2026-04-25T18:00:00+00:00,0.102800
2026-04-25T18:15:00+00:00,0.131870
2026-04-25T18:30:00+00:00,0.165970
2026-04-25T18:45:00+00:00,0.205000
2026-04-25T19:00:00+00:00,0.206510
2026-04-25T19:15:00+00:00,0.158290
2026-04-25T19:30:00+00:00,0.146990
2026-04-25T19:45:00+00:00,0.112700
2026-04-25T20:00:00+00:00,0.183570
2026-04-25T20:15:00+00:00,0.143160
2026-04-25T20:30:00+00:00,0.140190
2026-04-25T20:45:00+00:00,0.110120
2026-04-25T21:00:00+00:00,0.177480
2026-04-25T21:15:00+00:00,0.155090
2026-04-25T21:30:00+00:00,0.120100
2026-04-25T21:45:00+00:00,0.104920
2026-04-25T22:00:00+00:00,0.100400
2026-04-25T22:15:00+00:00,0.116450
2026-04-25T22:30:00+00:00,0.131180
2026-04-25T22:45:00+00:00,0.131980
2026-04-25T23:00:00+00:00,0.099280
2026-04-25T23:15:00+00:00,0.099280
2026-04-25T23:30:00+00:00,0.102160
2026-04-25T23:45:00+00:00,0.099280
2026-04-26T00:00:00+00:00,0.100100
2026-04-26T00:15:00+00:00,0.096010
2026-04-26T00:30:00+00:00,0.096700
2026-04-26T00:45:00+00:00,0.100150
2026-04-26T01:00:00+00:00,0.106320
2026-04-26T01:15:00+00:00,0.106980
2026-04-26T01:30:00+00:00,0.110550
2026-04-26T01:45:00+00:00,0.124440
2026-04-26T02:00:00+00:00,0.108580
2026-04-26T02:15:00+00:00,0.110930
2026-04-26T02:30:00+00:00,0.126720
2026-04-26T02:45:00+00:00,0.129530
2026-04-26T03:00:00+00:00,0.109800
2026-04-26T03:15:00+00:00,0.111860
2026-04-26T03:30:00+00:00,0.114160
2026-04-26T03:45:00+00:00,0.114450
2026-04-26T04:00:00+00:00,0.122720
2026-04-26T04:15:00+00:00,0.123330
2026-04-26T04:30:00+00:00,0.121850
2026-04-26T04:45:00+00:00,0.113080
2026-04-26T05:00:00+00:00,0.118420
2026-04-26T05:15:00+00:00,0.128760
2026-04-26T05:30:00+00:00,0.118050
2026-04-26T05:45:00+00:00,0.098760
2026-04-26T06:00:00+00:00,0.129720
2026-04-26T06:15:00+00:00,0.108170
2026-04-26T06:30:00+00:00,0.066970
2026-04-26T06:45:00+00:00,0.014100
2026-04-26T07:00:00+00:00,0.005390
2026-04-26T07:15:00+00:00,0.000140
2026-04-26T07:30:00+00:00,-0.000510
2026-04-26T07:45:00+00:00,-0.003240
2026-04-26T08:00:00+00:00,-0.005010
2026-04-26T08:15:00+00:00,-0.019640
2026-04-26T08:30:00+00:00,-0.038000
2026-04-26T08:45:00+00:00,-0.050090
2026-04-26T09:00:00+00:00,-0.072000
2026-04-26T09:15:00+00:00,-0.086910
2026-04-26T09:30:00+00:00,-0.136900
2026-04-26T09:45:00+00:00,-0.213010
2026-04-26T10:00:00+00:00,-0.213360
2026-04-26T10:15:00+00:00,-0.247560
2026-04-26T10:30:00+00:00,-0.255960
2026-04-26T10:45:00+00:00,-0.322100
2026-04-26T11:00:00+00:00,-0.360000
2026-04-26T11:15:00+00:00,-0.375720
2026-04-26T11:30:00+00:00,-0.450880
2026-04-26T11:45:00+00:00,-0.466760
2026-04-26T12:00:00+00:00,-0.479590
2026-04-26T12:15:00+00:00,-0.450730
2026-04-26T12:30:00+00:00,-0.392490
2026-04-26T12:45:00+00:00,-0.328790
2026-04-26T13:00:00+00:00,-0.320520
2026-04-26T13:15:00+00:00,-0.276130
2026-04-26T13:30:00+00:00,-0.225550
2026-04-26T13:45:00+00:00,-0.119770
2026-04-26T14:00:00+00:00,-0.089010
2026-04-26T14:15:00+00:00,-0.044990
2026-04-26T14:30:00+00:00,-0.012000
2026-04-26T14:45:00+00:00,-0.003010
2026-04-26T15:00:00+00:00,-0.002100
2026-04-26T15:15:00+00:00,-0.000130
2026-04-26T15:30:00+00:00,0.000410
2026-04-26T15:45:00+00:00,0.048810
2026-04-26T16:00:00+00:00,0.044640
2026-04-26T16:15:00+00:00,0.105480
2026-04-26T16:30:00+00:00,0.150710
2026-04-26T16:45:00+00:00,0.171710
2026-04-26T17:00:00+00:00,0.122570
2026-04-26T17:15:00+00:00,0.140250
2026-04-26T17:30:00+00:00,0.173680
2026-04-26T17:45:00+00:00,0.199130
2026-04-26T18:00:00+00:00,0.158990
2026-04-26T18:15:00+00:00,0.169200
2026-04-26T18:30:00+00:00,0.174820
2026-04-26T18:45:00+00:00,0.159840
2026-04-26T19:00:00+00:00,0.153950
2026-04-26T19:15:00+00:00,0.145850
2026-04-26T19:30:00+00:00,0.139910
2026-04-26T19:45:00+00:00,0.140500
2026-04-26T20:00:00+00:00,0.136640
2026-04-26T20:15:00+00:00,0.129960
2026-04-26T20:30:00+00:00,0.123910
2026-04-26T20:45:00+00:00,0.119830
2026-04-26T21:00:00+00:00,0.121680
2026-04-26T21:15:00+00:00,0.123700
2026-04-26T21:30:00+00:00,0.117710
2026-04-26T21:45:00+00:00,0.114660
2026-04-26T22:00:00+00:00,0.120990
2026-04-26T22:15:00+00:00,0.113090
2026-04-26T22:30:00+00:00,0.107270
2026-04-26T22:45:00+00:00,0.104500
2026-04-26T23:00:00+00:00,0.107360
2026-04-26T23:15:00+00:00,0.106100
2026-04-26T23:30:00+00:00,0.106650
2026-04-26T23:45:00+00:00,0.104740
2026-04-27T00:00:00+00:00,0.106790
2026-04-27T00:15:00+00:00,0.105940
2026-04-27T00:30:00+00:00,0.105820
2026-04-27T00:45:00+00:00,0.105220
2026-04-27T01:00:00+00:00,0.104930
2026-04-27T01:15:00+00:00,0.102950
2026-04-27T01:30:00+00:00,0.104460
2026-04-27T01:45:00+00:00,0.105120
2026-04-27T02:00:00+00:00,0.105520
2026-04-27T02:15:00+00:00,0.107000
2026-04-27T02:30:00+00:00,0.109610
2026-04-27T02:45:00+00:00,0.112690
2026-04-27T03:00:00+00:00,0.110840
2026-04-27T03:15:00+00:00,0.116940
2026-04-27T03:30:00+00:00,0.122990
2026-04-27T03:45:00+00:00,0.125370
2026-04-27T04:00:00+00:00,0.150100
2026-04-27T04:15:00+00:00,0.166400
2026-04-27T04:30:00+00:00,0.169980
2026-04-27T04:45:00+00:00,0.175790
2026-04-27T05:00:00+00:00,0.185210
2026-04-27T05:15:00+00:00,0.171270
2026-04-27T05:30:00+00:00,0.143410
2026-04-27T05:45:00+00:00,0.114870
2026-04-27T06:00:00+00:00,0.173800
2026-04-27T06:15:00+00:00,0.135010
2026-04-27T06:30:00+00:00,0.109380
2026-04-27T06:45:00+00:00,0.089610
2026-04-27T07:00:00+00:00,0.152110
2026-04-27T07:15:00+00:00,0.124770
2026-04-27T07:30:00+00:00,0.122340
2026-04-27T07:45:00+00:00,0.087550
2026-04-27T08:00:00+00:00,0.130720
2026-04-27T08:15:00+00:00,0.099550
2026-04-27T08:30:00+00:00,0.075900
2026-04-27T08:45:00+00:00,0.033830
2026-04-27T09:00:00+00:00,0.023930
2026-04-27T09:15:00+00:00,0.000010
2026-04-27T09:30:00+00:00,-0.000010
2026-04-27T09:45:00+00:00,-0.000020
2026-04-27T10:00:00+00:00,-0.000010
2026-04-27T10:15:00+00:00,-0.000050
2026-04-27T10:30:00+00:00,-0.000100
2026-04-27T10:45:00+00:00,-0.000230
2026-04-27T11:00:00+00:00,-0.000500
2026-04-27T11:15:00+00:00,-0.000820
2026-04-27T11:30:00+00:00,-0.001000
2026-04-27T11:45:00+00:00,-0.001000
2026-04-27T12:00:00+00:00,-0.000500
2026-04-27T12:15:00+00:00,-0.000100
2026-04-27T12:30:00+00:00,-0.000050
2026-04-27T12:45:00+00:00,0.000000
2026-04-27T13:00:00+00:00,-0.000010
2026-04-27T13:15:00+00:00,0.000000
2026-04-27T13:30:00+00:00,0.000010
2026-04-27T13:45:00+00:00,0.019640
2026-04-27T14:00:00+00:00,0.016020
2026-04-27T14:15:00+00:00,0.046110
2026-04-27T14:30:00+00:00,0.076210
2026-04-27T14:45:00+00:00,0.097870
2026-04-27T15:00:00+00:00,0.062950
2026-04-27T15:15:00+00:00,0.097250
2026-04-27T15:30:00+00:00,0.114620
2026-04-27T15:45:00+00:00,0.122870
2026-04-27T16:00:00+00:00,0.100580
2026-04-27T16:15:00+00:00,0.115150
2026-04-27T16:30:00+00:00,0.131390
2026-04-27T16:45:00+00:00,0.138540
2026-04-27T17:00:00+00:00,0.132910
2026-04-27T17:15:00+00:00,0.156540
2026-04-27T17:30:00+00:00,0.175420
2026-04-27T17:45:00+00:00,0.234420
2026-04-27T18:00:00+00:00,0.149510
2026-04-27T18:15:00+00:00,0.168740
2026-04-27T18:30:00+00:00,0.167890
2026-04-27T18:45:00+00:00,0.149050
2026-04-27T19:00:00+00:00,0.197780
2026-04-27T19:15:00+00:00,0.148400
2026-04-27T19:30:00+00:00,0.127850
2026-04-27T19:45:00+00:00,0.114450
2026-04-27T20:00:00+00:00,0.132930
2026-04-27T20:15:00+00:00,0.123380
2026-04-27T20:30:00+00:00,0.119880
2026-04-27T20:45:00+00:00,0.107240
2026-04-27T21:00:00+00:00,0.114750
2026-04-27T21:15:00+00:00,0.106470
2026-04-27T21:30:00+00:00,0.105870
2026-04-27T21:45:00+00:00,0.099170
2026-04-27T22:00:00+00:00,0.116180
2026-04-27T22:15:00+00:00,0.110300
2026-04-27T22:30:00+00:00,0.109910
2026-04-27T22:45:00+00:00,0.107120
2026-04-27T23:00:00+00:00,0.110830
2026-04-27T23:15:00+00:00,0.107610
2026-04-27T23:30:00+00:00,0.106260
2026-04-27T23:45:00+00:00,0.102910
2026-04-28T00:00:00+00:00,0.104020
2026-04-28T00:15:00+00:00,0.102510
2026-04-28T00:30:00+00:00,0.102640
2026-04-28T00:45:00+00:00,0.102750
2026-04-28T01:00:00+00:00,0.102360
2026-04-28T01:15:00+00:00,0.099600
2026-04-28T01:30:00+00:00,0.100370
2026-04-28T01:45:00+00:00,0.097680
2026-04-28T02:00:00+00:00,0.096360
2026-04-28T02:15:00+00:00,0.097060
2026-04-28T02:30:00+00:00,0.097750
2026-04-28T02:45:00+00:00,0.100790
2026-04-28T03:00:00+00:00,0.094180
2026-04-28T03:15:00+00:00,0.099030
2026-04-28T03:30:00+00:00,0.104720
2026-04-28T03:45:00+00:00,0.108290
2026-04-28T04:00:00+00:00,0.108940
2026-04-28T04:15:00+00:00,0.110070
2026-04-28T04:30:00+00:00,0.111320
2026-04-28T04:45:00+00:00,0.109920
2026-04-28T05:00:00+00:00,0.124400
2026-04-28T05:15:00+00:00,0.117540
2026-04-28T05:30:00+00:00,0.109210
2026-04-28T05:45:00+00:00,0.102550
2026-04-28T06:00:00+00:00,0.125230
2026-04-28T06:15:00+00:00,0.115930
2026-04-28T06:30:00+00:00,0.107760
2026-04-28T06:45:00+00:00,0.086700
2026-04-28T07:00:00+00:00,0.110750
2026-04-28T07:15:00+00:00,0.094460
2026-04-28T07:30:00+00:00,0.065920
2026-04-28T07:45:00+00:00,0.035770
2026-04-28T08:00:00+00:00,0.064650
2026-04-28T08:15:00+00:00,0.024470
2026-04-28T08:30:00+00:00,0.001980
2026-04-28T08:45:00+00:00,-0.002940
2026-04-28T09:00:00+00:00,-0.000040
2026-04-28T09:15:00+00:00,-0.002010
2026-04-28T09:30:00+00:00,-0.003540
2026-04-28T09:45:00+00:00,-0.010000
2026-04-28T10:00:00+00:00,-0.015000
2026-04-28T10:15:00+00:00,-0.025000
2026-04-28T10:30:00+00:00,-0.039990
2026-04-28T10:45:00+00:00,-0.048000
2026-04-28T11:00:00+00:00,-0.032390
2026-04-28T11:15:00+00:00,-0.041720
2026-04-28T11:30:00+00:00,-0.050000
2026-04-28T11:45:00+00:00,-0.051100
2026-04-28T12:00:00+00:00,-0.050000
2026-04-28T12:15:00+00:00,-0.048980
2026-04-28T12:30:00+00:00,-0.048540
2026-04-28T12:45:00+00:00,-0.044480
2026-04-28T13:00:00+00:00,-0.049510
2026-04-28T13:15:00+00:00,-0.045000
2026-04-28T13:30:00+00:00,-0.035000
2026-04-28T13:45:00+00:00,-0.030120
2026-04-28T14:00:00+00:00,-0.015120
2026-04-28T14:15:00+00:00,-0.010460
2026-04-28T14:30:00+00:00,-0.003050
2026-04-28T14:45:00+00:00,-0.002090
2026-04-28T15:00:00+00:00,-0.002080
2026-04-28T15:15:00+00:00,-0.002030
2026-04-28T15:30:00+00:00,0.027360
2026-04-28T15:45:00+00:00,0.067310
2026-04-28T16:00:00+00:00,0.055200
2026-04-28T16:15:00+00:00,0.076100
2026-04-28T16:30:00+00:00,0.095080
2026-04-28T16:45:00+00:00,0.108870
2026-04-28T17:00:00+00:00,0.097710
2026-04-28T17:15:00+00:00,0.106810
2026-04-28T17:30:00+00:00,0.111580
2026-04-28T17:45:00+00:00,0.120070
2026-04-28T18:00:00+00:00,0.117030
2026-04-28T18:15:00+00:00,0.111760
2026-04-28T18:30:00+00:00,0.109780
2026-04-28T18:45:00+00:00,0.106920
2026-04-28T19:00:00+00:00,0.112200
2026-04-28T19:15:00+00:00,0.108430
2026-04-28T19:30:00+00:00,0.102330
2026-04-28T19:45:00+00:00,0.096640
2026-04-28T20:00:00+00:00,0.106370
2026-04-28T20:15:00+00:00,0.098850
2026-04-28T20:30:00+00:00,0.101080
2026-04-28T20:45:00+00:00,0.093700
2026-04-28T21:00:00+00:00,0.099630
2026-04-28T21:15:00+00:00,0.089990
2026-04-28T21:30:00+00:00,0.088490
2026-04-28T21:45:00+00:00,0.085890
2026-04-28T22:00:00+00:00,0.097570
2026-04-28T22:15:00+00:00,0.089130
2026-04-28T22:30:00+00:00,0.088460
2026-04-28T22:45:00+00:00,0.084310
2026-04-28T23:00:00+00:00,0.088360
2026-04-28T23:15:00+00:00,0.087740
2026-04-28T23:30:00+00:00,0.088870
2026-04-28T23:45:00+00:00,0.087270
2026-04-29T00:00:00+00:00,0.087440
2026-04-29T00:15:00+00:00,0.087650
2026-04-29T00:30:00+00:00,0.087320
2026-04-29T00:45:00+00:00,0.086720
2026-04-29T01:00:00+00:00,0.085680
2026-04-29T01:15:00+00:00,0.086060
2026-04-29T01:30:00+00:00,0.086640
2026-04-29T01:45:00+00:00,0.087580
2026-04-29T02:00:00+00:00,0.086120
2026-04-29T02:15:00+00:00,0.087080
2026-04-29T02:30:00+00:00,0.087950
2026-04-29T02:45:00+00:00,0.090200
2026-04-29T03:00:00+00:00,0.089420
2026-04-29T03:15:00+00:00,0.092120
2026-04-29T03:30:00+00:00,0.097190
2026-04-29T03:45:00+00:00,0.102090
2026-04-29T04:00:00+00:00,0.116370
2026-04-29T04:15:00+00:00,0.131130
2026-04-29T04:30:00+00:00,0.144470
2026-04-29T04:45:00+00:00,0.146060
2026-04-29T05:00:00+00:00,0.142030
2026-04-29T05:15:00+00:00,0.119100
2026-04-29T05:30:00+00:00,0.108070
2026-04-29T05:45:00+00:00,0.096010
2026-04-29T06:00:00+00:00,0.122850
2026-04-29T06:15:00+00:00,0.110380
2026-04-29T06:30:00+00:00,0.093260
2026-04-29T06:45:00+00:00,0.078700
2026-04-29T07:00:00+00:00,0.103200
2026-04-29T07:15:00+00:00,0.084850
2026-04-29T07:30:00+00:00,0.044390
2026-04-29T07:45:00+00:00,0.000470
2026-04-29T08:00:00+00:00,0.010800
2026-04-29T08:15:00+00:00,0.000380
2026-04-29T08:30:00+00:00,-0.002040
2026-04-29T08:45:00+00:00,-0.009190
2026-04-29T09:00:00+00:00,-0.005670
2026-04-29T09:15:00+00:00,-0.005740
2026-04-29T09:30:00+00:00,-0.009290
2026-04-29T09:45:00+00:00,-0.018110
2026-04-29T10:00:00+00:00,-0.018240
2026-04-29T10:15:00+00:00,-0.029550
2026-04-29T10:30:00+00:00,-0.034010
2026-04-29T10:45:00+00:00,-0.046250
2026-04-29T11:00:00+00:00,-0.046760
2026-04-29T11:15:00+00:00,-0.054190
2026-04-29T11:30:00+00:00,-0.060000
2026-04-29T11:45:00+00:00,-0.066080
2026-04-29T12:00:00+00:00,-0.060000
2026-04-29T12:15:00+00:00,-0.054540
2026-04-29T12:30:00+00:00,-0.049220
2026-04-29T12:45:00+00:00,-0.045900
2026-04-29T13:00:00+00:00,-0.047010
2026-04-29T13:15:00+00:00,-0.036720
2026-04-29T13:30:00+00:00,-0.030120
2026-04-29T13:45:00+00:00,-0.019560
2026-04-29T14:00:00+00:00,-0.025520
2026-04-29T14:15:00+00:00,-0.012000
2026-04-29T14:30:00+00:00,-0.004480
2026-04-29T14:45:00+00:00,-0.000100
2026-04-29T15:00:00+00:00,-0.005000
2026-04-29T15:15:00+00:00,-0.000100
2026-04-29T15:30:00+00:00,0.008050
2026-04-29T15:45:00+00:00,0.068940
2026-04-29T16:00:00+00:00,0.037570
2026-04-29T16:15:00+00:00,0.075250
2026-04-29T16:30:00+00:00,0.097630
2026-04-29T16:45:00+00:00,0.113610
2026-04-29T17:00:00+00:00,0.097750
2026-04-29T17:15:00+00:00,0.101610
2026-04-29T17:30:00+00:00,0.115450
2026-04-29T17:45:00+00:00,0.153220
2026-04-29T18:00:00+00:00,0.144880
2026-04-29T18:15:00+00:00,0.143940
2026-04-29T18:30:00+00:00,0.149250
2026-04-29T18:45:00+00:00,0.144490
2026-04-29T19:00:00+00:00,0.158500
2026-04-29T19:15:00+00:00,0.131320
2026-04-29T19:30:00+00:00,0.118720
2026-04-29T19:45:00+00:00,0.111420
2026-04-29T20:00:00+00:00,0.111590
2026-04-29T20:15:00+00:00,0.106880
2026-04-29T20:30:00+00:00,0.105810
2026-04-29T20:45:00+00:00,0.098090
2026-04-29T21:00:00+00:00,0.100910
2026-04-29T21:15:00+00:00,0.095320
2026-04-29T21:30:00+00:00,0.095060
2026-04-29T21:45:00+00:00,0.090110
2026-04-29T22:00:00+00:00,0.092970
2026-04-29T22:15:00+00:00,0.092420
2026-04-29T22:30:00+00:00,0.090900
2026-04-29T22:45:00+00:00,0.087920
2026-04-29T23:00:00+00:00,0.090380
2026-04-29T23:15:00+00:00,0.088800
2026-04-29T23:30:00+00:00,0.089540
2026-04-29T23:45:00+00:00,0.091030
2026-04-30T00:00:00+00:00,0.088660
2026-04-30T00:15:00+00:00,0.088100
2026-04-30T00:30:00+00:00,0.089290
2026-04-30T00:45:00+00:00,0.088900
2026-04-30T01:00:00+00:00,0.087510
2026-04-30T01:15:00+00:00,0.087270
2026-04-30T01:30:00+00:00,0.087510
2026-04-30T01:45:00+00:00,0.088890
2026-04-30T02:00:00+00:00,0.086860
2026-04-30T02:15:00+00:00,0.089620
2026-04-30T02:30:00+00:00,0.094980
2026-04-30T02:45:00+00:00,0.097740
2026-04-30T03:00:00+00:00,0.095740
2026-04-30T03:15:00+00:00,0.098750
2026-04-30T03:30:00+00:00,0.102670
2026-04-30T03:45:00+00:00,0.108110
2026-04-30T04:00:00+00:00,0.114370
2026-04-30T04:15:00+00:00,0.141100
2026-04-30T04:30:00+00:00,0.143260
2026-04-30T04:45:00+00:00,0.131100
2026-04-30T05:00:00+00:00,0.141580
2026-04-30T05:15:00+00:00,0.118770
2026-04-30T05:30:00+00:00,0.103710
2026-04-30T05:45:00+00:00,0.081430
2026-04-30T06:00:00+00:00,0.113880
2026-04-30T06:15:00+00:00,0.101420
2026-04-30T06:30:00+00:00,0.081680
2026-04-30T06:45:00+00:00,0.043210
2026-04-30T07:00:00+00:00,0.094520
2026-04-30T07:15:00+00:00,0.054820
2026-04-30T07:30:00+00:00,0.014660
2026-04-30T07:45:00+00:00,0.000010
2026-04-30T08:00:00+00:00,0.001960
2026-04-30T08:15:00+00:00,0.000000
2026-04-30T08:30:00+00:00,-0.000080
2026-04-30T08:45:00+00:00,-0.001940
2026-04-30T09:00:00+00:00,-0.000340
2026-04-30T09:15:00+00:00,-0.001050
2026-04-30T09:30:00+00:00,-0.003600
2026-04-30T09:45:00+00:00,-0.008920
2026-04-30T10:00:00+00:00,-0.009080
2026-04-30T10:15:00+00:00,-0.014340
2026-04-30T10:30:00+00:00,-0.019090
2026-04-30T10:45:00+00:00,-0.024270
2026-04-30T11:00:00+00:00,-0.025630
2026-04-30T11:15:00+00:00,-0.029560
2026-04-30T11:30:00+00:00,-0.034130
2026-04-30T11:45:00+00:00,-0.036880
2026-04-30T12:00:00+00:00,-0.035100
2026-04-30T12:15:00+00:00,-0.029010
2026-04-30T12:30:00+00:00,-0.027380
2026-04-30T12:45:00+00:00,-0.020490
2026-04-30T13:00:00+00:00,-0.020090
2026-04-30T13:15:00+00:00,-0.014510
2026-04-30T13:30:00+00:00,-0.009140
2026-04-30T13:45:00+00:00,-0.002820
2026-04-30T14:00:00+00:00,-0.005660
2026-04-30T14:15:00+00:00,-0.001440
2026-04-30T14:30:00+00:00,-0.000750
2026-04-30T14:45:00+00:00,-0.000100
2026-04-30T15:00:00+00:00,-0.001680
2026-04-30T15:15:00+00:00,-0.000010
2026-04-30T15:30:00+00:00,0.014040
2026-04-30T15:45:00+00:00,0.063710
2026-04-30T16:00:00+00:00,0.029720
2026-04-30T16:15:00+00:00,0.080720
2026-04-30T16:30:00+00:00,0.101490
2026-04-30T16:45:00+00:00,0.125580
2026-04-30T17:00:00+00:00,0.100100
2026-04-30T17:15:00+00:00,0.113820
2026-04-30T17:30:00+00:00,0.134400
2026-04-30T17:45:00+00:00,0.183230
2026-04-30T18:00:00+00:00,0.166030
2026-04-30T18:15:00+00:00,0.182080
2026-04-30T18:30:00+00:00,0.181090
2026-04-30T18:45:00+00:00,0.169620
2026-04-30T19:00:00+00:00,0.176370
2026-04-30T19:15:00+00:00,0.153320
2026-04-30T19:30:00+00:00,0.128450
2026-04-30T19:45:00+00:00,0.115060
2026-04-30T20:00:00+00:00,0.124870
2026-04-30T20:15:00+00:00,0.112300
2026-04-30T20:30:00+00:00,0.111010
2026-04-30T20:45:00+00:00,0.105100
2026-04-30T21:00:00+00:00,0.112190
2026-04-30T21:15:00+00:00,0.105740
2026-04-30T21:30:00+00:00,0.104050
2026-04-30T21:45:00+00:00,0.097410
2026-04-30T22:00:00+00:00,0.115990
2026-04-30T22:15:00+00:00,0.108860
2026-04-30T22:30:00+00:00,0.103480
2026-04-30T22:45:00+00:00,0.100580
2026-04-30T23:00:00+00:00,0.104920
2026-04-30T23:15:00+00:00,0.103160
2026-04-30T23:30:00+00:00,0.103160
2026-04-30T23:45:00+00:00,0.101100
2026-05-01T00:00:00+00:00,0.102840
2026-05-01T00:15:00+00:00,0.100510
2026-05-01T00:30:00+00:00,0.101090
2026-05-01T00:45:00+00:00,0.101100
2026-05-01T01:00:00+00:00,0.099010
2026-05-01T01:15:00+00:00,0.098960
2026-05-01T01:30:00+00:00,0.099780
2026-05-01T01:45:00+00:00,0.099540
2026-05-01T02:00:00+00:00,0.097010
2026-05-01T02:15:00+00:00,0.098210
2026-05-01T02:30:00+00:00,0.097000
2026-05-01T02:45:00+00:00,0.098910
2026-05-01T03:00:00+00:00,0.097350
2026-05-01T03:15:00+00:00,0.097870
2026-05-01T03:30:00+00:00,0.099370
2026-05-01T03:45:00+00:00,0.095390
2026-05-01T04:00:00+00:00,0.112680
2026-05-01T04:15:00+00:00,0.110660
2026-05-01T04:30:00+00:00,0.109220
2026-05-01T04:45:00+00:00,0.087350
2026-05-01T05:00:00+00:00,0.139500
2026-05-01T05:15:00+00:00,0.105430
2026-05-01T05:30:00+00:00,0.074890
2026-05-01T05:45:00+00:00,0.045180
2026-05-01T06:00:00+00:00,0.092930
2026-05-01T06:15:00+00:00,0.034990
2026-05-01T06:30:00+00:00,0.007660
2026-05-01T06:45:00+00:00,0.000030
2026-05-01T07:00:00+00:00,0.001160
2026-05-01T07:15:00+00:00,0.000000
2026-05-01T07:30:00+00:00,-0.000010
2026-05-01T07:45:00+00:00,-0.001260
2026-05-01T08:00:00+00:00,-0.001370
2026-05-01T08:15:00+00:00,-0.007970
2026-05-01T08:30:00+00:00,-0.024890
2026-05-01T08:45:00+00:00,-0.050140
2026-05-01T09:00:00+00:00,-0.069520
2026-05-01T09:15:00+00:00,-0.090200
2026-05-01T09:30:00+00:00,-0.119130
2026-05-01T09:45:00+00:00,-0.152900
2026-05-01T10:00:00+00:00,-0.158820
2026-05-01T10:15:00+00:00,-0.280130
2026-05-01T10:30:00+00:00,-0.337650
2026-05-01T10:45:00+00:00,-0.492670
2026-05-01T11:00:00+00:00,-0.495410
2026-05-01T11:15:00+00:00,-0.499370
2026-05-01T11:30:00+00:00,-0.499620
2026-05-01T11:45:00+00:00,-0.499370
2026-05-01T12:00:00+00:00,-0.499430
2026-05-01T12:15:00+00:00,-0.499430
2026-05-01T12:30:00+00:00,-0.498300
2026-05-01T12:45:00+00:00,-0.398730
2026-05-01T13:00:00+00:00,-0.398750
2026-05-01T13:15:00+00:00,-0.214970
2026-05-01T13:30:00+00:00,-0.129540
2026-05-01T13:45:00+00:00,-0.077660
2026-05-01T14:00:00+00:00,-0.063670
2026-05-01T14:15:00+00:00,-0.029880
2026-05-01T14:30:00+00:00,-0.009900
2026-05-01T14:45:00+00:00,-0.001190
2026-05-01T15:00:00+00:00,-0.001540
2026-05-01T15:15:00+00:00,-0.000180
2026-05-01T15:30:00+00:00,0.000170
2026-05-01T15:45:00+00:00,0.021930
2026-05-01T16:00:00+00:00,0.007150
2026-05-01T16:15:00+00:00,0.084480
2026-05-01T16:30:00+00:00,0.116240
2026-05-01T16:45:00+00:00,0.185150
2026-05-01T17:00:00+00:00,0.110980
2026-05-01T17:15:00+00:00,0.128240
2026-05-01T17:30:00+00:00,0.158770
2026-05-01T17:45:00+00:00,0.242020
2026-05-01T18:00:00+00:00,0.186000
2026-05-01T18:15:00+00:00,0.184730
2026-05-01T18:30:00+00:00,0.185880
2026-05-01T18:45:00+00:00,0.154830
2026-05-01T19:00:00+00:00,0.210000
2026-05-01T19:15:00+00:00,0.135320
2026-05-01T19:30:00+00:00,0.116650
2026-05-01T19:45:00+00:00,0.109830
2026-05-01T20:00:00+00:00,0.156700
2026-05-01T20:15:00+00:00,0.135360
2026-05-01T20:30:00+00:00,0.124980
2026-05-01T20:45:00+00:00,0.119070
2026-05-01T21:00:00+00:00,0.144700
2026-05-01T21:15:00+00:00,0.127500
2026-05-01T21:30:00+00:00,0.120100
2026-05-01T21:45:00+00:00,0.109190
2026-05-01T22:00:00+00:00,0.138000
2026-05-01T22:15:00+00:00,0.123310
2026-05-01T22:30:00+00:00,0.112400
2026-05-01T22:45:00+00:00,0.119800
2026-05-01T23:00:00+00:00,0.147620
2026-05-01T23:15:00+00:00,0.111100
2026-05-01T23:30:00+00:00,0.103500
2026-05-01T23:45:00+00:00,0.098250
2026-05-02T00:00:00+00:00,0.117740
2026-05-02T00:15:00+00:00,0.128190
2026-05-02T00:30:00+00:00,0.124770
2026-05-02T00:45:00+00:00,0.108900
2026-05-02T01:00:00+00:00,0.113400
2026-05-02T01:15:00+00:00,0.108890
2026-05-02T01:30:00+00:00,0.106300
2026-05-02T01:45:00+00:00,0.106250
2026-05-02T02:00:00+00:00,0.104200
2026-05-02T02:15:00+00:00,0.108850
2026-05-02T02:30:00+00:00,0.110100
2026-05-02T02:45:00+00:00,0.110450
2026-05-02T03:00:00+00:00,0.104700
2026-05-02T03:15:00+00:00,0.107590
2026-05-02T03:30:00+00:00,0.108900
2026-05-02T03:45:00+00:00,0.109170
2026-05-02T04:00:00+00:00,0.105000
2026-05-02T04:15:00+00:00,0.113300
2026-05-02T04:30:00+00:00,0.110750
2026-05-02T04:45:00+00:00,0.100100
2026-05-02T05:00:00+00:00,0.159790
2026-05-02T05:15:00+00:00,0.105120
2026-05-02T05:30:00+00:00,0.082570
2026-05-02T05:45:00+00:00,0.056920
2026-05-02T06:00:00+00:00,0.150000
2026-05-02T06:15:00+00:00,0.080000
2026-05-02T06:30:00+00:00,0.052740
2026-05-02T06:45:00+00:00,0.010930
2026-05-02T07:00:00+00:00,0.022200
2026-05-02T07:15:00+00:00,0.001080
2026-05-02T07:30:00+00:00,0.000000
2026-05-02T07:45:00+00:00,0.000000
2026-05-02T08:00:00+00:00,-0.000010
2026-05-02T08:15:00+00:00,-0.000070
2026-05-02T08:30:00+00:00,-0.000490
2026-05-02T08:45:00+00:00,-0.001510
2026-05-02T09:00:00+00:00,-0.007040
2026-05-02T09:15:00+00:00,-0.007050
2026-05-02T09:30:00+00:00,-0.010710
2026-05-02T09:45:00+00:00,-0.012100
2026-05-02T10:00:00+00:00,-0.012100
2026-05-02T10:15:00+00:00,-0.016570
2026-05-02T10:30:00+00:00,-0.019690
2026-05-02T10:45:00+00:00,-0.025160
2026-05-02T11:00:00+00:00,-0.052920
2026-05-02T11:15:00+00:00,-0.059810
2026-05-02T11:30:00+00:00,-0.065000
2026-05-02T11:45:00+00:00,-0.060000
2026-05-02T12:00:00+00:00,-0.055290
2026-05-02T12:15:00+00:00,-0.044000
2026-05-02T12:30:00+00:00,-0.034090
2026-05-02T12:45:00+00:00,-0.026660
2026-05-02T13:00:00+00:00,-0.017240
2026-05-02T13:15:00+00:00,-0.012100
2026-05-02T13:30:00+00:00,-0.004770
2026-05-02T13:45:00+00:00,-0.001080
2026-05-02T14:00:00+00:00,-0.000110
2026-05-02T14:15:00+00:00,-0.000010
2026-05-02T14:30:00+00:00,0.000000
2026-05-02T14:45:00+00:00,0.000360
2026-05-02T15:00:00+00:00,0.000410
2026-05-02T15:15:00+00:00,0.008060
2026-05-02T15:30:00+00:00,0.092330
2026-05-02T15:45:00+00:00,0.193140
2026-05-02T16:00:00+00:00,0.110030
2026-05-02T16:15:00+00:00,0.126110
2026-05-02T16:30:00+00:00,0.136630
2026-05-02T16:45:00+00:00,0.180030
2026-05-02T17:00:00+00:00,0.120250
2026-05-02T17:15:00+00:00,0.147540
2026-05-02T17:30:00+00:00,0.155770
2026-05-02T17:45:00+00:00,0.253080
2026-05-02T18:00:00+00:00,0.185230
2026-05-02T18:15:00+00:00,0.208340
2026-05-02T18:30:00+00:00,0.226130
2026-05-02T18:45:00+00:00,0.194940
2026-05-02T19:00:00+00:00,0.210760
2026-05-02T19:15:00+00:00,0.155510
2026-05-02T19:30:00+00:00,0.138110
2026-05-02T19:45:00+00:00,0.140260
2026-05-02T20:00:00+00:00,0.174800
2026-05-02T20:15:00+00:00,0.137800
2026-05-02T20:30:00+00:00,0.130000
2026-05-02T20:45:00+00:00,0.126560
2026-05-02T21:00:00+00:00,0.130840
2026-05-02T21:15:00+00:00,0.125520
2026-05-02T21:30:00+00:00,0.117740
2026-05-02T21:45:00+00:00,0.111160
2026-05-02T22:00:00+00:00,0.126370
2026-05-02T22:15:00+00:00,0.118970
2026-05-02T22:30:00+00:00,0.119660
2026-05-02T22:45:00+00:00,0.115510
2026-05-02T23:00:00+00:00,0.118260
2026-05-02T23:15:00+00:00,0.117910
2026-05-02T23:30:00+00:00,0.115950
2026-05-02T23:45:00+00:00,0.112010
2026-05-03T00:00:00+00:00,0.111490
2026-05-03T00:15:00+00:00,0.112830
2026-05-03T00:30:00+00:00,0.117050
2026-05-03T00:45:00+00:00,0.114860
2026-05-03T01:00:00+00:00,0.111840
2026-05-03T01:15:00+00:00,0.110480
2026-05-03T01:30:00+00:00,0.109000
2026-05-03T01:45:00+00:00,0.111730
2026-05-03T02:00:00+00:00,0.106860
2026-05-03T02:15:00+00:00,0.105750
2026-05-03T02:30:00+00:00,0.106170
2026-05-03T02:45:00+00:00,0.106720
2026-05-03T03:00:00+00:00,0.104810
2026-05-03T03:15:00+00:00,0.107270
2026-05-03T03:30:00+00:00,0.107140
2026-05-03T03:45:00+00:00,0.109290
2026-05-03T04:00:00+00:00,0.107940
2026-05-03T04:15:00+00:00,0.104050
2026-05-03T04:30:00+00:00,0.104970
2026-05-03T04:45:00+00:00,0.095870
2026-05-03T05:00:00+00:00,0.123070
2026-05-03T05:15:00+00:00,0.099280
2026-05-03T05:30:00+00:00,0.081660
2026-05-03T05:45:00+00:00,0.078330
2026-05-03T06:00:00+00:00,0.093110
2026-05-03T06:15:00+00:00,0.084370
2026-05-03T06:30:00+00:00,0.076690
2026-05-03T06:45:00+00:00,0.068610
2026-05-03T07:00:00+00:00,0.087560
2026-05-03T07:15:00+00:00,0.046980
2026-05-03T07:30:00+00:00,0.035410
2026-05-03T07:45:00+00:00,0.019960
2026-05-03T08:00:00+00:00,0.035050
2026-05-03T08:15:00+00:00,0.028970
2026-05-03T08:30:00+00:00,0.020540
2026-05-03T08:45:00+00:00,0.015430
2026-05-03T09:00:00+00:00,0.027830
2026-05-03T09:15:00+00:00,0.023330
2026-05-03T09:30:00+00:00,0.023040
2026-05-03T09:45:00+00:00,0.022630
2026-05-03T10:00:00+00:00,0.022730
2026-05-03T10:15:00+00:00,0.027650
2026-05-03T10:30:00+00:00,0.030100
2026-05-03T10:45:00+00:00,0.033770
2026-05-03T11:00:00+00:00,0.027880
2026-05-03T11:15:00+00:00,0.033830
2026-05-03T11:30:00+00:00,0.035410
2026-05-03T11:45:00+00:00,0.035470
2026-05-03T12:00:00+00:00,0.042510
2026-05-03T12:15:00+00:00,0.046620
2026-05-03T12:30:00+00:00,0.035450
2026-05-03T12:45:00+00:00,0.035410
2026-05-03T13:00:00+00:00,0.035310
2026-05-03T13:15:00+00:00,0.037330
2026-05-03T13:30:00+00:00,0.047810
2026-05-03T13:45:00+00:00,0.059580
2026-05-03T14:00:00+00:00,0.053450
2026-05-03T14:15:00+00:00,0.061890
2026-05-03T14:30:00+00:00,0.066890
2026-05-03T14:45:00+00:00,0.078780
2026-05-03T15:00:00+00:00,0.029260
2026-05-03T15:15:00+00:00,0.093600
2026-05-03T15:30:00+00:00,0.135860
2026-05-03T15:45:00+00:00,0.163790
2026-05-03T16:00:00+00:00,0.101640
2026-05-03T16:15:00+00:00,0.114990
2026-05-03T16:30:00+00:00,0.124100
2026-05-03T16:45:00+00:00,0.130400
2026-05-03T17:00:00+00:00,0.130740
2026-05-03T17:15:00+00:00,0.127990
2026-05-03T17:30:00+00:00,0.140600
2026-05-03T17:45:00+00:00,0.156490
2026-05-03T18:00:00+00:00,0.142170
2026-05-03T18:15:00+00:00,0.144300
2026-05-03T18:30:00+00:00,0.145900
2026-05-03T18:45:00+00:00,0.148110
2026-05-03T19:00:00+00:00,0.144060
2026-05-03T19:15:00+00:00,0.138680
2026-05-03T19:30:00+00:00,0.133940
2026-05-03T19:45:00+00:00,0.128690
2026-05-03T20:00:00+00:00,0.137320
2026-05-03T20:15:00+00:00,0.137750
2026-05-03T20:30:00+00:00,0.124870
2026-05-03T20:45:00+00:00,0.118820
2026-05-03T21:00:00+00:00,0.131890
2026-05-03T21:15:00+00:00,0.119660
2026-05-03T21:30:00+00:00,0.114500
2026-05-03T21:45:00+00:00,0.111670
2026-05-03T22:00:00+00:00,0.126310
2026-05-03T22:15:00+00:00,0.120090
2026-05-03T22:30:00+00:00,0.112470
2026-05-03T22:45:00+00:00,0.109840
2026-05-03T23:00:00+00:00,0.110650
2026-05-03T23:15:00+00:00,0.109420
2026-05-03T23:30:00+00:00,0.108350
2026-05-03T23:45:00+00:00,0.105350
2026-05-04T00:00:00+00:00,0.113140
2026-05-04T00:15:00+00:00,0.110640
2026-05-04T00:30:00+00:00,0.110100
2026-05-04T00:45:00+00:00,0.108230
2026-05-04T01:00:00+00:00,0.106550
2026-05-04T01:15:00+00:00,0.105450
2026-05-04T01:30:00+00:00,0.105930
2026-05-04T01:45:00+00:00,0.107460
2026-05-04T02:00:00+00:00,0.105980
2026-05-04T02:15:00+00:00,0.107620
2026-05-04T02:30:00+00:00,0.109630
2026-05-04T02:45:00+00:00,0.111420
2026-05-04T03:00:00+00:00,0.110540
2026-05-04T03:15:00+00:00,0.117800
2026-05-04T03:30:00+00:00,0.132110
2026-05-04T03:45:00+00:00,0.147100
2026-05-04T04:00:00+00:00,0.140070
2026-05-04T04:15:00+00:00,0.151840
2026-05-04T04:30:00+00:00,0.150750
2026-05-04T04:45:00+00:00,0.152330
2026-05-04T05:00:00+00:00,0.165760
2026-05-04T05:15:00+00:00,0.155770
2026-05-04T05:30:00+00:00,0.147970
2026-05-04T05:45:00+00:00,0.140760
2026-05-04T06:00:00+00:00,0.155510
2026-05-04T06:15:00+00:00,0.145620
2026-05-04T06:30:00+00:00,0.131180
2026-05-04T06:45:00+00:00,0.109450
2026-05-04T07:00:00+00:00,0.130130
2026-05-04T07:15:00+00:00,0.114600
2026-05-04T07:30:00+00:00,0.117100
2026-05-04T07:45:00+00:00,0.110750
2026-05-04T08:00:00+00:00,0.128210
2026-05-04T08:15:00+00:00,0.106840
2026-05-04T08:30:00+00:00,0.105800
2026-05-04T08:45:00+00:00,0.093730
2026-05-04T09:00:00+00:00,0.106390
2026-05-04T09:15:00+00:00,0.102100
2026-05-04T09:30:00+00:00,0.102080
2026-05-04T09:45:00+00:00,0.096170
2026-05-04T10:00:00+00:00,0.103160
2026-05-04T10:15:00+00:00,0.088320
2026-05-04T10:30:00+00:00,0.083550
2026-05-04T10:45:00+00:00,0.079820
2026-05-04T11:00:00+00:00,0.086090
2026-05-04T11:15:00+00:00,0.080990
2026-05-04T11:30:00+00:00,0.074380
2026-05-04T11:45:00+00:00,0.087480
2026-05-04T12:00:00+00:00,0.086780
2026-05-04T12:15:00+00:00,0.094120
2026-05-04T12:30:00+00:00,0.096670
2026-05-04T12:45:00+00:00,0.099650
2026-05-04T13:00:00+00:00,0.093210
2026-05-04T13:15:00+00:00,0.098230
2026-05-04T13:30:00+00:00,0.101880
2026-05-04T13:45:00+00:00,0.111230
2026-05-04T14:00:00+00:00,0.089160
2026-05-04T14:15:00+00:00,0.098500
2026-05-04T14:30:00+00:00,0.110460
2026-05-04T14:45:00+00:00,0.128980
2026-05-04T15:00:00+00:00,0.090820
2026-05-04T15:15:00+00:00,0.121250
2026-05-04T15:30:00+00:00,0.133680
2026-05-04T15:45:00+00:00,0.145510
2026-05-04T16:00:00+00:00,0.119170
2026-05-04T16:15:00+00:00,0.123310
2026-05-04T16:30:00+00:00,0.124220
2026-05-04T16:45:00+00:00,0.133710
2026-05-04T17:00:00+00:00,0.153170
2026-05-04T17:15:00+00:00,0.155300
2026-05-04T17:30:00+00:00,0.202980
2026-05-04T17:45:00+00:00,0.310000
2026-05-04T18:00:00+00:00,0.201180
2026-05-04T18:15:00+00:00,0.240860
2026-05-04T18:30:00+00:00,0.234820
2026-05-04T18:45:00+00:00,0.204580
2026-05-04T19:00:00+00:00,0.247000
2026-05-04T19:15:00+00:00,0.196790
2026-05-04T19:30:00+00:00,0.157540
2026-05-04T19:45:00+00:00,0.142270
2026-05-04T20:00:00+00:00,0.178640
2026-05-04T20:15:00+00:00,0.149710
2026-05-04T20:30:00+00:00,0.141360
2026-05-04T20:45:00+00:00,0.136340
2026-05-04T21:00:00+00:00,0.150370
2026-05-04T21:15:00+00:00,0.137050
2026-05-04T21:30:00+00:00,0.130620
2026-05-04T21:45:00+00:00,0.123800
2026-05-04T22:00:00+00:00,0.140420
2026-05-04T22:15:00+00:00,0.130100
2026-05-04T22:30:00+00:00,0.124060
2026-05-04T22:45:00+00:00,0.121020
2026-05-04T23:00:00+00:00,0.128890
2026-05-04T23:15:00+00:00,0.123390
2026-05-04T23:30:00+00:00,0.122670
2026-05-04T23:45:00+00:00,0.119110
2026-05-05T00:00:00+00:00,0.120750
2026-05-05T00:15:00+00:00,0.117900
2026-05-05T00:30:00+00:00,0.117520
2026-05-05T00:45:00+00:00,0.117850
2026-05-05T01:00:00+00:00,0.118490
2026-05-05T01:15:00+00:00,0.118230
2026-05-05T01:30:00+00:00,0.119860
2026-05-05T01:45:00+00:00,0.116820
2026-05-05T02:00:00+00:00,0.117300
2026-05-05T02:15:00+00:00,0.117380
2026-05-05T02:30:00+00:00,0.122290
2026-05-05T02:45:00+00:00,0.123310
2026-05-05T03:00:00+00:00,0.121510
2026-05-05T03:15:00+00:00,0.124530
2026-05-05T03:30:00+00:00,0.130770
2026-05-05T03:45:00+00:00,0.141220
2026-05-05T04:00:00+00:00,0.140050
2026-05-05T04:15:00+00:00,0.148460
2026-05-05T04:30:00+00:00,0.155990
2026-05-05T04:45:00+00:00,0.163530
2026-05-05T05:00:00+00:00,0.173590
2026-05-05T05:15:00+00:00,0.161880
2026-05-05T05:30:00+00:00,0.149000
2026-05-05T05:45:00+00:00,0.146470
2026-05-05T06:00:00+00:00,0.161510
2026-05-05T06:15:00+00:00,0.142990
2026-05-05T06:30:00+00:00,0.140140
2026-05-05T06:45:00+00:00,0.127890
2026-05-05T07:00:00+00:00,0.138770
2026-05-05T07:15:00+00:00,0.129000
2026-05-05T07:30:00+00:00,0.125000
2026-05-05T07:45:00+00:00,0.122000
2026-05-05T08:00:00+00:00,0.125220
2026-05-05T08:15:00+00:00,0.116390
2026-05-05T08:30:00+00:00,0.108720
2026-05-05T08:45:00+00:00,0.107440
2026-05-05T09:00:00+00:00,0.114030
2026-05-05T09:15:00+00:00,0.111370
2026-05-05T09:30:00+00:00,0.108280
2026-05-05T09:45:00+00:00,0.104120
2026-05-05T10:00:00+00:00,0.108160
2026-05-05T10:15:00+00:00,0.098160
2026-05-05T10:30:00+00:00,0.098070
2026-05-05T10:45:00+00:00,0.100010
2026-05-05T11:00:00+00:00,0.101320
2026-05-05T11:15:00+00:00,0.099690
2026-05-05T11:30:00+00:00,0.098060
2026-05-05T11:45:00+00:00,0.097610
2026-05-05T12:00:00+00:00,0.095090
2026-05-05T12:15:00+00:00,0.098810
2026-05-05T12:30:00+00:00,0.102460
2026-05-05T12:45:00+00:00,0.101330
2026-05-05T13:00:00+00:00,0.111110
2026-05-05T13:15:00+00:00,0.103310
2026-05-05T13:30:00+00:00,0.099190
2026-05-05T13:45:00+00:00,0.098330
2026-05-05T14:00:00+00:00,0.104200
2026-05-05T14:15:00+00:00,0.100000
2026-05-05T14:30:00+00:00,0.098730
2026-05-05T14:45:00+00:00,0.115960
2026-05-05T15:00:00+00:00,0.107640
2026-05-05T15:15:00+00:00,0.114900
2026-05-05T15:30:00+00:00,0.124950
2026-05-05T15:45:00+00:00,0.118790
2026-05-05T16:00:00+00:00,0.121240
2026-05-05T16:15:00+00:00,0.121120
2026-05-05T16:30:00+00:00,0.133440
2026-05-05T16:45:00+00:00,0.128030
2026-05-05T17:00:00+00:00,0.135240
2026-05-05T17:15:00+00:00,0.142170
2026-05-05T17:30:00+00:00,0.132490
2026-05-05T17:45:00+00:00,0.140100
2026-05-05T18:00:00+00:00,0.140390
2026-05-05T18:15:00+00:00,0.146310
2026-05-05T18:30:00+00:00,0.147420
2026-05-05T18:45:00+00:00,0.141630
2026-05-05T19:00:00+00:00,0.150550
2026-05-05T19:15:00+00:00,0.146480
2026-05-05T19:30:00+00:00,0.140080
2026-05-05T19:45:00+00:00,0.125950
2026-05-05T20:00:00+00:00,0.137000
2026-05-05T20:15:00+00:00,0.129220
2026-05-05T20:30:00+00:00,0.122090
2026-05-05T20:45:00+00:00,0.111280
2026-05-05T21:00:00+00:00,0.122400
2026-05-05T21:15:00+00:00,0.113610
2026-05-05T21:30:00+00:00,0.104120
2026-05-05T21:45:00+00:00,0.103580
2026-05-05T22:00:00+00:00,0.127320
2026-05-05T22:15:00+00:00,0.119790
2026-05-05T22:30:00+00:00,0.117830
2026-05-05T22:45:00+00:00,0.114000
2026-05-05T23:00:00+00:00,0.117440
2026-05-05T23:15:00+00:00,0.113560
2026-05-05T23:30:00+00:00,0.112600
2026-05-05T23:45:00+00:00,0.111490
2026-05-06T00:00:00+00:00,0.113320
2026-05-06T00:15:00+00:00,0.111950
2026-05-06T00:30:00+00:00,0.110790
2026-05-06T00:45:00+00:00,0.111530
2026-05-06T01:00:00+00:00,0.112180
2026-05-06T01:15:00+00:00,0.111290
2026-05-06T01:30:00+00:00,0.112190
2026-05-06T01:45:00+00:00,0.110860
2026-05-06T02:00:00+00:00,0.110560
2026-05-06T02:15:00+00:00,0.110500
2026-05-06T02:30:00+00:00,0.112580
2026-05-06T02:45:00+00:00,0.112690
2026-05-06T03:00:00+00:00,0.110240
2026-05-06T03:15:00+00:00,0.113070
2026-05-06T03:30:00+00:00,0.118320
2026-05-06T03:45:00+00:00,0.120810
2026-05-06T04:00:00+00:00,0.120100
2026-05-06T04:15:00+00:00,0.128260
2026-05-06T04:30:00+00:00,0.134130
2026-05-06T04:45:00+00:00,0.135990
2026-05-06T05:00:00+00:00,0.146750
2026-05-06T05:15:00+00:00,0.146990
2026-05-06T05:30:00+00:00,0.139370
2026-05-06T05:45:00+00:00,0.128010
2026-05-06T06:00:00+00:00,0.173090
2026-05-06T06:15:00+00:00,0.142500
2026-05-06T06:30:00+00:00,0.130450
2026-05-06T06:45:00+00:00,0.113020
2026-05-06T07:00:00+00:00,0.136860
2026-05-06T07:15:00+00:00,0.125490
2026-05-06T07:30:00+00:00,0.116530
2026-05-06T07:45:00+00:00,0.107900
2026-05-06T08:00:00+00:00,0.120280
2026-05-06T08:15:00+00:00,0.111170
2026-05-06T08:30:00+00:00,0.104840
2026-05-06T08:45:00+00:00,0.104510
2026-05-06T09:00:00+00:00,0.112930
2026-05-06T09:15:00+00:00,0.103530
2026-05-06T09:30:00+00:00,0.103660
2026-05-06T09:45:00+00:00,0.103350
2026-05-06T10:00:00+00:00,0.100810
2026-05-06T10:15:00+00:00,0.101450
2026-05-06T10:30:00+00:00,0.106700
2026-05-06T10:45:00+00:00,0.101300
2026-05-06T11:00:00+00:00,0.097570
2026-05-06T11:15:00+00:00,0.092950
2026-05-06T11:30:00+00:00,0.088750
2026-05-06T11:45:00+00:00,0.088540
2026-05-06T12:00:00+00:00,0.086450
2026-05-06T12:15:00+00:00,0.088970
2026-05-06T12:30:00+00:00,0.093250
2026-05-06T12:45:00+00:00,0.097850
2026-05-06T13:00:00+00:00,0.103610
2026-05-06T13:15:00+00:00,0.100650
2026-05-06T13:30:00+00:00,0.101510
2026-05-06T13:45:00+00:00,0.107680
2026-05-06T14:00:00+00:00,0.103380
2026-05-06T14:15:00+00:00,0.103130
2026-05-06T14:30:00+00:00,0.112250
2026-05-06T14:45:00+00:00,0.121230
2026-05-06T15:00:00+00:00,0.107740
2026-05-06T15:15:00+00:00,0.116470
2026-05-06T15:30:00+00:00,0.121410
2026-05-06T15:45:00+00:00,0.134970
2026-05-06T16:00:00+00:00,0.119740
2026-05-06T16:15:00+00:00,0.131200
2026-05-06T16:30:00+00:00,0.136220
2026-05-06T16:45:00+00:00,0.155000
2026-05-06T17:00:00+00:00,0.139210
2026-05-06T17:15:00+00:00,0.147830
2026-05-06T17:30:00+00:00,0.155840
2026-05-06T17:45:00+00:00,0.169120
2026-05-06T18:00:00+00:00,0.143940
2026-05-06T18:15:00+00:00,0.151240
2026-05-06T18:30:00+00:00,0.160190
2026-05-06T18:45:00+00:00,0.170230
2026-05-06T19:00:00+00:00,0.163720
2026-05-06T19:15:00+00:00,0.162300
2026-05-06T19:30:00+00:00,0.153000
2026-05-06T19:45:00+00:00,0.139420
2026-05-06T20:00:00+00:00,0.155830
2026-05-06T20:15:00+00:00,0.148440
2026-05-06T20:30:00+00:00,0.139950
2026-05-06T20:45:00+00:00,0.129430
2026-05-06T21:00:00+00:00,0.137180
2026-05-06T21:15:00+00:00,0.129730
2026-05-06T21:30:00+00:00,0.126270
2026-05-06T21:45:00+00:00,0.120540
2026-05-06T22:00:00+00:00,0.132630
2026-05-06T22:15:00+00:00,0.126000
2026-05-06T22:30:00+00:00,0.123090
2026-05-06T22:45:00+00:00,0.118960
2026-05-06T23:00:00+00:00,0.118190
2026-05-06T23:15:00+00:00,0.116530
2026-05-06T23:30:00+00:00,0.115970
2026-05-06T23:45:00+00:00,0.115320
2026-05-07T00:00:00+00:00,0.114480
2026-05-07T00:15:00+00:00,0.115060
2026-05-07T00:30:00+00:00,0.114780
2026-05-07T00:45:00+00:00,0.116020
2026-05-07T01:00:00+00:00,0.115340
2026-05-07T01:15:00+00:00,0.114320
2026-05-07T01:30:00+00:00,0.115230
2026-05-07T01:45:00+00:00,0.117400
2026-05-07T02:00:00+00:00,0.113020
2026-05-07T02:15:00+00:00,0.115320
2026-05-07T02:30:00+00:00,0.118150
2026-05-07T02:45:00+00:00,0.121640
2026-05-07T03:00:00+00:00,0.117080
2026-05-07T03:15:00+00:00,0.121170
2026-05-07T03:30:00+00:00,0.125920
2026-05-07T03:45:00+00:00,0.133420
2026-05-07T04:00:00+00:00,0.136050
2026-05-07T04:15:00+00:00,0.147010
2026-05-07T04:30:00+00:00,0.149840
2026-05-07T04:45:00+00:00,0.155980
2026-05-07T05:00:00+00:00,0.165800
2026-05-07T05:15:00+00:00,0.166770
2026-05-07T05:30:00+00:00,0.162430
2026-05-07T05:45:00+00:00,0.155910
2026-05-07T06:00:00+00:00,0.186150
2026-05-07T06:15:00+00:00,0.152570
2026-05-07T06:30:00+00:00,0.148930
2026-05-07T06:45:00+00:00,0.129360
2026-05-07T07:00:00+00:00,0.132200
2026-05-07T07:15:00+00:00,0.120100
2026-05-07T07:30:00+00:00,0.125660
2026-05-07T07:45:00+00:00,0.117150
2026-05-07T08:00:00+00:00,0.131070
2026-05-07T08:15:00+00:00,0.116750
2026-05-07T08:30:00+00:00,0.107600
2026-05-07T08:45:00+00:00,0.072680
2026-05-07T09:00:00+00:00,0.112250
2026-05-07T09:15:00+00:00,0.100000
2026-05-07T09:30:00+00:00,0.088300
2026-05-07T09:45:00+00:00,0.088780
2026-05-07T10:00:00+00:00,0.101700
2026-05-07T10:15:00+00:00,0.096070
2026-05-07T10:30:00+00:00,0.095900
2026-05-07T10:45:00+00:00,0.093410
2026-05-07T11:00:00+00:00,0.098990
2026-05-07T11:15:00+00:00,0.097090
2026-05-07T11:30:00+00:00,0.092680
2026-05-07T11:45:00+00:00,0.091400
2026-05-07T12:00:00+00:00,0.094260
2026-05-07T12:15:00+00:00,0.095000
2026-05-07T12:30:00+00:00,0.096550
2026-05-07T12:45:00+00:00,0.097810
2026-05-07T13:00:00+00:00,0.099700
2026-05-07T13:15:00+00:00,0.100210
2026-05-07T13:30:00+00:00,0.099500
2026-05-07T13:45:00+00:00,0.104200
2026-05-07T14:00:00+00:00,0.101840
2026-05-07T14:15:00+00:00,0.103460
2026-05-07T14:30:00+00:00,0.109320
2026-05-07T14:45:00+00:00,0.122390
2026-05-07T15:00:00+00:00,0.105620
2026-05-07T15:15:00+00:00,0.114030
2026-05-07T15:30:00+00:00,0.129830
2026-05-07T15:45:00+00:00,0.144470
2026-05-07T16:00:00+00:00,0.123150
2026-05-07T16:15:00+00:00,0.135510
2026-05-07T16:30:00+00:00,0.147810
2026-05-07T16:45:00+00:00,0.163050
2026-05-07T17:00:00+00:00,0.148270
2026-05-07T17:15:00+00:00,0.158910
2026-05-07T17:30:00+00:00,0.188890
2026-05-07T17:45:00+00:00,0.219700
2026-05-07T18:00:00+00:00,0.208960
2026-05-07T18:15:00+00:00,0.215600
2026-05-07T18:30:00+00:00,0.215420
2026-05-07T18:45:00+00:00,0.208560
2026-05-07T19:00:00+00:00,0.208380
2026-05-07T19:15:00+00:00,0.182410
2026-05-07T19:30:00+00:00,0.166380
2026-05-07T19:45:00+00:00,0.153770
2026-05-07T20:00:00+00:00,0.163280
2026-05-07T20:15:00+00:00,0.152430
2026-05-07T20:30:00+00:00,0.154160
2026-05-07T20:45:00+00:00,0.142770
2026-05-07T21:00:00+00:00,0.153530
2026-05-07T21:15:00+00:00,0.144000
2026-05-07T21:30:00+00:00,0.135460
2026-05-07T21:45:00+00:00,0.129220
2026-05-07T22:00:00+00:00,0.134860
2026-05-07T22:15:00+00:00,0.131440
2026-05-07T22:30:00+00:00,0.124810
2026-05-07T22:45:00+00:00,0.119970
2026-05-07T23:00:00+00:00,0.122740
2026-05-07T23:15:00+00:00,0.119440
2026-05-07T23:30:00+00:00,0.117980
2026-05-07T23:45:00+00:00,0.114620
2026-05-08T00:00:00+00:00,0.117770
2026-05-08T00:15:00+00:00,0.116790
2026-05-08T00:30:00+00:00,0.116690
2026-05-08T00:45:00+00:00,0.112590
2026-05-08T01:00:00+00:00,0.113740
2026-05-08T01:15:00+00:00,0.112500
2026-05-08T01:30:00+00:00,0.111210
2026-05-08T01:45:00+00:00,0.110730
2026-05-08T02:00:00+00:00,0.109850
2026-05-08T02:15:00+00:00,0.109840
2026-05-08T02:30:00+00:00,0.111920
2026-05-08T02:45:00+00:00,0.113700
2026-05-08T03:00:00+00:00,0.112210
2026-05-08T03:15:00+00:00,0.113940
2026-05-08T03:30:00+00:00,0.119360
2026-05-08T03:45:00+00:00,0.128620
2026-05-08T04:00:00+00:00,0.131060
2026-05-08T04:15:00+00:00,0.139070
2026-05-08T04:30:00+00:00,0.140890
2026-05-08T04:45:00+00:00,0.141050
2026-05-08T05:00:00+00:00,0.149180
2026-05-08T05:15:00+00:00,0.145380
2026-05-08T05:30:00+00:00,0.136550
2026-05-08T05:45:00+00:00,0.122210
2026-05-08T06:00:00+00:00,0.151890
2026-05-08T06:15:00+00:00,0.132400
2026-05-08T06:30:00+00:00,0.124470
2026-05-08T06:45:00+00:00,0.105500
2026-05-08T07:00:00+00:00,0.126690
2026-05-08T07:15:00+00:00,0.113700
2026-05-08T07:30:00+00:00,0.108250
2026-05-08T07:45:00+00:00,0.099040
2026-05-08T08:00:00+00:00,0.108030
2026-05-08T08:15:00+00:00,0.094690
2026-05-08T08:30:00+00:00,0.085310
2026-05-08T08:45:00+00:00,0.076710
2026-05-08T09:00:00+00:00,0.087670
2026-05-08T09:15:00+00:00,0.079290
2026-05-08T09:30:00+00:00,0.062730
2026-05-08T09:45:00+00:00,0.053160
2026-05-08T10:00:00+00:00,0.069350
2026-05-08T10:15:00+00:00,0.061060
2026-05-08T10:30:00+00:00,0.056230
2026-05-08T10:45:00+00:00,0.050660
2026-05-08T11:00:00+00:00,0.061200
2026-05-08T11:15:00+00:00,0.055640
2026-05-08T11:30:00+00:00,0.051580
2026-05-08T11:45:00+00:00,0.047090
2026-05-08T12:00:00+00:00,0.050350
2026-05-08T12:15:00+00:00,0.055990
2026-05-08T12:30:00+00:00,0.068830
2026-05-08T12:45:00+00:00,0.063910
2026-05-08T13:00:00+00:00,0.064330
2026-05-08T13:15:00+00:00,0.069310
2026-05-08T13:30:00+00:00,0.084530
2026-05-08T13:45:00+00:00,0.085710
2026-05-08T14:00:00+00:00,0.077300
2026-05-08T14:15:00+00:00,0.089780
2026-05-08T14:30:00+00:00,0.096120
2026-05-08T14:45:00+00:00,0.106570
2026-05-08T15:00:00+00:00,0.096710
2026-05-08T15:15:00+00:00,0.102420
2026-05-08T15:30:00+00:00,0.107490
2026-05-08T15:45:00+00:00,0.124090
2026-05-08T16:00:00+00:00,0.103000
2026-05-08T16:15:00+00:00,0.114950
2026-05-08T16:30:00+00:00,0.124860
2026-05-08T16:45:00+00:00,0.136670
2026-05-08T17:00:00+00:00,0.123940
2026-05-08T17:15:00+00:00,0.130990
2026-05-08T17:30:00+00:00,0.141760
2026-05-08T17:45:00+00:00,0.153270
2026-05-08T18:00:00+00:00,0.146080
2026-05-08T18:15:00+00:00,0.148080
2026-05-08T18:30:00+00:00,0.147970
2026-05-08T18:45:00+00:00,0.145130
2026-05-08T19:00:00+00:00,0.148660
2026-05-08T19:15:00+00:00,0.141220
2026-05-08T19:30:00+00:00,0.129270
2026-05-08T19:45:00+00:00,0.120690
2026-05-08T20:00:00+00:00,0.135500
2026-05-08T20:15:00+00:00,0.124210
2026-05-08T20:30:00+00:00,0.122860
2026-05-08T20:45:00+00:00,0.117430
2026-05-08T21:00:00+00:00,0.121660
2026-05-08T21:15:00+00:00,0.118790
2026-05-08T21:30:00+00:00,0.115550
2026-05-08T21:45:00+00:00,0.102600
2026-05-08T22:00:00+00:00,0.127880
2026-05-08T22:15:00+00:00,0.122210
2026-05-08T22:30:00+00:00,0.118010
2026-05-08T22:45:00+00:00,0.111910
2026-05-08T23:00:00+00:00,0.120700
2026-05-08T23:15:00+00:00,0.117040
2026-05-08T23:30:00+00:00,0.115780
2026-05-08T23:45:00+00:00,0.113720
2026-05-09T00:00:00+00:00,0.115380
2026-05-09T00:15:00+00:00,0.114840
2026-05-09T00:30:00+00:00,0.112710
2026-05-09T00:45:00+00:00,0.112640
2026-05-09T01:00:00+00:00,0.112380
2026-05-09T01:15:00+00:00,0.112390
2026-05-09T01:30:00+00:00,0.113560
2026-05-09T01:45:00+00:00,0.113420
2026-05-09T02:00:00+00:00,0.112650
2026-05-09T02:15:00+00:00,0.113120
2026-05-09T02:30:00+00:00,0.114460
2026-05-09T02:45:00+00:00,0.115120
2026-05-09T03:00:00+00:00,0.113230
2026-05-09T03:15:00+00:00,0.113440
2026-05-09T03:30:00+00:00,0.117770
2026-05-09T03:45:00+00:00,0.124190
2026-05-09T04:00:00+00:00,0.121100
2026-05-09T04:15:00+00:00,0.119790
2026-05-09T04:30:00+00:00,0.118710
2026-05-09T04:45:00+00:00,0.113280
2026-05-09T05:00:00+00:00,0.119440
2026-05-09T05:15:00+00:00,0.115910
2026-05-09T05:30:00+00:00,0.112100
2026-05-09T05:45:00+00:00,0.097080
2026-05-09T06:00:00+00:00,0.125740
2026-05-09T06:15:00+00:00,0.109580
2026-05-09T06:30:00+00:00,0.097740
2026-05-09T06:45:00+00:00,0.071640
2026-05-09T07:00:00+00:00,0.114940
2026-05-09T07:15:00+00:00,0.078980
2026-05-09T07:30:00+00:00,0.042970
2026-05-09T07:45:00+00:00,0.015080
2026-05-09T08:00:00+00:00,0.031720
2026-05-09T08:15:00+00:00,0.007930
2026-05-09T08:30:00+00:00,0.000080
2026-05-09T08:45:00+00:00,0.000000
2026-05-09T09:00:00+00:00,0.000000
2026-05-09T09:15:00+00:00,-0.000010
2026-05-09T09:30:00+00:00,-0.000010
2026-05-09T09:45:00+00:00,-0.000030
2026-05-09T10:00:00+00:00,-0.000030
2026-05-09T10:15:00+00:00,-0.000070
2026-05-09T10:30:00+00:00,-0.000030
2026-05-09T10:45:00+00:00,-0.000070
2026-05-09T11:00:00+00:00,-0.000090
2026-05-09T11:15:00+00:00,-0.000090
2026-05-09T11:30:00+00:00,-0.000090
2026-05-09T11:45:00+00:00,-0.000090
2026-05-09T12:00:00+00:00,-0.000020
2026-05-09T12:15:00+00:00,-0.000010
2026-05-09T12:30:00+00:00,-0.000010
2026-05-09T12:45:00+00:00,-0.000010
2026-05-09T13:00:00+00:00,0.000000
2026-05-09T13:15:00+00:00,0.000000
2026-05-09T13:30:00+00:00,0.000000
2026-05-09T13:45:00+00:00,0.000010
2026-05-09T14:00:00+00:00,0.000090
2026-05-09T14:15:00+00:00,0.006560
2026-05-09T14:30:00+00:00,0.030760
2026-05-09T14:45:00+00:00,0.059710
2026-05-09T15:00:00+00:00,0.032230
2026-05-09T15:15:00+00:00,0.078100
2026-05-09T15:30:00+00:00,0.100100
2026-05-09T15:45:00+00:00,0.116920
2026-05-09T16:00:00+00:00,0.097620
2026-05-09T16:15:00+00:00,0.111680
2026-05-09T16:30:00+00:00,0.119100
2026-05-09T16:45:00+00:00,0.129200
2026-05-09T17:00:00+00:00,0.117400
2026-05-09T17:15:00+00:00,0.122160
2026-05-09T17:30:00+00:00,0.129400
2026-05-09T17:45:00+00:00,0.145640
2026-05-09T18:00:00+00:00,0.134780
2026-05-09T18:15:00+00:00,0.139580
2026-05-09T18:30:00+00:00,0.143790
2026-05-09T18:45:00+00:00,0.145740
2026-05-09T19:00:00+00:00,0.150360
2026-05-09T19:15:00+00:00,0.139740
2026-05-09T19:30:00+00:00,0.132920
2026-05-09T19:45:00+00:00,0.121200
2026-05-09T20:00:00+00:00,0.139520
2026-05-09T20:15:00+00:00,0.131900
2026-05-09T20:30:00+00:00,0.126790
2026-05-09T20:45:00+00:00,0.121630
2026-05-09T21:00:00+00:00,0.125660
2026-05-09T21:15:00+00:00,0.121380
2026-05-09T21:30:00+00:00,0.120100
2026-05-09T21:45:00+00:00,0.116100
2026-05-09T22:00:00+00:00,0.125630
2026-05-09T22:15:00+00:00,0.119890
2026-05-09T22:30:00+00:00,0.117900
2026-05-09T22:45:00+00:00,0.117340
2026-05-09T23:00:00+00:00,0.119720
2026-05-09T23:15:00+00:00,0.118620
2026-05-09T23:30:00+00:00,0.116960
2026-05-09T23:45:00+00:00,0.114940
2026-05-10T00:00:00+00:00,0.118230
2026-05-10T00:15:00+00:00,0.115620
2026-05-10T00:30:00+00:00,0.115000
2026-05-10T00:45:00+00:00,0.111130
2026-05-10T01:00:00+00:00,0.114980
2026-05-10T01:15:00+00:00,0.113240
2026-05-10T01:30:00+00:00,0.111500
2026-05-10T01:45:00+00:00,0.111340
2026-05-10T02:00:00+00:00,0.107960
2026-05-10T02:15:00+00:00,0.113130
2026-05-10T02:30:00+00:00,0.111900
2026-05-10T02:45:00+00:00,0.110090
2026-05-10T03:00:00+00:00,0.109750
2026-05-10T03:15:00+00:00,0.112530
2026-05-10T03:30:00+00:00,0.112620
2026-05-10T03:45:00+00:00,0.106590
2026-05-10T04:00:00+00:00,0.120100
2026-05-10T04:15:00+00:00,0.110640
2026-05-10T04:30:00+00:00,0.100480
2026-05-10T04:45:00+00:00,0.094220
2026-05-10T05:00:00+00:00,0.113420
2026-05-10T05:15:00+00:00,0.096610
2026-05-10T05:30:00+00:00,0.089960
2026-05-10T05:45:00+00:00,0.075960
2026-05-10T06:00:00+00:00,0.100820
2026-05-10T06:15:00+00:00,0.085040
2026-05-10T06:30:00+00:00,0.056830
2026-05-10T06:45:00+00:00,0.011880
2026-05-10T07:00:00+00:00,0.033590
2026-05-10T07:15:00+00:00,0.009960
2026-05-10T07:30:00+00:00,0.001150
2026-05-10T07:45:00+00:00,0.000020
2026-05-10T08:00:00+00:00,0.000070
2026-05-10T08:15:00+00:00,0.000000
2026-05-10T08:30:00+00:00,-0.000010
2026-05-10T08:45:00+00:00,-0.000100
2026-05-10T09:00:00+00:00,-0.000100
2026-05-10T09:15:00+00:00,-0.001160
2026-05-10T09:30:00+00:00,-0.002070
2026-05-10T09:45:00+00:00,-0.003040
2026-05-10T10:00:00+00:00,-0.002100
2026-05-10T10:15:00+00:00,-0.003040
2026-05-10T10:30:00+00:00,-0.004250
2026-05-10T10:45:00+00:00,-0.006610
2026-05-10T11:00:00+00:00,-0.004570
2026-05-10T11:15:00+00:00,-0.003820
2026-05-10T11:30:00+00:00,-0.004220
2026-05-10T11:45:00+00:00,-0.003390
2026-05-10T12:00:00+00:00,-0.003410
2026-05-10T12:15:00+00:00,-0.002090
2026-05-10T12:30:00+00:00,-0.002050
2026-05-10T12:45:00+00:00,-0.002010
2026-05-10T13:00:00+00:00,-0.000820
2026-05-10T13:15:00+00:00,-0.000110
2026-05-10T13:30:00+00:00,-0.000070
2026-05-10T13:45:00+00:00,-0.000010
2026-05-10T14:00:00+00:00,-0.000060
2026-05-10T14:15:00+00:00,-0.000030
2026-05-10T14:30:00+00:00,0.000300
2026-05-10T14:45:00+00:00,0.007970
2026-05-10T15:00:00+00:00,0.008620
2026-05-10T15:15:00+00:00,0.050900
2026-05-10T15:30:00+00:00,0.081800
2026-05-10T15:45:00+00:00,0.102520
2026-05-10T16:00:00+00:00,0.079710
2026-05-10T16:15:00+00:00,0.097380
2026-05-10T16:30:00+00:00,0.108470
2026-05-10T16:45:00+00:00,0.111990
2026-05-10T17:00:00+00:00,0.102220
2026-05-10T17:15:00+00:00,0.109250
2026-05-10T17:30:00+00:00,0.112600
2026-05-10T17:45:00+00:00,0.118570
2026-05-10T18:00:00+00:00,0.118030
2026-05-10T18:15:00+00:00,0.121920
2026-05-10T18:30:00+00:00,0.124490
2026-05-10T18:45:00+00:00,0.130720
2026-05-10T19:00:00+00:00,0.124630
2026-05-10T19:15:00+00:00,0.124790
2026-05-10T19:30:00+00:00,0.123040
2026-05-10T19:45:00+00:00,0.121140
2026-05-10T20:00:00+00:00,0.122180
2026-05-10T20:15:00+00:00,0.119240
2026-05-10T20:30:00+00:00,0.120150
2026-05-10T20:45:00+00:00,0.116580
2026-05-10T21:00:00+00:00,0.117750
2026-05-10T21:15:00+00:00,0.114050
2026-05-10T21:30:00+00:00,0.113840
2026-05-10T21:45:00+00:00,0.107080
2026-05-10T22:00:00+00:00,0.117550
2026-05-10T22:15:00+00:00,0.106600
2026-05-10T22:30:00+00:00,0.107320
2026-05-10T22:45:00+00:00,0.103510
2026-05-10T23:00:00+00:00,0.108420
2026-05-10T23:15:00+00:00,0.103200
2026-05-10T23:30:00+00:00,0.101060
2026-05-10T23:45:00+00:00,0.097420
2026-05-11T00:00:00+00:00,0.099860
2026-05-11T00:15:00+00:00,0.100820
2026-05-11T00:30:00+00:00,0.100470
2026-05-11T00:45:00+00:00,0.102970
2026-05-11T01:00:00+00:00,0.101160
2026-05-11T01:15:00+00:00,0.102950
2026-05-11T01:30:00+00:00,0.106440
2026-05-11T01:45:00+00:00,0.107730
2026-05-11T02:00:00+00:00,0.101470
2026-05-11T02:15:00+00:00,0.102900
2026-05-11T02:30:00+00:00,0.108360
2026-05-11T02:45:00+00:00,0.112830
2026-05-11T03:00:00+00:00,0.112410
2026-05-11T03:15:00+00:00,0.120080
2026-05-11T03:30:00+00:00,0.123750
2026-05-11T03:45:00+00:00,0.118020
2026-05-11T04:00:00+00:00,0.134130
2026-05-11T04:15:00+00:00,0.133620
2026-05-11T04:30:00+00:00,0.140200
2026-05-11T04:45:00+00:00,0.146640
2026-05-11T05:00:00+00:00,0.164940
2026-05-11T05:15:00+00:00,0.192100
2026-05-11T05:30:00+00:00,0.158270
2026-05-11T05:45:00+00:00,0.148190
2026-05-11T06:00:00+00:00,0.203670
2026-05-11T06:15:00+00:00,0.152670
2026-05-11T06:30:00+00:00,0.142040
2026-05-11T06:45:00+00:00,0.129040
2026-05-11T07:00:00+00:00,0.151870
2026-05-11T07:15:00+00:00,0.126950
2026-05-11T07:30:00+00:00,0.124020
2026-05-11T07:45:00+00:00,0.117800
2026-05-11T08:00:00+00:00,0.130270
2026-05-11T08:15:00+00:00,0.118130
2026-05-11T08:30:00+00:00,0.112970
2026-05-11T08:45:00+00:00,0.105850
2026-05-11T09:00:00+00:00,0.117370
2026-05-11T09:15:00+00:00,0.105710
2026-05-11T09:30:00+00:00,0.096140
2026-05-11T09:45:00+00:00,0.095150
2026-05-11T10:00:00+00:00,0.099030
2026-05-11T10:15:00+00:00,0.096070
2026-05-11T10:30:00+00:00,0.096050
2026-05-11T10:45:00+00:00,0.091460
2026-05-11T11:00:00+00:00,0.091820
2026-05-11T11:15:00+00:00,0.091400
2026-05-11T11:30:00+00:00,0.089140
2026-05-11T11:45:00+00:00,0.084440
2026-05-11T12:00:00+00:00,0.088090
2026-05-11T12:15:00+00:00,0.088090
2026-05-11T12:30:00+00:00,0.085070
2026-05-11T12:45:00+00:00,0.063540
2026-05-11T13:00:00+00:00,0.085000
2026-05-11T13:15:00+00:00,0.085870
2026-05-11T13:30:00+00:00,0.063300
2026-05-11T13:45:00+00:00,0.045830
2026-05-11T14:00:00+00:00,0.035550
2026-05-11T14:15:00+00:00,0.042690
2026-05-11T14:30:00+00:00,0.068820
2026-05-11T14:45:00+00:00,0.097040
2026-05-11T15:00:00+00:00,0.070940
2026-05-11T15:15:00+00:00,0.100100
2026-05-11T15:30:00+00:00,0.107490
2026-05-11T15:45:00+00:00,0.113080
2026-05-11T16:00:00+00:00,0.108200
2026-05-11T16:15:00+00:00,0.111190
2026-05-11T16:30:00+00:00,0.112750
2026-05-11T16:45:00+00:00,0.119130
2026-05-11T17:00:00+00:00,0.116320
2026-05-11T17:15:00+00:00,0.121810
2026-05-11T17:30:00+00:00,0.127390
2026-05-11T17:45:00+00:00,0.135310
2026-05-11T18:00:00+00:00,0.126960
2026-05-11T18:15:00+00:00,0.127290
2026-05-11T18:30:00+00:00,0.133050
2026-05-11T18:45:00+00:00,0.133740
2026-05-11T19:00:00+00:00,0.135280
2026-05-11T19:15:00+00:00,0.129990
2026-05-11T19:30:00+00:00,0.127270
2026-05-11T19:45:00+00:00,0.116730
2026-05-11T20:00:00+00:00,0.126870
2026-05-11T20:15:00+00:00,0.121010
2026-05-11T20:30:00+00:00,0.121860
2026-05-11T20:45:00+00:00,0.113480
2026-05-11T21:00:00+00:00,0.119670
2026-05-11T21:15:00+00:00,0.108800
2026-05-11T21:30:00+00:00,0.106600
2026-05-11T21:45:00+00:00,0.101060
2026-05-11T22:00:00+00:00,0.106020
2026-05-11T22:15:00+00:00,0.100990
2026-05-11T22:30:00+00:00,0.096810
2026-05-11T22:45:00+00:00,0.092860
2026-05-11T23:00:00+00:00,0.099330
2026-05-11T23:15:00+00:00,0.094250
2026-05-11T23:30:00+00:00,0.094430
2026-05-11T23:45:00+00:00,0.090100
2026-05-12T00:00:00+00:00,0.090390
2026-05-12T00:15:00+00:00,0.091590
2026-05-12T00:30:00+00:00,0.089700
2026-05-12T00:45:00+00:00,0.085960
2026-05-12T01:00:00+00:00,0.091320
2026-05-12T01:15:00+00:00,0.088380
2026-05-12T01:30:00+00:00,0.087540
2026-05-12T01:45:00+00:00,0.085560
2026-05-12T02:00:00+00:00,0.084120
2026-05-12T02:15:00+00:00,0.089700
2026-05-12T02:30:00+00:00,0.092280
2026-05-12T02:45:00+00:00,0.096100
2026-05-12T03:00:00+00:00,0.085640
2026-05-12T03:15:00+00:00,0.090100
2026-05-12T03:30:00+00:00,0.098380
2026-05-12T03:45:00+00:00,0.101010
2026-05-12T04:00:00+00:00,0.099990
2026-05-12T04:15:00+00:00,0.110780
2026-05-12T04:30:00+00:00,0.114800
2026-05-12T04:45:00+00:00,0.119890
2026-05-12T05:00:00+00:00,0.125610
2026-05-12T05:15:00+00:00,0.125010
2026-05-12T05:30:00+00:00,0.122850
2026-05-12T05:45:00+00:00,0.117000
2026-05-12T06:00:00+00:00,0.125050
2026-05-12T06:15:00+00:00,0.118000
2026-05-12T06:30:00+00:00,0.108530
2026-05-12T06:45:00+00:00,0.097000
2026-05-12T07:00:00+00:00,0.108530
2026-05-12T07:15:00+00:00,0.100000
2026-05-12T07:30:00+00:00,0.092780
2026-05-12T07:45:00+00:00,0.074990
2026-05-12T08:00:00+00:00,0.096040
2026-05-12T08:15:00+00:00,0.085190
2026-05-12T08:30:00+00:00,0.070890
2026-05-12T08:45:00+00:00,0.057590
2026-05-12T09:00:00+00:00,0.069500
2026-05-12T09:15:00+00:00,0.062970
2026-05-12T09:30:00+00:00,0.057990
2026-05-12T09:45:00+00:00,0.054380
2026-05-12T10:00:00+00:00,0.053750
2026-05-12T10:15:00+00:00,0.044110
2026-05-12T10:30:00+00:00,0.039260
2026-05-12T10:45:00+00:00,0.038930
2026-05-12T11:00:00+00:00,0.032310
2026-05-12T11:15:00+00:00,0.030010
2026-05-12T11:30:00+00:00,0.024480
2026-05-12T11:45:00+00:00,0.022520
2026-05-12T12:00:00+00:00,0.021900
2026-05-12T12:15:00+00:00,0.022200
2026-05-12T12:30:00+00:00,0.025250
2026-05-12T12:45:00+00:00,0.032650
2026-05-12T13:00:00+00:00,0.030360
2026-05-12T13:15:00+00:00,0.037770
2026-05-12T13:30:00+00:00,0.050100
2026-05-12T13:45:00+00:00,0.061250
2026-05-12T14:00:00+00:00,0.041140
2026-05-12T14:15:00+00:00,0.060800
2026-05-12T14:30:00+00:00,0.087410
2026-05-12T14:45:00+00:00,0.096170
2026-05-12T15:00:00+00:00,0.070100
2026-05-12T15:15:00+00:00,0.094800
2026-05-12T15:30:00+00:00,0.102620
2026-05-12T15:45:00+00:00,0.116480
2026-05-12T16:00:00+00:00,0.097390
2026-05-12T16:15:00+00:00,0.111210
2026-05-12T16:30:00+00:00,0.121080
2026-05-12T16:45:00+00:00,0.129840
2026-05-12T17:00:00+00:00,0.116900
2026-05-12T17:15:00+00:00,0.129650
2026-05-12T17:30:00+00:00,0.140450
2026-05-12T17:45:00+00:00,0.153460
2026-05-12T18:00:00+00:00,0.137860
2026-05-12T18:15:00+00:00,0.143010
2026-05-12T18:30:00+00:00,0.146490
2026-05-12T18:45:00+00:00,0.144150
2026-05-12T19:00:00+00:00,0.151780
2026-05-12T19:15:00+00:00,0.147320
2026-05-12T19:30:00+00:00,0.139610
2026-05-12T19:45:00+00:00,0.132260
2026-05-12T20:00:00+00:00,0.138160
2026-05-12T20:15:00+00:00,0.132890
2026-05-12T20:30:00+00:00,0.129450
2026-05-12T20:45:00+00:00,0.124400
2026-05-12T21:00:00+00:00,0.127140
2026-05-12T21:15:00+00:00,0.120330
2026-05-12T21:30:00+00:00,0.115170
2026-05-12T21:45:00+00:00,0.110740
2026-05-12T22:00:00+00:00,0.122900
2026-05-12T22:15:00+00:00,0.112250
2026-05-12T22:30:00+00:00,0.103920
2026-05-12T22:45:00+00:00,0.099680
2026-05-12T23:00:00+00:00,0.107740
2026-05-12T23:15:00+00:00,0.102930
2026-05-12T23:30:00+00:00,0.102880
2026-05-12T23:45:00+00:00,0.101290
2026-05-13T00:00:00+00:00,0.102250
2026-05-13T00:15:00+00:00,0.101550
2026-05-13T00:30:00+00:00,0.095950
2026-05-13T00:45:00+00:00,0.097560
2026-05-13T01:00:00+00:00,0.097520
2026-05-13T01:15:00+00:00,0.098880
2026-05-13T01:30:00+00:00,0.101780
2026-05-13T01:45:00+00:00,0.101820
2026-05-13T02:00:00+00:00,0.102590
2026-05-13T02:15:00+00:00,0.104030
2026-05-13T02:30:00+00:00,0.103800
2026-05-13T02:45:00+00:00,0.109100
2026-05-13T03:00:00+00:00,0.108540
2026-05-13T03:15:00+00:00,0.107700
2026-05-13T03:30:00+00:00,0.114100
2026-05-13T03:45:00+00:00,0.121010
2026-05-13T04:00:00+00:00,0.117800
2026-05-13T04:15:00+00:00,0.126750
2026-05-13T04:30:00+00:00,0.132200
2026-05-13T04:45:00+00:00,0.129650
2026-05-13T05:00:00+00:00,0.137480
2026-05-13T05:15:00+00:00,0.135450
2026-05-13T05:30:00+00:00,0.135750
2026-05-13T05:45:00+00:00,0.126310
2026-05-13T06:00:00+00:00,0.138060
2026-05-13T06:15:00+00:00,0.126370
2026-05-13T06:30:00+00:00,0.118570
2026-05-13T06:45:00+00:00,0.101120
2026-05-13T07:00:00+00:00,0.114170
2026-05-13T07:15:00+00:00,0.092610
2026-05-13T07:30:00+00:00,0.086250
2026-05-13T07:45:00+00:00,0.076630
2026-05-13T08:00:00+00:00,0.086340
2026-05-13T08:15:00+00:00,0.078900
2026-05-13T08:30:00+00:00,0.074520
2026-05-13T08:45:00+00:00,0.065590
2026-05-13T09:00:00+00:00,0.078520
2026-05-13T09:15:00+00:00,0.073360
2026-05-13T09:30:00+00:00,0.073290
2026-05-13T09:45:00+00:00,0.070600
2026-05-13T10:00:00+00:00,0.073210
2026-05-13T10:15:00+00:00,0.068380
2026-05-13T10:30:00+00:00,0.063670
2026-05-13T10:45:00+00:00,0.060380
2026-05-13T11:00:00+00:00,0.066550
2026-05-13T11:15:00+00:00,0.065920
2026-05-13T11:30:00+00:00,0.063270
2026-05-13T11:45:00+00:00,0.059070
2026-05-13T12:00:00+00:00,0.056370
2026-05-13T12:15:00+00:00,0.058500
2026-05-13T12:30:00+00:00,0.063970
2026-05-13T12:45:00+00:00,0.068490
2026-05-13T13:00:00+00:00,0.060860
2026-05-13T13:15:00+00:00,0.068070
2026-05-13T13:30:00+00:00,0.075320
2026-05-13T13:45:00+00:00,0.085400
2026-05-13T14:00:00+00:00,0.066570
2026-05-13T14:15:00+00:00,0.077370
2026-05-13T14:30:00+00:00,0.083780
2026-05-13T14:45:00+00:00,0.096940
2026-05-13T15:00:00+00:00,0.080590
2026-05-13T15:15:00+00:00,0.090420
2026-05-13T15:30:00+00:00,0.104160
2026-05-13T15:45:00+00:00,0.112670
2026-05-13T16:00:00+00:00,0.105080
2026-05-13T16:15:00+00:00,0.116580
2026-05-13T16:30:00+00:00,0.121710
2026-05-13T16:45:00+00:00,0.132710
2026-05-13T17:00:00+00:00,0.122410
2026-05-13T17:15:00+00:00,0.132270
2026-05-13T17:30:00+00:00,0.142020
2026-05-13T17:45:00+00:00,0.166150
2026-05-13T18:00:00+00:00,0.154890
2026-05-13T18:15:00+00:00,0.161060
2026-05-13T18:30:00+00:00,0.164820
2026-05-13T18:45:00+00:00,0.165730
2026-05-13T19:00:00+00:00,0.166730
2026-05-13T19:15:00+00:00,0.153050
2026-05-13T19:30:00+00:00,0.143240
2026-05-13T19:45:00+00:00,0.138010
2026-05-13T20:00:00+00:00,0.144350
2026-05-13T20:15:00+00:00,0.133490
2026-05-13T20:30:00+00:00,0.131380
2026-05-13T20:45:00+00:00,0.127220
2026-05-13T21:00:00+00:00,0.126830
2026-05-13T21:15:00+00:00,0.121510
2026-05-13T21:30:00+00:00,0.115920
2026-05-13T21:45:00+00:00,0.112410
2026-05-13T22:00:00+00:00,0.127310
2026-05-13T22:15:00+00:00,0.123510
2026-05-13T22:30:00+00:00,0.114740
2026-05-13T22:45:00+00:00,0.109450
2026-05-13T23:00:00+00:00,0.119290
2026-05-13T23:15:00+00:00,0.114700
2026-05-13T23:30:00+00:00,0.113010
2026-05-13T23:45:00+00:00,0.103890
2026-05-14T00:00:00+00:00,0.115180
2026-05-14T00:15:00+00:00,0.110100
2026-05-14T00:30:00+00:00,0.106930
2026-05-14T00:45:00+00:00,0.103340
2026-05-14T01:00:00+00:00,0.109490
2026-05-14T01:15:00+00:00,0.108000
2026-05-14T01:30:00+00:00,0.106850
2026-05-14T01:45:00+00:00,0.105790
2026-05-14T02:00:00+00:00,0.105590
2026-05-14T02:15:00+00:00,0.104550
2026-05-14T02:30:00+00:00,0.104370
2026-05-14T02:45:00+00:00,0.106510
2026-05-14T03:00:00+00:00,0.106330
2026-05-14T03:15:00+00:00,0.104100
2026-05-14T03:30:00+00:00,0.104980
2026-05-14T03:45:00+00:00,0.103280
2026-05-14T04:00:00+00:00,0.105070
2026-05-14T04:15:00+00:00,0.104990
2026-05-14T04:30:00+00:00,0.102860
2026-05-14T04:45:00+00:00,0.094710
2026-05-14T05:00:00+00:00,0.119250
2026-05-14T05:15:00+00:00,0.103860
2026-05-14T05:30:00+00:00,0.098290
2026-05-14T05:45:00+00:00,0.092750
2026-05-14T06:00:00+00:00,0.104320
2026-05-14T06:15:00+00:00,0.099670
2026-05-14T06:30:00+00:00,0.093160
2026-05-14T06:45:00+00:00,0.078650
2026-05-14T07:00:00+00:00,0.094550
2026-05-14T07:15:00+00:00,0.090000
2026-05-14T07:30:00+00:00,0.075400
2026-05-14T07:45:00+00:00,0.063990
2026-05-14T08:00:00+00:00,0.076490
2026-05-14T08:15:00+00:00,0.059060
2026-05-14T08:30:00+00:00,0.046140
2026-05-14T08:45:00+00:00,0.034830
2026-05-14T09:00:00+00:00,0.039220
2026-05-14T09:15:00+00:00,0.036180
2026-05-14T09:30:00+00:00,0.030430
2026-05-14T09:45:00+00:00,0.021990
2026-05-14T10:00:00+00:00,0.031300
2026-05-14T10:15:00+00:00,0.019510
2026-05-14T10:30:00+00:00,0.014220
2026-05-14T10:45:00+00:00,0.010250
2026-05-14T11:00:00+00:00,0.010210
2026-05-14T11:15:00+00:00,0.008250
2026-05-14T11:30:00+00:00,0.006510
2026-05-14T11:45:00+00:00,0.004760
2026-05-14T12:00:00+00:00,0.003140
2026-05-14T12:15:00+00:00,0.004230
2026-05-14T12:30:00+00:00,0.004410
2026-05-14T12:45:00+00:00,0.005200
2026-05-14T13:00:00+00:00,0.004370
2026-05-14T13:15:00+00:00,0.006900
2026-05-14T13:30:00+00:00,0.015970
2026-05-14T13:45:00+00:00,0.036150
2026-05-14T14:00:00+00:00,0.021210
2026-05-14T14:15:00+00:00,0.049650
2026-05-14T14:30:00+00:00,0.072270
2026-05-14T14:45:00+00:00,0.093190
2026-05-14T15:00:00+00:00,0.053940
2026-05-14T15:15:00+00:00,0.080750
2026-05-14T15:30:00+00:00,0.091840
2026-05-14T15:45:00+00:00,0.111640
2026-05-14T16:00:00+00:00,0.096720
2026-05-14T16:15:00+00:00,0.111600
2026-05-14T16:30:00+00:00,0.122450
2026-05-14T16:45:00+00:00,0.135430
2026-05-14T17:00:00+00:00,0.122680
2026-05-14T17:15:00+00:00,0.131110
2026-05-14T17:30:00+00:00,0.139660
2026-05-14T17:45:00+00:00,0.147000
2026-05-14T18:00:00+00:00,0.143030
2026-05-14T18:15:00+00:00,0.148370
2026-05-14T18:30:00+00:00,0.153060
2026-05-14T18:45:00+00:00,0.181460
2026-05-14T19:00:00+00:00,0.149250
2026-05-14T19:15:00+00:00,0.154470
2026-05-14T19:30:00+00:00,0.152760
2026-05-14T19:45:00+00:00,0.153610
2026-05-14T20:00:00+00:00,0.159080
2026-05-14T20:15:00+00:00,0.143700
2026-05-14T20:30:00+00:00,0.139110
2026-05-14T20:45:00+00:00,0.133660
2026-05-14T21:00:00+00:00,0.137620
2026-05-14T21:15:00+00:00,0.131500
2026-05-14T21:30:00+00:00,0.128040
2026-05-14T21:45:00+00:00,0.123910
2026-05-14T22:00:00+00:00,0.139000
2026-05-14T22:15:00+00:00,0.132650
2026-05-14T22:30:00+00:00,0.129560
2026-05-14T22:45:00+00:00,0.120750
2026-05-14T23:00:00+00:00,0.133420
2026-05-14T23:15:00+00:00,0.125910
2026-05-14T23:30:00+00:00,0.121060
2026-05-14T23:45:00+00:00,0.115160
2026-05-15T00:00:00+00:00,0.123920
2026-05-15T00:15:00+00:00,0.119310
2026-05-15T00:30:00+00:00,0.116470
2026-05-15T00:45:00+00:00,0.114820
2026-05-15T01:00:00+00:00,0.114400
2026-05-15T01:15:00+00:00,0.112340
2026-05-15T01:30:00+00:00,0.113370
2026-05-15T01:45:00+00:00,0.111670
2026-05-15T02:00:00+00:00,0.111310
2026-05-15T02:15:00+00:00,0.112480
2026-05-15T02:30:00+00:00,0.113690
2026-05-15T02:45:00+00:00,0.116520
2026-05-15T03:00:00+00:00,0.113970
2026-05-15T03:15:00+00:00,0.115100
2026-05-15T03:30:00+00:00,0.117960
2026-05-15T03:45:00+00:00,0.120790
2026-05-15T04:00:00+00:00,0.123760
2026-05-15T04:15:00+00:00,0.128120
2026-05-15T04:30:00+00:00,0.127980
2026-05-15T04:45:00+00:00,0.128120
2026-05-15T05:00:00+00:00,0.133310
2026-05-15T05:15:00+00:00,0.130650
2026-05-15T05:30:00+00:00,0.127550
2026-05-15T05:45:00+00:00,0.108520
2026-05-15T06:00:00+00:00,0.128370
2026-05-15T06:15:00+00:00,0.120660
2026-05-15T06:30:00+00:00,0.111700
2026-05-15T06:45:00+00:00,0.101840
2026-05-15T07:00:00+00:00,0.114940
2026-05-15T07:15:00+00:00,0.103670
2026-05-15T07:30:00+00:00,0.091300
2026-05-15T07:45:00+00:00,0.079010
2026-05-15T08:00:00+00:00,0.092430
2026-05-15T08:15:00+00:00,0.073420
2026-05-15T08:30:00+00:00,0.069290
2026-05-15T08:45:00+00:00,0.058470
2026-05-15T09:00:00+00:00,0.073170
2026-05-15T09:15:00+00:00,0.066060
2026-05-15T09:30:00+00:00,0.052990
2026-05-15T09:45:00+00:00,0.042480
2026-05-15T10:00:00+00:00,0.063670
2026-05-15T10:15:00+00:00,0.053580
2026-05-15T10:30:00+00:00,0.043100
2026-05-15T10:45:00+00:00,0.034890
2026-05-15T11:00:00+00:00,0.043960
2026-05-15T11:15:00+00:00,0.036890
2026-05-15T11:30:00+00:00,0.033170
2026-05-15T11:45:00+00:00,0.027350
2026-05-15T12:00:00+00:00,0.029400
2026-05-15T12:15:00+00:00,0.032840
2026-05-15T12:30:00+00:00,0.037680
2026-05-15T12:45:00+00:00,0.041610
2026-05-15T13:00:00+00:00,0.024590
2026-05-15T13:15:00+00:00,0.038370
2026-05-15T13:30:00+00:00,0.049580
2026-05-15T13:45:00+00:00,0.065160
2026-05-15T14:00:00+00:00,0.037560
2026-05-15T14:15:00+00:00,0.060000
2026-05-15T14:30:00+00:00,0.081190
2026-05-15T14:45:00+00:00,0.088790
2026-05-15T15:00:00+00:00,0.076960
2026-05-15T15:15:00+00:00,0.088450
2026-05-15T15:30:00+00:00,0.100750
2026-05-15T15:45:00+00:00,0.108360
2026-05-15T16:00:00+00:00,0.105350
2026-05-15T16:15:00+00:00,0.109100
2026-05-15T16:30:00+00:00,0.116440
2026-05-15T16:45:00+00:00,0.123740
2026-05-15T17:00:00+00:00,0.124710
2026-05-15T17:15:00+00:00,0.129050
2026-05-15T17:30:00+00:00,0.135500
2026-05-15T17:45:00+00:00,0.142720
2026-05-15T18:00:00+00:00,0.140730
2026-05-15T18:15:00+00:00,0.142760
2026-05-15T18:30:00+00:00,0.145500
2026-05-15T18:45:00+00:00,0.149790
2026-05-15T19:00:00+00:00,0.154150
2026-05-15T19:15:00+00:00,0.146930
2026-05-15T19:30:00+00:00,0.141090
2026-05-15T19:45:00+00:00,0.137010
2026-05-15T20:00:00+00:00,0.145260
2026-05-15T20:15:00+00:00,0.139200
2026-05-15T20:30:00+00:00,0.139150
2026-05-15T20:45:00+00:00,0.134210
2026-05-15T21:00:00+00:00,0.139360
2026-05-15T21:15:00+00:00,0.132090
2026-05-15T21:30:00+00:00,0.126740
2026-05-15T21:45:00+00:00,0.124390
2026-05-15T22:00:00+00:00,0.139320
2026-05-15T22:15:00+00:00,0.129380
2026-05-15T22:30:00+00:00,0.119470
2026-05-15T22:45:00+00:00,0.115830
2026-05-15T23:00:00+00:00,0.120860
2026-05-15T23:15:00+00:00,0.115990
2026-05-15T23:30:00+00:00,0.117630
2026-05-15T23:45:00+00:00,0.115430
2026-05-16T00:00:00+00:00,0.119590
2026-05-16T00:15:00+00:00,0.117670
2026-05-16T00:30:00+00:00,0.117210
2026-05-16T00:45:00+00:00,0.111530
2026-05-16T01:00:00+00:00,0.117850
2026-05-16T01:15:00+00:00,0.116090
2026-05-16T01:30:00+00:00,0.115220
2026-05-16T01:45:00+00:00,0.114850
2026-05-16T02:00:00+00:00,0.114730
2026-05-16T02:15:00+00:00,0.113610
2026-05-16T02:30:00+00:00,0.112760
2026-05-16T02:45:00+00:00,0.114980
2026-05-16T03:00:00+00:00,0.114820
2026-05-16T03:15:00+00:00,0.110190
2026-05-16T03:30:00+00:00,0.106800
2026-05-16T03:45:00+00:00,0.105560
2026-05-16T04:00:00+00:00,0.110470
2026-05-16T04:15:00+00:00,0.106470
2026-05-16T04:30:00+00:00,0.105100
2026-05-16T04:45:00+00:00,0.100790
2026-05-16T05:00:00+00:00,0.107970
2026-05-16T05:15:00+00:00,0.103280
2026-05-16T05:30:00+00:00,0.098640
2026-05-16T05:45:00+00:00,0.090290
2026-05-16T06:00:00+00:00,0.100000
2026-05-16T06:15:00+00:00,0.090520
2026-05-16T06:30:00+00:00,0.079950
2026-05-16T06:45:00+00:00,0.065720
2026-05-16T07:00:00+00:00,0.081790
2026-05-16T07:15:00+00:00,0.057880
2026-05-16T07:30:00+00:00,0.017160
2026-05-16T07:45:00+00:00,0.007170
2026-05-16T08:00:00+00:00,0.013120
2026-05-16T08:15:00+00:00,0.003030
2026-05-16T08:30:00+00:00,0.000270
2026-05-16T08:45:00+00:00,0.000110
2026-05-16T09:00:00+00:00,0.000350
2026-05-16T09:15:00+00:00,0.000340
2026-05-16T09:30:00+00:00,0.000310
2026-05-16T09:45:00+00:00,0.000360
2026-05-16T10:00:00+00:00,-0.000290
2026-05-16T10:15:00+00:00,-0.000350
2026-05-16T10:30:00+00:00,-0.000630
2026-05-16T10:45:00+00:00,-0.000980
2026-05-16T11:00:00+00:00,-0.001510
2026-05-16T11:15:00+00:00,-0.001450
2026-05-16T11:30:00+00:00,-0.001450
2026-05-16T11:45:00+00:00,-0.001330
2026-05-16T12:00:00+00:00,-0.001330
2026-05-16T12:15:00+00:00,-0.001310
2026-05-16T12:30:00+00:00,-0.001290
2026-05-16T12:45:00+00:00,-0.001080
2026-05-16T13:00:00+00:00,-0.001080
2026-05-16T13:15:00+00:00,-0.000710
2026-05-16T13:30:00+00:00,-0.000600
2026-05-16T13:45:00+00:00,-0.000240
2026-05-16T14:00:00+00:00,-0.000120
2026-05-16T14:15:00+00:00,0.000030
2026-05-16T14:30:00+00:00,0.000290
2026-05-16T14:45:00+00:00,0.017290
2026-05-16T15:00:00+00:00,0.005560
2026-05-16T15:15:00+00:00,0.038520
2026-05-16T15:30:00+00:00,0.078120
2026-05-16T15:45:00+00:00,0.100690
2026-05-16T16:00:00+00:00,0.065610
2026-05-16T16:15:00+00:00,0.089730
2026-05-16T16:30:00+00:00,0.114520
2026-05-16T16:45:00+00:00,0.121800
2026-05-16T17:00:00+00:00,0.106980
2026-05-16T17:15:00+00:00,0.118470
2026-05-16T17:30:00+00:00,0.128680
2026-05-16T17:45:00+00:00,0.135950
2026-05-16T18:00:00+00:00,0.133700
2026-05-16T18:15:00+00:00,0.138500
2026-05-16T18:30:00+00:00,0.141440
2026-05-16T18:45:00+00:00,0.146070
2026-05-16T19:00:00+00:00,0.143760
2026-05-16T19:15:00+00:00,0.141350
2026-05-16T19:30:00+00:00,0.139260
2026-05-16T19:45:00+00:00,0.141050
2026-05-16T20:00:00+00:00,0.139350
2026-05-16T20:15:00+00:00,0.136440
2026-05-16T20:30:00+00:00,0.134310
2026-05-16T20:45:00+00:00,0.130870
2026-05-16T21:00:00+00:00,0.130410
2026-05-16T21:15:00+00:00,0.126200
2026-05-16T21:30:00+00:00,0.125360
2026-05-16T21:45:00+00:00,0.116870
2026-05-16T22:00:00+00:00,0.132900
2026-05-16T22:15:00+00:00,0.125940
2026-05-16T22:30:00+00:00,0.118500
2026-05-16T22:45:00+00:00,0.116070
2026-05-16T23:00:00+00:00,0.122670
2026-05-16T23:15:00+00:00,0.116020
2026-05-16T23:30:00+00:00,0.113820
2026-05-16T23:45:00+00:00,0.112410
2026-05-17T00:00:00+00:00,0.115560
2026-05-17T00:15:00+00:00,0.113470
2026-05-17T00:30:00+00:00,0.110040
2026-05-17T00:45:00+00:00,0.109010
2026-05-17T01:00:00+00:00,0.107880
2026-05-17T01:15:00+00:00,0.109740
2026-05-17T01:30:00+00:00,0.110200
2026-05-17T01:45:00+00:00,0.111840
2026-05-17T02:00:00+00:00,0.106910
2026-05-17T02:15:00+00:00,0.106460
2026-05-17T02:30:00+00:00,0.104420
2026-05-17T02:45:00+00:00,0.104700
2026-05-17T03:00:00+00:00,0.104170
2026-05-17T03:15:00+00:00,0.103770
2026-05-17T03:30:00+00:00,0.102350
2026-05-17T03:45:00+00:00,0.099670
2026-05-17T04:00:00+00:00,0.102560
2026-05-17T04:15:00+00:00,0.099810
2026-05-17T04:30:00+00:00,0.093640
2026-05-17T04:45:00+00:00,0.089270
2026-05-17T05:00:00+00:00,0.097710
2026-05-17T05:15:00+00:00,0.086800
2026-05-17T05:30:00+00:00,0.069120
2026-05-17T05:45:00+00:00,0.062140
2026-05-17T06:00:00+00:00,0.081900
2026-05-17T06:15:00+00:00,0.063350
2026-05-17T06:30:00+00:00,0.049180
2026-05-17T06:45:00+00:00,0.016960
2026-05-17T07:00:00+00:00,0.038610
2026-05-17T07:15:00+00:00,0.022200
2026-05-17T07:30:00+00:00,0.009990
2026-05-17T07:45:00+00:00,0.006230
2026-05-17T08:00:00+00:00,0.008070
2026-05-17T08:15:00+00:00,0.004510
2026-05-17T08:30:00+00:00,0.001340
2026-05-17T08:45:00+00:00,0.000040
2026-05-17T09:00:00+00:00,0.002010
2026-05-17T09:15:00+00:00,0.000190
2026-05-17T09:30:00+00:00,0.000050
2026-05-17T09:45:00+00:00,0.000010
2026-05-17T10:00:00+00:00,0.001350
2026-05-17T10:15:00+00:00,0.002500
2026-05-17T10:30:00+00:00,0.002490
2026-05-17T10:45:00+00:00,0.000100
2026-05-17T11:00:00+00:00,0.000000
2026-05-17T11:15:00+00:00,0.000000
2026-05-17T11:30:00+00:00,0.000000
2026-05-17T11:45:00+00:00,0.000000
2026-05-17T12:00:00+00:00,0.000000
2026-05-17T12:15:00+00:00,0.000000
2026-05-17T12:30:00+00:00,0.000070
2026-05-17T12:45:00+00:00,0.005800
2026-05-17T13:00:00+00:00,0.005210
2026-05-17T13:15:00+00:00,0.007450
2026-05-17T13:30:00+00:00,0.015820
2026-05-17T13:45:00+00:00,0.039360
2026-05-17T14:00:00+00:00,0.013350
2026-05-17T14:15:00+00:00,0.034620
2026-05-17T14:30:00+00:00,0.070530
2026-05-17T14:45:00+00:00,0.103900
2026-05-17T15:00:00+00:00,0.069080
2026-05-17T15:15:00+00:00,0.091450
2026-05-17T15:30:00+00:00,0.112760
2026-05-17T15:45:00+00:00,0.130120
2026-05-17T16:00:00+00:00,0.108300
2026-05-17T16:15:00+00:00,0.126540
2026-05-17T16:30:00+00:00,0.138180
2026-05-17T16:45:00+00:00,0.144800
2026-05-17T17:00:00+00:00,0.135200
2026-05-17T17:15:00+00:00,0.142230
2026-05-17T17:30:00+00:00,0.146870
2026-05-17T17:45:00+00:00,0.147970
2026-05-17T18:00:00+00:00,0.146570
2026-05-17T18:15:00+00:00,0.153100
2026-05-17T18:30:00+00:00,0.154170
2026-05-17T18:45:00+00:00,0.150180
2026-05-17T19:00:00+00:00,0.159700
2026-05-17T19:15:00+00:00,0.153770
2026-05-17T19:30:00+00:00,0.150120
2026-05-17T19:45:00+00:00,0.148580
2026-05-17T20:00:00+00:00,0.154710
2026-05-17T20:15:00+00:00,0.147950
2026-05-17T20:30:00+00:00,0.146510
2026-05-17T20:45:00+00:00,0.144420
2026-05-17T21:00:00+00:00,0.145200
2026-05-17T21:15:00+00:00,0.140980
2026-05-17T21:30:00+00:00,0.141260
2026-05-17T21:45:00+00:00,0.131310
2026-05-17T22:00:00+00:00,0.140280
2026-05-17T22:15:00+00:00,0.132450
2026-05-17T22:30:00+00:00,0.126320
2026-05-17T22:45:00+00:00,0.121940
2026-05-17T23:00:00+00:00,0.126300
2026-05-17T23:15:00+00:00,0.121760
2026-05-17T23:30:00+00:00,0.121190
2026-05-17T23:45:00+00:00,0.120330
2026-05-18T00:00:00+00:00,0.121530
2026-05-18T00:15:00+00:00,0.122470
2026-05-18T00:30:00+00:00,0.122400
2026-05-18T00:45:00+00:00,0.122290
2026-05-18T01:00:00+00:00,0.122790
2026-05-18T01:15:00+00:00,0.121520
2026-05-18T01:30:00+00:00,0.122270
2026-05-18T01:45:00+00:00,0.122410
2026-05-18T02:00:00+00:00,0.122540
2026-05-18T02:15:00+00:00,0.124020
2026-05-18T02:30:00+00:00,0.124770
2026-05-18T02:45:00+00:00,0.129360
2026-05-18T03:00:00+00:00,0.122540
2026-05-18T03:15:00+00:00,0.129800
2026-05-18T03:30:00+00:00,0.134720
2026-05-18T03:45:00+00:00,0.142920
2026-05-18T04:00:00+00:00,0.139830
2026-05-18T04:15:00+00:00,0.145400
2026-05-18T04:30:00+00:00,0.149080
2026-05-18T04:45:00+00:00,0.157290
2026-05-18T05:00:00+00:00,0.175450
2026-05-18T05:15:00+00:00,0.161720
2026-05-18T05:30:00+00:00,0.159090
2026-05-18T05:45:00+00:00,0.148760
2026-05-18T06:00:00+00:00,0.185440
2026-05-18T06:15:00+00:00,0.187130
2026-05-18T06:30:00+00:00,0.170350
2026-05-18T06:45:00+00:00,0.144280
2026-05-18T07:00:00+00:00,0.145140
2026-05-18T07:15:00+00:00,0.156050
2026-05-18T07:30:00+00:00,0.132300
2026-05-18T07:45:00+00:00,0.126520
2026-05-18T08:00:00+00:00,0.131160
2026-05-18T08:15:00+00:00,0.133900
2026-05-18T08:30:00+00:00,0.115490
2026-05-18T08:45:00+00:00,0.107870
2026-05-18T09:00:00+00:00,0.108370
2026-05-18T09:15:00+00:00,0.112020
2026-05-18T09:30:00+00:00,0.104460
2026-05-18T09:45:00+00:00,0.099140
2026-05-18T10:00:00+00:00,0.111700
2026-05-18T10:15:00+00:00,0.097750
2026-05-18T10:30:00+00:00,0.094540
2026-05-18T10:45:00+00:00,0.089990
2026-05-18T11:00:00+00:00,0.094960
2026-05-18T11:15:00+00:00,0.090650
2026-05-18T11:30:00+00:00,0.091330
2026-05-18T11:45:00+00:00,0.085350
2026-05-18T12:00:00+00:00,0.085110
2026-05-18T12:15:00+00:00,0.091260
2026-05-18T12:30:00+00:00,0.094480
2026-05-18T12:45:00+00:00,0.096070
2026-05-18T13:00:00+00:00,0.090000
2026-05-18T13:15:00+00:00,0.096980
2026-05-18T13:30:00+00:00,0.106830
2026-05-18T13:45:00+00:00,0.100630
2026-05-18T14:00:00+00:00,0.093420
2026-05-18T14:15:00+00:00,0.099380
2026-05-18T14:30:00+00:00,0.108270
2026-05-18T14:45:00+00:00,0.119940
2026-05-18T15:00:00+00:00,0.107470
2026-05-18T15:15:00+00:00,0.116760
2026-05-18T15:30:00+00:00,0.130230
2026-05-18T15:45:00+00:00,0.146560
2026-05-18T16:00:00+00:00,0.124780
2026-05-18T16:15:00+00:00,0.134400
2026-05-18T16:30:00+00:00,0.144810
2026-05-18T16:45:00+00:00,0.168050
2026-05-18T17:00:00+00:00,0.136350
2026-05-18T17:15:00+00:00,0.155990
2026-05-18T17:30:00+00:00,0.183700
2026-05-18T17:45:00+00:00,0.243200
2026-05-18T18:00:00+00:00,0.210280
2026-05-18T18:15:00+00:00,0.224680
2026-05-18T18:30:00+00:00,0.246340
2026-05-18T18:45:00+00:00,0.236340
2026-05-18T19:00:00+00:00,0.255350
2026-05-18T19:15:00+00:00,0.210510
2026-05-18T19:30:00+00:00,0.184040
2026-05-18T19:45:00+00:00,0.156670
2026-05-18T20:00:00+00:00,0.169880
2026-05-18T20:15:00+00:00,0.155810
2026-05-18T20:30:00+00:00,0.151880
2026-05-18T20:45:00+00:00,0.144830
2026-05-18T21:00:00+00:00,0.152410
2026-05-18T21:15:00+00:00,0.142900
2026-05-18T21:30:00+00:00,0.142420
2026-05-18T21:45:00+00:00,0.134270
2026-05-18T22:00:00+00:00,0.152570
2026-05-18T22:15:00+00:00,0.142000
2026-05-18T22:30:00+00:00,0.136740
2026-05-18T22:45:00+00:00,0.133580
2026-05-18T23:00:00+00:00,0.141040
2026-05-18T23:15:00+00:00,0.132390
2026-05-18T23:30:00+00:00,0.130530
2026-05-18T23:45:00+00:00,0.129180
2026-05-19T00:00:00+00:00,0.131920
2026-05-19T00:15:00+00:00,0.128450
2026-05-19T00:30:00+00:00,0.129530
2026-05-19T00:45:00+00:00,0.129270
2026-05-19T01:00:00+00:00,0.128840
2026-05-19T01:15:00+00:00,0.127430
2026-05-19T01:30:00+00:00,0.128450
2026-05-19T01:45:00+00:00,0.129040
2026-05-19T02:00:00+00:00,0.125000
2026-05-19T02:15:00+00:00,0.125430
2026-05-19T02:30:00+00:00,0.131500
2026-05-19T02:45:00+00:00,0.136510
2026-05-19T03:00:00+00:00,0.129390
2026-05-19T03:15:00+00:00,0.133420
2026-05-19T03:30:00+00:00,0.136940
2026-05-19T03:45:00+00:00,0.141980
2026-05-19T04:00:00+00:00,0.144680
2026-05-19T04:15:00+00:00,0.157040
2026-05-19T04:30:00+00:00,0.156070
2026-05-19T04:45:00+00:00,0.144220
2026-05-19T05:00:00+00:00,0.161310
2026-05-19T05:15:00+00:00,0.145920
2026-05-19T05:30:00+00:00,0.140440
2026-05-19T05:45:00+00:00,0.124390
2026-05-19T06:00:00+00:00,0.145140
2026-05-19T06:15:00+00:00,0.132190
2026-05-19T06:30:00+00:00,0.117860
2026-05-19T06:45:00+00:00,0.103060
2026-05-19T07:00:00+00:00,0.124530
2026-05-19T07:15:00+00:00,0.114200
2026-05-19T07:30:00+00:00,0.099110
2026-05-19T07:45:00+00:00,0.084930
2026-05-19T08:00:00+00:00,0.098360
2026-05-19T08:15:00+00:00,0.092350
2026-05-19T08:30:00+00:00,0.082390
2026-05-19T08:45:00+00:00,0.076870
2026-05-19T09:00:00+00:00,0.081930
2026-05-19T09:15:00+00:00,0.076740
2026-05-19T09:30:00+00:00,0.072570
2026-05-19T09:45:00+00:00,0.067450
2026-05-19T10:00:00+00:00,0.070210
2026-05-19T10:15:00+00:00,0.068260
2026-05-19T10:30:00+00:00,0.062700
2026-05-19T10:45:00+00:00,0.061120
2026-05-19T11:00:00+00:00,0.067700
2026-05-19T11:15:00+00:00,0.067270
2026-05-19T11:30:00+00:00,0.067610
2026-05-19T11:45:00+00:00,0.065100
2026-05-19T12:00:00+00:00,0.059370
2026-05-19T12:15:00+00:00,0.067190
2026-05-19T12:30:00+00:00,0.071920
2026-05-19T12:45:00+00:00,0.076200
2026-05-19T13:00:00+00:00,0.068620
2026-05-19T13:15:00+00:00,0.074520
2026-05-19T13:30:00+00:00,0.082250
2026-05-19T13:45:00+00:00,0.087920
2026-05-19T14:00:00+00:00,0.078520
2026-05-19T14:15:00+00:00,0.086370
2026-05-19T14:30:00+00:00,0.092880
2026-05-19T14:45:00+00:00,0.101150
2026-05-19T15:00:00+00:00,0.097980
2026-05-19T15:15:00+00:00,0.105310
2026-05-19T15:30:00+00:00,0.121560
2026-05-19T15:45:00+00:00,0.128300
2026-05-19T16:00:00+00:00,0.115350
2026-05-19T16:15:00+00:00,0.123930
2026-05-19T16:30:00+00:00,0.133240
2026-05-19T16:45:00+00:00,0.144900
2026-05-19T17:00:00+00:00,0.133090
2026-05-19T17:15:00+00:00,0.143040
2026-05-19T17:30:00+00:00,0.156980
2026-05-19T17:45:00+00:00,0.191890
2026-05-19T18:00:00+00:00,0.168430
2026-05-19T18:15:00+00:00,0.169450
2026-05-19T18:30:00+00:00,0.167810
2026-05-19T18:45:00+00:00,0.163540
2026-05-19T19:00:00+00:00,0.170880
2026-05-19T19:15:00+00:00,0.150160
2026-05-19T19:30:00+00:00,0.145140
2026-05-19T19:45:00+00:00,0.134820
2026-05-19T20:00:00+00:00,0.152430
2026-05-19T20:15:00+00:00,0.139820
2026-05-19T20:30:00+00:00,0.134740
2026-05-19T20:45:00+00:00,0.125220
2026-05-19T21:00:00+00:00,0.135750
2026-05-19T21:15:00+00:00,0.125410
2026-05-19T21:30:00+00:00,0.124140
2026-05-19T21:45:00+00:00,0.116230
2026-05-19T22:00:00+00:00,0.131280
2026-05-19T22:15:00+00:00,0.121760
2026-05-19T22:30:00+00:00,0.110980
2026-05-19T22:45:00+00:00,0.102100
2026-05-19T23:00:00+00:00,0.116420
2026-05-19T23:15:00+00:00,0.111290
2026-05-19T23:30:00+00:00,0.107390
2026-05-19T23:45:00+00:00,0.101510
2026-05-20T00:00:00+00:00,0.106690
2026-05-20T00:15:00+00:00,0.101630
2026-05-20T00:30:00+00:00,0.099320
2026-05-20T00:45:00+00:00,0.098010
2026-05-20T01:00:00+00:00,0.101570
2026-05-20T01:15:00+00:00,0.100020
2026-05-20T01:30:00+00:00,0.096860
2026-05-20T01:45:00+00:00,0.094810
2026-05-20T02:00:00+00:00,0.097280
2026-05-20T02:15:00+00:00,0.095190
2026-05-20T02:30:00+00:00,0.096670
2026-05-20T02:45:00+00:00,0.100350
2026-05-20T03:00:00+00:00,0.097730
2026-05-20T03:15:00+00:00,0.103060
2026-05-20T03:30:00+00:00,0.108680
2026-05-20T03:45:00+00:00,0.118840
2026-05-20T04:00:00+00:00,0.114600
2026-05-20T04:15:00+00:00,0.127450
2026-05-20T04:30:00+00:00,0.127590
2026-05-20T04:45:00+00:00,0.123720
2026-05-20T05:00:00+00:00,0.137880
2026-05-20T05:15:00+00:00,0.135240
2026-05-20T05:30:00+00:00,0.125180
2026-05-20T05:45:00+00:00,0.117510
2026-05-20T06:00:00+00:00,0.135610
2026-05-20T06:15:00+00:00,0.126730
2026-05-20T06:30:00+00:00,0.115700
2026-05-20T06:45:00+00:00,0.101150
2026-05-20T07:00:00+00:00,0.112820
2026-05-20T07:15:00+00:00,0.102720
2026-05-20T07:30:00+00:00,0.096310
2026-05-20T07:45:00+00:00,0.084660
2026-05-20T08:00:00+00:00,0.083120
2026-05-20T08:15:00+00:00,0.078400
2026-05-20T08:30:00+00:00,0.076720
2026-05-20T08:45:00+00:00,0.069460
2026-05-20T09:00:00+00:00,0.074710
2026-05-20T09:15:00+00:00,0.063000
2026-05-20T09:30:00+00:00,0.064110
2026-05-20T09:45:00+00:00,0.053940
2026-05-20T10:00:00+00:00,0.070500
2026-05-20T10:15:00+00:00,0.055800
2026-05-20T10:30:00+00:00,0.050100
2026-05-20T10:45:00+00:00,0.040000
2026-05-20T11:00:00+00:00,0.050550
2026-05-20T11:15:00+00:00,0.041400
2026-05-20T11:30:00+00:00,0.035510
2026-05-20T11:45:00+00:00,0.024520
2026-05-20T12:00:00+00:00,0.023230
2026-05-20T12:15:00+00:00,0.025530
2026-05-20T12:30:00+00:00,0.030510
2026-05-20T12:45:00+00:00,0.034540
2026-05-20T13:00:00+00:00,0.026760
2026-05-20T13:15:00+00:00,0.032840
2026-05-20T13:30:00+00:00,0.041500
2026-05-20T13:45:00+00:00,0.053900
2026-05-20T14:00:00+00:00,0.015280
2026-05-20T14:15:00+00:00,0.050920
2026-05-20T14:30:00+00:00,0.071900
2026-05-20T14:45:00+00:00,0.082630
2026-05-20T15:00:00+00:00,0.062040
2026-05-20T15:15:00+00:00,0.082120
2026-05-20T15:30:00+00:00,0.091250
2026-05-20T15:45:00+00:00,0.103930
2026-05-20T16:00:00+00:00,0.090100
2026-05-20T16:15:00+00:00,0.105320
2026-05-20T16:30:00+00:00,0.124740
2026-05-20T16:45:00+00:00,0.140460
2026-05-20T17:00:00+00:00,0.114180
2026-05-20T17:15:00+00:00,0.133580
2026-05-20T17:30:00+00:00,0.142490
2026-05-20T17:45:00+00:00,0.163510
2026-05-20T18:00:00+00:00,0.139110
2026-05-20T18:15:00+00:00,0.155280
2026-05-20T18:30:00+00:00,0.166800
2026-05-20T18:45:00+00:00,0.177390
2026-05-20T19:00:00+00:00,0.176840
2026-05-20T19:15:00+00:00,0.166740
2026-05-20T19:30:00+00:00,0.157990
2026-05-20T19:45:00+00:00,0.144300
2026-05-20T20:00:00+00:00,0.165480
2026-05-20T20:15:00+00:00,0.150100
2026-05-20T20:30:00+00:00,0.143540
2026-05-20T20:45:00+00:00,0.133940
2026-05-20T21:00:00+00:00,0.142170
2026-05-20T21:15:00+00:00,0.138850
2026-05-20T21:30:00+00:00,0.133700
2026-05-20T21:45:00+00:00,0.128680
2026-05-20T22:00:00+00:00,0.140720
2026-05-20T22:15:00+00:00,0.134070
2026-05-20T22:30:00+00:00,0.126420
2026-05-20T22:45:00+00:00,0.119580
2026-05-20T23:00:00+00:00,0.125920
2026-05-20T23:15:00+00:00,0.120250
2026-05-20T23:30:00+00:00,0.116610
2026-05-20T23:45:00+00:00,0.113340
2026-05-21T00:00:00+00:00,0.115190
2026-05-21T00:15:00+00:00,0.113030
2026-05-21T00:30:00+00:00,0.112510
2026-05-21T00:45:00+00:00,0.112410
2026-05-21T01:00:00+00:00,0.111150
2026-05-21T01:15:00+00:00,0.110760
2026-05-21T01:30:00+00:00,0.111350
2026-05-21T01:45:00+00:00,0.111750
2026-05-21T02:00:00+00:00,0.107880
2026-05-21T02:15:00+00:00,0.110630
2026-05-21T02:30:00+00:00,0.114560
2026-05-21T02:45:00+00:00,0.119320
2026-05-21T03:00:00+00:00,0.116120
2026-05-21T03:15:00+00:00,0.120100
2026-05-21T03:30:00+00:00,0.128970
2026-05-21T03:45:00+00:00,0.132230
2026-05-21T04:00:00+00:00,0.131610
2026-05-21T04:15:00+00:00,0.140430
2026-05-21T04:30:00+00:00,0.141380
2026-05-21T04:45:00+00:00,0.141130
2026-05-21T05:00:00+00:00,0.151420
2026-05-21T05:15:00+00:00,0.144940
2026-05-21T05:30:00+00:00,0.137800
2026-05-21T05:45:00+00:00,0.129840
2026-05-21T06:00:00+00:00,0.157710
2026-05-21T06:15:00+00:00,0.137550
2026-05-21T06:30:00+00:00,0.124150
2026-05-21T06:45:00+00:00,0.114020
2026-05-21T07:00:00+00:00,0.148060
2026-05-21T07:15:00+00:00,0.105870
2026-05-21T07:30:00+00:00,0.100820
2026-05-21T07:45:00+00:00,0.097210
2026-05-21T08:00:00+00:00,0.093320
2026-05-21T08:15:00+00:00,0.089890
2026-05-21T08:30:00+00:00,0.078010
2026-05-21T08:45:00+00:00,0.054410
2026-05-21T09:00:00+00:00,0.065110
2026-05-21T09:15:00+00:00,0.049040
2026-05-21T09:30:00+00:00,0.027430
2026-05-21T09:45:00+00:00,0.013530
2026-05-21T10:00:00+00:00,0.013600
2026-05-21T10:15:00+00:00,0.010290
2026-05-21T10:30:00+00:00,0.010290
2026-05-21T10:45:00+00:00,0.008550
2026-05-21T11:00:00+00:00,0.008800
2026-05-21T11:15:00+00:00,0.007360
2026-05-21T11:30:00+00:00,0.005320
2026-05-21T11:45:00+00:00,0.003950
2026-05-21T12:00:00+00:00,0.004230
2026-05-21T12:15:00+00:00,0.007710
2026-05-21T12:30:00+00:00,0.007910
2026-05-21T12:45:00+00:00,0.010000
2026-05-21T13:00:00+00:00,0.007960
2026-05-21T13:15:00+00:00,0.017560
2026-05-21T13:30:00+00:00,0.040860
2026-05-21T13:45:00+00:00,0.056750
2026-05-21T14:00:00+00:00,0.024950
2026-05-21T14:15:00+00:00,0.060940
2026-05-21T14:30:00+00:00,0.082060
2026-05-21T14:45:00+00:00,0.091670
2026-05-21T15:00:00+00:00,0.074600
2026-05-21T15:15:00+00:00,0.099920
2026-05-21T15:30:00+00:00,0.110970
2026-05-21T15:45:00+00:00,0.140510
2026-05-21T16:00:00+00:00,0.107620
2026-05-21T16:15:00+00:00,0.129200
2026-05-21T16:30:00+00:00,0.137590
2026-05-21T16:45:00+00:00,0.147360
2026-05-21T17:00:00+00:00,0.135910
2026-05-21T17:15:00+00:00,0.146510
2026-05-21T17:30:00+00:00,0.156270
2026-05-21T17:45:00+00:00,0.186670
2026-05-21T18:00:00+00:00,0.166750
2026-05-21T18:15:00+00:00,0.182870
2026-05-21T18:30:00+00:00,0.208690
2026-05-21T18:45:00+00:00,0.219090
2026-05-21T19:00:00+00:00,0.207400
2026-05-21T19:15:00+00:00,0.187950
2026-05-21T19:30:00+00:00,0.174480
2026-05-21T19:45:00+00:00,0.158850
2026-05-21T20:00:00+00:00,0.188710
2026-05-21T20:15:00+00:00,0.160010
2026-05-21T20:30:00+00:00,0.151950
2026-05-21T20:45:00+00:00,0.146400
2026-05-21T21:00:00+00:00,0.149540
2026-05-21T21:15:00+00:00,0.144850
2026-05-21T21:30:00+00:00,0.141880
2026-05-21T21:45:00+00:00,0.138700
2026-05-21T22:00:00+00:00,0.152070
2026-05-21T22:15:00+00:00,0.145190
2026-05-21T22:30:00+00:00,0.137430
2026-05-21T22:45:00+00:00,0.131730
2026-05-21T23:00:00+00:00,0.144130
2026-05-21T23:15:00+00:00,0.132160
2026-05-21T23:30:00+00:00,0.129370
2026-05-21T23:45:00+00:00,0.126100
2026-05-22T00:00:00+00:00,0.128460
2026-05-22T00:15:00+00:00,0.127240
2026-05-22T00:30:00+00:00,0.125810
2026-05-22T00:45:00+00:00,0.125880
2026-05-22T01:00:00+00:00,0.125920
2026-05-22T01:15:00+00:00,0.124880
2026-05-22T01:30:00+00:00,0.123070
2026-05-22T01:45:00+00:00,0.122620
2026-05-22T02:00:00+00:00,0.121170
2026-05-22T02:15:00+00:00,0.122720
2026-05-22T02:30:00+00:00,0.126680
2026-05-22T02:45:00+00:00,0.127850
2026-05-22T03:00:00+00:00,0.124670
2026-05-22T03:15:00+00:00,0.129570
2026-05-22T03:30:00+00:00,0.132050
2026-05-22T03:45:00+00:00,0.135720
2026-05-22T04:00:00+00:00,0.137030
2026-05-22T04:15:00+00:00,0.141540
2026-05-22T04:30:00+00:00,0.140160
2026-05-22T04:45:00+00:00,0.136880
2026-05-22T05:00:00+00:00,0.152210
2026-05-22T05:15:00+00:00,0.143060
2026-05-22T05:30:00+00:00,0.130580
2026-05-22T05:45:00+00:00,0.112190
2026-05-22T06:00:00+00:00,0.137490
2026-05-22T06:15:00+00:00,0.125690
2026-05-22T06:30:00+00:00,0.118840
2026-05-22T06:45:00+00:00,0.102460
2026-05-22T07:00:00+00:00,0.126520
2026-05-22T07:15:00+00:00,0.096470
2026-05-22T07:30:00+00:00,0.076060
2026-05-22T07:45:00+00:00,0.049530
2026-05-22T08:00:00+00:00,0.081050
2026-05-22T08:15:00+00:00,0.052650
2026-05-22T08:30:00+00:00,0.012740
2026-05-22T08:45:00+00:00,0.001130
2026-05-22T09:00:00+00:00,0.011860
2026-05-22T09:15:00+00:00,0.001640
2026-05-22T09:30:00+00:00,0.000080
2026-05-22T09:45:00+00:00,0.000010
2026-05-22T10:00:00+00:00,0.000010
2026-05-22T10:15:00+00:00,0.000000
2026-05-22T10:30:00+00:00,0.000000
2026-05-22T10:45:00+00:00,0.000000
2026-05-22T11:00:00+00:00,0.000000
2026-05-22T11:15:00+00:00,0.000000
2026-05-22T11:30:00+00:00,0.000000
2026-05-22T11:45:00+00:00,0.000000
2026-05-22T12:00:00+00:00,0.000000
2026-05-22T12:15:00+00:00,0.000000
2026-05-22T12:30:00+00:00,0.000070
2026-05-22T12:45:00+00:00,0.003320
2026-05-22T13:00:00+00:00,0.001030
2026-05-22T13:15:00+00:00,0.007740
2026-05-22T13:30:00+00:00,0.019020
2026-05-22T13:45:00+00:00,0.041280
2026-05-22T14:00:00+00:00,0.013060
2026-05-22T14:15:00+00:00,0.051440
2026-05-22T14:30:00+00:00,0.078080
2026-05-22T14:45:00+00:00,0.098360
2026-05-22T15:00:00+00:00,0.065220
2026-05-22T15:15:00+00:00,0.082370
2026-05-22T15:30:00+00:00,0.102910
2026-05-22T15:45:00+00:00,0.126740
2026-05-22T16:00:00+00:00,0.099010
2026-05-22T16:15:00+00:00,0.121620
2026-05-22T16:30:00+00:00,0.132910
2026-05-22T16:45:00+00:00,0.151040
2026-05-22T17:00:00+00:00,0.121010
2026-05-22T17:15:00+00:00,0.136040
2026-05-22T17:30:00+00:00,0.155180
2026-05-22T17:45:00+00:00,0.209390
2026-05-22T18:00:00+00:00,0.181740
2026-05-22T18:15:00+00:00,0.196210
2026-05-22T18:30:00+00:00,0.220290
2026-05-22T18:45:00+00:00,0.232130
2026-05-22T19:00:00+00:00,0.215440
2026-05-22T19:15:00+00:00,0.201560
2026-05-22T19:30:00+00:00,0.174970
2026-05-22T19:45:00+00:00,0.161740
2026-05-22T20:00:00+00:00,0.175350
2026-05-22T20:15:00+00:00,0.154750
2026-05-22T20:30:00+00:00,0.143000
2026-05-22T20:45:00+00:00,0.130940
2026-05-22T21:00:00+00:00,0.147760
2026-05-22T21:15:00+00:00,0.139920
2026-05-22T21:30:00+00:00,0.133260
2026-05-22T21:45:00+00:00,0.125690
2026-05-22T22:00:00+00:00,0.152450
2026-05-22T22:15:00+00:00,0.137360
2026-05-22T22:30:00+00:00,0.124320
2026-05-22T22:45:00+00:00,0.115400
2026-05-22T23:00:00+00:00,0.130100
2026-05-22T23:15:00+00:00,0.125860
2026-05-22T23:30:00+00:00,0.126270
2026-05-22T23:45:00+00:00,0.117890
2026-05-23T00:00:00+00:00,0.125910
2026-05-23T00:15:00+00:00,0.122480
2026-05-23T00:30:00+00:00,0.115840
2026-05-23T00:45:00+00:00,0.116580
2026-05-23T01:00:00+00:00,0.119770
2026-05-23T01:15:00+00:00,0.119420
2026-05-23T01:30:00+00:00,0.119400
2026-05-23T01:45:00+00:00,0.115390
2026-05-23T02:00:00+00:00,0.115400
2026-05-23T02:15:00+00:00,0.113720
2026-05-23T02:30:00+00:00,0.115150
2026-05-23T02:45:00+00:00,0.117390
2026-05-23T03:00:00+00:00,0.119500
2026-05-23T03:15:00+00:00,0.115060
2026-05-23T03:30:00+00:00,0.111590
2026-05-23T03:45:00+00:00,0.105390
2026-05-23T04:00:00+00:00,0.123000
2026-05-23T04:15:00+00:00,0.115060
2026-05-23T04:30:00+00:00,0.109000
2026-05-23T04:45:00+00:00,0.103200
2026-05-23T05:00:00+00:00,0.129010
2026-05-23T05:15:00+00:00,0.102580
2026-05-23T05:30:00+00:00,0.090860
2026-05-23T05:45:00+00:00,0.059820
2026-05-23T06:00:00+00:00,0.098660
2026-05-23T06:15:00+00:00,0.060710
2026-05-23T06:30:00+00:00,0.022640
2026-05-23T06:45:00+00:00,0.006830
2026-05-23T07:00:00+00:00,0.005400
2026-05-23T07:15:00+00:00,0.001000
2026-05-23T07:30:00+00:00,0.000000
2026-05-23T07:45:00+00:00,0.000000
2026-05-23T08:00:00+00:00,-0.000010
2026-05-23T08:15:00+00:00,-0.000020
2026-05-23T08:30:00+00:00,-0.000300
2026-05-23T08:45:00+00:00,-0.001000
2026-05-23T09:00:00+00:00,-0.002010
2026-05-23T09:15:00+00:00,-0.002100
2026-05-23T09:30:00+00:00,-0.005980
2026-05-23T09:45:00+00:00,-0.005470
2026-05-23T10:00:00+00:00,-0.005990
2026-05-23T10:15:00+00:00,-0.010000
2026-05-23T10:30:00+00:00,-0.013500
2026-05-23T10:45:00+00:00,-0.019940
2026-05-23T11:00:00+00:00,-0.024930
2026-05-23T11:15:00+00:00,-0.029910
2026-05-23T11:30:00+00:00,-0.036550
2026-05-23T11:45:00+00:00,-0.035520
2026-05-23T12:00:00+00:00,-0.026960
2026-05-23T12:15:00+00:00,-0.020000
2026-05-23T12:30:00+00:00,-0.013500
2026-05-23T12:45:00+00:00,-0.013020
2026-05-23T13:00:00+00:00,-0.008670
2026-05-23T13:15:00+00:00,-0.003230
2026-05-23T13:30:00+00:00,-0.002100
2026-05-23T13:45:00+00:00,-0.002000
2026-05-23T14:00:00+00:00,-0.001070
2026-05-23T14:15:00+00:00,-0.000090
2026-05-23T14:30:00+00:00,0.000000
2026-05-23T14:45:00+00:00,0.000010
2026-05-23T15:00:00+00:00,0.000090
2026-05-23T15:15:00+00:00,0.003440
2026-05-23T15:30:00+00:00,0.050250
2026-05-23T15:45:00+00:00,0.107170
2026-05-23T16:00:00+00:00,0.075140
2026-05-23T16:15:00+00:00,0.103610
2026-05-23T16:30:00+00:00,0.122030
2026-05-23T16:45:00+00:00,0.143270
2026-05-23T17:00:00+00:00,0.114110
2026-05-23T17:15:00+00:00,0.130100
2026-05-23T17:30:00+00:00,0.144210
2026-05-23T17:45:00+00:00,0.166920
2026-05-23T18:00:00+00:00,0.145920
2026-05-23T18:15:00+00:00,0.154520
2026-05-23T18:30:00+00:00,0.172500
2026-05-23T18:45:00+00:00,0.179360
2026-05-23T19:00:00+00:00,0.180880
2026-05-23T19:15:00+00:00,0.173800
2026-05-23T19:30:00+00:00,0.171970
2026-05-23T19:45:00+00:00,0.163460
2026-05-23T20:00:00+00:00,0.173520
2026-05-23T20:15:00+00:00,0.152910
2026-05-23T20:30:00+00:00,0.144780
2026-05-23T20:45:00+00:00,0.133800
2026-05-23T21:00:00+00:00,0.147470
2026-05-23T21:15:00+00:00,0.142240
2026-05-23T21:30:00+00:00,0.133140
2026-05-23T21:45:00+00:00,0.129920
2026-05-23T22:00:00+00:00,0.145130
2026-05-23T22:15:00+00:00,0.141820
2026-05-23T22:30:00+00:00,0.131830
2026-05-23T22:45:00+00:00,0.126420
2026-05-23T23:00:00+00:00,0.137140
2026-05-23T23:15:00+00:00,0.136380
2026-05-23T23:30:00+00:00,0.130530
2026-05-23T23:45:00+00:00,0.127940
2026-05-24T00:00:00+00:00,0.132000
2026-05-24T00:15:00+00:00,0.128880
2026-05-24T00:30:00+00:00,0.128170
2026-05-24T00:45:00+00:00,0.123680
2026-05-24T01:00:00+00:00,0.126410
2026-05-24T01:15:00+00:00,0.125790
2026-05-24T01:30:00+00:00,0.124760
2026-05-24T01:45:00+00:00,0.121640
2026-05-24T02:00:00+00:00,0.120710
2026-05-24T02:15:00+00:00,0.121150
2026-05-24T02:30:00+00:00,0.125000
2026-05-24T02:45:00+00:00,0.124110
2026-05-24T03:00:00+00:00,0.124690
2026-05-24T03:15:00+00:00,0.120330
2026-05-24T03:30:00+00:00,0.115470
2026-05-24T03:45:00+00:00,0.112900
2026-05-24T04:00:00+00:00,0.119520
2026-05-24T04:15:00+00:00,0.119350
2026-05-24T04:30:00+00:00,0.110500
2026-05-24T04:45:00+00:00,0.117570
2026-05-24T05:00:00+00:00,0.129780
2026-05-24T05:15:00+00:00,0.113460
2026-05-24T05:30:00+00:00,0.090880
2026-05-24T05:45:00+00:00,0.058790
2026-05-24T06:00:00+00:00,0.079040
2026-05-24T06:15:00+00:00,0.007960
2026-05-24T06:30:00+00:00,0.000490
2026-05-24T06:45:00+00:00,0.000000
2026-05-24T07:00:00+00:00,0.000010
2026-05-24T07:15:00+00:00,0.000000
2026-05-24T07:30:00+00:00,-0.000010
2026-05-24T07:45:00+00:00,-0.000110
2026-05-24T08:00:00+00:00,-0.000110
2026-05-24T08:15:00+00:00,-0.000900
2026-05-24T08:30:00+00:00,-0.003000
2026-05-24T08:45:00+00:00,-0.006000
2026-05-24T09:00:00+00:00,-0.005990
2026-05-24T09:15:00+00:00,-0.011290
2026-05-24T09:30:00+00:00,-0.014370
2026-05-24T09:45:00+00:00,-0.023580
2026-05-24T10:00:00+00:00,-0.019560
2026-05-24T10:15:00+00:00,-0.029930
2026-05-24T10:30:00+00:00,-0.041970
2026-05-24T10:45:00+00:00,-0.058650
2026-05-24T11:00:00+00:00,-0.059880
2026-05-24T11:15:00+00:00,-0.071830
2026-05-24T11:30:00+00:00,-0.084780
2026-05-24T11:45:00+00:00,-0.086500
2026-05-24T12:00:00+00:00,-0.077710
2026-05-24T12:15:00+00:00,-0.069830
2026-05-24T12:30:00+00:00,-0.058850
2026-05-24T12:45:00+00:00,-0.040000
2026-05-24T13:00:00+00:00,-0.046210
2026-05-24T13:15:00+00:00,-0.027210
2026-05-24T13:30:00+00:00,-0.014340
2026-05-24T13:45:00+00:00,-0.006000
2026-05-24T14:00:00+00:00,-0.006000
2026-05-24T14:15:00+00:00,-0.001520
2026-05-24T14:30:00+00:00,-0.000270
2026-05-24T14:45:00+00:00,-0.000040
2026-05-24T15:00:00+00:00,-0.000010
2026-05-24T15:15:00+00:00,0.000000
2026-05-24T15:30:00+00:00,0.001720
2026-05-24T15:45:00+00:00,0.048720
2026-05-24T16:00:00+00:00,0.022690
2026-05-24T16:15:00+00:00,0.082730
2026-05-24T16:30:00+00:00,0.120040
2026-05-24T16:45:00+00:00,0.132210
2026-05-24T17:00:00+00:00,0.120260
2026-05-24T17:15:00+00:00,0.126090
2026-05-24T17:30:00+00:00,0.134390
2026-05-24T17:45:00+00:00,0.152130
2026-05-24T18:00:00+00:00,0.133120
2026-05-24T18:15:00+00:00,0.147840
2026-05-24T18:30:00+00:00,0.159960
2026-05-24T18:45:00+00:00,0.169170
2026-05-24T19:00:00+00:00,0.153900
2026-05-24T19:15:00+00:00,0.159130
2026-05-24T19:30:00+00:00,0.151620
2026-05-24T19:45:00+00:00,0.143340
2026-05-24T20:00:00+00:00,0.152220
2026-05-24T20:15:00+00:00,0.143670
2026-05-24T20:30:00+00:00,0.137990
2026-05-24T20:45:00+00:00,0.125720
2026-05-24T21:00:00+00:00,0.131790
2026-05-24T21:15:00+00:00,0.132350
2026-05-24T21:30:00+00:00,0.130310
2026-05-24T21:45:00+00:00,0.127350
2026-05-24T22:00:00+00:00,0.129550
2026-05-24T22:15:00+00:00,0.125280
2026-05-24T22:30:00+00:00,0.125320
2026-05-24T22:45:00+00:00,0.120900
2026-05-24T23:00:00+00:00,0.122850
2026-05-24T23:15:00+00:00,0.117130
2026-05-24T23:30:00+00:00,0.114860
2026-05-24T23:45:00+00:00,0.115330
2026-05-25T00:00:00+00:00,0.116410
2026-05-25T00:15:00+00:00,0.116240
2026-05-25T00:30:00+00:00,0.115710
2026-05-25T00:45:00+00:00,0.115440
2026-05-25T01:00:00+00:00,0.111940
2026-05-25T01:15:00+00:00,0.114680
2026-05-25T01:30:00+00:00,0.117230
2026-05-25T01:45:00+00:00,0.122390
2026-05-25T02:00:00+00:00,0.117220
2026-05-25T02:15:00+00:00,0.118820
2026-05-25T02:30:00+00:00,0.119210
2026-05-25T02:45:00+00:00,0.123780
2026-05-25T03:00:00+00:00,0.119000
2026-05-25T03:15:00+00:00,0.121890
2026-05-25T03:30:00+00:00,0.123620
2026-05-25T03:45:00+00:00,0.125340
2026-05-25T04:00:00+00:00,0.129940
2026-05-25T04:15:00+00:00,0.126420
2026-05-25T04:30:00+00:00,0.121390
2026-05-25T04:45:00+00:00,0.110960
2026-05-25T05:00:00+00:00,0.130980
2026-05-25T05:15:00+00:00,0.118960
2026-05-25T05:30:00+00:00,0.113370
2026-05-25T05:45:00+00:00,0.092660
2026-05-25T06:00:00+00:00,0.126020
2026-05-25T06:15:00+00:00,0.095560
2026-05-25T06:30:00+00:00,0.061100
2026-05-25T06:45:00+00:00,0.006180
2026-05-25T07:00:00+00:00,0.016730
2026-05-25T07:15:00+00:00,0.003080
2026-05-25T07:30:00+00:00,0.000190
2026-05-25T07:45:00+00:00,0.000000
2026-05-25T08:00:00+00:00,0.000000
2026-05-25T08:15:00+00:00,-0.000010
2026-05-25T08:30:00+00:00,-0.000070
2026-05-25T08:45:00+00:00,-0.000550
2026-05-25T09:00:00+00:00,-0.001870
2026-05-25T09:15:00+00:00,-0.003040
2026-05-25T09:30:00+00:00,-0.006010
2026-05-25T09:45:00+00:00,-0.009990
2026-05-25T10:00:00+00:00,-0.013500
2026-05-25T10:15:00+00:00,-0.019520
2026-05-25T10:30:00+00:00,-0.024500
2026-05-25T10:45:00+00:00,-0.030000
2026-05-25T11:00:00+00:00,-0.034120
2026-05-25T11:15:00+00:00,-0.042480
2026-05-25T11:30:00+00:00,-0.044600
2026-05-25T11:45:00+00:00,-0.046800
2026-05-25T12:00:00+00:00,-0.033950
2026-05-25T12:15:00+00:00,-0.031550
2026-05-25T12:30:00+00:00,-0.026490
2026-05-25T12:45:00+00:00,-0.022770
2026-05-25T13:00:00+00:00,-0.018270
2026-05-25T13:15:00+00:00,-0.010870
2026-05-25T13:30:00+00:00,-0.007050
2026-05-25T13:45:00+00:00,-0.003740
2026-05-25T14:00:00+00:00,-0.003650
2026-05-25T14:15:00+00:00,-0.001960
2026-05-25T14:30:00+00:00,-0.002890
2026-05-25T14:45:00+00:00,0.001760
2026-05-25T15:00:00+00:00,0.000190
2026-05-25T15:15:00+00:00,0.003320
2026-05-25T15:30:00+00:00,0.017150
2026-05-25T15:45:00+00:00,0.101180
2026-05-25T16:00:00+00:00,0.064220
2026-05-25T16:15:00+00:00,0.094270
2026-05-25T16:30:00+00:00,0.129230
2026-05-25T16:45:00+00:00,0.146750
2026-05-25T17:00:00+00:00,0.118000
2026-05-25T17:15:00+00:00,0.133700
2026-05-25T17:30:00+00:00,0.143300
2026-05-25T17:45:00+00:00,0.171500
2026-05-25T18:00:00+00:00,0.140630
2026-05-25T18:15:00+00:00,0.160420
2026-05-25T18:30:00+00:00,0.172960
2026-05-25T18:45:00+00:00,0.177710
2026-05-25T19:00:00+00:00,0.180130
2026-05-25T19:15:00+00:00,0.176680
2026-05-25T19:30:00+00:00,0.164590
2026-05-25T19:45:00+00:00,0.154600
2026-05-25T20:00:00+00:00,0.171790
2026-05-25T20:15:00+00:00,0.156680
2026-05-25T20:30:00+00:00,0.144560
2026-05-25T20:45:00+00:00,0.140850
2026-05-25T21:00:00+00:00,0.144320
2026-05-25T21:15:00+00:00,0.137710
2026-05-25T21:30:00+00:00,0.136150
2026-05-25T21:45:00+00:00,0.127000
2026-05-25T22:00:00+00:00,0.148630
2026-05-25T22:15:00+00:00,0.136520
2026-05-25T22:30:00+00:00,0.126500
2026-05-25T22:45:00+00:00,0.118700
2026-05-25T23:00:00+00:00,0.130490
2026-05-25T23:15:00+00:00,0.123340
2026-05-25T23:30:00+00:00,0.119880
2026-05-25T23:45:00+00:00,0.115850
2026-05-26T00:00:00+00:00,0.120570
2026-05-26T00:15:00+00:00,0.116230
2026-05-26T00:30:00+00:00,0.116970
2026-05-26T00:45:00+00:00,0.112930
2026-05-26T01:00:00+00:00,0.118800
2026-05-26T01:15:00+00:00,0.116750
2026-05-26T01:30:00+00:00,0.116670
2026-05-26T01:45:00+00:00,0.115520
2026-05-26T02:00:00+00:00,0.113880
2026-05-26T02:15:00+00:00,0.114370
2026-05-26T02:30:00+00:00,0.116520
2026-05-26T02:45:00+00:00,0.119230
2026-05-26T03:00:00+00:00,0.118710
2026-05-26T03:15:00+00:00,0.121340
2026-05-26T03:30:00+00:00,0.127000
2026-05-26T03:45:00+00:00,0.133580
2026-05-26T04:00:00+00:00,0.134870
2026-05-26T04:15:00+00:00,0.143020
2026-05-26T04:30:00+00:00,0.140530
2026-05-26T04:45:00+00:00,0.140210
2026-05-26T05:00:00+00:00,0.157700
2026-05-26T05:15:00+00:00,0.142240
2026-05-26T05:30:00+00:00,0.137080
2026-05-26T05:45:00+00:00,0.116650
2026-05-26T06:00:00+00:00,0.155830
2026-05-26T06:15:00+00:00,0.126340
2026-05-26T06:30:00+00:00,0.106230
2026-05-26T06:45:00+00:00,0.089690
2026-05-26T07:00:00+00:00,0.130520
2026-05-26T07:15:00+00:00,0.085600
2026-05-26T07:30:00+00:00,0.063050
2026-05-26T07:45:00+00:00,0.014080
2026-05-26T08:00:00+00:00,0.020500
2026-05-26T08:15:00+00:00,0.003460
2026-05-26T08:30:00+00:00,0.000060
2026-05-26T08:45:00+00:00,-0.000010
2026-05-26T09:00:00+00:00,0.000000
2026-05-26T09:15:00+00:00,0.000000
2026-05-26T09:30:00+00:00,-0.000010
2026-05-26T09:45:00+00:00,-0.000020
2026-05-26T10:00:00+00:00,-0.001270
2026-05-26T10:15:00+00:00,-0.002640
2026-05-26T10:30:00+00:00,-0.004640
2026-05-26T10:45:00+00:00,-0.007740
2026-05-26T11:00:00+00:00,-0.004050
2026-05-26T11:15:00+00:00,-0.004050
2026-05-26T11:30:00+00:00,-0.006010
2026-05-26T11:45:00+00:00,-0.006070
2026-05-26T12:00:00+00:00,-0.001820
2026-05-26T12:15:00+00:00,-0.001520
2026-05-26T12:30:00+00:00,-0.001090
2026-05-26T12:45:00+00:00,-0.000130
2026-05-26T13:00:00+00:00,-0.000040
2026-05-26T13:15:00+00:00,-0.000010
2026-05-26T13:30:00+00:00,-0.000010
2026-05-26T13:45:00+00:00,0.000000
2026-05-26T14:00:00+00:00,0.000000
2026-05-26T14:15:00+00:00,0.000940
2026-05-26T14:30:00+00:00,0.005430
2026-05-26T14:45:00+00:00,0.045020
2026-05-26T15:00:00+00:00,0.008360
2026-05-26T15:15:00+00:00,0.077080
2026-05-26T15:30:00+00:00,0.117280
2026-05-26T15:45:00+00:00,0.134760
2026-05-26T16:00:00+00:00,0.088790
2026-05-26T16:15:00+00:00,0.118240
2026-05-26T16:30:00+00:00,0.143090
2026-05-26T16:45:00+00:00,0.174820
2026-05-26T17:00:00+00:00,0.122400
2026-05-26T17:15:00+00:00,0.147880
2026-05-26T17:30:00+00:00,0.182350
2026-05-26T17:45:00+00:00,0.259930
2026-05-26T18:00:00+00:00,0.191590
2026-05-26T18:15:00+00:00,0.218020
2026-05-26T18:30:00+00:00,0.218140
2026-05-26T18:45:00+00:00,0.207350
2026-05-26T19:00:00+00:00,0.213410
2026-05-26T19:15:00+00:00,0.185080
2026-05-26T19:30:00+00:00,0.172360
2026-05-26T19:45:00+00:00,0.152720
2026-05-26T20:00:00+00:00,0.179960
2026-05-26T20:15:00+00:00,0.154190
2026-05-26T20:30:00+00:00,0.147730
2026-05-26T20:45:00+00:00,0.134460
2026-05-26T21:00:00+00:00,0.143540
2026-05-26T21:15:00+00:00,0.138470
2026-05-26T21:30:00+00:00,0.129900
2026-05-26T21:45:00+00:00,0.115320
2026-05-26T22:00:00+00:00,0.140430
2026-05-26T22:15:00+00:00,0.135650
2026-05-26T22:30:00+00:00,0.133440
2026-05-26T22:45:00+00:00,0.130500
2026-05-26T23:00:00+00:00,0.134500
2026-05-26T23:15:00+00:00,0.129110
2026-05-26T23:30:00+00:00,0.127620
2026-05-26T23:45:00+00:00,0.121870
2026-05-27T00:00:00+00:00,0.122790
2026-05-27T00:15:00+00:00,0.121070
2026-05-27T00:30:00+00:00,0.119750
2026-05-27T00:45:00+00:00,0.117890
2026-05-27T01:00:00+00:00,0.118550
2026-05-27T01:15:00+00:00,0.117590
2026-05-27T01:30:00+00:00,0.117370
2026-05-27T01:45:00+00:00,0.115050
2026-05-27T02:00:00+00:00,0.114910
2026-05-27T02:15:00+00:00,0.116730
2026-05-27T02:30:00+00:00,0.117280
2026-05-27T02:45:00+00:00,0.118910
2026-05-27T03:00:00+00:00,0.114160
2026-05-27T03:15:00+00:00,0.116080
2026-05-27T03:30:00+00:00,0.122110
2026-05-27T03:45:00+00:00,0.127650
2026-05-27T04:00:00+00:00,0.126880
2026-05-27T04:15:00+00:00,0.135470
2026-05-27T04:30:00+00:00,0.135620
2026-05-27T04:45:00+00:00,0.130790
2026-05-27T05:00:00+00:00,0.145510
2026-05-27T05:15:00+00:00,0.138150
2026-05-27T05:30:00+00:00,0.126030
2026-05-27T05:45:00+00:00,0.111710
2026-05-27T06:00:00+00:00,0.141430
2026-05-27T06:15:00+00:00,0.114800
2026-05-27T06:30:00+00:00,0.098320
2026-05-27T06:45:00+00:00,0.069990
2026-05-27T07:00:00+00:00,0.103840
2026-05-27T07:15:00+00:00,0.068000
2026-05-27T07:30:00+00:00,0.017800
2026-05-27T07:45:00+00:00,0.003770
2026-05-27T08:00:00+00:00,0.011000
2026-05-27T08:15:00+00:00,0.002850
2026-05-27T08:30:00+00:00,0.000450
2026-05-27T08:45:00+00:00,0.000360
2026-05-27T09:00:00+00:00,0.000310
2026-05-27T09:15:00+00:00,0.000170
2026-05-27T09:30:00+00:00,0.000000
2026-05-27T09:45:00+00:00,-0.000400
2026-05-27T10:00:00+00:00,-0.000400
2026-05-27T10:15:00+00:00,-0.000570
2026-05-27T10:30:00+00:00,-0.001030
2026-05-27T10:45:00+00:00,-0.001210
2026-05-27T11:00:00+00:00,-0.000920
2026-05-27T11:15:00+00:00,-0.001180
2026-05-27T11:30:00+00:00,-0.002000
2026-05-27T11:45:00+00:00,-0.002020
2026-05-27T12:00:00+00:00,-0.001410
2026-05-27T12:15:00+00:00,-0.001030
2026-05-27T12:30:00+00:00,-0.000840
2026-05-27T12:45:00+00:00,-0.000910
2026-05-27T13:00:00+00:00,-0.000930
2026-05-27T13:15:00+00:00,-0.001040
2026-05-27T13:30:00+00:00,-0.000970
2026-05-27T13:45:00+00:00,-0.000140
2026-05-27T14:00:00+00:00,-0.001040
2026-05-27T14:15:00+00:00,0.000570
2026-05-27T14:30:00+00:00,0.002110
2026-05-27T14:45:00+00:00,0.007520
2026-05-27T15:00:00+00:00,0.002610
2026-05-27T15:15:00+00:00,0.008920
2026-05-27T15:30:00+00:00,0.040100
2026-05-27T15:45:00+00:00,0.082660
2026-05-27T16:00:00+00:00,0.038620
2026-05-27T16:15:00+00:00,0.086370
2026-05-27T16:30:00+00:00,0.116430
2026-05-27T16:45:00+00:00,0.141400
2026-05-27T17:00:00+00:00,0.106820
2026-05-27T17:15:00+00:00,0.133800
2026-05-27T17:30:00+00:00,0.145490
2026-05-27T17:45:00+00:00,0.152990
2026-05-27T18:00:00+00:00,0.138320
2026-05-27T18:15:00+00:00,0.147150
2026-05-27T18:30:00+00:00,0.159890
2026-05-27T18:45:00+00:00,0.166040
2026-05-27T19:00:00+00:00,0.164530
2026-05-27T19:15:00+00:00,0.159610
2026-05-27T19:30:00+00:00,0.153610
2026-05-27T19:45:00+00:00,0.143920
2026-05-27T20:00:00+00:00,0.152920
2026-05-27T20:15:00+00:00,0.144300
2026-05-27T20:30:00+00:00,0.140630
2026-05-27T20:45:00+00:00,0.134540
2026-05-27T21:00:00+00:00,0.138650
2026-05-27T21:15:00+00:00,0.132620
2026-05-27T21:30:00+00:00,0.129360
2026-05-27T21:45:00+00:00,0.127000
2026-05-27T22:00:00+00:00,0.135860
2026-05-27T22:15:00+00:00,0.130000
2026-05-27T22:30:00+00:00,0.127930
2026-05-27T22:45:00+00:00,0.127150
2026-05-27T23:00:00+00:00,0.132710
2026-05-27T23:15:00+00:00,0.126120
2026-05-27T23:30:00+00:00,0.125470
2026-05-27T23:45:00+00:00,0.123330
2026-05-28T00:00:00+00:00,0.125480
2026-05-28T00:15:00+00:00,0.123390
2026-05-28T00:30:00+00:00,0.123970
2026-05-28T00:45:00+00:00,0.121460
2026-05-28T01:00:00+00:00,0.121440
2026-05-28T01:15:00+00:00,0.122180
2026-05-28T01:30:00+00:00,0.123230
2026-05-28T01:45:00+00:00,0.123040
2026-05-28T02:00:00+00:00,0.121990
2026-05-28T02:15:00+00:00,0.124300
2026-05-28T02:30:00+00:00,0.127990
2026-05-28T02:45:00+00:00,0.132230
2026-05-28T03:00:00+00:00,0.128520
2026-05-28T03:15:00+00:00,0.131960
2026-05-28T03:30:00+00:00,0.135750
2026-05-28T03:45:00+00:00,0.135650
2026-05-28T04:00:00+00:00,0.143790
2026-05-28T04:15:00+00:00,0.149260
2026-05-28T04:30:00+00:00,0.146150
2026-05-28T04:45:00+00:00,0.144090
2026-05-28T05:00:00+00:00,0.150410
2026-05-28T05:15:00+00:00,0.143820
2026-05-28T05:30:00+00:00,0.135260
2026-05-28T05:45:00+00:00,0.117170
2026-05-28T06:00:00+00:00,0.142380
2026-05-28T06:15:00+00:00,0.129970
2026-05-28T06:30:00+00:00,0.119340
2026-05-28T06:45:00+00:00,0.096110
2026-05-28T07:00:00+00:00,0.123440
2026-05-28T07:15:00+00:00,0.091740
2026-05-28T07:30:00+00:00,0.075980
2026-05-28T07:45:00+00:00,0.053220
2026-05-28T08:00:00+00:00,0.051570
2026-05-28T08:15:00+00:00,0.018180
2026-05-28T08:30:00+00:00,0.006320
2026-05-28T08:45:00+00:00,0.002510
2026-05-28T09:00:00+00:00,0.001560
2026-05-28T09:15:00+00:00,0.000700
2026-05-28T09:30:00+00:00,0.000010
2026-05-28T09:45:00+00:00,0.000000
2026-05-28T10:00:00+00:00,0.000000
2026-05-28T10:15:00+00:00,-0.000010
2026-05-28T10:30:00+00:00,-0.000010
2026-05-28T10:45:00+00:00,-0.000020
2026-05-28T11:00:00+00:00,-0.000020
2026-05-28T11:15:00+00:00,-0.000020
2026-05-28T11:30:00+00:00,-0.000020
2026-05-28T11:45:00+00:00,-0.000060
2026-05-28T12:00:00+00:00,-0.000040
2026-05-28T12:15:00+00:00,-0.000010
2026-05-28T12:30:00+00:00,-0.000010
2026-05-28T12:45:00+00:00,0.000020
2026-05-28T13:00:00+00:00,0.000000
2026-05-28T13:15:00+00:00,0.000010
2026-05-28T13:30:00+00:00,0.000840
2026-05-28T13:45:00+00:00,0.004340
2026-05-28T14:00:00+00:00,0.002840
2026-05-28T14:15:00+00:00,0.010000
2026-05-28T14:30:00+00:00,0.048200
2026-05-28T14:45:00+00:00,0.088700
2026-05-28T15:00:00+00:00,0.061750
2026-05-28T15:15:00+00:00,0.086380
2026-05-28T15:30:00+00:00,0.105270
2026-05-28T15:45:00+00:00,0.131040
2026-05-28T16:00:00+00:00,0.106130
2026-05-28T16:15:00+00:00,0.125720
2026-05-28T16:30:00+00:00,0.147280
2026-05-28T16:45:00+00:00,0.165300
2026-05-28T17:00:00+00:00,0.147320
2026-05-28T17:15:00+00:00,0.170290
2026-05-28T17:30:00+00:00,0.201150
2026-05-28T17:45:00+00:00,0.334630
2026-05-28T18:00:00+00:00,0.255430
2026-05-28T18:15:00+00:00,0.354570
2026-05-28T18:30:00+00:00,0.445640
2026-05-28T18:45:00+00:00,0.445580
2026-05-28T19:00:00+00:00,0.419230
2026-05-28T19:15:00+00:00,0.426590
2026-05-28T19:30:00+00:00,0.351530
2026-05-28T19:45:00+00:00,0.230020
2026-05-28T20:00:00+00:00,0.319030
2026-05-28T20:15:00+00:00,0.210820
2026-05-28T20:30:00+00:00,0.170900
2026-05-28T20:45:00+00:00,0.157970
2026-05-28T21:00:00+00:00,0.170940
2026-05-28T21:15:00+00:00,0.163100
2026-05-28T21:30:00+00:00,0.153700
2026-05-28T21:45:00+00:00,0.142690
2026-05-28T22:00:00+00:00,0.159820
2026-05-28T22:15:00+00:00,0.150100
2026-05-28T22:30:00+00:00,0.135960
2026-05-28T22:45:00+00:00,0.126840
2026-05-28T23:00:00+00:00,0.143010
2026-05-28T23:15:00+00:00,0.135880
2026-05-28T23:30:00+00:00,0.129400
2026-05-28T23:45:00+00:00,0.123940
2026-05-29T00:00:00+00:00,0.128910
2026-05-29T00:15:00+00:00,0.127120
2026-05-29T00:30:00+00:00,0.126850
2026-05-29T00:45:00+00:00,0.125560
2026-05-29T01:00:00+00:00,0.126720
2026-05-29T01:15:00+00:00,0.125640
2026-05-29T01:30:00+00:00,0.124650
2026-05-29T01:45:00+00:00,0.122180
2026-05-29T02:00:00+00:00,0.122690
2026-05-29T02:15:00+00:00,0.123310
2026-05-29T02:30:00+00:00,0.123670
2026-05-29T02:45:00+00:00,0.124760
2026-05-29T03:00:00+00:00,0.123800
2026-05-29T03:15:00+00:00,0.123920
2026-05-29T03:30:00+00:00,0.123780
2026-05-29T03:45:00+00:00,0.126890
2026-05-29T04:00:00+00:00,0.131030
2026-05-29T04:15:00+00:00,0.135780
2026-05-29T04:30:00+00:00,0.131770
2026-05-29T04:45:00+00:00,0.126360
2026-05-29T05:00:00+00:00,0.136960
2026-05-29T05:15:00+00:00,0.130100
2026-05-29T05:30:00+00:00,0.124970
2026-05-29T05:45:00+00:00,0.111950
2026-05-29T06:00:00+00:00,0.134470
2026-05-29T06:15:00+00:00,0.120190
2026-05-29T06:30:00+00:00,0.107000
2026-05-29T06:45:00+00:00,0.098410
2026-05-29T07:00:00+00:00,0.114940
2026-05-29T07:15:00+00:00,0.094570
2026-05-29T07:30:00+00:00,0.074250
2026-05-29T07:45:00+00:00,0.037000
2026-05-29T08:00:00+00:00,0.048470
2026-05-29T08:15:00+00:00,0.018060
2026-05-29T08:30:00+00:00,0.009220
2026-05-29T08:45:00+00:00,0.004250
2026-05-29T09:00:00+00:00,0.002640
2026-05-29T09:15:00+00:00,0.000530
2026-05-29T09:30:00+00:00,0.000000
2026-05-29T09:45:00+00:00,-0.000010
2026-05-29T10:00:00+00:00,0.000000
2026-05-29T10:15:00+00:00,0.000000
2026-05-29T10:30:00+00:00,-0.000010
2026-05-29T10:45:00+00:00,-0.000010
2026-05-29T11:00:00+00:00,0.000110
2026-05-29T11:15:00+00:00,0.000030
2026-05-29T11:30:00+00:00,0.000020
2026-05-29T11:45:00+00:00,0.000000
2026-05-29T12:00:00+00:00,0.000120
2026-05-29T12:15:00+00:00,0.000200
2026-05-29T12:30:00+00:00,0.000260
2026-05-29T12:45:00+00:00,0.000470
2026-05-29T13:00:00+00:00,0.000840
2026-05-29T13:15:00+00:00,0.002110
2026-05-29T13:30:00+00:00,0.013160
2026-05-29T13:45:00+00:00,0.042370
2026-05-29T14:00:00+00:00,0.005270
2026-05-29T14:15:00+00:00,0.042650
2026-05-29T14:30:00+00:00,0.092200
2026-05-29T14:45:00+00:00,0.123740
2026-05-29T15:00:00+00:00,0.079060
2026-05-29T15:15:00+00:00,0.090630
2026-05-29T15:30:00+00:00,0.108160
2026-05-29T15:45:00+00:00,0.135740
2026-05-29T16:00:00+00:00,0.107690
2026-05-29T16:15:00+00:00,0.125770
2026-05-29T16:30:00+00:00,0.140800
2026-05-29T16:45:00+00:00,0.160630
2026-05-29T17:00:00+00:00,0.142550
2026-05-29T17:15:00+00:00,0.161430
2026-05-29T17:30:00+00:00,0.179630
2026-05-29T17:45:00+00:00,0.201130
2026-05-29T18:00:00+00:00,0.200000
2026-05-29T18:15:00+00:00,0.219140
2026-05-29T18:30:00+00:00,0.233000
2026-05-29T18:45:00+00:00,0.250010
2026-05-29T19:00:00+00:00,0.229210
2026-05-29T19:15:00+00:00,0.202490
2026-05-29T19:30:00+00:00,0.189420
2026-05-29T19:45:00+00:00,0.166570
2026-05-29T20:00:00+00:00,0.180590
2026-05-29T20:15:00+00:00,0.163210
2026-05-29T20:30:00+00:00,0.155270
2026-05-29T20:45:00+00:00,0.143740
2026-05-29T21:00:00+00:00,0.152470
2026-05-29T21:15:00+00:00,0.149660
2026-05-29T21:30:00+00:00,0.142760
2026-05-29T21:45:00+00:00,0.134310
2026-05-29T22:00:00+00:00,0.145990
2026-05-29T22:15:00+00:00,0.136850
2026-05-29T22:30:00+00:00,0.131970
2026-05-29T22:45:00+00:00,0.127240
2026-05-29T23:00:00+00:00,0.131720
2026-05-29T23:15:00+00:00,0.127620
2026-05-29T23:30:00+00:00,0.125420
2026-05-29T23:45:00+00:00,0.123550
2026-05-30T00:00:00+00:00,0.124070
2026-05-30T00:15:00+00:00,0.122540
2026-05-30T00:30:00+00:00,0.122300
2026-05-30T00:45:00+00:00,0.118020
2026-05-30T01:00:00+00:00,0.120820
2026-05-30T01:15:00+00:00,0.117410
2026-05-30T01:30:00+00:00,0.116810
2026-05-30T01:45:00+00:00,0.118520
2026-05-30T02:00:00+00:00,0.120310
2026-05-30T02:15:00+00:00,0.121160
2026-05-30T02:30:00+00:00,0.122260
2026-05-30T02:45:00+00:00,0.123590
2026-05-30T03:00:00+00:00,0.125990
2026-05-30T03:15:00+00:00,0.122390
2026-05-30T03:30:00+00:00,0.121190
2026-05-30T03:45:00+00:00,0.118230
2026-05-30T04:00:00+00:00,0.121800
2026-05-30T04:15:00+00:00,0.118630
2026-05-30T04:30:00+00:00,0.117360
2026-05-30T04:45:00+00:00,0.109760
2026-05-30T05:00:00+00:00,0.116780
2026-05-30T05:15:00+00:00,0.111470
2026-05-30T05:30:00+00:00,0.108480
2026-05-30T05:45:00+00:00,0.093130
2026-05-30T06:00:00+00:00,0.117090
2026-05-30T06:15:00+00:00,0.096740
2026-05-30T06:30:00+00:00,0.079310
2026-05-30T06:45:00+00:00,0.059830
2026-05-30T07:00:00+00:00,0.075590
2026-05-30T07:15:00+00:00,0.044820
2026-05-30T07:30:00+00:00,0.016310
2026-05-30T07:45:00+00:00,0.007600
2026-05-30T08:00:00+00:00,0.009990
2026-05-30T08:15:00+00:00,0.001750
2026-05-30T08:30:00+00:00,0.000100
2026-05-30T08:45:00+00:00,0.000000
2026-05-30T09:00:00+00:00,0.000000
2026-05-30T09:15:00+00:00,0.000000
2026-05-30T09:30:00+00:00,-0.000010
2026-05-30T09:45:00+00:00,-0.000010
2026-05-30T10:00:00+00:00,-0.000010
2026-05-30T10:15:00+00:00,-0.000100
2026-05-30T10:30:00+00:00,-0.000110
2026-05-30T10:45:00+00:00,-0.000230
2026-05-30T11:00:00+00:00,-0.002470
2026-05-30T11:15:00+00:00,-0.003040
2026-05-30T11:30:00+00:00,-0.003380
2026-05-30T11:45:00+00:00,-0.004850
2026-05-30T12:00:00+00:00,-0.002530
2026-05-30T12:15:00+00:00,-0.002100
2026-05-30T12:30:00+00:00,-0.001520
2026-05-30T12:45:00+00:00,-0.000310
2026-05-30T13:00:00+00:00,-0.000020
2026-05-30T13:15:00+00:00,-0.000010
2026-05-30T13:30:00+00:00,-0.000010
2026-05-30T13:45:00+00:00,0.000000
2026-05-30T14:00:00+00:00,0.000000
2026-05-30T14:15:00+00:00,0.000000
2026-05-30T14:30:00+00:00,0.000510
2026-05-30T14:45:00+00:00,0.011520
2026-05-30T15:00:00+00:00,0.008440
2026-05-30T15:15:00+00:00,0.045030
2026-05-30T15:30:00+00:00,0.079930
2026-05-30T15:45:00+00:00,0.094370
2026-05-30T16:00:00+00:00,0.078970
2026-05-30T16:15:00+00:00,0.095390
2026-05-30T16:30:00+00:00,0.113230
2026-05-30T16:45:00+00:00,0.123840
2026-05-30T17:00:00+00:00,0.117690
2026-05-30T17:15:00+00:00,0.128040
2026-05-30T17:30:00+00:00,0.140920
2026-05-30T17:45:00+00:00,0.151790
2026-05-30T18:00:00+00:00,0.136110
2026-05-30T18:15:00+00:00,0.149350
2026-05-30T18:30:00+00:00,0.161510
2026-05-30T18:45:00+00:00,0.170080
2026-05-30T19:00:00+00:00,0.162510
2026-05-30T19:15:00+00:00,0.164320
2026-05-30T19:30:00+00:00,0.171300
2026-05-30T19:45:00+00:00,0.164340
2026-05-30T20:00:00+00:00,0.169400
2026-05-30T20:15:00+00:00,0.158330
2026-05-30T20:30:00+00:00,0.153460
2026-05-30T20:45:00+00:00,0.143820
2026-05-30T21:00:00+00:00,0.145000
2026-05-30T21:15:00+00:00,0.138260
2026-05-30T21:30:00+00:00,0.137640
2026-05-30T21:45:00+00:00,0.134820
2026-05-30T22:00:00+00:00,0.142510
2026-05-30T22:15:00+00:00,0.135290
2026-05-30T22:30:00+00:00,0.130860
2026-05-30T22:45:00+00:00,0.123080
2026-05-30T23:00:00+00:00,0.129620
2026-05-30T23:15:00+00:00,0.126420
2026-05-30T23:30:00+00:00,0.125030
2026-05-30T23:45:00+00:00,0.122570
2026-05-31T00:00:00+00:00,0.123850
2026-05-31T00:15:00+00:00,0.121170
2026-05-31T00:30:00+00:00,0.121180
2026-05-31T00:45:00+00:00,0.116200
2026-05-31T01:00:00+00:00,0.118190
2026-05-31T01:15:00+00:00,0.115550
2026-05-31T01:30:00+00:00,0.117960
2026-05-31T01:45:00+00:00,0.118480
2026-05-31T02:00:00+00:00,0.119400
2026-05-31T02:15:00+00:00,0.119750
2026-05-31T02:30:00+00:00,0.119700
2026-05-31T02:45:00+00:00,0.115490
2026-05-31T03:00:00+00:00,0.120140
2026-05-31T03:15:00+00:00,0.116890
2026-05-31T03:30:00+00:00,0.114570
2026-05-31T03:45:00+00:00,0.111520
2026-05-31T04:00:00+00:00,0.122360
2026-05-31T04:15:00+00:00,0.115610
2026-05-31T04:30:00+00:00,0.112080
2026-05-31T04:45:00+00:00,0.101850
2026-05-31T05:00:00+00:00,0.111870
2026-05-31T05:15:00+00:00,0.105720
2026-05-31T05:30:00+00:00,0.099240
2026-05-31T05:45:00+00:00,0.085410
2026-05-31T06:00:00+00:00,0.098640
2026-05-31T06:15:00+00:00,0.088660
2026-05-31T06:30:00+00:00,0.078460
2026-05-31T06:45:00+00:00,0.075310
2026-05-31T07:00:00+00:00,0.071420
2026-05-31T07:15:00+00:00,0.057320
2026-05-31T07:30:00+00:00,0.046450
2026-05-31T07:45:00+00:00,0.030800
2026-05-31T08:00:00+00:00,0.023180
2026-05-31T08:15:00+00:00,0.004060
2026-05-31T08:30:00+00:00,0.000010
2026-05-31T08:45:00+00:00,0.000000
2026-05-31T09:00:00+00:00,0.000000
2026-05-31T09:15:00+00:00,0.000000
2026-05-31T09:30:00+00:00,0.000000
2026-05-31T09:45:00+00:00,0.000000
2026-05-31T10:00:00+00:00,0.000000
2026-05-31T10:15:00+00:00,0.000000
2026-05-31T10:30:00+00:00,-0.000010
2026-05-31T10:45:00+00:00,-0.000010
2026-05-31T11:00:00+00:00,-0.000010
2026-05-31T11:15:00+00:00,-0.000010
2026-05-31T11:30:00+00:00,-0.000010
2026-05-31T11:45:00+00:00,-0.000010
2026-05-31T12:00:00+00:00,-0.000010
2026-05-31T12:15:00+00:00,-0.000010
2026-05-31T12:30:00+00:00,-0.000010
2026-05-31T12:45:00+00:00,-0.000010
2026-05-31T13:00:00+00:00,-0.000010
2026-05-31T13:15:00+00:00,0.000000
2026-05-31T13:30:00+00:00,0.000000
2026-05-31T13:45:00+00:00,0.000010
2026-05-31T14:00:00+00:00,0.006680
2026-05-31T14:15:00+00:00,0.032890
2026-05-31T14:30:00+00:00,0.055200
2026-05-31T14:45:00+00:00,0.074620
2026-05-31T15:00:00+00:00,0.058470
2026-05-31T15:15:00+00:00,0.079280
2026-05-31T15:30:00+00:00,0.092230
2026-05-31T15:45:00+00:00,0.110740
2026-05-31T16:00:00+00:00,0.094430
2026-05-31T16:15:00+00:00,0.108140
2026-05-31T16:30:00+00:00,0.124050
2026-05-31T16:45:00+00:00,0.137040
2026-05-31T17:00:00+00:00,0.120150
2026-05-31T17:15:00+00:00,0.127520
2026-05-31T17:30:00+00:00,0.135620
2026-05-31T17:45:00+00:00,0.141850
2026-05-31T18:00:00+00:00,0.131230
2026-05-31T18:15:00+00:00,0.137530
2026-05-31T18:30:00+00:00,0.146930
2026-05-31T18:45:00+00:00,0.154260
2026-05-31T19:00:00+00:00,0.151500
2026-05-31T19:15:00+00:00,0.148320
2026-05-31T19:30:00+00:00,0.148760
2026-05-31T19:45:00+00:00,0.151010
2026-05-31T20:00:00+00:00,0.156350
2026-05-31T20:15:00+00:00,0.149750
2026-05-31T20:30:00+00:00,0.146560
2026-05-31T20:45:00+00:00,0.140370
2026-05-31T21:00:00+00:00,0.146860
2026-05-31T21:15:00+00:00,0.141950
2026-05-31T21:30:00+00:00,0.138580
2026-05-31T21:45:00+00:00,0.135160
2026-05-31T22:00:00+00:00,0.149180
2026-05-31T22:15:00+00:00,0.136850
2026-05-31T22:30:00+00:00,0.139280
2026-05-31T22:45:00+00:00,0.129090
2026-05-31T23:00:00+00:00,0.131610
2026-05-31T23:15:00+00:00,0.123660
2026-05-31T23:30:00+00:00,0.120620
2026-05-31T23:45:00+00:00,0.115300
2026-06-01T00:00:00+00:00,0.117390
2026-06-01T00:15:00+00:00,0.119810
2026-06-01T00:30:00+00:00,0.117860
2026-06-01T00:45:00+00:00,0.114460
2026-06-01T01:00:00+00:00,0.115000
2026-06-01T01:15:00+00:00,0.115400
2026-06-01T01:30:00+00:00,0.113160
2026-06-01T01:45:00+00:00,0.113990
2026-06-01T02:00:00+00:00,0.114950
2026-06-01T02:15:00+00:00,0.116320
2026-06-01T02:30:00+00:00,0.119980
2026-06-01T02:45:00+00:00,0.124590
2026-06-01T03:00:00+00:00,0.118550
2026-06-01T03:15:00+00:00,0.124640
2026-06-01T03:30:00+00:00,0.133500
2026-06-01T03:45:00+00:00,0.140220
2026-06-01T04:00:00+00:00,0.151540
2026-06-01T04:15:00+00:00,0.162270
2026-06-01T04:30:00+00:00,0.162830
2026-06-01T04:45:00+00:00,0.161360
2026-06-01T05:00:00+00:00,0.167790
2026-06-01T05:15:00+00:00,0.158300
2026-06-01T05:30:00+00:00,0.150520
2026-06-01T05:45:00+00:00,0.144450
2026-06-01T06:00:00+00:00,0.172320
2026-06-01T06:15:00+00:00,0.160760
2026-06-01T06:30:00+00:00,0.137560
2026-06-01T06:45:00+00:00,0.118700
2026-06-01T07:00:00+00:00,0.153230
2026-06-01T07:15:00+00:00,0.128780
2026-06-01T07:30:00+00:00,0.111430
2026-06-01T07:45:00+00:00,0.100880
2026-06-01T08:00:00+00:00,0.120510
2026-06-01T08:15:00+00:00,0.107490
2026-06-01T08:30:00+00:00,0.104820
2026-06-01T08:45:00+00:00,0.102040
2026-06-01T09:00:00+00:00,0.104760
2026-06-01T09:15:00+00:00,0.099950
2026-06-01T09:30:00+00:00,0.095380
2026-06-01T09:45:00+00:00,0.087620
2026-06-01T10:00:00+00:00,0.089760
2026-06-01T10:15:00+00:00,0.083780
2026-06-01T10:30:00+00:00,0.082210
2026-06-01T10:45:00+00:00,0.078110
2026-06-01T11:00:00+00:00,0.082060
2026-06-01T11:15:00+00:00,0.081700
2026-06-01T11:30:00+00:00,0.078370
2026-06-01T11:45:00+00:00,0.076510
2026-06-01T12:00:00+00:00,0.086350
2026-06-01T12:15:00+00:00,0.088950
2026-06-01T12:30:00+00:00,0.097120
2026-06-01T12:45:00+00:00,0.103650
2026-06-01T13:00:00+00:00,0.094570
2026-06-01T13:15:00+00:00,0.112180
2026-06-01T13:30:00+00:00,0.088110
2026-06-01T13:45:00+00:00,0.100000
2026-06-01T14:00:00+00:00,0.088990
2026-06-01T14:15:00+00:00,0.097440
2026-06-01T14:30:00+00:00,0.110480
2026-06-01T14:45:00+00:00,0.127100
2026-06-01T15:00:00+00:00,0.105540
2026-06-01T15:15:00+00:00,0.106540
2026-06-01T15:30:00+00:00,0.123200
2026-06-01T15:45:00+00:00,0.141640
2026-06-01T16:00:00+00:00,0.106400
2026-06-01T16:15:00+00:00,0.125040
2026-06-01T16:30:00+00:00,0.142920
2026-06-01T16:45:00+00:00,0.175450
2026-06-01T17:00:00+00:00,0.163940
2026-06-01T17:15:00+00:00,0.179860
2026-06-01T17:30:00+00:00,0.215460
2026-06-01T17:45:00+00:00,0.303830
2026-06-01T18:00:00+00:00,0.253560
2026-06-01T18:15:00+00:00,0.304070
2026-06-01T18:30:00+00:00,0.339590
2026-06-01T18:45:00+00:00,0.387020
2026-06-01T19:00:00+00:00,0.356580
2026-06-01T19:15:00+00:00,0.322880
2026-06-01T19:30:00+00:00,0.284370
2026-06-01T19:45:00+00:00,0.244410
2026-06-01T20:00:00+00:00,0.290430
2026-06-01T20:15:00+00:00,0.219510
2026-06-01T20:30:00+00:00,0.180070
2026-06-01T20:45:00+00:00,0.159420
2026-06-01T21:00:00+00:00,0.174360
2026-06-01T21:15:00+00:00,0.163450
2026-06-01T21:30:00+00:00,0.156080
2026-06-01T21:45:00+00:00,0.146110
2026-06-01T22:00:00+00:00,0.150510
2026-06-01T22:15:00+00:00,0.140620
2026-06-01T22:30:00+00:00,0.140100
2026-06-01T22:45:00+00:00,0.129470
2026-06-01T23:00:00+00:00,0.141570
2026-06-01T23:15:00+00:00,0.126750
2026-06-01T23:30:00+00:00,0.123080
2026-06-01T23:45:00+00:00,0.116790
2026-06-02T00:00:00+00:00,0.124630
2026-06-02T00:15:00+00:00,0.117920
2026-06-02T00:30:00+00:00,0.117730
2026-06-02T00:45:00+00:00,0.114380
2026-06-02T01:00:00+00:00,0.116650
2026-06-02T01:15:00+00:00,0.113980
2026-06-02T01:30:00+00:00,0.114190
2026-06-02T01:45:00+00:00,0.111930
2026-06-02T02:00:00+00:00,0.113130
2026-06-02T02:15:00+00:00,0.112000
2026-06-02T02:30:00+00:00,0.113380
2026-06-02T02:45:00+00:00,0.116870
2026-06-02T03:00:00+00:00,0.112950
2026-06-02T03:15:00+00:00,0.113490
2026-06-02T03:30:00+00:00,0.118300
2026-06-02T03:45:00+00:00,0.121150
2026-06-02T04:00:00+00:00,0.120660
2026-06-02T04:15:00+00:00,0.128240
2026-06-02T04:30:00+00:00,0.126680
2026-06-02T04:45:00+00:00,0.119450
2026-06-02T05:00:00+00:00,0.130530
2026-06-02T05:15:00+00:00,0.129030
2026-06-02T05:30:00+00:00,0.130290
2026-06-02T05:45:00+00:00,0.126780
2026-06-02T06:00:00+00:00,0.128320
2026-06-02T06:15:00+00:00,0.129530
2026-06-02T06:30:00+00:00,0.132030
2026-06-02T06:45:00+00:00,0.132320
2026-06-02T07:00:00+00:00,0.130100
2026-06-02T07:15:00+00:00,0.132850
2026-06-02T07:30:00+00:00,0.123870
2026-06-02T07:45:00+00:00,0.116360
2026-06-02T08:00:00+00:00,0.144920
2026-06-02T08:15:00+00:00,0.120720
2026-06-02T08:30:00+00:00,0.101390
2026-06-02T08:45:00+00:00,0.088890
2026-06-02T09:00:00+00:00,0.127740
2026-06-02T09:15:00+00:00,0.106520
2026-06-02T09:30:00+00:00,0.097530
2026-06-02T09:45:00+00:00,0.083770
2026-06-02T10:00:00+00:00,0.102710
2026-06-02T10:15:00+00:00,0.102070
2026-06-02T10:30:00+00:00,0.094950
2026-06-02T10:45:00+00:00,0.094900
2026-06-02T11:00:00+00:00,0.094790
2026-06-02T11:15:00+00:00,0.096690
2026-06-02T11:30:00+00:00,0.091250
2026-06-02T11:45:00+00:00,0.089470
2026-06-02T12:00:00+00:00,0.096570
2026-06-02T12:15:00+00:00,0.093700
2026-06-02T12:30:00+00:00,0.097620
2026-06-02T12:45:00+00:00,0.098510
2026-06-02T13:00:00+00:00,0.098520
2026-06-02T13:15:00+00:00,0.096800
2026-06-02T13:30:00+00:00,0.101840
2026-06-02T13:45:00+00:00,0.108750
2026-06-02T14:00:00+00:00,0.101250
2026-06-02T14:15:00+00:00,0.104160
2026-06-02T14:30:00+00:00,0.110340
2026-06-02T14:45:00+00:00,0.122700
2026-06-02T15:00:00+00:00,0.120580
2026-06-02T15:15:00+00:00,0.119780
2026-06-02T15:30:00+00:00,0.122630
2026-06-02T15:45:00+00:00,0.133850
2026-06-02T16:00:00+00:00,0.135460
2026-06-02T16:15:00+00:00,0.137220
2026-06-02T16:30:00+00:00,0.130070
2026-06-02T16:45:00+00:00,0.142240
2026-06-02T17:00:00+00:00,0.141890
2026-06-02T17:15:00+00:00,0.151900
2026-06-02T17:30:00+00:00,0.162890
2026-06-02T17:45:00+00:00,0.174360
2026-06-02T18:00:00+00:00,0.164330
2026-06-02T18:15:00+00:00,0.160090
2026-06-02T18:30:00+00:00,0.159360
2026-06-02T18:45:00+00:00,0.155270
2026-06-02T19:00:00+00:00,0.160400
2026-06-02T19:15:00+00:00,0.148750
2026-06-02T19:30:00+00:00,0.148790
2026-06-02T19:45:00+00:00,0.140160
2026-06-02T20:00:00+00:00,0.136320
2026-06-02T20:15:00+00:00,0.138430
2026-06-02T20:30:00+00:00,0.137940
2026-06-02T20:45:00+00:00,0.132630
2026-06-02T21:00:00+00:00,0.128780
2026-06-02T21:15:00+00:00,0.117150
2026-06-02T21:30:00+00:00,0.118830
2026-06-02T21:45:00+00:00,0.106350
2026-06-02T22:00:00+00:00,0.109430
2026-06-02T22:15:00+00:00,0.108510
2026-06-02T22:30:00+00:00,0.105670
2026-06-02T22:45:00+00:00,0.107890
2026-06-02T23:00:00+00:00,0.113280
2026-06-02T23:15:00+00:00,0.113200
2026-06-02T23:30:00+00:00,0.105610
2026-06-02T23:45:00+00:00,0.102310
2026-06-03T00:00:00+00:00,0.102900
2026-06-03T00:15:00+00:00,0.100200
2026-06-03T00:30:00+00:00,0.101410
2026-06-03T00:45:00+00:00,0.099390
2026-06-03T01:00:00+00:00,0.105470
2026-06-03T01:15:00+00:00,0.101660
2026-06-03T01:30:00+00:00,0.100900
2026-06-03T01:45:00+00:00,0.100100
2026-06-03T02:00:00+00:00,0.100900
2026-06-03T02:15:00+00:00,0.100390
2026-06-03T02:30:00+00:00,0.101210
2026-06-03T02:45:00+00:00,0.102450
2026-06-03T03:00:00+00:00,0.101120
2026-06-03T03:15:00+00:00,0.104760
2026-06-03T03:30:00+00:00,0.106050
2026-06-03T03:45:00+00:00,0.114700
2026-06-03T04:00:00+00:00,0.118510
2026-06-03T04:15:00+00:00,0.120830
2026-06-03T04:30:00+00:00,0.127060
2026-06-03T04:45:00+00:00,0.133200
2026-06-03T05:00:00+00:00,0.137590
2026-06-03T05:15:00+00:00,0.137700
2026-06-03T05:30:00+00:00,0.134020
2026-06-03T05:45:00+00:00,0.129340
2026-06-03T06:00:00+00:00,0.146410
2026-06-03T06:15:00+00:00,0.135320
2026-06-03T06:30:00+00:00,0.128240
2026-06-03T06:45:00+00:00,0.105670
2026-06-03T07:00:00+00:00,0.122550
2026-06-03T07:15:00+00:00,0.107340
2026-06-03T07:30:00+00:00,0.097590
2026-06-03T07:45:00+00:00,0.084640
2026-06-03T08:00:00+00:00,0.094350
2026-06-03T08:15:00+00:00,0.083580
2026-06-03T08:30:00+00:00,0.081180
2026-06-03T08:45:00+00:00,0.074920
2026-06-03T09:00:00+00:00,0.077300
2026-06-03T09:15:00+00:00,0.070820
2026-06-03T09:30:00+00:00,0.070570
2026-06-03T09:45:00+00:00,0.057270
2026-06-03T10:00:00+00:00,0.066910
2026-06-03T10:15:00+00:00,0.055930
2026-06-03T10:30:00+00:00,0.045520
2026-06-03T10:45:00+00:00,0.032810
2026-06-03T11:00:00+00:00,0.043550
2026-06-03T11:15:00+00:00,0.035080
2026-06-03T11:30:00+00:00,0.031460
2026-06-03T11:45:00+00:00,0.023170
2026-06-03T12:00:00+00:00,0.025710
2026-06-03T12:15:00+00:00,0.031440
2026-06-03T12:30:00+00:00,0.032940
2026-06-03T12:45:00+00:00,0.042350
2026-06-03T13:00:00+00:00,0.025780
2026-06-03T13:15:00+00:00,0.038710
2026-06-03T13:30:00+00:00,0.043320
2026-06-03T13:45:00+00:00,0.057740
2026-06-03T14:00:00+00:00,0.039330
2026-06-03T14:15:00+00:00,0.061230
2026-06-03T14:30:00+00:00,0.072590
2026-06-03T14:45:00+00:00,0.093090
2026-06-03T15:00:00+00:00,0.060130
2026-06-03T15:15:00+00:00,0.079050
2026-06-03T15:30:00+00:00,0.097660
2026-06-03T15:45:00+00:00,0.111900
2026-06-03T16:00:00+00:00,0.091050
2026-06-03T16:15:00+00:00,0.102300
2026-06-03T16:30:00+00:00,0.115460
2026-06-03T16:45:00+00:00,0.122680
2026-06-03T17:00:00+00:00,0.111690
2026-06-03T17:15:00+00:00,0.119230
2026-06-03T17:30:00+00:00,0.125170
2026-06-03T17:45:00+00:00,0.136670
2026-06-03T18:00:00+00:00,0.127720
2026-06-03T18:15:00+00:00,0.130330
2026-06-03T18:30:00+00:00,0.128690
2026-06-03T18:45:00+00:00,0.127700
2026-06-03T19:00:00+00:00,0.129960
2026-06-03T19:15:00+00:00,0.118010
2026-06-03T19:30:00+00:00,0.111620
2026-06-03T19:45:00+00:00,0.103190
2026-06-03T20:00:00+00:00,0.120620
2026-06-03T20:15:00+00:00,0.109570
2026-06-03T20:30:00+00:00,0.108840
2026-06-03T20:45:00+00:00,0.093220
2026-06-03T21:00:00+00:00,0.100700
2026-06-03T21:15:00+00:00,0.089920
2026-06-03T21:30:00+00:00,0.089020
2026-06-03T21:45:00+00:00,0.071420
2026-06-03T22:00:00+00:00,0.090820
2026-06-03T22:15:00+00:00,0.081060
2026-06-03T22:30:00+00:00,0.076300
2026-06-03T22:45:00+00:00,0.060920
2026-06-03T23:00:00+00:00,0.072570
2026-06-03T23:15:00+00:00,0.071220
2026-06-03T23:30:00+00:00,0.065940
2026-06-03T23:45:00+00:00,0.062110
2026-06-04T00:00:00+00:00,0.061670
2026-06-04T00:15:00+00:00,0.061160
2026-06-04T00:30:00+00:00,0.060730
2026-06-04T00:45:00+00:00,0.056440
2026-06-04T01:00:00+00:00,0.060780
2026-06-04T01:15:00+00:00,0.058610
2026-06-04T01:30:00+00:00,0.059530
2026-06-04T01:45:00+00:00,0.060910
2026-06-04T02:00:00+00:00,0.058210
2026-06-04T02:15:00+00:00,0.058140
2026-06-04T02:30:00+00:00,0.058930
2026-06-04T02:45:00+00:00,0.064720
2026-06-04T03:00:00+00:00,0.059630
2026-06-04T03:15:00+00:00,0.060880
2026-06-04T03:30:00+00:00,0.064190
2026-06-04T03:45:00+00:00,0.063470
2026-06-04T04:00:00+00:00,0.064470
2026-06-04T04:15:00+00:00,0.067970
2026-06-04T04:30:00+00:00,0.069570
2026-06-04T04:45:00+00:00,0.066200
2026-06-04T05:00:00+00:00,0.083910
2026-06-04T05:15:00+00:00,0.081070
2026-06-04T05:30:00+00:00,0.076680
2026-06-04T05:45:00+00:00,0.070660
2026-06-04T06:00:00+00:00,0.096600
2026-06-04T06:15:00+00:00,0.079870
2026-06-04T06:30:00+00:00,0.065420
2026-06-04T06:45:00+00:00,0.044750
2026-06-04T07:00:00+00:00,0.062400
2026-06-04T07:15:00+00:00,0.047670
2026-06-04T07:30:00+00:00,0.022810
2026-06-04T07:45:00+00:00,0.009790
2026-06-04T08:00:00+00:00,0.012920
2026-06-04T08:15:00+00:00,0.004550
2026-06-04T08:30:00+00:00,0.000020
2026-06-04T08:45:00+00:00,0.000000
2026-06-04T09:00:00+00:00,0.000010
2026-06-04T09:15:00+00:00,0.000000
2026-06-04T09:30:00+00:00,0.000000
2026-06-04T09:45:00+00:00,0.000000
2026-06-04T10:00:00+00:00,0.000000
2026-06-04T10:15:00+00:00,-0.000020
2026-06-04T10:30:00+00:00,-0.000020
2026-06-04T10:45:00+00:00,-0.000020
2026-06-04T11:00:00+00:00,-0.000020
2026-06-04T11:15:00+00:00,-0.000040
2026-06-04T11:30:00+00:00,-0.000020
2026-06-04T11:45:00+00:00,-0.000050
2026-06-04T12:00:00+00:00,-0.000030
2026-06-04T12:15:00+00:00,-0.000030
2026-06-04T12:30:00+00:00,-0.000010
2026-06-04T12:45:00+00:00,0.000000
2026-06-04T13:00:00+00:00,-0.000010
2026-06-04T13:15:00+00:00,0.000000
2026-06-04T13:30:00+00:00,0.000030
2026-06-04T13:45:00+00:00,0.005530
2026-06-04T14:00:00+00:00,0.005380
2026-06-04T14:15:00+00:00,0.012540
2026-06-04T14:30:00+00:00,0.029900
2026-06-04T14:45:00+00:00,0.050100
2026-06-04T15:00:00+00:00,0.031860
2026-06-04T15:15:00+00:00,0.052400
2026-06-04T15:30:00+00:00,0.072640
2026-06-04T15:45:00+00:00,0.085250
2026-06-04T16:00:00+00:00,0.064290
2026-06-04T16:15:00+00:00,0.085080
2026-06-04T16:30:00+00:00,0.103270
2026-06-04T16:45:00+00:00,0.103130
2026-06-04T17:00:00+00:00,0.092370
2026-06-04T17:15:00+00:00,0.098530
2026-06-04T17:30:00+00:00,0.103190
2026-06-04T17:45:00+00:00,0.107450
2026-06-04T18:00:00+00:00,0.100450
2026-06-04T18:15:00+00:00,0.105280
2026-06-04T18:30:00+00:00,0.105550
2026-06-04T18:45:00+00:00,0.109120
2026-06-04T19:00:00+00:00,0.106480
2026-06-04T19:15:00+00:00,0.106910
2026-06-04T19:30:00+00:00,0.106480
2026-06-04T19:45:00+00:00,0.104500
2026-06-04T20:00:00+00:00,0.105010
2026-06-04T20:15:00+00:00,0.101830
2026-06-04T20:30:00+00:00,0.104370
2026-06-04T20:45:00+00:00,0.100740
2026-06-04T21:00:00+00:00,0.098080
2026-06-04T21:15:00+00:00,0.096190
2026-06-04T21:30:00+00:00,0.095930
2026-06-04T21:45:00+00:00,0.089770
2026-06-04T22:00:00+00:00,0.085010
2026-06-04T22:15:00+00:00,0.073830
2026-06-04T22:30:00+00:00,0.069950
2026-06-04T22:45:00+00:00,0.065440
2026-06-04T23:00:00+00:00,0.076030
2026-06-04T23:15:00+00:00,0.072200
2026-06-04T23:30:00+00:00,0.074220
2026-06-04T23:45:00+00:00,0.067240
2026-06-05T00:00:00+00:00,0.065330
2026-06-05T00:15:00+00:00,0.073950
2026-06-05T00:30:00+00:00,0.078700
2026-06-05T00:45:00+00:00,0.081000
2026-06-05T01:00:00+00:00,0.081900
2026-06-05T01:15:00+00:00,0.074230
2026-06-05T01:30:00+00:00,0.073800
2026-06-05T01:45:00+00:00,0.070830
2026-06-05T02:00:00+00:00,0.071030
2026-06-05T02:15:00+00:00,0.076290
2026-06-05T02:30:00+00:00,0.080610
2026-06-05T02:45:00+00:00,0.087770
2026-06-05T03:00:00+00:00,0.080530
2026-06-05T03:15:00+00:00,0.082120
2026-06-05T03:30:00+00:00,0.087830
2026-06-05T03:45:00+00:00,0.098320
2026-06-05T04:00:00+00:00,0.103750
2026-06-05T04:15:00+00:00,0.103310
2026-06-05T04:30:00+00:00,0.101600
2026-06-05T04:45:00+00:00,0.102600
2026-06-05T05:00:00+00:00,0.117080
2026-06-05T05:15:00+00:00,0.112270
2026-06-05T05:30:00+00:00,0.112260
2026-06-05T05:45:00+00:00,0.107240
2026-06-05T06:00:00+00:00,0.120060
2026-06-05T06:15:00+00:00,0.119630
2026-06-05T06:30:00+00:00,0.115570
2026-06-05T06:45:00+00:00,0.110360
2026-06-05T07:00:00+00:00,0.129200
2026-06-05T07:15:00+00:00,0.118970
2026-06-05T07:30:00+00:00,0.096220
2026-06-05T07:45:00+00:00,0.079940
2026-06-05T08:00:00+00:00,0.112550
2026-06-05T08:15:00+00:00,0.092640
2026-06-05T08:30:00+00:00,0.075660
2026-06-05T08:45:00+00:00,0.071080
2026-06-05T09:00:00+00:00,0.081910
2026-06-05T09:15:00+00:00,0.087990
2026-06-05T09:30:00+00:00,0.082560
2026-06-05T09:45:00+00:00,0.073760
2026-06-05T10:00:00+00:00,0.070550
2026-06-05T10:15:00+00:00,0.056840
2026-06-05T10:30:00+00:00,0.051120
2026-06-05T10:45:00+00:00,0.044780
2026-06-05T11:00:00+00:00,0.042040
2026-06-05T11:15:00+00:00,0.036350
2026-06-05T11:30:00+00:00,0.033730
2026-06-05T11:45:00+00:00,0.024590
2026-06-05T12:00:00+00:00,0.023710
2026-06-05T12:15:00+00:00,0.022640
2026-06-05T12:30:00+00:00,0.024930
2026-06-05T12:45:00+00:00,0.028710
2026-06-05T13:00:00+00:00,0.014560
2026-06-05T13:15:00+00:00,0.025040
2026-06-05T13:30:00+00:00,0.040740
2026-06-05T13:45:00+00:00,0.059660
2026-06-05T14:00:00+00:00,0.041810
2026-06-05T14:15:00+00:00,0.055700
2026-06-05T14:30:00+00:00,0.072240
2026-06-05T14:45:00+00:00,0.094170
2026-06-05T15:00:00+00:00,0.066550
2026-06-05T15:15:00+00:00,0.089190
2026-06-05T15:30:00+00:00,0.106110
2026-06-05T15:45:00+00:00,0.123060
2026-06-05T16:00:00+00:00,0.093580
2026-06-05T16:15:00+00:00,0.113420
2026-06-05T16:30:00+00:00,0.127880
2026-06-05T16:45:00+00:00,0.148540
2026-06-05T17:00:00+00:00,0.120060
2026-06-05T17:15:00+00:00,0.137010
2026-06-05T17:30:00+00:00,0.154790
2026-06-05T17:45:00+00:00,0.171000
2026-06-05T18:00:00+00:00,0.164880
2026-06-05T18:15:00+00:00,0.172400
2026-06-05T18:30:00+00:00,0.188890
2026-06-05T18:45:00+00:00,0.189970
2026-06-05T19:00:00+00:00,0.194750
2026-06-05T19:15:00+00:00,0.192470
2026-06-05T19:30:00+00:00,0.189890
2026-06-05T19:45:00+00:00,0.180530
2026-06-05T20:00:00+00:00,0.182580
2026-06-05T20:15:00+00:00,0.173620
2026-06-05T20:30:00+00:00,0.164240
2026-06-05T20:45:00+00:00,0.158730
2026-06-05T21:00:00+00:00,0.163270
2026-06-05T21:15:00+00:00,0.155790
2026-06-05T21:30:00+00:00,0.150120
2026-06-05T21:45:00+00:00,0.144180
2026-06-05T22:00:00+00:00,0.165580
2026-06-05T22:15:00+00:00,0.149850
2026-06-05T22:30:00+00:00,0.144010
2026-06-05T22:45:00+00:00,0.130230
2026-06-05T23:00:00+00:00,0.136170
2026-06-05T23:15:00+00:00,0.133920
2026-06-05T23:30:00+00:00,0.131710
2026-06-05T23:45:00+00:00,0.133560
2026-06-06T00:00:00+00:00,0.132600
2026-06-06T00:15:00+00:00,0.131380
2026-06-06T00:30:00+00:00,0.127390
2026-06-06T00:45:00+00:00,0.125240
2026-06-06T01:00:00+00:00,0.124900
2026-06-06T01:15:00+00:00,0.116170
2026-06-06T01:30:00+00:00,0.115390
2026-06-06T01:45:00+00:00,0.120100
2026-06-06T02:00:00+00:00,0.120100
2026-06-06T02:15:00+00:00,0.121080
2026-06-06T02:30:00+00:00,0.121490
2026-06-06T02:45:00+00:00,0.122550
2026-06-06T03:00:00+00:00,0.127460
2026-06-06T03:15:00+00:00,0.121100
2026-06-06T03:30:00+00:00,0.117560
2026-06-06T03:45:00+00:00,0.114700
2026-06-06T04:00:00+00:00,0.124730
2026-06-06T04:15:00+00:00,0.120460
2026-06-06T04:30:00+00:00,0.115350
2026-06-06T04:45:00+00:00,0.110100
2026-06-06T05:00:00+00:00,0.126740
2026-06-06T05:15:00+00:00,0.116700
2026-06-06T05:30:00+00:00,0.101910
2026-06-06T05:45:00+00:00,0.080530
2026-06-06T06:00:00+00:00,0.108390
2026-06-06T06:15:00+00:00,0.096550
2026-06-06T06:30:00+00:00,0.082700
2026-06-06T06:45:00+00:00,0.065270
2026-06-06T07:00:00+00:00,0.092230
2026-06-06T07:15:00+00:00,0.075650
2026-06-06T07:30:00+00:00,0.057750
2026-06-06T07:45:00+00:00,0.025910
2026-06-06T08:00:00+00:00,0.057220
2026-06-06T08:15:00+00:00,0.033570
2026-06-06T08:30:00+00:00,0.016610
2026-06-06T08:45:00+00:00,0.000050
2026-06-06T09:00:00+00:00,0.000180
2026-06-06T09:15:00+00:00,0.000110
2026-06-06T09:30:00+00:00,0.000100
2026-06-06T09:45:00+00:00,0.000050
2026-06-06T10:00:00+00:00,0.000040
2026-06-06T10:15:00+00:00,0.000000
2026-06-06T10:30:00+00:00,-0.000020
2026-06-06T10:45:00+00:00,-0.000060
2026-06-06T11:00:00+00:00,-0.000010
2026-06-06T11:15:00+00:00,0.000000
2026-06-06T11:30:00+00:00,-0.000020
2026-06-06T11:45:00+00:00,-0.000010
2026-06-06T12:00:00+00:00,0.000000
2026-06-06T12:15:00+00:00,0.000060
2026-06-06T12:30:00+00:00,0.000100
2026-06-06T12:45:00+00:00,0.000200
2026-06-06T13:00:00+00:00,0.002880
2026-06-06T13:15:00+00:00,0.010140
2026-06-06T13:30:00+00:00,0.014100
2026-06-06T13:45:00+00:00,0.032870
2026-06-06T14:00:00+00:00,0.012180
2026-06-06T14:15:00+00:00,0.038150
2026-06-06T14:30:00+00:00,0.052150
2026-06-06T14:45:00+00:00,0.066140
2026-06-06T15:00:00+00:00,0.067340
2026-06-06T15:15:00+00:00,0.085080
2026-06-06T15:30:00+00:00,0.102370
2026-06-06T15:45:00+00:00,0.121920
2026-06-06T16:00:00+00:00,0.113110
2026-06-06T16:15:00+00:00,0.119700
2026-06-06T16:30:00+00:00,0.126720
2026-06-06T16:45:00+00:00,0.116870
2026-06-06T17:00:00+00:00,0.116960
2026-06-06T17:15:00+00:00,0.126690
2026-06-06T17:30:00+00:00,0.130790
2026-06-06T17:45:00+00:00,0.146080
2026-06-06T18:00:00+00:00,0.138680
2026-06-06T18:15:00+00:00,0.142600
2026-06-06T18:30:00+00:00,0.152610
2026-06-06T18:45:00+00:00,0.156430
2026-06-06T19:00:00+00:00,0.150090
2026-06-06T19:15:00+00:00,0.141280
2026-06-06T19:30:00+00:00,0.139770
2026-06-06T19:45:00+00:00,0.137820
2026-06-06T20:00:00+00:00,0.130810
2026-06-06T20:15:00+00:00,0.122380
2026-06-06T20:30:00+00:00,0.130100
2026-06-06T20:45:00+00:00,0.122550
2026-06-06T21:00:00+00:00,0.115190
2026-06-06T21:15:00+00:00,0.110120
2026-06-06T21:30:00+00:00,0.109500
2026-06-06T21:45:00+00:00,0.102990
2026-06-06T22:00:00+00:00,0.107900
2026-06-06T22:15:00+00:00,0.097920
2026-06-06T22:30:00+00:00,0.095100
2026-06-06T22:45:00+00:00,0.091470
2026-06-06T23:00:00+00:00,0.095490
2026-06-06T23:15:00+00:00,0.088420
2026-06-06T23:30:00+00:00,0.089400
2026-06-06T23:45:00+00:00,0.081720
2026-06-07T00:00:00+00:00,0.087440
2026-06-07T00:15:00+00:00,0.083620
2026-06-07T00:30:00+00:00,0.082430
2026-06-07T00:45:00+00:00,0.074950
2026-06-07T01:00:00+00:00,0.081480
2026-06-07T01:15:00+00:00,0.073130
2026-06-07T01:30:00+00:00,0.070570
2026-06-07T01:45:00+00:00,0.062750
2026-06-07T02:00:00+00:00,0.066660
2026-06-07T02:15:00+00:00,0.061670
2026-06-07T02:30:00+00:00,0.057190
2026-06-07T02:45:00+00:00,0.050610
2026-06-07T03:00:00+00:00,0.053510
2026-06-07T03:15:00+00:00,0.043060
2026-06-07T03:30:00+00:00,0.032970
2026-06-07T03:45:00+00:00,0.010730
2026-06-07T04:00:00+00:00,0.008620
2026-06-07T04:15:00+00:00,0.005110
2026-06-07T04:30:00+00:00,0.004430
2026-06-07T04:45:00+00:00,0.002100
2026-06-07T05:00:00+00:00,0.001840
2026-06-07T05:15:00+00:00,0.000010
2026-06-07T05:30:00+00:00,0.000000
2026-06-07T05:45:00+00:00,-0.000010
2026-06-07T06:00:00+00:00,-0.000010
2026-06-07T06:15:00+00:00,-0.000050
2026-06-07T06:30:00+00:00,-0.000110
2026-06-07T06:45:00+00:00,-0.002040
2026-06-07T07:00:00+00:00,-0.001300
2026-06-07T07:15:00+00:00,-0.003400
2026-06-07T07:30:00+00:00,-0.005490
2026-06-07T07:45:00+00:00,-0.009990
2026-06-07T08:00:00+00:00,-0.004990
2026-06-07T08:15:00+00:00,-0.005460
2026-06-07T08:30:00+00:00,-0.009880
2026-06-07T08:45:00+00:00,-0.011670
2026-06-07T09:00:00+00:00,-0.012730
2026-06-07T09:15:00+00:00,-0.014600
2026-06-07T09:30:00+00:00,-0.014300
2026-06-07T09:45:00+00:00,-0.014570
2026-06-07T10:00:00+00:00,-0.014990
2026-06-07T10:15:00+00:00,-0.019000
2026-06-07T10:30:00+00:00,-0.019000
2026-06-07T10:45:00+00:00,-0.020060
2026-06-07T11:00:00+00:00,-0.023400
2026-06-07T11:15:00+00:00,-0.029990
2026-06-07T11:30:00+00:00,-0.040080
2026-06-07T11:45:00+00:00,-0.050200
2026-06-07T12:00:00+00:00,-0.044010
2026-06-07T12:15:00+00:00,-0.045410
2026-06-07T12:30:00+00:00,-0.044430
2026-06-07T12:45:00+00:00,-0.045000
2026-06-07T13:00:00+00:00,-0.050000
2026-06-07T13:15:00+00:00,-0.040100
2026-06-07T13:30:00+00:00,-0.031740
2026-06-07T13:45:00+00:00,-0.023830
2026-06-07T14:00:00+00:00,-0.028040
2026-06-07T14:15:00+00:00,-0.017940
2026-06-07T14:30:00+00:00,-0.012780
2026-06-07T14:45:00+00:00,-0.005030
2026-06-07T15:00:00+00:00,-0.003410
2026-06-07T15:15:00+00:00,-0.001000
2026-06-07T15:30:00+00:00,-0.000100
2026-06-07T15:45:00+00:00,0.000080
2026-06-07T16:00:00+00:00,0.000220
2026-06-07T16:15:00+00:00,0.018940
2026-06-07T16:30:00+00:00,0.069800
2026-06-07T16:45:00+00:00,0.106580
2026-06-07T17:00:00+00:00,0.073020
2026-06-07T17:15:00+00:00,0.100870
2026-06-07T17:30:00+00:00,0.115390
2026-06-07T17:45:00+00:00,0.120800
2026-06-07T18:00:00+00:00,0.125900
2026-06-07T18:15:00+00:00,0.127570
2026-06-07T18:30:00+00:00,0.129280
2026-06-07T18:45:00+00:00,0.136200
2026-06-07T19:00:00+00:00,0.132750
2026-06-07T19:15:00+00:00,0.134880
2026-06-07T19:30:00+00:00,0.139900
2026-06-07T19:45:00+00:00,0.144020
2026-06-07T20:00:00+00:00,0.146120
2026-06-07T20:15:00+00:00,0.145870
2026-06-07T20:30:00+00:00,0.139530
2026-06-07T20:45:00+00:00,0.137840
2026-06-07T21:00:00+00:00,0.149630
2026-06-07T21:15:00+00:00,0.139100
2026-06-07T21:30:00+00:00,0.136200
2026-06-07T21:45:00+00:00,0.141770
2026-06-07T22:00:00+00:00,0.151590
2026-06-07T22:15:00+00:00,0.137780
2026-06-07T22:30:00+00:00,0.133380
2026-06-07T22:45:00+00:00,0.129300
2026-06-07T23:00:00+00:00,0.140090
2026-06-07T23:15:00+00:00,0.130350
2026-06-07T23:30:00+00:00,0.129620
2026-06-07T23:45:00+00:00,0.124860
2026-06-08T00:00:00+00:00,0.133580
2026-06-08T00:15:00+00:00,0.128870
2026-06-08T00:30:00+00:00,0.130800
2026-06-08T00:45:00+00:00,0.130800
2026-06-08T01:00:00+00:00,0.127570
2026-06-08T01:15:00+00:00,0.125300
2026-06-08T01:30:00+00:00,0.124600
2026-06-08T01:45:00+00:00,0.125850
2026-06-08T02:00:00+00:00,0.130240
2026-06-08T02:15:00+00:00,0.129120
2026-06-08T02:30:00+00:00,0.128880
2026-06-08T02:45:00+00:00,0.131760
2026-06-08T03:00:00+00:00,0.133610
2026-06-08T03:15:00+00:00,0.135240
2026-06-08T03:30:00+00:00,0.143420
2026-06-08T03:45:00+00:00,0.150040
2026-06-08T04:00:00+00:00,0.155100
2026-06-08T04:15:00+00:00,0.158230
2026-06-08T04:30:00+00:00,0.157780
2026-06-08T04:45:00+00:00,0.149950
2026-06-08T05:00:00+00:00,0.171510
2026-06-08T05:15:00+00:00,0.151730
2026-06-08T05:30:00+00:00,0.144170
2026-06-08T05:45:00+00:00,0.132100
2026-06-08T06:00:00+00:00,0.146880
2026-06-08T06:15:00+00:00,0.132220
2026-06-08T06:30:00+00:00,0.120980
2026-06-08T06:45:00+00:00,0.114850
2026-06-08T07:00:00+00:00,0.130240
2026-06-08T07:15:00+00:00,0.120130
2026-06-08T07:30:00+00:00,0.115790
2026-06-08T07:45:00+00:00,0.102700
2026-06-08T08:00:00+00:00,0.134270
2026-06-08T08:15:00+00:00,0.117190
2026-06-08T08:30:00+00:00,0.095860
2026-06-08T08:45:00+00:00,0.077010
2026-06-08T09:00:00+00:00,0.092080
2026-06-08T09:15:00+00:00,0.081590
2026-06-08T09:30:00+00:00,0.071020
2026-06-08T09:45:00+00:00,0.062990
2026-06-08T10:00:00+00:00,0.084210
2026-06-08T10:15:00+00:00,0.079460
2026-06-08T10:30:00+00:00,0.073650
2026-06-08T10:45:00+00:00,0.075070
2026-06-08T11:00:00+00:00,0.081960
2026-06-08T11:15:00+00:00,0.082710
2026-06-08T11:30:00+00:00,0.080570
2026-06-08T11:45:00+00:00,0.072280
2026-06-08T12:00:00+00:00,0.079210
2026-06-08T12:15:00+00:00,0.080010
2026-06-08T12:30:00+00:00,0.083330
2026-06-08T12:45:00+00:00,0.088810
2026-06-08T13:00:00+00:00,0.080130
2026-06-08T13:15:00+00:00,0.087110
2026-06-08T13:30:00+00:00,0.097220
2026-06-08T13:45:00+00:00,0.113940
2026-06-08T14:00:00+00:00,0.090630
2026-06-08T14:15:00+00:00,0.098680
2026-06-08T14:30:00+00:00,0.107510
2026-06-08T14:45:00+00:00,0.111970
2026-06-08T15:00:00+00:00,0.112140
2026-06-08T15:15:00+00:00,0.117310
2026-06-08T15:30:00+00:00,0.123530
2026-06-08T15:45:00+00:00,0.146400
2026-06-08T16:00:00+00:00,0.127790
2026-06-08T16:15:00+00:00,0.130100
2026-06-08T16:30:00+00:00,0.145490
2026-06-08T16:45:00+00:00,0.175020
2026-06-08T17:00:00+00:00,0.160750
2026-06-08T17:15:00+00:00,0.181640
2026-06-08T17:30:00+00:00,0.186430
2026-06-08T17:45:00+00:00,0.227300
2026-06-08T18:00:00+00:00,0.198630
2026-06-08T18:15:00+00:00,0.207390
2026-06-08T18:30:00+00:00,0.211540
2026-06-08T18:45:00+00:00,0.208970
2026-06-08T19:00:00+00:00,0.217860
2026-06-08T19:15:00+00:00,0.195250
2026-06-08T19:30:00+00:00,0.175820
2026-06-08T19:45:00+00:00,0.158010
2026-06-08T20:00:00+00:00,0.184090
2026-06-08T20:15:00+00:00,0.160000
2026-06-08T20:30:00+00:00,0.141400
2026-06-08T20:45:00+00:00,0.137380
2026-06-08T21:00:00+00:00,0.129690
2026-06-08T21:15:00+00:00,0.121410
2026-06-08T21:30:00+00:00,0.124760
2026-06-08T21:45:00+00:00,0.115670
2026-06-08T22:00:00+00:00,0.135540
2026-06-08T22:15:00+00:00,0.121440
2026-06-08T22:30:00+00:00,0.118140
2026-06-08T22:45:00+00:00,0.109630
2026-06-08T23:00:00+00:00,0.118070
2026-06-08T23:15:00+00:00,0.113910
2026-06-08T23:30:00+00:00,0.114410
2026-06-08T23:45:00+00:00,0.111590
2026-06-09T00:00:00+00:00,0.111130
2026-06-09T00:15:00+00:00,0.106610
2026-06-09T00:30:00+00:00,0.107360
2026-06-09T00:45:00+00:00,0.103480
2026-06-09T01:00:00+00:00,0.106010
2026-06-09T01:15:00+00:00,0.102550
2026-06-09T01:30:00+00:00,0.102420
2026-06-09T01:45:00+00:00,0.100950
2026-06-09T02:00:00+00:00,0.101020
2026-06-09T02:15:00+00:00,0.099990
2026-06-09T02:30:00+00:00,0.102450
2026-06-09T02:45:00+00:00,0.102570
2026-06-09T03:00:00+00:00,0.104760
2026-06-09T03:15:00+00:00,0.105960
2026-06-09T03:30:00+00:00,0.105980
2026-06-09T03:45:00+00:00,0.109610
2026-06-09T04:00:00+00:00,0.115490
2026-06-09T04:15:00+00:00,0.121540
2026-06-09T04:30:00+00:00,0.126280
2026-06-09T04:45:00+00:00,0.124020
2026-06-09T05:00:00+00:00,0.132690
2026-06-09T05:15:00+00:00,0.128930
2026-06-09T05:30:00+00:00,0.127880
2026-06-09T05:45:00+00:00,0.121930
2026-06-09T06:00:00+00:00,0.133020
2026-06-09T06:15:00+00:00,0.121020
2026-06-09T06:30:00+00:00,0.116410
2026-06-09T06:45:00+00:00,0.104510
2026-06-09T07:00:00+00:00,0.115470
2026-06-09T07:15:00+00:00,0.098950
2026-06-09T07:30:00+00:00,0.092580
2026-06-09T07:45:00+00:00,0.075360
2026-06-09T08:00:00+00:00,0.085400
2026-06-09T08:15:00+00:00,0.073300
2026-06-09T08:30:00+00:00,0.067240
2026-06-09T08:45:00+00:00,0.054960
2026-06-09T09:00:00+00:00,0.069730
2026-06-09T09:15:00+00:00,0.055470
2026-06-09T09:30:00+00:00,0.046970
2026-06-09T09:45:00+00:00,0.033700
2026-06-09T10:00:00+00:00,0.042500
2026-06-09T10:15:00+00:00,0.024100
2026-06-09T10:30:00+00:00,0.013040
2026-06-09T10:45:00+00:00,0.006370
2026-06-09T11:00:00+00:00,0.006290
2026-06-09T11:15:00+00:00,0.003830
2026-06-09T11:30:00+00:00,0.002100
2026-06-09T11:45:00+00:00,0.000000
2026-06-09T12:00:00+00:00,0.000100
2026-06-09T12:15:00+00:00,0.000000
2026-06-09T12:30:00+00:00,-0.000140
2026-06-09T12:45:00+00:00,0.000000
2026-06-09T13:00:00+00:00,-0.000940
2026-06-09T13:15:00+00:00,-0.000260
2026-06-09T13:30:00+00:00,0.000370
2026-06-09T13:45:00+00:00,0.003130
2026-06-09T14:00:00+00:00,0.000000
2026-06-09T14:15:00+00:00,0.007730
2026-06-09T14:30:00+00:00,0.035380
2026-06-09T14:45:00+00:00,0.056910
2026-06-09T15:00:00+00:00,0.024450
2026-06-09T15:15:00+00:00,0.062010
2026-06-09T15:30:00+00:00,0.080500
2026-06-09T15:45:00+00:00,0.092870
2026-06-09T16:00:00+00:00,0.080730
2026-06-09T16:15:00+00:00,0.096760
2026-06-09T16:30:00+00:00,0.112100
2026-06-09T16:45:00+00:00,0.125240
2026-06-09T17:00:00+00:00,0.109540
2026-06-09T17:15:00+00:00,0.126060
2026-06-09T17:30:00+00:00,0.132720
2026-06-09T17:45:00+00:00,0.131630
2026-06-09T18:00:00+00:00,0.130080
2026-06-09T18:15:00+00:00,0.142470
2026-06-09T18:30:00+00:00,0.152880
2026-06-09T18:45:00+00:00,0.164120
2026-06-09T19:00:00+00:00,0.149610
2026-06-09T19:15:00+00:00,0.155000
2026-06-09T19:30:00+00:00,0.157700
2026-06-09T19:45:00+00:00,0.151680
2026-06-09T20:00:00+00:00,0.150690
2026-06-09T20:15:00+00:00,0.149990
2026-06-09T20:30:00+00:00,0.143950
2026-06-09T20:45:00+00:00,0.133370
2026-06-09T21:00:00+00:00,0.136460
2026-06-09T21:15:00+00:00,0.127450
2026-06-09T21:30:00+00:00,0.126670
2026-06-09T21:45:00+00:00,0.119210
2026-06-09T22:00:00+00:00,0.123760
2026-06-09T22:15:00+00:00,0.120680
2026-06-09T22:30:00+00:00,0.117510
2026-06-09T22:45:00+00:00,0.111220
2026-06-09T23:00:00+00:00,0.116990
2026-06-09T23:15:00+00:00,0.112900
2026-06-09T23:30:00+00:00,0.110100
2026-06-09T23:45:00+00:00,0.106200
2026-06-10T00:00:00+00:00,0.108450
2026-06-10T00:15:00+00:00,0.104340
2026-06-10T00:30:00+00:00,0.103900
2026-06-10T00:45:00+00:00,0.100280
2026-06-10T01:00:00+00:00,0.100560
2026-06-10T01:15:00+00:00,0.102030
2026-06-10T01:30:00+00:00,0.102050
2026-06-10T01:45:00+00:00,0.102090
2026-06-10T02:00:00+00:00,0.099250
2026-06-10T02:15:00+00:00,0.101000
2026-06-10T02:30:00+00:00,0.105450
2026-06-10T02:45:00+00:00,0.106630
2026-06-10T03:00:00+00:00,0.104690
2026-06-10T03:15:00+00:00,0.109870
2026-06-10T03:30:00+00:00,0.111060
2026-06-10T03:45:00+00:00,0.118120
2026-06-10T04:00:00+00:00,0.119210
2026-06-10T04:15:00+00:00,0.126150
2026-06-10T04:30:00+00:00,0.126550
2026-06-10T04:45:00+00:00,0.124690
2026-06-10T05:00:00+00:00,0.132520
2026-06-10T05:15:00+00:00,0.131220
2026-06-10T05:30:00+00:00,0.129400
2026-06-10T05:45:00+00:00,0.126480
2026-06-10T06:00:00+00:00,0.134820
2026-06-10T06:15:00+00:00,0.124490
2026-06-10T06:30:00+00:00,0.117830
2026-06-10T06:45:00+00:00,0.097090
2026-06-10T07:00:00+00:00,0.113620
2026-06-10T07:15:00+00:00,0.098160
2026-06-10T07:30:00+00:00,0.085940
2026-06-10T07:45:00+00:00,0.082150
2026-06-10T08:00:00+00:00,0.089580
2026-06-10T08:15:00+00:00,0.079770
2026-06-10T08:30:00+00:00,0.078520
2026-06-10T08:45:00+00:00,0.064930
2026-06-10T09:00:00+00:00,0.071590
2026-06-10T09:15:00+00:00,0.066200
2026-06-10T09:30:00+00:00,0.061100
2026-06-10T09:45:00+00:00,0.055860
2026-06-10T10:00:00+00:00,0.060350
2026-06-10T10:15:00+00:00,0.055640
2026-06-10T10:30:00+00:00,0.059760
2026-06-10T10:45:00+00:00,0.061360
2026-06-10T11:00:00+00:00,0.062640
2026-06-10T11:15:00+00:00,0.062380
2026-06-10T11:30:00+00:00,0.062200
2026-06-10T11:45:00+00:00,0.060480
2026-06-10T12:00:00+00:00,0.060560
2026-06-10T12:15:00+00:00,0.062320
2026-06-10T12:30:00+00:00,0.071140
2026-06-10T12:45:00+00:00,0.080070
2026-06-10T13:00:00+00:00,0.064260
2026-06-10T13:15:00+00:00,0.078440
2026-06-10T13:30:00+00:00,0.080000
2026-06-10T13:45:00+00:00,0.089530
2026-06-10T14:00:00+00:00,0.076980
2026-06-10T14:15:00+00:00,0.086680
2026-06-10T14:30:00+00:00,0.097790
2026-06-10T14:45:00+00:00,0.111010
2026-06-10T15:00:00+00:00,0.095610
2026-06-10T15:15:00+00:00,0.108060
2026-06-10T15:30:00+00:00,0.119510
2026-06-10T15:45:00+00:00,0.131300
2026-06-10T16:00:00+00:00,0.111410
2026-06-10T16:15:00+00:00,0.125300
2026-06-10T16:30:00+00:00,0.135310
2026-06-10T16:45:00+00:00,0.137000
2026-06-10T17:00:00+00:00,0.132200
2026-06-10T17:15:00+00:00,0.149500
2026-06-10T17:30:00+00:00,0.158540
2026-06-10T17:45:00+00:00,0.194990
2026-06-10T18:00:00+00:00,0.162760
2026-06-10T18:15:00+00:00,0.184480
2026-06-10T18:30:00+00:00,0.211430
2026-06-10T18:45:00+00:00,0.239680
2026-06-10T19:00:00+00:00,0.224000
2026-06-10T19:15:00+00:00,0.208850
2026-06-10T19:30:00+00:00,0.195640
2026-06-10T19:45:00+00:00,0.186320
2026-06-10T20:00:00+00:00,0.192370
2026-06-10T20:15:00+00:00,0.177950
2026-06-10T20:30:00+00:00,0.162820
2026-06-10T20:45:00+00:00,0.147090
2026-06-10T21:00:00+00:00,0.169800
2026-06-10T21:15:00+00:00,0.149990
2026-06-10T21:30:00+00:00,0.146650
2026-06-10T21:45:00+00:00,0.136520
2026-06-10T22:00:00+00:00,0.150780
2026-06-10T22:15:00+00:00,0.143170
2026-06-10T22:30:00+00:00,0.143660
2026-06-10T22:45:00+00:00,0.139230
2026-06-10T23:00:00+00:00,0.138470
2026-06-10T23:15:00+00:00,0.133630
2026-06-10T23:30:00+00:00,0.130860
2026-06-10T23:45:00+00:00,0.127570
2026-06-11T00:00:00+00:00,0.128340
2026-06-11T00:15:00+00:00,0.124680
2026-06-11T00:30:00+00:00,0.122990
2026-06-11T00:45:00+00:00,0.121860
2026-06-11T01:00:00+00:00,0.125310
2026-06-11T01:15:00+00:00,0.121900
2026-06-11T01:30:00+00:00,0.122470
2026-06-11T01:45:00+00:00,0.120420
2026-06-11T02:00:00+00:00,0.123090
2026-06-11T02:15:00+00:00,0.122480
2026-06-11T02:30:00+00:00,0.121840
2026-06-11T02:45:00+00:00,0.123550
2026-06-11T03:00:00+00:00,0.123050
2026-06-11T03:15:00+00:00,0.122140
2026-06-11T03:30:00+00:00,0.125900
2026-06-11T03:45:00+00:00,0.128350
2026-06-11T04:00:00+00:00,0.138790
2026-06-11T04:15:00+00:00,0.142510
2026-06-11T04:30:00+00:00,0.140430
2026-06-11T04:45:00+00:00,0.140180
2026-06-11T05:00:00+00:00,0.159200
2026-06-11T05:15:00+00:00,0.143830
2026-06-11T05:30:00+00:00,0.139030
2026-06-11T05:45:00+00:00,0.130670
2026-06-11T06:00:00+00:00,0.146130
2026-06-11T06:15:00+00:00,0.138390
2026-06-11T06:30:00+00:00,0.126970
2026-06-11T06:45:00+00:00,0.111620
2026-06-11T07:00:00+00:00,0.119660
2026-06-11T07:15:00+00:00,0.119060
2026-06-11T07:30:00+00:00,0.115240
2026-06-11T07:45:00+00:00,0.098840
2026-06-11T08:00:00+00:00,0.100440
2026-06-11T08:15:00+00:00,0.093010
2026-06-11T08:30:00+00:00,0.092180
2026-06-11T08:45:00+00:00,0.088050
2026-06-11T09:00:00+00:00,0.090000
2026-06-11T09:15:00+00:00,0.079830
2026-06-11T09:30:00+00:00,0.070640
2026-06-11T09:45:00+00:00,0.060550
2026-06-11T10:00:00+00:00,0.076620
2026-06-11T10:15:00+00:00,0.064210
2026-06-11T10:30:00+00:00,0.057200
2026-06-11T10:45:00+00:00,0.058220
2026-06-11T11:00:00+00:00,0.056280
2026-06-11T11:15:00+00:00,0.067700
2026-06-11T11:30:00+00:00,0.055890
2026-06-11T11:45:00+00:00,0.044970
2026-06-11T12:00:00+00:00,0.047370
2026-06-11T12:15:00+00:00,0.050400
2026-06-11T12:30:00+00:00,0.046920
2026-06-11T12:45:00+00:00,0.046870
2026-06-11T13:00:00+00:00,0.058780
2026-06-11T13:15:00+00:00,0.070100
2026-06-11T13:30:00+00:00,0.065320
2026-06-11T13:45:00+00:00,0.076400
2026-06-11T14:00:00+00:00,0.064740
2026-06-11T14:15:00+00:00,0.072040
2026-06-11T14:30:00+00:00,0.085100
2026-06-11T14:45:00+00:00,0.098370
2026-06-11T15:00:00+00:00,0.086030
2026-06-11T15:15:00+00:00,0.100100
2026-06-11T15:30:00+00:00,0.108050
2026-06-11T15:45:00+00:00,0.114150
2026-06-11T16:00:00+00:00,0.113940
2026-06-11T16:15:00+00:00,0.118670
2026-06-11T16:30:00+00:00,0.128050
2026-06-11T16:45:00+00:00,0.145350
2026-06-11T17:00:00+00:00,0.124430
2026-06-11T17:15:00+00:00,0.135350
2026-06-11T17:30:00+00:00,0.148090
2026-06-11T17:45:00+00:00,0.154440
2026-06-11T18:00:00+00:00,0.146220
2026-06-11T18:15:00+00:00,0.154910
2026-06-11T18:30:00+00:00,0.158970
2026-06-11T18:45:00+00:00,0.162980
2026-06-11T19:00:00+00:00,0.162070
2026-06-11T19:15:00+00:00,0.154100
2026-06-11T19:30:00+00:00,0.144420
2026-06-11T19:45:00+00:00,0.126650
2026-06-11T20:00:00+00:00,0.137550
2026-06-11T20:15:00+00:00,0.128750
2026-06-11T20:30:00+00:00,0.120100
2026-06-11T20:45:00+00:00,0.107710
2026-06-11T21:00:00+00:00,0.120100
2026-06-11T21:15:00+00:00,0.109270
2026-06-11T21:30:00+00:00,0.103430
2026-06-11T21:45:00+00:00,0.090430
2026-06-11T22:00:00+00:00,0.117990
2026-06-11T22:15:00+00:00,0.113370
2026-06-11T22:30:00+00:00,0.107300
2026-06-11T22:45:00+00:00,0.098210
2026-06-11T23:00:00+00:00,0.106750
2026-06-11T23:15:00+00:00,0.100710
2026-06-11T23:30:00+00:00,0.093350
2026-06-11T23:45:00+00:00,0.083730
2026-06-12T00:00:00+00:00,0.095110
2026-06-12T00:15:00+00:00,0.089500
2026-06-12T00:30:00+00:00,0.087270
2026-06-12T00:45:00+00:00,0.080230
2026-06-12T01:00:00+00:00,0.084430
2026-06-12T01:15:00+00:00,0.082300
2026-06-12T01:30:00+00:00,0.081000
2026-06-12T01:45:00+00:00,0.081370
2026-06-12T02:00:00+00:00,0.080100
2026-06-12T02:15:00+00:00,0.082150
2026-06-12T02:30:00+00:00,0.083060
2026-06-12T02:45:00+00:00,0.086040
2026-06-12T03:00:00+00:00,0.079040
2026-06-12T03:15:00+00:00,0.082000
2026-06-12T03:30:00+00:00,0.087090
2026-06-12T03:45:00+00:00,0.095650
2026-06-12T04:00:00+00:00,0.097200
2026-06-12T04:15:00+00:00,0.108530
2026-06-12T04:30:00+00:00,0.108270
2026-06-12T04:45:00+00:00,0.111290
2026-06-12T05:00:00+00:00,0.113730
2026-06-12T05:15:00+00:00,0.115230
2026-06-12T05:30:00+00:00,0.113880
2026-06-12T05:45:00+00:00,0.113500
2026-06-12T06:00:00+00:00,0.125710
2026-06-12T06:15:00+00:00,0.119520
2026-06-12T06:30:00+00:00,0.114580
2026-06-12T06:45:00+00:00,0.113010
2026-06-12T07:00:00+00:00,0.123190
2026-06-12T07:15:00+00:00,0.114350
2026-06-12T07:30:00+00:00,0.108130
2026-06-12T07:45:00+00:00,0.101520
2026-06-12T08:00:00+00:00,0.105090
2026-06-12T08:15:00+00:00,0.095150
2026-06-12T08:30:00+00:00,0.089840
2026-06-12T08:45:00+00:00,0.086610
2026-06-12T09:00:00+00:00,0.087160
2026-06-12T09:15:00+00:00,0.083820
2026-06-12T09:30:00+00:00,0.082030
2026-06-12T09:45:00+00:00,0.077700
2026-06-12T10:00:00+00:00,0.076000
2026-06-12T10:15:00+00:00,0.072150
2026-06-12T10:30:00+00:00,0.075330
2026-06-12T10:45:00+00:00,0.072580
2026-06-12T11:00:00+00:00,0.064250
2026-06-12T11:15:00+00:00,0.063200
2026-06-12T11:30:00+00:00,0.061250
2026-06-12T11:45:00+00:00,0.057100
2026-06-12T12:00:00+00:00,0.034510
2026-06-12T12:15:00+00:00,0.036210
2026-06-12T12:30:00+00:00,0.041100
2026-06-12T12:45:00+00:00,0.049310
2026-06-12T13:00:00+00:00,0.045050
2026-06-12T13:15:00+00:00,0.043980
2026-06-12T13:30:00+00:00,0.049710
2026-06-12T13:45:00+00:00,0.053600
2026-06-12T14:00:00+00:00,0.046060
2026-06-12T14:15:00+00:00,0.055020
2026-06-12T14:30:00+00:00,0.062330
2026-06-12T14:45:00+00:00,0.075090
2026-06-12T15:00:00+00:00,0.052900
2026-06-12T15:15:00+00:00,0.064740
2026-06-12T15:30:00+00:00,0.072600
2026-06-12T15:45:00+00:00,0.084420
2026-06-12T16:00:00+00:00,0.075080
2026-06-12T16:15:00+00:00,0.084570
2026-06-12T16:30:00+00:00,0.100350
2026-06-12T16:45:00+00:00,0.104790
2026-06-12T17:00:00+00:00,0.097070
2026-06-12T17:15:00+00:00,0.104390
2026-06-12T17:30:00+00:00,0.108560
2026-06-12T17:45:00+00:00,0.111710
2026-06-12T18:00:00+00:00,0.104810
2026-06-12T18:15:00+00:00,0.106010
2026-06-12T18:30:00+00:00,0.106770
2026-06-12T18:45:00+00:00,0.109790
2026-06-12T19:00:00+00:00,0.109690
2026-06-12T19:15:00+00:00,0.109990
2026-06-12T19:30:00+00:00,0.109640
2026-06-12T19:45:00+00:00,0.108310
2026-06-12T20:00:00+00:00,0.113120
2026-06-12T20:15:00+00:00,0.112730
2026-06-12T20:30:00+00:00,0.112370
2026-06-12T20:45:00+00:00,0.106300
2026-06-12T21:00:00+00:00,0.107780
2026-06-12T21:15:00+00:00,0.101690
2026-06-12T21:30:00+00:00,0.100100
2026-06-12T21:45:00+00:00,0.093650
2026-06-12T22:00:00+00:00,0.108990
2026-06-12T22:15:00+00:00,0.089950
2026-06-12T22:30:00+00:00,0.078440
2026-06-12T22:45:00+00:00,0.066980
2026-06-12T23:00:00+00:00,0.085890
2026-06-12T23:15:00+00:00,0.077710
2026-06-12T23:30:00+00:00,0.071890
2026-06-12T23:45:00+00:00,0.060100
2026-06-13T00:00:00+00:00,0.071220
2026-06-13T00:15:00+00:00,0.063960
2026-06-13T00:30:00+00:00,0.060980
2026-06-13T00:45:00+00:00,0.058270
2026-06-13T01:00:00+00:00,0.064590
2026-06-13T01:15:00+00:00,0.059900
2026-06-13T01:30:00+00:00,0.060100
2026-06-13T01:45:00+00:00,0.056260
2026-06-13T02:00:00+00:00,0.066310
2026-06-13T02:15:00+00:00,0.063630
2026-06-13T02:30:00+00:00,0.059090
2026-06-13T02:45:00+00:00,0.058000
2026-06-13T03:00:00+00:00,0.066790
2026-06-13T03:15:00+00:00,0.057490
2026-06-13T03:30:00+00:00,0.044310
2026-06-13T03:45:00+00:00,0.036710
2026-06-13T04:00:00+00:00,0.045660
2026-06-13T04:15:00+00:00,0.034340
2026-06-13T04:30:00+00:00,0.026790
2026-06-13T04:45:00+00:00,0.015360
2026-06-13T05:00:00+00:00,0.030680
2026-06-13T05:15:00+00:00,0.014840
2026-06-13T05:30:00+00:00,0.007000
2026-06-13T05:45:00+00:00,0.002100
2026-06-13T06:00:00+00:00,0.001400
2026-06-13T06:15:00+00:00,0.000000
2026-06-13T06:30:00+00:00,-0.000010
2026-06-13T06:45:00+00:00,-0.000080
2026-06-13T07:00:00+00:00,-0.000080
2026-06-13T07:15:00+00:00,-0.000280
2026-06-13T07:30:00+00:00,-0.002000
2026-06-13T07:45:00+00:00,-0.002070
2026-06-13T08:00:00+00:00,-0.002010
2026-06-13T08:15:00+00:00,-0.003240
2026-06-13T08:30:00+00:00,-0.005010
2026-06-13T08:45:00+00:00,-0.009410
2026-06-13T09:00:00+00:00,-0.009980
2026-06-13T09:15:00+00:00,-0.014900
2026-06-13T09:30:00+00:00,-0.017900
2026-06-13T09:45:00+00:00,-0.019950
2026-06-13T10:00:00+00:00,-0.019940
2026-06-13T10:15:00+00:00,-0.024810
2026-06-13T10:30:00+00:00,-0.029940
2026-06-13T10:45:00+00:00,-0.035000
2026-06-13T11:00:00+00:00,-0.035490
2026-06-13T11:15:00+00:00,-0.045010
2026-06-13T11:30:00+00:00,-0.049980
2026-06-13T11:45:00+00:00,-0.052990
2026-06-13T12:00:00+00:00,-0.046520
2026-06-13T12:15:00+00:00,-0.046520
2026-06-13T12:30:00+00:00,-0.045000
2026-06-13T12:45:00+00:00,-0.041950
2026-06-13T13:00:00+00:00,-0.036790
2026-06-13T13:15:00+00:00,-0.034000
2026-06-13T13:30:00+00:00,-0.029970
2026-06-13T13:45:00+00:00,-0.025320
2026-06-13T14:00:00+00:00,-0.024940
2026-06-13T14:15:00+00:00,-0.019860
2026-06-13T14:30:00+00:00,-0.017810
2026-06-13T14:45:00+00:00,-0.013500
2026-06-13T15:00:00+00:00,-0.008900
2026-06-13T15:15:00+00:00,-0.004760
2026-06-13T15:30:00+00:00,-0.001860
2026-06-13T15:45:00+00:00,-0.000800
2026-06-13T16:00:00+00:00,-0.000610
2026-06-13T16:15:00+00:00,-0.000750
2026-06-13T16:30:00+00:00,0.000640
2026-06-13T16:45:00+00:00,0.003330
2026-06-13T17:00:00+00:00,0.005000
2026-06-13T17:15:00+00:00,0.022050
2026-06-13T17:30:00+00:00,0.050350
2026-06-13T17:45:00+00:00,0.063280
2026-06-13T18:00:00+00:00,0.047390
2026-06-13T18:15:00+00:00,0.080100
2026-06-13T18:30:00+00:00,0.107370
2026-06-13T18:45:00+00:00,0.130620
2026-06-13T19:00:00+00:00,0.094880
2026-06-13T19:15:00+00:00,0.100100
2026-06-13T19:30:00+00:00,0.110000
2026-06-13T19:45:00+00:00,0.126700
2026-06-13T20:00:00+00:00,0.115300
2026-06-13T20:15:00+00:00,0.121300
2026-06-13T20:30:00+00:00,0.123950
2026-06-13T20:45:00+00:00,0.104410
2026-06-13T21:00:00+00:00,0.125110
2026-06-13T21:15:00+00:00,0.107290
2026-06-13T21:30:00+00:00,0.100100
2026-06-13T21:45:00+00:00,0.100100
2026-06-13T22:00:00+00:00,0.114820
2026-06-13T22:15:00+00:00,0.090830
2026-06-13T22:30:00+00:00,0.062800
2026-06-13T22:45:00+00:00,0.046140
2026-06-13T23:00:00+00:00,0.064000
2026-06-13T23:15:00+00:00,0.053570
2026-06-13T23:30:00+00:00,0.047360
2026-06-13T23:45:00+00:00,0.039440
2026-06-14T00:00:00+00:00,0.046000
2026-06-14T00:15:00+00:00,0.035370
2026-06-14T00:30:00+00:00,0.029360
2026-06-14T00:45:00+00:00,0.030150
2026-06-14T01:00:00+00:00,0.030810
2026-06-14T01:15:00+00:00,0.027320
2026-06-14T01:30:00+00:00,0.029880
2026-06-14T01:45:00+00:00,0.028710
2026-06-14T02:00:00+00:00,0.026810
2026-06-14T02:15:00+00:00,0.025800
2026-06-14T02:30:00+00:00,0.028080
2026-06-14T02:45:00+00:00,0.029520
2026-06-14T03:00:00+00:00,0.025700
2026-06-14T03:15:00+00:00,0.020750
2026-06-14T03:30:00+00:00,0.021750
2026-06-14T03:45:00+00:00,0.018560
2026-06-14T04:00:00+00:00,0.013860
2026-06-14T04:15:00+00:00,0.009900
2026-06-14T04:30:00+00:00,0.005480
2026-06-14T04:45:00+00:00,0.001780
2026-06-14T05:00:00+00:00,0.001880
2026-06-14T05:15:00+00:00,0.000000
2026-06-14T05:30:00+00:00,-0.000010
2026-06-14T05:45:00+00:00,-0.000030
2026-06-14T06:00:00+00:00,-0.000010
2026-06-14T06:15:00+00:00,-0.000090
2026-06-14T06:30:00+00:00,-0.000190
2026-06-14T06:45:00+00:00,-0.001100
2026-06-14T07:00:00+00:00,-0.001270
2026-06-14T07:15:00+00:00,-0.002010
2026-06-14T07:30:00+00:00,-0.003050
2026-06-14T07:45:00+00:00,-0.005000
2026-06-14T08:00:00+00:00,-0.003470
2026-06-14T08:15:00+00:00,-0.005000
2026-06-14T08:30:00+00:00,-0.007010
2026-06-14T08:45:00+00:00,-0.010000
2026-06-14T09:00:00+00:00,-0.007300
2026-06-14T09:15:00+00:00,-0.008010
2026-06-14T09:30:00+00:00,-0.010010
2026-06-14T09:45:00+00:00,-0.011830
2026-06-14T10:00:00+00:00,-0.011870
2026-06-14T10:15:00+00:00,-0.014100
2026-06-14T10:30:00+00:00,-0.015000
2026-06-14T10:45:00+00:00,-0.019000
2026-06-14T11:00:00+00:00,-0.017010
2026-06-14T11:15:00+00:00,-0.020020
2026-06-14T11:30:00+00:00,-0.026700
2026-06-14T11:45:00+00:00,-0.029960
2026-06-14T12:00:00+00:00,-0.026080
2026-06-14T12:15:00+00:00,-0.025820
2026-06-14T12:30:00+00:00,-0.024040
2026-06-14T12:45:00+00:00,-0.023890
2026-06-14T13:00:00+00:00,-0.021740
2026-06-14T13:15:00+00:00,-0.019780
2026-06-14T13:30:00+00:00,-0.019710
2026-06-14T13:45:00+00:00,-0.017900
2026-06-14T14:00:00+00:00,-0.014720
2026-06-14T14:15:00+00:00,-0.009970
2026-06-14T14:30:00+00:00,-0.007370
2026-06-14T14:45:00+00:00,-0.004290
2026-06-14T15:00:00+00:00,-0.004840
2026-06-14T15:15:00+00:00,-0.001290
2026-06-14T15:30:00+00:00,-0.000100
2026-06-14T15:45:00+00:00,-0.000470
2026-06-14T16:00:00+00:00,-0.000010
2026-06-14T16:15:00+00:00,0.000140
2026-06-14T16:30:00+00:00,0.004090
2026-06-14T16:45:00+00:00,0.018480
2026-06-14T17:00:00+00:00,0.031990
2026-06-14T17:15:00+00:00,0.054980
2026-06-14T17:30:00+00:00,0.089540
2026-06-14T17:45:00+00:00,0.103070
2026-06-14T18:00:00+00:00,0.088950
2026-06-14T18:15:00+00:00,0.108860
2026-06-14T18:30:00+00:00,0.140030
2026-06-14T18:45:00+00:00,0.177250
2026-06-14T19:00:00+00:00,0.113760
2026-06-14T19:15:00+00:00,0.127910
2026-06-14T19:30:00+00:00,0.137740
2026-06-14T19:45:00+00:00,0.146690
2026-06-14T20:00:00+00:00,0.126990
2026-06-14T20:15:00+00:00,0.122300
2026-06-14T20:30:00+00:00,0.139540
2026-06-14T20:45:00+00:00,0.119460
2026-06-14T21:00:00+00:00,0.123920
2026-06-14T21:15:00+00:00,0.112940
2026-06-14T21:30:00+00:00,0.127540
2026-06-14T21:45:00+00:00,0.112600
2026-06-14T22:00:00+00:00,0.124540
2026-06-14T22:15:00+00:00,0.109360
2026-06-14T22:30:00+00:00,0.102540
2026-06-14T22:45:00+00:00,0.092180
2026-06-14T23:00:00+00:00,0.106370
2026-06-14T23:15:00+00:00,0.099950
2026-06-14T23:30:00+00:00,0.093810
2026-06-14T23:45:00+00:00,0.082670
2026-06-15T00:00:00+00:00,0.090850
2026-06-15T00:15:00+00:00,0.081850
2026-06-15T00:30:00+00:00,0.091830
2026-06-15T00:45:00+00:00,0.093670
2026-06-15T01:00:00+00:00,0.092360
2026-06-15T01:15:00+00:00,0.093880
2026-06-15T01:30:00+00:00,0.093030
2026-06-15T01:45:00+00:00,0.088310
2026-06-15T02:00:00+00:00,0.088480
2026-06-15T02:15:00+00:00,0.086400
2026-06-15T02:30:00+00:00,0.088580
2026-06-15T02:45:00+00:00,0.094150
2026-06-15T03:00:00+00:00,0.081800
2026-06-15T03:15:00+00:00,0.093150
2026-06-15T03:30:00+00:00,0.098760
2026-06-15T03:45:00+00:00,0.106290
2026-06-15T04:00:00+00:00,0.105910
2026-06-15T04:15:00+00:00,0.112650
2026-06-15T04:30:00+00:00,0.113460
2026-06-15T04:45:00+00:00,0.109750
2026-06-15T05:00:00+00:00,0.123910
2026-06-15T05:15:00+00:00,0.123900
2026-06-15T05:30:00+00:00,0.118800
2026-06-15T05:45:00+00:00,0.103000
2026-06-15T06:00:00+00:00,0.143040
2026-06-15T06:15:00+00:00,0.118670
2026-06-15T06:30:00+00:00,0.122670
2026-06-15T06:45:00+00:00,0.106300
2026-06-15T07:00:00+00:00,0.175100
2026-06-15T07:15:00+00:00,0.110300
2026-06-15T07:30:00+00:00,0.084820
2026-06-15T07:45:00+00:00,0.043980
2026-06-15T08:00:00+00:00,0.088150
2026-06-15T08:15:00+00:00,0.050010
2026-06-15T08:30:00+00:00,0.030140
2026-06-15T08:45:00+00:00,0.005060
2026-06-15T09:00:00+00:00,0.009980
2026-06-15T09:15:00+00:00,0.004030
2026-06-15T09:30:00+00:00,0.001570
2026-06-15T09:45:00+00:00,0.006310
2026-06-15T10:00:00+00:00,0.000750
2026-06-15T10:15:00+00:00,0.000700
2026-06-15T10:30:00+00:00,0.000790
2026-06-15T10:45:00+00:00,0.000180
2026-06-15T11:00:00+00:00,-0.000400
2026-06-15T11:15:00+00:00,-0.000450
2026-06-15T11:30:00+00:00,-0.001210
2026-06-15T11:45:00+00:00,-0.001350
2026-06-15T12:00:00+00:00,-0.001470
2026-06-15T12:15:00+00:00,-0.001680
2026-06-15T12:30:00+00:00,-0.001600
2026-06-15T12:45:00+00:00,-0.001650
2026-06-15T13:00:00+00:00,-0.000660
2026-06-15T13:15:00+00:00,-0.000560
2026-06-15T13:30:00+00:00,-0.000240
2026-06-15T13:45:00+00:00,-0.000010
2026-06-15T14:00:00+00:00,0.000300
2026-06-15T14:15:00+00:00,0.001220
2026-06-15T14:30:00+00:00,0.003850
2026-06-15T14:45:00+00:00,0.012470
2026-06-15T15:00:00+00:00,0.008440
2026-06-15T15:15:00+00:00,0.033980
2026-06-15T15:30:00+00:00,0.051930
2026-06-15T15:45:00+00:00,0.093500
2026-06-15T16:00:00+00:00,0.054830
2026-06-15T16:15:00+00:00,0.084660
2026-06-15T16:30:00+00:00,0.115840
2026-06-15T16:45:00+00:00,0.135170
2026-06-15T17:00:00+00:00,0.114170
2026-06-15T17:15:00+00:00,0.124260
2026-06-15T17:30:00+00:00,0.137230
2026-06-15T17:45:00+00:00,0.150350
2026-06-15T18:00:00+00:00,0.131060
2026-06-15T18:15:00+00:00,0.137590
2026-06-15T18:30:00+00:00,0.154090
2026-06-15T18:45:00+00:00,0.175200
2026-06-15T19:00:00+00:00,0.156850
2026-06-15T19:15:00+00:00,0.157770
2026-06-15T19:30:00+00:00,0.159940
2026-06-15T19:45:00+00:00,0.152610
2026-06-15T20:00:00+00:00,0.162700
2026-06-15T20:15:00+00:00,0.155890
2026-06-15T20:30:00+00:00,0.155080
2026-06-15T20:45:00+00:00,0.141500
2026-06-15T21:00:00+00:00,0.147150
2026-06-15T21:15:00+00:00,0.133330
2026-06-15T21:30:00+00:00,0.131770
2026-06-15T21:45:00+00:00,0.127390
2026-06-15T22:00:00+00:00,0.132240
2026-06-15T22:15:00+00:00,0.127260
2026-06-15T22:30:00+00:00,0.119800
2026-06-15T22:45:00+00:00,0.118640
2026-06-15T23:00:00+00:00,0.121590
2026-06-15T23:15:00+00:00,0.117910
2026-06-15T23:30:00+00:00,0.116620
2026-06-15T23:45:00+00:00,0.115370
2026-06-16T00:00:00+00:00,0.116430
2026-06-16T00:15:00+00:00,0.115130
2026-06-16T00:30:00+00:00,0.113740
2026-06-16T00:45:00+00:00,0.110120
2026-06-16T01:00:00+00:00,0.113010
2026-06-16T01:15:00+00:00,0.112800
2026-06-16T01:30:00+00:00,0.108490
2026-06-16T01:45:00+00:00,0.106840
2026-06-16T02:00:00+00:00,0.109170
2026-06-16T02:15:00+00:00,0.108800
2026-06-16T02:30:00+00:00,0.109310
2026-06-16T02:45:00+00:00,0.111210
2026-06-16T03:00:00+00:00,0.111330
2026-06-16T03:15:00+00:00,0.112020
2026-06-16T03:30:00+00:00,0.116810
2026-06-16T03:45:00+00:00,0.118140
2026-06-16T04:00:00+00:00,0.125000
2026-06-16T04:15:00+00:00,0.127700
2026-06-16T04:30:00+00:00,0.129270
2026-06-16T04:45:00+00:00,0.130000
2026-06-16T05:00:00+00:00,0.138990
2026-06-16T05:15:00+00:00,0.133310
2026-06-16T05:30:00+00:00,0.131480
2026-06-16T05:45:00+00:00,0.123000
2026-06-16T06:00:00+00:00,0.149900
2026-06-16T06:15:00+00:00,0.135840
2026-06-16T06:30:00+00:00,0.133610
2026-06-16T06:45:00+00:00,0.132760
2026-06-16T07:00:00+00:00,0.119780
2026-06-16T07:15:00+00:00,0.126660
2026-06-16T07:30:00+00:00,0.122950
2026-06-16T07:45:00+00:00,0.123390
2026-06-16T08:00:00+00:00,0.127810
2026-06-16T08:15:00+00:00,0.122270
2026-06-16T08:30:00+00:00,0.114310
2026-06-16T08:45:00+00:00,0.101310
2026-06-16T09:00:00+00:00,0.120560
2026-06-16T09:15:00+00:00,0.112260
2026-06-16T09:30:00+00:00,0.090100
2026-06-16T09:45:00+00:00,0.078230
2026-06-16T10:00:00+00:00,0.093680
2026-06-16T10:15:00+00:00,0.082030
2026-06-16T10:30:00+00:00,0.072660
2026-06-16T10:45:00+00:00,0.069710
2026-06-16T11:00:00+00:00,0.081940
2026-06-16T11:15:00+00:00,0.074920
2026-06-16T11:30:00+00:00,0.065100
2026-06-16T11:45:00+00:00,0.050380
2026-06-16T12:00:00+00:00,0.059480
2026-06-16T12:15:00+00:00,0.060100
2026-06-16T12:30:00+00:00,0.062460
2026-06-16T12:45:00+00:00,0.070310
2026-06-16T13:00:00+00:00,0.060170
2026-06-16T13:15:00+00:00,0.071070
2026-06-16T13:30:00+00:00,0.074480
2026-06-16T13:45:00+00:00,0.088270
2026-06-16T14:00:00+00:00,0.071470
2026-06-16T14:15:00+00:00,0.086440
2026-06-16T14:30:00+00:00,0.092880
2026-06-16T14:45:00+00:00,0.100290
2026-06-16T15:00:00+00:00,0.093470
2026-06-16T15:15:00+00:00,0.101170
2026-06-16T15:30:00+00:00,0.111690
2026-06-16T15:45:00+00:00,0.122130
2026-06-16T16:00:00+00:00,0.111660
2026-06-16T16:15:00+00:00,0.120390
2026-06-16T16:30:00+00:00,0.127440
2026-06-16T16:45:00+00:00,0.142730
2026-06-16T17:00:00+00:00,0.126250
2026-06-16T17:15:00+00:00,0.140670
2026-06-16T17:30:00+00:00,0.154110
2026-06-16T17:45:00+00:00,0.169990
2026-06-16T18:00:00+00:00,0.151210
2026-06-16T18:15:00+00:00,0.170310
2026-06-16T18:30:00+00:00,0.182080
2026-06-16T18:45:00+00:00,0.198920
2026-06-16T19:00:00+00:00,0.189760
2026-06-16T19:15:00+00:00,0.195690
2026-06-16T19:30:00+00:00,0.183960
2026-06-16T19:45:00+00:00,0.165470
2026-06-16T20:00:00+00:00,0.194290
2026-06-16T20:15:00+00:00,0.163530
2026-06-16T20:30:00+00:00,0.153990
2026-06-16T20:45:00+00:00,0.147400
2026-06-16T21:00:00+00:00,0.152970
2026-06-16T21:15:00+00:00,0.146480
2026-06-16T21:30:00+00:00,0.140400
2026-06-16T21:45:00+00:00,0.134230
2026-06-16T22:00:00+00:00,0.148550
2026-06-16T22:15:00+00:00,0.142420
2026-06-16T22:30:00+00:00,0.138280
2026-06-16T22:45:00+00:00,0.133330
2026-06-16T23:00:00+00:00,0.142820
2026-06-16T23:15:00+00:00,0.133760
2026-06-16T23:30:00+00:00,0.132630
2026-06-16T23:45:00+00:00,0.129760
2026-06-17T00:00:00+00:00,0.131040
2026-06-17T00:15:00+00:00,0.128270
2026-06-17T00:30:00+00:00,0.128160
2026-06-17T00:45:00+00:00,0.126850
2026-06-17T01:00:00+00:00,0.127910
2026-06-17T01:15:00+00:00,0.126610
2026-06-17T01:30:00+00:00,0.126490
2026-06-17T01:45:00+00:00,0.125270
2026-06-17T02:00:00+00:00,0.125370
2026-06-17T02:15:00+00:00,0.124850
2026-06-17T02:30:00+00:00,0.126040
2026-06-17T02:45:00+00:00,0.127860
2026-06-17T03:00:00+00:00,0.124370
2026-06-17T03:15:00+00:00,0.125970
2026-06-17T03:30:00+00:00,0.127880
2026-06-17T03:45:00+00:00,0.130320
2026-06-17T04:00:00+00:00,0.133510
2026-06-17T04:15:00+00:00,0.138480
2026-06-17T04:30:00+00:00,0.141010
2026-06-17T04:45:00+00:00,0.134210
2026-06-17T05:00:00+00:00,0.144400
2026-06-17T05:15:00+00:00,0.135940
2026-06-17T05:30:00+00:00,0.133600
2026-06-17T05:45:00+00:00,0.122310
2026-06-17T06:00:00+00:00,0.132010
2026-06-17T06:15:00+00:00,0.124940
2026-06-17T06:30:00+00:00,0.116300
2026-06-17T06:45:00+00:00,0.108480
2026-06-17T07:00:00+00:00,0.119580
2026-06-17T07:15:00+00:00,0.105290
2026-06-17T07:30:00+00:00,0.103610
2026-06-17T07:45:00+00:00,0.110200
2026-06-17T08:00:00+00:00,0.116150
2026-06-17T08:15:00+00:00,0.105980
2026-06-17T08:30:00+00:00,0.100330
2026-06-17T08:45:00+00:00,0.086270
2026-06-17T09:00:00+00:00,0.105470
2026-06-17T09:15:00+00:00,0.093830
2026-06-17T09:30:00+00:00,0.084720
2026-06-17T09:45:00+00:00,0.085870
2026-06-17T10:00:00+00:00,0.091000
2026-06-17T10:15:00+00:00,0.088100
2026-06-17T10:30:00+00:00,0.082280
2026-06-17T10:45:00+00:00,0.087160
2026-06-17T11:00:00+00:00,0.096780
2026-06-17T11:15:00+00:00,0.090770
2026-06-17T11:30:00+00:00,0.086600
2026-06-17T11:45:00+00:00,0.080450
2026-06-17T12:00:00+00:00,0.078110
2026-06-17T12:15:00+00:00,0.078930
2026-06-17T12:30:00+00:00,0.074570
2026-06-17T12:45:00+00:00,0.070300
2026-06-17T13:00:00+00:00,0.082130
2026-06-17T13:15:00+00:00,0.074940
2026-06-17T13:30:00+00:00,0.078380
2026-06-17T13:45:00+00:00,0.081220
2026-06-17T14:00:00+00:00,0.072640
2026-06-17T14:15:00+00:00,0.079940
2026-06-17T14:30:00+00:00,0.090700
2026-06-17T14:45:00+00:00,0.098390
2026-06-17T15:00:00+00:00,0.084550
2026-06-17T15:15:00+00:00,0.100340
2026-06-17T15:30:00+00:00,0.109230
2026-06-17T15:45:00+00:00,0.120790
2026-06-17T16:00:00+00:00,0.105500
2026-06-17T16:15:00+00:00,0.114760
2026-06-17T16:30:00+00:00,0.122090
2026-06-17T16:45:00+00:00,0.128420
2026-06-17T17:00:00+00:00,0.126120
2026-06-17T17:15:00+00:00,0.135290
2026-06-17T17:30:00+00:00,0.147780
2026-06-17T17:45:00+00:00,0.156040
2026-06-17T18:00:00+00:00,0.145170
2026-06-17T18:15:00+00:00,0.153060
2026-06-17T18:30:00+00:00,0.168180
2026-06-17T18:45:00+00:00,0.171210
2026-06-17T19:00:00+00:00,0.169560
2026-06-17T19:15:00+00:00,0.166660
2026-06-17T19:30:00+00:00,0.160820
2026-06-17T19:45:00+00:00,0.152400
2026-06-17T20:00:00+00:00,0.171810
2026-06-17T20:15:00+00:00,0.159190
2026-06-17T20:30:00+00:00,0.154540
2026-06-17T20:45:00+00:00,0.146830
2026-06-17T21:00:00+00:00,0.151360
2026-06-17T21:15:00+00:00,0.144470
2026-06-17T21:30:00+00:00,0.138510
2026-06-17T21:45:00+00:00,0.134060
2026-06-17T22:00:00+00:00,0.140980
2026-06-17T22:15:00+00:00,0.133900
2026-06-17T22:30:00+00:00,0.132870
2026-06-17T22:45:00+00:00,0.125230
2026-06-17T23:00:00+00:00,0.128100
2026-06-17T23:15:00+00:00,0.124650
2026-06-17T23:30:00+00:00,0.123570
2026-06-17T23:45:00+00:00,0.121410
2026-06-18T00:00:00+00:00,0.123300
2026-06-18T00:15:00+00:00,0.120770
2026-06-18T00:30:00+00:00,0.120080
2026-06-18T00:45:00+00:00,0.119260
2026-06-18T01:00:00+00:00,0.120090
2026-06-18T01:15:00+00:00,0.117320
2026-06-18T01:30:00+00:00,0.117560
2026-06-18T01:45:00+00:00,0.117830
2026-06-18T02:00:00+00:00,0.116380
2026-06-18T02:15:00+00:00,0.116770
2026-06-18T02:30:00+00:00,0.118370
2026-06-18T02:45:00+00:00,0.119620
2026-06-18T03:00:00+00:00,0.122200
2026-06-18T03:15:00+00:00,0.123370
2026-06-18T03:30:00+00:00,0.126620
2026-06-18T03:45:00+00:00,0.129730
2026-06-18T04:00:00+00:00,0.134900
2026-06-18T04:15:00+00:00,0.135860
2026-06-18T04:30:00+00:00,0.135540
2026-06-18T04:45:00+00:00,0.133170
2026-06-18T05:00:00+00:00,0.143560
2026-06-18T05:15:00+00:00,0.137460
2026-06-18T05:30:00+00:00,0.134660
2026-06-18T05:45:00+00:00,0.122380
2026-06-18T06:00:00+00:00,0.131000
2026-06-18T06:15:00+00:00,0.123600
2026-06-18T06:30:00+00:00,0.117220
2026-06-18T06:45:00+00:00,0.102770
2026-06-18T07:00:00+00:00,0.117000
2026-06-18T07:15:00+00:00,0.106020
2026-06-18T07:30:00+00:00,0.105890
2026-06-18T07:45:00+00:00,0.092570
2026-06-18T08:00:00+00:00,0.112060
2026-06-18T08:15:00+00:00,0.091150
2026-06-18T08:30:00+00:00,0.077790
2026-06-18T08:45:00+00:00,0.047500
2026-06-18T09:00:00+00:00,0.079870
2026-06-18T09:15:00+00:00,0.064190
2026-06-18T09:30:00+00:00,0.042000
2026-06-18T09:45:00+00:00,0.029620
2026-06-18T10:00:00+00:00,0.039950
2026-06-18T10:15:00+00:00,0.028680
2026-06-18T10:30:00+00:00,0.024990
2026-06-18T10:45:00+00:00,0.019370
2026-06-18T11:00:00+00:00,0.026700
2026-06-18T11:15:00+00:00,0.021890
2026-06-18T11:30:00+00:00,0.015970
2026-06-18T11:45:00+00:00,0.011010
2026-06-18T12:00:00+00:00,0.021130
2026-06-18T12:15:00+00:00,0.023760
2026-06-18T12:30:00+00:00,0.026270
2026-06-18T12:45:00+00:00,0.032440
2026-06-18T13:00:00+00:00,0.025000
2026-06-18T13:15:00+00:00,0.042000
2026-06-18T13:30:00+00:00,0.054100
2026-06-18T13:45:00+00:00,0.071290
2026-06-18T14:00:00+00:00,0.046780
2026-06-18T14:15:00+00:00,0.085190
2026-06-18T14:30:00+00:00,0.096790
2026-06-18T14:45:00+00:00,0.104520
2026-06-18T15:00:00+00:00,0.082990
2026-06-18T15:15:00+00:00,0.101600
2026-06-18T15:30:00+00:00,0.116630
2026-06-18T15:45:00+00:00,0.132000
2026-06-18T16:00:00+00:00,0.101220
2026-06-18T16:15:00+00:00,0.125940
2026-06-18T16:30:00+00:00,0.142500
2026-06-18T16:45:00+00:00,0.169290
2026-06-18T17:00:00+00:00,0.150430
2026-06-18T17:15:00+00:00,0.177920
2026-06-18T17:30:00+00:00,0.289610
2026-06-18T17:45:00+00:00,0.435440
2026-06-18T18:00:00+00:00,0.334940
2026-06-18T18:15:00+00:00,0.402110
2026-06-18T18:30:00+00:00,0.522880
2026-06-18T18:45:00+00:00,0.576890
2026-06-18T19:00:00+00:00,0.562600
2026-06-18T19:15:00+00:00,0.531280
2026-06-18T19:30:00+00:00,0.410950
2026-06-18T19:45:00+00:00,0.364220
2026-06-18T20:00:00+00:00,0.421580
2026-06-18T20:15:00+00:00,0.309760
2026-06-18T20:30:00+00:00,0.201390
2026-06-18T20:45:00+00:00,0.166600
2026-06-18T21:00:00+00:00,0.191700
2026-06-18T21:15:00+00:00,0.165770
2026-06-18T21:30:00+00:00,0.157130
2026-06-18T21:45:00+00:00,0.147810
2026-06-18T22:00:00+00:00,0.156560
2026-06-18T22:15:00+00:00,0.150090
2026-06-18T22:30:00+00:00,0.145860
2026-06-18T22:45:00+00:00,0.142540
2026-06-18T23:00:00+00:00,0.143500
2026-06-18T23:15:00+00:00,0.137030
2026-06-18T23:30:00+00:00,0.129050
2026-06-18T23:45:00+00:00,0.124520
2026-06-19T00:00:00+00:00,0.129560
2026-06-19T00:15:00+00:00,0.123260
2026-06-19T00:30:00+00:00,0.121180
2026-06-19T00:45:00+00:00,0.119670
2026-06-19T01:00:00+00:00,0.120980
2026-06-19T01:15:00+00:00,0.119690
2026-06-19T01:30:00+00:00,0.119020
2026-06-19T01:45:00+00:00,0.117630
2026-06-19T02:00:00+00:00,0.115910
2026-06-19T02:15:00+00:00,0.115930
2026-06-19T02:30:00+00:00,0.116010
2026-06-19T02:45:00+00:00,0.116540
2026-06-19T03:00:00+00:00,0.116460
2026-06-19T03:15:00+00:00,0.118260
2026-06-19T03:30:00+00:00,0.118700
2026-06-19T03:45:00+00:00,0.123460
2026-06-19T04:00:00+00:00,0.147700
2026-06-19T04:15:00+00:00,0.140580
2026-06-19T04:30:00+00:00,0.139410
2026-06-19T04:45:00+00:00,0.131570
2026-06-19T05:00:00+00:00,0.140640
2026-06-19T05:15:00+00:00,0.136910
2026-06-19T05:30:00+00:00,0.123300
2026-06-19T05:45:00+00:00,0.110600
2026-06-19T06:00:00+00:00,0.124520
2026-06-19T06:15:00+00:00,0.115400
2026-06-19T06:30:00+00:00,0.115050
2026-06-19T06:45:00+00:00,0.106710
2026-06-19T07:00:00+00:00,0.117870
2026-06-19T07:15:00+00:00,0.113780
2026-06-19T07:30:00+00:00,0.097590
2026-06-19T07:45:00+00:00,0.091090
2026-06-19T08:00:00+00:00,0.103680
2026-06-19T08:15:00+00:00,0.098290
2026-06-19T08:30:00+00:00,0.079920
2026-06-19T08:45:00+00:00,0.055690
2026-06-19T09:00:00+00:00,0.060100
2026-06-19T09:15:00+00:00,0.039880
2026-06-19T09:30:00+00:00,0.027130
2026-06-19T09:45:00+00:00,0.011000
2026-06-19T10:00:00+00:00,0.021800
2026-06-19T10:15:00+00:00,0.014010
2026-06-19T10:30:00+00:00,0.014200
2026-06-19T10:45:00+00:00,0.009990
2026-06-19T11:00:00+00:00,0.012970
2026-06-19T11:15:00+00:00,0.010310
2026-06-19T11:30:00+00:00,0.016570
2026-06-19T11:45:00+00:00,0.013900
2026-06-19T12:00:00+00:00,0.011040
2026-06-19T12:15:00+00:00,0.014180
2026-06-19T12:30:00+00:00,0.017230
2026-06-19T12:45:00+00:00,0.030970
2026-06-19T13:00:00+00:00,0.018740
2026-06-19T13:15:00+00:00,0.036820
2026-06-19T13:30:00+00:00,0.068800
2026-06-19T13:45:00+00:00,0.096200
2026-06-19T14:00:00+00:00,0.070290
2026-06-19T14:15:00+00:00,0.093750
2026-06-19T14:30:00+00:00,0.102300
2026-06-19T14:45:00+00:00,0.114750
2026-06-19T15:00:00+00:00,0.099860
2026-06-19T15:15:00+00:00,0.107380
2026-06-19T15:30:00+00:00,0.116000
2026-06-19T15:45:00+00:00,0.124760
2026-06-19T16:00:00+00:00,0.107790
2026-06-19T16:15:00+00:00,0.119290
2026-06-19T16:30:00+00:00,0.132700
2026-06-19T16:45:00+00:00,0.151450
2026-06-19T17:00:00+00:00,0.139670
2026-06-19T17:15:00+00:00,0.150290
2026-06-19T17:30:00+00:00,0.175540
2026-06-19T17:45:00+00:00,0.199300
2026-06-19T18:00:00+00:00,0.194290
2026-06-19T18:15:00+00:00,0.207110
2026-06-19T18:30:00+00:00,0.215390
2026-06-19T18:45:00+00:00,0.220070
2026-06-19T19:00:00+00:00,0.208310
2026-06-19T19:15:00+00:00,0.201340
2026-06-19T19:30:00+00:00,0.188250
2026-06-19T19:45:00+00:00,0.170100
2026-06-19T20:00:00+00:00,0.175800
2026-06-19T20:15:00+00:00,0.164090
2026-06-19T20:30:00+00:00,0.150100
2026-06-19T20:45:00+00:00,0.146410
2026-06-19T21:00:00+00:00,0.148220
2026-06-19T21:15:00+00:00,0.141850
2026-06-19T21:30:00+00:00,0.133720
2026-06-19T21:45:00+00:00,0.126600
2026-06-19T22:00:00+00:00,0.141650
2026-06-19T22:15:00+00:00,0.132730
2026-06-19T22:30:00+00:00,0.123610
2026-06-19T22:45:00+00:00,0.121060
2026-06-19T23:00:00+00:00,0.123600
2026-06-19T23:15:00+00:00,0.120160
2026-06-19T23:30:00+00:00,0.120110
2026-06-19T23:45:00+00:00,0.120520
2026-06-20T00:00:00+00:00,0.120550
2026-06-20T00:15:00+00:00,0.119450
2026-06-20T00:30:00+00:00,0.117950
2026-06-20T00:45:00+00:00,0.116450
2026-06-20T01:00:00+00:00,0.118240
2026-06-20T01:15:00+00:00,0.115990
2026-06-20T01:30:00+00:00,0.116410
2026-06-20T01:45:00+00:00,0.114260
2026-06-20T02:00:00+00:00,0.113880
2026-06-20T02:15:00+00:00,0.114950
2026-06-20T02:30:00+00:00,0.113940
2026-06-20T02:45:00+00:00,0.114750
2026-06-20T03:00:00+00:00,0.114960
2026-06-20T03:15:00+00:00,0.114830
2026-06-20T03:30:00+00:00,0.112700
2026-06-20T03:45:00+00:00,0.110730
2026-06-20T04:00:00+00:00,0.116120
2026-06-20T04:15:00+00:00,0.112450
2026-06-20T04:30:00+00:00,0.109160
2026-06-20T04:45:00+00:00,0.100420
2026-06-20T05:00:00+00:00,0.114300
2026-06-20T05:15:00+00:00,0.108420
2026-06-20T05:30:00+00:00,0.099290
2026-06-20T05:45:00+00:00,0.090790
2026-06-20T06:00:00+00:00,0.125280
2026-06-20T06:15:00+00:00,0.112320
2026-06-20T06:30:00+00:00,0.088800
2026-06-20T06:45:00+00:00,0.071540
2026-06-20T07:00:00+00:00,0.101790
2026-06-20T07:15:00+00:00,0.067250
2026-06-20T07:30:00+00:00,0.030730
2026-06-20T07:45:00+00:00,0.004230
2026-06-20T08:00:00+00:00,0.011790
2026-06-20T08:15:00+00:00,0.003990
2026-06-20T08:30:00+00:00,0.000710
2026-06-20T08:45:00+00:00,0.000010
2026-06-20T09:00:00+00:00,0.000000
2026-06-20T09:15:00+00:00,0.000000
2026-06-20T09:30:00+00:00,0.000000
2026-06-20T09:45:00+00:00,-0.000010
2026-06-20T10:00:00+00:00,-0.000010
2026-06-20T10:15:00+00:00,-0.000010
2026-06-20T10:30:00+00:00,-0.000010
2026-06-20T10:45:00+00:00,-0.000030
2026-06-20T11:00:00+00:00,-0.000010
2026-06-20T11:15:00+00:00,-0.000020
2026-06-20T11:30:00+00:00,-0.000020
2026-06-20T11:45:00+00:00,-0.000020
2026-06-20T12:00:00+00:00,-0.000040
2026-06-20T12:15:00+00:00,-0.000020
2026-06-20T12:30:00+00:00,-0.000010
2026-06-20T12:45:00+00:00,-0.000010
2026-06-20T13:00:00+00:00,0.000000
2026-06-20T13:15:00+00:00,0.000000
2026-06-20T13:30:00+00:00,0.000000
2026-06-20T13:45:00+00:00,0.001000
2026-06-20T14:00:00+00:00,0.000150
2026-06-20T14:15:00+00:00,0.005110
2026-06-20T14:30:00+00:00,0.016180
2026-06-20T14:45:00+00:00,0.050040
2026-06-20T15:00:00+00:00,0.013650
2026-06-20T15:15:00+00:00,0.077390
2026-06-20T15:30:00+00:00,0.105040
2026-06-20T15:45:00+00:00,0.132220
2026-06-20T16:00:00+00:00,0.100000
2026-06-20T16:15:00+00:00,0.115640
2026-06-20T16:30:00+00:00,0.125320
2026-06-20T16:45:00+00:00,0.134930
2026-06-20T17:00:00+00:00,0.117340
2026-06-20T17:15:00+00:00,0.139270
2026-06-20T17:30:00+00:00,0.149190
2026-06-20T17:45:00+00:00,0.168100
2026-06-20T18:00:00+00:00,0.148480
2026-06-20T18:15:00+00:00,0.167600
2026-06-20T18:30:00+00:00,0.184440
2026-06-20T18:45:00+00:00,0.200410
2026-06-20T19:00:00+00:00,0.184320
2026-06-20T19:15:00+00:00,0.182770
2026-06-20T19:30:00+00:00,0.193500
2026-06-20T19:45:00+00:00,0.183440
2026-06-20T20:00:00+00:00,0.188850
2026-06-20T20:15:00+00:00,0.168070
2026-06-20T20:30:00+00:00,0.164470
2026-06-20T20:45:00+00:00,0.151910
2026-06-20T21:00:00+00:00,0.154650
2026-06-20T21:15:00+00:00,0.147500
2026-06-20T21:30:00+00:00,0.142000
2026-06-20T21:45:00+00:00,0.137760
2026-06-20T22:00:00+00:00,0.151400
2026-06-20T22:15:00+00:00,0.139580
2026-06-20T22:30:00+00:00,0.135160
2026-06-20T22:45:00+00:00,0.129550
2026-06-20T23:00:00+00:00,0.130470
2026-06-20T23:15:00+00:00,0.128240
2026-06-20T23:30:00+00:00,0.126770
2026-06-20T23:45:00+00:00,0.124600
2026-06-21T00:00:00+00:00,0.127900
2026-06-21T00:15:00+00:00,0.124980
2026-06-21T00:30:00+00:00,0.124310
2026-06-21T00:45:00+00:00,0.123010
2026-06-21T01:00:00+00:00,0.123920
2026-06-21T01:15:00+00:00,0.122470
2026-06-21T01:30:00+00:00,0.121380
2026-06-21T01:45:00+00:00,0.118500
2026-06-21T02:00:00+00:00,0.119830
2026-06-21T02:15:00+00:00,0.119030
2026-06-21T02:30:00+00:00,0.120080
2026-06-21T02:45:00+00:00,0.118790
2026-06-21T03:00:00+00:00,0.119920
2026-06-21T03:15:00+00:00,0.116750
2026-06-21T03:30:00+00:00,0.116000
2026-06-21T03:45:00+00:00,0.109760
2026-06-21T04:00:00+00:00,0.116780
2026-06-21T04:15:00+00:00,0.113560
2026-06-21T04:30:00+00:00,0.113240
2026-06-21T04:45:00+00:00,0.120220
2026-06-21T05:00:00+00:00,0.127210
2026-06-21T05:15:00+00:00,0.113780
2026-06-21T05:30:00+00:00,0.107340
2026-06-21T05:45:00+00:00,0.098610
2026-06-21T06:00:00+00:00,0.131070
2026-06-21T06:15:00+00:00,0.110510
2026-06-21T06:30:00+00:00,0.090010
2026-06-21T06:45:00+00:00,0.043490
2026-06-21T07:00:00+00:00,0.098860
2026-06-21T07:15:00+00:00,0.066990
2026-06-21T07:30:00+00:00,0.024360
2026-06-21T07:45:00+00:00,0.005760
2026-06-21T08:00:00+00:00,0.004100
2026-06-21T08:15:00+00:00,0.001310
2026-06-21T08:30:00+00:00,0.000040
2026-06-21T08:45:00+00:00,0.000000
2026-06-21T09:00:00+00:00,0.000000
2026-06-21T09:15:00+00:00,0.000000
2026-06-21T09:30:00+00:00,0.000000
2026-06-21T09:45:00+00:00,-0.000010
2026-06-21T10:00:00+00:00,0.000000
2026-06-21T10:15:00+00:00,-0.000010
2026-06-21T10:30:00+00:00,-0.000010
2026-06-21T10:45:00+00:00,-0.000010
2026-06-21T11:00:00+00:00,-0.000010
2026-06-21T11:15:00+00:00,-0.000010
2026-06-21T11:30:00+00:00,-0.000010
2026-06-21T11:45:00+00:00,-0.000010
2026-06-21T12:00:00+00:00,-0.000010
2026-06-21T12:15:00+00:00,-0.000010
2026-06-21T12:30:00+00:00,0.000000
2026-06-21T12:45:00+00:00,0.000000
2026-06-21T13:00:00+00:00,0.000000
2026-06-21T13:15:00+00:00,0.000000
2026-06-21T13:30:00+00:00,0.000000
2026-06-21T13:45:00+00:00,0.000030
2026-06-21T14:00:00+00:00,0.000110
2026-06-21T14:15:00+00:00,0.002050
2026-06-21T14:30:00+00:00,0.006850
2026-06-21T14:45:00+00:00,0.040570
2026-06-21T15:00:00+00:00,0.018880
2026-06-21T15:15:00+00:00,0.066880
2026-06-21T15:30:00+00:00,0.091370
2026-06-21T15:45:00+00:00,0.117870
2026-06-21T16:00:00+00:00,0.095990
2026-06-21T16:15:00+00:00,0.110150
2026-06-21T16:30:00+00:00,0.116880
2026-06-21T16:45:00+00:00,0.132830
2026-06-21T17:00:00+00:00,0.114900
2026-06-21T17:15:00+00:00,0.133460
2026-06-21T17:30:00+00:00,0.138540
2026-06-21T17:45:00+00:00,0.141830
2026-06-21T18:00:00+00:00,0.141260
2026-06-21T18:15:00+00:00,0.147800
2026-06-21T18:30:00+00:00,0.150290
2026-06-21T18:45:00+00:00,0.152210
2026-06-21T19:00:00+00:00,0.150760
2026-06-21T19:15:00+00:00,0.150140
2026-06-21T19:30:00+00:00,0.151120
2026-06-21T19:45:00+00:00,0.149140
2026-06-21T20:00:00+00:00,0.149500
2026-06-21T20:15:00+00:00,0.148840
2026-06-21T20:30:00+00:00,0.145540
2026-06-21T20:45:00+00:00,0.138410
2026-06-21T21:00:00+00:00,0.142580
2026-06-21T21:15:00+00:00,0.135680
2026-06-21T21:30:00+00:00,0.132300
2026-06-21T21:45:00+00:00,0.122580
2026-06-21T22:00:00+00:00,0.136240
2026-06-21T22:15:00+00:00,0.128100
2026-06-21T22:30:00+00:00,0.123370
2026-06-21T22:45:00+00:00,0.119820
2026-06-21T23:00:00+00:00,0.122260
2026-06-21T23:15:00+00:00,0.120580
2026-06-21T23:30:00+00:00,0.118570
2026-06-21T23:45:00+00:00,0.116690
2026-06-22T00:00:00+00:00,0.118590
2026-06-22T00:15:00+00:00,0.113890
2026-06-22T00:30:00+00:00,0.110140
2026-06-22T00:45:00+00:00,0.106580
2026-06-22T01:00:00+00:00,0.112150
2026-06-22T01:15:00+00:00,0.111320
2026-06-22T01:30:00+00:00,0.110690
2026-06-22T01:45:00+00:00,0.111330
2026-06-22T02:00:00+00:00,0.110740
2026-06-22T02:15:00+00:00,0.113260
2026-06-22T02:30:00+00:00,0.113080
2026-06-22T02:45:00+00:00,0.116630
2026-06-22T03:00:00+00:00,0.115410
2026-06-22T03:15:00+00:00,0.118480
2026-06-22T03:30:00+00:00,0.120680
2026-06-22T03:45:00+00:00,0.129710
2026-06-22T04:00:00+00:00,0.132750
2026-06-22T04:15:00+00:00,0.138040
2026-06-22T04:30:00+00:00,0.139210
2026-06-22T04:45:00+00:00,0.139460
2026-06-22T05:00:00+00:00,0.152110
2026-06-22T05:15:00+00:00,0.147610
2026-06-22T05:30:00+00:00,0.145600
2026-06-22T05:45:00+00:00,0.134060
2026-06-22T06:00:00+00:00,0.146350
2026-06-22T06:15:00+00:00,0.133500
2026-06-22T06:30:00+00:00,0.124960
2026-06-22T06:45:00+00:00,0.107760
2026-06-22T07:00:00+00:00,0.124550
2026-06-22T07:15:00+00:00,0.119060
2026-06-22T07:30:00+00:00,0.106350
2026-06-22T07:45:00+00:00,0.094210
2026-06-22T08:00:00+00:00,0.111730
2026-06-22T08:15:00+00:00,0.092130
2026-06-22T08:30:00+00:00,0.081320
2026-06-22T08:45:00+00:00,0.065000
2026-06-22T09:00:00+00:00,0.071010
2026-06-22T09:15:00+00:00,0.061200
2026-06-22T09:30:00+00:00,0.051000
2026-06-22T09:45:00+00:00,0.046000
2026-06-22T10:00:00+00:00,0.049660
2026-06-22T10:15:00+00:00,0.040500
2026-06-22T10:30:00+00:00,0.037900
2026-06-22T10:45:00+00:00,0.030010
2026-06-22T11:00:00+00:00,0.035680
2026-06-22T11:15:00+00:00,0.033190
2026-06-22T11:30:00+00:00,0.030240
2026-06-22T11:45:00+00:00,0.030110
2026-06-22T12:00:00+00:00,0.017600
2026-06-22T12:15:00+00:00,0.033050
2026-06-22T12:30:00+00:00,0.037030
2026-06-22T12:45:00+00:00,0.040000
2026-06-22T13:00:00+00:00,0.047380
2026-06-22T13:15:00+00:00,0.056600
2026-06-22T13:30:00+00:00,0.065510
2026-06-22T13:45:00+00:00,0.081120
2026-06-22T14:00:00+00:00,0.072300
2026-06-22T14:15:00+00:00,0.084330
2026-06-22T14:30:00+00:00,0.094000
2026-06-22T14:45:00+00:00,0.112920
2026-06-22T15:00:00+00:00,0.092070
2026-06-22T15:15:00+00:00,0.111250
2026-06-22T15:30:00+00:00,0.119740
2026-06-22T15:45:00+00:00,0.132080
2026-06-22T16:00:00+00:00,0.114900
2026-06-22T16:15:00+00:00,0.130110
2026-06-22T16:30:00+00:00,0.149140
2026-06-22T16:45:00+00:00,0.181610
2026-06-22T17:00:00+00:00,0.150060
2026-06-22T17:15:00+00:00,0.165890
2026-06-22T17:30:00+00:00,0.207200
2026-06-22T17:45:00+00:00,0.261190
2026-06-22T18:00:00+00:00,0.219850
2026-06-22T18:15:00+00:00,0.258510
2026-06-22T18:30:00+00:00,0.292530
2026-06-22T18:45:00+00:00,0.300070
2026-06-22T19:00:00+00:00,0.300040
2026-06-22T19:15:00+00:00,0.280210
2026-06-22T19:30:00+00:00,0.248710
2026-06-22T19:45:00+00:00,0.206830
2026-06-22T20:00:00+00:00,0.234420
2026-06-22T20:15:00+00:00,0.208450
2026-06-22T20:30:00+00:00,0.170600
2026-06-22T20:45:00+00:00,0.153460
2026-06-22T21:00:00+00:00,0.164490
2026-06-22T21:15:00+00:00,0.167450
2026-06-22T21:30:00+00:00,0.160210
2026-06-22T21:45:00+00:00,0.148290
2026-06-22T22:00:00+00:00,0.154130
2026-06-22T22:15:00+00:00,0.148530
2026-06-22T22:30:00+00:00,0.142360
2026-06-22T22:45:00+00:00,0.137830
2026-06-22T23:00:00+00:00,0.142290
2026-06-22T23:15:00+00:00,0.137860
2026-06-22T23:30:00+00:00,0.136720
2026-06-22T23:45:00+00:00,0.134500
2026-06-23T00:00:00+00:00,0.136120
2026-06-23T00:15:00+00:00,0.134170
2026-06-23T00:30:00+00:00,0.132910
2026-06-23T00:45:00+00:00,0.133500
2026-06-23T01:00:00+00:00,0.133870
2026-06-23T01:15:00+00:00,0.135180
2026-06-23T01:30:00+00:00,0.133450
2026-06-23T01:45:00+00:00,0.135350
2026-06-23T02:00:00+00:00,0.135290
2026-06-23T02:15:00+00:00,0.134870
2026-06-23T02:30:00+00:00,0.136230
2026-06-23T02:45:00+00:00,0.140780
2026-06-23T03:00:00+00:00,0.134490
2026-06-23T03:15:00+00:00,0.135580
2026-06-23T03:30:00+00:00,0.142000
2026-06-23T03:45:00+00:00,0.152080
2026-06-23T04:00:00+00:00,0.155020
2026-06-23T04:15:00+00:00,0.166510
2026-06-23T04:30:00+00:00,0.177600
2026-06-23T04:45:00+00:00,0.192220
2026-06-23T05:00:00+00:00,0.190660
2026-06-23T05:15:00+00:00,0.173430
2026-06-23T05:30:00+00:00,0.161950
2026-06-23T05:45:00+00:00,0.140600
2026-06-23T06:00:00+00:00,0.172510
2026-06-23T06:15:00+00:00,0.150300
2026-06-23T06:30:00+00:00,0.123000
2026-06-23T06:45:00+00:00,0.112570
2026-06-23T07:00:00+00:00,0.125910
2026-06-23T07:15:00+00:00,0.116260
2026-06-23T07:30:00+00:00,0.108110
2026-06-23T07:45:00+00:00,0.100930
2026-06-23T08:00:00+00:00,0.113910
2026-06-23T08:15:00+00:00,0.099870
2026-06-23T08:30:00+00:00,0.089950
2026-06-23T08:45:00+00:00,0.082390
2026-06-23T09:00:00+00:00,0.086570
2026-06-23T09:15:00+00:00,0.079480
2026-06-23T09:30:00+00:00,0.070230
2026-06-23T09:45:00+00:00,0.068670
2026-06-23T10:00:00+00:00,0.076720
2026-06-23T10:15:00+00:00,0.060900
2026-06-23T10:30:00+00:00,0.052410
2026-06-23T10:45:00+00:00,0.048150
2026-06-23T11:00:00+00:00,0.046650
2026-06-23T11:15:00+00:00,0.046300
2026-06-23T11:30:00+00:00,0.040000
2026-06-23T11:45:00+00:00,0.041170
2026-06-23T12:00:00+00:00,0.031530
2026-06-23T12:15:00+00:00,0.036170
2026-06-23T12:30:00+00:00,0.040000
2026-06-23T12:45:00+00:00,0.057130
2026-06-23T13:00:00+00:00,0.000000
2026-06-23T13:15:00+00:00,0.054320
2026-06-23T13:30:00+00:00,0.071800
2026-06-23T13:45:00+00:00,0.093470
2026-06-23T14:00:00+00:00,0.077180
2026-06-23T14:15:00+00:00,0.092110
2026-06-23T14:30:00+00:00,0.108510
2026-06-23T14:45:00+00:00,0.120790
2026-06-23T15:00:00+00:00,0.103770
2026-06-23T15:15:00+00:00,0.117860
2026-06-23T15:30:00+00:00,0.124070
2026-06-23T15:45:00+00:00,0.142130
2026-06-23T16:00:00+00:00,0.120250
2026-06-23T16:15:00+00:00,0.147230
2026-06-23T16:30:00+00:00,0.178520
2026-06-23T16:45:00+00:00,0.233120
2026-06-23T17:00:00+00:00,0.180970
2026-06-23T17:15:00+00:00,0.243870
2026-06-23T17:30:00+00:00,0.423570
2026-06-23T17:45:00+00:00,0.500030
2026-06-23T18:00:00+00:00,0.481440
2026-06-23T18:15:00+00:00,0.560610
2026-06-23T18:30:00+00:00,0.614450
2026-06-23T18:45:00+00:00,0.657270
2026-06-23T19:00:00+00:00,0.599340
2026-06-23T19:15:00+00:00,0.590690
2026-06-23T19:30:00+00:00,0.585770
2026-06-23T19:45:00+00:00,0.477800
2026-06-23T20:00:00+00:00,0.487440
2026-06-23T20:15:00+00:00,0.444500
2026-06-23T20:30:00+00:00,0.270880
2026-06-23T20:45:00+00:00,0.197180
2026-06-23T21:00:00+00:00,0.219480
2026-06-23T21:15:00+00:00,0.248220
2026-06-23T21:30:00+00:00,0.196420
2026-06-23T21:45:00+00:00,0.171240
2026-06-23T22:00:00+00:00,0.230760
2026-06-23T22:15:00+00:00,0.189140
2026-06-23T22:30:00+00:00,0.175300
2026-06-23T22:45:00+00:00,0.164140
2026-06-23T23:00:00+00:00,0.194380
2026-06-23T23:15:00+00:00,0.173920
2026-06-23T23:30:00+00:00,0.163600
2026-06-23T23:45:00+00:00,0.154510
2026-06-24T00:00:00+00:00,0.153610
2026-06-24T00:15:00+00:00,0.149930
2026-06-24T00:30:00+00:00,0.151800
2026-06-24T00:45:00+00:00,0.149650
2026-06-24T01:00:00+00:00,0.148130
2026-06-24T01:15:00+00:00,0.148170
2026-06-24T01:30:00+00:00,0.151430
2026-06-24T01:45:00+00:00,0.151230
2026-06-24T02:00:00+00:00,0.153840
2026-06-24T02:15:00+00:00,0.155600
2026-06-24T02:30:00+00:00,0.154700
2026-06-24T02:45:00+00:00,0.155500
2026-06-24T03:00:00+00:00,0.155910
2026-06-24T03:15:00+00:00,0.155000
2026-06-24T03:30:00+00:00,0.162540
2026-06-24T03:45:00+00:00,0.170100
2026-06-24T04:00:00+00:00,0.181090
2026-06-24T04:15:00+00:00,0.176740
2026-06-24T04:30:00+00:00,0.189480
2026-06-24T04:45:00+00:00,0.208630
2026-06-24T05:00:00+00:00,0.240880
2026-06-24T05:15:00+00:00,0.191830
2026-06-24T05:30:00+00:00,0.162410
2026-06-24T05:45:00+00:00,0.141110
2026-06-24T06:00:00+00:00,0.206530
2026-06-24T06:15:00+00:00,0.151070
2026-06-24T06:30:00+00:00,0.141120
2026-06-24T06:45:00+00:00,0.115000
2026-06-24T07:00:00+00:00,0.140110
2026-06-24T07:15:00+00:00,0.126510
2026-06-24T07:30:00+00:00,0.110390
2026-06-24T07:45:00+00:00,0.105860
2026-06-24T08:00:00+00:00,0.123910
2026-06-24T08:15:00+00:00,0.114920
2026-06-24T08:30:00+00:00,0.100160
2026-06-24T08:45:00+00:00,0.079070
2026-06-24T09:00:00+00:00,0.100310
2026-06-24T09:15:00+00:00,0.089990
2026-06-24T09:30:00+00:00,0.073530
2026-06-24T09:45:00+00:00,0.066970
2026-06-24T10:00:00+00:00,0.086630
2026-06-24T10:15:00+00:00,0.073120
2026-06-24T10:30:00+00:00,0.056650
2026-06-24T10:45:00+00:00,0.054660
2026-06-24T11:00:00+00:00,0.068740
2026-06-24T11:15:00+00:00,0.070100
2026-06-24T11:30:00+00:00,0.064300
2026-06-24T11:45:00+00:00,0.063010
2026-06-24T12:00:00+00:00,0.048430
2026-06-24T12:15:00+00:00,0.051240
2026-06-24T12:30:00+00:00,0.067560
2026-06-24T12:45:00+00:00,0.082330
2026-06-24T13:00:00+00:00,0.030710
2026-06-24T13:15:00+00:00,0.066530
2026-06-24T13:30:00+00:00,0.074470
2026-06-24T13:45:00+00:00,0.091090
2026-06-24T14:00:00+00:00,0.095190
2026-06-24T14:15:00+00:00,0.107070
2026-06-24T14:30:00+00:00,0.110890
2026-06-24T14:45:00+00:00,0.123290
2026-06-24T15:00:00+00:00,0.109910
2026-06-24T15:15:00+00:00,0.120770
2026-06-24T15:30:00+00:00,0.137000
2026-06-24T15:45:00+00:00,0.151440
2026-06-24T16:00:00+00:00,0.138420
2026-06-24T16:15:00+00:00,0.155210
2026-06-24T16:30:00+00:00,0.205260
2026-06-24T16:45:00+00:00,0.294230
2026-06-24T17:00:00+00:00,0.240000
2026-06-24T17:15:00+00:00,0.334460
2026-06-24T17:30:00+00:00,0.660790
2026-06-24T17:45:00+00:00,0.789320
2026-06-24T18:00:00+00:00,0.641240
2026-06-24T18:15:00+00:00,0.758960
2026-06-24T18:30:00+00:00,0.833330
2026-06-24T18:45:00+00:00,0.902470
2026-06-24T19:00:00+00:00,0.826970
2026-06-24T19:15:00+00:00,0.812990
2026-06-24T19:30:00+00:00,0.800000
2026-06-24T19:45:00+00:00,0.757460
2026-06-24T20:00:00+00:00,0.800000
2026-06-24T20:15:00+00:00,0.643670
2026-06-24T20:30:00+00:00,0.487490
2026-06-24T20:45:00+00:00,0.340390
2026-06-24T21:00:00+00:00,0.408110
2026-06-24T21:15:00+00:00,0.338460
2026-06-24T21:30:00+00:00,0.263030
2026-06-24T21:45:00+00:00,0.199140
2026-06-24T22:00:00+00:00,0.200100
2026-06-24T22:15:00+00:00,0.171000
2026-06-24T22:30:00+00:00,0.153770
2026-06-24T22:45:00+00:00,0.151750
2026-06-24T23:00:00+00:00,0.162610
2026-06-24T23:15:00+00:00,0.155680
2026-06-24T23:30:00+00:00,0.150040
2026-06-24T23:45:00+00:00,0.143370
2026-06-25T00:00:00+00:00,0.149450
2026-06-25T00:15:00+00:00,0.140710
2026-06-25T00:30:00+00:00,0.139130
2026-06-25T00:45:00+00:00,0.137500
2026-06-25T01:00:00+00:00,0.142530
2026-06-25T01:15:00+00:00,0.139520
2026-06-25T01:30:00+00:00,0.137950
2026-06-25T01:45:00+00:00,0.137910
2026-06-25T02:00:00+00:00,0.136460
2026-06-25T02:15:00+00:00,0.139960
2026-06-25T02:30:00+00:00,0.139380
2026-06-25T02:45:00+00:00,0.138250
2026-06-25T03:00:00+00:00,0.137390
2026-06-25T03:15:00+00:00,0.137820
2026-06-25T03:30:00+00:00,0.141100
2026-06-25T03:45:00+00:00,0.145620
2026-06-25T04:00:00+00:00,0.160900
2026-06-25T04:15:00+00:00,0.169720
2026-06-25T04:30:00+00:00,0.161200
2026-06-25T04:45:00+00:00,0.153190
2026-06-25T05:00:00+00:00,0.174660
2026-06-25T05:15:00+00:00,0.155200
2026-06-25T05:30:00+00:00,0.139970
2026-06-25T05:45:00+00:00,0.116830
2026-06-25T06:00:00+00:00,0.141280
2026-06-25T06:15:00+00:00,0.126450
2026-06-25T06:30:00+00:00,0.112540
2026-06-25T06:45:00+00:00,0.097940
2026-06-25T07:00:00+00:00,0.121260
2026-06-25T07:15:00+00:00,0.112250
2026-06-25T07:30:00+00:00,0.103770
2026-06-25T07:45:00+00:00,0.082750
2026-06-25T08:00:00+00:00,0.110500
2026-06-25T08:15:00+00:00,0.096930
2026-06-25T08:30:00+00:00,0.080010
2026-06-25T08:45:00+00:00,0.057000
2026-06-25T09:00:00+00:00,0.088490
2026-06-25T09:15:00+00:00,0.058410
2026-06-25T09:30:00+00:00,0.034120
2026-06-25T09:45:00+00:00,0.024780
2026-06-25T10:00:00+00:00,0.027680
2026-06-25T10:15:00+00:00,0.024910
2026-06-25T10:30:00+00:00,0.010200
2026-06-25T10:45:00+00:00,0.024050
2026-06-25T11:00:00+00:00,0.022240
2026-06-25T11:15:00+00:00,0.014540
2026-06-25T11:30:00+00:00,0.005830
2026-06-25T11:45:00+00:00,0.001140
2026-06-25T12:00:00+00:00,0.012200
2026-06-25T12:15:00+00:00,0.006300
2026-06-25T12:30:00+00:00,0.012990
2026-06-25T12:45:00+00:00,0.015330
2026-06-25T13:00:00+00:00,0.021260
2026-06-25T13:15:00+00:00,0.049790
2026-06-25T13:30:00+00:00,0.064700
2026-06-25T13:45:00+00:00,0.084290
2026-06-25T14:00:00+00:00,0.063160
2026-06-25T14:15:00+00:00,0.078100
2026-06-25T14:30:00+00:00,0.092510
2026-06-25T14:45:00+00:00,0.113090
2026-06-25T15:00:00+00:00,0.078560
2026-06-25T15:15:00+00:00,0.107210
2026-06-25T15:30:00+00:00,0.109690
2026-06-25T15:45:00+00:00,0.123800
2026-06-25T16:00:00+00:00,0.091520
2026-06-25T16:15:00+00:00,0.113540
2026-06-25T16:30:00+00:00,0.141340
2026-06-25T16:45:00+00:00,0.192450
2026-06-25T17:00:00+00:00,0.138140
2026-06-25T17:15:00+00:00,0.171540
2026-06-25T17:30:00+00:00,0.210610
2026-06-25T17:45:00+00:00,0.297800
2026-06-25T18:00:00+00:00,0.241880
2026-06-25T18:15:00+00:00,0.295810
2026-06-25T18:30:00+00:00,0.321880
2026-06-25T18:45:00+00:00,0.332560
2026-06-25T19:00:00+00:00,0.295120
2026-06-25T19:15:00+00:00,0.264520
2026-06-25T19:30:00+00:00,0.250100
2026-06-25T19:45:00+00:00,0.196840
2026-06-25T20:00:00+00:00,0.221510
2026-06-25T20:15:00+00:00,0.202950
2026-06-25T20:30:00+00:00,0.172850
2026-06-25T20:45:00+00:00,0.159490
2026-06-25T21:00:00+00:00,0.175710
2026-06-25T21:15:00+00:00,0.168640
2026-06-25T21:30:00+00:00,0.148750
2026-06-25T21:45:00+00:00,0.146500
2026-06-25T22:00:00+00:00,0.151220
2026-06-25T22:15:00+00:00,0.148760
2026-06-25T22:30:00+00:00,0.141360
2026-06-25T22:45:00+00:00,0.131410
2026-06-25T23:00:00+00:00,0.136230
2026-06-25T23:15:00+00:00,0.130860
2026-06-25T23:30:00+00:00,0.128920
2026-06-25T23:45:00+00:00,0.121570
2026-06-26T00:00:00+00:00,0.125380
2026-06-26T00:15:00+00:00,0.119030
2026-06-26T00:30:00+00:00,0.119180
2026-06-26T00:45:00+00:00,0.118820
2026-06-26T01:00:00+00:00,0.124030
2026-06-26T01:15:00+00:00,0.118780
2026-06-26T01:30:00+00:00,0.118450
2026-06-26T01:45:00+00:00,0.118740
2026-06-26T02:00:00+00:00,0.122400
2026-06-26T02:15:00+00:00,0.121020
2026-06-26T02:30:00+00:00,0.119480
2026-06-26T02:45:00+00:00,0.122830
2026-06-26T03:00:00+00:00,0.125070
2026-06-26T03:15:00+00:00,0.125300
2026-06-26T03:30:00+00:00,0.129580
2026-06-26T03:45:00+00:00,0.134300
2026-06-26T04:00:00+00:00,0.143560
2026-06-26T04:15:00+00:00,0.152720
2026-06-26T04:30:00+00:00,0.151630
2026-06-26T04:45:00+00:00,0.141450
2026-06-26T05:00:00+00:00,0.156790
2026-06-26T05:15:00+00:00,0.147130
2026-06-26T05:30:00+00:00,0.127110
2026-06-26T05:45:00+00:00,0.119200
2026-06-26T06:00:00+00:00,0.137700
2026-06-26T06:15:00+00:00,0.122170
2026-06-26T06:30:00+00:00,0.111960
2026-06-26T06:45:00+00:00,0.100000
2026-06-26T07:00:00+00:00,0.118180
2026-06-26T07:15:00+00:00,0.105310
2026-06-26T07:30:00+00:00,0.103980
2026-06-26T07:45:00+00:00,0.094930
2026-06-26T08:00:00+00:00,0.112040
2026-06-26T08:15:00+00:00,0.104440
2026-06-26T08:30:00+00:00,0.087980
2026-06-26T08:45:00+00:00,0.069680
2026-06-26T09:00:00+00:00,0.088780
2026-06-26T09:15:00+00:00,0.074700
2026-06-26T09:30:00+00:00,0.063690
2026-06-26T09:45:00+00:00,0.049800
2026-06-26T10:00:00+00:00,0.033810
2026-06-26T10:15:00+00:00,0.025100
2026-06-26T10:30:00+00:00,0.021490
2026-06-26T10:45:00+00:00,0.034430
2026-06-26T11:00:00+00:00,0.005610
2026-06-26T11:15:00+00:00,0.012710
2026-06-26T11:30:00+00:00,0.009980
2026-06-26T11:45:00+00:00,0.011700
2026-06-26T12:00:00+00:00,0.023100
2026-06-26T12:15:00+00:00,0.033040
2026-06-26T12:30:00+00:00,0.040000
2026-06-26T12:45:00+00:00,0.040090
2026-06-26T13:00:00+00:00,0.050190
2026-06-26T13:15:00+00:00,0.065540
2026-06-26T13:30:00+00:00,0.080450
2026-06-26T13:45:00+00:00,0.093060
2026-06-26T14:00:00+00:00,0.068950
2026-06-26T14:15:00+00:00,0.083350
2026-06-26T14:30:00+00:00,0.101420
2026-06-26T14:45:00+00:00,0.120850
2026-06-26T15:00:00+00:00,0.085990
2026-06-26T15:15:00+00:00,0.109070
2026-06-26T15:30:00+00:00,0.117950
2026-06-26T15:45:00+00:00,0.133970
2026-06-26T16:00:00+00:00,0.093810
2026-06-26T16:15:00+00:00,0.135280
2026-06-26T16:30:00+00:00,0.160920
2026-06-26T16:45:00+00:00,0.212140
2026-06-26T17:00:00+00:00,0.159920
2026-06-26T17:15:00+00:00,0.193130
2026-06-26T17:30:00+00:00,0.249330
2026-06-26T17:45:00+00:00,0.377370
2026-06-26T18:00:00+00:00,0.259750
2026-06-26T18:15:00+00:00,0.342290
2026-06-26T18:30:00+00:00,0.407400
2026-06-26T18:45:00+00:00,0.414560
2026-06-26T19:00:00+00:00,0.412740
2026-06-26T19:15:00+00:00,0.340090
2026-06-26T19:30:00+00:00,0.250100
2026-06-26T19:45:00+00:00,0.194740
2026-06-26T20:00:00+00:00,0.258550
2026-06-26T20:15:00+00:00,0.205880
2026-06-26T20:30:00+00:00,0.185020
2026-06-26T20:45:00+00:00,0.161320
2026-06-26T21:00:00+00:00,0.176480
2026-06-26T21:15:00+00:00,0.157470
2026-06-26T21:30:00+00:00,0.145870
2026-06-26T21:45:00+00:00,0.139620
2026-06-26T22:00:00+00:00,0.145560
2026-06-26T22:15:00+00:00,0.134100
2026-06-26T22:30:00+00:00,0.127890
2026-06-26T22:45:00+00:00,0.121670
2026-06-26T23:00:00+00:00,0.130550
2026-06-26T23:15:00+00:00,0.126000
2026-06-26T23:30:00+00:00,0.122650
2026-06-26T23:45:00+00:00,0.119130
2026-06-27T00:00:00+00:00,0.120180
2026-06-27T00:15:00+00:00,0.119080
2026-06-27T00:30:00+00:00,0.116400
2026-06-27T00:45:00+00:00,0.116620
2026-06-27T01:00:00+00:00,0.117890
2026-06-27T01:15:00+00:00,0.114320
2026-06-27T01:30:00+00:00,0.116110
2026-06-27T01:45:00+00:00,0.115000
2026-06-27T02:00:00+00:00,0.114770
2026-06-27T02:15:00+00:00,0.116110
2026-06-27T02:30:00+00:00,0.116100
2026-06-27T02:45:00+00:00,0.114320
2026-06-27T03:00:00+00:00,0.115400
2026-06-27T03:15:00+00:00,0.113850
2026-06-27T03:30:00+00:00,0.113840
2026-06-27T03:45:00+00:00,0.112910
2026-06-27T04:00:00+00:00,0.115010
2026-06-27T04:15:00+00:00,0.112910
2026-06-27T04:30:00+00:00,0.112010
2026-06-27T04:45:00+00:00,0.110970
2026-06-27T05:00:00+00:00,0.115330
2026-06-27T05:15:00+00:00,0.113840
2026-06-27T05:30:00+00:00,0.112910
2026-06-27T05:45:00+00:00,0.095010
2026-06-27T06:00:00+00:00,0.118850
2026-06-27T06:15:00+00:00,0.112610
2026-06-27T06:30:00+00:00,0.108040
2026-06-27T06:45:00+00:00,0.084020
2026-06-27T07:00:00+00:00,0.109870
2026-06-27T07:15:00+00:00,0.086720
2026-06-27T07:30:00+00:00,0.072380
2026-06-27T07:45:00+00:00,0.033000
2026-06-27T08:00:00+00:00,0.064420
2026-06-27T08:15:00+00:00,0.042820
2026-06-27T08:30:00+00:00,0.022430
2026-06-27T08:45:00+00:00,0.014430
2026-06-27T09:00:00+00:00,0.022170
2026-06-27T09:15:00+00:00,0.013870
2026-06-27T09:30:00+00:00,0.008680
2026-06-27T09:45:00+00:00,0.004470
2026-06-27T10:00:00+00:00,0.003330
2026-06-27T10:15:00+00:00,0.000820
2026-06-27T10:30:00+00:00,0.001420
2026-06-27T10:45:00+00:00,0.002480
2026-06-27T11:00:00+00:00,0.000120
2026-06-27T11:15:00+00:00,0.000010
2026-06-27T11:30:00+00:00,0.000000
2026-06-27T11:45:00+00:00,0.000010
2026-06-27T12:00:00+00:00,0.000100
2026-06-27T12:15:00+00:00,0.001400
2026-06-27T12:30:00+00:00,0.004080
2026-06-27T12:45:00+00:00,0.007990
2026-06-27T13:00:00+00:00,0.002140
2026-06-27T13:15:00+00:00,0.004000
2026-06-27T13:30:00+00:00,0.012860
2026-06-27T13:45:00+00:00,0.032070
2026-06-27T14:00:00+00:00,0.009100
2026-06-27T14:15:00+00:00,0.035000
2026-06-27T14:30:00+00:00,0.065320
2026-06-27T14:45:00+00:00,0.088910
2026-06-27T15:00:00+00:00,0.061970
2026-06-27T15:15:00+00:00,0.097070
2026-06-27T15:30:00+00:00,0.107700
2026-06-27T15:45:00+00:00,0.126900
2026-06-27T16:00:00+00:00,0.107810
2026-06-27T16:15:00+00:00,0.115000
2026-06-27T16:30:00+00:00,0.130060
2026-06-27T16:45:00+00:00,0.147040
2026-06-27T17:00:00+00:00,0.135930
2026-06-27T17:15:00+00:00,0.150710
2026-06-27T17:30:00+00:00,0.183220
2026-06-27T17:45:00+00:00,0.223330
2026-06-27T18:00:00+00:00,0.204230
2026-06-27T18:15:00+00:00,0.211300
2026-06-27T18:30:00+00:00,0.232640
2026-06-27T18:45:00+00:00,0.282040
2026-06-27T19:00:00+00:00,0.228970
2026-06-27T19:15:00+00:00,0.243440
2026-06-27T19:30:00+00:00,0.239020
2026-06-27T19:45:00+00:00,0.240250
2026-06-27T20:00:00+00:00,0.207740
2026-06-27T20:15:00+00:00,0.182000
2026-06-27T20:30:00+00:00,0.170090
2026-06-27T20:45:00+00:00,0.157810
2026-06-27T21:00:00+00:00,0.161120
2026-06-27T21:15:00+00:00,0.150100
2026-06-27T21:30:00+00:00,0.141120
2026-06-27T21:45:00+00:00,0.138290
2026-06-27T22:00:00+00:00,0.145170
2026-06-27T22:15:00+00:00,0.144240
2026-06-27T22:30:00+00:00,0.134700
2026-06-27T22:45:00+00:00,0.124370
2026-06-27T23:00:00+00:00,0.132260
2026-06-27T23:15:00+00:00,0.130760
2026-06-27T23:30:00+00:00,0.125050
2026-06-27T23:45:00+00:00,0.122040
2026-06-28T00:00:00+00:00,0.122790
2026-06-28T00:15:00+00:00,0.120620
2026-06-28T00:30:00+00:00,0.118820
2026-06-28T00:45:00+00:00,0.116500
2026-06-28T01:00:00+00:00,0.116180
2026-06-28T01:15:00+00:00,0.115590
2026-06-28T01:30:00+00:00,0.115980
2026-06-28T01:45:00+00:00,0.115000
2026-06-28T02:00:00+00:00,0.114600
2026-06-28T02:15:00+00:00,0.114570
2026-06-28T02:30:00+00:00,0.115000
2026-06-28T02:45:00+00:00,0.114770
2026-06-28T03:00:00+00:00,0.115540
2026-06-28T03:15:00+00:00,0.115090
2026-06-28T03:30:00+00:00,0.115000
2026-06-28T03:45:00+00:00,0.114860
2026-06-28T04:00:00+00:00,0.116000
2026-06-28T04:15:00+00:00,0.115000
2026-06-28T04:30:00+00:00,0.110690
2026-06-28T04:45:00+00:00,0.106560
2026-06-28T05:00:00+00:00,0.114600
2026-06-28T05:15:00+00:00,0.112360
2026-06-28T05:30:00+00:00,0.104860
2026-06-28T05:45:00+00:00,0.085900
2026-06-28T06:00:00+00:00,0.108470
2026-06-28T06:15:00+00:00,0.082990
2026-06-28T06:30:00+00:00,0.070440
2026-06-28T06:45:00+00:00,0.044840
2026-06-28T07:00:00+00:00,0.067550
2026-06-28T07:15:00+00:00,0.037960
2026-06-28T07:30:00+00:00,0.018080
2026-06-28T07:45:00+00:00,0.007660
2026-06-28T08:00:00+00:00,0.014430
2026-06-28T08:15:00+00:00,0.004990
2026-06-28T08:30:00+00:00,0.000840
2026-06-28T08:45:00+00:00,0.000000
2026-06-28T09:00:00+00:00,0.000540
2026-06-28T09:15:00+00:00,-0.000010
2026-06-28T09:30:00+00:00,-0.000010
2026-06-28T09:45:00+00:00,-0.001170
2026-06-28T10:00:00+00:00,-0.000010
2026-06-28T10:15:00+00:00,-0.000010
2026-06-28T10:30:00+00:00,-0.000120
2026-06-28T10:45:00+00:00,-0.000160
2026-06-28T11:00:00+00:00,-0.002070
2026-06-28T11:15:00+00:00,-0.002060
2026-06-28T11:30:00+00:00,-0.002040
2026-06-28T11:45:00+00:00,-0.002000
2026-06-28T12:00:00+00:00,-0.000230
2026-06-28T12:15:00+00:00,-0.000030
2026-06-28T12:30:00+00:00,-0.000010
2026-06-28T12:45:00+00:00,0.000000
2026-06-28T13:00:00+00:00,0.000000
2026-06-28T13:15:00+00:00,0.000010
2026-06-28T13:30:00+00:00,0.000990
2026-06-28T13:45:00+00:00,0.005480
2026-06-28T14:00:00+00:00,0.000450
2026-06-28T14:15:00+00:00,0.008430
2026-06-28T14:30:00+00:00,0.026190
2026-06-28T14:45:00+00:00,0.064240
2026-06-28T15:00:00+00:00,0.027730
2026-06-28T15:15:00+00:00,0.073170
2026-06-28T15:30:00+00:00,0.101650
2026-06-28T15:45:00+00:00,0.123280
2026-06-28T16:00:00+00:00,0.105260
2026-06-28T16:15:00+00:00,0.110950
2026-06-28T16:30:00+00:00,0.113290
2026-06-28T16:45:00+00:00,0.124810
2026-06-28T17:00:00+00:00,0.107590
2026-06-28T17:15:00+00:00,0.129100
2026-06-28T17:30:00+00:00,0.128560
2026-06-28T17:45:00+00:00,0.142860
2026-06-28T18:00:00+00:00,0.133900
2026-06-28T18:15:00+00:00,0.149940
2026-06-28T18:30:00+00:00,0.153370
2026-06-28T18:45:00+00:00,0.154190
2026-06-28T19:00:00+00:00,0.158720
2026-06-28T19:15:00+00:00,0.156900
2026-06-28T19:30:00+00:00,0.153680
2026-06-28T19:45:00+00:00,0.163400
2026-06-28T20:00:00+00:00,0.159360
2026-06-28T20:15:00+00:00,0.159220
2026-06-28T20:30:00+00:00,0.153310
2026-06-28T20:45:00+00:00,0.149760
2026-06-28T21:00:00+00:00,0.150620
2026-06-28T21:15:00+00:00,0.143430
2026-06-28T21:30:00+00:00,0.141540
2026-06-28T21:45:00+00:00,0.134970
2026-06-28T22:00:00+00:00,0.132750
2026-06-28T22:15:00+00:00,0.125890
2026-06-28T22:30:00+00:00,0.119830
2026-06-28T22:45:00+00:00,0.114000
2026-06-28T23:00:00+00:00,0.115990
2026-06-28T23:15:00+00:00,0.113240
2026-06-28T23:30:00+00:00,0.114000
2026-06-28T23:45:00+00:00,0.111430
2026-06-29T00:00:00+00:00,0.115500
2026-06-29T00:15:00+00:00,0.114000
2026-06-29T00:30:00+00:00,0.111970
2026-06-29T00:45:00+00:00,0.110400
2026-06-29T01:00:00+00:00,0.110000
2026-06-29T01:15:00+00:00,0.109590
2026-06-29T01:30:00+00:00,0.109450
2026-06-29T01:45:00+00:00,0.109150
2026-06-29T02:00:00+00:00,0.110530
2026-06-29T02:15:00+00:00,0.110560
2026-06-29T02:30:00+00:00,0.114540
2026-06-29T02:45:00+00:00,0.118760
2026-06-29T03:00:00+00:00,0.117130
2026-06-29T03:15:00+00:00,0.123410
2026-06-29T03:30:00+00:00,0.128340
2026-06-29T03:45:00+00:00,0.132830
2026-06-29T04:00:00+00:00,0.148000
2026-06-29T04:15:00+00:00,0.153210
2026-06-29T04:30:00+00:00,0.147880
2026-06-29T04:45:00+00:00,0.146670
2026-06-29T05:00:00+00:00,0.162400
2026-06-29T05:15:00+00:00,0.154430
2026-06-29T05:30:00+00:00,0.156170
2026-06-29T05:45:00+00:00,0.143610
2026-06-29T06:00:00+00:00,0.160310
2026-06-29T06:15:00+00:00,0.150260
2026-06-29T06:30:00+00:00,0.139600
2026-06-29T06:45:00+00:00,0.122000
2026-06-29T07:00:00+00:00,0.132000
2026-06-29T07:15:00+00:00,0.124700
2026-06-29T07:30:00+00:00,0.117060
2026-06-29T07:45:00+00:00,0.110030
2026-06-29T08:00:00+00:00,0.117050
2026-06-29T08:15:00+00:00,0.108980
2026-06-29T08:30:00+00:00,0.104210
2026-06-29T08:45:00+00:00,0.097460
2026-06-29T09:00:00+00:00,0.108630
2026-06-29T09:15:00+00:00,0.099860
2026-06-29T09:30:00+00:00,0.097450
2026-06-29T09:45:00+00:00,0.090460
2026-06-29T10:00:00+00:00,0.093000
2026-06-29T10:15:00+00:00,0.092220
2026-06-29T10:30:00+00:00,0.090000
2026-06-29T10:45:00+00:00,0.082810
2026-06-29T11:00:00+00:00,0.089000
2026-06-29T11:15:00+00:00,0.082770
2026-06-29T11:30:00+00:00,0.079080
2026-06-29T11:45:00+00:00,0.077260
2026-06-29T12:00:00+00:00,0.081000
2026-06-29T12:15:00+00:00,0.084990
2026-06-29T12:30:00+00:00,0.088000
2026-06-29T12:45:00+00:00,0.091550
2026-06-29T13:00:00+00:00,0.088800
2026-06-29T13:15:00+00:00,0.092600
2026-06-29T13:30:00+00:00,0.098880
2026-06-29T13:45:00+00:00,0.106960
2026-06-29T14:00:00+00:00,0.093500
2026-06-29T14:15:00+00:00,0.102350
2026-06-29T14:30:00+00:00,0.105590
2026-06-29T14:45:00+00:00,0.112910
2026-06-29T15:00:00+00:00,0.089900
2026-06-29T15:15:00+00:00,0.106600
2026-06-29T15:30:00+00:00,0.123590
2026-06-29T15:45:00+00:00,0.137600
2026-06-29T16:00:00+00:00,0.100380
2026-06-29T16:15:00+00:00,0.123240
2026-06-29T16:30:00+00:00,0.148060
2026-06-29T16:45:00+00:00,0.185820
2026-06-29T17:00:00+00:00,0.147100
2026-06-29T17:15:00+00:00,0.175850
2026-06-29T17:30:00+00:00,0.206740
2026-06-29T17:45:00+00:00,0.285250
2026-06-29T18:00:00+00:00,0.217000
2026-06-29T18:15:00+00:00,0.295390
2026-06-29T18:30:00+00:00,0.368790
2026-06-29T18:45:00+00:00,0.420000
2026-06-29T19:00:00+00:00,0.364280
2026-06-29T19:15:00+00:00,0.357510
2026-06-29T19:30:00+00:00,0.365820
2026-06-29T19:45:00+00:00,0.317460
2026-06-29T20:00:00+00:00,0.324280
2026-06-29T20:15:00+00:00,0.291290
2026-06-29T20:30:00+00:00,0.209200
2026-06-29T20:45:00+00:00,0.170850
2026-06-29T21:00:00+00:00,0.218940
2026-06-29T21:15:00+00:00,0.175040
2026-06-29T21:30:00+00:00,0.166440
2026-06-29T21:45:00+00:00,0.165720
2026-06-29T22:00:00+00:00,0.197610
2026-06-29T22:15:00+00:00,0.178150
2026-06-29T22:30:00+00:00,0.174790
2026-06-29T22:45:00+00:00,0.171770
2026-06-29T23:00:00+00:00,0.171570
2026-06-29T23:15:00+00:00,0.162810
2026-06-29T23:30:00+00:00,0.150720
2026-06-29T23:45:00+00:00,0.146680
2026-06-30T00:00:00+00:00,0.153110
2026-06-30T00:15:00+00:00,0.150060
2026-06-30T00:30:00+00:00,0.150920
2026-06-30T00:45:00+00:00,0.150070
2026-06-30T01:00:00+00:00,0.158730
2026-06-30T01:15:00+00:00,0.152240
2026-06-30T01:30:00+00:00,0.150070
2026-06-30T01:45:00+00:00,0.149100
2026-06-30T02:00:00+00:00,0.155790
2026-06-30T02:15:00+00:00,0.150190
2026-06-30T02:30:00+00:00,0.151800
2026-06-30T02:45:00+00:00,0.153790
2026-06-30T03:00:00+00:00,0.153130
2026-06-30T03:15:00+00:00,0.163810
2026-06-30T03:30:00+00:00,0.166660
2026-06-30T03:45:00+00:00,0.180270
2026-06-30T04:00:00+00:00,0.183350
2026-06-30T04:15:00+00:00,0.198980
2026-06-30T04:30:00+00:00,0.197940
2026-06-30T04:45:00+00:00,0.203300
2026-06-30T05:00:00+00:00,0.219900
2026-06-30T05:15:00+00:00,0.201170
2026-06-30T05:30:00+00:00,0.190840
2026-06-30T05:45:00+00:00,0.168880
2026-06-30T06:00:00+00:00,0.206660
2026-06-30T06:15:00+00:00,0.174110
2026-06-30T06:30:00+00:00,0.144990
2026-06-30T06:45:00+00:00,0.118720
2026-06-30T07:00:00+00:00,0.163500
2026-06-30T07:15:00+00:00,0.124170
2026-06-30T07:30:00+00:00,0.111010
2026-06-30T07:45:00+00:00,0.105100
2026-06-30T08:00:00+00:00,0.118380
2026-06-30T08:15:00+00:00,0.109580
2026-06-30T08:30:00+00:00,0.107710
2026-06-30T08:45:00+00:00,0.100000
2026-06-30T09:00:00+00:00,0.110690
2026-06-30T09:15:00+00:00,0.104850
2026-06-30T09:30:00+00:00,0.098490
2026-06-30T09:45:00+00:00,0.091350
2026-06-30T10:00:00+00:00,0.099710
2026-06-30T10:15:00+00:00,0.098860
2026-06-30T10:30:00+00:00,0.099280
2026-06-30T10:45:00+00:00,0.097160
2026-06-30T11:00:00+00:00,0.096820
2026-06-30T11:15:00+00:00,0.100300
2026-06-30T11:30:00+00:00,0.100490
2026-06-30T11:45:00+00:00,0.103130
2026-06-30T12:00:00+00:00,0.097140
2026-06-30T12:15:00+00:00,0.101870
2026-06-30T12:30:00+00:00,0.107820
2026-06-30T12:45:00+00:00,0.115610
2026-06-30T13:00:00+00:00,0.108460
2026-06-30T13:15:00+00:00,0.115220
2026-06-30T13:30:00+00:00,0.119400
2026-06-30T13:45:00+00:00,0.117320
2026-06-30T14:00:00+00:00,0.115240
2026-06-30T14:15:00+00:00,0.120420
2026-06-30T14:30:00+00:00,0.126330
2026-06-30T14:45:00+00:00,0.144680
2026-06-30T15:00:00+00:00,0.129650
2026-06-30T15:15:00+00:00,0.129600
2026-06-30T15:30:00+00:00,0.180300
2026-06-30T15:45:00+00:00,0.262810
2026-06-30T16:00:00+00:00,0.167030
2026-06-30T16:15:00+00:00,0.194060
2026-06-30T16:30:00+00:00,0.288720
2026-06-30T16:45:00+00:00,0.415650
2026-06-30T17:00:00+00:00,0.394210
2026-06-30T17:15:00+00:00,0.488330
2026-06-30T17:30:00+00:00,0.515510
2026-06-30T17:45:00+00:00,0.557010
2026-06-30T18:00:00+00:00,0.508230
2026-06-30T18:15:00+00:00,0.533920
2026-06-30T18:30:00+00:00,0.582110
2026-06-30T18:45:00+00:00,0.589780
2026-06-30T19:00:00+00:00,0.503890
2026-06-30T19:15:00+00:00,0.463040
2026-06-30T19:30:00+00:00,0.421320
2026-06-30T19:45:00+00:00,0.323340
2026-06-30T20:00:00+00:00,0.374660
2026-06-30T20:15:00+00:00,0.300940
2026-06-30T20:30:00+00:00,0.258560
2026-06-30T20:45:00+00:00,0.256470
2026-06-30T21:00:00+00:00,0.220230
2026-06-30T21:15:00+00:00,0.215020
2026-06-30T21:30:00+00:00,0.199140
2026-06-30T21:45:00+00:00,0.180260
2026-06-30T22:00:00+00:00,0.179650
2026-06-30T22:15:00+00:00,0.163420
2026-06-30T22:30:00+00:00,0.156230
2026-06-30T22:45:00+00:00,0.147300
2026-06-30T23:00:00+00:00,0.160450
2026-06-30T23:15:00+00:00,0.152000
2026-06-30T23:30:00+00:00,0.144380
2026-06-30T23:45:00+00:00,0.141130
2026-07-01T00:00:00+00:00,0.143660
2026-07-01T00:15:00+00:00,0.144590
2026-07-01T00:30:00+00:00,0.145690
2026-07-01T00:45:00+00:00,0.142190
2026-07-01T01:00:00+00:00,0.147430
2026-07-01T01:15:00+00:00,0.148080
2026-07-01T01:30:00+00:00,0.145530
2026-07-01T01:45:00+00:00,0.140760
2026-07-01T02:00:00+00:00,0.146260
2026-07-01T02:15:00+00:00,0.149370
2026-07-01T02:30:00+00:00,0.149340
2026-07-01T02:45:00+00:00,0.151910
2026-07-01T03:00:00+00:00,0.150420
2026-07-01T03:15:00+00:00,0.152550
2026-07-01T03:30:00+00:00,0.157650
2026-07-01T03:45:00+00:00,0.161820
2026-07-01T04:00:00+00:00,0.183570
2026-07-01T04:15:00+00:00,0.189000
2026-07-01T04:30:00+00:00,0.189590
2026-07-01T04:45:00+00:00,0.189590
2026-07-01T05:00:00+00:00,0.201430
2026-07-01T05:15:00+00:00,0.200520
2026-07-01T05:30:00+00:00,0.192840
2026-07-01T05:45:00+00:00,0.195910
2026-07-01T06:00:00+00:00,0.195320
2026-07-01T06:15:00+00:00,0.189740
2026-07-01T06:30:00+00:00,0.166480
2026-07-01T06:45:00+00:00,0.145180
2026-07-01T07:00:00+00:00,0.176810
2026-07-01T07:15:00+00:00,0.151620
2026-07-01T07:30:00+00:00,0.130570
2026-07-01T07:45:00+00:00,0.119510
2026-07-01T08:00:00+00:00,0.139390
2026-07-01T08:15:00+00:00,0.123000
2026-07-01T08:30:00+00:00,0.120640
2026-07-01T08:45:00+00:00,0.111010
2026-07-01T09:00:00+00:00,0.125880
2026-07-01T09:15:00+00:00,0.116050
2026-07-01T09:30:00+00:00,0.113640
2026-07-01T09:45:00+00:00,0.109770
2026-07-01T10:00:00+00:00,0.117520
2026-07-01T10:15:00+00:00,0.111020
2026-07-01T10:30:00+00:00,0.114850
2026-07-01T10:45:00+00:00,0.106430
2026-07-01T11:00:00+00:00,0.113940
2026-07-01T11:15:00+00:00,0.102770
2026-07-01T11:30:00+00:00,0.097260
2026-07-01T11:45:00+00:00,0.095050
2026-07-01T12:00:00+00:00,0.098430
2026-07-01T12:15:00+00:00,0.096580
2026-07-01T12:30:00+00:00,0.095830
2026-07-01T12:45:00+00:00,0.094440
2026-07-01T13:00:00+00:00,0.091540
2026-07-01T13:15:00+00:00,0.090790
2026-07-01T13:30:00+00:00,0.091160
2026-07-01T13:45:00+00:00,0.093800
2026-07-01T14:00:00+00:00,0.085440
2026-07-01T14:15:00+00:00,0.085670
2026-07-01T14:30:00+00:00,0.095120
2026-07-01T14:45:00+00:00,0.104250
2026-07-01T15:00:00+00:00,0.092890
2026-07-01T15:15:00+00:00,0.105060
2026-07-01T15:30:00+00:00,0.106380
2026-07-01T15:45:00+00:00,0.111570
2026-07-01T16:00:00+00:00,0.104930
2026-07-01T16:15:00+00:00,0.108620
2026-07-01T16:30:00+00:00,0.131520
2026-07-01T16:45:00+00:00,0.139930
2026-07-01T17:00:00+00:00,0.123410
2026-07-01T17:15:00+00:00,0.151490
2026-07-01T17:30:00+00:00,0.183620
2026-07-01T17:45:00+00:00,0.209680
2026-07-01T18:00:00+00:00,0.179590
2026-07-01T18:15:00+00:00,0.211220
2026-07-01T18:30:00+00:00,0.239710
2026-07-01T18:45:00+00:00,0.280400
2026-07-01T19:00:00+00:00,0.247800
2026-07-01T19:15:00+00:00,0.253600
2026-07-01T19:30:00+00:00,0.252890
2026-07-01T19:45:00+00:00,0.222030
2026-07-01T20:00:00+00:00,0.238790
2026-07-01T20:15:00+00:00,0.204140
2026-07-01T20:30:00+00:00,0.182400
2026-07-01T20:45:00+00:00,0.170190
2026-07-01T21:00:00+00:00,0.183230
2026-07-01T21:15:00+00:00,0.168370
2026-07-01T21:30:00+00:00,0.145710
2026-07-01T21:45:00+00:00,0.132320
2026-07-01T22:00:00+00:00,0.163170
2026-07-01T22:15:00+00:00,0.159440
2026-07-01T22:30:00+00:00,0.160400
2026-07-01T22:45:00+00:00,0.150200
2026-07-01T23:00:00+00:00,0.163460
2026-07-01T23:15:00+00:00,0.142940
2026-07-01T23:30:00+00:00,0.131720
2026-07-01T23:45:00+00:00,0.130220
2026-07-02T00:00:00+00:00,0.140000
2026-07-02T00:15:00+00:00,0.133660
2026-07-02T00:30:00+00:00,0.133220
2026-07-02T00:45:00+00:00,0.126400
2026-07-02T01:00:00+00:00,0.122240
2026-07-02T01:15:00+00:00,0.119640
2026-07-02T01:30:00+00:00,0.115920
2026-07-02T01:45:00+00:00,0.109160
2026-07-02T02:00:00+00:00,0.109950
2026-07-02T02:15:00+00:00,0.112070
2026-07-02T02:30:00+00:00,0.106820
2026-07-02T02:45:00+00:00,0.106410
2026-07-02T03:00:00+00:00,0.110150
2026-07-02T03:15:00+00:00,0.110490
2026-07-02T03:30:00+00:00,0.109160
2026-07-02T03:45:00+00:00,0.111610
2026-07-02T04:00:00+00:00,0.125280
2026-07-02T04:15:00+00:00,0.119520
2026-07-02T04:30:00+00:00,0.113270
2026-07-02T04:45:00+00:00,0.107080
2026-07-02T05:00:00+00:00,0.127390
2026-07-02T05:15:00+00:00,0.116850
2026-07-02T05:30:00+00:00,0.106290
2026-07-02T05:45:00+00:00,0.090980
2026-07-02T06:00:00+00:00,0.116000
2026-07-02T06:15:00+00:00,0.100960
2026-07-02T06:30:00+00:00,0.086320
2026-07-02T06:45:00+00:00,0.041470
2026-07-02T07:00:00+00:00,0.080530
2026-07-02T07:15:00+00:00,0.061110
2026-07-02T07:30:00+00:00,0.023940
2026-07-02T07:45:00+00:00,0.000520
2026-07-02T08:00:00+00:00,0.017300
2026-07-02T08:15:00+00:00,0.004900
2026-07-02T08:30:00+00:00,0.000640
2026-07-02T08:45:00+00:00,0.001040
2026-07-02T09:00:00+00:00,0.002060
2026-07-02T09:15:00+00:00,0.004480
2026-07-02T09:30:00+00:00,0.008480
2026-07-02T09:45:00+00:00,0.009670
2026-07-02T10:00:00+00:00,0.002930
2026-07-02T10:15:00+00:00,0.007630
2026-07-02T10:30:00+00:00,0.007710
2026-07-02T10:45:00+00:00,0.006800
2026-07-02T11:00:00+00:00,0.007080
2026-07-02T11:15:00+00:00,0.007310
2026-07-02T11:30:00+00:00,0.005410
2026-07-02T11:45:00+00:00,0.005400
2026-07-02T12:00:00+00:00,0.002090
2026-07-02T12:15:00+00:00,0.002040
2026-07-02T12:30:00+00:00,0.002550
2026-07-02T12:45:00+00:00,0.002240
2026-07-02T13:00:00+00:00,-0.000010
2026-07-02T13:15:00+00:00,-0.000570
2026-07-02T13:30:00+00:00,-0.000340
2026-07-02T13:45:00+00:00,0.000000
2026-07-02T14:00:00+00:00,0.000160
2026-07-02T14:15:00+00:00,0.000440
2026-07-02T14:30:00+00:00,0.001640
2026-07-02T14:45:00+00:00,0.001710
2026-07-02T15:00:00+00:00,0.002650
2026-07-02T15:15:00+00:00,0.001530
2026-07-02T15:30:00+00:00,0.002930
2026-07-02T15:45:00+00:00,0.012900
2026-07-02T16:00:00+00:00,0.016920
2026-07-02T16:15:00+00:00,0.027950
2026-07-02T16:30:00+00:00,0.068530
2026-07-02T16:45:00+00:00,0.088940
2026-07-02T17:00:00+00:00,0.067220
2026-07-02T17:15:00+00:00,0.088590
2026-07-02T17:30:00+00:00,0.096220
2026-07-02T17:45:00+00:00,0.114810
2026-07-02T18:00:00+00:00,0.093510
2026-07-02T18:15:00+00:00,0.109000
2026-07-02T18:30:00+00:00,0.127290
2026-07-02T18:45:00+00:00,0.142610
2026-07-02T19:00:00+00:00,0.114080
2026-07-02T19:15:00+00:00,0.121490
2026-07-02T19:30:00+00:00,0.139990
2026-07-02T19:45:00+00:00,0.146730
2026-07-02T20:00:00+00:00,0.144800
2026-07-02T20:15:00+00:00,0.144540
2026-07-02T20:30:00+00:00,0.147900
2026-07-02T20:45:00+00:00,0.129400
2026-07-02T21:00:00+00:00,0.141230
2026-07-02T21:15:00+00:00,0.124650
2026-07-02T21:30:00+00:00,0.135180
2026-07-02T21:45:00+00:00,0.126730
2026-07-02T22:00:00+00:00,0.144700
2026-07-02T22:15:00+00:00,0.127280
2026-07-02T22:30:00+00:00,0.107100
2026-07-02T22:45:00+00:00,0.100100
2026-07-02T23:00:00+00:00,0.133500
2026-07-02T23:15:00+00:00,0.117280
2026-07-02T23:30:00+00:00,0.100390
2026-07-02T23:45:00+00:00,0.094970
2026-07-03T00:00:00+00:00,0.103300
2026-07-03T00:15:00+00:00,0.109350
2026-07-03T00:30:00+00:00,0.107800
2026-07-03T00:45:00+00:00,0.105230
2026-07-03T01:00:00+00:00,0.104710
2026-07-03T01:15:00+00:00,0.101970
2026-07-03T01:30:00+00:00,0.098240
2026-07-03T01:45:00+00:00,0.093070
2026-07-03T02:00:00+00:00,0.101980
2026-07-03T02:15:00+00:00,0.098840
2026-07-03T02:30:00+00:00,0.093950
2026-07-03T02:45:00+00:00,0.095880
2026-07-03T03:00:00+00:00,0.094770
2026-07-03T03:15:00+00:00,0.094420
2026-07-03T03:30:00+00:00,0.096800
2026-07-03T03:45:00+00:00,0.099950
2026-07-03T04:00:00+00:00,0.109740
2026-07-03T04:15:00+00:00,0.113800
2026-07-03T04:30:00+00:00,0.111700
2026-07-03T04:45:00+00:00,0.109790
2026-07-03T05:00:00+00:00,0.131260
2026-07-03T05:15:00+00:00,0.117400
2026-07-03T05:30:00+00:00,0.106640
2026-07-03T05:45:00+00:00,0.088020
2026-07-03T06:00:00+00:00,0.191090
2026-07-03T06:15:00+00:00,0.103410
2026-07-03T06:30:00+00:00,0.076820
2026-07-03T06:45:00+00:00,0.052880
2026-07-03T07:00:00+00:00,0.072320
2026-07-03T07:15:00+00:00,0.049950
2026-07-03T07:30:00+00:00,0.018520
2026-07-03T07:45:00+00:00,0.000490
2026-07-03T08:00:00+00:00,0.000550
2026-07-03T08:15:00+00:00,0.000390
2026-07-03T08:30:00+00:00,0.000360
2026-07-03T08:45:00+00:00,0.000000
2026-07-03T09:00:00+00:00,-0.000010
2026-07-03T09:15:00+00:00,-0.000420
2026-07-03T09:30:00+00:00,-0.000550
2026-07-03T09:45:00+00:00,-0.001140
2026-07-03T10:00:00+00:00,-0.001280
2026-07-03T10:15:00+00:00,-0.001470
2026-07-03T10:30:00+00:00,-0.001440
2026-07-03T10:45:00+00:00,-0.001570
2026-07-03T11:00:00+00:00,-0.002050
2026-07-03T11:15:00+00:00,-0.002410
2026-07-03T11:30:00+00:00,-0.003000
2026-07-03T11:45:00+00:00,-0.004000
2026-07-03T12:00:00+00:00,-0.003740
2026-07-03T12:15:00+00:00,-0.003960
2026-07-03T12:30:00+00:00,-0.003660
2026-07-03T12:45:00+00:00,-0.004030
2026-07-03T13:00:00+00:00,-0.003500
2026-07-03T13:15:00+00:00,-0.003550
2026-07-03T13:30:00+00:00,-0.001440
2026-07-03T13:45:00+00:00,-0.002440
2026-07-03T14:00:00+00:00,-0.000810
2026-07-03T14:15:00+00:00,-0.001470
2026-07-03T14:30:00+00:00,-0.000010
2026-07-03T14:45:00+00:00,0.000730
2026-07-03T15:00:00+00:00,0.000760
2026-07-03T15:15:00+00:00,0.002700
2026-07-03T15:30:00+00:00,0.006400
2026-07-03T15:45:00+00:00,0.009900
2026-07-03T16:00:00+00:00,0.002450
2026-07-03T16:15:00+00:00,0.023420
2026-07-03T16:30:00+00:00,0.070100
2026-07-03T16:45:00+00:00,0.092050
2026-07-03T17:00:00+00:00,0.077000
2026-07-03T17:15:00+00:00,0.107400
2026-07-03T17:30:00+00:00,0.122310
2026-07-03T17:45:00+00:00,0.130270
2026-07-03T18:00:00+00:00,0.112150
2026-07-03T18:15:00+00:00,0.119910
2026-07-03T18:30:00+00:00,0.128930
2026-07-03T18:45:00+00:00,0.152500
2026-07-03T19:00:00+00:00,0.127550
2026-07-03T19:15:00+00:00,0.135440
2026-07-03T19:30:00+00:00,0.139350
2026-07-03T19:45:00+00:00,0.142200
2026-07-03T20:00:00+00:00,0.143400
2026-07-03T20:15:00+00:00,0.139430
2026-07-03T20:30:00+00:00,0.136280
2026-07-03T20:45:00+00:00,0.131270
2026-07-03T21:00:00+00:00,0.133440
2026-07-03T21:15:00+00:00,0.129360
2026-07-03T21:30:00+00:00,0.128320
2026-07-03T21:45:00+00:00,0.120470
2026-07-03T22:00:00+00:00,0.142500
2026-07-03T22:15:00+00:00,0.129610
2026-07-03T22:30:00+00:00,0.123980
2026-07-03T22:45:00+00:00,0.114970
2026-07-03T23:00:00+00:00,0.129580
2026-07-03T23:15:00+00:00,0.119750
2026-07-03T23:30:00+00:00,0.116500
2026-07-03T23:45:00+00:00,0.114870
2026-07-04T00:00:00+00:00,0.115850
2026-07-04T00:15:00+00:00,0.114320
2026-07-04T00:30:00+00:00,0.114290
2026-07-04T00:45:00+00:00,0.112710
2026-07-04T01:00:00+00:00,0.114370
2026-07-04T01:15:00+00:00,0.111770
2026-07-04T01:30:00+00:00,0.107400
2026-07-04T01:45:00+00:00,0.104990
2026-07-04T02:00:00+00:00,0.102420
2026-07-04T02:15:00+00:00,0.104070
2026-07-04T02:30:00+00:00,0.101010
2026-07-04T02:45:00+00:00,0.101710
2026-07-04T03:00:00+00:00,0.101000
2026-07-04T03:15:00+00:00,0.101680
2026-07-04T03:30:00+00:00,0.097010
2026-07-04T03:45:00+00:00,0.090970
2026-07-04T04:00:00+00:00,0.102450
2026-07-04T04:15:00+00:00,0.098000
2026-07-04T04:30:00+00:00,0.087730
2026-07-04T04:45:00+00:00,0.073020
2026-07-04T05:00:00+00:00,0.098030
2026-07-04T05:15:00+00:00,0.077620
2026-07-04T05:30:00+00:00,0.058720
2026-07-04T05:45:00+00:00,0.044760
2026-07-04T06:00:00+00:00,0.061820
2026-07-04T06:15:00+00:00,0.032530
2026-07-04T06:30:00+00:00,0.013890
2026-07-04T06:45:00+00:00,0.004480
2026-07-04T07:00:00+00:00,0.003600
2026-07-04T07:15:00+00:00,0.000050
2026-07-04T07:30:00+00:00,0.000000
2026-07-04T07:45:00+00:00,0.000000
2026-07-04T08:00:00+00:00,0.000000
2026-07-04T08:15:00+00:00,0.000000
2026-07-04T08:30:00+00:00,-0.000010
2026-07-04T08:45:00+00:00,-0.000040
2026-07-04T09:00:00+00:00,-0.000110
2026-07-04T09:15:00+00:00,-0.000120
2026-07-04T09:30:00+00:00,-0.000930
2026-07-04T09:45:00+00:00,-0.001790
2026-07-04T10:00:00+00:00,-0.001510
2026-07-04T10:15:00+00:00,-0.002160
2026-07-04T10:30:00+00:00,-0.003150
2026-07-04T10:45:00+00:00,-0.004590
2026-07-04T11:00:00+00:00,-0.005910
2026-07-04T11:15:00+00:00,-0.007300
2026-07-04T11:30:00+00:00,-0.008000
2026-07-04T11:45:00+00:00,-0.009230
2026-07-04T12:00:00+00:00,-0.010950
2026-07-04T12:15:00+00:00,-0.010020
2026-07-04T12:30:00+00:00,-0.009260
2026-07-04T12:45:00+00:00,-0.008000
2026-07-04T13:00:00+00:00,-0.005570
2026-07-04T13:15:00+00:00,-0.004640
2026-07-04T13:30:00+00:00,-0.003430
2026-07-04T13:45:00+00:00,-0.002230
2026-07-04T14:00:00+00:00,-0.000940
2026-07-04T14:15:00+00:00,-0.000130
2026-07-04T14:30:00+00:00,-0.000110
2026-07-04T14:45:00+00:00,-0.000010
2026-07-04T15:00:00+00:00,0.000000
2026-07-04T15:15:00+00:00,0.000220
2026-07-04T15:30:00+00:00,0.001160
2026-07-04T15:45:00+00:00,0.016640
2026-07-04T16:00:00+00:00,0.010680
2026-07-04T16:15:00+00:00,0.044260
2026-07-04T16:30:00+00:00,0.067210
2026-07-04T16:45:00+00:00,0.085900
2026-07-04T17:00:00+00:00,0.077370
2026-07-04T17:15:00+00:00,0.093380
2026-07-04T17:30:00+00:00,0.115030
2026-07-04T17:45:00+00:00,0.123980
2026-07-04T18:00:00+00:00,0.110610
2026-07-04T18:15:00+00:00,0.117410
2026-07-04T18:30:00+00:00,0.125540
2026-07-04T18:45:00+00:00,0.137380
2026-07-04T19:00:00+00:00,0.127970
2026-07-04T19:15:00+00:00,0.129860
2026-07-04T19:30:00+00:00,0.133490
2026-07-04T19:45:00+00:00,0.131170
2026-07-04T20:00:00+00:00,0.138250
2026-07-04T20:15:00+00:00,0.129410
2026-07-04T20:30:00+00:00,0.129200
2026-07-04T20:45:00+00:00,0.119080
2026-07-04T21:00:00+00:00,0.131410
2026-07-04T21:15:00+00:00,0.120100
2026-07-04T21:30:00+00:00,0.117460
2026-07-04T21:45:00+00:00,0.119950
2026-07-04T22:00:00+00:00,0.144910
2026-07-04T22:15:00+00:00,0.141130
2026-07-04T22:30:00+00:00,0.125560
2026-07-04T22:45:00+00:00,0.114040
2026-07-04T23:00:00+00:00,0.138900
2026-07-04T23:15:00+00:00,0.117210
2026-07-04T23:30:00+00:00,0.110850
2026-07-04T23:45:00+00:00,0.101630
2026-07-05T00:00:00+00:00,0.116860
2026-07-05T00:15:00+00:00,0.124320
2026-07-05T00:30:00+00:00,0.115540
2026-07-05T00:45:00+00:00,0.103330
2026-07-05T01:00:00+00:00,0.114550
2026-07-05T01:15:00+00:00,0.108380
2026-07-05T01:30:00+00:00,0.106000
2026-07-05T01:45:00+00:00,0.096670
2026-07-05T02:00:00+00:00,0.106060
2026-07-05T02:15:00+00:00,0.101910
2026-07-05T02:30:00+00:00,0.101640
2026-07-05T02:45:00+00:00,0.101730
2026-07-05T03:00:00+00:00,0.102520
2026-07-05T03:15:00+00:00,0.102950
2026-07-05T03:30:00+00:00,0.098470
2026-07-05T03:45:00+00:00,0.090100
2026-07-05T04:00:00+00:00,0.108910
2026-07-05T04:15:00+00:00,0.094510
2026-07-05T04:30:00+00:00,0.080000
2026-07-05T04:45:00+00:00,0.065020
2026-07-05T05:00:00+00:00,0.092730
2026-07-05T05:15:00+00:00,0.065750
2026-07-05T05:30:00+00:00,0.040020
2026-07-05T05:45:00+00:00,0.029580
2026-07-05T06:00:00+00:00,0.043580
2026-07-05T06:15:00+00:00,0.023150
2026-07-05T06:30:00+00:00,0.010130
2026-07-05T06:45:00+00:00,0.005910
2026-07-05T07:00:00+00:00,0.005990
2026-07-05T07:15:00+00:00,0.001770
2026-07-05T07:30:00+00:00,0.000030
2026-07-05T07:45:00+00:00,0.000010
2026-07-05T08:00:00+00:00,0.000000
2026-07-05T08:15:00+00:00,0.000000
2026-07-05T08:30:00+00:00,0.000020
2026-07-05T08:45:00+00:00,0.000010
2026-07-05T09:00:00+00:00,0.000000
2026-07-05T09:15:00+00:00,0.000010
2026-07-05T09:30:00+00:00,0.000000
2026-07-05T09:45:00+00:00,-0.000010
2026-07-05T10:00:00+00:00,-0.000080
2026-07-05T10:15:00+00:00,-0.000090
2026-07-05T10:30:00+00:00,-0.000110
2026-07-05T10:45:00+00:00,-0.000120
2026-07-05T11:00:00+00:00,-0.000160
2026-07-05T11:15:00+00:00,-0.000210
2026-07-05T11:30:00+00:00,-0.000970
2026-07-05T11:45:00+00:00,-0.001040
2026-07-05T12:00:00+00:00,-0.001270
2026-07-05T12:15:00+00:00,-0.001160
2026-07-05T12:30:00+00:00,-0.001060
2026-07-05T12:45:00+00:00,-0.001010
2026-07-05T13:00:00+00:00,-0.000990
2026-07-05T13:15:00+00:00,-0.001020
2026-07-05T13:30:00+00:00,-0.000980
2026-07-05T13:45:00+00:00,-0.000970
2026-07-05T14:00:00+00:00,-0.000060
2026-07-05T14:15:00+00:00,-0.000060
2026-07-05T14:30:00+00:00,-0.000010
2026-07-05T14:45:00+00:00,0.000700
2026-07-05T15:00:00+00:00,0.000000
2026-07-05T15:15:00+00:00,0.000950
2026-07-05T15:30:00+00:00,0.013070
2026-07-05T15:45:00+00:00,0.032400
2026-07-05T16:00:00+00:00,0.033670
2026-07-05T16:15:00+00:00,0.062900
2026-07-05T16:30:00+00:00,0.106620
2026-07-05T16:45:00+00:00,0.133880
2026-07-05T17:00:00+00:00,0.083650
2026-07-05T17:15:00+00:00,0.119310
2026-07-05T17:30:00+00:00,0.143510
2026-07-05T17:45:00+00:00,0.147650
2026-07-05T18:00:00+00:00,0.126180
2026-07-05T18:15:00+00:00,0.126610
2026-07-05T18:30:00+00:00,0.138410
2026-07-05T18:45:00+00:00,0.150020
2026-07-05T19:00:00+00:00,0.130870
2026-07-05T19:15:00+00:00,0.134320
2026-07-05T19:30:00+00:00,0.145040
2026-07-05T19:45:00+00:00,0.164000
2026-07-05T20:00:00+00:00,0.148680
2026-07-05T20:15:00+00:00,0.154730
2026-07-05T20:30:00+00:00,0.140100
2026-07-05T20:45:00+00:00,0.142220
2026-07-05T21:00:00+00:00,0.135910
2026-07-05T21:15:00+00:00,0.128690
2026-07-05T21:30:00+00:00,0.135150
2026-07-05T21:45:00+00:00,0.127510
2026-07-05T22:00:00+00:00,0.151910
2026-07-05T22:15:00+00:00,0.151860
2026-07-05T22:30:00+00:00,0.135800
2026-07-05T22:45:00+00:00,0.124820
2026-07-05T23:00:00+00:00,0.131270
2026-07-05T23:15:00+00:00,0.126350
2026-07-05T23:30:00+00:00,0.124100
2026-07-05T23:45:00+00:00,0.120680
2026-07-06T00:00:00+00:00,0.125220
2026-07-06T00:15:00+00:00,0.118810
2026-07-06T00:30:00+00:00,0.116790
2026-07-06T00:45:00+00:00,0.112300
2026-07-06T01:00:00+00:00,0.113560
2026-07-06T01:15:00+00:00,0.112150
2026-07-06T01:30:00+00:00,0.113610
2026-07-06T01:45:00+00:00,0.113660
2026-07-06T02:00:00+00:00,0.111800
2026-07-06T02:15:00+00:00,0.112130
2026-07-06T02:30:00+00:00,0.114190
2026-07-06T02:45:00+00:00,0.115050
2026-07-06T03:00:00+00:00,0.114380
2026-07-06T03:15:00+00:00,0.115590
2026-07-06T03:30:00+00:00,0.119430
2026-07-06T03:45:00+00:00,0.130190
2026-07-06T04:00:00+00:00,0.128060
2026-07-06T04:15:00+00:00,0.138470
2026-07-06T04:30:00+00:00,0.138730
2026-07-06T04:45:00+00:00,0.136630
2026-07-06T05:00:00+00:00,0.155690
2026-07-06T05:15:00+00:00,0.151150
2026-07-06T05:30:00+00:00,0.139150
2026-07-06T05:45:00+00:00,0.155150
2026-07-06T06:00:00+00:00,0.164960
2026-07-06T06:15:00+00:00,0.143720
2026-07-06T06:30:00+00:00,0.138850
2026-07-06T06:45:00+00:00,0.132300
2026-07-06T07:00:00+00:00,0.135930
2026-07-06T07:15:00+00:00,0.128570
2026-07-06T07:30:00+00:00,0.116360
2026-07-06T07:45:00+00:00,0.104800
2026-07-06T08:00:00+00:00,0.136610
2026-07-06T08:15:00+00:00,0.110410
2026-07-06T08:30:00+00:00,0.095180
2026-07-06T08:45:00+00:00,0.082690
2026-07-06T09:00:00+00:00,0.106050
2026-07-06T09:15:00+00:00,0.093450
2026-07-06T09:30:00+00:00,0.064800
2026-07-06T09:45:00+00:00,0.064660
2026-07-06T10:00:00+00:00,0.066790
2026-07-06T10:15:00+00:00,0.045430
2026-07-06T10:30:00+00:00,0.037110
2026-07-06T10:45:00+00:00,0.025520
2026-07-06T11:00:00+00:00,0.039280
2026-07-06T11:15:00+00:00,0.025020
2026-07-06T11:30:00+00:00,0.014160
2026-07-06T11:45:00+00:00,0.003880
2026-07-06T12:00:00+00:00,0.019260
2026-07-06T12:15:00+00:00,0.010470
2026-07-06T12:30:00+00:00,0.009480
2026-07-06T12:45:00+00:00,0.002030
2026-07-06T13:00:00+00:00,0.004640
2026-07-06T13:15:00+00:00,0.003460
2026-07-06T13:30:00+00:00,0.005920
2026-07-06T13:45:00+00:00,0.012590
2026-07-06T14:00:00+00:00,0.004720
2026-07-06T14:15:00+00:00,0.018200
2026-07-06T14:30:00+00:00,0.037720
2026-07-06T14:45:00+00:00,0.056710
2026-07-06T15:00:00+00:00,0.034680
2026-07-06T15:15:00+00:00,0.073730
2026-07-06T15:30:00+00:00,0.086900
2026-07-06T15:45:00+00:00,0.102700
2026-07-06T16:00:00+00:00,0.083730
2026-07-06T16:15:00+00:00,0.100010
2026-07-06T16:30:00+00:00,0.118260
2026-07-06T16:45:00+00:00,0.123670
2026-07-06T17:00:00+00:00,0.105740
2026-07-06T17:15:00+00:00,0.112810
2026-07-06T17:30:00+00:00,0.126680
2026-07-06T17:45:00+00:00,0.136220
2026-07-06T18:00:00+00:00,0.125090
2026-07-06T18:15:00+00:00,0.136270
2026-07-06T18:30:00+00:00,0.142430
2026-07-06T18:45:00+00:00,0.156800
2026-07-06T19:00:00+00:00,0.155240
2026-07-06T19:15:00+00:00,0.159980
2026-07-06T19:30:00+00:00,0.157590
2026-07-06T19:45:00+00:00,0.147460
2026-07-06T20:00:00+00:00,0.156990
2026-07-06T20:15:00+00:00,0.146820
2026-07-06T20:30:00+00:00,0.155150
2026-07-06T20:45:00+00:00,0.146090
2026-07-06T21:00:00+00:00,0.150000
2026-07-06T21:15:00+00:00,0.139270
2026-07-06T21:30:00+00:00,0.135410
2026-07-06T21:45:00+00:00,0.131150
2026-07-06T22:00:00+00:00,0.131570
2026-07-06T22:15:00+00:00,0.129420
2026-07-06T22:30:00+00:00,0.116670
2026-07-06T22:45:00+00:00,0.111910
2026-07-06T23:00:00+00:00,0.124100
2026-07-06T23:15:00+00:00,0.115150
2026-07-06T23:30:00+00:00,0.113960
2026-07-06T23:45:00+00:00,0.110670
2026-07-07T00:00:00+00:00,0.114380
2026-07-07T00:15:00+00:00,0.109990
2026-07-07T00:30:00+00:00,0.106480
2026-07-07T00:45:00+00:00,0.110510
2026-07-07T01:00:00+00:00,0.104570
2026-07-07T01:15:00+00:00,0.102210
2026-07-07T01:30:00+00:00,0.104930
2026-07-07T01:45:00+00:00,0.106970
2026-07-07T02:00:00+00:00,0.099370
2026-07-07T02:15:00+00:00,0.102090
2026-07-07T02:30:00+00:00,0.105240
2026-07-07T02:45:00+00:00,0.106270
2026-07-07T03:00:00+00:00,0.107760
2026-07-07T03:15:00+00:00,0.106350
2026-07-07T03:30:00+00:00,0.107420
2026-07-07T03:45:00+00:00,0.112340
2026-07-07T04:00:00+00:00,0.121800
2026-07-07T04:15:00+00:00,0.125140
2026-07-07T04:30:00+00:00,0.122710
2026-07-07T04:45:00+00:00,0.121280
2026-07-07T05:00:00+00:00,0.130030
2026-07-07T05:15:00+00:00,0.125360
2026-07-07T05:30:00+00:00,0.118470
2026-07-07T05:45:00+00:00,0.116660
2026-07-07T06:00:00+00:00,0.129070
2026-07-07T06:15:00+00:00,0.114450
2026-07-07T06:30:00+00:00,0.115220
2026-07-07T06:45:00+00:00,0.112870
2026-07-07T07:00:00+00:00,0.121940
2026-07-07T07:15:00+00:00,0.111220
2026-07-07T07:30:00+00:00,0.112930
2026-07-07T07:45:00+00:00,0.078150
2026-07-07T08:00:00+00:00,0.102810
2026-07-07T08:15:00+00:00,0.073470
2026-07-07T08:30:00+00:00,0.046970
2026-07-07T08:45:00+00:00,0.007250
2026-07-07T09:00:00+00:00,0.028180
2026-07-07T09:15:00+00:00,0.003820
2026-07-07T09:30:00+00:00,0.001130
2026-07-07T09:45:00+00:00,0.001120
2026-07-07T10:00:00+00:00,0.001960
2026-07-07T10:15:00+00:00,0.001350
2026-07-07T10:30:00+00:00,0.001400
2026-07-07T10:45:00+00:00,-0.000010
2026-07-07T11:00:00+00:00,0.000000
2026-07-07T11:15:00+00:00,-0.001030
2026-07-07T11:30:00+00:00,-0.001680
2026-07-07T11:45:00+00:00,-0.002440
2026-07-07T12:00:00+00:00,-0.002340
2026-07-07T12:15:00+00:00,-0.002190
2026-07-07T12:30:00+00:00,-0.002040
2026-07-07T12:45:00+00:00,-0.002020
2026-07-07T13:00:00+00:00,-0.001480
2026-07-07T13:15:00+00:00,-0.000010
2026-07-07T13:30:00+00:00,0.002010
2026-07-07T13:45:00+00:00,0.004840
2026-07-07T14:00:00+00:00,0.003050
2026-07-07T14:15:00+00:00,0.005450
2026-07-07T14:30:00+00:00,0.008290
2026-07-07T14:45:00+00:00,0.021100
2026-07-07T15:00:00+00:00,0.006620
2026-07-07T15:15:00+00:00,0.016600
2026-07-07T15:30:00+00:00,0.081590
2026-07-07T15:45:00+00:00,0.163080
2026-07-07T16:00:00+00:00,0.077780
2026-07-07T16:15:00+00:00,0.110100
2026-07-07T16:30:00+00:00,0.126850
2026-07-07T16:45:00+00:00,0.150720
2026-07-07T17:00:00+00:00,0.087930
2026-07-07T17:15:00+00:00,0.110000
2026-07-07T17:30:00+00:00,0.135270
2026-07-07T17:45:00+00:00,0.150480
2026-07-07T18:00:00+00:00,0.115230
2026-07-07T18:15:00+00:00,0.125640
2026-07-07T18:30:00+00:00,0.141850
2026-07-07T18:45:00+00:00,0.182970
2026-07-07T19:00:00+00:00,0.127580
2026-07-07T19:15:00+00:00,0.138730
2026-07-07T19:30:00+00:00,0.158960
2026-07-07T19:45:00+00:00,0.174470
2026-07-07T20:00:00+00:00,0.148250
2026-07-07T20:15:00+00:00,0.150900
2026-07-07T20:30:00+00:00,0.149750
2026-07-07T20:45:00+00:00,0.144860
2026-07-07T21:00:00+00:00,0.149340
2026-07-07T21:15:00+00:00,0.140100
2026-07-07T21:30:00+00:00,0.130770
2026-07-07T21:45:00+00:00,0.138100
2026-07-07T22:00:00+00:00,0.137630
2026-07-07T22:15:00+00:00,0.126480
2026-07-07T22:30:00+00:00,0.120660
2026-07-07T22:45:00+00:00,0.115620
2026-07-07T23:00:00+00:00,0.127010
2026-07-07T23:15:00+00:00,0.120230
2026-07-07T23:30:00+00:00,0.118560
2026-07-07T23:45:00+00:00,0.111680
2026-07-08T00:00:00+00:00,0.120560
2026-07-08T00:15:00+00:00,0.114480
2026-07-08T00:30:00+00:00,0.114080
2026-07-08T00:45:00+00:00,0.110510
2026-07-08T01:00:00+00:00,0.108760
2026-07-08T01:15:00+00:00,0.111670
2026-07-08T01:30:00+00:00,0.113550
2026-07-08T01:45:00+00:00,0.115840
2026-07-08T02:00:00+00:00,0.112400
2026-07-08T02:15:00+00:00,0.120500
2026-07-08T02:30:00+00:00,0.121150
2026-07-08T02:45:00+00:00,0.125960
2026-07-08T03:00:00+00:00,0.119880
2026-07-08T03:15:00+00:00,0.124010
2026-07-08T03:30:00+00:00,0.125760
2026-07-08T03:45:00+00:00,0.126350
2026-07-08T04:00:00+00:00,0.134220
2026-07-08T04:15:00+00:00,0.137290
2026-07-08T04:30:00+00:00,0.139640
2026-07-08T04:45:00+00:00,0.139060
2026-07-08T05:00:00+00:00,0.140710
2026-07-08T05:15:00+00:00,0.138660
2026-07-08T05:30:00+00:00,0.136230
2026-07-08T05:45:00+00:00,0.129790
2026-07-08T06:00:00+00:00,0.148880
2026-07-08T06:15:00+00:00,0.140710
2026-07-08T06:30:00+00:00,0.128890
2026-07-08T06:45:00+00:00,0.126440
2026-07-08T07:00:00+00:00,0.138280
2026-07-08T07:15:00+00:00,0.131830
2026-07-08T07:30:00+00:00,0.101830
2026-07-08T07:45:00+00:00,0.093720
2026-07-08T08:00:00+00:00,0.107660
2026-07-08T08:15:00+00:00,0.100320
2026-07-08T08:30:00+00:00,0.098570
2026-07-08T08:45:00+00:00,0.095300
2026-07-08T09:00:00+00:00,0.102510
2026-07-08T09:15:00+00:00,0.094180
2026-07-08T09:30:00+00:00,0.091960
2026-07-08T09:45:00+00:00,0.077390
2026-07-08T10:00:00+00:00,0.070170
2026-07-08T10:15:00+00:00,0.080100
2026-07-08T10:30:00+00:00,0.070040
2026-07-08T10:45:00+00:00,0.056920
2026-07-08T11:00:00+00:00,0.062710
2026-07-08T11:15:00+00:00,0.050400
2026-07-08T11:30:00+00:00,0.059300
2026-07-08T11:45:00+00:00,0.055230
2026-07-08T12:00:00+00:00,0.065900
2026-07-08T12:15:00+00:00,0.056890
2026-07-08T12:30:00+00:00,0.057300
2026-07-08T12:45:00+00:00,0.055910
2026-07-08T13:00:00+00:00,0.044030
2026-07-08T13:15:00+00:00,0.053020
2026-07-08T13:30:00+00:00,0.060080
2026-07-08T13:45:00+00:00,0.066470
2026-07-08T14:00:00+00:00,0.059150
2026-07-08T14:15:00+00:00,0.051090
2026-07-08T14:30:00+00:00,0.077130
2026-07-08T14:45:00+00:00,0.099560
2026-07-08T15:00:00+00:00,0.078760
2026-07-08T15:15:00+00:00,0.088180
2026-07-08T15:30:00+00:00,0.085900
2026-07-08T15:45:00+00:00,0.090190
2026-07-08T16:00:00+00:00,0.087720
2026-07-08T16:15:00+00:00,0.095990
2026-07-08T16:30:00+00:00,0.114320
2026-07-08T16:45:00+00:00,0.132810
2026-07-08T17:00:00+00:00,0.120160
2026-07-08T17:15:00+00:00,0.135440
2026-07-08T17:30:00+00:00,0.139440
2026-07-08T17:45:00+00:00,0.153710
2026-07-08T18:00:00+00:00,0.133660
2026-07-08T18:15:00+00:00,0.147820
2026-07-08T18:30:00+00:00,0.158860
2026-07-08T18:45:00+00:00,0.174840
2026-07-08T19:00:00+00:00,0.164780
2026-07-08T19:15:00+00:00,0.161070
2026-07-08T19:30:00+00:00,0.163170
2026-07-08T19:45:00+00:00,0.159730
2026-07-08T20:00:00+00:00,0.167110
2026-07-08T20:15:00+00:00,0.163150
2026-07-08T20:30:00+00:00,0.159660
2026-07-08T20:45:00+00:00,0.147100
2026-07-08T21:00:00+00:00,0.154210
2026-07-08T21:15:00+00:00,0.145520
2026-07-08T21:30:00+00:00,0.144530
2026-07-08T21:45:00+00:00,0.137900
2026-07-08T22:00:00+00:00,0.152040
2026-07-08T22:15:00+00:00,0.145000
2026-07-08T22:30:00+00:00,0.137090
2026-07-08T22:45:00+00:00,0.131510
2026-07-08T23:00:00+00:00,0.141660
2026-07-08T23:15:00+00:00,0.134280
2026-07-08T23:30:00+00:00,0.130980
2026-07-08T23:45:00+00:00,0.129240
2026-07-09T00:00:00+00:00,0.128530
2026-07-09T00:15:00+00:00,0.127560
2026-07-09T00:30:00+00:00,0.127060
2026-07-09T00:45:00+00:00,0.127850
2026-07-09T01:00:00+00:00,0.123440
2026-07-09T01:15:00+00:00,0.123410
2026-07-09T01:30:00+00:00,0.124610
2026-07-09T01:45:00+00:00,0.124950
2026-07-09T02:00:00+00:00,0.119420
2026-07-09T02:15:00+00:00,0.123370
2026-07-09T02:30:00+00:00,0.125940
2026-07-09T02:45:00+00:00,0.129330
2026-07-09T03:00:00+00:00,0.127790
2026-07-09T03:15:00+00:00,0.131660
2026-07-09T03:30:00+00:00,0.135000
2026-07-09T03:45:00+00:00,0.141300
2026-07-09T04:00:00+00:00,0.149160
2026-07-09T04:15:00+00:00,0.156510
2026-07-09T04:30:00+00:00,0.162550
2026-07-09T04:45:00+00:00,0.152530
2026-07-09T05:00:00+00:00,0.169870
2026-07-09T05:15:00+00:00,0.151650
2026-07-09T05:30:00+00:00,0.143060
2026-07-09T05:45:00+00:00,0.132170
2026-07-09T06:00:00+00:00,0.154080
2026-07-09T06:15:00+00:00,0.139930
2026-07-09T06:30:00+00:00,0.134850
2026-07-09T06:45:00+00:00,0.125620
2026-07-09T07:00:00+00:00,0.132560
2026-07-09T07:15:00+00:00,0.123240
2026-07-09T07:30:00+00:00,0.123480
2026-07-09T07:45:00+00:00,0.117340
2026-07-09T08:00:00+00:00,0.120640
2026-07-09T08:15:00+00:00,0.116100
2026-07-09T08:30:00+00:00,0.110490
2026-07-09T08:45:00+00:00,0.101990
2026-07-09T09:00:00+00:00,0.122830
2026-07-09T09:15:00+00:00,0.099600
2026-07-09T09:30:00+00:00,0.094540
2026-07-09T09:45:00+00:00,0.092990
2026-07-09T10:00:00+00:00,0.102270
2026-07-09T10:15:00+00:00,0.083360
2026-07-09T10:30:00+00:00,0.071430
2026-07-09T10:45:00+00:00,0.065960
2026-07-09T11:00:00+00:00,0.070790
2026-07-09T11:15:00+00:00,0.063340
2026-07-09T11:30:00+00:00,0.048280
2026-07-09T11:45:00+00:00,0.029550
2026-07-09T12:00:00+00:00,0.037540
2026-07-09T12:15:00+00:00,0.039770
2026-07-09T12:30:00+00:00,0.039100
2026-07-09T12:45:00+00:00,0.047950
2026-07-09T13:00:00+00:00,0.035390
2026-07-09T13:15:00+00:00,0.050100
2026-07-09T13:30:00+00:00,0.067270
2026-07-09T13:45:00+00:00,0.091530
2026-07-09T14:00:00+00:00,0.073290
2026-07-09T14:15:00+00:00,0.091390
2026-07-09T14:30:00+00:00,0.098990
2026-07-09T14:45:00+00:00,0.109400
2026-07-09T15:00:00+00:00,0.089720
2026-07-09T15:15:00+00:00,0.110090
2026-07-09T15:30:00+00:00,0.114440
2026-07-09T15:45:00+00:00,0.130180
2026-07-09T16:00:00+00:00,0.122730
2026-07-09T16:15:00+00:00,0.123580
2026-07-09T16:30:00+00:00,0.137310
2026-07-09T16:45:00+00:00,0.147830
2026-07-09T17:00:00+00:00,0.144060
2026-07-09T17:15:00+00:00,0.156640
2026-07-09T17:30:00+00:00,0.174120
2026-07-09T17:45:00+00:00,0.200920
2026-07-09T18:00:00+00:00,0.190970
2026-07-09T18:15:00+00:00,0.210860
2026-07-09T18:30:00+00:00,0.239060
2026-07-09T18:45:00+00:00,0.261080
2026-07-09T19:00:00+00:00,0.257590
2026-07-09T19:15:00+00:00,0.245490
2026-07-09T19:30:00+00:00,0.221810
2026-07-09T19:45:00+00:00,0.200100
2026-07-09T20:00:00+00:00,0.221020
2026-07-09T20:15:00+00:00,0.195240
2026-07-09T20:30:00+00:00,0.174800
2026-07-09T20:45:00+00:00,0.164710
2026-07-09T21:00:00+00:00,0.175620
2026-07-09T21:15:00+00:00,0.169910
2026-07-09T21:30:00+00:00,0.157230
2026-07-09T21:45:00+00:00,0.160100
2026-07-09T22:00:00+00:00,0.171310
2026-07-09T22:15:00+00:00,0.154650
2026-07-09T22:30:00+00:00,0.149740
2026-07-09T22:45:00+00:00,0.148190
2026-07-09T23:00:00+00:00,0.149610
2026-07-09T23:15:00+00:00,0.144160
2026-07-09T23:30:00+00:00,0.142300
2026-07-09T23:45:00+00:00,0.140340
2026-07-10T00:00:00+00:00,0.141980
2026-07-10T00:15:00+00:00,0.141160
2026-07-10T00:30:00+00:00,0.138370
2026-07-10T00:45:00+00:00,0.141910
2026-07-10T01:00:00+00:00,0.138550
2026-07-10T01:15:00+00:00,0.138430
2026-07-10T01:30:00+00:00,0.137700
2026-07-10T01:45:00+00:00,0.138930
2026-07-10T02:00:00+00:00,0.136940
2026-07-10T02:15:00+00:00,0.137090
2026-07-10T02:30:00+00:00,0.136860
2026-07-10T02:45:00+00:00,0.139500
2026-07-10T03:00:00+00:00,0.141890
2026-07-10T03:15:00+00:00,0.142160
2026-07-10T03:30:00+00:00,0.142440
2026-07-10T03:45:00+00:00,0.145960
2026-07-10T04:00:00+00:00,0.147300
2026-07-10T04:15:00+00:00,0.156450
2026-07-10T04:30:00+00:00,0.152310
2026-07-10T04:45:00+00:00,0.150080
2026-07-10T05:00:00+00:00,0.162520
2026-07-10T05:15:00+00:00,0.153350
2026-07-10T05:30:00+00:00,0.144960
2026-07-10T05:45:00+00:00,0.131920
2026-07-10T06:00:00+00:00,0.155020
2026-07-10T06:15:00+00:00,0.141880
2026-07-10T06:30:00+00:00,0.132320
2026-07-10T06:45:00+00:00,0.113410
2026-07-10T07:00:00+00:00,0.138600
2026-07-10T07:15:00+00:00,0.130900
2026-07-10T07:30:00+00:00,0.115470
2026-07-10T07:45:00+00:00,0.108770
2026-07-10T08:00:00+00:00,0.116580
2026-07-10T08:15:00+00:00,0.114200
2026-07-10T08:30:00+00:00,0.095240
2026-07-10T08:45:00+00:00,0.084390
2026-07-10T09:00:00+00:00,0.089700
2026-07-10T09:15:00+00:00,0.082550
2026-07-10T09:30:00+00:00,0.075000
2026-07-10T09:45:00+00:00,0.066610
2026-07-10T10:00:00+00:00,0.076690
2026-07-10T10:15:00+00:00,0.066610
2026-07-10T10:30:00+00:00,0.052740
2026-07-10T10:45:00+00:00,0.040010
2026-07-10T11:00:00+00:00,0.043440
2026-07-10T11:15:00+00:00,0.039000
2026-07-10T11:30:00+00:00,0.037000
2026-07-10T11:45:00+00:00,0.030000
2026-07-10T12:00:00+00:00,0.038900
2026-07-10T12:15:00+00:00,0.040000
2026-07-10T12:30:00+00:00,0.042910
2026-07-10T12:45:00+00:00,0.041990
2026-07-10T13:00:00+00:00,0.046230
2026-07-10T13:15:00+00:00,0.055830
2026-07-10T13:30:00+00:00,0.065810
2026-07-10T13:45:00+00:00,0.080530
2026-07-10T14:00:00+00:00,0.061200
2026-07-10T14:15:00+00:00,0.083110
2026-07-10T14:30:00+00:00,0.097100
2026-07-10T14:45:00+00:00,0.111000
2026-07-10T15:00:00+00:00,0.103640
2026-07-10T15:15:00+00:00,0.106720
2026-07-10T15:30:00+00:00,0.117760
2026-07-10T15:45:00+00:00,0.128860
2026-07-10T16:00:00+00:00,0.109280
2026-07-10T16:15:00+00:00,0.121080
2026-07-10T16:30:00+00:00,0.138910
2026-07-10T16:45:00+00:00,0.145390
2026-07-10T17:00:00+00:00,0.140950
2026-07-10T17:15:00+00:00,0.149540
2026-07-10T17:30:00+00:00,0.170740
2026-07-10T17:45:00+00:00,0.186350
2026-07-10T18:00:00+00:00,0.169180
2026-07-10T18:15:00+00:00,0.177110
2026-07-10T18:30:00+00:00,0.186970
2026-07-10T18:45:00+00:00,0.189200
2026-07-10T19:00:00+00:00,0.185140
2026-07-10T19:15:00+00:00,0.176860
2026-07-10T19:30:00+00:00,0.170000
2026-07-10T19:45:00+00:00,0.168560
2026-07-10T20:00:00+00:00,0.172700
2026-07-10T20:15:00+00:00,0.169160
2026-07-10T20:30:00+00:00,0.168550
2026-07-10T20:45:00+00:00,0.161590
2026-07-10T21:00:00+00:00,0.162260
2026-07-10T21:15:00+00:00,0.156320
2026-07-10T21:30:00+00:00,0.153370
2026-07-10T21:45:00+00:00,0.145900
2026-07-10T22:00:00+00:00,0.160310
2026-07-10T22:15:00+00:00,0.154020
2026-07-10T22:30:00+00:00,0.146500
2026-07-10T22:45:00+00:00,0.141810
2026-07-10T23:00:00+00:00,0.145620
2026-07-10T23:15:00+00:00,0.145000
2026-07-10T23:30:00+00:00,0.144980
2026-07-10T23:45:00+00:00,0.140410
2026-07-11T00:00:00+00:00,0.143470
2026-07-11T00:15:00+00:00,0.140710
2026-07-11T00:30:00+00:00,0.139230
2026-07-11T00:45:00+00:00,0.138360
2026-07-11T01:00:00+00:00,0.140690
2026-07-11T01:15:00+00:00,0.138950
2026-07-11T01:30:00+00:00,0.138080
2026-07-11T01:45:00+00:00,0.138010
2026-07-11T02:00:00+00:00,0.139540
2026-07-11T02:15:00+00:00,0.141770
2026-07-11T02:30:00+00:00,0.136570
2026-07-11T02:45:00+00:00,0.136680
2026-07-11T03:00:00+00:00,0.138710
2026-07-11T03:15:00+00:00,0.136700
2026-07-11T03:30:00+00:00,0.136430
2026-07-11T03:45:00+00:00,0.132930
2026-07-11T04:00:00+00:00,0.142130
2026-07-11T04:15:00+00:00,0.138980
2026-07-11T04:30:00+00:00,0.131600
2026-07-11T04:45:00+00:00,0.125180
2026-07-11T05:00:00+00:00,0.131740
2026-07-11T05:15:00+00:00,0.126980
2026-07-11T05:30:00+00:00,0.122420
2026-07-11T05:45:00+00:00,0.117690
2026-07-11T06:00:00+00:00,0.142160
2026-07-11T06:15:00+00:00,0.123950
2026-07-11T06:30:00+00:00,0.105580
2026-07-11T06:45:00+00:00,0.090490
2026-07-11T07:00:00+00:00,0.107070
2026-07-11T07:15:00+00:00,0.094450
2026-07-11T07:30:00+00:00,0.067220
2026-07-11T07:45:00+00:00,0.029410
2026-07-11T08:00:00+00:00,0.040000
2026-07-11T08:15:00+00:00,0.018090
2026-07-11T08:30:00+00:00,0.005180
2026-07-11T08:45:00+00:00,0.001080
2026-07-11T09:00:00+00:00,0.001000
2026-07-11T09:15:00+00:00,0.000290
2026-07-11T09:30:00+00:00,0.000020
2026-07-11T09:45:00+00:00,0.000000
2026-07-11T10:00:00+00:00,0.000000
2026-07-11T10:15:00+00:00,0.000000
2026-07-11T10:30:00+00:00,-0.000010
2026-07-11T10:45:00+00:00,-0.000030
2026-07-11T11:00:00+00:00,-0.000150
2026-07-11T11:15:00+00:00,-0.001850
2026-07-11T11:30:00+00:00,-0.002070
2026-07-11T11:45:00+00:00,-0.002320
2026-07-11T12:00:00+00:00,-0.002320
2026-07-11T12:15:00+00:00,-0.002320
2026-07-11T12:30:00+00:00,-0.002300
2026-07-11T12:45:00+00:00,-0.002020
2026-07-11T13:00:00+00:00,-0.002010
2026-07-11T13:15:00+00:00,-0.000950
2026-07-11T13:30:00+00:00,-0.000080
2026-07-11T13:45:00+00:00,-0.000310
2026-07-11T14:00:00+00:00,-0.000010
2026-07-11T14:15:00+00:00,0.000270
2026-07-11T14:30:00+00:00,0.000440
2026-07-11T14:45:00+00:00,0.025230
2026-07-11T15:00:00+00:00,0.014580
2026-07-11T15:15:00+00:00,0.067130
2026-07-11T15:30:00+00:00,0.094750
2026-07-11T15:45:00+00:00,0.123630
2026-07-11T16:00:00+00:00,0.098020
2026-07-11T16:15:00+00:00,0.113680
2026-07-11T16:30:00+00:00,0.131180
2026-07-11T16:45:00+00:00,0.140070
2026-07-11T17:00:00+00:00,0.130170
2026-07-11T17:15:00+00:00,0.141020
2026-07-11T17:30:00+00:00,0.144140
2026-07-11T17:45:00+00:00,0.148740
2026-07-11T18:00:00+00:00,0.148180
2026-07-11T18:15:00+00:00,0.151270
2026-07-11T18:30:00+00:00,0.153140
2026-07-11T18:45:00+00:00,0.154470
2026-07-11T19:00:00+00:00,0.155980
2026-07-11T19:15:00+00:00,0.154630
2026-07-11T19:30:00+00:00,0.157950
2026-07-11T19:45:00+00:00,0.156540
2026-07-11T20:00:00+00:00,0.160010
2026-07-11T20:15:00+00:00,0.155310
2026-07-11T20:30:00+00:00,0.155280
2026-07-11T20:45:00+00:00,0.148950
2026-07-11T21:00:00+00:00,0.151360
2026-07-11T21:15:00+00:00,0.145210
2026-07-11T21:30:00+00:00,0.145000
2026-07-11T21:45:00+00:00,0.140780
2026-07-11T22:00:00+00:00,0.140510
2026-07-11T22:15:00+00:00,0.140000
2026-07-11T22:30:00+00:00,0.138760
2026-07-11T22:45:00+00:00,0.130500
2026-07-11T23:00:00+00:00,0.135200
2026-07-11T23:15:00+00:00,0.135000
2026-07-11T23:30:00+00:00,0.131340
2026-07-11T23:45:00+00:00,0.126000
2026-07-12T00:00:00+00:00,0.127940
2026-07-12T00:15:00+00:00,0.126040
2026-07-12T00:30:00+00:00,0.124800
2026-07-12T00:45:00+00:00,0.123500
2026-07-12T01:00:00+00:00,0.127930
2026-07-12T01:15:00+00:00,0.127920
2026-07-12T01:30:00+00:00,0.122850
2026-07-12T01:45:00+00:00,0.121700
2026-07-12T02:00:00+00:00,0.127000
2026-07-12T02:15:00+00:00,0.123230
2026-07-12T02:30:00+00:00,0.121110
2026-07-12T02:45:00+00:00,0.120190
2026-07-12T03:00:00+00:00,0.124000
2026-07-12T03:15:00+00:00,0.122180
2026-07-12T03:30:00+00:00,0.120540
2026-07-12T03:45:00+00:00,0.114200
2026-07-12T04:00:00+00:00,0.118640
2026-07-12T04:15:00+00:00,0.112330
2026-07-12T04:30:00+00:00,0.110000
2026-07-12T04:45:00+00:00,0.105480
2026-07-12T05:00:00+00:00,0.112310
2026-07-12T05:15:00+00:00,0.108300
2026-07-12T05:30:00+00:00,0.101210
2026-07-12T05:45:00+00:00,0.077280
2026-07-12T06:00:00+00:00,0.103560
2026-07-12T06:15:00+00:00,0.079190
2026-07-12T06:30:00+00:00,0.052090
2026-07-12T06:45:00+00:00,0.013170
2026-07-12T07:00:00+00:00,0.020000
2026-07-12T07:15:00+00:00,0.001540
2026-07-12T07:30:00+00:00,0.000000
2026-07-12T07:45:00+00:00,0.000000
2026-07-12T08:00:00+00:00,-0.000010
2026-07-12T08:15:00+00:00,-0.000010
2026-07-12T08:30:00+00:00,-0.000050
2026-07-12T08:45:00+00:00,-0.000110
2026-07-12T09:00:00+00:00,-0.002050
2026-07-12T09:15:00+00:00,-0.003050
2026-07-12T09:30:00+00:00,-0.004110
2026-07-12T09:45:00+00:00,-0.007040
2026-07-12T10:00:00+00:00,-0.010350
2026-07-12T10:15:00+00:00,-0.013200
2026-07-12T10:30:00+00:00,-0.017320
2026-07-12T10:45:00+00:00,-0.020000
2026-07-12T11:00:00+00:00,-0.020390
2026-07-12T11:15:00+00:00,-0.021560
2026-07-12T11:30:00+00:00,-0.025000
2026-07-12T11:45:00+00:00,-0.025100
2026-07-12T12:00:00+00:00,-0.022220
2026-07-12T12:15:00+00:00,-0.021740
2026-07-12T12:30:00+00:00,-0.021250
2026-07-12T12:45:00+00:00,-0.020000
2026-07-12T13:00:00+00:00,-0.018570
2026-07-12T13:15:00+00:00,-0.013200
2026-07-12T13:30:00+00:00,-0.009960
2026-07-12T13:45:00+00:00,-0.006000
2026-07-12T14:00:00+00:00,-0.003040
2026-07-12T14:15:00+00:00,-0.002040
2026-07-12T14:30:00+00:00,-0.002000
2026-07-12T14:45:00+00:00,-0.003690
2026-07-12T15:00:00+00:00,-0.001160
2026-07-12T15:15:00+00:00,-0.000010
2026-07-12T15:30:00+00:00,0.000970
2026-07-12T15:45:00+00:00,0.029100
2026-07-12T16:00:00+00:00,0.025640
2026-07-12T16:15:00+00:00,0.090670
2026-07-12T16:30:00+00:00,0.116120
2026-07-12T16:45:00+00:00,0.132010
2026-07-12T17:00:00+00:00,0.111420
2026-07-12T17:15:00+00:00,0.133750
2026-07-12T17:30:00+00:00,0.136100
2026-07-12T17:45:00+00:00,0.145000
2026-07-12T18:00:00+00:00,0.135560
2026-07-12T18:15:00+00:00,0.137930
2026-07-12T18:30:00+00:00,0.140920
2026-07-12T18:45:00+00:00,0.144120
2026-07-12T19:00:00+00:00,0.140100
2026-07-12T19:15:00+00:00,0.144940
2026-07-12T19:30:00+00:00,0.145930
2026-07-12T19:45:00+00:00,0.146980
2026-07-12T20:00:00+00:00,0.149700
2026-07-12T20:15:00+00:00,0.145000
2026-07-12T20:30:00+00:00,0.144940
2026-07-12T20:45:00+00:00,0.140080
2026-07-12T21:00:00+00:00,0.144970
2026-07-12T21:15:00+00:00,0.137900
2026-07-12T21:30:00+00:00,0.138470
2026-07-12T21:45:00+00:00,0.135930
2026-07-12T22:00:00+00:00,0.131940
2026-07-12T22:15:00+00:00,0.130000
2026-07-12T22:30:00+00:00,0.129410
2026-07-12T22:45:00+00:00,0.127570
2026-07-12T23:00:00+00:00,0.128420
2026-07-12T23:15:00+00:00,0.124170
2026-07-12T23:30:00+00:00,0.123700
2026-07-12T23:45:00+00:00,0.119030
2026-07-13T00:00:00+00:00,0.122930
2026-07-13T00:15:00+00:00,0.118680
2026-07-13T00:30:00+00:00,0.116930
2026-07-13T00:45:00+00:00,0.120490
2026-07-13T01:00:00+00:00,0.118520
2026-07-13T01:15:00+00:00,0.118830
2026-07-13T01:30:00+00:00,0.121920
2026-07-13T01:45:00+00:00,0.122700
2026-07-13T02:00:00+00:00,0.118680
2026-07-13T02:15:00+00:00,0.122740
2026-07-13T02:30:00+00:00,0.125750
2026-07-13T02:45:00+00:00,0.126200
2026-07-13T03:00:00+00:00,0.124980
2026-07-13T03:15:00+00:00,0.128580
2026-07-13T03:30:00+00:00,0.135140
2026-07-13T03:45:00+00:00,0.141070
2026-07-13T04:00:00+00:00,0.143740
2026-07-13T04:15:00+00:00,0.151220
2026-07-13T04:30:00+00:00,0.149600
2026-07-13T04:45:00+00:00,0.150520
2026-07-13T05:00:00+00:00,0.160310
2026-07-13T05:15:00+00:00,0.159680
2026-07-13T05:30:00+00:00,0.149990
2026-07-13T05:45:00+00:00,0.143050
2026-07-13T06:00:00+00:00,0.149550
2026-07-13T06:15:00+00:00,0.145850
2026-07-13T06:30:00+00:00,0.130100
2026-07-13T06:45:00+00:00,0.126300
2026-07-13T07:00:00+00:00,0.142850
2026-07-13T07:15:00+00:00,0.129420
2026-07-13T07:30:00+00:00,0.113880
2026-07-13T07:45:00+00:00,0.101260
2026-07-13T08:00:00+00:00,0.118350
2026-07-13T08:15:00+00:00,0.101960
2026-07-13T08:30:00+00:00,0.094500
2026-07-13T08:45:00+00:00,0.080980
2026-07-13T09:00:00+00:00,0.087280
2026-07-13T09:15:00+00:00,0.078660
2026-07-13T09:30:00+00:00,0.070000
2026-07-13T09:45:00+00:00,0.056470
2026-07-13T10:00:00+00:00,0.058790
2026-07-13T10:15:00+00:00,0.042700
2026-07-13T10:30:00+00:00,0.031430
2026-07-13T10:45:00+00:00,0.023080
2026-07-13T11:00:00+00:00,0.029260
2026-07-13T11:15:00+00:00,0.023290
2026-07-13T11:30:00+00:00,0.014800
2026-07-13T11:45:00+00:00,0.000010
2026-07-13T12:00:00+00:00,0.006830
2026-07-13T12:15:00+00:00,0.007240
2026-07-13T12:30:00+00:00,0.011260
2026-07-13T12:45:00+00:00,0.020770
2026-07-13T13:00:00+00:00,0.018630
2026-07-13T13:15:00+00:00,0.040000
2026-07-13T13:30:00+00:00,0.047230
2026-07-13T13:45:00+00:00,0.061500
2026-07-13T14:00:00+00:00,0.066200
2026-07-13T14:15:00+00:00,0.089220
2026-07-13T14:30:00+00:00,0.087970
2026-07-13T14:45:00+00:00,0.092450
2026-07-13T15:00:00+00:00,0.093140
2026-07-13T15:15:00+00:00,0.107780
2026-07-13T15:30:00+00:00,0.122880
2026-07-13T15:45:00+00:00,0.131220
2026-07-13T16:00:00+00:00,0.116430
2026-07-13T16:15:00+00:00,0.120440
2026-07-13T16:30:00+00:00,0.126170
2026-07-13T16:45:00+00:00,0.136520
2026-07-13T17:00:00+00:00,0.121540
2026-07-13T17:15:00+00:00,0.147120
2026-07-13T17:30:00+00:00,0.153580
2026-07-13T17:45:00+00:00,0.170330
2026-07-13T18:00:00+00:00,0.154360
2026-07-13T18:15:00+00:00,0.166930
2026-07-13T18:30:00+00:00,0.177160
2026-07-13T18:45:00+00:00,0.179290
2026-07-13T19:00:00+00:00,0.178800
2026-07-13T19:15:00+00:00,0.176150
2026-07-13T19:30:00+00:00,0.163000
2026-07-13T19:45:00+00:00,0.153310
2026-07-13T20:00:00+00:00,0.172840
2026-07-13T20:15:00+00:00,0.155980
2026-07-13T20:30:00+00:00,0.157000
2026-07-13T20:45:00+00:00,0.150470
2026-07-13T21:00:00+00:00,0.149640
2026-07-13T21:15:00+00:00,0.144400
2026-07-13T21:30:00+00:00,0.142740
2026-07-13T21:45:00+00:00,0.138990
2026-07-13T22:00:00+00:00,0.148150
2026-07-13T22:15:00+00:00,0.140990
2026-07-13T22:30:00+00:00,0.136970
2026-07-13T22:45:00+00:00,0.131910
2026-07-13T23:00:00+00:00,0.138790
2026-07-13T23:15:00+00:00,0.134500
2026-07-13T23:30:00+00:00,0.132990
2026-07-13T23:45:00+00:00,0.129270
2026-07-14T00:00:00+00:00,0.129550
2026-07-14T00:15:00+00:00,0.126710
2026-07-14T00:30:00+00:00,0.127440
2026-07-14T00:45:00+00:00,0.125700
2026-07-14T01:00:00+00:00,0.128000
2026-07-14T01:15:00+00:00,0.127280
2026-07-14T01:30:00+00:00,0.127090
2026-07-14T01:45:00+00:00,0.126500
2026-07-14T02:00:00+00:00,0.125620
2026-07-14T02:15:00+00:00,0.125870
2026-07-14T02:30:00+00:00,0.128230
2026-07-14T02:45:00+00:00,0.130880
2026-07-14T03:00:00+00:00,0.130270
2026-07-14T03:15:00+00:00,0.133280
2026-07-14T03:30:00+00:00,0.136930
2026-07-14T03:45:00+00:00,0.139600
2026-07-14T04:00:00+00:00,0.142860
2026-07-14T04:15:00+00:00,0.139950
2026-07-14T04:30:00+00:00,0.145420
2026-07-14T04:45:00+00:00,0.144200
2026-07-14T05:00:00+00:00,0.148410
2026-07-14T05:15:00+00:00,0.143800
2026-07-14T05:30:00+00:00,0.141530
2026-07-14T05:45:00+00:00,0.137900
2026-07-14T06:00:00+00:00,0.148370
2026-07-14T06:15:00+00:00,0.138640
2026-07-14T06:30:00+00:00,0.131700
2026-07-14T06:45:00+00:00,0.120920
2026-07-14T07:00:00+00:00,0.134580
2026-07-14T07:15:00+00:00,0.124660
2026-07-14T07:30:00+00:00,0.115130
2026-07-14T07:45:00+00:00,0.108060
2026-07-14T08:00:00+00:00,0.118220
2026-07-14T08:15:00+00:00,0.104520
2026-07-14T08:30:00+00:00,0.097590
2026-07-14T08:45:00+00:00,0.092150
2026-07-14T09:00:00+00:00,0.095490
2026-07-14T09:15:00+00:00,0.085800
2026-07-14T09:30:00+00:00,0.058230
2026-07-14T09:45:00+00:00,0.010000
2026-07-14T10:00:00+00:00,0.042500
2026-07-14T10:15:00+00:00,0.024400
2026-07-14T10:30:00+00:00,0.020700
2026-07-14T10:45:00+00:00,0.007400
2026-07-14T11:00:00+00:00,0.000000
2026-07-14T11:15:00+00:00,0.000000
2026-07-14T11:30:00+00:00,-0.000010
2026-07-14T11:45:00+00:00,-0.000010
2026-07-14T12:00:00+00:00,0.000000
2026-07-14T12:15:00+00:00,0.000000
2026-07-14T12:30:00+00:00,0.000000
2026-07-14T12:45:00+00:00,0.000000
2026-07-14T13:00:00+00:00,0.005000
2026-07-14T13:15:00+00:00,0.018810
2026-07-14T13:30:00+00:00,0.025000
2026-07-14T13:45:00+00:00,0.040930
2026-07-14T14:00:00+00:00,0.052710
2026-07-14T14:15:00+00:00,0.067800
2026-07-14T14:30:00+00:00,0.084370
2026-07-14T14:45:00+00:00,0.080100
2026-07-14T15:00:00+00:00,0.094460
2026-07-14T15:15:00+00:00,0.094710
2026-07-14T15:30:00+00:00,0.100000
2026-07-14T15:45:00+00:00,0.109200
2026-07-14T16:00:00+00:00,0.120200
2026-07-14T16:15:00+00:00,0.104790
2026-07-14T16:30:00+00:00,0.102250
2026-07-14T16:45:00+00:00,0.115230
2026-07-14T17:00:00+00:00,0.117890
2026-07-14T17:15:00+00:00,0.135030
2026-07-14T17:30:00+00:00,0.157210
2026-07-14T17:45:00+00:00,0.160100
2026-07-14T18:00:00+00:00,0.126370
2026-07-14T18:15:00+00:00,0.154520
2026-07-14T18:30:00+00:00,0.176470
2026-07-14T18:45:00+00:00,0.182760
2026-07-14T19:00:00+00:00,0.174450
2026-07-14T19:15:00+00:00,0.174320
2026-07-14T19:30:00+00:00,0.174020
2026-07-14T19:45:00+00:00,0.171960
2026-07-14T20:00:00+00:00,0.178440
2026-07-14T20:15:00+00:00,0.170580
2026-07-14T20:30:00+00:00,0.167110
2026-07-14T20:45:00+00:00,0.158930
2026-07-14T21:00:00+00:00,0.158510
2026-07-14T21:15:00+00:00,0.153000
2026-07-14T21:30:00+00:00,0.150310
2026-07-14T21:45:00+00:00,0.144260
2026-07-14T22:00:00+00:00,0.158340
2026-07-14T22:15:00+00:00,0.154500
2026-07-14T22:30:00+00:00,0.148540
2026-07-14T22:45:00+00:00,0.142290
2026-07-14T23:00:00+00:00,0.150450
2026-07-14T23:15:00+00:00,0.145000
2026-07-14T23:30:00+00:00,0.142900
2026-07-14T23:45:00+00:00,0.139440
2026-07-15T00:00:00+00:00,0.141390
2026-07-15T00:15:00+00:00,0.138280
2026-07-15T00:30:00+00:00,0.138730
2026-07-15T00:45:00+00:00,0.134210
2026-07-15T01:00:00+00:00,0.136500
2026-07-15T01:15:00+00:00,0.124230
2026-07-15T01:30:00+00:00,0.135030
2026-07-15T01:45:00+00:00,0.131280
2026-07-15T02:00:00+00:00,0.136500
2026-07-15T02:15:00+00:00,0.134000
2026-07-15T02:30:00+00:00,0.132180
2026-07-15T02:45:00+00:00,0.136960
2026-07-15T03:00:00+00:00,0.127020
2026-07-15T03:15:00+00:00,0.138800
2026-07-15T03:30:00+00:00,0.147690
2026-07-15T03:45:00+00:00,0.154070
2026-07-15T04:00:00+00:00,0.144300
2026-07-15T04:15:00+00:00,0.155000
2026-07-15T04:30:00+00:00,0.154990
2026-07-15T04:45:00+00:00,0.152530
2026-07-15T05:00:00+00:00,0.162620
2026-07-15T05:15:00+00:00,0.163970
2026-07-15T05:30:00+00:00,0.164390
2026-07-15T05:45:00+00:00,0.159040
2026-07-15T06:00:00+00:00,0.167280
2026-07-15T06:15:00+00:00,0.159170
2026-07-15T06:30:00+00:00,0.152050
2026-07-15T06:45:00+00:00,0.139880
2026-07-15T07:00:00+00:00,0.149730
2026-07-15T07:15:00+00:00,0.139480
2026-07-15T07:30:00+00:00,0.130180
2026-07-15T07:45:00+00:00,0.120370
2026-07-15T08:00:00+00:00,0.118960
2026-07-15T08:15:00+00:00,0.105020
2026-07-15T08:30:00+00:00,0.101950
2026-07-15T08:45:00+00:00,0.098070
2026-07-15T09:00:00+00:00,0.089060
2026-07-15T09:15:00+00:00,0.090010
2026-07-15T09:30:00+00:00,0.093690
2026-07-15T09:45:00+00:00,0.064910
2026-07-15T10:00:00+00:00,0.067130
2026-07-15T10:15:00+00:00,0.049390
2026-07-15T10:30:00+00:00,0.034920
2026-07-15T10:45:00+00:00,0.028280
2026-07-15T11:00:00+00:00,0.035870
2026-07-15T11:15:00+00:00,0.035290
2026-07-15T11:30:00+00:00,0.025320
2026-07-15T11:45:00+00:00,0.023530
2026-07-15T12:00:00+00:00,0.023950
2026-07-15T12:15:00+00:00,0.020550
2026-07-15T12:30:00+00:00,0.017210
2026-07-15T12:45:00+00:00,0.014590
2026-07-15T13:00:00+00:00,0.018960
2026-07-15T13:15:00+00:00,0.033470
2026-07-15T13:30:00+00:00,0.046700
2026-07-15T13:45:00+00:00,0.050380
2026-07-15T14:00:00+00:00,0.072370
2026-07-15T14:15:00+00:00,0.080650
2026-07-15T14:30:00+00:00,0.089700
2026-07-15T14:45:00+00:00,0.092600
2026-07-15T15:00:00+00:00,0.100000
2026-07-15T15:15:00+00:00,0.099100
2026-07-15T15:30:00+00:00,0.113770
2026-07-15T15:45:00+00:00,0.126660
2026-07-15T16:00:00+00:00,0.128210
2026-07-15T16:15:00+00:00,0.130010
2026-07-15T16:30:00+00:00,0.130550
2026-07-15T16:45:00+00:00,0.140660
2026-07-15T17:00:00+00:00,0.098360
2026-07-15T17:15:00+00:00,0.130510
2026-07-15T17:30:00+00:00,0.153390
2026-07-15T17:45:00+00:00,0.180620
2026-07-15T18:00:00+00:00,0.166530
2026-07-15T18:15:00+00:00,0.183910
2026-07-15T18:30:00+00:00,0.180430
2026-07-15T18:45:00+00:00,0.187250
2026-07-15T19:00:00+00:00,0.170830
2026-07-15T19:15:00+00:00,0.196120
2026-07-15T19:30:00+00:00,0.197130
2026-07-15T19:45:00+00:00,0.192330
2026-07-15T20:00:00+00:00,0.199990
2026-07-15T20:15:00+00:00,0.190000
2026-07-15T20:30:00+00:00,0.187900
2026-07-15T20:45:00+00:00,0.175630
2026-07-15T21:00:00+00:00,0.179140
2026-07-15T21:15:00+00:00,0.171940
2026-07-15T21:30:00+00:00,0.169620
2026-07-15T21:45:00+00:00,0.164960
2026-07-15T22:00:00+00:00,0.173580
2026-07-15T22:15:00+00:00,0.169040
2026-07-15T22:30:00+00:00,0.163510
2026-07-15T22:45:00+00:00,0.158000
2026-07-15T23:00:00+00:00,0.162030
2026-07-15T23:15:00+00:00,0.158000
2026-07-15T23:30:00+00:00,0.158970
2026-07-15T23:45:00+00:00,0.157800
2026-07-16T00:00:00+00:00,0.157620
2026-07-16T00:15:00+00:00,0.154670
2026-07-16T00:30:00+00:00,0.150180
2026-07-16T00:45:00+00:00,0.147320
2026-07-16T01:00:00+00:00,0.150390
2026-07-16T01:15:00+00:00,0.147230
2026-07-16T01:30:00+00:00,0.148080
2026-07-16T01:45:00+00:00,0.147920
2026-07-16T02:00:00+00:00,0.138970
2026-07-16T02:15:00+00:00,0.143830
2026-07-16T02:30:00+00:00,0.143850
2026-07-16T02:45:00+00:00,0.149470
2026-07-16T03:00:00+00:00,0.124950
2026-07-16T03:15:00+00:00,0.147710
2026-07-16T03:30:00+00:00,0.160100
2026-07-16T03:45:00+00:00,0.163280
2026-07-16T04:00:00+00:00,0.148560
2026-07-16T04:15:00+00:00,0.162870
2026-07-16T04:30:00+00:00,0.163520
2026-07-16T04:45:00+00:00,0.165640
2026-07-16T05:00:00+00:00,0.166090
2026-07-16T05:15:00+00:00,0.169110
2026-07-16T05:30:00+00:00,0.168210
2026-07-16T05:45:00+00:00,0.161150
2026-07-16T06:00:00+00:00,0.169390
2026-07-16T06:15:00+00:00,0.166080
2026-07-16T06:30:00+00:00,0.157190
2026-07-16T06:45:00+00:00,0.138050
2026-07-16T07:00:00+00:00,0.152980
2026-07-16T07:15:00+00:00,0.138240
2026-07-16T07:30:00+00:00,0.132720
2026-07-16T07:45:00+00:00,0.123740
2026-07-16T08:00:00+00:00,0.140340
2026-07-16T08:15:00+00:00,0.122620
2026-07-16T08:30:00+00:00,0.110340
2026-07-16T08:45:00+00:00,0.100210
2026-07-16T09:00:00+00:00,0.113130
2026-07-16T09:15:00+00:00,0.109090
2026-07-16T09:30:00+00:00,0.105980
2026-07-16T09:45:00+00:00,0.100360
2026-07-16T10:00:00+00:00,0.100370
2026-07-16T10:15:00+00:00,0.094650
2026-07-16T10:30:00+00:00,0.094090
2026-07-16T10:45:00+00:00,0.092850
2026-07-16T11:00:00+00:00,0.093790
2026-07-16T11:15:00+00:00,0.092690
2026-07-16T11:30:00+00:00,0.085220
2026-07-16T11:45:00+00:00,0.083380
2026-07-16T12:00:00+00:00,0.092150
2026-07-16T12:15:00+00:00,0.094010
2026-07-16T12:30:00+00:00,0.097050
2026-07-16T12:45:00+00:00,0.103010
2026-07-16T13:00:00+00:00,0.105290
2026-07-16T13:15:00+00:00,0.107460
2026-07-16T13:30:00+00:00,0.109360
2026-07-16T13:45:00+00:00,0.112440
2026-07-16T14:00:00+00:00,0.105780
2026-07-16T14:15:00+00:00,0.112670
2026-07-16T14:30:00+00:00,0.127740
2026-07-16T14:45:00+00:00,0.129470
2026-07-16T15:00:00+00:00,0.124590
2026-07-16T15:15:00+00:00,0.135370
2026-07-16T15:30:00+00:00,0.139370
2026-07-16T15:45:00+00:00,0.148060
2026-07-16T16:00:00+00:00,0.135420
2026-07-16T16:15:00+00:00,0.159960
2026-07-16T16:30:00+00:00,0.146980
2026-07-16T16:45:00+00:00,0.177630
2026-07-16T17:00:00+00:00,0.155170
2026-07-16T17:15:00+00:00,0.184620
2026-07-16T17:30:00+00:00,0.210630
2026-07-16T17:45:00+00:00,0.229750
2026-07-16T18:00:00+00:00,0.186050
2026-07-16T18:15:00+00:00,0.198690
2026-07-16T18:30:00+00:00,0.263480
2026-07-16T18:45:00+00:00,0.300070
2026-07-16T19:00:00+00:00,0.275330
2026-07-16T19:15:00+00:00,0.245580
2026-07-16T19:30:00+00:00,0.217060
2026-07-16T19:45:00+00:00,0.203750
2026-07-16T20:00:00+00:00,0.228770
2026-07-16T20:15:00+00:00,0.203750
2026-07-16T20:30:00+00:00,0.205000
2026-07-16T20:45:00+00:00,0.189840
2026-07-16T21:00:00+00:00,0.196030
2026-07-16T21:15:00+00:00,0.180600
2026-07-16T21:30:00+00:00,0.175100
2026-07-16T21:45:00+00:00,0.169520
2026-07-16T22:00:00+00:00,0.175000
2026-07-16T22:15:00+00:00,0.171310
2026-07-16T22:30:00+00:00,0.169450
2026-07-16T22:45:00+00:00,0.166500
2026-07-16T23:00:00+00:00,0.167000
2026-07-16T23:15:00+00:00,0.162880
2026-07-16T23:30:00+00:00,0.160640
2026-07-16T23:45:00+00:00,0.155280
2026-07-17T00:00:00+00:00,0.156970
2026-07-17T00:15:00+00:00,0.153000
2026-07-17T00:30:00+00:00,0.151910
2026-07-17T00:45:00+00:00,0.146020
2026-07-17T01:00:00+00:00,0.148000
2026-07-17T01:15:00+00:00,0.145000
2026-07-17T01:30:00+00:00,0.142000
2026-07-17T01:45:00+00:00,0.140760
2026-07-17T02:00:00+00:00,0.141040
2026-07-17T02:15:00+00:00,0.142200
2026-07-17T02:30:00+00:00,0.142350
2026-07-17T02:45:00+00:00,0.146010
2026-07-17T03:00:00+00:00,0.145400
2026-07-17T03:15:00+00:00,0.143120
2026-07-17T03:30:00+00:00,0.149420
2026-07-17T03:45:00+00:00,0.157480
2026-07-17T04:00:00+00:00,0.151020
2026-07-17T04:15:00+00:00,0.153490
2026-07-17T04:30:00+00:00,0.153920
2026-07-17T04:45:00+00:00,0.154480
2026-07-17T05:00:00+00:00,0.156740
2026-07-17T05:15:00+00:00,0.154130
2026-07-17T05:30:00+00:00,0.160730
2026-07-17T05:45:00+00:00,0.150960
2026-07-17T06:00:00+00:00,0.155190
2026-07-17T06:15:00+00:00,0.158830
2026-07-17T06:30:00+00:00,0.152040
2026-07-17T06:45:00+00:00,0.124860
2026-07-17T07:00:00+00:00,0.150000
2026-07-17T07:15:00+00:00,0.138600
2026-07-17T07:30:00+00:00,0.134230
2026-07-17T07:45:00+00:00,0.118810
2026-07-17T08:00:00+00:00,0.148620
2026-07-17T08:15:00+00:00,0.131900
2026-07-17T08:30:00+00:00,0.120670
2026-07-17T08:45:00+00:00,0.112410
2026-07-17T09:00:00+00:00,0.121750
2026-07-17T09:15:00+00:00,0.112470
2026-07-17T09:30:00+00:00,0.112070
2026-07-17T09:45:00+00:00,0.110910
2026-07-17T10:00:00+00:00,0.113070
2026-07-17T10:15:00+00:00,0.105000
2026-07-17T10:30:00+00:00,0.100000
2026-07-17T10:45:00+00:00,0.098300
2026-07-17T11:00:00+00:00,0.098960
2026-07-17T11:15:00+00:00,0.098350
2026-07-17T11:30:00+00:00,0.097810
2026-07-17T11:45:00+00:00,0.097680
2026-07-17T12:00:00+00:00,0.097940
2026-07-17T12:15:00+00:00,0.098090
2026-07-17T12:30:00+00:00,0.098410
2026-07-17T12:45:00+00:00,0.099360
2026-07-17T13:00:00+00:00,0.099700
2026-07-17T13:15:00+00:00,0.105300
2026-07-17T13:30:00+00:00,0.106060
2026-07-17T13:45:00+00:00,0.103180
2026-07-17T14:00:00+00:00,0.105000
2026-07-17T14:15:00+00:00,0.111550
2026-07-17T14:30:00+00:00,0.116860
2026-07-17T14:45:00+00:00,0.124790
2026-07-17T15:00:00+00:00,0.114730
2026-07-17T15:15:00+00:00,0.122570
2026-07-17T15:30:00+00:00,0.130500
2026-07-17T15:45:00+00:00,0.141790
2026-07-17T16:00:00+00:00,0.122920
2026-07-17T16:15:00+00:00,0.137900
2026-07-17T16:30:00+00:00,0.142410
2026-07-17T16:45:00+00:00,0.149330
2026-07-17T17:00:00+00:00,0.145650
2026-07-17T17:15:00+00:00,0.153840
2026-07-17T17:30:00+00:00,0.149760
2026-07-17T17:45:00+00:00,0.157940
2026-07-17T18:00:00+00:00,0.150900
2026-07-17T18:15:00+00:00,0.157880
2026-07-17T18:30:00+00:00,0.163660
2026-07-17T18:45:00+00:00,0.171470
2026-07-17T19:00:00+00:00,0.166010
2026-07-17T19:15:00+00:00,0.166340
2026-07-17T19:30:00+00:00,0.169090
2026-07-17T19:45:00+00:00,0.168390
2026-07-17T20:00:00+00:00,0.168980
2026-07-17T20:15:00+00:00,0.165610
2026-07-17T20:30:00+00:00,0.164610
2026-07-17T20:45:00+00:00,0.160030
2026-07-17T21:00:00+00:00,0.163180
2026-07-17T21:15:00+00:00,0.160780
2026-07-17T21:30:00+00:00,0.159040
2026-07-17T21:45:00+00:00,0.150480
2026-07-17T22:00:00+00:00,0.168410
2026-07-17T22:15:00+00:00,0.160220
2026-07-17T22:30:00+00:00,0.151240
2026-07-17T22:45:00+00:00,0.145000
2026-07-17T23:00:00+00:00,0.152940
2026-07-17T23:15:00+00:00,0.146810
2026-07-17T23:30:00+00:00,0.143430
2026-07-17T23:45:00+00:00,0.138390
2026-07-18T00:00:00+00:00,0.146130
2026-07-18T00:15:00+00:00,0.142610
2026-07-18T00:30:00+00:00,0.139090
2026-07-18T00:45:00+00:00,0.140170
2026-07-18T01:00:00+00:00,0.137210
2026-07-18T01:15:00+00:00,0.135550
2026-07-18T01:30:00+00:00,0.135000
2026-07-18T01:45:00+00:00,0.133440
2026-07-18T02:00:00+00:00,0.137600
2026-07-18T02:15:00+00:00,0.137710
2026-07-18T02:30:00+00:00,0.135120
2026-07-18T02:45:00+00:00,0.130390
2026-07-18T03:00:00+00:00,0.143050
2026-07-18T03:15:00+00:00,0.135170
2026-07-18T03:30:00+00:00,0.131340
2026-07-18T03:45:00+00:00,0.123550
2026-07-18T04:00:00+00:00,0.133000
2026-07-18T04:15:00+00:00,0.130400
2026-07-18T04:30:00+00:00,0.127990
2026-07-18T04:45:00+00:00,0.118010
2026-07-18T05:00:00+00:00,0.154460
2026-07-18T05:15:00+00:00,0.120870
2026-07-18T05:30:00+00:00,0.109520
2026-07-18T05:45:00+00:00,0.096880
2026-07-18T06:00:00+00:00,0.122730
2026-07-18T06:15:00+00:00,0.106870
2026-07-18T06:30:00+00:00,0.091030
2026-07-18T06:45:00+00:00,0.073250
2026-07-18T07:00:00+00:00,0.082670
2026-07-18T07:15:00+00:00,0.060830
2026-07-18T07:30:00+00:00,0.027970
2026-07-18T07:45:00+00:00,0.011000
2026-07-18T08:00:00+00:00,0.023150
2026-07-18T08:15:00+00:00,0.011960
2026-07-18T08:30:00+00:00,0.004990
2026-07-18T08:45:00+00:00,0.001860
2026-07-18T09:00:00+00:00,0.000870
2026-07-18T09:15:00+00:00,0.000850
2026-07-18T09:30:00+00:00,0.000330
2026-07-18T09:45:00+00:00,0.000290
2026-07-18T10:00:00+00:00,0.000050
2026-07-18T10:15:00+00:00,0.000010
2026-07-18T10:30:00+00:00,-0.000010
2026-07-18T10:45:00+00:00,-0.000100
2026-07-18T11:00:00+00:00,-0.000650
2026-07-18T11:15:00+00:00,-0.000880
2026-07-18T11:30:00+00:00,-0.000960
2026-07-18T11:45:00+00:00,-0.001400
2026-07-18T12:00:00+00:00,-0.001370
2026-07-18T12:15:00+00:00,-0.001480
2026-07-18T12:30:00+00:00,-0.001510
2026-07-18T12:45:00+00:00,-0.001850
2026-07-18T13:00:00+00:00,-0.001680
2026-07-18T13:15:00+00:00,-0.001910
2026-07-18T13:30:00+00:00,-0.002350
2026-07-18T13:45:00+00:00,-0.004000
2026-07-18T14:00:00+00:00,-0.001680
2026-07-18T14:15:00+00:00,-0.000890
2026-07-18T14:30:00+00:00,-0.000530
2026-07-18T14:45:00+00:00,0.000250
2026-07-18T15:00:00+00:00,-0.000190
2026-07-18T15:15:00+00:00,0.000220
2026-07-18T15:30:00+00:00,0.000220
2026-07-18T15:45:00+00:00,0.003200
2026-07-18T16:00:00+00:00,0.003530
2026-07-18T16:15:00+00:00,0.041540
2026-07-18T16:30:00+00:00,0.084430
2026-07-18T16:45:00+00:00,0.101890
2026-07-18T17:00:00+00:00,0.090230
2026-07-18T17:15:00+00:00,0.111960
2026-07-18T17:30:00+00:00,0.119020
2026-07-18T17:45:00+00:00,0.126990
2026-07-18T18:00:00+00:00,0.121920
2026-07-18T18:15:00+00:00,0.131320
2026-07-18T18:30:00+00:00,0.138060
2026-07-18T18:45:00+00:00,0.145480
2026-07-18T19:00:00+00:00,0.144950
2026-07-18T19:15:00+00:00,0.144400
2026-07-18T19:30:00+00:00,0.147280
2026-07-18T19:45:00+00:00,0.155170
2026-07-18T20:00:00+00:00,0.155510
2026-07-18T20:15:00+00:00,0.155130
2026-07-18T20:30:00+00:00,0.154960
2026-07-18T20:45:00+00:00,0.151840
2026-07-18T21:00:00+00:00,0.151990
2026-07-18T21:15:00+00:00,0.150190
2026-07-18T21:30:00+00:00,0.147810
2026-07-18T21:45:00+00:00,0.137060
2026-07-18T22:00:00+00:00,0.145590
2026-07-18T22:15:00+00:00,0.142600
2026-07-18T22:30:00+00:00,0.135630
2026-07-18T22:45:00+00:00,0.130970
2026-07-18T23:00:00+00:00,0.135000
2026-07-18T23:15:00+00:00,0.132230
2026-07-18T23:30:00+00:00,0.130060
2026-07-18T23:45:00+00:00,0.125680
2026-07-19T00:00:00+00:00,0.127550
2026-07-19T00:15:00+00:00,0.122310
2026-07-19T00:30:00+00:00,0.120850
2026-07-19T00:45:00+00:00,0.116840
2026-07-19T01:00:00+00:00,0.121070
2026-07-19T01:15:00+00:00,0.120090
2026-07-19T01:30:00+00:00,0.118880
2026-07-19T01:45:00+00:00,0.114780
2026-07-19T02:00:00+00:00,0.116880
2026-07-19T02:15:00+00:00,0.112600
2026-07-19T02:30:00+00:00,0.112520
2026-07-19T02:45:00+00:00,0.111120
2026-07-19T03:00:00+00:00,0.107590
2026-07-19T03:15:00+00:00,0.105920
2026-07-19T03:30:00+00:00,0.106420
2026-07-19T03:45:00+00:00,0.104810
2026-07-19T04:00:00+00:00,0.105130
2026-07-19T04:15:00+00:00,0.097110
2026-07-19T04:30:00+00:00,0.093810
2026-07-19T04:45:00+00:00,0.082400
2026-07-19T05:00:00+00:00,0.088400
2026-07-19T05:15:00+00:00,0.081330
2026-07-19T05:30:00+00:00,0.076830
2026-07-19T05:45:00+00:00,0.063630
2026-07-19T06:00:00+00:00,0.066470
2026-07-19T06:15:00+00:00,0.049430
2026-07-19T06:30:00+00:00,0.026750
2026-07-19T06:45:00+00:00,0.009070
2026-07-19T07:00:00+00:00,0.008930
2026-07-19T07:15:00+00:00,0.003760
2026-07-19T07:30:00+00:00,0.001230
2026-07-19T07:45:00+00:00,0.000220
2026-07-19T08:00:00+00:00,0.000050
2026-07-19T08:15:00+00:00,0.000000
2026-07-19T08:30:00+00:00,0.000000
2026-07-19T08:45:00+00:00,0.000000
2026-07-19T09:00:00+00:00,-0.000010
2026-07-19T09:15:00+00:00,-0.000020
2026-07-19T09:30:00+00:00,-0.000040
2026-07-19T09:45:00+00:00,-0.000090
2026-07-19T10:00:00+00:00,-0.000400
2026-07-19T10:15:00+00:00,-0.000660
2026-07-19T10:30:00+00:00,-0.000720
2026-07-19T10:45:00+00:00,-0.001190
2026-07-19T11:00:00+00:00,-0.001700
2026-07-19T11:15:00+00:00,-0.002300
2026-07-19T11:30:00+00:00,-0.003020
2026-07-19T11:45:00+00:00,-0.004000
2026-07-19T12:00:00+00:00,-0.004470
2026-07-19T12:15:00+00:00,-0.004820
2026-07-19T12:30:00+00:00,-0.004810
2026-07-19T12:45:00+00:00,-0.005190
2026-07-19T13:00:00+00:00,-0.005430
2026-07-19T13:15:00+00:00,-0.005000
2026-07-19T13:30:00+00:00,-0.004490
2026-07-19T13:45:00+00:00,-0.003600
2026-07-19T14:00:00+00:00,-0.002000
2026-07-19T14:15:00+00:00,-0.002450
2026-07-19T14:30:00+00:00,-0.003030
2026-07-19T14:45:00+00:00,-0.001300
2026-07-19T15:00:00+00:00,-0.000970
2026-07-19T15:15:00+00:00,-0.000600
2026-07-19T15:30:00+00:00,0.000080
2026-07-19T15:45:00+00:00,0.000600
2026-07-19T16:00:00+00:00,0.001000
2026-07-19T16:15:00+00:00,0.025870
2026-07-19T16:30:00+00:00,0.056740
2026-07-19T16:45:00+00:00,0.092020
2026-07-19T17:00:00+00:00,0.086320
2026-07-19T17:15:00+00:00,0.108050
2026-07-19T17:30:00+00:00,0.128730
2026-07-19T17:45:00+00:00,0.137910
2026-07-19T18:00:00+00:00,0.132270
2026-07-19T18:15:00+00:00,0.140120
2026-07-19T18:30:00+00:00,0.151630
2026-07-19T18:45:00+00:00,0.158070
2026-07-19T19:00:00+00:00,0.153250
2026-07-19T19:15:00+00:00,0.150920
2026-07-19T19:30:00+00:00,0.150040
2026-07-19T19:45:00+00:00,0.146460
2026-07-19T20:00:00+00:00,0.160470
2026-07-19T20:15:00+00:00,0.151690
2026-07-19T20:30:00+00:00,0.148840
2026-07-19T20:45:00+00:00,0.140430
2026-07-19T21:00:00+00:00,0.152500
2026-07-19T21:15:00+00:00,0.137020
2026-07-19T21:30:00+00:00,0.135650
2026-07-19T21:45:00+00:00,0.128430
2026-07-19T22:00:00+00:00,0.167330
2026-07-19T22:15:00+00:00,0.150110
2026-07-19T22:30:00+00:00,0.140740
2026-07-19T22:45:00+00:00,0.131630
2026-07-19T23:00:00+00:00,0.148250
2026-07-19T23:15:00+00:00,0.140010
2026-07-19T23:30:00+00:00,0.135680
2026-07-19T23:45:00+00:00,0.129990
2026-07-20T00:00:00+00:00,0.132560
2026-07-20T00:15:00+00:00,0.131300
2026-07-20T00:30:00+00:00,0.130390
2026-07-20T00:45:00+00:00,0.134360
2026-07-20T01:00:00+00:00,0.129400
2026-07-20T01:15:00+00:00,0.127500
2026-07-20T01:30:00+00:00,0.126370
2026-07-20T01:45:00+00:00,0.126670
2026-07-20T02:00:00+00:00,0.124050
2026-07-20T02:15:00+00:00,0.129310
2026-07-20T02:30:00+00:00,0.130660
2026-07-20T02:45:00+00:00,0.133990
2026-07-20T03:00:00+00:00,0.137250
2026-07-20T03:15:00+00:00,0.139280
2026-07-20T03:30:00+00:00,0.141190
2026-07-20T03:45:00+00:00,0.145480
2026-07-20T04:00:00+00:00,0.147730
2026-07-20T04:15:00+00:00,0.150030
2026-07-20T04:30:00+00:00,0.150460
2026-07-20T04:45:00+00:00,0.149190
2026-07-20T05:00:00+00:00,0.159920
2026-07-20T05:15:00+00:00,0.152960
2026-07-20T05:30:00+00:00,0.148990
2026-07-20T05:45:00+00:00,0.141830
2026-07-20T06:00:00+00:00,0.159000
2026-07-20T06:15:00+00:00,0.140000
2026-07-20T06:30:00+00:00,0.120700
2026-07-20T06:45:00+00:00,0.104290
2026-07-20T07:00:00+00:00,0.113720
2026-07-20T07:15:00+00:00,0.102000
2026-07-20T07:30:00+00:00,0.089330
2026-07-20T07:45:00+00:00,0.065820
2026-07-20T08:00:00+00:00,0.083100
2026-07-20T08:15:00+00:00,0.073360
2026-07-20T08:30:00+00:00,0.059540
2026-07-20T08:45:00+00:00,0.033160
2026-07-20T09:00:00+00:00,0.031910
2026-07-20T09:15:00+00:00,0.028910
2026-07-20T09:30:00+00:00,0.015000
2026-07-20T09:45:00+00:00,0.010270
2026-07-20T10:00:00+00:00,0.030620
2026-07-20T10:15:00+00:00,0.015820
2026-07-20T10:30:00+00:00,0.019200
2026-07-20T10:45:00+00:00,0.014900
2026-07-20T11:00:00+00:00,0.005470
2026-07-20T11:15:00+00:00,0.005440
2026-07-20T11:30:00+00:00,0.003540
2026-07-20T11:45:00+00:00,0.003360
2026-07-20T12:00:00+00:00,0.008720
2026-07-20T12:15:00+00:00,0.008900
2026-07-20T12:30:00+00:00,0.009270
2026-07-20T12:45:00+00:00,0.011180
2026-07-20T13:00:00+00:00,0.003560
2026-07-20T13:15:00+00:00,0.004850
2026-07-20T13:30:00+00:00,0.010240
2026-07-20T13:45:00+00:00,0.010000
2026-07-20T14:00:00+00:00,0.011210
2026-07-20T14:15:00+00:00,0.011380
2026-07-20T14:30:00+00:00,0.023410
2026-07-20T14:45:00+00:00,0.062150
2026-07-20T15:00:00+00:00,0.026740
2026-07-20T15:15:00+00:00,0.080000
2026-07-20T15:30:00+00:00,0.092320
2026-07-20T15:45:00+00:00,0.108170
2026-07-20T16:00:00+00:00,0.101960
2026-07-20T16:15:00+00:00,0.111940
2026-07-20T16:30:00+00:00,0.133440
2026-07-20T16:45:00+00:00,0.144850
2026-07-20T17:00:00+00:00,0.142450
2026-07-20T17:15:00+00:00,0.152970
2026-07-20T17:30:00+00:00,0.162060
2026-07-20T17:45:00+00:00,0.177880
2026-07-20T18:00:00+00:00,0.161950
2026-07-20T18:15:00+00:00,0.169820
2026-07-20T18:30:00+00:00,0.180140
2026-07-20T18:45:00+00:00,0.192150
2026-07-20T19:00:00+00:00,0.180000
2026-07-20T19:15:00+00:00,0.180290
2026-07-20T19:30:00+00:00,0.179920
2026-07-20T19:45:00+00:00,0.178000
2026-07-20T20:00:00+00:00,0.186340
2026-07-20T20:15:00+00:00,0.175980
2026-07-20T20:30:00+00:00,0.171940
2026-07-20T20:45:00+00:00,0.165000
2026-07-20T21:00:00+00:00,0.168430
2026-07-20T21:15:00+00:00,0.162060
2026-07-20T21:30:00+00:00,0.158480
2026-07-20T21:45:00+00:00,0.149460
2026-07-20T22:00:00+00:00,0.154740
2026-07-20T22:15:00+00:00,0.150890
2026-07-20T22:30:00+00:00,0.146950
2026-07-20T22:45:00+00:00,0.145530
2026-07-20T23:00:00+00:00,0.152200
2026-07-20T23:15:00+00:00,0.150900
2026-07-20T23:30:00+00:00,0.149780
2026-07-20T23:45:00+00:00,0.146970
2026-07-21T00:00:00+00:00,0.147170
2026-07-21T00:15:00+00:00,0.144640
2026-07-21T00:30:00+00:00,0.143660
2026-07-21T00:45:00+00:00,0.140350
2026-07-21T01:00:00+00:00,0.140620
2026-07-21T01:15:00+00:00,0.138450
2026-07-21T01:30:00+00:00,0.138560
2026-07-21T01:45:00+00:00,0.139320
2026-07-21T02:00:00+00:00,0.135030
2026-07-21T02:15:00+00:00,0.137530
2026-07-21T02:30:00+00:00,0.141440
2026-07-21T02:45:00+00:00,0.144180
2026-07-21T03:00:00+00:00,0.141190
2026-07-21T03:15:00+00:00,0.144000
2026-07-21T03:30:00+00:00,0.147400
2026-07-21T03:45:00+00:00,0.149650
2026-07-21T04:00:00+00:00,0.155030
2026-07-21T04:15:00+00:00,0.159690
2026-07-21T04:30:00+00:00,0.159860
2026-07-21T04:45:00+00:00,0.156520
2026-07-21T05:00:00+00:00,0.167000
2026-07-21T05:15:00+00:00,0.159350
2026-07-21T05:30:00+00:00,0.155010
2026-07-21T05:45:00+00:00,0.136350
2026-07-21T06:00:00+00:00,0.164780
2026-07-21T06:15:00+00:00,0.149000
2026-07-21T06:30:00+00:00,0.142160
2026-07-21T06:45:00+00:00,0.125570
2026-07-21T07:00:00+00:00,0.153010
2026-07-21T07:15:00+00:00,0.120130
2026-07-21T07:30:00+00:00,0.107370
2026-07-21T07:45:00+00:00,0.077850
2026-07-21T08:00:00+00:00,0.100550
2026-07-21T08:15:00+00:00,0.082910
2026-07-21T08:30:00+00:00,0.071830
2026-07-21T08:45:00+00:00,0.057460
2026-07-21T09:00:00+00:00,0.058400
2026-07-21T09:15:00+00:00,0.053700
2026-07-21T09:30:00+00:00,0.034230
2026-07-21T09:45:00+00:00,0.014880
2026-07-21T10:00:00+00:00,0.017270
2026-07-21T10:15:00+00:00,0.009030
2026-07-21T10:30:00+00:00,0.007450
2026-07-21T10:45:00+00:00,0.006260
2026-07-21T11:00:00+00:00,0.004970
2026-07-21T11:15:00+00:00,0.004230
2026-07-21T11:30:00+00:00,0.004350
2026-07-21T11:45:00+00:00,0.003100
2026-07-21T12:00:00+00:00,0.000410
2026-07-21T12:15:00+00:00,0.000580
2026-07-21T12:30:00+00:00,0.000620
2026-07-21T12:45:00+00:00,0.003940
2026-07-21T13:00:00+00:00,0.002960
2026-07-21T13:15:00+00:00,0.006110
2026-07-21T13:30:00+00:00,0.010080
2026-07-21T13:45:00+00:00,0.028850
2026-07-21T14:00:00+00:00,0.026250
2026-07-21T14:15:00+00:00,0.056220
2026-07-21T14:30:00+00:00,0.063560
2026-07-21T14:45:00+00:00,0.074120
2026-07-21T15:00:00+00:00,0.067560
2026-07-21T15:15:00+00:00,0.084760
2026-07-21T15:30:00+00:00,0.106500
2026-07-21T15:45:00+00:00,0.124300
2026-07-21T16:00:00+00:00,0.113170
2026-07-21T16:15:00+00:00,0.129490
2026-07-21T16:30:00+00:00,0.141340
2026-07-21T16:45:00+00:00,0.153020
2026-07-21T17:00:00+00:00,0.141530
2026-07-21T17:15:00+00:00,0.150920
2026-07-21T17:30:00+00:00,0.158370
2026-07-21T17:45:00+00:00,0.164880
2026-07-21T18:00:00+00:00,0.165440
2026-07-21T18:15:00+00:00,0.171310
2026-07-21T18:30:00+00:00,0.174100
2026-07-21T18:45:00+00:00,0.174860
2026-07-21T19:00:00+00:00,0.176890
2026-07-21T19:15:00+00:00,0.175930
2026-07-21T19:30:00+00:00,0.174820
2026-07-21T19:45:00+00:00,0.169920
2026-07-21T20:00:00+00:00,0.176260
2026-07-21T20:15:00+00:00,0.169060
2026-07-21T20:30:00+00:00,0.171610
2026-07-21T20:45:00+00:00,0.159380
2026-07-21T21:00:00+00:00,0.165980
2026-07-21T21:15:00+00:00,0.156190
2026-07-21T21:30:00+00:00,0.154170
2026-07-21T21:45:00+00:00,0.146360
2026-07-21T22:00:00+00:00,0.158850
2026-07-21T22:15:00+00:00,0.157760
2026-07-21T22:30:00+00:00,0.153250
2026-07-21T22:45:00+00:00,0.147160
2026-07-21T23:00:00+00:00,0.159720
2026-07-21T23:15:00+00:00,0.151150
2026-07-21T23:30:00+00:00,0.148000
2026-07-21T23:45:00+00:00,0.144410
2026-07-22T00:00:00+00:00,0.150110
2026-07-22T00:15:00+00:00,0.147760
2026-07-22T00:30:00+00:00,0.145560
2026-07-22T00:45:00+00:00,0.139920
2026-07-22T01:00:00+00:00,0.144970
2026-07-22T01:15:00+00:00,0.136710
2026-07-22T01:30:00+00:00,0.133760
2026-07-22T01:45:00+00:00,0.132410
2026-07-22T02:00:00+00:00,0.132020
2026-07-22T02:15:00+00:00,0.131510
2026-07-22T02:30:00+00:00,0.132930
2026-07-22T02:45:00+00:00,0.133560
2026-07-22T03:00:00+00:00,0.130540
2026-07-22T03:15:00+00:00,0.136850
2026-07-22T03:30:00+00:00,0.142660
2026-07-22T03:45:00+00:00,0.148210
2026-07-22T04:00:00+00:00,0.148280
2026-07-22T04:15:00+00:00,0.154360
2026-07-22T04:30:00+00:00,0.160980
2026-07-22T04:45:00+00:00,0.150740
2026-07-22T05:00:00+00:00,0.162240
2026-07-22T05:15:00+00:00,0.154320
2026-07-22T05:30:00+00:00,0.148790
2026-07-22T05:45:00+00:00,0.130610
2026-07-22T06:00:00+00:00,0.163150
2026-07-22T06:15:00+00:00,0.143940
2026-07-22T06:30:00+00:00,0.123180
2026-07-22T06:45:00+00:00,0.107790
2026-07-22T07:00:00+00:00,0.122400
2026-07-22T07:15:00+00:00,0.105050
2026-07-22T07:30:00+00:00,0.090590
2026-07-22T07:45:00+00:00,0.085380
2026-07-22T08:00:00+00:00,0.098760
2026-07-22T08:15:00+00:00,0.083710
2026-07-22T08:30:00+00:00,0.066460
2026-07-22T08:45:00+00:00,0.053870
2026-07-22T09:00:00+00:00,0.053310
2026-07-22T09:15:00+00:00,0.048150
2026-07-22T09:30:00+00:00,0.040180
2026-07-22T09:45:00+00:00,0.031270
2026-07-22T10:00:00+00:00,0.028970
2026-07-22T10:15:00+00:00,0.027370
2026-07-22T10:30:00+00:00,0.022530
2026-07-22T10:45:00+00:00,0.017130
2026-07-22T11:00:00+00:00,0.018680
2026-07-22T11:15:00+00:00,0.014450
2026-07-22T11:30:00+00:00,0.013030
2026-07-22T11:45:00+00:00,0.010440
2026-07-22T12:00:00+00:00,0.003360
2026-07-22T12:15:00+00:00,0.003230
2026-07-22T12:30:00+00:00,0.003990
2026-07-22T12:45:00+00:00,0.005000
2026-07-22T13:00:00+00:00,0.002880
2026-07-22T13:15:00+00:00,0.002630
2026-07-22T13:30:00+00:00,0.003560
2026-07-22T13:45:00+00:00,0.008410
2026-07-22T14:00:00+00:00,0.005110
2026-07-22T14:15:00+00:00,0.012420
2026-07-22T14:30:00+00:00,0.013880
2026-07-22T14:45:00+00:00,0.038640
2026-07-22T15:00:00+00:00,0.024990
2026-07-22T15:15:00+00:00,0.060680
2026-07-22T15:30:00+00:00,0.077670
2026-07-22T15:45:00+00:00,0.100470
2026-07-22T16:00:00+00:00,0.088080
2026-07-22T16:15:00+00:00,0.103280
2026-07-22T16:30:00+00:00,0.115880
2026-07-22T16:45:00+00:00,0.133860
2026-07-22T17:00:00+00:00,0.124070
2026-07-22T17:15:00+00:00,0.139330
2026-07-22T17:30:00+00:00,0.148970
2026-07-22T17:45:00+00:00,0.149010
2026-07-22T18:00:00+00:00,0.155020
2026-07-22T18:15:00+00:00,0.158780
2026-07-22T18:30:00+00:00,0.162780
2026-07-22T18:45:00+00:00,0.169290
2026-07-22T19:00:00+00:00,0.170340
2026-07-22T19:15:00+00:00,0.165770
2026-07-22T19:30:00+00:00,0.165440
2026-07-22T19:45:00+00:00,0.159120
2026-07-22T20:00:00+00:00,0.171410
2026-07-22T20:15:00+00:00,0.162650
2026-07-22T20:30:00+00:00,0.158820
2026-07-22T20:45:00+00:00,0.149970
2026-07-22T21:00:00+00:00,0.157410
2026-07-22T21:15:00+00:00,0.153170
2026-07-22T21:30:00+00:00,0.152420
2026-07-22T21:45:00+00:00,0.139650
2026-07-22T22:00:00+00:00,0.160460
2026-07-22T22:15:00+00:00,0.151450
2026-07-22T22:30:00+00:00,0.142500
2026-07-22T22:45:00+00:00,0.132390
2026-07-22T23:00:00+00:00,0.144260
2026-07-22T23:15:00+00:00,0.141540
2026-07-22T23:30:00+00:00,0.140320
2026-07-22T23:45:00+00:00,0.133360
2026-07-23T00:00:00+00:00,0.139200
2026-07-23T00:15:00+00:00,0.135400
2026-07-23T00:30:00+00:00,0.134850
2026-07-23T00:45:00+00:00,0.133160
2026-07-23T01:00:00+00:00,0.133060
2026-07-23T01:15:00+00:00,0.135760
2026-07-23T01:30:00+00:00,0.133240
2026-07-23T01:45:00+00:00,0.133250
2026-07-23T02:00:00+00:00,0.133610
2026-07-23T02:15:00+00:00,0.134700
2026-07-23T02:30:00+00:00,0.138310
2026-07-23T02:45:00+00:00,0.141850
2026-07-23T03:00:00+00:00,0.133450
2026-07-23T03:15:00+00:00,0.139080
2026-07-23T03:30:00+00:00,0.149350
2026-07-23T03:45:00+00:00,0.155950
2026-07-23T04:00:00+00:00,0.150270
2026-07-23T04:15:00+00:00,0.162550
2026-07-23T04:30:00+00:00,0.161790
2026-07-23T04:45:00+00:00,0.164010
2026-07-23T05:00:00+00:00,0.173160
2026-07-23T05:15:00+00:00,0.173720
2026-07-23T05:30:00+00:00,0.163920
2026-07-23T05:45:00+00:00,0.161230
2026-07-23T06:00:00+00:00,0.174010
2026-07-23T06:15:00+00:00,0.162800
2026-07-23T06:30:00+00:00,0.159670
2026-07-23T06:45:00+00:00,0.142300
2026-07-23T07:00:00+00:00,0.161810
2026-07-23T07:15:00+00:00,0.143880
2026-07-23T07:30:00+00:00,0.118380
2026-07-23T07:45:00+00:00,0.111430
2026-07-23T08:00:00+00:00,0.116740
2026-07-23T08:15:00+00:00,0.112180
2026-07-23T08:30:00+00:00,0.107850
2026-07-23T08:45:00+00:00,0.093220
2026-07-23T09:00:00+00:00,0.108650
2026-07-23T09:15:00+00:00,0.087810
2026-07-23T09:30:00+00:00,0.078920
2026-07-23T09:45:00+00:00,0.080070
2026-07-23T10:00:00+00:00,0.079010
2026-07-23T10:15:00+00:00,0.042720
2026-07-23T10:30:00+00:00,0.022210
2026-07-23T10:45:00+00:00,0.009500
2026-07-23T11:00:00+00:00,0.020440
2026-07-23T11:15:00+00:00,0.010350
2026-07-23T11:30:00+00:00,0.004940
2026-07-23T11:45:00+00:00,0.003690
2026-07-23T12:00:00+00:00,0.001420
2026-07-23T12:15:00+00:00,0.001630
2026-07-23T12:30:00+00:00,0.005140
2026-07-23T12:45:00+00:00,0.003890
2026-07-23T13:00:00+00:00,0.001140
2026-07-23T13:15:00+00:00,0.002790
2026-07-23T13:30:00+00:00,0.002840
2026-07-23T13:45:00+00:00,0.013230
2026-07-23T14:00:00+00:00,0.004180
2026-07-23T14:15:00+00:00,0.015970
2026-07-23T14:30:00+00:00,0.027440
2026-07-23T14:45:00+00:00,0.060090
2026-07-23T15:00:00+00:00,0.051540
2026-07-23T15:15:00+00:00,0.093750
2026-07-23T15:30:00+00:00,0.112130
2026-07-23T15:45:00+00:00,0.125180
2026-07-23T16:00:00+00:00,0.111540
2026-07-23T16:15:00+00:00,0.138770
2026-07-23T16:30:00+00:00,0.153500
2026-07-23T16:45:00+00:00,0.165000
2026-07-23T17:00:00+00:00,0.152770
2026-07-23T17:15:00+00:00,0.164670
2026-07-23T17:30:00+00:00,0.168270
2026-07-23T17:45:00+00:00,0.178690
2026-07-23T18:00:00+00:00,0.172790
2026-07-23T18:15:00+00:00,0.184530
2026-07-23T18:30:00+00:00,0.185800
2026-07-23T18:45:00+00:00,0.197500
2026-07-23T19:00:00+00:00,0.192840
2026-07-23T19:15:00+00:00,0.191790
2026-07-23T19:30:00+00:00,0.189700
2026-07-23T19:45:00+00:00,0.185670
2026-07-23T20:00:00+00:00,0.195920
2026-07-23T20:15:00+00:00,0.188960
2026-07-23T20:30:00+00:00,0.184290
2026-07-23T20:45:00+00:00,0.177000
2026-07-23T21:00:00+00:00,0.181680
2026-07-23T21:15:00+00:00,0.170660
2026-07-23T21:30:00+00:00,0.166940
2026-07-23T21:45:00+00:00,0.162400
2026-07-23T22:00:00+00:00,0.168220
2026-07-23T22:15:00+00:00,0.163650
2026-07-23T22:30:00+00:00,0.160580
2026-07-23T22:45:00+00:00,0.151560
2026-07-23T23:00:00+00:00,0.162540
2026-07-23T23:15:00+00:00,0.157950
2026-07-23T23:30:00+00:00,0.155890
2026-07-23T23:45:00+00:00,0.151940
2026-07-24T00:00:00+00:00,0.155260
2026-07-24T00:15:00+00:00,0.151690
2026-07-24T00:30:00+00:00,0.148430
2026-07-24T00:45:00+00:00,0.145730
2026-07-24T01:00:00+00:00,0.154450
2026-07-24T01:15:00+00:00,0.151850
2026-07-24T01:30:00+00:00,0.151690
2026-07-24T01:45:00+00:00,0.152130
2026-07-24T02:00:00+00:00,0.149730
2026-07-24T02:15:00+00:00,0.150330
2026-07-24T02:30:00+00:00,0.151000
2026-07-24T02:45:00+00:00,0.163060
2026-07-24T03:00:00+00:00,0.153150
2026-07-24T03:15:00+00:00,0.158680
2026-07-24T03:30:00+00:00,0.165850
2026-07-24T03:45:00+00:00,0.169860
2026-07-24T04:00:00+00:00,0.168450
2026-07-24T04:15:00+00:00,0.177730
2026-07-24T04:30:00+00:00,0.175310
2026-07-24T04:45:00+00:00,0.172120
2026-07-24T05:00:00+00:00,0.178280
2026-07-24T05:15:00+00:00,0.172390
2026-07-24T05:30:00+00:00,0.167430
2026-07-24T05:45:00+00:00,0.152730
2026-07-24T06:00:00+00:00,0.173990
2026-07-24T06:15:00+00:00,0.166760
2026-07-24T06:30:00+00:00,0.159080
2026-07-24T06:45:00+00:00,0.139840
2026-07-24T07:00:00+00:00,0.169740
2026-07-24T07:15:00+00:00,0.133750
2026-07-24T07:30:00+00:00,0.118550
2026-07-24T07:45:00+00:00,0.119670
2026-07-24T08:00:00+00:00,0.124140
2026-07-24T08:15:00+00:00,0.115250
2026-07-24T08:30:00+00:00,0.109250
2026-07-24T08:45:00+00:00,0.102120
2026-07-24T09:00:00+00:00,0.104000
2026-07-24T09:15:00+00:00,0.096220
2026-07-24T09:30:00+00:00,0.080490
2026-07-24T09:45:00+00:00,0.064930
2026-07-24T10:00:00+00:00,0.070410
2026-07-24T10:15:00+00:00,0.073870
2026-07-24T10:30:00+00:00,0.054760
2026-07-24T10:45:00+00:00,0.036140
2026-07-24T11:00:00+00:00,0.053070
2026-07-24T11:15:00+00:00,0.033670
2026-07-24T11:30:00+00:00,0.024840
2026-07-24T11:45:00+00:00,0.012220
2026-07-24T12:00:00+00:00,0.009170
2026-07-24T12:15:00+00:00,0.008600
2026-07-24T12:30:00+00:00,0.009350
2026-07-24T12:45:00+00:00,0.014340
2026-07-24T13:00:00+00:00,0.003860
2026-07-24T13:15:00+00:00,0.007150
2026-07-24T13:30:00+00:00,0.020110
2026-07-24T13:45:00+00:00,0.039910
2026-07-24T14:00:00+00:00,0.029700
2026-07-24T14:15:00+00:00,0.055160
2026-07-24T14:30:00+00:00,0.074310
2026-07-24T14:45:00+00:00,0.092830
2026-07-24T15:00:00+00:00,0.070430
2026-07-24T15:15:00+00:00,0.103170
2026-07-24T15:30:00+00:00,0.120130
2026-07-24T15:45:00+00:00,0.140870
2026-07-24T16:00:00+00:00,0.123260
2026-07-24T16:15:00+00:00,0.145400
2026-07-24T16:30:00+00:00,0.160020
2026-07-24T16:45:00+00:00,0.179820
2026-07-24T17:00:00+00:00,0.149310
2026-07-24T17:15:00+00:00,0.173610
2026-07-24T17:30:00+00:00,0.190230
2026-07-24T17:45:00+00:00,0.204950
2026-07-24T18:00:00+00:00,0.188540
2026-07-24T18:15:00+00:00,0.194590
2026-07-24T18:30:00+00:00,0.207210
2026-07-24T18:45:00+00:00,0.213380
2026-07-24T19:00:00+00:00,0.210530
2026-07-24T19:15:00+00:00,0.207800
2026-07-24T19:30:00+00:00,0.201880
2026-07-24T19:45:00+00:00,0.195720
2026-07-24T20:00:00+00:00,0.208260
2026-07-24T20:15:00+00:00,0.197900
2026-07-24T20:30:00+00:00,0.188640
2026-07-24T20:45:00+00:00,0.184500
2026-07-24T21:00:00+00:00,0.185480
2026-07-24T21:15:00+00:00,0.183000
2026-07-24T21:30:00+00:00,0.181310
2026-07-24T21:45:00+00:00,0.170670
