timestamp,price_eur_kwh
2023-01-01T00:00:00+00:00,-0.001460
2023-01-01T01:00:00+00:00,-0.001520
2023-01-01T02:00:00+00:00,-0.005000
2023-01-01T03:00:00+00:00,-0.004600
2023-01-01T04:00:00+00:00,-0.004050
2023-01-01T05:00:00+00:00,-0.003600
2023-01-01T06:00:00+00:00,0.000000
2023-01-01T07:00:00+00:00,0.000000
2023-01-01T08:00:00+00:00,0.000000
2023-01-01T09:00:00+00:00,0.000990
2023-01-01T10:00:00+00:00,0.000580
2023-01-01T11:00:00+00:00,0.000040
2023-01-01T12:00:00+00:00,0.000000
2023-01-01T13:00:00+00:00,0.000850
2023-01-01T14:00:00+00:00,0.023530
2023-01-01T15:00:00+00:00,0.036540
2023-01-01T16:00:00+00:00,0.046030
2023-01-01T17:00:00+00:00,0.099900
2023-01-01T18:00:00+00:00,0.054950
2023-01-01T19:00:00+00:00,0.062000
2023-01-01T20:00:00+00:00,0.052930
2023-01-01T21:00:00+00:00,0.045960
2023-01-01T22:00:00+00:00,0.035000
2023-01-01T23:00:00+00:00,0.109900
2023-01-02T00:00:00+00:00,0.094900
2023-01-02T01:00:00+00:00,0.052930
2023-01-02T02:00:00+00:00,0.044160
2023-01-02T03:00:00+00:00,0.050080
2023-01-02T04:00:00+00:00,0.077090
2023-01-02T05:00:00+00:00,0.105080
2023-01-02T06:00:00+00:00,0.140640
2023-01-02T07:00:00+00:00,0.162440
2023-01-02T08:00:00+00:00,0.180000
2023-01-02T09:00:00+00:00,0.145610
2023-01-02T10:00:00+00:00,0.143350
2023-01-02T11:00:00+00:00,0.144380
2023-01-02T12:00:00+00:00,0.143760
2023-01-02T13:00:00+00:00,0.148200
2023-01-02T14:00:00+00:00,0.155340
2023-01-02T15:00:00+00:00,0.164000
2023-01-02T16:00:00+00:00,0.185680
2023-01-02T17:00:00+00:00,0.174740
2023-01-02T18:00:00+00:00,0.169900
2023-01-02T19:00:00+00:00,0.153000
2023-01-02T20:00:00+00:00,0.141670
2023-01-02T21:00:00+00:00,0.134910
2023-01-02T22:00:00+00:00,0.124220
2023-01-02T23:00:00+00:00,0.130010
2023-01-03T00:00:00+00:00,0.120000
2023-01-03T01:00:00+00:00,0.118760
2023-01-03T02:00:00+00:00,0.115000
2023-01-03T03:00:00+00:00,0.113630
2023-01-03T04:00:00+00:00,0.116270
2023-01-03T05:00:00+00:00,0.138920
2023-01-03T06:00:00+00:00,0.159920
2023-01-03T07:00:00+00:00,0.169170
2023-01-03T08:00:00+00:00,0.171180
2023-01-03T09:00:00+00:00,0.168570
2023-01-03T10:00:00+00:00,0.169490
2023-01-03T11:00:00+00:00,0.164500
2023-01-03T12:00:00+00:00,0.160910
2023-01-03T13:00:00+00:00,0.163060
2023-01-03T14:00:00+00:00,0.166790
2023-01-03T15:00:00+00:00,0.166570
2023-01-03T16:00:00+00:00,0.170820
2023-01-03T17:00:00+00:00,0.168950
2023-01-03T18:00:00+00:00,0.160990
2023-01-03T19:00:00+00:00,0.149620
2023-01-03T20:00:00+00:00,0.130630
2023-01-03T21:00:00+00:00,0.114420
2023-01-03T22:00:00+00:00,0.092480
2023-01-03T23:00:00+00:00,0.080070
2023-01-04T00:00:00+00:00,0.068440
2023-01-04T01:00:00+00:00,0.037920
2023-01-04T02:00:00+00:00,0.000000
2023-01-04T03:00:00+00:00,0.000000
2023-01-04T04:00:00+00:00,0.006330
2023-01-04T05:00:00+00:00,0.054900
2023-01-04T06:00:00+00:00,0.085320
2023-01-04T07:00:00+00:00,0.150000
2023-01-04T08:00:00+00:00,0.146000
2023-01-04T09:00:00+00:00,0.131190
2023-01-04T10:00:00+00:00,0.130530
2023-01-04T11:00:00+00:00,0.127870
2023-01-04T12:00:00+00:00,0.119080
2023-01-04T13:00:00+00:00,0.116550
2023-01-04T14:00:00+00:00,0.127990
2023-01-04T15:00:00+00:00,0.131250
2023-01-04T16:00:00+00:00,0.150200
2023-01-04T17:00:00+00:00,0.137500
2023-01-04T18:00:00+00:00,0.129490
2023-01-04T19:00:00+00:00,0.122400
2023-01-04T20:00:00+00:00,0.129390
2023-01-04T21:00:00+00:00,0.108960
2023-01-04T22:00:00+00:00,0.106000
2023-01-04T23:00:00+00:00,0.005400
2023-01-05T00:00:00+00:00,0.003630
2023-01-05T01:00:00+00:00,0.004900
2023-01-05T02:00:00+00:00,0.000000
2023-01-05T03:00:00+00:00,0.006870
2023-01-05T04:00:00+00:00,0.016320
2023-01-05T05:00:00+00:00,0.067800
2023-01-05T06:00:00+00:00,0.119900
2023-01-05T07:00:00+00:00,0.179000
2023-01-05T08:00:00+00:00,0.171040
2023-01-05T09:00:00+00:00,0.169470
2023-01-05T10:00:00+00:00,0.154000
2023-01-05T11:00:00+00:00,0.146000
2023-01-05T12:00:00+00:00,0.145100
2023-01-05T13:00:00+00:00,0.151030
2023-01-05T14:00:00+00:00,0.159480
2023-01-05T15:00:00+00:00,0.172730
2023-01-05T16:00:00+00:00,0.222100
2023-01-05T17:00:00+00:00,0.194670
2023-01-05T18:00:00+00:00,0.177980
2023-01-05T19:00:00+00:00,0.163990
2023-01-05T20:00:00+00:00,0.152000
2023-01-05T21:00:00+00:00,0.144640
2023-01-05T22:00:00+00:00,0.127000
2023-01-05T23:00:00+00:00,0.107210
2023-01-06T00:00:00+00:00,0.101100
2023-01-06T01:00:00+00:00,0.096730
2023-01-06T02:00:00+00:00,0.081420
2023-01-06T03:00:00+00:00,0.074450
2023-01-06T04:00:00+00:00,0.078320
2023-01-06T05:00:00+00:00,0.096890
2023-01-06T06:00:00+00:00,0.107020
2023-01-06T07:00:00+00:00,0.122940
2023-01-06T08:00:00+00:00,0.166400
2023-01-06T09:00:00+00:00,0.182400
2023-01-06T10:00:00+00:00,0.163670
2023-01-06T11:00:00+00:00,0.140200
2023-01-06T12:00:00+00:00,0.135000
2023-01-06T13:00:00+00:00,0.158000
2023-01-06T14:00:00+00:00,0.170400
2023-01-06T15:00:00+00:00,0.140100
2023-01-06T16:00:00+00:00,0.155930
2023-01-06T17:00:00+00:00,0.163500
2023-01-06T18:00:00+00:00,0.146740
2023-01-06T19:00:00+00:00,0.139390
2023-01-06T20:00:00+00:00,0.131840
2023-01-06T21:00:00+00:00,0.129940
2023-01-06T22:00:00+00:00,0.121310
2023-01-06T23:00:00+00:00,0.097280
2023-01-07T00:00:00+00:00,0.098160
2023-01-07T01:00:00+00:00,0.094960
2023-01-07T02:00:00+00:00,0.083860
2023-01-07T03:00:00+00:00,0.076660
2023-01-07T04:00:00+00:00,0.069880
2023-01-07T05:00:00+00:00,0.076490
2023-01-07T06:00:00+00:00,0.092530
2023-01-07T07:00:00+00:00,0.109940
2023-01-07T08:00:00+00:00,0.112870
2023-01-07T09:00:00+00:00,0.100690
2023-01-07T10:00:00+00:00,0.088320
2023-01-07T11:00:00+00:00,0.087900
2023-01-07T12:00:00+00:00,0.074290
2023-01-07T13:00:00+00:00,0.090000
2023-01-07T14:00:00+00:00,0.086900
2023-01-07T15:00:00+00:00,0.094310
2023-01-07T16:00:00+00:00,0.098320
2023-01-07T17:00:00+00:00,0.100960
2023-01-07T18:00:00+00:00,0.096000
2023-01-07T19:00:00+00:00,0.089100
2023-01-07T20:00:00+00:00,0.062980
2023-01-07T21:00:00+00:00,0.051200
2023-01-07T22:00:00+00:00,0.038790
2023-01-07T23:00:00+00:00,0.011550
2023-01-08T00:00:00+00:00,0.009070
2023-01-08T01:00:00+00:00,0.009100
2023-01-08T02:00:00+00:00,0.003460
2023-01-08T03:00:00+00:00,0.002800
2023-01-08T04:00:00+00:00,0.005080
2023-01-08T05:00:00+00:00,0.009020
2023-01-08T06:00:00+00:00,0.016470
2023-01-08T07:00:00+00:00,0.050230
2023-01-08T08:00:00+00:00,0.083020
2023-01-08T09:00:00+00:00,0.093880
2023-01-08T10:00:00+00:00,0.103870
2023-01-08T11:00:00+00:00,0.101690
2023-01-08T12:00:00+00:00,0.099000
2023-01-08T13:00:00+00:00,0.104290
2023-01-08T14:00:00+00:00,0.103330
2023-01-08T15:00:00+00:00,0.108430
2023-01-08T16:00:00+00:00,0.118720
2023-01-08T17:00:00+00:00,0.122760
2023-01-08T18:00:00+00:00,0.109440
2023-01-08T19:00:00+00:00,0.104410
2023-01-08T20:00:00+00:00,0.098650
2023-01-08T21:00:00+00:00,0.099380
2023-01-08T22:00:00+00:00,0.081340
2023-01-08T23:00:00+00:00,0.075130
2023-01-09T00:00:00+00:00,0.064380
2023-01-09T01:00:00+00:00,0.060280
2023-01-09T02:00:00+00:00,0.039410
2023-01-09T03:00:00+00:00,0.043120
2023-01-09T04:00:00+00:00,0.069070
2023-01-09T05:00:00+00:00,0.107130
2023-01-09T06:00:00+00:00,0.160000
2023-01-09T07:00:00+00:00,0.180000
2023-01-09T08:00:00+00:00,0.177160
2023-01-09T09:00:00+00:00,0.159130
2023-01-09T10:00:00+00:00,0.160780
2023-01-09T11:00:00+00:00,0.141000
2023-01-09T12:00:00+00:00,0.142070
2023-01-09T13:00:00+00:00,0.138970
2023-01-09T14:00:00+00:00,0.151230
2023-01-09T15:00:00+00:00,0.162040
2023-01-09T16:00:00+00:00,0.174270
2023-01-09T17:00:00+00:00,0.182180
2023-01-09T18:00:00+00:00,0.170240
2023-01-09T19:00:00+00:00,0.160510
2023-01-09T20:00:00+00:00,0.138930
2023-01-09T21:00:00+00:00,0.132000
2023-01-09T22:00:00+00:00,0.108310
2023-01-09T23:00:00+00:00,0.106010
2023-01-10T00:00:00+00:00,0.096720
2023-01-10T01:00:00+00:00,0.095150
2023-01-10T02:00:00+00:00,0.090330
2023-01-10T03:00:00+00:00,0.095610
2023-01-10T04:00:00+00:00,0.108600
2023-01-10T05:00:00+00:00,0.138130
2023-01-10T06:00:00+00:00,0.156000
2023-01-10T07:00:00+00:00,0.220000
2023-01-10T08:00:00+00:00,0.222000
2023-01-10T09:00:00+00:00,0.163520
2023-01-10T10:00:00+00:00,0.147600
2023-01-10T11:00:00+00:00,0.141250
2023-01-10T12:00:00+00:00,0.141680
2023-01-10T13:00:00+00:00,0.145410
2023-01-10T14:00:00+00:00,0.145920
2023-01-10T15:00:00+00:00,0.140110
2023-01-10T16:00:00+00:00,0.147900
2023-01-10T17:00:00+00:00,0.144740
2023-01-10T18:00:00+00:00,0.130100
2023-01-10T19:00:00+00:00,0.122810
2023-01-10T20:00:00+00:00,0.101900
2023-01-10T21:00:00+00:00,0.082000
2023-01-10T22:00:00+00:00,0.042960
2023-01-10T23:00:00+00:00,0.005000
2023-01-11T00:00:00+00:00,0.000000
2023-01-11T01:00:00+00:00,-0.000330
2023-01-11T02:00:00+00:00,-0.000230
2023-01-11T03:00:00+00:00,0.000000
2023-01-11T04:00:00+00:00,0.002590
2023-01-11T05:00:00+00:00,0.057310
2023-01-11T06:00:00+00:00,0.091110
2023-01-11T07:00:00+00:00,0.163580
2023-01-11T08:00:00+00:00,0.155600
2023-01-11T09:00:00+00:00,0.131780
2023-01-11T10:00:00+00:00,0.130600
2023-01-11T11:00:00+00:00,0.117820
2023-01-11T12:00:00+00:00,0.110540
2023-01-11T13:00:00+00:00,0.115740
2023-01-11T14:00:00+00:00,0.118830
2023-01-11T15:00:00+00:00,0.120810
2023-01-11T16:00:00+00:00,0.133790
2023-01-11T17:00:00+00:00,0.133870
2023-01-11T18:00:00+00:00,0.129900
2023-01-11T19:00:00+00:00,0.118530
2023-01-11T20:00:00+00:00,0.094870
2023-01-11T21:00:00+00:00,0.092030
2023-01-11T22:00:00+00:00,0.069230
2023-01-11T23:00:00+00:00,0.021740
2023-01-12T00:00:00+00:00,0.005920
2023-01-12T01:00:00+00:00,0.005660
2023-01-12T02:00:00+00:00,0.000100
2023-01-12T03:00:00+00:00,0.002730
2023-01-12T04:00:00+00:00,0.025550
2023-01-12T05:00:00+00:00,0.085720
2023-01-12T06:00:00+00:00,0.115350
2023-01-12T07:00:00+00:00,0.138600
2023-01-12T08:00:00+00:00,0.156600
2023-01-12T09:00:00+00:00,0.110000
2023-01-12T10:00:00+00:00,0.111920
2023-01-12T11:00:00+00:00,0.106700
2023-01-12T12:00:00+00:00,0.102870
2023-01-12T13:00:00+00:00,0.110240
2023-01-12T14:00:00+00:00,0.108660
2023-01-12T15:00:00+00:00,0.107910
2023-01-12T16:00:00+00:00,0.130000
2023-01-12T17:00:00+00:00,0.144500
2023-01-12T18:00:00+00:00,0.130000
2023-01-12T19:00:00+00:00,0.131140
2023-01-12T20:00:00+00:00,0.086000
2023-01-12T21:00:00+00:00,0.074100
2023-01-12T22:00:00+00:00,0.040410
2023-01-12T23:00:00+00:00,0.032920
2023-01-13T00:00:00+00:00,0.017200
2023-01-13T01:00:00+00:00,0.010430
2023-01-13T02:00:00+00:00,0.002650
2023-01-13T03:00:00+00:00,0.003350
2023-01-13T04:00:00+00:00,0.025700
2023-01-13T05:00:00+00:00,0.055500
2023-01-13T06:00:00+00:00,0.088650
2023-01-13T07:00:00+00:00,0.112430
2023-01-13T08:00:00+00:00,0.107070
2023-01-13T09:00:00+00:00,0.097100
2023-01-13T10:00:00+00:00,0.089030
2023-01-13T11:00:00+00:00,0.076770
2023-01-13T12:00:00+00:00,0.070240
2023-01-13T13:00:00+00:00,0.074230
2023-01-13T14:00:00+00:00,0.080600
2023-01-13T15:00:00+00:00,0.087580
2023-01-13T16:00:00+00:00,0.141830
2023-01-13T17:00:00+00:00,0.155000
2023-01-13T18:00:00+00:00,0.144200
2023-01-13T19:00:00+00:00,0.121770
2023-01-13T20:00:00+00:00,0.125400
2023-01-13T21:00:00+00:00,0.120000
2023-01-13T22:00:00+00:00,0.097290
2023-01-13T23:00:00+00:00,0.135000
2023-01-14T00:00:00+00:00,0.117200
2023-01-14T01:00:00+00:00,0.098670
2023-01-14T02:00:00+00:00,0.057450
2023-01-14T03:00:00+00:00,0.040850
2023-01-14T04:00:00+00:00,0.041020
2023-01-14T05:00:00+00:00,0.045100
2023-01-14T06:00:00+00:00,0.054900
2023-01-14T07:00:00+00:00,0.077150
2023-01-14T08:00:00+00:00,0.100100
2023-01-14T09:00:00+00:00,0.096730
2023-01-14T10:00:00+00:00,0.099200
2023-01-14T11:00:00+00:00,0.104970
2023-01-14T12:00:00+00:00,0.093860
2023-01-14T13:00:00+00:00,0.093850
2023-01-14T14:00:00+00:00,0.100000
2023-01-14T15:00:00+00:00,0.100000
2023-01-14T16:00:00+00:00,0.134260
2023-01-14T17:00:00+00:00,0.144200
2023-01-14T18:00:00+00:00,0.127000
2023-01-14T19:00:00+00:00,0.143510
2023-01-14T20:00:00+00:00,0.099370
2023-01-14T21:00:00+00:00,0.093420
2023-01-14T22:00:00+00:00,0.069100
2023-01-14T23:00:00+00:00,0.060010
2023-01-15T00:00:00+00:00,0.029400
2023-01-15T01:00:00+00:00,0.027930
2023-01-15T02:00:00+00:00,0.006940
2023-01-15T03:00:00+00:00,0.002930
2023-01-15T04:00:00+00:00,0.004050
2023-01-15T05:00:00+00:00,0.001580
2023-01-15T06:00:00+00:00,0.001810
2023-01-15T07:00:00+00:00,0.011200
2023-01-15T08:00:00+00:00,0.037400
2023-01-15T09:00:00+00:00,0.038860
2023-01-15T10:00:00+00:00,0.074900
2023-01-15T11:00:00+00:00,0.080000
2023-01-15T12:00:00+00:00,0.065010
2023-01-15T13:00:00+00:00,0.080150
2023-01-15T14:00:00+00:00,0.086020
2023-01-15T15:00:00+00:00,0.095000
2023-01-15T16:00:00+00:00,0.139640
2023-01-15T17:00:00+00:00,0.174600
2023-01-15T18:00:00+00:00,0.197700
2023-01-15T19:00:00+00:00,0.199900
2023-01-15T20:00:00+00:00,0.168340
2023-01-15T21:00:00+00:00,0.160000
2023-01-15T22:00:00+00:00,0.133000
2023-01-15T23:00:00+00:00,0.060010
2023-01-16T00:00:00+00:00,0.060010
2023-01-16T01:00:00+00:00,0.062720
2023-01-16T02:00:00+00:00,0.056100
2023-01-16T03:00:00+00:00,0.063300
2023-01-16T04:00:00+00:00,0.087000
2023-01-16T05:00:00+00:00,0.154630
2023-01-16T06:00:00+00:00,0.175110
2023-01-16T07:00:00+00:00,0.185990
2023-01-16T08:00:00+00:00,0.170000
2023-01-16T09:00:00+00:00,0.200100
2023-01-16T10:00:00+00:00,0.165600
2023-01-16T11:00:00+00:00,0.148590
2023-01-16T12:00:00+00:00,0.145470
2023-01-16T13:00:00+00:00,0.146100
2023-01-16T14:00:00+00:00,0.149900
2023-01-16T15:00:00+00:00,0.151450
2023-01-16T16:00:00+00:00,0.166790
2023-01-16T17:00:00+00:00,0.173720
2023-01-16T18:00:00+00:00,0.150500
2023-01-16T19:00:00+00:00,0.145900
2023-01-16T20:00:00+00:00,0.131970
2023-01-16T21:00:00+00:00,0.127310
2023-01-16T22:00:00+00:00,0.120000
2023-01-16T23:00:00+00:00,0.101190
2023-01-17T00:00:00+00:00,0.095450
2023-01-17T01:00:00+00:00,0.097980
2023-01-17T02:00:00+00:00,0.100000
2023-01-17T03:00:00+00:00,0.101090
2023-01-17T04:00:00+00:00,0.113550
2023-01-17T05:00:00+00:00,0.131050
2023-01-17T06:00:00+00:00,0.140800
2023-01-17T07:00:00+00:00,0.200000
2023-01-17T08:00:00+00:00,0.232800
2023-01-17T09:00:00+00:00,0.128920
2023-01-17T10:00:00+00:00,0.120000
2023-01-17T11:00:00+00:00,0.115950
2023-01-17T12:00:00+00:00,0.112900
2023-01-17T13:00:00+00:00,0.115930
2023-01-17T14:00:00+00:00,0.147720
2023-01-17T15:00:00+00:00,0.171000
2023-01-17T16:00:00+00:00,0.184730
2023-01-17T17:00:00+00:00,0.162190
2023-01-17T18:00:00+00:00,0.150100
2023-01-17T19:00:00+00:00,0.144430
2023-01-17T20:00:00+00:00,0.141410
2023-01-17T21:00:00+00:00,0.132800
2023-01-17T22:00:00+00:00,0.131400
2023-01-17T23:00:00+00:00,0.119800
2023-01-18T00:00:00+00:00,0.120100
2023-01-18T01:00:00+00:00,0.123900
2023-01-18T02:00:00+00:00,0.122870
2023-01-18T03:00:00+00:00,0.120480
2023-01-18T04:00:00+00:00,0.121910
2023-01-18T05:00:00+00:00,0.130390
2023-01-18T06:00:00+00:00,0.166400
2023-01-18T07:00:00+00:00,0.181500
2023-01-18T08:00:00+00:00,0.176560
2023-01-18T09:00:00+00:00,0.140000
2023-01-18T10:00:00+00:00,0.123050
2023-01-18T11:00:00+00:00,0.119310
2023-01-18T12:00:00+00:00,0.115750
2023-01-18T13:00:00+00:00,0.117080
2023-01-18T14:00:00+00:00,0.140000
2023-01-18T15:00:00+00:00,0.147970
2023-01-18T16:00:00+00:00,0.160000
2023-01-18T17:00:00+00:00,0.127080
2023-01-18T18:00:00+00:00,0.123070
2023-01-18T19:00:00+00:00,0.117090
2023-01-18T20:00:00+00:00,0.119900
2023-01-18T21:00:00+00:00,0.117510
2023-01-18T22:00:00+00:00,0.111460
2023-01-18T23:00:00+00:00,0.111530
2023-01-19T00:00:00+00:00,0.106980
2023-01-19T01:00:00+00:00,0.104970
2023-01-19T02:00:00+00:00,0.101720
2023-01-19T03:00:00+00:00,0.107230
2023-01-19T04:00:00+00:00,0.114620
2023-01-19T05:00:00+00:00,0.118940
2023-01-19T06:00:00+00:00,0.159900
2023-01-19T07:00:00+00:00,0.164000
2023-01-19T08:00:00+00:00,0.171690
2023-01-19T09:00:00+00:00,0.139000
2023-01-19T10:00:00+00:00,0.136350
2023-01-19T11:00:00+00:00,0.129600
2023-01-19T12:00:00+00:00,0.154870
2023-01-19T13:00:00+00:00,0.160490
2023-01-19T14:00:00+00:00,0.175960
2023-01-19T15:00:00+00:00,0.186290
2023-01-19T16:00:00+00:00,0.203940
2023-01-19T17:00:00+00:00,0.197570
2023-01-19T18:00:00+00:00,0.171430
2023-01-19T19:00:00+00:00,0.150000
2023-01-19T20:00:00+00:00,0.148410
2023-01-19T21:00:00+00:00,0.149340
2023-01-19T22:00:00+00:00,0.139000
2023-01-19T23:00:00+00:00,0.149900
2023-01-20T00:00:00+00:00,0.144500
2023-01-20T01:00:00+00:00,0.142440
2023-01-20T02:00:00+00:00,0.142800
2023-01-20T03:00:00+00:00,0.144980
2023-01-20T04:00:00+00:00,0.150010
2023-01-20T05:00:00+00:00,0.169900
2023-01-20T06:00:00+00:00,0.208070
2023-01-20T07:00:00+00:00,0.235060
2023-01-20T08:00:00+00:00,0.221700
2023-01-20T09:00:00+00:00,0.209770
2023-01-20T10:00:00+00:00,0.199420
2023-01-20T11:00:00+00:00,0.187490
2023-01-20T12:00:00+00:00,0.181620
2023-01-20T13:00:00+00:00,0.179600
2023-01-20T14:00:00+00:00,0.192000
2023-01-20T15:00:00+00:00,0.200000
2023-01-20T16:00:00+00:00,0.208220
2023-01-20T17:00:00+00:00,0.208400
2023-01-20T18:00:00+00:00,0.183680
2023-01-20T19:00:00+00:00,0.151390
2023-01-20T20:00:00+00:00,0.155300
2023-01-20T21:00:00+00:00,0.153650
2023-01-20T22:00:00+00:00,0.147550
2023-01-20T23:00:00+00:00,0.152200
2023-01-21T00:00:00+00:00,0.147860
2023-01-21T01:00:00+00:00,0.142220
2023-01-21T02:00:00+00:00,0.135880
2023-01-21T03:00:00+00:00,0.132910
2023-01-21T04:00:00+00:00,0.134840
2023-01-21T05:00:00+00:00,0.131500
2023-01-21T06:00:00+00:00,0.140770
2023-01-21T07:00:00+00:00,0.155260
2023-01-21T08:00:00+00:00,0.171840
2023-01-21T09:00:00+00:00,0.170010
2023-01-21T10:00:00+00:00,0.156940
2023-01-21T11:00:00+00:00,0.147910
2023-01-21T12:00:00+00:00,0.137020
2023-01-21T13:00:00+00:00,0.136580
2023-01-21T14:00:00+00:00,0.135900
2023-01-21T15:00:00+00:00,0.144220
2023-01-21T16:00:00+00:00,0.173920
2023-01-21T17:00:00+00:00,0.179620
2023-01-21T18:00:00+00:00,0.159410
2023-01-21T19:00:00+00:00,0.165880
2023-01-21T20:00:00+00:00,0.147740
2023-01-21T21:00:00+00:00,0.143860
2023-01-21T22:00:00+00:00,0.132580
2023-01-21T23:00:00+00:00,0.140000
2023-01-22T00:00:00+00:00,0.122940
2023-01-22T01:00:00+00:00,0.127000
2023-01-22T02:00:00+00:00,0.130990
2023-01-22T03:00:00+00:00,0.122120
2023-01-22T04:00:00+00:00,0.121680
2023-01-22T05:00:00+00:00,0.132390
2023-01-22T06:00:00+00:00,0.127600
2023-01-22T07:00:00+00:00,0.139900
2023-01-22T08:00:00+00:00,0.150710
2023-01-22T09:00:00+00:00,0.146400
2023-01-22T10:00:00+00:00,0.153100
2023-01-22T11:00:00+00:00,0.146300
2023-01-22T12:00:00+00:00,0.150000
2023-01-22T13:00:00+00:00,0.154900
2023-01-22T14:00:00+00:00,0.157490
2023-01-22T15:00:00+00:00,0.171030
2023-01-22T16:00:00+00:00,0.191990
2023-01-22T17:00:00+00:00,0.203660
2023-01-22T18:00:00+00:00,0.197580
2023-01-22T19:00:00+00:00,0.170870
2023-01-22T20:00:00+00:00,0.166400
2023-01-22T21:00:00+00:00,0.157250
2023-01-22T22:00:00+00:00,0.148300
2023-01-22T23:00:00+00:00,0.149240
2023-01-23T00:00:00+00:00,0.149000
2023-01-23T01:00:00+00:00,0.148400
2023-01-23T02:00:00+00:00,0.147590
2023-01-23T03:00:00+00:00,0.148300
2023-01-23T04:00:00+00:00,0.144900
2023-01-23T05:00:00+00:00,0.189900
2023-01-23T06:00:00+00:00,0.226540
2023-01-23T07:00:00+00:00,0.257910
2023-01-23T08:00:00+00:00,0.270200
2023-01-23T09:00:00+00:00,0.249900
2023-01-23T10:00:00+00:00,0.230200
2023-01-23T11:00:00+00:00,0.220930
2023-01-23T12:00:00+00:00,0.219160
2023-01-23T13:00:00+00:00,0.219670
2023-01-23T14:00:00+00:00,0.218990
2023-01-23T15:00:00+00:00,0.224580
2023-01-23T16:00:00+00:00,0.248900
2023-01-23T17:00:00+00:00,0.248070
2023-01-23T18:00:00+00:00,0.223190
2023-01-23T19:00:00+00:00,0.201390
2023-01-23T20:00:00+00:00,0.183950
2023-01-23T21:00:00+00:00,0.167600
2023-01-23T22:00:00+00:00,0.157010
2023-01-23T23:00:00+00:00,0.164850
2023-01-24T00:00:00+00:00,0.160050
2023-01-24T01:00:00+00:00,0.145900
2023-01-24T02:00:00+00:00,0.142400
2023-01-24T03:00:00+00:00,0.153620
2023-01-24T04:00:00+00:00,0.156700
2023-01-24T05:00:00+00:00,0.183610
2023-01-24T06:00:00+00:00,0.210060
2023-01-24T07:00:00+00:00,0.251100
2023-01-24T08:00:00+00:00,0.256430
2023-01-24T09:00:00+00:00,0.238660
2023-01-24T10:00:00+00:00,0.229960
2023-01-24T11:00:00+00:00,0.217850
2023-01-24T12:00:00+00:00,0.205990
2023-01-24T13:00:00+00:00,0.215280
2023-01-24T14:00:00+00:00,0.217980
2023-01-24T15:00:00+00:00,0.224580
2023-01-24T16:00:00+00:00,0.250000
2023-01-24T17:00:00+00:00,0.250000
2023-01-24T18:00:00+00:00,0.231140
2023-01-24T19:00:00+00:00,0.207290
2023-01-24T20:00:00+00:00,0.182750
2023-01-24T21:00:00+00:00,0.149900
2023-01-24T22:00:00+00:00,0.147340
2023-01-24T23:00:00+00:00,0.138200
2023-01-25T00:00:00+00:00,0.146180
2023-01-25T01:00:00+00:00,0.145260
2023-01-25T02:00:00+00:00,0.146700
2023-01-25T03:00:00+00:00,0.146800
2023-01-25T04:00:00+00:00,0.150900
2023-01-25T05:00:00+00:00,0.160000
2023-01-25T06:00:00+00:00,0.195460
2023-01-25T07:00:00+00:00,0.225040
2023-01-25T08:00:00+00:00,0.225000
2023-01-25T09:00:00+00:00,0.212420
2023-01-25T10:00:00+00:00,0.200980
2023-01-25T11:00:00+00:00,0.193200
2023-01-25T12:00:00+00:00,0.185200
2023-01-25T13:00:00+00:00,0.190800
2023-01-25T14:00:00+00:00,0.197300
2023-01-25T15:00:00+00:00,0.199190
2023-01-25T16:00:00+00:00,0.206350
2023-01-25T17:00:00+00:00,0.200100
2023-01-25T18:00:00+00:00,0.170410
2023-01-25T19:00:00+00:00,0.150000
2023-01-25T20:00:00+00:00,0.144300
2023-01-25T21:00:00+00:00,0.145080
2023-01-25T22:00:00+00:00,0.135000
2023-01-25T23:00:00+00:00,0.150000
2023-01-26T00:00:00+00:00,0.129380
2023-01-26T01:00:00+00:00,0.128480
2023-01-26T02:00:00+00:00,0.126610
2023-01-26T03:00:00+00:00,0.128940
2023-01-26T04:00:00+00:00,0.124000
2023-01-26T05:00:00+00:00,0.160390
2023-01-26T06:00:00+00:00,0.182490
2023-01-26T07:00:00+00:00,0.198950
2023-01-26T08:00:00+00:00,0.199060
2023-01-26T09:00:00+00:00,0.192380
2023-01-26T10:00:00+00:00,0.140100
2023-01-26T11:00:00+00:00,0.136440
2023-01-26T12:00:00+00:00,0.130000
2023-01-26T13:00:00+00:00,0.127960
2023-01-26T14:00:00+00:00,0.135480
2023-01-26T15:00:00+00:00,0.153000
2023-01-26T16:00:00+00:00,0.186200
2023-01-26T17:00:00+00:00,0.150000
2023-01-26T18:00:00+00:00,0.133920
2023-01-26T19:00:00+00:00,0.128490
2023-01-26T20:00:00+00:00,0.149400
2023-01-26T21:00:00+00:00,0.130000
2023-01-26T22:00:00+00:00,0.130000
2023-01-26T23:00:00+00:00,0.124120
2023-01-27T00:00:00+00:00,0.114610
2023-01-27T01:00:00+00:00,0.119740
2023-01-27T02:00:00+00:00,0.116000
2023-01-27T03:00:00+00:00,0.124080
2023-01-27T04:00:00+00:00,0.127260
2023-01-27T05:00:00+00:00,0.149700
2023-01-27T06:00:00+00:00,0.176100
2023-01-27T07:00:00+00:00,0.195000
2023-01-27T08:00:00+00:00,0.199190
2023-01-27T09:00:00+00:00,0.195000
2023-01-27T10:00:00+00:00,0.190000
2023-01-27T11:00:00+00:00,0.183060
2023-01-27T12:00:00+00:00,0.180000
2023-01-27T13:00:00+00:00,0.181500
2023-01-27T14:00:00+00:00,0.185000
2023-01-27T15:00:00+00:00,0.188000
2023-01-27T16:00:00+00:00,0.198050
2023-01-27T17:00:00+00:00,0.200700
2023-01-27T18:00:00+00:00,0.193700
2023-01-27T19:00:00+00:00,0.181130
2023-01-27T20:00:00+00:00,0.161860
2023-01-27T21:00:00+00:00,0.145320
2023-01-27T22:00:00+00:00,0.146000
2023-01-27T23:00:00+00:00,0.139900
2023-01-28T00:00:00+00:00,0.135000
2023-01-28T01:00:00+00:00,0.133320
2023-01-28T02:00:00+00:00,0.129470
2023-01-28T03:00:00+00:00,0.125220
2023-01-28T04:00:00+00:00,0.122820
2023-01-28T05:00:00+00:00,0.128800
2023-01-28T06:00:00+00:00,0.136260
2023-01-28T07:00:00+00:00,0.145430
2023-01-28T08:00:00+00:00,0.160140
2023-01-28T09:00:00+00:00,0.161550
2023-01-28T10:00:00+00:00,0.153920
2023-01-28T11:00:00+00:00,0.126000
2023-01-28T12:00:00+00:00,0.119900
2023-01-28T13:00:00+00:00,0.129900
2023-01-28T14:00:00+00:00,0.123000
2023-01-28T15:00:00+00:00,0.154270
2023-01-28T16:00:00+00:00,0.164930
2023-01-28T17:00:00+00:00,0.168000
2023-01-28T18:00:00+00:00,0.150000
2023-01-28T19:00:00+00:00,0.138940
2023-01-28T20:00:00+00:00,0.143840
2023-01-28T21:00:00+00:00,0.139600
2023-01-28T22:00:00+00:00,0.124100
2023-01-28T23:00:00+00:00,0.150400
2023-01-29T00:00:00+00:00,0.139030
2023-01-29T01:00:00+00:00,0.119400
2023-01-29T02:00:00+00:00,0.125220
2023-01-29T03:00:00+00:00,0.123760
2023-01-29T04:00:00+00:00,0.123580
2023-01-29T05:00:00+00:00,0.125840
2023-01-29T06:00:00+00:00,0.133220
2023-01-29T07:00:00+00:00,0.147870
2023-01-29T08:00:00+00:00,0.149900
2023-01-29T09:00:00+00:00,0.154800
2023-01-29T10:00:00+00:00,0.122000
2023-01-29T11:00:00+00:00,0.132000
2023-01-29T12:00:00+00:00,0.120800
2023-01-29T13:00:00+00:00,0.121270
2023-01-29T14:00:00+00:00,0.125370
2023-01-29T15:00:00+00:00,0.130000
2023-01-29T16:00:00+00:00,0.155800
2023-01-29T17:00:00+00:00,0.149900
2023-01-29T18:00:00+00:00,0.118000
2023-01-29T19:00:00+00:00,0.120000
2023-01-29T20:00:00+00:00,0.101610
2023-01-29T21:00:00+00:00,0.098000
2023-01-29T22:00:00+00:00,0.073110
2023-01-29T23:00:00+00:00,0.049670
2023-01-30T00:00:00+00:00,0.009460
2023-01-30T01:00:00+00:00,0.005070
2023-01-30T02:00:00+00:00,0.002030
2023-01-30T03:00:00+00:00,0.009030
2023-01-30T04:00:00+00:00,0.037500
2023-01-30T05:00:00+00:00,0.088760
2023-01-30T06:00:00+00:00,0.150000
2023-01-30T07:00:00+00:00,0.182000
2023-01-30T08:00:00+00:00,0.142000
2023-01-30T09:00:00+00:00,0.103490
2023-01-30T10:00:00+00:00,0.088230
2023-01-30T11:00:00+00:00,0.084900
2023-01-30T12:00:00+00:00,0.083380
2023-01-30T13:00:00+00:00,0.087550
2023-01-30T14:00:00+00:00,0.099920
2023-01-30T15:00:00+00:00,0.120000
2023-01-30T16:00:00+00:00,0.167500
2023-01-30T17:00:00+00:00,0.180000
2023-01-30T18:00:00+00:00,0.180000
2023-01-30T19:00:00+00:00,0.171000
2023-01-30T20:00:00+00:00,0.150000
2023-01-30T21:00:00+00:00,0.149900
2023-01-30T22:00:00+00:00,0.137300
2023-01-30T23:00:00+00:00,0.151800
2023-01-31T00:00:00+00:00,0.106630
2023-01-31T01:00:00+00:00,0.108630
2023-01-31T02:00:00+00:00,0.102970
2023-01-31T03:00:00+00:00,0.105800
2023-01-31T04:00:00+00:00,0.109900
2023-01-31T05:00:00+00:00,0.141350
2023-01-31T06:00:00+00:00,0.171440
2023-01-31T07:00:00+00:00,0.182800
2023-01-31T08:00:00+00:00,0.170500
2023-01-31T09:00:00+00:00,0.165300
2023-01-31T10:00:00+00:00,0.146000
2023-01-31T11:00:00+00:00,0.118670
2023-01-31T12:00:00+00:00,0.113060
2023-01-31T13:00:00+00:00,0.113590
2023-01-31T14:00:00+00:00,0.125000
2023-01-31T15:00:00+00:00,0.141400
2023-01-31T16:00:00+00:00,0.166370
2023-01-31T17:00:00+00:00,0.200000
2023-01-31T18:00:00+00:00,0.147930
2023-01-31T19:00:00+00:00,0.124300
2023-01-31T20:00:00+00:00,0.127600
2023-01-31T21:00:00+00:00,0.122700
2023-01-31T22:00:00+00:00,0.087520
2023-01-31T23:00:00+00:00,0.085030
2023-02-01T00:00:00+00:00,0.080020
2023-02-01T01:00:00+00:00,0.071670
2023-02-01T02:00:00+00:00,0.071050
2023-02-01T03:00:00+00:00,0.079210
2023-02-01T04:00:00+00:00,0.083930
2023-02-01T05:00:00+00:00,0.099500
2023-02-01T06:00:00+00:00,0.130000
2023-02-01T07:00:00+00:00,0.163700
2023-02-01T08:00:00+00:00,0.120100
2023-02-01T09:00:00+00:00,0.108510
2023-02-01T10:00:00+00:00,0.104810
2023-02-01T11:00:00+00:00,0.102630
2023-02-01T12:00:00+00:00,0.101790
2023-02-01T13:00:00+00:00,0.101580
2023-02-01T14:00:00+00:00,0.101820
2023-02-01T15:00:00+00:00,0.130000
2023-02-01T16:00:00+00:00,0.167620
2023-02-01T17:00:00+00:00,0.179690
2023-02-01T18:00:00+00:00,0.126000
2023-02-01T19:00:00+00:00,0.100880
2023-02-01T20:00:00+00:00,0.117000
2023-02-01T21:00:00+00:00,0.099900
2023-02-01T22:00:00+00:00,0.094900
2023-02-01T23:00:00+00:00,0.083460
2023-02-02T00:00:00+00:00,0.089960
2023-02-02T01:00:00+00:00,0.085570
2023-02-02T02:00:00+00:00,0.088270
2023-02-02T03:00:00+00:00,0.094400
2023-02-02T04:00:00+00:00,0.099920
2023-02-02T05:00:00+00:00,0.116620
2023-02-02T06:00:00+00:00,0.140960
2023-02-02T07:00:00+00:00,0.170130
2023-02-02T08:00:00+00:00,0.178200
2023-02-02T09:00:00+00:00,0.170090
2023-02-02T10:00:00+00:00,0.167210
2023-02-02T11:00:00+00:00,0.156860
2023-02-02T12:00:00+00:00,0.152740
2023-02-02T13:00:00+00:00,0.161440
2023-02-02T14:00:00+00:00,0.163390
2023-02-02T15:00:00+00:00,0.167280
2023-02-02T16:00:00+00:00,0.178170
2023-02-02T17:00:00+00:00,0.183120
2023-02-02T18:00:00+00:00,0.167410
2023-02-02T19:00:00+00:00,0.146860
2023-02-02T20:00:00+00:00,0.143540
2023-02-02T21:00:00+00:00,0.130150
2023-02-02T22:00:00+00:00,0.106300
2023-02-02T23:00:00+00:00,0.110100
2023-02-03T00:00:00+00:00,0.102990
2023-02-03T01:00:00+00:00,0.096550
2023-02-03T02:00:00+00:00,0.090100
2023-02-03T03:00:00+00:00,0.082400
2023-02-03T04:00:00+00:00,0.089020
2023-02-03T05:00:00+00:00,0.103230
2023-02-03T06:00:00+00:00,0.147120
2023-02-03T07:00:00+00:00,0.173320
2023-02-03T08:00:00+00:00,0.166590
2023-02-03T09:00:00+00:00,0.139900
2023-02-03T10:00:00+00:00,0.113000
2023-02-03T11:00:00+00:00,0.130000
2023-02-03T12:00:00+00:00,0.131200
2023-02-03T13:00:00+00:00,0.143380
2023-02-03T14:00:00+00:00,0.150000
2023-02-03T15:00:00+00:00,0.149900
2023-02-03T16:00:00+00:00,0.184000
2023-02-03T17:00:00+00:00,0.194400
2023-02-03T18:00:00+00:00,0.180000
2023-02-03T19:00:00+00:00,0.166700
2023-02-03T20:00:00+00:00,0.181000
2023-02-03T21:00:00+00:00,0.143900
2023-02-03T22:00:00+00:00,0.153010
2023-02-03T23:00:00+00:00,0.152530
2023-02-04T00:00:00+00:00,0.159900
2023-02-04T01:00:00+00:00,0.124680
2023-02-04T02:00:00+00:00,0.124500
2023-02-04T03:00:00+00:00,0.127280
2023-02-04T04:00:00+00:00,0.131290
2023-02-04T05:00:00+00:00,0.139610
2023-02-04T06:00:00+00:00,0.156310
2023-02-04T07:00:00+00:00,0.164190
2023-02-04T08:00:00+00:00,0.169830
2023-02-04T09:00:00+00:00,0.164110
2023-02-04T10:00:00+00:00,0.156390
2023-02-04T11:00:00+00:00,0.148840
2023-02-04T12:00:00+00:00,0.133370
2023-02-04T13:00:00+00:00,0.134090
2023-02-04T14:00:00+00:00,0.141610
2023-02-04T15:00:00+00:00,0.155360
2023-02-04T16:00:00+00:00,0.170290
2023-02-04T17:00:00+00:00,0.184160
2023-02-04T18:00:00+00:00,0.179960
2023-02-04T19:00:00+00:00,0.167880
2023-02-04T20:00:00+00:00,0.158130
2023-02-04T21:00:00+00:00,0.152380
2023-02-04T22:00:00+00:00,0.136630
2023-02-04T23:00:00+00:00,0.146920
2023-02-05T00:00:00+00:00,0.141110
2023-02-05T01:00:00+00:00,0.148560
2023-02-05T02:00:00+00:00,0.130610
2023-02-05T03:00:00+00:00,0.115900
2023-02-05T04:00:00+00:00,0.113230
2023-02-05T05:00:00+00:00,0.114160
2023-02-05T06:00:00+00:00,0.115580
2023-02-05T07:00:00+00:00,0.110100
2023-02-05T08:00:00+00:00,0.111850
2023-02-05T09:00:00+00:00,0.108540
2023-02-05T10:00:00+00:00,0.107070
2023-02-05T11:00:00+00:00,0.101620
2023-02-05T12:00:00+00:00,0.100690
2023-02-05T13:00:00+00:00,0.103810
2023-02-05T14:00:00+00:00,0.115250
2023-02-05T15:00:00+00:00,0.125130
2023-02-05T16:00:00+00:00,0.147560
2023-02-05T17:00:00+00:00,0.171490
2023-02-05T18:00:00+00:00,0.185330
2023-02-05T19:00:00+00:00,0.172030
2023-02-05T20:00:00+00:00,0.153670
2023-02-05T21:00:00+00:00,0.155770
2023-02-05T22:00:00+00:00,0.144180
2023-02-05T23:00:00+00:00,0.145000
2023-02-06T00:00:00+00:00,0.143730
2023-02-06T01:00:00+00:00,0.145440
2023-02-06T02:00:00+00:00,0.142130
2023-02-06T03:00:00+00:00,0.140100
2023-02-06T04:00:00+00:00,0.148930
2023-02-06T05:00:00+00:00,0.175670
2023-02-06T06:00:00+00:00,0.200650
2023-02-06T07:00:00+00:00,0.213390
2023-02-06T08:00:00+00:00,0.200630
2023-02-06T09:00:00+00:00,0.185080
2023-02-06T10:00:00+00:00,0.163540
2023-02-06T11:00:00+00:00,0.129800
2023-02-06T12:00:00+00:00,0.129550
2023-02-06T13:00:00+00:00,0.135480
2023-02-06T14:00:00+00:00,0.149600
2023-02-06T15:00:00+00:00,0.181800
2023-02-06T16:00:00+00:00,0.198940
2023-02-06T17:00:00+00:00,0.213500
2023-02-06T18:00:00+00:00,0.205380
2023-02-06T19:00:00+00:00,0.186210
2023-02-06T20:00:00+00:00,0.166480
2023-02-06T21:00:00+00:00,0.152500
2023-02-06T22:00:00+00:00,0.154000
2023-02-06T23:00:00+00:00,0.145720
2023-02-07T00:00:00+00:00,0.142120
2023-02-07T01:00:00+00:00,0.140310
2023-02-07T02:00:00+00:00,0.139360
2023-02-07T03:00:00+00:00,0.141600
2023-02-07T04:00:00+00:00,0.143440
2023-02-07T05:00:00+00:00,0.170540
2023-02-07T06:00:00+00:00,0.198030
2023-02-07T07:00:00+00:00,0.214160
2023-02-07T08:00:00+00:00,0.191850
2023-02-07T09:00:00+00:00,0.168380
2023-02-07T10:00:00+00:00,0.125760
2023-02-07T11:00:00+00:00,0.123570
2023-02-07T12:00:00+00:00,0.125600
2023-02-07T13:00:00+00:00,0.139930
2023-02-07T14:00:00+00:00,0.171810
2023-02-07T15:00:00+00:00,0.189980
2023-02-07T16:00:00+00:00,0.222260
2023-02-07T17:00:00+00:00,0.245600
2023-02-07T18:00:00+00:00,0.229000
2023-02-07T19:00:00+00:00,0.199030
2023-02-07T20:00:00+00:00,0.188180
2023-02-07T21:00:00+00:00,0.173340
2023-02-07T22:00:00+00:00,0.163070
2023-02-07T23:00:00+00:00,0.160040
2023-02-08T00:00:00+00:00,0.155150
2023-02-08T01:00:00+00:00,0.150000
2023-02-08T02:00:00+00:00,0.147970
2023-02-08T03:00:00+00:00,0.145970
2023-02-08T04:00:00+00:00,0.149100
2023-02-08T05:00:00+00:00,0.175690
2023-02-08T06:00:00+00:00,0.196640
2023-02-08T07:00:00+00:00,0.216190
2023-02-08T08:00:00+00:00,0.176000
2023-02-08T09:00:00+00:00,0.128000
2023-02-08T10:00:00+00:00,0.116000
2023-02-08T11:00:00+00:00,0.115610
2023-02-08T12:00:00+00:00,0.114880
2023-02-08T13:00:00+00:00,0.114240
2023-02-08T14:00:00+00:00,0.125390
2023-02-08T15:00:00+00:00,0.156780
2023-02-08T16:00:00+00:00,0.183990
2023-02-08T17:00:00+00:00,0.192450
2023-02-08T18:00:00+00:00,0.153000
2023-02-08T19:00:00+00:00,0.145000
2023-02-08T20:00:00+00:00,0.163600
2023-02-08T21:00:00+00:00,0.170600
2023-02-08T22:00:00+00:00,0.149850
2023-02-08T23:00:00+00:00,0.134110
2023-02-09T00:00:00+00:00,0.128850
2023-02-09T01:00:00+00:00,0.128200
2023-02-09T02:00:00+00:00,0.124490
2023-02-09T03:00:00+00:00,0.115710
2023-02-09T04:00:00+00:00,0.124490
2023-02-09T05:00:00+00:00,0.146570
2023-02-09T06:00:00+00:00,0.167840
2023-02-09T07:00:00+00:00,0.181990
2023-02-09T08:00:00+00:00,0.137000
2023-02-09T09:00:00+00:00,0.125000
2023-02-09T10:00:00+00:00,0.111800
2023-02-09T11:00:00+00:00,0.125430
2023-02-09T12:00:00+00:00,0.125080
2023-02-09T13:00:00+00:00,0.135590
2023-02-09T14:00:00+00:00,0.160450
2023-02-09T15:00:00+00:00,0.165040
2023-02-09T16:00:00+00:00,0.173250
2023-02-09T17:00:00+00:00,0.198000
2023-02-09T18:00:00+00:00,0.161510
2023-02-09T19:00:00+00:00,0.150000
2023-02-09T20:00:00+00:00,0.143940
2023-02-09T21:00:00+00:00,0.132690
2023-02-09T22:00:00+00:00,0.128800
2023-02-09T23:00:00+00:00,0.123000
2023-02-10T00:00:00+00:00,0.119500
2023-02-10T01:00:00+00:00,0.121240
2023-02-10T02:00:00+00:00,0.122870
2023-02-10T03:00:00+00:00,0.124590
2023-02-10T04:00:00+00:00,0.130060
2023-02-10T05:00:00+00:00,0.151890
2023-02-10T06:00:00+00:00,0.185560
2023-02-10T07:00:00+00:00,0.202000
2023-02-10T08:00:00+00:00,0.165810
2023-02-10T09:00:00+00:00,0.142000
2023-02-10T10:00:00+00:00,0.138640
2023-02-10T11:00:00+00:00,0.119180
2023-02-10T12:00:00+00:00,0.119700
2023-02-10T13:00:00+00:00,0.114420
2023-02-10T14:00:00+00:00,0.128450
2023-02-10T15:00:00+00:00,0.128000
2023-02-10T16:00:00+00:00,0.162650
2023-02-10T17:00:00+00:00,0.162100
2023-02-10T18:00:00+00:00,0.127160
2023-02-10T19:00:00+00:00,0.111290
2023-02-10T20:00:00+00:00,0.094900
2023-02-10T21:00:00+00:00,0.100000
2023-02-10T22:00:00+00:00,0.100000
2023-02-10T23:00:00+00:00,0.120600
2023-02-11T00:00:00+00:00,0.119900
2023-02-11T01:00:00+00:00,0.118240
2023-02-11T02:00:00+00:00,0.118280
2023-02-11T03:00:00+00:00,0.111950
2023-02-11T04:00:00+00:00,0.102740
2023-02-11T05:00:00+00:00,0.119980
2023-02-11T06:00:00+00:00,0.127300
2023-02-11T07:00:00+00:00,0.150100
2023-02-11T08:00:00+00:00,0.149940
2023-02-11T09:00:00+00:00,0.130100
2023-02-11T10:00:00+00:00,0.130600
2023-02-11T11:00:00+00:00,0.134300
2023-02-11T12:00:00+00:00,0.122000
2023-02-11T13:00:00+00:00,0.140000
2023-02-11T14:00:00+00:00,0.144000
2023-02-11T15:00:00+00:00,0.141100
2023-02-11T16:00:00+00:00,0.153850
2023-02-11T17:00:00+00:00,0.182400
2023-02-11T18:00:00+00:00,0.183500
2023-02-11T19:00:00+00:00,0.172940
2023-02-11T20:00:00+00:00,0.144760
2023-02-11T21:00:00+00:00,0.147540
2023-02-11T22:00:00+00:00,0.138000
2023-02-11T23:00:00+00:00,0.159460
2023-02-12T00:00:00+00:00,0.149900
2023-02-12T01:00:00+00:00,0.132100
2023-02-12T02:00:00+00:00,0.127850
2023-02-12T03:00:00+00:00,0.124020
2023-02-12T04:00:00+00:00,0.128400
2023-02-12T05:00:00+00:00,0.128800
2023-02-12T06:00:00+00:00,0.148670
2023-02-12T07:00:00+00:00,0.149400
2023-02-12T08:00:00+00:00,0.156930
2023-02-12T09:00:00+00:00,0.145560
2023-02-12T10:00:00+00:00,0.140070
2023-02-12T11:00:00+00:00,0.129890
2023-02-12T12:00:00+00:00,0.120000
2023-02-12T13:00:00+00:00,0.120000
2023-02-12T14:00:00+00:00,0.124630
2023-02-12T15:00:00+00:00,0.135160
2023-02-12T16:00:00+00:00,0.158540
2023-02-12T17:00:00+00:00,0.185660
2023-02-12T18:00:00+00:00,0.167320
2023-02-12T19:00:00+00:00,0.156380
2023-02-12T20:00:00+00:00,0.142320
2023-02-12T21:00:00+00:00,0.151390
2023-02-12T22:00:00+00:00,0.131400
2023-02-12T23:00:00+00:00,0.138640
2023-02-13T00:00:00+00:00,0.135300
2023-02-13T01:00:00+00:00,0.134040
2023-02-13T02:00:00+00:00,0.129040
2023-02-13T03:00:00+00:00,0.130840
2023-02-13T04:00:00+00:00,0.137370
2023-02-13T05:00:00+00:00,0.163190
2023-02-13T06:00:00+00:00,0.196080
2023-02-13T07:00:00+00:00,0.202200
2023-02-13T08:00:00+00:00,0.196200
2023-02-13T09:00:00+00:00,0.173350
2023-02-13T10:00:00+00:00,0.141000
2023-02-13T11:00:00+00:00,0.123100
2023-02-13T12:00:00+00:00,0.120000
2023-02-13T13:00:00+00:00,0.120000
2023-02-13T14:00:00+00:00,0.121000
2023-02-13T15:00:00+00:00,0.150230
2023-02-13T16:00:00+00:00,0.188060
2023-02-13T17:00:00+00:00,0.221800
2023-02-13T18:00:00+00:00,0.206600
2023-02-13T19:00:00+00:00,0.187860
2023-02-13T20:00:00+00:00,0.168920
2023-02-13T21:00:00+00:00,0.160970
2023-02-13T22:00:00+00:00,0.150120
2023-02-13T23:00:00+00:00,0.135620
2023-02-14T00:00:00+00:00,0.132320
2023-02-14T01:00:00+00:00,0.132160
2023-02-14T02:00:00+00:00,0.132120
2023-02-14T03:00:00+00:00,0.132320
2023-02-14T04:00:00+00:00,0.141930
2023-02-14T05:00:00+00:00,0.156700
2023-02-14T06:00:00+00:00,0.199990
2023-02-14T07:00:00+00:00,0.206980
2023-02-14T08:00:00+00:00,0.180600
2023-02-14T09:00:00+00:00,0.125690
2023-02-14T10:00:00+00:00,0.125180
2023-02-14T11:00:00+00:00,0.130000
2023-02-14T12:00:00+00:00,0.122980
2023-02-14T13:00:00+00:00,0.126040
2023-02-14T14:00:00+00:00,0.121430
2023-02-14T15:00:00+00:00,0.146970
2023-02-14T16:00:00+00:00,0.180800
2023-02-14T17:00:00+00:00,0.199990
2023-02-14T18:00:00+00:00,0.192970
2023-02-14T19:00:00+00:00,0.175810
2023-02-14T20:00:00+00:00,0.160090
2023-02-14T21:00:00+00:00,0.151030
2023-02-14T22:00:00+00:00,0.141730
2023-02-14T23:00:00+00:00,0.134740
2023-02-15T00:00:00+00:00,0.130950
2023-02-15T01:00:00+00:00,0.130000
2023-02-15T02:00:00+00:00,0.130010
2023-02-15T03:00:00+00:00,0.125800
2023-02-15T04:00:00+00:00,0.132400
2023-02-15T05:00:00+00:00,0.132800
2023-02-15T06:00:00+00:00,0.185000
2023-02-15T07:00:00+00:00,0.188760
2023-02-15T08:00:00+00:00,0.171220
2023-02-15T09:00:00+00:00,0.146350
2023-02-15T10:00:00+00:00,0.124650
2023-02-15T11:00:00+00:00,0.117280
2023-02-15T12:00:00+00:00,0.116600
2023-02-15T13:00:00+00:00,0.120470
2023-02-15T14:00:00+00:00,0.120000
2023-02-15T15:00:00+00:00,0.142780
2023-02-15T16:00:00+00:00,0.159230
2023-02-15T17:00:00+00:00,0.174220
2023-02-15T18:00:00+00:00,0.159210
2023-02-15T19:00:00+00:00,0.120100
2023-02-15T20:00:00+00:00,0.119400
2023-02-15T21:00:00+00:00,0.116700
2023-02-15T22:00:00+00:00,0.105100
2023-02-15T23:00:00+00:00,0.091020
2023-02-16T00:00:00+00:00,0.102070
2023-02-16T01:00:00+00:00,0.107900
2023-02-16T02:00:00+00:00,0.102030
2023-02-16T03:00:00+00:00,0.106790
2023-02-16T04:00:00+00:00,0.117700
2023-02-16T05:00:00+00:00,0.139900
2023-02-16T06:00:00+00:00,0.166610
2023-02-16T07:00:00+00:00,0.175410
2023-02-16T08:00:00+00:00,0.168130
2023-02-16T09:00:00+00:00,0.154380
2023-02-16T10:00:00+00:00,0.142150
2023-02-16T11:00:00+00:00,0.127770
2023-02-16T12:00:00+00:00,0.120270
2023-02-16T13:00:00+00:00,0.127930
2023-02-16T14:00:00+00:00,0.134950
2023-02-16T15:00:00+00:00,0.140960
2023-02-16T16:00:00+00:00,0.166000
2023-02-16T17:00:00+00:00,0.166530
2023-02-16T18:00:00+00:00,0.154650
2023-02-16T19:00:00+00:00,0.129900
2023-02-16T20:00:00+00:00,0.131140
2023-02-16T21:00:00+00:00,0.124500
2023-02-16T22:00:00+00:00,0.111610
2023-02-16T23:00:00+00:00,0.104090
2023-02-17T00:00:00+00:00,0.098520
2023-02-17T01:00:00+00:00,0.092740
2023-02-17T02:00:00+00:00,0.086310
2023-02-17T03:00:00+00:00,0.081270
2023-02-17T04:00:00+00:00,0.085950
2023-02-17T05:00:00+00:00,0.100000
2023-02-17T06:00:00+00:00,0.120100
2023-02-17T07:00:00+00:00,0.129900
2023-02-17T08:00:00+00:00,0.113800
2023-02-17T09:00:00+00:00,0.109400
2023-02-17T10:00:00+00:00,0.109400
2023-02-17T11:00:00+00:00,0.105660
2023-02-17T12:00:00+00:00,0.089410
2023-02-17T13:00:00+00:00,0.082560
2023-02-17T14:00:00+00:00,0.095000
2023-02-17T15:00:00+00:00,0.100000
2023-02-17T16:00:00+00:00,0.115000
2023-02-17T17:00:00+00:00,0.130000
2023-02-17T18:00:00+00:00,0.125560
2023-02-17T19:00:00+00:00,0.120000
2023-02-17T20:00:00+00:00,0.109400
2023-02-17T21:00:00+00:00,0.117000
2023-02-17T22:00:00+00:00,0.101790
2023-02-17T23:00:00+00:00,0.110000
2023-02-18T00:00:00+00:00,0.070100
2023-02-18T01:00:00+00:00,0.060000
2023-02-18T02:00:00+00:00,0.059330
2023-02-18T03:00:00+00:00,0.067140
2023-02-18T04:00:00+00:00,0.070100
2023-02-18T05:00:00+00:00,0.082260
2023-02-18T06:00:00+00:00,0.091140
2023-02-18T07:00:00+00:00,0.109660
2023-02-18T08:00:00+00:00,0.118200
2023-02-18T09:00:00+00:00,0.108230
2023-02-18T10:00:00+00:00,0.103270
2023-02-18T11:00:00+00:00,0.094750
2023-02-18T12:00:00+00:00,0.083010
2023-02-18T13:00:00+00:00,0.086370
2023-02-18T14:00:00+00:00,0.096680
2023-02-18T15:00:00+00:00,0.110000
2023-02-18T16:00:00+00:00,0.128700
2023-02-18T17:00:00+00:00,0.146870
2023-02-18T18:00:00+00:00,0.150460
2023-02-18T19:00:00+00:00,0.135290
2023-02-18T20:00:00+00:00,0.120550
2023-02-18T21:00:00+00:00,0.117000
2023-02-18T22:00:00+00:00,0.113680
2023-02-18T23:00:00+00:00,0.110820
2023-02-19T00:00:00+00:00,0.105370
2023-02-19T01:00:00+00:00,0.100630
2023-02-19T02:00:00+00:00,0.093000
2023-02-19T03:00:00+00:00,0.092550
2023-02-19T04:00:00+00:00,0.097780
2023-02-19T05:00:00+00:00,0.101320
2023-02-19T06:00:00+00:00,0.109960
2023-02-19T07:00:00+00:00,0.115330
2023-02-19T08:00:00+00:00,0.118440
2023-02-19T09:00:00+00:00,0.116080
2023-02-19T10:00:00+00:00,0.113700
2023-02-19T11:00:00+00:00,0.112750
2023-02-19T12:00:00+00:00,0.115700
2023-02-19T13:00:00+00:00,0.114100
2023-02-19T14:00:00+00:00,0.107660
2023-02-19T15:00:00+00:00,0.120000
2023-02-19T16:00:00+00:00,0.141000
2023-02-19T17:00:00+00:00,0.158500
2023-02-19T18:00:00+00:00,0.158180
2023-02-19T19:00:00+00:00,0.142670
2023-02-19T20:00:00+00:00,0.134170
2023-02-19T21:00:00+00:00,0.128140
2023-02-19T22:00:00+00:00,0.100600
2023-02-19T23:00:00+00:00,0.078870
2023-02-20T00:00:00+00:00,0.064900
2023-02-20T01:00:00+00:00,0.048860
2023-02-20T02:00:00+00:00,0.034000
2023-02-20T03:00:00+00:00,0.029130
2023-02-20T04:00:00+00:00,0.038240
2023-02-20T05:00:00+00:00,0.072300
2023-02-20T06:00:00+00:00,0.100000
2023-02-20T07:00:00+00:00,0.110000
2023-02-20T08:00:00+00:00,0.111900
2023-02-20T09:00:00+00:00,0.106380
2023-02-20T10:00:00+00:00,0.094000
2023-02-20T11:00:00+00:00,0.102770
2023-02-20T12:00:00+00:00,0.084900
2023-02-20T13:00:00+00:00,0.099000
2023-02-20T14:00:00+00:00,0.109000
2023-02-20T15:00:00+00:00,0.091100
2023-02-20T16:00:00+00:00,0.129000
2023-02-20T17:00:00+00:00,0.173100
2023-02-20T18:00:00+00:00,0.146000
2023-02-20T19:00:00+00:00,0.148400
2023-02-20T20:00:00+00:00,0.130000
2023-02-20T21:00:00+00:00,0.125400
2023-02-20T22:00:00+00:00,0.108800
2023-02-20T23:00:00+00:00,0.106000
2023-02-21T00:00:00+00:00,0.108000
2023-02-21T01:00:00+00:00,0.093240
2023-02-21T02:00:00+00:00,0.121500
2023-02-21T03:00:00+00:00,0.108300
2023-02-21T04:00:00+00:00,0.099900
2023-02-21T05:00:00+00:00,0.133700
2023-02-21T06:00:00+00:00,0.146880
2023-02-21T07:00:00+00:00,0.152080
2023-02-21T08:00:00+00:00,0.167930
2023-02-21T09:00:00+00:00,0.150000
2023-02-21T10:00:00+00:00,0.128520
2023-02-21T11:00:00+00:00,0.122940
2023-02-21T12:00:00+00:00,0.120160
2023-02-21T13:00:00+00:00,0.124790
2023-02-21T14:00:00+00:00,0.130560
2023-02-21T15:00:00+00:00,0.148980
2023-02-21T16:00:00+00:00,0.164850
2023-02-21T17:00:00+00:00,0.178130
2023-02-21T18:00:00+00:00,0.177100
2023-02-21T19:00:00+00:00,0.170000
2023-02-21T20:00:00+00:00,0.158800
2023-02-21T21:00:00+00:00,0.153200
2023-02-21T22:00:00+00:00,0.142580
2023-02-21T23:00:00+00:00,0.139900
2023-02-22T00:00:00+00:00,0.125200
2023-02-22T01:00:00+00:00,0.125300
2023-02-22T02:00:00+00:00,0.117280
2023-02-22T03:00:00+00:00,0.117310
2023-02-22T04:00:00+00:00,0.116400
2023-02-22T05:00:00+00:00,0.148000
2023-02-22T06:00:00+00:00,0.173130
2023-02-22T07:00:00+00:00,0.176340
2023-02-22T08:00:00+00:00,0.164550
2023-02-22T09:00:00+00:00,0.151240
2023-02-22T10:00:00+00:00,0.123960
2023-02-22T11:00:00+00:00,0.118670
2023-02-22T12:00:00+00:00,0.126000
2023-02-22T13:00:00+00:00,0.136000
2023-02-22T14:00:00+00:00,0.150900
2023-02-22T15:00:00+00:00,0.156950
2023-02-22T16:00:00+00:00,0.165010
2023-02-22T17:00:00+00:00,0.175000
2023-02-22T18:00:00+00:00,0.172730
2023-02-22T19:00:00+00:00,0.162060
2023-02-22T20:00:00+00:00,0.154020
2023-02-22T21:00:00+00:00,0.144840
2023-02-22T22:00:00+00:00,0.134450
2023-02-22T23:00:00+00:00,0.134670
2023-02-23T00:00:00+00:00,0.131390
2023-02-23T01:00:00+00:00,0.128990
2023-02-23T02:00:00+00:00,0.124780
2023-02-23T03:00:00+00:00,0.125180
2023-02-23T04:00:00+00:00,0.129930
2023-02-23T05:00:00+00:00,0.153980
2023-02-23T06:00:00+00:00,0.170000
2023-02-23T07:00:00+00:00,0.178060
2023-02-23T08:00:00+00:00,0.163960
2023-02-23T09:00:00+00:00,0.139900
2023-02-23T10:00:00+00:00,0.130000
2023-02-23T11:00:00+00:00,0.131750
2023-02-23T12:00:00+00:00,0.124230
2023-02-23T13:00:00+00:00,0.128970
2023-02-23T14:00:00+00:00,0.118000
2023-02-23T15:00:00+00:00,0.127550
2023-02-23T16:00:00+00:00,0.151890
2023-02-23T17:00:00+00:00,0.165220
2023-02-23T18:00:00+00:00,0.165000
2023-02-23T19:00:00+00:00,0.149900
2023-02-23T20:00:00+00:00,0.151140
2023-02-23T21:00:00+00:00,0.141500
2023-02-23T22:00:00+00:00,0.132940
2023-02-23T23:00:00+00:00,0.133650
2023-02-24T00:00:00+00:00,0.153000
2023-02-24T01:00:00+00:00,0.125800
2023-02-24T02:00:00+00:00,0.128960
2023-02-24T03:00:00+00:00,0.117550
2023-02-24T04:00:00+00:00,0.110620
2023-02-24T05:00:00+00:00,0.120000
2023-02-24T06:00:00+00:00,0.144000
2023-02-24T07:00:00+00:00,0.171000
2023-02-24T08:00:00+00:00,0.168600
2023-02-24T09:00:00+00:00,0.150100
2023-02-24T10:00:00+00:00,0.135740
2023-02-24T11:00:00+00:00,0.125960
2023-02-24T12:00:00+00:00,0.120000
2023-02-24T13:00:00+00:00,0.108640
2023-02-24T14:00:00+00:00,0.109900
2023-02-24T15:00:00+00:00,0.113200
2023-02-24T16:00:00+00:00,0.124860
2023-02-24T17:00:00+00:00,0.150100
2023-02-24T18:00:00+00:00,0.115100
2023-02-24T19:00:00+00:00,0.129900
2023-02-24T20:00:00+00:00,0.104910
2023-02-24T21:00:00+00:00,0.107460
2023-02-24T22:00:00+00:00,0.083950
2023-02-24T23:00:00+00:00,0.115020
2023-02-25T00:00:00+00:00,0.106910
2023-02-25T01:00:00+00:00,0.103140
2023-02-25T02:00:00+00:00,0.097030
2023-02-25T03:00:00+00:00,0.087000
2023-02-25T04:00:00+00:00,0.095410
2023-02-25T05:00:00+00:00,0.100100
2023-02-25T06:00:00+00:00,0.095300
2023-02-25T07:00:00+00:00,0.119900
2023-02-25T08:00:00+00:00,0.105070
2023-02-25T09:00:00+00:00,0.074400
2023-02-25T10:00:00+00:00,0.054900
2023-02-25T11:00:00+00:00,0.047350
2023-02-25T12:00:00+00:00,0.035050
2023-02-25T13:00:00+00:00,0.052350
2023-02-25T14:00:00+00:00,0.084900
2023-02-25T15:00:00+00:00,0.093900
2023-02-25T16:00:00+00:00,0.124800
2023-02-25T17:00:00+00:00,0.172000
2023-02-25T18:00:00+00:00,0.186600
2023-02-25T19:00:00+00:00,0.170000
2023-02-25T20:00:00+00:00,0.166920
2023-02-25T21:00:00+00:00,0.149200
2023-02-25T22:00:00+00:00,0.125600
2023-02-25T23:00:00+00:00,0.140100
2023-02-26T00:00:00+00:00,0.116200
2023-02-26T01:00:00+00:00,0.119900
2023-02-26T02:00:00+00:00,0.107780
2023-02-26T03:00:00+00:00,0.108260
2023-02-26T04:00:00+00:00,0.105700
2023-02-26T05:00:00+00:00,0.107040
2023-02-26T06:00:00+00:00,0.109900
2023-02-26T07:00:00+00:00,0.115270
2023-02-26T08:00:00+00:00,0.113920
2023-02-26T09:00:00+00:00,0.096900
2023-02-26T10:00:00+00:00,0.092330
2023-02-26T11:00:00+00:00,0.084140
2023-02-26T12:00:00+00:00,0.054630
2023-02-26T13:00:00+00:00,0.054900
2023-02-26T14:00:00+00:00,0.085000
2023-02-26T15:00:00+00:00,0.098920
2023-02-26T16:00:00+00:00,0.129900
2023-02-26T17:00:00+00:00,0.153700
2023-02-26T18:00:00+00:00,0.156910
2023-02-26T19:00:00+00:00,0.153640
2023-02-26T20:00:00+00:00,0.141640
2023-02-26T21:00:00+00:00,0.138290
2023-02-26T22:00:00+00:00,0.132980
2023-02-26T23:00:00+00:00,0.122830
2023-02-27T00:00:00+00:00,0.133000
2023-02-27T01:00:00+00:00,0.132920
2023-02-27T02:00:00+00:00,0.125030
2023-02-27T03:00:00+00:00,0.120070
2023-02-27T04:00:00+00:00,0.139830
2023-02-27T05:00:00+00:00,0.152300
2023-02-27T06:00:00+00:00,0.186660
2023-02-27T07:00:00+00:00,0.190250
2023-02-27T08:00:00+00:00,0.169940
2023-02-27T09:00:00+00:00,0.128010
2023-02-27T10:00:00+00:00,0.109990
2023-02-27T11:00:00+00:00,0.110000
2023-02-27T12:00:00+00:00,0.101010
2023-02-27T13:00:00+00:00,0.104640
2023-02-27T14:00:00+00:00,0.100000
2023-02-27T15:00:00+00:00,0.116360
2023-02-27T16:00:00+00:00,0.131650
2023-02-27T17:00:00+00:00,0.188000
2023-02-27T18:00:00+00:00,0.174500
2023-02-27T19:00:00+00:00,0.174490
2023-02-27T20:00:00+00:00,0.160300
2023-02-27T21:00:00+00:00,0.153460
2023-02-27T22:00:00+00:00,0.149460
2023-02-27T23:00:00+00:00,0.134000
2023-02-28T00:00:00+00:00,0.124820
2023-02-28T01:00:00+00:00,0.123830
2023-02-28T02:00:00+00:00,0.124590
2023-02-28T03:00:00+00:00,0.120100
2023-02-28T04:00:00+00:00,0.129000
2023-02-28T05:00:00+00:00,0.161940
2023-02-28T06:00:00+00:00,0.177600
2023-02-28T07:00:00+00:00,0.189280
2023-02-28T08:00:00+00:00,0.163000
2023-02-28T09:00:00+00:00,0.120930
2023-02-28T10:00:00+00:00,0.117970
2023-02-28T11:00:00+00:00,0.116710
2023-02-28T12:00:00+00:00,0.116330
2023-02-28T13:00:00+00:00,0.116750
2023-02-28T14:00:00+00:00,0.130000
2023-02-28T15:00:00+00:00,0.132000
2023-02-28T16:00:00+00:00,0.173130
2023-02-28T17:00:00+00:00,0.193870
2023-02-28T18:00:00+00:00,0.192460
2023-02-28T19:00:00+00:00,0.174730
2023-02-28T20:00:00+00:00,0.153880
2023-02-28T21:00:00+00:00,0.150490
2023-02-28T22:00:00+00:00,0.129900
2023-02-28T23:00:00+00:00,0.125230
2023-03-01T00:00:00+00:00,0.119900
2023-03-01T01:00:00+00:00,0.124960
2023-03-01T02:00:00+00:00,0.116310
2023-03-01T03:00:00+00:00,0.130000
2023-03-01T04:00:00+00:00,0.136000
2023-03-01T05:00:00+00:00,0.160000
2023-03-01T06:00:00+00:00,0.180710
2023-03-01T07:00:00+00:00,0.186030
2023-03-01T08:00:00+00:00,0.152900
2023-03-01T09:00:00+00:00,0.116600
2023-03-01T10:00:00+00:00,0.116600
2023-03-01T11:00:00+00:00,0.113960
2023-03-01T12:00:00+00:00,0.107720
2023-03-01T13:00:00+00:00,0.108000
2023-03-01T14:00:00+00:00,0.119860
2023-03-01T15:00:00+00:00,0.127580
2023-03-01T16:00:00+00:00,0.144320
2023-03-01T17:00:00+00:00,0.182180
2023-03-01T18:00:00+00:00,0.176440
2023-03-01T19:00:00+00:00,0.153840
2023-03-01T20:00:00+00:00,0.140650
2023-03-01T21:00:00+00:00,0.130000
2023-03-01T22:00:00+00:00,0.125500
2023-03-01T23:00:00+00:00,0.111790
2023-03-02T00:00:00+00:00,0.111100
2023-03-02T01:00:00+00:00,0.114000
2023-03-02T02:00:00+00:00,0.130100
2023-03-02T03:00:00+00:00,0.120000
2023-03-02T04:00:00+00:00,0.126000
2023-03-02T05:00:00+00:00,0.146000
2023-03-02T06:00:00+00:00,0.178690
2023-03-02T07:00:00+00:00,0.189560
2023-03-02T08:00:00+00:00,0.141440
2023-03-02T09:00:00+00:00,0.107100
2023-03-02T10:00:00+00:00,0.116400
2023-03-02T11:00:00+00:00,0.105060
2023-03-02T12:00:00+00:00,0.102050
2023-03-02T13:00:00+00:00,0.094830
2023-03-02T14:00:00+00:00,0.116050
2023-03-02T15:00:00+00:00,0.120000
2023-03-02T16:00:00+00:00,0.165810
2023-03-02T17:00:00+00:00,0.184500
2023-03-02T18:00:00+00:00,0.159440
2023-03-02T19:00:00+00:00,0.152080
2023-03-02T20:00:00+00:00,0.157560
2023-03-02T21:00:00+00:00,0.144910
2023-03-02T22:00:00+00:00,0.139900
2023-03-02T23:00:00+00:00,0.139310
2023-03-03T00:00:00+00:00,0.128020
2023-03-03T01:00:00+00:00,0.128790
2023-03-03T02:00:00+00:00,0.109900
2023-03-03T03:00:00+00:00,0.110400
2023-03-03T04:00:00+00:00,0.122210
2023-03-03T05:00:00+00:00,0.162190
2023-03-03T06:00:00+00:00,0.187030
2023-03-03T07:00:00+00:00,0.198200
2023-03-03T08:00:00+00:00,0.163670
2023-03-03T09:00:00+00:00,0.131120
2023-03-03T10:00:00+00:00,0.130000
2023-03-03T11:00:00+00:00,0.112580
2023-03-03T12:00:00+00:00,0.112690
2023-03-03T13:00:00+00:00,0.114640
2023-03-03T14:00:00+00:00,0.107830
2023-03-03T15:00:00+00:00,0.132000
2023-03-03T16:00:00+00:00,0.155990
2023-03-03T17:00:00+00:00,0.165000
2023-03-03T18:00:00+00:00,0.132000
2023-03-03T19:00:00+00:00,0.126720
2023-03-03T20:00:00+00:00,0.126250
2023-03-03T21:00:00+00:00,0.121680
2023-03-03T22:00:00+00:00,0.114500
2023-03-03T23:00:00+00:00,0.116070
2023-03-04T00:00:00+00:00,0.123910
2023-03-04T01:00:00+00:00,0.126580
2023-03-04T02:00:00+00:00,0.125930
2023-03-04T03:00:00+00:00,0.128000
2023-03-04T04:00:00+00:00,0.100190
2023-03-04T05:00:00+00:00,0.115700
2023-03-04T06:00:00+00:00,0.112100
2023-03-04T07:00:00+00:00,0.120000
2023-03-04T08:00:00+00:00,0.120100
2023-03-04T09:00:00+00:00,0.134000
2023-03-04T10:00:00+00:00,0.119900
2023-03-04T11:00:00+00:00,0.117000
2023-03-04T12:00:00+00:00,0.111000
2023-03-04T13:00:00+00:00,0.105950
2023-03-04T14:00:00+00:00,0.108600
2023-03-04T15:00:00+00:00,0.111600
2023-03-04T16:00:00+00:00,0.140000
2023-03-04T17:00:00+00:00,0.159650
2023-03-04T18:00:00+00:00,0.151400
2023-03-04T19:00:00+00:00,0.131400
2023-03-04T20:00:00+00:00,0.139960
2023-03-04T21:00:00+00:00,0.131470
2023-03-04T22:00:00+00:00,0.113830
2023-03-04T23:00:00+00:00,0.119900
2023-03-05T00:00:00+00:00,0.108400
2023-03-05T01:00:00+00:00,0.110000
2023-03-05T02:00:00+00:00,0.107430
2023-03-05T03:00:00+00:00,0.106540
2023-03-05T04:00:00+00:00,0.106530
2023-03-05T05:00:00+00:00,0.108500
2023-03-05T06:00:00+00:00,0.109280
2023-03-05T07:00:00+00:00,0.116220
2023-03-05T08:00:00+00:00,0.119940
2023-03-05T09:00:00+00:00,0.110000
2023-03-05T10:00:00+00:00,0.107550
2023-03-05T11:00:00+00:00,0.107350
2023-03-05T12:00:00+00:00,0.108620
2023-03-05T13:00:00+00:00,0.109700
2023-03-05T14:00:00+00:00,0.111550
2023-03-05T15:00:00+00:00,0.120120
2023-03-05T16:00:00+00:00,0.145140
2023-03-05T17:00:00+00:00,0.166670
2023-03-05T18:00:00+00:00,0.170140
2023-03-05T19:00:00+00:00,0.152550
2023-03-05T20:00:00+00:00,0.149780
2023-03-05T21:00:00+00:00,0.141500
2023-03-05T22:00:00+00:00,0.125480
2023-03-05T23:00:00+00:00,0.134500
2023-03-06T00:00:00+00:00,0.122440
2023-03-06T01:00:00+00:00,0.119960
2023-03-06T02:00:00+00:00,0.121110
2023-03-06T03:00:00+00:00,0.122410
2023-03-06T04:00:00+00:00,0.135590
2023-03-06T05:00:00+00:00,0.159800
2023-03-06T06:00:00+00:00,0.185000
2023-03-06T07:00:00+00:00,0.217090
2023-03-06T08:00:00+00:00,0.186350
2023-03-06T09:00:00+00:00,0.170260
2023-03-06T10:00:00+00:00,0.160840
2023-03-06T11:00:00+00:00,0.149900
2023-03-06T12:00:00+00:00,0.144930
2023-03-06T13:00:00+00:00,0.120000
2023-03-06T14:00:00+00:00,0.116120
2023-03-06T15:00:00+00:00,0.107640
2023-03-06T16:00:00+00:00,0.135000
2023-03-06T17:00:00+00:00,0.160000
2023-03-06T18:00:00+00:00,0.150300
2023-03-06T19:00:00+00:00,0.120000
2023-03-06T20:00:00+00:00,0.115720
2023-03-06T21:00:00+00:00,0.120000
2023-03-06T22:00:00+00:00,0.114930
2023-03-06T23:00:00+00:00,0.100100
2023-03-07T00:00:00+00:00,0.104490
2023-03-07T01:00:00+00:00,0.100000
2023-03-07T02:00:00+00:00,0.099900
2023-03-07T03:00:00+00:00,0.109100
2023-03-07T04:00:00+00:00,0.098870
2023-03-07T05:00:00+00:00,0.105500
2023-03-07T06:00:00+00:00,0.110100
2023-03-07T07:00:00+00:00,0.129900
2023-03-07T08:00:00+00:00,0.174760
2023-03-07T09:00:00+00:00,0.153240
2023-03-07T10:00:00+00:00,0.132000
2023-03-07T11:00:00+00:00,0.109900
2023-03-07T12:00:00+00:00,0.110000
2023-03-07T13:00:00+00:00,0.106000
2023-03-07T14:00:00+00:00,0.103820
2023-03-07T15:00:00+00:00,0.111270
2023-03-07T16:00:00+00:00,0.144220
2023-03-07T17:00:00+00:00,0.165900
2023-03-07T18:00:00+00:00,0.143910
2023-03-07T19:00:00+00:00,0.155020
2023-03-07T20:00:00+00:00,0.139130
2023-03-07T21:00:00+00:00,0.127890
2023-03-07T22:00:00+00:00,0.121140
2023-03-07T23:00:00+00:00,0.117010
2023-03-08T00:00:00+00:00,0.114490
2023-03-08T01:00:00+00:00,0.114330
2023-03-08T02:00:00+00:00,0.111000
2023-03-08T03:00:00+00:00,0.111000
2023-03-08T04:00:00+00:00,0.118230
2023-03-08T05:00:00+00:00,0.140680
2023-03-08T06:00:00+00:00,0.158530
2023-03-08T07:00:00+00:00,0.173100
2023-03-08T08:00:00+00:00,0.162990
2023-03-08T09:00:00+00:00,0.152990
2023-03-08T10:00:00+00:00,0.144180
2023-03-08T11:00:00+00:00,0.137190
2023-03-08T12:00:00+00:00,0.135080
2023-03-08T13:00:00+00:00,0.137420
2023-03-08T14:00:00+00:00,0.141080
2023-03-08T15:00:00+00:00,0.144470
2023-03-08T16:00:00+00:00,0.153010
2023-03-08T17:00:00+00:00,0.166890
2023-03-08T18:00:00+00:00,0.170020
2023-03-08T19:00:00+00:00,0.153770
2023-03-08T20:00:00+00:00,0.134390
2023-03-08T21:00:00+00:00,0.128650
2023-03-08T22:00:00+00:00,0.119000
2023-03-08T23:00:00+00:00,0.113660
2023-03-09T00:00:00+00:00,0.111390
2023-03-09T01:00:00+00:00,0.111020
2023-03-09T02:00:00+00:00,0.109380
2023-03-09T03:00:00+00:00,0.111220
2023-03-09T04:00:00+00:00,0.113020
2023-03-09T05:00:00+00:00,0.137390
2023-03-09T06:00:00+00:00,0.149880
2023-03-09T07:00:00+00:00,0.158990
2023-03-09T08:00:00+00:00,0.150950
2023-03-09T09:00:00+00:00,0.142340
2023-03-09T10:00:00+00:00,0.131800
2023-03-09T11:00:00+00:00,0.122000
2023-03-09T12:00:00+00:00,0.116440
2023-03-09T13:00:00+00:00,0.116160
2023-03-09T14:00:00+00:00,0.116350
2023-03-09T15:00:00+00:00,0.118000
2023-03-09T16:00:00+00:00,0.135400
2023-03-09T17:00:00+00:00,0.146920
2023-03-09T18:00:00+00:00,0.144650
2023-03-09T19:00:00+00:00,0.134560
2023-03-09T20:00:00+00:00,0.124840
2023-03-09T21:00:00+00:00,0.123820
2023-03-09T22:00:00+00:00,0.109700
2023-03-09T23:00:00+00:00,0.102890
2023-03-10T00:00:00+00:00,0.100680
2023-03-10T01:00:00+00:00,0.099060
2023-03-10T02:00:00+00:00,0.098840
2023-03-10T03:00:00+00:00,0.099090
2023-03-10T04:00:00+00:00,0.105000
2023-03-10T05:00:00+00:00,0.119810
2023-03-10T06:00:00+00:00,0.136900
2023-03-10T07:00:00+00:00,0.140910
2023-03-10T08:00:00+00:00,0.136610
2023-03-10T09:00:00+00:00,0.131890
2023-03-10T10:00:00+00:00,0.125100
2023-03-10T11:00:00+00:00,0.116410
2023-03-10T12:00:00+00:00,0.112830
2023-03-10T13:00:00+00:00,0.114720
2023-03-10T14:00:00+00:00,0.112220
2023-03-10T15:00:00+00:00,0.109490
2023-03-10T16:00:00+00:00,0.128950
2023-03-10T17:00:00+00:00,0.135010
2023-03-10T18:00:00+00:00,0.128970
2023-03-10T19:00:00+00:00,0.110000
2023-03-10T20:00:00+00:00,0.108960
2023-03-10T21:00:00+00:00,0.110000
2023-03-10T22:00:00+00:00,0.102000
2023-03-10T23:00:00+00:00,0.109360
2023-03-11T00:00:00+00:00,0.108000
2023-03-11T01:00:00+00:00,0.107000
2023-03-11T02:00:00+00:00,0.109020
2023-03-11T03:00:00+00:00,0.109000
2023-03-11T04:00:00+00:00,0.114970
2023-03-11T05:00:00+00:00,0.146100
2023-03-11T06:00:00+00:00,0.145350
2023-03-11T07:00:00+00:00,0.119990
2023-03-11T08:00:00+00:00,0.110440
2023-03-11T09:00:00+00:00,0.099170
2023-03-11T10:00:00+00:00,0.087100
2023-03-11T11:00:00+00:00,0.078660
2023-03-11T12:00:00+00:00,0.060000
2023-03-11T13:00:00+00:00,0.060380
2023-03-11T14:00:00+00:00,0.085950
2023-03-11T15:00:00+00:00,0.108100
2023-03-11T16:00:00+00:00,0.130020
2023-03-11T17:00:00+00:00,0.144950
2023-03-11T18:00:00+00:00,0.195180
2023-03-11T19:00:00+00:00,0.131540
2023-03-11T20:00:00+00:00,0.119960
2023-03-11T21:00:00+00:00,0.124080
2023-03-11T22:00:00+00:00,0.115300
2023-03-11T23:00:00+00:00,0.120880
2023-03-12T00:00:00+00:00,0.101050
2023-03-12T01:00:00+00:00,0.101000
2023-03-12T02:00:00+00:00,0.090300
2023-03-12T03:00:00+00:00,0.091700
2023-03-12T04:00:00+00:00,0.091980
2023-03-12T05:00:00+00:00,0.090550
2023-03-12T06:00:00+00:00,0.088780
2023-03-12T07:00:00+00:00,0.090220
2023-03-12T08:00:00+00:00,0.093710
2023-03-12T09:00:00+00:00,0.091980
2023-03-12T10:00:00+00:00,0.087790
2023-03-12T11:00:00+00:00,0.079730
2023-03-12T12:00:00+00:00,0.068960
2023-03-12T13:00:00+00:00,0.070000
2023-03-12T14:00:00+00:00,0.074900
2023-03-12T15:00:00+00:00,0.085050
2023-03-12T16:00:00+00:00,0.100950
2023-03-12T17:00:00+00:00,0.120050
2023-03-12T18:00:00+00:00,0.141040
2023-03-12T19:00:00+00:00,0.129970
2023-03-12T20:00:00+00:00,0.104310
2023-03-12T21:00:00+00:00,0.094900
2023-03-12T22:00:00+00:00,0.080780
2023-03-12T23:00:00+00:00,0.046360
2023-03-13T00:00:00+00:00,0.037330
2023-03-13T01:00:00+00:00,0.033400
2023-03-13T02:00:00+00:00,0.016890
2023-03-13T03:00:00+00:00,0.007510
2023-03-13T04:00:00+00:00,0.016890
2023-03-13T05:00:00+00:00,0.038490
2023-03-13T06:00:00+00:00,0.077710
2023-03-13T07:00:00+00:00,0.094430
2023-03-13T08:00:00+00:00,0.089970
2023-03-13T09:00:00+00:00,0.064800
2023-03-13T10:00:00+00:00,0.023330
2023-03-13T11:00:00+00:00,0.001060
2023-03-13T12:00:00+00:00,-0.000980
2023-03-13T13:00:00+00:00,-0.000460
2023-03-13T14:00:00+00:00,0.000260
2023-03-13T15:00:00+00:00,0.009030
2023-03-13T16:00:00+00:00,0.054990
2023-03-13T17:00:00+00:00,0.091430
2023-03-13T18:00:00+00:00,0.100000
2023-03-13T19:00:00+00:00,0.083530
2023-03-13T20:00:00+00:00,0.072080
2023-03-13T21:00:00+00:00,0.035450
2023-03-13T22:00:00+00:00,0.023320
2023-03-13T23:00:00+00:00,0.009570
2023-03-14T00:00:00+00:00,0.004480
2023-03-14T01:00:00+00:00,0.004040
2023-03-14T02:00:00+00:00,0.001950
2023-03-14T03:00:00+00:00,0.003640
2023-03-14T04:00:00+00:00,0.009800
2023-03-14T05:00:00+00:00,0.042930
2023-03-14T06:00:00+00:00,0.094360
2023-03-14T07:00:00+00:00,0.100110
2023-03-14T08:00:00+00:00,0.108860
2023-03-14T09:00:00+00:00,0.082830
2023-03-14T10:00:00+00:00,0.060950
2023-03-14T11:00:00+00:00,0.046480
2023-03-14T12:00:00+00:00,0.056420
2023-03-14T13:00:00+00:00,0.065510
2023-03-14T14:00:00+00:00,0.059820
2023-03-14T15:00:00+00:00,0.078830
2023-03-14T16:00:00+00:00,0.131550
2023-03-14T17:00:00+00:00,0.162000
2023-03-14T18:00:00+00:00,0.203000
2023-03-14T19:00:00+00:00,0.199450
2023-03-14T20:00:00+00:00,0.151200
2023-03-14T21:00:00+00:00,0.133500
2023-03-14T22:00:00+00:00,0.144600
2023-03-14T23:00:00+00:00,0.155800
2023-03-15T00:00:00+00:00,0.114200
2023-03-15T01:00:00+00:00,0.115900
2023-03-15T02:00:00+00:00,0.108210
2023-03-15T03:00:00+00:00,0.108540
2023-03-15T04:00:00+00:00,0.123450
2023-03-15T05:00:00+00:00,0.143600
2023-03-15T06:00:00+00:00,0.200000
2023-03-15T07:00:00+00:00,0.219000
2023-03-15T08:00:00+00:00,0.145930
2023-03-15T09:00:00+00:00,0.110700
2023-03-15T10:00:00+00:00,0.077940
2023-03-15T11:00:00+00:00,0.074900
2023-03-15T12:00:00+00:00,0.062710
2023-03-15T13:00:00+00:00,0.074900
2023-03-15T14:00:00+00:00,0.100100
2023-03-15T15:00:00+00:00,0.114510
2023-03-15T16:00:00+00:00,0.150800
2023-03-15T17:00:00+00:00,0.182300
2023-03-15T18:00:00+00:00,0.199110
2023-03-15T19:00:00+00:00,0.165340
2023-03-15T20:00:00+00:00,0.147360
2023-03-15T21:00:00+00:00,0.139350
2023-03-15T22:00:00+00:00,0.127630
2023-03-15T23:00:00+00:00,0.117390
2023-03-16T00:00:00+00:00,0.107200
2023-03-16T01:00:00+00:00,0.103800
2023-03-16T02:00:00+00:00,0.100000
2023-03-16T03:00:00+00:00,0.098070
2023-03-16T04:00:00+00:00,0.103600
2023-03-16T05:00:00+00:00,0.110570
2023-03-16T06:00:00+00:00,0.142350
2023-03-16T07:00:00+00:00,0.138030
2023-03-16T08:00:00+00:00,0.117120
2023-03-16T09:00:00+00:00,0.103200
2023-03-16T10:00:00+00:00,0.091510
2023-03-16T11:00:00+00:00,0.085410
2023-03-16T12:00:00+00:00,0.078510
2023-03-16T13:00:00+00:00,0.080470
2023-03-16T14:00:00+00:00,0.084900
2023-03-16T15:00:00+00:00,0.095460
2023-03-16T16:00:00+00:00,0.119230
2023-03-16T17:00:00+00:00,0.131880
2023-03-16T18:00:00+00:00,0.130020
2023-03-16T19:00:00+00:00,0.102500
2023-03-16T20:00:00+00:00,0.101800
2023-03-16T21:00:00+00:00,0.088200
2023-03-16T22:00:00+00:00,0.081700
2023-03-16T23:00:00+00:00,0.090000
2023-03-17T00:00:00+00:00,0.090000
2023-03-17T01:00:00+00:00,0.089350
2023-03-17T02:00:00+00:00,0.075550
2023-03-17T03:00:00+00:00,0.079000
2023-03-17T04:00:00+00:00,0.081590
2023-03-17T05:00:00+00:00,0.119240
2023-03-17T06:00:00+00:00,0.140600
2023-03-17T07:00:00+00:00,0.134000
2023-03-17T08:00:00+00:00,0.103900
2023-03-17T09:00:00+00:00,0.097700
2023-03-17T10:00:00+00:00,0.092400
2023-03-17T11:00:00+00:00,0.078150
2023-03-17T12:00:00+00:00,0.090630
2023-03-17T13:00:00+00:00,0.089510
2023-03-17T14:00:00+00:00,0.099030
2023-03-17T15:00:00+00:00,0.109540
2023-03-17T16:00:00+00:00,0.126760
2023-03-17T17:00:00+00:00,0.139900
2023-03-17T18:00:00+00:00,0.163710
2023-03-17T19:00:00+00:00,0.139900
2023-03-17T20:00:00+00:00,0.129190
2023-03-17T21:00:00+00:00,0.119900
2023-03-17T22:00:00+00:00,0.128750
2023-03-17T23:00:00+00:00,0.120160
2023-03-18T00:00:00+00:00,0.119100
2023-03-18T01:00:00+00:00,0.100000
2023-03-18T02:00:00+00:00,0.095000
2023-03-18T03:00:00+00:00,0.096180
2023-03-18T04:00:00+00:00,0.099800
2023-03-18T05:00:00+00:00,0.103500
2023-03-18T06:00:00+00:00,0.105430
2023-03-18T07:00:00+00:00,0.100760
2023-03-18T08:00:00+00:00,0.102650
2023-03-18T09:00:00+00:00,0.097020
2023-03-18T10:00:00+00:00,0.091150
2023-03-18T11:00:00+00:00,0.084060
2023-03-18T12:00:00+00:00,0.080420
2023-03-18T13:00:00+00:00,0.087520
2023-03-18T14:00:00+00:00,0.092080
2023-03-18T15:00:00+00:00,0.104430
2023-03-18T16:00:00+00:00,0.130740
2023-03-18T17:00:00+00:00,0.156950
2023-03-18T18:00:00+00:00,0.169540
2023-03-18T19:00:00+00:00,0.144150
2023-03-18T20:00:00+00:00,0.132920
2023-03-18T21:00:00+00:00,0.129950
2023-03-18T22:00:00+00:00,0.118460
2023-03-18T23:00:00+00:00,0.110030
2023-03-19T00:00:00+00:00,0.106000
2023-03-19T01:00:00+00:00,0.099600
2023-03-19T02:00:00+00:00,0.099180
2023-03-19T03:00:00+00:00,0.098740
2023-03-19T04:00:00+00:00,0.103360
2023-03-19T05:00:00+00:00,0.100000
2023-03-19T06:00:00+00:00,0.102450
2023-03-19T07:00:00+00:00,0.101440
2023-03-19T08:00:00+00:00,0.102260
2023-03-19T09:00:00+00:00,0.100560
2023-03-19T10:00:00+00:00,0.099290
2023-03-19T11:00:00+00:00,0.097460
2023-03-19T12:00:00+00:00,0.094040
2023-03-19T13:00:00+00:00,0.095010
2023-03-19T14:00:00+00:00,0.098670
2023-03-19T15:00:00+00:00,0.106090
2023-03-19T16:00:00+00:00,0.134620
2023-03-19T17:00:00+00:00,0.145000
2023-03-19T18:00:00+00:00,0.152910
2023-03-19T19:00:00+00:00,0.144710
2023-03-19T20:00:00+00:00,0.135270
2023-03-19T21:00:00+00:00,0.132900
2023-03-19T22:00:00+00:00,0.130000
2023-03-19T23:00:00+00:00,0.124000
2023-03-20T00:00:00+00:00,0.114940
2023-03-20T01:00:00+00:00,0.113060
2023-03-20T02:00:00+00:00,0.110180
2023-03-20T03:00:00+00:00,0.110250
2023-03-20T04:00:00+00:00,0.116400
2023-03-20T05:00:00+00:00,0.135770
2023-03-20T06:00:00+00:00,0.148430
2023-03-20T07:00:00+00:00,0.148510
2023-03-20T08:00:00+00:00,0.137560
2023-03-20T09:00:00+00:00,0.122750
2023-03-20T10:00:00+00:00,0.115790
2023-03-20T11:00:00+00:00,0.104580
2023-03-20T12:00:00+00:00,0.099940
2023-03-20T13:00:00+00:00,0.101690
2023-03-20T14:00:00+00:00,0.104720
2023-03-20T15:00:00+00:00,0.113820
2023-03-20T16:00:00+00:00,0.132820
2023-03-20T17:00:00+00:00,0.150960
2023-03-20T18:00:00+00:00,0.165470
2023-03-20T19:00:00+00:00,0.152360
2023-03-20T20:00:00+00:00,0.135490
2023-03-20T21:00:00+00:00,0.127500
2023-03-20T22:00:00+00:00,0.117040
2023-03-20T23:00:00+00:00,0.120790
2023-03-21T00:00:00+00:00,0.112280
2023-03-21T01:00:00+00:00,0.111560
2023-03-21T02:00:00+00:00,0.108650
2023-03-21T03:00:00+00:00,0.110000
2023-03-21T04:00:00+00:00,0.118210
2023-03-21T05:00:00+00:00,0.129790
2023-03-21T06:00:00+00:00,0.145470
2023-03-21T07:00:00+00:00,0.143430
2023-03-21T08:00:00+00:00,0.128500
2023-03-21T09:00:00+00:00,0.115000
2023-03-21T10:00:00+00:00,0.106670
2023-03-21T11:00:00+00:00,0.101910
2023-03-21T12:00:00+00:00,0.099480
2023-03-21T13:00:00+00:00,0.096090
2023-03-21T14:00:00+00:00,0.098250
2023-03-21T15:00:00+00:00,0.101120
2023-03-21T16:00:00+00:00,0.112940
2023-03-21T17:00:00+00:00,0.132040
2023-03-21T18:00:00+00:00,0.143260
2023-03-21T19:00:00+00:00,0.112340
2023-03-21T20:00:00+00:00,0.101000
2023-03-21T21:00:00+00:00,0.092180
2023-03-21T22:00:00+00:00,0.090360
2023-03-21T23:00:00+00:00,0.077060
2023-03-22T00:00:00+00:00,0.073190
2023-03-22T01:00:00+00:00,0.073390
2023-03-22T02:00:00+00:00,0.068810
2023-03-22T03:00:00+00:00,0.066480
2023-03-22T04:00:00+00:00,0.071910
2023-03-22T05:00:00+00:00,0.084480
2023-03-22T06:00:00+00:00,0.102540
2023-03-22T07:00:00+00:00,0.107540
2023-03-22T08:00:00+00:00,0.092600
2023-03-22T09:00:00+00:00,0.078760
2023-03-22T10:00:00+00:00,0.081520
2023-03-22T11:00:00+00:00,0.073040
2023-03-22T12:00:00+00:00,0.071100
2023-03-22T13:00:00+00:00,0.078570
2023-03-22T14:00:00+00:00,0.069950
2023-03-22T15:00:00+00:00,0.081840
2023-03-22T16:00:00+00:00,0.100620
2023-03-22T17:00:00+00:00,0.118720
2023-03-22T18:00:00+00:00,0.139780
2023-03-22T19:00:00+00:00,0.125140
2023-03-22T20:00:00+00:00,0.108370
2023-03-22T21:00:00+00:00,0.099900
2023-03-22T22:00:00+00:00,0.083510
2023-03-22T23:00:00+00:00,0.067930
2023-03-23T00:00:00+00:00,0.065930
2023-03-23T01:00:00+00:00,0.055660
2023-03-23T02:00:00+00:00,0.046650
2023-03-23T03:00:00+00:00,0.032460
2023-03-23T04:00:00+00:00,0.055790
2023-03-23T05:00:00+00:00,0.080580
2023-03-23T06:00:00+00:00,0.092220
2023-03-23T07:00:00+00:00,0.095000
2023-03-23T08:00:00+00:00,0.074900
2023-03-23T09:00:00+00:00,0.041400
2023-03-23T10:00:00+00:00,0.035030
2023-03-23T11:00:00+00:00,0.035370
2023-03-23T12:00:00+00:00,0.036410
2023-03-23T13:00:00+00:00,0.050900
2023-03-23T14:00:00+00:00,0.054000
2023-03-23T15:00:00+00:00,0.089390
2023-03-23T16:00:00+00:00,0.119470
2023-03-23T17:00:00+00:00,0.136860
2023-03-23T18:00:00+00:00,0.144370
2023-03-23T19:00:00+00:00,0.122040
2023-03-23T20:00:00+00:00,0.092030
2023-03-23T21:00:00+00:00,0.088850
2023-03-23T22:00:00+00:00,0.077540
2023-03-23T23:00:00+00:00,0.054980
2023-03-24T00:00:00+00:00,0.043800
2023-03-24T01:00:00+00:00,0.040670
2023-03-24T02:00:00+00:00,0.039920
2023-03-24T03:00:00+00:00,0.035070
2023-03-24T04:00:00+00:00,0.040190
2023-03-24T05:00:00+00:00,0.062440
2023-03-24T06:00:00+00:00,0.081230
2023-03-24T07:00:00+00:00,0.081230
2023-03-24T08:00:00+00:00,0.062360
2023-03-24T09:00:00+00:00,0.021300
2023-03-24T10:00:00+00:00,0.000000
2023-03-24T11:00:00+00:00,-0.010000
2023-03-24T12:00:00+00:00,-0.011400
2023-03-24T13:00:00+00:00,-0.004660
2023-03-24T14:00:00+00:00,0.004900
2023-03-24T15:00:00+00:00,0.029320
2023-03-24T16:00:00+00:00,0.079430
2023-03-24T17:00:00+00:00,0.100800
2023-03-24T18:00:00+00:00,0.116230
2023-03-24T19:00:00+00:00,0.096700
2023-03-24T20:00:00+00:00,0.082470
2023-03-24T21:00:00+00:00,0.076200
2023-03-24T22:00:00+00:00,0.064900
2023-03-24T23:00:00+00:00,0.015300
2023-03-25T00:00:00+00:00,0.000100
2023-03-25T01:00:00+00:00,-0.003000
2023-03-25T02:00:00+00:00,-0.000210
2023-03-25T03:00:00+00:00,-0.001150
2023-03-25T04:00:00+00:00,-0.001990
2023-03-25T05:00:00+00:00,-0.002370
2023-03-25T06:00:00+00:00,0.000000
2023-03-25T07:00:00+00:00,0.000000
2023-03-25T08:00:00+00:00,-0.003940
2023-03-25T09:00:00+00:00,-0.007990
2023-03-25T10:00:00+00:00,-0.002180
2023-03-25T11:00:00+00:00,-0.006670
2023-03-25T12:00:00+00:00,-0.009710
2023-03-25T13:00:00+00:00,-0.009530
2023-03-25T14:00:00+00:00,-0.001750
2023-03-25T15:00:00+00:00,-0.001010
2023-03-25T16:00:00+00:00,0.031920
2023-03-25T17:00:00+00:00,0.075000
2023-03-25T18:00:00+00:00,0.099980
2023-03-25T19:00:00+00:00,0.099900
2023-03-25T20:00:00+00:00,0.097550
2023-03-25T21:00:00+00:00,0.098000
2023-03-25T22:00:00+00:00,0.097600
2023-03-25T23:00:00+00:00,0.094570
2023-03-26T00:00:00+00:00,0.080000
2023-03-26T01:00:00+00:00,0.084900
2023-03-26T02:00:00+00:00,0.073620
2023-03-26T03:00:00+00:00,0.073650
2023-03-26T04:00:00+00:00,0.063490
2023-03-26T05:00:00+00:00,0.073090
2023-03-26T06:00:00+00:00,0.078350
2023-03-26T07:00:00+00:00,0.084690
2023-03-26T08:00:00+00:00,0.088700
2023-03-26T09:00:00+00:00,0.084900
2023-03-26T10:00:00+00:00,0.074900
2023-03-26T11:00:00+00:00,0.061670
2023-03-26T12:00:00+00:00,0.050460
2023-03-26T13:00:00+00:00,0.045570
2023-03-26T14:00:00+00:00,0.048350
2023-03-26T15:00:00+00:00,0.077090
2023-03-26T16:00:00+00:00,0.106650
2023-03-26T17:00:00+00:00,0.117860
2023-03-26T18:00:00+00:00,0.112590
2023-03-26T19:00:00+00:00,0.104630
2023-03-26T20:00:00+00:00,0.099420
2023-03-26T21:00:00+00:00,0.094640
2023-03-26T22:00:00+00:00,0.096000
2023-03-26T23:00:00+00:00,0.091710
2023-03-27T00:00:00+00:00,0.087480
2023-03-27T01:00:00+00:00,0.083990
2023-03-27T02:00:00+00:00,0.084900
2023-03-27T03:00:00+00:00,0.086590
2023-03-27T04:00:00+00:00,0.115000
2023-03-27T05:00:00+00:00,0.142990
2023-03-27T06:00:00+00:00,0.149380
2023-03-27T07:00:00+00:00,0.085000
2023-03-27T08:00:00+00:00,0.060100
2023-03-27T09:00:00+00:00,0.050750
2023-03-27T10:00:00+00:00,0.000000
2023-03-27T11:00:00+00:00,0.000000
2023-03-27T12:00:00+00:00,-0.010020
2023-03-27T13:00:00+00:00,-0.020020
2023-03-27T14:00:00+00:00,0.000000
2023-03-27T15:00:00+00:00,0.063980
2023-03-27T16:00:00+00:00,0.100400
2023-03-27T17:00:00+00:00,0.135910
2023-03-27T18:00:00+00:00,0.189000
2023-03-27T19:00:00+00:00,0.144700
2023-03-27T20:00:00+00:00,0.113580
2023-03-27T21:00:00+00:00,0.094800
2023-03-27T22:00:00+00:00,0.099900
2023-03-27T23:00:00+00:00,0.104500
2023-03-28T00:00:00+00:00,0.100100
2023-03-28T01:00:00+00:00,0.096100
2023-03-28T02:00:00+00:00,0.095400
2023-03-28T03:00:00+00:00,0.100770
2023-03-28T04:00:00+00:00,0.130040
2023-03-28T05:00:00+00:00,0.160070
2023-03-28T06:00:00+00:00,0.159770
2023-03-28T07:00:00+00:00,0.125210
2023-03-28T08:00:00+00:00,0.104280
2023-03-28T09:00:00+00:00,0.094890
2023-03-28T10:00:00+00:00,0.091300
2023-03-28T11:00:00+00:00,0.086870
2023-03-28T12:00:00+00:00,0.090000
2023-03-28T13:00:00+00:00,0.094320
2023-03-28T14:00:00+00:00,0.096080
2023-03-28T15:00:00+00:00,0.108590
2023-03-28T16:00:00+00:00,0.136870
2023-03-28T17:00:00+00:00,0.160980
2023-03-28T18:00:00+00:00,0.135940
2023-03-28T19:00:00+00:00,0.132000
2023-03-28T20:00:00+00:00,0.125010
2023-03-28T21:00:00+00:00,0.110390
2023-03-28T22:00:00+00:00,0.096650
2023-03-28T23:00:00+00:00,0.095000
2023-03-29T00:00:00+00:00,0.095400
2023-03-29T01:00:00+00:00,0.098040
2023-03-29T02:00:00+00:00,0.098000
2023-03-29T03:00:00+00:00,0.099200
2023-03-29T04:00:00+00:00,0.117040
2023-03-29T05:00:00+00:00,0.144130
2023-03-29T06:00:00+00:00,0.152000
2023-03-29T07:00:00+00:00,0.144170
2023-03-29T08:00:00+00:00,0.130000
2023-03-29T09:00:00+00:00,0.119000
2023-03-29T10:00:00+00:00,0.110980
2023-03-29T11:00:00+00:00,0.105600
2023-03-29T12:00:00+00:00,0.101550
2023-03-29T13:00:00+00:00,0.104940
2023-03-29T14:00:00+00:00,0.105900
2023-03-29T15:00:00+00:00,0.125790
2023-03-29T16:00:00+00:00,0.143190
2023-03-29T17:00:00+00:00,0.149830
2023-03-29T18:00:00+00:00,0.132260
2023-03-29T19:00:00+00:00,0.114920
2023-03-29T20:00:00+00:00,0.109900
2023-03-29T21:00:00+00:00,0.094800
2023-03-29T22:00:00+00:00,0.089710
2023-03-29T23:00:00+00:00,0.082290
2023-03-30T00:00:00+00:00,0.080780
2023-03-30T01:00:00+00:00,0.078770
2023-03-30T02:00:00+00:00,0.077910
2023-03-30T03:00:00+00:00,0.076800
2023-03-30T04:00:00+00:00,0.088640
2023-03-30T05:00:00+00:00,0.118880
2023-03-30T06:00:00+00:00,0.129300
2023-03-30T07:00:00+00:00,0.110000
2023-03-30T08:00:00+00:00,0.090660
2023-03-30T09:00:00+00:00,0.079930
2023-03-30T10:00:00+00:00,0.064550
2023-03-30T11:00:00+00:00,0.025310
2023-03-30T12:00:00+00:00,0.005100
2023-03-30T13:00:00+00:00,0.008530
2023-03-30T14:00:00+00:00,0.038260
2023-03-30T15:00:00+00:00,0.072440
2023-03-30T16:00:00+00:00,0.097550
2023-03-30T17:00:00+00:00,0.119700
2023-03-30T18:00:00+00:00,0.119370
2023-03-30T19:00:00+00:00,0.103280
2023-03-30T20:00:00+00:00,0.100070
2023-03-30T21:00:00+00:00,0.090760
2023-03-30T22:00:00+00:00,0.065130
2023-03-30T23:00:00+00:00,0.064900
2023-03-31T00:00:00+00:00,0.057100
2023-03-31T01:00:00+00:00,0.048620
2023-03-31T02:00:00+00:00,0.064900
2023-03-31T03:00:00+00:00,0.073960
2023-03-31T04:00:00+00:00,0.109220
2023-03-31T05:00:00+00:00,0.121370
2023-03-31T06:00:00+00:00,0.124550
2023-03-31T07:00:00+00:00,0.132000
2023-03-31T08:00:00+00:00,0.105180
2023-03-31T09:00:00+00:00,0.105680
2023-03-31T10:00:00+00:00,0.089470
2023-03-31T11:00:00+00:00,0.076940
2023-03-31T12:00:00+00:00,0.081300
2023-03-31T13:00:00+00:00,0.078170
2023-03-31T14:00:00+00:00,0.077640
2023-03-31T15:00:00+00:00,0.099050
2023-03-31T16:00:00+00:00,0.112610
2023-03-31T17:00:00+00:00,0.114530
2023-03-31T18:00:00+00:00,0.109670
2023-03-31T19:00:00+00:00,0.098830
2023-03-31T20:00:00+00:00,0.086730
2023-03-31T21:00:00+00:00,0.080000
2023-03-31T22:00:00+00:00,0.082190
2023-03-31T23:00:00+00:00,0.063900
2023-04-01T00:00:00+00:00,0.053840
2023-04-01T01:00:00+00:00,0.053990
2023-04-01T02:00:00+00:00,0.055010
2023-04-01T03:00:00+00:00,0.070000
2023-04-01T04:00:00+00:00,0.080580
2023-04-01T05:00:00+00:00,0.085000
2023-04-01T06:00:00+00:00,0.090000
2023-04-01T07:00:00+00:00,0.086700
2023-04-01T08:00:00+00:00,0.086200
2023-04-01T09:00:00+00:00,0.084370
2023-04-01T10:00:00+00:00,0.080000
2023-04-01T11:00:00+00:00,0.054900
2023-04-01T12:00:00+00:00,0.043240
2023-04-01T13:00:00+00:00,0.042000
2023-04-01T14:00:00+00:00,0.070000
2023-04-01T15:00:00+00:00,0.084900
2023-04-01T16:00:00+00:00,0.099300
2023-04-01T17:00:00+00:00,0.097650
2023-04-01T18:00:00+00:00,0.110950
2023-04-01T19:00:00+00:00,0.091160
2023-04-01T20:00:00+00:00,0.081770
2023-04-01T21:00:00+00:00,0.068900
2023-04-01T22:00:00+00:00,0.081000
2023-04-01T23:00:00+00:00,0.069900
2023-04-02T00:00:00+00:00,0.058510
2023-04-02T01:00:00+00:00,0.060460
2023-04-02T02:00:00+00:00,0.058510
2023-04-02T03:00:00+00:00,0.060460
2023-04-02T04:00:00+00:00,0.058720
2023-04-02T05:00:00+00:00,0.070080
2023-04-02T06:00:00+00:00,0.075550
2023-04-02T07:00:00+00:00,0.066090
2023-04-02T08:00:00+00:00,0.040010
2023-04-02T09:00:00+00:00,0.023300
2023-04-02T10:00:00+00:00,-0.001000
2023-04-02T11:00:00+00:00,-0.003990
2023-04-02T12:00:00+00:00,-0.003990
2023-04-02T13:00:00+00:00,0.000000
2023-04-02T14:00:00+00:00,0.012800
2023-04-02T15:00:00+00:00,0.041740
2023-04-02T16:00:00+00:00,0.100410
2023-04-02T17:00:00+00:00,0.130000
2023-04-02T18:00:00+00:00,0.132120
2023-04-02T19:00:00+00:00,0.121650
2023-04-02T20:00:00+00:00,0.115550
2023-04-02T21:00:00+00:00,0.109120
2023-04-02T22:00:00+00:00,0.115220
2023-04-02T23:00:00+00:00,0.112720
2023-04-03T00:00:00+00:00,0.113890
2023-04-03T01:00:00+00:00,0.108530
2023-04-03T02:00:00+00:00,0.100430
2023-04-03T03:00:00+00:00,0.110070
2023-04-03T04:00:00+00:00,0.139630
2023-04-03T05:00:00+00:00,0.168990
2023-04-03T06:00:00+00:00,0.179840
2023-04-03T07:00:00+00:00,0.140000
2023-04-03T08:00:00+00:00,0.092180
2023-04-03T09:00:00+00:00,0.068140
2023-04-03T10:00:00+00:00,0.071610
2023-04-03T11:00:00+00:00,0.049200
2023-04-03T12:00:00+00:00,0.071580
2023-04-03T13:00:00+00:00,0.078910
2023-04-03T14:00:00+00:00,0.082000
2023-04-03T15:00:00+00:00,0.100350
2023-04-03T16:00:00+00:00,0.133770
2023-04-03T17:00:00+00:00,0.158110
2023-04-03T18:00:00+00:00,0.165890
2023-04-03T19:00:00+00:00,0.148790
2023-04-03T20:00:00+00:00,0.132070
2023-04-03T21:00:00+00:00,0.113120
2023-04-03T22:00:00+00:00,0.110850
2023-04-03T23:00:00+00:00,0.110140
2023-04-04T00:00:00+00:00,0.115830
2023-04-04T01:00:00+00:00,0.115610
2023-04-04T02:00:00+00:00,0.116710
2023-04-04T03:00:00+00:00,0.121910
2023-04-04T04:00:00+00:00,0.145350
2023-04-04T05:00:00+00:00,0.180570
2023-04-04T06:00:00+00:00,0.190610
2023-04-04T07:00:00+00:00,0.158270
2023-04-04T08:00:00+00:00,0.107790
2023-04-04T09:00:00+00:00,0.112020
2023-04-04T10:00:00+00:00,0.102940
2023-04-04T11:00:00+00:00,0.107200
2023-04-04T12:00:00+00:00,0.107310
2023-04-04T13:00:00+00:00,0.108710
2023-04-04T14:00:00+00:00,0.112730
2023-04-04T15:00:00+00:00,0.122000
2023-04-04T16:00:00+00:00,0.147100
2023-04-04T17:00:00+00:00,0.180000
2023-04-04T18:00:00+00:00,0.177320
2023-04-04T19:00:00+00:00,0.156040
2023-04-04T20:00:00+00:00,0.141390
2023-04-04T21:00:00+00:00,0.129900
2023-04-04T22:00:00+00:00,0.127340
2023-04-04T23:00:00+00:00,0.118130
2023-04-05T00:00:00+00:00,0.119540
2023-04-05T01:00:00+00:00,0.118180
2023-04-05T02:00:00+00:00,0.124800
2023-04-05T03:00:00+00:00,0.134290
2023-04-05T04:00:00+00:00,0.165990
2023-04-05T05:00:00+00:00,0.207920
2023-04-05T06:00:00+00:00,0.180750
2023-04-05T07:00:00+00:00,0.144530
2023-04-05T08:00:00+00:00,0.112000
2023-04-05T09:00:00+00:00,0.113890
2023-04-05T10:00:00+00:00,0.111170
2023-04-05T11:00:00+00:00,0.109660
2023-04-05T12:00:00+00:00,0.111040
2023-04-05T13:00:00+00:00,0.110960
2023-04-05T14:00:00+00:00,0.116290
2023-04-05T15:00:00+00:00,0.135600
2023-04-05T16:00:00+00:00,0.156520
2023-04-05T17:00:00+00:00,0.199560
2023-04-05T18:00:00+00:00,0.191680
2023-04-05T19:00:00+00:00,0.164980
2023-04-05T20:00:00+00:00,0.151390
2023-04-05T21:00:00+00:00,0.139130
2023-04-05T22:00:00+00:00,0.135540
2023-04-05T23:00:00+00:00,0.124120
2023-04-06T00:00:00+00:00,0.120000
2023-04-06T01:00:00+00:00,0.115330
2023-04-06T02:00:00+00:00,0.114850
2023-04-06T03:00:00+00:00,0.124910
2023-04-06T04:00:00+00:00,0.142510
2023-04-06T05:00:00+00:00,0.161630
2023-04-06T06:00:00+00:00,0.159520
2023-04-06T07:00:00+00:00,0.129930
2023-04-06T08:00:00+00:00,0.126010
2023-04-06T09:00:00+00:00,0.117020
2023-04-06T10:00:00+00:00,0.109360
2023-04-06T11:00:00+00:00,0.108440
2023-04-06T12:00:00+00:00,0.106890
2023-04-06T13:00:00+00:00,0.108130
2023-04-06T14:00:00+00:00,0.109870
2023-04-06T15:00:00+00:00,0.121170
2023-04-06T16:00:00+00:00,0.140000
2023-04-06T17:00:00+00:00,0.150230
2023-04-06T18:00:00+00:00,0.144240
2023-04-06T19:00:00+00:00,0.152000
2023-04-06T20:00:00+00:00,0.139800
2023-04-06T21:00:00+00:00,0.123300
2023-04-06T22:00:00+00:00,0.129600
2023-04-06T23:00:00+00:00,0.124500
2023-04-07T00:00:00+00:00,0.114950
2023-04-07T01:00:00+00:00,0.108600
2023-04-07T02:00:00+00:00,0.109200
2023-04-07T03:00:00+00:00,0.117680
2023-04-07T04:00:00+00:00,0.110070
2023-04-07T05:00:00+00:00,0.118000
2023-04-07T06:00:00+00:00,0.159990
2023-04-07T07:00:00+00:00,0.150000
2023-04-07T08:00:00+00:00,0.149170
2023-04-07T09:00:00+00:00,0.131970
2023-04-07T10:00:00+00:00,0.119900
2023-04-07T11:00:00+00:00,0.110600
2023-04-07T12:00:00+00:00,0.107200
2023-04-07T13:00:00+00:00,0.104420
2023-04-07T14:00:00+00:00,0.110400
2023-04-07T15:00:00+00:00,0.116000
2023-04-07T16:00:00+00:00,0.127780
2023-04-07T17:00:00+00:00,0.145880
2023-04-07T18:00:00+00:00,0.159480
2023-04-07T19:00:00+00:00,0.146810
2023-04-07T20:00:00+00:00,0.136320
2023-04-07T21:00:00+00:00,0.126070
2023-04-07T22:00:00+00:00,0.119900
2023-04-07T23:00:00+00:00,0.111510
2023-04-08T00:00:00+00:00,0.112650
2023-04-08T01:00:00+00:00,0.110750
2023-04-08T02:00:00+00:00,0.110780
2023-04-08T03:00:00+00:00,0.112160
2023-04-08T04:00:00+00:00,0.112560
2023-04-08T05:00:00+00:00,0.129350
2023-04-08T06:00:00+00:00,0.130750
2023-04-08T07:00:00+00:00,0.125590
2023-04-08T08:00:00+00:00,0.108070
2023-04-08T09:00:00+00:00,0.104270
2023-04-08T10:00:00+00:00,0.088600
2023-04-08T11:00:00+00:00,0.077000
2023-04-08T12:00:00+00:00,0.070100
2023-04-08T13:00:00+00:00,0.083390
2023-04-08T14:00:00+00:00,0.095980
2023-04-08T15:00:00+00:00,0.104470
2023-04-08T16:00:00+00:00,0.117470
2023-04-08T17:00:00+00:00,0.135010
2023-04-08T18:00:00+00:00,0.139970
2023-04-08T19:00:00+00:00,0.137310
2023-04-08T20:00:00+00:00,0.134900
2023-04-08T21:00:00+00:00,0.126980
2023-04-08T22:00:00+00:00,0.127990
2023-04-08T23:00:00+00:00,0.117860
2023-04-09T00:00:00+00:00,0.119830
2023-04-09T01:00:00+00:00,0.117990
2023-04-09T02:00:00+00:00,0.118240
2023-04-09T03:00:00+00:00,0.117860
2023-04-09T04:00:00+00:00,0.120000
2023-04-09T05:00:00+00:00,0.118900
2023-04-09T06:00:00+00:00,0.122980
2023-04-09T07:00:00+00:00,0.112210
2023-04-09T08:00:00+00:00,0.100000
2023-04-09T09:00:00+00:00,0.087000
2023-04-09T10:00:00+00:00,0.081960
2023-04-09T11:00:00+00:00,0.060010
2023-04-09T12:00:00+00:00,0.055000
2023-04-09T13:00:00+00:00,0.056000
2023-04-09T14:00:00+00:00,0.074000
2023-04-09T15:00:00+00:00,0.086350
2023-04-09T16:00:00+00:00,0.115200
2023-04-09T17:00:00+00:00,0.129970
2023-04-09T18:00:00+00:00,0.133460
2023-04-09T19:00:00+00:00,0.126390
2023-04-09T20:00:00+00:00,0.115000
2023-04-09T21:00:00+00:00,0.106940
2023-04-09T22:00:00+00:00,0.098210
2023-04-09T23:00:00+00:00,0.081850
2023-04-10T00:00:00+00:00,0.078140
2023-04-10T01:00:00+00:00,0.071900
2023-04-10T02:00:00+00:00,0.070000
2023-04-10T03:00:00+00:00,0.072960
2023-04-10T04:00:00+00:00,0.080000
2023-04-10T05:00:00+00:00,0.077650
2023-04-10T06:00:00+00:00,0.069490
2023-04-10T07:00:00+00:00,0.054900
2023-04-10T08:00:00+00:00,0.024580
2023-04-10T09:00:00+00:00,0.000200
2023-04-10T10:00:00+00:00,-0.001010
2023-04-10T11:00:00+00:00,-0.007840
2023-04-10T12:00:00+00:00,-0.007330
2023-04-10T13:00:00+00:00,-0.003100
2023-04-10T14:00:00+00:00,-0.000020
2023-04-10T15:00:00+00:00,0.020220
2023-04-10T16:00:00+00:00,0.051280
2023-04-10T17:00:00+00:00,0.080000
2023-04-10T18:00:00+00:00,0.081600
2023-04-10T19:00:00+00:00,0.074900
2023-04-10T20:00:00+00:00,0.068640
2023-04-10T21:00:00+00:00,0.045000
2023-04-10T22:00:00+00:00,0.013080
2023-04-10T23:00:00+00:00,0.001160
2023-04-11T00:00:00+00:00,0.000760
2023-04-11T01:00:00+00:00,0.001090
2023-04-11T02:00:00+00:00,0.006100
2023-04-11T03:00:00+00:00,0.034510
2023-04-11T04:00:00+00:00,0.094180
2023-04-11T05:00:00+00:00,0.115980
2023-04-11T06:00:00+00:00,0.123260
2023-04-11T07:00:00+00:00,0.093800
2023-04-11T08:00:00+00:00,0.054250
2023-04-11T09:00:00+00:00,0.009030
2023-04-11T10:00:00+00:00,-0.016000
2023-04-11T11:00:00+00:00,-0.018000
2023-04-11T12:00:00+00:00,-0.030000
2023-04-11T13:00:00+00:00,-0.004600
2023-04-11T14:00:00+00:00,0.006610
2023-04-11T15:00:00+00:00,0.082200
2023-04-11T16:00:00+00:00,0.130800
2023-04-11T17:00:00+00:00,0.162460
2023-04-11T18:00:00+00:00,0.165380
2023-04-11T19:00:00+00:00,0.141390
2023-04-11T20:00:00+00:00,0.130800
2023-04-11T21:00:00+00:00,0.111000
2023-04-11T22:00:00+00:00,0.095300
2023-04-11T23:00:00+00:00,0.077200
2023-04-12T00:00:00+00:00,0.059060
2023-04-12T01:00:00+00:00,0.046320
2023-04-12T02:00:00+00:00,0.045500
2023-04-12T03:00:00+00:00,0.080290
2023-04-12T04:00:00+00:00,0.106450
2023-04-12T05:00:00+00:00,0.123350
2023-04-12T06:00:00+00:00,0.136410
2023-04-12T07:00:00+00:00,0.131990
2023-04-12T08:00:00+00:00,0.120000
2023-04-12T09:00:00+00:00,0.111560
2023-04-12T10:00:00+00:00,0.100600
2023-04-12T11:00:00+00:00,0.097360
2023-04-12T12:00:00+00:00,0.097620
2023-04-12T13:00:00+00:00,0.097070
2023-04-12T14:00:00+00:00,0.100340
2023-04-12T15:00:00+00:00,0.109300
2023-04-12T16:00:00+00:00,0.106620
2023-04-12T17:00:00+00:00,0.111530
2023-04-12T18:00:00+00:00,0.125000
2023-04-12T19:00:00+00:00,0.112110
2023-04-12T20:00:00+00:00,0.109300
2023-04-12T21:00:00+00:00,0.097950
2023-04-12T22:00:00+00:00,0.097230
2023-04-12T23:00:00+00:00,0.085090
2023-04-13T00:00:00+00:00,0.079490
2023-04-13T01:00:00+00:00,0.072860
2023-04-13T02:00:00+00:00,0.071120
2023-04-13T03:00:00+00:00,0.082500
2023-04-13T04:00:00+00:00,0.102060
2023-04-13T05:00:00+00:00,0.115040
2023-04-13T06:00:00+00:00,0.122150
2023-04-13T07:00:00+00:00,0.105390
2023-04-13T08:00:00+00:00,0.083400
2023-04-13T09:00:00+00:00,0.034900
2023-04-13T10:00:00+00:00,-0.004500
2023-04-13T11:00:00+00:00,-0.050000
2023-04-13T12:00:00+00:00,-0.050070
2023-04-13T13:00:00+00:00,-0.050000
2023-04-13T14:00:00+00:00,-0.000900
2023-04-13T15:00:00+00:00,0.108100
2023-04-13T16:00:00+00:00,0.128100
2023-04-13T17:00:00+00:00,0.151000
2023-04-13T18:00:00+00:00,0.155200
2023-04-13T19:00:00+00:00,0.152000
2023-04-13T20:00:00+00:00,0.134040
2023-04-13T21:00:00+00:00,0.120100
2023-04-13T22:00:00+00:00,0.118090
2023-04-13T23:00:00+00:00,0.112800
2023-04-14T00:00:00+00:00,0.116540
2023-04-14T01:00:00+00:00,0.112800
2023-04-14T02:00:00+00:00,0.113140
2023-04-14T03:00:00+00:00,0.127400
2023-04-14T04:00:00+00:00,0.144740
2023-04-14T05:00:00+00:00,0.171740
2023-04-14T06:00:00+00:00,0.176160
2023-04-14T07:00:00+00:00,0.149940
2023-04-14T08:00:00+00:00,0.107700
2023-04-14T09:00:00+00:00,0.109500
2023-04-14T10:00:00+00:00,0.104700
2023-04-14T11:00:00+00:00,0.101120
2023-04-14T12:00:00+00:00,0.102600
2023-04-14T13:00:00+00:00,0.094400
2023-04-14T14:00:00+00:00,0.105160
2023-04-14T15:00:00+00:00,0.113400
2023-04-14T16:00:00+00:00,0.138160
2023-04-14T17:00:00+00:00,0.151690
2023-04-14T18:00:00+00:00,0.152420
2023-04-14T19:00:00+00:00,0.151000
2023-04-14T20:00:00+00:00,0.134730
2023-04-14T21:00:00+00:00,0.120290
2023-04-14T22:00:00+00:00,0.123900
2023-04-14T23:00:00+00:00,0.112000
2023-04-15T00:00:00+00:00,0.114380
2023-04-15T01:00:00+00:00,0.108000
2023-04-15T02:00:00+00:00,0.105140
2023-04-15T03:00:00+00:00,0.103550
2023-04-15T04:00:00+00:00,0.105560
2023-04-15T05:00:00+00:00,0.104850
2023-04-15T06:00:00+00:00,0.106210
2023-04-15T07:00:00+00:00,0.101100
2023-04-15T08:00:00+00:00,0.094920
2023-04-15T09:00:00+00:00,0.093940
2023-04-15T10:00:00+00:00,0.077640
2023-04-15T11:00:00+00:00,0.015000
2023-04-15T12:00:00+00:00,0.000920
2023-04-15T13:00:00+00:00,0.061000
2023-04-15T14:00:00+00:00,0.072290
2023-04-15T15:00:00+00:00,0.098810
2023-04-15T16:00:00+00:00,0.112660
2023-04-15T17:00:00+00:00,0.132790
2023-04-15T18:00:00+00:00,0.134510
2023-04-15T19:00:00+00:00,0.127800
2023-04-15T20:00:00+00:00,0.127710
2023-04-15T21:00:00+00:00,0.119300
2023-04-15T22:00:00+00:00,0.111550
2023-04-15T23:00:00+00:00,0.103490
2023-04-16T00:00:00+00:00,0.102680
2023-04-16T01:00:00+00:00,0.101090
2023-04-16T02:00:00+00:00,0.102630
2023-04-16T03:00:00+00:00,0.103500
2023-04-16T04:00:00+00:00,0.103500
2023-04-16T05:00:00+00:00,0.103370
2023-04-16T06:00:00+00:00,0.110430
2023-04-16T07:00:00+00:00,0.114680
2023-04-16T08:00:00+00:00,0.111040
2023-04-16T09:00:00+00:00,0.107830
2023-04-16T10:00:00+00:00,0.104050
2023-04-16T11:00:00+00:00,0.098160
2023-04-16T12:00:00+00:00,0.094740
2023-04-16T13:00:00+00:00,0.094270
2023-04-16T14:00:00+00:00,0.096060
2023-04-16T15:00:00+00:00,0.101000
2023-04-16T16:00:00+00:00,0.115210
2023-04-16T17:00:00+00:00,0.132880
2023-04-16T18:00:00+00:00,0.140000
2023-04-16T19:00:00+00:00,0.135000
2023-04-16T20:00:00+00:00,0.129970
2023-04-16T21:00:00+00:00,0.125350
2023-04-16T22:00:00+00:00,0.114750
2023-04-16T23:00:00+00:00,0.111140
2023-04-17T00:00:00+00:00,0.108960
2023-04-17T01:00:00+00:00,0.110100
2023-04-17T02:00:00+00:00,0.110000
2023-04-17T03:00:00+00:00,0.114910
2023-04-17T04:00:00+00:00,0.140780
2023-04-17T05:00:00+00:00,0.178380
2023-04-17T06:00:00+00:00,0.199290
2023-04-17T07:00:00+00:00,0.162620
2023-04-17T08:00:00+00:00,0.135610
2023-04-17T09:00:00+00:00,0.117600
2023-04-17T10:00:00+00:00,0.105130
2023-04-17T11:00:00+00:00,0.100920
2023-04-17T12:00:00+00:00,0.096990
2023-04-17T13:00:00+00:00,0.092750
2023-04-17T14:00:00+00:00,0.096760
2023-04-17T15:00:00+00:00,0.100990
2023-04-17T16:00:00+00:00,0.122330
2023-04-17T17:00:00+00:00,0.143610
2023-04-17T18:00:00+00:00,0.142780
2023-04-17T19:00:00+00:00,0.134250
2023-04-17T20:00:00+00:00,0.122820
2023-04-17T21:00:00+00:00,0.109160
2023-04-17T22:00:00+00:00,0.105310
2023-04-17T23:00:00+00:00,0.102070
2023-04-18T00:00:00+00:00,0.101100
2023-04-18T01:00:00+00:00,0.101290
2023-04-18T02:00:00+00:00,0.100550
2023-04-18T03:00:00+00:00,0.101270
2023-04-18T04:00:00+00:00,0.127000
2023-04-18T05:00:00+00:00,0.140270
2023-04-18T06:00:00+00:00,0.154880
2023-04-18T07:00:00+00:00,0.133990
2023-04-18T08:00:00+00:00,0.106210
2023-04-18T09:00:00+00:00,0.099590
2023-04-18T10:00:00+00:00,0.090080
2023-04-18T11:00:00+00:00,0.084000
2023-04-18T12:00:00+00:00,0.078790
2023-04-18T13:00:00+00:00,0.077950
2023-04-18T14:00:00+00:00,0.079500
2023-04-18T15:00:00+00:00,0.094410
2023-04-18T16:00:00+00:00,0.108210
2023-04-18T17:00:00+00:00,0.130460
2023-04-18T18:00:00+00:00,0.139900
2023-04-18T19:00:00+00:00,0.134280
2023-04-18T20:00:00+00:00,0.105800
2023-04-18T21:00:00+00:00,0.096900
2023-04-18T22:00:00+00:00,0.102200
2023-04-18T23:00:00+00:00,0.097540
2023-04-19T00:00:00+00:00,0.099920
2023-04-19T01:00:00+00:00,0.098950
2023-04-19T02:00:00+00:00,0.101330
2023-04-19T03:00:00+00:00,0.105870
2023-04-19T04:00:00+00:00,0.130000
2023-04-19T05:00:00+00:00,0.138940
2023-04-19T06:00:00+00:00,0.137000
2023-04-19T07:00:00+00:00,0.104100
2023-04-19T08:00:00+00:00,0.070000
2023-04-19T09:00:00+00:00,-0.003900
2023-04-19T10:00:00+00:00,-0.094790
2023-04-19T11:00:00+00:00,-0.194200
2023-04-19T12:00:00+00:00,-0.195410
2023-04-19T13:00:00+00:00,-0.150000
2023-04-19T14:00:00+00:00,-0.030000
2023-04-19T15:00:00+00:00,0.066560
2023-04-19T16:00:00+00:00,0.090970
2023-04-19T17:00:00+00:00,0.120110
2023-04-19T18:00:00+00:00,0.128380
2023-04-19T19:00:00+00:00,0.122820
2023-04-19T20:00:00+00:00,0.109900
2023-04-19T21:00:00+00:00,0.101660
2023-04-19T22:00:00+00:00,0.100190
2023-04-19T23:00:00+00:00,0.094350
2023-04-20T00:00:00+00:00,0.096760
2023-04-20T01:00:00+00:00,0.094980
2023-04-20T02:00:00+00:00,0.097180
2023-04-20T03:00:00+00:00,0.102780
2023-04-20T04:00:00+00:00,0.127970
2023-04-20T05:00:00+00:00,0.144480
2023-04-20T06:00:00+00:00,0.144700
2023-04-20T07:00:00+00:00,0.130040
2023-04-20T08:00:00+00:00,0.102200
2023-04-20T09:00:00+00:00,0.096940
2023-04-20T10:00:00+00:00,0.094230
2023-04-20T11:00:00+00:00,0.089610
2023-04-20T12:00:00+00:00,0.088710
2023-04-20T13:00:00+00:00,0.086680
2023-04-20T14:00:00+00:00,0.092090
2023-04-20T15:00:00+00:00,0.103760
2023-04-20T16:00:00+00:00,0.128990
2023-04-20T17:00:00+00:00,0.142460
2023-04-20T18:00:00+00:00,0.147060
2023-04-20T19:00:00+00:00,0.139240
2023-04-20T20:00:00+00:00,0.125000
2023-04-20T21:00:00+00:00,0.115860
2023-04-20T22:00:00+00:00,0.104900
2023-04-20T23:00:00+00:00,0.094920
2023-04-21T00:00:00+00:00,0.099080
2023-04-21T01:00:00+00:00,0.098000
2023-04-21T02:00:00+00:00,0.092600
2023-04-21T03:00:00+00:00,0.098370
2023-04-21T04:00:00+00:00,0.111210
2023-04-21T05:00:00+00:00,0.132610
2023-04-21T06:00:00+00:00,0.134700
2023-04-21T07:00:00+00:00,0.106250
2023-04-21T08:00:00+00:00,0.103160
2023-04-21T09:00:00+00:00,0.086390
2023-04-21T10:00:00+00:00,0.055170
2023-04-21T11:00:00+00:00,0.044900
2023-04-21T12:00:00+00:00,0.050000
2023-04-21T13:00:00+00:00,0.060000
2023-04-21T14:00:00+00:00,0.077230
2023-04-21T15:00:00+00:00,0.098000
2023-04-21T16:00:00+00:00,0.123000
2023-04-21T17:00:00+00:00,0.140610
2023-04-21T18:00:00+00:00,0.143950
2023-04-21T19:00:00+00:00,0.142670
2023-04-21T20:00:00+00:00,0.120100
2023-04-21T21:00:00+00:00,0.110500
2023-04-21T22:00:00+00:00,0.102500
2023-04-21T23:00:00+00:00,0.095480
2023-04-22T00:00:00+00:00,0.096340
2023-04-22T01:00:00+00:00,0.093430
2023-04-22T02:00:00+00:00,0.091380
2023-04-22T03:00:00+00:00,0.096090
2023-04-22T04:00:00+00:00,0.099820
2023-04-22T05:00:00+00:00,0.108940
2023-04-22T06:00:00+00:00,0.116640
2023-04-22T07:00:00+00:00,0.086000
2023-04-22T08:00:00+00:00,0.074670
2023-04-22T09:00:00+00:00,0.045060
2023-04-22T10:00:00+00:00,0.026200
2023-04-22T11:00:00+00:00,0.016000
2023-04-22T12:00:00+00:00,0.069930
2023-04-22T13:00:00+00:00,0.089000
2023-04-22T14:00:00+00:00,0.090590
2023-04-22T15:00:00+00:00,0.095000
2023-04-22T16:00:00+00:00,0.112970
2023-04-22T17:00:00+00:00,0.131950
2023-04-22T18:00:00+00:00,0.130500
2023-04-22T19:00:00+00:00,0.127000
2023-04-22T20:00:00+00:00,0.121040
2023-04-22T21:00:00+00:00,0.102500
2023-04-22T22:00:00+00:00,0.110870
2023-04-22T23:00:00+00:00,0.097660
2023-04-23T00:00:00+00:00,0.094990
2023-04-23T01:00:00+00:00,0.089400
2023-04-23T02:00:00+00:00,0.086640
2023-04-23T03:00:00+00:00,0.088770
2023-04-23T04:00:00+00:00,0.089900
2023-04-23T05:00:00+00:00,0.093820
2023-04-23T06:00:00+00:00,0.093460
2023-04-23T07:00:00+00:00,0.090380
2023-04-23T08:00:00+00:00,0.079280
2023-04-23T09:00:00+00:00,0.048160
2023-04-23T10:00:00+00:00,0.035480
2023-04-23T11:00:00+00:00,0.010010
2023-04-23T12:00:00+00:00,0.004880
2023-04-23T13:00:00+00:00,0.034710
2023-04-23T14:00:00+00:00,0.064140
2023-04-23T15:00:00+00:00,0.100260
2023-04-23T16:00:00+00:00,0.123810
2023-04-23T17:00:00+00:00,0.140900
2023-04-23T18:00:00+00:00,0.140360
2023-04-23T19:00:00+00:00,0.125020
2023-04-23T20:00:00+00:00,0.116950
2023-04-23T21:00:00+00:00,0.109650
2023-04-23T22:00:00+00:00,0.087700
2023-04-23T23:00:00+00:00,0.083580
2023-04-24T00:00:00+00:00,0.082090
2023-04-24T01:00:00+00:00,0.076400
2023-04-24T02:00:00+00:00,0.075080
2023-04-24T03:00:00+00:00,0.086550
2023-04-24T04:00:00+00:00,0.114600
2023-04-24T05:00:00+00:00,0.133800
2023-04-24T06:00:00+00:00,0.135000
2023-04-24T07:00:00+00:00,0.126920
2023-04-24T08:00:00+00:00,0.110810
2023-04-24T09:00:00+00:00,0.108010
2023-04-24T10:00:00+00:00,0.098070
2023-04-24T11:00:00+00:00,0.094900
2023-04-24T12:00:00+00:00,0.086990
2023-04-24T13:00:00+00:00,0.084900
2023-04-24T14:00:00+00:00,0.086210
2023-04-24T15:00:00+00:00,0.097800
2023-04-24T16:00:00+00:00,0.117410
2023-04-24T17:00:00+00:00,0.134570
2023-04-24T18:00:00+00:00,0.135970
2023-04-24T19:00:00+00:00,0.129060
2023-04-24T20:00:00+00:00,0.110800
2023-04-24T21:00:00+00:00,0.100900
2023-04-24T22:00:00+00:00,0.100000
2023-04-24T23:00:00+00:00,0.098600
2023-04-25T00:00:00+00:00,0.099300
2023-04-25T01:00:00+00:00,0.092120
2023-04-25T02:00:00+00:00,0.091800
2023-04-25T03:00:00+00:00,0.097360
2023-04-25T04:00:00+00:00,0.121600
2023-04-25T05:00:00+00:00,0.134100
2023-04-25T06:00:00+00:00,0.134930
2023-04-25T07:00:00+00:00,0.099100
2023-04-25T08:00:00+00:00,0.075620
2023-04-25T09:00:00+00:00,0.064280
2023-04-25T10:00:00+00:00,0.034900
2023-04-25T11:00:00+00:00,0.024900
2023-04-25T12:00:00+00:00,0.013880
2023-04-25T13:00:00+00:00,0.014240
2023-04-25T14:00:00+00:00,0.050100
2023-04-25T15:00:00+00:00,0.068410
2023-04-25T16:00:00+00:00,0.091960
2023-04-25T17:00:00+00:00,0.127030
2023-04-25T18:00:00+00:00,0.144160
2023-04-25T19:00:00+00:00,0.141980
2023-04-25T20:00:00+00:00,0.135000
2023-04-25T21:00:00+00:00,0.127970
2023-04-25T22:00:00+00:00,0.098500
2023-04-25T23:00:00+00:00,0.090100
2023-04-26T00:00:00+00:00,0.095000
2023-04-26T01:00:00+00:00,0.092490
2023-04-26T02:00:00+00:00,0.093330
2023-04-26T03:00:00+00:00,0.099200
2023-04-26T04:00:00+00:00,0.125160
2023-04-26T05:00:00+00:00,0.139910
2023-04-26T06:00:00+00:00,0.135000
2023-04-26T07:00:00+00:00,0.106000
2023-04-26T08:00:00+00:00,0.098230
2023-04-26T09:00:00+00:00,0.099200
2023-04-26T10:00:00+00:00,0.090030
2023-04-26T11:00:00+00:00,0.094540
2023-04-26T12:00:00+00:00,0.088000
2023-04-26T13:00:00+00:00,0.092850
2023-04-26T14:00:00+00:00,0.098200
2023-04-26T15:00:00+00:00,0.110000
2023-04-26T16:00:00+00:00,0.125080
2023-04-26T17:00:00+00:00,0.148110
2023-04-26T18:00:00+00:00,0.154970
2023-04-26T19:00:00+00:00,0.146030
2023-04-26T20:00:00+00:00,0.124420
2023-04-26T21:00:00+00:00,0.120580
2023-04-26T22:00:00+00:00,0.107120
2023-04-26T23:00:00+00:00,0.100470
2023-04-27T00:00:00+00:00,0.097920
2023-04-27T01:00:00+00:00,0.096400
2023-04-27T02:00:00+00:00,0.097370
2023-04-27T03:00:00+00:00,0.107090
2023-04-27T04:00:00+00:00,0.116860
2023-04-27T05:00:00+00:00,0.142750
2023-04-27T06:00:00+00:00,0.134970
2023-04-27T07:00:00+00:00,0.102750
2023-04-27T08:00:00+00:00,0.090600
2023-04-27T09:00:00+00:00,0.045000
2023-04-27T10:00:00+00:00,0.050100
2023-04-27T11:00:00+00:00,0.050000
2023-04-27T12:00:00+00:00,0.044900
2023-04-27T13:00:00+00:00,0.060000
2023-04-27T14:00:00+00:00,0.079680
2023-04-27T15:00:00+00:00,0.096900
2023-04-27T16:00:00+00:00,0.109270
2023-04-27T17:00:00+00:00,0.113910
2023-04-27T18:00:00+00:00,0.120000
2023-04-27T19:00:00+00:00,0.115000
2023-04-27T20:00:00+00:00,0.103800
2023-04-27T21:00:00+00:00,0.096800
2023-04-27T22:00:00+00:00,0.102030
2023-04-27T23:00:00+00:00,0.092970
2023-04-28T00:00:00+00:00,0.090350
2023-04-28T01:00:00+00:00,0.091780
2023-04-28T02:00:00+00:00,0.092820
2023-04-28T03:00:00+00:00,0.095850
2023-04-28T04:00:00+00:00,0.113250
2023-04-28T05:00:00+00:00,0.123810
2023-04-28T06:00:00+00:00,0.126730
2023-04-28T07:00:00+00:00,0.120630
2023-04-28T08:00:00+00:00,0.113130
2023-04-28T09:00:00+00:00,0.106120
2023-04-28T10:00:00+00:00,0.102000
2023-04-28T11:00:00+00:00,0.093040
2023-04-28T12:00:00+00:00,0.090140
2023-04-28T13:00:00+00:00,0.088260
2023-04-28T14:00:00+00:00,0.090600
2023-04-28T15:00:00+00:00,0.099450
2023-04-28T16:00:00+00:00,0.115420
2023-04-28T17:00:00+00:00,0.120040
2023-04-28T18:00:00+00:00,0.125430
2023-04-28T19:00:00+00:00,0.124340
2023-04-28T20:00:00+00:00,0.116710
2023-04-28T21:00:00+00:00,0.105480
2023-04-28T22:00:00+00:00,0.115590
2023-04-28T23:00:00+00:00,0.108560
2023-04-29T00:00:00+00:00,0.106100
2023-04-29T01:00:00+00:00,0.105000
2023-04-29T02:00:00+00:00,0.101240
2023-04-29T03:00:00+00:00,0.102750
2023-04-29T04:00:00+00:00,0.103240
2023-04-29T05:00:00+00:00,0.109400
2023-04-29T06:00:00+00:00,0.115640
2023-04-29T07:00:00+00:00,0.106610
2023-04-29T08:00:00+00:00,0.103590
2023-04-29T09:00:00+00:00,0.092870
2023-04-29T10:00:00+00:00,0.082230
2023-04-29T11:00:00+00:00,0.075290
2023-04-29T12:00:00+00:00,0.066200
2023-04-29T13:00:00+00:00,0.069050
2023-04-29T14:00:00+00:00,0.080000
2023-04-29T15:00:00+00:00,0.085000
2023-04-29T16:00:00+00:00,0.100100
2023-04-29T17:00:00+00:00,0.118180
2023-04-29T18:00:00+00:00,0.119120
2023-04-29T19:00:00+00:00,0.120000
2023-04-29T20:00:00+00:00,0.115570
2023-04-29T21:00:00+00:00,0.110000
2023-04-29T22:00:00+00:00,0.099280
2023-04-29T23:00:00+00:00,0.091090
2023-04-30T00:00:00+00:00,0.088380
2023-04-30T01:00:00+00:00,0.086800
2023-04-30T02:00:00+00:00,0.086450
2023-04-30T03:00:00+00:00,0.088270
2023-04-30T04:00:00+00:00,0.085840
2023-04-30T05:00:00+00:00,0.082000
2023-04-30T06:00:00+00:00,0.075000
2023-04-30T07:00:00+00:00,0.050000
2023-04-30T08:00:00+00:00,0.027700
2023-04-30T09:00:00+00:00,-0.041110
2023-04-30T10:00:00+00:00,-0.099600
2023-04-30T11:00:00+00:00,-0.059000
2023-04-30T12:00:00+00:00,-0.034900
2023-04-30T13:00:00+00:00,0.000640
2023-04-30T14:00:00+00:00,0.014000
2023-04-30T15:00:00+00:00,0.070570
2023-04-30T16:00:00+00:00,0.105960
2023-04-30T17:00:00+00:00,0.119750
2023-04-30T18:00:00+00:00,0.125010
2023-04-30T19:00:00+00:00,0.122200
2023-04-30T20:00:00+00:00,0.117120
2023-04-30T21:00:00+00:00,0.108710
2023-04-30T22:00:00+00:00,0.109900
2023-04-30T23:00:00+00:00,0.099900
2023-05-01T00:00:00+00:00,0.095490
2023-05-01T01:00:00+00:00,0.092500
2023-05-01T02:00:00+00:00,0.088500
2023-05-01T03:00:00+00:00,0.088000
2023-05-01T04:00:00+00:00,0.087700
2023-05-01T05:00:00+00:00,0.098000
2023-05-01T06:00:00+00:00,0.096180
2023-05-01T07:00:00+00:00,0.101200
2023-05-01T08:00:00+00:00,0.090690
2023-05-01T09:00:00+00:00,0.067990
2023-05-01T10:00:00+00:00,0.054630
2023-05-01T11:00:00+00:00,0.034690
2023-05-01T12:00:00+00:00,0.030000
2023-05-01T13:00:00+00:00,0.041190
2023-05-01T14:00:00+00:00,0.076250
2023-05-01T15:00:00+00:00,0.089950
2023-05-01T16:00:00+00:00,0.113860
2023-05-01T17:00:00+00:00,0.123110
2023-05-01T18:00:00+00:00,0.128220
2023-05-01T19:00:00+00:00,0.121720
2023-05-01T20:00:00+00:00,0.117900
2023-05-01T21:00:00+00:00,0.111040
2023-05-01T22:00:00+00:00,0.098480
2023-05-01T23:00:00+00:00,0.085600
2023-05-02T00:00:00+00:00,0.083300
2023-05-02T01:00:00+00:00,0.080900
2023-05-02T02:00:00+00:00,0.081220
2023-05-02T03:00:00+00:00,0.090390
2023-05-02T04:00:00+00:00,0.111060
2023-05-02T05:00:00+00:00,0.127420
2023-05-02T06:00:00+00:00,0.135150
2023-05-02T07:00:00+00:00,0.122990
2023-05-02T08:00:00+00:00,0.115710
2023-05-02T09:00:00+00:00,0.108960
2023-05-02T10:00:00+00:00,0.098460
2023-05-02T11:00:00+00:00,0.092760
2023-05-02T12:00:00+00:00,0.086320
2023-05-02T13:00:00+00:00,0.081970
2023-05-02T14:00:00+00:00,0.087200
2023-05-02T15:00:00+00:00,0.094430
2023-05-02T16:00:00+00:00,0.117380
2023-05-02T17:00:00+00:00,0.130000
2023-05-02T18:00:00+00:00,0.142860
2023-05-02T19:00:00+00:00,0.133690
2023-05-02T20:00:00+00:00,0.124020
2023-05-02T21:00:00+00:00,0.116130
2023-05-02T22:00:00+00:00,0.107650
2023-05-02T23:00:00+00:00,0.102630
2023-05-03T00:00:00+00:00,0.100970
2023-05-03T01:00:00+00:00,0.097800
2023-05-03T02:00:00+00:00,0.097370
2023-05-03T03:00:00+00:00,0.110090
2023-05-03T04:00:00+00:00,0.123850
2023-05-03T05:00:00+00:00,0.132460
2023-05-03T06:00:00+00:00,0.125100
2023-05-03T07:00:00+00:00,0.110100
2023-05-03T08:00:00+00:00,0.091160
2023-05-03T09:00:00+00:00,0.084160
2023-05-03T10:00:00+00:00,0.077420
2023-05-03T11:00:00+00:00,0.036000
2023-05-03T12:00:00+00:00,0.024300
2023-05-03T13:00:00+00:00,0.050000
2023-05-03T14:00:00+00:00,0.081290
2023-05-03T15:00:00+00:00,0.096920
2023-05-03T16:00:00+00:00,0.104900
2023-05-03T17:00:00+00:00,0.123100
2023-05-03T18:00:00+00:00,0.147730
2023-05-03T19:00:00+00:00,0.128900
2023-05-03T20:00:00+00:00,0.116820
2023-05-03T21:00:00+00:00,0.101590
2023-05-03T22:00:00+00:00,0.099180
2023-05-03T23:00:00+00:00,0.094350
2023-05-04T00:00:00+00:00,0.093000
2023-05-04T01:00:00+00:00,0.093780
2023-05-04T02:00:00+00:00,0.094160
2023-05-04T03:00:00+00:00,0.105330
2023-05-04T04:00:00+00:00,0.109500
2023-05-04T05:00:00+00:00,0.128980
2023-05-04T06:00:00+00:00,0.119900
2023-05-04T07:00:00+00:00,0.104420
2023-05-04T08:00:00+00:00,0.090000
2023-05-04T09:00:00+00:00,0.079600
2023-05-04T10:00:00+00:00,0.070060
2023-05-04T11:00:00+00:00,0.059720
2023-05-04T12:00:00+00:00,0.056690
2023-05-04T13:00:00+00:00,0.057000
2023-05-04T14:00:00+00:00,0.078650
2023-05-04T15:00:00+00:00,0.094290
2023-05-04T16:00:00+00:00,0.111320
2023-05-04T17:00:00+00:00,0.118530
2023-05-04T18:00:00+00:00,0.120490
2023-05-04T19:00:00+00:00,0.114740
2023-05-04T20:00:00+00:00,0.105120
2023-05-04T21:00:00+00:00,0.094360
2023-05-04T22:00:00+00:00,0.091500
2023-05-04T23:00:00+00:00,0.081800
2023-05-05T00:00:00+00:00,0.078490
2023-05-05T01:00:00+00:00,0.079510
2023-05-05T02:00:00+00:00,0.078490
2023-05-05T03:00:00+00:00,0.087520
2023-05-05T04:00:00+00:00,0.101220
2023-05-05T05:00:00+00:00,0.113750
2023-05-05T06:00:00+00:00,0.109010
2023-05-05T07:00:00+00:00,0.090800
2023-05-05T08:00:00+00:00,0.084070
2023-05-05T09:00:00+00:00,0.071700
2023-05-05T10:00:00+00:00,0.072030
2023-05-05T11:00:00+00:00,0.077360
2023-05-05T12:00:00+00:00,0.078900
2023-05-05T13:00:00+00:00,0.081080
2023-05-05T14:00:00+00:00,0.091160
2023-05-05T15:00:00+00:00,0.099870
2023-05-05T16:00:00+00:00,0.112800
2023-05-05T17:00:00+00:00,0.120540
2023-05-05T18:00:00+00:00,0.128760
2023-05-05T19:00:00+00:00,0.126310
2023-05-05T20:00:00+00:00,0.115560
2023-05-05T21:00:00+00:00,0.124050
2023-05-05T22:00:00+00:00,0.106710
2023-05-05T23:00:00+00:00,0.099620
2023-05-06T00:00:00+00:00,0.095710
2023-05-06T01:00:00+00:00,0.091700
2023-05-06T02:00:00+00:00,0.089930
2023-05-06T03:00:00+00:00,0.091700
2023-05-06T04:00:00+00:00,0.097200
2023-05-06T05:00:00+00:00,0.099020
2023-05-06T06:00:00+00:00,0.095130
2023-05-06T07:00:00+00:00,0.093280
2023-05-06T08:00:00+00:00,0.082530
2023-05-06T09:00:00+00:00,0.074420
2023-05-06T10:00:00+00:00,0.070360
2023-05-06T11:00:00+00:00,0.055690
2023-05-06T12:00:00+00:00,0.050000
2023-05-06T13:00:00+00:00,0.063160
2023-05-06T14:00:00+00:00,0.074640
2023-05-06T15:00:00+00:00,0.090300
2023-05-06T16:00:00+00:00,0.102700
2023-05-06T17:00:00+00:00,0.108050
2023-05-06T18:00:00+00:00,0.115360
2023-05-06T19:00:00+00:00,0.108710
2023-05-06T20:00:00+00:00,0.103120
2023-05-06T21:00:00+00:00,0.092380
2023-05-06T22:00:00+00:00,0.123710
2023-05-06T23:00:00+00:00,0.112000
2023-05-07T00:00:00+00:00,0.107610
2023-05-07T01:00:00+00:00,0.086270
2023-05-07T02:00:00+00:00,0.085690
2023-05-07T03:00:00+00:00,0.086850
2023-05-07T04:00:00+00:00,0.090100
2023-05-07T05:00:00+00:00,0.084100
2023-05-07T06:00:00+00:00,0.080290
2023-05-07T07:00:00+00:00,0.078820
2023-05-07T08:00:00+00:00,0.067070
2023-05-07T09:00:00+00:00,0.054360
2023-05-07T10:00:00+00:00,0.052250
2023-05-07T11:00:00+00:00,0.055000
2023-05-07T12:00:00+00:00,0.045000
2023-05-07T13:00:00+00:00,0.040000
2023-05-07T14:00:00+00:00,0.060370
2023-05-07T15:00:00+00:00,0.082340
2023-05-07T16:00:00+00:00,0.098990
2023-05-07T17:00:00+00:00,0.123940
2023-05-07T18:00:00+00:00,0.110100
2023-05-07T19:00:00+00:00,0.120000
2023-05-07T20:00:00+00:00,0.123990
2023-05-07T21:00:00+00:00,0.100000
2023-05-07T22:00:00+00:00,0.118100
2023-05-07T23:00:00+00:00,0.100000
2023-05-08T00:00:00+00:00,0.095590
2023-05-08T01:00:00+00:00,0.085990
2023-05-08T02:00:00+00:00,0.084350
2023-05-08T03:00:00+00:00,0.090910
2023-05-08T04:00:00+00:00,0.103290
2023-05-08T05:00:00+00:00,0.117870
2023-05-08T06:00:00+00:00,0.110970
2023-05-08T07:00:00+00:00,0.100010
2023-05-08T08:00:00+00:00,0.092590
2023-05-08T09:00:00+00:00,0.085850
2023-05-08T10:00:00+00:00,0.080600
2023-05-08T11:00:00+00:00,0.070100
2023-05-08T12:00:00+00:00,0.070630
2023-05-08T13:00:00+00:00,0.078000
2023-05-08T14:00:00+00:00,0.084010
2023-05-08T15:00:00+00:00,0.097050
2023-05-08T16:00:00+00:00,0.109820
2023-05-08T17:00:00+00:00,0.131910
2023-05-08T18:00:00+00:00,0.129370
2023-05-08T19:00:00+00:00,0.121990
2023-05-08T20:00:00+00:00,0.119880
2023-05-08T21:00:00+00:00,0.114000
2023-05-08T22:00:00+00:00,0.095960
2023-05-08T23:00:00+00:00,0.087520
2023-05-09T00:00:00+00:00,0.084600
2023-05-09T01:00:00+00:00,0.084170
2023-05-09T02:00:00+00:00,0.085250
2023-05-09T03:00:00+00:00,0.092450
2023-05-09T04:00:00+00:00,0.111580
2023-05-09T05:00:00+00:00,0.121000
2023-05-09T06:00:00+00:00,0.117880
2023-05-09T07:00:00+00:00,0.113130
2023-05-09T08:00:00+00:00,0.119900
2023-05-09T09:00:00+00:00,0.113340
2023-05-09T10:00:00+00:00,0.131530
2023-05-09T11:00:00+00:00,0.112800
2023-05-09T12:00:00+00:00,0.097800
2023-05-09T13:00:00+00:00,0.081700
2023-05-09T14:00:00+00:00,0.084440
2023-05-09T15:00:00+00:00,0.100060
2023-05-09T16:00:00+00:00,0.116340
2023-05-09T17:00:00+00:00,0.121550
2023-05-09T18:00:00+00:00,0.119840
2023-05-09T19:00:00+00:00,0.111000
2023-05-09T20:00:00+00:00,0.104670
2023-05-09T21:00:00+00:00,0.089930
2023-05-09T22:00:00+00:00,0.094820
2023-05-09T23:00:00+00:00,0.090060
2023-05-10T00:00:00+00:00,0.088380
2023-05-10T01:00:00+00:00,0.086190
2023-05-10T02:00:00+00:00,0.087940
2023-05-10T03:00:00+00:00,0.089590
2023-05-10T04:00:00+00:00,0.106430
2023-05-10T05:00:00+00:00,0.119530
2023-05-10T06:00:00+00:00,0.133050
2023-05-10T07:00:00+00:00,0.110240
2023-05-10T08:00:00+00:00,0.105820
2023-05-10T09:00:00+00:00,0.101060
2023-05-10T10:00:00+00:00,0.097000
2023-05-10T11:00:00+00:00,0.092950
2023-05-10T12:00:00+00:00,0.091760
2023-05-10T13:00:00+00:00,0.094860
2023-05-10T14:00:00+00:00,0.104810
2023-05-10T15:00:00+00:00,0.101200
2023-05-10T16:00:00+00:00,0.120000
2023-05-10T17:00:00+00:00,0.135730
2023-05-10T18:00:00+00:00,0.147420
2023-05-10T19:00:00+00:00,0.134150
2023-05-10T20:00:00+00:00,0.117730
2023-05-10T21:00:00+00:00,0.109900
2023-05-10T22:00:00+00:00,0.100000
2023-05-10T23:00:00+00:00,0.096940
2023-05-11T00:00:00+00:00,0.096000
2023-05-11T01:00:00+00:00,0.095880
2023-05-11T02:00:00+00:00,0.093060
2023-05-11T03:00:00+00:00,0.103180
2023-05-11T04:00:00+00:00,0.110000
2023-05-11T05:00:00+00:00,0.129900
2023-05-11T06:00:00+00:00,0.148000
2023-05-11T07:00:00+00:00,0.134050
2023-05-11T08:00:00+00:00,0.113200
2023-05-11T09:00:00+00:00,0.115030
2023-05-11T10:00:00+00:00,0.104530
2023-05-11T11:00:00+00:00,0.095370
2023-05-11T12:00:00+00:00,0.095710
2023-05-11T13:00:00+00:00,0.085200
2023-05-11T14:00:00+00:00,0.076360
2023-05-11T15:00:00+00:00,0.110320
2023-05-11T16:00:00+00:00,0.123190
2023-05-11T17:00:00+00:00,0.147000
2023-05-11T18:00:00+00:00,0.132800
2023-05-11T19:00:00+00:00,0.118400
2023-05-11T20:00:00+00:00,0.113990
2023-05-11T21:00:00+00:00,0.101660
2023-05-11T22:00:00+00:00,0.098530
2023-05-11T23:00:00+00:00,0.090550
2023-05-12T00:00:00+00:00,0.089840
2023-05-12T01:00:00+00:00,0.090000
2023-05-12T02:00:00+00:00,0.090800
2023-05-12T03:00:00+00:00,0.098680
2023-05-12T04:00:00+00:00,0.108730
2023-05-12T05:00:00+00:00,0.126960
2023-05-12T06:00:00+00:00,0.137540
2023-05-12T07:00:00+00:00,0.113300
2023-05-12T08:00:00+00:00,0.101600
2023-05-12T09:00:00+00:00,0.097580
2023-05-12T10:00:00+00:00,0.074970
2023-05-12T11:00:00+00:00,0.064100
2023-05-12T12:00:00+00:00,0.062510
2023-05-12T13:00:00+00:00,0.069550
2023-05-12T14:00:00+00:00,0.080930
2023-05-12T15:00:00+00:00,0.093690
2023-05-12T16:00:00+00:00,0.106630
2023-05-12T17:00:00+00:00,0.119620
2023-05-12T18:00:00+00:00,0.122120
2023-05-12T19:00:00+00:00,0.115800
2023-05-12T20:00:00+00:00,0.101190
2023-05-12T21:00:00+00:00,0.097820
2023-05-12T22:00:00+00:00,0.104910
2023-05-12T23:00:00+00:00,0.098290
2023-05-13T00:00:00+00:00,0.094840
2023-05-13T01:00:00+00:00,0.096140
2023-05-13T02:00:00+00:00,0.096540
2023-05-13T03:00:00+00:00,0.097830
2023-05-13T04:00:00+00:00,0.094900
2023-05-13T05:00:00+00:00,0.090790
2023-05-13T06:00:00+00:00,0.094470
2023-05-13T07:00:00+00:00,0.089080
2023-05-13T08:00:00+00:00,0.065000
2023-05-13T09:00:00+00:00,0.000000
2023-05-13T10:00:00+00:00,-0.048990
2023-05-13T11:00:00+00:00,-0.099930
2023-05-13T12:00:00+00:00,-0.040000
2023-05-13T13:00:00+00:00,-0.002260
2023-05-13T14:00:00+00:00,0.027720
2023-05-13T15:00:00+00:00,0.074530
2023-05-13T16:00:00+00:00,0.083700
2023-05-13T17:00:00+00:00,0.109430
2023-05-13T18:00:00+00:00,0.118600
2023-05-13T19:00:00+00:00,0.113480
2023-05-13T20:00:00+00:00,0.109960
2023-05-13T21:00:00+00:00,0.104970
2023-05-13T22:00:00+00:00,0.102370
2023-05-13T23:00:00+00:00,0.098180
2023-05-14T00:00:00+00:00,0.094300
2023-05-14T01:00:00+00:00,0.085370
2023-05-14T02:00:00+00:00,0.086420
2023-05-14T03:00:00+00:00,0.093220
2023-05-14T04:00:00+00:00,0.081330
2023-05-14T05:00:00+00:00,0.073870
2023-05-14T06:00:00+00:00,0.075690
2023-05-14T07:00:00+00:00,0.054900
2023-05-14T08:00:00+00:00,0.025090
2023-05-14T09:00:00+00:00,0.013890
2023-05-14T10:00:00+00:00,0.009700
2023-05-14T11:00:00+00:00,0.001850
2023-05-14T12:00:00+00:00,0.000160
2023-05-14T13:00:00+00:00,0.001780
2023-05-14T14:00:00+00:00,0.028660
2023-05-14T15:00:00+00:00,0.081000
2023-05-14T16:00:00+00:00,0.101180
2023-05-14T17:00:00+00:00,0.116000
2023-05-14T18:00:00+00:00,0.126620
2023-05-14T19:00:00+00:00,0.127990
2023-05-14T20:00:00+00:00,0.119140
2023-05-14T21:00:00+00:00,0.107580
2023-05-14T22:00:00+00:00,0.117150
2023-05-14T23:00:00+00:00,0.105750
2023-05-15T00:00:00+00:00,0.101380
2023-05-15T01:00:00+00:00,0.105250
2023-05-15T02:00:00+00:00,0.104120
2023-05-15T03:00:00+00:00,0.119920
2023-05-15T04:00:00+00:00,0.109900
2023-05-15T05:00:00+00:00,0.142860
2023-05-15T06:00:00+00:00,0.139940
2023-05-15T07:00:00+00:00,0.123700
2023-05-15T08:00:00+00:00,0.100280
2023-05-15T09:00:00+00:00,0.094040
2023-05-15T10:00:00+00:00,0.089030
2023-05-15T11:00:00+00:00,0.090210
2023-05-15T12:00:00+00:00,0.088550
2023-05-15T13:00:00+00:00,0.087660
2023-05-15T14:00:00+00:00,0.087950
2023-05-15T15:00:00+00:00,0.090100
2023-05-15T16:00:00+00:00,0.090000
2023-05-15T17:00:00+00:00,0.109930
2023-05-15T18:00:00+00:00,0.129200
2023-05-15T19:00:00+00:00,0.122320
2023-05-15T20:00:00+00:00,0.109900
2023-05-15T21:00:00+00:00,0.093890
2023-05-15T22:00:00+00:00,0.078960
2023-05-15T23:00:00+00:00,0.073100
2023-05-16T00:00:00+00:00,0.070010
2023-05-16T01:00:00+00:00,0.063560
2023-05-16T02:00:00+00:00,0.065900
2023-05-16T03:00:00+00:00,0.074160
2023-05-16T04:00:00+00:00,0.098180
2023-05-16T05:00:00+00:00,0.114970
2023-05-16T06:00:00+00:00,0.119540
2023-05-16T07:00:00+00:00,0.096200
2023-05-16T08:00:00+00:00,0.081900
2023-05-16T09:00:00+00:00,0.070770
2023-05-16T10:00:00+00:00,0.040660
2023-05-16T11:00:00+00:00,0.039070
2023-05-16T12:00:00+00:00,0.014940
2023-05-16T13:00:00+00:00,0.011050
2023-05-16T14:00:00+00:00,0.042780
2023-05-16T15:00:00+00:00,0.072460
2023-05-16T16:00:00+00:00,0.087190
2023-05-16T17:00:00+00:00,0.104910
2023-05-16T18:00:00+00:00,0.117640
2023-05-16T19:00:00+00:00,0.120050
2023-05-16T20:00:00+00:00,0.113000
2023-05-16T21:00:00+00:00,0.097230
2023-05-16T22:00:00+00:00,0.094900
2023-05-16T23:00:00+00:00,0.083600
2023-05-17T00:00:00+00:00,0.078780
2023-05-17T01:00:00+00:00,0.070000
2023-05-17T02:00:00+00:00,0.072520
2023-05-17T03:00:00+00:00,0.079830
2023-05-17T04:00:00+00:00,0.105190
2023-05-17T05:00:00+00:00,0.113370
2023-05-17T06:00:00+00:00,0.105550
2023-05-17T07:00:00+00:00,0.083050
2023-05-17T08:00:00+00:00,0.072330
2023-05-17T09:00:00+00:00,0.040000
2023-05-17T10:00:00+00:00,0.000000
2023-05-17T11:00:00+00:00,0.000000
2023-05-17T12:00:00+00:00,-0.003910
2023-05-17T13:00:00+00:00,0.006010
2023-05-17T14:00:00+00:00,0.034670
2023-05-17T15:00:00+00:00,0.079090
2023-05-17T16:00:00+00:00,0.101590
2023-05-17T17:00:00+00:00,0.109900
2023-05-17T18:00:00+00:00,0.132910
2023-05-17T19:00:00+00:00,0.128150
2023-05-17T20:00:00+00:00,0.111000
2023-05-17T21:00:00+00:00,0.102490
2023-05-17T22:00:00+00:00,0.100590
2023-05-17T23:00:00+00:00,0.094900
2023-05-18T00:00:00+00:00,0.089240
2023-05-18T01:00:00+00:00,0.088920
2023-05-18T02:00:00+00:00,0.094380
2023-05-18T03:00:00+00:00,0.098400
2023-05-18T04:00:00+00:00,0.098380
2023-05-18T05:00:00+00:00,0.094900
2023-05-18T06:00:00+00:00,0.090480
2023-05-18T07:00:00+00:00,0.081450
2023-05-18T08:00:00+00:00,0.072640
2023-05-18T09:00:00+00:00,0.065030
2023-05-18T10:00:00+00:00,0.062870
2023-05-18T11:00:00+00:00,0.043520
2023-05-18T12:00:00+00:00,0.029410
2023-05-18T13:00:00+00:00,0.043080
2023-05-18T14:00:00+00:00,0.071560
2023-05-18T15:00:00+00:00,0.084550
2023-05-18T16:00:00+00:00,0.102660
2023-05-18T17:00:00+00:00,0.115440
2023-05-18T18:00:00+00:00,0.125810
2023-05-18T19:00:00+00:00,0.116890
2023-05-18T20:00:00+00:00,0.109610
2023-05-18T21:00:00+00:00,0.098760
2023-05-18T22:00:00+00:00,0.093020
2023-05-18T23:00:00+00:00,0.083200
2023-05-19T00:00:00+00:00,0.080230
2023-05-19T01:00:00+00:00,0.077030
2023-05-19T02:00:00+00:00,0.083200
2023-05-19T03:00:00+00:00,0.097920
2023-05-19T04:00:00+00:00,0.107750
2023-05-19T05:00:00+00:00,0.109320
2023-05-19T06:00:00+00:00,0.106000
2023-05-19T07:00:00+00:00,0.093290
2023-05-19T08:00:00+00:00,0.069430
2023-05-19T09:00:00+00:00,0.059200
2023-05-19T10:00:00+00:00,0.057170
2023-05-19T11:00:00+00:00,0.057790
2023-05-19T12:00:00+00:00,0.057930
2023-05-19T13:00:00+00:00,0.063620
2023-05-19T14:00:00+00:00,0.070120
2023-05-19T15:00:00+00:00,0.085300
2023-05-19T16:00:00+00:00,0.100950
2023-05-19T17:00:00+00:00,0.114210
2023-05-19T18:00:00+00:00,0.114510
2023-05-19T19:00:00+00:00,0.104220
2023-05-19T20:00:00+00:00,0.099790
2023-05-19T21:00:00+00:00,0.085780
2023-05-19T22:00:00+00:00,0.078740
2023-05-19T23:00:00+00:00,0.074000
2023-05-20T00:00:00+00:00,0.068070
2023-05-20T01:00:00+00:00,0.065330
2023-05-20T02:00:00+00:00,0.064650
2023-05-20T03:00:00+00:00,0.064900
2023-05-20T04:00:00+00:00,0.062080
2023-05-20T05:00:00+00:00,0.062460
2023-05-20T06:00:00+00:00,0.059760
2023-05-20T07:00:00+00:00,0.040040
2023-05-20T08:00:00+00:00,0.001940
2023-05-20T09:00:00+00:00,-0.003910
2023-05-20T10:00:00+00:00,-0.012830
2023-05-20T11:00:00+00:00,-0.009440
2023-05-20T12:00:00+00:00,-0.000170
2023-05-20T13:00:00+00:00,0.000000
2023-05-20T14:00:00+00:00,0.001320
2023-05-20T15:00:00+00:00,0.025940
2023-05-20T16:00:00+00:00,0.053680
2023-05-20T17:00:00+00:00,0.078440
2023-05-20T18:00:00+00:00,0.087690
2023-05-20T19:00:00+00:00,0.081060
2023-05-20T20:00:00+00:00,0.078600
2023-05-20T21:00:00+00:00,0.073020
2023-05-20T22:00:00+00:00,0.052200
2023-05-20T23:00:00+00:00,0.040040
2023-05-21T00:00:00+00:00,0.033880
2023-05-21T01:00:00+00:00,0.028770
2023-05-21T02:00:00+00:00,0.029960
2023-05-21T03:00:00+00:00,0.028250
2023-05-21T04:00:00+00:00,0.030790
2023-05-21T05:00:00+00:00,0.027550
2023-05-21T06:00:00+00:00,0.020000
2023-05-21T07:00:00+00:00,0.002140
2023-05-21T08:00:00+00:00,0.000000
2023-05-21T09:00:00+00:00,-0.003900
2023-05-21T10:00:00+00:00,-0.076000
2023-05-21T11:00:00+00:00,-0.050000
2023-05-21T12:00:00+00:00,-0.058320
2023-05-21T13:00:00+00:00,-0.025670
2023-05-21T14:00:00+00:00,-0.000410
2023-05-21T15:00:00+00:00,0.002220
2023-05-21T16:00:00+00:00,0.041340
2023-05-21T17:00:00+00:00,0.085490
2023-05-21T18:00:00+00:00,0.090870
2023-05-21T19:00:00+00:00,0.091000
2023-05-21T20:00:00+00:00,0.089940
2023-05-21T21:00:00+00:00,0.083500
2023-05-21T22:00:00+00:00,0.088290
2023-05-21T23:00:00+00:00,0.080060
2023-05-22T00:00:00+00:00,0.078310
2023-05-22T01:00:00+00:00,0.077800
2023-05-22T02:00:00+00:00,0.081000
2023-05-22T03:00:00+00:00,0.097880
2023-05-22T04:00:00+00:00,0.110260
2023-05-22T05:00:00+00:00,0.118310
2023-05-22T06:00:00+00:00,0.113420
2023-05-22T07:00:00+00:00,0.102310
2023-05-22T08:00:00+00:00,0.086970
2023-05-22T09:00:00+00:00,0.074240
2023-05-22T10:00:00+00:00,0.057330
2023-05-22T11:00:00+00:00,0.055970
2023-05-22T12:00:00+00:00,0.067600
2023-05-22T13:00:00+00:00,0.068250
2023-05-22T14:00:00+00:00,0.070800
2023-05-22T15:00:00+00:00,0.078700
2023-05-22T16:00:00+00:00,0.090000
2023-05-22T17:00:00+00:00,0.105420
2023-05-22T18:00:00+00:00,0.119000
2023-05-22T19:00:00+00:00,0.112800
2023-05-22T20:00:00+00:00,0.104240
2023-05-22T21:00:00+00:00,0.084480
2023-05-22T22:00:00+00:00,0.091140
2023-05-22T23:00:00+00:00,0.077660
2023-05-23T00:00:00+00:00,0.076020
2023-05-23T01:00:00+00:00,0.068320
2023-05-23T02:00:00+00:00,0.066970
2023-05-23T03:00:00+00:00,0.075780
2023-05-23T04:00:00+00:00,0.097500
2023-05-23T05:00:00+00:00,0.104140
2023-05-23T06:00:00+00:00,0.101000
2023-05-23T07:00:00+00:00,0.090000
2023-05-23T08:00:00+00:00,0.061600
2023-05-23T09:00:00+00:00,0.025000
2023-05-23T10:00:00+00:00,0.007100
2023-05-23T11:00:00+00:00,-0.010040
2023-05-23T12:00:00+00:00,-0.020000
2023-05-23T13:00:00+00:00,-0.015080
2023-05-23T14:00:00+00:00,-0.010000
2023-05-23T15:00:00+00:00,0.056540
2023-05-23T16:00:00+00:00,0.071800
2023-05-23T17:00:00+00:00,0.095880
2023-05-23T18:00:00+00:00,0.101580
2023-05-23T19:00:00+00:00,0.103200
2023-05-23T20:00:00+00:00,0.100210
2023-05-23T21:00:00+00:00,0.093780
2023-05-23T22:00:00+00:00,0.083000
2023-05-23T23:00:00+00:00,0.076090
2023-05-24T00:00:00+00:00,0.075130
2023-05-24T01:00:00+00:00,0.076020
2023-05-24T02:00:00+00:00,0.076440
2023-05-24T03:00:00+00:00,0.085530
2023-05-24T04:00:00+00:00,0.105580
2023-05-24T05:00:00+00:00,0.121470
2023-05-24T06:00:00+00:00,0.109660
2023-05-24T07:00:00+00:00,0.097700
2023-05-24T08:00:00+00:00,0.085920
2023-05-24T09:00:00+00:00,0.081000
2023-05-24T10:00:00+00:00,0.080580
2023-05-24T11:00:00+00:00,0.071080
2023-05-24T12:00:00+00:00,0.075210
2023-05-24T13:00:00+00:00,0.067600
2023-05-24T14:00:00+00:00,0.080000
2023-05-24T15:00:00+00:00,0.078970
2023-05-24T16:00:00+00:00,0.109970
2023-05-24T17:00:00+00:00,0.136000
2023-05-24T18:00:00+00:00,0.142000
2023-05-24T19:00:00+00:00,0.148400
2023-05-24T20:00:00+00:00,0.114640
2023-05-24T21:00:00+00:00,0.102960
2023-05-24T22:00:00+00:00,0.102100
2023-05-24T23:00:00+00:00,0.089780
2023-05-25T00:00:00+00:00,0.082000
2023-05-25T01:00:00+00:00,0.087270
2023-05-25T02:00:00+00:00,0.076800
2023-05-25T03:00:00+00:00,0.080100
2023-05-25T04:00:00+00:00,0.101200
2023-05-25T05:00:00+00:00,0.119490
2023-05-25T06:00:00+00:00,0.104000
2023-05-25T07:00:00+00:00,0.083350
2023-05-25T08:00:00+00:00,0.070850
2023-05-25T09:00:00+00:00,0.045000
2023-05-25T10:00:00+00:00,0.032760
2023-05-25T11:00:00+00:00,0.013000
2023-05-25T12:00:00+00:00,-0.003910
2023-05-25T13:00:00+00:00,-0.000130
2023-05-25T14:00:00+00:00,-0.003900
2023-05-25T15:00:00+00:00,0.054900
2023-05-25T16:00:00+00:00,0.084920
2023-05-25T17:00:00+00:00,0.107110
2023-05-25T18:00:00+00:00,0.121710
2023-05-25T19:00:00+00:00,0.107130
2023-05-25T20:00:00+00:00,0.100470
2023-05-25T21:00:00+00:00,0.090940
2023-05-25T22:00:00+00:00,0.088110
2023-05-25T23:00:00+00:00,0.076400
2023-05-26T00:00:00+00:00,0.074530
2023-05-26T01:00:00+00:00,0.074000
2023-05-26T02:00:00+00:00,0.077690
2023-05-26T03:00:00+00:00,0.087440
2023-05-26T04:00:00+00:00,0.102420
2023-05-26T05:00:00+00:00,0.103060
2023-05-26T06:00:00+00:00,0.095000
2023-05-26T07:00:00+00:00,0.074900
2023-05-26T08:00:00+00:00,0.038540
2023-05-26T09:00:00+00:00,0.004020
2023-05-26T10:00:00+00:00,-0.003910
2023-05-26T11:00:00+00:00,-0.025340
2023-05-26T12:00:00+00:00,-0.019900
2023-05-26T13:00:00+00:00,-0.010010
2023-05-26T14:00:00+00:00,-0.003900
2023-05-26T15:00:00+00:00,0.044900
2023-05-26T16:00:00+00:00,0.080900
2023-05-26T17:00:00+00:00,0.080490
2023-05-26T18:00:00+00:00,0.113980
2023-05-26T19:00:00+00:00,0.109460
2023-05-26T20:00:00+00:00,0.099500
2023-05-26T21:00:00+00:00,0.092500
2023-05-26T22:00:00+00:00,0.089720
2023-05-26T23:00:00+00:00,0.083510
2023-05-27T00:00:00+00:00,0.084730
2023-05-27T01:00:00+00:00,0.086000
2023-05-27T02:00:00+00:00,0.089820
2023-05-27T03:00:00+00:00,0.088620
2023-05-27T04:00:00+00:00,0.082700
2023-05-27T05:00:00+00:00,0.082990
2023-05-27T06:00:00+00:00,0.072610
2023-05-27T07:00:00+00:00,0.055060
2023-05-27T08:00:00+00:00,0.016370
2023-05-27T09:00:00+00:00,0.001450
2023-05-27T10:00:00+00:00,0.000000
2023-05-27T11:00:00+00:00,-0.013160
2023-05-27T12:00:00+00:00,-0.026360
2023-05-27T13:00:00+00:00,-0.200000
2023-05-27T14:00:00+00:00,0.002260
2023-05-27T15:00:00+00:00,0.055080
2023-05-27T16:00:00+00:00,0.084850
2023-05-27T17:00:00+00:00,0.090670
2023-05-27T18:00:00+00:00,0.104970
2023-05-27T19:00:00+00:00,0.112450
2023-05-27T20:00:00+00:00,0.099960
2023-05-27T21:00:00+00:00,0.094710
2023-05-27T22:00:00+00:00,0.087090
2023-05-27T23:00:00+00:00,0.084000
2023-05-28T00:00:00+00:00,0.081920
2023-05-28T01:00:00+00:00,0.077870
2023-05-28T02:00:00+00:00,0.077860
2023-05-28T03:00:00+00:00,0.076470
2023-05-28T04:00:00+00:00,0.071820
2023-05-28T05:00:00+00:00,0.064970
2023-05-28T06:00:00+00:00,0.037700
2023-05-28T07:00:00+00:00,0.000000
2023-05-28T08:00:00+00:00,-0.004890
2023-05-28T09:00:00+00:00,-0.027870
2023-05-28T10:00:00+00:00,-0.101600
2023-05-28T11:00:00+00:00,-0.235960
2023-05-28T12:00:00+00:00,-0.400000
2023-05-28T13:00:00+00:00,-0.162550
2023-05-28T14:00:00+00:00,-0.023510
2023-05-28T15:00:00+00:00,-0.000060
2023-05-28T16:00:00+00:00,0.050000
2023-05-28T17:00:00+00:00,0.072900
2023-05-28T18:00:00+00:00,0.080290
2023-05-28T19:00:00+00:00,0.078010
2023-05-28T20:00:00+00:00,0.073890
2023-05-28T21:00:00+00:00,0.069500
2023-05-28T22:00:00+00:00,0.059230
2023-05-28T23:00:00+00:00,0.053900
2023-05-29T00:00:00+00:00,0.051820
2023-05-29T01:00:00+00:00,0.048190
2023-05-29T02:00:00+00:00,0.053400
2023-05-29T03:00:00+00:00,0.062040
2023-05-29T04:00:00+00:00,0.066300
2023-05-29T05:00:00+00:00,0.058710
2023-05-29T06:00:00+00:00,0.029920
2023-05-29T07:00:00+00:00,0.000000
2023-05-29T08:00:00+00:00,-0.002110
2023-05-29T09:00:00+00:00,-0.040000
2023-05-29T10:00:00+00:00,-0.097120
2023-05-29T11:00:00+00:00,-0.161700
2023-05-29T12:00:00+00:00,-0.185860
2023-05-29T13:00:00+00:00,-0.110000
2023-05-29T14:00:00+00:00,-0.019970
2023-05-29T15:00:00+00:00,-0.009790
2023-05-29T16:00:00+00:00,0.017260
2023-05-29T17:00:00+00:00,0.072510
2023-05-29T18:00:00+00:00,0.084410
2023-05-29T19:00:00+00:00,0.085590
2023-05-29T20:00:00+00:00,0.080650
2023-05-29T21:00:00+00:00,0.074200
2023-05-29T22:00:00+00:00,0.075020
2023-05-29T23:00:00+00:00,0.071050
2023-05-30T00:00:00+00:00,0.068900
2023-05-30T01:00:00+00:00,0.068290
2023-05-30T02:00:00+00:00,0.074100
2023-05-30T03:00:00+00:00,0.084140
2023-05-30T04:00:00+00:00,0.095190
2023-05-30T05:00:00+00:00,0.115670
2023-05-30T06:00:00+00:00,0.108640
2023-05-30T07:00:00+00:00,0.090060
2023-05-30T08:00:00+00:00,0.082370
2023-05-30T09:00:00+00:00,0.070300
2023-05-30T10:00:00+00:00,0.064700
2023-05-30T11:00:00+00:00,0.057580
2023-05-30T12:00:00+00:00,0.056570
2023-05-30T13:00:00+00:00,0.061430
2023-05-30T14:00:00+00:00,0.069290
2023-05-30T15:00:00+00:00,0.087350
2023-05-30T16:00:00+00:00,0.089350
2023-05-30T17:00:00+00:00,0.122660
2023-05-30T18:00:00+00:00,0.132100
2023-05-30T19:00:00+00:00,0.094550
2023-05-30T20:00:00+00:00,0.097170
2023-05-30T21:00:00+00:00,0.089650
2023-05-30T22:00:00+00:00,0.085920
2023-05-30T23:00:00+00:00,0.081360
2023-05-31T00:00:00+00:00,0.074200
2023-05-31T01:00:00+00:00,0.078090
2023-05-31T02:00:00+00:00,0.082240
2023-05-31T03:00:00+00:00,0.088920
2023-05-31T04:00:00+00:00,0.083980
2023-05-31T05:00:00+00:00,0.105500
2023-05-31T06:00:00+00:00,0.075030
2023-05-31T07:00:00+00:00,0.086410
2023-05-31T08:00:00+00:00,0.066920
2023-05-31T09:00:00+00:00,0.046500
2023-05-31T10:00:00+00:00,0.005480
2023-05-31T11:00:00+00:00,-0.003890
2023-05-31T12:00:00+00:00,-0.001270
2023-05-31T13:00:00+00:00,-0.000770
2023-05-31T14:00:00+00:00,0.020200
2023-05-31T15:00:00+00:00,0.051870
2023-05-31T16:00:00+00:00,0.074900
2023-05-31T17:00:00+00:00,0.087000
2023-05-31T18:00:00+00:00,0.105500
2023-05-31T19:00:00+00:00,0.103080
2023-05-31T20:00:00+00:00,0.094290
2023-05-31T21:00:00+00:00,0.081900
2023-05-31T22:00:00+00:00,0.084150
2023-05-31T23:00:00+00:00,0.074300
2023-06-01T00:00:00+00:00,0.070100
2023-06-01T01:00:00+00:00,0.066510
2023-06-01T02:00:00+00:00,0.067660
2023-06-01T03:00:00+00:00,0.079800
2023-06-01T04:00:00+00:00,0.095890
2023-06-01T05:00:00+00:00,0.104450
2023-06-01T06:00:00+00:00,0.099070
2023-06-01T07:00:00+00:00,0.087300
2023-06-01T08:00:00+00:00,0.068190
2023-06-01T09:00:00+00:00,0.059920
2023-06-01T10:00:00+00:00,0.035400
2023-06-01T11:00:00+00:00,0.009340
2023-06-01T12:00:00+00:00,0.002970
2023-06-01T13:00:00+00:00,0.000100
2023-06-01T14:00:00+00:00,0.055600
2023-06-01T15:00:00+00:00,0.071990
2023-06-01T16:00:00+00:00,0.076100
2023-06-01T17:00:00+00:00,0.087940
2023-06-01T18:00:00+00:00,0.114200
2023-06-01T19:00:00+00:00,0.103430
2023-06-01T20:00:00+00:00,0.095410
2023-06-01T21:00:00+00:00,0.086530
2023-06-01T22:00:00+00:00,0.083590
2023-06-01T23:00:00+00:00,0.079400
2023-06-02T00:00:00+00:00,0.079500
2023-06-02T01:00:00+00:00,0.076620
2023-06-02T02:00:00+00:00,0.080100
2023-06-02T03:00:00+00:00,0.088740
2023-06-02T04:00:00+00:00,0.101500
2023-06-02T05:00:00+00:00,0.103340
2023-06-02T06:00:00+00:00,0.095900
2023-06-02T07:00:00+00:00,0.084370
2023-06-02T08:00:00+00:00,0.072090
2023-06-02T09:00:00+00:00,0.063150
2023-06-02T10:00:00+00:00,0.056060
2023-06-02T11:00:00+00:00,0.042610
2023-06-02T12:00:00+00:00,0.036820
2023-06-02T13:00:00+00:00,0.044900
2023-06-02T14:00:00+00:00,0.058270
2023-06-02T15:00:00+00:00,0.076620
2023-06-02T16:00:00+00:00,0.085200
2023-06-02T17:00:00+00:00,0.098700
2023-06-02T18:00:00+00:00,0.107740
2023-06-02T19:00:00+00:00,0.101090
2023-06-02T20:00:00+00:00,0.092560
2023-06-02T21:00:00+00:00,0.085060
2023-06-02T22:00:00+00:00,0.084950
2023-06-02T23:00:00+00:00,0.080300
2023-06-03T00:00:00+00:00,0.077790
2023-06-03T01:00:00+00:00,0.075200
2023-06-03T02:00:00+00:00,0.080350
2023-06-03T03:00:00+00:00,0.078510
2023-06-03T04:00:00+00:00,0.077640
2023-06-03T05:00:00+00:00,0.073630
2023-06-03T06:00:00+00:00,0.070000
2023-06-03T07:00:00+00:00,0.059970
2023-06-03T08:00:00+00:00,0.027360
2023-06-03T09:00:00+00:00,0.005000
2023-06-03T10:00:00+00:00,-0.000010
2023-06-03T11:00:00+00:00,-0.010000
2023-06-03T12:00:00+00:00,-0.010050
2023-06-03T13:00:00+00:00,-0.003800
2023-06-03T14:00:00+00:00,0.000010
2023-06-03T15:00:00+00:00,0.045660
2023-06-03T16:00:00+00:00,0.075000
2023-06-03T17:00:00+00:00,0.083480
2023-06-03T18:00:00+00:00,0.094080
2023-06-03T19:00:00+00:00,0.093680
2023-06-03T20:00:00+00:00,0.087230
2023-06-03T21:00:00+00:00,0.081170
2023-06-03T22:00:00+00:00,0.081120
2023-06-03T23:00:00+00:00,0.074900
2023-06-04T00:00:00+00:00,0.072510
2023-06-04T01:00:00+00:00,0.071610
2023-06-04T02:00:00+00:00,0.073000
2023-06-04T03:00:00+00:00,0.072110
2023-06-04T04:00:00+00:00,0.068970
2023-06-04T05:00:00+00:00,0.064770
2023-06-04T06:00:00+00:00,0.050810
2023-06-04T07:00:00+00:00,0.021930
2023-06-04T08:00:00+00:00,0.005110
2023-06-04T09:00:00+00:00,0.000000
2023-06-04T10:00:00+00:00,-0.014430
2023-06-04T11:00:00+00:00,-0.081540
2023-06-04T12:00:00+00:00,-0.040230
2023-06-04T13:00:00+00:00,-0.025000
2023-06-04T14:00:00+00:00,0.000000
2023-06-04T15:00:00+00:00,0.034500
2023-06-04T16:00:00+00:00,0.078210
2023-06-04T17:00:00+00:00,0.082000
2023-06-04T18:00:00+00:00,0.094000
2023-06-04T19:00:00+00:00,0.100000
2023-06-04T20:00:00+00:00,0.097660
2023-06-04T21:00:00+00:00,0.086980
2023-06-04T22:00:00+00:00,0.078710
2023-06-04T23:00:00+00:00,0.071100
2023-06-05T00:00:00+00:00,0.070070
2023-06-05T01:00:00+00:00,0.071030
2023-06-05T02:00:00+00:00,0.074070
2023-06-05T03:00:00+00:00,0.077000
2023-06-05T04:00:00+00:00,0.084900
2023-06-05T05:00:00+00:00,0.097910
2023-06-05T06:00:00+00:00,0.099950
2023-06-05T07:00:00+00:00,0.083550
2023-06-05T08:00:00+00:00,0.075000
2023-06-05T09:00:00+00:00,0.070080
2023-06-05T10:00:00+00:00,0.068350
2023-06-05T11:00:00+00:00,0.061750
2023-06-05T12:00:00+00:00,0.062000
2023-06-05T13:00:00+00:00,0.064000
2023-06-05T14:00:00+00:00,0.065300
2023-06-05T15:00:00+00:00,0.081710
2023-06-05T16:00:00+00:00,0.076120
2023-06-05T17:00:00+00:00,0.084900
2023-06-05T18:00:00+00:00,0.119000
2023-06-05T19:00:00+00:00,0.120500
2023-06-05T20:00:00+00:00,0.101020
2023-06-05T21:00:00+00:00,0.088000
2023-06-05T22:00:00+00:00,0.080230
2023-06-05T23:00:00+00:00,0.079120
2023-06-06T00:00:00+00:00,0.078620
2023-06-06T01:00:00+00:00,0.081000
2023-06-06T02:00:00+00:00,0.065000
2023-06-06T03:00:00+00:00,0.079340
2023-06-06T04:00:00+00:00,0.072600
2023-06-06T05:00:00+00:00,0.108700
2023-06-06T06:00:00+00:00,0.111800
2023-06-06T07:00:00+00:00,0.094900
2023-06-06T08:00:00+00:00,0.084380
2023-06-06T09:00:00+00:00,0.082050
2023-06-06T10:00:00+00:00,0.074360
2023-06-06T11:00:00+00:00,0.043100
2023-06-06T12:00:00+00:00,0.064570
2023-06-06T13:00:00+00:00,0.049870
2023-06-06T14:00:00+00:00,0.061840
2023-06-06T15:00:00+00:00,0.079830
2023-06-06T16:00:00+00:00,0.091970
2023-06-06T17:00:00+00:00,0.078240
2023-06-06T18:00:00+00:00,0.084900
2023-06-06T19:00:00+00:00,0.114410
2023-06-06T20:00:00+00:00,0.098970
2023-06-06T21:00:00+00:00,0.089990
2023-06-06T22:00:00+00:00,0.089660
2023-06-06T23:00:00+00:00,0.078360
2023-06-07T00:00:00+00:00,0.072400
2023-06-07T01:00:00+00:00,0.088760
2023-06-07T02:00:00+00:00,0.079860
2023-06-07T03:00:00+00:00,0.080190
2023-06-07T04:00:00+00:00,0.076000
2023-06-07T05:00:00+00:00,0.097200
2023-06-07T06:00:00+00:00,0.111250
2023-06-07T07:00:00+00:00,0.094220
2023-06-07T08:00:00+00:00,0.091600
2023-06-07T09:00:00+00:00,0.085690
2023-06-07T10:00:00+00:00,0.079950
2023-06-07T11:00:00+00:00,0.070300
2023-06-07T12:00:00+00:00,0.073200
2023-06-07T13:00:00+00:00,0.072260
2023-06-07T14:00:00+00:00,0.078800
2023-06-07T15:00:00+00:00,0.075700
2023-06-07T16:00:00+00:00,0.097000
2023-06-07T17:00:00+00:00,0.099930
2023-06-07T18:00:00+00:00,0.117800
2023-06-07T19:00:00+00:00,0.112300
2023-06-07T20:00:00+00:00,0.104890
2023-06-07T21:00:00+00:00,0.094900
2023-06-07T22:00:00+00:00,0.093930
2023-06-07T23:00:00+00:00,0.089260
2023-06-08T00:00:00+00:00,0.082000
2023-06-08T01:00:00+00:00,0.072920
2023-06-08T02:00:00+00:00,0.070980
2023-06-08T03:00:00+00:00,0.080940
2023-06-08T04:00:00+00:00,0.083560
2023-06-08T05:00:00+00:00,0.090900
2023-06-08T06:00:00+00:00,0.091400
2023-06-08T07:00:00+00:00,0.083770
2023-06-08T08:00:00+00:00,0.074640
2023-06-08T09:00:00+00:00,0.068500
2023-06-08T10:00:00+00:00,0.064220
2023-06-08T11:00:00+00:00,0.063300
2023-06-08T12:00:00+00:00,0.064060
2023-06-08T13:00:00+00:00,0.067930
2023-06-08T14:00:00+00:00,0.071170
2023-06-08T15:00:00+00:00,0.076100
2023-06-08T16:00:00+00:00,0.085650
2023-06-08T17:00:00+00:00,0.099940
2023-06-08T18:00:00+00:00,0.113820
2023-06-08T19:00:00+00:00,0.105020
2023-06-08T20:00:00+00:00,0.096580
2023-06-08T21:00:00+00:00,0.091000
2023-06-08T22:00:00+00:00,0.095000
2023-06-08T23:00:00+00:00,0.089700
2023-06-09T00:00:00+00:00,0.079730
2023-06-09T01:00:00+00:00,0.076000
2023-06-09T02:00:00+00:00,0.076260
2023-06-09T03:00:00+00:00,0.088660
2023-06-09T04:00:00+00:00,0.099750
2023-06-09T05:00:00+00:00,0.103970
2023-06-09T06:00:00+00:00,0.103940
2023-06-09T07:00:00+00:00,0.091390
2023-06-09T08:00:00+00:00,0.082260
2023-06-09T09:00:00+00:00,0.075430
2023-06-09T10:00:00+00:00,0.070030
2023-06-09T11:00:00+00:00,0.061110
2023-06-09T12:00:00+00:00,0.064060
2023-06-09T13:00:00+00:00,0.068390
2023-06-09T14:00:00+00:00,0.072640
2023-06-09T15:00:00+00:00,0.080630
2023-06-09T16:00:00+00:00,0.095000
2023-06-09T17:00:00+00:00,0.104120
2023-06-09T18:00:00+00:00,0.106450
2023-06-09T19:00:00+00:00,0.104120
2023-06-09T20:00:00+00:00,0.097480
2023-06-09T21:00:00+00:00,0.086000
2023-06-09T22:00:00+00:00,0.089030
2023-06-09T23:00:00+00:00,0.084100
2023-06-10T00:00:00+00:00,0.084130
2023-06-10T01:00:00+00:00,0.080320
2023-06-10T02:00:00+00:00,0.077440
2023-06-10T03:00:00+00:00,0.079870
2023-06-10T04:00:00+00:00,0.079430
2023-06-10T05:00:00+00:00,0.085000
2023-06-10T06:00:00+00:00,0.081810
2023-06-10T07:00:00+00:00,0.059710
2023-06-10T08:00:00+00:00,0.010060
2023-06-10T09:00:00+00:00,-0.010000
2023-06-10T10:00:00+00:00,-0.022010
2023-06-10T11:00:00+00:00,-0.056270
2023-06-10T12:00:00+00:00,-0.050050
2023-06-10T13:00:00+00:00,-0.017920
2023-06-10T14:00:00+00:00,-0.003500
2023-06-10T15:00:00+00:00,0.044500
2023-06-10T16:00:00+00:00,0.074970
2023-06-10T17:00:00+00:00,0.086160
2023-06-10T18:00:00+00:00,0.107400
2023-06-10T19:00:00+00:00,0.112490
2023-06-10T20:00:00+00:00,0.098000
2023-06-10T21:00:00+00:00,0.087300
2023-06-10T22:00:00+00:00,0.102430
2023-06-10T23:00:00+00:00,0.090000
2023-06-11T00:00:00+00:00,0.089900
2023-06-11T01:00:00+00:00,0.077000
2023-06-11T02:00:00+00:00,0.073000
2023-06-11T03:00:00+00:00,0.073000
2023-06-11T04:00:00+00:00,0.060100
2023-06-11T05:00:00+00:00,0.048920
2023-06-11T06:00:00+00:00,0.028440
2023-06-11T07:00:00+00:00,0.015900
2023-06-11T08:00:00+00:00,0.000000
2023-06-11T09:00:00+00:00,-0.007920
2023-06-11T10:00:00+00:00,-0.039950
2023-06-11T11:00:00+00:00,-0.066670
2023-06-11T12:00:00+00:00,-0.056890
2023-06-11T13:00:00+00:00,-0.020010
2023-06-11T14:00:00+00:00,-0.000100
2023-06-11T15:00:00+00:00,0.027920
2023-06-11T16:00:00+00:00,0.083820
2023-06-11T17:00:00+00:00,0.099910
2023-06-11T18:00:00+00:00,0.110600
2023-06-11T19:00:00+00:00,0.125600
2023-06-11T20:00:00+00:00,0.119000
2023-06-11T21:00:00+00:00,0.098900
2023-06-11T22:00:00+00:00,0.094330
2023-06-11T23:00:00+00:00,0.085080
2023-06-12T00:00:00+00:00,0.085020
2023-06-12T01:00:00+00:00,0.081630
2023-06-12T02:00:00+00:00,0.083950
2023-06-12T03:00:00+00:00,0.095080
2023-06-12T04:00:00+00:00,0.107200
2023-06-12T05:00:00+00:00,0.126360
2023-06-12T06:00:00+00:00,0.124390
2023-06-12T07:00:00+00:00,0.106010
2023-06-12T08:00:00+00:00,0.086030
2023-06-12T09:00:00+00:00,0.064410
2023-06-12T10:00:00+00:00,0.050000
2023-06-12T11:00:00+00:00,0.042560
2023-06-12T12:00:00+00:00,0.050370
2023-06-12T13:00:00+00:00,0.071040
2023-06-12T14:00:00+00:00,0.084820
2023-06-12T15:00:00+00:00,0.097600
2023-06-12T16:00:00+00:00,0.109680
2023-06-12T17:00:00+00:00,0.133040
2023-06-12T18:00:00+00:00,0.141780
2023-06-12T19:00:00+00:00,0.116930
2023-06-12T20:00:00+00:00,0.107000
2023-06-12T21:00:00+00:00,0.098100
2023-06-12T22:00:00+00:00,0.089110
2023-06-12T23:00:00+00:00,0.082780
2023-06-13T00:00:00+00:00,0.083290
2023-06-13T01:00:00+00:00,0.082750
2023-06-13T02:00:00+00:00,0.084770
2023-06-13T03:00:00+00:00,0.090040
2023-06-13T04:00:00+00:00,0.095600
2023-06-13T05:00:00+00:00,0.117200
2023-06-13T06:00:00+00:00,0.120040
2023-06-13T07:00:00+00:00,0.103120
2023-06-13T08:00:00+00:00,0.085080
2023-06-13T09:00:00+00:00,0.074990
2023-06-13T10:00:00+00:00,0.040000
2023-06-13T11:00:00+00:00,0.030430
2023-06-13T12:00:00+00:00,0.031550
2023-06-13T13:00:00+00:00,0.060040
2023-06-13T14:00:00+00:00,0.073080
2023-06-13T15:00:00+00:00,0.084600
2023-06-13T16:00:00+00:00,0.101170
2023-06-13T17:00:00+00:00,0.111950
2023-06-13T18:00:00+00:00,0.120180
2023-06-13T19:00:00+00:00,0.114810
2023-06-13T20:00:00+00:00,0.105000
2023-06-13T21:00:00+00:00,0.098380
2023-06-13T22:00:00+00:00,0.096280
2023-06-13T23:00:00+00:00,0.088680
2023-06-14T00:00:00+00:00,0.086980
2023-06-14T01:00:00+00:00,0.086250
2023-06-14T02:00:00+00:00,0.088080
2023-06-14T03:00:00+00:00,0.097660
2023-06-14T04:00:00+00:00,0.104780
2023-06-14T05:00:00+00:00,0.135080
2023-06-14T06:00:00+00:00,0.128000
2023-06-14T07:00:00+00:00,0.103320
2023-06-14T08:00:00+00:00,0.087660
2023-06-14T09:00:00+00:00,0.077790
2023-06-14T10:00:00+00:00,0.072800
2023-06-14T11:00:00+00:00,0.074800
2023-06-14T12:00:00+00:00,0.077240
2023-06-14T13:00:00+00:00,0.076510
2023-06-14T14:00:00+00:00,0.081740
2023-06-14T15:00:00+00:00,0.096300
2023-06-14T16:00:00+00:00,0.114610
2023-06-14T17:00:00+00:00,0.130000
2023-06-14T18:00:00+00:00,0.143200
2023-06-14T19:00:00+00:00,0.138030
2023-06-14T20:00:00+00:00,0.119110
2023-06-14T21:00:00+00:00,0.108410
2023-06-14T22:00:00+00:00,0.107120
2023-06-14T23:00:00+00:00,0.102770
2023-06-15T00:00:00+00:00,0.100620
2023-06-15T01:00:00+00:00,0.100380
2023-06-15T02:00:00+00:00,0.100370
2023-06-15T03:00:00+00:00,0.099900
2023-06-15T04:00:00+00:00,0.119800
2023-06-15T05:00:00+00:00,0.135940
2023-06-15T06:00:00+00:00,0.140070
2023-06-15T07:00:00+00:00,0.116000
2023-06-15T08:00:00+00:00,0.103660
2023-06-15T09:00:00+00:00,0.098020
2023-06-15T10:00:00+00:00,0.092240
2023-06-15T11:00:00+00:00,0.090000
2023-06-15T12:00:00+00:00,0.090000
2023-06-15T13:00:00+00:00,0.092010
2023-06-15T14:00:00+00:00,0.096750
2023-06-15T15:00:00+00:00,0.104900
2023-06-15T16:00:00+00:00,0.125390
2023-06-15T17:00:00+00:00,0.155000
2023-06-15T18:00:00+00:00,0.175760
2023-06-15T19:00:00+00:00,0.169420
2023-06-15T20:00:00+00:00,0.149630
2023-06-15T21:00:00+00:00,0.125000
2023-06-15T22:00:00+00:00,0.126160
2023-06-15T23:00:00+00:00,0.121610
2023-06-16T00:00:00+00:00,0.115590
2023-06-16T01:00:00+00:00,0.112690
2023-06-16T02:00:00+00:00,0.113080
2023-06-16T03:00:00+00:00,0.117760
2023-06-16T04:00:00+00:00,0.141970
2023-06-16T05:00:00+00:00,0.153560
2023-06-16T06:00:00+00:00,0.145590
2023-06-16T07:00:00+00:00,0.124160
2023-06-16T08:00:00+00:00,0.112200
2023-06-16T09:00:00+00:00,0.108990
2023-06-16T10:00:00+00:00,0.107350
2023-06-16T11:00:00+00:00,0.095310
2023-06-16T12:00:00+00:00,0.094790
2023-06-16T13:00:00+00:00,0.101650
2023-06-16T14:00:00+00:00,0.108460
2023-06-16T15:00:00+00:00,0.115040
2023-06-16T16:00:00+00:00,0.135350
2023-06-16T17:00:00+00:00,0.161170
2023-06-16T18:00:00+00:00,0.175100
2023-06-16T19:00:00+00:00,0.170390
2023-06-16T20:00:00+00:00,0.152000
2023-06-16T21:00:00+00:00,0.138710
2023-06-16T22:00:00+00:00,0.130810
2023-06-16T23:00:00+00:00,0.122800
2023-06-17T00:00:00+00:00,0.120000
2023-06-17T01:00:00+00:00,0.116440
2023-06-17T02:00:00+00:00,0.111070
2023-06-17T03:00:00+00:00,0.110000
2023-06-17T04:00:00+00:00,0.110300
2023-06-17T05:00:00+00:00,0.108040
2023-06-17T06:00:00+00:00,0.101000
2023-06-17T07:00:00+00:00,0.095600
2023-06-17T08:00:00+00:00,0.085000
2023-06-17T09:00:00+00:00,0.069990
2023-06-17T10:00:00+00:00,0.059360
2023-06-17T11:00:00+00:00,0.048400
2023-06-17T12:00:00+00:00,0.039380
2023-06-17T13:00:00+00:00,0.056080
2023-06-17T14:00:00+00:00,0.085000
2023-06-17T15:00:00+00:00,0.101520
2023-06-17T16:00:00+00:00,0.115310
2023-06-17T17:00:00+00:00,0.137790
2023-06-17T18:00:00+00:00,0.146970
2023-06-17T19:00:00+00:00,0.154200
2023-06-17T20:00:00+00:00,0.146070
2023-06-17T21:00:00+00:00,0.136650
2023-06-17T22:00:00+00:00,0.128480
2023-06-17T23:00:00+00:00,0.117850
2023-06-18T00:00:00+00:00,0.110440
2023-06-18T01:00:00+00:00,0.108860
2023-06-18T02:00:00+00:00,0.104000
2023-06-18T03:00:00+00:00,0.102590
2023-06-18T04:00:00+00:00,0.098340
2023-06-18T05:00:00+00:00,0.092060
2023-06-18T06:00:00+00:00,0.085000
2023-06-18T07:00:00+00:00,0.078170
2023-06-18T08:00:00+00:00,0.063360
2023-06-18T09:00:00+00:00,0.053650
2023-06-18T10:00:00+00:00,0.045800
2023-06-18T11:00:00+00:00,0.029380
2023-06-18T12:00:00+00:00,0.025000
2023-06-18T13:00:00+00:00,0.049000
2023-06-18T14:00:00+00:00,0.075000
2023-06-18T15:00:00+00:00,0.093630
2023-06-18T16:00:00+00:00,0.107230
2023-06-18T17:00:00+00:00,0.129900
2023-06-18T18:00:00+00:00,0.138710
2023-06-18T19:00:00+00:00,0.137110
2023-06-18T20:00:00+00:00,0.137380
2023-06-18T21:00:00+00:00,0.117600
2023-06-18T22:00:00+00:00,0.099950
2023-06-18T23:00:00+00:00,0.093660
2023-06-19T00:00:00+00:00,0.088570
2023-06-19T01:00:00+00:00,0.089660
2023-06-19T02:00:00+00:00,0.093800
2023-06-19T03:00:00+00:00,0.095870
2023-06-19T04:00:00+00:00,0.117010
2023-06-19T05:00:00+00:00,0.133850
2023-06-19T06:00:00+00:00,0.132580
2023-06-19T07:00:00+00:00,0.115620
2023-06-19T08:00:00+00:00,0.104090
2023-06-19T09:00:00+00:00,0.097240
2023-06-19T10:00:00+00:00,0.093300
2023-06-19T11:00:00+00:00,0.090010
2023-06-19T12:00:00+00:00,0.088350
2023-06-19T13:00:00+00:00,0.094210
2023-06-19T14:00:00+00:00,0.098160
2023-06-19T15:00:00+00:00,0.110080
2023-06-19T16:00:00+00:00,0.137000
2023-06-19T17:00:00+00:00,0.170070
2023-06-19T18:00:00+00:00,0.197770
2023-06-19T19:00:00+00:00,0.175780
2023-06-19T20:00:00+00:00,0.149940
2023-06-19T21:00:00+00:00,0.135000
2023-06-19T22:00:00+00:00,0.121190
2023-06-19T23:00:00+00:00,0.110630
2023-06-20T00:00:00+00:00,0.104150
2023-06-20T01:00:00+00:00,0.101290
2023-06-20T02:00:00+00:00,0.100890
2023-06-20T03:00:00+00:00,0.101070
2023-06-20T04:00:00+00:00,0.121640
2023-06-20T05:00:00+00:00,0.143340
2023-06-20T06:00:00+00:00,0.146710
2023-06-20T07:00:00+00:00,0.130940
2023-06-20T08:00:00+00:00,0.114090
2023-06-20T09:00:00+00:00,0.101980
2023-06-20T10:00:00+00:00,0.100020
2023-06-20T11:00:00+00:00,0.089900
2023-06-20T12:00:00+00:00,0.092260
2023-06-20T13:00:00+00:00,0.099900
2023-06-20T14:00:00+00:00,0.105340
2023-06-20T15:00:00+00:00,0.118630
2023-06-20T16:00:00+00:00,0.140000
2023-06-20T17:00:00+00:00,0.160590
2023-06-20T18:00:00+00:00,0.165080
2023-06-20T19:00:00+00:00,0.150000
2023-06-20T20:00:00+00:00,0.138000
2023-06-20T21:00:00+00:00,0.120240
2023-06-20T22:00:00+00:00,0.119700
2023-06-20T23:00:00+00:00,0.110770
2023-06-21T00:00:00+00:00,0.104800
2023-06-21T01:00:00+00:00,0.103920
2023-06-21T02:00:00+00:00,0.103760
2023-06-21T03:00:00+00:00,0.107020
2023-06-21T04:00:00+00:00,0.126560
2023-06-21T05:00:00+00:00,0.137670
2023-06-21T06:00:00+00:00,0.144550
2023-06-21T07:00:00+00:00,0.126160
2023-06-21T08:00:00+00:00,0.103020
2023-06-21T09:00:00+00:00,0.091160
2023-06-21T10:00:00+00:00,0.089120
2023-06-21T11:00:00+00:00,0.086500
2023-06-21T12:00:00+00:00,0.086640
2023-06-21T13:00:00+00:00,0.094600
2023-06-21T14:00:00+00:00,0.100160
2023-06-21T15:00:00+00:00,0.113620
2023-06-21T16:00:00+00:00,0.138170
2023-06-21T17:00:00+00:00,0.167500
2023-06-21T18:00:00+00:00,0.190240
2023-06-21T19:00:00+00:00,0.180660
2023-06-21T20:00:00+00:00,0.155570
2023-06-21T21:00:00+00:00,0.134860
2023-06-21T22:00:00+00:00,0.132910
2023-06-21T23:00:00+00:00,0.123420
2023-06-22T00:00:00+00:00,0.115400
2023-06-22T01:00:00+00:00,0.111330
2023-06-22T02:00:00+00:00,0.107020
2023-06-22T03:00:00+00:00,0.115190
2023-06-22T04:00:00+00:00,0.136020
2023-06-22T05:00:00+00:00,0.151720
2023-06-22T06:00:00+00:00,0.153430
2023-06-22T07:00:00+00:00,0.130080
2023-06-22T08:00:00+00:00,0.116000
2023-06-22T09:00:00+00:00,0.104490
2023-06-22T10:00:00+00:00,0.102910
2023-06-22T11:00:00+00:00,0.106790
2023-06-22T12:00:00+00:00,0.106460
2023-06-22T13:00:00+00:00,0.106790
2023-06-22T14:00:00+00:00,0.108190
2023-06-22T15:00:00+00:00,0.125770
2023-06-22T16:00:00+00:00,0.137300
2023-06-22T17:00:00+00:00,0.157430
2023-06-22T18:00:00+00:00,0.155230
2023-06-22T19:00:00+00:00,0.147180
2023-06-22T20:00:00+00:00,0.134340
2023-06-22T21:00:00+00:00,0.120860
2023-06-22T22:00:00+00:00,0.103860
2023-06-22T23:00:00+00:00,0.095200
2023-06-23T00:00:00+00:00,0.091790
2023-06-23T01:00:00+00:00,0.091280
2023-06-23T02:00:00+00:00,0.090940
2023-06-23T03:00:00+00:00,0.094560
2023-06-23T04:00:00+00:00,0.115090
2023-06-23T05:00:00+00:00,0.128860
2023-06-23T06:00:00+00:00,0.130870
2023-06-23T07:00:00+00:00,0.121650
2023-06-23T08:00:00+00:00,0.106270
2023-06-23T09:00:00+00:00,0.098100
2023-06-23T10:00:00+00:00,0.092890
2023-06-23T11:00:00+00:00,0.086710
2023-06-23T12:00:00+00:00,0.079070
2023-06-23T13:00:00+00:00,0.078330
2023-06-23T14:00:00+00:00,0.085840
2023-06-23T15:00:00+00:00,0.096240
2023-06-23T16:00:00+00:00,0.107550
2023-06-23T17:00:00+00:00,0.129680
2023-06-23T18:00:00+00:00,0.137100
2023-06-23T19:00:00+00:00,0.134990
2023-06-23T20:00:00+00:00,0.130540
2023-06-23T21:00:00+00:00,0.122220
2023-06-23T22:00:00+00:00,0.117340
2023-06-23T23:00:00+00:00,0.109720
2023-06-24T00:00:00+00:00,0.102890
2023-06-24T01:00:00+00:00,0.100310
2023-06-24T02:00:00+00:00,0.094330
2023-06-24T03:00:00+00:00,0.092510
2023-06-24T04:00:00+00:00,0.092290
2023-06-24T05:00:00+00:00,0.092300
2023-06-24T06:00:00+00:00,0.090570
2023-06-24T07:00:00+00:00,0.081690
2023-06-24T08:00:00+00:00,0.057640
2023-06-24T09:00:00+00:00,0.025000
2023-06-24T10:00:00+00:00,0.014990
2023-06-24T11:00:00+00:00,0.001900
2023-06-24T12:00:00+00:00,0.000310
2023-06-24T13:00:00+00:00,0.010000
2023-06-24T14:00:00+00:00,0.028200
2023-06-24T15:00:00+00:00,0.080980
2023-06-24T16:00:00+00:00,0.098740
2023-06-24T17:00:00+00:00,0.127010
2023-06-24T18:00:00+00:00,0.138650
2023-06-24T19:00:00+00:00,0.146200
2023-06-24T20:00:00+00:00,0.130140
2023-06-24T21:00:00+00:00,0.118310
2023-06-24T22:00:00+00:00,0.121060
2023-06-24T23:00:00+00:00,0.111900
2023-06-25T00:00:00+00:00,0.106800
2023-06-25T01:00:00+00:00,0.105470
2023-06-25T02:00:00+00:00,0.101120
2023-06-25T03:00:00+00:00,0.099500
2023-06-25T04:00:00+00:00,0.086140
2023-06-25T05:00:00+00:00,0.078000
2023-06-25T06:00:00+00:00,0.054000
2023-06-25T07:00:00+00:00,0.032550
2023-06-25T08:00:00+00:00,0.009690
2023-06-25T09:00:00+00:00,0.000100
2023-06-25T10:00:00+00:00,0.000000
2023-06-25T11:00:00+00:00,-0.000100
2023-06-25T12:00:00+00:00,-0.000100
2023-06-25T13:00:00+00:00,0.000000
2023-06-25T14:00:00+00:00,0.009690
2023-06-25T15:00:00+00:00,0.071050
2023-06-25T16:00:00+00:00,0.105090
2023-06-25T17:00:00+00:00,0.122850
2023-06-25T18:00:00+00:00,0.153810
2023-06-25T19:00:00+00:00,0.163440
2023-06-25T20:00:00+00:00,0.143250
2023-06-25T21:00:00+00:00,0.118980
2023-06-25T22:00:00+00:00,0.115140
2023-06-25T23:00:00+00:00,0.106000
2023-06-26T00:00:00+00:00,0.093300
2023-06-26T01:00:00+00:00,0.083710
2023-06-26T02:00:00+00:00,0.083630
2023-06-26T03:00:00+00:00,0.099210
2023-06-26T04:00:00+00:00,0.104970
2023-06-26T05:00:00+00:00,0.130340
2023-06-26T06:00:00+00:00,0.119950
2023-06-26T07:00:00+00:00,0.101520
2023-06-26T08:00:00+00:00,0.087900
2023-06-26T09:00:00+00:00,0.081400
2023-06-26T10:00:00+00:00,0.025000
2023-06-26T11:00:00+00:00,0.030000
2023-06-26T12:00:00+00:00,0.044510
2023-06-26T13:00:00+00:00,0.038030
2023-06-26T14:00:00+00:00,0.062370
2023-06-26T15:00:00+00:00,0.083480
2023-06-26T16:00:00+00:00,0.097000
2023-06-26T17:00:00+00:00,0.109430
2023-06-26T18:00:00+00:00,0.119900
2023-06-26T19:00:00+00:00,0.130000
2023-06-26T20:00:00+00:00,0.129540
2023-06-26T21:00:00+00:00,0.118040
2023-06-26T22:00:00+00:00,0.114280
2023-06-26T23:00:00+00:00,0.100140
2023-06-27T00:00:00+00:00,0.093030
2023-06-27T01:00:00+00:00,0.093590
2023-06-27T02:00:00+00:00,0.089200
2023-06-27T03:00:00+00:00,0.092000
2023-06-27T04:00:00+00:00,0.115290
2023-06-27T05:00:00+00:00,0.130000
2023-06-27T06:00:00+00:00,0.127040
2023-06-27T07:00:00+00:00,0.102240
2023-06-27T08:00:00+00:00,0.090000
2023-06-27T09:00:00+00:00,0.080270
2023-06-27T10:00:00+00:00,0.073050
2023-06-27T11:00:00+00:00,0.063460
2023-06-27T12:00:00+00:00,0.068120
2023-06-27T13:00:00+00:00,0.080280
2023-06-27T14:00:00+00:00,0.089050
2023-06-27T15:00:00+00:00,0.096400
2023-06-27T16:00:00+00:00,0.113570
2023-06-27T17:00:00+00:00,0.130410
2023-06-27T18:00:00+00:00,0.134530
2023-06-27T19:00:00+00:00,0.130300
2023-06-27T20:00:00+00:00,0.125060
2023-06-27T21:00:00+00:00,0.116160
2023-06-27T22:00:00+00:00,0.098050
2023-06-27T23:00:00+00:00,0.090580
2023-06-28T00:00:00+00:00,0.087070
2023-06-28T01:00:00+00:00,0.086220
2023-06-28T02:00:00+00:00,0.087120
2023-06-28T03:00:00+00:00,0.093950
2023-06-28T04:00:00+00:00,0.113800
2023-06-28T05:00:00+00:00,0.130270
2023-06-28T06:00:00+00:00,0.127710
2023-06-28T07:00:00+00:00,0.113650
2023-06-28T08:00:00+00:00,0.101890
2023-06-28T09:00:00+00:00,0.099300
2023-06-28T10:00:00+00:00,0.101180
2023-06-28T11:00:00+00:00,0.097420
2023-06-28T12:00:00+00:00,0.095590
2023-06-28T13:00:00+00:00,0.095390
2023-06-28T14:00:00+00:00,0.097600
2023-06-28T15:00:00+00:00,0.107080
2023-06-28T16:00:00+00:00,0.128140
2023-06-28T17:00:00+00:00,0.153250
2023-06-28T18:00:00+00:00,0.167620
2023-06-28T19:00:00+00:00,0.159100
2023-06-28T20:00:00+00:00,0.140000
2023-06-28T21:00:00+00:00,0.121100
2023-06-28T22:00:00+00:00,0.119460
2023-06-28T23:00:00+00:00,0.110060
2023-06-29T00:00:00+00:00,0.101720
2023-06-29T01:00:00+00:00,0.098040
2023-06-29T02:00:00+00:00,0.099640
2023-06-29T03:00:00+00:00,0.104230
2023-06-29T04:00:00+00:00,0.121060
2023-06-29T05:00:00+00:00,0.130480
2023-06-29T06:00:00+00:00,0.130310
2023-06-29T07:00:00+00:00,0.116390
2023-06-29T08:00:00+00:00,0.105950
2023-06-29T09:00:00+00:00,0.098600
2023-06-29T10:00:00+00:00,0.090000
2023-06-29T11:00:00+00:00,0.092750
2023-06-29T12:00:00+00:00,0.098600
2023-06-29T13:00:00+00:00,0.100000
2023-06-29T14:00:00+00:00,0.101120
2023-06-29T15:00:00+00:00,0.112030
2023-06-29T16:00:00+00:00,0.129910
2023-06-29T17:00:00+00:00,0.134900
2023-06-29T18:00:00+00:00,0.165660
2023-06-29T19:00:00+00:00,0.151310
2023-06-29T20:00:00+00:00,0.139870
2023-06-29T21:00:00+00:00,0.120250
2023-06-29T22:00:00+00:00,0.115530
2023-06-29T23:00:00+00:00,0.103400
2023-06-30T00:00:00+00:00,0.096550
2023-06-30T01:00:00+00:00,0.096340
2023-06-30T02:00:00+00:00,0.094750
2023-06-30T03:00:00+00:00,0.105340
2023-06-30T04:00:00+00:00,0.123220
2023-06-30T05:00:00+00:00,0.124940
2023-06-30T06:00:00+00:00,0.114000
2023-06-30T07:00:00+00:00,0.084900
2023-06-30T08:00:00+00:00,0.097930
2023-06-30T09:00:00+00:00,0.090100
2023-06-30T10:00:00+00:00,0.088350
2023-06-30T11:00:00+00:00,0.090100
2023-06-30T12:00:00+00:00,0.088460
2023-06-30T13:00:00+00:00,0.078020
2023-06-30T14:00:00+00:00,0.082670
2023-06-30T15:00:00+00:00,0.079000
2023-06-30T16:00:00+00:00,0.101990
2023-06-30T17:00:00+00:00,0.110100
2023-06-30T18:00:00+00:00,0.131520
2023-06-30T19:00:00+00:00,0.128840
2023-06-30T20:00:00+00:00,0.121240
2023-06-30T21:00:00+00:00,0.109470
2023-06-30T22:00:00+00:00,0.101560
2023-06-30T23:00:00+00:00,0.099500
2023-07-01T00:00:00+00:00,0.083280
2023-07-01T01:00:00+00:00,0.066890
2023-07-01T02:00:00+00:00,0.060030
2023-07-01T03:00:00+00:00,0.053640
2023-07-01T04:00:00+00:00,0.054270
2023-07-01T05:00:00+00:00,0.055120
2023-07-01T06:00:00+00:00,0.076090
2023-07-01T07:00:00+00:00,0.064900
2023-07-01T08:00:00+00:00,0.044300
2023-07-01T09:00:00+00:00,0.024610
2023-07-01T10:00:00+00:00,0.016830
2023-07-01T11:00:00+00:00,0.004430
2023-07-01T12:00:00+00:00,0.000070
2023-07-01T13:00:00+00:00,0.000890
2023-07-01T14:00:00+00:00,0.011110
2023-07-01T15:00:00+00:00,0.049900
2023-07-01T16:00:00+00:00,0.071880
2023-07-01T17:00:00+00:00,0.078700
2023-07-01T18:00:00+00:00,0.087000
2023-07-01T19:00:00+00:00,0.092790
2023-07-01T20:00:00+00:00,0.098800
2023-07-01T21:00:00+00:00,0.089860
2023-07-01T22:00:00+00:00,0.016450
2023-07-01T23:00:00+00:00,0.003170
2023-07-02T00:00:00+00:00,0.000010
2023-07-02T01:00:00+00:00,0.000000
2023-07-02T02:00:00+00:00,-0.000030
2023-07-02T03:00:00+00:00,-0.000050
2023-07-02T04:00:00+00:00,-0.000060
2023-07-02T05:00:00+00:00,-0.000510
2023-07-02T06:00:00+00:00,-0.002970
2023-07-02T07:00:00+00:00,-0.016900
2023-07-02T08:00:00+00:00,-0.060000
2023-07-02T09:00:00+00:00,-0.252920
2023-07-02T10:00:00+00:00,-0.449570
2023-07-02T11:00:00+00:00,-0.500000
2023-07-02T12:00:00+00:00,-0.500000
2023-07-02T13:00:00+00:00,-0.500000
2023-07-02T14:00:00+00:00,-0.172390
2023-07-02T15:00:00+00:00,-0.035180
2023-07-02T16:00:00+00:00,-0.006010
2023-07-02T17:00:00+00:00,0.004880
2023-07-02T18:00:00+00:00,0.069100
2023-07-02T19:00:00+00:00,0.085580
2023-07-02T20:00:00+00:00,0.094900
2023-07-02T21:00:00+00:00,0.086080
2023-07-02T22:00:00+00:00,0.066000
2023-07-02T23:00:00+00:00,0.043500
2023-07-03T00:00:00+00:00,0.024090
2023-07-03T01:00:00+00:00,0.010260
2023-07-03T02:00:00+00:00,0.015800
2023-07-03T03:00:00+00:00,0.054000
2023-07-03T04:00:00+00:00,0.086000
2023-07-03T05:00:00+00:00,0.110890
2023-07-03T06:00:00+00:00,0.104910
2023-07-03T07:00:00+00:00,0.067500
2023-07-03T08:00:00+00:00,0.007340
2023-07-03T09:00:00+00:00,-0.000060
2023-07-03T10:00:00+00:00,-0.008430
2023-07-03T11:00:00+00:00,-0.010000
2023-07-03T12:00:00+00:00,-0.010070
2023-07-03T13:00:00+00:00,-0.010000
2023-07-03T14:00:00+00:00,-0.000070
2023-07-03T15:00:00+00:00,0.009450
2023-07-03T16:00:00+00:00,0.079950
2023-07-03T17:00:00+00:00,0.116510
2023-07-03T18:00:00+00:00,0.124500
2023-07-03T19:00:00+00:00,0.127990
2023-07-03T20:00:00+00:00,0.121300
2023-07-03T21:00:00+00:00,0.114500
2023-07-03T22:00:00+00:00,0.096750
2023-07-03T23:00:00+00:00,0.081280
2023-07-04T00:00:00+00:00,0.071000
2023-07-04T01:00:00+00:00,0.064440
2023-07-04T02:00:00+00:00,0.070420
2023-07-04T03:00:00+00:00,0.085270
2023-07-04T04:00:00+00:00,0.113740
2023-07-04T05:00:00+00:00,0.119970
2023-07-04T06:00:00+00:00,0.113290
2023-07-04T07:00:00+00:00,0.076080
2023-07-04T08:00:00+00:00,0.033640
2023-07-04T09:00:00+00:00,0.010080
2023-07-04T10:00:00+00:00,0.014900
2023-07-04T11:00:00+00:00,0.023090
2023-07-04T12:00:00+00:00,0.023000
2023-07-04T13:00:00+00:00,0.039220
2023-07-04T14:00:00+00:00,0.084290
2023-07-04T15:00:00+00:00,0.093680
2023-07-04T16:00:00+00:00,0.116860
2023-07-04T17:00:00+00:00,0.146290
2023-07-04T18:00:00+00:00,0.170870
2023-07-04T19:00:00+00:00,0.169380
2023-07-04T20:00:00+00:00,0.144600
2023-07-04T21:00:00+00:00,0.124090
2023-07-04T22:00:00+00:00,0.122940
2023-07-04T23:00:00+00:00,0.108750
2023-07-05T00:00:00+00:00,0.094310
2023-07-05T01:00:00+00:00,0.084600
2023-07-05T02:00:00+00:00,0.067560
2023-07-05T03:00:00+00:00,0.068200
2023-07-05T04:00:00+00:00,0.076430
2023-07-05T05:00:00+00:00,0.092590
2023-07-05T06:00:00+00:00,0.098350
2023-07-05T07:00:00+00:00,0.082400
2023-07-05T08:00:00+00:00,0.073440
2023-07-05T09:00:00+00:00,0.039450
2023-07-05T10:00:00+00:00,0.000010
2023-07-05T11:00:00+00:00,0.000000
2023-07-05T12:00:00+00:00,-0.005500
2023-07-05T13:00:00+00:00,-0.004750
2023-07-05T14:00:00+00:00,-0.003520
2023-07-05T15:00:00+00:00,0.039100
2023-07-05T16:00:00+00:00,0.092240
2023-07-05T17:00:00+00:00,0.104710
2023-07-05T18:00:00+00:00,0.118100
2023-07-05T19:00:00+00:00,0.122780
2023-07-05T20:00:00+00:00,0.121710
2023-07-05T21:00:00+00:00,0.114890
2023-07-05T22:00:00+00:00,0.091620
2023-07-05T23:00:00+00:00,0.084000
2023-07-06T00:00:00+00:00,0.082400
2023-07-06T01:00:00+00:00,0.083050
2023-07-06T02:00:00+00:00,0.085010
2023-07-06T03:00:00+00:00,0.094370
2023-07-06T04:00:00+00:00,0.113750
2023-07-06T05:00:00+00:00,0.126170
2023-07-06T06:00:00+00:00,0.124850
2023-07-06T07:00:00+00:00,0.110970
2023-07-06T08:00:00+00:00,0.094420
2023-07-06T09:00:00+00:00,0.086380
2023-07-06T10:00:00+00:00,0.056540
2023-07-06T11:00:00+00:00,0.069230
2023-07-06T12:00:00+00:00,0.067440
2023-07-06T13:00:00+00:00,0.084050
2023-07-06T14:00:00+00:00,0.088100
2023-07-06T15:00:00+00:00,0.098820
2023-07-06T16:00:00+00:00,0.102980
2023-07-06T17:00:00+00:00,0.119400
2023-07-06T18:00:00+00:00,0.175880
2023-07-06T19:00:00+00:00,0.175100
2023-07-06T20:00:00+00:00,0.137570
2023-07-06T21:00:00+00:00,0.118980
2023-07-06T22:00:00+00:00,0.114000
2023-07-06T23:00:00+00:00,0.103380
2023-07-07T00:00:00+00:00,0.097600
2023-07-07T01:00:00+00:00,0.089000
2023-07-07T02:00:00+00:00,0.086420
2023-07-07T03:00:00+00:00,0.090930
2023-07-07T04:00:00+00:00,0.094800
2023-07-07T05:00:00+00:00,0.109200
2023-07-07T06:00:00+00:00,0.107130
2023-07-07T07:00:00+00:00,0.091790
2023-07-07T08:00:00+00:00,0.084000
2023-07-07T09:00:00+00:00,0.079120
2023-07-07T10:00:00+00:00,0.074900
2023-07-07T11:00:00+00:00,0.066570
2023-07-07T12:00:00+00:00,0.064980
2023-07-07T13:00:00+00:00,0.066180
2023-07-07T14:00:00+00:00,0.080290
2023-07-07T15:00:00+00:00,0.090000
2023-07-07T16:00:00+00:00,0.094990
2023-07-07T17:00:00+00:00,0.141980
2023-07-07T18:00:00+00:00,0.166560
2023-07-07T19:00:00+00:00,0.137660
2023-07-07T20:00:00+00:00,0.117270
2023-07-07T21:00:00+00:00,0.101560
2023-07-07T22:00:00+00:00,0.100270
2023-07-07T23:00:00+00:00,0.091960
2023-07-08T00:00:00+00:00,0.089970
2023-07-08T01:00:00+00:00,0.086590
2023-07-08T02:00:00+00:00,0.087190
2023-07-08T03:00:00+00:00,0.087280
2023-07-08T04:00:00+00:00,0.084420
2023-07-08T05:00:00+00:00,0.085230
2023-07-08T06:00:00+00:00,0.083760
2023-07-08T07:00:00+00:00,0.076040
2023-07-08T08:00:00+00:00,0.060900
2023-07-08T09:00:00+00:00,0.046320
2023-07-08T10:00:00+00:00,0.030690
2023-07-08T11:00:00+00:00,-0.006000
2023-07-08T12:00:00+00:00,0.003970
2023-07-08T13:00:00+00:00,0.040000
2023-07-08T14:00:00+00:00,0.060900
2023-07-08T15:00:00+00:00,0.083400
2023-07-08T16:00:00+00:00,0.107300
2023-07-08T17:00:00+00:00,0.120990
2023-07-08T18:00:00+00:00,0.128760
2023-07-08T19:00:00+00:00,0.132860
2023-07-08T20:00:00+00:00,0.129720
2023-07-08T21:00:00+00:00,0.115920
2023-07-08T22:00:00+00:00,0.109440
2023-07-08T23:00:00+00:00,0.101740
2023-07-09T00:00:00+00:00,0.101820
2023-07-09T01:00:00+00:00,0.095460
2023-07-09T02:00:00+00:00,0.096030
2023-07-09T03:00:00+00:00,0.096970
2023-07-09T04:00:00+00:00,0.094700
2023-07-09T05:00:00+00:00,0.091220
2023-07-09T06:00:00+00:00,0.086270
2023-07-09T07:00:00+00:00,0.077080
2023-07-09T08:00:00+00:00,0.060120
2023-07-09T09:00:00+00:00,0.050090
2023-07-09T10:00:00+00:00,0.045690
2023-07-09T11:00:00+00:00,0.036990
2023-07-09T12:00:00+00:00,0.044850
2023-07-09T13:00:00+00:00,0.055160
2023-07-09T14:00:00+00:00,0.072970
2023-07-09T15:00:00+00:00,0.082400
2023-07-09T16:00:00+00:00,0.104410
2023-07-09T17:00:00+00:00,0.122210
2023-07-09T18:00:00+00:00,0.132000
2023-07-09T19:00:00+00:00,0.134100
2023-07-09T20:00:00+00:00,0.132120
2023-07-09T21:00:00+00:00,0.119600
2023-07-09T22:00:00+00:00,0.112490
2023-07-09T23:00:00+00:00,0.102000
2023-07-10T00:00:00+00:00,0.094300
2023-07-10T01:00:00+00:00,0.091940
2023-07-10T02:00:00+00:00,0.093310
2023-07-10T03:00:00+00:00,0.105120
2023-07-10T04:00:00+00:00,0.120740
2023-07-10T05:00:00+00:00,0.130520
2023-07-10T06:00:00+00:00,0.134270
2023-07-10T07:00:00+00:00,0.117950
2023-07-10T08:00:00+00:00,0.105280
2023-07-10T09:00:00+00:00,0.091370
2023-07-10T10:00:00+00:00,0.085850
2023-07-10T11:00:00+00:00,0.071400
2023-07-10T12:00:00+00:00,0.058030
2023-07-10T13:00:00+00:00,0.055100
2023-07-10T14:00:00+00:00,0.079560
2023-07-10T15:00:00+00:00,0.089720
2023-07-10T16:00:00+00:00,0.121970
2023-07-10T17:00:00+00:00,0.165490
2023-07-10T18:00:00+00:00,0.175890
2023-07-10T19:00:00+00:00,0.180070
2023-07-10T20:00:00+00:00,0.162620
2023-07-10T21:00:00+00:00,0.133700
2023-07-10T22:00:00+00:00,0.124410
2023-07-10T23:00:00+00:00,0.115240
2023-07-11T00:00:00+00:00,0.105120
2023-07-11T01:00:00+00:00,0.099190
2023-07-11T02:00:00+00:00,0.095970
2023-07-11T03:00:00+00:00,0.098160
2023-07-11T04:00:00+00:00,0.099200
2023-07-11T05:00:00+00:00,0.113580
2023-07-11T06:00:00+00:00,0.120950
2023-07-11T07:00:00+00:00,0.105100
2023-07-11T08:00:00+00:00,0.091570
2023-07-11T09:00:00+00:00,0.071500
2023-07-11T10:00:00+00:00,0.038000
2023-07-11T11:00:00+00:00,0.021320
2023-07-11T12:00:00+00:00,0.030000
2023-07-11T13:00:00+00:00,0.060000
2023-07-11T14:00:00+00:00,0.068000
2023-07-11T15:00:00+00:00,0.094500
2023-07-11T16:00:00+00:00,0.114000
2023-07-11T17:00:00+00:00,0.141550
2023-07-11T18:00:00+00:00,0.160020
2023-07-11T19:00:00+00:00,0.134090
2023-07-11T20:00:00+00:00,0.119000
2023-07-11T21:00:00+00:00,0.103030
2023-07-11T22:00:00+00:00,0.098470
2023-07-11T23:00:00+00:00,0.091000
2023-07-12T00:00:00+00:00,0.090000
2023-07-12T01:00:00+00:00,0.082090
2023-07-12T02:00:00+00:00,0.077400
2023-07-12T03:00:00+00:00,0.076000
2023-07-12T04:00:00+00:00,0.088220
2023-07-12T05:00:00+00:00,0.115400
2023-07-12T06:00:00+00:00,0.120000
2023-07-12T07:00:00+00:00,0.102330
2023-07-12T08:00:00+00:00,0.083000
2023-07-12T09:00:00+00:00,0.050770
2023-07-12T10:00:00+00:00,0.008520
2023-07-12T11:00:00+00:00,-0.007810
2023-07-12T12:00:00+00:00,-0.010000
2023-07-12T13:00:00+00:00,-0.008070
2023-07-12T14:00:00+00:00,0.003400
2023-07-12T15:00:00+00:00,0.069910
2023-07-12T16:00:00+00:00,0.084720
2023-07-12T17:00:00+00:00,0.101410
2023-07-12T18:00:00+00:00,0.117950
2023-07-12T19:00:00+00:00,0.125200
2023-07-12T20:00:00+00:00,0.126000
2023-07-12T21:00:00+00:00,0.113920
2023-07-12T22:00:00+00:00,0.104920
2023-07-12T23:00:00+00:00,0.085660
2023-07-13T00:00:00+00:00,0.079000
2023-07-13T01:00:00+00:00,0.075090
2023-07-13T02:00:00+00:00,0.076000
2023-07-13T03:00:00+00:00,0.088510
2023-07-13T04:00:00+00:00,0.102230
2023-07-13T05:00:00+00:00,0.110470
2023-07-13T06:00:00+00:00,0.119100
2023-07-13T07:00:00+00:00,0.089980
2023-07-13T08:00:00+00:00,0.088100
2023-07-13T09:00:00+00:00,0.080000
2023-07-13T10:00:00+00:00,0.075000
2023-07-13T11:00:00+00:00,0.046500
2023-07-13T12:00:00+00:00,0.046360
2023-07-13T13:00:00+00:00,0.046900
2023-07-13T14:00:00+00:00,0.074250
2023-07-13T15:00:00+00:00,0.085000
2023-07-13T16:00:00+00:00,0.088980
2023-07-13T17:00:00+00:00,0.116490
2023-07-13T18:00:00+00:00,0.130000
2023-07-13T19:00:00+00:00,0.137220
2023-07-13T20:00:00+00:00,0.129030
2023-07-13T21:00:00+00:00,0.117720
2023-07-13T22:00:00+00:00,0.101000
2023-07-13T23:00:00+00:00,0.096360
2023-07-14T00:00:00+00:00,0.084550
2023-07-14T01:00:00+00:00,0.078140
2023-07-14T02:00:00+00:00,0.080000
2023-07-14T03:00:00+00:00,0.075000
2023-07-14T04:00:00+00:00,0.079930
2023-07-14T05:00:00+00:00,0.089400
2023-07-14T06:00:00+00:00,0.084950
2023-07-14T07:00:00+00:00,0.085070
2023-07-14T08:00:00+00:00,0.079710
2023-07-14T09:00:00+00:00,0.071800
2023-07-14T10:00:00+00:00,0.073800
2023-07-14T11:00:00+00:00,0.069200
2023-07-14T12:00:00+00:00,0.072180
2023-07-14T13:00:00+00:00,0.077700
2023-07-14T14:00:00+00:00,0.077550
2023-07-14T15:00:00+00:00,0.076900
2023-07-14T16:00:00+00:00,0.084900
2023-07-14T17:00:00+00:00,0.105950
2023-07-14T18:00:00+00:00,0.110000
2023-07-14T19:00:00+00:00,0.110000
2023-07-14T20:00:00+00:00,0.094730
2023-07-14T21:00:00+00:00,0.079690
2023-07-14T22:00:00+00:00,0.071070
2023-07-14T23:00:00+00:00,0.051940
2023-07-15T00:00:00+00:00,0.029150
2023-07-15T01:00:00+00:00,0.019950
2023-07-15T02:00:00+00:00,0.016980
2023-07-15T03:00:00+00:00,0.013690
2023-07-15T04:00:00+00:00,0.019900
2023-07-15T05:00:00+00:00,0.022600
2023-07-15T06:00:00+00:00,0.029950
2023-07-15T07:00:00+00:00,0.017410
2023-07-15T08:00:00+00:00,0.004600
2023-07-15T09:00:00+00:00,0.000000
2023-07-15T10:00:00+00:00,-0.000020
2023-07-15T11:00:00+00:00,-0.000160
2023-07-15T12:00:00+00:00,-0.001000
2023-07-15T13:00:00+00:00,-0.000100
2023-07-15T14:00:00+00:00,0.000020
2023-07-15T15:00:00+00:00,0.005000
2023-07-15T16:00:00+00:00,0.068130
2023-07-15T17:00:00+00:00,0.079270
2023-07-15T18:00:00+00:00,0.088580
2023-07-15T19:00:00+00:00,0.083800
2023-07-15T20:00:00+00:00,0.083030
2023-07-15T21:00:00+00:00,0.071820
2023-07-15T22:00:00+00:00,0.057040
2023-07-15T23:00:00+00:00,0.019690
2023-07-16T00:00:00+00:00,0.001450
2023-07-16T01:00:00+00:00,-0.000070
2023-07-16T02:00:00+00:00,-0.000140
2023-07-16T03:00:00+00:00,-0.000430
2023-07-16T04:00:00+00:00,-0.004100
2023-07-16T05:00:00+00:00,-0.010000
2023-07-16T06:00:00+00:00,-0.010050
2023-07-16T07:00:00+00:00,-0.014580
2023-07-16T08:00:00+00:00,-0.020000
2023-07-16T09:00:00+00:00,-0.027000
2023-07-16T10:00:00+00:00,-0.053750
2023-07-16T11:00:00+00:00,-0.065430
2023-07-16T12:00:00+00:00,-0.073760
2023-07-16T13:00:00+00:00,-0.051070
2023-07-16T14:00:00+00:00,-0.030050
2023-07-16T15:00:00+00:00,-0.008440
2023-07-16T16:00:00+00:00,0.027950
2023-07-16T17:00:00+00:00,0.090030
2023-07-16T18:00:00+00:00,0.099220
2023-07-16T19:00:00+00:00,0.108000
2023-07-16T20:00:00+00:00,0.113850
2023-07-16T21:00:00+00:00,0.107540
2023-07-16T22:00:00+00:00,0.086420
2023-07-16T23:00:00+00:00,0.065500
2023-07-17T00:00:00+00:00,0.053280
2023-07-17T01:00:00+00:00,0.050000
2023-07-17T02:00:00+00:00,0.051960
2023-07-17T03:00:00+00:00,0.053200
2023-07-17T04:00:00+00:00,0.086400
2023-07-17T05:00:00+00:00,0.077200
2023-07-17T06:00:00+00:00,0.107500
2023-07-17T07:00:00+00:00,0.089270
2023-07-17T08:00:00+00:00,0.045680
2023-07-17T09:00:00+00:00,0.035000
2023-07-17T10:00:00+00:00,-0.052650
2023-07-17T11:00:00+00:00,-0.006730
2023-07-17T12:00:00+00:00,-0.010000
2023-07-17T13:00:00+00:00,-0.000010
2023-07-17T14:00:00+00:00,0.000000
2023-07-17T15:00:00+00:00,0.057820
2023-07-17T16:00:00+00:00,0.066090
2023-07-17T17:00:00+00:00,0.094900
2023-07-17T18:00:00+00:00,0.106610
2023-07-17T19:00:00+00:00,0.124430
2023-07-17T20:00:00+00:00,0.125280
2023-07-17T21:00:00+00:00,0.110440
2023-07-17T22:00:00+00:00,0.099660
2023-07-17T23:00:00+00:00,0.073000
2023-07-18T00:00:00+00:00,0.066020
2023-07-18T01:00:00+00:00,0.069470
2023-07-18T02:00:00+00:00,0.073060
2023-07-18T03:00:00+00:00,0.088580
2023-07-18T04:00:00+00:00,0.088000
2023-07-18T05:00:00+00:00,0.100820
2023-07-18T06:00:00+00:00,0.110000
2023-07-18T07:00:00+00:00,0.085400
2023-07-18T08:00:00+00:00,0.074020
2023-07-18T09:00:00+00:00,0.070000
2023-07-18T10:00:00+00:00,0.075000
2023-07-18T11:00:00+00:00,0.069120
2023-07-18T12:00:00+00:00,0.067300
2023-07-18T13:00:00+00:00,0.070000
2023-07-18T14:00:00+00:00,0.074400
2023-07-18T15:00:00+00:00,0.094030
2023-07-18T16:00:00+00:00,0.122670
2023-07-18T17:00:00+00:00,0.168260
2023-07-18T18:00:00+00:00,0.188000
2023-07-18T19:00:00+00:00,0.164210
2023-07-18T20:00:00+00:00,0.139260
2023-07-18T21:00:00+00:00,0.112100
2023-07-18T22:00:00+00:00,0.108110
2023-07-18T23:00:00+00:00,0.101040
2023-07-19T00:00:00+00:00,0.097250
2023-07-19T01:00:00+00:00,0.095050
2023-07-19T02:00:00+00:00,0.093580
2023-07-19T03:00:00+00:00,0.094900
2023-07-19T04:00:00+00:00,0.097240
2023-07-19T05:00:00+00:00,0.116990
2023-07-19T06:00:00+00:00,0.116880
2023-07-19T07:00:00+00:00,0.099900
2023-07-19T08:00:00+00:00,0.088480
2023-07-19T09:00:00+00:00,0.081290
2023-07-19T10:00:00+00:00,0.077220
2023-07-19T11:00:00+00:00,0.069280
2023-07-19T12:00:00+00:00,0.063330
2023-07-19T13:00:00+00:00,0.062650
2023-07-19T14:00:00+00:00,0.072230
2023-07-19T15:00:00+00:00,0.076540
2023-07-19T16:00:00+00:00,0.094900
2023-07-19T17:00:00+00:00,0.111810
2023-07-19T18:00:00+00:00,0.125630
2023-07-19T19:00:00+00:00,0.122700
2023-07-19T20:00:00+00:00,0.114390
2023-07-19T21:00:00+00:00,0.101100
2023-07-19T22:00:00+00:00,0.098260
2023-07-19T23:00:00+00:00,0.094450
2023-07-20T00:00:00+00:00,0.082900
2023-07-20T01:00:00+00:00,0.080390
2023-07-20T02:00:00+00:00,0.082000
2023-07-20T03:00:00+00:00,0.083880
2023-07-20T04:00:00+00:00,0.095830
2023-07-20T05:00:00+00:00,0.106450
2023-07-20T06:00:00+00:00,0.111450
2023-07-20T07:00:00+00:00,0.098870
2023-07-20T08:00:00+00:00,0.086300
2023-07-20T09:00:00+00:00,0.075660
2023-07-20T10:00:00+00:00,0.068800
2023-07-20T11:00:00+00:00,0.059120
2023-07-20T12:00:00+00:00,0.064120
2023-07-20T13:00:00+00:00,0.074130
2023-07-20T14:00:00+00:00,0.074900
2023-07-20T15:00:00+00:00,0.085490
2023-07-20T16:00:00+00:00,0.101970
2023-07-20T17:00:00+00:00,0.126580
2023-07-20T18:00:00+00:00,0.144150
2023-07-20T19:00:00+00:00,0.137190
2023-07-20T20:00:00+00:00,0.122000
2023-07-20T21:00:00+00:00,0.109660
2023-07-20T22:00:00+00:00,0.099900
2023-07-20T23:00:00+00:00,0.095000
2023-07-21T00:00:00+00:00,0.094200
2023-07-21T01:00:00+00:00,0.091460
2023-07-21T02:00:00+00:00,0.092600
2023-07-21T03:00:00+00:00,0.097050
2023-07-21T04:00:00+00:00,0.088290
2023-07-21T05:00:00+00:00,0.095000
2023-07-21T06:00:00+00:00,0.110790
2023-07-21T07:00:00+00:00,0.103090
2023-07-21T08:00:00+00:00,0.088000
2023-07-21T09:00:00+00:00,0.089550
2023-07-21T10:00:00+00:00,0.080720
2023-07-21T11:00:00+00:00,0.077720
2023-07-21T12:00:00+00:00,0.074600
2023-07-21T13:00:00+00:00,0.073680
2023-07-21T14:00:00+00:00,0.073000
2023-07-21T15:00:00+00:00,0.087400
2023-07-21T16:00:00+00:00,0.084000
2023-07-21T17:00:00+00:00,0.121510
2023-07-21T18:00:00+00:00,0.130000
2023-07-21T19:00:00+00:00,0.121700
2023-07-21T20:00:00+00:00,0.108490
2023-07-21T21:00:00+00:00,0.095640
2023-07-21T22:00:00+00:00,0.097530
2023-07-21T23:00:00+00:00,0.098420
2023-07-22T00:00:00+00:00,0.093000
2023-07-22T01:00:00+00:00,0.094360
2023-07-22T02:00:00+00:00,0.089930
2023-07-22T03:00:00+00:00,0.088000
2023-07-22T04:00:00+00:00,0.088800
2023-07-22T05:00:00+00:00,0.086180
2023-07-22T06:00:00+00:00,0.082930
2023-07-22T07:00:00+00:00,0.090700
2023-07-22T08:00:00+00:00,0.074590
2023-07-22T09:00:00+00:00,0.046560
2023-07-22T10:00:00+00:00,0.044140
2023-07-22T11:00:00+00:00,0.022340
2023-07-22T12:00:00+00:00,0.019520
2023-07-22T13:00:00+00:00,0.029050
2023-07-22T14:00:00+00:00,0.046860
2023-07-22T15:00:00+00:00,0.070870
2023-07-22T16:00:00+00:00,0.085440
2023-07-22T17:00:00+00:00,0.099780
2023-07-22T18:00:00+00:00,0.103860
2023-07-22T19:00:00+00:00,0.116150
2023-07-22T20:00:00+00:00,0.102620
2023-07-22T21:00:00+00:00,0.097310
2023-07-22T22:00:00+00:00,0.087230
2023-07-22T23:00:00+00:00,0.079370
2023-07-23T00:00:00+00:00,0.065410
2023-07-23T01:00:00+00:00,0.033220
2023-07-23T02:00:00+00:00,0.015090
2023-07-23T03:00:00+00:00,0.011090
2023-07-23T04:00:00+00:00,0.005080
2023-07-23T05:00:00+00:00,0.002880
2023-07-23T06:00:00+00:00,0.003420
2023-07-23T07:00:00+00:00,0.000090
2023-07-23T08:00:00+00:00,0.000000
2023-07-23T09:00:00+00:00,-0.000030
2023-07-23T10:00:00+00:00,-0.000050
2023-07-23T11:00:00+00:00,-0.010080
2023-07-23T12:00:00+00:00,-0.017010
2023-07-23T13:00:00+00:00,-0.009610
2023-07-23T14:00:00+00:00,-0.004190
2023-07-23T15:00:00+00:00,0.000000
2023-07-23T16:00:00+00:00,0.027470
2023-07-23T17:00:00+00:00,0.066370
2023-07-23T18:00:00+00:00,0.087660
2023-07-23T19:00:00+00:00,0.093670
2023-07-23T20:00:00+00:00,0.100040
2023-07-23T21:00:00+00:00,0.093400
2023-07-23T22:00:00+00:00,0.077140
2023-07-23T23:00:00+00:00,0.070020
2023-07-24T00:00:00+00:00,0.068990
2023-07-24T01:00:00+00:00,0.072010
2023-07-24T02:00:00+00:00,0.072090
2023-07-24T03:00:00+00:00,0.087110
2023-07-24T04:00:00+00:00,0.099720
2023-07-24T05:00:00+00:00,0.111150
2023-07-24T06:00:00+00:00,0.113700
2023-07-24T07:00:00+00:00,0.105000
2023-07-24T08:00:00+00:00,0.099940
2023-07-24T09:00:00+00:00,0.094620
2023-07-24T10:00:00+00:00,0.087450
2023-07-24T11:00:00+00:00,0.081590
2023-07-24T12:00:00+00:00,0.074890
2023-07-24T13:00:00+00:00,0.063400
2023-07-24T14:00:00+00:00,0.063730
2023-07-24T15:00:00+00:00,0.077480
2023-07-24T16:00:00+00:00,0.095240
2023-07-24T17:00:00+00:00,0.104970
2023-07-24T18:00:00+00:00,0.109900
2023-07-24T19:00:00+00:00,0.112570
2023-07-24T20:00:00+00:00,0.104240
2023-07-24T21:00:00+00:00,0.102450
2023-07-24T22:00:00+00:00,0.096000
2023-07-24T23:00:00+00:00,0.086550
2023-07-25T00:00:00+00:00,0.084950
2023-07-25T01:00:00+00:00,0.084690
2023-07-25T02:00:00+00:00,0.084150
2023-07-25T03:00:00+00:00,0.094210
2023-07-25T04:00:00+00:00,0.089000
2023-07-25T05:00:00+00:00,0.094000
2023-07-25T06:00:00+00:00,0.100300
2023-07-25T07:00:00+00:00,0.094900
2023-07-25T08:00:00+00:00,0.081240
2023-07-25T09:00:00+00:00,0.072000
2023-07-25T10:00:00+00:00,0.039950
2023-07-25T11:00:00+00:00,0.026500
2023-07-25T12:00:00+00:00,0.025790
2023-07-25T13:00:00+00:00,0.041000
2023-07-25T14:00:00+00:00,0.074810
2023-07-25T15:00:00+00:00,0.084000
2023-07-25T16:00:00+00:00,0.088900
2023-07-25T17:00:00+00:00,0.105100
2023-07-25T18:00:00+00:00,0.119280
2023-07-25T19:00:00+00:00,0.118130
2023-07-25T20:00:00+00:00,0.110100
2023-07-25T21:00:00+00:00,0.098500
2023-07-25T22:00:00+00:00,0.097960
2023-07-25T23:00:00+00:00,0.089310
2023-07-26T00:00:00+00:00,0.086260
2023-07-26T01:00:00+00:00,0.079650
2023-07-26T02:00:00+00:00,0.079640
2023-07-26T03:00:00+00:00,0.086830
2023-07-26T04:00:00+00:00,0.100140
2023-07-26T05:00:00+00:00,0.114220
2023-07-26T06:00:00+00:00,0.119940
2023-07-26T07:00:00+00:00,0.105600
2023-07-26T08:00:00+00:00,0.097480
2023-07-26T09:00:00+00:00,0.090970
2023-07-26T10:00:00+00:00,0.084590
2023-07-26T11:00:00+00:00,0.072000
2023-07-26T12:00:00+00:00,0.065160
2023-07-26T13:00:00+00:00,0.056400
2023-07-26T14:00:00+00:00,0.080000
2023-07-26T15:00:00+00:00,0.089190
2023-07-26T16:00:00+00:00,0.095130
2023-07-26T17:00:00+00:00,0.114940
2023-07-26T18:00:00+00:00,0.120860
2023-07-26T19:00:00+00:00,0.117810
2023-07-26T20:00:00+00:00,0.110620
2023-07-26T21:00:00+00:00,0.097000
2023-07-26T22:00:00+00:00,0.098360
2023-07-26T23:00:00+00:00,0.082690
2023-07-27T00:00:00+00:00,0.076000
2023-07-27T01:00:00+00:00,0.071060
2023-07-27T02:00:00+00:00,0.070580
2023-07-27T03:00:00+00:00,0.078600
2023-07-27T04:00:00+00:00,0.083340
2023-07-27T05:00:00+00:00,0.098500
2023-07-27T06:00:00+00:00,0.104300
2023-07-27T07:00:00+00:00,0.099120
2023-07-27T08:00:00+00:00,0.096800
2023-07-27T09:00:00+00:00,0.090570
2023-07-27T10:00:00+00:00,0.086450
2023-07-27T11:00:00+00:00,0.080010
2023-07-27T12:00:00+00:00,0.078330
2023-07-27T13:00:00+00:00,0.080720
2023-07-27T14:00:00+00:00,0.091480
2023-07-27T15:00:00+00:00,0.105000
2023-07-27T16:00:00+00:00,0.112830
2023-07-27T17:00:00+00:00,0.114330
2023-07-27T18:00:00+00:00,0.109660
2023-07-27T19:00:00+00:00,0.107960
2023-07-27T20:00:00+00:00,0.106640
2023-07-27T21:00:00+00:00,0.099130
2023-07-27T22:00:00+00:00,0.088630
2023-07-27T23:00:00+00:00,0.079590
2023-07-28T00:00:00+00:00,0.078130
2023-07-28T01:00:00+00:00,0.079200
2023-07-28T02:00:00+00:00,0.080020
2023-07-28T03:00:00+00:00,0.089530
2023-07-28T04:00:00+00:00,0.099640
2023-07-28T05:00:00+00:00,0.111110
2023-07-28T06:00:00+00:00,0.112990
2023-07-28T07:00:00+00:00,0.107870
2023-07-28T08:00:00+00:00,0.099540
2023-07-28T09:00:00+00:00,0.093000
2023-07-28T10:00:00+00:00,0.083350
2023-07-28T11:00:00+00:00,0.080000
2023-07-28T12:00:00+00:00,0.075650
2023-07-28T13:00:00+00:00,0.076100
2023-07-28T14:00:00+00:00,0.080000
2023-07-28T15:00:00+00:00,0.092840
2023-07-28T16:00:00+00:00,0.101570
2023-07-28T17:00:00+00:00,0.111730
2023-07-28T18:00:00+00:00,0.112660
2023-07-28T19:00:00+00:00,0.120670
2023-07-28T20:00:00+00:00,0.112200
2023-07-28T21:00:00+00:00,0.101640
2023-07-28T22:00:00+00:00,0.103090
2023-07-28T23:00:00+00:00,0.094200
2023-07-29T00:00:00+00:00,0.091170
2023-07-29T01:00:00+00:00,0.085660
2023-07-29T02:00:00+00:00,0.088970
2023-07-29T03:00:00+00:00,0.087030
2023-07-29T04:00:00+00:00,0.085700
2023-07-29T05:00:00+00:00,0.087910
2023-07-29T06:00:00+00:00,0.085790
2023-07-29T07:00:00+00:00,0.081710
2023-07-29T08:00:00+00:00,0.075500
2023-07-29T09:00:00+00:00,0.063750
2023-07-29T10:00:00+00:00,0.058240
2023-07-29T11:00:00+00:00,0.040090
2023-07-29T12:00:00+00:00,0.015050
2023-07-29T13:00:00+00:00,0.019360
2023-07-29T14:00:00+00:00,0.009990
2023-07-29T15:00:00+00:00,0.050060
2023-07-29T16:00:00+00:00,0.072600
2023-07-29T17:00:00+00:00,0.091460
2023-07-29T18:00:00+00:00,0.099850
2023-07-29T19:00:00+00:00,0.100820
2023-07-29T20:00:00+00:00,0.100360
2023-07-29T21:00:00+00:00,0.092180
2023-07-29T22:00:00+00:00,0.084500
2023-07-29T23:00:00+00:00,0.074900
2023-07-30T00:00:00+00:00,0.067810
2023-07-30T01:00:00+00:00,0.057790
2023-07-30T02:00:00+00:00,0.051600
2023-07-30T03:00:00+00:00,0.051700
2023-07-30T04:00:00+00:00,0.047340
2023-07-30T05:00:00+00:00,0.037000
2023-07-30T06:00:00+00:00,0.029820
2023-07-30T07:00:00+00:00,0.008480
2023-07-30T08:00:00+00:00,-0.000010
2023-07-30T09:00:00+00:00,-0.016020
2023-07-30T10:00:00+00:00,-0.022330
2023-07-30T11:00:00+00:00,-0.068410
2023-07-30T12:00:00+00:00,-0.088030
2023-07-30T13:00:00+00:00,-0.061060
2023-07-30T14:00:00+00:00,-0.030320
2023-07-30T15:00:00+00:00,-0.011120
2023-07-30T16:00:00+00:00,0.004020
2023-07-30T17:00:00+00:00,0.074370
2023-07-30T18:00:00+00:00,0.084470
2023-07-30T19:00:00+00:00,0.086830
2023-07-30T20:00:00+00:00,0.086190
2023-07-30T21:00:00+00:00,0.070050
2023-07-30T22:00:00+00:00,0.061030
2023-07-30T23:00:00+00:00,0.050510
2023-07-31T00:00:00+00:00,0.044090
2023-07-31T01:00:00+00:00,0.030300
2023-07-31T02:00:00+00:00,0.028910
2023-07-31T03:00:00+00:00,0.050310
2023-07-31T04:00:00+00:00,0.077210
2023-07-31T05:00:00+00:00,0.086130
2023-07-31T06:00:00+00:00,0.088130
2023-07-31T07:00:00+00:00,0.086000
2023-07-31T08:00:00+00:00,0.074180
2023-07-31T09:00:00+00:00,0.067510
2023-07-31T10:00:00+00:00,0.065300
2023-07-31T11:00:00+00:00,0.059660
2023-07-31T12:00:00+00:00,0.059170
2023-07-31T13:00:00+00:00,0.060000
2023-07-31T14:00:00+00:00,0.067690
2023-07-31T15:00:00+00:00,0.075780
2023-07-31T16:00:00+00:00,0.088490
2023-07-31T17:00:00+00:00,0.097430
2023-07-31T18:00:00+00:00,0.099860
2023-07-31T19:00:00+00:00,0.098650
2023-07-31T20:00:00+00:00,0.095310
2023-07-31T21:00:00+00:00,0.087720
2023-07-31T22:00:00+00:00,0.068090
2023-07-31T23:00:00+00:00,0.058860
2023-08-01T00:00:00+00:00,0.057860
2023-08-01T01:00:00+00:00,0.056940
2023-08-01T02:00:00+00:00,0.057900
2023-08-01T03:00:00+00:00,0.063400
2023-08-01T04:00:00+00:00,0.090500
2023-08-01T05:00:00+00:00,0.094180
2023-08-01T06:00:00+00:00,0.095730
2023-08-01T07:00:00+00:00,0.090670
2023-08-01T08:00:00+00:00,0.086030
2023-08-01T09:00:00+00:00,0.070890
2023-08-01T10:00:00+00:00,0.068870
2023-08-01T11:00:00+00:00,0.061960
2023-08-01T12:00:00+00:00,0.052500
2023-08-01T13:00:00+00:00,0.047650
2023-08-01T14:00:00+00:00,0.053700
2023-08-01T15:00:00+00:00,0.068240
2023-08-01T16:00:00+00:00,0.081320
2023-08-01T17:00:00+00:00,0.096080
2023-08-01T18:00:00+00:00,0.108720
2023-08-01T19:00:00+00:00,0.112160
2023-08-01T20:00:00+00:00,0.102550
2023-08-01T21:00:00+00:00,0.092780
2023-08-01T22:00:00+00:00,0.089380
2023-08-01T23:00:00+00:00,0.077540
2023-08-02T00:00:00+00:00,0.069620
2023-08-02T01:00:00+00:00,0.067130
2023-08-02T02:00:00+00:00,0.069990
2023-08-02T03:00:00+00:00,0.085740
2023-08-02T04:00:00+00:00,0.102440
2023-08-02T05:00:00+00:00,0.111960
2023-08-02T06:00:00+00:00,0.097450
2023-08-02T07:00:00+00:00,0.088000
2023-08-02T08:00:00+00:00,0.078220
2023-08-02T09:00:00+00:00,0.064500
2023-08-02T10:00:00+00:00,0.052020
2023-08-02T11:00:00+00:00,0.033080
2023-08-02T12:00:00+00:00,0.024130
2023-08-02T13:00:00+00:00,0.018960
2023-08-02T14:00:00+00:00,0.028290
2023-08-02T15:00:00+00:00,0.052240
2023-08-02T16:00:00+00:00,0.068860
2023-08-02T17:00:00+00:00,0.082160
2023-08-02T18:00:00+00:00,0.080710
2023-08-02T19:00:00+00:00,0.077200
2023-08-02T20:00:00+00:00,0.065700
2023-08-02T21:00:00+00:00,0.041120
2023-08-02T22:00:00+00:00,0.019970
2023-08-02T23:00:00+00:00,0.009510
2023-08-03T00:00:00+00:00,0.003430
2023-08-03T01:00:00+00:00,0.005610
2023-08-03T02:00:00+00:00,0.007200
2023-08-03T03:00:00+00:00,0.024800
2023-08-03T04:00:00+00:00,0.047380
2023-08-03T05:00:00+00:00,0.070000
2023-08-03T06:00:00+00:00,0.070050
2023-08-03T07:00:00+00:00,0.062800
2023-08-03T08:00:00+00:00,0.045500
2023-08-03T09:00:00+00:00,0.034540
2023-08-03T10:00:00+00:00,0.027010
2023-08-03T11:00:00+00:00,0.021250
2023-08-03T12:00:00+00:00,0.017430
2023-08-03T13:00:00+00:00,0.017700
2023-08-03T14:00:00+00:00,0.021940
2023-08-03T15:00:00+00:00,0.049900
2023-08-03T16:00:00+00:00,0.080000
2023-08-03T17:00:00+00:00,0.095920
2023-08-03T18:00:00+00:00,0.100000
2023-08-03T19:00:00+00:00,0.115100
2023-08-03T20:00:00+00:00,0.113500
2023-08-03T21:00:00+00:00,0.092850
2023-08-03T22:00:00+00:00,0.090140
2023-08-03T23:00:00+00:00,0.083850
2023-08-04T00:00:00+00:00,0.080920
2023-08-04T01:00:00+00:00,0.079250
2023-08-04T02:00:00+00:00,0.082450
2023-08-04T03:00:00+00:00,0.087700
2023-08-04T04:00:00+00:00,0.099250
2023-08-04T05:00:00+00:00,0.110000
2023-08-04T06:00:00+00:00,0.114940
2023-08-04T07:00:00+00:00,0.097000
2023-08-04T08:00:00+00:00,0.095160
2023-08-04T09:00:00+00:00,0.090680
2023-08-04T10:00:00+00:00,0.086920
2023-08-04T11:00:00+00:00,0.080810
2023-08-04T12:00:00+00:00,0.077840
2023-08-04T13:00:00+00:00,0.076270
2023-08-04T14:00:00+00:00,0.077100
2023-08-04T15:00:00+00:00,0.081430
2023-08-04T16:00:00+00:00,0.095000
2023-08-04T17:00:00+00:00,0.111540
2023-08-04T18:00:00+00:00,0.138710
2023-08-04T19:00:00+00:00,0.126770
2023-08-04T20:00:00+00:00,0.109190
2023-08-04T21:00:00+00:00,0.098490
2023-08-04T22:00:00+00:00,0.101550
2023-08-04T23:00:00+00:00,0.094900
2023-08-05T00:00:00+00:00,0.092580
2023-08-05T01:00:00+00:00,0.090300
2023-08-05T02:00:00+00:00,0.090240
2023-08-05T03:00:00+00:00,0.090540
2023-08-05T04:00:00+00:00,0.094340
2023-08-05T05:00:00+00:00,0.092490
2023-08-05T06:00:00+00:00,0.091330
2023-08-05T07:00:00+00:00,0.088540
2023-08-05T08:00:00+00:00,0.080100
2023-08-05T09:00:00+00:00,0.074670
2023-08-05T10:00:00+00:00,0.065010
2023-08-05T11:00:00+00:00,0.058910
2023-08-05T12:00:00+00:00,0.058040
2023-08-05T13:00:00+00:00,0.065200
2023-08-05T14:00:00+00:00,0.077700
2023-08-05T15:00:00+00:00,0.095300
2023-08-05T16:00:00+00:00,0.103000
2023-08-05T17:00:00+00:00,0.107900
2023-08-05T18:00:00+00:00,0.119100
2023-08-05T19:00:00+00:00,0.107420
2023-08-05T20:00:00+00:00,0.098370
2023-08-05T21:00:00+00:00,0.087220
2023-08-05T22:00:00+00:00,0.088040
2023-08-05T23:00:00+00:00,0.088090
2023-08-06T00:00:00+00:00,0.079070
2023-08-06T01:00:00+00:00,0.079080
2023-08-06T02:00:00+00:00,0.075060
2023-08-06T03:00:00+00:00,0.084000
2023-08-06T04:00:00+00:00,0.075460
2023-08-06T05:00:00+00:00,0.066500
2023-08-06T06:00:00+00:00,0.063400
2023-08-06T07:00:00+00:00,0.057220
2023-08-06T08:00:00+00:00,0.050030
2023-08-06T09:00:00+00:00,0.043850
2023-08-06T10:00:00+00:00,0.000000
2023-08-06T11:00:00+00:00,0.000040
2023-08-06T12:00:00+00:00,-0.004750
2023-08-06T13:00:00+00:00,-0.004750
2023-08-06T14:00:00+00:00,0.000000
2023-08-06T15:00:00+00:00,0.035170
2023-08-06T16:00:00+00:00,0.062030
2023-08-06T17:00:00+00:00,0.072610
2023-08-06T18:00:00+00:00,0.076850
2023-08-06T19:00:00+00:00,0.077350
2023-08-06T20:00:00+00:00,0.071860
2023-08-06T21:00:00+00:00,0.072600
2023-08-06T22:00:00+00:00,0.054510
2023-08-06T23:00:00+00:00,0.047950
2023-08-07T00:00:00+00:00,0.050000
2023-08-07T01:00:00+00:00,0.007480
2023-08-07T02:00:00+00:00,0.030030
2023-08-07T03:00:00+00:00,0.000030
2023-08-07T04:00:00+00:00,0.072220
2023-08-07T05:00:00+00:00,0.084100
2023-08-07T06:00:00+00:00,0.064050
2023-08-07T07:00:00+00:00,0.025280
2023-08-07T08:00:00+00:00,0.000010
2023-08-07T09:00:00+00:00,-0.004750
2023-08-07T10:00:00+00:00,-0.015630
2023-08-07T11:00:00+00:00,-0.027060
2023-08-07T12:00:00+00:00,-0.041850
2023-08-07T13:00:00+00:00,-0.020020
2023-08-07T14:00:00+00:00,-0.010020
2023-08-07T15:00:00+00:00,-0.000040
2023-08-07T16:00:00+00:00,0.011000
2023-08-07T17:00:00+00:00,0.074900
2023-08-07T18:00:00+00:00,0.112000
2023-08-07T19:00:00+00:00,0.118000
2023-08-07T20:00:00+00:00,0.114000
2023-08-07T21:00:00+00:00,0.084900
2023-08-07T22:00:00+00:00,0.092700
2023-08-07T23:00:00+00:00,0.088000
2023-08-08T00:00:00+00:00,0.085000
2023-08-08T01:00:00+00:00,0.080000
2023-08-08T02:00:00+00:00,0.075770
2023-08-08T03:00:00+00:00,0.068840
2023-08-08T04:00:00+00:00,0.098870
2023-08-08T05:00:00+00:00,0.080500
2023-08-08T06:00:00+00:00,0.004900
2023-08-08T07:00:00+00:00,-0.002700
2023-08-08T08:00:00+00:00,-0.010030
2023-08-08T09:00:00+00:00,-0.040080
2023-08-08T10:00:00+00:00,-0.051580
2023-08-08T11:00:00+00:00,-0.073220
2023-08-08T12:00:00+00:00,-0.079220
2023-08-08T13:00:00+00:00,-0.048920
2023-08-08T14:00:00+00:00,-0.010710
2023-08-08T15:00:00+00:00,-0.000820
2023-08-08T16:00:00+00:00,0.040000
2023-08-08T17:00:00+00:00,0.088710
2023-08-08T18:00:00+00:00,0.095340
2023-08-08T19:00:00+00:00,0.105090
2023-08-08T20:00:00+00:00,0.105990
2023-08-08T21:00:00+00:00,0.099900
2023-08-08T22:00:00+00:00,0.085700
2023-08-08T23:00:00+00:00,0.079000
2023-08-09T00:00:00+00:00,0.074500
2023-08-09T01:00:00+00:00,0.070100
2023-08-09T02:00:00+00:00,0.074120
2023-08-09T03:00:00+00:00,0.083950
2023-08-09T04:00:00+00:00,0.098160
2023-08-09T05:00:00+00:00,0.105700
2023-08-09T06:00:00+00:00,0.106440
2023-08-09T07:00:00+00:00,0.099590
2023-08-09T08:00:00+00:00,0.071470
2023-08-09T09:00:00+00:00,0.002860
2023-08-09T10:00:00+00:00,0.000940
2023-08-09T11:00:00+00:00,-0.000600
2023-08-09T12:00:00+00:00,0.003250
2023-08-09T13:00:00+00:00,0.000100
2023-08-09T14:00:00+00:00,0.004900
2023-08-09T15:00:00+00:00,0.064900
2023-08-09T16:00:00+00:00,0.094300
2023-08-09T17:00:00+00:00,0.114400
2023-08-09T18:00:00+00:00,0.134580
2023-08-09T19:00:00+00:00,0.131350
2023-08-09T20:00:00+00:00,0.122470
2023-08-09T21:00:00+00:00,0.100960
2023-08-09T22:00:00+00:00,0.096270
2023-08-09T23:00:00+00:00,0.091990
2023-08-10T00:00:00+00:00,0.089150
2023-08-10T01:00:00+00:00,0.079980
2023-08-10T02:00:00+00:00,0.084850
2023-08-10T03:00:00+00:00,0.086100
2023-08-10T04:00:00+00:00,0.099900
2023-08-10T05:00:00+00:00,0.103320
2023-08-10T06:00:00+00:00,0.104200
2023-08-10T07:00:00+00:00,0.096000
2023-08-10T08:00:00+00:00,0.070200
2023-08-10T09:00:00+00:00,0.043910
2023-08-10T10:00:00+00:00,0.018250
2023-08-10T11:00:00+00:00,0.018010
2023-08-10T12:00:00+00:00,0.016770
2023-08-10T13:00:00+00:00,0.030690
2023-08-10T14:00:00+00:00,0.066150
2023-08-10T15:00:00+00:00,0.087700
2023-08-10T16:00:00+00:00,0.097080
2023-08-10T17:00:00+00:00,0.103460
2023-08-10T18:00:00+00:00,0.164910
2023-08-10T19:00:00+00:00,0.142020
2023-08-10T20:00:00+00:00,0.115490
2023-08-10T21:00:00+00:00,0.101110
2023-08-10T22:00:00+00:00,0.111300
2023-08-10T23:00:00+00:00,0.106270
2023-08-11T00:00:00+00:00,0.102860
2023-08-11T01:00:00+00:00,0.098350
2023-08-11T02:00:00+00:00,0.087590
2023-08-11T03:00:00+00:00,0.093000
2023-08-11T04:00:00+00:00,0.116380
2023-08-11T05:00:00+00:00,0.120300
2023-08-11T06:00:00+00:00,0.114970
2023-08-11T07:00:00+00:00,0.099710
2023-08-11T08:00:00+00:00,0.085000
2023-08-11T09:00:00+00:00,0.074300
2023-08-11T10:00:00+00:00,0.030100
2023-08-11T11:00:00+00:00,0.016630
2023-08-11T12:00:00+00:00,0.024900
2023-08-11T13:00:00+00:00,0.058010
2023-08-11T14:00:00+00:00,0.084580
2023-08-11T15:00:00+00:00,0.097980
2023-08-11T16:00:00+00:00,0.108300
2023-08-11T17:00:00+00:00,0.130000
2023-08-11T18:00:00+00:00,0.138870
2023-08-11T19:00:00+00:00,0.132590
2023-08-11T20:00:00+00:00,0.118000
2023-08-11T21:00:00+00:00,0.104060
2023-08-11T22:00:00+00:00,0.103540
2023-08-11T23:00:00+00:00,0.098200
2023-08-12T00:00:00+00:00,0.097700
2023-08-12T01:00:00+00:00,0.095730
2023-08-12T02:00:00+00:00,0.093910
2023-08-12T03:00:00+00:00,0.098060
2023-08-12T04:00:00+00:00,0.095110
2023-08-12T05:00:00+00:00,0.099310
2023-08-12T06:00:00+00:00,0.101780
2023-08-12T07:00:00+00:00,0.088500
2023-08-12T08:00:00+00:00,0.077610
2023-08-12T09:00:00+00:00,0.064760
2023-08-12T10:00:00+00:00,0.050000
2023-08-12T11:00:00+00:00,0.023720
2023-08-12T12:00:00+00:00,0.006000
2023-08-12T13:00:00+00:00,0.006920
2023-08-12T14:00:00+00:00,0.020400
2023-08-12T15:00:00+00:00,0.065120
2023-08-12T16:00:00+00:00,0.089430
2023-08-12T17:00:00+00:00,0.106470
2023-08-12T18:00:00+00:00,0.111160
2023-08-12T19:00:00+00:00,0.112280
2023-08-12T20:00:00+00:00,0.108050
2023-08-12T21:00:00+00:00,0.101660
2023-08-12T22:00:00+00:00,0.090100
2023-08-12T23:00:00+00:00,0.084670
2023-08-13T00:00:00+00:00,0.078800
2023-08-13T01:00:00+00:00,0.069660
2023-08-13T02:00:00+00:00,0.069000
2023-08-13T03:00:00+00:00,0.072020
2023-08-13T04:00:00+00:00,0.077730
2023-08-13T05:00:00+00:00,0.076640
2023-08-13T06:00:00+00:00,0.069930
2023-08-13T07:00:00+00:00,0.047890
2023-08-13T08:00:00+00:00,0.027420
2023-08-13T09:00:00+00:00,0.013700
2023-08-13T10:00:00+00:00,0.000010
2023-08-13T11:00:00+00:00,-0.003790
2023-08-13T12:00:00+00:00,0.001440
2023-08-13T13:00:00+00:00,0.006760
2023-08-13T14:00:00+00:00,0.017450
2023-08-13T15:00:00+00:00,0.072260
2023-08-13T16:00:00+00:00,0.097160
2023-08-13T17:00:00+00:00,0.100000
2023-08-13T18:00:00+00:00,0.110900
2023-08-13T19:00:00+00:00,0.120000
2023-08-13T20:00:00+00:00,0.120050
2023-08-13T21:00:00+00:00,0.114000
2023-08-13T22:00:00+00:00,0.098010
2023-08-13T23:00:00+00:00,0.089630
2023-08-14T00:00:00+00:00,0.084320
2023-08-14T01:00:00+00:00,0.085840
2023-08-14T02:00:00+00:00,0.089800
2023-08-14T03:00:00+00:00,0.105300
2023-08-14T04:00:00+00:00,0.119970
2023-08-14T05:00:00+00:00,0.124660
2023-08-14T06:00:00+00:00,0.112960
2023-08-14T07:00:00+00:00,0.099330
2023-08-14T08:00:00+00:00,0.082130
2023-08-14T09:00:00+00:00,0.075660
2023-08-14T10:00:00+00:00,0.067660
2023-08-14T11:00:00+00:00,0.063570
2023-08-14T12:00:00+00:00,0.067020
2023-08-14T13:00:00+00:00,0.074100
2023-08-14T14:00:00+00:00,0.081480
2023-08-14T15:00:00+00:00,0.097270
2023-08-14T16:00:00+00:00,0.103400
2023-08-14T17:00:00+00:00,0.131510
2023-08-14T18:00:00+00:00,0.137000
2023-08-14T19:00:00+00:00,0.128780
2023-08-14T20:00:00+00:00,0.110990
2023-08-14T21:00:00+00:00,0.101060
2023-08-14T22:00:00+00:00,0.099600
2023-08-14T23:00:00+00:00,0.092650
2023-08-15T00:00:00+00:00,0.092160
2023-08-15T01:00:00+00:00,0.089960
2023-08-15T02:00:00+00:00,0.087670
2023-08-15T03:00:00+00:00,0.092000
2023-08-15T04:00:00+00:00,0.106760
2023-08-15T05:00:00+00:00,0.131160
2023-08-15T06:00:00+00:00,0.117690
2023-08-15T07:00:00+00:00,0.093380
2023-08-15T08:00:00+00:00,0.079480
2023-08-15T09:00:00+00:00,0.070890
2023-08-15T10:00:00+00:00,0.059080
2023-08-15T11:00:00+00:00,0.025430
2023-08-15T12:00:00+00:00,0.023540
2023-08-15T13:00:00+00:00,0.045850
2023-08-15T14:00:00+00:00,0.070260
2023-08-15T15:00:00+00:00,0.091830
2023-08-15T16:00:00+00:00,0.102180
2023-08-15T17:00:00+00:00,0.124490
2023-08-15T18:00:00+00:00,0.142000
2023-08-15T19:00:00+00:00,0.133040
2023-08-15T20:00:00+00:00,0.125350
2023-08-15T21:00:00+00:00,0.107890
2023-08-15T22:00:00+00:00,0.106790
2023-08-15T23:00:00+00:00,0.097450
2023-08-16T00:00:00+00:00,0.092600
2023-08-16T01:00:00+00:00,0.090520
2023-08-16T02:00:00+00:00,0.090170
2023-08-16T03:00:00+00:00,0.096540
2023-08-16T04:00:00+00:00,0.116410
2023-08-16T05:00:00+00:00,0.139900
2023-08-16T06:00:00+00:00,0.127040
2023-08-16T07:00:00+00:00,0.109510
2023-08-16T08:00:00+00:00,0.099260
2023-08-16T09:00:00+00:00,0.094030
2023-08-16T10:00:00+00:00,0.086700
2023-08-16T11:00:00+00:00,0.084510
2023-08-16T12:00:00+00:00,0.079980
2023-08-16T13:00:00+00:00,0.080000
2023-08-16T14:00:00+00:00,0.088400
2023-08-16T15:00:00+00:00,0.106720
2023-08-16T16:00:00+00:00,0.128430
2023-08-16T17:00:00+00:00,0.153470
2023-08-16T18:00:00+00:00,0.151390
2023-08-16T19:00:00+00:00,0.136100
2023-08-16T20:00:00+00:00,0.119900
2023-08-16T21:00:00+00:00,0.099990
2023-08-16T22:00:00+00:00,0.104880
2023-08-16T23:00:00+00:00,0.098380
2023-08-17T00:00:00+00:00,0.097950
2023-08-17T01:00:00+00:00,0.094950
2023-08-17T02:00:00+00:00,0.092160
2023-08-17T03:00:00+00:00,0.099850
2023-08-17T04:00:00+00:00,0.119270
2023-08-17T05:00:00+00:00,0.124010
2023-08-17T06:00:00+00:00,0.124760
2023-08-17T07:00:00+00:00,0.108390
2023-08-17T08:00:00+00:00,0.100000
2023-08-17T09:00:00+00:00,0.095190
2023-08-17T10:00:00+00:00,0.091620
2023-08-17T11:00:00+00:00,0.089980
2023-08-17T12:00:00+00:00,0.089980
2023-08-17T13:00:00+00:00,0.088950
2023-08-17T14:00:00+00:00,0.091520
2023-08-17T15:00:00+00:00,0.105000
2023-08-17T16:00:00+00:00,0.117130
2023-08-17T17:00:00+00:00,0.141000
2023-08-17T18:00:00+00:00,0.139220
2023-08-17T19:00:00+00:00,0.128780
2023-08-17T20:00:00+00:00,0.116630
2023-08-17T21:00:00+00:00,0.106750
2023-08-17T22:00:00+00:00,0.104760
2023-08-17T23:00:00+00:00,0.097300
2023-08-18T00:00:00+00:00,0.100060
2023-08-18T01:00:00+00:00,0.097180
2023-08-18T02:00:00+00:00,0.097540
2023-08-18T03:00:00+00:00,0.100050
2023-08-18T04:00:00+00:00,0.116440
2023-08-18T05:00:00+00:00,0.130910
2023-08-18T06:00:00+00:00,0.120080
2023-08-18T07:00:00+00:00,0.106840
2023-08-18T08:00:00+00:00,0.095850
2023-08-18T09:00:00+00:00,0.089050
2023-08-18T10:00:00+00:00,0.086280
2023-08-18T11:00:00+00:00,0.082850
2023-08-18T12:00:00+00:00,0.084160
2023-08-18T13:00:00+00:00,0.088370
2023-08-18T14:00:00+00:00,0.095240
2023-08-18T15:00:00+00:00,0.108120
2023-08-18T16:00:00+00:00,0.124460
2023-08-18T17:00:00+00:00,0.136970
2023-08-18T18:00:00+00:00,0.145130
2023-08-18T19:00:00+00:00,0.122990
2023-08-18T20:00:00+00:00,0.103710
2023-08-18T21:00:00+00:00,0.097080
2023-08-18T22:00:00+00:00,0.098850
2023-08-18T23:00:00+00:00,0.099570
2023-08-19T00:00:00+00:00,0.090210
2023-08-19T01:00:00+00:00,0.093640
2023-08-19T02:00:00+00:00,0.095900
2023-08-19T03:00:00+00:00,0.095900
2023-08-19T04:00:00+00:00,0.099900
2023-08-19T05:00:00+00:00,0.088200
2023-08-19T06:00:00+00:00,0.083020
2023-08-19T07:00:00+00:00,0.079370
2023-08-19T08:00:00+00:00,0.069400
2023-08-19T09:00:00+00:00,0.041830
2023-08-19T10:00:00+00:00,0.025450
2023-08-19T11:00:00+00:00,0.014860
2023-08-19T12:00:00+00:00,0.012590
2023-08-19T13:00:00+00:00,0.025010
2023-08-19T14:00:00+00:00,0.055840
2023-08-19T15:00:00+00:00,0.077600
2023-08-19T16:00:00+00:00,0.098960
2023-08-19T17:00:00+00:00,0.099900
2023-08-19T18:00:00+00:00,0.129400
2023-08-19T19:00:00+00:00,0.132540
2023-08-19T20:00:00+00:00,0.123710
2023-08-19T21:00:00+00:00,0.112540
2023-08-19T22:00:00+00:00,0.113990
2023-08-19T23:00:00+00:00,0.110590
2023-08-20T00:00:00+00:00,0.105170
2023-08-20T01:00:00+00:00,0.105020
2023-08-20T02:00:00+00:00,0.103010
2023-08-20T03:00:00+00:00,0.104610
2023-08-20T04:00:00+00:00,0.104960
2023-08-20T05:00:00+00:00,0.099690
2023-08-20T06:00:00+00:00,0.098990
2023-08-20T07:00:00+00:00,0.086620
2023-08-20T08:00:00+00:00,0.073280
2023-08-20T09:00:00+00:00,0.044000
2023-08-20T10:00:00+00:00,0.009130
2023-08-20T11:00:00+00:00,0.013250
2023-08-20T12:00:00+00:00,0.013840
2023-08-20T13:00:00+00:00,0.033810
2023-08-20T14:00:00+00:00,0.078980
2023-08-20T15:00:00+00:00,0.095100
2023-08-20T16:00:00+00:00,0.112000
2023-08-20T17:00:00+00:00,0.128800
2023-08-20T18:00:00+00:00,0.140000
2023-08-20T19:00:00+00:00,0.139540
2023-08-20T20:00:00+00:00,0.126710
2023-08-20T21:00:00+00:00,0.111950
2023-08-20T22:00:00+00:00,0.111950
2023-08-20T23:00:00+00:00,0.101670
2023-08-21T00:00:00+00:00,0.098710
2023-08-21T01:00:00+00:00,0.095120
2023-08-21T02:00:00+00:00,0.097710
2023-08-21T03:00:00+00:00,0.106470
2023-08-21T04:00:00+00:00,0.138840
2023-08-21T05:00:00+00:00,0.160930
2023-08-21T06:00:00+00:00,0.137270
2023-08-21T07:00:00+00:00,0.115070
2023-08-21T08:00:00+00:00,0.104020
2023-08-21T09:00:00+00:00,0.088520
2023-08-21T10:00:00+00:00,0.075400
2023-08-21T11:00:00+00:00,0.064900
2023-08-21T12:00:00+00:00,0.077720
2023-08-21T13:00:00+00:00,0.087300
2023-08-21T14:00:00+00:00,0.096170
2023-08-21T15:00:00+00:00,0.118680
2023-08-21T16:00:00+00:00,0.142770
2023-08-21T17:00:00+00:00,0.186730
2023-08-21T18:00:00+00:00,0.203450
2023-08-21T19:00:00+00:00,0.166350
2023-08-21T20:00:00+00:00,0.136010
2023-08-21T21:00:00+00:00,0.115000
2023-08-21T22:00:00+00:00,0.113690
2023-08-21T23:00:00+00:00,0.104560
2023-08-22T00:00:00+00:00,0.102650
2023-08-22T01:00:00+00:00,0.102260
2023-08-22T02:00:00+00:00,0.099900
2023-08-22T03:00:00+00:00,0.108060
2023-08-22T04:00:00+00:00,0.126780
2023-08-22T05:00:00+00:00,0.150000
2023-08-22T06:00:00+00:00,0.136840
2023-08-22T07:00:00+00:00,0.115910
2023-08-22T08:00:00+00:00,0.102400
2023-08-22T09:00:00+00:00,0.099670
2023-08-22T10:00:00+00:00,0.083710
2023-08-22T11:00:00+00:00,0.081880
2023-08-22T12:00:00+00:00,0.081390
2023-08-22T13:00:00+00:00,0.090700
2023-08-22T14:00:00+00:00,0.098000
2023-08-22T15:00:00+00:00,0.107550
2023-08-22T16:00:00+00:00,0.139000
2023-08-22T17:00:00+00:00,0.192830
2023-08-22T18:00:00+00:00,0.206480
2023-08-22T19:00:00+00:00,0.166300
2023-08-22T20:00:00+00:00,0.145800
2023-08-22T21:00:00+00:00,0.127600
2023-08-22T22:00:00+00:00,0.123890
2023-08-22T23:00:00+00:00,0.112670
2023-08-23T00:00:00+00:00,0.109900
2023-08-23T01:00:00+00:00,0.106340
2023-08-23T02:00:00+00:00,0.107500
2023-08-23T03:00:00+00:00,0.114240
2023-08-23T04:00:00+00:00,0.140100
2023-08-23T05:00:00+00:00,0.162000
2023-08-23T06:00:00+00:00,0.157410
2023-08-23T07:00:00+00:00,0.136500
2023-08-23T08:00:00+00:00,0.117500
2023-08-23T09:00:00+00:00,0.105600
2023-08-23T10:00:00+00:00,0.094530
2023-08-23T11:00:00+00:00,0.087810
2023-08-23T12:00:00+00:00,0.087370
2023-08-23T13:00:00+00:00,0.094430
2023-08-23T14:00:00+00:00,0.116000
2023-08-23T15:00:00+00:00,0.144200
2023-08-23T16:00:00+00:00,0.225500
2023-08-23T17:00:00+00:00,0.276120
2023-08-23T18:00:00+00:00,0.291930
2023-08-23T19:00:00+00:00,0.240790
2023-08-23T20:00:00+00:00,0.172820
2023-08-23T21:00:00+00:00,0.138670
2023-08-23T22:00:00+00:00,0.133820
2023-08-23T23:00:00+00:00,0.124950
2023-08-24T00:00:00+00:00,0.118050
2023-08-24T01:00:00+00:00,0.108030
2023-08-24T02:00:00+00:00,0.096200
2023-08-24T03:00:00+00:00,0.095000
2023-08-24T04:00:00+00:00,0.110100
2023-08-24T05:00:00+00:00,0.139400
2023-08-24T06:00:00+00:00,0.136930
2023-08-24T07:00:00+00:00,0.131970
2023-08-24T08:00:00+00:00,0.100200
2023-08-24T09:00:00+00:00,0.103540
2023-08-24T10:00:00+00:00,0.100080
2023-08-24T11:00:00+00:00,0.101850
2023-08-24T12:00:00+00:00,0.111600
2023-08-24T13:00:00+00:00,0.116270
2023-08-24T14:00:00+00:00,0.123780
2023-08-24T15:00:00+00:00,0.158070
2023-08-24T16:00:00+00:00,0.211780
2023-08-24T17:00:00+00:00,0.265060
2023-08-24T18:00:00+00:00,0.249580
2023-08-24T19:00:00+00:00,0.187860
2023-08-24T20:00:00+00:00,0.159460
2023-08-24T21:00:00+00:00,0.130190
2023-08-24T22:00:00+00:00,0.105240
2023-08-24T23:00:00+00:00,0.096420
2023-08-25T00:00:00+00:00,0.095710
2023-08-25T01:00:00+00:00,0.095900
2023-08-25T02:00:00+00:00,0.096760
2023-08-25T03:00:00+00:00,0.103000
2023-08-25T04:00:00+00:00,0.124220
2023-08-25T05:00:00+00:00,0.135120
2023-08-25T06:00:00+00:00,0.139420
2023-08-25T07:00:00+00:00,0.129030
2023-08-25T08:00:00+00:00,0.116670
2023-08-25T09:00:00+00:00,0.110610
2023-08-25T10:00:00+00:00,0.101950
2023-08-25T11:00:00+00:00,0.100000
2023-08-25T12:00:00+00:00,0.095720
2023-08-25T13:00:00+00:00,0.093580
2023-08-25T14:00:00+00:00,0.099720
2023-08-25T15:00:00+00:00,0.117870
2023-08-25T16:00:00+00:00,0.135420
2023-08-25T17:00:00+00:00,0.156780
2023-08-25T18:00:00+00:00,0.150000
2023-08-25T19:00:00+00:00,0.135900
2023-08-25T20:00:00+00:00,0.126150
2023-08-25T21:00:00+00:00,0.107020
2023-08-25T22:00:00+00:00,0.109900
2023-08-25T23:00:00+00:00,0.104100
2023-08-26T00:00:00+00:00,0.101910
2023-08-26T01:00:00+00:00,0.099520
2023-08-26T02:00:00+00:00,0.094890
2023-08-26T03:00:00+00:00,0.090500
2023-08-26T04:00:00+00:00,0.095480
2023-08-26T05:00:00+00:00,0.095900
2023-08-26T06:00:00+00:00,0.098300
2023-08-26T07:00:00+00:00,0.092640
2023-08-26T08:00:00+00:00,0.085120
2023-08-26T09:00:00+00:00,0.078960
2023-08-26T10:00:00+00:00,0.054900
2023-08-26T11:00:00+00:00,0.015000
2023-08-26T12:00:00+00:00,0.036710
2023-08-26T13:00:00+00:00,0.079820
2023-08-26T14:00:00+00:00,0.087040
2023-08-26T15:00:00+00:00,0.094800
2023-08-26T16:00:00+00:00,0.100000
2023-08-26T17:00:00+00:00,0.120000
2023-08-26T18:00:00+00:00,0.130980
2023-08-26T19:00:00+00:00,0.134700
2023-08-26T20:00:00+00:00,0.122980
2023-08-26T21:00:00+00:00,0.110630
2023-08-26T22:00:00+00:00,0.102390
2023-08-26T23:00:00+00:00,0.098310
2023-08-27T00:00:00+00:00,0.096910
2023-08-27T01:00:00+00:00,0.096570
2023-08-27T02:00:00+00:00,0.098600
2023-08-27T03:00:00+00:00,0.099530
2023-08-27T04:00:00+00:00,0.096310
2023-08-27T05:00:00+00:00,0.096000
2023-08-27T06:00:00+00:00,0.094100
2023-08-27T07:00:00+00:00,0.094920
2023-08-27T08:00:00+00:00,0.093220
2023-08-27T09:00:00+00:00,0.093960
2023-08-27T10:00:00+00:00,0.080410
2023-08-27T11:00:00+00:00,0.059000
2023-08-27T12:00:00+00:00,0.000010
2023-08-27T13:00:00+00:00,0.067830
2023-08-27T14:00:00+00:00,0.085720
2023-08-27T15:00:00+00:00,0.100860
2023-08-27T16:00:00+00:00,0.099900
2023-08-27T17:00:00+00:00,0.120250
2023-08-27T18:00:00+00:00,0.125200
2023-08-27T19:00:00+00:00,0.127250
2023-08-27T20:00:00+00:00,0.119000
2023-08-27T21:00:00+00:00,0.102990
2023-08-27T22:00:00+00:00,0.093310
2023-08-27T23:00:00+00:00,0.088520
2023-08-28T00:00:00+00:00,0.085000
2023-08-28T01:00:00+00:00,0.080660
2023-08-28T02:00:00+00:00,0.086710
2023-08-28T03:00:00+00:00,0.093960
2023-08-28T04:00:00+00:00,0.111600
2023-08-28T05:00:00+00:00,0.135660
2023-08-28T06:00:00+00:00,0.140800
2023-08-28T07:00:00+00:00,0.124310
2023-08-28T08:00:00+00:00,0.100020
2023-08-28T09:00:00+00:00,0.098000
2023-08-28T10:00:00+00:00,0.100900
2023-08-28T11:00:00+00:00,0.088000
2023-08-28T12:00:00+00:00,0.083340
2023-08-28T13:00:00+00:00,0.081510
2023-08-28T14:00:00+00:00,0.090000
2023-08-28T15:00:00+00:00,0.099910
2023-08-28T16:00:00+00:00,0.130000
2023-08-28T17:00:00+00:00,0.166230
2023-08-28T18:00:00+00:00,0.166730
2023-08-28T19:00:00+00:00,0.142400
2023-08-28T20:00:00+00:00,0.123720
2023-08-28T21:00:00+00:00,0.107940
2023-08-28T22:00:00+00:00,0.103120
2023-08-28T23:00:00+00:00,0.096970
2023-08-29T00:00:00+00:00,0.095040
2023-08-29T01:00:00+00:00,0.095040
2023-08-29T02:00:00+00:00,0.095050
2023-08-29T03:00:00+00:00,0.098810
2023-08-29T04:00:00+00:00,0.116620
2023-08-29T05:00:00+00:00,0.144560
2023-08-29T06:00:00+00:00,0.119900
2023-08-29T07:00:00+00:00,0.117800
2023-08-29T08:00:00+00:00,0.103930
2023-08-29T09:00:00+00:00,0.095300
2023-08-29T10:00:00+00:00,0.093000
2023-08-29T11:00:00+00:00,0.090100
2023-08-29T12:00:00+00:00,0.089000
2023-08-29T13:00:00+00:00,0.091500
2023-08-29T14:00:00+00:00,0.100000
2023-08-29T15:00:00+00:00,0.094600
2023-08-29T16:00:00+00:00,0.115500
2023-08-29T17:00:00+00:00,0.145590
2023-08-29T18:00:00+00:00,0.158540
2023-08-29T19:00:00+00:00,0.136680
2023-08-29T20:00:00+00:00,0.122080
2023-08-29T21:00:00+00:00,0.102810
2023-08-29T22:00:00+00:00,0.100120
2023-08-29T23:00:00+00:00,0.098600
2023-08-30T00:00:00+00:00,0.096360
2023-08-30T01:00:00+00:00,0.093490
2023-08-30T02:00:00+00:00,0.093710
2023-08-30T03:00:00+00:00,0.094590
2023-08-30T04:00:00+00:00,0.110100
2023-08-30T05:00:00+00:00,0.133640
2023-08-30T06:00:00+00:00,0.136850
2023-08-30T07:00:00+00:00,0.124500
2023-08-30T08:00:00+00:00,0.110200
2023-08-30T09:00:00+00:00,0.098870
2023-08-30T10:00:00+00:00,0.097380
2023-08-30T11:00:00+00:00,0.095280
2023-08-30T12:00:00+00:00,0.094020
2023-08-30T13:00:00+00:00,0.096650
2023-08-30T14:00:00+00:00,0.095740
2023-08-30T15:00:00+00:00,0.109890
2023-08-30T16:00:00+00:00,0.130000
2023-08-30T17:00:00+00:00,0.161840
2023-08-30T18:00:00+00:00,0.163000
2023-08-30T19:00:00+00:00,0.134400
2023-08-30T20:00:00+00:00,0.119490
2023-08-30T21:00:00+00:00,0.101590
2023-08-30T22:00:00+00:00,0.096310
2023-08-30T23:00:00+00:00,0.091760
2023-08-31T00:00:00+00:00,0.091430
2023-08-31T01:00:00+00:00,0.090780
2023-08-31T02:00:00+00:00,0.088510
2023-08-31T03:00:00+00:00,0.091550
2023-08-31T04:00:00+00:00,0.105300
2023-08-31T05:00:00+00:00,0.135610
2023-08-31T06:00:00+00:00,0.127800
2023-08-31T07:00:00+00:00,0.114090
2023-08-31T08:00:00+00:00,0.096910
2023-08-31T09:00:00+00:00,0.092000
2023-08-31T10:00:00+00:00,0.090060
2023-08-31T11:00:00+00:00,0.084980
2023-08-31T12:00:00+00:00,0.081680
2023-08-31T13:00:00+00:00,0.086680
2023-08-31T14:00:00+00:00,0.089340
2023-08-31T15:00:00+00:00,0.099800
2023-08-31T16:00:00+00:00,0.118970
2023-08-31T17:00:00+00:00,0.148550
2023-08-31T18:00:00+00:00,0.138990
2023-08-31T19:00:00+00:00,0.125670
2023-08-31T20:00:00+00:00,0.106070
2023-08-31T21:00:00+00:00,0.096890
2023-08-31T22:00:00+00:00,0.098900
2023-08-31T23:00:00+00:00,0.095970
2023-09-01T00:00:00+00:00,0.093290
2023-09-01T01:00:00+00:00,0.093740
2023-09-01T02:00:00+00:00,0.094080
2023-09-01T03:00:00+00:00,0.097200
2023-09-01T04:00:00+00:00,0.112040
2023-09-01T05:00:00+00:00,0.128430
2023-09-01T06:00:00+00:00,0.129430
2023-09-01T07:00:00+00:00,0.111300
2023-09-01T08:00:00+00:00,0.102220
2023-09-01T09:00:00+00:00,0.096520
2023-09-01T10:00:00+00:00,0.092020
2023-09-01T11:00:00+00:00,0.088900
2023-09-01T12:00:00+00:00,0.089230
2023-09-01T13:00:00+00:00,0.092550
2023-09-01T14:00:00+00:00,0.094080
2023-09-01T15:00:00+00:00,0.106050
2023-09-01T16:00:00+00:00,0.125500
2023-09-01T17:00:00+00:00,0.147730
2023-09-01T18:00:00+00:00,0.144480
2023-09-01T19:00:00+00:00,0.127820
2023-09-01T20:00:00+00:00,0.118560
2023-09-01T21:00:00+00:00,0.114650
2023-09-01T22:00:00+00:00,0.107460
2023-09-01T23:00:00+00:00,0.102700
2023-09-02T00:00:00+00:00,0.100000
2023-09-02T01:00:00+00:00,0.096470
2023-09-02T02:00:00+00:00,0.095840
2023-09-02T03:00:00+00:00,0.096300
2023-09-02T04:00:00+00:00,0.101020
2023-09-02T05:00:00+00:00,0.101090
2023-09-02T06:00:00+00:00,0.100220
2023-09-02T07:00:00+00:00,0.094580
2023-09-02T08:00:00+00:00,0.089770
2023-09-02T09:00:00+00:00,0.079900
2023-09-02T10:00:00+00:00,0.076000
2023-09-02T11:00:00+00:00,0.062990
2023-09-02T12:00:00+00:00,0.055350
2023-09-02T13:00:00+00:00,0.069400
2023-09-02T14:00:00+00:00,0.080010
2023-09-02T15:00:00+00:00,0.093450
2023-09-02T16:00:00+00:00,0.110000
2023-09-02T17:00:00+00:00,0.121860
2023-09-02T18:00:00+00:00,0.126900
2023-09-02T19:00:00+00:00,0.115190
2023-09-02T20:00:00+00:00,0.105640
2023-09-02T21:00:00+00:00,0.097340
2023-09-02T22:00:00+00:00,0.105280
2023-09-02T23:00:00+00:00,0.101020
2023-09-03T00:00:00+00:00,0.103790
2023-09-03T01:00:00+00:00,0.104370
2023-09-03T02:00:00+00:00,0.100370
2023-09-03T03:00:00+00:00,0.099900
2023-09-03T04:00:00+00:00,0.100260
2023-09-03T05:00:00+00:00,0.097120
2023-09-03T06:00:00+00:00,0.090670
2023-09-03T07:00:00+00:00,0.083000
2023-09-03T08:00:00+00:00,0.060300
2023-09-03T09:00:00+00:00,0.043430
2023-09-03T10:00:00+00:00,0.021370
2023-09-03T11:00:00+00:00,0.011330
2023-09-03T12:00:00+00:00,0.004940
2023-09-03T13:00:00+00:00,0.015710
2023-09-03T14:00:00+00:00,0.053660
2023-09-03T15:00:00+00:00,0.095100
2023-09-03T16:00:00+00:00,0.110030
2023-09-03T17:00:00+00:00,0.125190
2023-09-03T18:00:00+00:00,0.138590
2023-09-03T19:00:00+00:00,0.120110
2023-09-03T20:00:00+00:00,0.109830
2023-09-03T21:00:00+00:00,0.101170
2023-09-03T22:00:00+00:00,0.100850
2023-09-03T23:00:00+00:00,0.094490
2023-09-04T00:00:00+00:00,0.093140
2023-09-04T01:00:00+00:00,0.093590
2023-09-04T02:00:00+00:00,0.093190
2023-09-04T03:00:00+00:00,0.103380
2023-09-04T04:00:00+00:00,0.127330
2023-09-04T05:00:00+00:00,0.144330
2023-09-04T06:00:00+00:00,0.129920
2023-09-04T07:00:00+00:00,0.109360
2023-09-04T08:00:00+00:00,0.092880
2023-09-04T09:00:00+00:00,0.082070
2023-09-04T10:00:00+00:00,0.077650
2023-09-04T11:00:00+00:00,0.072510
2023-09-04T12:00:00+00:00,0.072030
2023-09-04T13:00:00+00:00,0.079350
2023-09-04T14:00:00+00:00,0.088810
2023-09-04T15:00:00+00:00,0.108720
2023-09-04T16:00:00+00:00,0.128000
2023-09-04T17:00:00+00:00,0.184780
2023-09-04T18:00:00+00:00,0.172040
2023-09-04T19:00:00+00:00,0.125690
2023-09-04T20:00:00+00:00,0.105010
2023-09-04T21:00:00+00:00,0.095560
2023-09-04T22:00:00+00:00,0.092190
2023-09-04T23:00:00+00:00,0.092130
2023-09-05T00:00:00+00:00,0.089000
2023-09-05T01:00:00+00:00,0.090150
2023-09-05T02:00:00+00:00,0.089360
2023-09-05T03:00:00+00:00,0.095600
2023-09-05T04:00:00+00:00,0.120000
2023-09-05T05:00:00+00:00,0.126000
2023-09-05T06:00:00+00:00,0.118100
2023-09-05T07:00:00+00:00,0.097780
2023-09-05T08:00:00+00:00,0.088000
2023-09-05T09:00:00+00:00,0.081850
2023-09-05T10:00:00+00:00,0.072000
2023-09-05T11:00:00+00:00,0.074900
2023-09-05T12:00:00+00:00,0.073940
2023-09-05T13:00:00+00:00,0.083000
2023-09-05T14:00:00+00:00,0.088510
2023-09-05T15:00:00+00:00,0.103260
2023-09-05T16:00:00+00:00,0.129100
2023-09-05T17:00:00+00:00,0.179220
2023-09-05T18:00:00+00:00,0.154270
2023-09-05T19:00:00+00:00,0.121950
2023-09-05T20:00:00+00:00,0.107610
2023-09-05T21:00:00+00:00,0.096030
2023-09-05T22:00:00+00:00,0.088890
2023-09-05T23:00:00+00:00,0.085520
2023-09-06T00:00:00+00:00,0.084110
2023-09-06T01:00:00+00:00,0.084190
2023-09-06T02:00:00+00:00,0.079470
2023-09-06T03:00:00+00:00,0.092240
2023-09-06T04:00:00+00:00,0.115390
2023-09-06T05:00:00+00:00,0.141130
2023-09-06T06:00:00+00:00,0.119190
2023-09-06T07:00:00+00:00,0.097730
2023-09-06T08:00:00+00:00,0.088650
2023-09-06T09:00:00+00:00,0.082100
2023-09-06T10:00:00+00:00,0.075020
2023-09-06T11:00:00+00:00,0.070100
2023-09-06T12:00:00+00:00,0.075480
2023-09-06T13:00:00+00:00,0.082500
2023-09-06T14:00:00+00:00,0.091440
2023-09-06T15:00:00+00:00,0.105870
2023-09-06T16:00:00+00:00,0.145830
2023-09-06T17:00:00+00:00,0.188610
2023-09-06T18:00:00+00:00,0.166040
2023-09-06T19:00:00+00:00,0.123130
2023-09-06T20:00:00+00:00,0.105500
2023-09-06T21:00:00+00:00,0.095720
2023-09-06T22:00:00+00:00,0.095420
2023-09-06T23:00:00+00:00,0.091370
2023-09-07T00:00:00+00:00,0.089080
2023-09-07T01:00:00+00:00,0.083980
2023-09-07T02:00:00+00:00,0.088670
2023-09-07T03:00:00+00:00,0.092440
2023-09-07T04:00:00+00:00,0.115640
2023-09-07T05:00:00+00:00,0.130000
2023-09-07T06:00:00+00:00,0.126000
2023-09-07T07:00:00+00:00,0.102680
2023-09-07T08:00:00+00:00,0.088220
2023-09-07T09:00:00+00:00,0.083030
2023-09-07T10:00:00+00:00,0.067620
2023-09-07T11:00:00+00:00,0.056120
2023-09-07T12:00:00+00:00,0.059480
2023-09-07T13:00:00+00:00,0.082000
2023-09-07T14:00:00+00:00,0.088300
2023-09-07T15:00:00+00:00,0.103140
2023-09-07T16:00:00+00:00,0.133530
2023-09-07T17:00:00+00:00,0.167270
2023-09-07T18:00:00+00:00,0.146730
2023-09-07T19:00:00+00:00,0.118000
2023-09-07T20:00:00+00:00,0.101400
2023-09-07T21:00:00+00:00,0.088910
2023-09-07T22:00:00+00:00,0.084620
2023-09-07T23:00:00+00:00,0.081520
2023-09-08T00:00:00+00:00,0.082060
2023-09-08T01:00:00+00:00,0.082100
2023-09-08T02:00:00+00:00,0.086710
2023-09-08T03:00:00+00:00,0.091820
2023-09-08T04:00:00+00:00,0.111260
2023-09-08T05:00:00+00:00,0.131690
2023-09-08T06:00:00+00:00,0.122510
2023-09-08T07:00:00+00:00,0.100170
2023-09-08T08:00:00+00:00,0.089860
2023-09-08T09:00:00+00:00,0.082480
2023-09-08T10:00:00+00:00,0.072710
2023-09-08T11:00:00+00:00,0.070450
2023-09-08T12:00:00+00:00,0.072220
2023-09-08T13:00:00+00:00,0.080230
2023-09-08T14:00:00+00:00,0.088410
2023-09-08T15:00:00+00:00,0.107900
2023-09-08T16:00:00+00:00,0.170280
2023-09-08T17:00:00+00:00,0.230000
2023-09-08T18:00:00+00:00,0.194240
2023-09-08T19:00:00+00:00,0.132080
2023-09-08T20:00:00+00:00,0.113930
2023-09-08T21:00:00+00:00,0.105980
2023-09-08T22:00:00+00:00,0.105200
2023-09-08T23:00:00+00:00,0.102470
2023-09-09T00:00:00+00:00,0.100010
2023-09-09T01:00:00+00:00,0.100000
2023-09-09T02:00:00+00:00,0.100850
2023-09-09T03:00:00+00:00,0.099800
2023-09-09T04:00:00+00:00,0.103830
2023-09-09T05:00:00+00:00,0.104040
2023-09-09T06:00:00+00:00,0.096090
2023-09-09T07:00:00+00:00,0.089770
2023-09-09T08:00:00+00:00,0.078790
2023-09-09T09:00:00+00:00,0.065530
2023-09-09T10:00:00+00:00,-0.002160
2023-09-09T11:00:00+00:00,-0.008090
2023-09-09T12:00:00+00:00,0.002150
2023-09-09T13:00:00+00:00,0.057890
2023-09-09T14:00:00+00:00,0.078800
2023-09-09T15:00:00+00:00,0.097380
2023-09-09T16:00:00+00:00,0.120590
2023-09-09T17:00:00+00:00,0.152000
2023-09-09T18:00:00+00:00,0.157490
2023-09-09T19:00:00+00:00,0.131780
2023-09-09T20:00:00+00:00,0.110900
2023-09-09T21:00:00+00:00,0.103160
2023-09-09T22:00:00+00:00,0.105850
2023-09-09T23:00:00+00:00,0.104560
2023-09-10T00:00:00+00:00,0.103700
2023-09-10T01:00:00+00:00,0.101420
2023-09-10T02:00:00+00:00,0.097630
2023-09-10T03:00:00+00:00,0.098720
2023-09-10T04:00:00+00:00,0.099350
2023-09-10T05:00:00+00:00,0.097980
2023-09-10T06:00:00+00:00,0.094110
2023-09-10T07:00:00+00:00,0.089130
2023-09-10T08:00:00+00:00,0.056040
2023-09-10T09:00:00+00:00,0.018000
2023-09-10T10:00:00+00:00,0.008280
2023-09-10T11:00:00+00:00,0.000030
2023-09-10T12:00:00+00:00,0.000000
2023-09-10T13:00:00+00:00,0.026330
2023-09-10T14:00:00+00:00,0.079000
2023-09-10T15:00:00+00:00,0.100240
2023-09-10T16:00:00+00:00,0.121190
2023-09-10T17:00:00+00:00,0.150600
2023-09-10T18:00:00+00:00,0.151900
2023-09-10T19:00:00+00:00,0.131570
2023-09-10T20:00:00+00:00,0.113930
2023-09-10T21:00:00+00:00,0.100860
2023-09-10T22:00:00+00:00,0.105000
2023-09-10T23:00:00+00:00,0.097220
2023-09-11T00:00:00+00:00,0.096030
2023-09-11T01:00:00+00:00,0.092070
2023-09-11T02:00:00+00:00,0.092340
2023-09-11T03:00:00+00:00,0.101820
2023-09-11T04:00:00+00:00,0.130260
2023-09-11T05:00:00+00:00,0.172800
2023-09-11T06:00:00+00:00,0.136440
2023-09-11T07:00:00+00:00,0.113000
2023-09-11T08:00:00+00:00,0.095160
2023-09-11T09:00:00+00:00,0.078260
2023-09-11T10:00:00+00:00,0.079970
2023-09-11T11:00:00+00:00,0.084700
2023-09-11T12:00:00+00:00,0.087860
2023-09-11T13:00:00+00:00,0.092530
2023-09-11T14:00:00+00:00,0.100180
2023-09-11T15:00:00+00:00,0.131450
2023-09-11T16:00:00+00:00,0.266710
2023-09-11T17:00:00+00:00,0.463770
2023-09-11T18:00:00+00:00,0.448130
2023-09-11T19:00:00+00:00,0.223110
2023-09-11T20:00:00+00:00,0.147830
2023-09-11T21:00:00+00:00,0.119940
2023-09-11T22:00:00+00:00,0.105760
2023-09-11T23:00:00+00:00,0.102320
2023-09-12T00:00:00+00:00,0.101410
2023-09-12T01:00:00+00:00,0.101580
2023-09-12T02:00:00+00:00,0.101820
2023-09-12T03:00:00+00:00,0.108360
2023-09-12T04:00:00+00:00,0.138760
2023-09-12T05:00:00+00:00,0.214130
2023-09-12T06:00:00+00:00,0.146410
2023-09-12T07:00:00+00:00,0.123220
2023-09-12T08:00:00+00:00,0.112250
2023-09-12T09:00:00+00:00,0.101590
2023-09-12T10:00:00+00:00,0.095600
2023-09-12T11:00:00+00:00,0.090000
2023-09-12T12:00:00+00:00,0.096890
2023-09-12T13:00:00+00:00,0.099900
2023-09-12T14:00:00+00:00,0.108960
2023-09-12T15:00:00+00:00,0.139570
2023-09-12T16:00:00+00:00,0.189370
2023-09-12T17:00:00+00:00,0.260000
2023-09-12T18:00:00+00:00,0.185620
2023-09-12T19:00:00+00:00,0.136620
2023-09-12T20:00:00+00:00,0.115550
2023-09-12T21:00:00+00:00,0.093770
2023-09-12T22:00:00+00:00,0.106450
2023-09-12T23:00:00+00:00,0.099900
2023-09-13T00:00:00+00:00,0.097740
2023-09-13T01:00:00+00:00,0.093440
2023-09-13T02:00:00+00:00,0.085220
2023-09-13T03:00:00+00:00,0.071580
2023-09-13T04:00:00+00:00,0.085000
2023-09-13T05:00:00+00:00,0.115080
2023-09-13T06:00:00+00:00,0.137720
2023-09-13T07:00:00+00:00,0.124910
2023-09-13T08:00:00+00:00,0.103210
2023-09-13T09:00:00+00:00,0.096860
2023-09-13T10:00:00+00:00,0.090900
2023-09-13T11:00:00+00:00,0.091500
2023-09-13T12:00:00+00:00,0.090810
2023-09-13T13:00:00+00:00,0.085210
2023-09-13T14:00:00+00:00,0.092700
2023-09-13T15:00:00+00:00,0.103550
2023-09-13T16:00:00+00:00,0.124830
2023-09-13T17:00:00+00:00,0.149900
2023-09-13T18:00:00+00:00,0.140940
2023-09-13T19:00:00+00:00,0.122790
2023-09-13T20:00:00+00:00,0.106410
2023-09-13T21:00:00+00:00,0.098070
2023-09-13T22:00:00+00:00,0.096300
2023-09-13T23:00:00+00:00,0.094620
2023-09-14T00:00:00+00:00,0.096400
2023-09-14T01:00:00+00:00,0.096370
2023-09-14T02:00:00+00:00,0.092590
2023-09-14T03:00:00+00:00,0.100500
2023-09-14T04:00:00+00:00,0.134420
2023-09-14T05:00:00+00:00,0.178700
2023-09-14T06:00:00+00:00,0.150580
2023-09-14T07:00:00+00:00,0.118020
2023-09-14T08:00:00+00:00,0.096820
2023-09-14T09:00:00+00:00,0.088810
2023-09-14T10:00:00+00:00,0.085130
2023-09-14T11:00:00+00:00,0.083140
2023-09-14T12:00:00+00:00,0.087420
2023-09-14T13:00:00+00:00,0.085000
2023-09-14T14:00:00+00:00,0.094160
2023-09-14T15:00:00+00:00,0.113000
2023-09-14T16:00:00+00:00,0.163770
2023-09-14T17:00:00+00:00,0.216960
2023-09-14T18:00:00+00:00,0.178620
2023-09-14T19:00:00+00:00,0.131890
2023-09-14T20:00:00+00:00,0.114130
2023-09-14T21:00:00+00:00,0.099370
2023-09-14T22:00:00+00:00,0.100890
2023-09-14T23:00:00+00:00,0.097010
2023-09-15T00:00:00+00:00,0.096400
2023-09-15T01:00:00+00:00,0.097640
2023-09-15T02:00:00+00:00,0.099200
2023-09-15T03:00:00+00:00,0.099430
2023-09-15T04:00:00+00:00,0.128810
2023-09-15T05:00:00+00:00,0.145930
2023-09-15T06:00:00+00:00,0.125070
2023-09-15T07:00:00+00:00,0.104380
2023-09-15T08:00:00+00:00,0.093580
2023-09-15T09:00:00+00:00,0.089460
2023-09-15T10:00:00+00:00,0.078570
2023-09-15T11:00:00+00:00,0.062900
2023-09-15T12:00:00+00:00,0.071200
2023-09-15T13:00:00+00:00,0.084300
2023-09-15T14:00:00+00:00,0.093350
2023-09-15T15:00:00+00:00,0.113600
2023-09-15T16:00:00+00:00,0.149200
2023-09-15T17:00:00+00:00,0.178780
2023-09-15T18:00:00+00:00,0.139680
2023-09-15T19:00:00+00:00,0.112660
2023-09-15T20:00:00+00:00,0.100980
2023-09-15T21:00:00+00:00,0.095770
2023-09-15T22:00:00+00:00,0.096240
2023-09-15T23:00:00+00:00,0.094020
2023-09-16T00:00:00+00:00,0.094420
2023-09-16T01:00:00+00:00,0.095090
2023-09-16T02:00:00+00:00,0.100520
2023-09-16T03:00:00+00:00,0.095270
2023-09-16T04:00:00+00:00,0.106530
2023-09-16T05:00:00+00:00,0.113160
2023-09-16T06:00:00+00:00,0.102000
2023-09-16T07:00:00+00:00,0.090790
2023-09-16T08:00:00+00:00,0.079000
2023-09-16T09:00:00+00:00,0.064970
2023-09-16T10:00:00+00:00,0.054480
2023-09-16T11:00:00+00:00,0.032440
2023-09-16T12:00:00+00:00,0.034400
2023-09-16T13:00:00+00:00,0.074460
2023-09-16T14:00:00+00:00,0.085260
2023-09-16T15:00:00+00:00,0.103160
2023-09-16T16:00:00+00:00,0.127700
2023-09-16T17:00:00+00:00,0.170930
2023-09-16T18:00:00+00:00,0.140050
2023-09-16T19:00:00+00:00,0.117350
2023-09-16T20:00:00+00:00,0.105030
2023-09-16T21:00:00+00:00,0.099900
2023-09-16T22:00:00+00:00,0.108990
2023-09-16T23:00:00+00:00,0.105350
2023-09-17T00:00:00+00:00,0.106540
2023-09-17T01:00:00+00:00,0.103630
2023-09-17T02:00:00+00:00,0.101700
2023-09-17T03:00:00+00:00,0.100100
2023-09-17T04:00:00+00:00,0.100000
2023-09-17T05:00:00+00:00,0.103330
2023-09-17T06:00:00+00:00,0.095380
2023-09-17T07:00:00+00:00,0.084500
2023-09-17T08:00:00+00:00,0.071580
2023-09-17T09:00:00+00:00,0.039510
2023-09-17T10:00:00+00:00,0.021210
2023-09-17T11:00:00+00:00,0.004080
2023-09-17T12:00:00+00:00,0.004300
2023-09-17T13:00:00+00:00,0.038700
2023-09-17T14:00:00+00:00,0.080680
2023-09-17T15:00:00+00:00,0.109900
2023-09-17T16:00:00+00:00,0.132000
2023-09-17T17:00:00+00:00,0.151900
2023-09-17T18:00:00+00:00,0.126960
2023-09-17T19:00:00+00:00,0.118250
2023-09-17T20:00:00+00:00,0.108910
2023-09-17T21:00:00+00:00,0.099180
2023-09-17T22:00:00+00:00,0.112200
2023-09-17T23:00:00+00:00,0.088960
2023-09-18T00:00:00+00:00,0.081730
2023-09-18T01:00:00+00:00,0.081800
2023-09-18T02:00:00+00:00,0.079850
2023-09-18T03:00:00+00:00,0.087420
2023-09-18T04:00:00+00:00,0.115400
2023-09-18T05:00:00+00:00,0.135760
2023-09-18T06:00:00+00:00,0.165000
2023-09-18T07:00:00+00:00,0.105850
2023-09-18T08:00:00+00:00,0.090650
2023-09-18T09:00:00+00:00,0.074300
2023-09-18T10:00:00+00:00,0.054160
2023-09-18T11:00:00+00:00,0.009570
2023-09-18T12:00:00+00:00,0.008880
2023-09-18T13:00:00+00:00,0.000100
2023-09-18T14:00:00+00:00,0.045000
2023-09-18T15:00:00+00:00,0.100000
2023-09-18T16:00:00+00:00,0.115000
2023-09-18T17:00:00+00:00,0.156400
2023-09-18T18:00:00+00:00,0.125650
2023-09-18T19:00:00+00:00,0.103970
2023-09-18T20:00:00+00:00,0.092400
2023-09-18T21:00:00+00:00,0.072280
2023-09-18T22:00:00+00:00,0.001020
2023-09-18T23:00:00+00:00,-0.000090
2023-09-19T00:00:00+00:00,-0.000100
2023-09-19T01:00:00+00:00,-0.000130
2023-09-19T02:00:00+00:00,-0.001240
2023-09-19T03:00:00+00:00,0.000000
2023-09-19T04:00:00+00:00,0.070840
2023-09-19T05:00:00+00:00,0.104830
2023-09-19T06:00:00+00:00,0.109700
2023-09-19T07:00:00+00:00,0.082860
2023-09-19T08:00:00+00:00,0.000010
2023-09-19T09:00:00+00:00,-0.000080
2023-09-19T10:00:00+00:00,-0.003500
2023-09-19T11:00:00+00:00,-0.005340
2023-09-19T12:00:00+00:00,-0.004850
2023-09-19T13:00:00+00:00,-0.002950
2023-09-19T14:00:00+00:00,0.000000
2023-09-19T15:00:00+00:00,0.048170
2023-09-19T16:00:00+00:00,0.097510
2023-09-19T17:00:00+00:00,0.116480
2023-09-19T18:00:00+00:00,0.110230
2023-09-19T19:00:00+00:00,0.087160
2023-09-19T20:00:00+00:00,0.066810
2023-09-19T21:00:00+00:00,0.016350
2023-09-19T22:00:00+00:00,0.000790
2023-09-19T23:00:00+00:00,0.000000
2023-09-20T00:00:00+00:00,-0.001600
2023-09-20T01:00:00+00:00,-0.002910
2023-09-20T02:00:00+00:00,-0.002670
2023-09-20T03:00:00+00:00,0.008700
2023-09-20T04:00:00+00:00,0.070640
2023-09-20T05:00:00+00:00,0.098640
2023-09-20T06:00:00+00:00,0.105640
2023-09-20T07:00:00+00:00,0.080880
2023-09-20T08:00:00+00:00,0.000060
2023-09-20T09:00:00+00:00,-0.000890
2023-09-20T10:00:00+00:00,-0.003330
2023-09-20T11:00:00+00:00,-0.005340
2023-09-20T12:00:00+00:00,-0.004940
2023-09-20T13:00:00+00:00,-0.001830
2023-09-20T14:00:00+00:00,0.000950
2023-09-20T15:00:00+00:00,0.082260
2023-09-20T16:00:00+00:00,0.123610
2023-09-20T17:00:00+00:00,0.169900
2023-09-20T18:00:00+00:00,0.122000
2023-09-20T19:00:00+00:00,0.095740
2023-09-20T20:00:00+00:00,0.086650
2023-09-20T21:00:00+00:00,0.076470
2023-09-20T22:00:00+00:00,0.074550
2023-09-20T23:00:00+00:00,0.065610
2023-09-21T00:00:00+00:00,0.048890
2023-09-21T01:00:00+00:00,0.026510
2023-09-21T02:00:00+00:00,0.042780
2023-09-21T03:00:00+00:00,0.066300
2023-09-21T04:00:00+00:00,0.094900
2023-09-21T05:00:00+00:00,0.116340
2023-09-21T06:00:00+00:00,0.115820
2023-09-21T07:00:00+00:00,0.102740
2023-09-21T08:00:00+00:00,0.097710
2023-09-21T09:00:00+00:00,0.101300
2023-09-21T10:00:00+00:00,0.096300
2023-09-21T11:00:00+00:00,0.095600
2023-09-21T12:00:00+00:00,0.100000
2023-09-21T13:00:00+00:00,0.093800
2023-09-21T14:00:00+00:00,0.105820
2023-09-21T15:00:00+00:00,0.124040
2023-09-21T16:00:00+00:00,0.179010
2023-09-21T17:00:00+00:00,0.245210
2023-09-21T18:00:00+00:00,0.148290
2023-09-21T19:00:00+00:00,0.114800
2023-09-21T20:00:00+00:00,0.100100
2023-09-21T21:00:00+00:00,0.094750
2023-09-21T22:00:00+00:00,0.090100
2023-09-21T23:00:00+00:00,0.087160
2023-09-22T00:00:00+00:00,0.091540
2023-09-22T01:00:00+00:00,0.095150
2023-09-22T02:00:00+00:00,0.099610
2023-09-22T03:00:00+00:00,0.095530
2023-09-22T04:00:00+00:00,0.110000
2023-09-22T05:00:00+00:00,0.139000
2023-09-22T06:00:00+00:00,0.134790
2023-09-22T07:00:00+00:00,0.118280
2023-09-22T08:00:00+00:00,0.099640
2023-09-22T09:00:00+00:00,0.090930
2023-09-22T10:00:00+00:00,0.085650
2023-09-22T11:00:00+00:00,0.076490
2023-09-22T12:00:00+00:00,0.070890
2023-09-22T13:00:00+00:00,0.073260
2023-09-22T14:00:00+00:00,0.085270
2023-09-22T15:00:00+00:00,0.099900
2023-09-22T16:00:00+00:00,0.130230
2023-09-22T17:00:00+00:00,0.152270
2023-09-22T18:00:00+00:00,0.133460
2023-09-22T19:00:00+00:00,0.114630
2023-09-22T20:00:00+00:00,0.105930
2023-09-22T21:00:00+00:00,0.103060
2023-09-22T22:00:00+00:00,0.109040
2023-09-22T23:00:00+00:00,0.101860
2023-09-23T00:00:00+00:00,0.097050
2023-09-23T01:00:00+00:00,0.091720
2023-09-23T02:00:00+00:00,0.089430
2023-09-23T03:00:00+00:00,0.091780
2023-09-23T04:00:00+00:00,0.098880
2023-09-23T05:00:00+00:00,0.107200
2023-09-23T06:00:00+00:00,0.109990
2023-09-23T07:00:00+00:00,0.104680
2023-09-23T08:00:00+00:00,0.090750
2023-09-23T09:00:00+00:00,0.084900
2023-09-23T10:00:00+00:00,0.079890
2023-09-23T11:00:00+00:00,0.070550
2023-09-23T12:00:00+00:00,0.053090
2023-09-23T13:00:00+00:00,0.071200
2023-09-23T14:00:00+00:00,0.078230
2023-09-23T15:00:00+00:00,0.099090
2023-09-23T16:00:00+00:00,0.130990
2023-09-23T17:00:00+00:00,0.156190
2023-09-23T18:00:00+00:00,0.145000
2023-09-23T19:00:00+00:00,0.117910
2023-09-23T20:00:00+00:00,0.106920
2023-09-23T21:00:00+00:00,0.110000
2023-09-23T22:00:00+00:00,0.098710
2023-09-23T23:00:00+00:00,0.087240
2023-09-24T00:00:00+00:00,0.077730
2023-09-24T01:00:00+00:00,0.074200
2023-09-24T02:00:00+00:00,0.078050
2023-09-24T03:00:00+00:00,0.082520
2023-09-24T04:00:00+00:00,0.087500
2023-09-24T05:00:00+00:00,0.091000
2023-09-24T06:00:00+00:00,0.081280
2023-09-24T07:00:00+00:00,0.059360
2023-09-24T08:00:00+00:00,0.001060
2023-09-24T09:00:00+00:00,0.000850
2023-09-24T10:00:00+00:00,-0.000030
2023-09-24T11:00:00+00:00,-0.004200
2023-09-24T12:00:00+00:00,-0.003150
2023-09-24T13:00:00+00:00,-0.000220
2023-09-24T14:00:00+00:00,0.003200
2023-09-24T15:00:00+00:00,0.079650
2023-09-24T16:00:00+00:00,0.130000
2023-09-24T17:00:00+00:00,0.157090
2023-09-24T18:00:00+00:00,0.134980
2023-09-24T19:00:00+00:00,0.105000
2023-09-24T20:00:00+00:00,0.090190
2023-09-24T21:00:00+00:00,0.072190
2023-09-24T22:00:00+00:00,0.034630
2023-09-24T23:00:00+00:00,0.010000
2023-09-25T00:00:00+00:00,0.001090
2023-09-25T01:00:00+00:00,0.000000
2023-09-25T02:00:00+00:00,0.000490
2023-09-25T03:00:00+00:00,0.042250
2023-09-25T04:00:00+00:00,0.098900
2023-09-25T05:00:00+00:00,0.139150
2023-09-25T06:00:00+00:00,0.143000
2023-09-25T07:00:00+00:00,0.118320
2023-09-25T08:00:00+00:00,0.090330
2023-09-25T09:00:00+00:00,0.089010
2023-09-25T10:00:00+00:00,0.066510
2023-09-25T11:00:00+00:00,0.076110
2023-09-25T12:00:00+00:00,0.084090
2023-09-25T13:00:00+00:00,0.092060
2023-09-25T14:00:00+00:00,0.097460
2023-09-25T15:00:00+00:00,0.124220
2023-09-25T16:00:00+00:00,0.200090
2023-09-25T17:00:00+00:00,0.379590
2023-09-25T18:00:00+00:00,0.237480
2023-09-25T19:00:00+00:00,0.135970
2023-09-25T20:00:00+00:00,0.122160
2023-09-25T21:00:00+00:00,0.110130
2023-09-25T22:00:00+00:00,0.114130
2023-09-25T23:00:00+00:00,0.107990
2023-09-26T00:00:00+00:00,0.104930
2023-09-26T01:00:00+00:00,0.104580
2023-09-26T02:00:00+00:00,0.105000
2023-09-26T03:00:00+00:00,0.107990
2023-09-26T04:00:00+00:00,0.147800
2023-09-26T05:00:00+00:00,0.253630
2023-09-26T06:00:00+00:00,0.161950
2023-09-26T07:00:00+00:00,0.117830
2023-09-26T08:00:00+00:00,0.100590
2023-09-26T09:00:00+00:00,0.095520
2023-09-26T10:00:00+00:00,0.091280
2023-09-26T11:00:00+00:00,0.082950
2023-09-26T12:00:00+00:00,0.090000
2023-09-26T13:00:00+00:00,0.098020
2023-09-26T14:00:00+00:00,0.104510
2023-09-26T15:00:00+00:00,0.133000
2023-09-26T16:00:00+00:00,0.171240
2023-09-26T17:00:00+00:00,0.228020
2023-09-26T18:00:00+00:00,0.160340
2023-09-26T19:00:00+00:00,0.126270
2023-09-26T20:00:00+00:00,0.108060
2023-09-26T21:00:00+00:00,0.101280
2023-09-26T22:00:00+00:00,0.105510
2023-09-26T23:00:00+00:00,0.102000
2023-09-27T00:00:00+00:00,0.102520
2023-09-27T01:00:00+00:00,0.101890
2023-09-27T02:00:00+00:00,0.100430
2023-09-27T03:00:00+00:00,0.107790
2023-09-27T04:00:00+00:00,0.137570
2023-09-27T05:00:00+00:00,0.234900
2023-09-27T06:00:00+00:00,0.168880
2023-09-27T07:00:00+00:00,0.128700
2023-09-27T08:00:00+00:00,0.102330
2023-09-27T09:00:00+00:00,0.093260
2023-09-27T10:00:00+00:00,0.090200
2023-09-27T11:00:00+00:00,0.087340
2023-09-27T12:00:00+00:00,0.087800
2023-09-27T13:00:00+00:00,0.090900
2023-09-27T14:00:00+00:00,0.111580
2023-09-27T15:00:00+00:00,0.149910
2023-09-27T16:00:00+00:00,0.179900
2023-09-27T17:00:00+00:00,0.174440
2023-09-27T18:00:00+00:00,0.132660
2023-09-27T19:00:00+00:00,0.107070
2023-09-27T20:00:00+00:00,0.096380
2023-09-27T21:00:00+00:00,0.086610
2023-09-27T22:00:00+00:00,0.086670
2023-09-27T23:00:00+00:00,0.080470
2023-09-28T00:00:00+00:00,0.070000
2023-09-28T01:00:00+00:00,0.062000
2023-09-28T02:00:00+00:00,0.058470
2023-09-28T03:00:00+00:00,0.085840
2023-09-28T04:00:00+00:00,0.100940
2023-09-28T05:00:00+00:00,0.126250
2023-09-28T06:00:00+00:00,0.129560
2023-09-28T07:00:00+00:00,0.110850
2023-09-28T08:00:00+00:00,0.093360
2023-09-28T09:00:00+00:00,0.088560
2023-09-28T10:00:00+00:00,0.083460
2023-09-28T11:00:00+00:00,0.081990
2023-09-28T12:00:00+00:00,0.087700
2023-09-28T13:00:00+00:00,0.092020
2023-09-28T14:00:00+00:00,0.099890
2023-09-28T15:00:00+00:00,0.132630
2023-09-28T16:00:00+00:00,0.172000
2023-09-28T17:00:00+00:00,0.239750
2023-09-28T18:00:00+00:00,0.156510
2023-09-28T19:00:00+00:00,0.127570
2023-09-28T20:00:00+00:00,0.117820
2023-09-28T21:00:00+00:00,0.110400
2023-09-28T22:00:00+00:00,0.108500
2023-09-28T23:00:00+00:00,0.096340
2023-09-29T00:00:00+00:00,0.086590
2023-09-29T01:00:00+00:00,0.082170
2023-09-29T02:00:00+00:00,0.038990
2023-09-29T03:00:00+00:00,0.068110
2023-09-29T04:00:00+00:00,0.105260
2023-09-29T05:00:00+00:00,0.132920
2023-09-29T06:00:00+00:00,0.130050
2023-09-29T07:00:00+00:00,0.106820
2023-09-29T08:00:00+00:00,0.092070
2023-09-29T09:00:00+00:00,0.087370
2023-09-29T10:00:00+00:00,0.082050
2023-09-29T11:00:00+00:00,0.072440
2023-09-29T12:00:00+00:00,0.077040
2023-09-29T13:00:00+00:00,0.090700
2023-09-29T14:00:00+00:00,0.096220
2023-09-29T15:00:00+00:00,0.112120
2023-09-29T16:00:00+00:00,0.132900
2023-09-29T17:00:00+00:00,0.140580
2023-09-29T18:00:00+00:00,0.132960
2023-09-29T19:00:00+00:00,0.113400
2023-09-29T20:00:00+00:00,0.106570
2023-09-29T21:00:00+00:00,0.101070
2023-09-29T22:00:00+00:00,0.099910
2023-09-29T23:00:00+00:00,0.093640
2023-09-30T00:00:00+00:00,0.090000
2023-09-30T01:00:00+00:00,0.088720
2023-09-30T02:00:00+00:00,0.088280
2023-09-30T03:00:00+00:00,0.092100
2023-09-30T04:00:00+00:00,0.105300
2023-09-30T05:00:00+00:00,0.109460
2023-09-30T06:00:00+00:00,0.115000
2023-09-30T07:00:00+00:00,0.105250
2023-09-30T08:00:00+00:00,0.087510
2023-09-30T09:00:00+00:00,0.070530
2023-09-30T10:00:00+00:00,0.042760
2023-09-30T11:00:00+00:00,0.005000
2023-09-30T12:00:00+00:00,0.015040
2023-09-30T13:00:00+00:00,0.056000
2023-09-30T14:00:00+00:00,0.085010
2023-09-30T15:00:00+00:00,0.107240
2023-09-30T16:00:00+00:00,0.133730
2023-09-30T17:00:00+00:00,0.159080
2023-09-30T18:00:00+00:00,0.134100
2023-09-30T19:00:00+00:00,0.111810
2023-09-30T20:00:00+00:00,0.107400
2023-09-30T21:00:00+00:00,0.101040
2023-09-30T22:00:00+00:00,0.102730
2023-09-30T23:00:00+00:00,0.094140
2023-10-01T00:00:00+00:00,0.088600
2023-10-01T01:00:00+00:00,0.080420
2023-10-01T02:00:00+00:00,0.084890
2023-10-01T03:00:00+00:00,0.081540
2023-10-01T04:00:00+00:00,0.082120
2023-10-01T05:00:00+00:00,0.088080
2023-10-01T06:00:00+00:00,0.082100
2023-10-01T07:00:00+00:00,0.062730
2023-10-01T08:00:00+00:00,0.040000
2023-10-01T09:00:00+00:00,0.008990
2023-10-01T10:00:00+00:00,-0.000040
2023-10-01T11:00:00+00:00,-0.003100
2023-10-01T12:00:00+00:00,-0.001190
2023-10-01T13:00:00+00:00,0.001530
2023-10-01T14:00:00+00:00,0.062730
2023-10-01T15:00:00+00:00,0.098030
2023-10-01T16:00:00+00:00,0.120060
2023-10-01T17:00:00+00:00,0.130000
2023-10-01T18:00:00+00:00,0.130000
2023-10-01T19:00:00+00:00,0.115160
2023-10-01T20:00:00+00:00,0.106620
2023-10-01T21:00:00+00:00,0.099970
2023-10-01T22:00:00+00:00,0.094900
2023-10-01T23:00:00+00:00,0.093170
2023-10-02T00:00:00+00:00,0.093400
2023-10-02T01:00:00+00:00,0.092020
2023-10-02T02:00:00+00:00,0.095680
2023-10-02T03:00:00+00:00,0.099330
2023-10-02T04:00:00+00:00,0.124780
2023-10-02T05:00:00+00:00,0.142650
2023-10-02T06:00:00+00:00,0.144500
2023-10-02T07:00:00+00:00,0.128000
2023-10-02T08:00:00+00:00,0.105350
2023-10-02T09:00:00+00:00,0.092390
2023-10-02T10:00:00+00:00,0.090340
2023-10-02T11:00:00+00:00,0.087920
2023-10-02T12:00:00+00:00,0.088150
2023-10-02T13:00:00+00:00,0.090500
2023-10-02T14:00:00+00:00,0.104600
2023-10-02T15:00:00+00:00,0.127790
2023-10-02T16:00:00+00:00,0.199480
2023-10-02T17:00:00+00:00,0.245050
2023-10-02T18:00:00+00:00,0.160070
2023-10-02T19:00:00+00:00,0.120000
2023-10-02T20:00:00+00:00,0.106420
2023-10-02T21:00:00+00:00,0.100000
2023-10-02T22:00:00+00:00,0.097580
2023-10-02T23:00:00+00:00,0.087850
2023-10-03T00:00:00+00:00,0.071940
2023-10-03T01:00:00+00:00,0.030910
2023-10-03T02:00:00+00:00,0.009830
2023-10-03T03:00:00+00:00,0.002020
2023-10-03T04:00:00+00:00,0.005290
2023-10-03T05:00:00+00:00,0.044740
2023-10-03T06:00:00+00:00,0.133200
2023-10-03T07:00:00+00:00,0.135300
2023-10-03T08:00:00+00:00,0.119920
2023-10-03T09:00:00+00:00,0.084200
2023-10-03T10:00:00+00:00,0.064890
2023-10-03T11:00:00+00:00,0.027800
2023-10-03T12:00:00+00:00,0.000070
2023-10-03T13:00:00+00:00,0.000000
2023-10-03T14:00:00+00:00,0.000000
2023-10-03T15:00:00+00:00,0.067500
2023-10-03T16:00:00+00:00,0.108000
2023-10-03T17:00:00+00:00,0.131100
2023-10-03T18:00:00+00:00,0.124000
2023-10-03T19:00:00+00:00,0.099900
2023-10-03T20:00:00+00:00,0.097400
2023-10-03T21:00:00+00:00,0.084890
2023-10-03T22:00:00+00:00,0.052200
2023-10-03T23:00:00+00:00,0.044000
2023-10-04T00:00:00+00:00,0.044000
2023-10-04T01:00:00+00:00,0.037640
2023-10-04T02:00:00+00:00,0.035070
2023-10-04T03:00:00+00:00,0.047970
2023-10-04T04:00:00+00:00,0.098560
2023-10-04T05:00:00+00:00,0.116860
2023-10-04T06:00:00+00:00,0.121220
2023-10-04T07:00:00+00:00,0.105870
2023-10-04T08:00:00+00:00,0.077660
2023-10-04T09:00:00+00:00,0.067000
2023-10-04T10:00:00+00:00,0.020720
2023-10-04T11:00:00+00:00,0.041810
2023-10-04T12:00:00+00:00,0.033170
2023-10-04T13:00:00+00:00,0.062200
2023-10-04T14:00:00+00:00,0.080770
2023-10-04T15:00:00+00:00,0.092000
2023-10-04T16:00:00+00:00,0.099400
2023-10-04T17:00:00+00:00,0.127780
2023-10-04T18:00:00+00:00,0.116100
2023-10-04T19:00:00+00:00,0.087810
2023-10-04T20:00:00+00:00,0.085590
2023-10-04T21:00:00+00:00,0.077860
2023-10-04T22:00:00+00:00,0.082700
2023-10-04T23:00:00+00:00,0.076880
2023-10-05T00:00:00+00:00,0.070300
2023-10-05T01:00:00+00:00,0.061200
2023-10-05T02:00:00+00:00,0.069000
2023-10-05T03:00:00+00:00,0.078220
2023-10-05T04:00:00+00:00,0.089520
2023-10-05T05:00:00+00:00,0.107580
2023-10-05T06:00:00+00:00,0.121830
2023-10-05T07:00:00+00:00,0.107110
2023-10-05T08:00:00+00:00,0.087330
2023-10-05T09:00:00+00:00,0.084610
2023-10-05T10:00:00+00:00,0.087610
2023-10-05T11:00:00+00:00,0.078330
2023-10-05T12:00:00+00:00,0.080030
2023-10-05T13:00:00+00:00,0.083620
2023-10-05T14:00:00+00:00,0.094230
2023-10-05T15:00:00+00:00,0.111160
2023-10-05T16:00:00+00:00,0.165070
2023-10-05T17:00:00+00:00,0.229820
2023-10-05T18:00:00+00:00,0.139400
2023-10-05T19:00:00+00:00,0.109930
2023-10-05T20:00:00+00:00,0.100980
2023-10-05T21:00:00+00:00,0.094580
2023-10-05T22:00:00+00:00,0.087390
2023-10-05T23:00:00+00:00,0.084860
2023-10-06T00:00:00+00:00,0.076000
2023-10-06T01:00:00+00:00,0.075060
2023-10-06T02:00:00+00:00,0.066920
2023-10-06T03:00:00+00:00,0.071780
2023-10-06T04:00:00+00:00,0.093620
2023-10-06T05:00:00+00:00,0.115510
2023-10-06T06:00:00+00:00,0.120660
2023-10-06T07:00:00+00:00,0.104390
2023-10-06T08:00:00+00:00,0.084000
2023-10-06T09:00:00+00:00,0.063070
2023-10-06T10:00:00+00:00,0.016220
2023-10-06T11:00:00+00:00,0.005040
2023-10-06T12:00:00+00:00,0.001470
2023-10-06T13:00:00+00:00,0.039000
2023-10-06T14:00:00+00:00,0.062240
2023-10-06T15:00:00+00:00,0.086550
2023-10-06T16:00:00+00:00,0.103440
2023-10-06T17:00:00+00:00,0.111800
2023-10-06T18:00:00+00:00,0.100720
2023-10-06T19:00:00+00:00,0.077640
2023-10-06T20:00:00+00:00,0.080000
2023-10-06T21:00:00+00:00,0.085100
2023-10-06T22:00:00+00:00,0.055000
2023-10-06T23:00:00+00:00,0.050790
2023-10-07T00:00:00+00:00,0.002430
2023-10-07T01:00:00+00:00,0.003260
2023-10-07T02:00:00+00:00,0.006240
2023-10-07T03:00:00+00:00,0.021450
2023-10-07T04:00:00+00:00,0.051920
2023-10-07T05:00:00+00:00,0.066660
2023-10-07T06:00:00+00:00,0.071070
2023-10-07T07:00:00+00:00,0.068660
2023-10-07T08:00:00+00:00,0.046810
2023-10-07T09:00:00+00:00,0.019620
2023-10-07T10:00:00+00:00,0.010380
2023-10-07T11:00:00+00:00,0.000220
2023-10-07T12:00:00+00:00,0.001000
2023-10-07T13:00:00+00:00,0.022010
2023-10-07T14:00:00+00:00,0.061590
2023-10-07T15:00:00+00:00,0.086440
2023-10-07T16:00:00+00:00,0.102280
2023-10-07T17:00:00+00:00,0.108910
2023-10-07T18:00:00+00:00,0.100000
2023-10-07T19:00:00+00:00,0.083990
2023-10-07T20:00:00+00:00,0.076190
2023-10-07T21:00:00+00:00,0.072000
2023-10-07T22:00:00+00:00,0.103940
2023-10-07T23:00:00+00:00,0.089600
2023-10-08T00:00:00+00:00,0.084890
2023-10-08T01:00:00+00:00,0.078000
2023-10-08T02:00:00+00:00,0.071810
2023-10-08T03:00:00+00:00,0.077090
2023-10-08T04:00:00+00:00,0.083510
2023-10-08T05:00:00+00:00,0.100000
2023-10-08T06:00:00+00:00,0.102080
2023-10-08T07:00:00+00:00,0.100900
2023-10-08T08:00:00+00:00,0.086940
2023-10-08T09:00:00+00:00,0.076560
2023-10-08T10:00:00+00:00,0.070560
2023-10-08T11:00:00+00:00,0.055150
2023-10-08T12:00:00+00:00,0.054620
2023-10-08T13:00:00+00:00,0.070800
2023-10-08T14:00:00+00:00,0.089150
2023-10-08T15:00:00+00:00,0.108280
2023-10-08T16:00:00+00:00,0.132320
2023-10-08T17:00:00+00:00,0.158420
2023-10-08T18:00:00+00:00,0.131850
2023-10-08T19:00:00+00:00,0.110200
2023-10-08T20:00:00+00:00,0.104420
2023-10-08T21:00:00+00:00,0.096340
2023-10-08T22:00:00+00:00,0.091110
2023-10-08T23:00:00+00:00,0.087450
2023-10-09T00:00:00+00:00,0.082440
2023-10-09T01:00:00+00:00,0.077400
2023-10-09T02:00:00+00:00,0.075000
2023-10-09T03:00:00+00:00,0.079050
2023-10-09T04:00:00+00:00,0.096500
2023-10-09T05:00:00+00:00,0.111800
2023-10-09T06:00:00+00:00,0.127020
2023-10-09T07:00:00+00:00,0.121440
2023-10-09T08:00:00+00:00,0.111570
2023-10-09T09:00:00+00:00,0.105360
2023-10-09T10:00:00+00:00,0.098550
2023-10-09T11:00:00+00:00,0.095240
2023-10-09T12:00:00+00:00,0.097410
2023-10-09T13:00:00+00:00,0.079400
2023-10-09T14:00:00+00:00,0.108200
2023-10-09T15:00:00+00:00,0.129580
2023-10-09T16:00:00+00:00,0.189220
2023-10-09T17:00:00+00:00,0.221700
2023-10-09T18:00:00+00:00,0.184500
2023-10-09T19:00:00+00:00,0.132860
2023-10-09T20:00:00+00:00,0.120000
2023-10-09T21:00:00+00:00,0.112700
2023-10-09T22:00:00+00:00,0.104000
2023-10-09T23:00:00+00:00,0.100600
2023-10-10T00:00:00+00:00,0.099900
2023-10-10T01:00:00+00:00,0.099520
2023-10-10T02:00:00+00:00,0.097370
2023-10-10T03:00:00+00:00,0.104220
2023-10-10T04:00:00+00:00,0.128700
2023-10-10T05:00:00+00:00,0.174710
2023-10-10T06:00:00+00:00,0.177750
2023-10-10T07:00:00+00:00,0.132100
2023-10-10T08:00:00+00:00,0.113970
2023-10-10T09:00:00+00:00,0.103950
2023-10-10T10:00:00+00:00,0.094550
2023-10-10T11:00:00+00:00,0.079330
2023-10-10T12:00:00+00:00,0.078000
2023-10-10T13:00:00+00:00,0.074250
2023-10-10T14:00:00+00:00,0.086600
2023-10-10T15:00:00+00:00,0.099890
2023-10-10T16:00:00+00:00,0.128850
2023-10-10T17:00:00+00:00,0.139720
2023-10-10T18:00:00+00:00,0.104580
2023-10-10T19:00:00+00:00,0.086300
2023-10-10T20:00:00+00:00,0.088590
2023-10-10T21:00:00+00:00,0.068140
2023-10-10T22:00:00+00:00,0.062750
2023-10-10T23:00:00+00:00,0.024600
2023-10-11T00:00:00+00:00,0.005820
2023-10-11T01:00:00+00:00,0.000060
2023-10-11T02:00:00+00:00,0.000000
2023-10-11T03:00:00+00:00,0.007070
2023-10-11T04:00:00+00:00,0.078840
2023-10-11T05:00:00+00:00,0.127130
2023-10-11T06:00:00+00:00,0.134630
2023-10-11T07:00:00+00:00,0.111760
2023-10-11T08:00:00+00:00,0.059580
2023-10-11T09:00:00+00:00,0.001050
2023-10-11T10:00:00+00:00,0.000000
2023-10-11T11:00:00+00:00,-0.000060
2023-10-11T12:00:00+00:00,-0.000040
2023-10-11T13:00:00+00:00,0.000060
2023-10-11T14:00:00+00:00,0.060420
2023-10-11T15:00:00+00:00,0.104330
2023-10-11T16:00:00+00:00,0.128240
2023-10-11T17:00:00+00:00,0.152000
2023-10-11T18:00:00+00:00,0.142000
2023-10-11T19:00:00+00:00,0.120100
2023-10-11T20:00:00+00:00,0.112960
2023-10-11T21:00:00+00:00,0.116160
2023-10-11T22:00:00+00:00,0.128760
2023-10-11T23:00:00+00:00,0.122710
2023-10-12T00:00:00+00:00,0.138120
2023-10-12T01:00:00+00:00,0.115000
2023-10-12T02:00:00+00:00,0.089040
2023-10-12T03:00:00+00:00,0.102600
2023-10-12T04:00:00+00:00,0.126500
2023-10-12T05:00:00+00:00,0.133390
2023-10-12T06:00:00+00:00,0.148390
2023-10-12T07:00:00+00:00,0.169280
2023-10-12T08:00:00+00:00,0.131720
2023-10-12T09:00:00+00:00,0.125000
2023-10-12T10:00:00+00:00,0.111080
2023-10-12T11:00:00+00:00,0.104290
2023-10-12T12:00:00+00:00,0.108380
2023-10-12T13:00:00+00:00,0.120000
2023-10-12T14:00:00+00:00,0.123580
2023-10-12T15:00:00+00:00,0.145290
2023-10-12T16:00:00+00:00,0.170290
2023-10-12T17:00:00+00:00,0.221090
2023-10-12T18:00:00+00:00,0.151610
2023-10-12T19:00:00+00:00,0.129360
2023-10-12T20:00:00+00:00,0.123500
2023-10-12T21:00:00+00:00,0.109840
2023-10-12T22:00:00+00:00,0.123990
2023-10-12T23:00:00+00:00,0.115000
2023-10-13T00:00:00+00:00,0.107140
2023-10-13T01:00:00+00:00,0.101400
2023-10-13T02:00:00+00:00,0.099900
2023-10-13T03:00:00+00:00,0.085750
2023-10-13T04:00:00+00:00,0.104200
2023-10-13T05:00:00+00:00,0.140760
2023-10-13T06:00:00+00:00,0.144920
2023-10-13T07:00:00+00:00,0.132050
2023-10-13T08:00:00+00:00,0.099000
2023-10-13T09:00:00+00:00,0.072020
2023-10-13T10:00:00+00:00,0.034450
2023-10-13T11:00:00+00:00,0.007300
2023-10-13T12:00:00+00:00,0.004310
2023-10-13T13:00:00+00:00,0.004240
2023-10-13T14:00:00+00:00,0.010170
2023-10-13T15:00:00+00:00,0.050100
2023-10-13T16:00:00+00:00,0.079910
2023-10-13T17:00:00+00:00,0.100000
2023-10-13T18:00:00+00:00,0.074000
2023-10-13T19:00:00+00:00,0.008000
2023-10-13T20:00:00+00:00,0.000210
2023-10-13T21:00:00+00:00,-0.000810
2023-10-13T22:00:00+00:00,-0.000090
2023-10-13T23:00:00+00:00,-0.002570
2023-10-14T00:00:00+00:00,-0.000900
2023-10-14T01:00:00+00:00,-0.001030
2023-10-14T02:00:00+00:00,-0.001390
2023-10-14T03:00:00+00:00,-0.001270
2023-10-14T04:00:00+00:00,-0.000300
2023-10-14T05:00:00+00:00,0.001650
2023-10-14T06:00:00+00:00,0.034210
2023-10-14T07:00:00+00:00,0.032060
2023-10-14T08:00:00+00:00,0.003820
2023-10-14T09:00:00+00:00,-0.000010
2023-10-14T10:00:00+00:00,-0.002900
2023-10-14T11:00:00+00:00,-0.002620
2023-10-14T12:00:00+00:00,-0.002110
2023-10-14T13:00:00+00:00,-0.000080
2023-10-14T14:00:00+00:00,0.000600
2023-10-14T15:00:00+00:00,0.068130
2023-10-14T16:00:00+00:00,0.120000
2023-10-14T17:00:00+00:00,0.166000
2023-10-14T18:00:00+00:00,0.179890
2023-10-14T19:00:00+00:00,0.128000
2023-10-14T20:00:00+00:00,0.117800
2023-10-14T21:00:00+00:00,0.111000
2023-10-14T22:00:00+00:00,0.069000
2023-10-14T23:00:00+00:00,0.034000
2023-10-15T00:00:00+00:00,0.005830
2023-10-15T01:00:00+00:00,0.009110
2023-10-15T02:00:00+00:00,0.005760
2023-10-15T03:00:00+00:00,0.007670
2023-10-15T04:00:00+00:00,0.005790
2023-10-15T05:00:00+00:00,0.046830
2023-10-15T06:00:00+00:00,0.069040
2023-10-15T07:00:00+00:00,0.078000
2023-10-15T08:00:00+00:00,0.041110
2023-10-15T09:00:00+00:00,-0.001010
2023-10-15T10:00:00+00:00,-0.004390
2023-10-15T11:00:00+00:00,-0.001030
2023-10-15T12:00:00+00:00,-0.007100
2023-10-15T13:00:00+00:00,0.004860
2023-10-15T14:00:00+00:00,0.033640
2023-10-15T15:00:00+00:00,0.111600
2023-10-15T16:00:00+00:00,0.160830
2023-10-15T17:00:00+00:00,0.187630
2023-10-15T18:00:00+00:00,0.194000
2023-10-15T19:00:00+00:00,0.145000
2023-10-15T20:00:00+00:00,0.136800
2023-10-15T21:00:00+00:00,0.135600
2023-10-15T22:00:00+00:00,0.120200
2023-10-15T23:00:00+00:00,0.116600
2023-10-16T00:00:00+00:00,0.110700
2023-10-16T01:00:00+00:00,0.110100
2023-10-16T02:00:00+00:00,0.107000
2023-10-16T03:00:00+00:00,0.110000
2023-10-16T04:00:00+00:00,0.139560
2023-10-16T05:00:00+00:00,0.159370
2023-10-16T06:00:00+00:00,0.204000
2023-10-16T07:00:00+00:00,0.164300
2023-10-16T08:00:00+00:00,0.167990
2023-10-16T09:00:00+00:00,0.120300
2023-10-16T10:00:00+00:00,0.113760
2023-10-16T11:00:00+00:00,0.106260
2023-10-16T12:00:00+00:00,0.109490
2023-10-16T13:00:00+00:00,0.116750
2023-10-16T14:00:00+00:00,0.138960
2023-10-16T15:00:00+00:00,0.170230
2023-10-16T16:00:00+00:00,0.214400
2023-10-16T17:00:00+00:00,0.240000
2023-10-16T18:00:00+00:00,0.160640
2023-10-16T19:00:00+00:00,0.145440
2023-10-16T20:00:00+00:00,0.135200
2023-10-16T21:00:00+00:00,0.119220
2023-10-16T22:00:00+00:00,0.127580
2023-10-16T23:00:00+00:00,0.114040
2023-10-17T00:00:00+00:00,0.108400
2023-10-17T01:00:00+00:00,0.106570
2023-10-17T02:00:00+00:00,0.105440
2023-10-17T03:00:00+00:00,0.113850
2023-10-17T04:00:00+00:00,0.133000
2023-10-17T05:00:00+00:00,0.161780
2023-10-17T06:00:00+00:00,0.187330
2023-10-17T07:00:00+00:00,0.159450
2023-10-17T08:00:00+00:00,0.134980
2023-10-17T09:00:00+00:00,0.113670
2023-10-17T10:00:00+00:00,0.105610
2023-10-17T11:00:00+00:00,0.088610
2023-10-17T12:00:00+00:00,0.080980
2023-10-17T13:00:00+00:00,0.097250
2023-10-17T14:00:00+00:00,0.119000
2023-10-17T15:00:00+00:00,0.139890
2023-10-17T16:00:00+00:00,0.159800
2023-10-17T17:00:00+00:00,0.161690
2023-10-17T18:00:00+00:00,0.128480
2023-10-17T19:00:00+00:00,0.119720
2023-10-17T20:00:00+00:00,0.108480
2023-10-17T21:00:00+00:00,0.095140
2023-10-17T22:00:00+00:00,0.076180
2023-10-17T23:00:00+00:00,0.063350
2023-10-18T00:00:00+00:00,0.057730
2023-10-18T01:00:00+00:00,0.049560
2023-10-18T02:00:00+00:00,0.042540
2023-10-18T03:00:00+00:00,0.048420
2023-10-18T04:00:00+00:00,0.086650
2023-10-18T05:00:00+00:00,0.119280
2023-10-18T06:00:00+00:00,0.148450
2023-10-18T07:00:00+00:00,0.119130
2023-10-18T08:00:00+00:00,0.089990
2023-10-18T09:00:00+00:00,0.076920
2023-10-18T10:00:00+00:00,0.070090
2023-10-18T11:00:00+00:00,0.064000
2023-10-18T12:00:00+00:00,0.065870
2023-10-18T13:00:00+00:00,0.066730
2023-10-18T14:00:00+00:00,0.074900
2023-10-18T15:00:00+00:00,0.102550
2023-10-18T16:00:00+00:00,0.105500
2023-10-18T17:00:00+00:00,0.106780
2023-10-18T18:00:00+00:00,0.096850
2023-10-18T19:00:00+00:00,0.085540
2023-10-18T20:00:00+00:00,0.065790
2023-10-18T21:00:00+00:00,0.034800
2023-10-18T22:00:00+00:00,0.005170
2023-10-18T23:00:00+00:00,-0.003700
2023-10-19T00:00:00+00:00,-0.004400
2023-10-19T01:00:00+00:00,0.000000
2023-10-19T02:00:00+00:00,-0.002570
2023-10-19T03:00:00+00:00,0.015270
2023-10-19T04:00:00+00:00,0.080060
2023-10-19T05:00:00+00:00,0.103120
2023-10-19T06:00:00+00:00,0.122390
2023-10-19T07:00:00+00:00,0.127000
2023-10-19T08:00:00+00:00,0.123700
2023-10-19T09:00:00+00:00,0.126070
2023-10-19T10:00:00+00:00,0.125450
2023-10-19T11:00:00+00:00,0.122000
2023-10-19T12:00:00+00:00,0.120340
2023-10-19T13:00:00+00:00,0.120640
2023-10-19T14:00:00+00:00,0.126000
2023-10-19T15:00:00+00:00,0.147920
2023-10-19T16:00:00+00:00,0.160000
2023-10-19T17:00:00+00:00,0.155000
2023-10-19T18:00:00+00:00,0.116800
2023-10-19T19:00:00+00:00,0.099900
2023-10-19T20:00:00+00:00,0.106000
2023-10-19T21:00:00+00:00,0.095200
2023-10-19T22:00:00+00:00,0.077590
2023-10-19T23:00:00+00:00,0.060820
2023-10-20T00:00:00+00:00,0.041360
2023-10-20T01:00:00+00:00,0.023190
2023-10-20T02:00:00+00:00,0.005410
2023-10-20T03:00:00+00:00,0.032610
2023-10-20T04:00:00+00:00,0.073020
2023-10-20T05:00:00+00:00,0.108120
2023-10-20T06:00:00+00:00,0.119610
2023-10-20T07:00:00+00:00,0.124760
2023-10-20T08:00:00+00:00,0.124920
2023-10-20T09:00:00+00:00,0.118320
2023-10-20T10:00:00+00:00,0.111800
2023-10-20T11:00:00+00:00,0.114100
2023-10-20T12:00:00+00:00,0.103700
2023-10-20T13:00:00+00:00,0.098340
2023-10-20T14:00:00+00:00,0.099660
2023-10-20T15:00:00+00:00,0.122800
2023-10-20T16:00:00+00:00,0.135970
2023-10-20T17:00:00+00:00,0.144600
2023-10-20T18:00:00+00:00,0.117500
2023-10-20T19:00:00+00:00,0.094880
2023-10-20T20:00:00+00:00,0.091000
2023-10-20T21:00:00+00:00,0.068000
2023-10-20T22:00:00+00:00,0.053100
2023-10-20T23:00:00+00:00,0.037270
2023-10-21T00:00:00+00:00,0.039740
2023-10-21T01:00:00+00:00,0.034620
2023-10-21T02:00:00+00:00,0.040460
2023-10-21T03:00:00+00:00,0.035520
2023-10-21T04:00:00+00:00,0.041620
2023-10-21T05:00:00+00:00,0.063830
2023-10-21T06:00:00+00:00,0.074710
2023-10-21T07:00:00+00:00,0.059000
2023-10-21T08:00:00+00:00,0.044830
2023-10-21T09:00:00+00:00,0.031100
2023-10-21T10:00:00+00:00,0.020800
2023-10-21T11:00:00+00:00,0.010000
2023-10-21T12:00:00+00:00,0.013210
2023-10-21T13:00:00+00:00,0.026650
2023-10-21T14:00:00+00:00,0.061590
2023-10-21T15:00:00+00:00,0.092850
2023-10-21T16:00:00+00:00,0.114820
2023-10-21T17:00:00+00:00,0.114750
2023-10-21T18:00:00+00:00,0.090000
2023-10-21T19:00:00+00:00,0.052650
2023-10-21T20:00:00+00:00,0.048930
2023-10-21T21:00:00+00:00,0.040150
2023-10-21T22:00:00+00:00,0.039370
2023-10-21T23:00:00+00:00,0.030360
2023-10-22T00:00:00+00:00,0.018590
2023-10-22T01:00:00+00:00,0.015630
2023-10-22T02:00:00+00:00,0.018350
2023-10-22T03:00:00+00:00,0.034320
2023-10-22T04:00:00+00:00,0.030260
2023-10-22T05:00:00+00:00,0.058200
2023-10-22T06:00:00+00:00,0.054890
2023-10-22T07:00:00+00:00,0.064900
2023-10-22T08:00:00+00:00,0.051940
2023-10-22T09:00:00+00:00,0.048840
2023-10-22T10:00:00+00:00,0.044990
2023-10-22T11:00:00+00:00,0.029190
2023-10-22T12:00:00+00:00,0.030840
2023-10-22T13:00:00+00:00,0.051540
2023-10-22T14:00:00+00:00,0.075930
2023-10-22T15:00:00+00:00,0.129450
2023-10-22T16:00:00+00:00,0.149900
2023-10-22T17:00:00+00:00,0.149940
2023-10-22T18:00:00+00:00,0.139890
2023-10-22T19:00:00+00:00,0.112470
2023-10-22T20:00:00+00:00,0.102180
2023-10-22T21:00:00+00:00,0.101090
2023-10-22T22:00:00+00:00,0.115020
2023-10-22T23:00:00+00:00,0.101000
2023-10-23T00:00:00+00:00,0.101280
2023-10-23T01:00:00+00:00,0.100220
2023-10-23T02:00:00+00:00,0.098940
2023-10-23T03:00:00+00:00,0.105980
2023-10-23T04:00:00+00:00,0.135530
2023-10-23T05:00:00+00:00,0.173600
2023-10-23T06:00:00+00:00,0.198390
2023-10-23T07:00:00+00:00,0.151810
2023-10-23T08:00:00+00:00,0.128070
2023-10-23T09:00:00+00:00,0.109030
2023-10-23T10:00:00+00:00,0.102260
2023-10-23T11:00:00+00:00,0.103220
2023-10-23T12:00:00+00:00,0.107000
2023-10-23T13:00:00+00:00,0.125070
2023-10-23T14:00:00+00:00,0.132440
2023-10-23T15:00:00+00:00,0.147250
2023-10-23T16:00:00+00:00,0.158680
2023-10-23T17:00:00+00:00,0.154700
2023-10-23T18:00:00+00:00,0.124700
2023-10-23T19:00:00+00:00,0.103820
2023-10-23T20:00:00+00:00,0.108000
2023-10-23T21:00:00+00:00,0.092760
2023-10-23T22:00:00+00:00,0.101330
2023-10-23T23:00:00+00:00,0.097210
2023-10-24T00:00:00+00:00,0.094540
2023-10-24T01:00:00+00:00,0.089460
2023-10-24T02:00:00+00:00,0.090270
2023-10-24T03:00:00+00:00,0.094450
2023-10-24T04:00:00+00:00,0.101120
2023-10-24T05:00:00+00:00,0.119670
2023-10-24T06:00:00+00:00,0.130310
2023-10-24T07:00:00+00:00,0.136350
2023-10-24T08:00:00+00:00,0.128370
2023-10-24T09:00:00+00:00,0.125000
2023-10-24T10:00:00+00:00,0.118990
2023-10-24T11:00:00+00:00,0.112540
2023-10-24T12:00:00+00:00,0.105900
2023-10-24T13:00:00+00:00,0.100100
2023-10-24T14:00:00+00:00,0.109900
2023-10-24T15:00:00+00:00,0.137940
2023-10-24T16:00:00+00:00,0.149900
2023-10-24T17:00:00+00:00,0.154150
2023-10-24T18:00:00+00:00,0.133450
2023-10-24T19:00:00+00:00,0.119310
2023-10-24T20:00:00+00:00,0.114100
2023-10-24T21:00:00+00:00,0.102780
2023-10-24T22:00:00+00:00,0.099070
2023-10-24T23:00:00+00:00,0.094560
2023-10-25T00:00:00+00:00,0.091000
2023-10-25T01:00:00+00:00,0.091680
2023-10-25T02:00:00+00:00,0.096350
2023-10-25T03:00:00+00:00,0.100010
2023-10-25T04:00:00+00:00,0.118960
2023-10-25T05:00:00+00:00,0.142740
2023-10-25T06:00:00+00:00,0.150500
2023-10-25T07:00:00+00:00,0.140520
2023-10-25T08:00:00+00:00,0.129570
2023-10-25T09:00:00+00:00,0.124610
2023-10-25T10:00:00+00:00,0.117390
2023-10-25T11:00:00+00:00,0.115700
2023-10-25T12:00:00+00:00,0.124470
2023-10-25T13:00:00+00:00,0.130980
2023-10-25T14:00:00+00:00,0.144350
2023-10-25T15:00:00+00:00,0.152710
2023-10-25T16:00:00+00:00,0.153730
2023-10-25T17:00:00+00:00,0.157900
2023-10-25T18:00:00+00:00,0.137180
2023-10-25T19:00:00+00:00,0.123660
2023-10-25T20:00:00+00:00,0.120060
2023-10-25T21:00:00+00:00,0.112800
2023-10-25T22:00:00+00:00,0.104400
2023-10-25T23:00:00+00:00,0.106000
2023-10-26T00:00:00+00:00,0.109000
2023-10-26T01:00:00+00:00,0.099960
2023-10-26T02:00:00+00:00,0.100000
2023-10-26T03:00:00+00:00,0.100000
2023-10-26T04:00:00+00:00,0.117320
2023-10-26T05:00:00+00:00,0.133790
2023-10-26T06:00:00+00:00,0.144050
2023-10-26T07:00:00+00:00,0.149000
2023-10-26T08:00:00+00:00,0.146370
2023-10-26T09:00:00+00:00,0.140000
2023-10-26T10:00:00+00:00,0.131110
2023-10-26T11:00:00+00:00,0.120090
2023-10-26T12:00:00+00:00,0.119600
2023-10-26T13:00:00+00:00,0.118210
2023-10-26T14:00:00+00:00,0.126000
2023-10-26T15:00:00+00:00,0.137980
2023-10-26T16:00:00+00:00,0.151050
2023-10-26T17:00:00+00:00,0.151080
2023-10-26T18:00:00+00:00,0.130850
2023-10-26T19:00:00+00:00,0.119070
2023-10-26T20:00:00+00:00,0.117060
2023-10-26T21:00:00+00:00,0.104850
2023-10-26T22:00:00+00:00,0.104560
2023-10-26T23:00:00+00:00,0.097610
2023-10-27T00:00:00+00:00,0.097260
2023-10-27T01:00:00+00:00,0.098900
2023-10-27T02:00:00+00:00,0.105920
2023-10-27T03:00:00+00:00,0.108840
2023-10-27T04:00:00+00:00,0.122400
2023-10-27T05:00:00+00:00,0.139400
2023-10-27T06:00:00+00:00,0.154550
2023-10-27T07:00:00+00:00,0.152700
2023-10-27T08:00:00+00:00,0.147770
2023-10-27T09:00:00+00:00,0.142530
2023-10-27T10:00:00+00:00,0.125790
2023-10-27T11:00:00+00:00,0.112190
2023-10-27T12:00:00+00:00,0.105980
2023-10-27T13:00:00+00:00,0.102790
2023-10-27T14:00:00+00:00,0.113160
2023-10-27T15:00:00+00:00,0.125880
2023-10-27T16:00:00+00:00,0.139900
2023-10-27T17:00:00+00:00,0.140600
2023-10-27T18:00:00+00:00,0.121050
2023-10-27T19:00:00+00:00,0.100130
2023-10-27T20:00:00+00:00,0.096870
2023-10-27T21:00:00+00:00,0.093700
2023-10-27T22:00:00+00:00,0.084600
2023-10-27T23:00:00+00:00,0.068610
2023-10-28T00:00:00+00:00,0.064590
2023-10-28T01:00:00+00:00,0.055000
2023-10-28T02:00:00+00:00,0.056850
2023-10-28T03:00:00+00:00,0.060260
2023-10-28T04:00:00+00:00,0.064820
2023-10-28T05:00:00+00:00,0.074000
2023-10-28T06:00:00+00:00,0.089350
2023-10-28T07:00:00+00:00,0.089740
2023-10-28T08:00:00+00:00,0.087010
2023-10-28T09:00:00+00:00,0.069540
2023-10-28T10:00:00+00:00,0.057370
2023-10-28T11:00:00+00:00,0.052560
2023-10-28T12:00:00+00:00,0.051220
2023-10-28T13:00:00+00:00,0.072930
2023-10-28T14:00:00+00:00,0.087660
2023-10-28T15:00:00+00:00,0.115200
2023-10-28T16:00:00+00:00,0.132000
2023-10-28T17:00:00+00:00,0.105760
2023-10-28T18:00:00+00:00,0.079860
2023-10-28T19:00:00+00:00,0.050840
2023-10-28T20:00:00+00:00,0.037830
2023-10-28T21:00:00+00:00,0.017620
2023-10-28T22:00:00+00:00,0.005340
2023-10-28T23:00:00+00:00,-0.002760
2023-10-29T00:00:00+00:00,-0.001930
2023-10-29T01:00:00+00:00,-0.001590
2023-10-29T02:00:00+00:00,-0.001540
2023-10-29T03:00:00+00:00,-0.001670
2023-10-29T04:00:00+00:00,-0.001840
2023-10-29T05:00:00+00:00,-0.001000
2023-10-29T06:00:00+00:00,-0.001050
2023-10-29T07:00:00+00:00,-0.000820
2023-10-29T08:00:00+00:00,-0.000810
2023-10-29T09:00:00+00:00,-0.000800
2023-10-29T10:00:00+00:00,-0.000580
2023-10-29T11:00:00+00:00,0.000000
2023-10-29T12:00:00+00:00,0.000000
2023-10-29T13:00:00+00:00,0.009590
2023-10-29T14:00:00+00:00,0.034820
2023-10-29T15:00:00+00:00,0.084890
2023-10-29T16:00:00+00:00,0.109890
2023-10-29T17:00:00+00:00,0.102700
2023-10-29T18:00:00+00:00,0.075000
2023-10-29T19:00:00+00:00,0.062410
2023-10-29T20:00:00+00:00,0.054270
2023-10-29T21:00:00+00:00,0.052000
2023-10-29T22:00:00+00:00,0.038470
2023-10-29T23:00:00+00:00,0.008000
2023-10-30T00:00:00+00:00,0.008130
2023-10-30T01:00:00+00:00,0.008360
2023-10-30T02:00:00+00:00,0.010020
2023-10-30T03:00:00+00:00,0.013900
2023-10-30T04:00:00+00:00,0.023270
2023-10-30T05:00:00+00:00,0.079200
2023-10-30T06:00:00+00:00,0.105910
2023-10-30T07:00:00+00:00,0.111000
2023-10-30T08:00:00+00:00,0.103000
2023-10-30T09:00:00+00:00,0.090000
2023-10-30T10:00:00+00:00,0.096170
2023-10-30T11:00:00+00:00,0.102540
2023-10-30T12:00:00+00:00,0.114620
2023-10-30T13:00:00+00:00,0.123980
2023-10-30T14:00:00+00:00,0.139450
2023-10-30T15:00:00+00:00,0.145400
2023-10-30T16:00:00+00:00,0.165840
2023-10-30T17:00:00+00:00,0.171000
2023-10-30T18:00:00+00:00,0.151130
2023-10-30T19:00:00+00:00,0.129030
2023-10-30T20:00:00+00:00,0.114880
2023-10-30T21:00:00+00:00,0.128000
2023-10-30T22:00:00+00:00,0.114260
2023-10-30T23:00:00+00:00,0.086050
2023-10-31T00:00:00+00:00,0.079200
2023-10-31T01:00:00+00:00,0.071960
2023-10-31T02:00:00+00:00,0.064800
2023-10-31T03:00:00+00:00,0.076000
2023-10-31T04:00:00+00:00,0.092260
2023-10-31T05:00:00+00:00,0.107140
2023-10-31T06:00:00+00:00,0.130100
2023-10-31T07:00:00+00:00,0.171800
2023-10-31T08:00:00+00:00,0.156140
2023-10-31T09:00:00+00:00,0.129350
2023-10-31T10:00:00+00:00,0.111600
2023-10-31T11:00:00+00:00,0.106000
2023-10-31T12:00:00+00:00,0.113650
2023-10-31T13:00:00+00:00,0.120660
2023-10-31T14:00:00+00:00,0.122400
2023-10-31T15:00:00+00:00,0.135110
2023-10-31T16:00:00+00:00,0.161810
2023-10-31T17:00:00+00:00,0.172040
2023-10-31T18:00:00+00:00,0.152920
2023-10-31T19:00:00+00:00,0.125880
2023-10-31T20:00:00+00:00,0.115920
2023-10-31T21:00:00+00:00,0.122200
2023-10-31T22:00:00+00:00,0.106500
2023-10-31T23:00:00+00:00,0.065450
2023-11-01T00:00:00+00:00,0.067310
2023-11-01T01:00:00+00:00,0.058840
2023-11-01T02:00:00+00:00,0.048700
2023-11-01T03:00:00+00:00,0.046650
2023-11-01T04:00:00+00:00,0.054670
2023-11-01T05:00:00+00:00,0.067350
2023-11-01T06:00:00+00:00,0.078650
2023-11-01T07:00:00+00:00,0.080220
2023-11-01T08:00:00+00:00,0.069230
2023-11-01T09:00:00+00:00,0.055640
2023-11-01T10:00:00+00:00,0.049160
2023-11-01T11:00:00+00:00,0.047640
2023-11-01T12:00:00+00:00,0.055000
2023-11-01T13:00:00+00:00,0.053330
2023-11-01T14:00:00+00:00,0.063510
2023-11-01T15:00:00+00:00,0.069850
2023-11-01T16:00:00+00:00,0.087710
2023-11-01T17:00:00+00:00,0.079940
2023-11-01T18:00:00+00:00,0.074970
2023-11-01T19:00:00+00:00,0.061180
2023-11-01T20:00:00+00:00,0.039830
2023-11-01T21:00:00+00:00,0.048400
2023-11-01T22:00:00+00:00,0.028200
2023-11-01T23:00:00+00:00,0.019720
2023-11-02T00:00:00+00:00,0.011440
2023-11-02T01:00:00+00:00,0.009140
2023-11-02T02:00:00+00:00,0.006670
2023-11-02T03:00:00+00:00,0.007000
2023-11-02T04:00:00+00:00,0.007860
2023-11-02T05:00:00+00:00,0.038800
2023-11-02T06:00:00+00:00,0.074790
2023-11-02T07:00:00+00:00,0.102320
2023-11-02T08:00:00+00:00,0.077390
2023-11-02T09:00:00+00:00,0.060900
2023-11-02T10:00:00+00:00,0.063200
2023-11-02T11:00:00+00:00,0.063700
2023-11-02T12:00:00+00:00,0.064300
2023-11-02T13:00:00+00:00,0.085950
2023-11-02T14:00:00+00:00,0.124000
2023-11-02T15:00:00+00:00,0.129890
2023-11-02T16:00:00+00:00,0.141390
2023-11-02T17:00:00+00:00,0.144000
2023-11-02T18:00:00+00:00,0.099890
2023-11-02T19:00:00+00:00,0.087830
2023-11-02T20:00:00+00:00,0.075990
2023-11-02T21:00:00+00:00,0.072270
2023-11-02T22:00:00+00:00,0.057040
2023-11-02T23:00:00+00:00,0.015170
2023-11-03T00:00:00+00:00,0.011470
2023-11-03T01:00:00+00:00,0.010000
2023-11-03T02:00:00+00:00,0.005730
2023-11-03T03:00:00+00:00,0.009730
2023-11-03T04:00:00+00:00,0.023600
2023-11-03T05:00:00+00:00,0.061640
2023-11-03T06:00:00+00:00,0.090280
2023-11-03T07:00:00+00:00,0.095050
2023-11-03T08:00:00+00:00,0.089590
2023-11-03T09:00:00+00:00,0.082900
2023-11-03T10:00:00+00:00,0.074700
2023-11-03T11:00:00+00:00,0.061810
2023-11-03T12:00:00+00:00,0.060850
2023-11-03T13:00:00+00:00,0.064890
2023-11-03T14:00:00+00:00,0.069890
2023-11-03T15:00:00+00:00,0.082700
2023-11-03T16:00:00+00:00,0.110100
2023-11-03T17:00:00+00:00,0.107800
2023-11-03T18:00:00+00:00,0.091500
2023-11-03T19:00:00+00:00,0.070500
2023-11-03T20:00:00+00:00,0.054890
2023-11-03T21:00:00+00:00,0.045530
2023-11-03T22:00:00+00:00,0.030000
2023-11-03T23:00:00+00:00,0.045720
2023-11-04T00:00:00+00:00,0.032060
2023-11-04T01:00:00+00:00,0.030000
2023-11-04T02:00:00+00:00,0.022010
2023-11-04T03:00:00+00:00,0.019190
2023-11-04T04:00:00+00:00,0.015400
2023-11-04T05:00:00+00:00,0.016130
2023-11-04T06:00:00+00:00,0.025080
2023-11-04T07:00:00+00:00,0.025850
2023-11-04T08:00:00+00:00,0.020000
2023-11-04T09:00:00+00:00,0.013950
2023-11-04T10:00:00+00:00,0.015200
2023-11-04T11:00:00+00:00,0.020000
2023-11-04T12:00:00+00:00,0.021140
2023-11-04T13:00:00+00:00,0.030790
2023-11-04T14:00:00+00:00,0.042690
2023-11-04T15:00:00+00:00,0.040000
2023-11-04T16:00:00+00:00,0.059000
2023-11-04T17:00:00+00:00,0.057810
2023-11-04T18:00:00+00:00,0.053300
2023-11-04T19:00:00+00:00,0.050000
2023-11-04T20:00:00+00:00,0.034090
2023-11-04T21:00:00+00:00,0.011730
2023-11-04T22:00:00+00:00,0.007050
2023-11-04T23:00:00+00:00,0.008710
2023-11-05T00:00:00+00:00,0.006590
2023-11-05T01:00:00+00:00,0.005180
2023-11-05T02:00:00+00:00,0.002980
2023-11-05T03:00:00+00:00,0.004240
2023-11-05T04:00:00+00:00,0.007990
2023-11-05T05:00:00+00:00,0.016490
2023-11-05T06:00:00+00:00,0.055100
2023-11-05T07:00:00+00:00,0.060000
2023-11-05T08:00:00+00:00,0.051470
2023-11-05T09:00:00+00:00,0.042830
2023-11-05T10:00:00+00:00,0.043450
2023-11-05T11:00:00+00:00,0.039880
2023-11-05T12:00:00+00:00,0.026390
2023-11-05T13:00:00+00:00,0.033370
2023-11-05T14:00:00+00:00,0.051290
2023-11-05T15:00:00+00:00,0.063090
2023-11-05T16:00:00+00:00,0.074910
2023-11-05T17:00:00+00:00,0.072710
2023-11-05T18:00:00+00:00,0.059210
2023-11-05T19:00:00+00:00,0.050100
2023-11-05T20:00:00+00:00,0.051550
2023-11-05T21:00:00+00:00,0.050100
2023-11-05T22:00:00+00:00,0.045890
2023-11-05T23:00:00+00:00,0.047240
2023-11-06T00:00:00+00:00,0.031890
2023-11-06T01:00:00+00:00,0.016750
2023-11-06T02:00:00+00:00,0.006780
2023-11-06T03:00:00+00:00,0.004300
2023-11-06T04:00:00+00:00,0.016930
2023-11-06T05:00:00+00:00,0.072750
2023-11-06T06:00:00+00:00,0.096210
2023-11-06T07:00:00+00:00,0.104470
2023-11-06T08:00:00+00:00,0.086000
2023-11-06T09:00:00+00:00,0.063990
2023-11-06T10:00:00+00:00,0.060150
2023-11-06T11:00:00+00:00,0.058050
2023-11-06T12:00:00+00:00,0.066980
2023-11-06T13:00:00+00:00,0.080340
2023-11-06T14:00:00+00:00,0.100000
2023-11-06T15:00:00+00:00,0.112460
2023-11-06T16:00:00+00:00,0.138000
2023-11-06T17:00:00+00:00,0.151190
2023-11-06T18:00:00+00:00,0.139770
2023-11-06T19:00:00+00:00,0.111490
2023-11-06T20:00:00+00:00,0.105920
2023-11-06T21:00:00+00:00,0.099270
2023-11-06T22:00:00+00:00,0.092000
2023-11-06T23:00:00+00:00,0.092070
2023-11-07T00:00:00+00:00,0.076380
2023-11-07T01:00:00+00:00,0.071180
2023-11-07T02:00:00+00:00,0.068010
2023-11-07T03:00:00+00:00,0.070250
2023-11-07T04:00:00+00:00,0.083410
2023-11-07T05:00:00+00:00,0.101490
2023-11-07T06:00:00+00:00,0.132930
2023-11-07T07:00:00+00:00,0.136450
2023-11-07T08:00:00+00:00,0.127000
2023-11-07T09:00:00+00:00,0.099550
2023-11-07T10:00:00+00:00,0.089030
2023-11-07T11:00:00+00:00,0.086210
2023-11-07T12:00:00+00:00,0.088790
2023-11-07T13:00:00+00:00,0.097900
2023-11-07T14:00:00+00:00,0.108400
2023-11-07T15:00:00+00:00,0.113240
2023-11-07T16:00:00+00:00,0.137180
2023-11-07T17:00:00+00:00,0.149700
2023-11-07T18:00:00+00:00,0.132800
2023-11-07T19:00:00+00:00,0.105100
2023-11-07T20:00:00+00:00,0.092980
2023-11-07T21:00:00+00:00,0.099590
2023-11-07T22:00:00+00:00,0.098460
2023-11-07T23:00:00+00:00,0.094000
2023-11-08T00:00:00+00:00,0.086560
2023-11-08T01:00:00+00:00,0.070950
2023-11-08T02:00:00+00:00,0.064470
2023-11-08T03:00:00+00:00,0.066760
2023-11-08T04:00:00+00:00,0.075010
2023-11-08T05:00:00+00:00,0.084610
2023-11-08T06:00:00+00:00,0.107680
2023-11-08T07:00:00+00:00,0.111470
2023-11-08T08:00:00+00:00,0.093730
2023-11-08T09:00:00+00:00,0.085100
2023-11-08T10:00:00+00:00,0.078850
2023-11-08T11:00:00+00:00,0.076000
2023-11-08T12:00:00+00:00,0.076280
2023-11-08T13:00:00+00:00,0.083230
2023-11-08T14:00:00+00:00,0.104700
2023-11-08T15:00:00+00:00,0.113540
2023-11-08T16:00:00+00:00,0.119140
2023-11-08T17:00:00+00:00,0.127140
2023-11-08T18:00:00+00:00,0.121000
2023-11-08T19:00:00+00:00,0.109900
2023-11-08T20:00:00+00:00,0.107000
2023-11-08T21:00:00+00:00,0.104000
2023-11-08T22:00:00+00:00,0.101650
2023-11-08T23:00:00+00:00,0.089200
2023-11-09T00:00:00+00:00,0.099030
2023-11-09T01:00:00+00:00,0.093010
2023-11-09T02:00:00+00:00,0.090000
2023-11-09T03:00:00+00:00,0.091190
2023-11-09T04:00:00+00:00,0.088300
2023-11-09T05:00:00+00:00,0.109610
2023-11-09T06:00:00+00:00,0.120060
2023-11-09T07:00:00+00:00,0.139970
2023-11-09T08:00:00+00:00,0.130000
2023-11-09T09:00:00+00:00,0.100080
2023-11-09T10:00:00+00:00,0.095000
2023-11-09T11:00:00+00:00,0.090160
2023-11-09T12:00:00+00:00,0.092320
2023-11-09T13:00:00+00:00,0.100610
2023-11-09T14:00:00+00:00,0.116180
2023-11-09T15:00:00+00:00,0.120250
2023-11-09T16:00:00+00:00,0.131880
2023-11-09T17:00:00+00:00,0.128600
2023-11-09T18:00:00+00:00,0.112140
2023-11-09T19:00:00+00:00,0.100000
2023-11-09T20:00:00+00:00,0.088000
2023-11-09T21:00:00+00:00,0.084040
2023-11-09T22:00:00+00:00,0.074360
2023-11-09T23:00:00+00:00,0.064080
2023-11-10T00:00:00+00:00,0.059730
2023-11-10T01:00:00+00:00,0.053740
2023-11-10T02:00:00+00:00,0.048360
2023-11-10T03:00:00+00:00,0.050000
2023-11-10T04:00:00+00:00,0.066980
2023-11-10T05:00:00+00:00,0.084250
2023-11-10T06:00:00+00:00,0.106730
2023-11-10T07:00:00+00:00,0.113000
2023-11-10T08:00:00+00:00,0.116370
2023-11-10T09:00:00+00:00,0.105800
2023-11-10T10:00:00+00:00,0.098000
2023-11-10T11:00:00+00:00,0.091800
2023-11-10T12:00:00+00:00,0.100000
2023-11-10T13:00:00+00:00,0.096240
2023-11-10T14:00:00+00:00,0.110670
2023-11-10T15:00:00+00:00,0.121070
2023-11-10T16:00:00+00:00,0.135150
2023-11-10T17:00:00+00:00,0.135100
2023-11-10T18:00:00+00:00,0.123580
2023-11-10T19:00:00+00:00,0.112930
2023-11-10T20:00:00+00:00,0.105100
2023-11-10T21:00:00+00:00,0.103970
2023-11-10T22:00:00+00:00,0.093200
2023-11-10T23:00:00+00:00,0.087300
2023-11-11T00:00:00+00:00,0.085890
2023-11-11T01:00:00+00:00,0.085880
2023-11-11T02:00:00+00:00,0.083210
2023-11-11T03:00:00+00:00,0.082710
2023-11-11T04:00:00+00:00,0.085440
2023-11-11T05:00:00+00:00,0.086300
2023-11-11T06:00:00+00:00,0.088000
2023-11-11T07:00:00+00:00,0.092000
2023-11-11T08:00:00+00:00,0.094890
2023-11-11T09:00:00+00:00,0.091280
2023-11-11T10:00:00+00:00,0.090220
2023-11-11T11:00:00+00:00,0.087940
2023-11-11T12:00:00+00:00,0.087800
2023-11-11T13:00:00+00:00,0.091500
2023-11-11T14:00:00+00:00,0.102870
2023-11-11T15:00:00+00:00,0.115740
2023-11-11T16:00:00+00:00,0.127980
2023-11-11T17:00:00+00:00,0.135760
2023-11-11T18:00:00+00:00,0.124470
2023-11-11T19:00:00+00:00,0.113510
2023-11-11T20:00:00+00:00,0.102580
2023-11-11T21:00:00+00:00,0.092380
2023-11-11T22:00:00+00:00,0.087410
2023-11-11T23:00:00+00:00,0.089580
2023-11-12T00:00:00+00:00,0.085360
2023-11-12T01:00:00+00:00,0.085370
2023-11-12T02:00:00+00:00,0.084400
2023-11-12T03:00:00+00:00,0.086760
2023-11-12T04:00:00+00:00,0.088320
2023-11-12T05:00:00+00:00,0.087250
2023-11-12T06:00:00+00:00,0.087280
2023-11-12T07:00:00+00:00,0.088040
2023-11-12T08:00:00+00:00,0.089750
2023-11-12T09:00:00+00:00,0.088660
2023-11-12T10:00:00+00:00,0.086620
2023-11-12T11:00:00+00:00,0.088090
2023-11-12T12:00:00+00:00,0.090000
2023-11-12T13:00:00+00:00,0.094970
2023-11-12T14:00:00+00:00,0.110380
2023-11-12T15:00:00+00:00,0.122510
2023-11-12T16:00:00+00:00,0.141960
2023-11-12T17:00:00+00:00,0.130490
2023-11-12T18:00:00+00:00,0.126000
2023-11-12T19:00:00+00:00,0.116800
2023-11-12T20:00:00+00:00,0.107330
2023-11-12T21:00:00+00:00,0.100140
2023-11-12T22:00:00+00:00,0.088020
2023-11-12T23:00:00+00:00,0.091260
2023-11-13T00:00:00+00:00,0.086820
2023-11-13T01:00:00+00:00,0.087000
2023-11-13T02:00:00+00:00,0.087250
2023-11-13T03:00:00+00:00,0.085280
2023-11-13T04:00:00+00:00,0.088560
2023-11-13T05:00:00+00:00,0.112200
2023-11-13T06:00:00+00:00,0.134210
2023-11-13T07:00:00+00:00,0.145000
2023-11-13T08:00:00+00:00,0.125900
2023-11-13T09:00:00+00:00,0.118860
2023-11-13T10:00:00+00:00,0.116670
2023-11-13T11:00:00+00:00,0.108500
2023-11-13T12:00:00+00:00,0.101610
2023-11-13T13:00:00+00:00,0.088250
2023-11-13T14:00:00+00:00,0.080130
2023-11-13T15:00:00+00:00,0.078670
2023-11-13T16:00:00+00:00,0.091330
2023-11-13T17:00:00+00:00,0.096000
2023-11-13T18:00:00+00:00,0.087600
2023-11-13T19:00:00+00:00,0.076800
2023-11-13T20:00:00+00:00,0.061990
2023-11-13T21:00:00+00:00,0.061480
2023-11-13T22:00:00+00:00,0.030010
2023-11-13T23:00:00+00:00,0.010600
2023-11-14T00:00:00+00:00,0.001480
2023-11-14T01:00:00+00:00,0.000290
2023-11-14T02:00:00+00:00,0.000080
2023-11-14T03:00:00+00:00,0.000320
2023-11-14T04:00:00+00:00,0.001820
2023-11-14T05:00:00+00:00,0.047630
2023-11-14T06:00:00+00:00,0.080030
2023-11-14T07:00:00+00:00,0.096310
2023-11-14T08:00:00+00:00,0.086460
2023-11-14T09:00:00+00:00,0.074800
2023-11-14T10:00:00+00:00,0.072820
2023-11-14T11:00:00+00:00,0.075080
2023-11-14T12:00:00+00:00,0.075220
2023-11-14T13:00:00+00:00,0.086380
2023-11-14T14:00:00+00:00,0.100600
2023-11-14T15:00:00+00:00,0.098910
2023-11-14T16:00:00+00:00,0.132800
2023-11-14T17:00:00+00:00,0.126030
2023-11-14T18:00:00+00:00,0.116970
2023-11-14T19:00:00+00:00,0.100450
2023-11-14T20:00:00+00:00,0.093400
2023-11-14T21:00:00+00:00,0.096160
2023-11-14T22:00:00+00:00,0.085500
2023-11-14T23:00:00+00:00,0.081100
2023-11-15T00:00:00+00:00,0.076420
2023-11-15T01:00:00+00:00,0.072900
2023-11-15T02:00:00+00:00,0.070690
2023-11-15T03:00:00+00:00,0.074450
2023-11-15T04:00:00+00:00,0.081990
2023-11-15T05:00:00+00:00,0.101270
2023-11-15T06:00:00+00:00,0.121360
2023-11-15T07:00:00+00:00,0.126230
2023-11-15T08:00:00+00:00,0.117480
2023-11-15T09:00:00+00:00,0.108460
2023-11-15T10:00:00+00:00,0.096820
2023-11-15T11:00:00+00:00,0.090940
2023-11-15T12:00:00+00:00,0.092460
2023-11-15T13:00:00+00:00,0.094550
2023-11-15T14:00:00+00:00,0.113760
2023-11-15T15:00:00+00:00,0.119210
2023-11-15T16:00:00+00:00,0.126600
2023-11-15T17:00:00+00:00,0.129900
2023-11-15T18:00:00+00:00,0.121080
2023-11-15T19:00:00+00:00,0.109900
2023-11-15T20:00:00+00:00,0.097500
2023-11-15T21:00:00+00:00,0.091660
2023-11-15T22:00:00+00:00,0.084210
2023-11-15T23:00:00+00:00,0.085460
2023-11-16T00:00:00+00:00,0.083400
2023-11-16T01:00:00+00:00,0.095570
2023-11-16T02:00:00+00:00,0.095570
2023-11-16T03:00:00+00:00,0.098300
2023-11-16T04:00:00+00:00,0.103200
2023-11-16T05:00:00+00:00,0.105000
2023-11-16T06:00:00+00:00,0.126900
2023-11-16T07:00:00+00:00,0.129990
2023-11-16T08:00:00+00:00,0.128590
2023-11-16T09:00:00+00:00,0.120100
2023-11-16T10:00:00+00:00,0.116620
2023-11-16T11:00:00+00:00,0.122630
2023-11-16T12:00:00+00:00,0.131640
2023-11-16T13:00:00+00:00,0.146520
2023-11-16T14:00:00+00:00,0.158500
2023-11-16T15:00:00+00:00,0.158240
2023-11-16T16:00:00+00:00,0.181220
2023-11-16T17:00:00+00:00,0.140440
2023-11-16T18:00:00+00:00,0.125260
2023-11-16T19:00:00+00:00,0.121190
2023-11-16T20:00:00+00:00,0.115000
2023-11-16T21:00:00+00:00,0.110200
2023-11-16T22:00:00+00:00,0.100850
2023-11-16T23:00:00+00:00,0.106000
2023-11-17T00:00:00+00:00,0.100000
2023-11-17T01:00:00+00:00,0.100000
2023-11-17T02:00:00+00:00,0.092860
2023-11-17T03:00:00+00:00,0.095700
2023-11-17T04:00:00+00:00,0.103200
2023-11-17T05:00:00+00:00,0.119350
2023-11-17T06:00:00+00:00,0.131030
2023-11-17T07:00:00+00:00,0.141920
2023-11-17T08:00:00+00:00,0.134750
2023-11-17T09:00:00+00:00,0.127900
2023-11-17T10:00:00+00:00,0.125180
2023-11-17T11:00:00+00:00,0.119540
2023-11-17T12:00:00+00:00,0.112100
2023-11-17T13:00:00+00:00,0.123910
2023-11-17T14:00:00+00:00,0.129760
2023-11-17T15:00:00+00:00,0.137650
2023-11-17T16:00:00+00:00,0.146320
2023-11-17T17:00:00+00:00,0.149800
2023-11-17T18:00:00+00:00,0.141830
2023-11-17T19:00:00+00:00,0.128440
2023-11-17T20:00:00+00:00,0.120360
2023-11-17T21:00:00+00:00,0.118240
2023-11-17T22:00:00+00:00,0.112100
2023-11-17T23:00:00+00:00,0.110560
2023-11-18T00:00:00+00:00,0.097380
2023-11-18T01:00:00+00:00,0.090610
2023-11-18T02:00:00+00:00,0.085940
2023-11-18T03:00:00+00:00,0.082460
2023-11-18T04:00:00+00:00,0.082500
2023-11-18T05:00:00+00:00,0.086190
2023-11-18T06:00:00+00:00,0.092080
2023-11-18T07:00:00+00:00,0.100170
2023-11-18T08:00:00+00:00,0.096950
2023-11-18T09:00:00+00:00,0.095210
2023-11-18T10:00:00+00:00,0.092890
2023-11-18T11:00:00+00:00,0.092640
2023-11-18T12:00:00+00:00,0.091610
2023-11-18T13:00:00+00:00,0.092890
2023-11-18T14:00:00+00:00,0.092230
2023-11-18T15:00:00+00:00,0.094480
2023-11-18T16:00:00+00:00,0.105280
2023-11-18T17:00:00+00:00,0.107620
2023-11-18T18:00:00+00:00,0.090800
2023-11-18T19:00:00+00:00,0.083540
2023-11-18T20:00:00+00:00,0.078110
2023-11-18T21:00:00+00:00,0.073760
2023-11-18T22:00:00+00:00,0.058110
2023-11-18T23:00:00+00:00,0.019240
2023-11-19T00:00:00+00:00,0.005750
2023-11-19T01:00:00+00:00,0.004100
2023-11-19T02:00:00+00:00,0.000130
2023-11-19T03:00:00+00:00,0.000070
2023-11-19T04:00:00+00:00,0.000090
2023-11-19T05:00:00+00:00,0.002330
2023-11-19T06:00:00+00:00,0.005590
2023-11-19T07:00:00+00:00,0.014490
2023-11-19T08:00:00+00:00,0.018920
2023-11-19T09:00:00+00:00,0.012570
2023-11-19T10:00:00+00:00,0.012610
2023-11-19T11:00:00+00:00,0.011660
2023-11-19T12:00:00+00:00,0.000790
2023-11-19T13:00:00+00:00,0.015290
2023-11-19T14:00:00+00:00,0.067310
2023-11-19T15:00:00+00:00,0.080980
2023-11-19T16:00:00+00:00,0.094990
2023-11-19T17:00:00+00:00,0.104580
2023-11-19T18:00:00+00:00,0.103860
2023-11-19T19:00:00+00:00,0.088740
2023-11-19T20:00:00+00:00,0.084420
2023-11-19T21:00:00+00:00,0.088050
2023-11-19T22:00:00+00:00,0.080050
2023-11-19T23:00:00+00:00,0.068300
2023-11-20T00:00:00+00:00,0.062680
2023-11-20T01:00:00+00:00,0.059910
2023-11-20T02:00:00+00:00,0.057610
2023-11-20T03:00:00+00:00,0.063400
2023-11-20T04:00:00+00:00,0.080430
2023-11-20T05:00:00+00:00,0.102470
2023-11-20T06:00:00+00:00,0.127720
2023-11-20T07:00:00+00:00,0.126000
2023-11-20T08:00:00+00:00,0.117590
2023-11-20T09:00:00+00:00,0.110590
2023-11-20T10:00:00+00:00,0.106000
2023-11-20T11:00:00+00:00,0.103000
2023-11-20T12:00:00+00:00,0.114300
2023-11-20T13:00:00+00:00,0.120350
2023-11-20T14:00:00+00:00,0.125370
2023-11-20T15:00:00+00:00,0.135860
2023-11-20T16:00:00+00:00,0.148120
2023-11-20T17:00:00+00:00,0.139980
2023-11-20T18:00:00+00:00,0.130100
2023-11-20T19:00:00+00:00,0.120050
2023-11-20T20:00:00+00:00,0.107010
2023-11-20T21:00:00+00:00,0.108050
2023-11-20T22:00:00+00:00,0.100000
2023-11-20T23:00:00+00:00,0.102750
2023-11-21T00:00:00+00:00,0.098200
2023-11-21T01:00:00+00:00,0.096120
2023-11-21T02:00:00+00:00,0.091170
2023-11-21T03:00:00+00:00,0.095360
2023-11-21T04:00:00+00:00,0.101120
2023-11-21T05:00:00+00:00,0.120100
2023-11-21T06:00:00+00:00,0.134500
2023-11-21T07:00:00+00:00,0.139300
2023-11-21T08:00:00+00:00,0.136020
2023-11-21T09:00:00+00:00,0.135000
2023-11-21T10:00:00+00:00,0.134120
2023-11-21T11:00:00+00:00,0.137830
2023-11-21T12:00:00+00:00,0.137020
2023-11-21T13:00:00+00:00,0.137070
2023-11-21T14:00:00+00:00,0.137230
2023-11-21T15:00:00+00:00,0.140570
2023-11-21T16:00:00+00:00,0.145800
2023-11-21T17:00:00+00:00,0.142080
2023-11-21T18:00:00+00:00,0.132350
2023-11-21T19:00:00+00:00,0.124790
2023-11-21T20:00:00+00:00,0.110520
2023-11-21T21:00:00+00:00,0.110910
2023-11-21T22:00:00+00:00,0.098040
2023-11-21T23:00:00+00:00,0.098000
2023-11-22T00:00:00+00:00,0.095010
2023-11-22T01:00:00+00:00,0.095010
2023-11-22T02:00:00+00:00,0.092000
2023-11-22T03:00:00+00:00,0.092590
2023-11-22T04:00:00+00:00,0.096500
2023-11-22T05:00:00+00:00,0.119250
2023-11-22T06:00:00+00:00,0.140550
2023-11-22T07:00:00+00:00,0.152230
2023-11-22T08:00:00+00:00,0.131300
2023-11-22T09:00:00+00:00,0.114990
2023-11-22T10:00:00+00:00,0.103570
2023-11-22T11:00:00+00:00,0.095600
2023-11-22T12:00:00+00:00,0.102410
2023-11-22T13:00:00+00:00,0.116090
2023-11-22T14:00:00+00:00,0.120000
2023-11-22T15:00:00+00:00,0.127200
2023-11-22T16:00:00+00:00,0.132950
2023-11-22T17:00:00+00:00,0.129890
2023-11-22T18:00:00+00:00,0.118780
2023-11-22T19:00:00+00:00,0.123000
2023-11-22T20:00:00+00:00,0.102820
2023-11-22T21:00:00+00:00,0.108570
2023-11-22T22:00:00+00:00,0.080200
2023-11-22T23:00:00+00:00,0.064970
2023-11-23T00:00:00+00:00,0.046050
2023-11-23T01:00:00+00:00,0.041120
2023-11-23T02:00:00+00:00,0.030130
2023-11-23T03:00:00+00:00,0.020180
2023-11-23T04:00:00+00:00,0.032170
2023-11-23T05:00:00+00:00,0.082000
2023-11-23T06:00:00+00:00,0.114430
2023-11-23T07:00:00+00:00,0.139800
2023-11-23T08:00:00+00:00,0.139900
2023-11-23T09:00:00+00:00,0.119010
2023-11-23T10:00:00+00:00,0.088000
2023-11-23T11:00:00+00:00,0.070870
2023-11-23T12:00:00+00:00,0.084890
2023-11-23T13:00:00+00:00,0.095000
2023-11-23T14:00:00+00:00,0.098000
2023-11-23T15:00:00+00:00,0.112100
2023-11-23T16:00:00+00:00,0.155770
2023-11-23T17:00:00+00:00,0.135900
2023-11-23T18:00:00+00:00,0.130100
2023-11-23T19:00:00+00:00,0.096000
2023-11-23T20:00:00+00:00,0.093000
2023-11-23T21:00:00+00:00,0.091800
2023-11-23T22:00:00+00:00,0.060320
2023-11-23T23:00:00+00:00,0.047000
2023-11-24T00:00:00+00:00,0.020400
2023-11-24T01:00:00+00:00,0.024400
2023-11-24T02:00:00+00:00,0.000590
2023-11-24T03:00:00+00:00,0.001770
2023-11-24T04:00:00+00:00,0.031680
2023-11-24T05:00:00+00:00,0.070900
2023-11-24T06:00:00+00:00,0.094610
2023-11-24T07:00:00+00:00,0.126570
2023-11-24T08:00:00+00:00,0.131220
2023-11-24T09:00:00+00:00,0.107150
2023-11-24T10:00:00+00:00,0.098850
2023-11-24T11:00:00+00:00,0.077860
2023-11-24T12:00:00+00:00,0.078290
2023-11-24T13:00:00+00:00,0.089310
2023-11-24T14:00:00+00:00,0.090090
2023-11-24T15:00:00+00:00,0.113100
2023-11-24T16:00:00+00:00,0.145100
2023-11-24T17:00:00+00:00,0.148020
2023-11-24T18:00:00+00:00,0.136340
2023-11-24T19:00:00+00:00,0.121600
2023-11-24T20:00:00+00:00,0.100100
2023-11-24T21:00:00+00:00,0.092970
2023-11-24T22:00:00+00:00,0.085350
2023-11-24T23:00:00+00:00,0.078070
2023-11-25T00:00:00+00:00,0.074030
2023-11-25T01:00:00+00:00,0.072070
2023-11-25T02:00:00+00:00,0.071610
2023-11-25T03:00:00+00:00,0.069990
2023-11-25T04:00:00+00:00,0.074190
2023-11-25T05:00:00+00:00,0.079810
2023-11-25T06:00:00+00:00,0.087080
2023-11-25T07:00:00+00:00,0.094290
2023-11-25T08:00:00+00:00,0.092020
2023-11-25T09:00:00+00:00,0.089170
2023-11-25T10:00:00+00:00,0.087060
2023-11-25T11:00:00+00:00,0.084840
2023-11-25T12:00:00+00:00,0.083090
2023-11-25T13:00:00+00:00,0.090090
2023-11-25T14:00:00+00:00,0.095800
2023-11-25T15:00:00+00:00,0.114950
2023-11-25T16:00:00+00:00,0.124100
2023-11-25T17:00:00+00:00,0.138790
2023-11-25T18:00:00+00:00,0.128050
2023-11-25T19:00:00+00:00,0.139120
2023-11-25T20:00:00+00:00,0.121000
2023-11-25T21:00:00+00:00,0.117860
2023-11-25T22:00:00+00:00,0.111150
2023-11-25T23:00:00+00:00,0.111730
2023-11-26T00:00:00+00:00,0.105070
2023-11-26T01:00:00+00:00,0.101840
2023-11-26T02:00:00+00:00,0.099340
2023-11-26T03:00:00+00:00,0.096580
2023-11-26T04:00:00+00:00,0.097160
2023-11-26T05:00:00+00:00,0.100100
2023-11-26T06:00:00+00:00,0.110080
2023-11-26T07:00:00+00:00,0.113130
2023-11-26T08:00:00+00:00,0.117700
2023-11-26T09:00:00+00:00,0.115880
2023-11-26T10:00:00+00:00,0.114800
2023-11-26T11:00:00+00:00,0.113670
2023-11-26T12:00:00+00:00,0.110140
2023-11-26T13:00:00+00:00,0.115100
2023-11-26T14:00:00+00:00,0.123260
2023-11-26T15:00:00+00:00,0.134150
2023-11-26T16:00:00+00:00,0.145700
2023-11-26T17:00:00+00:00,0.160600
2023-11-26T18:00:00+00:00,0.146630
2023-11-26T19:00:00+00:00,0.135910
2023-11-26T20:00:00+00:00,0.122410
2023-11-26T21:00:00+00:00,0.118990
2023-11-26T22:00:00+00:00,0.102490
2023-11-26T23:00:00+00:00,0.099310
2023-11-27T00:00:00+00:00,0.094150
2023-11-27T01:00:00+00:00,0.089900
2023-11-27T02:00:00+00:00,0.088820
2023-11-27T03:00:00+00:00,0.087910
2023-11-27T04:00:00+00:00,0.094090
2023-11-27T05:00:00+00:00,0.122010
2023-11-27T06:00:00+00:00,0.136890
2023-11-27T07:00:00+00:00,0.144990
2023-11-27T08:00:00+00:00,0.139410
2023-11-27T09:00:00+00:00,0.138000
2023-11-27T10:00:00+00:00,0.136940
2023-11-27T11:00:00+00:00,0.133970
2023-11-27T12:00:00+00:00,0.132670
2023-11-27T13:00:00+00:00,0.130090
2023-11-27T14:00:00+00:00,0.121630
2023-11-27T15:00:00+00:00,0.116840
2023-11-27T16:00:00+00:00,0.125560
2023-11-27T17:00:00+00:00,0.129100
2023-11-27T18:00:00+00:00,0.105580
2023-11-27T19:00:00+00:00,0.109000
2023-11-27T20:00:00+00:00,0.108100
2023-11-27T21:00:00+00:00,0.094300
2023-11-27T22:00:00+00:00,0.084890
2023-11-27T23:00:00+00:00,0.077740
2023-11-28T00:00:00+00:00,0.070490
2023-11-28T01:00:00+00:00,0.067470
2023-11-28T02:00:00+00:00,0.064500
2023-11-28T03:00:00+00:00,0.068290
2023-11-28T04:00:00+00:00,0.080080
2023-11-28T05:00:00+00:00,0.097620
2023-11-28T06:00:00+00:00,0.118380
2023-11-28T07:00:00+00:00,0.127600
2023-11-28T08:00:00+00:00,0.138280
2023-11-28T09:00:00+00:00,0.139270
2023-11-28T10:00:00+00:00,0.138510
2023-11-28T11:00:00+00:00,0.135610
2023-11-28T12:00:00+00:00,0.137730
2023-11-28T13:00:00+00:00,0.144010
2023-11-28T14:00:00+00:00,0.150000
2023-11-28T15:00:00+00:00,0.164010
2023-11-28T16:00:00+00:00,0.189980
2023-11-28T17:00:00+00:00,0.177000
2023-11-28T18:00:00+00:00,0.161490
2023-11-28T19:00:00+00:00,0.140510
2023-11-28T20:00:00+00:00,0.120000
2023-11-28T21:00:00+00:00,0.116840
2023-11-28T22:00:00+00:00,0.109290
2023-11-28T23:00:00+00:00,0.098430
2023-11-29T00:00:00+00:00,0.095110
2023-11-29T01:00:00+00:00,0.092080
2023-11-29T02:00:00+00:00,0.086120
2023-11-29T03:00:00+00:00,0.084940
2023-11-29T04:00:00+00:00,0.095700
2023-11-29T05:00:00+00:00,0.102840
2023-11-29T06:00:00+00:00,0.132590
2023-11-29T07:00:00+00:00,0.149580
2023-11-29T08:00:00+00:00,0.145000
2023-11-29T09:00:00+00:00,0.133850
2023-11-29T10:00:00+00:00,0.129990
2023-11-29T11:00:00+00:00,0.128210
2023-11-29T12:00:00+00:00,0.132380
2023-11-29T13:00:00+00:00,0.146660
2023-11-29T14:00:00+00:00,0.168000
2023-11-29T15:00:00+00:00,0.200000
2023-11-29T16:00:00+00:00,0.250000
2023-11-29T17:00:00+00:00,0.250000
2023-11-29T18:00:00+00:00,0.200000
2023-11-29T19:00:00+00:00,0.161000
2023-11-29T20:00:00+00:00,0.139010
2023-11-29T21:00:00+00:00,0.128500
2023-11-29T22:00:00+00:00,0.114270
2023-11-29T23:00:00+00:00,0.104790
2023-11-30T00:00:00+00:00,0.104520
2023-11-30T01:00:00+00:00,0.102200
2023-11-30T02:00:00+00:00,0.100000
2023-11-30T03:00:00+00:00,0.101630
2023-11-30T04:00:00+00:00,0.106300
2023-11-30T05:00:00+00:00,0.129410
2023-11-30T06:00:00+00:00,0.168090
2023-11-30T07:00:00+00:00,0.219270
2023-11-30T08:00:00+00:00,0.237060
2023-11-30T09:00:00+00:00,0.222400
2023-11-30T10:00:00+00:00,0.223220
2023-11-30T11:00:00+00:00,0.195150
2023-11-30T12:00:00+00:00,0.189760
2023-11-30T13:00:00+00:00,0.195000
2023-11-30T14:00:00+00:00,0.195000
2023-11-30T15:00:00+00:00,0.226000
2023-11-30T16:00:00+00:00,0.261000
2023-11-30T17:00:00+00:00,0.249410
2023-11-30T18:00:00+00:00,0.196660
2023-11-30T19:00:00+00:00,0.153930
2023-11-30T20:00:00+00:00,0.132710
2023-11-30T21:00:00+00:00,0.124670
2023-11-30T22:00:00+00:00,0.113720
2023-11-30T23:00:00+00:00,0.106910
2023-12-01T00:00:00+00:00,0.102630
2023-12-01T01:00:00+00:00,0.099100
2023-12-01T02:00:00+00:00,0.095890
2023-12-01T03:00:00+00:00,0.096070
2023-12-01T04:00:00+00:00,0.102290
2023-12-01T05:00:00+00:00,0.120000
2023-12-01T06:00:00+00:00,0.152070
2023-12-01T07:00:00+00:00,0.203320
2023-12-01T08:00:00+00:00,0.222350
2023-12-01T09:00:00+00:00,0.214990
2023-12-01T10:00:00+00:00,0.213090
2023-12-01T11:00:00+00:00,0.196720
2023-12-01T12:00:00+00:00,0.174540
2023-12-01T13:00:00+00:00,0.174110
2023-12-01T14:00:00+00:00,0.183600
2023-12-01T15:00:00+00:00,0.200000
2023-12-01T16:00:00+00:00,0.229770
2023-12-01T17:00:00+00:00,0.199100
2023-12-01T18:00:00+00:00,0.168490
2023-12-01T19:00:00+00:00,0.142330
2023-12-01T20:00:00+00:00,0.125110
2023-12-01T21:00:00+00:00,0.118310
2023-12-01T22:00:00+00:00,0.108120
2023-12-01T23:00:00+00:00,0.105300
2023-12-02T00:00:00+00:00,0.102780
2023-12-02T01:00:00+00:00,0.101740
2023-12-02T02:00:00+00:00,0.099240
2023-12-02T03:00:00+00:00,0.098350
2023-12-02T04:00:00+00:00,0.098010
2023-12-02T05:00:00+00:00,0.099060
2023-12-02T06:00:00+00:00,0.104750
2023-12-02T07:00:00+00:00,0.120340
2023-12-02T08:00:00+00:00,0.127990
2023-12-02T09:00:00+00:00,0.130750
2023-12-02T10:00:00+00:00,0.126240
2023-12-02T11:00:00+00:00,0.119900
2023-12-02T12:00:00+00:00,0.114580
2023-12-02T13:00:00+00:00,0.118520
2023-12-02T14:00:00+00:00,0.123500
2023-12-02T15:00:00+00:00,0.129790
2023-12-02T16:00:00+00:00,0.144150
2023-12-02T17:00:00+00:00,0.144850
2023-12-02T18:00:00+00:00,0.129560
2023-12-02T19:00:00+00:00,0.122560
2023-12-02T20:00:00+00:00,0.113000
2023-12-02T21:00:00+00:00,0.109010
2023-12-02T22:00:00+00:00,0.106300
2023-12-02T23:00:00+00:00,0.108630
2023-12-03T00:00:00+00:00,0.103380
2023-12-03T01:00:00+00:00,0.100200
2023-12-03T02:00:00+00:00,0.099130
2023-12-03T03:00:00+00:00,0.095150
2023-12-03T04:00:00+00:00,0.091830
2023-12-03T05:00:00+00:00,0.088890
2023-12-03T06:00:00+00:00,0.092310
2023-12-03T07:00:00+00:00,0.097020
2023-12-03T08:00:00+00:00,0.100150
2023-12-03T09:00:00+00:00,0.104960
2023-12-03T10:00:00+00:00,0.105070
2023-12-03T11:00:00+00:00,0.102910
2023-12-03T12:00:00+00:00,0.100000
2023-12-03T13:00:00+00:00,0.105680
2023-12-03T14:00:00+00:00,0.115000
2023-12-03T15:00:00+00:00,0.122200
2023-12-03T16:00:00+00:00,0.127900
2023-12-03T17:00:00+00:00,0.129050
2023-12-03T18:00:00+00:00,0.126070
2023-12-03T19:00:00+00:00,0.112330
2023-12-03T20:00:00+00:00,0.100000
2023-12-03T21:00:00+00:00,0.099090
2023-12-03T22:00:00+00:00,0.089000
2023-12-03T23:00:00+00:00,0.093860
2023-12-04T00:00:00+00:00,0.089810
2023-12-04T01:00:00+00:00,0.088020
2023-12-04T02:00:00+00:00,0.085380
2023-12-04T03:00:00+00:00,0.085830
2023-12-04T04:00:00+00:00,0.091980
2023-12-04T05:00:00+00:00,0.103380
2023-12-04T06:00:00+00:00,0.115750
2023-12-04T07:00:00+00:00,0.122640
2023-12-04T08:00:00+00:00,0.126120
2023-12-04T09:00:00+00:00,0.128020
2023-12-04T10:00:00+00:00,0.130700
2023-12-04T11:00:00+00:00,0.126450
2023-12-04T12:00:00+00:00,0.130000
2023-12-04T13:00:00+00:00,0.127100
2023-12-04T14:00:00+00:00,0.124840
2023-12-04T15:00:00+00:00,0.121960
2023-12-04T16:00:00+00:00,0.128060
2023-12-04T17:00:00+00:00,0.125600
2023-12-04T18:00:00+00:00,0.120000
2023-12-04T19:00:00+00:00,0.114330
2023-12-04T20:00:00+00:00,0.105550
2023-12-04T21:00:00+00:00,0.100000
2023-12-04T22:00:00+00:00,0.091760
2023-12-04T23:00:00+00:00,0.090850
2023-12-05T00:00:00+00:00,0.088010
2023-12-05T01:00:00+00:00,0.085730
2023-12-05T02:00:00+00:00,0.083620
2023-12-05T03:00:00+00:00,0.084710
2023-12-05T04:00:00+00:00,0.091020
2023-12-05T05:00:00+00:00,0.107950
2023-12-05T06:00:00+00:00,0.114360
2023-12-05T07:00:00+00:00,0.122790
2023-12-05T08:00:00+00:00,0.123290
2023-12-05T09:00:00+00:00,0.120690
2023-12-05T10:00:00+00:00,0.120790
2023-12-05T11:00:00+00:00,0.117960
2023-12-05T12:00:00+00:00,0.118120
2023-12-05T13:00:00+00:00,0.125070
2023-12-05T14:00:00+00:00,0.122590
2023-12-05T15:00:00+00:00,0.129240
2023-12-05T16:00:00+00:00,0.146050
2023-12-05T17:00:00+00:00,0.147470
2023-12-05T18:00:00+00:00,0.141560
2023-12-05T19:00:00+00:00,0.128630
2023-12-05T20:00:00+00:00,0.117830
2023-12-05T21:00:00+00:00,0.111550
2023-12-05T22:00:00+00:00,0.103280
2023-12-05T23:00:00+00:00,0.094970
2023-12-06T00:00:00+00:00,0.093100
2023-12-06T01:00:00+00:00,0.092570
2023-12-06T02:00:00+00:00,0.090960
2023-12-06T03:00:00+00:00,0.090590
2023-12-06T04:00:00+00:00,0.093890
2023-12-06T05:00:00+00:00,0.106520
2023-12-06T06:00:00+00:00,0.132760
2023-12-06T07:00:00+00:00,0.167000
2023-12-06T08:00:00+00:00,0.166540
2023-12-06T09:00:00+00:00,0.150000
2023-12-06T10:00:00+00:00,0.146290
2023-12-06T11:00:00+00:00,0.119000
2023-12-06T12:00:00+00:00,0.109730
2023-12-06T13:00:00+00:00,0.129890
2023-12-06T14:00:00+00:00,0.143990
2023-12-06T15:00:00+00:00,0.164000
2023-12-06T16:00:00+00:00,0.178070
2023-12-06T17:00:00+00:00,0.165280
2023-12-06T18:00:00+00:00,0.149930
2023-12-06T19:00:00+00:00,0.129910
2023-12-06T20:00:00+00:00,0.115680
2023-12-06T21:00:00+00:00,0.107330
2023-12-06T22:00:00+00:00,0.100440
2023-12-06T23:00:00+00:00,0.099200
2023-12-07T00:00:00+00:00,0.097850
2023-12-07T01:00:00+00:00,0.096860
2023-12-07T02:00:00+00:00,0.091810
2023-12-07T03:00:00+00:00,0.089920
2023-12-07T04:00:00+00:00,0.094530
2023-12-07T05:00:00+00:00,0.097050
2023-12-07T06:00:00+00:00,0.127990
2023-12-07T07:00:00+00:00,0.150000
2023-12-07T08:00:00+00:00,0.137700
2023-12-07T09:00:00+00:00,0.108200
2023-12-07T10:00:00+00:00,0.094300
2023-12-07T11:00:00+00:00,0.079000
2023-12-07T12:00:00+00:00,0.080300
2023-12-07T13:00:00+00:00,0.086000
2023-12-07T14:00:00+00:00,0.106700
2023-12-07T15:00:00+00:00,0.126130
2023-12-07T16:00:00+00:00,0.125210
2023-12-07T17:00:00+00:00,0.120280
2023-12-07T18:00:00+00:00,0.103190
2023-12-07T19:00:00+00:00,0.099880
2023-12-07T20:00:00+00:00,0.096100
2023-12-07T21:00:00+00:00,0.096470
2023-12-07T22:00:00+00:00,0.087080
2023-12-07T23:00:00+00:00,0.087090
2023-12-08T00:00:00+00:00,0.083260
2023-12-08T01:00:00+00:00,0.081430
2023-12-08T02:00:00+00:00,0.079520
2023-12-08T03:00:00+00:00,0.080000
2023-12-08T04:00:00+00:00,0.087040
2023-12-08T05:00:00+00:00,0.099940
2023-12-08T06:00:00+00:00,0.107540
2023-12-08T07:00:00+00:00,0.112800
2023-12-08T08:00:00+00:00,0.118580
2023-12-08T09:00:00+00:00,0.118780
2023-12-08T10:00:00+00:00,0.118070
2023-12-08T11:00:00+00:00,0.116740
2023-12-08T12:00:00+00:00,0.111890
2023-12-08T13:00:00+00:00,0.113090
2023-12-08T14:00:00+00:00,0.115750
2023-12-08T15:00:00+00:00,0.113350
2023-12-08T16:00:00+00:00,0.117630
2023-12-08T17:00:00+00:00,0.118600
2023-12-08T18:00:00+00:00,0.105560
2023-12-08T19:00:00+00:00,0.104670
2023-12-08T20:00:00+00:00,0.101120
2023-12-08T21:00:00+00:00,0.101390
2023-12-08T22:00:00+00:00,0.090580
2023-12-08T23:00:00+00:00,0.095000
2023-12-09T00:00:00+00:00,0.085100
2023-12-09T01:00:00+00:00,0.079490
2023-12-09T02:00:00+00:00,0.073070
2023-12-09T03:00:00+00:00,0.069570
2023-12-09T04:00:00+00:00,0.072380
2023-12-09T05:00:00+00:00,0.076040
2023-12-09T06:00:00+00:00,0.082490
2023-12-09T07:00:00+00:00,0.085140
2023-12-09T08:00:00+00:00,0.091760
2023-12-09T09:00:00+00:00,0.090580
2023-12-09T10:00:00+00:00,0.090750
2023-12-09T11:00:00+00:00,0.091170
2023-12-09T12:00:00+00:00,0.088690
2023-12-09T13:00:00+00:00,0.085600
2023-12-09T14:00:00+00:00,0.083500
2023-12-09T15:00:00+00:00,0.078700
2023-12-09T16:00:00+00:00,0.083440
2023-12-09T17:00:00+00:00,0.080000
2023-12-09T18:00:00+00:00,0.078690
2023-12-09T19:00:00+00:00,0.065620
2023-12-09T20:00:00+00:00,0.061400
2023-12-09T21:00:00+00:00,0.057200
2023-12-09T22:00:00+00:00,0.046180
2023-12-09T23:00:00+00:00,0.033780
2023-12-10T00:00:00+00:00,0.021340
2023-12-10T01:00:00+00:00,0.012490
2023-12-10T02:00:00+00:00,0.006370
2023-12-10T03:00:00+00:00,0.009360
2023-12-10T04:00:00+00:00,0.017540
2023-12-10T05:00:00+00:00,0.023840
2023-12-10T06:00:00+00:00,0.041850
2023-12-10T07:00:00+00:00,0.059670
2023-12-10T08:00:00+00:00,0.066240
2023-12-10T09:00:00+00:00,0.068010
2023-12-10T10:00:00+00:00,0.067960
2023-12-10T11:00:00+00:00,0.066380
2023-12-10T12:00:00+00:00,0.064730
2023-12-10T13:00:00+00:00,0.068980
2023-12-10T14:00:00+00:00,0.075840
2023-12-10T15:00:00+00:00,0.080300
2023-12-10T16:00:00+00:00,0.080300
2023-12-10T17:00:00+00:00,0.085420
2023-12-10T18:00:00+00:00,0.080760
2023-12-10T19:00:00+00:00,0.078050
2023-12-10T20:00:00+00:00,0.077060
2023-12-10T21:00:00+00:00,0.077470
2023-12-10T22:00:00+00:00,0.067150
2023-12-10T23:00:00+00:00,0.034550
2023-12-11T00:00:00+00:00,0.015740
2023-12-11T01:00:00+00:00,0.013000
2023-12-11T02:00:00+00:00,0.008900
2023-12-11T03:00:00+00:00,0.011990
2023-12-11T04:00:00+00:00,0.035790
2023-12-11T05:00:00+00:00,0.074290
2023-12-11T06:00:00+00:00,0.092740
2023-12-11T07:00:00+00:00,0.098650
2023-12-11T08:00:00+00:00,0.098370
2023-12-11T09:00:00+00:00,0.093290
2023-12-11T10:00:00+00:00,0.090980
2023-12-11T11:00:00+00:00,0.085970
2023-12-11T12:00:00+00:00,0.084480
2023-12-11T13:00:00+00:00,0.092000
2023-12-11T14:00:00+00:00,0.096790
2023-12-11T15:00:00+00:00,0.106120
2023-12-11T16:00:00+00:00,0.118450
2023-12-11T17:00:00+00:00,0.122900
2023-12-11T18:00:00+00:00,0.121550
2023-12-11T19:00:00+00:00,0.114110
2023-12-11T20:00:00+00:00,0.099420
2023-12-11T21:00:00+00:00,0.096530
2023-12-11T22:00:00+00:00,0.090370
2023-12-11T23:00:00+00:00,0.088070
2023-12-12T00:00:00+00:00,0.087060
2023-12-12T01:00:00+00:00,0.085620
2023-12-12T02:00:00+00:00,0.084420
2023-12-12T03:00:00+00:00,0.085550
2023-12-12T04:00:00+00:00,0.087310
2023-12-12T05:00:00+00:00,0.098900
2023-12-12T06:00:00+00:00,0.118400
2023-12-12T07:00:00+00:00,0.140790
2023-12-12T08:00:00+00:00,0.128770
2023-12-12T09:00:00+00:00,0.124570
2023-12-12T10:00:00+00:00,0.118810
2023-12-12T11:00:00+00:00,0.116820
2023-12-12T12:00:00+00:00,0.119470
2023-12-12T13:00:00+00:00,0.116690
2023-12-12T14:00:00+00:00,0.115540
2023-12-12T15:00:00+00:00,0.106500
2023-12-12T16:00:00+00:00,0.104130
2023-12-12T17:00:00+00:00,0.105000
2023-12-12T18:00:00+00:00,0.093600
2023-12-12T19:00:00+00:00,0.092150
2023-12-12T20:00:00+00:00,0.088140
2023-12-12T21:00:00+00:00,0.083370
2023-12-12T22:00:00+00:00,0.077500
2023-12-12T23:00:00+00:00,0.075430
2023-12-13T00:00:00+00:00,0.073010
2023-12-13T01:00:00+00:00,0.073720
2023-12-13T02:00:00+00:00,0.071460
2023-12-13T03:00:00+00:00,0.073050
2023-12-13T04:00:00+00:00,0.075570
2023-12-13T05:00:00+00:00,0.083100
2023-12-13T06:00:00+00:00,0.102190
2023-12-13T07:00:00+00:00,0.098770
2023-12-13T08:00:00+00:00,0.103510
2023-12-13T09:00:00+00:00,0.100230
2023-12-13T10:00:00+00:00,0.100000
2023-12-13T11:00:00+00:00,0.097620
2023-12-13T12:00:00+00:00,0.097340
2023-12-13T13:00:00+00:00,0.102060
2023-12-13T14:00:00+00:00,0.102830
2023-12-13T15:00:00+00:00,0.100780
2023-12-13T16:00:00+00:00,0.110040
2023-12-13T17:00:00+00:00,0.105420
2023-12-13T18:00:00+00:00,0.102040
2023-12-13T19:00:00+00:00,0.095300
2023-12-13T20:00:00+00:00,0.090880
2023-12-13T21:00:00+00:00,0.092350
2023-12-13T22:00:00+00:00,0.084250
2023-12-13T23:00:00+00:00,0.077340
2023-12-14T00:00:00+00:00,0.076130
2023-12-14T01:00:00+00:00,0.076500
2023-12-14T02:00:00+00:00,0.077530
2023-12-14T03:00:00+00:00,0.079050
2023-12-14T04:00:00+00:00,0.081920
2023-12-14T05:00:00+00:00,0.090920
2023-12-14T06:00:00+00:00,0.116340
2023-12-14T07:00:00+00:00,0.124660
2023-12-14T08:00:00+00:00,0.121700
2023-12-14T09:00:00+00:00,0.114330
2023-12-14T10:00:00+00:00,0.119320
2023-12-14T11:00:00+00:00,0.095000
2023-12-14T12:00:00+00:00,0.099900
2023-12-14T13:00:00+00:00,0.100800
2023-12-14T14:00:00+00:00,0.108100
2023-12-14T15:00:00+00:00,0.120000
2023-12-14T16:00:00+00:00,0.119900
2023-12-14T17:00:00+00:00,0.122300
2023-12-14T18:00:00+00:00,0.113820
2023-12-14T19:00:00+00:00,0.099900
2023-12-14T20:00:00+00:00,0.096200
2023-12-14T21:00:00+00:00,0.094460
2023-12-14T22:00:00+00:00,0.085570
2023-12-14T23:00:00+00:00,0.086110
2023-12-15T00:00:00+00:00,0.082930
2023-12-15T01:00:00+00:00,0.080100
2023-12-15T02:00:00+00:00,0.076550
2023-12-15T03:00:00+00:00,0.075160
2023-12-15T04:00:00+00:00,0.080410
2023-12-15T05:00:00+00:00,0.095970
2023-12-15T06:00:00+00:00,0.106920
2023-12-15T07:00:00+00:00,0.121500
2023-12-15T08:00:00+00:00,0.117470
2023-12-15T09:00:00+00:00,0.109970
2023-12-15T10:00:00+00:00,0.102770
2023-12-15T11:00:00+00:00,0.094200
2023-12-15T12:00:00+00:00,0.088370
2023-12-15T13:00:00+00:00,0.087100
2023-12-15T14:00:00+00:00,0.089860
2023-12-15T15:00:00+00:00,0.098400
2023-12-15T16:00:00+00:00,0.104400
2023-12-15T17:00:00+00:00,0.101860
2023-12-15T18:00:00+00:00,0.093300
2023-12-15T19:00:00+00:00,0.093360
2023-12-15T20:00:00+00:00,0.088360
2023-12-15T21:00:00+00:00,0.086770
2023-12-15T22:00:00+00:00,0.076710
2023-12-15T23:00:00+00:00,0.067200
2023-12-16T00:00:00+00:00,0.063210
2023-12-16T01:00:00+00:00,0.060370
2023-12-16T02:00:00+00:00,0.058000
2023-12-16T03:00:00+00:00,0.054100
2023-12-16T04:00:00+00:00,0.055640
2023-12-16T05:00:00+00:00,0.059340
2023-12-16T06:00:00+00:00,0.065100
2023-12-16T07:00:00+00:00,0.079890
2023-12-16T08:00:00+00:00,0.087690
2023-12-16T09:00:00+00:00,0.084420
2023-12-16T10:00:00+00:00,0.077000
2023-12-16T11:00:00+00:00,0.071450
2023-12-16T12:00:00+00:00,0.070620
2023-12-16T13:00:00+00:00,0.075310
2023-12-16T14:00:00+00:00,0.080380
2023-12-16T15:00:00+00:00,0.083900
2023-12-16T16:00:00+00:00,0.106780
2023-12-16T17:00:00+00:00,0.118810
2023-12-16T18:00:00+00:00,0.103000
2023-12-16T19:00:00+00:00,0.093600
2023-12-16T20:00:00+00:00,0.075000
2023-12-16T21:00:00+00:00,0.066460
2023-12-16T22:00:00+00:00,0.056000
2023-12-16T23:00:00+00:00,0.045480
2023-12-17T00:00:00+00:00,0.043110
2023-12-17T01:00:00+00:00,0.043710
2023-12-17T02:00:00+00:00,0.028690
2023-12-17T03:00:00+00:00,0.026370
2023-12-17T04:00:00+00:00,0.029870
2023-12-17T05:00:00+00:00,0.039030
2023-12-17T06:00:00+00:00,0.045530
2023-12-17T07:00:00+00:00,0.057670
2023-12-17T08:00:00+00:00,0.059170
2023-12-17T09:00:00+00:00,0.054430
2023-12-17T10:00:00+00:00,0.049000
2023-12-17T11:00:00+00:00,0.043710
2023-12-17T12:00:00+00:00,0.040030
2023-12-17T13:00:00+00:00,0.046100
2023-12-17T14:00:00+00:00,0.057180
2023-12-17T15:00:00+00:00,0.064130
2023-12-17T16:00:00+00:00,0.089000
2023-12-17T17:00:00+00:00,0.099890
2023-12-17T18:00:00+00:00,0.086000
2023-12-17T19:00:00+00:00,0.065990
2023-12-17T20:00:00+00:00,0.064890
2023-12-17T21:00:00+00:00,0.066840
2023-12-17T22:00:00+00:00,0.051630
2023-12-17T23:00:00+00:00,0.054460
2023-12-18T00:00:00+00:00,0.052020
2023-12-18T01:00:00+00:00,0.050290
2023-12-18T02:00:00+00:00,0.049200
2023-12-18T03:00:00+00:00,0.052770
2023-12-18T04:00:00+00:00,0.062580
2023-12-18T05:00:00+00:00,0.084000
2023-12-18T06:00:00+00:00,0.103390
2023-12-18T07:00:00+00:00,0.109280
2023-12-18T08:00:00+00:00,0.110280
2023-12-18T09:00:00+00:00,0.089030
2023-12-18T10:00:00+00:00,0.081170
2023-12-18T11:00:00+00:00,0.074890
2023-12-18T12:00:00+00:00,0.074950
2023-12-18T13:00:00+00:00,0.080870
2023-12-18T14:00:00+00:00,0.088000
2023-12-18T15:00:00+00:00,0.095410
2023-12-18T16:00:00+00:00,0.104330
2023-12-18T17:00:00+00:00,0.103150
2023-12-18T18:00:00+00:00,0.096300
2023-12-18T19:00:00+00:00,0.083090
2023-12-18T20:00:00+00:00,0.074890
2023-12-18T21:00:00+00:00,0.063790
2023-12-18T22:00:00+00:00,0.057940
2023-12-18T23:00:00+00:00,0.052240
2023-12-19T00:00:00+00:00,0.050890
2023-12-19T01:00:00+00:00,0.049990
2023-12-19T02:00:00+00:00,0.056270
2023-12-19T03:00:00+00:00,0.059000
2023-12-19T04:00:00+00:00,0.065050
2023-12-19T05:00:00+00:00,0.080000
2023-12-19T06:00:00+00:00,0.093740
2023-12-19T07:00:00+00:00,0.100240
2023-12-19T08:00:00+00:00,0.094280
2023-12-19T09:00:00+00:00,0.086100
2023-12-19T10:00:00+00:00,0.079710
2023-12-19T11:00:00+00:00,0.076500
2023-12-19T12:00:00+00:00,0.080000
2023-12-19T13:00:00+00:00,0.080660
2023-12-19T14:00:00+00:00,0.084820
2023-12-19T15:00:00+00:00,0.088670
2023-12-19T16:00:00+00:00,0.101810
2023-12-19T17:00:00+00:00,0.094400
2023-12-19T18:00:00+00:00,0.091100
2023-12-19T19:00:00+00:00,0.085200
2023-12-19T20:00:00+00:00,0.079640
2023-12-19T21:00:00+00:00,0.075860
2023-12-19T22:00:00+00:00,0.059840
2023-12-19T23:00:00+00:00,0.057850
2023-12-20T00:00:00+00:00,0.050480
2023-12-20T01:00:00+00:00,0.048000
2023-12-20T02:00:00+00:00,0.039980
2023-12-20T03:00:00+00:00,0.031510
2023-12-20T04:00:00+00:00,0.039970
2023-12-20T05:00:00+00:00,0.048130
2023-12-20T06:00:00+00:00,0.069530
2023-12-20T07:00:00+00:00,0.098090
2023-12-20T08:00:00+00:00,0.107100
2023-12-20T09:00:00+00:00,0.095000
2023-12-20T10:00:00+00:00,0.088000
2023-12-20T11:00:00+00:00,0.066540
2023-12-20T12:00:00+00:00,0.070100
2023-12-20T13:00:00+00:00,0.084310
2023-12-20T14:00:00+00:00,0.090660
2023-12-20T15:00:00+00:00,0.098000
2023-12-20T16:00:00+00:00,0.110910
2023-12-20T17:00:00+00:00,0.100810
2023-12-20T18:00:00+00:00,0.089060
2023-12-20T19:00:00+00:00,0.078070
2023-12-20T20:00:00+00:00,0.066870
2023-12-20T21:00:00+00:00,0.061420
2023-12-20T22:00:00+00:00,0.048930
2023-12-20T23:00:00+00:00,0.029900
2023-12-21T00:00:00+00:00,0.024830
2023-12-21T01:00:00+00:00,0.020480
2023-12-21T02:00:00+00:00,0.002760
2023-12-21T03:00:00+00:00,-0.000840
2023-12-21T04:00:00+00:00,-0.000270
2023-12-21T05:00:00+00:00,0.024440
2023-12-21T06:00:00+00:00,0.046500
2023-12-21T07:00:00+00:00,0.078200
2023-12-21T08:00:00+00:00,0.083800
2023-12-21T09:00:00+00:00,0.087380
2023-12-21T10:00:00+00:00,0.085720
2023-12-21T11:00:00+00:00,0.075900
2023-12-21T12:00:00+00:00,0.064900
2023-12-21T13:00:00+00:00,0.075100
2023-12-21T14:00:00+00:00,0.075870
2023-12-21T15:00:00+00:00,0.073400
2023-12-21T16:00:00+00:00,0.100000
2023-12-21T17:00:00+00:00,0.102750
2023-12-21T18:00:00+00:00,0.090700
2023-12-21T19:00:00+00:00,0.089000
2023-12-21T20:00:00+00:00,0.060000
2023-12-21T21:00:00+00:00,0.047560
2023-12-21T22:00:00+00:00,0.013580
2023-12-21T23:00:00+00:00,0.000130
2023-12-22T00:00:00+00:00,-0.000250
2023-12-22T01:00:00+00:00,-0.000070
2023-12-22T02:00:00+00:00,-0.000190
2023-12-22T03:00:00+00:00,-0.000210
2023-12-22T04:00:00+00:00,-0.000400
2023-12-22T05:00:00+00:00,0.000440
2023-12-22T06:00:00+00:00,0.032100
2023-12-22T07:00:00+00:00,0.072000
2023-12-22T08:00:00+00:00,0.092000
2023-12-22T09:00:00+00:00,0.063570
2023-12-22T10:00:00+00:00,0.059950
2023-12-22T11:00:00+00:00,0.054110
2023-12-22T12:00:00+00:00,0.054500
2023-12-22T13:00:00+00:00,0.060610
2023-12-22T14:00:00+00:00,0.060000
2023-12-22T15:00:00+00:00,0.049800
2023-12-22T16:00:00+00:00,0.072000
2023-12-22T17:00:00+00:00,0.064900
2023-12-22T18:00:00+00:00,0.060100
2023-12-22T19:00:00+00:00,0.056470
2023-12-22T20:00:00+00:00,0.045030
2023-12-22T21:00:00+00:00,0.030410
2023-12-22T22:00:00+00:00,0.012000
2023-12-22T23:00:00+00:00,0.010000
2023-12-23T00:00:00+00:00,0.004320
2023-12-23T01:00:00+00:00,0.000130
2023-12-23T02:00:00+00:00,0.000030
2023-12-23T03:00:00+00:00,0.000000
2023-12-23T04:00:00+00:00,0.000000
2023-12-23T05:00:00+00:00,0.000100
2023-12-23T06:00:00+00:00,0.007430
2023-12-23T07:00:00+00:00,0.020000
2023-12-23T08:00:00+00:00,0.042080
2023-12-23T09:00:00+00:00,0.041640
2023-12-23T10:00:00+00:00,0.045900
2023-12-23T11:00:00+00:00,0.046000
2023-12-23T12:00:00+00:00,0.049810
2023-12-23T13:00:00+00:00,0.049300
2023-12-23T14:00:00+00:00,0.049510
2023-12-23T15:00:00+00:00,0.054280
2023-12-23T16:00:00+00:00,0.063770
2023-12-23T17:00:00+00:00,0.066450
2023-12-23T18:00:00+00:00,0.057990
2023-12-23T19:00:00+00:00,0.048460
2023-12-23T20:00:00+00:00,0.038370
2023-12-23T21:00:00+00:00,0.020320
2023-12-23T22:00:00+00:00,0.007770
2023-12-23T23:00:00+00:00,0.000080
2023-12-24T00:00:00+00:00,-0.000250
2023-12-24T01:00:00+00:00,-0.000550
2023-12-24T02:00:00+00:00,-0.001240
2023-12-24T03:00:00+00:00,-0.004100
2023-12-24T04:00:00+00:00,-0.004970
2023-12-24T05:00:00+00:00,-0.004220
2023-12-24T06:00:00+00:00,-0.002910
2023-12-24T07:00:00+00:00,-0.001620
2023-12-24T08:00:00+00:00,0.000000
2023-12-24T09:00:00+00:00,0.002090
2023-12-24T10:00:00+00:00,0.000060
2023-12-24T11:00:00+00:00,0.000050
2023-12-24T12:00:00+00:00,0.000060
2023-12-24T13:00:00+00:00,0.000030
2023-12-24T14:00:00+00:00,0.000130
2023-12-24T15:00:00+00:00,0.001000
2023-12-24T16:00:00+00:00,0.018500
2023-12-24T17:00:00+00:00,0.031210
2023-12-24T18:00:00+00:00,0.034800
2023-12-24T19:00:00+00:00,0.010000
2023-12-24T20:00:00+00:00,0.002010
2023-12-24T21:00:00+00:00,0.000000
2023-12-24T22:00:00+00:00,-0.000100
2023-12-24T23:00:00+00:00,-0.001910
2023-12-25T00:00:00+00:00,-0.003790
2023-12-25T01:00:00+00:00,-0.006650
2023-12-25T02:00:00+00:00,-0.010030
2023-12-25T03:00:00+00:00,-0.010000
2023-12-25T04:00:00+00:00,-0.006500
2023-12-25T05:00:00+00:00,-0.007590
2023-12-25T06:00:00+00:00,-0.001500
2023-12-25T07:00:00+00:00,0.000080
2023-12-25T08:00:00+00:00,0.010050
2023-12-25T09:00:00+00:00,0.025000
2023-12-25T10:00:00+00:00,0.015100
2023-12-25T11:00:00+00:00,0.000090
2023-12-25T12:00:00+00:00,0.000000
2023-12-25T13:00:00+00:00,0.000070
2023-12-25T14:00:00+00:00,0.005000
2023-12-25T15:00:00+00:00,0.034990
2023-12-25T16:00:00+00:00,0.052500
2023-12-25T17:00:00+00:00,0.040100
2023-12-25T18:00:00+00:00,0.033000
2023-12-25T19:00:00+00:00,0.012010
2023-12-25T20:00:00+00:00,0.009620
2023-12-25T21:00:00+00:00,0.005000
2023-12-25T22:00:00+00:00,0.000080
2023-12-25T23:00:00+00:00,0.000000
2023-12-26T00:00:00+00:00,-0.000020
2023-12-26T01:00:00+00:00,-0.000140
2023-12-26T02:00:00+00:00,-0.002830
2023-12-26T03:00:00+00:00,-0.003800
2023-12-26T04:00:00+00:00,-0.001850
2023-12-26T05:00:00+00:00,0.000000
2023-12-26T06:00:00+00:00,0.001620
2023-12-26T07:00:00+00:00,0.038210
2023-12-26T08:00:00+00:00,0.051700
2023-12-26T09:00:00+00:00,0.048880
2023-12-26T10:00:00+00:00,0.025040
2023-12-26T11:00:00+00:00,0.010000
2023-12-26T12:00:00+00:00,0.002730
2023-12-26T13:00:00+00:00,0.040100
2023-12-26T14:00:00+00:00,0.074200
2023-12-26T15:00:00+00:00,0.091900
2023-12-26T16:00:00+00:00,0.113800
2023-12-26T17:00:00+00:00,0.130000
2023-12-26T18:00:00+00:00,0.129000
2023-12-26T19:00:00+00:00,0.113900
2023-12-26T20:00:00+00:00,0.083100
2023-12-26T21:00:00+00:00,0.097200
2023-12-26T22:00:00+00:00,0.085000
2023-12-26T23:00:00+00:00,0.089910
2023-12-27T00:00:00+00:00,0.079200
2023-12-27T01:00:00+00:00,0.057630
2023-12-27T02:00:00+00:00,0.051900
2023-12-27T03:00:00+00:00,0.050030
2023-12-27T04:00:00+00:00,0.055710
2023-12-27T05:00:00+00:00,0.065060
2023-12-27T06:00:00+00:00,0.077650
2023-12-27T07:00:00+00:00,0.082760
2023-12-27T08:00:00+00:00,0.080540
2023-12-27T09:00:00+00:00,0.074890
2023-12-27T10:00:00+00:00,0.074710
2023-12-27T11:00:00+00:00,0.073790
2023-12-27T12:00:00+00:00,0.072000
2023-12-27T13:00:00+00:00,0.073700
2023-12-27T14:00:00+00:00,0.080000
2023-12-27T15:00:00+00:00,0.079160
2023-12-27T16:00:00+00:00,0.080380
2023-12-27T17:00:00+00:00,0.074380
2023-12-27T18:00:00+00:00,0.064900
2023-12-27T19:00:00+00:00,0.054730
2023-12-27T20:00:00+00:00,0.024740
2023-12-27T21:00:00+00:00,0.016990
2023-12-27T22:00:00+00:00,0.000200
2023-12-27T23:00:00+00:00,-0.000020
2023-12-28T00:00:00+00:00,-0.000780
2023-12-28T01:00:00+00:00,-0.001430
2023-12-28T02:00:00+00:00,-0.001390
2023-12-28T03:00:00+00:00,-0.001940
2023-12-28T04:00:00+00:00,-0.001040
2023-12-28T05:00:00+00:00,-0.000700
2023-12-28T06:00:00+00:00,0.016060
2023-12-28T07:00:00+00:00,0.038200
2023-12-28T08:00:00+00:00,0.038790
2023-12-28T09:00:00+00:00,0.029600
2023-12-28T10:00:00+00:00,0.034890
2023-12-28T11:00:00+00:00,0.011650
2023-12-28T12:00:00+00:00,0.011400
2023-12-28T13:00:00+00:00,0.026370
2023-12-28T14:00:00+00:00,0.050720
2023-12-28T15:00:00+00:00,0.040870
2023-12-28T16:00:00+00:00,0.078400
2023-12-28T17:00:00+00:00,0.078400
2023-12-28T18:00:00+00:00,0.065020
2023-12-28T19:00:00+00:00,0.064900
2023-12-28T20:00:00+00:00,0.054000
2023-12-28T21:00:00+00:00,0.040000
2023-12-28T22:00:00+00:00,0.002000
2023-12-28T23:00:00+00:00,0.000000
2023-12-29T00:00:00+00:00,-0.000080
2023-12-29T01:00:00+00:00,-0.000280
2023-12-29T02:00:00+00:00,-0.001510
2023-12-29T03:00:00+00:00,-0.001270
2023-12-29T04:00:00+00:00,-0.000280
2023-12-29T05:00:00+00:00,-0.000070
2023-12-29T06:00:00+00:00,0.000100
2023-12-29T07:00:00+00:00,0.025000
2023-12-29T08:00:00+00:00,0.059000
2023-12-29T09:00:00+00:00,0.060050
2023-12-29T10:00:00+00:00,0.050040
2023-12-29T11:00:00+00:00,0.030440
2023-12-29T12:00:00+00:00,0.017130
2023-12-29T13:00:00+00:00,0.041280
2023-12-29T14:00:00+00:00,0.060000
2023-12-29T15:00:00+00:00,0.073700
2023-12-29T16:00:00+00:00,0.075100
2023-12-29T17:00:00+00:00,0.069530
2023-12-29T18:00:00+00:00,0.074900
2023-12-29T19:00:00+00:00,0.062540
2023-12-29T20:00:00+00:00,0.054890
2023-12-29T21:00:00+00:00,0.036040
2023-12-29T22:00:00+00:00,0.019350
2023-12-29T23:00:00+00:00,0.032490
2023-12-30T00:00:00+00:00,0.029160
2023-12-30T01:00:00+00:00,0.008880
2023-12-30T02:00:00+00:00,0.005610
2023-12-30T03:00:00+00:00,0.005740
2023-12-30T04:00:00+00:00,0.010000
2023-12-30T05:00:00+00:00,0.032170
2023-12-30T06:00:00+00:00,0.044900
2023-12-30T07:00:00+00:00,0.073500
2023-12-30T08:00:00+00:00,0.073500
2023-12-30T09:00:00+00:00,0.053000
2023-12-30T10:00:00+00:00,0.055000
2023-12-30T11:00:00+00:00,0.036380
2023-12-30T12:00:00+00:00,0.033250
2023-12-30T13:00:00+00:00,0.042040
2023-12-30T14:00:00+00:00,0.073500
2023-12-30T15:00:00+00:00,0.070620
2023-12-30T16:00:00+00:00,0.079510
2023-12-30T17:00:00+00:00,0.079990
2023-12-30T18:00:00+00:00,0.071090
2023-12-30T19:00:00+00:00,0.062010
2023-12-30T20:00:00+00:00,0.052780
2023-12-30T21:00:00+00:00,0.050100
2023-12-30T22:00:00+00:00,0.043230
2023-12-30T23:00:00+00:00,0.034910
2023-12-31T00:00:00+00:00,0.012560
2023-12-31T01:00:00+00:00,0.004000
2023-12-31T02:00:00+00:00,0.000310
2023-12-31T03:00:00+00:00,0.000130
2023-12-31T04:00:00+00:00,0.000380
2023-12-31T05:00:00+00:00,-0.000410
2023-12-31T06:00:00+00:00,-0.000380
2023-12-31T07:00:00+00:00,0.003240
2023-12-31T08:00:00+00:00,0.009360
2023-12-31T09:00:00+00:00,0.014000
2023-12-31T10:00:00+00:00,0.010680
2023-12-31T11:00:00+00:00,0.011000
2023-12-31T12:00:00+00:00,0.006090
2023-12-31T13:00:00+00:00,0.008540
2023-12-31T14:00:00+00:00,0.013240
2023-12-31T15:00:00+00:00,0.028070
2023-12-31T16:00:00+00:00,0.050000
2023-12-31T17:00:00+00:00,0.045000
2023-12-31T18:00:00+00:00,0.039640
2023-12-31T19:00:00+00:00,0.034890
2023-12-31T20:00:00+00:00,0.013300
2023-12-31T21:00:00+00:00,0.010680
2023-12-31T22:00:00+00:00,0.003170
2023-12-31T23:00:00+00:00,0.000100
