timestamp,price_eur_kwh
2024-01-01T00:00:00+00:00,0.000010
2024-01-01T01:00:00+00:00,0.000000
2024-01-01T02:00:00+00:00,-0.000010
2024-01-01T03:00:00+00:00,-0.000030
2024-01-01T04:00:00+00:00,-0.000020
2024-01-01T05:00:00+00:00,-0.000050
2024-01-01T06:00:00+00:00,-0.000020
2024-01-01T07:00:00+00:00,0.000000
2024-01-01T08:00:00+00:00,0.000040
2024-01-01T09:00:00+00:00,0.000060
2024-01-01T10:00:00+00:00,0.000540
2024-01-01T11:00:00+00:00,0.002240
2024-01-01T12:00:00+00:00,0.001970
2024-01-01T13:00:00+00:00,0.001130
2024-01-01T14:00:00+00:00,0.003190
2024-01-01T15:00:00+00:00,0.040000
2024-01-01T16:00:00+00:00,0.084460
2024-01-01T17:00:00+00:00,0.061740
2024-01-01T18:00:00+00:00,0.061270
2024-01-01T19:00:00+00:00,0.059970
2024-01-01T20:00:00+00:00,0.054920
2024-01-01T21:00:00+00:00,0.047650
2024-01-01T22:00:00+00:00,0.035550
2024-01-01T23:00:00+00:00,0.029390
2024-01-02T00:00:00+00:00,0.019600
2024-01-02T01:00:00+00:00,0.027330
2024-01-02T02:00:00+00:00,0.016200
2024-01-02T03:00:00+00:00,0.009500
2024-01-02T04:00:00+00:00,0.011200
2024-01-02T05:00:00+00:00,0.044430
2024-01-02T06:00:00+00:00,0.056560
2024-01-02T07:00:00+00:00,0.064280
2024-01-02T08:00:00+00:00,0.066120
2024-01-02T09:00:00+00:00,0.070600
2024-01-02T10:00:00+00:00,0.078800
2024-01-02T11:00:00+00:00,0.099900
2024-01-02T12:00:00+00:00,0.102500
2024-01-02T13:00:00+00:00,0.110600
2024-01-02T14:00:00+00:00,0.105700
2024-01-02T15:00:00+00:00,0.100700
2024-01-02T16:00:00+00:00,0.118930
2024-01-02T17:00:00+00:00,0.081300
2024-01-02T18:00:00+00:00,0.070100
2024-01-02T19:00:00+00:00,0.066700
2024-01-02T20:00:00+00:00,0.054900
2024-01-02T21:00:00+00:00,0.053180
2024-01-02T22:00:00+00:00,0.054900
2024-01-02T23:00:00+00:00,-0.000390
2024-01-03T00:00:00+00:00,-0.001610
2024-01-03T01:00:00+00:00,-0.001390
2024-01-03T02:00:00+00:00,-0.001310
2024-01-03T03:00:00+00:00,-0.001390
2024-01-03T04:00:00+00:00,-0.001950
2024-01-03T05:00:00+00:00,0.001050
2024-01-03T06:00:00+00:00,0.040630
2024-01-03T07:00:00+00:00,0.068300
2024-01-03T08:00:00+00:00,0.075900
2024-01-03T09:00:00+00:00,0.073200
2024-01-03T10:00:00+00:00,0.069200
2024-01-03T11:00:00+00:00,0.060000
2024-01-03T12:00:00+00:00,0.058860
2024-01-03T13:00:00+00:00,0.060860
2024-01-03T14:00:00+00:00,0.076000
2024-01-03T15:00:00+00:00,0.079000
2024-01-03T16:00:00+00:00,0.101000
2024-01-03T17:00:00+00:00,0.114600
2024-01-03T18:00:00+00:00,0.100000
2024-01-03T19:00:00+00:00,0.073230
2024-01-03T20:00:00+00:00,0.067410
2024-01-03T21:00:00+00:00,0.065000
2024-01-03T22:00:00+00:00,0.058120
2024-01-03T23:00:00+00:00,0.057300
2024-01-04T00:00:00+00:00,0.050460
2024-01-04T01:00:00+00:00,0.040000
2024-01-04T02:00:00+00:00,0.025480
2024-01-04T03:00:00+00:00,0.035000
2024-01-04T04:00:00+00:00,0.057730
2024-01-04T05:00:00+00:00,0.072650
2024-01-04T06:00:00+00:00,0.085020
2024-01-04T07:00:00+00:00,0.091470
2024-01-04T08:00:00+00:00,0.094200
2024-01-04T09:00:00+00:00,0.091610
2024-01-04T10:00:00+00:00,0.090030
2024-01-04T11:00:00+00:00,0.086280
2024-01-04T12:00:00+00:00,0.085960
2024-01-04T13:00:00+00:00,0.092110
2024-01-04T14:00:00+00:00,0.098620
2024-01-04T15:00:00+00:00,0.104450
2024-01-04T16:00:00+00:00,0.130210
2024-01-04T17:00:00+00:00,0.140670
2024-01-04T18:00:00+00:00,0.123100
2024-01-04T19:00:00+00:00,0.101650
2024-01-04T20:00:00+00:00,0.096770
2024-01-04T21:00:00+00:00,0.093040
2024-01-04T22:00:00+00:00,0.088610
2024-01-04T23:00:00+00:00,0.086080
2024-01-05T00:00:00+00:00,0.080510
2024-01-05T01:00:00+00:00,0.077010
2024-01-05T02:00:00+00:00,0.072880
2024-01-05T03:00:00+00:00,0.072120
2024-01-05T04:00:00+00:00,0.074520
2024-01-05T05:00:00+00:00,0.080110
2024-01-05T06:00:00+00:00,0.087170
2024-01-05T07:00:00+00:00,0.089780
2024-01-05T08:00:00+00:00,0.095000
2024-01-05T09:00:00+00:00,0.096290
2024-01-05T10:00:00+00:00,0.098220
2024-01-05T11:00:00+00:00,0.092290
2024-01-05T12:00:00+00:00,0.091650
2024-01-05T13:00:00+00:00,0.096500
2024-01-05T14:00:00+00:00,0.100130
2024-01-05T15:00:00+00:00,0.103030
2024-01-05T16:00:00+00:00,0.107430
2024-01-05T17:00:00+00:00,0.108470
2024-01-05T18:00:00+00:00,0.104000
2024-01-05T19:00:00+00:00,0.100130
2024-01-05T20:00:00+00:00,0.094210
2024-01-05T21:00:00+00:00,0.094920
2024-01-05T22:00:00+00:00,0.086800
2024-01-05T23:00:00+00:00,0.082250
2024-01-06T00:00:00+00:00,0.080200
2024-01-06T01:00:00+00:00,0.076130
2024-01-06T02:00:00+00:00,0.073010
2024-01-06T03:00:00+00:00,0.073010
2024-01-06T04:00:00+00:00,0.074590
2024-01-06T05:00:00+00:00,0.075100
2024-01-06T06:00:00+00:00,0.081390
2024-01-06T07:00:00+00:00,0.088400
2024-01-06T08:00:00+00:00,0.092230
2024-01-06T09:00:00+00:00,0.097300
2024-01-06T10:00:00+00:00,0.100430
2024-01-06T11:00:00+00:00,0.099160
2024-01-06T12:00:00+00:00,0.094520
2024-01-06T13:00:00+00:00,0.092450
2024-01-06T14:00:00+00:00,0.094180
2024-01-06T15:00:00+00:00,0.099220
2024-01-06T16:00:00+00:00,0.104690
2024-01-06T17:00:00+00:00,0.103630
2024-01-06T18:00:00+00:00,0.099000
2024-01-06T19:00:00+00:00,0.092140
2024-01-06T20:00:00+00:00,0.088000
2024-01-06T21:00:00+00:00,0.086570
2024-01-06T22:00:00+00:00,0.079870
2024-01-06T23:00:00+00:00,0.084080
2024-01-07T00:00:00+00:00,0.079820
2024-01-07T01:00:00+00:00,0.076760
2024-01-07T02:00:00+00:00,0.073460
2024-01-07T03:00:00+00:00,0.071860
2024-01-07T04:00:00+00:00,0.072080
2024-01-07T05:00:00+00:00,0.074900
2024-01-07T06:00:00+00:00,0.077690
2024-01-07T07:00:00+00:00,0.081790
2024-01-07T08:00:00+00:00,0.084860
2024-01-07T09:00:00+00:00,0.087140
2024-01-07T10:00:00+00:00,0.089130
2024-01-07T11:00:00+00:00,0.088660
2024-01-07T12:00:00+00:00,0.084810
2024-01-07T13:00:00+00:00,0.084340
2024-01-07T14:00:00+00:00,0.088010
2024-01-07T15:00:00+00:00,0.093420
2024-01-07T16:00:00+00:00,0.101770
2024-01-07T17:00:00+00:00,0.104850
2024-01-07T18:00:00+00:00,0.103550
2024-01-07T19:00:00+00:00,0.100500
2024-01-07T20:00:00+00:00,0.093310
2024-01-07T21:00:00+00:00,0.091170
2024-01-07T22:00:00+00:00,0.083860
2024-01-07T23:00:00+00:00,0.087020
2024-01-08T00:00:00+00:00,0.084350
2024-01-08T01:00:00+00:00,0.081710
2024-01-08T02:00:00+00:00,0.079000
2024-01-08T03:00:00+00:00,0.078470
2024-01-08T04:00:00+00:00,0.082100
2024-01-08T05:00:00+00:00,0.094300
2024-01-08T06:00:00+00:00,0.111090
2024-01-08T07:00:00+00:00,0.121110
2024-01-08T08:00:00+00:00,0.117830
2024-01-08T09:00:00+00:00,0.110580
2024-01-08T10:00:00+00:00,0.103000
2024-01-08T11:00:00+00:00,0.084900
2024-01-08T12:00:00+00:00,0.089560
2024-01-08T13:00:00+00:00,0.100000
2024-01-08T14:00:00+00:00,0.107980
2024-01-08T15:00:00+00:00,0.116390
2024-01-08T16:00:00+00:00,0.129150
2024-01-08T17:00:00+00:00,0.125080
2024-01-08T18:00:00+00:00,0.111900
2024-01-08T19:00:00+00:00,0.100100
2024-01-08T20:00:00+00:00,0.091000
2024-01-08T21:00:00+00:00,0.092000
2024-01-08T22:00:00+00:00,0.091490
2024-01-08T23:00:00+00:00,0.080950
2024-01-09T00:00:00+00:00,0.079980
2024-01-09T01:00:00+00:00,0.085000
2024-01-09T02:00:00+00:00,0.083420
2024-01-09T03:00:00+00:00,0.080570
2024-01-09T04:00:00+00:00,0.085800
2024-01-09T05:00:00+00:00,0.083900
2024-01-09T06:00:00+00:00,0.091120
2024-01-09T07:00:00+00:00,0.125700
2024-01-09T08:00:00+00:00,0.119960
2024-01-09T09:00:00+00:00,0.098000
2024-01-09T10:00:00+00:00,0.090000
2024-01-09T11:00:00+00:00,0.078800
2024-01-09T12:00:00+00:00,0.077780
2024-01-09T13:00:00+00:00,0.085000
2024-01-09T14:00:00+00:00,0.099900
2024-01-09T15:00:00+00:00,0.112670
2024-01-09T16:00:00+00:00,0.135690
2024-01-09T17:00:00+00:00,0.129250
2024-01-09T18:00:00+00:00,0.126300
2024-01-09T19:00:00+00:00,0.108820
2024-01-09T20:00:00+00:00,0.093660
2024-01-09T21:00:00+00:00,0.084900
2024-01-09T22:00:00+00:00,0.088000
2024-01-09T23:00:00+00:00,0.075540
2024-01-10T00:00:00+00:00,0.086760
2024-01-10T01:00:00+00:00,0.086730
2024-01-10T02:00:00+00:00,0.081220
2024-01-10T03:00:00+00:00,0.080480
2024-01-10T04:00:00+00:00,0.077900
2024-01-10T05:00:00+00:00,0.079300
2024-01-10T06:00:00+00:00,0.096000
2024-01-10T07:00:00+00:00,0.132520
2024-01-10T08:00:00+00:00,0.130390
2024-01-10T09:00:00+00:00,0.111210
2024-01-10T10:00:00+00:00,0.109130
2024-01-10T11:00:00+00:00,0.089100
2024-01-10T12:00:00+00:00,0.087450
2024-01-10T13:00:00+00:00,0.084900
2024-01-10T14:00:00+00:00,0.106340
2024-01-10T15:00:00+00:00,0.127940
2024-01-10T16:00:00+00:00,0.143790
2024-01-10T17:00:00+00:00,0.140000
2024-01-10T18:00:00+00:00,0.132150
2024-01-10T19:00:00+00:00,0.120000
2024-01-10T20:00:00+00:00,0.097300
2024-01-10T21:00:00+00:00,0.091300
2024-01-10T22:00:00+00:00,0.082310
2024-01-10T23:00:00+00:00,0.091750
2024-01-11T00:00:00+00:00,0.088590
2024-01-11T01:00:00+00:00,0.087250
2024-01-11T02:00:00+00:00,0.082380
2024-01-11T03:00:00+00:00,0.081200
2024-01-11T04:00:00+00:00,0.079600
2024-01-11T05:00:00+00:00,0.090000
2024-01-11T06:00:00+00:00,0.116870
2024-01-11T07:00:00+00:00,0.141000
2024-01-11T08:00:00+00:00,0.129160
2024-01-11T09:00:00+00:00,0.113650
2024-01-11T10:00:00+00:00,0.106480
2024-01-11T11:00:00+00:00,0.099380
2024-01-11T12:00:00+00:00,0.099000
2024-01-11T13:00:00+00:00,0.105980
2024-01-11T14:00:00+00:00,0.117310
2024-01-11T15:00:00+00:00,0.132620
2024-01-11T16:00:00+00:00,0.147060
2024-01-11T17:00:00+00:00,0.136700
2024-01-11T18:00:00+00:00,0.132310
2024-01-11T19:00:00+00:00,0.117880
2024-01-11T20:00:00+00:00,0.107190
2024-01-11T21:00:00+00:00,0.100000
2024-01-11T22:00:00+00:00,0.081000
2024-01-11T23:00:00+00:00,0.082120
2024-01-12T00:00:00+00:00,0.080630
2024-01-12T01:00:00+00:00,0.083130
2024-01-12T02:00:00+00:00,0.077290
2024-01-12T03:00:00+00:00,0.078000
2024-01-12T04:00:00+00:00,0.079180
2024-01-12T05:00:00+00:00,0.081320
2024-01-12T06:00:00+00:00,0.118200
2024-01-12T07:00:00+00:00,0.140740
2024-01-12T08:00:00+00:00,0.134960
2024-01-12T09:00:00+00:00,0.122010
2024-01-12T10:00:00+00:00,0.114730
2024-01-12T11:00:00+00:00,0.106980
2024-01-12T12:00:00+00:00,0.103080
2024-01-12T13:00:00+00:00,0.104540
2024-01-12T14:00:00+00:00,0.110000
2024-01-12T15:00:00+00:00,0.120000
2024-01-12T16:00:00+00:00,0.127500
2024-01-12T17:00:00+00:00,0.126000
2024-01-12T18:00:00+00:00,0.119470
2024-01-12T19:00:00+00:00,0.107130
2024-01-12T20:00:00+00:00,0.091700
2024-01-12T21:00:00+00:00,0.085020
2024-01-12T22:00:00+00:00,0.082490
2024-01-12T23:00:00+00:00,0.090000
2024-01-13T00:00:00+00:00,0.085430
2024-01-13T01:00:00+00:00,0.082000
2024-01-13T02:00:00+00:00,0.078470
2024-01-13T03:00:00+00:00,0.075000
2024-01-13T04:00:00+00:00,0.074940
2024-01-13T05:00:00+00:00,0.078160
2024-01-13T06:00:00+00:00,0.077900
2024-01-13T07:00:00+00:00,0.074920
2024-01-13T08:00:00+00:00,0.085400
2024-01-13T09:00:00+00:00,0.088400
2024-01-13T10:00:00+00:00,0.086100
2024-01-13T11:00:00+00:00,0.079700
2024-01-13T12:00:00+00:00,0.080820
2024-01-13T13:00:00+00:00,0.081500
2024-01-13T14:00:00+00:00,0.087000
2024-01-13T15:00:00+00:00,0.097300
2024-01-13T16:00:00+00:00,0.114600
2024-01-13T17:00:00+00:00,0.102800
2024-01-13T18:00:00+00:00,0.084600
2024-01-13T19:00:00+00:00,0.075470
2024-01-13T20:00:00+00:00,0.081000
2024-01-13T21:00:00+00:00,0.085000
2024-01-13T22:00:00+00:00,0.080000
2024-01-13T23:00:00+00:00,0.074900
2024-01-14T00:00:00+00:00,0.074010
2024-01-14T01:00:00+00:00,0.069900
2024-01-14T02:00:00+00:00,0.068240
2024-01-14T03:00:00+00:00,0.071920
2024-01-14T04:00:00+00:00,0.080000
2024-01-14T05:00:00+00:00,0.071030
2024-01-14T06:00:00+00:00,0.075920
2024-01-14T07:00:00+00:00,0.079270
2024-01-14T08:00:00+00:00,0.093000
2024-01-14T09:00:00+00:00,0.097110
2024-01-14T10:00:00+00:00,0.087200
2024-01-14T11:00:00+00:00,0.080390
2024-01-14T12:00:00+00:00,0.077040
2024-01-14T13:00:00+00:00,0.079150
2024-01-14T14:00:00+00:00,0.082320
2024-01-14T15:00:00+00:00,0.086620
2024-01-14T16:00:00+00:00,0.091860
2024-01-14T17:00:00+00:00,0.094900
2024-01-14T18:00:00+00:00,0.085000
2024-01-14T19:00:00+00:00,0.079060
2024-01-14T20:00:00+00:00,0.078600
2024-01-14T21:00:00+00:00,0.075390
2024-01-14T22:00:00+00:00,0.067190
2024-01-14T23:00:00+00:00,0.067900
2024-01-15T00:00:00+00:00,0.065000
2024-01-15T01:00:00+00:00,0.063940
2024-01-15T02:00:00+00:00,0.062040
2024-01-15T03:00:00+00:00,0.062040
2024-01-15T04:00:00+00:00,0.069250
2024-01-15T05:00:00+00:00,0.080180
2024-01-15T06:00:00+00:00,0.084400
2024-01-15T07:00:00+00:00,0.099340
2024-01-15T08:00:00+00:00,0.100300
2024-01-15T09:00:00+00:00,0.094890
2024-01-15T10:00:00+00:00,0.090200
2024-01-15T11:00:00+00:00,0.081180
2024-01-15T12:00:00+00:00,0.082200
2024-01-15T13:00:00+00:00,0.084600
2024-01-15T14:00:00+00:00,0.089570
2024-01-15T15:00:00+00:00,0.097620
2024-01-15T16:00:00+00:00,0.106510
2024-01-15T17:00:00+00:00,0.112810
2024-01-15T18:00:00+00:00,0.105130
2024-01-15T19:00:00+00:00,0.094400
2024-01-15T20:00:00+00:00,0.079040
2024-01-15T21:00:00+00:00,0.077760
2024-01-15T22:00:00+00:00,0.078500
2024-01-15T23:00:00+00:00,0.068000
2024-01-16T00:00:00+00:00,0.076510
2024-01-16T01:00:00+00:00,0.077430
2024-01-16T02:00:00+00:00,0.076820
2024-01-16T03:00:00+00:00,0.073050
2024-01-16T04:00:00+00:00,0.072610
2024-01-16T05:00:00+00:00,0.092400
2024-01-16T06:00:00+00:00,0.115800
2024-01-16T07:00:00+00:00,0.144110
2024-01-16T08:00:00+00:00,0.138600
2024-01-16T09:00:00+00:00,0.122000
2024-01-16T10:00:00+00:00,0.110000
2024-01-16T11:00:00+00:00,0.088000
2024-01-16T12:00:00+00:00,0.088100
2024-01-16T13:00:00+00:00,0.084000
2024-01-16T14:00:00+00:00,0.110290
2024-01-16T15:00:00+00:00,0.111690
2024-01-16T16:00:00+00:00,0.128300
2024-01-16T17:00:00+00:00,0.122100
2024-01-16T18:00:00+00:00,0.102000
2024-01-16T19:00:00+00:00,0.089970
2024-01-16T20:00:00+00:00,0.084000
2024-01-16T21:00:00+00:00,0.082210
2024-01-16T22:00:00+00:00,0.075200
2024-01-16T23:00:00+00:00,0.071800
2024-01-17T00:00:00+00:00,0.071650
2024-01-17T01:00:00+00:00,0.070730
2024-01-17T02:00:00+00:00,0.069790
2024-01-17T03:00:00+00:00,0.069540
2024-01-17T04:00:00+00:00,0.071310
2024-01-17T05:00:00+00:00,0.075570
2024-01-17T06:00:00+00:00,0.084940
2024-01-17T07:00:00+00:00,0.096740
2024-01-17T08:00:00+00:00,0.106180
2024-01-17T09:00:00+00:00,0.110330
2024-01-17T10:00:00+00:00,0.111100
2024-01-17T11:00:00+00:00,0.113740
2024-01-17T12:00:00+00:00,0.116730
2024-01-17T13:00:00+00:00,0.118000
2024-01-17T14:00:00+00:00,0.122620
2024-01-17T15:00:00+00:00,0.126550
2024-01-17T16:00:00+00:00,0.136910
2024-01-17T17:00:00+00:00,0.122510
2024-01-17T18:00:00+00:00,0.113100
2024-01-17T19:00:00+00:00,0.099160
2024-01-17T20:00:00+00:00,0.093730
2024-01-17T21:00:00+00:00,0.089100
2024-01-17T22:00:00+00:00,0.083210
2024-01-17T23:00:00+00:00,0.080300
2024-01-18T00:00:00+00:00,0.076990
2024-01-18T01:00:00+00:00,0.074670
2024-01-18T02:00:00+00:00,0.074180
2024-01-18T03:00:00+00:00,0.076090
2024-01-18T04:00:00+00:00,0.077600
2024-01-18T05:00:00+00:00,0.089090
2024-01-18T06:00:00+00:00,0.109230
2024-01-18T07:00:00+00:00,0.121980
2024-01-18T08:00:00+00:00,0.118260
2024-01-18T09:00:00+00:00,0.110400
2024-01-18T10:00:00+00:00,0.080000
2024-01-18T11:00:00+00:00,0.083950
2024-01-18T12:00:00+00:00,0.070640
2024-01-18T13:00:00+00:00,0.086610
2024-01-18T14:00:00+00:00,0.085800
2024-01-18T15:00:00+00:00,0.098680
2024-01-18T16:00:00+00:00,0.103750
2024-01-18T17:00:00+00:00,0.103350
2024-01-18T18:00:00+00:00,0.087850
2024-01-18T19:00:00+00:00,0.081000
2024-01-18T20:00:00+00:00,0.083140
2024-01-18T21:00:00+00:00,0.076630
2024-01-18T22:00:00+00:00,0.073610
2024-01-18T23:00:00+00:00,0.069140
2024-01-19T00:00:00+00:00,0.066260
2024-01-19T01:00:00+00:00,0.063000
2024-01-19T02:00:00+00:00,0.062760
2024-01-19T03:00:00+00:00,0.063320
2024-01-19T04:00:00+00:00,0.066900
2024-01-19T05:00:00+00:00,0.076490
2024-01-19T06:00:00+00:00,0.086000
2024-01-19T07:00:00+00:00,0.104270
2024-01-19T08:00:00+00:00,0.099910
2024-01-19T09:00:00+00:00,0.087530
2024-01-19T10:00:00+00:00,0.084000
2024-01-19T11:00:00+00:00,0.072210
2024-01-19T12:00:00+00:00,0.073360
2024-01-19T13:00:00+00:00,0.075220
2024-01-19T14:00:00+00:00,0.073040
2024-01-19T15:00:00+00:00,0.084900
2024-01-19T16:00:00+00:00,0.093750
2024-01-19T17:00:00+00:00,0.087900
2024-01-19T18:00:00+00:00,0.074900
2024-01-19T19:00:00+00:00,0.072950
2024-01-19T20:00:00+00:00,0.071120
2024-01-19T21:00:00+00:00,0.068640
2024-01-19T22:00:00+00:00,0.064750
2024-01-19T23:00:00+00:00,0.066000
2024-01-20T00:00:00+00:00,0.067510
2024-01-20T01:00:00+00:00,0.063540
2024-01-20T02:00:00+00:00,0.061820
2024-01-20T03:00:00+00:00,0.061850
2024-01-20T04:00:00+00:00,0.061750
2024-01-20T05:00:00+00:00,0.062590
2024-01-20T06:00:00+00:00,0.066900
2024-01-20T07:00:00+00:00,0.074820
2024-01-20T08:00:00+00:00,0.077900
2024-01-20T09:00:00+00:00,0.071800
2024-01-20T10:00:00+00:00,0.069600
2024-01-20T11:00:00+00:00,0.064890
2024-01-20T12:00:00+00:00,0.066900
2024-01-20T13:00:00+00:00,0.073370
2024-01-20T14:00:00+00:00,0.079140
2024-01-20T15:00:00+00:00,0.087860
2024-01-20T16:00:00+00:00,0.094980
2024-01-20T17:00:00+00:00,0.099890
2024-01-20T18:00:00+00:00,0.091570
2024-01-20T19:00:00+00:00,0.080000
2024-01-20T20:00:00+00:00,0.075720
2024-01-20T21:00:00+00:00,0.070420
2024-01-20T22:00:00+00:00,0.069130
2024-01-20T23:00:00+00:00,0.062500
2024-01-21T00:00:00+00:00,0.057000
2024-01-21T01:00:00+00:00,0.055150
2024-01-21T02:00:00+00:00,0.050890
2024-01-21T03:00:00+00:00,0.048310
2024-01-21T04:00:00+00:00,0.046940
2024-01-21T05:00:00+00:00,0.045000
2024-01-21T06:00:00+00:00,0.042170
2024-01-21T07:00:00+00:00,0.051000
2024-01-21T08:00:00+00:00,0.060000
2024-01-21T09:00:00+00:00,0.059090
2024-01-21T10:00:00+00:00,0.056240
2024-01-21T11:00:00+00:00,0.059900
2024-01-21T12:00:00+00:00,0.052740
2024-01-21T13:00:00+00:00,0.055840
2024-01-21T14:00:00+00:00,0.057210
2024-01-21T15:00:00+00:00,0.055530
2024-01-21T16:00:00+00:00,0.068790
2024-01-21T17:00:00+00:00,0.082000
2024-01-21T18:00:00+00:00,0.064000
2024-01-21T19:00:00+00:00,0.060200
2024-01-21T20:00:00+00:00,0.057000
2024-01-21T21:00:00+00:00,0.054260
2024-01-21T22:00:00+00:00,0.053270
2024-01-21T23:00:00+00:00,0.044080
2024-01-22T00:00:00+00:00,0.049990
2024-01-22T01:00:00+00:00,0.045000
2024-01-22T02:00:00+00:00,0.027920
2024-01-22T03:00:00+00:00,0.018000
2024-01-22T04:00:00+00:00,0.020500
2024-01-22T05:00:00+00:00,0.042270
2024-01-22T06:00:00+00:00,0.068500
2024-01-22T07:00:00+00:00,0.130000
2024-01-22T08:00:00+00:00,0.089600
2024-01-22T09:00:00+00:00,0.074340
2024-01-22T10:00:00+00:00,0.060600
2024-01-22T11:00:00+00:00,0.057010
2024-01-22T12:00:00+00:00,0.056520
2024-01-22T13:00:00+00:00,0.058550
2024-01-22T14:00:00+00:00,0.060470
2024-01-22T15:00:00+00:00,0.067000
2024-01-22T16:00:00+00:00,0.088770
2024-01-22T17:00:00+00:00,0.110300
2024-01-22T18:00:00+00:00,0.098100
2024-01-22T19:00:00+00:00,0.067430
2024-01-22T20:00:00+00:00,0.064410
2024-01-22T21:00:00+00:00,0.056220
2024-01-22T22:00:00+00:00,0.050350
2024-01-22T23:00:00+00:00,0.016840
2024-01-23T00:00:00+00:00,0.010990
2024-01-23T01:00:00+00:00,0.010000
2024-01-23T02:00:00+00:00,0.005000
2024-01-23T03:00:00+00:00,0.010840
2024-01-23T04:00:00+00:00,0.039510
2024-01-23T05:00:00+00:00,0.061510
2024-01-23T06:00:00+00:00,0.088250
2024-01-23T07:00:00+00:00,0.115800
2024-01-23T08:00:00+00:00,0.096680
2024-01-23T09:00:00+00:00,0.080900
2024-01-23T10:00:00+00:00,0.065000
2024-01-23T11:00:00+00:00,0.064130
2024-01-23T12:00:00+00:00,0.063360
2024-01-23T13:00:00+00:00,0.070020
2024-01-23T14:00:00+00:00,0.074300
2024-01-23T15:00:00+00:00,0.077190
2024-01-23T16:00:00+00:00,0.081810
2024-01-23T17:00:00+00:00,0.084890
2024-01-23T18:00:00+00:00,0.075350
2024-01-23T19:00:00+00:00,0.065000
2024-01-23T20:00:00+00:00,0.063200
2024-01-23T21:00:00+00:00,0.053400
2024-01-23T22:00:00+00:00,0.035000
2024-01-23T23:00:00+00:00,0.004850
2024-01-24T00:00:00+00:00,0.002120
2024-01-24T01:00:00+00:00,0.000000
2024-01-24T02:00:00+00:00,-0.003890
2024-01-24T03:00:00+00:00,-0.005000
2024-01-24T04:00:00+00:00,0.000000
2024-01-24T05:00:00+00:00,0.016650
2024-01-24T06:00:00+00:00,0.067500
2024-01-24T07:00:00+00:00,0.095000
2024-01-24T08:00:00+00:00,0.093330
2024-01-24T09:00:00+00:00,0.068000
2024-01-24T10:00:00+00:00,0.052210
2024-01-24T11:00:00+00:00,0.039320
2024-01-24T12:00:00+00:00,0.038300
2024-01-24T13:00:00+00:00,0.046500
2024-01-24T14:00:00+00:00,0.068430
2024-01-24T15:00:00+00:00,0.080000
2024-01-24T16:00:00+00:00,0.098000
2024-01-24T17:00:00+00:00,0.092720
2024-01-24T18:00:00+00:00,0.100100
2024-01-24T19:00:00+00:00,0.084000
2024-01-24T20:00:00+00:00,0.081990
2024-01-24T21:00:00+00:00,0.071800
2024-01-24T22:00:00+00:00,0.081800
2024-01-24T23:00:00+00:00,0.064900
2024-01-25T00:00:00+00:00,0.056100
2024-01-25T01:00:00+00:00,0.067200
2024-01-25T02:00:00+00:00,0.075000
2024-01-25T03:00:00+00:00,0.075310
2024-01-25T04:00:00+00:00,0.075900
2024-01-25T05:00:00+00:00,0.078580
2024-01-25T06:00:00+00:00,0.092100
2024-01-25T07:00:00+00:00,0.103020
2024-01-25T08:00:00+00:00,0.094000
2024-01-25T09:00:00+00:00,0.083960
2024-01-25T10:00:00+00:00,0.078660
2024-01-25T11:00:00+00:00,0.074950
2024-01-25T12:00:00+00:00,0.076550
2024-01-25T13:00:00+00:00,0.084220
2024-01-25T14:00:00+00:00,0.088610
2024-01-25T15:00:00+00:00,0.096980
2024-01-25T16:00:00+00:00,0.116000
2024-01-25T17:00:00+00:00,0.112400
2024-01-25T18:00:00+00:00,0.098530
2024-01-25T19:00:00+00:00,0.079910
2024-01-25T20:00:00+00:00,0.084280
2024-01-25T21:00:00+00:00,0.079400
2024-01-25T22:00:00+00:00,0.074170
2024-01-25T23:00:00+00:00,0.062800
2024-01-26T00:00:00+00:00,0.062000
2024-01-26T01:00:00+00:00,0.058490
2024-01-26T02:00:00+00:00,0.054790
2024-01-26T03:00:00+00:00,0.047400
2024-01-26T04:00:00+00:00,0.050870
2024-01-26T05:00:00+00:00,0.058150
2024-01-26T06:00:00+00:00,0.071980
2024-01-26T07:00:00+00:00,0.077450
2024-01-26T08:00:00+00:00,0.080100
2024-01-26T09:00:00+00:00,0.071340
2024-01-26T10:00:00+00:00,0.058940
2024-01-26T11:00:00+00:00,0.052080
2024-01-26T12:00:00+00:00,0.046300
2024-01-26T13:00:00+00:00,0.050000
2024-01-26T14:00:00+00:00,0.051170
2024-01-26T15:00:00+00:00,0.075000
2024-01-26T16:00:00+00:00,0.095000
2024-01-26T17:00:00+00:00,0.135570
2024-01-26T18:00:00+00:00,0.111120
2024-01-26T19:00:00+00:00,0.095800
2024-01-26T20:00:00+00:00,0.082000
2024-01-26T21:00:00+00:00,0.084200
2024-01-26T22:00:00+00:00,0.079360
2024-01-26T23:00:00+00:00,0.074500
2024-01-27T00:00:00+00:00,0.068900
2024-01-27T01:00:00+00:00,0.065900
2024-01-27T02:00:00+00:00,0.059000
2024-01-27T03:00:00+00:00,0.056490
2024-01-27T04:00:00+00:00,0.058580
2024-01-27T05:00:00+00:00,0.059980
2024-01-27T06:00:00+00:00,0.066900
2024-01-27T07:00:00+00:00,0.086760
2024-01-27T08:00:00+00:00,0.086200
2024-01-27T09:00:00+00:00,0.080170
2024-01-27T10:00:00+00:00,0.060330
2024-01-27T11:00:00+00:00,0.055840
2024-01-27T12:00:00+00:00,0.053880
2024-01-27T13:00:00+00:00,0.059730
2024-01-27T14:00:00+00:00,0.078200
2024-01-27T15:00:00+00:00,0.082400
2024-01-27T16:00:00+00:00,0.091220
2024-01-27T17:00:00+00:00,0.095970
2024-01-27T18:00:00+00:00,0.092620
2024-01-27T19:00:00+00:00,0.084430
2024-01-27T20:00:00+00:00,0.075960
2024-01-27T21:00:00+00:00,0.075970
2024-01-27T22:00:00+00:00,0.072700
2024-01-27T23:00:00+00:00,0.066770
2024-01-28T00:00:00+00:00,0.060700
2024-01-28T01:00:00+00:00,0.059100
2024-01-28T02:00:00+00:00,0.058890
2024-01-28T03:00:00+00:00,0.059970
2024-01-28T04:00:00+00:00,0.062410
2024-01-28T05:00:00+00:00,0.059320
2024-01-28T06:00:00+00:00,0.058980
2024-01-28T07:00:00+00:00,0.059200
2024-01-28T08:00:00+00:00,0.055220
2024-01-28T09:00:00+00:00,0.051350
2024-01-28T10:00:00+00:00,0.045510
2024-01-28T11:00:00+00:00,0.041240
2024-01-28T12:00:00+00:00,0.040250
2024-01-28T13:00:00+00:00,0.049710
2024-01-28T14:00:00+00:00,0.054900
2024-01-28T15:00:00+00:00,0.066290
2024-01-28T16:00:00+00:00,0.076420
2024-01-28T17:00:00+00:00,0.074700
2024-01-28T18:00:00+00:00,0.070160
2024-01-28T19:00:00+00:00,0.068610
2024-01-28T20:00:00+00:00,0.057570
2024-01-28T21:00:00+00:00,0.059660
2024-01-28T22:00:00+00:00,0.056000
2024-01-28T23:00:00+00:00,0.049970
2024-01-29T00:00:00+00:00,0.047260
2024-01-29T01:00:00+00:00,0.048120
2024-01-29T02:00:00+00:00,0.047970
2024-01-29T03:00:00+00:00,0.051580
2024-01-29T04:00:00+00:00,0.060060
2024-01-29T05:00:00+00:00,0.080150
2024-01-29T06:00:00+00:00,0.092690
2024-01-29T07:00:00+00:00,0.099200
2024-01-29T08:00:00+00:00,0.088390
2024-01-29T09:00:00+00:00,0.078900
2024-01-29T10:00:00+00:00,0.071270
2024-01-29T11:00:00+00:00,0.070240
2024-01-29T12:00:00+00:00,0.074870
2024-01-29T13:00:00+00:00,0.081990
2024-01-29T14:00:00+00:00,0.095670
2024-01-29T15:00:00+00:00,0.104790
2024-01-29T16:00:00+00:00,0.120200
2024-01-29T17:00:00+00:00,0.115920
2024-01-29T18:00:00+00:00,0.107520
2024-01-29T19:00:00+00:00,0.090950
2024-01-29T20:00:00+00:00,0.085660
2024-01-29T21:00:00+00:00,0.083250
2024-01-29T22:00:00+00:00,0.080290
2024-01-29T23:00:00+00:00,0.071940
2024-01-30T00:00:00+00:00,0.068760
2024-01-30T01:00:00+00:00,0.069370
2024-01-30T02:00:00+00:00,0.067090
2024-01-30T03:00:00+00:00,0.066630
2024-01-30T04:00:00+00:00,0.069370
2024-01-30T05:00:00+00:00,0.078610
2024-01-30T06:00:00+00:00,0.090770
2024-01-30T07:00:00+00:00,0.095940
2024-01-30T08:00:00+00:00,0.084930
2024-01-30T09:00:00+00:00,0.077150
2024-01-30T10:00:00+00:00,0.070100
2024-01-30T11:00:00+00:00,0.068100
2024-01-30T12:00:00+00:00,0.068230
2024-01-30T13:00:00+00:00,0.071930
2024-01-30T14:00:00+00:00,0.078600
2024-01-30T15:00:00+00:00,0.081970
2024-01-30T16:00:00+00:00,0.088360
2024-01-30T17:00:00+00:00,0.099380
2024-01-30T18:00:00+00:00,0.110410
2024-01-30T19:00:00+00:00,0.089900
2024-01-30T20:00:00+00:00,0.080120
2024-01-30T21:00:00+00:00,0.082450
2024-01-30T22:00:00+00:00,0.077300
2024-01-30T23:00:00+00:00,0.078900
2024-01-31T00:00:00+00:00,0.074030
2024-01-31T01:00:00+00:00,0.070890
2024-01-31T02:00:00+00:00,0.069820
2024-01-31T03:00:00+00:00,0.069170
2024-01-31T04:00:00+00:00,0.073860
2024-01-31T05:00:00+00:00,0.084770
2024-01-31T06:00:00+00:00,0.105170
2024-01-31T07:00:00+00:00,0.120000
2024-01-31T08:00:00+00:00,0.093530
2024-01-31T09:00:00+00:00,0.082980
2024-01-31T10:00:00+00:00,0.077090
2024-01-31T11:00:00+00:00,0.074910
2024-01-31T12:00:00+00:00,0.067500
2024-01-31T13:00:00+00:00,0.066800
2024-01-31T14:00:00+00:00,0.073940
2024-01-31T15:00:00+00:00,0.078550
2024-01-31T16:00:00+00:00,0.085650
2024-01-31T17:00:00+00:00,0.085500
2024-01-31T18:00:00+00:00,0.069200
2024-01-31T19:00:00+00:00,0.062780
2024-01-31T20:00:00+00:00,0.058180
2024-01-31T21:00:00+00:00,0.054000
2024-01-31T22:00:00+00:00,0.040570
2024-01-31T23:00:00+00:00,0.048000
2024-02-01T00:00:00+00:00,0.042370
2024-02-01T01:00:00+00:00,0.043040
2024-02-01T02:00:00+00:00,0.043940
2024-02-01T03:00:00+00:00,0.047630
2024-02-01T04:00:00+00:00,0.056060
2024-02-01T05:00:00+00:00,0.069200
2024-02-01T06:00:00+00:00,0.086370
2024-02-01T07:00:00+00:00,0.099760
2024-02-01T08:00:00+00:00,0.092770
2024-02-01T09:00:00+00:00,0.083710
2024-02-01T10:00:00+00:00,0.075500
2024-02-01T11:00:00+00:00,0.067600
2024-02-01T12:00:00+00:00,0.057260
2024-02-01T13:00:00+00:00,0.071200
2024-02-01T14:00:00+00:00,0.087500
2024-02-01T15:00:00+00:00,0.084000
2024-02-01T16:00:00+00:00,0.112620
2024-02-01T17:00:00+00:00,0.113000
2024-02-01T18:00:00+00:00,0.098030
2024-02-01T19:00:00+00:00,0.090810
2024-02-01T20:00:00+00:00,0.083340
2024-02-01T21:00:00+00:00,0.081910
2024-02-01T22:00:00+00:00,0.073420
2024-02-01T23:00:00+00:00,0.064320
2024-02-02T00:00:00+00:00,0.059950
2024-02-02T01:00:00+00:00,0.058000
2024-02-02T02:00:00+00:00,0.054690
2024-02-02T03:00:00+00:00,0.053140
2024-02-02T04:00:00+00:00,0.055130
2024-02-02T05:00:00+00:00,0.066490
2024-02-02T06:00:00+00:00,0.077910
2024-02-02T07:00:00+00:00,0.089610
2024-02-02T08:00:00+00:00,0.086210
2024-02-02T09:00:00+00:00,0.080800
2024-02-02T10:00:00+00:00,0.075170
2024-02-02T11:00:00+00:00,0.064890
2024-02-02T12:00:00+00:00,0.062560
2024-02-02T13:00:00+00:00,0.063700
2024-02-02T14:00:00+00:00,0.067700
2024-02-02T15:00:00+00:00,0.080000
2024-02-02T16:00:00+00:00,0.088470
2024-02-02T17:00:00+00:00,0.099970
2024-02-02T18:00:00+00:00,0.082000
2024-02-02T19:00:00+00:00,0.073300
2024-02-02T20:00:00+00:00,0.070000
2024-02-02T21:00:00+00:00,0.063150
2024-02-02T22:00:00+00:00,0.054840
2024-02-02T23:00:00+00:00,0.049680
2024-02-03T00:00:00+00:00,0.043080
2024-02-03T01:00:00+00:00,0.034900
2024-02-03T02:00:00+00:00,0.014000
2024-02-03T03:00:00+00:00,0.010980
2024-02-03T04:00:00+00:00,0.011400
2024-02-03T05:00:00+00:00,0.016480
2024-02-03T06:00:00+00:00,0.036430
2024-02-03T07:00:00+00:00,0.046910
2024-02-03T08:00:00+00:00,0.067480
2024-02-03T09:00:00+00:00,0.066000
2024-02-03T10:00:00+00:00,0.058020
2024-02-03T11:00:00+00:00,0.051000
2024-02-03T12:00:00+00:00,0.047900
2024-02-03T13:00:00+00:00,0.042530
2024-02-03T14:00:00+00:00,0.044710
2024-02-03T15:00:00+00:00,0.050580
2024-02-03T16:00:00+00:00,0.067400
2024-02-03T17:00:00+00:00,0.106000
2024-02-03T18:00:00+00:00,0.096000
2024-02-03T19:00:00+00:00,0.072450
2024-02-03T20:00:00+00:00,0.063100
2024-02-03T21:00:00+00:00,0.051410
2024-02-03T22:00:00+00:00,0.040000
2024-02-03T23:00:00+00:00,0.042500
2024-02-04T00:00:00+00:00,0.032220
2024-02-04T01:00:00+00:00,0.006900
2024-02-04T02:00:00+00:00,0.000720
2024-02-04T03:00:00+00:00,0.000000
2024-02-04T04:00:00+00:00,0.000000
2024-02-04T05:00:00+00:00,0.000000
2024-02-04T06:00:00+00:00,0.004400
2024-02-04T07:00:00+00:00,0.011880
2024-02-04T08:00:00+00:00,0.027500
2024-02-04T09:00:00+00:00,0.040000
2024-02-04T10:00:00+00:00,0.026670
2024-02-04T11:00:00+00:00,0.019790
2024-02-04T12:00:00+00:00,0.005070
2024-02-04T13:00:00+00:00,0.014000
2024-02-04T14:00:00+00:00,0.031680
2024-02-04T15:00:00+00:00,0.041200
2024-02-04T16:00:00+00:00,0.063500
2024-02-04T17:00:00+00:00,0.085810
2024-02-04T18:00:00+00:00,0.070900
2024-02-04T19:00:00+00:00,0.053600
2024-02-04T20:00:00+00:00,0.054890
2024-02-04T21:00:00+00:00,0.049740
2024-02-04T22:00:00+00:00,0.034980
2024-02-04T23:00:00+00:00,0.001630
2024-02-05T00:00:00+00:00,0.000100
2024-02-05T01:00:00+00:00,0.000100
2024-02-05T02:00:00+00:00,0.000220
2024-02-05T03:00:00+00:00,0.000080
2024-02-05T04:00:00+00:00,0.001650
2024-02-05T05:00:00+00:00,0.041230
2024-02-05T06:00:00+00:00,0.085000
2024-02-05T07:00:00+00:00,0.106600
2024-02-05T08:00:00+00:00,0.078700
2024-02-05T09:00:00+00:00,0.055200
2024-02-05T10:00:00+00:00,0.044890
2024-02-05T11:00:00+00:00,0.034800
2024-02-05T12:00:00+00:00,0.045500
2024-02-05T13:00:00+00:00,0.054000
2024-02-05T14:00:00+00:00,0.055790
2024-02-05T15:00:00+00:00,0.065000
2024-02-05T16:00:00+00:00,0.086210
2024-02-05T17:00:00+00:00,0.097550
2024-02-05T18:00:00+00:00,0.080100
2024-02-05T19:00:00+00:00,0.069960
2024-02-05T20:00:00+00:00,0.059910
2024-02-05T21:00:00+00:00,0.056040
2024-02-05T22:00:00+00:00,0.047410
2024-02-05T23:00:00+00:00,0.035460
2024-02-06T00:00:00+00:00,0.028200
2024-02-06T01:00:00+00:00,0.010000
2024-02-06T02:00:00+00:00,0.004980
2024-02-06T03:00:00+00:00,0.003110
2024-02-06T04:00:00+00:00,0.020090
2024-02-06T05:00:00+00:00,0.050000
2024-02-06T06:00:00+00:00,0.069220
2024-02-06T07:00:00+00:00,0.088200
2024-02-06T08:00:00+00:00,0.087300
2024-02-06T09:00:00+00:00,0.087100
2024-02-06T10:00:00+00:00,0.076500
2024-02-06T11:00:00+00:00,0.064900
2024-02-06T12:00:00+00:00,0.059940
2024-02-06T13:00:00+00:00,0.063860
2024-02-06T14:00:00+00:00,0.063900
2024-02-06T15:00:00+00:00,0.064700
2024-02-06T16:00:00+00:00,0.080000
2024-02-06T17:00:00+00:00,0.099260
2024-02-06T18:00:00+00:00,0.094890
2024-02-06T19:00:00+00:00,0.071000
2024-02-06T20:00:00+00:00,0.062620
2024-02-06T21:00:00+00:00,0.057110
2024-02-06T22:00:00+00:00,0.053300
2024-02-06T23:00:00+00:00,0.041170
2024-02-07T00:00:00+00:00,0.044800
2024-02-07T01:00:00+00:00,0.049900
2024-02-07T02:00:00+00:00,0.060980
2024-02-07T03:00:00+00:00,0.061000
2024-02-07T04:00:00+00:00,0.065600
2024-02-07T05:00:00+00:00,0.075900
2024-02-07T06:00:00+00:00,0.088600
2024-02-07T07:00:00+00:00,0.094900
2024-02-07T08:00:00+00:00,0.096900
2024-02-07T09:00:00+00:00,0.081880
2024-02-07T10:00:00+00:00,0.078660
2024-02-07T11:00:00+00:00,0.075000
2024-02-07T12:00:00+00:00,0.073800
2024-02-07T13:00:00+00:00,0.075380
2024-02-07T14:00:00+00:00,0.085300
2024-02-07T15:00:00+00:00,0.093030
2024-02-07T16:00:00+00:00,0.119640
2024-02-07T17:00:00+00:00,0.135800
2024-02-07T18:00:00+00:00,0.110320
2024-02-07T19:00:00+00:00,0.098000
2024-02-07T20:00:00+00:00,0.083560
2024-02-07T21:00:00+00:00,0.079010
2024-02-07T22:00:00+00:00,0.079210
2024-02-07T23:00:00+00:00,0.073700
2024-02-08T00:00:00+00:00,0.073200
2024-02-08T01:00:00+00:00,0.072150
2024-02-08T02:00:00+00:00,0.068630
2024-02-08T03:00:00+00:00,0.066690
2024-02-08T04:00:00+00:00,0.071710
2024-02-08T05:00:00+00:00,0.082060
2024-02-08T06:00:00+00:00,0.104490
2024-02-08T07:00:00+00:00,0.131910
2024-02-08T08:00:00+00:00,0.112370
2024-02-08T09:00:00+00:00,0.098020
2024-02-08T10:00:00+00:00,0.089550
2024-02-08T11:00:00+00:00,0.084010
2024-02-08T12:00:00+00:00,0.085520
2024-02-08T13:00:00+00:00,0.083320
2024-02-08T14:00:00+00:00,0.084000
2024-02-08T15:00:00+00:00,0.076810
2024-02-08T16:00:00+00:00,0.077200
2024-02-08T17:00:00+00:00,0.084000
2024-02-08T18:00:00+00:00,0.081500
2024-02-08T19:00:00+00:00,0.077570
2024-02-08T20:00:00+00:00,0.075000
2024-02-08T21:00:00+00:00,0.070820
2024-02-08T22:00:00+00:00,0.061640
2024-02-08T23:00:00+00:00,0.060360
2024-02-09T00:00:00+00:00,0.052160
2024-02-09T01:00:00+00:00,0.047150
2024-02-09T02:00:00+00:00,0.042100
2024-02-09T03:00:00+00:00,0.041300
2024-02-09T04:00:00+00:00,0.044880
2024-02-09T05:00:00+00:00,0.052880
2024-02-09T06:00:00+00:00,0.063700
2024-02-09T07:00:00+00:00,0.067890
2024-02-09T08:00:00+00:00,0.067830
2024-02-09T09:00:00+00:00,0.068820
2024-02-09T10:00:00+00:00,0.067610
2024-02-09T11:00:00+00:00,0.064550
2024-02-09T12:00:00+00:00,0.063700
2024-02-09T13:00:00+00:00,0.068680
2024-02-09T14:00:00+00:00,0.075460
2024-02-09T15:00:00+00:00,0.082380
2024-02-09T16:00:00+00:00,0.092490
2024-02-09T17:00:00+00:00,0.094290
2024-02-09T18:00:00+00:00,0.087100
2024-02-09T19:00:00+00:00,0.080540
2024-02-09T20:00:00+00:00,0.075220
2024-02-09T21:00:00+00:00,0.074910
2024-02-09T22:00:00+00:00,0.070940
2024-02-09T23:00:00+00:00,0.063100
2024-02-10T00:00:00+00:00,0.064080
2024-02-10T01:00:00+00:00,0.064400
2024-02-10T02:00:00+00:00,0.064390
2024-02-10T03:00:00+00:00,0.064410
2024-02-10T04:00:00+00:00,0.065820
2024-02-10T05:00:00+00:00,0.070910
2024-02-10T06:00:00+00:00,0.074860
2024-02-10T07:00:00+00:00,0.077700
2024-02-10T08:00:00+00:00,0.080380
2024-02-10T09:00:00+00:00,0.075400
2024-02-10T10:00:00+00:00,0.070420
2024-02-10T11:00:00+00:00,0.068500
2024-02-10T12:00:00+00:00,0.066720
2024-02-10T13:00:00+00:00,0.069530
2024-02-10T14:00:00+00:00,0.077170
2024-02-10T15:00:00+00:00,0.085050
2024-02-10T16:00:00+00:00,0.089900
2024-02-10T17:00:00+00:00,0.113600
2024-02-10T18:00:00+00:00,0.089000
2024-02-10T19:00:00+00:00,0.074400
2024-02-10T20:00:00+00:00,0.070000
2024-02-10T21:00:00+00:00,0.077210
2024-02-10T22:00:00+00:00,0.064320
2024-02-10T23:00:00+00:00,0.068800
2024-02-11T00:00:00+00:00,0.059300
2024-02-11T01:00:00+00:00,0.052600
2024-02-11T02:00:00+00:00,0.046830
2024-02-11T03:00:00+00:00,0.046510
2024-02-11T04:00:00+00:00,0.046250
2024-02-11T05:00:00+00:00,0.056400
2024-02-11T06:00:00+00:00,0.063030
2024-02-11T07:00:00+00:00,0.071000
2024-02-11T08:00:00+00:00,0.066100
2024-02-11T09:00:00+00:00,0.068400
2024-02-11T10:00:00+00:00,0.065460
2024-02-11T11:00:00+00:00,0.064340
2024-02-11T12:00:00+00:00,0.063380
2024-02-11T13:00:00+00:00,0.064060
2024-02-11T14:00:00+00:00,0.068220
2024-02-11T15:00:00+00:00,0.072240
2024-02-11T16:00:00+00:00,0.079720
2024-02-11T17:00:00+00:00,0.112000
2024-02-11T18:00:00+00:00,0.096800
2024-02-11T19:00:00+00:00,0.077030
2024-02-11T20:00:00+00:00,0.070720
2024-02-11T21:00:00+00:00,0.068390
2024-02-11T22:00:00+00:00,0.064010
2024-02-11T23:00:00+00:00,0.064350
2024-02-12T00:00:00+00:00,0.061650
2024-02-12T01:00:00+00:00,0.060730
2024-02-12T02:00:00+00:00,0.059470
2024-02-12T03:00:00+00:00,0.059210
2024-02-12T04:00:00+00:00,0.065000
2024-02-12T05:00:00+00:00,0.076000
2024-02-12T06:00:00+00:00,0.085410
2024-02-12T07:00:00+00:00,0.104000
2024-02-12T08:00:00+00:00,0.096500
2024-02-12T09:00:00+00:00,0.085470
2024-02-12T10:00:00+00:00,0.079090
2024-02-12T11:00:00+00:00,0.067420
2024-02-12T12:00:00+00:00,0.063860
2024-02-12T13:00:00+00:00,0.064130
2024-02-12T14:00:00+00:00,0.066650
2024-02-12T15:00:00+00:00,0.077100
2024-02-12T16:00:00+00:00,0.090690
2024-02-12T17:00:00+00:00,0.096000
2024-02-12T18:00:00+00:00,0.089080
2024-02-12T19:00:00+00:00,0.079150
2024-02-12T20:00:00+00:00,0.071540
2024-02-12T21:00:00+00:00,0.065870
2024-02-12T22:00:00+00:00,0.061900
2024-02-12T23:00:00+00:00,0.068590
2024-02-13T00:00:00+00:00,0.065370
2024-02-13T01:00:00+00:00,0.063410
2024-02-13T02:00:00+00:00,0.060490
2024-02-13T03:00:00+00:00,0.060060
2024-02-13T04:00:00+00:00,0.063590
2024-02-13T05:00:00+00:00,0.070700
2024-02-13T06:00:00+00:00,0.082320
2024-02-13T07:00:00+00:00,0.089100
2024-02-13T08:00:00+00:00,0.075120
2024-02-13T09:00:00+00:00,0.069210
2024-02-13T10:00:00+00:00,0.063870
2024-02-13T11:00:00+00:00,0.060530
2024-02-13T12:00:00+00:00,0.060260
2024-02-13T13:00:00+00:00,0.063100
2024-02-13T14:00:00+00:00,0.070700
2024-02-13T15:00:00+00:00,0.077920
2024-02-13T16:00:00+00:00,0.091790
2024-02-13T17:00:00+00:00,0.099200
2024-02-13T18:00:00+00:00,0.091130
2024-02-13T19:00:00+00:00,0.078200
2024-02-13T20:00:00+00:00,0.072180
2024-02-13T21:00:00+00:00,0.068530
2024-02-13T22:00:00+00:00,0.064780
2024-02-13T23:00:00+00:00,0.060630
2024-02-14T00:00:00+00:00,0.059340
2024-02-14T01:00:00+00:00,0.055760
2024-02-14T02:00:00+00:00,0.054790
2024-02-14T03:00:00+00:00,0.055060
2024-02-14T04:00:00+00:00,0.058500
2024-02-14T05:00:00+00:00,0.063520
2024-02-14T06:00:00+00:00,0.072980
2024-02-14T07:00:00+00:00,0.079890
2024-02-14T08:00:00+00:00,0.069650
2024-02-14T09:00:00+00:00,0.063860
2024-02-14T10:00:00+00:00,0.063290
2024-02-14T11:00:00+00:00,0.062160
2024-02-14T12:00:00+00:00,0.061910
2024-02-14T13:00:00+00:00,0.067290
2024-02-14T14:00:00+00:00,0.070690
2024-02-14T15:00:00+00:00,0.075990
2024-02-14T16:00:00+00:00,0.081650
2024-02-14T17:00:00+00:00,0.087670
2024-02-14T18:00:00+00:00,0.084580
2024-02-14T19:00:00+00:00,0.076600
2024-02-14T20:00:00+00:00,0.069710
2024-02-14T21:00:00+00:00,0.068200
2024-02-14T22:00:00+00:00,0.063800
2024-02-14T23:00:00+00:00,0.061670
2024-02-15T00:00:00+00:00,0.060550
2024-02-15T01:00:00+00:00,0.059410
2024-02-15T02:00:00+00:00,0.058330
2024-02-15T03:00:00+00:00,0.059630
2024-02-15T04:00:00+00:00,0.063430
2024-02-15T05:00:00+00:00,0.070140
2024-02-15T06:00:00+00:00,0.079800
2024-02-15T07:00:00+00:00,0.082060
2024-02-15T08:00:00+00:00,0.077840
2024-02-15T09:00:00+00:00,0.073510
2024-02-15T10:00:00+00:00,0.068510
2024-02-15T11:00:00+00:00,0.064800
2024-02-15T12:00:00+00:00,0.063850
2024-02-15T13:00:00+00:00,0.066840
2024-02-15T14:00:00+00:00,0.071270
2024-02-15T15:00:00+00:00,0.074110
2024-02-15T16:00:00+00:00,0.082440
2024-02-15T17:00:00+00:00,0.084540
2024-02-15T18:00:00+00:00,0.075130
2024-02-15T19:00:00+00:00,0.069560
2024-02-15T20:00:00+00:00,0.062680
2024-02-15T21:00:00+00:00,0.062660
2024-02-15T22:00:00+00:00,0.058640
2024-02-15T23:00:00+00:00,0.051760
2024-02-16T00:00:00+00:00,0.051080
2024-02-16T01:00:00+00:00,0.049920
2024-02-16T02:00:00+00:00,0.048810
2024-02-16T03:00:00+00:00,0.051380
2024-02-16T04:00:00+00:00,0.052200
2024-02-16T05:00:00+00:00,0.057500
2024-02-16T06:00:00+00:00,0.068880
2024-02-16T07:00:00+00:00,0.070500
2024-02-16T08:00:00+00:00,0.068000
2024-02-16T09:00:00+00:00,0.061200
2024-02-16T10:00:00+00:00,0.068800
2024-02-16T11:00:00+00:00,0.065000
2024-02-16T12:00:00+00:00,0.061200
2024-02-16T13:00:00+00:00,0.063040
2024-02-16T14:00:00+00:00,0.064960
2024-02-16T15:00:00+00:00,0.070000
2024-02-16T16:00:00+00:00,0.072060
2024-02-16T17:00:00+00:00,0.079730
2024-02-16T18:00:00+00:00,0.080750
2024-02-16T19:00:00+00:00,0.074530
2024-02-16T20:00:00+00:00,0.070000
2024-02-16T21:00:00+00:00,0.070000
2024-02-16T22:00:00+00:00,0.065700
2024-02-16T23:00:00+00:00,0.068500
2024-02-17T00:00:00+00:00,0.062640
2024-02-17T01:00:00+00:00,0.068000
2024-02-17T02:00:00+00:00,0.064900
2024-02-17T03:00:00+00:00,0.064890
2024-02-17T04:00:00+00:00,0.073280
2024-02-17T05:00:00+00:00,0.060600
2024-02-17T06:00:00+00:00,0.068700
2024-02-17T07:00:00+00:00,0.075300
2024-02-17T08:00:00+00:00,0.084520
2024-02-17T09:00:00+00:00,0.067000
2024-02-17T10:00:00+00:00,0.060830
2024-02-17T11:00:00+00:00,0.058240
2024-02-17T12:00:00+00:00,0.055250
2024-02-17T13:00:00+00:00,0.059100
2024-02-17T14:00:00+00:00,0.067070
2024-02-17T15:00:00+00:00,0.070800
2024-02-17T16:00:00+00:00,0.085010
2024-02-17T17:00:00+00:00,0.105680
2024-02-17T18:00:00+00:00,0.089510
2024-02-17T19:00:00+00:00,0.080150
2024-02-17T20:00:00+00:00,0.074160
2024-02-17T21:00:00+00:00,0.072060
2024-02-17T22:00:00+00:00,0.069110
2024-02-17T23:00:00+00:00,0.062130
2024-02-18T00:00:00+00:00,0.054810
2024-02-18T01:00:00+00:00,0.051400
2024-02-18T02:00:00+00:00,0.050220
2024-02-18T03:00:00+00:00,0.050000
2024-02-18T04:00:00+00:00,0.048470
2024-02-18T05:00:00+00:00,0.046020
2024-02-18T06:00:00+00:00,0.048970
2024-02-18T07:00:00+00:00,0.047280
2024-02-18T08:00:00+00:00,0.043030
2024-02-18T09:00:00+00:00,0.040450
2024-02-18T10:00:00+00:00,0.041000
2024-02-18T11:00:00+00:00,0.050000
2024-02-18T12:00:00+00:00,0.050170
2024-02-18T13:00:00+00:00,0.064600
2024-02-18T14:00:00+00:00,0.066930
2024-02-18T15:00:00+00:00,0.062870
2024-02-18T16:00:00+00:00,0.072000
2024-02-18T17:00:00+00:00,0.084100
2024-02-18T18:00:00+00:00,0.070590
2024-02-18T19:00:00+00:00,0.064710
2024-02-18T20:00:00+00:00,0.059830
2024-02-18T21:00:00+00:00,0.057330
2024-02-18T22:00:00+00:00,0.053940
2024-02-18T23:00:00+00:00,0.044000
2024-02-19T00:00:00+00:00,0.048320
2024-02-19T01:00:00+00:00,0.046460
2024-02-19T02:00:00+00:00,0.043910
2024-02-19T03:00:00+00:00,0.044920
2024-02-19T04:00:00+00:00,0.051570
2024-02-19T05:00:00+00:00,0.068630
2024-02-19T06:00:00+00:00,0.079120
2024-02-19T07:00:00+00:00,0.083870
2024-02-19T08:00:00+00:00,0.075060
2024-02-19T09:00:00+00:00,0.070880
2024-02-19T10:00:00+00:00,0.069220
2024-02-19T11:00:00+00:00,0.062470
2024-02-19T12:00:00+00:00,0.059970
2024-02-19T13:00:00+00:00,0.064180
2024-02-19T14:00:00+00:00,0.066800
2024-02-19T15:00:00+00:00,0.069860
2024-02-19T16:00:00+00:00,0.076150
2024-02-19T17:00:00+00:00,0.099890
2024-02-19T18:00:00+00:00,0.080020
2024-02-19T19:00:00+00:00,0.071920
2024-02-19T20:00:00+00:00,0.067490
2024-02-19T21:00:00+00:00,0.066270
2024-02-19T22:00:00+00:00,0.059070
2024-02-19T23:00:00+00:00,0.058060
2024-02-20T00:00:00+00:00,0.054320
2024-02-20T01:00:00+00:00,0.053960
2024-02-20T02:00:00+00:00,0.056000
2024-02-20T03:00:00+00:00,0.053000
2024-02-20T04:00:00+00:00,0.054810
2024-02-20T05:00:00+00:00,0.071050
2024-02-20T06:00:00+00:00,0.086070
2024-02-20T07:00:00+00:00,0.089630
2024-02-20T08:00:00+00:00,0.078770
2024-02-20T09:00:00+00:00,0.069850
2024-02-20T10:00:00+00:00,0.060920
2024-02-20T11:00:00+00:00,0.053520
2024-02-20T12:00:00+00:00,0.051510
2024-02-20T13:00:00+00:00,0.051860
2024-02-20T14:00:00+00:00,0.055890
2024-02-20T15:00:00+00:00,0.062280
2024-02-20T16:00:00+00:00,0.068980
2024-02-20T17:00:00+00:00,0.070860
2024-02-20T18:00:00+00:00,0.070760
2024-02-20T19:00:00+00:00,0.067760
2024-02-20T20:00:00+00:00,0.057000
2024-02-20T21:00:00+00:00,0.048440
2024-02-20T22:00:00+00:00,0.049610
2024-02-20T23:00:00+00:00,0.048580
2024-02-21T00:00:00+00:00,0.046910
2024-02-21T01:00:00+00:00,0.046860
2024-02-21T02:00:00+00:00,0.044800
2024-02-21T03:00:00+00:00,0.045430
2024-02-21T04:00:00+00:00,0.050060
2024-02-21T05:00:00+00:00,0.065010
2024-02-21T06:00:00+00:00,0.079700
2024-02-21T07:00:00+00:00,0.084050
2024-02-21T08:00:00+00:00,0.069650
2024-02-21T09:00:00+00:00,0.064100
2024-02-21T10:00:00+00:00,0.060390
2024-02-21T11:00:00+00:00,0.053010
2024-02-21T12:00:00+00:00,0.051210
2024-02-21T13:00:00+00:00,0.053760
2024-02-21T14:00:00+00:00,0.064710
2024-02-21T15:00:00+00:00,0.067100
2024-02-21T16:00:00+00:00,0.068310
2024-02-21T17:00:00+00:00,0.068380
2024-02-21T18:00:00+00:00,0.061600
2024-02-21T19:00:00+00:00,0.052520
2024-02-21T20:00:00+00:00,0.046310
2024-02-21T21:00:00+00:00,0.042040
2024-02-21T22:00:00+00:00,0.035570
2024-02-21T23:00:00+00:00,0.030870
2024-02-22T00:00:00+00:00,0.027420
2024-02-22T01:00:00+00:00,0.027500
2024-02-22T02:00:00+00:00,0.029440
2024-02-22T03:00:00+00:00,0.035510
2024-02-22T04:00:00+00:00,0.046720
2024-02-22T05:00:00+00:00,0.064260
2024-02-22T06:00:00+00:00,0.075000
2024-02-22T07:00:00+00:00,0.081910
2024-02-22T08:00:00+00:00,0.074000
2024-02-22T09:00:00+00:00,0.069440
2024-02-22T10:00:00+00:00,0.067460
2024-02-22T11:00:00+00:00,0.066900
2024-02-22T12:00:00+00:00,0.066690
2024-02-22T13:00:00+00:00,0.063490
2024-02-22T14:00:00+00:00,0.063100
2024-02-22T15:00:00+00:00,0.060930
2024-02-22T16:00:00+00:00,0.061760
2024-02-22T17:00:00+00:00,0.059950
2024-02-22T18:00:00+00:00,0.060400
2024-02-22T19:00:00+00:00,0.047920
2024-02-22T20:00:00+00:00,0.043810
2024-02-22T21:00:00+00:00,0.034900
2024-02-22T22:00:00+00:00,0.020100
2024-02-22T23:00:00+00:00,0.009280
2024-02-23T00:00:00+00:00,0.001500
2024-02-23T01:00:00+00:00,0.001190
2024-02-23T02:00:00+00:00,0.000100
2024-02-23T03:00:00+00:00,0.000400
2024-02-23T04:00:00+00:00,0.001130
2024-02-23T05:00:00+00:00,0.039960
2024-02-23T06:00:00+00:00,0.057960
2024-02-23T07:00:00+00:00,0.060800
2024-02-23T08:00:00+00:00,0.053540
2024-02-23T09:00:00+00:00,0.047100
2024-02-23T10:00:00+00:00,0.042040
2024-02-23T11:00:00+00:00,0.037270
2024-02-23T12:00:00+00:00,0.032900
2024-02-23T13:00:00+00:00,0.038000
2024-02-23T14:00:00+00:00,0.049640
2024-02-23T15:00:00+00:00,0.063210
2024-02-23T16:00:00+00:00,0.073700
2024-02-23T17:00:00+00:00,0.086440
2024-02-23T18:00:00+00:00,0.084010
2024-02-23T19:00:00+00:00,0.072970
2024-02-23T20:00:00+00:00,0.069260
2024-02-23T21:00:00+00:00,0.067980
2024-02-23T22:00:00+00:00,0.065100
2024-02-23T23:00:00+00:00,0.066470
2024-02-24T00:00:00+00:00,0.063900
2024-02-24T01:00:00+00:00,0.059500
2024-02-24T02:00:00+00:00,0.055200
2024-02-24T03:00:00+00:00,0.055390
2024-02-24T04:00:00+00:00,0.057100
2024-02-24T05:00:00+00:00,0.061670
2024-02-24T06:00:00+00:00,0.066110
2024-02-24T07:00:00+00:00,0.064400
2024-02-24T08:00:00+00:00,0.057600
2024-02-24T09:00:00+00:00,0.049190
2024-02-24T10:00:00+00:00,0.045810
2024-02-24T11:00:00+00:00,0.040320
2024-02-24T12:00:00+00:00,0.032220
2024-02-24T13:00:00+00:00,0.037600
2024-02-24T14:00:00+00:00,0.045000
2024-02-24T15:00:00+00:00,0.055960
2024-02-24T16:00:00+00:00,0.072960
2024-02-24T17:00:00+00:00,0.081950
2024-02-24T18:00:00+00:00,0.074130
2024-02-24T19:00:00+00:00,0.065170
2024-02-24T20:00:00+00:00,0.059940
2024-02-24T21:00:00+00:00,0.064020
2024-02-24T22:00:00+00:00,0.063510
2024-02-24T23:00:00+00:00,0.056570
2024-02-25T00:00:00+00:00,0.055440
2024-02-25T01:00:00+00:00,0.055440
2024-02-25T02:00:00+00:00,0.054950
2024-02-25T03:00:00+00:00,0.055250
2024-02-25T04:00:00+00:00,0.055070
2024-02-25T05:00:00+00:00,0.058600
2024-02-25T06:00:00+00:00,0.059920
2024-02-25T07:00:00+00:00,0.075000
2024-02-25T08:00:00+00:00,0.071500
2024-02-25T09:00:00+00:00,0.056680
2024-02-25T10:00:00+00:00,0.054640
2024-02-25T11:00:00+00:00,0.050000
2024-02-25T12:00:00+00:00,0.046030
2024-02-25T13:00:00+00:00,0.049840
2024-02-25T14:00:00+00:00,0.055000
2024-02-25T15:00:00+00:00,0.068900
2024-02-25T16:00:00+00:00,0.085690
2024-02-25T17:00:00+00:00,0.093880
2024-02-25T18:00:00+00:00,0.079000
2024-02-25T19:00:00+00:00,0.069960
2024-02-25T20:00:00+00:00,0.065820
2024-02-25T21:00:00+00:00,0.065230
2024-02-25T22:00:00+00:00,0.058380
2024-02-25T23:00:00+00:00,0.057830
2024-02-26T00:00:00+00:00,0.056820
2024-02-26T01:00:00+00:00,0.055670
2024-02-26T02:00:00+00:00,0.051800
2024-02-26T03:00:00+00:00,0.053240
2024-02-26T04:00:00+00:00,0.057920
2024-02-26T05:00:00+00:00,0.068440
2024-02-26T06:00:00+00:00,0.079540
2024-02-26T07:00:00+00:00,0.081600
2024-02-26T08:00:00+00:00,0.073830
2024-02-26T09:00:00+00:00,0.066650
2024-02-26T10:00:00+00:00,0.065030
2024-02-26T11:00:00+00:00,0.058420
2024-02-26T12:00:00+00:00,0.058190
2024-02-26T13:00:00+00:00,0.061290
2024-02-26T14:00:00+00:00,0.064950
2024-02-26T15:00:00+00:00,0.069920
2024-02-26T16:00:00+00:00,0.077000
2024-02-26T17:00:00+00:00,0.085320
2024-02-26T18:00:00+00:00,0.081000
2024-02-26T19:00:00+00:00,0.072210
2024-02-26T20:00:00+00:00,0.065690
2024-02-26T21:00:00+00:00,0.065210
2024-02-26T22:00:00+00:00,0.060760
2024-02-26T23:00:00+00:00,0.057620
2024-02-27T00:00:00+00:00,0.057550
2024-02-27T01:00:00+00:00,0.057350
2024-02-27T02:00:00+00:00,0.056870
2024-02-27T03:00:00+00:00,0.057350
2024-02-27T04:00:00+00:00,0.062750
2024-02-27T05:00:00+00:00,0.073320
2024-02-27T06:00:00+00:00,0.092870
2024-02-27T07:00:00+00:00,0.095220
2024-02-27T08:00:00+00:00,0.080810
2024-02-27T09:00:00+00:00,0.068710
2024-02-27T10:00:00+00:00,0.061000
2024-02-27T11:00:00+00:00,0.055490
2024-02-27T12:00:00+00:00,0.055580
2024-02-27T13:00:00+00:00,0.056000
2024-02-27T14:00:00+00:00,0.059900
2024-02-27T15:00:00+00:00,0.066500
2024-02-27T16:00:00+00:00,0.093950
2024-02-27T17:00:00+00:00,0.110180
2024-02-27T18:00:00+00:00,0.105170
2024-02-27T19:00:00+00:00,0.084360
2024-02-27T20:00:00+00:00,0.072500
2024-02-27T21:00:00+00:00,0.070300
2024-02-27T22:00:00+00:00,0.064970
2024-02-27T23:00:00+00:00,0.060360
2024-02-28T00:00:00+00:00,0.059400
2024-02-28T01:00:00+00:00,0.061340
2024-02-28T02:00:00+00:00,0.063460
2024-02-28T03:00:00+00:00,0.063740
2024-02-28T04:00:00+00:00,0.067460
2024-02-28T05:00:00+00:00,0.074080
2024-02-28T06:00:00+00:00,0.097070
2024-02-28T07:00:00+00:00,0.104490
2024-02-28T08:00:00+00:00,0.085460
2024-02-28T09:00:00+00:00,0.073990
2024-02-28T10:00:00+00:00,0.067550
2024-02-28T11:00:00+00:00,0.063100
2024-02-28T12:00:00+00:00,0.057900
2024-02-28T13:00:00+00:00,0.058500
2024-02-28T14:00:00+00:00,0.060000
2024-02-28T15:00:00+00:00,0.072460
2024-02-28T16:00:00+00:00,0.070000
2024-02-28T17:00:00+00:00,0.089800
2024-02-28T18:00:00+00:00,0.078180
2024-02-28T19:00:00+00:00,0.065550
2024-02-28T20:00:00+00:00,0.062690
2024-02-28T21:00:00+00:00,0.064080
2024-02-28T22:00:00+00:00,0.055200
2024-02-28T23:00:00+00:00,0.054820
2024-02-29T00:00:00+00:00,0.053020
2024-02-29T01:00:00+00:00,0.049710
2024-02-29T02:00:00+00:00,0.046620
2024-02-29T03:00:00+00:00,0.043750
2024-02-29T04:00:00+00:00,0.048000
2024-02-29T05:00:00+00:00,0.061370
2024-02-29T06:00:00+00:00,0.073350
2024-02-29T07:00:00+00:00,0.073850
2024-02-29T08:00:00+00:00,0.070390
2024-02-29T09:00:00+00:00,0.065650
2024-02-29T10:00:00+00:00,0.066460
2024-02-29T11:00:00+00:00,0.060000
2024-02-29T12:00:00+00:00,0.057770
2024-02-29T13:00:00+00:00,0.063680
2024-02-29T14:00:00+00:00,0.065200
2024-02-29T15:00:00+00:00,0.071620
2024-02-29T16:00:00+00:00,0.080000
2024-02-29T17:00:00+00:00,0.086260
2024-02-29T18:00:00+00:00,0.080990
2024-02-29T19:00:00+00:00,0.072770
2024-02-29T20:00:00+00:00,0.067250
2024-02-29T21:00:00+00:00,0.064900
2024-02-29T22:00:00+00:00,0.060900
2024-02-29T23:00:00+00:00,0.062040
2024-03-01T00:00:00+00:00,0.061420
2024-03-01T01:00:00+00:00,0.058140
2024-03-01T02:00:00+00:00,0.057830
2024-03-01T03:00:00+00:00,0.058300
2024-03-01T04:00:00+00:00,0.062490
2024-03-01T05:00:00+00:00,0.071580
2024-03-01T06:00:00+00:00,0.079360
2024-03-01T07:00:00+00:00,0.086020
2024-03-01T08:00:00+00:00,0.078040
2024-03-01T09:00:00+00:00,0.066510
2024-03-01T10:00:00+00:00,0.064530
2024-03-01T11:00:00+00:00,0.047550
2024-03-01T12:00:00+00:00,0.050000
2024-03-01T13:00:00+00:00,0.063200
2024-03-01T14:00:00+00:00,0.071170
2024-03-01T15:00:00+00:00,0.078280
2024-03-01T16:00:00+00:00,0.089400
2024-03-01T17:00:00+00:00,0.093730
2024-03-01T18:00:00+00:00,0.087190
2024-03-01T19:00:00+00:00,0.077490
2024-03-01T20:00:00+00:00,0.071620
2024-03-01T21:00:00+00:00,0.070060
2024-03-01T22:00:00+00:00,0.066390
2024-03-01T23:00:00+00:00,0.059950
2024-03-02T00:00:00+00:00,0.056030
2024-03-02T01:00:00+00:00,0.056020
2024-03-02T02:00:00+00:00,0.055480
2024-03-02T03:00:00+00:00,0.054880
2024-03-02T04:00:00+00:00,0.055990
2024-03-02T05:00:00+00:00,0.056580
2024-03-02T06:00:00+00:00,0.060670
2024-03-02T07:00:00+00:00,0.063760
2024-03-02T08:00:00+00:00,0.065750
2024-03-02T09:00:00+00:00,0.060440
2024-03-02T10:00:00+00:00,0.053800
2024-03-02T11:00:00+00:00,0.053070
2024-03-02T12:00:00+00:00,0.054900
2024-03-02T13:00:00+00:00,0.059860
2024-03-02T14:00:00+00:00,0.066080
2024-03-02T15:00:00+00:00,0.073000
2024-03-02T16:00:00+00:00,0.081170
2024-03-02T17:00:00+00:00,0.093600
2024-03-02T18:00:00+00:00,0.089900
2024-03-02T19:00:00+00:00,0.076980
2024-03-02T20:00:00+00:00,0.069810
2024-03-02T21:00:00+00:00,0.069900
2024-03-02T22:00:00+00:00,0.068200
2024-03-02T23:00:00+00:00,0.060100
2024-03-03T00:00:00+00:00,0.069210
2024-03-03T01:00:00+00:00,0.067030
2024-03-03T02:00:00+00:00,0.057910
2024-03-03T03:00:00+00:00,0.055480
2024-03-03T04:00:00+00:00,0.058880
2024-03-03T05:00:00+00:00,0.065390
2024-03-03T06:00:00+00:00,0.069800
2024-03-03T07:00:00+00:00,0.071510
2024-03-03T08:00:00+00:00,0.072490
2024-03-03T09:00:00+00:00,0.063140
2024-03-03T10:00:00+00:00,0.050000
2024-03-03T11:00:00+00:00,0.047510
2024-03-03T12:00:00+00:00,0.042510
2024-03-03T13:00:00+00:00,0.046840
2024-03-03T14:00:00+00:00,0.058070
2024-03-03T15:00:00+00:00,0.060280
2024-03-03T16:00:00+00:00,0.077720
2024-03-03T17:00:00+00:00,0.088000
2024-03-03T18:00:00+00:00,0.086960
2024-03-03T19:00:00+00:00,0.081800
2024-03-03T20:00:00+00:00,0.075000
2024-03-03T21:00:00+00:00,0.072180
2024-03-03T22:00:00+00:00,0.072420
2024-03-03T23:00:00+00:00,0.069130
2024-03-04T00:00:00+00:00,0.067900
2024-03-04T01:00:00+00:00,0.067410
2024-03-04T02:00:00+00:00,0.066220
2024-03-04T03:00:00+00:00,0.065590
2024-03-04T04:00:00+00:00,0.070830
2024-03-04T05:00:00+00:00,0.081180
2024-03-04T06:00:00+00:00,0.096670
2024-03-04T07:00:00+00:00,0.102970
2024-03-04T08:00:00+00:00,0.085020
2024-03-04T09:00:00+00:00,0.071230
2024-03-04T10:00:00+00:00,0.063200
2024-03-04T11:00:00+00:00,0.063300
2024-03-04T12:00:00+00:00,0.061040
2024-03-04T13:00:00+00:00,0.062500
2024-03-04T14:00:00+00:00,0.069860
2024-03-04T15:00:00+00:00,0.076700
2024-03-04T16:00:00+00:00,0.093470
2024-03-04T17:00:00+00:00,0.105180
2024-03-04T18:00:00+00:00,0.099130
2024-03-04T19:00:00+00:00,0.080520
2024-03-04T20:00:00+00:00,0.071390
2024-03-04T21:00:00+00:00,0.067490
2024-03-04T22:00:00+00:00,0.063930
2024-03-04T23:00:00+00:00,0.061960
2024-03-05T00:00:00+00:00,0.061670
2024-03-05T01:00:00+00:00,0.061330
2024-03-05T02:00:00+00:00,0.059860
2024-03-05T03:00:00+00:00,0.060560
2024-03-05T04:00:00+00:00,0.061670
2024-03-05T05:00:00+00:00,0.071530
2024-03-05T06:00:00+00:00,0.079280
2024-03-05T07:00:00+00:00,0.083020
2024-03-05T08:00:00+00:00,0.077000
2024-03-05T09:00:00+00:00,0.071150
2024-03-05T10:00:00+00:00,0.069720
2024-03-05T11:00:00+00:00,0.065990
2024-03-05T12:00:00+00:00,0.065810
2024-03-05T13:00:00+00:00,0.069600
2024-03-05T14:00:00+00:00,0.070620
2024-03-05T15:00:00+00:00,0.076300
2024-03-05T16:00:00+00:00,0.081860
2024-03-05T17:00:00+00:00,0.104380
2024-03-05T18:00:00+00:00,0.096600
2024-03-05T19:00:00+00:00,0.078420
2024-03-05T20:00:00+00:00,0.073070
2024-03-05T21:00:00+00:00,0.066000
2024-03-05T22:00:00+00:00,0.070000
2024-03-05T23:00:00+00:00,0.071000
2024-03-06T00:00:00+00:00,0.070700
2024-03-06T01:00:00+00:00,0.070460
2024-03-06T02:00:00+00:00,0.069740
2024-03-06T03:00:00+00:00,0.070460
2024-03-06T04:00:00+00:00,0.073910
2024-03-06T05:00:00+00:00,0.083980
2024-03-06T06:00:00+00:00,0.106640
2024-03-06T07:00:00+00:00,0.108700
2024-03-06T08:00:00+00:00,0.087210
2024-03-06T09:00:00+00:00,0.075690
2024-03-06T10:00:00+00:00,0.071830
2024-03-06T11:00:00+00:00,0.069340
2024-03-06T12:00:00+00:00,0.069290
2024-03-06T13:00:00+00:00,0.070640
2024-03-06T14:00:00+00:00,0.072280
2024-03-06T15:00:00+00:00,0.079800
2024-03-06T16:00:00+00:00,0.096110
2024-03-06T17:00:00+00:00,0.119020
2024-03-06T18:00:00+00:00,0.119250
2024-03-06T19:00:00+00:00,0.093400
2024-03-06T20:00:00+00:00,0.080150
2024-03-06T21:00:00+00:00,0.077980
2024-03-06T22:00:00+00:00,0.074340
2024-03-06T23:00:00+00:00,0.073330
2024-03-07T00:00:00+00:00,0.072320
2024-03-07T01:00:00+00:00,0.070340
2024-03-07T02:00:00+00:00,0.068710
2024-03-07T03:00:00+00:00,0.069890
2024-03-07T04:00:00+00:00,0.073130
2024-03-07T05:00:00+00:00,0.084270
2024-03-07T06:00:00+00:00,0.103200
2024-03-07T07:00:00+00:00,0.096700
2024-03-07T08:00:00+00:00,0.079090
2024-03-07T09:00:00+00:00,0.071310
2024-03-07T10:00:00+00:00,0.066160
2024-03-07T11:00:00+00:00,0.060620
2024-03-07T12:00:00+00:00,0.060160
2024-03-07T13:00:00+00:00,0.063300
2024-03-07T14:00:00+00:00,0.066100
2024-03-07T15:00:00+00:00,0.070660
2024-03-07T16:00:00+00:00,0.090110
2024-03-07T17:00:00+00:00,0.107410
2024-03-07T18:00:00+00:00,0.090430
2024-03-07T19:00:00+00:00,0.083390
2024-03-07T20:00:00+00:00,0.073160
2024-03-07T21:00:00+00:00,0.073250
2024-03-07T22:00:00+00:00,0.067610
2024-03-07T23:00:00+00:00,0.068370
2024-03-08T00:00:00+00:00,0.066960
2024-03-08T01:00:00+00:00,0.067010
2024-03-08T02:00:00+00:00,0.065990
2024-03-08T03:00:00+00:00,0.065980
2024-03-08T04:00:00+00:00,0.066930
2024-03-08T05:00:00+00:00,0.081500
2024-03-08T06:00:00+00:00,0.094990
2024-03-08T07:00:00+00:00,0.088890
2024-03-08T08:00:00+00:00,0.074360
2024-03-08T09:00:00+00:00,0.054900
2024-03-08T10:00:00+00:00,0.000000
2024-03-08T11:00:00+00:00,-0.020000
2024-03-08T12:00:00+00:00,-0.025000
2024-03-08T13:00:00+00:00,-0.017970
2024-03-08T14:00:00+00:00,0.030000
2024-03-08T15:00:00+00:00,0.055380
2024-03-08T16:00:00+00:00,0.071940
2024-03-08T17:00:00+00:00,0.083750
2024-03-08T18:00:00+00:00,0.080000
2024-03-08T19:00:00+00:00,0.071180
2024-03-08T20:00:00+00:00,0.064900
2024-03-08T21:00:00+00:00,0.064790
2024-03-08T22:00:00+00:00,0.059620
2024-03-08T23:00:00+00:00,0.056140
2024-03-09T00:00:00+00:00,0.054530
2024-03-09T01:00:00+00:00,0.053300
2024-03-09T02:00:00+00:00,0.052150
2024-03-09T03:00:00+00:00,0.048000
2024-03-09T04:00:00+00:00,0.047210
2024-03-09T05:00:00+00:00,0.050000
2024-03-09T06:00:00+00:00,0.053060
2024-03-09T07:00:00+00:00,0.053060
2024-03-09T08:00:00+00:00,0.048120
2024-03-09T09:00:00+00:00,0.025000
2024-03-09T10:00:00+00:00,-0.029500
2024-03-09T11:00:00+00:00,-0.030000
2024-03-09T12:00:00+00:00,-0.039790
2024-03-09T13:00:00+00:00,-0.019570
2024-03-09T14:00:00+00:00,0.028320
2024-03-09T15:00:00+00:00,0.052640
2024-03-09T16:00:00+00:00,0.069550
2024-03-09T17:00:00+00:00,0.078080
2024-03-09T18:00:00+00:00,0.068690
2024-03-09T19:00:00+00:00,0.063820
2024-03-09T20:00:00+00:00,0.060470
2024-03-09T21:00:00+00:00,0.059170
2024-03-09T22:00:00+00:00,0.054370
2024-03-09T23:00:00+00:00,0.048650
2024-03-10T00:00:00+00:00,0.046060
2024-03-10T01:00:00+00:00,0.040980
2024-03-10T02:00:00+00:00,0.035550
2024-03-10T03:00:00+00:00,0.032390
2024-03-10T04:00:00+00:00,0.032280
2024-03-10T05:00:00+00:00,0.033910
2024-03-10T06:00:00+00:00,0.039490
2024-03-10T07:00:00+00:00,0.034820
2024-03-10T08:00:00+00:00,0.027550
2024-03-10T09:00:00+00:00,0.000040
2024-03-10T10:00:00+00:00,-0.010030
2024-03-10T11:00:00+00:00,-0.027300
2024-03-10T12:00:00+00:00,-0.027300
2024-03-10T13:00:00+00:00,-0.010010
2024-03-10T14:00:00+00:00,0.012380
2024-03-10T15:00:00+00:00,0.050000
2024-03-10T16:00:00+00:00,0.069920
2024-03-10T17:00:00+00:00,0.084310
2024-03-10T18:00:00+00:00,0.072220
2024-03-10T19:00:00+00:00,0.070880
2024-03-10T20:00:00+00:00,0.072900
2024-03-10T21:00:00+00:00,0.073320
2024-03-10T22:00:00+00:00,0.072000
2024-03-10T23:00:00+00:00,0.065200
2024-03-11T00:00:00+00:00,0.066000
2024-03-11T01:00:00+00:00,0.068860
2024-03-11T02:00:00+00:00,0.065000
2024-03-11T03:00:00+00:00,0.060100
2024-03-11T04:00:00+00:00,0.058250
2024-03-11T05:00:00+00:00,0.076640
2024-03-11T06:00:00+00:00,0.082610
2024-03-11T07:00:00+00:00,0.085560
2024-03-11T08:00:00+00:00,0.086500
2024-03-11T09:00:00+00:00,0.082190
2024-03-11T10:00:00+00:00,0.074910
2024-03-11T11:00:00+00:00,0.074000
2024-03-11T12:00:00+00:00,0.068590
2024-03-11T13:00:00+00:00,0.067000
2024-03-11T14:00:00+00:00,0.073500
2024-03-11T15:00:00+00:00,0.079180
2024-03-11T16:00:00+00:00,0.089910
2024-03-11T17:00:00+00:00,0.100000
2024-03-11T18:00:00+00:00,0.108000
2024-03-11T19:00:00+00:00,0.083800
2024-03-11T20:00:00+00:00,0.076700
2024-03-11T21:00:00+00:00,0.075030
2024-03-11T22:00:00+00:00,0.067080
2024-03-11T23:00:00+00:00,0.069190
2024-03-12T00:00:00+00:00,0.065560
2024-03-12T01:00:00+00:00,0.066510
2024-03-12T02:00:00+00:00,0.065200
2024-03-12T03:00:00+00:00,0.065960
2024-03-12T04:00:00+00:00,0.070900
2024-03-12T05:00:00+00:00,0.074800
2024-03-12T06:00:00+00:00,0.092780
2024-03-12T07:00:00+00:00,0.100600
2024-03-12T08:00:00+00:00,0.093720
2024-03-12T09:00:00+00:00,0.084500
2024-03-12T10:00:00+00:00,0.078070
2024-03-12T11:00:00+00:00,0.074800
2024-03-12T12:00:00+00:00,0.070060
2024-03-12T13:00:00+00:00,0.068000
2024-03-12T14:00:00+00:00,0.065200
2024-03-12T15:00:00+00:00,0.072930
2024-03-12T16:00:00+00:00,0.077870
2024-03-12T17:00:00+00:00,0.084000
2024-03-12T18:00:00+00:00,0.103460
2024-03-12T19:00:00+00:00,0.081570
2024-03-12T20:00:00+00:00,0.074000
2024-03-12T21:00:00+00:00,0.071970
2024-03-12T22:00:00+00:00,0.068530
2024-03-12T23:00:00+00:00,0.062160
2024-03-13T00:00:00+00:00,0.059730
2024-03-13T01:00:00+00:00,0.058550
2024-03-13T02:00:00+00:00,0.058040
2024-03-13T03:00:00+00:00,0.059870
2024-03-13T04:00:00+00:00,0.062300
2024-03-13T05:00:00+00:00,0.074960
2024-03-13T06:00:00+00:00,0.085400
2024-03-13T07:00:00+00:00,0.089800
2024-03-13T08:00:00+00:00,0.076850
2024-03-13T09:00:00+00:00,0.067380
2024-03-13T10:00:00+00:00,0.063200
2024-03-13T11:00:00+00:00,0.061880
2024-03-13T12:00:00+00:00,0.059590
2024-03-13T13:00:00+00:00,0.058820
2024-03-13T14:00:00+00:00,0.063200
2024-03-13T15:00:00+00:00,0.068380
2024-03-13T16:00:00+00:00,0.077400
2024-03-13T17:00:00+00:00,0.079800
2024-03-13T18:00:00+00:00,0.081440
2024-03-13T19:00:00+00:00,0.066400
2024-03-13T20:00:00+00:00,0.066520
2024-03-13T21:00:00+00:00,0.068140
2024-03-13T22:00:00+00:00,0.063880
2024-03-13T23:00:00+00:00,0.063290
2024-03-14T00:00:00+00:00,0.056900
2024-03-14T01:00:00+00:00,0.057520
2024-03-14T02:00:00+00:00,0.057000
2024-03-14T03:00:00+00:00,0.054650
2024-03-14T04:00:00+00:00,0.060020
2024-03-14T05:00:00+00:00,0.071420
2024-03-14T06:00:00+00:00,0.087000
2024-03-14T07:00:00+00:00,0.081990
2024-03-14T08:00:00+00:00,0.065710
2024-03-14T09:00:00+00:00,0.054320
2024-03-14T10:00:00+00:00,0.042600
2024-03-14T11:00:00+00:00,0.020990
2024-03-14T12:00:00+00:00,0.030000
2024-03-14T13:00:00+00:00,0.046590
2024-03-14T14:00:00+00:00,0.054820
2024-03-14T15:00:00+00:00,0.065990
2024-03-14T16:00:00+00:00,0.085640
2024-03-14T17:00:00+00:00,0.102350
2024-03-14T18:00:00+00:00,0.089920
2024-03-14T19:00:00+00:00,0.073620
2024-03-14T20:00:00+00:00,0.062960
2024-03-14T21:00:00+00:00,0.059530
2024-03-14T22:00:00+00:00,0.050910
2024-03-14T23:00:00+00:00,0.047890
2024-03-15T00:00:00+00:00,0.045470
2024-03-15T01:00:00+00:00,0.044470
2024-03-15T02:00:00+00:00,0.042330
2024-03-15T03:00:00+00:00,0.042220
2024-03-15T04:00:00+00:00,0.041520
2024-03-15T05:00:00+00:00,0.058490
2024-03-15T06:00:00+00:00,0.066470
2024-03-15T07:00:00+00:00,0.067420
2024-03-15T08:00:00+00:00,0.053800
2024-03-15T09:00:00+00:00,0.046100
2024-03-15T10:00:00+00:00,0.038900
2024-03-15T11:00:00+00:00,0.037120
2024-03-15T12:00:00+00:00,0.035140
2024-03-15T13:00:00+00:00,0.041420
2024-03-15T14:00:00+00:00,0.045350
2024-03-15T15:00:00+00:00,0.060400
2024-03-15T16:00:00+00:00,0.070670
2024-03-15T17:00:00+00:00,0.073110
2024-03-15T18:00:00+00:00,0.087990
2024-03-15T19:00:00+00:00,0.063810
2024-03-15T20:00:00+00:00,0.055010
2024-03-15T21:00:00+00:00,0.055990
2024-03-15T22:00:00+00:00,0.049350
2024-03-15T23:00:00+00:00,0.043660
2024-03-16T00:00:00+00:00,0.042040
2024-03-16T01:00:00+00:00,0.040710
2024-03-16T02:00:00+00:00,0.038900
2024-03-16T03:00:00+00:00,0.038630
2024-03-16T04:00:00+00:00,0.040000
2024-03-16T05:00:00+00:00,0.047600
2024-03-16T06:00:00+00:00,0.060220
2024-03-16T07:00:00+00:00,0.055300
2024-03-16T08:00:00+00:00,0.047010
2024-03-16T09:00:00+00:00,0.044880
2024-03-16T10:00:00+00:00,0.041630
2024-03-16T11:00:00+00:00,0.036780
2024-03-16T12:00:00+00:00,0.021020
2024-03-16T13:00:00+00:00,0.012260
2024-03-16T14:00:00+00:00,0.031380
2024-03-16T15:00:00+00:00,0.054100
2024-03-16T16:00:00+00:00,0.080900
2024-03-16T17:00:00+00:00,0.097000
2024-03-16T18:00:00+00:00,0.109100
2024-03-16T19:00:00+00:00,0.094000
2024-03-16T20:00:00+00:00,0.074680
2024-03-16T21:00:00+00:00,0.074800
2024-03-16T22:00:00+00:00,0.067100
2024-03-16T23:00:00+00:00,0.064990
2024-03-17T00:00:00+00:00,0.060900
2024-03-17T01:00:00+00:00,0.055830
2024-03-17T02:00:00+00:00,0.057470
2024-03-17T03:00:00+00:00,0.058160
2024-03-17T04:00:00+00:00,0.059900
2024-03-17T05:00:00+00:00,0.060100
2024-03-17T06:00:00+00:00,0.056600
2024-03-17T07:00:00+00:00,0.050000
2024-03-17T08:00:00+00:00,0.047720
2024-03-17T09:00:00+00:00,0.046610
2024-03-17T10:00:00+00:00,0.046830
2024-03-17T11:00:00+00:00,0.042150
2024-03-17T12:00:00+00:00,0.041000
2024-03-17T13:00:00+00:00,0.049890
2024-03-17T14:00:00+00:00,0.058200
2024-03-17T15:00:00+00:00,0.065980
2024-03-17T16:00:00+00:00,0.082800
2024-03-17T17:00:00+00:00,0.087200
2024-03-17T18:00:00+00:00,0.086940
2024-03-17T19:00:00+00:00,0.077890
2024-03-17T20:00:00+00:00,0.072330
2024-03-17T21:00:00+00:00,0.072100
2024-03-17T22:00:00+00:00,0.065910
2024-03-17T23:00:00+00:00,0.064120
2024-03-18T00:00:00+00:00,0.057140
2024-03-18T01:00:00+00:00,0.058310
2024-03-18T02:00:00+00:00,0.057460
2024-03-18T03:00:00+00:00,0.060770
2024-03-18T04:00:00+00:00,0.063680
2024-03-18T05:00:00+00:00,0.079280
2024-03-18T06:00:00+00:00,0.097650
2024-03-18T07:00:00+00:00,0.094450
2024-03-18T08:00:00+00:00,0.082800
2024-03-18T09:00:00+00:00,0.072830
2024-03-18T10:00:00+00:00,0.066640
2024-03-18T11:00:00+00:00,0.066500
2024-03-18T12:00:00+00:00,0.063670
2024-03-18T13:00:00+00:00,0.060200
2024-03-18T14:00:00+00:00,0.065000
2024-03-18T15:00:00+00:00,0.070400
2024-03-18T16:00:00+00:00,0.092330
2024-03-18T17:00:00+00:00,0.129200
2024-03-18T18:00:00+00:00,0.126230
2024-03-18T19:00:00+00:00,0.103040
2024-03-18T20:00:00+00:00,0.079740
2024-03-18T21:00:00+00:00,0.077600
2024-03-18T22:00:00+00:00,0.073520
2024-03-18T23:00:00+00:00,0.071480
2024-03-19T00:00:00+00:00,0.069900
2024-03-19T01:00:00+00:00,0.068750
2024-03-19T02:00:00+00:00,0.067460
2024-03-19T03:00:00+00:00,0.066700
2024-03-19T04:00:00+00:00,0.067550
2024-03-19T05:00:00+00:00,0.084800
2024-03-19T06:00:00+00:00,0.108530
2024-03-19T07:00:00+00:00,0.095870
2024-03-19T08:00:00+00:00,0.072060
2024-03-19T09:00:00+00:00,0.064100
2024-03-19T10:00:00+00:00,0.056850
2024-03-19T11:00:00+00:00,0.052730
2024-03-19T12:00:00+00:00,0.051660
2024-03-19T13:00:00+00:00,0.053540
2024-03-19T14:00:00+00:00,0.062300
2024-03-19T15:00:00+00:00,0.064850
2024-03-19T16:00:00+00:00,0.090700
2024-03-19T17:00:00+00:00,0.108750
2024-03-19T18:00:00+00:00,0.128960
2024-03-19T19:00:00+00:00,0.110000
2024-03-19T20:00:00+00:00,0.089040
2024-03-19T21:00:00+00:00,0.081730
2024-03-19T22:00:00+00:00,0.076100
2024-03-19T23:00:00+00:00,0.076010
2024-03-20T00:00:00+00:00,0.072450
2024-03-20T01:00:00+00:00,0.071950
2024-03-20T02:00:00+00:00,0.070300
2024-03-20T03:00:00+00:00,0.071520
2024-03-20T04:00:00+00:00,0.077100
2024-03-20T05:00:00+00:00,0.107100
2024-03-20T06:00:00+00:00,0.112690
2024-03-20T07:00:00+00:00,0.099330
2024-03-20T08:00:00+00:00,0.071410
2024-03-20T09:00:00+00:00,0.066000
2024-03-20T10:00:00+00:00,0.064110
2024-03-20T11:00:00+00:00,0.064110
2024-03-20T12:00:00+00:00,0.067770
2024-03-20T13:00:00+00:00,0.065000
2024-03-20T14:00:00+00:00,0.071900
2024-03-20T15:00:00+00:00,0.085000
2024-03-20T16:00:00+00:00,0.116000
2024-03-20T17:00:00+00:00,0.163720
2024-03-20T18:00:00+00:00,0.154930
2024-03-20T19:00:00+00:00,0.122630
2024-03-20T20:00:00+00:00,0.104880
2024-03-20T21:00:00+00:00,0.093000
2024-03-20T22:00:00+00:00,0.079980
2024-03-20T23:00:00+00:00,0.074550
2024-03-21T00:00:00+00:00,0.073700
2024-03-21T01:00:00+00:00,0.070000
2024-03-21T02:00:00+00:00,0.066570
2024-03-21T03:00:00+00:00,0.062530
2024-03-21T04:00:00+00:00,0.064680
2024-03-21T05:00:00+00:00,0.081000
2024-03-21T06:00:00+00:00,0.095900
2024-03-21T07:00:00+00:00,0.104600
2024-03-21T08:00:00+00:00,0.081190
2024-03-21T09:00:00+00:00,0.074700
2024-03-21T10:00:00+00:00,0.068030
2024-03-21T11:00:00+00:00,0.065850
2024-03-21T12:00:00+00:00,0.058740
2024-03-21T13:00:00+00:00,0.064400
2024-03-21T14:00:00+00:00,0.059080
2024-03-21T15:00:00+00:00,0.068910
2024-03-21T16:00:00+00:00,0.091970
2024-03-21T17:00:00+00:00,0.121010
2024-03-21T18:00:00+00:00,0.120690
2024-03-21T19:00:00+00:00,0.093080
2024-03-21T20:00:00+00:00,0.076270
2024-03-21T21:00:00+00:00,0.072450
2024-03-21T22:00:00+00:00,0.064910
2024-03-21T23:00:00+00:00,0.052390
2024-03-22T00:00:00+00:00,0.048960
2024-03-22T01:00:00+00:00,0.046300
2024-03-22T02:00:00+00:00,0.046060
2024-03-22T03:00:00+00:00,0.045400
2024-03-22T04:00:00+00:00,0.051250
2024-03-22T05:00:00+00:00,0.063600
2024-03-22T06:00:00+00:00,0.064270
2024-03-22T07:00:00+00:00,0.066650
2024-03-22T08:00:00+00:00,0.057480
2024-03-22T09:00:00+00:00,0.063900
2024-03-22T10:00:00+00:00,0.055000
2024-03-22T11:00:00+00:00,0.052000
2024-03-22T12:00:00+00:00,0.058680
2024-03-22T13:00:00+00:00,0.059170
2024-03-22T14:00:00+00:00,0.066000
2024-03-22T15:00:00+00:00,0.075040
2024-03-22T16:00:00+00:00,0.087380
2024-03-22T17:00:00+00:00,0.111900
2024-03-22T18:00:00+00:00,0.112180
2024-03-22T19:00:00+00:00,0.094810
2024-03-22T20:00:00+00:00,0.074640
2024-03-22T21:00:00+00:00,0.073200
2024-03-22T22:00:00+00:00,0.069840
2024-03-22T23:00:00+00:00,0.070880
2024-03-23T00:00:00+00:00,0.066140
2024-03-23T01:00:00+00:00,0.056460
2024-03-23T02:00:00+00:00,0.049990
2024-03-23T03:00:00+00:00,0.052110
2024-03-23T04:00:00+00:00,0.051940
2024-03-23T05:00:00+00:00,0.047870
2024-03-23T06:00:00+00:00,0.043480
2024-03-23T07:00:00+00:00,0.034590
2024-03-23T08:00:00+00:00,0.011190
2024-03-23T09:00:00+00:00,0.000000
2024-03-23T10:00:00+00:00,-0.000100
2024-03-23T11:00:00+00:00,-0.005010
2024-03-23T12:00:00+00:00,-0.010000
2024-03-23T13:00:00+00:00,-0.009440
2024-03-23T14:00:00+00:00,-0.002980
2024-03-23T15:00:00+00:00,-0.002360
2024-03-23T16:00:00+00:00,0.037680
2024-03-23T17:00:00+00:00,0.062020
2024-03-23T18:00:00+00:00,0.067200
2024-03-23T19:00:00+00:00,0.052940
2024-03-23T20:00:00+00:00,0.045840
2024-03-23T21:00:00+00:00,0.038520
2024-03-23T22:00:00+00:00,0.027500
2024-03-23T23:00:00+00:00,0.027170
2024-03-24T00:00:00+00:00,0.011670
2024-03-24T01:00:00+00:00,0.008300
2024-03-24T02:00:00+00:00,0.013470
2024-03-24T03:00:00+00:00,0.014910
2024-03-24T04:00:00+00:00,0.017180
2024-03-24T05:00:00+00:00,0.011410
2024-03-24T06:00:00+00:00,0.001190
2024-03-24T07:00:00+00:00,0.000000
2024-03-24T08:00:00+00:00,0.000000
2024-03-24T09:00:00+00:00,0.000000
2024-03-24T10:00:00+00:00,0.000000
2024-03-24T11:00:00+00:00,0.000000
2024-03-24T12:00:00+00:00,0.000000
2024-03-24T13:00:00+00:00,0.000000
2024-03-24T14:00:00+00:00,0.000000
2024-03-24T15:00:00+00:00,0.011600
2024-03-24T16:00:00+00:00,0.050000
2024-03-24T17:00:00+00:00,0.071570
2024-03-24T18:00:00+00:00,0.076340
2024-03-24T19:00:00+00:00,0.067110
2024-03-24T20:00:00+00:00,0.064970
2024-03-24T21:00:00+00:00,0.064470
2024-03-24T22:00:00+00:00,0.064000
2024-03-24T23:00:00+00:00,0.062900
2024-03-25T00:00:00+00:00,0.065100
2024-03-25T01:00:00+00:00,0.070000
2024-03-25T02:00:00+00:00,0.073100
2024-03-25T03:00:00+00:00,0.067030
2024-03-25T04:00:00+00:00,0.077140
2024-03-25T05:00:00+00:00,0.087770
2024-03-25T06:00:00+00:00,0.113870
2024-03-25T07:00:00+00:00,0.099680
2024-03-25T08:00:00+00:00,0.074150
2024-03-25T09:00:00+00:00,0.066960
2024-03-25T10:00:00+00:00,0.060950
2024-03-25T11:00:00+00:00,0.059110
2024-03-25T12:00:00+00:00,0.059300
2024-03-25T13:00:00+00:00,0.061040
2024-03-25T14:00:00+00:00,0.068840
2024-03-25T15:00:00+00:00,0.074500
2024-03-25T16:00:00+00:00,0.098700
2024-03-25T17:00:00+00:00,0.155000
2024-03-25T18:00:00+00:00,0.138000
2024-03-25T19:00:00+00:00,0.086900
2024-03-25T20:00:00+00:00,0.070380
2024-03-25T21:00:00+00:00,0.070400
2024-03-25T22:00:00+00:00,0.068770
2024-03-25T23:00:00+00:00,0.073000
2024-03-26T00:00:00+00:00,0.065800
2024-03-26T01:00:00+00:00,0.064300
2024-03-26T02:00:00+00:00,0.066000
2024-03-26T03:00:00+00:00,0.064040
2024-03-26T04:00:00+00:00,0.067270
2024-03-26T05:00:00+00:00,0.075330
2024-03-26T06:00:00+00:00,0.079200
2024-03-26T07:00:00+00:00,0.072100
2024-03-26T08:00:00+00:00,0.062000
2024-03-26T09:00:00+00:00,0.049500
2024-03-26T10:00:00+00:00,0.037030
2024-03-26T11:00:00+00:00,0.013480
2024-03-26T12:00:00+00:00,0.027620
2024-03-26T13:00:00+00:00,0.037100
2024-03-26T14:00:00+00:00,0.051930
2024-03-26T15:00:00+00:00,0.074050
2024-03-26T16:00:00+00:00,0.106700
2024-03-26T17:00:00+00:00,0.116000
2024-03-26T18:00:00+00:00,0.100300
2024-03-26T19:00:00+00:00,0.080000
2024-03-26T20:00:00+00:00,0.082200
2024-03-26T21:00:00+00:00,0.074400
2024-03-26T22:00:00+00:00,0.066920
2024-03-26T23:00:00+00:00,0.058350
2024-03-27T00:00:00+00:00,0.057090
2024-03-27T01:00:00+00:00,0.057280
2024-03-27T02:00:00+00:00,0.055590
2024-03-27T03:00:00+00:00,0.056870
2024-03-27T04:00:00+00:00,0.064520
2024-03-27T05:00:00+00:00,0.078780
2024-03-27T06:00:00+00:00,0.082770
2024-03-27T07:00:00+00:00,0.079830
2024-03-27T08:00:00+00:00,0.068330
2024-03-27T09:00:00+00:00,0.063940
2024-03-27T10:00:00+00:00,0.058140
2024-03-27T11:00:00+00:00,0.057660
2024-03-27T12:00:00+00:00,0.059540
2024-03-27T13:00:00+00:00,0.061450
2024-03-27T14:00:00+00:00,0.073900
2024-03-27T15:00:00+00:00,0.076000
2024-03-27T16:00:00+00:00,0.094440
2024-03-27T17:00:00+00:00,0.120420
2024-03-27T18:00:00+00:00,0.116880
2024-03-27T19:00:00+00:00,0.097230
2024-03-27T20:00:00+00:00,0.079350
2024-03-27T21:00:00+00:00,0.079470
2024-03-27T22:00:00+00:00,0.074000
2024-03-27T23:00:00+00:00,0.074510
2024-03-28T00:00:00+00:00,0.062190
2024-03-28T01:00:00+00:00,0.057270
2024-03-28T02:00:00+00:00,0.055790
2024-03-28T03:00:00+00:00,0.055500
2024-03-28T04:00:00+00:00,0.057520
2024-03-28T05:00:00+00:00,0.068990
2024-03-28T06:00:00+00:00,0.076050
2024-03-28T07:00:00+00:00,0.073030
2024-03-28T08:00:00+00:00,0.058090
2024-03-28T09:00:00+00:00,0.040100
2024-03-28T10:00:00+00:00,0.031360
2024-03-28T11:00:00+00:00,0.006730
2024-03-28T12:00:00+00:00,0.000050
2024-03-28T13:00:00+00:00,0.000000
2024-03-28T14:00:00+00:00,0.008660
2024-03-28T15:00:00+00:00,0.027180
2024-03-28T16:00:00+00:00,0.043090
2024-03-28T17:00:00+00:00,0.063680
2024-03-28T18:00:00+00:00,0.068090
2024-03-28T19:00:00+00:00,0.056810
2024-03-28T20:00:00+00:00,0.044890
2024-03-28T21:00:00+00:00,0.032760
2024-03-28T22:00:00+00:00,0.025000
2024-03-28T23:00:00+00:00,0.020600
2024-03-29T00:00:00+00:00,0.018830
2024-03-29T01:00:00+00:00,0.012430
2024-03-29T02:00:00+00:00,0.010240
2024-03-29T03:00:00+00:00,0.012590
2024-03-29T04:00:00+00:00,0.014320
2024-03-29T05:00:00+00:00,0.022020
2024-03-29T06:00:00+00:00,0.054900
2024-03-29T07:00:00+00:00,0.079300
2024-03-29T08:00:00+00:00,0.063600
2024-03-29T09:00:00+00:00,0.029900
2024-03-29T10:00:00+00:00,0.018810
2024-03-29T11:00:00+00:00,0.012990
2024-03-29T12:00:00+00:00,0.009860
2024-03-29T13:00:00+00:00,0.013440
2024-03-29T14:00:00+00:00,0.021140
2024-03-29T15:00:00+00:00,0.043870
2024-03-29T16:00:00+00:00,0.075440
2024-03-29T17:00:00+00:00,0.101620
2024-03-29T18:00:00+00:00,0.108000
2024-03-29T19:00:00+00:00,0.087400
2024-03-29T20:00:00+00:00,0.079900
2024-03-29T21:00:00+00:00,0.075890
2024-03-29T22:00:00+00:00,0.070000
2024-03-29T23:00:00+00:00,0.069300
2024-03-30T00:00:00+00:00,0.058160
2024-03-30T01:00:00+00:00,0.068110
2024-03-30T02:00:00+00:00,0.065800
2024-03-30T03:00:00+00:00,0.084000
2024-03-30T04:00:00+00:00,0.065050
2024-03-30T05:00:00+00:00,0.069890
2024-03-30T06:00:00+00:00,0.072620
2024-03-30T07:00:00+00:00,0.050000
2024-03-30T08:00:00+00:00,0.054390
2024-03-30T09:00:00+00:00,0.036150
2024-03-30T10:00:00+00:00,0.025000
2024-03-30T11:00:00+00:00,0.025740
2024-03-30T12:00:00+00:00,0.013150
2024-03-30T13:00:00+00:00,0.015870
2024-03-30T14:00:00+00:00,0.037050
2024-03-30T15:00:00+00:00,0.052520
2024-03-30T16:00:00+00:00,0.079200
2024-03-30T17:00:00+00:00,0.101300
2024-03-30T18:00:00+00:00,0.130000
2024-03-30T19:00:00+00:00,0.111600
2024-03-30T20:00:00+00:00,0.080800
2024-03-30T21:00:00+00:00,0.070830
2024-03-30T22:00:00+00:00,0.065740
2024-03-30T23:00:00+00:00,0.081810
2024-03-31T00:00:00+00:00,0.074570
2024-03-31T01:00:00+00:00,0.064980
2024-03-31T02:00:00+00:00,0.065680
2024-03-31T03:00:00+00:00,0.061740
2024-03-31T04:00:00+00:00,0.068750
2024-03-31T05:00:00+00:00,0.074020
2024-03-31T06:00:00+00:00,0.070740
2024-03-31T07:00:00+00:00,0.050390
2024-03-31T08:00:00+00:00,0.040000
2024-03-31T09:00:00+00:00,0.027840
2024-03-31T10:00:00+00:00,0.018680
2024-03-31T11:00:00+00:00,0.002810
2024-03-31T12:00:00+00:00,0.000970
2024-03-31T13:00:00+00:00,0.014830
2024-03-31T14:00:00+00:00,0.041070
2024-03-31T15:00:00+00:00,0.066740
2024-03-31T16:00:00+00:00,0.086800
2024-03-31T17:00:00+00:00,0.118040
2024-03-31T18:00:00+00:00,0.083720
2024-03-31T19:00:00+00:00,0.065200
2024-03-31T20:00:00+00:00,0.060550
2024-03-31T21:00:00+00:00,0.054900
2024-03-31T22:00:00+00:00,0.051030
2024-03-31T23:00:00+00:00,0.048980
2024-04-01T00:00:00+00:00,0.045100
2024-04-01T01:00:00+00:00,0.043540
2024-04-01T02:00:00+00:00,0.046560
2024-04-01T03:00:00+00:00,0.052350
2024-04-01T04:00:00+00:00,0.055260
2024-04-01T05:00:00+00:00,0.059510
2024-04-01T06:00:00+00:00,0.058710
2024-04-01T07:00:00+00:00,0.060890
2024-04-01T08:00:00+00:00,0.052960
2024-04-01T09:00:00+00:00,0.048230
2024-04-01T10:00:00+00:00,0.048750
2024-04-01T11:00:00+00:00,0.000030
2024-04-01T12:00:00+00:00,-0.000010
2024-04-01T13:00:00+00:00,-0.000010
2024-04-01T14:00:00+00:00,-0.000010
2024-04-01T15:00:00+00:00,0.005790
2024-04-01T16:00:00+00:00,0.053000
2024-04-01T17:00:00+00:00,0.090000
2024-04-01T18:00:00+00:00,0.079890
2024-04-01T19:00:00+00:00,0.055960
2024-04-01T20:00:00+00:00,0.041000
2024-04-01T21:00:00+00:00,0.029630
2024-04-01T22:00:00+00:00,0.046130
2024-04-01T23:00:00+00:00,0.036330
2024-04-02T00:00:00+00:00,0.016460
2024-04-02T01:00:00+00:00,0.007540
2024-04-02T02:00:00+00:00,0.001940
2024-04-02T03:00:00+00:00,0.007270
2024-04-02T04:00:00+00:00,0.051320
2024-04-02T05:00:00+00:00,0.070980
2024-04-02T06:00:00+00:00,0.068930
2024-04-02T07:00:00+00:00,0.055170
2024-04-02T08:00:00+00:00,0.030100
2024-04-02T09:00:00+00:00,0.024910
2024-04-02T10:00:00+00:00,0.005000
2024-04-02T11:00:00+00:00,0.002500
2024-04-02T12:00:00+00:00,0.000170
2024-04-02T13:00:00+00:00,0.000000
2024-04-02T14:00:00+00:00,0.004310
2024-04-02T15:00:00+00:00,0.041460
2024-04-02T16:00:00+00:00,0.072700
2024-04-02T17:00:00+00:00,0.104000
2024-04-02T18:00:00+00:00,0.110000
2024-04-02T19:00:00+00:00,0.099000
2024-04-02T20:00:00+00:00,0.076260
2024-04-02T21:00:00+00:00,0.072430
2024-04-02T22:00:00+00:00,0.072740
2024-04-02T23:00:00+00:00,0.066310
2024-04-03T00:00:00+00:00,0.062640
2024-04-03T01:00:00+00:00,0.064660
2024-04-03T02:00:00+00:00,0.064890
2024-04-03T03:00:00+00:00,0.068730
2024-04-03T04:00:00+00:00,0.082940
2024-04-03T05:00:00+00:00,0.106520
2024-04-03T06:00:00+00:00,0.117930
2024-04-03T07:00:00+00:00,0.102440
2024-04-03T08:00:00+00:00,0.107350
2024-04-03T09:00:00+00:00,0.090920
2024-04-03T10:00:00+00:00,0.078720
2024-04-03T11:00:00+00:00,0.065800
2024-04-03T12:00:00+00:00,0.058900
2024-04-03T13:00:00+00:00,0.058090
2024-04-03T14:00:00+00:00,0.060970
2024-04-03T15:00:00+00:00,0.070310
2024-04-03T16:00:00+00:00,0.085000
2024-04-03T17:00:00+00:00,0.091690
2024-04-03T18:00:00+00:00,0.092650
2024-04-03T19:00:00+00:00,0.070710
2024-04-03T20:00:00+00:00,0.065490
2024-04-03T21:00:00+00:00,0.055330
2024-04-03T22:00:00+00:00,0.042630
2024-04-03T23:00:00+00:00,0.040280
2024-04-04T00:00:00+00:00,0.039080
2024-04-04T01:00:00+00:00,0.039670
2024-04-04T02:00:00+00:00,0.040030
2024-04-04T03:00:00+00:00,0.043070
2024-04-04T04:00:00+00:00,0.053490
2024-04-04T05:00:00+00:00,0.065470
2024-04-04T06:00:00+00:00,0.075330
2024-04-04T07:00:00+00:00,0.071790
2024-04-04T08:00:00+00:00,0.069170
2024-04-04T09:00:00+00:00,0.063060
2024-04-04T10:00:00+00:00,0.051770
2024-04-04T11:00:00+00:00,0.045880
2024-04-04T12:00:00+00:00,0.045150
2024-04-04T13:00:00+00:00,0.044170
2024-04-04T14:00:00+00:00,0.044900
2024-04-04T15:00:00+00:00,0.056750
2024-04-04T16:00:00+00:00,0.065100
2024-04-04T17:00:00+00:00,0.103700
2024-04-04T18:00:00+00:00,0.099500
2024-04-04T19:00:00+00:00,0.075700
2024-04-04T20:00:00+00:00,0.067000
2024-04-04T21:00:00+00:00,0.057850
2024-04-04T22:00:00+00:00,0.058120
2024-04-04T23:00:00+00:00,0.054460
2024-04-05T00:00:00+00:00,0.050040
2024-04-05T01:00:00+00:00,0.047980
2024-04-05T02:00:00+00:00,0.047370
2024-04-05T03:00:00+00:00,0.052000
2024-04-05T04:00:00+00:00,0.062530
2024-04-05T05:00:00+00:00,0.076790
2024-04-05T06:00:00+00:00,0.080000
2024-04-05T07:00:00+00:00,0.067590
2024-04-05T08:00:00+00:00,0.050000
2024-04-05T09:00:00+00:00,0.023700
2024-04-05T10:00:00+00:00,0.008480
2024-04-05T11:00:00+00:00,0.000000
2024-04-05T12:00:00+00:00,-0.000200
2024-04-05T13:00:00+00:00,-0.010070
2024-04-05T14:00:00+00:00,-0.015000
2024-04-05T15:00:00+00:00,0.006000
2024-04-05T16:00:00+00:00,0.044660
2024-04-05T17:00:00+00:00,0.058400
2024-04-05T18:00:00+00:00,0.064890
2024-04-05T19:00:00+00:00,0.062940
2024-04-05T20:00:00+00:00,0.058990
2024-04-05T21:00:00+00:00,0.050200
2024-04-05T22:00:00+00:00,0.042310
2024-04-05T23:00:00+00:00,0.043780
2024-04-06T00:00:00+00:00,0.044000
2024-04-06T01:00:00+00:00,0.044870
2024-04-06T02:00:00+00:00,0.048090
2024-04-06T03:00:00+00:00,0.048250
2024-04-06T04:00:00+00:00,0.050010
2024-04-06T05:00:00+00:00,0.051190
2024-04-06T06:00:00+00:00,0.048000
2024-04-06T07:00:00+00:00,0.027160
2024-04-06T08:00:00+00:00,-0.014860
2024-04-06T09:00:00+00:00,-0.022100
2024-04-06T10:00:00+00:00,-0.050000
2024-04-06T11:00:00+00:00,-0.120920
2024-04-06T12:00:00+00:00,-0.125300
2024-04-06T13:00:00+00:00,-0.050000
2024-04-06T14:00:00+00:00,-0.020000
2024-04-06T15:00:00+00:00,0.000000
2024-04-06T16:00:00+00:00,0.055920
2024-04-06T17:00:00+00:00,0.069200
2024-04-06T18:00:00+00:00,0.065000
2024-04-06T19:00:00+00:00,0.064900
2024-04-06T20:00:00+00:00,0.046600
2024-04-06T21:00:00+00:00,0.030000
2024-04-06T22:00:00+00:00,0.010240
2024-04-06T23:00:00+00:00,0.000090
2024-04-07T00:00:00+00:00,0.000000
2024-04-07T01:00:00+00:00,0.000000
2024-04-07T02:00:00+00:00,0.000000
2024-04-07T03:00:00+00:00,0.000000
2024-04-07T04:00:00+00:00,0.000000
2024-04-07T05:00:00+00:00,0.000000
2024-04-07T06:00:00+00:00,0.000000
2024-04-07T07:00:00+00:00,-0.000010
2024-04-07T08:00:00+00:00,-0.010010
2024-04-07T09:00:00+00:00,-0.021000
2024-04-07T10:00:00+00:00,-0.034910
2024-04-07T11:00:00+00:00,-0.050000
2024-04-07T12:00:00+00:00,-0.049000
2024-04-07T13:00:00+00:00,-0.020000
2024-04-07T14:00:00+00:00,-0.000160
2024-04-07T15:00:00+00:00,0.004280
2024-04-07T16:00:00+00:00,0.051320
2024-04-07T17:00:00+00:00,0.084000
2024-04-07T18:00:00+00:00,0.090930
2024-04-07T19:00:00+00:00,0.080100
2024-04-07T20:00:00+00:00,0.075310
2024-04-07T21:00:00+00:00,0.069680
2024-04-07T22:00:00+00:00,0.070100
2024-04-07T23:00:00+00:00,0.064530
2024-04-08T00:00:00+00:00,0.063910
2024-04-08T01:00:00+00:00,0.066060
2024-04-08T02:00:00+00:00,0.066490
2024-04-08T03:00:00+00:00,0.069480
2024-04-08T04:00:00+00:00,0.093190
2024-04-08T05:00:00+00:00,0.149780
2024-04-08T06:00:00+00:00,0.128520
2024-04-08T07:00:00+00:00,0.085510
2024-04-08T08:00:00+00:00,0.069890
2024-04-08T09:00:00+00:00,0.067100
2024-04-08T10:00:00+00:00,0.064700
2024-04-08T11:00:00+00:00,0.060000
2024-04-08T12:00:00+00:00,0.057890
2024-04-08T13:00:00+00:00,0.063400
2024-04-08T14:00:00+00:00,0.070000
2024-04-08T15:00:00+00:00,0.075010
2024-04-08T16:00:00+00:00,0.104900
2024-04-08T17:00:00+00:00,0.137300
2024-04-08T18:00:00+00:00,0.124800
2024-04-08T19:00:00+00:00,0.084850
2024-04-08T20:00:00+00:00,0.077000
2024-04-08T21:00:00+00:00,0.075560
2024-04-08T22:00:00+00:00,0.083310
2024-04-08T23:00:00+00:00,0.069390
2024-04-09T00:00:00+00:00,0.064730
2024-04-09T01:00:00+00:00,0.059020
2024-04-09T02:00:00+00:00,0.060840
2024-04-09T03:00:00+00:00,0.065480
2024-04-09T04:00:00+00:00,0.077200
2024-04-09T05:00:00+00:00,0.089950
2024-04-09T06:00:00+00:00,0.079780
2024-04-09T07:00:00+00:00,0.068300
2024-04-09T08:00:00+00:00,0.050500
2024-04-09T09:00:00+00:00,0.042870
2024-04-09T10:00:00+00:00,0.032780
2024-04-09T11:00:00+00:00,0.007100
2024-04-09T12:00:00+00:00,0.007560
2024-04-09T13:00:00+00:00,0.000000
2024-04-09T14:00:00+00:00,0.013200
2024-04-09T15:00:00+00:00,0.040720
2024-04-09T16:00:00+00:00,0.061600
2024-04-09T17:00:00+00:00,0.073510
2024-04-09T18:00:00+00:00,0.079920
2024-04-09T19:00:00+00:00,0.066640
2024-04-09T20:00:00+00:00,0.059520
2024-04-09T21:00:00+00:00,0.034540
2024-04-09T22:00:00+00:00,0.012900
2024-04-09T23:00:00+00:00,0.005100
2024-04-10T00:00:00+00:00,0.005000
2024-04-10T01:00:00+00:00,0.008990
2024-04-10T02:00:00+00:00,0.024700
2024-04-10T03:00:00+00:00,0.048800
2024-04-10T04:00:00+00:00,0.074750
2024-04-10T05:00:00+00:00,0.099630
2024-04-10T06:00:00+00:00,0.106700
2024-04-10T07:00:00+00:00,0.080460
2024-04-10T08:00:00+00:00,0.067640
2024-04-10T09:00:00+00:00,0.052990
2024-04-10T10:00:00+00:00,0.019210
2024-04-10T11:00:00+00:00,0.008930
2024-04-10T12:00:00+00:00,0.000000
2024-04-10T13:00:00+00:00,-0.000100
2024-04-10T14:00:00+00:00,0.022000
2024-04-10T15:00:00+00:00,0.064900
2024-04-10T16:00:00+00:00,0.082650
2024-04-10T17:00:00+00:00,0.145460
2024-04-10T18:00:00+00:00,0.141100
2024-04-10T19:00:00+00:00,0.088280
2024-04-10T20:00:00+00:00,0.072350
2024-04-10T21:00:00+00:00,0.065100
2024-04-10T22:00:00+00:00,0.048590
2024-04-10T23:00:00+00:00,0.026670
2024-04-11T00:00:00+00:00,0.023680
2024-04-11T01:00:00+00:00,0.009990
2024-04-11T02:00:00+00:00,0.007980
2024-04-11T03:00:00+00:00,0.028380
2024-04-11T04:00:00+00:00,0.066110
2024-04-11T05:00:00+00:00,0.068230
2024-04-11T06:00:00+00:00,0.052200
2024-04-11T07:00:00+00:00,0.071000
2024-04-11T08:00:00+00:00,0.071500
2024-04-11T09:00:00+00:00,0.070000
2024-04-11T10:00:00+00:00,0.074900
2024-04-11T11:00:00+00:00,0.074000
2024-04-11T12:00:00+00:00,0.085050
2024-04-11T13:00:00+00:00,0.077600
2024-04-11T14:00:00+00:00,0.069000
2024-04-11T15:00:00+00:00,0.086050
2024-04-11T16:00:00+00:00,0.100700
2024-04-11T17:00:00+00:00,0.134360
2024-04-11T18:00:00+00:00,0.119800
2024-04-11T19:00:00+00:00,0.091050
2024-04-11T20:00:00+00:00,0.079210
2024-04-11T21:00:00+00:00,0.075750
2024-04-11T22:00:00+00:00,0.074500
2024-04-11T23:00:00+00:00,0.070350
2024-04-12T00:00:00+00:00,0.065500
2024-04-12T01:00:00+00:00,0.059020
2024-04-12T02:00:00+00:00,0.059490
2024-04-12T03:00:00+00:00,0.064010
2024-04-12T04:00:00+00:00,0.075960
2024-04-12T05:00:00+00:00,0.091010
2024-04-12T06:00:00+00:00,0.086000
2024-04-12T07:00:00+00:00,0.076400
2024-04-12T08:00:00+00:00,0.042160
2024-04-12T09:00:00+00:00,0.018840
2024-04-12T10:00:00+00:00,0.000000
2024-04-12T11:00:00+00:00,-0.000100
2024-04-12T12:00:00+00:00,-0.010020
2024-04-12T13:00:00+00:00,-0.005030
2024-04-12T14:00:00+00:00,0.000000
2024-04-12T15:00:00+00:00,0.050350
2024-04-12T16:00:00+00:00,0.073120
2024-04-12T17:00:00+00:00,0.104950
2024-04-12T18:00:00+00:00,0.112900
2024-04-12T19:00:00+00:00,0.080340
2024-04-12T20:00:00+00:00,0.072730
2024-04-12T21:00:00+00:00,0.062600
2024-04-12T22:00:00+00:00,0.054560
2024-04-12T23:00:00+00:00,0.044150
2024-04-13T00:00:00+00:00,0.023270
2024-04-13T01:00:00+00:00,0.018110
2024-04-13T02:00:00+00:00,0.018040
2024-04-13T03:00:00+00:00,0.024080
2024-04-13T04:00:00+00:00,0.028750
2024-04-13T05:00:00+00:00,0.033730
2024-04-13T06:00:00+00:00,0.022600
2024-04-13T07:00:00+00:00,0.008800
2024-04-13T08:00:00+00:00,-0.000020
2024-04-13T09:00:00+00:00,-0.010160
2024-04-13T10:00:00+00:00,-0.031660
2024-04-13T11:00:00+00:00,-0.050000
2024-04-13T12:00:00+00:00,-0.055010
2024-04-13T13:00:00+00:00,-0.049910
2024-04-13T14:00:00+00:00,-0.019140
2024-04-13T15:00:00+00:00,-0.000150
2024-04-13T16:00:00+00:00,0.033370
2024-04-13T17:00:00+00:00,0.050100
2024-04-13T18:00:00+00:00,0.058830
2024-04-13T19:00:00+00:00,0.037540
2024-04-13T20:00:00+00:00,0.020340
2024-04-13T21:00:00+00:00,0.007500
2024-04-13T22:00:00+00:00,0.000440
2024-04-13T23:00:00+00:00,0.001100
2024-04-14T00:00:00+00:00,0.000940
2024-04-14T01:00:00+00:00,0.001260
2024-04-14T02:00:00+00:00,0.002600
2024-04-14T03:00:00+00:00,0.006000
2024-04-14T04:00:00+00:00,0.012860
2024-04-14T05:00:00+00:00,0.013000
2024-04-14T06:00:00+00:00,0.008210
2024-04-14T07:00:00+00:00,0.000000
2024-04-14T08:00:00+00:00,-0.002680
2024-04-14T09:00:00+00:00,-0.012970
2024-04-14T10:00:00+00:00,-0.042230
2024-04-14T11:00:00+00:00,-0.060050
2024-04-14T12:00:00+00:00,-0.060010
2024-04-14T13:00:00+00:00,-0.040050
2024-04-14T14:00:00+00:00,-0.006250
2024-04-14T15:00:00+00:00,0.001570
2024-04-14T16:00:00+00:00,0.079700
2024-04-14T17:00:00+00:00,0.102300
2024-04-14T18:00:00+00:00,0.133650
2024-04-14T19:00:00+00:00,0.124480
2024-04-14T20:00:00+00:00,0.097160
2024-04-14T21:00:00+00:00,0.079690
2024-04-14T22:00:00+00:00,0.081960
2024-04-14T23:00:00+00:00,0.074900
2024-04-15T00:00:00+00:00,0.070550
2024-04-15T01:00:00+00:00,0.070540
2024-04-15T02:00:00+00:00,0.068300
2024-04-15T03:00:00+00:00,0.078880
2024-04-15T04:00:00+00:00,0.098750
2024-04-15T05:00:00+00:00,0.148000
2024-04-15T06:00:00+00:00,0.108270
2024-04-15T07:00:00+00:00,0.062600
2024-04-15T08:00:00+00:00,0.048000
2024-04-15T09:00:00+00:00,0.048770
2024-04-15T10:00:00+00:00,0.042170
2024-04-15T11:00:00+00:00,0.031740
2024-04-15T12:00:00+00:00,0.013150
2024-04-15T13:00:00+00:00,0.009150
2024-04-15T14:00:00+00:00,0.006990
2024-04-15T15:00:00+00:00,0.043460
2024-04-15T16:00:00+00:00,0.066500
2024-04-15T17:00:00+00:00,0.076120
2024-04-15T18:00:00+00:00,0.074890
2024-04-15T19:00:00+00:00,0.065540
2024-04-15T20:00:00+00:00,0.052850
2024-04-15T21:00:00+00:00,0.034010
2024-04-15T22:00:00+00:00,0.001430
2024-04-15T23:00:00+00:00,0.000020
2024-04-16T00:00:00+00:00,-0.000100
2024-04-16T01:00:00+00:00,0.000000
2024-04-16T02:00:00+00:00,0.013780
2024-04-16T03:00:00+00:00,0.029200
2024-04-16T04:00:00+00:00,0.051590
2024-04-16T05:00:00+00:00,0.069690
2024-04-16T06:00:00+00:00,0.074260
2024-04-16T07:00:00+00:00,0.064810
2024-04-16T08:00:00+00:00,0.050770
2024-04-16T09:00:00+00:00,0.041460
2024-04-16T10:00:00+00:00,0.038740
2024-04-16T11:00:00+00:00,0.033570
2024-04-16T12:00:00+00:00,0.033420
2024-04-16T13:00:00+00:00,0.039950
2024-04-16T14:00:00+00:00,0.051670
2024-04-16T15:00:00+00:00,0.074530
2024-04-16T16:00:00+00:00,0.087300
2024-04-16T17:00:00+00:00,0.098000
2024-04-16T18:00:00+00:00,0.115420
2024-04-16T19:00:00+00:00,0.101710
2024-04-16T20:00:00+00:00,0.090100
2024-04-16T21:00:00+00:00,0.084100
2024-04-16T22:00:00+00:00,0.084750
2024-04-16T23:00:00+00:00,0.083840
2024-04-17T00:00:00+00:00,0.081350
2024-04-17T01:00:00+00:00,0.082400
2024-04-17T02:00:00+00:00,0.081310
2024-04-17T03:00:00+00:00,0.082340
2024-04-17T04:00:00+00:00,0.108500
2024-04-17T05:00:00+00:00,0.154670
2024-04-17T06:00:00+00:00,0.152000
2024-04-17T07:00:00+00:00,0.104620
2024-04-17T08:00:00+00:00,0.083900
2024-04-17T09:00:00+00:00,0.079900
2024-04-17T10:00:00+00:00,0.075170
2024-04-17T11:00:00+00:00,0.076060
2024-04-17T12:00:00+00:00,0.069640
2024-04-17T13:00:00+00:00,0.073850
2024-04-17T14:00:00+00:00,0.080000
2024-04-17T15:00:00+00:00,0.080000
2024-04-17T16:00:00+00:00,0.103210
2024-04-17T17:00:00+00:00,0.145000
2024-04-17T18:00:00+00:00,0.169900
2024-04-17T19:00:00+00:00,0.130060
2024-04-17T20:00:00+00:00,0.099040
2024-04-17T21:00:00+00:00,0.087810
2024-04-17T22:00:00+00:00,0.091830
2024-04-17T23:00:00+00:00,0.087420
2024-04-18T00:00:00+00:00,0.088530
2024-04-18T01:00:00+00:00,0.087760
2024-04-18T02:00:00+00:00,0.089610
2024-04-18T03:00:00+00:00,0.091700
2024-04-18T04:00:00+00:00,0.115200
2024-04-18T05:00:00+00:00,0.155450
2024-04-18T06:00:00+00:00,0.131190
2024-04-18T07:00:00+00:00,0.101120
2024-04-18T08:00:00+00:00,0.089890
2024-04-18T09:00:00+00:00,0.075710
2024-04-18T10:00:00+00:00,0.067600
2024-04-18T11:00:00+00:00,0.068100
2024-04-18T12:00:00+00:00,0.063450
2024-04-18T13:00:00+00:00,0.063520
2024-04-18T14:00:00+00:00,0.065240
2024-04-18T15:00:00+00:00,0.080860
2024-04-18T16:00:00+00:00,0.094030
2024-04-18T17:00:00+00:00,0.125240
2024-04-18T18:00:00+00:00,0.128910
2024-04-18T19:00:00+00:00,0.105920
2024-04-18T20:00:00+00:00,0.089890
2024-04-18T21:00:00+00:00,0.079360
2024-04-18T22:00:00+00:00,0.069260
2024-04-18T23:00:00+00:00,0.056010
2024-04-19T00:00:00+00:00,0.047000
2024-04-19T01:00:00+00:00,0.044890
2024-04-19T02:00:00+00:00,0.043930
2024-04-19T03:00:00+00:00,0.046530
2024-04-19T04:00:00+00:00,0.058100
2024-04-19T05:00:00+00:00,0.069740
2024-04-19T06:00:00+00:00,0.076000
2024-04-19T07:00:00+00:00,0.068300
2024-04-19T08:00:00+00:00,0.060200
2024-04-19T09:00:00+00:00,0.046600
2024-04-19T10:00:00+00:00,0.036600
2024-04-19T11:00:00+00:00,0.010000
2024-04-19T12:00:00+00:00,-0.000100
2024-04-19T13:00:00+00:00,-0.000100
2024-04-19T14:00:00+00:00,0.003000
2024-04-19T15:00:00+00:00,0.050290
2024-04-19T16:00:00+00:00,0.059700
2024-04-19T17:00:00+00:00,0.062230
2024-04-19T18:00:00+00:00,0.063740
2024-04-19T19:00:00+00:00,0.063330
2024-04-19T20:00:00+00:00,0.062870
2024-04-19T21:00:00+00:00,0.061570
2024-04-19T22:00:00+00:00,0.059090
2024-04-19T23:00:00+00:00,0.056490
2024-04-20T00:00:00+00:00,0.055770
2024-04-20T01:00:00+00:00,0.056640
2024-04-20T02:00:00+00:00,0.059650
2024-04-20T03:00:00+00:00,0.061510
2024-04-20T04:00:00+00:00,0.061690
2024-04-20T05:00:00+00:00,0.066100
2024-04-20T06:00:00+00:00,0.064700
2024-04-20T07:00:00+00:00,0.059060
2024-04-20T08:00:00+00:00,0.046540
2024-04-20T09:00:00+00:00,0.034380
2024-04-20T10:00:00+00:00,0.011700
2024-04-20T11:00:00+00:00,-0.004000
2024-04-20T12:00:00+00:00,-0.005090
2024-04-20T13:00:00+00:00,-0.004010
2024-04-20T14:00:00+00:00,0.025000
2024-04-20T15:00:00+00:00,0.048330
2024-04-20T16:00:00+00:00,0.063740
2024-04-20T17:00:00+00:00,0.079320
2024-04-20T18:00:00+00:00,0.091170
2024-04-20T19:00:00+00:00,0.086840
2024-04-20T20:00:00+00:00,0.084010
2024-04-20T21:00:00+00:00,0.082500
2024-04-20T22:00:00+00:00,0.081850
2024-04-20T23:00:00+00:00,0.070170
2024-04-21T00:00:00+00:00,0.069530
2024-04-21T01:00:00+00:00,0.064400
2024-04-21T02:00:00+00:00,0.063880
2024-04-21T03:00:00+00:00,0.063620
2024-04-21T04:00:00+00:00,0.064430
2024-04-21T05:00:00+00:00,0.060530
2024-04-21T06:00:00+00:00,0.055930
2024-04-21T07:00:00+00:00,0.051120
2024-04-21T08:00:00+00:00,0.026920
2024-04-21T09:00:00+00:00,-0.022200
2024-04-21T10:00:00+00:00,-0.024040
2024-04-21T11:00:00+00:00,-0.007000
2024-04-21T12:00:00+00:00,-0.003790
2024-04-21T13:00:00+00:00,-0.010030
2024-04-21T14:00:00+00:00,0.004670
2024-04-21T15:00:00+00:00,0.042940
2024-04-21T16:00:00+00:00,0.061980
2024-04-21T17:00:00+00:00,0.087650
2024-04-21T18:00:00+00:00,0.095260
2024-04-21T19:00:00+00:00,0.091070
2024-04-21T20:00:00+00:00,0.089410
2024-04-21T21:00:00+00:00,0.088460
2024-04-21T22:00:00+00:00,0.077180
2024-04-21T23:00:00+00:00,0.078050
2024-04-22T00:00:00+00:00,0.078440
2024-04-22T01:00:00+00:00,0.079920
2024-04-22T02:00:00+00:00,0.079790
2024-04-22T03:00:00+00:00,0.085000
2024-04-22T04:00:00+00:00,0.103940
2024-04-22T05:00:00+00:00,0.129420
2024-04-22T06:00:00+00:00,0.117460
2024-04-22T07:00:00+00:00,0.097050
2024-04-22T08:00:00+00:00,0.079450
2024-04-22T09:00:00+00:00,0.072240
2024-04-22T10:00:00+00:00,0.068310
2024-04-22T11:00:00+00:00,0.071240
2024-04-22T12:00:00+00:00,0.064250
2024-04-22T13:00:00+00:00,0.059450
2024-04-22T14:00:00+00:00,0.071900
2024-04-22T15:00:00+00:00,0.080660
2024-04-22T16:00:00+00:00,0.104090
2024-04-22T17:00:00+00:00,0.136120
2024-04-22T18:00:00+00:00,0.155090
2024-04-22T19:00:00+00:00,0.127160
2024-04-22T20:00:00+00:00,0.105630
2024-04-22T21:00:00+00:00,0.096940
2024-04-22T22:00:00+00:00,0.088320
2024-04-22T23:00:00+00:00,0.086690
2024-04-23T00:00:00+00:00,0.085950
2024-04-23T01:00:00+00:00,0.085420
2024-04-23T02:00:00+00:00,0.086350
2024-04-23T03:00:00+00:00,0.097030
2024-04-23T04:00:00+00:00,0.119440
2024-04-23T05:00:00+00:00,0.176280
2024-04-23T06:00:00+00:00,0.136280
2024-04-23T07:00:00+00:00,0.098380
2024-04-23T08:00:00+00:00,0.082470
2024-04-23T09:00:00+00:00,0.077250
2024-04-23T10:00:00+00:00,0.076800
2024-04-23T11:00:00+00:00,0.078250
2024-04-23T12:00:00+00:00,0.078620
2024-04-23T13:00:00+00:00,0.078330
2024-04-23T14:00:00+00:00,0.080790
2024-04-23T15:00:00+00:00,0.088820
2024-04-23T16:00:00+00:00,0.100760
2024-04-23T17:00:00+00:00,0.118310
2024-04-23T18:00:00+00:00,0.120920
2024-04-23T19:00:00+00:00,0.102000
2024-04-23T20:00:00+00:00,0.084400
2024-04-23T21:00:00+00:00,0.081540
2024-04-23T22:00:00+00:00,0.080550
2024-04-23T23:00:00+00:00,0.076290
2024-04-24T00:00:00+00:00,0.075880
2024-04-24T01:00:00+00:00,0.072640
2024-04-24T02:00:00+00:00,0.072800
2024-04-24T03:00:00+00:00,0.079640
2024-04-24T04:00:00+00:00,0.092760
2024-04-24T05:00:00+00:00,0.096000
2024-04-24T06:00:00+00:00,0.106970
2024-04-24T07:00:00+00:00,0.081700
2024-04-24T08:00:00+00:00,0.074900
2024-04-24T09:00:00+00:00,0.077630
2024-04-24T10:00:00+00:00,0.061900
2024-04-24T11:00:00+00:00,0.046600
2024-04-24T12:00:00+00:00,0.039000
2024-04-24T13:00:00+00:00,0.045380
2024-04-24T14:00:00+00:00,0.058000
2024-04-24T15:00:00+00:00,0.074200
2024-04-24T16:00:00+00:00,0.075000
2024-04-24T17:00:00+00:00,0.095000
2024-04-24T18:00:00+00:00,0.123430
2024-04-24T19:00:00+00:00,0.116010
2024-04-24T20:00:00+00:00,0.104110
2024-04-24T21:00:00+00:00,0.090000
2024-04-24T22:00:00+00:00,0.083500
2024-04-24T23:00:00+00:00,0.080000
2024-04-25T00:00:00+00:00,0.077360
2024-04-25T01:00:00+00:00,0.075520
2024-04-25T02:00:00+00:00,0.074400
2024-04-25T03:00:00+00:00,0.083690
2024-04-25T04:00:00+00:00,0.100570
2024-04-25T05:00:00+00:00,0.126000
2024-04-25T06:00:00+00:00,0.112010
2024-04-25T07:00:00+00:00,0.092100
2024-04-25T08:00:00+00:00,0.080010
2024-04-25T09:00:00+00:00,0.078200
2024-04-25T10:00:00+00:00,0.073920
2024-04-25T11:00:00+00:00,0.067300
2024-04-25T12:00:00+00:00,0.064680
2024-04-25T13:00:00+00:00,0.067640
2024-04-25T14:00:00+00:00,0.071540
2024-04-25T15:00:00+00:00,0.078920
2024-04-25T16:00:00+00:00,0.094690
2024-04-25T17:00:00+00:00,0.121700
2024-04-25T18:00:00+00:00,0.140930
2024-04-25T19:00:00+00:00,0.113430
2024-04-25T20:00:00+00:00,0.091350
2024-04-25T21:00:00+00:00,0.079740
2024-04-25T22:00:00+00:00,0.079870
2024-04-25T23:00:00+00:00,0.074000
2024-04-26T00:00:00+00:00,0.074200
2024-04-26T01:00:00+00:00,0.074070
2024-04-26T02:00:00+00:00,0.077100
2024-04-26T03:00:00+00:00,0.082980
2024-04-26T04:00:00+00:00,0.093510
2024-04-26T05:00:00+00:00,0.104060
2024-04-26T06:00:00+00:00,0.096060
2024-04-26T07:00:00+00:00,0.081080
2024-04-26T08:00:00+00:00,0.080260
2024-04-26T09:00:00+00:00,0.072950
2024-04-26T10:00:00+00:00,0.070350
2024-04-26T11:00:00+00:00,0.068740
2024-04-26T12:00:00+00:00,0.065370
2024-04-26T13:00:00+00:00,0.069920
2024-04-26T14:00:00+00:00,0.071730
2024-04-26T15:00:00+00:00,0.080230
2024-04-26T16:00:00+00:00,0.093370
2024-04-26T17:00:00+00:00,0.128610
2024-04-26T18:00:00+00:00,0.136560
2024-04-26T19:00:00+00:00,0.108610
2024-04-26T20:00:00+00:00,0.091910
2024-04-26T21:00:00+00:00,0.088260
2024-04-26T22:00:00+00:00,0.090290
2024-04-26T23:00:00+00:00,0.088470
2024-04-27T00:00:00+00:00,0.085500
2024-04-27T01:00:00+00:00,0.086860
2024-04-27T02:00:00+00:00,0.084140
2024-04-27T03:00:00+00:00,0.082490
2024-04-27T04:00:00+00:00,0.086080
2024-04-27T05:00:00+00:00,0.079040
2024-04-27T06:00:00+00:00,0.069840
2024-04-27T07:00:00+00:00,0.061260
2024-04-27T08:00:00+00:00,0.036020
2024-04-27T09:00:00+00:00,0.008430
2024-04-27T10:00:00+00:00,0.000030
2024-04-27T11:00:00+00:00,-0.000020
2024-04-27T12:00:00+00:00,0.000000
2024-04-27T13:00:00+00:00,0.000000
2024-04-27T14:00:00+00:00,0.022000
2024-04-27T15:00:00+00:00,0.071670
2024-04-27T16:00:00+00:00,0.090630
2024-04-27T17:00:00+00:00,0.119900
2024-04-27T18:00:00+00:00,0.112270
2024-04-27T19:00:00+00:00,0.085000
2024-04-27T20:00:00+00:00,0.075900
2024-04-27T21:00:00+00:00,0.065230
2024-04-27T22:00:00+00:00,0.056390
2024-04-27T23:00:00+00:00,0.046140
2024-04-28T00:00:00+00:00,0.039600
2024-04-28T01:00:00+00:00,0.031550
2024-04-28T02:00:00+00:00,0.027580
2024-04-28T03:00:00+00:00,0.025960
2024-04-28T04:00:00+00:00,0.009920
2024-04-28T05:00:00+00:00,0.000100
2024-04-28T06:00:00+00:00,-0.000070
2024-04-28T07:00:00+00:00,-0.001020
2024-04-28T08:00:00+00:00,-0.016640
2024-04-28T09:00:00+00:00,-0.036720
2024-04-28T10:00:00+00:00,-0.062200
2024-04-28T11:00:00+00:00,-0.063890
2024-04-28T12:00:00+00:00,-0.065060
2024-04-28T13:00:00+00:00,-0.052430
2024-04-28T14:00:00+00:00,-0.023420
2024-04-28T15:00:00+00:00,-0.000020
2024-04-28T16:00:00+00:00,0.024780
2024-04-28T17:00:00+00:00,0.068520
2024-04-28T18:00:00+00:00,0.077080
2024-04-28T19:00:00+00:00,0.078560
2024-04-28T20:00:00+00:00,0.072210
2024-04-28T21:00:00+00:00,0.066940
2024-04-28T22:00:00+00:00,0.063150
2024-04-28T23:00:00+00:00,0.060050
2024-04-29T00:00:00+00:00,0.058930
2024-04-29T01:00:00+00:00,0.062080
2024-04-29T02:00:00+00:00,0.074780
2024-04-29T03:00:00+00:00,0.082130
2024-04-29T04:00:00+00:00,0.099070
2024-04-29T05:00:00+00:00,0.113700
2024-04-29T06:00:00+00:00,0.100510
2024-04-29T07:00:00+00:00,0.075020
2024-04-29T08:00:00+00:00,0.058170
2024-04-29T09:00:00+00:00,0.036160
2024-04-29T10:00:00+00:00,0.034900
2024-04-29T11:00:00+00:00,0.028000
2024-04-29T12:00:00+00:00,0.032280
2024-04-29T13:00:00+00:00,0.035550
2024-04-29T14:00:00+00:00,0.047680
2024-04-29T15:00:00+00:00,0.069210
2024-04-29T16:00:00+00:00,0.082500
2024-04-29T17:00:00+00:00,0.150000
2024-04-29T18:00:00+00:00,0.185410
2024-04-29T19:00:00+00:00,0.106810
2024-04-29T20:00:00+00:00,0.086860
2024-04-29T21:00:00+00:00,0.079960
2024-04-29T22:00:00+00:00,0.075900
2024-04-29T23:00:00+00:00,0.071600
2024-04-30T00:00:00+00:00,0.070050
2024-04-30T01:00:00+00:00,0.069850
2024-04-30T02:00:00+00:00,0.069430
2024-04-30T03:00:00+00:00,0.078630
2024-04-30T04:00:00+00:00,0.093890
2024-04-30T05:00:00+00:00,0.101660
2024-04-30T06:00:00+00:00,0.093200
2024-04-30T07:00:00+00:00,0.077710
2024-04-30T08:00:00+00:00,0.062060
2024-04-30T09:00:00+00:00,0.044890
2024-04-30T10:00:00+00:00,0.028010
2024-04-30T11:00:00+00:00,0.014080
2024-04-30T12:00:00+00:00,0.012810
2024-04-30T13:00:00+00:00,0.019140
2024-04-30T14:00:00+00:00,0.044140
2024-04-30T15:00:00+00:00,0.065520
2024-04-30T16:00:00+00:00,0.086200
2024-04-30T17:00:00+00:00,0.116720
2024-04-30T18:00:00+00:00,0.128930
2024-04-30T19:00:00+00:00,0.088150
2024-04-30T20:00:00+00:00,0.080000
2024-04-30T21:00:00+00:00,0.081800
2024-04-30T22:00:00+00:00,0.076770
2024-04-30T23:00:00+00:00,0.079890
2024-05-01T00:00:00+00:00,0.081100
2024-05-01T01:00:00+00:00,0.080100
2024-05-01T02:00:00+00:00,0.068000
2024-05-01T03:00:00+00:00,0.075000
2024-05-01T04:00:00+00:00,0.080100
2024-05-01T05:00:00+00:00,0.100000
2024-05-01T06:00:00+00:00,0.080000
2024-05-01T07:00:00+00:00,0.016700
2024-05-01T08:00:00+00:00,-0.001000
2024-05-01T09:00:00+00:00,-0.044750
2024-05-01T10:00:00+00:00,-0.102660
2024-05-01T11:00:00+00:00,-0.200000
2024-05-01T12:00:00+00:00,-0.200000
2024-05-01T13:00:00+00:00,-0.092000
2024-05-01T14:00:00+00:00,-0.028800
2024-05-01T15:00:00+00:00,0.002390
2024-05-01T16:00:00+00:00,0.060000
2024-05-01T17:00:00+00:00,0.106000
2024-05-01T18:00:00+00:00,0.130300
2024-05-01T19:00:00+00:00,0.100000
2024-05-01T20:00:00+00:00,0.081100
2024-05-01T21:00:00+00:00,0.076000
2024-05-01T22:00:00+00:00,0.061000
2024-05-01T23:00:00+00:00,0.051100
2024-05-02T00:00:00+00:00,0.040000
2024-05-02T01:00:00+00:00,0.039400
2024-05-02T02:00:00+00:00,0.034300
2024-05-02T03:00:00+00:00,0.037800
2024-05-02T04:00:00+00:00,0.068980
2024-05-02T05:00:00+00:00,0.080000
2024-05-02T06:00:00+00:00,0.084000
2024-05-02T07:00:00+00:00,0.031450
2024-05-02T08:00:00+00:00,-0.010000
2024-05-02T09:00:00+00:00,-0.020000
2024-05-02T10:00:00+00:00,-0.016790
2024-05-02T11:00:00+00:00,-0.020060
2024-05-02T12:00:00+00:00,-0.000100
2024-05-02T13:00:00+00:00,-0.000010
2024-05-02T14:00:00+00:00,0.005490
2024-05-02T15:00:00+00:00,0.070000
2024-05-02T16:00:00+00:00,0.089770
2024-05-02T17:00:00+00:00,0.104400
2024-05-02T18:00:00+00:00,0.120000
2024-05-02T19:00:00+00:00,0.096000
2024-05-02T20:00:00+00:00,0.089000
2024-05-02T21:00:00+00:00,0.088000
2024-05-02T22:00:00+00:00,0.095000
2024-05-02T23:00:00+00:00,0.083940
2024-05-03T00:00:00+00:00,0.080000
2024-05-03T01:00:00+00:00,0.078000
2024-05-03T02:00:00+00:00,0.068000
2024-05-03T03:00:00+00:00,0.067000
2024-05-03T04:00:00+00:00,0.076320
2024-05-03T05:00:00+00:00,0.082390
2024-05-03T06:00:00+00:00,0.092310
2024-05-03T07:00:00+00:00,0.100000
2024-05-03T08:00:00+00:00,0.073950
2024-05-03T09:00:00+00:00,0.069130
2024-05-03T10:00:00+00:00,0.061000
2024-05-03T11:00:00+00:00,0.056640
2024-05-03T12:00:00+00:00,0.057050
2024-05-03T13:00:00+00:00,0.060720
2024-05-03T14:00:00+00:00,0.064010
2024-05-03T15:00:00+00:00,0.069820
2024-05-03T16:00:00+00:00,0.080450
2024-05-03T17:00:00+00:00,0.097000
2024-05-03T18:00:00+00:00,0.110020
2024-05-03T19:00:00+00:00,0.105270
2024-05-03T20:00:00+00:00,0.090110
2024-05-03T21:00:00+00:00,0.082920
2024-05-03T22:00:00+00:00,0.088170
2024-05-03T23:00:00+00:00,0.083080
2024-05-04T00:00:00+00:00,0.080580
2024-05-04T01:00:00+00:00,0.081040
2024-05-04T02:00:00+00:00,0.083300
2024-05-04T03:00:00+00:00,0.090930
2024-05-04T04:00:00+00:00,0.086000
2024-05-04T05:00:00+00:00,0.084670
2024-05-04T06:00:00+00:00,0.076060
2024-05-04T07:00:00+00:00,0.062330
2024-05-04T08:00:00+00:00,0.041170
2024-05-04T09:00:00+00:00,0.031180
2024-05-04T10:00:00+00:00,0.024900
2024-05-04T11:00:00+00:00,0.014510
2024-05-04T12:00:00+00:00,0.013340
2024-05-04T13:00:00+00:00,0.026150
2024-05-04T14:00:00+00:00,0.061700
2024-05-04T15:00:00+00:00,0.083200
2024-05-04T16:00:00+00:00,0.097340
2024-05-04T17:00:00+00:00,0.118160
2024-05-04T18:00:00+00:00,0.131890
2024-05-04T19:00:00+00:00,0.106290
2024-05-04T20:00:00+00:00,0.093260
2024-05-04T21:00:00+00:00,0.087620
2024-05-04T22:00:00+00:00,0.097860
2024-05-04T23:00:00+00:00,0.093470
2024-05-05T00:00:00+00:00,0.090540
2024-05-05T01:00:00+00:00,0.088670
2024-05-05T02:00:00+00:00,0.085100
2024-05-05T03:00:00+00:00,0.085500
2024-05-05T04:00:00+00:00,0.080290
2024-05-05T05:00:00+00:00,0.074100
2024-05-05T06:00:00+00:00,0.049890
2024-05-05T07:00:00+00:00,0.026210
2024-05-05T08:00:00+00:00,0.008850
2024-05-05T09:00:00+00:00,0.000440
2024-05-05T10:00:00+00:00,0.000000
2024-05-05T11:00:00+00:00,-0.000040
2024-05-05T12:00:00+00:00,-0.000970
2024-05-05T13:00:00+00:00,-0.000100
2024-05-05T14:00:00+00:00,0.000000
2024-05-05T15:00:00+00:00,0.032000
2024-05-05T16:00:00+00:00,0.092560
2024-05-05T17:00:00+00:00,0.102260
2024-05-05T18:00:00+00:00,0.121130
2024-05-05T19:00:00+00:00,0.115500
2024-05-05T20:00:00+00:00,0.106500
2024-05-05T21:00:00+00:00,0.093500
2024-05-05T22:00:00+00:00,0.082860
2024-05-05T23:00:00+00:00,0.082700
2024-05-06T00:00:00+00:00,0.084180
2024-05-06T01:00:00+00:00,0.083470
2024-05-06T02:00:00+00:00,0.082430
2024-05-06T03:00:00+00:00,0.087510
2024-05-06T04:00:00+00:00,0.113120
2024-05-06T05:00:00+00:00,0.132090
2024-05-06T06:00:00+00:00,0.101540
2024-05-06T07:00:00+00:00,0.089190
2024-05-06T08:00:00+00:00,0.081000
2024-05-06T09:00:00+00:00,0.072020
2024-05-06T10:00:00+00:00,0.068510
2024-05-06T11:00:00+00:00,0.072790
2024-05-06T12:00:00+00:00,0.076800
2024-05-06T13:00:00+00:00,0.084780
2024-05-06T14:00:00+00:00,0.080330
2024-05-06T15:00:00+00:00,0.098000
2024-05-06T16:00:00+00:00,0.114200
2024-05-06T17:00:00+00:00,0.137170
2024-05-06T18:00:00+00:00,0.137950
2024-05-06T19:00:00+00:00,0.109340
2024-05-06T20:00:00+00:00,0.094580
2024-05-06T21:00:00+00:00,0.084420
2024-05-06T22:00:00+00:00,0.081730
2024-05-06T23:00:00+00:00,0.079370
2024-05-07T00:00:00+00:00,0.077310
2024-05-07T01:00:00+00:00,0.081460
2024-05-07T02:00:00+00:00,0.081730
2024-05-07T03:00:00+00:00,0.080440
2024-05-07T04:00:00+00:00,0.095990
2024-05-07T05:00:00+00:00,0.118210
2024-05-07T06:00:00+00:00,0.112660
2024-05-07T07:00:00+00:00,0.091750
2024-05-07T08:00:00+00:00,0.084000
2024-05-07T09:00:00+00:00,0.075390
2024-05-07T10:00:00+00:00,0.056910
2024-05-07T11:00:00+00:00,0.051750
2024-05-07T12:00:00+00:00,0.047890
2024-05-07T13:00:00+00:00,0.048810
2024-05-07T14:00:00+00:00,0.075600
2024-05-07T15:00:00+00:00,0.083930
2024-05-07T16:00:00+00:00,0.099850
2024-05-07T17:00:00+00:00,0.120610
2024-05-07T18:00:00+00:00,0.138010
2024-05-07T19:00:00+00:00,0.122040
2024-05-07T20:00:00+00:00,0.101700
2024-05-07T21:00:00+00:00,0.083010
2024-05-07T22:00:00+00:00,0.089850
2024-05-07T23:00:00+00:00,0.087410
2024-05-08T00:00:00+00:00,0.087310
2024-05-08T01:00:00+00:00,0.085640
2024-05-08T02:00:00+00:00,0.080170
2024-05-08T03:00:00+00:00,0.080000
2024-05-08T04:00:00+00:00,0.108680
2024-05-08T05:00:00+00:00,0.121300
2024-05-08T06:00:00+00:00,0.118470
2024-05-08T07:00:00+00:00,0.100500
2024-05-08T08:00:00+00:00,0.093030
2024-05-08T09:00:00+00:00,0.087350
2024-05-08T10:00:00+00:00,0.066060
2024-05-08T11:00:00+00:00,0.061930
2024-05-08T12:00:00+00:00,0.062090
2024-05-08T13:00:00+00:00,0.059890
2024-05-08T14:00:00+00:00,0.068270
2024-05-08T15:00:00+00:00,0.079740
2024-05-08T16:00:00+00:00,0.094780
2024-05-08T17:00:00+00:00,0.120520
2024-05-08T18:00:00+00:00,0.138380
2024-05-08T19:00:00+00:00,0.122660
2024-05-08T20:00:00+00:00,0.098400
2024-05-08T21:00:00+00:00,0.092090
2024-05-08T22:00:00+00:00,0.087600
2024-05-08T23:00:00+00:00,0.088060
2024-05-09T00:00:00+00:00,0.085000
2024-05-09T01:00:00+00:00,0.081610
2024-05-09T02:00:00+00:00,0.075510
2024-05-09T03:00:00+00:00,0.076560
2024-05-09T04:00:00+00:00,0.084000
2024-05-09T05:00:00+00:00,0.084600
2024-05-09T06:00:00+00:00,0.061640
2024-05-09T07:00:00+00:00,0.023470
2024-05-09T08:00:00+00:00,0.005310
2024-05-09T09:00:00+00:00,-0.000300
2024-05-09T10:00:00+00:00,-0.000650
2024-05-09T11:00:00+00:00,-0.001140
2024-05-09T12:00:00+00:00,-0.001800
2024-05-09T13:00:00+00:00,-0.000690
2024-05-09T14:00:00+00:00,0.000910
2024-05-09T15:00:00+00:00,0.058340
2024-05-09T16:00:00+00:00,0.080000
2024-05-09T17:00:00+00:00,0.096920
2024-05-09T18:00:00+00:00,0.120660
2024-05-09T19:00:00+00:00,0.114830
2024-05-09T20:00:00+00:00,0.092410
2024-05-09T21:00:00+00:00,0.090000
2024-05-09T22:00:00+00:00,0.097890
2024-05-09T23:00:00+00:00,0.092090
2024-05-10T00:00:00+00:00,0.085790
2024-05-10T01:00:00+00:00,0.083000
2024-05-10T02:00:00+00:00,0.082160
2024-05-10T03:00:00+00:00,0.089400
2024-05-10T04:00:00+00:00,0.098920
2024-05-10T05:00:00+00:00,0.097480
2024-05-10T06:00:00+00:00,0.095600
2024-05-10T07:00:00+00:00,0.061300
2024-05-10T08:00:00+00:00,0.020120
2024-05-10T09:00:00+00:00,0.002910
2024-05-10T10:00:00+00:00,0.000580
2024-05-10T11:00:00+00:00,0.000100
2024-05-10T12:00:00+00:00,0.000080
2024-05-10T13:00:00+00:00,0.018630
2024-05-10T14:00:00+00:00,0.059710
2024-05-10T15:00:00+00:00,0.078500
2024-05-10T16:00:00+00:00,0.093250
2024-05-10T17:00:00+00:00,0.111130
2024-05-10T18:00:00+00:00,0.159900
2024-05-10T19:00:00+00:00,0.132310
2024-05-10T20:00:00+00:00,0.104870
2024-05-10T21:00:00+00:00,0.090310
2024-05-10T22:00:00+00:00,0.085990
2024-05-10T23:00:00+00:00,0.080840
2024-05-11T00:00:00+00:00,0.079100
2024-05-11T01:00:00+00:00,0.082510
2024-05-11T02:00:00+00:00,0.079040
2024-05-11T03:00:00+00:00,0.079140
2024-05-11T04:00:00+00:00,0.078000
2024-05-11T05:00:00+00:00,0.068070
2024-05-11T06:00:00+00:00,0.047660
2024-05-11T07:00:00+00:00,0.006720
2024-05-11T08:00:00+00:00,0.000000
2024-05-11T09:00:00+00:00,-0.011480
2024-05-11T10:00:00+00:00,-0.026700
2024-05-11T11:00:00+00:00,-0.065000
2024-05-11T12:00:00+00:00,-0.050000
2024-05-11T13:00:00+00:00,-0.025000
2024-05-11T14:00:00+00:00,-0.000420
2024-05-11T15:00:00+00:00,0.029760
2024-05-11T16:00:00+00:00,0.069490
2024-05-11T17:00:00+00:00,0.086020
2024-05-11T18:00:00+00:00,0.108000
2024-05-11T19:00:00+00:00,0.090310
2024-05-11T20:00:00+00:00,0.078280
2024-05-11T21:00:00+00:00,0.064570
2024-05-11T22:00:00+00:00,0.063000
2024-05-11T23:00:00+00:00,0.051360
2024-05-12T00:00:00+00:00,0.042720
2024-05-12T01:00:00+00:00,0.039000
2024-05-12T02:00:00+00:00,0.043100
2024-05-12T03:00:00+00:00,0.038780
2024-05-12T04:00:00+00:00,0.017610
2024-05-12T05:00:00+00:00,0.004790
2024-05-12T06:00:00+00:00,0.002350
2024-05-12T07:00:00+00:00,-0.002800
2024-05-12T08:00:00+00:00,-0.026290
2024-05-12T09:00:00+00:00,-0.089100
2024-05-12T10:00:00+00:00,-0.165100
2024-05-12T11:00:00+00:00,-0.200000
2024-05-12T12:00:00+00:00,-0.186720
2024-05-12T13:00:00+00:00,-0.108920
2024-05-12T14:00:00+00:00,-0.030100
2024-05-12T15:00:00+00:00,-0.001050
2024-05-12T16:00:00+00:00,0.024840
2024-05-12T17:00:00+00:00,0.067520
2024-05-12T18:00:00+00:00,0.083740
2024-05-12T19:00:00+00:00,0.060020
2024-05-12T20:00:00+00:00,0.046760
2024-05-12T21:00:00+00:00,0.037420
2024-05-12T22:00:00+00:00,0.027120
2024-05-12T23:00:00+00:00,0.026080
2024-05-13T00:00:00+00:00,0.025840
2024-05-13T01:00:00+00:00,0.024910
2024-05-13T02:00:00+00:00,0.027230
2024-05-13T03:00:00+00:00,0.042000
2024-05-13T04:00:00+00:00,0.076920
2024-05-13T05:00:00+00:00,0.100950
2024-05-13T06:00:00+00:00,0.084190
2024-05-13T07:00:00+00:00,0.044890
2024-05-13T08:00:00+00:00,0.011100
2024-05-13T09:00:00+00:00,-0.000350
2024-05-13T10:00:00+00:00,-0.001890
2024-05-13T11:00:00+00:00,-0.001550
2024-05-13T12:00:00+00:00,-0.001690
2024-05-13T13:00:00+00:00,-0.000100
2024-05-13T14:00:00+00:00,0.001090
2024-05-13T15:00:00+00:00,0.066630
2024-05-13T16:00:00+00:00,0.096730
2024-05-13T17:00:00+00:00,0.153780
2024-05-13T18:00:00+00:00,0.149390
2024-05-13T19:00:00+00:00,0.100000
2024-05-13T20:00:00+00:00,0.084410
2024-05-13T21:00:00+00:00,0.060100
2024-05-13T22:00:00+00:00,0.063600
2024-05-13T23:00:00+00:00,0.055300
2024-05-14T00:00:00+00:00,0.045000
2024-05-14T01:00:00+00:00,0.042650
2024-05-14T02:00:00+00:00,0.037600
2024-05-14T03:00:00+00:00,0.046600
2024-05-14T04:00:00+00:00,0.075680
2024-05-14T05:00:00+00:00,0.072370
2024-05-14T06:00:00+00:00,0.046150
2024-05-14T07:00:00+00:00,0.005780
2024-05-14T08:00:00+00:00,-0.002470
2024-05-14T09:00:00+00:00,-0.020060
2024-05-14T10:00:00+00:00,-0.050010
2024-05-14T11:00:00+00:00,-0.070000
2024-05-14T12:00:00+00:00,-0.057020
2024-05-14T13:00:00+00:00,-0.035000
2024-05-14T14:00:00+00:00,-0.002500
2024-05-14T15:00:00+00:00,0.000760
2024-05-14T16:00:00+00:00,0.064950
2024-05-14T17:00:00+00:00,0.096450
2024-05-14T18:00:00+00:00,0.112000
2024-05-14T19:00:00+00:00,0.100100
2024-05-14T20:00:00+00:00,0.089230
2024-05-14T21:00:00+00:00,0.100000
2024-05-14T22:00:00+00:00,0.109890
2024-05-14T23:00:00+00:00,0.085300
2024-05-15T00:00:00+00:00,0.082100
2024-05-15T01:00:00+00:00,0.074000
2024-05-15T02:00:00+00:00,0.083000
2024-05-15T03:00:00+00:00,0.081100
2024-05-15T04:00:00+00:00,0.077800
2024-05-15T05:00:00+00:00,0.080030
2024-05-15T06:00:00+00:00,0.075600
2024-05-15T07:00:00+00:00,0.043520
2024-05-15T08:00:00+00:00,0.008600
2024-05-15T09:00:00+00:00,0.005920
2024-05-15T10:00:00+00:00,0.000000
2024-05-15T11:00:00+00:00,-0.001310
2024-05-15T12:00:00+00:00,-0.000950
2024-05-15T13:00:00+00:00,0.003340
2024-05-15T14:00:00+00:00,0.010000
2024-05-15T15:00:00+00:00,0.101910
2024-05-15T16:00:00+00:00,0.087800
2024-05-15T17:00:00+00:00,0.111000
2024-05-15T18:00:00+00:00,0.115860
2024-05-15T19:00:00+00:00,0.100000
2024-05-15T20:00:00+00:00,0.097300
2024-05-15T21:00:00+00:00,0.093400
2024-05-15T22:00:00+00:00,0.098000
2024-05-15T23:00:00+00:00,0.085600
2024-05-16T00:00:00+00:00,0.071200
2024-05-16T01:00:00+00:00,0.069750
2024-05-16T02:00:00+00:00,0.064000
2024-05-16T03:00:00+00:00,0.075000
2024-05-16T04:00:00+00:00,0.081060
2024-05-16T05:00:00+00:00,0.087210
2024-05-16T06:00:00+00:00,0.111940
2024-05-16T07:00:00+00:00,0.080340
2024-05-16T08:00:00+00:00,0.043920
2024-05-16T09:00:00+00:00,0.016000
2024-05-16T10:00:00+00:00,0.004890
2024-05-16T11:00:00+00:00,0.000440
2024-05-16T12:00:00+00:00,0.001380
2024-05-16T13:00:00+00:00,0.002240
2024-05-16T14:00:00+00:00,0.061000
2024-05-16T15:00:00+00:00,0.100000
2024-05-16T16:00:00+00:00,0.100000
2024-05-16T17:00:00+00:00,0.104000
2024-05-16T18:00:00+00:00,0.119000
2024-05-16T19:00:00+00:00,0.099730
2024-05-16T20:00:00+00:00,0.083000
2024-05-16T21:00:00+00:00,0.074520
2024-05-16T22:00:00+00:00,0.100000
2024-05-16T23:00:00+00:00,0.092540
2024-05-17T00:00:00+00:00,0.090100
2024-05-17T01:00:00+00:00,0.081380
2024-05-17T02:00:00+00:00,0.080000
2024-05-17T03:00:00+00:00,0.090100
2024-05-17T04:00:00+00:00,0.089640
2024-05-17T05:00:00+00:00,0.099260
2024-05-17T06:00:00+00:00,0.097640
2024-05-17T07:00:00+00:00,0.106900
2024-05-17T08:00:00+00:00,0.082200
2024-05-17T09:00:00+00:00,0.057000
2024-05-17T10:00:00+00:00,0.037860
2024-05-17T11:00:00+00:00,0.034360
2024-05-17T12:00:00+00:00,0.043730
2024-05-17T13:00:00+00:00,0.055000
2024-05-17T14:00:00+00:00,0.085500
2024-05-17T15:00:00+00:00,0.087000
2024-05-17T16:00:00+00:00,0.090000
2024-05-17T17:00:00+00:00,0.108000
2024-05-17T18:00:00+00:00,0.112000
2024-05-17T19:00:00+00:00,0.101500
2024-05-17T20:00:00+00:00,0.090000
2024-05-17T21:00:00+00:00,0.083000
2024-05-17T22:00:00+00:00,0.083660
2024-05-17T23:00:00+00:00,0.063570
2024-05-18T00:00:00+00:00,0.069700
2024-05-18T01:00:00+00:00,0.059340
2024-05-18T02:00:00+00:00,0.062500
2024-05-18T03:00:00+00:00,0.064580
2024-05-18T04:00:00+00:00,0.064800
2024-05-18T05:00:00+00:00,0.064310
2024-05-18T06:00:00+00:00,0.058290
2024-05-18T07:00:00+00:00,0.042690
2024-05-18T08:00:00+00:00,0.009430
2024-05-18T09:00:00+00:00,0.000710
2024-05-18T10:00:00+00:00,-0.000030
2024-05-18T11:00:00+00:00,-0.001290
2024-05-18T12:00:00+00:00,-0.002790
2024-05-18T13:00:00+00:00,-0.001920
2024-05-18T14:00:00+00:00,-0.000030
2024-05-18T15:00:00+00:00,0.042750
2024-05-18T16:00:00+00:00,0.070000
2024-05-18T17:00:00+00:00,0.102330
2024-05-18T18:00:00+00:00,0.124110
2024-05-18T19:00:00+00:00,0.113880
2024-05-18T20:00:00+00:00,0.095400
2024-05-18T21:00:00+00:00,0.086600
2024-05-18T22:00:00+00:00,0.094890
2024-05-18T23:00:00+00:00,0.089330
2024-05-19T00:00:00+00:00,0.090000
2024-05-19T01:00:00+00:00,0.084750
2024-05-19T02:00:00+00:00,0.086950
2024-05-19T03:00:00+00:00,0.080760
2024-05-19T04:00:00+00:00,0.075360
2024-05-19T05:00:00+00:00,0.068370
2024-05-19T06:00:00+00:00,0.049890
2024-05-19T07:00:00+00:00,0.005820
2024-05-19T08:00:00+00:00,-0.004310
2024-05-19T09:00:00+00:00,-0.050000
2024-05-19T10:00:00+00:00,-0.064070
2024-05-19T11:00:00+00:00,-0.080000
2024-05-19T12:00:00+00:00,-0.070000
2024-05-19T13:00:00+00:00,-0.049900
2024-05-19T14:00:00+00:00,-0.013600
2024-05-19T15:00:00+00:00,-0.000090
2024-05-19T16:00:00+00:00,0.059420
2024-05-19T17:00:00+00:00,0.083400
2024-05-19T18:00:00+00:00,0.106320
2024-05-19T19:00:00+00:00,0.114760
2024-05-19T20:00:00+00:00,0.091020
2024-05-19T21:00:00+00:00,0.083050
2024-05-19T22:00:00+00:00,0.082750
2024-05-19T23:00:00+00:00,0.071050
2024-05-20T00:00:00+00:00,0.078050
2024-05-20T01:00:00+00:00,0.071850
2024-05-20T02:00:00+00:00,0.073500
2024-05-20T03:00:00+00:00,0.081320
2024-05-20T04:00:00+00:00,0.093330
2024-05-20T05:00:00+00:00,0.094710
2024-05-20T06:00:00+00:00,0.066990
2024-05-20T07:00:00+00:00,0.031640
2024-05-20T08:00:00+00:00,0.012560
2024-05-20T09:00:00+00:00,0.006160
2024-05-20T10:00:00+00:00,0.002190
2024-05-20T11:00:00+00:00,0.000130
2024-05-20T12:00:00+00:00,-0.000180
2024-05-20T13:00:00+00:00,-0.000110
2024-05-20T14:00:00+00:00,0.004870
2024-05-20T15:00:00+00:00,0.055340
2024-05-20T16:00:00+00:00,0.078940
2024-05-20T17:00:00+00:00,0.105960
2024-05-20T18:00:00+00:00,0.125760
2024-05-20T19:00:00+00:00,0.116780
2024-05-20T20:00:00+00:00,0.096630
2024-05-20T21:00:00+00:00,0.079860
2024-05-20T22:00:00+00:00,0.089420
2024-05-20T23:00:00+00:00,0.083820
2024-05-21T00:00:00+00:00,0.077460
2024-05-21T01:00:00+00:00,0.077060
2024-05-21T02:00:00+00:00,0.078000
2024-05-21T03:00:00+00:00,0.086600
2024-05-21T04:00:00+00:00,0.111320
2024-05-21T05:00:00+00:00,0.117090
2024-05-21T06:00:00+00:00,0.096390
2024-05-21T07:00:00+00:00,0.076240
2024-05-21T08:00:00+00:00,0.061600
2024-05-21T09:00:00+00:00,0.049260
2024-05-21T10:00:00+00:00,0.027410
2024-05-21T11:00:00+00:00,0.029160
2024-05-21T12:00:00+00:00,0.033210
2024-05-21T13:00:00+00:00,0.060780
2024-05-21T14:00:00+00:00,0.069120
2024-05-21T15:00:00+00:00,0.080100
2024-05-21T16:00:00+00:00,0.107900
2024-05-21T17:00:00+00:00,0.115990
2024-05-21T18:00:00+00:00,0.106940
2024-05-21T19:00:00+00:00,0.105840
2024-05-21T20:00:00+00:00,0.101400
2024-05-21T21:00:00+00:00,0.108000
2024-05-21T22:00:00+00:00,0.105240
2024-05-21T23:00:00+00:00,0.093220
2024-05-22T00:00:00+00:00,0.075000
2024-05-22T01:00:00+00:00,0.068000
2024-05-22T02:00:00+00:00,0.070210
2024-05-22T03:00:00+00:00,0.069920
2024-05-22T04:00:00+00:00,0.085240
2024-05-22T05:00:00+00:00,0.095950
2024-05-22T06:00:00+00:00,0.090000
2024-05-22T07:00:00+00:00,0.074880
2024-05-22T08:00:00+00:00,0.063350
2024-05-22T09:00:00+00:00,0.060720
2024-05-22T10:00:00+00:00,-0.006500
2024-05-22T11:00:00+00:00,-0.010010
2024-05-22T12:00:00+00:00,-0.004790
2024-05-22T13:00:00+00:00,0.000000
2024-05-22T14:00:00+00:00,0.014340
2024-05-22T15:00:00+00:00,0.072310
2024-05-22T16:00:00+00:00,0.092160
2024-05-22T17:00:00+00:00,0.099900
2024-05-22T18:00:00+00:00,0.136520
2024-05-22T19:00:00+00:00,0.117340
2024-05-22T20:00:00+00:00,0.099690
2024-05-22T21:00:00+00:00,0.087740
2024-05-22T22:00:00+00:00,0.075340
2024-05-22T23:00:00+00:00,0.072070
2024-05-23T00:00:00+00:00,0.066470
2024-05-23T01:00:00+00:00,0.069310
2024-05-23T02:00:00+00:00,0.068910
2024-05-23T03:00:00+00:00,0.074980
2024-05-23T04:00:00+00:00,0.094320
2024-05-23T05:00:00+00:00,0.111010
2024-05-23T06:00:00+00:00,0.095920
2024-05-23T07:00:00+00:00,0.075150
2024-05-23T08:00:00+00:00,0.071030
2024-05-23T09:00:00+00:00,0.061020
2024-05-23T10:00:00+00:00,0.050000
2024-05-23T11:00:00+00:00,0.043900
2024-05-23T12:00:00+00:00,0.053310
2024-05-23T13:00:00+00:00,0.062620
2024-05-23T14:00:00+00:00,0.075610
2024-05-23T15:00:00+00:00,0.088290
2024-05-23T16:00:00+00:00,0.102510
2024-05-23T17:00:00+00:00,0.130000
2024-05-23T18:00:00+00:00,0.165410
2024-05-23T19:00:00+00:00,0.147540
2024-05-23T20:00:00+00:00,0.123540
2024-05-23T21:00:00+00:00,0.103370
2024-05-23T22:00:00+00:00,0.101430
2024-05-23T23:00:00+00:00,0.092730
2024-05-24T00:00:00+00:00,0.088860
2024-05-24T01:00:00+00:00,0.089440
2024-05-24T02:00:00+00:00,0.094310
2024-05-24T03:00:00+00:00,0.100770
2024-05-24T04:00:00+00:00,0.119320
2024-05-24T05:00:00+00:00,0.117430
2024-05-24T06:00:00+00:00,0.110780
2024-05-24T07:00:00+00:00,0.102000
2024-05-24T08:00:00+00:00,0.091280
2024-05-24T09:00:00+00:00,0.084140
2024-05-24T10:00:00+00:00,0.083220
2024-05-24T11:00:00+00:00,0.081390
2024-05-24T12:00:00+00:00,0.081230
2024-05-24T13:00:00+00:00,0.083380
2024-05-24T14:00:00+00:00,0.084000
2024-05-24T15:00:00+00:00,0.096000
2024-05-24T16:00:00+00:00,0.107800
2024-05-24T17:00:00+00:00,0.123380
2024-05-24T18:00:00+00:00,0.120860
2024-05-24T19:00:00+00:00,0.115830
2024-05-24T20:00:00+00:00,0.109670
2024-05-24T21:00:00+00:00,0.099840
2024-05-24T22:00:00+00:00,0.094880
2024-05-24T23:00:00+00:00,0.090870
2024-05-25T00:00:00+00:00,0.090210
2024-05-25T01:00:00+00:00,0.089380
2024-05-25T02:00:00+00:00,0.089290
2024-05-25T03:00:00+00:00,0.090000
2024-05-25T04:00:00+00:00,0.090680
2024-05-25T05:00:00+00:00,0.082690
2024-05-25T06:00:00+00:00,0.082120
2024-05-25T07:00:00+00:00,0.087400
2024-05-25T08:00:00+00:00,0.054230
2024-05-25T09:00:00+00:00,0.009340
2024-05-25T10:00:00+00:00,0.003240
2024-05-25T11:00:00+00:00,0.000040
2024-05-25T12:00:00+00:00,0.000000
2024-05-25T13:00:00+00:00,0.000020
2024-05-25T14:00:00+00:00,0.012870
2024-05-25T15:00:00+00:00,0.065220
2024-05-25T16:00:00+00:00,0.086080
2024-05-25T17:00:00+00:00,0.105000
2024-05-25T18:00:00+00:00,0.124360
2024-05-25T19:00:00+00:00,0.134790
2024-05-25T20:00:00+00:00,0.113320
2024-05-25T21:00:00+00:00,0.103230
2024-05-25T22:00:00+00:00,0.117120
2024-05-25T23:00:00+00:00,0.099200
2024-05-26T00:00:00+00:00,0.094050
2024-05-26T01:00:00+00:00,0.090100
2024-05-26T02:00:00+00:00,0.092150
2024-05-26T03:00:00+00:00,0.090020
2024-05-26T04:00:00+00:00,0.082070
2024-05-26T05:00:00+00:00,0.071900
2024-05-26T06:00:00+00:00,0.013250
2024-05-26T07:00:00+00:00,0.000020
2024-05-26T08:00:00+00:00,0.000000
2024-05-26T09:00:00+00:00,-0.000090
2024-05-26T10:00:00+00:00,-0.002120
2024-05-26T11:00:00+00:00,-0.010660
2024-05-26T12:00:00+00:00,-0.023890
2024-05-26T13:00:00+00:00,-0.009910
2024-05-26T14:00:00+00:00,-0.000600
2024-05-26T15:00:00+00:00,0.055330
2024-05-26T16:00:00+00:00,0.091170
2024-05-26T17:00:00+00:00,0.100910
2024-05-26T18:00:00+00:00,0.113490
2024-05-26T19:00:00+00:00,0.108960
2024-05-26T20:00:00+00:00,0.098410
2024-05-26T21:00:00+00:00,0.087500
2024-05-26T22:00:00+00:00,0.070290
2024-05-26T23:00:00+00:00,0.068960
2024-05-27T00:00:00+00:00,0.067900
2024-05-27T01:00:00+00:00,0.067870
2024-05-27T02:00:00+00:00,0.070300
2024-05-27T03:00:00+00:00,0.076300
2024-05-27T04:00:00+00:00,0.097140
2024-05-27T05:00:00+00:00,0.110560
2024-05-27T06:00:00+00:00,0.105030
2024-05-27T07:00:00+00:00,0.091760
2024-05-27T08:00:00+00:00,0.080000
2024-05-27T09:00:00+00:00,0.077300
2024-05-27T10:00:00+00:00,0.070110
2024-05-27T11:00:00+00:00,0.066750
2024-05-27T12:00:00+00:00,0.064970
2024-05-27T13:00:00+00:00,0.068010
2024-05-27T14:00:00+00:00,0.072490
2024-05-27T15:00:00+00:00,0.090800
2024-05-27T16:00:00+00:00,0.106290
2024-05-27T17:00:00+00:00,0.130440
2024-05-27T18:00:00+00:00,0.154620
2024-05-27T19:00:00+00:00,0.141270
2024-05-27T20:00:00+00:00,0.114640
2024-05-27T21:00:00+00:00,0.097460
2024-05-27T22:00:00+00:00,0.093270
2024-05-27T23:00:00+00:00,0.094000
2024-05-28T00:00:00+00:00,0.087640
2024-05-28T01:00:00+00:00,0.085220
2024-05-28T02:00:00+00:00,0.083960
2024-05-28T03:00:00+00:00,0.088400
2024-05-28T04:00:00+00:00,0.099000
2024-05-28T05:00:00+00:00,0.105240
2024-05-28T06:00:00+00:00,0.092610
2024-05-28T07:00:00+00:00,0.077480
2024-05-28T08:00:00+00:00,0.065500
2024-05-28T09:00:00+00:00,0.058200
2024-05-28T10:00:00+00:00,0.051330
2024-05-28T11:00:00+00:00,0.046440
2024-05-28T12:00:00+00:00,0.046530
2024-05-28T13:00:00+00:00,0.054940
2024-05-28T14:00:00+00:00,0.060890
2024-05-28T15:00:00+00:00,0.073070
2024-05-28T16:00:00+00:00,0.087490
2024-05-28T17:00:00+00:00,0.117650
2024-05-28T18:00:00+00:00,0.130030
2024-05-28T19:00:00+00:00,0.106670
2024-05-28T20:00:00+00:00,0.089760
2024-05-28T21:00:00+00:00,0.079560
2024-05-28T22:00:00+00:00,0.068100
2024-05-28T23:00:00+00:00,0.053100
2024-05-29T00:00:00+00:00,0.049540
2024-05-29T01:00:00+00:00,0.044200
2024-05-29T02:00:00+00:00,0.042140
2024-05-29T03:00:00+00:00,0.041870
2024-05-29T04:00:00+00:00,0.059400
2024-05-29T05:00:00+00:00,0.080050
2024-05-29T06:00:00+00:00,0.085640
2024-05-29T07:00:00+00:00,0.064490
2024-05-29T08:00:00+00:00,0.049900
2024-05-29T09:00:00+00:00,0.041590
2024-05-29T10:00:00+00:00,0.035160
2024-05-29T11:00:00+00:00,0.033100
2024-05-29T12:00:00+00:00,0.032210
2024-05-29T13:00:00+00:00,0.043200
2024-05-29T14:00:00+00:00,0.063470
2024-05-29T15:00:00+00:00,0.081770
2024-05-29T16:00:00+00:00,0.084950
2024-05-29T17:00:00+00:00,0.099000
2024-05-29T18:00:00+00:00,0.126920
2024-05-29T19:00:00+00:00,0.133500
2024-05-29T20:00:00+00:00,0.113300
2024-05-29T21:00:00+00:00,0.101830
2024-05-29T22:00:00+00:00,0.098450
2024-05-29T23:00:00+00:00,0.096300
2024-05-30T00:00:00+00:00,0.084030
2024-05-30T01:00:00+00:00,0.089500
2024-05-30T02:00:00+00:00,0.083960
2024-05-30T03:00:00+00:00,0.088630
2024-05-30T04:00:00+00:00,0.095470
2024-05-30T05:00:00+00:00,0.096040
2024-05-30T06:00:00+00:00,0.087680
2024-05-30T07:00:00+00:00,0.082780
2024-05-30T08:00:00+00:00,0.072300
2024-05-30T09:00:00+00:00,0.067130
2024-05-30T10:00:00+00:00,0.059470
2024-05-30T11:00:00+00:00,0.052200
2024-05-30T12:00:00+00:00,0.052660
2024-05-30T13:00:00+00:00,0.056530
2024-05-30T14:00:00+00:00,0.069960
2024-05-30T15:00:00+00:00,0.075120
2024-05-30T16:00:00+00:00,0.093900
2024-05-30T17:00:00+00:00,0.116450
2024-05-30T18:00:00+00:00,0.133490
2024-05-30T19:00:00+00:00,0.124170
2024-05-30T20:00:00+00:00,0.099300
2024-05-30T21:00:00+00:00,0.090240
2024-05-30T22:00:00+00:00,0.092000
2024-05-30T23:00:00+00:00,0.078770
2024-05-31T00:00:00+00:00,0.066520
2024-05-31T01:00:00+00:00,0.061700
2024-05-31T02:00:00+00:00,0.062010
2024-05-31T03:00:00+00:00,0.075190
2024-05-31T04:00:00+00:00,0.088960
2024-05-31T05:00:00+00:00,0.091510
2024-05-31T06:00:00+00:00,0.090650
2024-05-31T07:00:00+00:00,0.085000
2024-05-31T08:00:00+00:00,0.077200
2024-05-31T09:00:00+00:00,0.071130
2024-05-31T10:00:00+00:00,0.062660
2024-05-31T11:00:00+00:00,0.056690
2024-05-31T12:00:00+00:00,0.050080
2024-05-31T13:00:00+00:00,0.041840
2024-05-31T14:00:00+00:00,0.041480
2024-05-31T15:00:00+00:00,0.065100
2024-05-31T16:00:00+00:00,0.078000
2024-05-31T17:00:00+00:00,0.090840
2024-05-31T18:00:00+00:00,0.093030
2024-05-31T19:00:00+00:00,0.083140
2024-05-31T20:00:00+00:00,0.082420
2024-05-31T21:00:00+00:00,0.071020
2024-05-31T22:00:00+00:00,0.067860
2024-05-31T23:00:00+00:00,0.067770
2024-06-01T00:00:00+00:00,0.070300
2024-06-01T01:00:00+00:00,0.057930
2024-06-01T02:00:00+00:00,0.063270
2024-06-01T03:00:00+00:00,0.065620
2024-06-01T04:00:00+00:00,0.065900
2024-06-01T05:00:00+00:00,0.061640
2024-06-01T06:00:00+00:00,0.060000
2024-06-01T07:00:00+00:00,0.050850
2024-06-01T08:00:00+00:00,0.037970
2024-06-01T09:00:00+00:00,0.033740
2024-06-01T10:00:00+00:00,0.017100
2024-06-01T11:00:00+00:00,0.005960
2024-06-01T12:00:00+00:00,-0.000010
2024-06-01T13:00:00+00:00,0.000000
2024-06-01T14:00:00+00:00,0.010320
2024-06-01T15:00:00+00:00,0.041890
2024-06-01T16:00:00+00:00,0.054000
2024-06-01T17:00:00+00:00,0.064780
2024-06-01T18:00:00+00:00,0.066690
2024-06-01T19:00:00+00:00,0.063260
2024-06-01T20:00:00+00:00,0.065310
2024-06-01T21:00:00+00:00,0.055620
2024-06-01T22:00:00+00:00,0.030620
2024-06-01T23:00:00+00:00,0.023920
2024-06-02T00:00:00+00:00,0.012030
2024-06-02T01:00:00+00:00,0.005000
2024-06-02T02:00:00+00:00,0.008920
2024-06-02T03:00:00+00:00,0.005170
2024-06-02T04:00:00+00:00,0.004910
2024-06-02T05:00:00+00:00,0.004110
2024-06-02T06:00:00+00:00,0.000970
2024-06-02T07:00:00+00:00,-0.000040
2024-06-02T08:00:00+00:00,-0.010030
2024-06-02T09:00:00+00:00,-0.020000
2024-06-02T10:00:00+00:00,-0.030000
2024-06-02T11:00:00+00:00,-0.060000
2024-06-02T12:00:00+00:00,-0.075000
2024-06-02T13:00:00+00:00,-0.081000
2024-06-02T14:00:00+00:00,-0.035700
2024-06-02T15:00:00+00:00,-0.001270
2024-06-02T16:00:00+00:00,0.010000
2024-06-02T17:00:00+00:00,0.054760
2024-06-02T18:00:00+00:00,0.073970
2024-06-02T19:00:00+00:00,0.096000
2024-06-02T20:00:00+00:00,0.093600
2024-06-02T21:00:00+00:00,0.085160
2024-06-02T22:00:00+00:00,0.095200
2024-06-02T23:00:00+00:00,0.082550
2024-06-03T00:00:00+00:00,0.089910
2024-06-03T01:00:00+00:00,0.075480
2024-06-03T02:00:00+00:00,0.071020
2024-06-03T03:00:00+00:00,0.081700
2024-06-03T04:00:00+00:00,0.114140
2024-06-03T05:00:00+00:00,0.160180
2024-06-03T06:00:00+00:00,0.142730
2024-06-03T07:00:00+00:00,0.110330
2024-06-03T08:00:00+00:00,0.085490
2024-06-03T09:00:00+00:00,0.078800
2024-06-03T10:00:00+00:00,0.068270
2024-06-03T11:00:00+00:00,0.061700
2024-06-03T12:00:00+00:00,0.055200
2024-06-03T13:00:00+00:00,0.058480
2024-06-03T14:00:00+00:00,0.063720
2024-06-03T15:00:00+00:00,0.089000
2024-06-03T16:00:00+00:00,0.111380
2024-06-03T17:00:00+00:00,0.156920
2024-06-03T18:00:00+00:00,0.187700
2024-06-03T19:00:00+00:00,0.173670
2024-06-03T20:00:00+00:00,0.135510
2024-06-03T21:00:00+00:00,0.105910
2024-06-03T22:00:00+00:00,0.105510
2024-06-03T23:00:00+00:00,0.097780
2024-06-04T00:00:00+00:00,0.091890
2024-06-04T01:00:00+00:00,0.083880
2024-06-04T02:00:00+00:00,0.080780
2024-06-04T03:00:00+00:00,0.094280
2024-06-04T04:00:00+00:00,0.145220
2024-06-04T05:00:00+00:00,0.163880
2024-06-04T06:00:00+00:00,0.136660
2024-06-04T07:00:00+00:00,0.108520
2024-06-04T08:00:00+00:00,0.089790
2024-06-04T09:00:00+00:00,0.072390
2024-06-04T10:00:00+00:00,0.061170
2024-06-04T11:00:00+00:00,0.047530
2024-06-04T12:00:00+00:00,0.035700
2024-06-04T13:00:00+00:00,0.038300
2024-06-04T14:00:00+00:00,0.043400
2024-06-04T15:00:00+00:00,0.057090
2024-06-04T16:00:00+00:00,0.086200
2024-06-04T17:00:00+00:00,0.094000
2024-06-04T18:00:00+00:00,0.105000
2024-06-04T19:00:00+00:00,0.112770
2024-06-04T20:00:00+00:00,0.096620
2024-06-04T21:00:00+00:00,0.070010
2024-06-04T22:00:00+00:00,0.057480
2024-06-04T23:00:00+00:00,0.045010
2024-06-05T00:00:00+00:00,0.045670
2024-06-05T01:00:00+00:00,0.048360
2024-06-05T02:00:00+00:00,0.048660
2024-06-05T03:00:00+00:00,0.067260
2024-06-05T04:00:00+00:00,0.092440
2024-06-05T05:00:00+00:00,0.121220
2024-06-05T06:00:00+00:00,0.099220
2024-06-05T07:00:00+00:00,0.073440
2024-06-05T08:00:00+00:00,0.056640
2024-06-05T09:00:00+00:00,0.045830
2024-06-05T10:00:00+00:00,0.037540
2024-06-05T11:00:00+00:00,0.024260
2024-06-05T12:00:00+00:00,0.020930
2024-06-05T13:00:00+00:00,0.025000
2024-06-05T14:00:00+00:00,0.049560
2024-06-05T15:00:00+00:00,0.067360
2024-06-05T16:00:00+00:00,0.093760
2024-06-05T17:00:00+00:00,0.118480
2024-06-05T18:00:00+00:00,0.140280
2024-06-05T19:00:00+00:00,0.144450
2024-06-05T20:00:00+00:00,0.131540
2024-06-05T21:00:00+00:00,0.103650
2024-06-05T22:00:00+00:00,0.087180
2024-06-05T23:00:00+00:00,0.080600
2024-06-06T00:00:00+00:00,0.076920
2024-06-06T01:00:00+00:00,0.074650
2024-06-06T02:00:00+00:00,0.079830
2024-06-06T03:00:00+00:00,0.089310
2024-06-06T04:00:00+00:00,0.112000
2024-06-06T05:00:00+00:00,0.117300
2024-06-06T06:00:00+00:00,0.096830
2024-06-06T07:00:00+00:00,0.071240
2024-06-06T08:00:00+00:00,0.057800
2024-06-06T09:00:00+00:00,0.030300
2024-06-06T10:00:00+00:00,0.025200
2024-06-06T11:00:00+00:00,0.019670
2024-06-06T12:00:00+00:00,0.020930
2024-06-06T13:00:00+00:00,0.030980
2024-06-06T14:00:00+00:00,0.053750
2024-06-06T15:00:00+00:00,0.074620
2024-06-06T16:00:00+00:00,0.089920
2024-06-06T17:00:00+00:00,0.111500
2024-06-06T18:00:00+00:00,0.148440
2024-06-06T19:00:00+00:00,0.150020
2024-06-06T20:00:00+00:00,0.123770
2024-06-06T21:00:00+00:00,0.100000
2024-06-06T22:00:00+00:00,0.097720
2024-06-06T23:00:00+00:00,0.093110
2024-06-07T00:00:00+00:00,0.091000
2024-06-07T01:00:00+00:00,0.090090
2024-06-07T02:00:00+00:00,0.090110
2024-06-07T03:00:00+00:00,0.086040
2024-06-07T04:00:00+00:00,0.107960
2024-06-07T05:00:00+00:00,0.109360
2024-06-07T06:00:00+00:00,0.098600
2024-06-07T07:00:00+00:00,0.077400
2024-06-07T08:00:00+00:00,0.058560
2024-06-07T09:00:00+00:00,0.041390
2024-06-07T10:00:00+00:00,0.033910
2024-06-07T11:00:00+00:00,0.025360
2024-06-07T12:00:00+00:00,0.017410
2024-06-07T13:00:00+00:00,0.014100
2024-06-07T14:00:00+00:00,0.026000
2024-06-07T15:00:00+00:00,0.060090
2024-06-07T16:00:00+00:00,0.081130
2024-06-07T17:00:00+00:00,0.102000
2024-06-07T18:00:00+00:00,0.119670
2024-06-07T19:00:00+00:00,0.133870
2024-06-07T20:00:00+00:00,0.112690
2024-06-07T21:00:00+00:00,0.090000
2024-06-07T22:00:00+00:00,0.094350
2024-06-07T23:00:00+00:00,0.081150
2024-06-08T00:00:00+00:00,0.074020
2024-06-08T01:00:00+00:00,0.072580
2024-06-08T02:00:00+00:00,0.067070
2024-06-08T03:00:00+00:00,0.069250
2024-06-08T04:00:00+00:00,0.068750
2024-06-08T05:00:00+00:00,0.053530
2024-06-08T06:00:00+00:00,0.038600
2024-06-08T07:00:00+00:00,0.012460
2024-06-08T08:00:00+00:00,0.000000
2024-06-08T09:00:00+00:00,-0.002250
2024-06-08T10:00:00+00:00,-0.009900
2024-06-08T11:00:00+00:00,-0.023000
2024-06-08T12:00:00+00:00,-0.029310
2024-06-08T13:00:00+00:00,-0.020000
2024-06-08T14:00:00+00:00,-0.007460
2024-06-08T15:00:00+00:00,0.002000
2024-06-08T16:00:00+00:00,0.044380
2024-06-08T17:00:00+00:00,0.066370
2024-06-08T18:00:00+00:00,0.093110
2024-06-08T19:00:00+00:00,0.099900
2024-06-08T20:00:00+00:00,0.108240
2024-06-08T21:00:00+00:00,0.083600
2024-06-08T22:00:00+00:00,0.069020
2024-06-08T23:00:00+00:00,0.055960
2024-06-09T00:00:00+00:00,0.037580
2024-06-09T01:00:00+00:00,0.015480
2024-06-09T02:00:00+00:00,0.017630
2024-06-09T03:00:00+00:00,0.012550
2024-06-09T04:00:00+00:00,0.009320
2024-06-09T05:00:00+00:00,0.003000
2024-06-09T06:00:00+00:00,0.000020
2024-06-09T07:00:00+00:00,-0.001970
2024-06-09T08:00:00+00:00,-0.007480
2024-06-09T09:00:00+00:00,-0.015420
2024-06-09T10:00:00+00:00,-0.036210
2024-06-09T11:00:00+00:00,-0.046160
2024-06-09T12:00:00+00:00,-0.045780
2024-06-09T13:00:00+00:00,-0.028680
2024-06-09T14:00:00+00:00,-0.005380
2024-06-09T15:00:00+00:00,0.000520
2024-06-09T16:00:00+00:00,0.040000
2024-06-09T17:00:00+00:00,0.087290
2024-06-09T18:00:00+00:00,0.102430
2024-06-09T19:00:00+00:00,0.121480
2024-06-09T20:00:00+00:00,0.117030
2024-06-09T21:00:00+00:00,0.096180
2024-06-09T22:00:00+00:00,0.075920
2024-06-09T23:00:00+00:00,0.065110
2024-06-10T00:00:00+00:00,0.066210
2024-06-10T01:00:00+00:00,0.061520
2024-06-10T02:00:00+00:00,0.059570
2024-06-10T03:00:00+00:00,0.074750
2024-06-10T04:00:00+00:00,0.105270
2024-06-10T05:00:00+00:00,0.177360
2024-06-10T06:00:00+00:00,0.158810
2024-06-10T07:00:00+00:00,0.126030
2024-06-10T08:00:00+00:00,0.105000
2024-06-10T09:00:00+00:00,0.101300
2024-06-10T10:00:00+00:00,0.088100
2024-06-10T11:00:00+00:00,0.070000
2024-06-10T12:00:00+00:00,0.059900
2024-06-10T13:00:00+00:00,0.058110
2024-06-10T14:00:00+00:00,0.061800
2024-06-10T15:00:00+00:00,0.071800
2024-06-10T16:00:00+00:00,0.089070
2024-06-10T17:00:00+00:00,0.109890
2024-06-10T18:00:00+00:00,0.113800
2024-06-10T19:00:00+00:00,0.104000
2024-06-10T20:00:00+00:00,0.097160
2024-06-10T21:00:00+00:00,0.077000
2024-06-10T22:00:00+00:00,0.060440
2024-06-10T23:00:00+00:00,0.057120
2024-06-11T00:00:00+00:00,0.061120
2024-06-11T01:00:00+00:00,0.055000
2024-06-11T02:00:00+00:00,0.058070
2024-06-11T03:00:00+00:00,0.059170
2024-06-11T04:00:00+00:00,0.077930
2024-06-11T05:00:00+00:00,0.097670
2024-06-11T06:00:00+00:00,0.087750
2024-06-11T07:00:00+00:00,0.068230
2024-06-11T08:00:00+00:00,0.048710
2024-06-11T09:00:00+00:00,0.033350
2024-06-11T10:00:00+00:00,0.013310
2024-06-11T11:00:00+00:00,0.001840
2024-06-11T12:00:00+00:00,0.000860
2024-06-11T13:00:00+00:00,0.002100
2024-06-11T14:00:00+00:00,0.013140
2024-06-11T15:00:00+00:00,0.052680
2024-06-11T16:00:00+00:00,0.072890
2024-06-11T17:00:00+00:00,0.101050
2024-06-11T18:00:00+00:00,0.125830
2024-06-11T19:00:00+00:00,0.123430
2024-06-11T20:00:00+00:00,0.107050
2024-06-11T21:00:00+00:00,0.089900
2024-06-11T22:00:00+00:00,0.085160
2024-06-11T23:00:00+00:00,0.086030
2024-06-12T00:00:00+00:00,0.086000
2024-06-12T01:00:00+00:00,0.079740
2024-06-12T02:00:00+00:00,0.086300
2024-06-12T03:00:00+00:00,0.094180
2024-06-12T04:00:00+00:00,0.120220
2024-06-12T05:00:00+00:00,0.114900
2024-06-12T06:00:00+00:00,0.104010
2024-06-12T07:00:00+00:00,0.069890
2024-06-12T08:00:00+00:00,0.055420
2024-06-12T09:00:00+00:00,0.050000
2024-06-12T10:00:00+00:00,0.036610
2024-06-12T11:00:00+00:00,0.037830
2024-06-12T12:00:00+00:00,0.038040
2024-06-12T13:00:00+00:00,0.039890
2024-06-12T14:00:00+00:00,0.054020
2024-06-12T15:00:00+00:00,0.071420
2024-06-12T16:00:00+00:00,0.089060
2024-06-12T17:00:00+00:00,0.119860
2024-06-12T18:00:00+00:00,0.147690
2024-06-12T19:00:00+00:00,0.151860
2024-06-12T20:00:00+00:00,0.128300
2024-06-12T21:00:00+00:00,0.107070
2024-06-12T22:00:00+00:00,0.103110
2024-06-12T23:00:00+00:00,0.089630
2024-06-13T00:00:00+00:00,0.083620
2024-06-13T01:00:00+00:00,0.080350
2024-06-13T02:00:00+00:00,0.078680
2024-06-13T03:00:00+00:00,0.092700
2024-06-13T04:00:00+00:00,0.114030
2024-06-13T05:00:00+00:00,0.124250
2024-06-13T06:00:00+00:00,0.104170
2024-06-13T07:00:00+00:00,0.073790
2024-06-13T08:00:00+00:00,0.056950
2024-06-13T09:00:00+00:00,0.051020
2024-06-13T10:00:00+00:00,0.044150
2024-06-13T11:00:00+00:00,0.038930
2024-06-13T12:00:00+00:00,0.035960
2024-06-13T13:00:00+00:00,0.044910
2024-06-13T14:00:00+00:00,0.067300
2024-06-13T15:00:00+00:00,0.070850
2024-06-13T16:00:00+00:00,0.090900
2024-06-13T17:00:00+00:00,0.121650
2024-06-13T18:00:00+00:00,0.166140
2024-06-13T19:00:00+00:00,0.139050
2024-06-13T20:00:00+00:00,0.099600
2024-06-13T21:00:00+00:00,0.080000
2024-06-13T22:00:00+00:00,0.069940
2024-06-13T23:00:00+00:00,0.058940
2024-06-14T00:00:00+00:00,0.053390
2024-06-14T01:00:00+00:00,0.050440
2024-06-14T02:00:00+00:00,0.047290
2024-06-14T03:00:00+00:00,0.052720
2024-06-14T04:00:00+00:00,0.072220
2024-06-14T05:00:00+00:00,0.092000
2024-06-14T06:00:00+00:00,0.097550
2024-06-14T07:00:00+00:00,0.092590
2024-06-14T08:00:00+00:00,0.071080
2024-06-14T09:00:00+00:00,0.059200
2024-06-14T10:00:00+00:00,0.051750
2024-06-14T11:00:00+00:00,0.039880
2024-06-14T12:00:00+00:00,0.034170
2024-06-14T13:00:00+00:00,0.034390
2024-06-14T14:00:00+00:00,0.048790
2024-06-14T15:00:00+00:00,0.075000
2024-06-14T16:00:00+00:00,0.090980
2024-06-14T17:00:00+00:00,0.113070
2024-06-14T18:00:00+00:00,0.127310
2024-06-14T19:00:00+00:00,0.119600
2024-06-14T20:00:00+00:00,0.111400
2024-06-14T21:00:00+00:00,0.108000
2024-06-14T22:00:00+00:00,0.106850
2024-06-14T23:00:00+00:00,0.104000
2024-06-15T00:00:00+00:00,0.094000
2024-06-15T01:00:00+00:00,0.087000
2024-06-15T02:00:00+00:00,0.056600
2024-06-15T03:00:00+00:00,0.019890
2024-06-15T04:00:00+00:00,0.001540
2024-06-15T05:00:00+00:00,0.000090
2024-06-15T06:00:00+00:00,0.000000
2024-06-15T07:00:00+00:00,-0.000060
2024-06-15T08:00:00+00:00,-0.010080
2024-06-15T09:00:00+00:00,-0.028990
2024-06-15T10:00:00+00:00,-0.044870
2024-06-15T11:00:00+00:00,-0.065440
2024-06-15T12:00:00+00:00,-0.079990
2024-06-15T13:00:00+00:00,-0.056170
2024-06-15T14:00:00+00:00,-0.029170
2024-06-15T15:00:00+00:00,-0.004500
2024-06-15T16:00:00+00:00,-0.000010
2024-06-15T17:00:00+00:00,0.032090
2024-06-15T18:00:00+00:00,0.070000
2024-06-15T19:00:00+00:00,0.067770
2024-06-15T20:00:00+00:00,0.063250
2024-06-15T21:00:00+00:00,0.040720
2024-06-15T22:00:00+00:00,0.025010
2024-06-15T23:00:00+00:00,0.010250
2024-06-16T00:00:00+00:00,0.004920
2024-06-16T01:00:00+00:00,0.002920
2024-06-16T02:00:00+00:00,0.002190
2024-06-16T03:00:00+00:00,0.002530
2024-06-16T04:00:00+00:00,0.002950
2024-06-16T05:00:00+00:00,0.000470
2024-06-16T06:00:00+00:00,-0.000020
2024-06-16T07:00:00+00:00,-0.001270
2024-06-16T08:00:00+00:00,-0.010000
2024-06-16T09:00:00+00:00,-0.013330
2024-06-16T10:00:00+00:00,-0.020000
2024-06-16T11:00:00+00:00,-0.030000
2024-06-16T12:00:00+00:00,-0.035660
2024-06-16T13:00:00+00:00,-0.029030
2024-06-16T14:00:00+00:00,-0.010020
2024-06-16T15:00:00+00:00,-0.001990
2024-06-16T16:00:00+00:00,0.052410
2024-06-16T17:00:00+00:00,0.092260
2024-06-16T18:00:00+00:00,0.111040
2024-06-16T19:00:00+00:00,0.117700
2024-06-16T20:00:00+00:00,0.118270
2024-06-16T21:00:00+00:00,0.091600
2024-06-16T22:00:00+00:00,0.070160
2024-06-16T23:00:00+00:00,0.060780
2024-06-17T00:00:00+00:00,0.063700
2024-06-17T01:00:00+00:00,0.070000
2024-06-17T02:00:00+00:00,0.069410
2024-06-17T03:00:00+00:00,0.084900
2024-06-17T04:00:00+00:00,0.108700
2024-06-17T05:00:00+00:00,0.126000
2024-06-17T06:00:00+00:00,0.117850
2024-06-17T07:00:00+00:00,0.084730
2024-06-17T08:00:00+00:00,0.063480
2024-06-17T09:00:00+00:00,0.046900
2024-06-17T10:00:00+00:00,0.036540
2024-06-17T11:00:00+00:00,0.034590
2024-06-17T12:00:00+00:00,0.039450
2024-06-17T13:00:00+00:00,0.046150
2024-06-17T14:00:00+00:00,0.054070
2024-06-17T15:00:00+00:00,0.077540
2024-06-17T16:00:00+00:00,0.101360
2024-06-17T17:00:00+00:00,0.139000
2024-06-17T18:00:00+00:00,0.181540
2024-06-17T19:00:00+00:00,0.196930
2024-06-17T20:00:00+00:00,0.126610
2024-06-17T21:00:00+00:00,0.103390
2024-06-17T22:00:00+00:00,0.088070
2024-06-17T23:00:00+00:00,0.084900
2024-06-18T00:00:00+00:00,0.087270
2024-06-18T01:00:00+00:00,0.084600
2024-06-18T02:00:00+00:00,0.086600
2024-06-18T03:00:00+00:00,0.094900
2024-06-18T04:00:00+00:00,0.117440
2024-06-18T05:00:00+00:00,0.115890
2024-06-18T06:00:00+00:00,0.090000
2024-06-18T07:00:00+00:00,0.087050
2024-06-18T08:00:00+00:00,0.081010
2024-06-18T09:00:00+00:00,0.068340
2024-06-18T10:00:00+00:00,0.066910
2024-06-18T11:00:00+00:00,0.077100
2024-06-18T12:00:00+00:00,0.085050
2024-06-18T13:00:00+00:00,0.090000
2024-06-18T14:00:00+00:00,0.091000
2024-06-18T15:00:00+00:00,0.094650
2024-06-18T16:00:00+00:00,0.115170
2024-06-18T17:00:00+00:00,0.141600
2024-06-18T18:00:00+00:00,0.150800
2024-06-18T19:00:00+00:00,0.113090
2024-06-18T20:00:00+00:00,0.095190
2024-06-18T21:00:00+00:00,0.086350
2024-06-18T22:00:00+00:00,0.100050
2024-06-18T23:00:00+00:00,0.089240
2024-06-19T00:00:00+00:00,0.079700
2024-06-19T01:00:00+00:00,0.077060
2024-06-19T02:00:00+00:00,0.081170
2024-06-19T03:00:00+00:00,0.077320
2024-06-19T04:00:00+00:00,0.101900
2024-06-19T05:00:00+00:00,0.112140
2024-06-19T06:00:00+00:00,0.104230
2024-06-19T07:00:00+00:00,0.081730
2024-06-19T08:00:00+00:00,0.072490
2024-06-19T09:00:00+00:00,0.060260
2024-06-19T10:00:00+00:00,0.045000
2024-06-19T11:00:00+00:00,0.033560
2024-06-19T12:00:00+00:00,0.021870
2024-06-19T13:00:00+00:00,0.013440
2024-06-19T14:00:00+00:00,0.030030
2024-06-19T15:00:00+00:00,0.064160
2024-06-19T16:00:00+00:00,0.079780
2024-06-19T17:00:00+00:00,0.099890
2024-06-19T18:00:00+00:00,0.122690
2024-06-19T19:00:00+00:00,0.117700
2024-06-19T20:00:00+00:00,0.109200
2024-06-19T21:00:00+00:00,0.093310
2024-06-19T22:00:00+00:00,0.086090
2024-06-19T23:00:00+00:00,0.081560
2024-06-20T00:00:00+00:00,0.078960
2024-06-20T01:00:00+00:00,0.079050
2024-06-20T02:00:00+00:00,0.083600
2024-06-20T03:00:00+00:00,0.087720
2024-06-20T04:00:00+00:00,0.111360
2024-06-20T05:00:00+00:00,0.112630
2024-06-20T06:00:00+00:00,0.102990
2024-06-20T07:00:00+00:00,0.081090
2024-06-20T08:00:00+00:00,0.070000
2024-06-20T09:00:00+00:00,0.060080
2024-06-20T10:00:00+00:00,0.056870
2024-06-20T11:00:00+00:00,0.055210
2024-06-20T12:00:00+00:00,0.058590
2024-06-20T13:00:00+00:00,0.067720
2024-06-20T14:00:00+00:00,0.076390
2024-06-20T15:00:00+00:00,0.089040
2024-06-20T16:00:00+00:00,0.107480
2024-06-20T17:00:00+00:00,0.138380
2024-06-20T18:00:00+00:00,0.170480
2024-06-20T19:00:00+00:00,0.129930
2024-06-20T20:00:00+00:00,0.112200
2024-06-20T21:00:00+00:00,0.095320
2024-06-20T22:00:00+00:00,0.100940
2024-06-20T23:00:00+00:00,0.090880
2024-06-21T00:00:00+00:00,0.089950
2024-06-21T01:00:00+00:00,0.087460
2024-06-21T02:00:00+00:00,0.084500
2024-06-21T03:00:00+00:00,0.085380
2024-06-21T04:00:00+00:00,0.096000
2024-06-21T05:00:00+00:00,0.120900
2024-06-21T06:00:00+00:00,0.120850
2024-06-21T07:00:00+00:00,0.111670
2024-06-21T08:00:00+00:00,0.100650
2024-06-21T09:00:00+00:00,0.089940
2024-06-21T10:00:00+00:00,0.088540
2024-06-21T11:00:00+00:00,0.081900
2024-06-21T12:00:00+00:00,0.073770
2024-06-21T13:00:00+00:00,0.074320
2024-06-21T14:00:00+00:00,0.078750
2024-06-21T15:00:00+00:00,0.091720
2024-06-21T16:00:00+00:00,0.099740
2024-06-21T17:00:00+00:00,0.109560
2024-06-21T18:00:00+00:00,0.112000
2024-06-21T19:00:00+00:00,0.105530
2024-06-21T20:00:00+00:00,0.096300
2024-06-21T21:00:00+00:00,0.082690
2024-06-21T22:00:00+00:00,0.080780
2024-06-21T23:00:00+00:00,0.070870
2024-06-22T00:00:00+00:00,0.061800
2024-06-22T01:00:00+00:00,0.050500
2024-06-22T02:00:00+00:00,0.049620
2024-06-22T03:00:00+00:00,0.046470
2024-06-22T04:00:00+00:00,0.058150
2024-06-22T05:00:00+00:00,0.048710
2024-06-22T06:00:00+00:00,0.043790
2024-06-22T07:00:00+00:00,0.034650
2024-06-22T08:00:00+00:00,0.012540
2024-06-22T09:00:00+00:00,0.003590
2024-06-22T10:00:00+00:00,0.002650
2024-06-22T11:00:00+00:00,0.000030
2024-06-22T12:00:00+00:00,-0.000010
2024-06-22T13:00:00+00:00,0.000080
2024-06-22T14:00:00+00:00,0.004510
2024-06-22T15:00:00+00:00,0.038480
2024-06-22T16:00:00+00:00,0.075300
2024-06-22T17:00:00+00:00,0.107800
2024-06-22T18:00:00+00:00,0.122360
2024-06-22T19:00:00+00:00,0.124050
2024-06-22T20:00:00+00:00,0.111250
2024-06-22T21:00:00+00:00,0.090990
2024-06-22T22:00:00+00:00,0.098060
2024-06-22T23:00:00+00:00,0.085260
2024-06-23T00:00:00+00:00,0.084960
2024-06-23T01:00:00+00:00,0.080190
2024-06-23T02:00:00+00:00,0.078300
2024-06-23T03:00:00+00:00,0.075600
2024-06-23T04:00:00+00:00,0.071450
2024-06-23T05:00:00+00:00,0.048150
2024-06-23T06:00:00+00:00,0.017970
2024-06-23T07:00:00+00:00,0.004240
2024-06-23T08:00:00+00:00,0.000000
2024-06-23T09:00:00+00:00,-0.000050
2024-06-23T10:00:00+00:00,-0.000100
2024-06-23T11:00:00+00:00,-0.001030
2024-06-23T12:00:00+00:00,-0.002210
2024-06-23T13:00:00+00:00,-0.002040
2024-06-23T14:00:00+00:00,-0.000230
2024-06-23T15:00:00+00:00,0.018970
2024-06-23T16:00:00+00:00,0.063600
2024-06-23T17:00:00+00:00,0.091720
2024-06-23T18:00:00+00:00,0.113500
2024-06-23T19:00:00+00:00,0.125010
2024-06-23T20:00:00+00:00,0.120100
2024-06-23T21:00:00+00:00,0.099900
2024-06-23T22:00:00+00:00,0.105630
2024-06-23T23:00:00+00:00,0.095100
2024-06-24T00:00:00+00:00,0.089930
2024-06-24T01:00:00+00:00,0.084900
2024-06-24T02:00:00+00:00,0.087450
2024-06-24T03:00:00+00:00,0.098710
2024-06-24T04:00:00+00:00,0.133140
2024-06-24T05:00:00+00:00,0.129350
2024-06-24T06:00:00+00:00,0.098640
2024-06-24T07:00:00+00:00,0.075600
2024-06-24T08:00:00+00:00,0.050620
2024-06-24T09:00:00+00:00,0.034300
2024-06-24T10:00:00+00:00,0.031080
2024-06-24T11:00:00+00:00,0.027540
2024-06-24T12:00:00+00:00,0.026000
2024-06-24T13:00:00+00:00,0.031840
2024-06-24T14:00:00+00:00,0.062230
2024-06-24T15:00:00+00:00,0.079890
2024-06-24T16:00:00+00:00,0.093100
2024-06-24T17:00:00+00:00,0.151900
2024-06-24T18:00:00+00:00,0.203340
2024-06-24T19:00:00+00:00,0.156070
2024-06-24T20:00:00+00:00,0.117400
2024-06-24T21:00:00+00:00,0.092350
2024-06-24T22:00:00+00:00,0.088800
2024-06-24T23:00:00+00:00,0.084800
2024-06-25T00:00:00+00:00,0.084780
2024-06-25T01:00:00+00:00,0.085220
2024-06-25T02:00:00+00:00,0.085500
2024-06-25T03:00:00+00:00,0.094900
2024-06-25T04:00:00+00:00,0.114800
2024-06-25T05:00:00+00:00,0.122000
2024-06-25T06:00:00+00:00,0.103800
2024-06-25T07:00:00+00:00,0.074640
2024-06-25T08:00:00+00:00,0.035690
2024-06-25T09:00:00+00:00,0.011800
2024-06-25T10:00:00+00:00,-0.009100
2024-06-25T11:00:00+00:00,-0.020000
2024-06-25T12:00:00+00:00,-0.012890
2024-06-25T13:00:00+00:00,0.009500
2024-06-25T14:00:00+00:00,0.025000
2024-06-25T15:00:00+00:00,0.062900
2024-06-25T16:00:00+00:00,0.078900
2024-06-25T17:00:00+00:00,0.107740
2024-06-25T18:00:00+00:00,0.125890
2024-06-25T19:00:00+00:00,0.122090
2024-06-25T20:00:00+00:00,0.106570
2024-06-25T21:00:00+00:00,0.089950
2024-06-25T22:00:00+00:00,0.107270
2024-06-25T23:00:00+00:00,0.099910
2024-06-26T00:00:00+00:00,0.095320
2024-06-26T01:00:00+00:00,0.095460
2024-06-26T02:00:00+00:00,0.091690
2024-06-26T03:00:00+00:00,0.097050
2024-06-26T04:00:00+00:00,0.108740
2024-06-26T05:00:00+00:00,0.130000
2024-06-26T06:00:00+00:00,0.121100
2024-06-26T07:00:00+00:00,0.101760
2024-06-26T08:00:00+00:00,0.089880
2024-06-26T09:00:00+00:00,0.084170
2024-06-26T10:00:00+00:00,0.078640
2024-06-26T11:00:00+00:00,0.076540
2024-06-26T12:00:00+00:00,0.080000
2024-06-26T13:00:00+00:00,0.090490
2024-06-26T14:00:00+00:00,0.099910
2024-06-26T15:00:00+00:00,0.105860
2024-06-26T16:00:00+00:00,0.107310
2024-06-26T17:00:00+00:00,0.134260
2024-06-26T18:00:00+00:00,0.144060
2024-06-26T19:00:00+00:00,0.130480
2024-06-26T20:00:00+00:00,0.117480
2024-06-26T21:00:00+00:00,0.110000
2024-06-26T22:00:00+00:00,0.096000
2024-06-26T23:00:00+00:00,0.086910
2024-06-27T00:00:00+00:00,0.080500
2024-06-27T01:00:00+00:00,0.082840
2024-06-27T02:00:00+00:00,0.078000
2024-06-27T03:00:00+00:00,0.083240
2024-06-27T04:00:00+00:00,0.114000
2024-06-27T05:00:00+00:00,0.124010
2024-06-27T06:00:00+00:00,0.115000
2024-06-27T07:00:00+00:00,0.088880
2024-06-27T08:00:00+00:00,0.067080
2024-06-27T09:00:00+00:00,0.049610
2024-06-27T10:00:00+00:00,0.025000
2024-06-27T11:00:00+00:00,0.000000
2024-06-27T12:00:00+00:00,-0.000070
2024-06-27T13:00:00+00:00,0.000000
2024-06-27T14:00:00+00:00,0.019520
2024-06-27T15:00:00+00:00,0.045440
2024-06-27T16:00:00+00:00,0.070730
2024-06-27T17:00:00+00:00,0.099000
2024-06-27T18:00:00+00:00,0.132000
2024-06-27T19:00:00+00:00,0.125000
2024-06-27T20:00:00+00:00,0.106900
2024-06-27T21:00:00+00:00,0.099480
2024-06-27T22:00:00+00:00,0.090710
2024-06-27T23:00:00+00:00,0.089910
2024-06-28T00:00:00+00:00,0.080450
2024-06-28T01:00:00+00:00,0.074770
2024-06-28T02:00:00+00:00,0.078300
2024-06-28T03:00:00+00:00,0.084900
2024-06-28T04:00:00+00:00,0.110750
2024-06-28T05:00:00+00:00,0.090920
2024-06-28T06:00:00+00:00,0.075570
2024-06-28T07:00:00+00:00,0.025800
2024-06-28T08:00:00+00:00,0.000000
2024-06-28T09:00:00+00:00,-0.010060
2024-06-28T10:00:00+00:00,-0.020000
2024-06-28T11:00:00+00:00,-0.030000
2024-06-28T12:00:00+00:00,-0.030000
2024-06-28T13:00:00+00:00,-0.015100
2024-06-28T14:00:00+00:00,-0.007920
2024-06-28T15:00:00+00:00,0.001000
2024-06-28T16:00:00+00:00,0.045000
2024-06-28T17:00:00+00:00,0.087020
2024-06-28T18:00:00+00:00,0.110130
2024-06-28T19:00:00+00:00,0.137480
2024-06-28T20:00:00+00:00,0.126200
2024-06-28T21:00:00+00:00,0.108850
2024-06-28T22:00:00+00:00,0.110710
2024-06-28T23:00:00+00:00,0.108290
2024-06-29T00:00:00+00:00,0.107950
2024-06-29T01:00:00+00:00,0.107190
2024-06-29T02:00:00+00:00,0.105340
2024-06-29T03:00:00+00:00,0.102130
2024-06-29T04:00:00+00:00,0.094970
2024-06-29T05:00:00+00:00,0.082200
2024-06-29T06:00:00+00:00,0.065860
2024-06-29T07:00:00+00:00,0.029580
2024-06-29T08:00:00+00:00,0.005040
2024-06-29T09:00:00+00:00,0.000040
2024-06-29T10:00:00+00:00,-0.000010
2024-06-29T11:00:00+00:00,-0.000240
2024-06-29T12:00:00+00:00,-0.000080
2024-06-29T13:00:00+00:00,0.001360
2024-06-29T14:00:00+00:00,0.012100
2024-06-29T15:00:00+00:00,0.068340
2024-06-29T16:00:00+00:00,0.103250
2024-06-29T17:00:00+00:00,0.126930
2024-06-29T18:00:00+00:00,0.139000
2024-06-29T19:00:00+00:00,0.113500
2024-06-29T20:00:00+00:00,0.100100
2024-06-29T21:00:00+00:00,0.093810
2024-06-29T22:00:00+00:00,0.080700
2024-06-29T23:00:00+00:00,0.083000
2024-06-30T00:00:00+00:00,0.075300
2024-06-30T01:00:00+00:00,0.067050
2024-06-30T02:00:00+00:00,0.064360
2024-06-30T03:00:00+00:00,0.051390
2024-06-30T04:00:00+00:00,0.051560
2024-06-30T05:00:00+00:00,0.020420
2024-06-30T06:00:00+00:00,0.006830
2024-06-30T07:00:00+00:00,0.000820
2024-06-30T08:00:00+00:00,0.000000
2024-06-30T09:00:00+00:00,0.000000
2024-06-30T10:00:00+00:00,-0.000020
2024-06-30T11:00:00+00:00,-0.001510
2024-06-30T12:00:00+00:00,-0.001090
2024-06-30T13:00:00+00:00,0.000000
2024-06-30T14:00:00+00:00,0.000920
2024-06-30T15:00:00+00:00,0.030920
2024-06-30T16:00:00+00:00,0.075750
2024-06-30T17:00:00+00:00,0.087260
2024-06-30T18:00:00+00:00,0.099900
2024-06-30T19:00:00+00:00,0.104000
2024-06-30T20:00:00+00:00,0.107280
2024-06-30T21:00:00+00:00,0.093200
2024-06-30T22:00:00+00:00,0.094730
2024-06-30T23:00:00+00:00,0.085700
2024-07-01T00:00:00+00:00,0.078190
2024-07-01T01:00:00+00:00,0.078010
2024-07-01T02:00:00+00:00,0.079040
2024-07-01T03:00:00+00:00,0.080230
2024-07-01T04:00:00+00:00,0.121660
2024-07-01T05:00:00+00:00,0.136510
2024-07-01T06:00:00+00:00,0.132400
2024-07-01T07:00:00+00:00,0.109600
2024-07-01T08:00:00+00:00,0.100600
2024-07-01T09:00:00+00:00,0.086090
2024-07-01T10:00:00+00:00,0.073790
2024-07-01T11:00:00+00:00,0.066630
2024-07-01T12:00:00+00:00,0.037740
2024-07-01T13:00:00+00:00,0.029460
2024-07-01T14:00:00+00:00,0.031060
2024-07-01T15:00:00+00:00,0.055000
2024-07-01T16:00:00+00:00,0.071910
2024-07-01T17:00:00+00:00,0.098720
2024-07-01T18:00:00+00:00,0.162520
2024-07-01T19:00:00+00:00,0.126360
2024-07-01T20:00:00+00:00,0.108200
2024-07-01T21:00:00+00:00,0.087650
2024-07-01T22:00:00+00:00,0.083000
2024-07-01T23:00:00+00:00,0.076360
2024-07-02T00:00:00+00:00,0.076380
2024-07-02T01:00:00+00:00,0.075740
2024-07-02T02:00:00+00:00,0.076370
2024-07-02T03:00:00+00:00,0.077090
2024-07-02T04:00:00+00:00,0.091600
2024-07-02T05:00:00+00:00,0.098230
2024-07-02T06:00:00+00:00,0.102840
2024-07-02T07:00:00+00:00,0.100000
2024-07-02T08:00:00+00:00,0.087810
2024-07-02T09:00:00+00:00,0.071000
2024-07-02T10:00:00+00:00,0.063750
2024-07-02T11:00:00+00:00,0.060360
2024-07-02T12:00:00+00:00,0.052320
2024-07-02T13:00:00+00:00,0.050720
2024-07-02T14:00:00+00:00,0.062700
2024-07-02T15:00:00+00:00,0.064840
2024-07-02T16:00:00+00:00,0.078160
2024-07-02T17:00:00+00:00,0.099950
2024-07-02T18:00:00+00:00,0.111450
2024-07-02T19:00:00+00:00,0.110250
2024-07-02T20:00:00+00:00,0.108940
2024-07-02T21:00:00+00:00,0.098650
2024-07-02T22:00:00+00:00,0.167250
2024-07-02T23:00:00+00:00,0.109900
2024-07-03T00:00:00+00:00,0.094900
2024-07-03T01:00:00+00:00,0.082700
2024-07-03T02:00:00+00:00,0.082700
2024-07-03T03:00:00+00:00,0.079900
2024-07-03T04:00:00+00:00,0.095680
2024-07-03T05:00:00+00:00,0.113290
2024-07-03T06:00:00+00:00,0.113000
2024-07-03T07:00:00+00:00,0.098000
2024-07-03T08:00:00+00:00,0.087880
2024-07-03T09:00:00+00:00,0.090410
2024-07-03T10:00:00+00:00,0.089900
2024-07-03T11:00:00+00:00,0.080000
2024-07-03T12:00:00+00:00,0.061640
2024-07-03T13:00:00+00:00,0.059470
2024-07-03T14:00:00+00:00,0.060090
2024-07-03T15:00:00+00:00,0.079170
2024-07-03T16:00:00+00:00,0.093560
2024-07-03T17:00:00+00:00,0.111450
2024-07-03T18:00:00+00:00,0.154180
2024-07-03T19:00:00+00:00,0.105130
2024-07-03T20:00:00+00:00,0.087390
2024-07-03T21:00:00+00:00,0.069370
2024-07-03T22:00:00+00:00,0.058500
2024-07-03T23:00:00+00:00,0.035000
2024-07-04T00:00:00+00:00,0.016350
2024-07-04T01:00:00+00:00,0.010000
2024-07-04T02:00:00+00:00,0.007430
2024-07-04T03:00:00+00:00,0.007350
2024-07-04T04:00:00+00:00,0.031250
2024-07-04T05:00:00+00:00,0.034910
2024-07-04T06:00:00+00:00,0.032860
2024-07-04T07:00:00+00:00,0.022230
2024-07-04T08:00:00+00:00,-0.010000
2024-07-04T09:00:00+00:00,-0.035690
2024-07-04T10:00:00+00:00,-0.070000
2024-07-04T11:00:00+00:00,-0.137800
2024-07-04T12:00:00+00:00,-0.149000
2024-07-04T13:00:00+00:00,-0.080000
2024-07-04T14:00:00+00:00,-0.051340
2024-07-04T15:00:00+00:00,-0.031180
2024-07-04T16:00:00+00:00,-0.005000
2024-07-04T17:00:00+00:00,0.040770
2024-07-04T18:00:00+00:00,0.081860
2024-07-04T19:00:00+00:00,0.107980
2024-07-04T20:00:00+00:00,0.082800
2024-07-04T21:00:00+00:00,0.061270
2024-07-04T22:00:00+00:00,0.013540
2024-07-04T23:00:00+00:00,0.006370
2024-07-05T00:00:00+00:00,0.004000
2024-07-05T01:00:00+00:00,0.002670
2024-07-05T02:00:00+00:00,0.002920
2024-07-05T03:00:00+00:00,0.005720
2024-07-05T04:00:00+00:00,0.020180
2024-07-05T05:00:00+00:00,0.030950
2024-07-05T06:00:00+00:00,0.039700
2024-07-05T07:00:00+00:00,0.018560
2024-07-05T08:00:00+00:00,0.002960
2024-07-05T09:00:00+00:00,0.000420
2024-07-05T10:00:00+00:00,0.000100
2024-07-05T11:00:00+00:00,-0.000550
2024-07-05T12:00:00+00:00,-0.000770
2024-07-05T13:00:00+00:00,-0.000010
2024-07-05T14:00:00+00:00,0.001970
2024-07-05T15:00:00+00:00,0.016970
2024-07-05T16:00:00+00:00,0.064260
2024-07-05T17:00:00+00:00,0.090810
2024-07-05T18:00:00+00:00,0.132640
2024-07-05T19:00:00+00:00,0.132120
2024-07-05T20:00:00+00:00,0.105650
2024-07-05T21:00:00+00:00,0.085290
2024-07-05T22:00:00+00:00,0.085520
2024-07-05T23:00:00+00:00,0.066060
2024-07-06T00:00:00+00:00,0.058940
2024-07-06T01:00:00+00:00,0.043350
2024-07-06T02:00:00+00:00,0.035820
2024-07-06T03:00:00+00:00,0.015030
2024-07-06T04:00:00+00:00,0.005930
2024-07-06T05:00:00+00:00,0.005370
2024-07-06T06:00:00+00:00,0.003400
2024-07-06T07:00:00+00:00,0.000000
2024-07-06T08:00:00+00:00,-0.010000
2024-07-06T09:00:00+00:00,-0.029030
2024-07-06T10:00:00+00:00,-0.034320
2024-07-06T11:00:00+00:00,-0.052740
2024-07-06T12:00:00+00:00,-0.069790
2024-07-06T13:00:00+00:00,-0.116610
2024-07-06T14:00:00+00:00,-0.092440
2024-07-06T15:00:00+00:00,-0.049710
2024-07-06T16:00:00+00:00,-0.010000
2024-07-06T17:00:00+00:00,-0.002500
2024-07-06T18:00:00+00:00,0.006610
2024-07-06T19:00:00+00:00,0.009590
2024-07-06T20:00:00+00:00,0.018470
2024-07-06T21:00:00+00:00,0.014920
2024-07-06T22:00:00+00:00,0.000460
2024-07-06T23:00:00+00:00,0.000350
2024-07-07T00:00:00+00:00,-0.000320
2024-07-07T01:00:00+00:00,0.000000
2024-07-07T02:00:00+00:00,0.000340
2024-07-07T03:00:00+00:00,0.000250
2024-07-07T04:00:00+00:00,0.000040
2024-07-07T05:00:00+00:00,0.000000
2024-07-07T06:00:00+00:00,-0.000600
2024-07-07T07:00:00+00:00,-0.006610
2024-07-07T08:00:00+00:00,-0.010100
2024-07-07T09:00:00+00:00,-0.012920
2024-07-07T10:00:00+00:00,-0.013650
2024-07-07T11:00:00+00:00,-0.022620
2024-07-07T12:00:00+00:00,-0.021000
2024-07-07T13:00:00+00:00,-0.012210
2024-07-07T14:00:00+00:00,-0.006280
2024-07-07T15:00:00+00:00,-0.001590
2024-07-07T16:00:00+00:00,0.058560
2024-07-07T17:00:00+00:00,0.086310
2024-07-07T18:00:00+00:00,0.119050
2024-07-07T19:00:00+00:00,0.127050
2024-07-07T20:00:00+00:00,0.114440
2024-07-07T21:00:00+00:00,0.096860
2024-07-07T22:00:00+00:00,0.081670
2024-07-07T23:00:00+00:00,0.076650
2024-07-08T00:00:00+00:00,0.073300
2024-07-08T01:00:00+00:00,0.076590
2024-07-08T02:00:00+00:00,0.075490
2024-07-08T03:00:00+00:00,0.079440
2024-07-08T04:00:00+00:00,0.110000
2024-07-08T05:00:00+00:00,0.123360
2024-07-08T06:00:00+00:00,0.101240
2024-07-08T07:00:00+00:00,0.077860
2024-07-08T08:00:00+00:00,0.054200
2024-07-08T09:00:00+00:00,0.038980
2024-07-08T10:00:00+00:00,0.032140
2024-07-08T11:00:00+00:00,0.029870
2024-07-08T12:00:00+00:00,0.029900
2024-07-08T13:00:00+00:00,0.037270
2024-07-08T14:00:00+00:00,0.063420
2024-07-08T15:00:00+00:00,0.081370
2024-07-08T16:00:00+00:00,0.101520
2024-07-08T17:00:00+00:00,0.135000
2024-07-08T18:00:00+00:00,0.249010
2024-07-08T19:00:00+00:00,0.169230
2024-07-08T20:00:00+00:00,0.113730
2024-07-08T21:00:00+00:00,0.091880
2024-07-08T22:00:00+00:00,0.101690
2024-07-08T23:00:00+00:00,0.091070
2024-07-09T00:00:00+00:00,0.086980
2024-07-09T01:00:00+00:00,0.083520
2024-07-09T02:00:00+00:00,0.080170
2024-07-09T03:00:00+00:00,0.088890
2024-07-09T04:00:00+00:00,0.101920
2024-07-09T05:00:00+00:00,0.100120
2024-07-09T06:00:00+00:00,0.091700
2024-07-09T07:00:00+00:00,0.067020
2024-07-09T08:00:00+00:00,0.046630
2024-07-09T09:00:00+00:00,0.033710
2024-07-09T10:00:00+00:00,0.021950
2024-07-09T11:00:00+00:00,0.006570
2024-07-09T12:00:00+00:00,0.004340
2024-07-09T13:00:00+00:00,0.011170
2024-07-09T14:00:00+00:00,0.049320
2024-07-09T15:00:00+00:00,0.079470
2024-07-09T16:00:00+00:00,0.101490
2024-07-09T17:00:00+00:00,0.143600
2024-07-09T18:00:00+00:00,0.143130
2024-07-09T19:00:00+00:00,0.108680
2024-07-09T20:00:00+00:00,0.087390
2024-07-09T21:00:00+00:00,0.100000
2024-07-09T22:00:00+00:00,0.099900
2024-07-09T23:00:00+00:00,0.079900
2024-07-10T00:00:00+00:00,0.095000
2024-07-10T01:00:00+00:00,0.076300
2024-07-10T02:00:00+00:00,0.060100
2024-07-10T03:00:00+00:00,0.065320
2024-07-10T04:00:00+00:00,0.083370
2024-07-10T05:00:00+00:00,0.104570
2024-07-10T06:00:00+00:00,0.102000
2024-07-10T07:00:00+00:00,0.084930
2024-07-10T08:00:00+00:00,0.065000
2024-07-10T09:00:00+00:00,0.055770
2024-07-10T10:00:00+00:00,0.047130
2024-07-10T11:00:00+00:00,0.036680
2024-07-10T12:00:00+00:00,0.027150
2024-07-10T13:00:00+00:00,-0.001000
2024-07-10T14:00:00+00:00,0.001330
2024-07-10T15:00:00+00:00,0.035220
2024-07-10T16:00:00+00:00,0.079770
2024-07-10T17:00:00+00:00,0.099720
2024-07-10T18:00:00+00:00,0.117000
2024-07-10T19:00:00+00:00,0.150510
2024-07-10T20:00:00+00:00,0.113340
2024-07-10T21:00:00+00:00,0.093550
2024-07-10T22:00:00+00:00,0.095910
2024-07-10T23:00:00+00:00,0.079700
2024-07-11T00:00:00+00:00,0.077000
2024-07-11T01:00:00+00:00,0.078480
2024-07-11T02:00:00+00:00,0.078580
2024-07-11T03:00:00+00:00,0.081890
2024-07-11T04:00:00+00:00,0.107460
2024-07-11T05:00:00+00:00,0.112910
2024-07-11T06:00:00+00:00,0.105150
2024-07-11T07:00:00+00:00,0.089430
2024-07-11T08:00:00+00:00,0.080810
2024-07-11T09:00:00+00:00,0.067390
2024-07-11T10:00:00+00:00,0.058000
2024-07-11T11:00:00+00:00,0.047960
2024-07-11T12:00:00+00:00,0.044390
2024-07-11T13:00:00+00:00,0.051060
2024-07-11T14:00:00+00:00,0.062120
2024-07-11T15:00:00+00:00,0.079340
2024-07-11T16:00:00+00:00,0.091990
2024-07-11T17:00:00+00:00,0.117000
2024-07-11T18:00:00+00:00,0.178120
2024-07-11T19:00:00+00:00,0.162170
2024-07-11T20:00:00+00:00,0.121300
2024-07-11T21:00:00+00:00,0.098690
2024-07-11T22:00:00+00:00,0.100300
2024-07-11T23:00:00+00:00,0.084380
2024-07-12T00:00:00+00:00,0.080600
2024-07-12T01:00:00+00:00,0.079980
2024-07-12T02:00:00+00:00,0.076400
2024-07-12T03:00:00+00:00,0.079370
2024-07-12T04:00:00+00:00,0.100120
2024-07-12T05:00:00+00:00,0.106090
2024-07-12T06:00:00+00:00,0.105540
2024-07-12T07:00:00+00:00,0.097850
2024-07-12T08:00:00+00:00,0.089290
2024-07-12T09:00:00+00:00,0.085500
2024-07-12T10:00:00+00:00,0.080000
2024-07-12T11:00:00+00:00,0.074710
2024-07-12T12:00:00+00:00,0.074780
2024-07-12T13:00:00+00:00,0.075590
2024-07-12T14:00:00+00:00,0.074010
2024-07-12T15:00:00+00:00,0.077010
2024-07-12T16:00:00+00:00,0.087940
2024-07-12T17:00:00+00:00,0.096620
2024-07-12T18:00:00+00:00,0.091600
2024-07-12T19:00:00+00:00,0.095000
2024-07-12T20:00:00+00:00,0.086150
2024-07-12T21:00:00+00:00,0.079430
2024-07-12T22:00:00+00:00,0.090000
2024-07-12T23:00:00+00:00,0.075000
2024-07-13T00:00:00+00:00,0.071250
2024-07-13T01:00:00+00:00,0.038000
2024-07-13T02:00:00+00:00,0.032900
2024-07-13T03:00:00+00:00,0.031220
2024-07-13T04:00:00+00:00,0.031100
2024-07-13T05:00:00+00:00,0.027970
2024-07-13T06:00:00+00:00,0.026600
2024-07-13T07:00:00+00:00,0.020970
2024-07-13T08:00:00+00:00,0.005160
2024-07-13T09:00:00+00:00,0.000040
2024-07-13T10:00:00+00:00,-0.000010
2024-07-13T11:00:00+00:00,-0.004980
2024-07-13T12:00:00+00:00,-0.014840
2024-07-13T13:00:00+00:00,-0.011350
2024-07-13T14:00:00+00:00,-0.003230
2024-07-13T15:00:00+00:00,0.000380
2024-07-13T16:00:00+00:00,0.029390
2024-07-13T17:00:00+00:00,0.051440
2024-07-13T18:00:00+00:00,0.075960
2024-07-13T19:00:00+00:00,0.076590
2024-07-13T20:00:00+00:00,0.079270
2024-07-13T21:00:00+00:00,0.067370
2024-07-13T22:00:00+00:00,0.089060
2024-07-13T23:00:00+00:00,0.063340
2024-07-14T00:00:00+00:00,0.055560
2024-07-14T01:00:00+00:00,0.044430
2024-07-14T02:00:00+00:00,0.037970
2024-07-14T03:00:00+00:00,0.037000
2024-07-14T04:00:00+00:00,0.031770
2024-07-14T05:00:00+00:00,0.014280
2024-07-14T06:00:00+00:00,0.000290
2024-07-14T07:00:00+00:00,-0.003300
2024-07-14T08:00:00+00:00,-0.021000
2024-07-14T09:00:00+00:00,-0.039960
2024-07-14T10:00:00+00:00,-0.059420
2024-07-14T11:00:00+00:00,-0.073630
2024-07-14T12:00:00+00:00,-0.073850
2024-07-14T13:00:00+00:00,-0.051630
2024-07-14T14:00:00+00:00,-0.019460
2024-07-14T15:00:00+00:00,-0.000510
2024-07-14T16:00:00+00:00,0.040610
2024-07-14T17:00:00+00:00,0.087760
2024-07-14T18:00:00+00:00,0.112800
2024-07-14T19:00:00+00:00,0.108030
2024-07-14T20:00:00+00:00,0.106610
2024-07-14T21:00:00+00:00,0.087330
2024-07-14T22:00:00+00:00,0.079630
2024-07-14T23:00:00+00:00,0.068800
2024-07-15T00:00:00+00:00,0.068800
2024-07-15T01:00:00+00:00,0.072000
2024-07-15T02:00:00+00:00,0.089900
2024-07-15T03:00:00+00:00,0.094900
2024-07-15T04:00:00+00:00,0.113600
2024-07-15T05:00:00+00:00,0.130200
2024-07-15T06:00:00+00:00,0.089230
2024-07-15T07:00:00+00:00,0.060370
2024-07-15T08:00:00+00:00,0.036350
2024-07-15T09:00:00+00:00,0.012150
2024-07-15T10:00:00+00:00,0.000640
2024-07-15T11:00:00+00:00,-0.000840
2024-07-15T12:00:00+00:00,-0.001520
2024-07-15T13:00:00+00:00,0.003540
2024-07-15T14:00:00+00:00,0.041050
2024-07-15T15:00:00+00:00,0.077060
2024-07-15T16:00:00+00:00,0.108820
2024-07-15T17:00:00+00:00,0.191770
2024-07-15T18:00:00+00:00,0.214240
2024-07-15T19:00:00+00:00,0.140160
2024-07-15T20:00:00+00:00,0.093090
2024-07-15T21:00:00+00:00,0.080180
2024-07-15T22:00:00+00:00,0.072590
2024-07-15T23:00:00+00:00,0.058160
2024-07-16T00:00:00+00:00,0.049900
2024-07-16T01:00:00+00:00,0.036200
2024-07-16T02:00:00+00:00,0.036280
2024-07-16T03:00:00+00:00,0.047040
2024-07-16T04:00:00+00:00,0.074560
2024-07-16T05:00:00+00:00,0.079480
2024-07-16T06:00:00+00:00,0.076170
2024-07-16T07:00:00+00:00,0.010000
2024-07-16T08:00:00+00:00,-0.003000
2024-07-16T09:00:00+00:00,-0.010000
2024-07-16T10:00:00+00:00,-0.010090
2024-07-16T11:00:00+00:00,-0.010100
2024-07-16T12:00:00+00:00,-0.010070
2024-07-16T13:00:00+00:00,-0.010080
2024-07-16T14:00:00+00:00,-0.010000
2024-07-16T15:00:00+00:00,0.024900
2024-07-16T16:00:00+00:00,0.063980
2024-07-16T17:00:00+00:00,0.089100
2024-07-16T18:00:00+00:00,0.121370
2024-07-16T19:00:00+00:00,0.114680
2024-07-16T20:00:00+00:00,0.106250
2024-07-16T21:00:00+00:00,0.085100
2024-07-16T22:00:00+00:00,0.087600
2024-07-16T23:00:00+00:00,0.073080
2024-07-17T00:00:00+00:00,0.072870
2024-07-17T01:00:00+00:00,0.070560
2024-07-17T02:00:00+00:00,0.071080
2024-07-17T03:00:00+00:00,0.077510
2024-07-17T04:00:00+00:00,0.090050
2024-07-17T05:00:00+00:00,0.100120
2024-07-17T06:00:00+00:00,0.105700
2024-07-17T07:00:00+00:00,0.078040
2024-07-17T08:00:00+00:00,0.059340
2024-07-17T09:00:00+00:00,0.042650
2024-07-17T10:00:00+00:00,0.033530
2024-07-17T11:00:00+00:00,0.022710
2024-07-17T12:00:00+00:00,0.011890
2024-07-17T13:00:00+00:00,0.014290
2024-07-17T14:00:00+00:00,0.040130
2024-07-17T15:00:00+00:00,0.063000
2024-07-17T16:00:00+00:00,0.084930
2024-07-17T17:00:00+00:00,0.109630
2024-07-17T18:00:00+00:00,0.182610
2024-07-17T19:00:00+00:00,0.142630
2024-07-17T20:00:00+00:00,0.115970
2024-07-17T21:00:00+00:00,0.092170
2024-07-17T22:00:00+00:00,0.090260
2024-07-17T23:00:00+00:00,0.080340
2024-07-18T00:00:00+00:00,0.077430
2024-07-18T01:00:00+00:00,0.078010
2024-07-18T02:00:00+00:00,0.077520
2024-07-18T03:00:00+00:00,0.090220
2024-07-18T04:00:00+00:00,0.116000
2024-07-18T05:00:00+00:00,0.106560
2024-07-18T06:00:00+00:00,0.097220
2024-07-18T07:00:00+00:00,0.079900
2024-07-18T08:00:00+00:00,0.064820
2024-07-18T09:00:00+00:00,0.048130
2024-07-18T10:00:00+00:00,0.035850
2024-07-18T11:00:00+00:00,0.034860
2024-07-18T12:00:00+00:00,0.038020
2024-07-18T13:00:00+00:00,0.049910
2024-07-18T14:00:00+00:00,0.068590
2024-07-18T15:00:00+00:00,0.086070
2024-07-18T16:00:00+00:00,0.096110
2024-07-18T17:00:00+00:00,0.130360
2024-07-18T18:00:00+00:00,0.212020
2024-07-18T19:00:00+00:00,0.176730
2024-07-18T20:00:00+00:00,0.119960
2024-07-18T21:00:00+00:00,0.102000
2024-07-18T22:00:00+00:00,0.090320
2024-07-18T23:00:00+00:00,0.080520
2024-07-19T00:00:00+00:00,0.079980
2024-07-19T01:00:00+00:00,0.078210
2024-07-19T02:00:00+00:00,0.081280
2024-07-19T03:00:00+00:00,0.089410
2024-07-19T04:00:00+00:00,0.110890
2024-07-19T05:00:00+00:00,0.108670
2024-07-19T06:00:00+00:00,0.098400
2024-07-19T07:00:00+00:00,0.081430
2024-07-19T08:00:00+00:00,0.070280
2024-07-19T09:00:00+00:00,0.059520
2024-07-19T10:00:00+00:00,0.045130
2024-07-19T11:00:00+00:00,0.037090
2024-07-19T12:00:00+00:00,0.036810
2024-07-19T13:00:00+00:00,0.043250
2024-07-19T14:00:00+00:00,0.065000
2024-07-19T15:00:00+00:00,0.077590
2024-07-19T16:00:00+00:00,0.091150
2024-07-19T17:00:00+00:00,0.119040
2024-07-19T18:00:00+00:00,0.181120
2024-07-19T19:00:00+00:00,0.120960
2024-07-19T20:00:00+00:00,0.107060
2024-07-19T21:00:00+00:00,0.091670
2024-07-19T22:00:00+00:00,0.095000
2024-07-19T23:00:00+00:00,0.089660
2024-07-20T00:00:00+00:00,0.088000
2024-07-20T01:00:00+00:00,0.089880
2024-07-20T02:00:00+00:00,0.094240
2024-07-20T03:00:00+00:00,0.093800
2024-07-20T04:00:00+00:00,0.088450
2024-07-20T05:00:00+00:00,0.081680
2024-07-20T06:00:00+00:00,0.068110
2024-07-20T07:00:00+00:00,0.049890
2024-07-20T08:00:00+00:00,0.005150
2024-07-20T09:00:00+00:00,-0.000970
2024-07-20T10:00:00+00:00,-0.005400
2024-07-20T11:00:00+00:00,-0.005070
2024-07-20T12:00:00+00:00,-0.004000
2024-07-20T13:00:00+00:00,-0.003300
2024-07-20T14:00:00+00:00,0.001430
2024-07-20T15:00:00+00:00,0.052290
2024-07-20T16:00:00+00:00,0.085000
2024-07-20T17:00:00+00:00,0.107950
2024-07-20T18:00:00+00:00,0.136360
2024-07-20T19:00:00+00:00,0.112540
2024-07-20T20:00:00+00:00,0.126300
2024-07-20T21:00:00+00:00,0.090930
2024-07-20T22:00:00+00:00,0.089000
2024-07-20T23:00:00+00:00,0.091100
2024-07-21T00:00:00+00:00,0.083000
2024-07-21T01:00:00+00:00,0.090000
2024-07-21T02:00:00+00:00,0.086400
2024-07-21T03:00:00+00:00,0.100000
2024-07-21T04:00:00+00:00,0.073900
2024-07-21T05:00:00+00:00,0.056530
2024-07-21T06:00:00+00:00,0.064900
2024-07-21T07:00:00+00:00,0.019700
2024-07-21T08:00:00+00:00,0.000090
2024-07-21T09:00:00+00:00,0.000030
2024-07-21T10:00:00+00:00,0.000020
2024-07-21T11:00:00+00:00,-0.000060
2024-07-21T12:00:00+00:00,-0.000180
2024-07-21T13:00:00+00:00,0.000070
2024-07-21T14:00:00+00:00,0.000270
2024-07-21T15:00:00+00:00,0.051720
2024-07-21T16:00:00+00:00,0.080450
2024-07-21T17:00:00+00:00,0.098500
2024-07-21T18:00:00+00:00,0.122510
2024-07-21T19:00:00+00:00,0.124530
2024-07-21T20:00:00+00:00,0.107920
2024-07-21T21:00:00+00:00,0.090160
2024-07-21T22:00:00+00:00,0.116110
2024-07-21T23:00:00+00:00,0.091510
2024-07-22T00:00:00+00:00,0.083700
2024-07-22T01:00:00+00:00,0.085000
2024-07-22T02:00:00+00:00,0.081840
2024-07-22T03:00:00+00:00,0.079320
2024-07-22T04:00:00+00:00,0.108710
2024-07-22T05:00:00+00:00,0.120090
2024-07-22T06:00:00+00:00,0.114280
2024-07-22T07:00:00+00:00,0.087100
2024-07-22T08:00:00+00:00,0.050000
2024-07-22T09:00:00+00:00,0.014230
2024-07-22T10:00:00+00:00,0.025610
2024-07-22T11:00:00+00:00,0.021120
2024-07-22T12:00:00+00:00,0.017420
2024-07-22T13:00:00+00:00,0.017490
2024-07-22T14:00:00+00:00,0.021800
2024-07-22T15:00:00+00:00,0.063320
2024-07-22T16:00:00+00:00,0.079900
2024-07-22T17:00:00+00:00,0.099910
2024-07-22T18:00:00+00:00,0.139870
2024-07-22T19:00:00+00:00,0.140260
2024-07-22T20:00:00+00:00,0.109970
2024-07-22T21:00:00+00:00,0.095520
2024-07-22T22:00:00+00:00,0.082850
2024-07-22T23:00:00+00:00,0.073650
2024-07-23T00:00:00+00:00,0.073390
2024-07-23T01:00:00+00:00,0.068130
2024-07-23T02:00:00+00:00,0.070560
2024-07-23T03:00:00+00:00,0.073680
2024-07-23T04:00:00+00:00,0.099900
2024-07-23T05:00:00+00:00,0.116000
2024-07-23T06:00:00+00:00,0.110450
2024-07-23T07:00:00+00:00,0.086480
2024-07-23T08:00:00+00:00,0.068870
2024-07-23T09:00:00+00:00,0.058200
2024-07-23T10:00:00+00:00,0.036480
2024-07-23T11:00:00+00:00,0.032430
2024-07-23T12:00:00+00:00,0.029320
2024-07-23T13:00:00+00:00,0.032720
2024-07-23T14:00:00+00:00,0.046200
2024-07-23T15:00:00+00:00,0.075400
2024-07-23T16:00:00+00:00,0.082410
2024-07-23T17:00:00+00:00,0.096030
2024-07-23T18:00:00+00:00,0.116930
2024-07-23T19:00:00+00:00,0.102010
2024-07-23T20:00:00+00:00,0.100350
2024-07-23T21:00:00+00:00,0.091700
2024-07-23T22:00:00+00:00,0.083510
2024-07-23T23:00:00+00:00,0.078330
2024-07-24T00:00:00+00:00,0.073000
2024-07-24T01:00:00+00:00,0.073600
2024-07-24T02:00:00+00:00,0.084800
2024-07-24T03:00:00+00:00,0.073620
2024-07-24T04:00:00+00:00,0.094720
2024-07-24T05:00:00+00:00,0.112940
2024-07-24T06:00:00+00:00,0.099050
2024-07-24T07:00:00+00:00,0.072860
2024-07-24T08:00:00+00:00,0.054640
2024-07-24T09:00:00+00:00,0.020090
2024-07-24T10:00:00+00:00,0.000000
2024-07-24T11:00:00+00:00,-0.001970
2024-07-24T12:00:00+00:00,-0.010000
2024-07-24T13:00:00+00:00,-0.003590
2024-07-24T14:00:00+00:00,0.001810
2024-07-24T15:00:00+00:00,0.039680
2024-07-24T16:00:00+00:00,0.068700
2024-07-24T17:00:00+00:00,0.096870
2024-07-24T18:00:00+00:00,0.110510
2024-07-24T19:00:00+00:00,0.121470
2024-07-24T20:00:00+00:00,0.109010
2024-07-24T21:00:00+00:00,0.093660
2024-07-24T22:00:00+00:00,0.092550
2024-07-24T23:00:00+00:00,0.087200
2024-07-25T00:00:00+00:00,0.084900
2024-07-25T01:00:00+00:00,0.079920
2024-07-25T02:00:00+00:00,0.076400
2024-07-25T03:00:00+00:00,0.092530
2024-07-25T04:00:00+00:00,0.106160
2024-07-25T05:00:00+00:00,0.109030
2024-07-25T06:00:00+00:00,0.090980
2024-07-25T07:00:00+00:00,0.071980
2024-07-25T08:00:00+00:00,0.055080
2024-07-25T09:00:00+00:00,0.036950
2024-07-25T10:00:00+00:00,0.024310
2024-07-25T11:00:00+00:00,0.017360
2024-07-25T12:00:00+00:00,0.013270
2024-07-25T13:00:00+00:00,0.026200
2024-07-25T14:00:00+00:00,0.053800
2024-07-25T15:00:00+00:00,0.080000
2024-07-25T16:00:00+00:00,0.097000
2024-07-25T17:00:00+00:00,0.119900
2024-07-25T18:00:00+00:00,0.148300
2024-07-25T19:00:00+00:00,0.129970
2024-07-25T20:00:00+00:00,0.100000
2024-07-25T21:00:00+00:00,0.084950
2024-07-25T22:00:00+00:00,0.081000
2024-07-25T23:00:00+00:00,0.073500
2024-07-26T00:00:00+00:00,0.075010
2024-07-26T01:00:00+00:00,0.077500
2024-07-26T02:00:00+00:00,0.076900
2024-07-26T03:00:00+00:00,0.079990
2024-07-26T04:00:00+00:00,0.094760
2024-07-26T05:00:00+00:00,0.110200
2024-07-26T06:00:00+00:00,0.100560
2024-07-26T07:00:00+00:00,0.094800
2024-07-26T08:00:00+00:00,0.088720
2024-07-26T09:00:00+00:00,0.078190
2024-07-26T10:00:00+00:00,0.069160
2024-07-26T11:00:00+00:00,0.059400
2024-07-26T12:00:00+00:00,0.050000
2024-07-26T13:00:00+00:00,0.060490
2024-07-26T14:00:00+00:00,0.071140
2024-07-26T15:00:00+00:00,0.088190
2024-07-26T16:00:00+00:00,0.094990
2024-07-26T17:00:00+00:00,0.109900
2024-07-26T18:00:00+00:00,0.146090
2024-07-26T19:00:00+00:00,0.138390
2024-07-26T20:00:00+00:00,0.106460
2024-07-26T21:00:00+00:00,0.097900
2024-07-26T22:00:00+00:00,0.103880
2024-07-26T23:00:00+00:00,0.103030
2024-07-27T00:00:00+00:00,0.096890
2024-07-27T01:00:00+00:00,0.094810
2024-07-27T02:00:00+00:00,0.092790
2024-07-27T03:00:00+00:00,0.090190
2024-07-27T04:00:00+00:00,0.087090
2024-07-27T05:00:00+00:00,0.082410
2024-07-27T06:00:00+00:00,0.084690
2024-07-27T07:00:00+00:00,0.066380
2024-07-27T08:00:00+00:00,0.059830
2024-07-27T09:00:00+00:00,0.039900
2024-07-27T10:00:00+00:00,0.028000
2024-07-27T11:00:00+00:00,0.017800
2024-07-27T12:00:00+00:00,0.017920
2024-07-27T13:00:00+00:00,0.032200
2024-07-27T14:00:00+00:00,0.058560
2024-07-27T15:00:00+00:00,0.084040
2024-07-27T16:00:00+00:00,0.103010
2024-07-27T17:00:00+00:00,0.115660
2024-07-27T18:00:00+00:00,0.121760
2024-07-27T19:00:00+00:00,0.120430
2024-07-27T20:00:00+00:00,0.107510
2024-07-27T21:00:00+00:00,0.097430
2024-07-27T22:00:00+00:00,0.107000
2024-07-27T23:00:00+00:00,0.094590
2024-07-28T00:00:00+00:00,0.087600
2024-07-28T01:00:00+00:00,0.081530
2024-07-28T02:00:00+00:00,0.080550
2024-07-28T03:00:00+00:00,0.077240
2024-07-28T04:00:00+00:00,0.075530
2024-07-28T05:00:00+00:00,0.067450
2024-07-28T06:00:00+00:00,0.025490
2024-07-28T07:00:00+00:00,0.004840
2024-07-28T08:00:00+00:00,0.000000
2024-07-28T09:00:00+00:00,-0.004900
2024-07-28T10:00:00+00:00,-0.032910
2024-07-28T11:00:00+00:00,-0.064130
2024-07-28T12:00:00+00:00,-0.060000
2024-07-28T13:00:00+00:00,-0.033600
2024-07-28T14:00:00+00:00,-0.013200
2024-07-28T15:00:00+00:00,-0.001910
2024-07-28T16:00:00+00:00,0.040000
2024-07-28T17:00:00+00:00,0.090400
2024-07-28T18:00:00+00:00,0.109380
2024-07-28T19:00:00+00:00,0.112380
2024-07-28T20:00:00+00:00,0.103120
2024-07-28T21:00:00+00:00,0.083010
2024-07-28T22:00:00+00:00,0.078060
2024-07-28T23:00:00+00:00,0.074420
2024-07-29T00:00:00+00:00,0.070800
2024-07-29T01:00:00+00:00,0.073040
2024-07-29T02:00:00+00:00,0.076420
2024-07-29T03:00:00+00:00,0.096950
2024-07-29T04:00:00+00:00,0.130900
2024-07-29T05:00:00+00:00,0.109200
2024-07-29T06:00:00+00:00,0.090190
2024-07-29T07:00:00+00:00,0.063200
2024-07-29T08:00:00+00:00,0.012000
2024-07-29T09:00:00+00:00,-0.003450
2024-07-29T10:00:00+00:00,-0.000230
2024-07-29T11:00:00+00:00,-0.003000
2024-07-29T12:00:00+00:00,-0.000980
2024-07-29T13:00:00+00:00,-0.000390
2024-07-29T14:00:00+00:00,0.013400
2024-07-29T15:00:00+00:00,0.064160
2024-07-29T16:00:00+00:00,0.095700
2024-07-29T17:00:00+00:00,0.119720
2024-07-29T18:00:00+00:00,0.172200
2024-07-29T19:00:00+00:00,0.130100
2024-07-29T20:00:00+00:00,0.106970
2024-07-29T21:00:00+00:00,0.090200
2024-07-29T22:00:00+00:00,0.076320
2024-07-29T23:00:00+00:00,0.074190
2024-07-30T00:00:00+00:00,0.076180
2024-07-30T01:00:00+00:00,0.080820
2024-07-30T02:00:00+00:00,0.085380
2024-07-30T03:00:00+00:00,0.100240
2024-07-30T04:00:00+00:00,0.110880
2024-07-30T05:00:00+00:00,0.108950
2024-07-30T06:00:00+00:00,0.098410
2024-07-30T07:00:00+00:00,0.067100
2024-07-30T08:00:00+00:00,0.037520
2024-07-30T09:00:00+00:00,0.007840
2024-07-30T10:00:00+00:00,0.001000
2024-07-30T11:00:00+00:00,-0.000060
2024-07-30T12:00:00+00:00,-0.000060
2024-07-30T13:00:00+00:00,0.013110
2024-07-30T14:00:00+00:00,0.040740
2024-07-30T15:00:00+00:00,0.077310
2024-07-30T16:00:00+00:00,0.102190
2024-07-30T17:00:00+00:00,0.126760
2024-07-30T18:00:00+00:00,0.164680
2024-07-30T19:00:00+00:00,0.144620
2024-07-30T20:00:00+00:00,0.114590
2024-07-30T21:00:00+00:00,0.099040
2024-07-30T22:00:00+00:00,0.098550
2024-07-30T23:00:00+00:00,0.086200
2024-07-31T00:00:00+00:00,0.083820
2024-07-31T01:00:00+00:00,0.077320
2024-07-31T02:00:00+00:00,0.085100
2024-07-31T03:00:00+00:00,0.094120
2024-07-31T04:00:00+00:00,0.105050
2024-07-31T05:00:00+00:00,0.109690
2024-07-31T06:00:00+00:00,0.095260
2024-07-31T07:00:00+00:00,0.078830
2024-07-31T08:00:00+00:00,0.055890
2024-07-31T09:00:00+00:00,0.033460
2024-07-31T10:00:00+00:00,0.022830
2024-07-31T11:00:00+00:00,0.011360
2024-07-31T12:00:00+00:00,0.018370
2024-07-31T13:00:00+00:00,0.030600
2024-07-31T14:00:00+00:00,0.034060
2024-07-31T15:00:00+00:00,0.075800
2024-07-31T16:00:00+00:00,0.095890
2024-07-31T17:00:00+00:00,0.114620
2024-07-31T18:00:00+00:00,0.133630
2024-07-31T19:00:00+00:00,0.112640
2024-07-31T20:00:00+00:00,0.104440
2024-07-31T21:00:00+00:00,0.096560
2024-07-31T22:00:00+00:00,0.096720
2024-07-31T23:00:00+00:00,0.089800
2024-08-01T00:00:00+00:00,0.086760
2024-08-01T01:00:00+00:00,0.080400
2024-08-01T02:00:00+00:00,0.086100
2024-08-01T03:00:00+00:00,0.099100
2024-08-01T04:00:00+00:00,0.114220
2024-08-01T05:00:00+00:00,0.106990
2024-08-01T06:00:00+00:00,0.105950
2024-08-01T07:00:00+00:00,0.090100
2024-08-01T08:00:00+00:00,0.076950
2024-08-01T09:00:00+00:00,0.067640
2024-08-01T10:00:00+00:00,0.064030
2024-08-01T11:00:00+00:00,0.060340
2024-08-01T12:00:00+00:00,0.062130
2024-08-01T13:00:00+00:00,0.070550
2024-08-01T14:00:00+00:00,0.074240
2024-08-01T15:00:00+00:00,0.093780
2024-08-01T16:00:00+00:00,0.099900
2024-08-01T17:00:00+00:00,0.115200
2024-08-01T18:00:00+00:00,0.140100
2024-08-01T19:00:00+00:00,0.123360
2024-08-01T20:00:00+00:00,0.111730
2024-08-01T21:00:00+00:00,0.105330
2024-08-01T22:00:00+00:00,0.093930
2024-08-01T23:00:00+00:00,0.088870
2024-08-02T00:00:00+00:00,0.087800
2024-08-02T01:00:00+00:00,0.082260
2024-08-02T02:00:00+00:00,0.086100
2024-08-02T03:00:00+00:00,0.094440
2024-08-02T04:00:00+00:00,0.109510
2024-08-02T05:00:00+00:00,0.119790
2024-08-02T06:00:00+00:00,0.112750
2024-08-02T07:00:00+00:00,0.104420
2024-08-02T08:00:00+00:00,0.065100
2024-08-02T09:00:00+00:00,0.069080
2024-08-02T10:00:00+00:00,0.063840
2024-08-02T11:00:00+00:00,0.051700
2024-08-02T12:00:00+00:00,0.050230
2024-08-02T13:00:00+00:00,0.050050
2024-08-02T14:00:00+00:00,0.064720
2024-08-02T15:00:00+00:00,0.076910
2024-08-02T16:00:00+00:00,0.099900
2024-08-02T17:00:00+00:00,0.128760
2024-08-02T18:00:00+00:00,0.145730
2024-08-02T19:00:00+00:00,0.116920
2024-08-02T20:00:00+00:00,0.110900
2024-08-02T21:00:00+00:00,0.099400
2024-08-02T22:00:00+00:00,0.100160
2024-08-02T23:00:00+00:00,0.096330
2024-08-03T00:00:00+00:00,0.090700
2024-08-03T01:00:00+00:00,0.086540
2024-08-03T02:00:00+00:00,0.083740
2024-08-03T03:00:00+00:00,0.092100
2024-08-03T04:00:00+00:00,0.099900
2024-08-03T05:00:00+00:00,0.092050
2024-08-03T06:00:00+00:00,0.081190
2024-08-03T07:00:00+00:00,0.062910
2024-08-03T08:00:00+00:00,0.032440
2024-08-03T09:00:00+00:00,0.020360
2024-08-03T10:00:00+00:00,0.014660
2024-08-03T11:00:00+00:00,0.006410
2024-08-03T12:00:00+00:00,0.004100
2024-08-03T13:00:00+00:00,0.012020
2024-08-03T14:00:00+00:00,0.028800
2024-08-03T15:00:00+00:00,0.070700
2024-08-03T16:00:00+00:00,0.099900
2024-08-03T17:00:00+00:00,0.106850
2024-08-03T18:00:00+00:00,0.119900
2024-08-03T19:00:00+00:00,0.130850
2024-08-03T20:00:00+00:00,0.115050
2024-08-03T21:00:00+00:00,0.099900
2024-08-03T22:00:00+00:00,0.106890
2024-08-03T23:00:00+00:00,0.097650
2024-08-04T00:00:00+00:00,0.093880
2024-08-04T01:00:00+00:00,0.088050
2024-08-04T02:00:00+00:00,0.085500
2024-08-04T03:00:00+00:00,0.079060
2024-08-04T04:00:00+00:00,0.077700
2024-08-04T05:00:00+00:00,0.069830
2024-08-04T06:00:00+00:00,0.058980
2024-08-04T07:00:00+00:00,0.026870
2024-08-04T08:00:00+00:00,0.008050
2024-08-04T09:00:00+00:00,0.002050
2024-08-04T10:00:00+00:00,0.000060
2024-08-04T11:00:00+00:00,-0.000040
2024-08-04T12:00:00+00:00,-0.002140
2024-08-04T13:00:00+00:00,-0.000010
2024-08-04T14:00:00+00:00,0.001030
2024-08-04T15:00:00+00:00,0.022450
2024-08-04T16:00:00+00:00,0.072150
2024-08-04T17:00:00+00:00,0.104000
2024-08-04T18:00:00+00:00,0.118800
2024-08-04T19:00:00+00:00,0.122650
2024-08-04T20:00:00+00:00,0.111880
2024-08-04T21:00:00+00:00,0.102930
2024-08-04T22:00:00+00:00,0.103520
2024-08-04T23:00:00+00:00,0.085720
2024-08-05T00:00:00+00:00,0.082300
2024-08-05T01:00:00+00:00,0.085120
2024-08-05T02:00:00+00:00,0.082810
2024-08-05T03:00:00+00:00,0.097020
2024-08-05T04:00:00+00:00,0.118980
2024-08-05T05:00:00+00:00,0.137290
2024-08-05T06:00:00+00:00,0.113420
2024-08-05T07:00:00+00:00,0.102830
2024-08-05T08:00:00+00:00,0.073180
2024-08-05T09:00:00+00:00,0.051440
2024-08-05T10:00:00+00:00,0.031000
2024-08-05T11:00:00+00:00,0.026000
2024-08-05T12:00:00+00:00,0.003310
2024-08-05T13:00:00+00:00,0.027100
2024-08-05T14:00:00+00:00,0.053890
2024-08-05T15:00:00+00:00,0.083600
2024-08-05T16:00:00+00:00,0.102000
2024-08-05T17:00:00+00:00,0.151340
2024-08-05T18:00:00+00:00,0.245230
2024-08-05T19:00:00+00:00,0.170930
2024-08-05T20:00:00+00:00,0.119940
2024-08-05T21:00:00+00:00,0.102750
2024-08-05T22:00:00+00:00,0.101600
2024-08-05T23:00:00+00:00,0.093520
2024-08-06T00:00:00+00:00,0.086610
2024-08-06T01:00:00+00:00,0.082410
2024-08-06T02:00:00+00:00,0.083240
2024-08-06T03:00:00+00:00,0.092440
2024-08-06T04:00:00+00:00,0.118840
2024-08-06T05:00:00+00:00,0.124520
2024-08-06T06:00:00+00:00,0.084330
2024-08-06T07:00:00+00:00,0.073690
2024-08-06T08:00:00+00:00,0.036040
2024-08-06T09:00:00+00:00,0.021110
2024-08-06T10:00:00+00:00,0.015840
2024-08-06T11:00:00+00:00,0.002930
2024-08-06T12:00:00+00:00,0.004760
2024-08-06T13:00:00+00:00,0.019240
2024-08-06T14:00:00+00:00,0.038840
2024-08-06T15:00:00+00:00,0.080750
2024-08-06T16:00:00+00:00,0.105000
2024-08-06T17:00:00+00:00,0.161390
2024-08-06T18:00:00+00:00,0.228200
2024-08-06T19:00:00+00:00,0.168900
2024-08-06T20:00:00+00:00,0.118030
2024-08-06T21:00:00+00:00,0.099220
2024-08-06T22:00:00+00:00,0.090100
2024-08-06T23:00:00+00:00,0.084120
2024-08-07T00:00:00+00:00,0.079100
2024-08-07T01:00:00+00:00,0.084470
2024-08-07T02:00:00+00:00,0.087700
2024-08-07T03:00:00+00:00,0.104360
2024-08-07T04:00:00+00:00,0.126070
2024-08-07T05:00:00+00:00,0.128320
2024-08-07T06:00:00+00:00,0.108150
2024-08-07T07:00:00+00:00,0.087840
2024-08-07T08:00:00+00:00,0.072050
2024-08-07T09:00:00+00:00,0.061480
2024-08-07T10:00:00+00:00,0.036880
2024-08-07T11:00:00+00:00,-0.002880
2024-08-07T12:00:00+00:00,-0.010060
2024-08-07T13:00:00+00:00,-0.010060
2024-08-07T14:00:00+00:00,0.000000
2024-08-07T15:00:00+00:00,0.055000
2024-08-07T16:00:00+00:00,0.105000
2024-08-07T17:00:00+00:00,0.097940
2024-08-07T18:00:00+00:00,0.125930
2024-08-07T19:00:00+00:00,0.134250
2024-08-07T20:00:00+00:00,0.112740
2024-08-07T21:00:00+00:00,0.102780
2024-08-07T22:00:00+00:00,0.096630
2024-08-07T23:00:00+00:00,0.088790
2024-08-08T00:00:00+00:00,0.088520
2024-08-08T01:00:00+00:00,0.088060
2024-08-08T02:00:00+00:00,0.088410
2024-08-08T03:00:00+00:00,0.096110
2024-08-08T04:00:00+00:00,0.110910
2024-08-08T05:00:00+00:00,0.124950
2024-08-08T06:00:00+00:00,0.117760
2024-08-08T07:00:00+00:00,0.106840
2024-08-08T08:00:00+00:00,0.086100
2024-08-08T09:00:00+00:00,0.071600
2024-08-08T10:00:00+00:00,0.050260
2024-08-08T11:00:00+00:00,0.040490
2024-08-08T12:00:00+00:00,0.029990
2024-08-08T13:00:00+00:00,0.038210
2024-08-08T14:00:00+00:00,0.057450
2024-08-08T15:00:00+00:00,0.080220
2024-08-08T16:00:00+00:00,0.101770
2024-08-08T17:00:00+00:00,0.100000
2024-08-08T18:00:00+00:00,0.138770
2024-08-08T19:00:00+00:00,0.135000
2024-08-08T20:00:00+00:00,0.102000
2024-08-08T21:00:00+00:00,0.093560
2024-08-08T22:00:00+00:00,0.098120
2024-08-08T23:00:00+00:00,0.073760
2024-08-09T00:00:00+00:00,0.051880
2024-08-09T01:00:00+00:00,0.036280
2024-08-09T02:00:00+00:00,0.052800
2024-08-09T03:00:00+00:00,0.033490
2024-08-09T04:00:00+00:00,0.079350
2024-08-09T05:00:00+00:00,0.082720
2024-08-09T06:00:00+00:00,0.052480
2024-08-09T07:00:00+00:00,0.030970
2024-08-09T08:00:00+00:00,0.008530
2024-08-09T09:00:00+00:00,0.000210
2024-08-09T10:00:00+00:00,-0.000480
2024-08-09T11:00:00+00:00,-0.000890
2024-08-09T12:00:00+00:00,-0.003000
2024-08-09T13:00:00+00:00,-0.010000
2024-08-09T14:00:00+00:00,-0.008880
2024-08-09T15:00:00+00:00,-0.000900
2024-08-09T16:00:00+00:00,0.040200
2024-08-09T17:00:00+00:00,0.083830
2024-08-09T18:00:00+00:00,0.127010
2024-08-09T19:00:00+00:00,0.132320
2024-08-09T20:00:00+00:00,0.119900
2024-08-09T21:00:00+00:00,0.116000
2024-08-09T22:00:00+00:00,0.087500
2024-08-09T23:00:00+00:00,0.096630
2024-08-10T00:00:00+00:00,0.091930
2024-08-10T01:00:00+00:00,0.089070
2024-08-10T02:00:00+00:00,0.086400
2024-08-10T03:00:00+00:00,0.088920
2024-08-10T04:00:00+00:00,0.097930
2024-08-10T05:00:00+00:00,0.077130
2024-08-10T06:00:00+00:00,0.031950
2024-08-10T07:00:00+00:00,0.000200
2024-08-10T08:00:00+00:00,-0.003000
2024-08-10T09:00:00+00:00,-0.012200
2024-08-10T10:00:00+00:00,-0.022490
2024-08-10T11:00:00+00:00,-0.047560
2024-08-10T12:00:00+00:00,-0.052040
2024-08-10T13:00:00+00:00,-0.030000
2024-08-10T14:00:00+00:00,-0.010080
2024-08-10T15:00:00+00:00,-0.001300
2024-08-10T16:00:00+00:00,0.048770
2024-08-10T17:00:00+00:00,0.107980
2024-08-10T18:00:00+00:00,0.128490
2024-08-10T19:00:00+00:00,0.136910
2024-08-10T20:00:00+00:00,0.119900
2024-08-10T21:00:00+00:00,0.107950
2024-08-10T22:00:00+00:00,0.109410
2024-08-10T23:00:00+00:00,0.107810
2024-08-11T00:00:00+00:00,0.105290
2024-08-11T01:00:00+00:00,0.101460
2024-08-11T02:00:00+00:00,0.105490
2024-08-11T03:00:00+00:00,0.117980
2024-08-11T04:00:00+00:00,0.114340
2024-08-11T05:00:00+00:00,0.084000
2024-08-11T06:00:00+00:00,0.027980
2024-08-11T07:00:00+00:00,0.000000
2024-08-11T08:00:00+00:00,-0.005010
2024-08-11T09:00:00+00:00,-0.014990
2024-08-11T10:00:00+00:00,-0.032930
2024-08-11T11:00:00+00:00,-0.059970
2024-08-11T12:00:00+00:00,-0.050100
2024-08-11T13:00:00+00:00,-0.031400
2024-08-11T14:00:00+00:00,-0.005240
2024-08-11T15:00:00+00:00,0.000660
2024-08-11T16:00:00+00:00,0.090020
2024-08-11T17:00:00+00:00,0.132000
2024-08-11T18:00:00+00:00,0.138930
2024-08-11T19:00:00+00:00,0.127680
2024-08-11T20:00:00+00:00,0.109990
2024-08-11T21:00:00+00:00,0.097280
2024-08-11T22:00:00+00:00,0.104380
2024-08-11T23:00:00+00:00,0.091840
2024-08-12T00:00:00+00:00,0.085300
2024-08-12T01:00:00+00:00,0.085500
2024-08-12T02:00:00+00:00,0.086310
2024-08-12T03:00:00+00:00,0.086410
2024-08-12T04:00:00+00:00,0.112640
2024-08-12T05:00:00+00:00,0.119680
2024-08-12T06:00:00+00:00,0.099390
2024-08-12T07:00:00+00:00,0.063700
2024-08-12T08:00:00+00:00,0.040120
2024-08-12T09:00:00+00:00,0.016040
2024-08-12T10:00:00+00:00,0.000900
2024-08-12T11:00:00+00:00,-0.003000
2024-08-12T12:00:00+00:00,-0.010060
2024-08-12T13:00:00+00:00,0.010000
2024-08-12T14:00:00+00:00,0.048040
2024-08-12T15:00:00+00:00,0.088650
2024-08-12T16:00:00+00:00,0.121230
2024-08-12T17:00:00+00:00,0.198980
2024-08-12T18:00:00+00:00,0.219990
2024-08-12T19:00:00+00:00,0.128920
2024-08-12T20:00:00+00:00,0.106550
2024-08-12T21:00:00+00:00,0.099990
2024-08-12T22:00:00+00:00,0.099380
2024-08-12T23:00:00+00:00,0.087720
2024-08-13T00:00:00+00:00,0.085590
2024-08-13T01:00:00+00:00,0.087200
2024-08-13T02:00:00+00:00,0.089000
2024-08-13T03:00:00+00:00,0.099360
2024-08-13T04:00:00+00:00,0.124210
2024-08-13T05:00:00+00:00,0.132320
2024-08-13T06:00:00+00:00,0.117890
2024-08-13T07:00:00+00:00,0.100100
2024-08-13T08:00:00+00:00,0.073980
2024-08-13T09:00:00+00:00,0.056030
2024-08-13T10:00:00+00:00,0.043010
2024-08-13T11:00:00+00:00,0.040500
2024-08-13T12:00:00+00:00,0.048000
2024-08-13T13:00:00+00:00,0.064160
2024-08-13T14:00:00+00:00,0.085100
2024-08-13T15:00:00+00:00,0.102930
2024-08-13T16:00:00+00:00,0.118300
2024-08-13T17:00:00+00:00,0.189460
2024-08-13T18:00:00+00:00,0.192840
2024-08-13T19:00:00+00:00,0.126690
2024-08-13T20:00:00+00:00,0.112000
2024-08-13T21:00:00+00:00,0.104920
2024-08-13T22:00:00+00:00,0.087880
2024-08-13T23:00:00+00:00,0.089900
2024-08-14T00:00:00+00:00,0.086600
2024-08-14T01:00:00+00:00,0.090300
2024-08-14T02:00:00+00:00,0.090420
2024-08-14T03:00:00+00:00,0.103110
2024-08-14T04:00:00+00:00,0.124380
2024-08-14T05:00:00+00:00,0.132430
2024-08-14T06:00:00+00:00,0.122610
2024-08-14T07:00:00+00:00,0.113290
2024-08-14T08:00:00+00:00,0.100000
2024-08-14T09:00:00+00:00,0.094300
2024-08-14T10:00:00+00:00,0.083040
2024-08-14T11:00:00+00:00,0.077000
2024-08-14T12:00:00+00:00,0.074740
2024-08-14T13:00:00+00:00,0.079320
2024-08-14T14:00:00+00:00,0.091020
2024-08-14T15:00:00+00:00,0.100800
2024-08-14T16:00:00+00:00,0.111480
2024-08-14T17:00:00+00:00,0.155000
2024-08-14T18:00:00+00:00,0.205380
2024-08-14T19:00:00+00:00,0.143890
2024-08-14T20:00:00+00:00,0.118650
2024-08-14T21:00:00+00:00,0.108000
2024-08-14T22:00:00+00:00,0.104500
2024-08-14T23:00:00+00:00,0.102710
2024-08-15T00:00:00+00:00,0.098370
2024-08-15T01:00:00+00:00,0.089370
2024-08-15T02:00:00+00:00,0.090000
2024-08-15T03:00:00+00:00,0.102050
2024-08-15T04:00:00+00:00,0.112160
2024-08-15T05:00:00+00:00,0.112660
2024-08-15T06:00:00+00:00,0.104840
2024-08-15T07:00:00+00:00,0.080110
2024-08-15T08:00:00+00:00,0.052590
2024-08-15T09:00:00+00:00,0.018310
2024-08-15T10:00:00+00:00,0.009910
2024-08-15T11:00:00+00:00,-0.000140
2024-08-15T12:00:00+00:00,-0.000200
2024-08-15T13:00:00+00:00,-0.003000
2024-08-15T14:00:00+00:00,-0.010050
2024-08-15T15:00:00+00:00,0.029900
2024-08-15T16:00:00+00:00,0.100590
2024-08-15T17:00:00+00:00,0.109400
2024-08-15T18:00:00+00:00,0.126950
2024-08-15T19:00:00+00:00,0.121470
2024-08-15T20:00:00+00:00,0.111400
2024-08-15T21:00:00+00:00,0.093540
2024-08-15T22:00:00+00:00,0.084000
2024-08-15T23:00:00+00:00,0.073110
2024-08-16T00:00:00+00:00,0.083450
2024-08-16T01:00:00+00:00,0.082100
2024-08-16T02:00:00+00:00,0.084220
2024-08-16T03:00:00+00:00,0.089030
2024-08-16T04:00:00+00:00,0.120420
2024-08-16T05:00:00+00:00,0.126530
2024-08-16T06:00:00+00:00,0.120000
2024-08-16T07:00:00+00:00,0.110010
2024-08-16T08:00:00+00:00,0.100000
2024-08-16T09:00:00+00:00,0.089600
2024-08-16T10:00:00+00:00,0.074390
2024-08-16T11:00:00+00:00,0.053500
2024-08-16T12:00:00+00:00,0.047710
2024-08-16T13:00:00+00:00,0.054250
2024-08-16T14:00:00+00:00,0.078490
2024-08-16T15:00:00+00:00,0.096970
2024-08-16T16:00:00+00:00,0.125760
2024-08-16T17:00:00+00:00,0.208730
2024-08-16T18:00:00+00:00,0.219250
2024-08-16T19:00:00+00:00,0.160790
2024-08-16T20:00:00+00:00,0.131750
2024-08-16T21:00:00+00:00,0.116180
2024-08-16T22:00:00+00:00,0.107100
2024-08-16T23:00:00+00:00,0.105740
2024-08-17T00:00:00+00:00,0.100810
2024-08-17T01:00:00+00:00,0.098000
2024-08-17T02:00:00+00:00,0.103020
2024-08-17T03:00:00+00:00,0.103290
2024-08-17T04:00:00+00:00,0.100830
2024-08-17T05:00:00+00:00,0.098230
2024-08-17T06:00:00+00:00,0.099750
2024-08-17T07:00:00+00:00,0.081670
2024-08-17T08:00:00+00:00,0.068990
2024-08-17T09:00:00+00:00,0.048000
2024-08-17T10:00:00+00:00,0.033000
2024-08-17T11:00:00+00:00,0.027100
2024-08-17T12:00:00+00:00,0.019280
2024-08-17T13:00:00+00:00,0.030550
2024-08-17T14:00:00+00:00,0.056060
2024-08-17T15:00:00+00:00,0.084590
2024-08-17T16:00:00+00:00,0.112580
2024-08-17T17:00:00+00:00,0.132770
2024-08-17T18:00:00+00:00,0.141820
2024-08-17T19:00:00+00:00,0.125030
2024-08-17T20:00:00+00:00,0.116110
2024-08-17T21:00:00+00:00,0.105690
2024-08-17T22:00:00+00:00,0.107440
2024-08-17T23:00:00+00:00,0.106140
2024-08-18T00:00:00+00:00,0.100000
2024-08-18T01:00:00+00:00,0.098610
2024-08-18T02:00:00+00:00,0.096700
2024-08-18T03:00:00+00:00,0.096100
2024-08-18T04:00:00+00:00,0.092300
2024-08-18T05:00:00+00:00,0.086930
2024-08-18T06:00:00+00:00,0.083150
2024-08-18T07:00:00+00:00,0.075350
2024-08-18T08:00:00+00:00,0.062560
2024-08-18T09:00:00+00:00,0.015300
2024-08-18T10:00:00+00:00,0.008930
2024-08-18T11:00:00+00:00,0.010000
2024-08-18T12:00:00+00:00,0.000000
2024-08-18T13:00:00+00:00,0.000000
2024-08-18T14:00:00+00:00,0.017300
2024-08-18T15:00:00+00:00,0.068410
2024-08-18T16:00:00+00:00,0.083960
2024-08-18T17:00:00+00:00,0.104780
2024-08-18T18:00:00+00:00,0.111730
2024-08-18T19:00:00+00:00,0.109970
2024-08-18T20:00:00+00:00,0.111450
2024-08-18T21:00:00+00:00,0.099510
2024-08-18T22:00:00+00:00,0.097390
2024-08-18T23:00:00+00:00,0.090100
2024-08-19T00:00:00+00:00,0.088700
2024-08-19T01:00:00+00:00,0.084860
2024-08-19T02:00:00+00:00,0.084500
2024-08-19T03:00:00+00:00,0.086770
2024-08-19T04:00:00+00:00,0.122850
2024-08-19T05:00:00+00:00,0.149770
2024-08-19T06:00:00+00:00,0.128650
2024-08-19T07:00:00+00:00,0.112580
2024-08-19T08:00:00+00:00,0.096080
2024-08-19T09:00:00+00:00,0.088710
2024-08-19T10:00:00+00:00,0.083220
2024-08-19T11:00:00+00:00,0.077990
2024-08-19T12:00:00+00:00,0.078950
2024-08-19T13:00:00+00:00,0.079200
2024-08-19T14:00:00+00:00,0.080300
2024-08-19T15:00:00+00:00,0.098670
2024-08-19T16:00:00+00:00,0.107040
2024-08-19T17:00:00+00:00,0.160000
2024-08-19T18:00:00+00:00,0.200940
2024-08-19T19:00:00+00:00,0.138980
2024-08-19T20:00:00+00:00,0.101050
2024-08-19T21:00:00+00:00,0.086330
2024-08-19T22:00:00+00:00,0.092860
2024-08-19T23:00:00+00:00,0.088360
2024-08-20T00:00:00+00:00,0.086770
2024-08-20T01:00:00+00:00,0.086230
2024-08-20T02:00:00+00:00,0.083140
2024-08-20T03:00:00+00:00,0.086790
2024-08-20T04:00:00+00:00,0.119760
2024-08-20T05:00:00+00:00,0.120710
2024-08-20T06:00:00+00:00,0.109290
2024-08-20T07:00:00+00:00,0.102240
2024-08-20T08:00:00+00:00,0.060580
2024-08-20T09:00:00+00:00,0.046910
2024-08-20T10:00:00+00:00,0.032850
2024-08-20T11:00:00+00:00,0.016070
2024-08-20T12:00:00+00:00,0.008250
2024-08-20T13:00:00+00:00,0.027210
2024-08-20T14:00:00+00:00,0.049920
2024-08-20T15:00:00+00:00,0.100260
2024-08-20T16:00:00+00:00,0.116840
2024-08-20T17:00:00+00:00,0.123660
2024-08-20T18:00:00+00:00,0.145080
2024-08-20T19:00:00+00:00,0.120000
2024-08-20T20:00:00+00:00,0.103420
2024-08-20T21:00:00+00:00,0.094690
2024-08-20T22:00:00+00:00,0.084900
2024-08-20T23:00:00+00:00,0.076400
2024-08-21T00:00:00+00:00,0.062140
2024-08-21T01:00:00+00:00,0.051360
2024-08-21T02:00:00+00:00,0.049900
2024-08-21T03:00:00+00:00,0.054000
2024-08-21T04:00:00+00:00,0.080590
2024-08-21T05:00:00+00:00,0.087150
2024-08-21T06:00:00+00:00,0.086500
2024-08-21T07:00:00+00:00,0.051000
2024-08-21T08:00:00+00:00,-0.004240
2024-08-21T09:00:00+00:00,-0.010500
2024-08-21T10:00:00+00:00,-0.019000
2024-08-21T11:00:00+00:00,-0.031730
2024-08-21T12:00:00+00:00,-0.029100
2024-08-21T13:00:00+00:00,-0.021040
2024-08-21T14:00:00+00:00,-0.016560
2024-08-21T15:00:00+00:00,-0.002000
2024-08-21T16:00:00+00:00,0.067210
2024-08-21T17:00:00+00:00,0.102100
2024-08-21T18:00:00+00:00,0.136670
2024-08-21T19:00:00+00:00,0.128630
2024-08-21T20:00:00+00:00,0.102370
2024-08-21T21:00:00+00:00,0.085490
2024-08-21T22:00:00+00:00,0.077870
2024-08-21T23:00:00+00:00,0.070590
2024-08-22T00:00:00+00:00,0.076070
2024-08-22T01:00:00+00:00,0.058000
2024-08-22T02:00:00+00:00,0.049900
2024-08-22T03:00:00+00:00,0.062400
2024-08-22T04:00:00+00:00,0.089000
2024-08-22T05:00:00+00:00,0.062740
2024-08-22T06:00:00+00:00,0.046600
2024-08-22T07:00:00+00:00,0.016000
2024-08-22T08:00:00+00:00,-0.006960
2024-08-22T09:00:00+00:00,-0.019430
2024-08-22T10:00:00+00:00,-0.021000
2024-08-22T11:00:00+00:00,-0.028960
2024-08-22T12:00:00+00:00,-0.026750
2024-08-22T13:00:00+00:00,-0.015530
2024-08-22T14:00:00+00:00,-0.010050
2024-08-22T15:00:00+00:00,0.000000
2024-08-22T16:00:00+00:00,0.090000
2024-08-22T17:00:00+00:00,0.112650
2024-08-22T18:00:00+00:00,0.114700
2024-08-22T19:00:00+00:00,0.111180
2024-08-22T20:00:00+00:00,0.096070
2024-08-22T21:00:00+00:00,0.079150
2024-08-22T22:00:00+00:00,0.051280
2024-08-22T23:00:00+00:00,0.040700
2024-08-23T00:00:00+00:00,0.033020
2024-08-23T01:00:00+00:00,0.017000
2024-08-23T02:00:00+00:00,0.009400
2024-08-23T03:00:00+00:00,0.006850
2024-08-23T04:00:00+00:00,0.015080
2024-08-23T05:00:00+00:00,0.027730
2024-08-23T06:00:00+00:00,0.029990
2024-08-23T07:00:00+00:00,0.001260
2024-08-23T08:00:00+00:00,-0.000790
2024-08-23T09:00:00+00:00,-0.003970
2024-08-23T10:00:00+00:00,-0.000080
2024-08-23T11:00:00+00:00,-0.001000
2024-08-23T12:00:00+00:00,-0.010000
2024-08-23T13:00:00+00:00,-0.010080
2024-08-23T14:00:00+00:00,-0.010060
2024-08-23T15:00:00+00:00,-0.002000
2024-08-23T16:00:00+00:00,0.050200
2024-08-23T17:00:00+00:00,0.098850
2024-08-23T18:00:00+00:00,0.118700
2024-08-23T19:00:00+00:00,0.123990
2024-08-23T20:00:00+00:00,0.119860
2024-08-23T21:00:00+00:00,0.100840
2024-08-23T22:00:00+00:00,0.094400
2024-08-23T23:00:00+00:00,0.102000
2024-08-24T00:00:00+00:00,0.098380
2024-08-24T01:00:00+00:00,0.097890
2024-08-24T02:00:00+00:00,0.098930
2024-08-24T03:00:00+00:00,0.102810
2024-08-24T04:00:00+00:00,0.099900
2024-08-24T05:00:00+00:00,0.099070
2024-08-24T06:00:00+00:00,0.073310
2024-08-24T07:00:00+00:00,0.015000
2024-08-24T08:00:00+00:00,-0.000020
2024-08-24T09:00:00+00:00,-0.006840
2024-08-24T10:00:00+00:00,-0.018640
2024-08-24T11:00:00+00:00,-0.040350
2024-08-24T12:00:00+00:00,-0.044920
2024-08-24T13:00:00+00:00,-0.029070
2024-08-24T14:00:00+00:00,-0.010050
2024-08-24T15:00:00+00:00,-0.003660
2024-08-24T16:00:00+00:00,0.067560
2024-08-24T17:00:00+00:00,0.090100
2024-08-24T18:00:00+00:00,0.080190
2024-08-24T19:00:00+00:00,0.071300
2024-08-24T20:00:00+00:00,0.064140
2024-08-24T21:00:00+00:00,0.049390
2024-08-24T22:00:00+00:00,0.000390
2024-08-24T23:00:00+00:00,0.000920
2024-08-25T00:00:00+00:00,0.000000
2024-08-25T01:00:00+00:00,-0.000750
2024-08-25T02:00:00+00:00,-0.000570
2024-08-25T03:00:00+00:00,0.000000
2024-08-25T04:00:00+00:00,0.000050
2024-08-25T05:00:00+00:00,-0.000010
2024-08-25T06:00:00+00:00,0.000000
2024-08-25T07:00:00+00:00,-0.001390
2024-08-25T08:00:00+00:00,-0.006070
2024-08-25T09:00:00+00:00,-0.010100
2024-08-25T10:00:00+00:00,-0.015500
2024-08-25T11:00:00+00:00,-0.019370
2024-08-25T12:00:00+00:00,-0.020470
2024-08-25T13:00:00+00:00,-0.010070
2024-08-25T14:00:00+00:00,-0.005350
2024-08-25T15:00:00+00:00,-0.002500
2024-08-25T16:00:00+00:00,0.059200
2024-08-25T17:00:00+00:00,0.106600
2024-08-25T18:00:00+00:00,0.122230
2024-08-25T19:00:00+00:00,0.107920
2024-08-25T20:00:00+00:00,0.101050
2024-08-25T21:00:00+00:00,0.092490
2024-08-25T22:00:00+00:00,0.092110
2024-08-25T23:00:00+00:00,0.081560
2024-08-26T00:00:00+00:00,0.079870
2024-08-26T01:00:00+00:00,0.075970
2024-08-26T02:00:00+00:00,0.079020
2024-08-26T03:00:00+00:00,0.082600
2024-08-26T04:00:00+00:00,0.112090
2024-08-26T05:00:00+00:00,0.109040
2024-08-26T06:00:00+00:00,0.090000
2024-08-26T07:00:00+00:00,0.072500
2024-08-26T08:00:00+00:00,0.032000
2024-08-26T09:00:00+00:00,0.013380
2024-08-26T10:00:00+00:00,0.005000
2024-08-26T11:00:00+00:00,0.005000
2024-08-26T12:00:00+00:00,0.016340
2024-08-26T13:00:00+00:00,0.024390
2024-08-26T14:00:00+00:00,0.038240
2024-08-26T15:00:00+00:00,0.098850
2024-08-26T16:00:00+00:00,0.114090
2024-08-26T17:00:00+00:00,0.186000
2024-08-26T18:00:00+00:00,0.224280
2024-08-26T19:00:00+00:00,0.142350
2024-08-26T20:00:00+00:00,0.111000
2024-08-26T21:00:00+00:00,0.106600
2024-08-26T22:00:00+00:00,0.098580
2024-08-26T23:00:00+00:00,0.089690
2024-08-27T00:00:00+00:00,0.085300
2024-08-27T01:00:00+00:00,0.085300
2024-08-27T02:00:00+00:00,0.086000
2024-08-27T03:00:00+00:00,0.096200
2024-08-27T04:00:00+00:00,0.120360
2024-08-27T05:00:00+00:00,0.133260
2024-08-27T06:00:00+00:00,0.110310
2024-08-27T07:00:00+00:00,0.083980
2024-08-27T08:00:00+00:00,0.072320
2024-08-27T09:00:00+00:00,0.028370
2024-08-27T10:00:00+00:00,0.004010
2024-08-27T11:00:00+00:00,0.000190
2024-08-27T12:00:00+00:00,0.001130
2024-08-27T13:00:00+00:00,0.023120
2024-08-27T14:00:00+00:00,0.045400
2024-08-27T15:00:00+00:00,0.088930
2024-08-27T16:00:00+00:00,0.116060
2024-08-27T17:00:00+00:00,0.225000
2024-08-27T18:00:00+00:00,0.211770
2024-08-27T19:00:00+00:00,0.120950
2024-08-27T20:00:00+00:00,0.105430
2024-08-27T21:00:00+00:00,0.092670
2024-08-27T22:00:00+00:00,0.090750
2024-08-27T23:00:00+00:00,0.091500
2024-08-28T00:00:00+00:00,0.087700
2024-08-28T01:00:00+00:00,0.088980
2024-08-28T02:00:00+00:00,0.091220
2024-08-28T03:00:00+00:00,0.091730
2024-08-28T04:00:00+00:00,0.113960
2024-08-28T05:00:00+00:00,0.128400
2024-08-28T06:00:00+00:00,0.121000
2024-08-28T07:00:00+00:00,0.105400
2024-08-28T08:00:00+00:00,0.087650
2024-08-28T09:00:00+00:00,0.068970
2024-08-28T10:00:00+00:00,0.034950
2024-08-28T11:00:00+00:00,0.010040
2024-08-28T12:00:00+00:00,0.004870
2024-08-28T13:00:00+00:00,0.054880
2024-08-28T14:00:00+00:00,0.078570
2024-08-28T15:00:00+00:00,0.091770
2024-08-28T16:00:00+00:00,0.110610
2024-08-28T17:00:00+00:00,0.196290
2024-08-28T18:00:00+00:00,0.198890
2024-08-28T19:00:00+00:00,0.125290
2024-08-28T20:00:00+00:00,0.112000
2024-08-28T21:00:00+00:00,0.100010
2024-08-28T22:00:00+00:00,0.093910
2024-08-28T23:00:00+00:00,0.094300
2024-08-29T00:00:00+00:00,0.089900
2024-08-29T01:00:00+00:00,0.088900
2024-08-29T02:00:00+00:00,0.089550
2024-08-29T03:00:00+00:00,0.100450
2024-08-29T04:00:00+00:00,0.113910
2024-08-29T05:00:00+00:00,0.133260
2024-08-29T06:00:00+00:00,0.126240
2024-08-29T07:00:00+00:00,0.108710
2024-08-29T08:00:00+00:00,0.092220
2024-08-29T09:00:00+00:00,0.084440
2024-08-29T10:00:00+00:00,0.065690
2024-08-29T11:00:00+00:00,0.044900
2024-08-29T12:00:00+00:00,0.051490
2024-08-29T13:00:00+00:00,0.079460
2024-08-29T14:00:00+00:00,0.089650
2024-08-29T15:00:00+00:00,0.104390
2024-08-29T16:00:00+00:00,0.114690
2024-08-29T17:00:00+00:00,0.219840
2024-08-29T18:00:00+00:00,0.278490
2024-08-29T19:00:00+00:00,0.166000
2024-08-29T20:00:00+00:00,0.124930
2024-08-29T21:00:00+00:00,0.109780
2024-08-29T22:00:00+00:00,0.108800
2024-08-29T23:00:00+00:00,0.099150
2024-08-30T00:00:00+00:00,0.093260
2024-08-30T01:00:00+00:00,0.091410
2024-08-30T02:00:00+00:00,0.094230
2024-08-30T03:00:00+00:00,0.104160
2024-08-30T04:00:00+00:00,0.132110
2024-08-30T05:00:00+00:00,0.146670
2024-08-30T06:00:00+00:00,0.132590
2024-08-30T07:00:00+00:00,0.113700
2024-08-30T08:00:00+00:00,0.098250
2024-08-30T09:00:00+00:00,0.089950
2024-08-30T10:00:00+00:00,0.086190
2024-08-30T11:00:00+00:00,0.080230
2024-08-30T12:00:00+00:00,0.078970
2024-08-30T13:00:00+00:00,0.081870
2024-08-30T14:00:00+00:00,0.085460
2024-08-30T15:00:00+00:00,0.099160
2024-08-30T16:00:00+00:00,0.122200
2024-08-30T17:00:00+00:00,0.142690
2024-08-30T18:00:00+00:00,0.137290
2024-08-30T19:00:00+00:00,0.112710
2024-08-30T20:00:00+00:00,0.096830
2024-08-30T21:00:00+00:00,0.095360
2024-08-30T22:00:00+00:00,0.106580
2024-08-30T23:00:00+00:00,0.098180
2024-08-31T00:00:00+00:00,0.096900
2024-08-31T01:00:00+00:00,0.095590
2024-08-31T02:00:00+00:00,0.091400
2024-08-31T03:00:00+00:00,0.094100
2024-08-31T04:00:00+00:00,0.096600
2024-08-31T05:00:00+00:00,0.101800
2024-08-31T06:00:00+00:00,0.100600
2024-08-31T07:00:00+00:00,0.084920
2024-08-31T08:00:00+00:00,0.060130
2024-08-31T09:00:00+00:00,0.018340
2024-08-31T10:00:00+00:00,-0.005540
2024-08-31T11:00:00+00:00,-0.008980
2024-08-31T12:00:00+00:00,-0.011570
2024-08-31T13:00:00+00:00,-0.020000
2024-08-31T14:00:00+00:00,0.012800
2024-08-31T15:00:00+00:00,0.075000
2024-08-31T16:00:00+00:00,0.112410
2024-08-31T17:00:00+00:00,0.136530
2024-08-31T18:00:00+00:00,0.124750
2024-08-31T19:00:00+00:00,0.106760
2024-08-31T20:00:00+00:00,0.099310
2024-08-31T21:00:00+00:00,0.088880
2024-08-31T22:00:00+00:00,0.093890
2024-08-31T23:00:00+00:00,0.085990
2024-09-01T00:00:00+00:00,0.080370
2024-09-01T01:00:00+00:00,0.079570
2024-09-01T02:00:00+00:00,0.079870
2024-09-01T03:00:00+00:00,0.076570
2024-09-01T04:00:00+00:00,0.073800
2024-09-01T05:00:00+00:00,0.072090
2024-09-01T06:00:00+00:00,0.060630
2024-09-01T07:00:00+00:00,0.041270
2024-09-01T08:00:00+00:00,0.012730
2024-09-01T09:00:00+00:00,-0.004830
2024-09-01T10:00:00+00:00,-0.019940
2024-09-01T11:00:00+00:00,-0.040920
2024-09-01T12:00:00+00:00,-0.033370
2024-09-01T13:00:00+00:00,-0.013320
2024-09-01T14:00:00+00:00,0.023990
2024-09-01T15:00:00+00:00,0.077190
2024-09-01T16:00:00+00:00,0.110530
2024-09-01T17:00:00+00:00,0.131270
2024-09-01T18:00:00+00:00,0.123790
2024-09-01T19:00:00+00:00,0.107710
2024-09-01T20:00:00+00:00,0.102010
2024-09-01T21:00:00+00:00,0.091510
2024-09-01T22:00:00+00:00,0.091240
2024-09-01T23:00:00+00:00,0.094770
2024-09-02T00:00:00+00:00,0.092390
2024-09-02T01:00:00+00:00,0.092510
2024-09-02T02:00:00+00:00,0.092220
2024-09-02T03:00:00+00:00,0.100890
2024-09-02T04:00:00+00:00,0.113200
2024-09-02T05:00:00+00:00,0.134850
2024-09-02T06:00:00+00:00,0.131940
2024-09-02T07:00:00+00:00,0.122640
2024-09-02T08:00:00+00:00,0.102830
2024-09-02T09:00:00+00:00,0.090820
2024-09-02T10:00:00+00:00,0.085020
2024-09-02T11:00:00+00:00,0.081020
2024-09-02T12:00:00+00:00,0.083460
2024-09-02T13:00:00+00:00,0.088170
2024-09-02T14:00:00+00:00,0.094160
2024-09-02T15:00:00+00:00,0.112880
2024-09-02T16:00:00+00:00,0.143190
2024-09-02T17:00:00+00:00,0.255530
2024-09-02T18:00:00+00:00,0.210490
2024-09-02T19:00:00+00:00,0.133330
2024-09-02T20:00:00+00:00,0.114710
2024-09-02T21:00:00+00:00,0.104000
2024-09-02T22:00:00+00:00,0.099580
2024-09-02T23:00:00+00:00,0.093000
2024-09-03T00:00:00+00:00,0.091500
2024-09-03T01:00:00+00:00,0.092970
2024-09-03T02:00:00+00:00,0.096000
2024-09-03T03:00:00+00:00,0.102460
2024-09-03T04:00:00+00:00,0.123900
2024-09-03T05:00:00+00:00,0.148430
2024-09-03T06:00:00+00:00,0.133950
2024-09-03T07:00:00+00:00,0.115980
2024-09-03T08:00:00+00:00,0.098880
2024-09-03T09:00:00+00:00,0.090020
2024-09-03T10:00:00+00:00,0.084800
2024-09-03T11:00:00+00:00,0.082690
2024-09-03T12:00:00+00:00,0.084120
2024-09-03T13:00:00+00:00,0.086670
2024-09-03T14:00:00+00:00,0.091490
2024-09-03T15:00:00+00:00,0.114600
2024-09-03T16:00:00+00:00,0.179900
2024-09-03T17:00:00+00:00,0.334590
2024-09-03T18:00:00+00:00,0.340000
2024-09-03T19:00:00+00:00,0.206800
2024-09-03T20:00:00+00:00,0.132470
2024-09-03T21:00:00+00:00,0.117320
2024-09-03T22:00:00+00:00,0.108200
2024-09-03T23:00:00+00:00,0.100390
2024-09-04T00:00:00+00:00,0.098100
2024-09-04T01:00:00+00:00,0.098130
2024-09-04T02:00:00+00:00,0.096600
2024-09-04T03:00:00+00:00,0.106660
2024-09-04T04:00:00+00:00,0.139400
2024-09-04T05:00:00+00:00,0.174330
2024-09-04T06:00:00+00:00,0.152580
2024-09-04T07:00:00+00:00,0.124840
2024-09-04T08:00:00+00:00,0.107210
2024-09-04T09:00:00+00:00,0.095770
2024-09-04T10:00:00+00:00,0.091890
2024-09-04T11:00:00+00:00,0.090370
2024-09-04T12:00:00+00:00,0.089250
2024-09-04T13:00:00+00:00,0.092640
2024-09-04T14:00:00+00:00,0.100450
2024-09-04T15:00:00+00:00,0.121620
2024-09-04T16:00:00+00:00,0.153430
2024-09-04T17:00:00+00:00,0.303000
2024-09-04T18:00:00+00:00,0.181950
2024-09-04T19:00:00+00:00,0.129880
2024-09-04T20:00:00+00:00,0.108970
2024-09-04T21:00:00+00:00,0.099890
2024-09-04T22:00:00+00:00,0.101270
2024-09-04T23:00:00+00:00,0.094600
2024-09-05T00:00:00+00:00,0.090000
2024-09-05T01:00:00+00:00,0.087110
2024-09-05T02:00:00+00:00,0.080570
2024-09-05T03:00:00+00:00,0.084300
2024-09-05T04:00:00+00:00,0.106760
2024-09-05T05:00:00+00:00,0.113600
2024-09-05T06:00:00+00:00,0.119040
2024-09-05T07:00:00+00:00,0.097680
2024-09-05T08:00:00+00:00,0.097000
2024-09-05T09:00:00+00:00,0.055100
2024-09-05T10:00:00+00:00,0.003690
2024-09-05T11:00:00+00:00,-0.013390
2024-09-05T12:00:00+00:00,-0.021000
2024-09-05T13:00:00+00:00,-0.010100
2024-09-05T14:00:00+00:00,-0.010000
2024-09-05T15:00:00+00:00,0.066700
2024-09-05T16:00:00+00:00,0.084130
2024-09-05T17:00:00+00:00,0.107520
2024-09-05T18:00:00+00:00,0.120000
2024-09-05T19:00:00+00:00,0.109650
2024-09-05T20:00:00+00:00,0.087700
2024-09-05T21:00:00+00:00,0.087920
2024-09-05T22:00:00+00:00,0.068700
2024-09-05T23:00:00+00:00,0.060250
2024-09-06T00:00:00+00:00,0.050060
2024-09-06T01:00:00+00:00,0.048830
2024-09-06T02:00:00+00:00,0.058000
2024-09-06T03:00:00+00:00,0.070000
2024-09-06T04:00:00+00:00,0.093290
2024-09-06T05:00:00+00:00,0.118250
2024-09-06T06:00:00+00:00,0.120070
2024-09-06T07:00:00+00:00,0.099760
2024-09-06T08:00:00+00:00,0.077750
2024-09-06T09:00:00+00:00,0.029900
2024-09-06T10:00:00+00:00,0.003780
2024-09-06T11:00:00+00:00,0.012480
2024-09-06T12:00:00+00:00,0.032800
2024-09-06T13:00:00+00:00,0.065170
2024-09-06T14:00:00+00:00,0.076070
2024-09-06T15:00:00+00:00,0.095000
2024-09-06T16:00:00+00:00,0.100160
2024-09-06T17:00:00+00:00,0.129300
2024-09-06T18:00:00+00:00,0.134470
2024-09-06T19:00:00+00:00,0.101000
2024-09-06T20:00:00+00:00,0.095500
2024-09-06T21:00:00+00:00,0.092910
2024-09-06T22:00:00+00:00,0.102300
2024-09-06T23:00:00+00:00,0.096610
2024-09-07T00:00:00+00:00,0.094730
2024-09-07T01:00:00+00:00,0.092410
2024-09-07T02:00:00+00:00,0.094400
2024-09-07T03:00:00+00:00,0.097350
2024-09-07T04:00:00+00:00,0.100260
2024-09-07T05:00:00+00:00,0.102550
2024-09-07T06:00:00+00:00,0.095040
2024-09-07T07:00:00+00:00,0.092000
2024-09-07T08:00:00+00:00,0.051520
2024-09-07T09:00:00+00:00,0.014240
2024-09-07T10:00:00+00:00,0.005480
2024-09-07T11:00:00+00:00,0.001020
2024-09-07T12:00:00+00:00,0.000440
2024-09-07T13:00:00+00:00,0.008280
2024-09-07T14:00:00+00:00,0.047650
2024-09-07T15:00:00+00:00,0.096670
2024-09-07T16:00:00+00:00,0.124520
2024-09-07T17:00:00+00:00,0.150440
2024-09-07T18:00:00+00:00,0.131130
2024-09-07T19:00:00+00:00,0.101440
2024-09-07T20:00:00+00:00,0.091850
2024-09-07T21:00:00+00:00,0.089290
2024-09-07T22:00:00+00:00,0.093910
2024-09-07T23:00:00+00:00,0.089530
2024-09-08T00:00:00+00:00,0.083680
2024-09-08T01:00:00+00:00,0.082000
2024-09-08T02:00:00+00:00,0.082390
2024-09-08T03:00:00+00:00,0.085100
2024-09-08T04:00:00+00:00,0.083360
2024-09-08T05:00:00+00:00,0.082070
2024-09-08T06:00:00+00:00,0.076730
2024-09-08T07:00:00+00:00,0.037870
2024-09-08T08:00:00+00:00,0.008290
2024-09-08T09:00:00+00:00,0.000440
2024-09-08T10:00:00+00:00,0.000040
2024-09-08T11:00:00+00:00,-0.000020
2024-09-08T12:00:00+00:00,-0.002690
2024-09-08T13:00:00+00:00,0.000060
2024-09-08T14:00:00+00:00,0.054500
2024-09-08T15:00:00+00:00,0.085900
2024-09-08T16:00:00+00:00,0.107830
2024-09-08T17:00:00+00:00,0.116990
2024-09-08T18:00:00+00:00,0.124310
2024-09-08T19:00:00+00:00,0.111690
2024-09-08T20:00:00+00:00,0.102290
2024-09-08T21:00:00+00:00,0.095190
2024-09-08T22:00:00+00:00,0.085310
2024-09-08T23:00:00+00:00,0.085760
2024-09-09T00:00:00+00:00,0.079390
2024-09-09T01:00:00+00:00,0.091140
2024-09-09T02:00:00+00:00,0.085590
2024-09-09T03:00:00+00:00,0.085310
2024-09-09T04:00:00+00:00,0.113430
2024-09-09T05:00:00+00:00,0.143870
2024-09-09T06:00:00+00:00,0.163970
2024-09-09T07:00:00+00:00,0.124500
2024-09-09T08:00:00+00:00,0.107600
2024-09-09T09:00:00+00:00,0.096750
2024-09-09T10:00:00+00:00,0.086290
2024-09-09T11:00:00+00:00,0.082910
2024-09-09T12:00:00+00:00,0.073610
2024-09-09T13:00:00+00:00,0.075990
2024-09-09T14:00:00+00:00,0.067270
2024-09-09T15:00:00+00:00,0.078490
2024-09-09T16:00:00+00:00,0.110000
2024-09-09T17:00:00+00:00,0.115180
2024-09-09T18:00:00+00:00,0.112000
2024-09-09T19:00:00+00:00,0.096130
2024-09-09T20:00:00+00:00,0.088000
2024-09-09T21:00:00+00:00,0.079930
2024-09-09T22:00:00+00:00,0.069000
2024-09-09T23:00:00+00:00,0.072000
2024-09-10T00:00:00+00:00,0.061400
2024-09-10T01:00:00+00:00,0.067640
2024-09-10T02:00:00+00:00,0.065330
2024-09-10T03:00:00+00:00,0.077350
2024-09-10T04:00:00+00:00,0.098420
2024-09-10T05:00:00+00:00,0.125440
2024-09-10T06:00:00+00:00,0.110430
2024-09-10T07:00:00+00:00,0.076010
2024-09-10T08:00:00+00:00,0.040370
2024-09-10T09:00:00+00:00,0.007860
2024-09-10T10:00:00+00:00,-0.000630
2024-09-10T11:00:00+00:00,0.000160
2024-09-10T12:00:00+00:00,-0.001060
2024-09-10T13:00:00+00:00,-0.001830
2024-09-10T14:00:00+00:00,0.000000
2024-09-10T15:00:00+00:00,0.023260
2024-09-10T16:00:00+00:00,0.080740
2024-09-10T17:00:00+00:00,0.099900
2024-09-10T18:00:00+00:00,0.119600
2024-09-10T19:00:00+00:00,0.126300
2024-09-10T20:00:00+00:00,0.094000
2024-09-10T21:00:00+00:00,0.074900
2024-09-10T22:00:00+00:00,0.050000
2024-09-10T23:00:00+00:00,0.040000
2024-09-11T00:00:00+00:00,0.039840
2024-09-11T01:00:00+00:00,0.033960
2024-09-11T02:00:00+00:00,0.040000
2024-09-11T03:00:00+00:00,0.048480
2024-09-11T04:00:00+00:00,0.100500
2024-09-11T05:00:00+00:00,0.103500
2024-09-11T06:00:00+00:00,0.110100
2024-09-11T07:00:00+00:00,0.097450
2024-09-11T08:00:00+00:00,0.076580
2024-09-11T09:00:00+00:00,0.043680
2024-09-11T10:00:00+00:00,0.031910
2024-09-11T11:00:00+00:00,0.020000
2024-09-11T12:00:00+00:00,0.002020
2024-09-11T13:00:00+00:00,0.055100
2024-09-11T14:00:00+00:00,0.069910
2024-09-11T15:00:00+00:00,0.098790
2024-09-11T16:00:00+00:00,0.113890
2024-09-11T17:00:00+00:00,0.141180
2024-09-11T18:00:00+00:00,0.136310
2024-09-11T19:00:00+00:00,0.114000
2024-09-11T20:00:00+00:00,0.102560
2024-09-11T21:00:00+00:00,0.101080
2024-09-11T22:00:00+00:00,0.087680
2024-09-11T23:00:00+00:00,0.081870
2024-09-12T00:00:00+00:00,0.082840
2024-09-12T01:00:00+00:00,0.080760
2024-09-12T02:00:00+00:00,0.080510
2024-09-12T03:00:00+00:00,0.084600
2024-09-12T04:00:00+00:00,0.105510
2024-09-12T05:00:00+00:00,0.133550
2024-09-12T06:00:00+00:00,0.134880
2024-09-12T07:00:00+00:00,0.103430
2024-09-12T08:00:00+00:00,0.085030
2024-09-12T09:00:00+00:00,0.077990
2024-09-12T10:00:00+00:00,0.077140
2024-09-12T11:00:00+00:00,0.075800
2024-09-12T12:00:00+00:00,0.076000
2024-09-12T13:00:00+00:00,0.077040
2024-09-12T14:00:00+00:00,0.089750
2024-09-12T15:00:00+00:00,0.100000
2024-09-12T16:00:00+00:00,0.112100
2024-09-12T17:00:00+00:00,0.196000
2024-09-12T18:00:00+00:00,0.196160
2024-09-12T19:00:00+00:00,0.117080
2024-09-12T20:00:00+00:00,0.099080
2024-09-12T21:00:00+00:00,0.091780
2024-09-12T22:00:00+00:00,0.099730
2024-09-12T23:00:00+00:00,0.090520
2024-09-13T00:00:00+00:00,0.084970
2024-09-13T01:00:00+00:00,0.082370
2024-09-13T02:00:00+00:00,0.079780
2024-09-13T03:00:00+00:00,0.085980
2024-09-13T04:00:00+00:00,0.099100
2024-09-13T05:00:00+00:00,0.119550
2024-09-13T06:00:00+00:00,0.131600
2024-09-13T07:00:00+00:00,0.090400
2024-09-13T08:00:00+00:00,0.099180
2024-09-13T09:00:00+00:00,0.091150
2024-09-13T10:00:00+00:00,0.045000
2024-09-13T11:00:00+00:00,0.048000
2024-09-13T12:00:00+00:00,0.010000
2024-09-13T13:00:00+00:00,0.049910
2024-09-13T14:00:00+00:00,0.066710
2024-09-13T15:00:00+00:00,0.072980
2024-09-13T16:00:00+00:00,0.095830
2024-09-13T17:00:00+00:00,0.100100
2024-09-13T18:00:00+00:00,0.109900
2024-09-13T19:00:00+00:00,0.103400
2024-09-13T20:00:00+00:00,0.089990
2024-09-13T21:00:00+00:00,0.095320
2024-09-13T22:00:00+00:00,0.119700
2024-09-13T23:00:00+00:00,0.107600
2024-09-14T00:00:00+00:00,0.100200
2024-09-14T01:00:00+00:00,0.092800
2024-09-14T02:00:00+00:00,0.081000
2024-09-14T03:00:00+00:00,0.073110
2024-09-14T04:00:00+00:00,0.083100
2024-09-14T05:00:00+00:00,0.112900
2024-09-14T06:00:00+00:00,0.111000
2024-09-14T07:00:00+00:00,0.105000
2024-09-14T08:00:00+00:00,0.049900
2024-09-14T09:00:00+00:00,0.008150
2024-09-14T10:00:00+00:00,0.001110
2024-09-14T11:00:00+00:00,0.000250
2024-09-14T12:00:00+00:00,-0.000140
2024-09-14T13:00:00+00:00,0.000540
2024-09-14T14:00:00+00:00,0.010330
2024-09-14T15:00:00+00:00,0.065090
2024-09-14T16:00:00+00:00,0.100860
2024-09-14T17:00:00+00:00,0.126580
2024-09-14T18:00:00+00:00,0.121710
2024-09-14T19:00:00+00:00,0.109900
2024-09-14T20:00:00+00:00,0.093750
2024-09-14T21:00:00+00:00,0.089900
2024-09-14T22:00:00+00:00,0.081770
2024-09-14T23:00:00+00:00,0.079900
2024-09-15T00:00:00+00:00,0.073280
2024-09-15T01:00:00+00:00,0.075760
2024-09-15T02:00:00+00:00,0.071320
2024-09-15T03:00:00+00:00,0.072600
2024-09-15T04:00:00+00:00,0.075940
2024-09-15T05:00:00+00:00,0.099900
2024-09-15T06:00:00+00:00,0.106000
2024-09-15T07:00:00+00:00,0.054070
2024-09-15T08:00:00+00:00,0.010920
2024-09-15T09:00:00+00:00,0.000070
2024-09-15T10:00:00+00:00,0.000000
2024-09-15T11:00:00+00:00,-0.000010
2024-09-15T12:00:00+00:00,-0.000400
2024-09-15T13:00:00+00:00,-0.000200
2024-09-15T14:00:00+00:00,0.019250
2024-09-15T15:00:00+00:00,0.082250
2024-09-15T16:00:00+00:00,0.109200
2024-09-15T17:00:00+00:00,0.130500
2024-09-15T18:00:00+00:00,0.126780
2024-09-15T19:00:00+00:00,0.110790
2024-09-15T20:00:00+00:00,0.104210
2024-09-15T21:00:00+00:00,0.092600
2024-09-15T22:00:00+00:00,0.092990
2024-09-15T23:00:00+00:00,0.081590
2024-09-16T00:00:00+00:00,0.078480
2024-09-16T01:00:00+00:00,0.082420
2024-09-16T02:00:00+00:00,0.079300
2024-09-16T03:00:00+00:00,0.080100
2024-09-16T04:00:00+00:00,0.108000
2024-09-16T05:00:00+00:00,0.128140
2024-09-16T06:00:00+00:00,0.146060
2024-09-16T07:00:00+00:00,0.126400
2024-09-16T08:00:00+00:00,0.104600
2024-09-16T09:00:00+00:00,0.095250
2024-09-16T10:00:00+00:00,0.084420
2024-09-16T11:00:00+00:00,0.074330
2024-09-16T12:00:00+00:00,0.064680
2024-09-16T13:00:00+00:00,0.059540
2024-09-16T14:00:00+00:00,0.060250
2024-09-16T15:00:00+00:00,0.079170
2024-09-16T16:00:00+00:00,0.101660
2024-09-16T17:00:00+00:00,0.108800
2024-09-16T18:00:00+00:00,0.109010
2024-09-16T19:00:00+00:00,0.090100
2024-09-16T20:00:00+00:00,0.078810
2024-09-16T21:00:00+00:00,0.075000
2024-09-16T22:00:00+00:00,0.085540
2024-09-16T23:00:00+00:00,0.082300
2024-09-17T00:00:00+00:00,0.078700
2024-09-17T01:00:00+00:00,0.077200
2024-09-17T02:00:00+00:00,0.073000
2024-09-17T03:00:00+00:00,0.076930
2024-09-17T04:00:00+00:00,0.094890
2024-09-17T05:00:00+00:00,0.127440
2024-09-17T06:00:00+00:00,0.129190
2024-09-17T07:00:00+00:00,0.098190
2024-09-17T08:00:00+00:00,0.079900
2024-09-17T09:00:00+00:00,0.067460
2024-09-17T10:00:00+00:00,0.048670
2024-09-17T11:00:00+00:00,0.028000
2024-09-17T12:00:00+00:00,0.007450
2024-09-17T13:00:00+00:00,0.028600
2024-09-17T14:00:00+00:00,0.059980
2024-09-17T15:00:00+00:00,0.078860
2024-09-17T16:00:00+00:00,0.111400
2024-09-17T17:00:00+00:00,0.130560
2024-09-17T18:00:00+00:00,0.109900
2024-09-17T19:00:00+00:00,0.094900
2024-09-17T20:00:00+00:00,0.087190
2024-09-17T21:00:00+00:00,0.082630
2024-09-17T22:00:00+00:00,0.078050
2024-09-17T23:00:00+00:00,0.077320
2024-09-18T00:00:00+00:00,0.078050
2024-09-18T01:00:00+00:00,0.077010
2024-09-18T02:00:00+00:00,0.074650
2024-09-18T03:00:00+00:00,0.083220
2024-09-18T04:00:00+00:00,0.099900
2024-09-18T05:00:00+00:00,0.138920
2024-09-18T06:00:00+00:00,0.131780
2024-09-18T07:00:00+00:00,0.098550
2024-09-18T08:00:00+00:00,0.077790
2024-09-18T09:00:00+00:00,0.047820
2024-09-18T10:00:00+00:00,0.005490
2024-09-18T11:00:00+00:00,0.000000
2024-09-18T12:00:00+00:00,-0.000070
2024-09-18T13:00:00+00:00,0.000690
2024-09-18T14:00:00+00:00,0.034870
2024-09-18T15:00:00+00:00,0.079120
2024-09-18T16:00:00+00:00,0.109670
2024-09-18T17:00:00+00:00,0.129920
2024-09-18T18:00:00+00:00,0.108240
2024-09-18T19:00:00+00:00,0.088720
2024-09-18T20:00:00+00:00,0.082530
2024-09-18T21:00:00+00:00,0.073790
2024-09-18T22:00:00+00:00,0.075850
2024-09-18T23:00:00+00:00,0.076090
2024-09-19T00:00:00+00:00,0.086070
2024-09-19T01:00:00+00:00,0.088740
2024-09-19T02:00:00+00:00,0.081000
2024-09-19T03:00:00+00:00,0.088250
2024-09-19T04:00:00+00:00,0.111550
2024-09-19T05:00:00+00:00,0.141620
2024-09-19T06:00:00+00:00,0.123700
2024-09-19T07:00:00+00:00,0.097280
2024-09-19T08:00:00+00:00,0.074810
2024-09-19T09:00:00+00:00,0.045760
2024-09-19T10:00:00+00:00,0.004970
2024-09-19T11:00:00+00:00,-0.000070
2024-09-19T12:00:00+00:00,-0.000090
2024-09-19T13:00:00+00:00,0.009000
2024-09-19T14:00:00+00:00,0.051210
2024-09-19T15:00:00+00:00,0.090830
2024-09-19T16:00:00+00:00,0.114010
2024-09-19T17:00:00+00:00,0.133940
2024-09-19T18:00:00+00:00,0.113500
2024-09-19T19:00:00+00:00,0.091060
2024-09-19T20:00:00+00:00,0.088970
2024-09-19T21:00:00+00:00,0.078870
2024-09-19T22:00:00+00:00,0.072380
2024-09-19T23:00:00+00:00,0.074040
2024-09-20T00:00:00+00:00,0.073420
2024-09-20T01:00:00+00:00,0.069970
2024-09-20T02:00:00+00:00,0.073000
2024-09-20T03:00:00+00:00,0.079270
2024-09-20T04:00:00+00:00,0.108640
2024-09-20T05:00:00+00:00,0.141450
2024-09-20T06:00:00+00:00,0.108700
2024-09-20T07:00:00+00:00,0.088920
2024-09-20T08:00:00+00:00,0.062050
2024-09-20T09:00:00+00:00,0.024690
2024-09-20T10:00:00+00:00,0.008350
2024-09-20T11:00:00+00:00,-0.000040
2024-09-20T12:00:00+00:00,0.000070
2024-09-20T13:00:00+00:00,0.008500
2024-09-20T14:00:00+00:00,0.044340
2024-09-20T15:00:00+00:00,0.085120
2024-09-20T16:00:00+00:00,0.107280
2024-09-20T17:00:00+00:00,0.147210
2024-09-20T18:00:00+00:00,0.109650
2024-09-20T19:00:00+00:00,0.091070
2024-09-20T20:00:00+00:00,0.087800
2024-09-20T21:00:00+00:00,0.087080
2024-09-20T22:00:00+00:00,0.088290
2024-09-20T23:00:00+00:00,0.085300
2024-09-21T00:00:00+00:00,0.082000
2024-09-21T01:00:00+00:00,0.082190
2024-09-21T02:00:00+00:00,0.086380
2024-09-21T03:00:00+00:00,0.089480
2024-09-21T04:00:00+00:00,0.098070
2024-09-21T05:00:00+00:00,0.102280
2024-09-21T06:00:00+00:00,0.085940
2024-09-21T07:00:00+00:00,0.061210
2024-09-21T08:00:00+00:00,0.022000
2024-09-21T09:00:00+00:00,0.003150
2024-09-21T10:00:00+00:00,0.000000
2024-09-21T11:00:00+00:00,-0.003360
2024-09-21T12:00:00+00:00,-0.003950
2024-09-21T13:00:00+00:00,0.001090
2024-09-21T14:00:00+00:00,0.043140
2024-09-21T15:00:00+00:00,0.086370
2024-09-21T16:00:00+00:00,0.125930
2024-09-21T17:00:00+00:00,0.144000
2024-09-21T18:00:00+00:00,0.113000
2024-09-21T19:00:00+00:00,0.095060
2024-09-21T20:00:00+00:00,0.093600
2024-09-21T21:00:00+00:00,0.086720
2024-09-21T22:00:00+00:00,0.098300
2024-09-21T23:00:00+00:00,0.090050
2024-09-22T00:00:00+00:00,0.089930
2024-09-22T01:00:00+00:00,0.089560
2024-09-22T02:00:00+00:00,0.090750
2024-09-22T03:00:00+00:00,0.091050
2024-09-22T04:00:00+00:00,0.095640
2024-09-22T05:00:00+00:00,0.098200
2024-09-22T06:00:00+00:00,0.083470
2024-09-22T07:00:00+00:00,0.064900
2024-09-22T08:00:00+00:00,0.026170
2024-09-22T09:00:00+00:00,0.012250
2024-09-22T10:00:00+00:00,0.011500
2024-09-22T11:00:00+00:00,0.000210
2024-09-22T12:00:00+00:00,0.000010
2024-09-22T13:00:00+00:00,0.009660
2024-09-22T14:00:00+00:00,0.058280
2024-09-22T15:00:00+00:00,0.103190
2024-09-22T16:00:00+00:00,0.131020
2024-09-22T17:00:00+00:00,0.162060
2024-09-22T18:00:00+00:00,0.128000
2024-09-22T19:00:00+00:00,0.109350
2024-09-22T20:00:00+00:00,0.098760
2024-09-22T21:00:00+00:00,0.092000
2024-09-22T22:00:00+00:00,0.087300
2024-09-22T23:00:00+00:00,0.080150
2024-09-23T00:00:00+00:00,0.081600
2024-09-23T01:00:00+00:00,0.082770
2024-09-23T02:00:00+00:00,0.084030
2024-09-23T03:00:00+00:00,0.090900
2024-09-23T04:00:00+00:00,0.130690
2024-09-23T05:00:00+00:00,0.203730
2024-09-23T06:00:00+00:00,0.151330
2024-09-23T07:00:00+00:00,0.109990
2024-09-23T08:00:00+00:00,0.096900
2024-09-23T09:00:00+00:00,0.080160
2024-09-23T10:00:00+00:00,0.078940
2024-09-23T11:00:00+00:00,0.073000
2024-09-23T12:00:00+00:00,0.070420
2024-09-23T13:00:00+00:00,0.069530
2024-09-23T14:00:00+00:00,0.090540
2024-09-23T15:00:00+00:00,0.118240
2024-09-23T16:00:00+00:00,0.205510
2024-09-23T17:00:00+00:00,0.283290
2024-09-23T18:00:00+00:00,0.167990
2024-09-23T19:00:00+00:00,0.108870
2024-09-23T20:00:00+00:00,0.090840
2024-09-23T21:00:00+00:00,0.084490
2024-09-23T22:00:00+00:00,0.082900
2024-09-23T23:00:00+00:00,0.077250
2024-09-24T00:00:00+00:00,0.076800
2024-09-24T01:00:00+00:00,0.077000
2024-09-24T02:00:00+00:00,0.072110
2024-09-24T03:00:00+00:00,0.079700
2024-09-24T04:00:00+00:00,0.101700
2024-09-24T05:00:00+00:00,0.138990
2024-09-24T06:00:00+00:00,0.127400
2024-09-24T07:00:00+00:00,0.100070
2024-09-24T08:00:00+00:00,0.085620
2024-09-24T09:00:00+00:00,0.078380
2024-09-24T10:00:00+00:00,0.069220
2024-09-24T11:00:00+00:00,0.060880
2024-09-24T12:00:00+00:00,0.055110
2024-09-24T13:00:00+00:00,0.068000
2024-09-24T14:00:00+00:00,0.076930
2024-09-24T15:00:00+00:00,0.092380
2024-09-24T16:00:00+00:00,0.113640
2024-09-24T17:00:00+00:00,0.124690
2024-09-24T18:00:00+00:00,0.102280
2024-09-24T19:00:00+00:00,0.080500
2024-09-24T20:00:00+00:00,0.076510
2024-09-24T21:00:00+00:00,0.067000
2024-09-24T22:00:00+00:00,0.062180
2024-09-24T23:00:00+00:00,0.077000
2024-09-25T00:00:00+00:00,0.069000
2024-09-25T01:00:00+00:00,0.056800
2024-09-25T02:00:00+00:00,0.073270
2024-09-25T03:00:00+00:00,0.068770
2024-09-25T04:00:00+00:00,0.083200
2024-09-25T05:00:00+00:00,0.095530
2024-09-25T06:00:00+00:00,0.100390
2024-09-25T07:00:00+00:00,0.101500
2024-09-25T08:00:00+00:00,0.097000
2024-09-25T09:00:00+00:00,0.085100
2024-09-25T10:00:00+00:00,0.085550
2024-09-25T11:00:00+00:00,0.076000
2024-09-25T12:00:00+00:00,0.085000
2024-09-25T13:00:00+00:00,0.079820
2024-09-25T14:00:00+00:00,0.097580
2024-09-25T15:00:00+00:00,0.118740
2024-09-25T16:00:00+00:00,0.174080
2024-09-25T17:00:00+00:00,0.199390
2024-09-25T18:00:00+00:00,0.131840
2024-09-25T19:00:00+00:00,0.103500
2024-09-25T20:00:00+00:00,0.098000
2024-09-25T21:00:00+00:00,0.088940
2024-09-25T22:00:00+00:00,0.058520
2024-09-25T23:00:00+00:00,0.050820
2024-09-26T00:00:00+00:00,0.045860
2024-09-26T01:00:00+00:00,0.043070
2024-09-26T02:00:00+00:00,0.039170
2024-09-26T03:00:00+00:00,0.043400
2024-09-26T04:00:00+00:00,0.066150
2024-09-26T05:00:00+00:00,0.085200
2024-09-26T06:00:00+00:00,0.083400
2024-09-26T07:00:00+00:00,0.064980
2024-09-26T08:00:00+00:00,0.045960
2024-09-26T09:00:00+00:00,0.031620
2024-09-26T10:00:00+00:00,0.017000
2024-09-26T11:00:00+00:00,0.011900
2024-09-26T12:00:00+00:00,0.011600
2024-09-26T13:00:00+00:00,0.030410
2024-09-26T14:00:00+00:00,0.047000
2024-09-26T15:00:00+00:00,0.063680
2024-09-26T16:00:00+00:00,0.080000
2024-09-26T17:00:00+00:00,0.095100
2024-09-26T18:00:00+00:00,0.082140
2024-09-26T19:00:00+00:00,0.061040
2024-09-26T20:00:00+00:00,0.052290
2024-09-26T21:00:00+00:00,0.036300
2024-09-26T22:00:00+00:00,0.000050
2024-09-26T23:00:00+00:00,-0.000110
2024-09-27T00:00:00+00:00,-0.001020
2024-09-27T01:00:00+00:00,-0.000590
2024-09-27T02:00:00+00:00,-0.005850
2024-09-27T03:00:00+00:00,-0.001840
2024-09-27T04:00:00+00:00,0.000420
2024-09-27T05:00:00+00:00,0.025420
2024-09-27T06:00:00+00:00,0.040540
2024-09-27T07:00:00+00:00,0.007780
2024-09-27T08:00:00+00:00,0.000000
2024-09-27T09:00:00+00:00,-0.001620
2024-09-27T10:00:00+00:00,0.000000
2024-09-27T11:00:00+00:00,0.000300
2024-09-27T12:00:00+00:00,0.003880
2024-09-27T13:00:00+00:00,0.004930
2024-09-27T14:00:00+00:00,0.018300
2024-09-27T15:00:00+00:00,0.052970
2024-09-27T16:00:00+00:00,0.072500
2024-09-27T17:00:00+00:00,0.078960
2024-09-27T18:00:00+00:00,0.072730
2024-09-27T19:00:00+00:00,0.044720
2024-09-27T20:00:00+00:00,0.042500
2024-09-27T21:00:00+00:00,0.025200
2024-09-27T22:00:00+00:00,0.001770
2024-09-27T23:00:00+00:00,0.003030
2024-09-28T00:00:00+00:00,0.003290
2024-09-28T01:00:00+00:00,0.003160
2024-09-28T02:00:00+00:00,0.003270
2024-09-28T03:00:00+00:00,0.004150
2024-09-28T04:00:00+00:00,0.011960
2024-09-28T05:00:00+00:00,0.039900
2024-09-28T06:00:00+00:00,0.042010
2024-09-28T07:00:00+00:00,0.035170
2024-09-28T08:00:00+00:00,0.009830
2024-09-28T09:00:00+00:00,0.003820
2024-09-28T10:00:00+00:00,0.000660
2024-09-28T11:00:00+00:00,0.000000
2024-09-28T12:00:00+00:00,0.000000
2024-09-28T13:00:00+00:00,0.000060
2024-09-28T14:00:00+00:00,0.009830
2024-09-28T15:00:00+00:00,0.075000
2024-09-28T16:00:00+00:00,0.105200
2024-09-28T17:00:00+00:00,0.144770
2024-09-28T18:00:00+00:00,0.141980
2024-09-28T19:00:00+00:00,0.105500
2024-09-28T20:00:00+00:00,0.094500
2024-09-28T21:00:00+00:00,0.090220
2024-09-28T22:00:00+00:00,0.107400
2024-09-28T23:00:00+00:00,0.111000
2024-09-29T00:00:00+00:00,0.082000
2024-09-29T01:00:00+00:00,0.099300
2024-09-29T02:00:00+00:00,0.099970
2024-09-29T03:00:00+00:00,0.084900
2024-09-29T04:00:00+00:00,0.075100
2024-09-29T05:00:00+00:00,0.098000
2024-09-29T06:00:00+00:00,0.094430
2024-09-29T07:00:00+00:00,0.054430
2024-09-29T08:00:00+00:00,0.001330
2024-09-29T09:00:00+00:00,0.000000
2024-09-29T10:00:00+00:00,-0.000010
2024-09-29T11:00:00+00:00,-0.000500
2024-09-29T12:00:00+00:00,-0.000450
2024-09-29T13:00:00+00:00,0.000000
2024-09-29T14:00:00+00:00,0.042630
2024-09-29T15:00:00+00:00,0.096610
2024-09-29T16:00:00+00:00,0.150600
2024-09-29T17:00:00+00:00,0.166160
2024-09-29T18:00:00+00:00,0.109090
2024-09-29T19:00:00+00:00,0.079640
2024-09-29T20:00:00+00:00,0.065000
2024-09-29T21:00:00+00:00,0.037360
2024-09-29T22:00:00+00:00,0.018570
2024-09-29T23:00:00+00:00,0.010820
2024-09-30T00:00:00+00:00,0.008080
2024-09-30T01:00:00+00:00,0.005230
2024-09-30T02:00:00+00:00,0.005800
2024-09-30T03:00:00+00:00,0.017320
2024-09-30T04:00:00+00:00,0.046400
2024-09-30T05:00:00+00:00,0.083580
2024-09-30T06:00:00+00:00,0.088910
2024-09-30T07:00:00+00:00,0.063270
2024-09-30T08:00:00+00:00,0.039090
2024-09-30T09:00:00+00:00,0.018400
2024-09-30T10:00:00+00:00,0.009280
2024-09-30T11:00:00+00:00,0.002060
2024-09-30T12:00:00+00:00,0.015000
2024-09-30T13:00:00+00:00,0.026000
2024-09-30T14:00:00+00:00,0.059000
2024-09-30T15:00:00+00:00,0.088000
2024-09-30T16:00:00+00:00,0.079900
2024-09-30T17:00:00+00:00,0.066560
2024-09-30T18:00:00+00:00,0.050000
2024-09-30T19:00:00+00:00,0.025740
2024-09-30T20:00:00+00:00,0.020860
2024-09-30T21:00:00+00:00,0.009840
2024-09-30T22:00:00+00:00,0.003210
2024-09-30T23:00:00+00:00,0.000070
2024-10-01T00:00:00+00:00,0.000050
2024-10-01T01:00:00+00:00,0.000020
2024-10-01T02:00:00+00:00,0.000090
2024-10-01T03:00:00+00:00,0.005900
2024-10-01T04:00:00+00:00,0.062800
2024-10-01T05:00:00+00:00,0.104420
2024-10-01T06:00:00+00:00,0.114920
2024-10-01T07:00:00+00:00,0.100320
2024-10-01T08:00:00+00:00,0.076410
2024-10-01T09:00:00+00:00,0.068690
2024-10-01T10:00:00+00:00,0.058800
2024-10-01T11:00:00+00:00,0.055600
2024-10-01T12:00:00+00:00,0.056450
2024-10-01T13:00:00+00:00,0.061630
2024-10-01T14:00:00+00:00,0.093330
2024-10-01T15:00:00+00:00,0.105420
2024-10-01T16:00:00+00:00,0.130600
2024-10-01T17:00:00+00:00,0.139250
2024-10-01T18:00:00+00:00,0.119370
2024-10-01T19:00:00+00:00,0.092570
2024-10-01T20:00:00+00:00,0.091450
2024-10-01T21:00:00+00:00,0.076240
2024-10-01T22:00:00+00:00,0.085380
2024-10-01T23:00:00+00:00,0.088000
2024-10-02T00:00:00+00:00,0.085600
2024-10-02T01:00:00+00:00,0.081000
2024-10-02T02:00:00+00:00,0.078380
2024-10-02T03:00:00+00:00,0.080800
2024-10-02T04:00:00+00:00,0.097650
2024-10-02T05:00:00+00:00,0.119900
2024-10-02T06:00:00+00:00,0.133720
2024-10-02T07:00:00+00:00,0.116230
2024-10-02T08:00:00+00:00,0.097000
2024-10-02T09:00:00+00:00,0.095400
2024-10-02T10:00:00+00:00,0.088000
2024-10-02T11:00:00+00:00,0.080570
2024-10-02T12:00:00+00:00,0.079000
2024-10-02T13:00:00+00:00,0.081430
2024-10-02T14:00:00+00:00,0.081580
2024-10-02T15:00:00+00:00,0.099090
2024-10-02T16:00:00+00:00,0.117010
2024-10-02T17:00:00+00:00,0.130070
2024-10-02T18:00:00+00:00,0.114370
2024-10-02T19:00:00+00:00,0.096410
2024-10-02T20:00:00+00:00,0.093420
2024-10-02T21:00:00+00:00,0.085000
2024-10-02T22:00:00+00:00,0.066000
2024-10-02T23:00:00+00:00,0.063800
2024-10-03T00:00:00+00:00,0.079900
2024-10-03T01:00:00+00:00,0.080000
2024-10-03T02:00:00+00:00,0.080100
2024-10-03T03:00:00+00:00,0.086000
2024-10-03T04:00:00+00:00,0.088670
2024-10-03T05:00:00+00:00,0.125900
2024-10-03T06:00:00+00:00,0.143480
2024-10-03T07:00:00+00:00,0.107680
2024-10-03T08:00:00+00:00,0.070100
2024-10-03T09:00:00+00:00,0.062220
2024-10-03T10:00:00+00:00,0.047010
2024-10-03T11:00:00+00:00,0.034990
2024-10-03T12:00:00+00:00,0.038340
2024-10-03T13:00:00+00:00,0.047130
2024-10-03T14:00:00+00:00,0.070270
2024-10-03T15:00:00+00:00,0.099900
2024-10-03T16:00:00+00:00,0.121460
2024-10-03T17:00:00+00:00,0.140000
2024-10-03T18:00:00+00:00,0.123600
2024-10-03T19:00:00+00:00,0.101000
2024-10-03T20:00:00+00:00,0.097620
2024-10-03T21:00:00+00:00,0.090000
2024-10-03T22:00:00+00:00,0.075100
2024-10-03T23:00:00+00:00,0.072520
2024-10-04T00:00:00+00:00,0.076600
2024-10-04T01:00:00+00:00,0.079900
2024-10-04T02:00:00+00:00,0.072330
2024-10-04T03:00:00+00:00,0.077100
2024-10-04T04:00:00+00:00,0.103000
2024-10-04T05:00:00+00:00,0.127080
2024-10-04T06:00:00+00:00,0.141420
2024-10-04T07:00:00+00:00,0.116430
2024-10-04T08:00:00+00:00,0.100150
2024-10-04T09:00:00+00:00,0.083980
2024-10-04T10:00:00+00:00,0.074130
2024-10-04T11:00:00+00:00,0.071440
2024-10-04T12:00:00+00:00,0.072440
2024-10-04T13:00:00+00:00,0.074980
2024-10-04T14:00:00+00:00,0.085670
2024-10-04T15:00:00+00:00,0.104420
2024-10-04T16:00:00+00:00,0.129180
2024-10-04T17:00:00+00:00,0.148000
2024-10-04T18:00:00+00:00,0.123700
2024-10-04T19:00:00+00:00,0.099900
2024-10-04T20:00:00+00:00,0.099900
2024-10-04T21:00:00+00:00,0.090000
2024-10-04T22:00:00+00:00,0.093100
2024-10-04T23:00:00+00:00,0.084640
2024-10-05T00:00:00+00:00,0.081400
2024-10-05T01:00:00+00:00,0.075540
2024-10-05T02:00:00+00:00,0.075720
2024-10-05T03:00:00+00:00,0.079820
2024-10-05T04:00:00+00:00,0.086200
2024-10-05T05:00:00+00:00,0.100400
2024-10-05T06:00:00+00:00,0.110620
2024-10-05T07:00:00+00:00,0.101730
2024-10-05T08:00:00+00:00,0.080080
2024-10-05T09:00:00+00:00,0.060000
2024-10-05T10:00:00+00:00,0.042210
2024-10-05T11:00:00+00:00,0.036000
2024-10-05T12:00:00+00:00,0.026000
2024-10-05T13:00:00+00:00,0.056110
2024-10-05T14:00:00+00:00,0.072550
2024-10-05T15:00:00+00:00,0.092550
2024-10-05T16:00:00+00:00,0.138070
2024-10-05T17:00:00+00:00,0.137970
2024-10-05T18:00:00+00:00,0.106350
2024-10-05T19:00:00+00:00,0.094570
2024-10-05T20:00:00+00:00,0.084290
2024-10-05T21:00:00+00:00,0.067000
2024-10-05T22:00:00+00:00,0.065120
2024-10-05T23:00:00+00:00,0.060650
2024-10-06T00:00:00+00:00,0.059100
2024-10-06T01:00:00+00:00,0.058130
2024-10-06T02:00:00+00:00,0.056930
2024-10-06T03:00:00+00:00,0.058130
2024-10-06T04:00:00+00:00,0.057930
2024-10-06T05:00:00+00:00,0.066350
2024-10-06T06:00:00+00:00,0.070100
2024-10-06T07:00:00+00:00,0.059900
2024-10-06T08:00:00+00:00,0.035000
2024-10-06T09:00:00+00:00,0.016680
2024-10-06T10:00:00+00:00,0.005250
2024-10-06T11:00:00+00:00,-0.000010
2024-10-06T12:00:00+00:00,-0.000010
2024-10-06T13:00:00+00:00,0.000200
2024-10-06T14:00:00+00:00,0.053100
2024-10-06T15:00:00+00:00,0.082780
2024-10-06T16:00:00+00:00,0.106300
2024-10-06T17:00:00+00:00,0.106300
2024-10-06T18:00:00+00:00,0.097600
2024-10-06T19:00:00+00:00,0.076300
2024-10-06T20:00:00+00:00,0.064900
2024-10-06T21:00:00+00:00,0.051710
2024-10-06T22:00:00+00:00,0.034580
2024-10-06T23:00:00+00:00,0.035340
2024-10-07T00:00:00+00:00,0.033250
2024-10-07T01:00:00+00:00,0.029960
2024-10-07T02:00:00+00:00,0.033560
2024-10-07T03:00:00+00:00,0.043000
2024-10-07T04:00:00+00:00,0.064080
2024-10-07T05:00:00+00:00,0.102000
2024-10-07T06:00:00+00:00,0.108320
2024-10-07T07:00:00+00:00,0.091830
2024-10-07T08:00:00+00:00,0.066050
2024-10-07T09:00:00+00:00,0.060200
2024-10-07T10:00:00+00:00,0.045880
2024-10-07T11:00:00+00:00,0.043290
2024-10-07T12:00:00+00:00,0.055000
2024-10-07T13:00:00+00:00,0.061450
2024-10-07T14:00:00+00:00,0.088790
2024-10-07T15:00:00+00:00,0.112400
2024-10-07T16:00:00+00:00,0.227650
2024-10-07T17:00:00+00:00,0.217360
2024-10-07T18:00:00+00:00,0.127430
2024-10-07T19:00:00+00:00,0.099910
2024-10-07T20:00:00+00:00,0.094330
2024-10-07T21:00:00+00:00,0.079120
2024-10-07T22:00:00+00:00,0.068720
2024-10-07T23:00:00+00:00,0.062000
2024-10-08T00:00:00+00:00,0.058230
2024-10-08T01:00:00+00:00,0.052850
2024-10-08T02:00:00+00:00,0.052570
2024-10-08T03:00:00+00:00,0.061400
2024-10-08T04:00:00+00:00,0.085490
2024-10-08T05:00:00+00:00,0.106610
2024-10-08T06:00:00+00:00,0.110000
2024-10-08T07:00:00+00:00,0.089100
2024-10-08T08:00:00+00:00,0.080330
2024-10-08T09:00:00+00:00,0.073420
2024-10-08T10:00:00+00:00,0.066510
2024-10-08T11:00:00+00:00,0.070970
2024-10-08T12:00:00+00:00,0.075790
2024-10-08T13:00:00+00:00,0.077530
2024-10-08T14:00:00+00:00,0.085920
2024-10-08T15:00:00+00:00,0.114000
2024-10-08T16:00:00+00:00,0.144000
2024-10-08T17:00:00+00:00,0.158270
2024-10-08T18:00:00+00:00,0.109230
2024-10-08T19:00:00+00:00,0.094900
2024-10-08T20:00:00+00:00,0.081860
2024-10-08T21:00:00+00:00,0.063530
2024-10-08T22:00:00+00:00,0.056360
2024-10-08T23:00:00+00:00,0.052050
2024-10-09T00:00:00+00:00,0.049210
2024-10-09T01:00:00+00:00,0.046300
2024-10-09T02:00:00+00:00,0.048850
2024-10-09T03:00:00+00:00,0.054970
2024-10-09T04:00:00+00:00,0.077870
2024-10-09T05:00:00+00:00,0.098880
2024-10-09T06:00:00+00:00,0.101090
2024-10-09T07:00:00+00:00,0.087000
2024-10-09T08:00:00+00:00,0.066140
2024-10-09T09:00:00+00:00,0.055280
2024-10-09T10:00:00+00:00,0.055990
2024-10-09T11:00:00+00:00,0.059000
2024-10-09T12:00:00+00:00,0.068480
2024-10-09T13:00:00+00:00,0.085270
2024-10-09T14:00:00+00:00,0.095000
2024-10-09T15:00:00+00:00,0.112000
2024-10-09T16:00:00+00:00,0.128000
2024-10-09T17:00:00+00:00,0.129170
2024-10-09T18:00:00+00:00,0.117400
2024-10-09T19:00:00+00:00,0.099900
2024-10-09T20:00:00+00:00,0.097940
2024-10-09T21:00:00+00:00,0.079500
2024-10-09T22:00:00+00:00,0.070000
2024-10-09T23:00:00+00:00,0.045390
2024-10-10T00:00:00+00:00,0.039000
2024-10-10T01:00:00+00:00,0.035340
2024-10-10T02:00:00+00:00,0.026300
2024-10-10T03:00:00+00:00,0.033790
2024-10-10T04:00:00+00:00,0.056140
2024-10-10T05:00:00+00:00,0.084900
2024-10-10T06:00:00+00:00,0.080460
2024-10-10T07:00:00+00:00,0.067500
2024-10-10T08:00:00+00:00,0.052010
2024-10-10T09:00:00+00:00,0.038930
2024-10-10T10:00:00+00:00,0.021890
2024-10-10T11:00:00+00:00,0.015940
2024-10-10T12:00:00+00:00,0.020010
2024-10-10T13:00:00+00:00,0.038370
2024-10-10T14:00:00+00:00,0.058000
2024-10-10T15:00:00+00:00,0.089900
2024-10-10T16:00:00+00:00,0.109900
2024-10-10T17:00:00+00:00,0.145940
2024-10-10T18:00:00+00:00,0.120000
2024-10-10T19:00:00+00:00,0.090410
2024-10-10T20:00:00+00:00,0.095260
2024-10-10T21:00:00+00:00,0.086200
2024-10-10T22:00:00+00:00,0.083900
2024-10-10T23:00:00+00:00,0.079900
2024-10-11T00:00:00+00:00,0.079190
2024-10-11T01:00:00+00:00,0.067910
2024-10-11T02:00:00+00:00,0.069140
2024-10-11T03:00:00+00:00,0.080290
2024-10-11T04:00:00+00:00,0.099950
2024-10-11T05:00:00+00:00,0.140410
2024-10-11T06:00:00+00:00,0.155490
2024-10-11T07:00:00+00:00,0.110010
2024-10-11T08:00:00+00:00,0.090000
2024-10-11T09:00:00+00:00,0.072350
2024-10-11T10:00:00+00:00,0.061650
2024-10-11T11:00:00+00:00,0.057170
2024-10-11T12:00:00+00:00,0.059560
2024-10-11T13:00:00+00:00,0.066960
2024-10-11T14:00:00+00:00,0.085350
2024-10-11T15:00:00+00:00,0.106600
2024-10-11T16:00:00+00:00,0.158350
2024-10-11T17:00:00+00:00,0.172050
2024-10-11T18:00:00+00:00,0.120000
2024-10-11T19:00:00+00:00,0.099790
2024-10-11T20:00:00+00:00,0.100000
2024-10-11T21:00:00+00:00,0.090000
2024-10-11T22:00:00+00:00,0.091210
2024-10-11T23:00:00+00:00,0.083330
2024-10-12T00:00:00+00:00,0.080540
2024-10-12T01:00:00+00:00,0.081460
2024-10-12T02:00:00+00:00,0.077810
2024-10-12T03:00:00+00:00,0.074900
2024-10-12T04:00:00+00:00,0.071630
2024-10-12T05:00:00+00:00,0.105600
2024-10-12T06:00:00+00:00,0.122000
2024-10-12T07:00:00+00:00,0.119900
2024-10-12T08:00:00+00:00,0.125810
2024-10-12T09:00:00+00:00,0.089900
2024-10-12T10:00:00+00:00,0.067590
2024-10-12T11:00:00+00:00,0.044320
2024-10-12T12:00:00+00:00,0.023340
2024-10-12T13:00:00+00:00,0.046350
2024-10-12T14:00:00+00:00,0.069470
2024-10-12T15:00:00+00:00,0.084550
2024-10-12T16:00:00+00:00,0.082770
2024-10-12T17:00:00+00:00,0.079440
2024-10-12T18:00:00+00:00,0.060580
2024-10-12T19:00:00+00:00,0.045420
2024-10-12T20:00:00+00:00,0.034870
2024-10-12T21:00:00+00:00,0.025370
2024-10-12T22:00:00+00:00,0.000000
2024-10-12T23:00:00+00:00,-0.000010
2024-10-13T00:00:00+00:00,-0.000070
2024-10-13T01:00:00+00:00,-0.000370
2024-10-13T02:00:00+00:00,-0.000510
2024-10-13T03:00:00+00:00,-0.000090
2024-10-13T04:00:00+00:00,-0.000010
2024-10-13T05:00:00+00:00,0.001720
2024-10-13T06:00:00+00:00,0.017960
2024-10-13T07:00:00+00:00,0.009850
2024-10-13T08:00:00+00:00,0.000000
2024-10-13T09:00:00+00:00,-0.010000
2024-10-13T10:00:00+00:00,-0.010060
2024-10-13T11:00:00+00:00,-0.010040
2024-10-13T12:00:00+00:00,-0.003010
2024-10-13T13:00:00+00:00,0.007280
2024-10-13T14:00:00+00:00,0.030140
2024-10-13T15:00:00+00:00,0.115000
2024-10-13T16:00:00+00:00,0.118740
2024-10-13T17:00:00+00:00,0.131970
2024-10-13T18:00:00+00:00,0.108070
2024-10-13T19:00:00+00:00,0.099900
2024-10-13T20:00:00+00:00,0.094000
2024-10-13T21:00:00+00:00,0.090000
2024-10-13T22:00:00+00:00,0.104000
2024-10-13T23:00:00+00:00,0.089900
2024-10-14T00:00:00+00:00,0.098000
2024-10-14T01:00:00+00:00,0.094000
2024-10-14T02:00:00+00:00,0.072000
2024-10-14T03:00:00+00:00,0.062200
2024-10-14T04:00:00+00:00,0.098740
2024-10-14T05:00:00+00:00,0.130530
2024-10-14T06:00:00+00:00,0.153120
2024-10-14T07:00:00+00:00,0.125580
2024-10-14T08:00:00+00:00,0.103000
2024-10-14T09:00:00+00:00,0.095530
2024-10-14T10:00:00+00:00,0.091560
2024-10-14T11:00:00+00:00,0.085000
2024-10-14T12:00:00+00:00,0.074160
2024-10-14T13:00:00+00:00,0.088320
2024-10-14T14:00:00+00:00,0.105790
2024-10-14T15:00:00+00:00,0.158510
2024-10-14T16:00:00+00:00,0.250000
2024-10-14T17:00:00+00:00,0.263270
2024-10-14T18:00:00+00:00,0.158000
2024-10-14T19:00:00+00:00,0.113640
2024-10-14T20:00:00+00:00,0.099660
2024-10-14T21:00:00+00:00,0.094800
2024-10-14T22:00:00+00:00,0.090400
2024-10-14T23:00:00+00:00,0.086080
2024-10-15T00:00:00+00:00,0.088760
2024-10-15T01:00:00+00:00,0.084040
2024-10-15T02:00:00+00:00,0.079940
2024-10-15T03:00:00+00:00,0.087000
2024-10-15T04:00:00+00:00,0.109900
2024-10-15T05:00:00+00:00,0.175940
2024-10-15T06:00:00+00:00,0.171130
2024-10-15T07:00:00+00:00,0.110540
2024-10-15T08:00:00+00:00,0.092740
2024-10-15T09:00:00+00:00,0.083050
2024-10-15T10:00:00+00:00,0.078470
2024-10-15T11:00:00+00:00,0.071160
2024-10-15T12:00:00+00:00,0.070030
2024-10-15T13:00:00+00:00,0.077370
2024-10-15T14:00:00+00:00,0.086330
2024-10-15T15:00:00+00:00,0.116170
2024-10-15T16:00:00+00:00,0.132180
2024-10-15T17:00:00+00:00,0.101530
2024-10-15T18:00:00+00:00,0.076900
2024-10-15T19:00:00+00:00,0.066440
2024-10-15T20:00:00+00:00,0.059240
2024-10-15T21:00:00+00:00,0.042130
2024-10-15T22:00:00+00:00,0.025540
2024-10-15T23:00:00+00:00,0.012800
2024-10-16T00:00:00+00:00,0.005300
2024-10-16T01:00:00+00:00,0.003610
2024-10-16T02:00:00+00:00,0.002860
2024-10-16T03:00:00+00:00,0.007190
2024-10-16T04:00:00+00:00,0.041360
2024-10-16T05:00:00+00:00,0.061500
2024-10-16T06:00:00+00:00,0.080100
2024-10-16T07:00:00+00:00,0.054290
2024-10-16T08:00:00+00:00,0.026680
2024-10-16T09:00:00+00:00,0.014160
2024-10-16T10:00:00+00:00,0.004090
2024-10-16T11:00:00+00:00,0.002040
2024-10-16T12:00:00+00:00,0.004000
2024-10-16T13:00:00+00:00,0.014180
2024-10-16T14:00:00+00:00,0.052000
2024-10-16T15:00:00+00:00,0.099900
2024-10-16T16:00:00+00:00,0.106000
2024-10-16T17:00:00+00:00,0.104000
2024-10-16T18:00:00+00:00,0.078740
2024-10-16T19:00:00+00:00,0.067000
2024-10-16T20:00:00+00:00,0.035140
2024-10-16T21:00:00+00:00,0.026540
2024-10-16T22:00:00+00:00,0.017040
2024-10-16T23:00:00+00:00,0.012150
2024-10-17T00:00:00+00:00,0.010480
2024-10-17T01:00:00+00:00,0.005610
2024-10-17T02:00:00+00:00,0.010010
2024-10-17T03:00:00+00:00,0.028970
2024-10-17T04:00:00+00:00,0.069220
2024-10-17T05:00:00+00:00,0.098940
2024-10-17T06:00:00+00:00,0.101800
2024-10-17T07:00:00+00:00,0.104100
2024-10-17T08:00:00+00:00,0.101910
2024-10-17T09:00:00+00:00,0.098000
2024-10-17T10:00:00+00:00,0.096000
2024-10-17T11:00:00+00:00,0.094700
2024-10-17T12:00:00+00:00,0.092600
2024-10-17T13:00:00+00:00,0.096600
2024-10-17T14:00:00+00:00,0.096000
2024-10-17T15:00:00+00:00,0.124700
2024-10-17T16:00:00+00:00,0.181320
2024-10-17T17:00:00+00:00,0.171000
2024-10-17T18:00:00+00:00,0.117500
2024-10-17T19:00:00+00:00,0.100000
2024-10-17T20:00:00+00:00,0.097000
2024-10-17T21:00:00+00:00,0.088400
2024-10-17T22:00:00+00:00,0.087270
2024-10-17T23:00:00+00:00,0.085920
2024-10-18T00:00:00+00:00,0.089710
2024-10-18T01:00:00+00:00,0.082680
2024-10-18T02:00:00+00:00,0.086970
2024-10-18T03:00:00+00:00,0.087050
2024-10-18T04:00:00+00:00,0.100580
2024-10-18T05:00:00+00:00,0.146660
2024-10-18T06:00:00+00:00,0.157670
2024-10-18T07:00:00+00:00,0.118110
2024-10-18T08:00:00+00:00,0.103450
2024-10-18T09:00:00+00:00,0.089960
2024-10-18T10:00:00+00:00,0.090330
2024-10-18T11:00:00+00:00,0.086200
2024-10-18T12:00:00+00:00,0.090530
2024-10-18T13:00:00+00:00,0.086800
2024-10-18T14:00:00+00:00,0.103290
2024-10-18T15:00:00+00:00,0.133670
2024-10-18T16:00:00+00:00,0.181000
2024-10-18T17:00:00+00:00,0.142850
2024-10-18T18:00:00+00:00,0.103250
2024-10-18T19:00:00+00:00,0.097060
2024-10-18T20:00:00+00:00,0.097130
2024-10-18T21:00:00+00:00,0.086740
2024-10-18T22:00:00+00:00,0.091090
2024-10-18T23:00:00+00:00,0.092070
2024-10-19T00:00:00+00:00,0.087880
2024-10-19T01:00:00+00:00,0.081080
2024-10-19T02:00:00+00:00,0.084650
2024-10-19T03:00:00+00:00,0.083480
2024-10-19T04:00:00+00:00,0.083210
2024-10-19T05:00:00+00:00,0.090550
2024-10-19T06:00:00+00:00,0.098700
2024-10-19T07:00:00+00:00,0.091800
2024-10-19T08:00:00+00:00,0.078590
2024-10-19T09:00:00+00:00,0.072030
2024-10-19T10:00:00+00:00,0.066000
2024-10-19T11:00:00+00:00,0.060150
2024-10-19T12:00:00+00:00,0.061000
2024-10-19T13:00:00+00:00,0.075450
2024-10-19T14:00:00+00:00,0.096000
2024-10-19T15:00:00+00:00,0.106830
2024-10-19T16:00:00+00:00,0.133130
2024-10-19T17:00:00+00:00,0.117000
2024-10-19T18:00:00+00:00,0.095450
2024-10-19T19:00:00+00:00,0.088600
2024-10-19T20:00:00+00:00,0.083410
2024-10-19T21:00:00+00:00,0.073330
2024-10-19T22:00:00+00:00,0.054040
2024-10-19T23:00:00+00:00,0.054900
2024-10-20T00:00:00+00:00,0.054580
2024-10-20T01:00:00+00:00,0.055910
2024-10-20T02:00:00+00:00,0.059590
2024-10-20T03:00:00+00:00,0.063010
2024-10-20T04:00:00+00:00,0.059950
2024-10-20T05:00:00+00:00,0.073240
2024-10-20T06:00:00+00:00,0.065800
2024-10-20T07:00:00+00:00,0.044360
2024-10-20T08:00:00+00:00,0.006370
2024-10-20T09:00:00+00:00,0.000080
2024-10-20T10:00:00+00:00,0.000000
2024-10-20T11:00:00+00:00,-0.000980
2024-10-20T12:00:00+00:00,-0.002010
2024-10-20T13:00:00+00:00,0.000000
2024-10-20T14:00:00+00:00,0.005000
2024-10-20T15:00:00+00:00,0.055550
2024-10-20T16:00:00+00:00,0.060000
2024-10-20T17:00:00+00:00,0.047440
2024-10-20T18:00:00+00:00,0.035090
2024-10-20T19:00:00+00:00,0.021720
2024-10-20T20:00:00+00:00,0.012660
2024-10-20T21:00:00+00:00,0.002020
2024-10-20T22:00:00+00:00,-0.000100
2024-10-20T23:00:00+00:00,-0.000100
2024-10-21T00:00:00+00:00,-0.000140
2024-10-21T01:00:00+00:00,-0.000080
2024-10-21T02:00:00+00:00,0.000000
2024-10-21T03:00:00+00:00,0.003450
2024-10-21T04:00:00+00:00,0.061960
2024-10-21T05:00:00+00:00,0.104130
2024-10-21T06:00:00+00:00,0.120350
2024-10-21T07:00:00+00:00,0.103900
2024-10-21T08:00:00+00:00,0.091000
2024-10-21T09:00:00+00:00,0.084910
2024-10-21T10:00:00+00:00,0.080000
2024-10-21T11:00:00+00:00,0.083150
2024-10-21T12:00:00+00:00,0.083190
2024-10-21T13:00:00+00:00,0.095820
2024-10-21T14:00:00+00:00,0.116570
2024-10-21T15:00:00+00:00,0.130040
2024-10-21T16:00:00+00:00,0.212150
2024-10-21T17:00:00+00:00,0.188350
2024-10-21T18:00:00+00:00,0.128180
2024-10-21T19:00:00+00:00,0.100560
2024-10-21T20:00:00+00:00,0.097790
2024-10-21T21:00:00+00:00,0.092970
2024-10-21T22:00:00+00:00,0.089420
2024-10-21T23:00:00+00:00,0.087040
2024-10-22T00:00:00+00:00,0.084330
2024-10-22T01:00:00+00:00,0.083600
2024-10-22T02:00:00+00:00,0.083020
2024-10-22T03:00:00+00:00,0.086000
2024-10-22T04:00:00+00:00,0.098140
2024-10-22T05:00:00+00:00,0.150000
2024-10-22T06:00:00+00:00,0.163010
2024-10-22T07:00:00+00:00,0.113370
2024-10-22T08:00:00+00:00,0.098790
2024-10-22T09:00:00+00:00,0.088530
2024-10-22T10:00:00+00:00,0.077610
2024-10-22T11:00:00+00:00,0.070880
2024-10-22T12:00:00+00:00,0.071930
2024-10-22T13:00:00+00:00,0.081800
2024-10-22T14:00:00+00:00,0.103110
2024-10-22T15:00:00+00:00,0.107450
2024-10-22T16:00:00+00:00,0.139920
2024-10-22T17:00:00+00:00,0.158320
2024-10-22T18:00:00+00:00,0.114280
2024-10-22T19:00:00+00:00,0.099590
2024-10-22T20:00:00+00:00,0.095730
2024-10-22T21:00:00+00:00,0.088350
2024-10-22T22:00:00+00:00,0.081160
2024-10-22T23:00:00+00:00,0.083780
2024-10-23T00:00:00+00:00,0.083530
2024-10-23T01:00:00+00:00,0.085810
2024-10-23T02:00:00+00:00,0.083690
2024-10-23T03:00:00+00:00,0.090640
2024-10-23T04:00:00+00:00,0.104720
2024-10-23T05:00:00+00:00,0.137490
2024-10-23T06:00:00+00:00,0.162410
2024-10-23T07:00:00+00:00,0.127690
2024-10-23T08:00:00+00:00,0.102200
2024-10-23T09:00:00+00:00,0.091240
2024-10-23T10:00:00+00:00,0.082360
2024-10-23T11:00:00+00:00,0.077070
2024-10-23T12:00:00+00:00,0.075420
2024-10-23T13:00:00+00:00,0.084200
2024-10-23T14:00:00+00:00,0.097370
2024-10-23T15:00:00+00:00,0.139970
2024-10-23T16:00:00+00:00,0.205360
2024-10-23T17:00:00+00:00,0.176000
2024-10-23T18:00:00+00:00,0.113160
2024-10-23T19:00:00+00:00,0.101220
2024-10-23T20:00:00+00:00,0.102930
2024-10-23T21:00:00+00:00,0.093160
2024-10-23T22:00:00+00:00,0.086760
2024-10-23T23:00:00+00:00,0.080110
2024-10-24T00:00:00+00:00,0.078100
2024-10-24T01:00:00+00:00,0.075670
2024-10-24T02:00:00+00:00,0.076070
2024-10-24T03:00:00+00:00,0.080170
2024-10-24T04:00:00+00:00,0.100350
2024-10-24T05:00:00+00:00,0.141860
2024-10-24T06:00:00+00:00,0.165390
2024-10-24T07:00:00+00:00,0.114770
2024-10-24T08:00:00+00:00,0.098310
2024-10-24T09:00:00+00:00,0.089030
2024-10-24T10:00:00+00:00,0.080000
2024-10-24T11:00:00+00:00,0.075080
2024-10-24T12:00:00+00:00,0.075130
2024-10-24T13:00:00+00:00,0.087270
2024-10-24T14:00:00+00:00,0.106150
2024-10-24T15:00:00+00:00,0.123580
2024-10-24T16:00:00+00:00,0.136370
2024-10-24T17:00:00+00:00,0.116040
2024-10-24T18:00:00+00:00,0.096610
2024-10-24T19:00:00+00:00,0.093290
2024-10-24T20:00:00+00:00,0.111460
2024-10-24T21:00:00+00:00,0.083610
2024-10-24T22:00:00+00:00,0.082500
2024-10-24T23:00:00+00:00,0.082070
2024-10-25T00:00:00+00:00,0.079690
2024-10-25T01:00:00+00:00,0.082600
2024-10-25T02:00:00+00:00,0.084470
2024-10-25T03:00:00+00:00,0.094590
2024-10-25T04:00:00+00:00,0.103430
2024-10-25T05:00:00+00:00,0.120030
2024-10-25T06:00:00+00:00,0.143200
2024-10-25T07:00:00+00:00,0.118740
2024-10-25T08:00:00+00:00,0.105140
2024-10-25T09:00:00+00:00,0.090710
2024-10-25T10:00:00+00:00,0.079140
2024-10-25T11:00:00+00:00,0.076170
2024-10-25T12:00:00+00:00,0.079900
2024-10-25T13:00:00+00:00,0.094200
2024-10-25T14:00:00+00:00,0.110500
2024-10-25T15:00:00+00:00,0.145480
2024-10-25T16:00:00+00:00,0.209410
2024-10-25T17:00:00+00:00,0.176360
2024-10-25T18:00:00+00:00,0.121680
2024-10-25T19:00:00+00:00,0.113690
2024-10-25T20:00:00+00:00,0.111490
2024-10-25T21:00:00+00:00,0.104220
2024-10-25T22:00:00+00:00,0.109950
2024-10-25T23:00:00+00:00,0.104500
2024-10-26T00:00:00+00:00,0.102700
2024-10-26T01:00:00+00:00,0.102500
2024-10-26T02:00:00+00:00,0.099230
2024-10-26T03:00:00+00:00,0.100300
2024-10-26T04:00:00+00:00,0.105260
2024-10-26T05:00:00+00:00,0.118290
2024-10-26T06:00:00+00:00,0.126000
2024-10-26T07:00:00+00:00,0.121960
2024-10-26T08:00:00+00:00,0.097000
2024-10-26T09:00:00+00:00,0.078190
2024-10-26T10:00:00+00:00,0.066110
2024-10-26T11:00:00+00:00,0.062230
2024-10-26T12:00:00+00:00,0.062700
2024-10-26T13:00:00+00:00,0.075780
2024-10-26T14:00:00+00:00,0.095630
2024-10-26T15:00:00+00:00,0.124980
2024-10-26T16:00:00+00:00,0.151650
2024-10-26T17:00:00+00:00,0.118940
2024-10-26T18:00:00+00:00,0.101000
2024-10-26T19:00:00+00:00,0.106400
2024-10-26T20:00:00+00:00,0.110100
2024-10-26T21:00:00+00:00,0.085380
2024-10-26T22:00:00+00:00,0.091560
2024-10-26T23:00:00+00:00,0.084000
2024-10-27T00:00:00+00:00,0.082230
2024-10-27T01:00:00+00:00,0.080430
2024-10-27T02:00:00+00:00,0.081120
2024-10-27T03:00:00+00:00,0.077080
2024-10-27T04:00:00+00:00,0.081700
2024-10-27T05:00:00+00:00,0.091300
2024-10-27T06:00:00+00:00,0.088250
2024-10-27T07:00:00+00:00,0.084680
2024-10-27T08:00:00+00:00,0.066720
2024-10-27T09:00:00+00:00,0.054720
2024-10-27T10:00:00+00:00,0.042500
2024-10-27T11:00:00+00:00,0.039990
2024-10-27T12:00:00+00:00,0.040000
2024-10-27T13:00:00+00:00,0.063380
2024-10-27T14:00:00+00:00,0.101880
2024-10-27T15:00:00+00:00,0.117800
2024-10-27T16:00:00+00:00,0.147250
2024-10-27T17:00:00+00:00,0.150710
2024-10-27T18:00:00+00:00,0.130480
2024-10-27T19:00:00+00:00,0.118100
2024-10-27T20:00:00+00:00,0.111390
2024-10-27T21:00:00+00:00,0.109960
2024-10-27T22:00:00+00:00,0.102990
2024-10-27T23:00:00+00:00,0.093670
2024-10-28T00:00:00+00:00,0.089380
2024-10-28T01:00:00+00:00,0.084140
2024-10-28T02:00:00+00:00,0.079400
2024-10-28T03:00:00+00:00,0.079890
2024-10-28T04:00:00+00:00,0.094120
2024-10-28T05:00:00+00:00,0.094300
2024-10-28T06:00:00+00:00,0.111100
2024-10-28T07:00:00+00:00,0.111280
2024-10-28T08:00:00+00:00,0.102920
2024-10-28T09:00:00+00:00,0.094420
2024-10-28T10:00:00+00:00,0.094510
2024-10-28T11:00:00+00:00,0.091090
2024-10-28T12:00:00+00:00,0.096750
2024-10-28T13:00:00+00:00,0.108270
2024-10-28T14:00:00+00:00,0.117180
2024-10-28T15:00:00+00:00,0.116650
2024-10-28T16:00:00+00:00,0.140000
2024-10-28T17:00:00+00:00,0.149990
2024-10-28T18:00:00+00:00,0.144440
2024-10-28T19:00:00+00:00,0.120100
2024-10-28T20:00:00+00:00,0.109900
2024-10-28T21:00:00+00:00,0.108580
2024-10-28T22:00:00+00:00,0.101020
2024-10-28T23:00:00+00:00,0.097690
2024-10-29T00:00:00+00:00,0.095700
2024-10-29T01:00:00+00:00,0.094080
2024-10-29T02:00:00+00:00,0.092920
2024-10-29T03:00:00+00:00,0.094620
2024-10-29T04:00:00+00:00,0.107050
2024-10-29T05:00:00+00:00,0.120320
2024-10-29T06:00:00+00:00,0.146290
2024-10-29T07:00:00+00:00,0.144700
2024-10-29T08:00:00+00:00,0.127070
2024-10-29T09:00:00+00:00,0.118700
2024-10-29T10:00:00+00:00,0.110810
2024-10-29T11:00:00+00:00,0.104090
2024-10-29T12:00:00+00:00,0.113460
2024-10-29T13:00:00+00:00,0.129240
2024-10-29T14:00:00+00:00,0.158300
2024-10-29T15:00:00+00:00,0.192070
2024-10-29T16:00:00+00:00,0.261070
2024-10-29T17:00:00+00:00,0.247000
2024-10-29T18:00:00+00:00,0.196850
2024-10-29T19:00:00+00:00,0.136390
2024-10-29T20:00:00+00:00,0.119900
2024-10-29T21:00:00+00:00,0.113740
2024-10-29T22:00:00+00:00,0.098720
2024-10-29T23:00:00+00:00,0.097000
2024-10-30T00:00:00+00:00,0.095300
2024-10-30T01:00:00+00:00,0.093060
2024-10-30T02:00:00+00:00,0.091320
2024-10-30T03:00:00+00:00,0.092760
2024-10-30T04:00:00+00:00,0.099870
2024-10-30T05:00:00+00:00,0.117000
2024-10-30T06:00:00+00:00,0.129330
2024-10-30T07:00:00+00:00,0.132050
2024-10-30T08:00:00+00:00,0.119900
2024-10-30T09:00:00+00:00,0.108930
2024-10-30T10:00:00+00:00,0.104230
2024-10-30T11:00:00+00:00,0.098340
2024-10-30T12:00:00+00:00,0.102150
2024-10-30T13:00:00+00:00,0.105780
2024-10-30T14:00:00+00:00,0.118810
2024-10-30T15:00:00+00:00,0.149790
2024-10-30T16:00:00+00:00,0.181000
2024-10-30T17:00:00+00:00,0.185510
2024-10-30T18:00:00+00:00,0.157020
2024-10-30T19:00:00+00:00,0.129760
2024-10-30T20:00:00+00:00,0.115760
2024-10-30T21:00:00+00:00,0.111160
2024-10-30T22:00:00+00:00,0.108920
2024-10-30T23:00:00+00:00,0.101680
2024-10-31T00:00:00+00:00,0.095710
2024-10-31T01:00:00+00:00,0.093750
2024-10-31T02:00:00+00:00,0.091870
2024-10-31T03:00:00+00:00,0.094450
2024-10-31T04:00:00+00:00,0.099220
2024-10-31T05:00:00+00:00,0.116680
2024-10-31T06:00:00+00:00,0.132090
2024-10-31T07:00:00+00:00,0.131760
2024-10-31T08:00:00+00:00,0.120760
2024-10-31T09:00:00+00:00,0.103480
2024-10-31T10:00:00+00:00,0.096330
2024-10-31T11:00:00+00:00,0.088910
2024-10-31T12:00:00+00:00,0.091550
2024-10-31T13:00:00+00:00,0.097480
2024-10-31T14:00:00+00:00,0.109280
2024-10-31T15:00:00+00:00,0.121890
2024-10-31T16:00:00+00:00,0.129290
2024-10-31T17:00:00+00:00,0.138700
2024-10-31T18:00:00+00:00,0.131100
2024-10-31T19:00:00+00:00,0.110000
2024-10-31T20:00:00+00:00,0.107000
2024-10-31T21:00:00+00:00,0.107400
2024-10-31T22:00:00+00:00,0.101720
2024-10-31T23:00:00+00:00,0.127000
2024-11-01T00:00:00+00:00,0.116000
2024-11-01T01:00:00+00:00,0.099930
2024-11-01T02:00:00+00:00,0.087530
2024-11-01T03:00:00+00:00,0.075940
2024-11-01T04:00:00+00:00,0.082030
2024-11-01T05:00:00+00:00,0.089400
2024-11-01T06:00:00+00:00,0.103000
2024-11-01T07:00:00+00:00,0.109100
2024-11-01T08:00:00+00:00,0.115000
2024-11-01T09:00:00+00:00,0.104000
2024-11-01T10:00:00+00:00,0.100000
2024-11-01T11:00:00+00:00,0.091000
2024-11-01T12:00:00+00:00,0.100000
2024-11-01T13:00:00+00:00,0.110000
2024-11-01T14:00:00+00:00,0.119180
2024-11-01T15:00:00+00:00,0.128750
2024-11-01T16:00:00+00:00,0.131400
2024-11-01T17:00:00+00:00,0.135490
2024-11-01T18:00:00+00:00,0.118900
2024-11-01T19:00:00+00:00,0.113680
2024-11-01T20:00:00+00:00,0.105000
2024-11-01T21:00:00+00:00,0.102410
2024-11-01T22:00:00+00:00,0.109900
2024-11-01T23:00:00+00:00,0.095850
2024-11-02T00:00:00+00:00,0.091360
2024-11-02T01:00:00+00:00,0.088770
2024-11-02T02:00:00+00:00,0.086000
2024-11-02T03:00:00+00:00,0.086850
2024-11-02T04:00:00+00:00,0.090760
2024-11-02T05:00:00+00:00,0.096500
2024-11-02T06:00:00+00:00,0.100110
2024-11-02T07:00:00+00:00,0.101160
2024-11-02T08:00:00+00:00,0.108200
2024-11-02T09:00:00+00:00,0.090780
2024-11-02T10:00:00+00:00,0.090740
2024-11-02T11:00:00+00:00,0.087010
2024-11-02T12:00:00+00:00,0.088970
2024-11-02T13:00:00+00:00,0.100970
2024-11-02T14:00:00+00:00,0.116880
2024-11-02T15:00:00+00:00,0.131200
2024-11-02T16:00:00+00:00,0.153180
2024-11-02T17:00:00+00:00,0.144320
2024-11-02T18:00:00+00:00,0.132790
2024-11-02T19:00:00+00:00,0.119580
2024-11-02T20:00:00+00:00,0.110970
2024-11-02T21:00:00+00:00,0.106280
2024-11-02T22:00:00+00:00,0.100610
2024-11-02T23:00:00+00:00,0.101190
2024-11-03T00:00:00+00:00,0.096290
2024-11-03T01:00:00+00:00,0.088580
2024-11-03T02:00:00+00:00,0.085080
2024-11-03T03:00:00+00:00,0.086000
2024-11-03T04:00:00+00:00,0.086910
2024-11-03T05:00:00+00:00,0.094900
2024-11-03T06:00:00+00:00,0.096860
2024-11-03T07:00:00+00:00,0.087250
2024-11-03T08:00:00+00:00,0.093020
2024-11-03T09:00:00+00:00,0.068430
2024-11-03T10:00:00+00:00,0.059290
2024-11-03T11:00:00+00:00,0.052630
2024-11-03T12:00:00+00:00,0.058540
2024-11-03T13:00:00+00:00,0.080920
2024-11-03T14:00:00+00:00,0.093520
2024-11-03T15:00:00+00:00,0.111000
2024-11-03T16:00:00+00:00,0.124280
2024-11-03T17:00:00+00:00,0.125150
2024-11-03T18:00:00+00:00,0.119900
2024-11-03T19:00:00+00:00,0.110840
2024-11-03T20:00:00+00:00,0.102130
2024-11-03T21:00:00+00:00,0.100680
2024-11-03T22:00:00+00:00,0.094710
2024-11-03T23:00:00+00:00,0.092040
2024-11-04T00:00:00+00:00,0.089960
2024-11-04T01:00:00+00:00,0.090070
2024-11-04T02:00:00+00:00,0.089180
2024-11-04T03:00:00+00:00,0.090190
2024-11-04T04:00:00+00:00,0.097480
2024-11-04T05:00:00+00:00,0.122240
2024-11-04T06:00:00+00:00,0.140000
2024-11-04T07:00:00+00:00,0.137130
2024-11-04T08:00:00+00:00,0.120130
2024-11-04T09:00:00+00:00,0.099560
2024-11-04T10:00:00+00:00,0.084200
2024-11-04T11:00:00+00:00,0.083100
2024-11-04T12:00:00+00:00,0.084200
2024-11-04T13:00:00+00:00,0.094920
2024-11-04T14:00:00+00:00,0.125630
2024-11-04T15:00:00+00:00,0.174000
2024-11-04T16:00:00+00:00,0.269760
2024-11-04T17:00:00+00:00,0.231510
2024-11-04T18:00:00+00:00,0.161230
2024-11-04T19:00:00+00:00,0.123000
2024-11-04T20:00:00+00:00,0.110100
2024-11-04T21:00:00+00:00,0.105000
2024-11-04T22:00:00+00:00,0.092720
2024-11-04T23:00:00+00:00,0.083630
2024-11-05T00:00:00+00:00,0.094000
2024-11-05T01:00:00+00:00,0.090680
2024-11-05T02:00:00+00:00,0.091300
2024-11-05T03:00:00+00:00,0.094000
2024-11-05T04:00:00+00:00,0.096090
2024-11-05T05:00:00+00:00,0.106000
2024-11-05T06:00:00+00:00,0.135990
2024-11-05T07:00:00+00:00,0.136210
2024-11-05T08:00:00+00:00,0.118230
2024-11-05T09:00:00+00:00,0.105870
2024-11-05T10:00:00+00:00,0.095280
2024-11-05T11:00:00+00:00,0.094920
2024-11-05T12:00:00+00:00,0.099250
2024-11-05T13:00:00+00:00,0.107980
2024-11-05T14:00:00+00:00,0.149860
2024-11-05T15:00:00+00:00,0.303240
2024-11-05T16:00:00+00:00,0.472990
2024-11-05T17:00:00+00:00,0.431020
2024-11-05T18:00:00+00:00,0.320330
2024-11-05T19:00:00+00:00,0.169700
2024-11-05T20:00:00+00:00,0.129900
2024-11-05T21:00:00+00:00,0.117770
2024-11-05T22:00:00+00:00,0.110030
2024-11-05T23:00:00+00:00,0.100500
2024-11-06T00:00:00+00:00,0.099050
2024-11-06T01:00:00+00:00,0.095400
2024-11-06T02:00:00+00:00,0.095830
2024-11-06T03:00:00+00:00,0.098830
2024-11-06T04:00:00+00:00,0.092910
2024-11-06T05:00:00+00:00,0.121000
2024-11-06T06:00:00+00:00,0.215780
2024-11-06T07:00:00+00:00,0.194000
2024-11-06T08:00:00+00:00,0.141970
2024-11-06T09:00:00+00:00,0.130920
2024-11-06T10:00:00+00:00,0.122120
2024-11-06T11:00:00+00:00,0.121470
2024-11-06T12:00:00+00:00,0.124110
2024-11-06T13:00:00+00:00,0.136880
2024-11-06T14:00:00+00:00,0.190700
2024-11-06T15:00:00+00:00,0.315690
2024-11-06T16:00:00+00:00,0.550000
2024-11-06T17:00:00+00:00,0.545850
2024-11-06T18:00:00+00:00,0.333500
2024-11-06T19:00:00+00:00,0.175620
2024-11-06T20:00:00+00:00,0.128970
2024-11-06T21:00:00+00:00,0.113000
2024-11-06T22:00:00+00:00,0.108700
2024-11-06T23:00:00+00:00,0.108140
2024-11-07T00:00:00+00:00,0.101110
2024-11-07T01:00:00+00:00,0.098440
2024-11-07T02:00:00+00:00,0.097240
2024-11-07T03:00:00+00:00,0.098460
2024-11-07T04:00:00+00:00,0.093600
2024-11-07T05:00:00+00:00,0.099500
2024-11-07T06:00:00+00:00,0.170940
2024-11-07T07:00:00+00:00,0.161710
2024-11-07T08:00:00+00:00,0.147650
2024-11-07T09:00:00+00:00,0.141320
2024-11-07T10:00:00+00:00,0.127930
2024-11-07T11:00:00+00:00,0.122080
2024-11-07T12:00:00+00:00,0.127220
2024-11-07T13:00:00+00:00,0.128000
2024-11-07T14:00:00+00:00,0.178890
2024-11-07T15:00:00+00:00,0.242920
2024-11-07T16:00:00+00:00,0.371140
2024-11-07T17:00:00+00:00,0.277740
2024-11-07T18:00:00+00:00,0.171190
2024-11-07T19:00:00+00:00,0.130070
2024-11-07T20:00:00+00:00,0.113920
2024-11-07T21:00:00+00:00,0.111670
2024-11-07T22:00:00+00:00,0.099870
2024-11-07T23:00:00+00:00,0.098940
2024-11-08T00:00:00+00:00,0.099080
2024-11-08T01:00:00+00:00,0.096620
2024-11-08T02:00:00+00:00,0.095600
2024-11-08T03:00:00+00:00,0.096130
2024-11-08T04:00:00+00:00,0.097630
2024-11-08T05:00:00+00:00,0.103400
2024-11-08T06:00:00+00:00,0.125980
2024-11-08T07:00:00+00:00,0.132690
2024-11-08T08:00:00+00:00,0.126190
2024-11-08T09:00:00+00:00,0.117340
2024-11-08T10:00:00+00:00,0.110940
2024-11-08T11:00:00+00:00,0.105590
2024-11-08T12:00:00+00:00,0.106810
2024-11-08T13:00:00+00:00,0.112180
2024-11-08T14:00:00+00:00,0.123590
2024-11-08T15:00:00+00:00,0.129110
2024-11-08T16:00:00+00:00,0.129080
2024-11-08T17:00:00+00:00,0.133090
2024-11-08T18:00:00+00:00,0.127390
2024-11-08T19:00:00+00:00,0.115890
2024-11-08T20:00:00+00:00,0.109610
2024-11-08T21:00:00+00:00,0.113000
2024-11-08T22:00:00+00:00,0.104060
2024-11-08T23:00:00+00:00,0.105100
2024-11-09T00:00:00+00:00,0.099960
2024-11-09T01:00:00+00:00,0.098000
2024-11-09T02:00:00+00:00,0.096680
2024-11-09T03:00:00+00:00,0.098410
2024-11-09T04:00:00+00:00,0.100600
2024-11-09T05:00:00+00:00,0.104310
2024-11-09T06:00:00+00:00,0.109870
2024-11-09T07:00:00+00:00,0.114100
2024-11-09T08:00:00+00:00,0.114600
2024-11-09T09:00:00+00:00,0.109970
2024-11-09T10:00:00+00:00,0.106400
2024-11-09T11:00:00+00:00,0.106880
2024-11-09T12:00:00+00:00,0.108000
2024-11-09T13:00:00+00:00,0.110180
2024-11-09T14:00:00+00:00,0.119920
2024-11-09T15:00:00+00:00,0.133300
2024-11-09T16:00:00+00:00,0.144800
2024-11-09T17:00:00+00:00,0.145960
2024-11-09T18:00:00+00:00,0.139270
2024-11-09T19:00:00+00:00,0.128320
2024-11-09T20:00:00+00:00,0.117960
2024-11-09T21:00:00+00:00,0.114530
2024-11-09T22:00:00+00:00,0.110100
2024-11-09T23:00:00+00:00,0.104990
2024-11-10T00:00:00+00:00,0.102280
2024-11-10T01:00:00+00:00,0.101290
2024-11-10T02:00:00+00:00,0.099440
2024-11-10T03:00:00+00:00,0.099190
2024-11-10T04:00:00+00:00,0.099890
2024-11-10T05:00:00+00:00,0.099550
2024-11-10T06:00:00+00:00,0.102450
2024-11-10T07:00:00+00:00,0.104280
2024-11-10T08:00:00+00:00,0.110910
2024-11-10T09:00:00+00:00,0.112170
2024-11-10T10:00:00+00:00,0.110130
2024-11-10T11:00:00+00:00,0.110920
2024-11-10T12:00:00+00:00,0.108230
2024-11-10T13:00:00+00:00,0.110930
2024-11-10T14:00:00+00:00,0.121390
2024-11-10T15:00:00+00:00,0.130770
2024-11-10T16:00:00+00:00,0.145520
2024-11-10T17:00:00+00:00,0.144200
2024-11-10T18:00:00+00:00,0.137570
2024-11-10T19:00:00+00:00,0.125310
2024-11-10T20:00:00+00:00,0.115280
2024-11-10T21:00:00+00:00,0.111100
2024-11-10T22:00:00+00:00,0.108020
2024-11-10T23:00:00+00:00,0.109550
2024-11-11T00:00:00+00:00,0.103380
2024-11-11T01:00:00+00:00,0.099910
2024-11-11T02:00:00+00:00,0.096000
2024-11-11T03:00:00+00:00,0.095010
2024-11-11T04:00:00+00:00,0.082000
2024-11-11T05:00:00+00:00,0.091700
2024-11-11T06:00:00+00:00,0.118910
2024-11-11T07:00:00+00:00,0.130550
2024-11-11T08:00:00+00:00,0.119900
2024-11-11T09:00:00+00:00,0.108280
2024-11-11T10:00:00+00:00,0.064250
2024-11-11T11:00:00+00:00,0.087970
2024-11-11T12:00:00+00:00,0.101000
2024-11-11T13:00:00+00:00,0.109000
2024-11-11T14:00:00+00:00,0.102600
2024-11-11T15:00:00+00:00,0.116200
2024-11-11T16:00:00+00:00,0.145770
2024-11-11T17:00:00+00:00,0.144100
2024-11-11T18:00:00+00:00,0.131690
2024-11-11T19:00:00+00:00,0.120000
2024-11-11T20:00:00+00:00,0.110200
2024-11-11T21:00:00+00:00,0.107860
2024-11-11T22:00:00+00:00,0.104330
2024-11-11T23:00:00+00:00,0.101200
2024-11-12T00:00:00+00:00,0.102000
2024-11-12T01:00:00+00:00,0.095200
2024-11-12T02:00:00+00:00,0.093750
2024-11-12T03:00:00+00:00,0.093160
2024-11-12T04:00:00+00:00,0.103110
2024-11-12T05:00:00+00:00,0.089200
2024-11-12T06:00:00+00:00,0.111500
2024-11-12T07:00:00+00:00,0.180000
2024-11-12T08:00:00+00:00,0.133200
2024-11-12T09:00:00+00:00,0.158990
2024-11-12T10:00:00+00:00,0.125520
2024-11-12T11:00:00+00:00,0.124910
2024-11-12T12:00:00+00:00,0.147310
2024-11-12T13:00:00+00:00,0.160720
2024-11-12T14:00:00+00:00,0.200000
2024-11-12T15:00:00+00:00,0.245740
2024-11-12T16:00:00+00:00,0.292330
2024-11-12T17:00:00+00:00,0.216000
2024-11-12T18:00:00+00:00,0.168340
2024-11-12T19:00:00+00:00,0.146670
2024-11-12T20:00:00+00:00,0.130510
2024-11-12T21:00:00+00:00,0.124440
2024-11-12T22:00:00+00:00,0.115330
2024-11-12T23:00:00+00:00,0.114700
2024-11-13T00:00:00+00:00,0.109950
2024-11-13T01:00:00+00:00,0.106560
2024-11-13T02:00:00+00:00,0.105660
2024-11-13T03:00:00+00:00,0.107870
2024-11-13T04:00:00+00:00,0.114300
2024-11-13T05:00:00+00:00,0.130310
2024-11-13T06:00:00+00:00,0.160770
2024-11-13T07:00:00+00:00,0.212710
2024-11-13T08:00:00+00:00,0.213910
2024-11-13T09:00:00+00:00,0.189780
2024-11-13T10:00:00+00:00,0.169790
2024-11-13T11:00:00+00:00,0.155700
2024-11-13T12:00:00+00:00,0.153700
2024-11-13T13:00:00+00:00,0.153420
2024-11-13T14:00:00+00:00,0.162070
2024-11-13T15:00:00+00:00,0.169590
2024-11-13T16:00:00+00:00,0.177520
2024-11-13T17:00:00+00:00,0.175000
2024-11-13T18:00:00+00:00,0.162820
2024-11-13T19:00:00+00:00,0.128500
2024-11-13T20:00:00+00:00,0.116270
2024-11-13T21:00:00+00:00,0.114230
2024-11-13T22:00:00+00:00,0.106810
2024-11-13T23:00:00+00:00,0.101700
2024-11-14T00:00:00+00:00,0.100000
2024-11-14T01:00:00+00:00,0.096140
2024-11-14T02:00:00+00:00,0.092370
2024-11-14T03:00:00+00:00,0.091630
2024-11-14T04:00:00+00:00,0.092930
2024-11-14T05:00:00+00:00,0.105270
2024-11-14T06:00:00+00:00,0.114070
2024-11-14T07:00:00+00:00,0.129100
2024-11-14T08:00:00+00:00,0.125760
2024-11-14T09:00:00+00:00,0.126800
2024-11-14T10:00:00+00:00,0.126340
2024-11-14T11:00:00+00:00,0.123820
2024-11-14T12:00:00+00:00,0.128090
2024-11-14T13:00:00+00:00,0.134190
2024-11-14T14:00:00+00:00,0.143150
2024-11-14T15:00:00+00:00,0.147760
2024-11-14T16:00:00+00:00,0.157160
2024-11-14T17:00:00+00:00,0.155240
2024-11-14T18:00:00+00:00,0.149120
2024-11-14T19:00:00+00:00,0.138960
2024-11-14T20:00:00+00:00,0.129530
2024-11-14T21:00:00+00:00,0.122890
2024-11-14T22:00:00+00:00,0.112560
2024-11-14T23:00:00+00:00,0.110660
2024-11-15T00:00:00+00:00,0.106800
2024-11-15T01:00:00+00:00,0.107070
2024-11-15T02:00:00+00:00,0.103700
2024-11-15T03:00:00+00:00,0.104500
2024-11-15T04:00:00+00:00,0.108780
2024-11-15T05:00:00+00:00,0.129800
2024-11-15T06:00:00+00:00,0.145230
2024-11-15T07:00:00+00:00,0.158520
2024-11-15T08:00:00+00:00,0.149970
2024-11-15T09:00:00+00:00,0.137580
2024-11-15T10:00:00+00:00,0.133510
2024-11-15T11:00:00+00:00,0.121640
2024-11-15T12:00:00+00:00,0.121500
2024-11-15T13:00:00+00:00,0.130100
2024-11-15T14:00:00+00:00,0.138140
2024-11-15T15:00:00+00:00,0.133190
2024-11-15T16:00:00+00:00,0.137030
2024-11-15T17:00:00+00:00,0.135540
2024-11-15T18:00:00+00:00,0.128000
2024-11-15T19:00:00+00:00,0.115730
2024-11-15T20:00:00+00:00,0.110740
2024-11-15T21:00:00+00:00,0.108190
2024-11-15T22:00:00+00:00,0.093550
2024-11-15T23:00:00+00:00,0.102650
2024-11-16T00:00:00+00:00,0.099090
2024-11-16T01:00:00+00:00,0.097910
2024-11-16T02:00:00+00:00,0.096070
2024-11-16T03:00:00+00:00,0.089780
2024-11-16T04:00:00+00:00,0.086950
2024-11-16T05:00:00+00:00,0.078600
2024-11-16T06:00:00+00:00,0.090100
2024-11-16T07:00:00+00:00,0.104750
2024-11-16T08:00:00+00:00,0.118400
2024-11-16T09:00:00+00:00,0.114900
2024-11-16T10:00:00+00:00,0.111410
2024-11-16T11:00:00+00:00,0.108980
2024-11-16T12:00:00+00:00,0.101760
2024-11-16T13:00:00+00:00,0.100000
2024-11-16T14:00:00+00:00,0.102580
2024-11-16T15:00:00+00:00,0.112050
2024-11-16T16:00:00+00:00,0.126530
2024-11-16T17:00:00+00:00,0.122500
2024-11-16T18:00:00+00:00,0.111000
2024-11-16T19:00:00+00:00,0.119300
2024-11-16T20:00:00+00:00,0.119300
2024-11-16T21:00:00+00:00,0.117620
2024-11-16T22:00:00+00:00,0.095960
2024-11-16T23:00:00+00:00,0.096050
2024-11-17T00:00:00+00:00,0.090920
2024-11-17T01:00:00+00:00,0.074330
2024-11-17T02:00:00+00:00,0.061180
2024-11-17T03:00:00+00:00,0.045530
2024-11-17T04:00:00+00:00,0.039300
2024-11-17T05:00:00+00:00,0.046600
2024-11-17T06:00:00+00:00,0.064040
2024-11-17T07:00:00+00:00,0.085700
2024-11-17T08:00:00+00:00,0.092800
2024-11-17T09:00:00+00:00,0.045030
2024-11-17T10:00:00+00:00,0.013800
2024-11-17T11:00:00+00:00,0.024470
2024-11-17T12:00:00+00:00,0.014930
2024-11-17T13:00:00+00:00,0.059800
2024-11-17T14:00:00+00:00,0.082190
2024-11-17T15:00:00+00:00,0.113800
2024-11-17T16:00:00+00:00,0.130600
2024-11-17T17:00:00+00:00,0.124900
2024-11-17T18:00:00+00:00,0.100000
2024-11-17T19:00:00+00:00,0.124970
2024-11-17T20:00:00+00:00,0.115000
2024-11-17T21:00:00+00:00,0.119900
2024-11-17T22:00:00+00:00,0.110000
2024-11-17T23:00:00+00:00,0.095200
2024-11-18T00:00:00+00:00,0.082500
2024-11-18T01:00:00+00:00,0.091180
2024-11-18T02:00:00+00:00,0.093500
2024-11-18T03:00:00+00:00,0.082330
2024-11-18T04:00:00+00:00,0.091130
2024-11-18T05:00:00+00:00,0.098040
2024-11-18T06:00:00+00:00,0.122960
2024-11-18T07:00:00+00:00,0.123110
2024-11-18T08:00:00+00:00,0.120550
2024-11-18T09:00:00+00:00,0.120000
2024-11-18T10:00:00+00:00,0.110000
2024-11-18T11:00:00+00:00,0.095470
2024-11-18T12:00:00+00:00,0.096800
2024-11-18T13:00:00+00:00,0.115100
2024-11-18T14:00:00+00:00,0.123060
2024-11-18T15:00:00+00:00,0.144000
2024-11-18T16:00:00+00:00,0.159700
2024-11-18T17:00:00+00:00,0.163560
2024-11-18T18:00:00+00:00,0.154420
2024-11-18T19:00:00+00:00,0.129760
2024-11-18T20:00:00+00:00,0.117810
2024-11-18T21:00:00+00:00,0.116990
2024-11-18T22:00:00+00:00,0.108400
2024-11-18T23:00:00+00:00,0.107060
2024-11-19T00:00:00+00:00,0.101400
2024-11-19T01:00:00+00:00,0.095580
2024-11-19T02:00:00+00:00,0.086790
2024-11-19T03:00:00+00:00,0.080680
2024-11-19T04:00:00+00:00,0.086790
2024-11-19T05:00:00+00:00,0.109970
2024-11-19T06:00:00+00:00,0.125400
2024-11-19T07:00:00+00:00,0.144870
2024-11-19T08:00:00+00:00,0.148990
2024-11-19T09:00:00+00:00,0.146740
2024-11-19T10:00:00+00:00,0.152810
2024-11-19T11:00:00+00:00,0.143800
2024-11-19T12:00:00+00:00,0.144130
2024-11-19T13:00:00+00:00,0.133020
2024-11-19T14:00:00+00:00,0.128760
2024-11-19T15:00:00+00:00,0.132890
2024-11-19T16:00:00+00:00,0.139900
2024-11-19T17:00:00+00:00,0.134930
2024-11-19T18:00:00+00:00,0.126300
2024-11-19T19:00:00+00:00,0.117150
2024-11-19T20:00:00+00:00,0.109370
2024-11-19T21:00:00+00:00,0.105440
2024-11-19T22:00:00+00:00,0.089900
2024-11-19T23:00:00+00:00,0.100600
2024-11-20T00:00:00+00:00,0.091590
2024-11-20T01:00:00+00:00,0.086600
2024-11-20T02:00:00+00:00,0.081530
2024-11-20T03:00:00+00:00,0.081010
2024-11-20T04:00:00+00:00,0.091870
2024-11-20T05:00:00+00:00,0.106320
2024-11-20T06:00:00+00:00,0.133340
2024-11-20T07:00:00+00:00,0.142870
2024-11-20T08:00:00+00:00,0.139970
2024-11-20T09:00:00+00:00,0.118900
2024-11-20T10:00:00+00:00,0.107770
2024-11-20T11:00:00+00:00,0.097260
2024-11-20T12:00:00+00:00,0.097360
2024-11-20T13:00:00+00:00,0.106400
2024-11-20T14:00:00+00:00,0.126420
2024-11-20T15:00:00+00:00,0.134180
2024-11-20T16:00:00+00:00,0.142130
2024-11-20T17:00:00+00:00,0.142700
2024-11-20T18:00:00+00:00,0.140620
2024-11-20T19:00:00+00:00,0.135980
2024-11-20T20:00:00+00:00,0.120100
2024-11-20T21:00:00+00:00,0.115820
2024-11-20T22:00:00+00:00,0.103500
2024-11-20T23:00:00+00:00,0.093960
2024-11-21T00:00:00+00:00,0.090400
2024-11-21T01:00:00+00:00,0.086800
2024-11-21T02:00:00+00:00,0.084150
2024-11-21T03:00:00+00:00,0.084230
2024-11-21T04:00:00+00:00,0.092880
2024-11-21T05:00:00+00:00,0.108290
2024-11-21T06:00:00+00:00,0.122270
2024-11-21T07:00:00+00:00,0.133350
2024-11-21T08:00:00+00:00,0.135010
2024-11-21T09:00:00+00:00,0.127380
2024-11-21T10:00:00+00:00,0.115500
2024-11-21T11:00:00+00:00,0.113620
2024-11-21T12:00:00+00:00,0.120960
2024-11-21T13:00:00+00:00,0.137210
2024-11-21T14:00:00+00:00,0.149070
2024-11-21T15:00:00+00:00,0.167130
2024-11-21T16:00:00+00:00,0.175310
2024-11-21T17:00:00+00:00,0.158210
2024-11-21T18:00:00+00:00,0.151160
2024-11-21T19:00:00+00:00,0.130040
2024-11-21T20:00:00+00:00,0.122140
2024-11-21T21:00:00+00:00,0.121220
2024-11-21T22:00:00+00:00,0.106820
2024-11-21T23:00:00+00:00,0.114500
2024-11-22T00:00:00+00:00,0.104020
2024-11-22T01:00:00+00:00,0.096240
2024-11-22T02:00:00+00:00,0.090010
2024-11-22T03:00:00+00:00,0.087200
2024-11-22T04:00:00+00:00,0.091600
2024-11-22T05:00:00+00:00,0.115300
2024-11-22T06:00:00+00:00,0.135060
2024-11-22T07:00:00+00:00,0.144210
2024-11-22T08:00:00+00:00,0.141050
2024-11-22T09:00:00+00:00,0.132940
2024-11-22T10:00:00+00:00,0.116880
2024-11-22T11:00:00+00:00,0.106000
2024-11-22T12:00:00+00:00,0.094500
2024-11-22T13:00:00+00:00,0.094870
2024-11-22T14:00:00+00:00,0.108870
2024-11-22T15:00:00+00:00,0.114030
2024-11-22T16:00:00+00:00,0.130000
2024-11-22T17:00:00+00:00,0.135010
2024-11-22T18:00:00+00:00,0.132970
2024-11-22T19:00:00+00:00,0.129100
2024-11-22T20:00:00+00:00,0.107230
2024-11-22T21:00:00+00:00,0.120400
2024-11-22T22:00:00+00:00,0.129480
2024-11-22T23:00:00+00:00,0.121610
2024-11-23T00:00:00+00:00,0.113880
2024-11-23T01:00:00+00:00,0.103360
2024-11-23T02:00:00+00:00,0.092400
2024-11-23T03:00:00+00:00,0.080000
2024-11-23T04:00:00+00:00,0.087100
2024-11-23T05:00:00+00:00,0.084660
2024-11-23T06:00:00+00:00,0.090400
2024-11-23T07:00:00+00:00,0.097950
2024-11-23T08:00:00+00:00,0.085620
2024-11-23T09:00:00+00:00,0.090000
2024-11-23T10:00:00+00:00,0.085980
2024-11-23T11:00:00+00:00,0.088620
2024-11-23T12:00:00+00:00,0.078000
2024-11-23T13:00:00+00:00,0.085680
2024-11-23T14:00:00+00:00,0.100620
2024-11-23T15:00:00+00:00,0.085460
2024-11-23T16:00:00+00:00,0.095560
2024-11-23T17:00:00+00:00,0.089000
2024-11-23T18:00:00+00:00,0.075170
2024-11-23T19:00:00+00:00,0.063750
2024-11-23T20:00:00+00:00,0.051310
2024-11-23T21:00:00+00:00,0.042140
2024-11-23T22:00:00+00:00,0.019290
2024-11-23T23:00:00+00:00,0.004660
2024-11-24T00:00:00+00:00,0.001720
2024-11-24T01:00:00+00:00,0.000000
2024-11-24T02:00:00+00:00,-0.001070
2024-11-24T03:00:00+00:00,-0.001900
2024-11-24T04:00:00+00:00,-0.002090
2024-11-24T05:00:00+00:00,-0.002670
2024-11-24T06:00:00+00:00,-0.000030
2024-11-24T07:00:00+00:00,0.001370
2024-11-24T08:00:00+00:00,0.003750
2024-11-24T09:00:00+00:00,0.002070
2024-11-24T10:00:00+00:00,0.001250
2024-11-24T11:00:00+00:00,0.002220
2024-11-24T12:00:00+00:00,0.001350
2024-11-24T13:00:00+00:00,0.004780
2024-11-24T14:00:00+00:00,0.008920
2024-11-24T15:00:00+00:00,0.041500
2024-11-24T16:00:00+00:00,0.078000
2024-11-24T17:00:00+00:00,0.060000
2024-11-24T18:00:00+00:00,0.059900
2024-11-24T19:00:00+00:00,0.039000
2024-11-24T20:00:00+00:00,0.014720
2024-11-24T21:00:00+00:00,0.008410
2024-11-24T22:00:00+00:00,0.004000
2024-11-24T23:00:00+00:00,0.000430
2024-11-25T00:00:00+00:00,0.000010
2024-11-25T01:00:00+00:00,-0.000550
2024-11-25T02:00:00+00:00,-0.001090
2024-11-25T03:00:00+00:00,-0.000340
2024-11-25T04:00:00+00:00,-0.000050
2024-11-25T05:00:00+00:00,0.001930
2024-11-25T06:00:00+00:00,0.057000
2024-11-25T07:00:00+00:00,0.097000
2024-11-25T08:00:00+00:00,0.118590
2024-11-25T09:00:00+00:00,0.128200
2024-11-25T10:00:00+00:00,0.123000
2024-11-25T11:00:00+00:00,0.112000
2024-11-25T12:00:00+00:00,0.112200
2024-11-25T13:00:00+00:00,0.114000
2024-11-25T14:00:00+00:00,0.115680
2024-11-25T15:00:00+00:00,0.125000
2024-11-25T16:00:00+00:00,0.149000
2024-11-25T17:00:00+00:00,0.138210
2024-11-25T18:00:00+00:00,0.118990
2024-11-25T19:00:00+00:00,0.096350
2024-11-25T20:00:00+00:00,0.083400
2024-11-25T21:00:00+00:00,0.088080
2024-11-25T22:00:00+00:00,0.070710
2024-11-25T23:00:00+00:00,0.090100
2024-11-26T00:00:00+00:00,0.079060
2024-11-26T01:00:00+00:00,0.078620
2024-11-26T02:00:00+00:00,0.071230
2024-11-26T03:00:00+00:00,0.072980
2024-11-26T04:00:00+00:00,0.082380
2024-11-26T05:00:00+00:00,0.101450
2024-11-26T06:00:00+00:00,0.110000
2024-11-26T07:00:00+00:00,0.136150
2024-11-26T08:00:00+00:00,0.126990
2024-11-26T09:00:00+00:00,0.112090
2024-11-26T10:00:00+00:00,0.100000
2024-11-26T11:00:00+00:00,0.091950
2024-11-26T12:00:00+00:00,0.101640
2024-11-26T13:00:00+00:00,0.115710
2024-11-26T14:00:00+00:00,0.124250
2024-11-26T15:00:00+00:00,0.144020
2024-11-26T16:00:00+00:00,0.155180
2024-11-26T17:00:00+00:00,0.160640
2024-11-26T18:00:00+00:00,0.152940
2024-11-26T19:00:00+00:00,0.127030
2024-11-26T20:00:00+00:00,0.118630
2024-11-26T21:00:00+00:00,0.122500
2024-11-26T22:00:00+00:00,0.113600
2024-11-26T23:00:00+00:00,0.111060
2024-11-27T00:00:00+00:00,0.110000
2024-11-27T01:00:00+00:00,0.110000
2024-11-27T02:00:00+00:00,0.103210
2024-11-27T03:00:00+00:00,0.100870
2024-11-27T04:00:00+00:00,0.112110
2024-11-27T05:00:00+00:00,0.128800
2024-11-27T06:00:00+00:00,0.128900
2024-11-27T07:00:00+00:00,0.166000
2024-11-27T08:00:00+00:00,0.131000
2024-11-27T09:00:00+00:00,0.139070
2024-11-27T10:00:00+00:00,0.134390
2024-11-27T11:00:00+00:00,0.125810
2024-11-27T12:00:00+00:00,0.124400
2024-11-27T13:00:00+00:00,0.119870
2024-11-27T14:00:00+00:00,0.124000
2024-11-27T15:00:00+00:00,0.116390
2024-11-27T16:00:00+00:00,0.113740
2024-11-27T17:00:00+00:00,0.109900
2024-11-27T18:00:00+00:00,0.101000
2024-11-27T19:00:00+00:00,0.078980
2024-11-27T20:00:00+00:00,0.079970
2024-11-27T21:00:00+00:00,0.085700
2024-11-27T22:00:00+00:00,0.059900
2024-11-27T23:00:00+00:00,0.050100
2024-11-28T00:00:00+00:00,0.041210
2024-11-28T01:00:00+00:00,0.035130
2024-11-28T02:00:00+00:00,0.038000
2024-11-28T03:00:00+00:00,0.059900
2024-11-28T04:00:00+00:00,0.092040
2024-11-28T05:00:00+00:00,0.100100
2024-11-28T06:00:00+00:00,0.132100
2024-11-28T07:00:00+00:00,0.148290
2024-11-28T08:00:00+00:00,0.140360
2024-11-28T09:00:00+00:00,0.099010
2024-11-28T10:00:00+00:00,0.098700
2024-11-28T11:00:00+00:00,0.096160
2024-11-28T12:00:00+00:00,0.098990
2024-11-28T13:00:00+00:00,0.114400
2024-11-28T14:00:00+00:00,0.118800
2024-11-28T15:00:00+00:00,0.133930
2024-11-28T16:00:00+00:00,0.151000
2024-11-28T17:00:00+00:00,0.158240
2024-11-28T18:00:00+00:00,0.154040
2024-11-28T19:00:00+00:00,0.143390
2024-11-28T20:00:00+00:00,0.131260
2024-11-28T21:00:00+00:00,0.122160
2024-11-28T22:00:00+00:00,0.112600
2024-11-28T23:00:00+00:00,0.110300
2024-11-29T00:00:00+00:00,0.107010
2024-11-29T01:00:00+00:00,0.103470
2024-11-29T02:00:00+00:00,0.101520
2024-11-29T03:00:00+00:00,0.102830
2024-11-29T04:00:00+00:00,0.112270
2024-11-29T05:00:00+00:00,0.130660
2024-11-29T06:00:00+00:00,0.160730
2024-11-29T07:00:00+00:00,0.173560
2024-11-29T08:00:00+00:00,0.157370
2024-11-29T09:00:00+00:00,0.138350
2024-11-29T10:00:00+00:00,0.120060
2024-11-29T11:00:00+00:00,0.110050
2024-11-29T12:00:00+00:00,0.114260
2024-11-29T13:00:00+00:00,0.109300
2024-11-29T14:00:00+00:00,0.124200
2024-11-29T15:00:00+00:00,0.146220
2024-11-29T16:00:00+00:00,0.149350
2024-11-29T17:00:00+00:00,0.142030
2024-11-29T18:00:00+00:00,0.131870
2024-11-29T19:00:00+00:00,0.119900
2024-11-29T20:00:00+00:00,0.112100
2024-11-29T21:00:00+00:00,0.113930
2024-11-29T22:00:00+00:00,0.103280
2024-11-29T23:00:00+00:00,0.099500
2024-11-30T00:00:00+00:00,0.092690
2024-11-30T01:00:00+00:00,0.089620
2024-11-30T02:00:00+00:00,0.086620
2024-11-30T03:00:00+00:00,0.088040
2024-11-30T04:00:00+00:00,0.090080
2024-11-30T05:00:00+00:00,0.088120
2024-11-30T06:00:00+00:00,0.102420
2024-11-30T07:00:00+00:00,0.117800
2024-11-30T08:00:00+00:00,0.125000
2024-11-30T09:00:00+00:00,0.108860
2024-11-30T10:00:00+00:00,0.085450
2024-11-30T11:00:00+00:00,0.087180
2024-11-30T12:00:00+00:00,0.090000
2024-11-30T13:00:00+00:00,0.106800
2024-11-30T14:00:00+00:00,0.122210
2024-11-30T15:00:00+00:00,0.131530
2024-11-30T16:00:00+00:00,0.137680
2024-11-30T17:00:00+00:00,0.136400
2024-11-30T18:00:00+00:00,0.131960
2024-11-30T19:00:00+00:00,0.124510
2024-11-30T20:00:00+00:00,0.115080
2024-11-30T21:00:00+00:00,0.114780
2024-11-30T22:00:00+00:00,0.106670
2024-11-30T23:00:00+00:00,0.099660
2024-12-01T00:00:00+00:00,0.090010
2024-12-01T01:00:00+00:00,0.088140
2024-12-01T02:00:00+00:00,0.085700
2024-12-01T03:00:00+00:00,0.084270
2024-12-01T04:00:00+00:00,0.083770
2024-12-01T05:00:00+00:00,0.083230
2024-12-01T06:00:00+00:00,0.089500
2024-12-01T07:00:00+00:00,0.099190
2024-12-01T08:00:00+00:00,0.094600
2024-12-01T09:00:00+00:00,0.089300
2024-12-01T10:00:00+00:00,0.082380
2024-12-01T11:00:00+00:00,0.085250
2024-12-01T12:00:00+00:00,0.083080
2024-12-01T13:00:00+00:00,0.088170
2024-12-01T14:00:00+00:00,0.105250
2024-12-01T15:00:00+00:00,0.117450
2024-12-01T16:00:00+00:00,0.117800
2024-12-01T17:00:00+00:00,0.123270
2024-12-01T18:00:00+00:00,0.112310
2024-12-01T19:00:00+00:00,0.093660
2024-12-01T20:00:00+00:00,0.086010
2024-12-01T21:00:00+00:00,0.097390
2024-12-01T22:00:00+00:00,0.085000
2024-12-01T23:00:00+00:00,0.074770
2024-12-02T00:00:00+00:00,0.066210
2024-12-02T01:00:00+00:00,0.061570
2024-12-02T02:00:00+00:00,0.046500
2024-12-02T03:00:00+00:00,0.049150
2024-12-02T04:00:00+00:00,0.068420
2024-12-02T05:00:00+00:00,0.092510
2024-12-02T06:00:00+00:00,0.125250
2024-12-02T07:00:00+00:00,0.126200
2024-12-02T08:00:00+00:00,0.123940
2024-12-02T09:00:00+00:00,0.121440
2024-12-02T10:00:00+00:00,0.115970
2024-12-02T11:00:00+00:00,0.115180
2024-12-02T12:00:00+00:00,0.126400
2024-12-02T13:00:00+00:00,0.134050
2024-12-02T14:00:00+00:00,0.141930
2024-12-02T15:00:00+00:00,0.144750
2024-12-02T16:00:00+00:00,0.147070
2024-12-02T17:00:00+00:00,0.148280
2024-12-02T18:00:00+00:00,0.138770
2024-12-02T19:00:00+00:00,0.121130
2024-12-02T20:00:00+00:00,0.113410
2024-12-02T21:00:00+00:00,0.112540
2024-12-02T22:00:00+00:00,0.102640
2024-12-02T23:00:00+00:00,0.110930
2024-12-03T00:00:00+00:00,0.090900
2024-12-03T01:00:00+00:00,0.088000
2024-12-03T02:00:00+00:00,0.086800
2024-12-03T03:00:00+00:00,0.094960
2024-12-03T04:00:00+00:00,0.102560
2024-12-03T05:00:00+00:00,0.119940
2024-12-03T06:00:00+00:00,0.142000
2024-12-03T07:00:00+00:00,0.155640
2024-12-03T08:00:00+00:00,0.151090
2024-12-03T09:00:00+00:00,0.142290
2024-12-03T10:00:00+00:00,0.131140
2024-12-03T11:00:00+00:00,0.127130
2024-12-03T12:00:00+00:00,0.141620
2024-12-03T13:00:00+00:00,0.148000
2024-12-03T14:00:00+00:00,0.165980
2024-12-03T15:00:00+00:00,0.200100
2024-12-03T16:00:00+00:00,0.209140
2024-12-03T17:00:00+00:00,0.197880
2024-12-03T18:00:00+00:00,0.189830
2024-12-03T19:00:00+00:00,0.168440
2024-12-03T20:00:00+00:00,0.153130
2024-12-03T21:00:00+00:00,0.142080
2024-12-03T22:00:00+00:00,0.130810
2024-12-03T23:00:00+00:00,0.121000
2024-12-04T00:00:00+00:00,0.116660
2024-12-04T01:00:00+00:00,0.112790
2024-12-04T02:00:00+00:00,0.110000
2024-12-04T03:00:00+00:00,0.111640
2024-12-04T04:00:00+00:00,0.119600
2024-12-04T05:00:00+00:00,0.143150
2024-12-04T06:00:00+00:00,0.202140
2024-12-04T07:00:00+00:00,0.266510
2024-12-04T08:00:00+00:00,0.244050
2024-12-04T09:00:00+00:00,0.203190
2024-12-04T10:00:00+00:00,0.192030
2024-12-04T11:00:00+00:00,0.187050
2024-12-04T12:00:00+00:00,0.191350
2024-12-04T13:00:00+00:00,0.206160
2024-12-04T14:00:00+00:00,0.227830
2024-12-04T15:00:00+00:00,0.250000
2024-12-04T16:00:00+00:00,0.279690
2024-12-04T17:00:00+00:00,0.225240
2024-12-04T18:00:00+00:00,0.194000
2024-12-04T19:00:00+00:00,0.158800
2024-12-04T20:00:00+00:00,0.133000
2024-12-04T21:00:00+00:00,0.120000
2024-12-04T22:00:00+00:00,0.111000
2024-12-04T23:00:00+00:00,0.114770
2024-12-05T00:00:00+00:00,0.105740
2024-12-05T01:00:00+00:00,0.100100
2024-12-05T02:00:00+00:00,0.087140
2024-12-05T03:00:00+00:00,0.076940
2024-12-05T04:00:00+00:00,0.077700
2024-12-05T05:00:00+00:00,0.091300
2024-12-05T06:00:00+00:00,0.100100
2024-12-05T07:00:00+00:00,0.128000
2024-12-05T08:00:00+00:00,0.131780
2024-12-05T09:00:00+00:00,0.124920
2024-12-05T10:00:00+00:00,0.107310
2024-12-05T11:00:00+00:00,0.103500
2024-12-05T12:00:00+00:00,0.104320
2024-12-05T13:00:00+00:00,0.107360
2024-12-05T14:00:00+00:00,0.116260
2024-12-05T15:00:00+00:00,0.124640
2024-12-05T16:00:00+00:00,0.137900
2024-12-05T17:00:00+00:00,0.130000
2024-12-05T18:00:00+00:00,0.115210
2024-12-05T19:00:00+00:00,0.101910
2024-12-05T20:00:00+00:00,0.083930
2024-12-05T21:00:00+00:00,0.079960
2024-12-05T22:00:00+00:00,0.045120
2024-12-05T23:00:00+00:00,0.012090
2024-12-06T00:00:00+00:00,0.005970
2024-12-06T01:00:00+00:00,0.004160
2024-12-06T02:00:00+00:00,0.002220
2024-12-06T03:00:00+00:00,0.002790
2024-12-06T04:00:00+00:00,0.010540
2024-12-06T05:00:00+00:00,0.062700
2024-12-06T06:00:00+00:00,0.094770
2024-12-06T07:00:00+00:00,0.111750
2024-12-06T08:00:00+00:00,0.125000
2024-12-06T09:00:00+00:00,0.105430
2024-12-06T10:00:00+00:00,0.099900
2024-12-06T11:00:00+00:00,0.091900
2024-12-06T12:00:00+00:00,0.101170
2024-12-06T13:00:00+00:00,0.109000
2024-12-06T14:00:00+00:00,0.117030
2024-12-06T15:00:00+00:00,0.130580
2024-12-06T16:00:00+00:00,0.142270
2024-12-06T17:00:00+00:00,0.150550
2024-12-06T18:00:00+00:00,0.141700
2024-12-06T19:00:00+00:00,0.128250
2024-12-06T20:00:00+00:00,0.117990
2024-12-06T21:00:00+00:00,0.118000
2024-12-06T22:00:00+00:00,0.100490
2024-12-06T23:00:00+00:00,0.085790
2024-12-07T00:00:00+00:00,0.074920
2024-12-07T01:00:00+00:00,0.067500
2024-12-07T02:00:00+00:00,0.061480
2024-12-07T03:00:00+00:00,0.049100
2024-12-07T04:00:00+00:00,0.037410
2024-12-07T05:00:00+00:00,0.036500
2024-12-07T06:00:00+00:00,0.041480
2024-12-07T07:00:00+00:00,0.054170
2024-12-07T08:00:00+00:00,0.059100
2024-12-07T09:00:00+00:00,0.058800
2024-12-07T10:00:00+00:00,0.057960
2024-12-07T11:00:00+00:00,0.063140
2024-12-07T12:00:00+00:00,0.066650
2024-12-07T13:00:00+00:00,0.065740
2024-12-07T14:00:00+00:00,0.072340
2024-12-07T15:00:00+00:00,0.085000
2024-12-07T16:00:00+00:00,0.087200
2024-12-07T17:00:00+00:00,0.082610
2024-12-07T18:00:00+00:00,0.080350
2024-12-07T19:00:00+00:00,0.078900
2024-12-07T20:00:00+00:00,0.079030
2024-12-07T21:00:00+00:00,0.076500
2024-12-07T22:00:00+00:00,0.068730
2024-12-07T23:00:00+00:00,0.082160
2024-12-08T00:00:00+00:00,0.075850
2024-12-08T01:00:00+00:00,0.075810
2024-12-08T02:00:00+00:00,0.071210
2024-12-08T03:00:00+00:00,0.071280
2024-12-08T04:00:00+00:00,0.076960
2024-12-08T05:00:00+00:00,0.078740
2024-12-08T06:00:00+00:00,0.079290
2024-12-08T07:00:00+00:00,0.088670
2024-12-08T08:00:00+00:00,0.098730
2024-12-08T09:00:00+00:00,0.100810
2024-12-08T10:00:00+00:00,0.106400
2024-12-08T11:00:00+00:00,0.108740
2024-12-08T12:00:00+00:00,0.106160
2024-12-08T13:00:00+00:00,0.099370
2024-12-08T14:00:00+00:00,0.109660
2024-12-08T15:00:00+00:00,0.095800
2024-12-08T16:00:00+00:00,0.105480
2024-12-08T17:00:00+00:00,0.095350
2024-12-08T18:00:00+00:00,0.094120
2024-12-08T19:00:00+00:00,0.088750
2024-12-08T20:00:00+00:00,0.088000
2024-12-08T21:00:00+00:00,0.085750
2024-12-08T22:00:00+00:00,0.073510
2024-12-08T23:00:00+00:00,0.068990
2024-12-09T00:00:00+00:00,0.053190
2024-12-09T01:00:00+00:00,0.034660
2024-12-09T02:00:00+00:00,0.031500
2024-12-09T03:00:00+00:00,0.035330
2024-12-09T04:00:00+00:00,0.066240
2024-12-09T05:00:00+00:00,0.077670
2024-12-09T06:00:00+00:00,0.112120
2024-12-09T07:00:00+00:00,0.121960
2024-12-09T08:00:00+00:00,0.122280
2024-12-09T09:00:00+00:00,0.123360
2024-12-09T10:00:00+00:00,0.120310
2024-12-09T11:00:00+00:00,0.122460
2024-12-09T12:00:00+00:00,0.116200
2024-12-09T13:00:00+00:00,0.116670
2024-12-09T14:00:00+00:00,0.114010
2024-12-09T15:00:00+00:00,0.115690
2024-12-09T16:00:00+00:00,0.121600
2024-12-09T17:00:00+00:00,0.116910
2024-12-09T18:00:00+00:00,0.125390
2024-12-09T19:00:00+00:00,0.113160
2024-12-09T20:00:00+00:00,0.101950
2024-12-09T21:00:00+00:00,0.098480
2024-12-09T22:00:00+00:00,0.092390
2024-12-09T23:00:00+00:00,0.077270
2024-12-10T00:00:00+00:00,0.085000
2024-12-10T01:00:00+00:00,0.084930
2024-12-10T02:00:00+00:00,0.083700
2024-12-10T03:00:00+00:00,0.087210
2024-12-10T04:00:00+00:00,0.087690
2024-12-10T05:00:00+00:00,0.100000
2024-12-10T06:00:00+00:00,0.112790
2024-12-10T07:00:00+00:00,0.134230
2024-12-10T08:00:00+00:00,0.157730
2024-12-10T09:00:00+00:00,0.153130
2024-12-10T10:00:00+00:00,0.163000
2024-12-10T11:00:00+00:00,0.135220
2024-12-10T12:00:00+00:00,0.169150
2024-12-10T13:00:00+00:00,0.169480
2024-12-10T14:00:00+00:00,0.176600
2024-12-10T15:00:00+00:00,0.179970
2024-12-10T16:00:00+00:00,0.159900
2024-12-10T17:00:00+00:00,0.181000
2024-12-10T18:00:00+00:00,0.176650
2024-12-10T19:00:00+00:00,0.151980
2024-12-10T20:00:00+00:00,0.120000
2024-12-10T21:00:00+00:00,0.107200
2024-12-10T22:00:00+00:00,0.121370
2024-12-10T23:00:00+00:00,0.100000
2024-12-11T00:00:00+00:00,0.101850
2024-12-11T01:00:00+00:00,0.096540
2024-12-11T02:00:00+00:00,0.097100
2024-12-11T03:00:00+00:00,0.096510
2024-12-11T04:00:00+00:00,0.097100
2024-12-11T05:00:00+00:00,0.100100
2024-12-11T06:00:00+00:00,0.120000
2024-12-11T07:00:00+00:00,0.247670
2024-12-11T08:00:00+00:00,0.300100
2024-12-11T09:00:00+00:00,0.322150
2024-12-11T10:00:00+00:00,0.319320
2024-12-11T11:00:00+00:00,0.311870
2024-12-11T12:00:00+00:00,0.319450
2024-12-11T13:00:00+00:00,0.342130
2024-12-11T14:00:00+00:00,0.355390
2024-12-11T15:00:00+00:00,0.411940
2024-12-11T16:00:00+00:00,0.423130
2024-12-11T17:00:00+00:00,0.349310
2024-12-11T18:00:00+00:00,0.298320
2024-12-11T19:00:00+00:00,0.193130
2024-12-11T20:00:00+00:00,0.154680
2024-12-11T21:00:00+00:00,0.150000
2024-12-11T22:00:00+00:00,0.135960
2024-12-11T23:00:00+00:00,0.122240
2024-12-12T00:00:00+00:00,0.115300
2024-12-12T01:00:00+00:00,0.109960
2024-12-12T02:00:00+00:00,0.107350
2024-12-12T03:00:00+00:00,0.112510
2024-12-12T04:00:00+00:00,0.123370
2024-12-12T05:00:00+00:00,0.163980
2024-12-12T06:00:00+00:00,0.232970
2024-12-12T07:00:00+00:00,0.519900
2024-12-12T08:00:00+00:00,0.581480
2024-12-12T09:00:00+00:00,0.500000
2024-12-12T10:00:00+00:00,0.433690
2024-12-12T11:00:00+00:00,0.381120
2024-12-12T12:00:00+00:00,0.400100
2024-12-12T13:00:00+00:00,0.466190
2024-12-12T14:00:00+00:00,0.637860
2024-12-12T15:00:00+00:00,0.767670
2024-12-12T16:00:00+00:00,0.872960
2024-12-12T17:00:00+00:00,0.628270
2024-12-12T18:00:00+00:00,0.517500
2024-12-12T19:00:00+00:00,0.285370
2024-12-12T20:00:00+00:00,0.169400
2024-12-12T21:00:00+00:00,0.150000
2024-12-12T22:00:00+00:00,0.134750
2024-12-12T23:00:00+00:00,0.130070
2024-12-13T00:00:00+00:00,0.122900
2024-12-13T01:00:00+00:00,0.118970
2024-12-13T02:00:00+00:00,0.114950
2024-12-13T03:00:00+00:00,0.115640
2024-12-13T04:00:00+00:00,0.119900
2024-12-13T05:00:00+00:00,0.150100
2024-12-13T06:00:00+00:00,0.187480
2024-12-13T07:00:00+00:00,0.253000
2024-12-13T08:00:00+00:00,0.245740
2024-12-13T09:00:00+00:00,0.208420
2024-12-13T10:00:00+00:00,0.174270
2024-12-13T11:00:00+00:00,0.165970
2024-12-13T12:00:00+00:00,0.165000
2024-12-13T13:00:00+00:00,0.184500
2024-12-13T14:00:00+00:00,0.219840
2024-12-13T15:00:00+00:00,0.249290
2024-12-13T16:00:00+00:00,0.284210
2024-12-13T17:00:00+00:00,0.260000
2024-12-13T18:00:00+00:00,0.225600
2024-12-13T19:00:00+00:00,0.175000
2024-12-13T20:00:00+00:00,0.146220
2024-12-13T21:00:00+00:00,0.135090
2024-12-13T22:00:00+00:00,0.116520
2024-12-13T23:00:00+00:00,0.116940
2024-12-14T00:00:00+00:00,0.111360
2024-12-14T01:00:00+00:00,0.108040
2024-12-14T02:00:00+00:00,0.099020
2024-12-14T03:00:00+00:00,0.093440
2024-12-14T04:00:00+00:00,0.091550
2024-12-14T05:00:00+00:00,0.092720
2024-12-14T06:00:00+00:00,0.102110
2024-12-14T07:00:00+00:00,0.113960
2024-12-14T08:00:00+00:00,0.125100
2024-12-14T09:00:00+00:00,0.121120
2024-12-14T10:00:00+00:00,0.108210
2024-12-14T11:00:00+00:00,0.103200
2024-12-14T12:00:00+00:00,0.102960
2024-12-14T13:00:00+00:00,0.096630
2024-12-14T14:00:00+00:00,0.100100
2024-12-14T15:00:00+00:00,0.105670
2024-12-14T16:00:00+00:00,0.120000
2024-12-14T17:00:00+00:00,0.113370
2024-12-14T18:00:00+00:00,0.090100
2024-12-14T19:00:00+00:00,0.093200
2024-12-14T20:00:00+00:00,0.089620
2024-12-14T21:00:00+00:00,0.081880
2024-12-14T22:00:00+00:00,0.080200
2024-12-14T23:00:00+00:00,0.095000
2024-12-15T00:00:00+00:00,0.087300
2024-12-15T01:00:00+00:00,0.078160
2024-12-15T02:00:00+00:00,0.071000
2024-12-15T03:00:00+00:00,0.055880
2024-12-15T04:00:00+00:00,0.053690
2024-12-15T05:00:00+00:00,0.046810
2024-12-15T06:00:00+00:00,0.055330
2024-12-15T07:00:00+00:00,0.066210
2024-12-15T08:00:00+00:00,0.070650
2024-12-15T09:00:00+00:00,0.070100
2024-12-15T10:00:00+00:00,0.064980
2024-12-15T11:00:00+00:00,0.070310
2024-12-15T12:00:00+00:00,0.080100
2024-12-15T13:00:00+00:00,0.080220
2024-12-15T14:00:00+00:00,0.083000
2024-12-15T15:00:00+00:00,0.080100
2024-12-15T16:00:00+00:00,0.090170
2024-12-15T17:00:00+00:00,0.080000
2024-12-15T18:00:00+00:00,0.073000
2024-12-15T19:00:00+00:00,0.077920
2024-12-15T20:00:00+00:00,0.040520
2024-12-15T21:00:00+00:00,0.010860
2024-12-15T22:00:00+00:00,0.002290
2024-12-15T23:00:00+00:00,0.000090
2024-12-16T00:00:00+00:00,0.000100
2024-12-16T01:00:00+00:00,0.000050
2024-12-16T02:00:00+00:00,0.000000
2024-12-16T03:00:00+00:00,0.000460
2024-12-16T04:00:00+00:00,0.001380
2024-12-16T05:00:00+00:00,0.007730
2024-12-16T06:00:00+00:00,0.050000
2024-12-16T07:00:00+00:00,0.107900
2024-12-16T08:00:00+00:00,0.109000
2024-12-16T09:00:00+00:00,0.100100
2024-12-16T10:00:00+00:00,0.097580
2024-12-16T11:00:00+00:00,0.093090
2024-12-16T12:00:00+00:00,0.081700
2024-12-16T13:00:00+00:00,0.080100
2024-12-16T14:00:00+00:00,0.095950
2024-12-16T15:00:00+00:00,0.101110
2024-12-16T16:00:00+00:00,0.115140
2024-12-16T17:00:00+00:00,0.089900
2024-12-16T18:00:00+00:00,0.075000
2024-12-16T19:00:00+00:00,0.077990
2024-12-16T20:00:00+00:00,0.070100
2024-12-16T21:00:00+00:00,0.057000
2024-12-16T22:00:00+00:00,0.017610
2024-12-16T23:00:00+00:00,0.040550
2024-12-17T00:00:00+00:00,0.022750
2024-12-17T01:00:00+00:00,0.019750
2024-12-17T02:00:00+00:00,0.025720
2024-12-17T03:00:00+00:00,0.066900
2024-12-17T04:00:00+00:00,0.066900
2024-12-17T05:00:00+00:00,0.104950
2024-12-17T06:00:00+00:00,0.105680
2024-12-17T07:00:00+00:00,0.116180
2024-12-17T08:00:00+00:00,0.111340
2024-12-17T09:00:00+00:00,0.108000
2024-12-17T10:00:00+00:00,0.102400
2024-12-17T11:00:00+00:00,0.102730
2024-12-17T12:00:00+00:00,0.106210
2024-12-17T13:00:00+00:00,0.109590
2024-12-17T14:00:00+00:00,0.116070
2024-12-17T15:00:00+00:00,0.116990
2024-12-17T16:00:00+00:00,0.127330
2024-12-17T17:00:00+00:00,0.122070
2024-12-17T18:00:00+00:00,0.108100
2024-12-17T19:00:00+00:00,0.099210
2024-12-17T20:00:00+00:00,0.095840
2024-12-17T21:00:00+00:00,0.092310
2024-12-17T22:00:00+00:00,0.071200
2024-12-17T23:00:00+00:00,0.068710
2024-12-18T00:00:00+00:00,0.052120
2024-12-18T01:00:00+00:00,0.045700
2024-12-18T02:00:00+00:00,0.040000
2024-12-18T03:00:00+00:00,0.026220
2024-12-18T04:00:00+00:00,0.032670
2024-12-18T05:00:00+00:00,0.045940
2024-12-18T06:00:00+00:00,0.057340
2024-12-18T07:00:00+00:00,0.077580
2024-12-18T08:00:00+00:00,0.076690
2024-12-18T09:00:00+00:00,0.068620
2024-12-18T10:00:00+00:00,0.067120
2024-12-18T11:00:00+00:00,0.070480
2024-12-18T12:00:00+00:00,0.070000
2024-12-18T13:00:00+00:00,0.070000
2024-12-18T14:00:00+00:00,0.073080
2024-12-18T15:00:00+00:00,0.078690
2024-12-18T16:00:00+00:00,0.094460
2024-12-18T17:00:00+00:00,0.089900
2024-12-18T18:00:00+00:00,0.085200
2024-12-18T19:00:00+00:00,0.077310
2024-12-18T20:00:00+00:00,0.064900
2024-12-18T21:00:00+00:00,0.045100
2024-12-18T22:00:00+00:00,0.023580
2024-12-18T23:00:00+00:00,0.013660
2024-12-19T00:00:00+00:00,0.014410
2024-12-19T01:00:00+00:00,0.005690
2024-12-19T02:00:00+00:00,0.001600
2024-12-19T03:00:00+00:00,0.000260
2024-12-19T04:00:00+00:00,0.000060
2024-12-19T05:00:00+00:00,0.007010
2024-12-19T06:00:00+00:00,0.055780
2024-12-19T07:00:00+00:00,0.092150
2024-12-19T08:00:00+00:00,0.131100
2024-12-19T09:00:00+00:00,0.110900
2024-12-19T10:00:00+00:00,0.096000
2024-12-19T11:00:00+00:00,0.080100
2024-12-19T12:00:00+00:00,0.077000
2024-12-19T13:00:00+00:00,0.080030
2024-12-19T14:00:00+00:00,0.090000
2024-12-19T15:00:00+00:00,0.110900
2024-12-19T16:00:00+00:00,0.147800
2024-12-19T17:00:00+00:00,0.129990
2024-12-19T18:00:00+00:00,0.091540
2024-12-19T19:00:00+00:00,0.085290
2024-12-19T20:00:00+00:00,0.079070
2024-12-19T21:00:00+00:00,0.079050
2024-12-19T22:00:00+00:00,0.064900
2024-12-19T23:00:00+00:00,0.048650
2024-12-20T00:00:00+00:00,0.032400
2024-12-20T01:00:00+00:00,0.017520
2024-12-20T02:00:00+00:00,0.018140
2024-12-20T03:00:00+00:00,0.023600
2024-12-20T04:00:00+00:00,0.048980
2024-12-20T05:00:00+00:00,0.074920
2024-12-20T06:00:00+00:00,0.118000
2024-12-20T07:00:00+00:00,0.169000
2024-12-20T08:00:00+00:00,0.150030
2024-12-20T09:00:00+00:00,0.122920
2024-12-20T10:00:00+00:00,0.097870
2024-12-20T11:00:00+00:00,0.087970
2024-12-20T12:00:00+00:00,0.084280
2024-12-20T13:00:00+00:00,0.088760
2024-12-20T14:00:00+00:00,0.099380
2024-12-20T15:00:00+00:00,0.105580
2024-12-20T16:00:00+00:00,0.110140
2024-12-20T17:00:00+00:00,0.101720
2024-12-20T18:00:00+00:00,0.099330
2024-12-20T19:00:00+00:00,0.090340
2024-12-20T20:00:00+00:00,0.072440
2024-12-20T21:00:00+00:00,0.070420
2024-12-20T22:00:00+00:00,0.058330
2024-12-20T23:00:00+00:00,0.028810
2024-12-21T00:00:00+00:00,0.024510
2024-12-21T01:00:00+00:00,0.024260
2024-12-21T02:00:00+00:00,0.019410
2024-12-21T03:00:00+00:00,0.018110
2024-12-21T04:00:00+00:00,0.026160
2024-12-21T05:00:00+00:00,0.041730
2024-12-21T06:00:00+00:00,0.040600
2024-12-21T07:00:00+00:00,0.051650
2024-12-21T08:00:00+00:00,0.061920
2024-12-21T09:00:00+00:00,0.056000
2024-12-21T10:00:00+00:00,0.040520
2024-12-21T11:00:00+00:00,0.034640
2024-12-21T12:00:00+00:00,0.031440
2024-12-21T13:00:00+00:00,0.028450
2024-12-21T14:00:00+00:00,0.031090
2024-12-21T15:00:00+00:00,0.032560
2024-12-21T16:00:00+00:00,0.049900
2024-12-21T17:00:00+00:00,0.060100
2024-12-21T18:00:00+00:00,0.055000
2024-12-21T19:00:00+00:00,0.028040
2024-12-21T20:00:00+00:00,0.009410
2024-12-21T21:00:00+00:00,0.007360
2024-12-21T22:00:00+00:00,0.003980
2024-12-21T23:00:00+00:00,0.002700
2024-12-22T00:00:00+00:00,0.001610
2024-12-22T01:00:00+00:00,0.000000
2024-12-22T02:00:00+00:00,-0.000740
2024-12-22T03:00:00+00:00,-0.002000
2024-12-22T04:00:00+00:00,-0.001240
2024-12-22T05:00:00+00:00,-0.000660
2024-12-22T06:00:00+00:00,0.002290
2024-12-22T07:00:00+00:00,0.006450
2024-12-22T08:00:00+00:00,0.022410
2024-12-22T09:00:00+00:00,0.020660
2024-12-22T10:00:00+00:00,0.023540
2024-12-22T11:00:00+00:00,0.022620
2024-12-22T12:00:00+00:00,0.022550
2024-12-22T13:00:00+00:00,0.028070
2024-12-22T14:00:00+00:00,0.041770
2024-12-22T15:00:00+00:00,0.059900
2024-12-22T16:00:00+00:00,0.092300
2024-12-22T17:00:00+00:00,0.086200
2024-12-22T18:00:00+00:00,0.071230
2024-12-22T19:00:00+00:00,0.054900
2024-12-22T20:00:00+00:00,0.039910
2024-12-22T21:00:00+00:00,0.037910
2024-12-22T22:00:00+00:00,0.026320
2024-12-22T23:00:00+00:00,0.019370
2024-12-23T00:00:00+00:00,0.013260
2024-12-23T01:00:00+00:00,0.011130
2024-12-23T02:00:00+00:00,0.007730
2024-12-23T03:00:00+00:00,0.006400
2024-12-23T04:00:00+00:00,0.006300
2024-12-23T05:00:00+00:00,0.017450
2024-12-23T06:00:00+00:00,0.053370
2024-12-23T07:00:00+00:00,0.066940
2024-12-23T08:00:00+00:00,0.067360
2024-12-23T09:00:00+00:00,0.056000
2024-12-23T10:00:00+00:00,0.054900
2024-12-23T11:00:00+00:00,0.056970
2024-12-23T12:00:00+00:00,0.057700
2024-12-23T13:00:00+00:00,0.064550
2024-12-23T14:00:00+00:00,0.076340
2024-12-23T15:00:00+00:00,0.117270
2024-12-23T16:00:00+00:00,0.130320
2024-12-23T17:00:00+00:00,0.129900
2024-12-23T18:00:00+00:00,0.135960
2024-12-23T19:00:00+00:00,0.145800
2024-12-23T20:00:00+00:00,0.110200
2024-12-23T21:00:00+00:00,0.105820
2024-12-23T22:00:00+00:00,0.118910
2024-12-23T23:00:00+00:00,0.086030
2024-12-24T00:00:00+00:00,0.082840
2024-12-24T01:00:00+00:00,0.081890
2024-12-24T02:00:00+00:00,0.078000
2024-12-24T03:00:00+00:00,0.078780
2024-12-24T04:00:00+00:00,0.080600
2024-12-24T05:00:00+00:00,0.085070
2024-12-24T06:00:00+00:00,0.100830
2024-12-24T07:00:00+00:00,0.115090
2024-12-24T08:00:00+00:00,0.120950
2024-12-24T09:00:00+00:00,0.120000
2024-12-24T10:00:00+00:00,0.118160
2024-12-24T11:00:00+00:00,0.117490
2024-12-24T12:00:00+00:00,0.115380
2024-12-24T13:00:00+00:00,0.117980
2024-12-24T14:00:00+00:00,0.119500
2024-12-24T15:00:00+00:00,0.120210
2024-12-24T16:00:00+00:00,0.118000
2024-12-24T17:00:00+00:00,0.110980
2024-12-24T18:00:00+00:00,0.105660
2024-12-24T19:00:00+00:00,0.102560
2024-12-24T20:00:00+00:00,0.094630
2024-12-24T21:00:00+00:00,0.099040
2024-12-24T22:00:00+00:00,0.090000
2024-12-24T23:00:00+00:00,0.091370
2024-12-25T00:00:00+00:00,0.086440
2024-12-25T01:00:00+00:00,0.085070
2024-12-25T02:00:00+00:00,0.080810
2024-12-25T03:00:00+00:00,0.075990
2024-12-25T04:00:00+00:00,0.080810
2024-12-25T05:00:00+00:00,0.083010
2024-12-25T06:00:00+00:00,0.084940
2024-12-25T07:00:00+00:00,0.090210
2024-12-25T08:00:00+00:00,0.099240
2024-12-25T09:00:00+00:00,0.093560
2024-12-25T10:00:00+00:00,0.092550
2024-12-25T11:00:00+00:00,0.094410
2024-12-25T12:00:00+00:00,0.091030
2024-12-25T13:00:00+00:00,0.099170
2024-12-25T14:00:00+00:00,0.110000
2024-12-25T15:00:00+00:00,0.116710
2024-12-25T16:00:00+00:00,0.120520
2024-12-25T17:00:00+00:00,0.119100
2024-12-25T18:00:00+00:00,0.118000
2024-12-25T19:00:00+00:00,0.118320
2024-12-25T20:00:00+00:00,0.113010
2024-12-25T21:00:00+00:00,0.114070
2024-12-25T22:00:00+00:00,0.104630
2024-12-25T23:00:00+00:00,0.102170
2024-12-26T00:00:00+00:00,0.095060
2024-12-26T01:00:00+00:00,0.094610
2024-12-26T02:00:00+00:00,0.089640
2024-12-26T03:00:00+00:00,0.090870
2024-12-26T04:00:00+00:00,0.095100
2024-12-26T05:00:00+00:00,0.099000
2024-12-26T06:00:00+00:00,0.112620
2024-12-26T07:00:00+00:00,0.119180
2024-12-26T08:00:00+00:00,0.118230
2024-12-26T09:00:00+00:00,0.113250
2024-12-26T10:00:00+00:00,0.106010
2024-12-26T11:00:00+00:00,0.107710
2024-12-26T12:00:00+00:00,0.103900
2024-12-26T13:00:00+00:00,0.109640
2024-12-26T14:00:00+00:00,0.120750
2024-12-26T15:00:00+00:00,0.128660
2024-12-26T16:00:00+00:00,0.137900
2024-12-26T17:00:00+00:00,0.138050
2024-12-26T18:00:00+00:00,0.135710
2024-12-26T19:00:00+00:00,0.129130
2024-12-26T20:00:00+00:00,0.120850
2024-12-26T21:00:00+00:00,0.123500
2024-12-26T22:00:00+00:00,0.116980
2024-12-26T23:00:00+00:00,0.106790
2024-12-27T00:00:00+00:00,0.101520
2024-12-27T01:00:00+00:00,0.101030
2024-12-27T02:00:00+00:00,0.099740
2024-12-27T03:00:00+00:00,0.099580
2024-12-27T04:00:00+00:00,0.106200
2024-12-27T05:00:00+00:00,0.115700
2024-12-27T06:00:00+00:00,0.124290
2024-12-27T07:00:00+00:00,0.131850
2024-12-27T08:00:00+00:00,0.130150
2024-12-27T09:00:00+00:00,0.120100
2024-12-27T10:00:00+00:00,0.107940
2024-12-27T11:00:00+00:00,0.107810
2024-12-27T12:00:00+00:00,0.107940
2024-12-27T13:00:00+00:00,0.120120
2024-12-27T14:00:00+00:00,0.133640
2024-12-27T15:00:00+00:00,0.144210
2024-12-27T16:00:00+00:00,0.151550
2024-12-27T17:00:00+00:00,0.158400
2024-12-27T18:00:00+00:00,0.146430
2024-12-27T19:00:00+00:00,0.133140
2024-12-27T20:00:00+00:00,0.125420
2024-12-27T21:00:00+00:00,0.126760
2024-12-27T22:00:00+00:00,0.114000
2024-12-27T23:00:00+00:00,0.126400
2024-12-28T00:00:00+00:00,0.116630
2024-12-28T01:00:00+00:00,0.110150
2024-12-28T02:00:00+00:00,0.105920
2024-12-28T03:00:00+00:00,0.102930
2024-12-28T04:00:00+00:00,0.105580
2024-12-28T05:00:00+00:00,0.109710
2024-12-28T06:00:00+00:00,0.124240
2024-12-28T07:00:00+00:00,0.128000
2024-12-28T08:00:00+00:00,0.128300
2024-12-28T09:00:00+00:00,0.122830
2024-12-28T10:00:00+00:00,0.113400
2024-12-28T11:00:00+00:00,0.108970
2024-12-28T12:00:00+00:00,0.110010
2024-12-28T13:00:00+00:00,0.117240
2024-12-28T14:00:00+00:00,0.134100
2024-12-28T15:00:00+00:00,0.140020
2024-12-28T16:00:00+00:00,0.150490
2024-12-28T17:00:00+00:00,0.147800
2024-12-28T18:00:00+00:00,0.140880
2024-12-28T19:00:00+00:00,0.129590
2024-12-28T20:00:00+00:00,0.125900
2024-12-28T21:00:00+00:00,0.121250
2024-12-28T22:00:00+00:00,0.115000
2024-12-28T23:00:00+00:00,0.127390
2024-12-29T00:00:00+00:00,0.114090
2024-12-29T01:00:00+00:00,0.107710
2024-12-29T02:00:00+00:00,0.101700
2024-12-29T03:00:00+00:00,0.097730
2024-12-29T04:00:00+00:00,0.098610
2024-12-29T05:00:00+00:00,0.098160
2024-12-29T06:00:00+00:00,0.103560
2024-12-29T07:00:00+00:00,0.110710
2024-12-29T08:00:00+00:00,0.118170
2024-12-29T09:00:00+00:00,0.128700
2024-12-29T10:00:00+00:00,0.121200
2024-12-29T11:00:00+00:00,0.122770
2024-12-29T12:00:00+00:00,0.124000
2024-12-29T13:00:00+00:00,0.128700
2024-12-29T14:00:00+00:00,0.120010
2024-12-29T15:00:00+00:00,0.122880
2024-12-29T16:00:00+00:00,0.144930
2024-12-29T17:00:00+00:00,0.138100
2024-12-29T18:00:00+00:00,0.109900
2024-12-29T19:00:00+00:00,0.095080
2024-12-29T20:00:00+00:00,0.092860
2024-12-29T21:00:00+00:00,0.086130
2024-12-29T22:00:00+00:00,0.073730
2024-12-29T23:00:00+00:00,0.075530
2024-12-30T00:00:00+00:00,0.076200
2024-12-30T01:00:00+00:00,0.065200
2024-12-30T02:00:00+00:00,0.040000
2024-12-30T03:00:00+00:00,0.034900
2024-12-30T04:00:00+00:00,0.067030
2024-12-30T05:00:00+00:00,0.073630
2024-12-30T06:00:00+00:00,0.081560
2024-12-30T07:00:00+00:00,0.108300
2024-12-30T08:00:00+00:00,0.133580
2024-12-30T09:00:00+00:00,0.135000
2024-12-30T10:00:00+00:00,0.124900
2024-12-30T11:00:00+00:00,0.085100
2024-12-30T12:00:00+00:00,0.080860
2024-12-30T13:00:00+00:00,0.084400
2024-12-30T14:00:00+00:00,0.103400
2024-12-30T15:00:00+00:00,0.136000
2024-12-30T16:00:00+00:00,0.150000
2024-12-30T17:00:00+00:00,0.109930
2024-12-30T18:00:00+00:00,0.087420
2024-12-30T19:00:00+00:00,0.075840
2024-12-30T20:00:00+00:00,0.068510
2024-12-30T21:00:00+00:00,0.067950
2024-12-30T22:00:00+00:00,0.036470
2024-12-30T23:00:00+00:00,0.076300
2024-12-31T00:00:00+00:00,0.054900
2024-12-31T01:00:00+00:00,0.056430
2024-12-31T02:00:00+00:00,0.034900
2024-12-31T03:00:00+00:00,0.030880
2024-12-31T04:00:00+00:00,0.030210
2024-12-31T05:00:00+00:00,0.040000
2024-12-31T06:00:00+00:00,0.070290
2024-12-31T07:00:00+00:00,0.099000
2024-12-31T08:00:00+00:00,0.147990
2024-12-31T09:00:00+00:00,0.149900
2024-12-31T10:00:00+00:00,0.137000
2024-12-31T11:00:00+00:00,0.121700
2024-12-31T12:00:00+00:00,0.099000
2024-12-31T13:00:00+00:00,0.084000
2024-12-31T14:00:00+00:00,0.084320
2024-12-31T15:00:00+00:00,0.094900
2024-12-31T16:00:00+00:00,0.121700
2024-12-31T17:00:00+00:00,0.099000
2024-12-31T18:00:00+00:00,0.070560
2024-12-31T19:00:00+00:00,0.059900
2024-12-31T20:00:00+00:00,0.018200
2024-12-31T21:00:00+00:00,0.009060
2024-12-31T22:00:00+00:00,0.000520
2024-12-31T23:00:00+00:00,0.013620
