timestamp,price_eur_kwh,resolution_s
2022-07-01T00:00:00+00:00,0.270180,3600
2022-07-01T01:00:00+00:00,0.266080,3600
2022-07-01T02:00:00+00:00,0.265330,3600
2022-07-01T03:00:00+00:00,0.282130,3600
2022-07-01T04:00:00+00:00,0.355190,3600
2022-07-01T05:00:00+00:00,0.378850,3600
2022-07-01T06:00:00+00:00,0.385190,3600
2022-07-01T07:00:00+00:00,0.378000,3600
2022-07-01T08:00:00+00:00,0.337800,3600
2022-07-01T09:00:00+00:00,0.339000,3600
2022-07-01T10:00:00+00:00,0.302350,3600
2022-07-01T11:00:00+00:00,0.270900,3600
2022-07-01T12:00:00+00:00,0.262100,3600
2022-07-01T13:00:00+00:00,0.238720,3600
2022-07-01T14:00:00+00:00,0.220690,3600
2022-07-01T15:00:00+00:00,0.242500,3600
2022-07-01T16:00:00+00:00,0.282130,3600
2022-07-01T17:00:00+00:00,0.319740,3600
2022-07-01T18:00:00+00:00,0.359490,3600
2022-07-01T19:00:00+00:00,0.304830,3600
2022-07-01T20:00:00+00:00,0.385000,3600
2022-07-01T21:00:00+00:00,0.373860,3600
2022-07-01T22:00:00+00:00,0.285720,3600
2022-07-01T23:00:00+00:00,0.255000,3600
2022-07-02T00:00:00+00:00,0.237200,3600
2022-07-02T01:00:00+00:00,0.230710,3600
2022-07-02T02:00:00+00:00,0.222310,3600
2022-07-02T03:00:00+00:00,0.214200,3600
2022-07-02T04:00:00+00:00,0.233840,3600
2022-07-02T05:00:00+00:00,0.244560,3600
2022-07-02T06:00:00+00:00,0.208600,3600
2022-07-02T07:00:00+00:00,0.170620,3600
2022-07-02T08:00:00+00:00,0.139900,3600
2022-07-02T09:00:00+00:00,0.112560,3600
2022-07-02T10:00:00+00:00,0.096050,3600
2022-07-02T11:00:00+00:00,0.109630,3600
2022-07-02T12:00:00+00:00,0.118000,3600
2022-07-02T13:00:00+00:00,0.131300,3600
2022-07-02T14:00:00+00:00,0.155370,3600
2022-07-02T15:00:00+00:00,0.240300,3600
2022-07-02T16:00:00+00:00,0.285030,3600
2022-07-02T17:00:00+00:00,0.350000,3600
2022-07-02T18:00:00+00:00,0.362850,3600
2022-07-02T19:00:00+00:00,0.359960,3600
2022-07-02T20:00:00+00:00,0.353440,3600
2022-07-02T21:00:00+00:00,0.302170,3600
2022-07-02T22:00:00+00:00,0.270080,3600
2022-07-02T23:00:00+00:00,0.241150,3600
2022-07-03T00:00:00+00:00,0.199080,3600
2022-07-03T01:00:00+00:00,0.195600,3600
2022-07-03T02:00:00+00:00,0.185600,3600
2022-07-03T03:00:00+00:00,0.182710,3600
2022-07-03T04:00:00+00:00,0.176710,3600
2022-07-03T05:00:00+00:00,0.192310,3600
2022-07-03T06:00:00+00:00,0.185070,3600
2022-07-03T07:00:00+00:00,0.170260,3600
2022-07-03T08:00:00+00:00,0.128200,3600
2022-07-03T09:00:00+00:00,0.110370,3600
2022-07-03T10:00:00+00:00,0.102330,3600
2022-07-03T11:00:00+00:00,0.077620,3600
2022-07-03T12:00:00+00:00,0.065820,3600
2022-07-03T13:00:00+00:00,0.084560,3600
2022-07-03T14:00:00+00:00,0.123800,3600
2022-07-03T15:00:00+00:00,0.197100,3600
2022-07-03T16:00:00+00:00,0.272770,3600
2022-07-03T17:00:00+00:00,0.327000,3600
2022-07-03T18:00:00+00:00,0.340100,3600
2022-07-03T19:00:00+00:00,0.348430,3600
2022-07-03T20:00:00+00:00,0.348450,3600
2022-07-03T21:00:00+00:00,0.333060,3600
2022-07-03T22:00:00+00:00,0.319650,3600
2022-07-03T23:00:00+00:00,0.277830,3600
2022-07-04T00:00:00+00:00,0.265150,3600
2022-07-04T01:00:00+00:00,0.254350,3600
2022-07-04T02:00:00+00:00,0.258040,3600
2022-07-04T03:00:00+00:00,0.302440,3600
2022-07-04T04:00:00+00:00,0.361880,3600
2022-07-04T05:00:00+00:00,0.376000,3600
2022-07-04T06:00:00+00:00,0.385170,3600
2022-07-04T07:00:00+00:00,0.366000,3600
2022-07-04T08:00:00+00:00,0.270000,3600
2022-07-04T09:00:00+00:00,0.221300,3600
2022-07-04T10:00:00+00:00,0.181800,3600
2022-07-04T11:00:00+00:00,0.184360,3600
2022-07-04T12:00:00+00:00,0.159060,3600
2022-07-04T13:00:00+00:00,0.159630,3600
2022-07-04T14:00:00+00:00,0.158480,3600
2022-07-04T15:00:00+00:00,0.159960,3600
2022-07-04T16:00:00+00:00,0.283870,3600
2022-07-04T17:00:00+00:00,0.367920,3600
2022-07-04T18:00:00+00:00,0.397260,3600
2022-07-04T19:00:00+00:00,0.383290,3600
2022-07-04T20:00:00+00:00,0.396950,3600
2022-07-04T21:00:00+00:00,0.376260,3600
2022-07-04T22:00:00+00:00,0.359960,3600
2022-07-04T23:00:00+00:00,0.319300,3600
2022-07-05T00:00:00+00:00,0.309410,3600
2022-07-05T01:00:00+00:00,0.301170,3600
2022-07-05T02:00:00+00:00,0.299940,3600
2022-07-05T03:00:00+00:00,0.324820,3600
2022-07-05T04:00:00+00:00,0.380470,3600
2022-07-05T05:00:00+00:00,0.412590,3600
2022-07-05T06:00:00+00:00,0.400050,3600
2022-07-05T07:00:00+00:00,0.303430,3600
2022-07-05T08:00:00+00:00,0.240110,3600
2022-07-05T09:00:00+00:00,0.255700,3600
2022-07-05T10:00:00+00:00,0.221750,3600
2022-07-05T11:00:00+00:00,0.211130,3600
2022-07-05T12:00:00+00:00,0.192710,3600
2022-07-05T13:00:00+00:00,0.200100,3600
2022-07-05T14:00:00+00:00,0.229340,3600
2022-07-05T15:00:00+00:00,0.289700,3600
2022-07-05T16:00:00+00:00,0.322450,3600
2022-07-05T17:00:00+00:00,0.350140,3600
2022-07-05T18:00:00+00:00,0.362710,3600
2022-07-05T19:00:00+00:00,0.370470,3600
2022-07-05T20:00:00+00:00,0.377980,3600
2022-07-05T21:00:00+00:00,0.360980,3600
2022-07-05T22:00:00+00:00,0.351390,3600
2022-07-05T23:00:00+00:00,0.309120,3600
2022-07-06T00:00:00+00:00,0.293260,3600
2022-07-06T01:00:00+00:00,0.280200,3600
2022-07-06T02:00:00+00:00,0.299440,3600
2022-07-06T03:00:00+00:00,0.322790,3600
2022-07-06T04:00:00+00:00,0.389830,3600
2022-07-06T05:00:00+00:00,0.413890,3600
2022-07-06T06:00:00+00:00,0.418020,3600
2022-07-06T07:00:00+00:00,0.352760,3600
2022-07-06T08:00:00+00:00,0.290130,3600
2022-07-06T09:00:00+00:00,0.260830,3600
2022-07-06T10:00:00+00:00,0.220000,3600
2022-07-06T11:00:00+00:00,0.206040,3600
2022-07-06T12:00:00+00:00,0.172440,3600
2022-07-06T13:00:00+00:00,0.163210,3600
2022-07-06T14:00:00+00:00,0.178830,3600
2022-07-06T15:00:00+00:00,0.230670,3600
2022-07-06T16:00:00+00:00,0.303200,3600
2022-07-06T17:00:00+00:00,0.372610,3600
2022-07-06T18:00:00+00:00,0.385360,3600
2022-07-06T19:00:00+00:00,0.380200,3600
2022-07-06T20:00:00+00:00,0.379350,3600
2022-07-06T21:00:00+00:00,0.271070,3600
2022-07-06T22:00:00+00:00,0.251550,3600
2022-07-06T23:00:00+00:00,0.191030,3600
2022-07-07T00:00:00+00:00,0.177060,3600
2022-07-07T01:00:00+00:00,0.178640,3600
2022-07-07T02:00:00+00:00,0.182480,3600
2022-07-07T03:00:00+00:00,0.181090,3600
2022-07-07T04:00:00+00:00,0.209900,3600
2022-07-07T05:00:00+00:00,0.271400,3600
2022-07-07T06:00:00+00:00,0.284150,3600
2022-07-07T07:00:00+00:00,0.243130,3600
2022-07-07T08:00:00+00:00,0.235000,3600
2022-07-07T09:00:00+00:00,0.220000,3600
2022-07-07T10:00:00+00:00,0.201990,3600
2022-07-07T11:00:00+00:00,0.194500,3600
2022-07-07T12:00:00+00:00,0.169760,3600
2022-07-07T13:00:00+00:00,0.167130,3600
2022-07-07T14:00:00+00:00,0.157620,3600
2022-07-07T15:00:00+00:00,0.169680,3600
2022-07-07T16:00:00+00:00,0.274700,3600
2022-07-07T17:00:00+00:00,0.300030,3600
2022-07-07T18:00:00+00:00,0.341500,3600
2022-07-07T19:00:00+00:00,0.349750,3600
2022-07-07T20:00:00+00:00,0.353600,3600
2022-07-07T21:00:00+00:00,0.345400,3600
2022-07-07T22:00:00+00:00,0.393760,3600
2022-07-07T23:00:00+00:00,0.279900,3600
2022-07-08T00:00:00+00:00,0.241400,3600
2022-07-08T01:00:00+00:00,0.238070,3600
2022-07-08T02:00:00+00:00,0.219070,3600
2022-07-08T03:00:00+00:00,0.254450,3600
2022-07-08T04:00:00+00:00,0.370970,3600
2022-07-08T05:00:00+00:00,0.417690,3600
2022-07-08T06:00:00+00:00,0.419290,3600
2022-07-08T07:00:00+00:00,0.359250,3600
2022-07-08T08:00:00+00:00,0.328730,3600
2022-07-08T09:00:00+00:00,0.274250,3600
2022-07-08T10:00:00+00:00,0.213950,3600
2022-07-08T11:00:00+00:00,0.222800,3600
2022-07-08T12:00:00+00:00,0.220000,3600
2022-07-08T13:00:00+00:00,0.205900,3600
2022-07-08T14:00:00+00:00,0.221630,3600
2022-07-08T15:00:00+00:00,0.262190,3600
2022-07-08T16:00:00+00:00,0.321140,3600
2022-07-08T17:00:00+00:00,0.389140,3600
2022-07-08T18:00:00+00:00,0.416460,3600
2022-07-08T19:00:00+00:00,0.426470,3600
2022-07-08T20:00:00+00:00,0.422790,3600
2022-07-08T21:00:00+00:00,0.370160,3600
2022-07-08T22:00:00+00:00,0.350000,3600
2022-07-08T23:00:00+00:00,0.281960,3600
2022-07-09T00:00:00+00:00,0.233500,3600
2022-07-09T01:00:00+00:00,0.247740,3600
2022-07-09T02:00:00+00:00,0.221010,3600
2022-07-09T03:00:00+00:00,0.219900,3600
2022-07-09T04:00:00+00:00,0.240560,3600
2022-07-09T05:00:00+00:00,0.258220,3600
2022-07-09T06:00:00+00:00,0.239200,3600
2022-07-09T07:00:00+00:00,0.153330,3600
2022-07-09T08:00:00+00:00,0.107600,3600
2022-07-09T09:00:00+00:00,0.106820,3600
2022-07-09T10:00:00+00:00,0.064710,3600
2022-07-09T11:00:00+00:00,0.026410,3600
2022-07-09T12:00:00+00:00,-0.006850,3600
2022-07-09T13:00:00+00:00,-0.030660,3600
2022-07-09T14:00:00+00:00,0.000000,3600
2022-07-09T15:00:00+00:00,0.054900,3600
2022-07-09T16:00:00+00:00,0.150100,3600
2022-07-09T17:00:00+00:00,0.194800,3600
2022-07-09T18:00:00+00:00,0.249900,3600
2022-07-09T19:00:00+00:00,0.347000,3600
2022-07-09T20:00:00+00:00,0.303360,3600
2022-07-09T21:00:00+00:00,0.358200,3600
2022-07-09T22:00:00+00:00,0.273000,3600
2022-07-09T23:00:00+00:00,0.249900,3600
2022-07-10T00:00:00+00:00,0.242110,3600
2022-07-10T01:00:00+00:00,0.223000,3600
2022-07-10T02:00:00+00:00,0.203860,3600
2022-07-10T03:00:00+00:00,0.197200,3600
2022-07-10T04:00:00+00:00,0.184600,3600
2022-07-10T05:00:00+00:00,0.184600,3600
2022-07-10T06:00:00+00:00,0.098000,3600
2022-07-10T07:00:00+00:00,0.155800,3600
2022-07-10T08:00:00+00:00,0.189750,3600
2022-07-10T09:00:00+00:00,0.049770,3600
2022-07-10T10:00:00+00:00,0.052270,3600
2022-07-10T11:00:00+00:00,0.034130,3600
2022-07-10T12:00:00+00:00,0.100020,3600
2022-07-10T13:00:00+00:00,0.055120,3600
2022-07-10T14:00:00+00:00,0.100000,3600
2022-07-10T15:00:00+00:00,0.159180,3600
2022-07-10T16:00:00+00:00,0.230000,3600
2022-07-10T17:00:00+00:00,0.322130,3600
2022-07-10T18:00:00+00:00,0.369900,3600
2022-07-10T19:00:00+00:00,0.378070,3600
2022-07-10T20:00:00+00:00,0.389880,3600
2022-07-10T21:00:00+00:00,0.371920,3600
2022-07-10T22:00:00+00:00,0.320080,3600
2022-07-10T23:00:00+00:00,0.278000,3600
2022-07-11T00:00:00+00:00,0.275930,3600
2022-07-11T01:00:00+00:00,0.269240,3600
2022-07-11T02:00:00+00:00,0.272110,3600
2022-07-11T03:00:00+00:00,0.298000,3600
2022-07-11T04:00:00+00:00,0.395950,3600
2022-07-11T05:00:00+00:00,0.415080,3600
2022-07-11T06:00:00+00:00,0.433970,3600
2022-07-11T07:00:00+00:00,0.416190,3600
2022-07-11T08:00:00+00:00,0.404950,3600
2022-07-11T09:00:00+00:00,0.396900,3600
2022-07-11T10:00:00+00:00,0.367460,3600
2022-07-11T11:00:00+00:00,0.366090,3600
2022-07-11T12:00:00+00:00,0.321100,3600
2022-07-11T13:00:00+00:00,0.246300,3600
2022-07-11T14:00:00+00:00,0.260000,3600
2022-07-11T15:00:00+00:00,0.348440,3600
2022-07-11T16:00:00+00:00,0.400040,3600
2022-07-11T17:00:00+00:00,0.458030,3600
2022-07-11T18:00:00+00:00,0.469900,3600
2022-07-11T19:00:00+00:00,0.452120,3600
2022-07-11T20:00:00+00:00,0.450050,3600
2022-07-11T21:00:00+00:00,0.419150,3600
2022-07-11T22:00:00+00:00,0.395490,3600
2022-07-11T23:00:00+00:00,0.349570,3600
2022-07-12T00:00:00+00:00,0.330040,3600
2022-07-12T01:00:00+00:00,0.331500,3600
2022-07-12T02:00:00+00:00,0.334340,3600
2022-07-12T03:00:00+00:00,0.362100,3600
2022-07-12T04:00:00+00:00,0.419640,3600
2022-07-12T05:00:00+00:00,0.453660,3600
2022-07-12T06:00:00+00:00,0.448900,3600
2022-07-12T07:00:00+00:00,0.342000,3600
2022-07-12T08:00:00+00:00,0.300000,3600
2022-07-12T09:00:00+00:00,0.316080,3600
2022-07-12T10:00:00+00:00,0.263160,3600
2022-07-12T11:00:00+00:00,0.247390,3600
2022-07-12T12:00:00+00:00,0.249900,3600
2022-07-12T13:00:00+00:00,0.270430,3600
2022-07-12T14:00:00+00:00,0.291750,3600
2022-07-12T15:00:00+00:00,0.391640,3600
2022-07-12T16:00:00+00:00,0.416000,3600
2022-07-12T17:00:00+00:00,0.463370,3600
2022-07-12T18:00:00+00:00,0.505370,3600
2022-07-12T19:00:00+00:00,0.480000,3600
2022-07-12T20:00:00+00:00,0.463330,3600
2022-07-12T21:00:00+00:00,0.392750,3600
2022-07-12T22:00:00+00:00,0.416050,3600
2022-07-12T23:00:00+00:00,0.365610,3600
2022-07-13T00:00:00+00:00,0.319390,3600
2022-07-13T01:00:00+00:00,0.302190,3600
2022-07-13T02:00:00+00:00,0.325040,3600
2022-07-13T03:00:00+00:00,0.332220,3600
2022-07-13T04:00:00+00:00,0.411970,3600
2022-07-13T05:00:00+00:00,0.435000,3600
2022-07-13T06:00:00+00:00,0.450000,3600
2022-07-13T07:00:00+00:00,0.419990,3600
2022-07-13T08:00:00+00:00,0.364480,3600
2022-07-13T09:00:00+00:00,0.344510,3600
2022-07-13T10:00:00+00:00,0.256000,3600
2022-07-13T11:00:00+00:00,0.225000,3600
2022-07-13T12:00:00+00:00,0.155260,3600
2022-07-13T13:00:00+00:00,0.183630,3600
2022-07-13T14:00:00+00:00,0.211390,3600
2022-07-13T15:00:00+00:00,0.294480,3600
2022-07-13T16:00:00+00:00,0.367420,3600
2022-07-13T17:00:00+00:00,0.414240,3600
2022-07-13T18:00:00+00:00,0.439620,3600
2022-07-13T19:00:00+00:00,0.438780,3600
2022-07-13T20:00:00+00:00,0.435260,3600
2022-07-13T21:00:00+00:00,0.370740,3600
2022-07-13T22:00:00+00:00,0.400090,3600
2022-07-13T23:00:00+00:00,0.378060,3600
2022-07-14T00:00:00+00:00,0.345470,3600
2022-07-14T01:00:00+00:00,0.334100,3600
2022-07-14T02:00:00+00:00,0.335010,3600
2022-07-14T03:00:00+00:00,0.371630,3600
2022-07-14T04:00:00+00:00,0.421320,3600
2022-07-14T05:00:00+00:00,0.433310,3600
2022-07-14T06:00:00+00:00,0.434070,3600
2022-07-14T07:00:00+00:00,0.419910,3600
2022-07-14T08:00:00+00:00,0.379900,3600
2022-07-14T09:00:00+00:00,0.356880,3600
2022-07-14T10:00:00+00:00,0.296980,3600
2022-07-14T11:00:00+00:00,0.266500,3600
2022-07-14T12:00:00+00:00,0.231250,3600
2022-07-14T13:00:00+00:00,0.246530,3600
2022-07-14T14:00:00+00:00,0.279910,3600
2022-07-14T15:00:00+00:00,0.345750,3600
2022-07-14T16:00:00+00:00,0.384270,3600
2022-07-14T17:00:00+00:00,0.379900,3600
2022-07-14T18:00:00+00:00,0.436150,3600
2022-07-14T19:00:00+00:00,0.433900,3600
2022-07-14T20:00:00+00:00,0.422260,3600
2022-07-14T21:00:00+00:00,0.400040,3600
2022-07-14T22:00:00+00:00,0.350000,3600
2022-07-14T23:00:00+00:00,0.320070,3600
2022-07-15T00:00:00+00:00,0.320000,3600
2022-07-15T01:00:00+00:00,0.305010,3600
2022-07-15T02:00:00+00:00,0.307550,3600
2022-07-15T03:00:00+00:00,0.330000,3600
2022-07-15T04:00:00+00:00,0.404900,3600
2022-07-15T05:00:00+00:00,0.429920,3600
2022-07-15T06:00:00+00:00,0.416630,3600
2022-07-15T07:00:00+00:00,0.331950,3600
2022-07-15T08:00:00+00:00,0.262450,3600
2022-07-15T09:00:00+00:00,0.239820,3600
2022-07-15T10:00:00+00:00,0.226410,3600
2022-07-15T11:00:00+00:00,0.190000,3600
2022-07-15T12:00:00+00:00,0.184220,3600
2022-07-15T13:00:00+00:00,0.222110,3600
2022-07-15T14:00:00+00:00,0.231000,3600
2022-07-15T15:00:00+00:00,0.321510,3600
2022-07-15T16:00:00+00:00,0.359200,3600
2022-07-15T17:00:00+00:00,0.420630,3600
2022-07-15T18:00:00+00:00,0.429890,3600
2022-07-15T19:00:00+00:00,0.433980,3600
2022-07-15T20:00:00+00:00,0.432890,3600
2022-07-15T21:00:00+00:00,0.400720,3600
2022-07-15T22:00:00+00:00,0.384910,3600
2022-07-15T23:00:00+00:00,0.349960,3600
2022-07-16T00:00:00+00:00,0.281790,3600
2022-07-16T01:00:00+00:00,0.237350,3600
2022-07-16T02:00:00+00:00,0.248670,3600
2022-07-16T03:00:00+00:00,0.250210,3600
2022-07-16T04:00:00+00:00,0.209780,3600
2022-07-16T05:00:00+00:00,0.199740,3600
2022-07-16T06:00:00+00:00,0.184530,3600
2022-07-16T07:00:00+00:00,0.170000,3600
2022-07-16T08:00:00+00:00,0.035530,3600
2022-07-16T09:00:00+00:00,0.001070,3600
2022-07-16T10:00:00+00:00,-0.040000,3600
2022-07-16T11:00:00+00:00,-0.068820,3600
2022-07-16T12:00:00+00:00,-0.077430,3600
2022-07-16T13:00:00+00:00,-0.020050,3600
2022-07-16T14:00:00+00:00,-0.020000,3600
2022-07-16T15:00:00+00:00,0.052690,3600
2022-07-16T16:00:00+00:00,0.200000,3600
2022-07-16T17:00:00+00:00,0.269300,3600
2022-07-16T18:00:00+00:00,0.333630,3600
2022-07-16T19:00:00+00:00,0.343660,3600
2022-07-16T20:00:00+00:00,0.357550,3600
2022-07-16T21:00:00+00:00,0.331770,3600
2022-07-16T22:00:00+00:00,0.290060,3600
2022-07-16T23:00:00+00:00,0.240800,3600
2022-07-17T00:00:00+00:00,0.200940,3600
2022-07-17T01:00:00+00:00,0.195100,3600
2022-07-17T02:00:00+00:00,0.197150,3600
2022-07-17T03:00:00+00:00,0.190220,3600
2022-07-17T04:00:00+00:00,0.193800,3600
2022-07-17T05:00:00+00:00,0.189550,3600
2022-07-17T06:00:00+00:00,0.189510,3600
2022-07-17T07:00:00+00:00,0.164800,3600
2022-07-17T08:00:00+00:00,0.117270,3600
2022-07-17T09:00:00+00:00,0.113080,3600
2022-07-17T10:00:00+00:00,0.084710,3600
2022-07-17T11:00:00+00:00,0.030810,3600
2022-07-17T12:00:00+00:00,0.005050,3600
2022-07-17T13:00:00+00:00,0.074750,3600
2022-07-17T14:00:00+00:00,0.109300,3600
2022-07-17T15:00:00+00:00,0.193180,3600
2022-07-17T16:00:00+00:00,0.344420,3600
2022-07-17T17:00:00+00:00,0.393850,3600
2022-07-17T18:00:00+00:00,0.405440,3600
2022-07-17T19:00:00+00:00,0.434950,3600
2022-07-17T20:00:00+00:00,0.405690,3600
2022-07-17T21:00:00+00:00,0.397340,3600
2022-07-17T22:00:00+00:00,0.389770,3600
2022-07-17T23:00:00+00:00,0.328490,3600
2022-07-18T00:00:00+00:00,0.299230,3600
2022-07-18T01:00:00+00:00,0.282440,3600
2022-07-18T02:00:00+00:00,0.287010,3600
2022-07-18T03:00:00+00:00,0.304950,3600
2022-07-18T04:00:00+00:00,0.393110,3600
2022-07-18T05:00:00+00:00,0.424940,3600
2022-07-18T06:00:00+00:00,0.375200,3600
2022-07-18T07:00:00+00:00,0.372540,3600
2022-07-18T08:00:00+00:00,0.302960,3600
2022-07-18T09:00:00+00:00,0.303440,3600
2022-07-18T10:00:00+00:00,0.238720,3600
2022-07-18T11:00:00+00:00,0.221100,3600
2022-07-18T12:00:00+00:00,0.242170,3600
2022-07-18T13:00:00+00:00,0.243880,3600
2022-07-18T14:00:00+00:00,0.353230,3600
2022-07-18T15:00:00+00:00,0.400000,3600
2022-07-18T16:00:00+00:00,0.414110,3600
2022-07-18T17:00:00+00:00,0.600100,3600
2022-07-18T18:00:00+00:00,0.679540,3600
2022-07-18T19:00:00+00:00,0.599980,3600
2022-07-18T20:00:00+00:00,0.530130,3600
2022-07-18T21:00:00+00:00,0.469860,3600
2022-07-18T22:00:00+00:00,0.402460,3600
2022-07-18T23:00:00+00:00,0.368990,3600
2022-07-19T00:00:00+00:00,0.333700,3600
2022-07-19T01:00:00+00:00,0.325240,3600
2022-07-19T02:00:00+00:00,0.318720,3600
2022-07-19T03:00:00+00:00,0.350980,3600
2022-07-19T04:00:00+00:00,0.440000,3600
2022-07-19T05:00:00+00:00,0.480490,3600
2022-07-19T06:00:00+00:00,0.399900,3600
2022-07-19T07:00:00+00:00,0.342800,3600
2022-07-19T08:00:00+00:00,0.298860,3600
2022-07-19T09:00:00+00:00,0.271700,3600
2022-07-19T10:00:00+00:00,0.286130,3600
2022-07-19T11:00:00+00:00,0.259360,3600
2022-07-19T12:00:00+00:00,0.286830,3600
2022-07-19T13:00:00+00:00,0.311400,3600
2022-07-19T14:00:00+00:00,0.318400,3600
2022-07-19T15:00:00+00:00,0.380000,3600
2022-07-19T16:00:00+00:00,0.388590,3600
2022-07-19T17:00:00+00:00,0.540470,3600
2022-07-19T18:00:00+00:00,0.519900,3600
2022-07-19T19:00:00+00:00,0.400000,3600
2022-07-19T20:00:00+00:00,0.328040,3600
2022-07-19T21:00:00+00:00,0.281260,3600
2022-07-19T22:00:00+00:00,0.295800,3600
2022-07-19T23:00:00+00:00,0.306600,3600
2022-07-20T00:00:00+00:00,0.335400,3600
2022-07-20T01:00:00+00:00,0.227340,3600
2022-07-20T02:00:00+00:00,0.336630,3600
2022-07-20T03:00:00+00:00,0.280090,3600
2022-07-20T04:00:00+00:00,0.343480,3600
2022-07-20T05:00:00+00:00,0.393320,3600
2022-07-20T06:00:00+00:00,0.349000,3600
2022-07-20T07:00:00+00:00,0.324030,3600
2022-07-20T08:00:00+00:00,0.325000,3600
2022-07-20T09:00:00+00:00,0.230980,3600
2022-07-20T10:00:00+00:00,0.228720,3600
2022-07-20T11:00:00+00:00,0.235910,3600
2022-07-20T12:00:00+00:00,0.275000,3600
2022-07-20T13:00:00+00:00,0.295580,3600
2022-07-20T14:00:00+00:00,0.319310,3600
2022-07-20T15:00:00+00:00,0.361420,3600
2022-07-20T16:00:00+00:00,0.379900,3600
2022-07-20T17:00:00+00:00,0.438610,3600
2022-07-20T18:00:00+00:00,0.452750,3600
2022-07-20T19:00:00+00:00,0.388200,3600
2022-07-20T20:00:00+00:00,0.359760,3600
2022-07-20T21:00:00+00:00,0.322200,3600
2022-07-20T22:00:00+00:00,0.307000,3600
2022-07-20T23:00:00+00:00,0.307500,3600
2022-07-21T00:00:00+00:00,0.318220,3600
2022-07-21T01:00:00+00:00,0.328660,3600
2022-07-21T02:00:00+00:00,0.320420,3600
2022-07-21T03:00:00+00:00,0.325260,3600
2022-07-21T04:00:00+00:00,0.429560,3600
2022-07-21T05:00:00+00:00,0.463410,3600
2022-07-21T06:00:00+00:00,0.429070,3600
2022-07-21T07:00:00+00:00,0.388020,3600
2022-07-21T08:00:00+00:00,0.358360,3600
2022-07-21T09:00:00+00:00,0.350000,3600
2022-07-21T10:00:00+00:00,0.346060,3600
2022-07-21T11:00:00+00:00,0.319960,3600
2022-07-21T12:00:00+00:00,0.279650,3600
2022-07-21T13:00:00+00:00,0.283260,3600
2022-07-21T14:00:00+00:00,0.252540,3600
2022-07-21T15:00:00+00:00,0.285720,3600
2022-07-21T16:00:00+00:00,0.367390,3600
2022-07-21T17:00:00+00:00,0.400000,3600
2022-07-21T18:00:00+00:00,0.440760,3600
2022-07-21T19:00:00+00:00,0.419280,3600
2022-07-21T20:00:00+00:00,0.432900,3600
2022-07-21T21:00:00+00:00,0.345090,3600
2022-07-21T22:00:00+00:00,0.357060,3600
2022-07-21T23:00:00+00:00,0.312070,3600
2022-07-22T00:00:00+00:00,0.292580,3600
2022-07-22T01:00:00+00:00,0.286080,3600
2022-07-22T02:00:00+00:00,0.287070,3600
2022-07-22T03:00:00+00:00,0.272600,3600
2022-07-22T04:00:00+00:00,0.406140,3600
2022-07-22T05:00:00+00:00,0.429010,3600
2022-07-22T06:00:00+00:00,0.383450,3600
2022-07-22T07:00:00+00:00,0.327100,3600
2022-07-22T08:00:00+00:00,0.338320,3600
2022-07-22T09:00:00+00:00,0.316300,3600
2022-07-22T10:00:00+00:00,0.276300,3600
2022-07-22T11:00:00+00:00,0.239920,3600
2022-07-22T12:00:00+00:00,0.208720,3600
2022-07-22T13:00:00+00:00,0.243340,3600
2022-07-22T14:00:00+00:00,0.246310,3600
2022-07-22T15:00:00+00:00,0.334480,3600
2022-07-22T16:00:00+00:00,0.424610,3600
2022-07-22T17:00:00+00:00,0.412000,3600
2022-07-22T18:00:00+00:00,0.423070,3600
2022-07-22T19:00:00+00:00,0.399900,3600
2022-07-22T20:00:00+00:00,0.394240,3600
2022-07-22T21:00:00+00:00,0.382170,3600
2022-07-22T22:00:00+00:00,0.355710,3600
2022-07-22T23:00:00+00:00,0.344670,3600
2022-07-23T00:00:00+00:00,0.351990,3600
2022-07-23T01:00:00+00:00,0.337010,3600
2022-07-23T02:00:00+00:00,0.332040,3600
2022-07-23T03:00:00+00:00,0.331270,3600
2022-07-23T04:00:00+00:00,0.337030,3600
2022-07-23T05:00:00+00:00,0.333120,3600
2022-07-23T06:00:00+00:00,0.343780,3600
2022-07-23T07:00:00+00:00,0.350130,3600
2022-07-23T08:00:00+00:00,0.330100,3600
2022-07-23T09:00:00+00:00,0.289990,3600
2022-07-23T10:00:00+00:00,0.215000,3600
2022-07-23T11:00:00+00:00,0.180000,3600
2022-07-23T12:00:00+00:00,0.118710,3600
2022-07-23T13:00:00+00:00,0.185450,3600
2022-07-23T14:00:00+00:00,0.226440,3600
2022-07-23T15:00:00+00:00,0.265740,3600
2022-07-23T16:00:00+00:00,0.324480,3600
2022-07-23T17:00:00+00:00,0.369520,3600
2022-07-23T18:00:00+00:00,0.387000,3600
2022-07-23T19:00:00+00:00,0.400040,3600
2022-07-23T20:00:00+00:00,0.376990,3600
2022-07-23T21:00:00+00:00,0.325970,3600
2022-07-23T22:00:00+00:00,0.393260,3600
2022-07-23T23:00:00+00:00,0.379240,3600
2022-07-24T00:00:00+00:00,0.355060,3600
2022-07-24T01:00:00+00:00,0.331000,3600
2022-07-24T02:00:00+00:00,0.316180,3600
2022-07-24T03:00:00+00:00,0.302820,3600
2022-07-24T04:00:00+00:00,0.272760,3600
2022-07-24T05:00:00+00:00,0.260930,3600
2022-07-24T06:00:00+00:00,0.222420,3600
2022-07-24T07:00:00+00:00,0.175590,3600
2022-07-24T08:00:00+00:00,0.162900,3600
2022-07-24T09:00:00+00:00,0.087250,3600
2022-07-24T10:00:00+00:00,0.071720,3600
2022-07-24T11:00:00+00:00,-0.087420,3600
2022-07-24T12:00:00+00:00,-0.046040,3600
2022-07-24T13:00:00+00:00,0.000000,3600
2022-07-24T14:00:00+00:00,0.100000,3600
2022-07-24T15:00:00+00:00,0.244050,3600
2022-07-24T16:00:00+00:00,0.345500,3600
2022-07-24T17:00:00+00:00,0.367000,3600
2022-07-24T18:00:00+00:00,0.369480,3600
2022-07-24T19:00:00+00:00,0.402010,3600
2022-07-24T20:00:00+00:00,0.371330,3600
2022-07-24T21:00:00+00:00,0.349650,3600
2022-07-24T22:00:00+00:00,0.346400,3600
2022-07-24T23:00:00+00:00,0.276760,3600
2022-07-25T00:00:00+00:00,0.265370,3600
2022-07-25T01:00:00+00:00,0.266030,3600
2022-07-25T02:00:00+00:00,0.261710,3600
2022-07-25T03:00:00+00:00,0.286290,3600
2022-07-25T04:00:00+00:00,0.375080,3600
2022-07-25T05:00:00+00:00,0.410140,3600
2022-07-25T06:00:00+00:00,0.411750,3600
2022-07-25T07:00:00+00:00,0.330050,3600
2022-07-25T08:00:00+00:00,0.268950,3600
2022-07-25T09:00:00+00:00,0.235920,3600
2022-07-25T10:00:00+00:00,0.207080,3600
2022-07-25T11:00:00+00:00,0.193850,3600
2022-07-25T12:00:00+00:00,0.184640,3600
2022-07-25T13:00:00+00:00,0.143680,3600
2022-07-25T14:00:00+00:00,0.204000,3600
2022-07-25T15:00:00+00:00,0.214600,3600
2022-07-25T16:00:00+00:00,0.288860,3600
2022-07-25T17:00:00+00:00,0.354540,3600
2022-07-25T18:00:00+00:00,0.359900,3600
2022-07-25T19:00:00+00:00,0.371240,3600
2022-07-25T20:00:00+00:00,0.373520,3600
2022-07-25T21:00:00+00:00,0.320200,3600
2022-07-25T22:00:00+00:00,0.293120,3600
2022-07-25T23:00:00+00:00,0.286580,3600
2022-07-26T00:00:00+00:00,0.204500,3600
2022-07-26T01:00:00+00:00,0.237820,3600
2022-07-26T02:00:00+00:00,0.261660,3600
2022-07-26T03:00:00+00:00,0.334000,3600
2022-07-26T04:00:00+00:00,0.396750,3600
2022-07-26T05:00:00+00:00,0.400480,3600
2022-07-26T06:00:00+00:00,0.355770,3600
2022-07-26T07:00:00+00:00,0.372200,3600
2022-07-26T08:00:00+00:00,0.393100,3600
2022-07-26T09:00:00+00:00,0.332400,3600
2022-07-26T10:00:00+00:00,0.294900,3600
2022-07-26T11:00:00+00:00,0.251700,3600
2022-07-26T12:00:00+00:00,0.200000,3600
2022-07-26T13:00:00+00:00,0.211890,3600
2022-07-26T14:00:00+00:00,0.249900,3600
2022-07-26T15:00:00+00:00,0.299260,3600
2022-07-26T16:00:00+00:00,0.329500,3600
2022-07-26T17:00:00+00:00,0.359900,3600
2022-07-26T18:00:00+00:00,0.400600,3600
2022-07-26T19:00:00+00:00,0.395800,3600
2022-07-26T20:00:00+00:00,0.387900,3600
2022-07-26T21:00:00+00:00,0.313030,3600
2022-07-26T22:00:00+00:00,0.384130,3600
2022-07-26T23:00:00+00:00,0.317990,3600
2022-07-27T00:00:00+00:00,0.315680,3600
2022-07-27T01:00:00+00:00,0.332730,3600
2022-07-27T02:00:00+00:00,0.332060,3600
2022-07-27T03:00:00+00:00,0.361070,3600
2022-07-27T04:00:00+00:00,0.460000,3600
2022-07-27T05:00:00+00:00,0.498200,3600
2022-07-27T06:00:00+00:00,0.419900,3600
2022-07-27T07:00:00+00:00,0.358100,3600
2022-07-27T08:00:00+00:00,0.349900,3600
2022-07-27T09:00:00+00:00,0.321220,3600
2022-07-27T10:00:00+00:00,0.303000,3600
2022-07-27T11:00:00+00:00,0.277000,3600
2022-07-27T12:00:00+00:00,0.236000,3600
2022-07-27T13:00:00+00:00,0.267000,3600
2022-07-27T14:00:00+00:00,0.324000,3600
2022-07-27T15:00:00+00:00,0.389840,3600
2022-07-27T16:00:00+00:00,0.441660,3600
2022-07-27T17:00:00+00:00,0.474000,3600
2022-07-27T18:00:00+00:00,0.499770,3600
2022-07-27T19:00:00+00:00,0.468950,3600
2022-07-27T20:00:00+00:00,0.455840,3600
2022-07-27T21:00:00+00:00,0.390000,3600
2022-07-27T22:00:00+00:00,0.437790,3600
2022-07-27T23:00:00+00:00,0.400910,3600
2022-07-28T00:00:00+00:00,0.399970,3600
2022-07-28T01:00:00+00:00,0.397240,3600
2022-07-28T02:00:00+00:00,0.399970,3600
2022-07-28T03:00:00+00:00,0.400040,3600
2022-07-28T04:00:00+00:00,0.489620,3600
2022-07-28T05:00:00+00:00,0.420780,3600
2022-07-28T06:00:00+00:00,0.399990,3600
2022-07-28T07:00:00+00:00,0.447100,3600
2022-07-28T08:00:00+00:00,0.405500,3600
2022-07-28T09:00:00+00:00,0.363930,3600
2022-07-28T10:00:00+00:00,0.340940,3600
2022-07-28T11:00:00+00:00,0.287000,3600
2022-07-28T12:00:00+00:00,0.337190,3600
2022-07-28T13:00:00+00:00,0.353400,3600
2022-07-28T14:00:00+00:00,0.417300,3600
2022-07-28T15:00:00+00:00,0.489180,3600
2022-07-28T16:00:00+00:00,0.517360,3600
2022-07-28T17:00:00+00:00,0.557000,3600
2022-07-28T18:00:00+00:00,0.550000,3600
2022-07-28T19:00:00+00:00,0.518650,3600
2022-07-28T20:00:00+00:00,0.497630,3600
2022-07-28T21:00:00+00:00,0.382600,3600
2022-07-28T22:00:00+00:00,0.345060,3600
2022-07-28T23:00:00+00:00,0.355430,3600
2022-07-29T00:00:00+00:00,0.357790,3600
2022-07-29T01:00:00+00:00,0.388510,3600
2022-07-29T02:00:00+00:00,0.374830,3600
2022-07-29T03:00:00+00:00,0.392880,3600
2022-07-29T04:00:00+00:00,0.463160,3600
2022-07-29T05:00:00+00:00,0.502360,3600
2022-07-29T06:00:00+00:00,0.506240,3600
2022-07-29T07:00:00+00:00,0.474150,3600
2022-07-29T08:00:00+00:00,0.416340,3600
2022-07-29T09:00:00+00:00,0.369260,3600
2022-07-29T10:00:00+00:00,0.278600,3600
2022-07-29T11:00:00+00:00,0.240000,3600
2022-07-29T12:00:00+00:00,0.225120,3600
2022-07-29T13:00:00+00:00,0.351260,3600
2022-07-29T14:00:00+00:00,0.334230,3600
2022-07-29T15:00:00+00:00,0.430900,3600
2022-07-29T16:00:00+00:00,0.464850,3600
2022-07-29T17:00:00+00:00,0.467100,3600
2022-07-29T18:00:00+00:00,0.502990,3600
2022-07-29T19:00:00+00:00,0.466620,3600
2022-07-29T20:00:00+00:00,0.452630,3600
2022-07-29T21:00:00+00:00,0.367370,3600
2022-07-29T22:00:00+00:00,0.425000,3600
2022-07-29T23:00:00+00:00,0.404300,3600
2022-07-30T00:00:00+00:00,0.405000,3600
2022-07-30T01:00:00+00:00,0.395850,3600
2022-07-30T02:00:00+00:00,0.377060,3600
2022-07-30T03:00:00+00:00,0.383980,3600
2022-07-30T04:00:00+00:00,0.406780,3600
2022-07-30T05:00:00+00:00,0.423020,3600
2022-07-30T06:00:00+00:00,0.412720,3600
2022-07-30T07:00:00+00:00,0.386160,3600
2022-07-30T08:00:00+00:00,0.315290,3600
2022-07-30T09:00:00+00:00,0.293000,3600
2022-07-30T10:00:00+00:00,0.190000,3600
2022-07-30T11:00:00+00:00,0.167740,3600
2022-07-30T12:00:00+00:00,0.200000,3600
2022-07-30T13:00:00+00:00,0.277300,3600
2022-07-30T14:00:00+00:00,0.308000,3600
2022-07-30T15:00:00+00:00,0.371020,3600
2022-07-30T16:00:00+00:00,0.425300,3600
2022-07-30T17:00:00+00:00,0.453760,3600
2022-07-30T18:00:00+00:00,0.468020,3600
2022-07-30T19:00:00+00:00,0.466690,3600
2022-07-30T20:00:00+00:00,0.457530,3600
2022-07-30T21:00:00+00:00,0.437400,3600
2022-07-30T22:00:00+00:00,0.382790,3600
2022-07-30T23:00:00+00:00,0.339880,3600
2022-07-31T00:00:00+00:00,0.300100,3600
2022-07-31T01:00:00+00:00,0.293050,3600
2022-07-31T02:00:00+00:00,0.271300,3600
2022-07-31T03:00:00+00:00,0.272980,3600
2022-07-31T04:00:00+00:00,0.261030,3600
2022-07-31T05:00:00+00:00,0.264800,3600
2022-07-31T06:00:00+00:00,0.300010,3600
2022-07-31T07:00:00+00:00,0.286370,3600
2022-07-31T08:00:00+00:00,0.261100,3600
2022-07-31T09:00:00+00:00,0.255760,3600
2022-07-31T10:00:00+00:00,0.263080,3600
2022-07-31T11:00:00+00:00,0.219080,3600
2022-07-31T12:00:00+00:00,0.208740,3600
2022-07-31T13:00:00+00:00,0.226080,3600
2022-07-31T14:00:00+00:00,0.252070,3600
2022-07-31T15:00:00+00:00,0.316010,3600
2022-07-31T16:00:00+00:00,0.394790,3600
2022-07-31T17:00:00+00:00,0.449550,3600
2022-07-31T18:00:00+00:00,0.452950,3600
2022-07-31T19:00:00+00:00,0.463490,3600
2022-07-31T20:00:00+00:00,0.457760,3600
2022-07-31T21:00:00+00:00,0.412210,3600
2022-07-31T22:00:00+00:00,0.385060,3600
2022-07-31T23:00:00+00:00,0.344060,3600
2022-08-01T00:00:00+00:00,0.338810,3600
2022-08-01T01:00:00+00:00,0.320860,3600
2022-08-01T02:00:00+00:00,0.329720,3600
2022-08-01T03:00:00+00:00,0.380000,3600
2022-08-01T04:00:00+00:00,0.429660,3600
2022-08-01T05:00:00+00:00,0.467910,3600
2022-08-01T06:00:00+00:00,0.474900,3600
2022-08-01T07:00:00+00:00,0.450840,3600
2022-08-01T08:00:00+00:00,0.442000,3600
2022-08-01T09:00:00+00:00,0.409790,3600
2022-08-01T10:00:00+00:00,0.361490,3600
2022-08-01T11:00:00+00:00,0.356000,3600
2022-08-01T12:00:00+00:00,0.325760,3600
2022-08-01T13:00:00+00:00,0.334400,3600
2022-08-01T14:00:00+00:00,0.360800,3600
2022-08-01T15:00:00+00:00,0.410400,3600
2022-08-01T16:00:00+00:00,0.432790,3600
2022-08-01T17:00:00+00:00,0.457250,3600
2022-08-01T18:00:00+00:00,0.490610,3600
2022-08-01T19:00:00+00:00,0.487750,3600
2022-08-01T20:00:00+00:00,0.485140,3600
2022-08-01T21:00:00+00:00,0.427880,3600
2022-08-01T22:00:00+00:00,0.440980,3600
2022-08-01T23:00:00+00:00,0.390100,3600
2022-08-02T00:00:00+00:00,0.382100,3600
2022-08-02T01:00:00+00:00,0.359890,3600
2022-08-02T02:00:00+00:00,0.352690,3600
2022-08-02T03:00:00+00:00,0.393030,3600
2022-08-02T04:00:00+00:00,0.457040,3600
2022-08-02T05:00:00+00:00,0.479900,3600
2022-08-02T06:00:00+00:00,0.478900,3600
2022-08-02T07:00:00+00:00,0.369900,3600
2022-08-02T08:00:00+00:00,0.304770,3600
2022-08-02T09:00:00+00:00,0.243030,3600
2022-08-02T10:00:00+00:00,0.104900,3600
2022-08-02T11:00:00+00:00,0.152000,3600
2022-08-02T12:00:00+00:00,0.059200,3600
2022-08-02T13:00:00+00:00,0.086820,3600
2022-08-02T14:00:00+00:00,0.201740,3600
2022-08-02T15:00:00+00:00,0.241010,3600
2022-08-02T16:00:00+00:00,0.356160,3600
2022-08-02T17:00:00+00:00,0.403630,3600
2022-08-02T18:00:00+00:00,0.429380,3600
2022-08-02T19:00:00+00:00,0.453020,3600
2022-08-02T20:00:00+00:00,0.440260,3600
2022-08-02T21:00:00+00:00,0.416670,3600
2022-08-02T22:00:00+00:00,0.328980,3600
2022-08-02T23:00:00+00:00,0.333100,3600
2022-08-03T00:00:00+00:00,0.293440,3600
2022-08-03T01:00:00+00:00,0.326300,3600
2022-08-03T02:00:00+00:00,0.329960,3600
2022-08-03T03:00:00+00:00,0.356960,3600
2022-08-03T04:00:00+00:00,0.413150,3600
2022-08-03T05:00:00+00:00,0.432320,3600
2022-08-03T06:00:00+00:00,0.383400,3600
2022-08-03T07:00:00+00:00,0.292200,3600
2022-08-03T08:00:00+00:00,0.197770,3600
2022-08-03T09:00:00+00:00,0.184230,3600
2022-08-03T10:00:00+00:00,0.092000,3600
2022-08-03T11:00:00+00:00,0.000000,3600
2022-08-03T12:00:00+00:00,0.106190,3600
2022-08-03T13:00:00+00:00,0.137110,3600
2022-08-03T14:00:00+00:00,0.230690,3600
2022-08-03T15:00:00+00:00,0.363360,3600
2022-08-03T16:00:00+00:00,0.423060,3600
2022-08-03T17:00:00+00:00,0.494020,3600
2022-08-03T18:00:00+00:00,0.516430,3600
2022-08-03T19:00:00+00:00,0.510460,3600
2022-08-03T20:00:00+00:00,0.460800,3600
2022-08-03T21:00:00+00:00,0.415220,3600
2022-08-03T22:00:00+00:00,0.450300,3600
2022-08-03T23:00:00+00:00,0.414260,3600
2022-08-04T00:00:00+00:00,0.375070,3600
2022-08-04T01:00:00+00:00,0.348490,3600
2022-08-04T02:00:00+00:00,0.345300,3600
2022-08-04T03:00:00+00:00,0.375070,3600
2022-08-04T04:00:00+00:00,0.451390,3600
2022-08-04T05:00:00+00:00,0.480100,3600
2022-08-04T06:00:00+00:00,0.477300,3600
2022-08-04T07:00:00+00:00,0.427100,3600
2022-08-04T08:00:00+00:00,0.359900,3600
2022-08-04T09:00:00+00:00,0.279070,3600
2022-08-04T10:00:00+00:00,0.239400,3600
2022-08-04T11:00:00+00:00,0.145330,3600
2022-08-04T12:00:00+00:00,0.164760,3600
2022-08-04T13:00:00+00:00,0.205970,3600
2022-08-04T14:00:00+00:00,0.290000,3600
2022-08-04T15:00:00+00:00,0.399900,3600
2022-08-04T16:00:00+00:00,0.438000,3600
2022-08-04T17:00:00+00:00,0.500000,3600
2022-08-04T18:00:00+00:00,0.502070,3600
2022-08-04T19:00:00+00:00,0.488290,3600
2022-08-04T20:00:00+00:00,0.480600,3600
2022-08-04T21:00:00+00:00,0.379030,3600
2022-08-04T22:00:00+00:00,0.405230,3600
2022-08-04T23:00:00+00:00,0.358180,3600
2022-08-05T00:00:00+00:00,0.337640,3600
2022-08-05T01:00:00+00:00,0.339170,3600
2022-08-05T02:00:00+00:00,0.338520,3600
2022-08-05T03:00:00+00:00,0.390050,3600
2022-08-05T04:00:00+00:00,0.449910,3600
2022-08-05T05:00:00+00:00,0.468000,3600
2022-08-05T06:00:00+00:00,0.483910,3600
2022-08-05T07:00:00+00:00,0.433980,3600
2022-08-05T08:00:00+00:00,0.422700,3600
2022-08-05T09:00:00+00:00,0.378220,3600
2022-08-05T10:00:00+00:00,0.352040,3600
2022-08-05T11:00:00+00:00,0.310710,3600
2022-08-05T12:00:00+00:00,0.267430,3600
2022-08-05T13:00:00+00:00,0.236740,3600
2022-08-05T14:00:00+00:00,0.230120,3600
2022-08-05T15:00:00+00:00,0.267720,3600
2022-08-05T16:00:00+00:00,0.344750,3600
2022-08-05T17:00:00+00:00,0.413860,3600
2022-08-05T18:00:00+00:00,0.422800,3600
2022-08-05T19:00:00+00:00,0.437220,3600
2022-08-05T20:00:00+00:00,0.429910,3600
2022-08-05T21:00:00+00:00,0.386550,3600
2022-08-05T22:00:00+00:00,0.361760,3600
2022-08-05T23:00:00+00:00,0.315050,3600
2022-08-06T00:00:00+00:00,0.308590,3600
2022-08-06T01:00:00+00:00,0.276450,3600
2022-08-06T02:00:00+00:00,0.267760,3600
2022-08-06T03:00:00+00:00,0.295000,3600
2022-08-06T04:00:00+00:00,0.290830,3600
2022-08-06T05:00:00+00:00,0.315030,3600
2022-08-06T06:00:00+00:00,0.309560,3600
2022-08-06T07:00:00+00:00,0.272800,3600
2022-08-06T08:00:00+00:00,0.221920,3600
2022-08-06T09:00:00+00:00,0.185540,3600
2022-08-06T10:00:00+00:00,0.098380,3600
2022-08-06T11:00:00+00:00,0.142370,3600
2022-08-06T12:00:00+00:00,0.116020,3600
2022-08-06T13:00:00+00:00,0.139770,3600
2022-08-06T14:00:00+00:00,0.159360,3600
2022-08-06T15:00:00+00:00,0.231410,3600
2022-08-06T16:00:00+00:00,0.316700,3600
2022-08-06T17:00:00+00:00,0.371420,3600
2022-08-06T18:00:00+00:00,0.396150,3600
2022-08-06T19:00:00+00:00,0.379900,3600
2022-08-06T20:00:00+00:00,0.369080,3600
2022-08-06T21:00:00+00:00,0.324980,3600
2022-08-06T22:00:00+00:00,0.277890,3600
2022-08-06T23:00:00+00:00,0.232850,3600
2022-08-07T00:00:00+00:00,0.218280,3600
2022-08-07T01:00:00+00:00,0.206400,3600
2022-08-07T02:00:00+00:00,0.200470,3600
2022-08-07T03:00:00+00:00,0.205230,3600
2022-08-07T04:00:00+00:00,0.205000,3600
2022-08-07T05:00:00+00:00,0.206290,3600
2022-08-07T06:00:00+00:00,0.162270,3600
2022-08-07T07:00:00+00:00,0.142700,3600
2022-08-07T08:00:00+00:00,0.100000,3600
2022-08-07T09:00:00+00:00,0.087690,3600
2022-08-07T10:00:00+00:00,0.086820,3600
2022-08-07T11:00:00+00:00,0.058660,3600
2022-08-07T12:00:00+00:00,0.062500,3600
2022-08-07T13:00:00+00:00,0.086000,3600
2022-08-07T14:00:00+00:00,0.102830,3600
2022-08-07T15:00:00+00:00,0.199420,3600
2022-08-07T16:00:00+00:00,0.301670,3600
2022-08-07T17:00:00+00:00,0.393300,3600
2022-08-07T18:00:00+00:00,0.421990,3600
2022-08-07T19:00:00+00:00,0.419920,3600
2022-08-07T20:00:00+00:00,0.401860,3600
2022-08-07T21:00:00+00:00,0.359420,3600
2022-08-07T22:00:00+00:00,0.310080,3600
2022-08-07T23:00:00+00:00,0.271600,3600
2022-08-08T00:00:00+00:00,0.291150,3600
2022-08-08T01:00:00+00:00,0.278400,3600
2022-08-08T02:00:00+00:00,0.272900,3600
2022-08-08T03:00:00+00:00,0.310380,3600
2022-08-08T04:00:00+00:00,0.418420,3600
2022-08-08T05:00:00+00:00,0.422250,3600
2022-08-08T06:00:00+00:00,0.414680,3600
2022-08-08T07:00:00+00:00,0.384550,3600
2022-08-08T08:00:00+00:00,0.339400,3600
2022-08-08T09:00:00+00:00,0.297840,3600
2022-08-08T10:00:00+00:00,0.277350,3600
2022-08-08T11:00:00+00:00,0.285330,3600
2022-08-08T12:00:00+00:00,0.283070,3600
2022-08-08T13:00:00+00:00,0.304940,3600
2022-08-08T14:00:00+00:00,0.329350,3600
2022-08-08T15:00:00+00:00,0.406020,3600
2022-08-08T16:00:00+00:00,0.440020,3600
2022-08-08T17:00:00+00:00,0.495900,3600
2022-08-08T18:00:00+00:00,0.493870,3600
2022-08-08T19:00:00+00:00,0.455000,3600
2022-08-08T20:00:00+00:00,0.429150,3600
2022-08-08T21:00:00+00:00,0.391200,3600
2022-08-08T22:00:00+00:00,0.330760,3600
2022-08-08T23:00:00+00:00,0.298920,3600
2022-08-09T00:00:00+00:00,0.298950,3600
2022-08-09T01:00:00+00:00,0.289200,3600
2022-08-09T02:00:00+00:00,0.295750,3600
2022-08-09T03:00:00+00:00,0.320010,3600
2022-08-09T04:00:00+00:00,0.382920,3600
2022-08-09T05:00:00+00:00,0.414980,3600
2022-08-09T06:00:00+00:00,0.426220,3600
2022-08-09T07:00:00+00:00,0.383990,3600
2022-08-09T08:00:00+00:00,0.310090,3600
2022-08-09T09:00:00+00:00,0.282170,3600
2022-08-09T10:00:00+00:00,0.258710,3600
2022-08-09T11:00:00+00:00,0.239870,3600
2022-08-09T12:00:00+00:00,0.238790,3600
2022-08-09T13:00:00+00:00,0.261440,3600
2022-08-09T14:00:00+00:00,0.288280,3600
2022-08-09T15:00:00+00:00,0.350850,3600
2022-08-09T16:00:00+00:00,0.420000,3600
2022-08-09T17:00:00+00:00,0.469800,3600
2022-08-09T18:00:00+00:00,0.469720,3600
2022-08-09T19:00:00+00:00,0.428670,3600
2022-08-09T20:00:00+00:00,0.406450,3600
2022-08-09T21:00:00+00:00,0.343310,3600
2022-08-09T22:00:00+00:00,0.297010,3600
2022-08-09T23:00:00+00:00,0.286980,3600
2022-08-10T00:00:00+00:00,0.298710,3600
2022-08-10T01:00:00+00:00,0.285600,3600
2022-08-10T02:00:00+00:00,0.293990,3600
2022-08-10T03:00:00+00:00,0.301170,3600
2022-08-10T04:00:00+00:00,0.347450,3600
2022-08-10T05:00:00+00:00,0.392220,3600
2022-08-10T06:00:00+00:00,0.395510,3600
2022-08-10T07:00:00+00:00,0.356260,3600
2022-08-10T08:00:00+00:00,0.302900,3600
2022-08-10T09:00:00+00:00,0.278610,3600
2022-08-10T10:00:00+00:00,0.271500,3600
2022-08-10T11:00:00+00:00,0.231700,3600
2022-08-10T12:00:00+00:00,0.238170,3600
2022-08-10T13:00:00+00:00,0.262600,3600
2022-08-10T14:00:00+00:00,0.303100,3600
2022-08-10T15:00:00+00:00,0.353000,3600
2022-08-10T16:00:00+00:00,0.409930,3600
2022-08-10T17:00:00+00:00,0.449000,3600
2022-08-10T18:00:00+00:00,0.454730,3600
2022-08-10T19:00:00+00:00,0.420000,3600
2022-08-10T20:00:00+00:00,0.406840,3600
2022-08-10T21:00:00+00:00,0.355010,3600
2022-08-10T22:00:00+00:00,0.309920,3600
2022-08-10T23:00:00+00:00,0.300030,3600
2022-08-11T00:00:00+00:00,0.310000,3600
2022-08-11T01:00:00+00:00,0.306300,3600
2022-08-11T02:00:00+00:00,0.312000,3600
2022-08-11T03:00:00+00:00,0.347060,3600
2022-08-11T04:00:00+00:00,0.406650,3600
2022-08-11T05:00:00+00:00,0.419970,3600
2022-08-11T06:00:00+00:00,0.414900,3600
2022-08-11T07:00:00+00:00,0.397160,3600
2022-08-11T08:00:00+00:00,0.355100,3600
2022-08-11T09:00:00+00:00,0.326850,3600
2022-08-11T10:00:00+00:00,0.286100,3600
2022-08-11T11:00:00+00:00,0.269860,3600
2022-08-11T12:00:00+00:00,0.267860,3600
2022-08-11T13:00:00+00:00,0.294000,3600
2022-08-11T14:00:00+00:00,0.334800,3600
2022-08-11T15:00:00+00:00,0.401310,3600
2022-08-11T16:00:00+00:00,0.450000,3600
2022-08-11T17:00:00+00:00,0.539900,3600
2022-08-11T18:00:00+00:00,0.534750,3600
2022-08-11T19:00:00+00:00,0.446000,3600
2022-08-11T20:00:00+00:00,0.414990,3600
2022-08-11T21:00:00+00:00,0.390000,3600
2022-08-11T22:00:00+00:00,0.422100,3600
2022-08-11T23:00:00+00:00,0.405000,3600
2022-08-12T00:00:00+00:00,0.395700,3600
2022-08-12T01:00:00+00:00,0.391950,3600
2022-08-12T02:00:00+00:00,0.402570,3600
2022-08-12T03:00:00+00:00,0.408010,3600
2022-08-12T04:00:00+00:00,0.469260,3600
2022-08-12T05:00:00+00:00,0.513310,3600
2022-08-12T06:00:00+00:00,0.508000,3600
2022-08-12T07:00:00+00:00,0.472560,3600
2022-08-12T08:00:00+00:00,0.419900,3600
2022-08-12T09:00:00+00:00,0.391160,3600
2022-08-12T10:00:00+00:00,0.334800,3600
2022-08-12T11:00:00+00:00,0.276660,3600
2022-08-12T12:00:00+00:00,0.294290,3600
2022-08-12T13:00:00+00:00,0.364000,3600
2022-08-12T14:00:00+00:00,0.390580,3600
2022-08-12T15:00:00+00:00,0.448140,3600
2022-08-12T16:00:00+00:00,0.489990,3600
2022-08-12T17:00:00+00:00,0.560000,3600
2022-08-12T18:00:00+00:00,0.565400,3600
2022-08-12T19:00:00+00:00,0.507780,3600
2022-08-12T20:00:00+00:00,0.469470,3600
2022-08-12T21:00:00+00:00,0.424020,3600
2022-08-12T22:00:00+00:00,0.427230,3600
2022-08-12T23:00:00+00:00,0.400710,3600
2022-08-13T00:00:00+00:00,0.387870,3600
2022-08-13T01:00:00+00:00,0.374090,3600
2022-08-13T02:00:00+00:00,0.375790,3600
2022-08-13T03:00:00+00:00,0.382760,3600
2022-08-13T04:00:00+00:00,0.379900,3600
2022-08-13T05:00:00+00:00,0.388740,3600
2022-08-13T06:00:00+00:00,0.399900,3600
2022-08-13T07:00:00+00:00,0.374500,3600
2022-08-13T08:00:00+00:00,0.333410,3600
2022-08-13T09:00:00+00:00,0.281170,3600
2022-08-13T10:00:00+00:00,0.185400,3600
2022-08-13T11:00:00+00:00,0.084900,3600
2022-08-13T12:00:00+00:00,0.117700,3600
2022-08-13T13:00:00+00:00,0.265500,3600
2022-08-13T14:00:00+00:00,0.337160,3600
2022-08-13T15:00:00+00:00,0.412300,3600
2022-08-13T16:00:00+00:00,0.466200,3600
2022-08-13T17:00:00+00:00,0.503260,3600
2022-08-13T18:00:00+00:00,0.504700,3600
2022-08-13T19:00:00+00:00,0.479940,3600
2022-08-13T20:00:00+00:00,0.461910,3600
2022-08-13T21:00:00+00:00,0.425890,3600
2022-08-13T22:00:00+00:00,0.416300,3600
2022-08-13T23:00:00+00:00,0.397200,3600
2022-08-14T00:00:00+00:00,0.377900,3600
2022-08-14T01:00:00+00:00,0.354000,3600
2022-08-14T02:00:00+00:00,0.350060,3600
2022-08-14T03:00:00+00:00,0.351010,3600
2022-08-14T04:00:00+00:00,0.352770,3600
2022-08-14T05:00:00+00:00,0.350050,3600
2022-08-14T06:00:00+00:00,0.355170,3600
2022-08-14T07:00:00+00:00,0.339940,3600
2022-08-14T08:00:00+00:00,0.309000,3600
2022-08-14T09:00:00+00:00,0.229530,3600
2022-08-14T10:00:00+00:00,0.000000,3600
2022-08-14T11:00:00+00:00,-0.020000,3600
2022-08-14T12:00:00+00:00,0.035760,3600
2022-08-14T13:00:00+00:00,0.141180,3600
2022-08-14T14:00:00+00:00,0.291310,3600
2022-08-14T15:00:00+00:00,0.343520,3600
2022-08-14T16:00:00+00:00,0.415900,3600
2022-08-14T17:00:00+00:00,0.454910,3600
2022-08-14T18:00:00+00:00,0.459960,3600
2022-08-14T19:00:00+00:00,0.462600,3600
2022-08-14T20:00:00+00:00,0.455420,3600
2022-08-14T21:00:00+00:00,0.413090,3600
2022-08-14T22:00:00+00:00,0.375030,3600
2022-08-14T23:00:00+00:00,0.361090,3600
2022-08-15T00:00:00+00:00,0.360640,3600
2022-08-15T01:00:00+00:00,0.350000,3600
2022-08-15T02:00:00+00:00,0.352990,3600
2022-08-15T03:00:00+00:00,0.363590,3600
2022-08-15T04:00:00+00:00,0.402240,3600
2022-08-15T05:00:00+00:00,0.445700,3600
2022-08-15T06:00:00+00:00,0.479700,3600
2022-08-15T07:00:00+00:00,0.452800,3600
2022-08-15T08:00:00+00:00,0.431410,3600
2022-08-15T09:00:00+00:00,0.407060,3600
2022-08-15T10:00:00+00:00,0.402310,3600
2022-08-15T11:00:00+00:00,0.392130,3600
2022-08-15T12:00:00+00:00,0.392770,3600
2022-08-15T13:00:00+00:00,0.380090,3600
2022-08-15T14:00:00+00:00,0.400050,3600
2022-08-15T15:00:00+00:00,0.448840,3600
2022-08-15T16:00:00+00:00,0.495000,3600
2022-08-15T17:00:00+00:00,0.520010,3600
2022-08-15T18:00:00+00:00,0.555720,3600
2022-08-15T19:00:00+00:00,0.536690,3600
2022-08-15T20:00:00+00:00,0.507000,3600
2022-08-15T21:00:00+00:00,0.475420,3600
2022-08-15T22:00:00+00:00,0.439900,3600
2022-08-15T23:00:00+00:00,0.422160,3600
2022-08-16T00:00:00+00:00,0.371700,3600
2022-08-16T01:00:00+00:00,0.388000,3600
2022-08-16T02:00:00+00:00,0.364000,3600
2022-08-16T03:00:00+00:00,0.381800,3600
2022-08-16T04:00:00+00:00,0.439900,3600
2022-08-16T05:00:00+00:00,0.480000,3600
2022-08-16T06:00:00+00:00,0.451500,3600
2022-08-16T07:00:00+00:00,0.442300,3600
2022-08-16T08:00:00+00:00,0.395100,3600
2022-08-16T09:00:00+00:00,0.379020,3600
2022-08-16T10:00:00+00:00,0.355200,3600
2022-08-16T11:00:00+00:00,0.363430,3600
2022-08-16T12:00:00+00:00,0.401400,3600
2022-08-16T13:00:00+00:00,0.415300,3600
2022-08-16T14:00:00+00:00,0.431700,3600
2022-08-16T15:00:00+00:00,0.495000,3600
2022-08-16T16:00:00+00:00,0.521200,3600
2022-08-16T17:00:00+00:00,0.599990,3600
2022-08-16T18:00:00+00:00,0.662050,3600
2022-08-16T19:00:00+00:00,0.648380,3600
2022-08-16T20:00:00+00:00,0.560000,3600
2022-08-16T21:00:00+00:00,0.505840,3600
2022-08-16T22:00:00+00:00,0.523940,3600
2022-08-16T23:00:00+00:00,0.483880,3600
2022-08-17T00:00:00+00:00,0.472130,3600
2022-08-17T01:00:00+00:00,0.428800,3600
2022-08-17T02:00:00+00:00,0.385710,3600
2022-08-17T03:00:00+00:00,0.429300,3600
2022-08-17T04:00:00+00:00,0.490520,3600
2022-08-17T05:00:00+00:00,0.593900,3600
2022-08-17T06:00:00+00:00,0.616330,3600
2022-08-17T07:00:00+00:00,0.575100,3600
2022-08-17T08:00:00+00:00,0.549970,3600
2022-08-17T09:00:00+00:00,0.526890,3600
2022-08-17T10:00:00+00:00,0.480000,3600
2022-08-17T11:00:00+00:00,0.500000,3600
2022-08-17T12:00:00+00:00,0.462030,3600
2022-08-17T13:00:00+00:00,0.500000,3600
2022-08-17T14:00:00+00:00,0.541600,3600
2022-08-17T15:00:00+00:00,0.593300,3600
2022-08-17T16:00:00+00:00,0.676040,3600
2022-08-17T17:00:00+00:00,0.747930,3600
2022-08-17T18:00:00+00:00,0.681000,3600
2022-08-17T19:00:00+00:00,0.629090,3600
2022-08-17T20:00:00+00:00,0.552030,3600
2022-08-17T21:00:00+00:00,0.505290,3600
2022-08-17T22:00:00+00:00,0.523920,3600
2022-08-17T23:00:00+00:00,0.479900,3600
2022-08-18T00:00:00+00:00,0.480000,3600
2022-08-18T01:00:00+00:00,0.434920,3600
2022-08-18T02:00:00+00:00,0.414050,3600
2022-08-18T03:00:00+00:00,0.416050,3600
2022-08-18T04:00:00+00:00,0.550000,3600
2022-08-18T05:00:00+00:00,0.598900,3600
2022-08-18T06:00:00+00:00,0.602250,3600
2022-08-18T07:00:00+00:00,0.613590,3600
2022-08-18T08:00:00+00:00,0.502000,3600
2022-08-18T09:00:00+00:00,0.557600,3600
2022-08-18T10:00:00+00:00,0.545210,3600
2022-08-18T11:00:00+00:00,0.444000,3600
2022-08-18T12:00:00+00:00,0.499230,3600
2022-08-18T13:00:00+00:00,0.491000,3600
2022-08-18T14:00:00+00:00,0.355630,3600
2022-08-18T15:00:00+00:00,0.436800,3600
2022-08-18T16:00:00+00:00,0.450570,3600
2022-08-18T17:00:00+00:00,0.618250,3600
2022-08-18T18:00:00+00:00,0.639000,3600
2022-08-18T19:00:00+00:00,0.600060,3600
2022-08-18T20:00:00+00:00,0.532000,3600
2022-08-18T21:00:00+00:00,0.524930,3600
2022-08-18T22:00:00+00:00,0.510090,3600
2022-08-18T23:00:00+00:00,0.467630,3600
2022-08-19T00:00:00+00:00,0.450100,3600
2022-08-19T01:00:00+00:00,0.418680,3600
2022-08-19T02:00:00+00:00,0.439390,3600
2022-08-19T03:00:00+00:00,0.469620,3600
2022-08-19T04:00:00+00:00,0.506780,3600
2022-08-19T05:00:00+00:00,0.571240,3600
2022-08-19T06:00:00+00:00,0.565340,3600
2022-08-19T07:00:00+00:00,0.485100,3600
2022-08-19T08:00:00+00:00,0.429490,3600
2022-08-19T09:00:00+00:00,0.440200,3600
2022-08-19T10:00:00+00:00,0.410800,3600
2022-08-19T11:00:00+00:00,0.483100,3600
2022-08-19T12:00:00+00:00,0.453150,3600
2022-08-19T13:00:00+00:00,0.435300,3600
2022-08-19T14:00:00+00:00,0.490860,3600
2022-08-19T15:00:00+00:00,0.517420,3600
2022-08-19T16:00:00+00:00,0.545560,3600
2022-08-19T17:00:00+00:00,0.568990,3600
2022-08-19T18:00:00+00:00,0.569400,3600
2022-08-19T19:00:00+00:00,0.550000,3600
2022-08-19T20:00:00+00:00,0.530580,3600
2022-08-19T21:00:00+00:00,0.504930,3600
2022-08-19T22:00:00+00:00,0.512090,3600
2022-08-19T23:00:00+00:00,0.500050,3600
2022-08-20T00:00:00+00:00,0.480090,3600
2022-08-20T01:00:00+00:00,0.460040,3600
2022-08-20T02:00:00+00:00,0.452610,3600
2022-08-20T03:00:00+00:00,0.452150,3600
2022-08-20T04:00:00+00:00,0.471690,3600
2022-08-20T05:00:00+00:00,0.475030,3600
2022-08-20T06:00:00+00:00,0.484930,3600
2022-08-20T07:00:00+00:00,0.480020,3600
2022-08-20T08:00:00+00:00,0.464500,3600
2022-08-20T09:00:00+00:00,0.443190,3600
2022-08-20T10:00:00+00:00,0.420100,3600
2022-08-20T11:00:00+00:00,0.351910,3600
2022-08-20T12:00:00+00:00,0.331890,3600
2022-08-20T13:00:00+00:00,0.328600,3600
2022-08-20T14:00:00+00:00,0.348370,3600
2022-08-20T15:00:00+00:00,0.402560,3600
2022-08-20T16:00:00+00:00,0.475060,3600
2022-08-20T17:00:00+00:00,0.529910,3600
2022-08-20T18:00:00+00:00,0.569080,3600
2022-08-20T19:00:00+00:00,0.543930,3600
2022-08-20T20:00:00+00:00,0.536670,3600
2022-08-20T21:00:00+00:00,0.431100,3600
2022-08-20T22:00:00+00:00,0.430270,3600
2022-08-20T23:00:00+00:00,0.381000,3600
2022-08-21T00:00:00+00:00,0.374940,3600
2022-08-21T01:00:00+00:00,0.344270,3600
2022-08-21T02:00:00+00:00,0.323000,3600
2022-08-21T03:00:00+00:00,0.324070,3600
2022-08-21T04:00:00+00:00,0.365990,3600
2022-08-21T05:00:00+00:00,0.348350,3600
2022-08-21T06:00:00+00:00,0.332000,3600
2022-08-21T07:00:00+00:00,0.317260,3600
2022-08-21T08:00:00+00:00,0.254520,3600
2022-08-21T09:00:00+00:00,0.159350,3600
2022-08-21T10:00:00+00:00,0.097310,3600
2022-08-21T11:00:00+00:00,0.056000,3600
2022-08-21T12:00:00+00:00,0.097340,3600
2022-08-21T13:00:00+00:00,0.185700,3600
2022-08-21T14:00:00+00:00,0.314480,3600
2022-08-21T15:00:00+00:00,0.455000,3600
2022-08-21T16:00:00+00:00,0.530000,3600
2022-08-21T17:00:00+00:00,0.592000,3600
2022-08-21T18:00:00+00:00,0.626500,3600
2022-08-21T19:00:00+00:00,0.607350,3600
2022-08-21T20:00:00+00:00,0.595460,3600
2022-08-21T21:00:00+00:00,0.570110,3600
2022-08-21T22:00:00+00:00,0.504250,3600
2022-08-21T23:00:00+00:00,0.477420,3600
2022-08-22T00:00:00+00:00,0.467640,3600
2022-08-22T01:00:00+00:00,0.447830,3600
2022-08-22T02:00:00+00:00,0.450020,3600
2022-08-22T03:00:00+00:00,0.497080,3600
2022-08-22T04:00:00+00:00,0.561720,3600
2022-08-22T05:00:00+00:00,0.599900,3600
2022-08-22T06:00:00+00:00,0.610000,3600
2022-08-22T07:00:00+00:00,0.595590,3600
2022-08-22T08:00:00+00:00,0.583460,3600
2022-08-22T09:00:00+00:00,0.567500,3600
2022-08-22T10:00:00+00:00,0.459900,3600
2022-08-22T11:00:00+00:00,0.519990,3600
2022-08-22T12:00:00+00:00,0.550000,3600
2022-08-22T13:00:00+00:00,0.577200,3600
2022-08-22T14:00:00+00:00,0.586670,3600
2022-08-22T15:00:00+00:00,0.613550,3600
2022-08-22T16:00:00+00:00,0.640000,3600
2022-08-22T17:00:00+00:00,0.644230,3600
2022-08-22T18:00:00+00:00,0.679970,3600
2022-08-22T19:00:00+00:00,0.629630,3600
2022-08-22T20:00:00+00:00,0.588860,3600
2022-08-22T21:00:00+00:00,0.545000,3600
2022-08-22T22:00:00+00:00,0.550000,3600
2022-08-22T23:00:00+00:00,0.504730,3600
2022-08-23T00:00:00+00:00,0.507000,3600
2022-08-23T01:00:00+00:00,0.500570,3600
2022-08-23T02:00:00+00:00,0.503320,3600
2022-08-23T03:00:00+00:00,0.531020,3600
2022-08-23T04:00:00+00:00,0.627950,3600
2022-08-23T05:00:00+00:00,0.668210,3600
2022-08-23T06:00:00+00:00,0.680000,3600
2022-08-23T07:00:00+00:00,0.640100,3600
2022-08-23T08:00:00+00:00,0.614010,3600
2022-08-23T09:00:00+00:00,0.539400,3600
2022-08-23T10:00:00+00:00,0.511900,3600
2022-08-23T11:00:00+00:00,0.500040,3600
2022-08-23T12:00:00+00:00,0.549320,3600
2022-08-23T13:00:00+00:00,0.572620,3600
2022-08-23T14:00:00+00:00,0.604430,3600
2022-08-23T15:00:00+00:00,0.648150,3600
2022-08-23T16:00:00+00:00,0.713650,3600
2022-08-23T17:00:00+00:00,0.794950,3600
2022-08-23T18:00:00+00:00,0.771000,3600
2022-08-23T19:00:00+00:00,0.708830,3600
2022-08-23T20:00:00+00:00,0.644000,3600
2022-08-23T21:00:00+00:00,0.599990,3600
2022-08-23T22:00:00+00:00,0.581800,3600
2022-08-23T23:00:00+00:00,0.550000,3600
2022-08-24T00:00:00+00:00,0.550190,3600
2022-08-24T01:00:00+00:00,0.535980,3600
2022-08-24T02:00:00+00:00,0.539010,3600
2022-08-24T03:00:00+00:00,0.574180,3600
2022-08-24T04:00:00+00:00,0.648000,3600
2022-08-24T05:00:00+00:00,0.683250,3600
2022-08-24T06:00:00+00:00,0.694260,3600
2022-08-24T07:00:00+00:00,0.649920,3600
2022-08-24T08:00:00+00:00,0.530020,3600
2022-08-24T09:00:00+00:00,0.522600,3600
2022-08-24T10:00:00+00:00,0.457150,3600
2022-08-24T11:00:00+00:00,0.495610,3600
2022-08-24T12:00:00+00:00,0.495130,3600
2022-08-24T13:00:00+00:00,0.554400,3600
2022-08-24T14:00:00+00:00,0.600060,3600
2022-08-24T15:00:00+00:00,0.672330,3600
2022-08-24T16:00:00+00:00,0.750000,3600
2022-08-24T17:00:00+00:00,0.850000,3600
2022-08-24T18:00:00+00:00,0.783560,3600
2022-08-24T19:00:00+00:00,0.724870,3600
2022-08-24T20:00:00+00:00,0.659370,3600
2022-08-24T21:00:00+00:00,0.570540,3600
2022-08-24T22:00:00+00:00,0.521350,3600
2022-08-24T23:00:00+00:00,0.522920,3600
2022-08-25T00:00:00+00:00,0.520070,3600
2022-08-25T01:00:00+00:00,0.513060,3600
2022-08-25T02:00:00+00:00,0.518600,3600
2022-08-25T03:00:00+00:00,0.530070,3600
2022-08-25T04:00:00+00:00,0.606230,3600
2022-08-25T05:00:00+00:00,0.667590,3600
2022-08-25T06:00:00+00:00,0.689840,3600
2022-08-25T07:00:00+00:00,0.637390,3600
2022-08-25T08:00:00+00:00,0.572040,3600
2022-08-25T09:00:00+00:00,0.484540,3600
2022-08-25T10:00:00+00:00,0.418380,3600
2022-08-25T11:00:00+00:00,0.487200,3600
2022-08-25T12:00:00+00:00,0.401260,3600
2022-08-25T13:00:00+00:00,0.499900,3600
2022-08-25T14:00:00+00:00,0.532100,3600
2022-08-25T15:00:00+00:00,0.686800,3600
2022-08-25T16:00:00+00:00,0.714230,3600
2022-08-25T17:00:00+00:00,0.766790,3600
2022-08-25T18:00:00+00:00,0.760000,3600
2022-08-25T19:00:00+00:00,0.710000,3600
2022-08-25T20:00:00+00:00,0.673400,3600
2022-08-25T21:00:00+00:00,0.626730,3600
2022-08-25T22:00:00+00:00,0.607150,3600
2022-08-25T23:00:00+00:00,0.580070,3600
2022-08-26T00:00:00+00:00,0.572530,3600
2022-08-26T01:00:00+00:00,0.571040,3600
2022-08-26T02:00:00+00:00,0.569210,3600
2022-08-26T03:00:00+00:00,0.598990,3600
2022-08-26T04:00:00+00:00,0.750000,3600
2022-08-26T05:00:00+00:00,0.769230,3600
2022-08-26T06:00:00+00:00,0.802980,3600
2022-08-26T07:00:00+00:00,0.781620,3600
2022-08-26T08:00:00+00:00,0.763200,3600
2022-08-26T09:00:00+00:00,0.750030,3600
2022-08-26T10:00:00+00:00,0.699900,3600
2022-08-26T11:00:00+00:00,0.641820,3600
2022-08-26T12:00:00+00:00,0.590140,3600
2022-08-26T13:00:00+00:00,0.648000,3600
2022-08-26T14:00:00+00:00,0.659900,3600
2022-08-26T15:00:00+00:00,0.750000,3600
2022-08-26T16:00:00+00:00,0.770000,3600
2022-08-26T17:00:00+00:00,0.779810,3600
2022-08-26T18:00:00+00:00,0.778510,3600
2022-08-26T19:00:00+00:00,0.770000,3600
2022-08-26T20:00:00+00:00,0.747740,3600
2022-08-26T21:00:00+00:00,0.700000,3600
2022-08-26T22:00:00+00:00,0.685140,3600
2022-08-26T23:00:00+00:00,0.644200,3600
2022-08-27T00:00:00+00:00,0.636800,3600
2022-08-27T01:00:00+00:00,0.587900,3600
2022-08-27T02:00:00+00:00,0.563470,3600
2022-08-27T03:00:00+00:00,0.573100,3600
2022-08-27T04:00:00+00:00,0.580900,3600
2022-08-27T05:00:00+00:00,0.636000,3600
2022-08-27T06:00:00+00:00,0.682590,3600
2022-08-27T07:00:00+00:00,0.685950,3600
2022-08-27T08:00:00+00:00,0.660750,3600
2022-08-27T09:00:00+00:00,0.571480,3600
2022-08-27T10:00:00+00:00,0.537600,3600
2022-08-27T11:00:00+00:00,0.477030,3600
2022-08-27T12:00:00+00:00,0.490150,3600
2022-08-27T13:00:00+00:00,0.446020,3600
2022-08-27T14:00:00+00:00,0.478580,3600
2022-08-27T15:00:00+00:00,0.550340,3600
2022-08-27T16:00:00+00:00,0.667160,3600
2022-08-27T17:00:00+00:00,0.707360,3600
2022-08-27T18:00:00+00:00,0.700060,3600
2022-08-27T19:00:00+00:00,0.665980,3600
2022-08-27T20:00:00+00:00,0.659940,3600
2022-08-27T21:00:00+00:00,0.597300,3600
2022-08-27T22:00:00+00:00,0.585030,3600
2022-08-27T23:00:00+00:00,0.491400,3600
2022-08-28T00:00:00+00:00,0.467700,3600
2022-08-28T01:00:00+00:00,0.430000,3600
2022-08-28T02:00:00+00:00,0.425970,3600
2022-08-28T03:00:00+00:00,0.409920,3600
2022-08-28T04:00:00+00:00,0.427290,3600
2022-08-28T05:00:00+00:00,0.441910,3600
2022-08-28T06:00:00+00:00,0.467450,3600
2022-08-28T07:00:00+00:00,0.437620,3600
2022-08-28T08:00:00+00:00,0.274390,3600
2022-08-28T09:00:00+00:00,0.219430,3600
2022-08-28T10:00:00+00:00,0.006790,3600
2022-08-28T11:00:00+00:00,-0.010850,3600
2022-08-28T12:00:00+00:00,-0.010000,3600
2022-08-28T13:00:00+00:00,-0.037250,3600
2022-08-28T14:00:00+00:00,0.076000,3600
2022-08-28T15:00:00+00:00,0.336200,3600
2022-08-28T16:00:00+00:00,0.576440,3600
2022-08-28T17:00:00+00:00,0.672420,3600
2022-08-28T18:00:00+00:00,0.698980,3600
2022-08-28T19:00:00+00:00,0.645310,3600
2022-08-28T20:00:00+00:00,0.606700,3600
2022-08-28T21:00:00+00:00,0.590030,3600
2022-08-28T22:00:00+00:00,0.590850,3600
2022-08-28T23:00:00+00:00,0.544140,3600
2022-08-29T00:00:00+00:00,0.523300,3600
2022-08-29T01:00:00+00:00,0.518100,3600
2022-08-29T02:00:00+00:00,0.516020,3600
2022-08-29T03:00:00+00:00,0.578330,3600
2022-08-29T04:00:00+00:00,0.689980,3600
2022-08-29T05:00:00+00:00,0.769920,3600
2022-08-29T06:00:00+00:00,0.791060,3600
2022-08-29T07:00:00+00:00,0.592000,3600
2022-08-29T08:00:00+00:00,0.614490,3600
2022-08-29T09:00:00+00:00,0.543100,3600
2022-08-29T10:00:00+00:00,0.472380,3600
2022-08-29T11:00:00+00:00,0.513520,3600
2022-08-29T12:00:00+00:00,0.510430,3600
2022-08-29T13:00:00+00:00,0.500640,3600
2022-08-29T14:00:00+00:00,0.600420,3600
2022-08-29T15:00:00+00:00,0.738680,3600
2022-08-29T16:00:00+00:00,0.739900,3600
2022-08-29T17:00:00+00:00,0.871000,3600
2022-08-29T18:00:00+00:00,0.860890,3600
2022-08-29T19:00:00+00:00,0.800000,3600
2022-08-29T20:00:00+00:00,0.757300,3600
2022-08-29T21:00:00+00:00,0.485000,3600
2022-08-29T22:00:00+00:00,0.617490,3600
2022-08-29T23:00:00+00:00,0.595070,3600
2022-08-30T00:00:00+00:00,0.585010,3600
2022-08-30T01:00:00+00:00,0.584960,3600
2022-08-30T02:00:00+00:00,0.524360,3600
2022-08-30T03:00:00+00:00,0.612550,3600
2022-08-30T04:00:00+00:00,0.739900,3600
2022-08-30T05:00:00+00:00,0.778060,3600
2022-08-30T06:00:00+00:00,0.791310,3600
2022-08-30T07:00:00+00:00,0.755520,3600
2022-08-30T08:00:00+00:00,0.650000,3600
2022-08-30T09:00:00+00:00,0.551020,3600
2022-08-30T10:00:00+00:00,0.497200,3600
2022-08-30T11:00:00+00:00,0.469940,3600
2022-08-30T12:00:00+00:00,0.507980,3600
2022-08-30T13:00:00+00:00,0.506920,3600
2022-08-30T14:00:00+00:00,0.511300,3600
2022-08-30T15:00:00+00:00,0.718370,3600
2022-08-30T16:00:00+00:00,0.677260,3600
2022-08-30T17:00:00+00:00,0.594310,3600
2022-08-30T18:00:00+00:00,0.667060,3600
2022-08-30T19:00:00+00:00,0.476050,3600
2022-08-30T20:00:00+00:00,0.610890,3600
2022-08-30T21:00:00+00:00,0.556190,3600
2022-08-30T22:00:00+00:00,0.500390,3600
2022-08-30T23:00:00+00:00,0.508880,3600
2022-08-31T00:00:00+00:00,0.538460,3600
2022-08-31T01:00:00+00:00,0.469090,3600
2022-08-31T02:00:00+00:00,0.541830,3600
2022-08-31T03:00:00+00:00,0.528580,3600
2022-08-31T04:00:00+00:00,0.649990,3600
2022-08-31T05:00:00+00:00,0.492310,3600
2022-08-31T06:00:00+00:00,0.550000,3600
2022-08-31T07:00:00+00:00,0.590400,3600
2022-08-31T08:00:00+00:00,0.472300,3600
2022-08-31T09:00:00+00:00,0.551000,3600
2022-08-31T10:00:00+00:00,0.496010,3600
2022-08-31T11:00:00+00:00,0.452000,3600
2022-08-31T12:00:00+00:00,0.457530,3600
2022-08-31T13:00:00+00:00,0.466000,3600
2022-08-31T14:00:00+00:00,0.482420,3600
2022-08-31T15:00:00+00:00,0.550000,3600
2022-08-31T16:00:00+00:00,0.585100,3600
2022-08-31T17:00:00+00:00,0.631620,3600
2022-08-31T18:00:00+00:00,0.679870,3600
2022-08-31T19:00:00+00:00,0.654910,3600
2022-08-31T20:00:00+00:00,0.499900,3600
2022-08-31T21:00:00+00:00,0.478610,3600
2022-08-31T22:00:00+00:00,0.426400,3600
2022-08-31T23:00:00+00:00,0.445960,3600
2022-09-01T00:00:00+00:00,0.447760,3600
2022-09-01T01:00:00+00:00,0.451980,3600
2022-09-01T02:00:00+00:00,0.495130,3600
2022-09-01T03:00:00+00:00,0.532800,3600
2022-09-01T04:00:00+00:00,0.613690,3600
2022-09-01T05:00:00+00:00,0.653390,3600
2022-09-01T06:00:00+00:00,0.626870,3600
2022-09-01T07:00:00+00:00,0.583580,3600
2022-09-01T08:00:00+00:00,0.519900,3600
2022-09-01T09:00:00+00:00,0.478800,3600
2022-09-01T10:00:00+00:00,0.441680,3600
2022-09-01T11:00:00+00:00,0.463980,3600
2022-09-01T12:00:00+00:00,0.461400,3600
2022-09-01T13:00:00+00:00,0.469500,3600
2022-09-01T14:00:00+00:00,0.514130,3600
2022-09-01T15:00:00+00:00,0.601200,3600
2022-09-01T16:00:00+00:00,0.635000,3600
2022-09-01T17:00:00+00:00,0.680980,3600
2022-09-01T18:00:00+00:00,0.650000,3600
2022-09-01T19:00:00+00:00,0.613100,3600
2022-09-01T20:00:00+00:00,0.550000,3600
2022-09-01T21:00:00+00:00,0.475000,3600
2022-09-01T22:00:00+00:00,0.456050,3600
2022-09-01T23:00:00+00:00,0.418740,3600
2022-09-02T00:00:00+00:00,0.395350,3600
2022-09-02T01:00:00+00:00,0.362680,3600
2022-09-02T02:00:00+00:00,0.391730,3600
2022-09-02T03:00:00+00:00,0.445420,3600
2022-09-02T04:00:00+00:00,0.532080,3600
2022-09-02T05:00:00+00:00,0.566100,3600
2022-09-02T06:00:00+00:00,0.581400,3600
2022-09-02T07:00:00+00:00,0.520530,3600
2022-09-02T08:00:00+00:00,0.496980,3600
2022-09-02T09:00:00+00:00,0.416380,3600
2022-09-02T10:00:00+00:00,0.281300,3600
2022-09-02T11:00:00+00:00,0.262170,3600
2022-09-02T12:00:00+00:00,0.263970,3600
2022-09-02T13:00:00+00:00,0.310680,3600
2022-09-02T14:00:00+00:00,0.366830,3600
2022-09-02T15:00:00+00:00,0.484800,3600
2022-09-02T16:00:00+00:00,0.554230,3600
2022-09-02T17:00:00+00:00,0.593960,3600
2022-09-02T18:00:00+00:00,0.550100,3600
2022-09-02T19:00:00+00:00,0.402000,3600
2022-09-02T20:00:00+00:00,0.291000,3600
2022-09-02T21:00:00+00:00,0.262280,3600
2022-09-02T22:00:00+00:00,0.264600,3600
2022-09-02T23:00:00+00:00,0.220700,3600
2022-09-03T00:00:00+00:00,0.256000,3600
2022-09-03T01:00:00+00:00,0.249970,3600
2022-09-03T02:00:00+00:00,0.232010,3600
2022-09-03T03:00:00+00:00,0.291670,3600
2022-09-03T04:00:00+00:00,0.275000,3600
2022-09-03T05:00:00+00:00,0.370080,3600
2022-09-03T06:00:00+00:00,0.398500,3600
2022-09-03T07:00:00+00:00,0.380560,3600
2022-09-03T08:00:00+00:00,0.206730,3600
2022-09-03T09:00:00+00:00,0.146600,3600
2022-09-03T10:00:00+00:00,0.046860,3600
2022-09-03T11:00:00+00:00,0.022780,3600
2022-09-03T12:00:00+00:00,0.105780,3600
2022-09-03T13:00:00+00:00,0.180850,3600
2022-09-03T14:00:00+00:00,0.240430,3600
2022-09-03T15:00:00+00:00,0.398320,3600
2022-09-03T16:00:00+00:00,0.453630,3600
2022-09-03T17:00:00+00:00,0.530000,3600
2022-09-03T18:00:00+00:00,0.499980,3600
2022-09-03T19:00:00+00:00,0.400000,3600
2022-09-03T20:00:00+00:00,0.381710,3600
2022-09-03T21:00:00+00:00,0.319720,3600
2022-09-03T22:00:00+00:00,0.308930,3600
2022-09-03T23:00:00+00:00,0.242960,3600
2022-09-04T00:00:00+00:00,0.194960,3600
2022-09-04T01:00:00+00:00,0.202710,3600
2022-09-04T02:00:00+00:00,0.219000,3600
2022-09-04T03:00:00+00:00,0.193500,3600
2022-09-04T04:00:00+00:00,0.211070,3600
2022-09-04T05:00:00+00:00,0.226390,3600
2022-09-04T06:00:00+00:00,0.209950,3600
2022-09-04T07:00:00+00:00,0.216100,3600
2022-09-04T08:00:00+00:00,0.124210,3600
2022-09-04T09:00:00+00:00,0.092460,3600
2022-09-04T10:00:00+00:00,0.086270,3600
2022-09-04T11:00:00+00:00,0.064900,3600
2022-09-04T12:00:00+00:00,0.079100,3600
2022-09-04T13:00:00+00:00,0.099710,3600
2022-09-04T14:00:00+00:00,0.204120,3600
2022-09-04T15:00:00+00:00,0.375000,3600
2022-09-04T16:00:00+00:00,0.455470,3600
2022-09-04T17:00:00+00:00,0.509930,3600
2022-09-04T18:00:00+00:00,0.509930,3600
2022-09-04T19:00:00+00:00,0.445000,3600
2022-09-04T20:00:00+00:00,0.409670,3600
2022-09-04T21:00:00+00:00,0.335280,3600
2022-09-04T22:00:00+00:00,0.269250,3600
2022-09-04T23:00:00+00:00,0.220000,3600
2022-09-05T00:00:00+00:00,0.212450,3600
2022-09-05T01:00:00+00:00,0.222840,3600
2022-09-05T02:00:00+00:00,0.239330,3600
2022-09-05T03:00:00+00:00,0.367520,3600
2022-09-05T04:00:00+00:00,0.459900,3600
2022-09-05T05:00:00+00:00,0.506500,3600
2022-09-05T06:00:00+00:00,0.519930,3600
2022-09-05T07:00:00+00:00,0.463240,3600
2022-09-05T08:00:00+00:00,0.383300,3600
2022-09-05T09:00:00+00:00,0.282050,3600
2022-09-05T10:00:00+00:00,0.227180,3600
2022-09-05T11:00:00+00:00,0.182560,3600
2022-09-05T12:00:00+00:00,0.204100,3600
2022-09-05T13:00:00+00:00,0.267370,3600
2022-09-05T14:00:00+00:00,0.362000,3600
2022-09-05T15:00:00+00:00,0.471560,3600
2022-09-05T16:00:00+00:00,0.559790,3600
2022-09-05T17:00:00+00:00,0.589000,3600
2022-09-05T18:00:00+00:00,0.506820,3600
2022-09-05T19:00:00+00:00,0.403270,3600
2022-09-05T20:00:00+00:00,0.399900,3600
2022-09-05T21:00:00+00:00,0.299900,3600
2022-09-05T22:00:00+00:00,0.273510,3600
2022-09-05T23:00:00+00:00,0.298290,3600
2022-09-06T00:00:00+00:00,0.285000,3600
2022-09-06T01:00:00+00:00,0.310500,3600
2022-09-06T02:00:00+00:00,0.286750,3600
2022-09-06T03:00:00+00:00,0.340910,3600
2022-09-06T04:00:00+00:00,0.509800,3600
2022-09-06T05:00:00+00:00,0.562260,3600
2022-09-06T06:00:00+00:00,0.561750,3600
2022-09-06T07:00:00+00:00,0.492510,3600
2022-09-06T08:00:00+00:00,0.448900,3600
2022-09-06T09:00:00+00:00,0.399200,3600
2022-09-06T10:00:00+00:00,0.256070,3600
2022-09-06T11:00:00+00:00,0.296710,3600
2022-09-06T12:00:00+00:00,0.333600,3600
2022-09-06T13:00:00+00:00,0.363970,3600
2022-09-06T14:00:00+00:00,0.434520,3600
2022-09-06T15:00:00+00:00,0.524000,3600
2022-09-06T16:00:00+00:00,0.567260,3600
2022-09-06T17:00:00+00:00,0.634050,3600
2022-09-06T18:00:00+00:00,0.593430,3600
2022-09-06T19:00:00+00:00,0.545050,3600
2022-09-06T20:00:00+00:00,0.470010,3600
2022-09-06T21:00:00+00:00,0.456410,3600
2022-09-06T22:00:00+00:00,0.415260,3600
2022-09-06T23:00:00+00:00,0.383600,3600
2022-09-07T00:00:00+00:00,0.366060,3600
2022-09-07T01:00:00+00:00,0.365850,3600
2022-09-07T02:00:00+00:00,0.387130,3600
2022-09-07T03:00:00+00:00,0.393450,3600
2022-09-07T04:00:00+00:00,0.484680,3600
2022-09-07T05:00:00+00:00,0.519900,3600
2022-09-07T06:00:00+00:00,0.524770,3600
2022-09-07T07:00:00+00:00,0.498900,3600
2022-09-07T08:00:00+00:00,0.381000,3600
2022-09-07T09:00:00+00:00,0.348770,3600
2022-09-07T10:00:00+00:00,0.350000,3600
2022-09-07T11:00:00+00:00,0.336000,3600
2022-09-07T12:00:00+00:00,0.357380,3600
2022-09-07T13:00:00+00:00,0.371810,3600
2022-09-07T14:00:00+00:00,0.442250,3600
2022-09-07T15:00:00+00:00,0.521310,3600
2022-09-07T16:00:00+00:00,0.548660,3600
2022-09-07T17:00:00+00:00,0.599900,3600
2022-09-07T18:00:00+00:00,0.599980,3600
2022-09-07T19:00:00+00:00,0.532500,3600
2022-09-07T20:00:00+00:00,0.486400,3600
2022-09-07T21:00:00+00:00,0.438810,3600
2022-09-07T22:00:00+00:00,0.441950,3600
2022-09-07T23:00:00+00:00,0.407740,3600
2022-09-08T00:00:00+00:00,0.400290,3600
2022-09-08T01:00:00+00:00,0.381920,3600
2022-09-08T02:00:00+00:00,0.379230,3600
2022-09-08T03:00:00+00:00,0.404130,3600
2022-09-08T04:00:00+00:00,0.500750,3600
2022-09-08T05:00:00+00:00,0.520000,3600
2022-09-08T06:00:00+00:00,0.524060,3600
2022-09-08T07:00:00+00:00,0.509960,3600
2022-09-08T08:00:00+00:00,0.483590,3600
2022-09-08T09:00:00+00:00,0.453130,3600
2022-09-08T10:00:00+00:00,0.429000,3600
2022-09-08T11:00:00+00:00,0.397870,3600
2022-09-08T12:00:00+00:00,0.388300,3600
2022-09-08T13:00:00+00:00,0.393010,3600
2022-09-08T14:00:00+00:00,0.398000,3600
2022-09-08T15:00:00+00:00,0.450000,3600
2022-09-08T16:00:00+00:00,0.504910,3600
2022-09-08T17:00:00+00:00,0.535440,3600
2022-09-08T18:00:00+00:00,0.495720,3600
2022-09-08T19:00:00+00:00,0.467290,3600
2022-09-08T20:00:00+00:00,0.380640,3600
2022-09-08T21:00:00+00:00,0.283450,3600
2022-09-08T22:00:00+00:00,0.300010,3600
2022-09-08T23:00:00+00:00,0.238200,3600
2022-09-09T00:00:00+00:00,0.203910,3600
2022-09-09T01:00:00+00:00,0.191670,3600
2022-09-09T02:00:00+00:00,0.226870,3600
2022-09-09T03:00:00+00:00,0.278700,3600
2022-09-09T04:00:00+00:00,0.362300,3600
2022-09-09T05:00:00+00:00,0.429590,3600
2022-09-09T06:00:00+00:00,0.431460,3600
2022-09-09T07:00:00+00:00,0.401560,3600
2022-09-09T08:00:00+00:00,0.353000,3600
2022-09-09T09:00:00+00:00,0.330000,3600
2022-09-09T10:00:00+00:00,0.339760,3600
2022-09-09T11:00:00+00:00,0.294170,3600
2022-09-09T12:00:00+00:00,0.294650,3600
2022-09-09T13:00:00+00:00,0.291610,3600
2022-09-09T14:00:00+00:00,0.363640,3600
2022-09-09T15:00:00+00:00,0.389080,3600
2022-09-09T16:00:00+00:00,0.435620,3600
2022-09-09T17:00:00+00:00,0.467350,3600
2022-09-09T18:00:00+00:00,0.465000,3600
2022-09-09T19:00:00+00:00,0.419950,3600
2022-09-09T20:00:00+00:00,0.398290,3600
2022-09-09T21:00:00+00:00,0.375440,3600
2022-09-09T22:00:00+00:00,0.400850,3600
2022-09-09T23:00:00+00:00,0.359090,3600
2022-09-10T00:00:00+00:00,0.352090,3600
2022-09-10T01:00:00+00:00,0.348070,3600
2022-09-10T02:00:00+00:00,0.348090,3600
2022-09-10T03:00:00+00:00,0.356040,3600
2022-09-10T04:00:00+00:00,0.381300,3600
2022-09-10T05:00:00+00:00,0.411070,3600
2022-09-10T06:00:00+00:00,0.427720,3600
2022-09-10T07:00:00+00:00,0.429180,3600
2022-09-10T08:00:00+00:00,0.419900,3600
2022-09-10T09:00:00+00:00,0.418360,3600
2022-09-10T10:00:00+00:00,0.399980,3600
2022-09-10T11:00:00+00:00,0.355000,3600
2022-09-10T12:00:00+00:00,0.348990,3600
2022-09-10T13:00:00+00:00,0.353390,3600
2022-09-10T14:00:00+00:00,0.371980,3600
2022-09-10T15:00:00+00:00,0.436240,3600
2022-09-10T16:00:00+00:00,0.469520,3600
2022-09-10T17:00:00+00:00,0.491860,3600
2022-09-10T18:00:00+00:00,0.483980,3600
2022-09-10T19:00:00+00:00,0.459950,3600
2022-09-10T20:00:00+00:00,0.443970,3600
2022-09-10T21:00:00+00:00,0.437010,3600
2022-09-10T22:00:00+00:00,0.421450,3600
2022-09-10T23:00:00+00:00,0.385070,3600
2022-09-11T00:00:00+00:00,0.385060,3600
2022-09-11T01:00:00+00:00,0.369220,3600
2022-09-11T02:00:00+00:00,0.358540,3600
2022-09-11T03:00:00+00:00,0.369020,3600
2022-09-11T04:00:00+00:00,0.379020,3600
2022-09-11T05:00:00+00:00,0.385010,3600
2022-09-11T06:00:00+00:00,0.402130,3600
2022-09-11T07:00:00+00:00,0.402130,3600
2022-09-11T08:00:00+00:00,0.388500,3600
2022-09-11T09:00:00+00:00,0.380040,3600
2022-09-11T10:00:00+00:00,0.360000,3600
2022-09-11T11:00:00+00:00,0.295000,3600
2022-09-11T12:00:00+00:00,0.251800,3600
2022-09-11T13:00:00+00:00,0.297000,3600
2022-09-11T14:00:00+00:00,0.343100,3600
2022-09-11T15:00:00+00:00,0.404320,3600
2022-09-11T16:00:00+00:00,0.459990,3600
2022-09-11T17:00:00+00:00,0.505940,3600
2022-09-11T18:00:00+00:00,0.517200,3600
2022-09-11T19:00:00+00:00,0.484940,3600
2022-09-11T20:00:00+00:00,0.399900,3600
2022-09-11T21:00:00+00:00,0.400000,3600
2022-09-11T22:00:00+00:00,0.347090,3600
2022-09-11T23:00:00+00:00,0.355310,3600
2022-09-12T00:00:00+00:00,0.354810,3600
2022-09-12T01:00:00+00:00,0.349900,3600
2022-09-12T02:00:00+00:00,0.353390,3600
2022-09-12T03:00:00+00:00,0.389050,3600
2022-09-12T04:00:00+00:00,0.441870,3600
2022-09-12T05:00:00+00:00,0.499900,3600
2022-09-12T06:00:00+00:00,0.453200,3600
2022-09-12T07:00:00+00:00,0.436400,3600
2022-09-12T08:00:00+00:00,0.400000,3600
2022-09-12T09:00:00+00:00,0.357100,3600
2022-09-12T10:00:00+00:00,0.343420,3600
2022-09-12T11:00:00+00:00,0.329910,3600
2022-09-12T12:00:00+00:00,0.306000,3600
2022-09-12T13:00:00+00:00,0.343610,3600
2022-09-12T14:00:00+00:00,0.370430,3600
2022-09-12T15:00:00+00:00,0.471710,3600
2022-09-12T16:00:00+00:00,0.515000,3600
2022-09-12T17:00:00+00:00,0.504720,3600
2022-09-12T18:00:00+00:00,0.515260,3600
2022-09-12T19:00:00+00:00,0.443310,3600
2022-09-12T20:00:00+00:00,0.369000,3600
2022-09-12T21:00:00+00:00,0.341960,3600
2022-09-12T22:00:00+00:00,0.345060,3600
2022-09-12T23:00:00+00:00,0.317430,3600
2022-09-13T00:00:00+00:00,0.306000,3600
2022-09-13T01:00:00+00:00,0.308400,3600
2022-09-13T02:00:00+00:00,0.313100,3600
2022-09-13T03:00:00+00:00,0.334680,3600
2022-09-13T04:00:00+00:00,0.412730,3600
2022-09-13T05:00:00+00:00,0.445480,3600
2022-09-13T06:00:00+00:00,0.469550,3600
2022-09-13T07:00:00+00:00,0.455050,3600
2022-09-13T08:00:00+00:00,0.431880,3600
2022-09-13T09:00:00+00:00,0.428860,3600
2022-09-13T10:00:00+00:00,0.348160,3600
2022-09-13T11:00:00+00:00,0.332550,3600
2022-09-13T12:00:00+00:00,0.335400,3600
2022-09-13T13:00:00+00:00,0.349300,3600
2022-09-13T14:00:00+00:00,0.358540,3600
2022-09-13T15:00:00+00:00,0.488800,3600
2022-09-13T16:00:00+00:00,0.510670,3600
2022-09-13T17:00:00+00:00,0.548030,3600
2022-09-13T18:00:00+00:00,0.535280,3600
2022-09-13T19:00:00+00:00,0.459130,3600
2022-09-13T20:00:00+00:00,0.422420,3600
2022-09-13T21:00:00+00:00,0.371360,3600
2022-09-13T22:00:00+00:00,0.345080,3600
2022-09-13T23:00:00+00:00,0.319980,3600
2022-09-14T00:00:00+00:00,0.338870,3600
2022-09-14T01:00:00+00:00,0.335640,3600
2022-09-14T02:00:00+00:00,0.336690,3600
2022-09-14T03:00:00+00:00,0.338760,3600
2022-09-14T04:00:00+00:00,0.400000,3600
2022-09-14T05:00:00+00:00,0.498190,3600
2022-09-14T06:00:00+00:00,0.507600,3600
2022-09-14T07:00:00+00:00,0.500660,3600
2022-09-14T08:00:00+00:00,0.492320,3600
2022-09-14T09:00:00+00:00,0.492400,3600
2022-09-14T10:00:00+00:00,0.457800,3600
2022-09-14T11:00:00+00:00,0.454370,3600
2022-09-14T12:00:00+00:00,0.379210,3600
2022-09-14T13:00:00+00:00,0.406040,3600
2022-09-14T14:00:00+00:00,0.352600,3600
2022-09-14T15:00:00+00:00,0.428400,3600
2022-09-14T16:00:00+00:00,0.449980,3600
2022-09-14T17:00:00+00:00,0.488060,3600
2022-09-14T18:00:00+00:00,0.487820,3600
2022-09-14T19:00:00+00:00,0.460340,3600
2022-09-14T20:00:00+00:00,0.400100,3600
2022-09-14T21:00:00+00:00,0.344400,3600
2022-09-14T22:00:00+00:00,0.391630,3600
2022-09-14T23:00:00+00:00,0.338770,3600
2022-09-15T00:00:00+00:00,0.317250,3600
2022-09-15T01:00:00+00:00,0.301870,3600
2022-09-15T02:00:00+00:00,0.271990,3600
2022-09-15T03:00:00+00:00,0.320840,3600
2022-09-15T04:00:00+00:00,0.450000,3600
2022-09-15T05:00:00+00:00,0.463850,3600
2022-09-15T06:00:00+00:00,0.500100,3600
2022-09-15T07:00:00+00:00,0.470770,3600
2022-09-15T08:00:00+00:00,0.398480,3600
2022-09-15T09:00:00+00:00,0.375020,3600
2022-09-15T10:00:00+00:00,0.316090,3600
2022-09-15T11:00:00+00:00,0.300170,3600
2022-09-15T12:00:00+00:00,0.296090,3600
2022-09-15T13:00:00+00:00,0.260820,3600
2022-09-15T14:00:00+00:00,0.274700,3600
2022-09-15T15:00:00+00:00,0.366080,3600
2022-09-15T16:00:00+00:00,0.457800,3600
2022-09-15T17:00:00+00:00,0.474300,3600
2022-09-15T18:00:00+00:00,0.464900,3600
2022-09-15T19:00:00+00:00,0.421000,3600
2022-09-15T20:00:00+00:00,0.351840,3600
2022-09-15T21:00:00+00:00,0.352300,3600
2022-09-15T22:00:00+00:00,0.279990,3600
2022-09-15T23:00:00+00:00,0.203800,3600
2022-09-16T00:00:00+00:00,0.180660,3600
2022-09-16T01:00:00+00:00,0.171160,3600
2022-09-16T02:00:00+00:00,0.176250,3600
2022-09-16T03:00:00+00:00,0.215900,3600
2022-09-16T04:00:00+00:00,0.349720,3600
2022-09-16T05:00:00+00:00,0.416310,3600
2022-09-16T06:00:00+00:00,0.446000,3600
2022-09-16T07:00:00+00:00,0.333780,3600
2022-09-16T08:00:00+00:00,0.190320,3600
2022-09-16T09:00:00+00:00,0.111860,3600
2022-09-16T10:00:00+00:00,0.034010,3600
2022-09-16T11:00:00+00:00,0.000000,3600
2022-09-16T12:00:00+00:00,0.000000,3600
2022-09-16T13:00:00+00:00,0.043970,3600
2022-09-16T14:00:00+00:00,0.083090,3600
2022-09-16T15:00:00+00:00,0.149920,3600
2022-09-16T16:00:00+00:00,0.313750,3600
2022-09-16T17:00:00+00:00,0.363930,3600
2022-09-16T18:00:00+00:00,0.350000,3600
2022-09-16T19:00:00+00:00,0.219560,3600
2022-09-16T20:00:00+00:00,0.164980,3600
2022-09-16T21:00:00+00:00,0.140640,3600
2022-09-16T22:00:00+00:00,0.171000,3600
2022-09-16T23:00:00+00:00,0.095000,3600
2022-09-17T00:00:00+00:00,0.086810,3600
2022-09-17T01:00:00+00:00,0.080200,3600
2022-09-17T02:00:00+00:00,0.075860,3600
2022-09-17T03:00:00+00:00,0.085090,3600
2022-09-17T04:00:00+00:00,0.098720,3600
2022-09-17T05:00:00+00:00,0.127000,3600
2022-09-17T06:00:00+00:00,0.111240,3600
2022-09-17T07:00:00+00:00,0.074030,3600
2022-09-17T08:00:00+00:00,0.079550,3600
2022-09-17T09:00:00+00:00,0.051360,3600
2022-09-17T10:00:00+00:00,0.043920,3600
2022-09-17T11:00:00+00:00,0.005090,3600
2022-09-17T12:00:00+00:00,0.002910,3600
2022-09-17T13:00:00+00:00,0.002000,3600
2022-09-17T14:00:00+00:00,0.035180,3600
2022-09-17T15:00:00+00:00,0.108490,3600
2022-09-17T16:00:00+00:00,0.142420,3600
2022-09-17T17:00:00+00:00,0.235400,3600
2022-09-17T18:00:00+00:00,0.250140,3600
2022-09-17T19:00:00+00:00,0.194550,3600
2022-09-17T20:00:00+00:00,0.111790,3600
2022-09-17T21:00:00+00:00,0.150900,3600
2022-09-17T22:00:00+00:00,0.095140,3600
2022-09-17T23:00:00+00:00,0.082150,3600
2022-09-18T00:00:00+00:00,0.077480,3600
2022-09-18T01:00:00+00:00,0.070000,3600
2022-09-18T02:00:00+00:00,0.073750,3600
2022-09-18T03:00:00+00:00,0.069910,3600
2022-09-18T04:00:00+00:00,0.093960,3600
2022-09-18T05:00:00+00:00,0.143460,3600
2022-09-18T06:00:00+00:00,0.143420,3600
2022-09-18T07:00:00+00:00,0.129790,3600
2022-09-18T08:00:00+00:00,0.170000,3600
2022-09-18T09:00:00+00:00,0.096720,3600
2022-09-18T10:00:00+00:00,0.088440,3600
2022-09-18T11:00:00+00:00,0.044910,3600
2022-09-18T12:00:00+00:00,0.032240,3600
2022-09-18T13:00:00+00:00,0.038500,3600
2022-09-18T14:00:00+00:00,0.055390,3600
2022-09-18T15:00:00+00:00,0.104320,3600
2022-09-18T16:00:00+00:00,0.195600,3600
2022-09-18T17:00:00+00:00,0.235210,3600
2022-09-18T18:00:00+00:00,0.274610,3600
2022-09-18T19:00:00+00:00,0.237000,3600
2022-09-18T20:00:00+00:00,0.236800,3600
2022-09-18T21:00:00+00:00,0.207000,3600
2022-09-18T22:00:00+00:00,0.125160,3600
2022-09-18T23:00:00+00:00,0.162500,3600
2022-09-19T00:00:00+00:00,0.163500,3600
2022-09-19T01:00:00+00:00,0.108120,3600
2022-09-19T02:00:00+00:00,0.111170,3600
2022-09-19T03:00:00+00:00,0.169400,3600
2022-09-19T04:00:00+00:00,0.343430,3600
2022-09-19T05:00:00+00:00,0.398930,3600
2022-09-19T06:00:00+00:00,0.415380,3600
2022-09-19T07:00:00+00:00,0.347270,3600
2022-09-19T08:00:00+00:00,0.324370,3600
2022-09-19T09:00:00+00:00,0.230690,3600
2022-09-19T10:00:00+00:00,0.190780,3600
2022-09-19T11:00:00+00:00,0.153350,3600
2022-09-19T12:00:00+00:00,0.170130,3600
2022-09-19T13:00:00+00:00,0.148780,3600
2022-09-19T14:00:00+00:00,0.203430,3600
2022-09-19T15:00:00+00:00,0.350000,3600
2022-09-19T16:00:00+00:00,0.407430,3600
2022-09-19T17:00:00+00:00,0.442050,3600
2022-09-19T18:00:00+00:00,0.420050,3600
2022-09-19T19:00:00+00:00,0.375000,3600
2022-09-19T20:00:00+00:00,0.342680,3600
2022-09-19T21:00:00+00:00,0.296690,3600
2022-09-19T22:00:00+00:00,0.261770,3600
2022-09-19T23:00:00+00:00,0.260100,3600
2022-09-20T00:00:00+00:00,0.277650,3600
2022-09-20T01:00:00+00:00,0.262470,3600
2022-09-20T02:00:00+00:00,0.260100,3600
2022-09-20T03:00:00+00:00,0.278300,3600
2022-09-20T04:00:00+00:00,0.375000,3600
2022-09-20T05:00:00+00:00,0.433000,3600
2022-09-20T06:00:00+00:00,0.426610,3600
2022-09-20T07:00:00+00:00,0.366850,3600
2022-09-20T08:00:00+00:00,0.350000,3600
2022-09-20T09:00:00+00:00,0.325160,3600
2022-09-20T10:00:00+00:00,0.300000,3600
2022-09-20T11:00:00+00:00,0.282530,3600
2022-09-20T12:00:00+00:00,0.285000,3600
2022-09-20T13:00:00+00:00,0.312860,3600
2022-09-20T14:00:00+00:00,0.346930,3600
2022-09-20T15:00:00+00:00,0.402750,3600
2022-09-20T16:00:00+00:00,0.469050,3600
2022-09-20T17:00:00+00:00,0.491980,3600
2022-09-20T18:00:00+00:00,0.474280,3600
2022-09-20T19:00:00+00:00,0.429900,3600
2022-09-20T20:00:00+00:00,0.388200,3600
2022-09-20T21:00:00+00:00,0.349900,3600
2022-09-20T22:00:00+00:00,0.310300,3600
2022-09-20T23:00:00+00:00,0.299580,3600
2022-09-21T00:00:00+00:00,0.299540,3600
2022-09-21T01:00:00+00:00,0.299580,3600
2022-09-21T02:00:00+00:00,0.297280,3600
2022-09-21T03:00:00+00:00,0.309980,3600
2022-09-21T04:00:00+00:00,0.310200,3600
2022-09-21T05:00:00+00:00,0.534750,3600
2022-09-21T06:00:00+00:00,0.459850,3600
2022-09-21T07:00:00+00:00,0.309950,3600
2022-09-21T08:00:00+00:00,0.319900,3600
2022-09-21T09:00:00+00:00,0.289540,3600
2022-09-21T10:00:00+00:00,0.263000,3600
2022-09-21T11:00:00+00:00,0.249900,3600
2022-09-21T12:00:00+00:00,0.260000,3600
2022-09-21T13:00:00+00:00,0.270000,3600
2022-09-21T14:00:00+00:00,0.301500,3600
2022-09-21T15:00:00+00:00,0.328950,3600
2022-09-21T16:00:00+00:00,0.470000,3600
2022-09-21T17:00:00+00:00,0.574510,3600
2022-09-21T18:00:00+00:00,0.490530,3600
2022-09-21T19:00:00+00:00,0.403660,3600
2022-09-21T20:00:00+00:00,0.370000,3600
2022-09-21T21:00:00+00:00,0.349390,3600
2022-09-21T22:00:00+00:00,0.373070,3600
2022-09-21T23:00:00+00:00,0.339410,3600
2022-09-22T00:00:00+00:00,0.330080,3600
2022-09-22T01:00:00+00:00,0.310940,3600
2022-09-22T02:00:00+00:00,0.322200,3600
2022-09-22T03:00:00+00:00,0.360000,3600
2022-09-22T04:00:00+00:00,0.435100,3600
2022-09-22T05:00:00+00:00,0.536030,3600
2022-09-22T06:00:00+00:00,0.498800,3600
2022-09-22T07:00:00+00:00,0.387880,3600
2022-09-22T08:00:00+00:00,0.333680,3600
2022-09-22T09:00:00+00:00,0.326620,3600
2022-09-22T10:00:00+00:00,0.267300,3600
2022-09-22T11:00:00+00:00,0.232940,3600
2022-09-22T12:00:00+00:00,0.283360,3600
2022-09-22T13:00:00+00:00,0.289510,3600
2022-09-22T14:00:00+00:00,0.376920,3600
2022-09-22T15:00:00+00:00,0.437740,3600
2022-09-22T16:00:00+00:00,0.469300,3600
2022-09-22T17:00:00+00:00,0.600000,3600
2022-09-22T18:00:00+00:00,0.510000,3600
2022-09-22T19:00:00+00:00,0.418380,3600
2022-09-22T20:00:00+00:00,0.396340,3600
2022-09-22T21:00:00+00:00,0.378690,3600
2022-09-22T22:00:00+00:00,0.352560,3600
2022-09-22T23:00:00+00:00,0.323420,3600
2022-09-23T00:00:00+00:00,0.312580,3600
2022-09-23T01:00:00+00:00,0.300480,3600
2022-09-23T02:00:00+00:00,0.303120,3600
2022-09-23T03:00:00+00:00,0.324570,3600
2022-09-23T04:00:00+00:00,0.410660,3600
2022-09-23T05:00:00+00:00,0.455290,3600
2022-09-23T06:00:00+00:00,0.424570,3600
2022-09-23T07:00:00+00:00,0.358080,3600
2022-09-23T08:00:00+00:00,0.368850,3600
2022-09-23T09:00:00+00:00,0.350000,3600
2022-09-23T10:00:00+00:00,0.318160,3600
2022-09-23T11:00:00+00:00,0.307520,3600
2022-09-23T12:00:00+00:00,0.338000,3600
2022-09-23T13:00:00+00:00,0.354120,3600
2022-09-23T14:00:00+00:00,0.384970,3600
2022-09-23T15:00:00+00:00,0.422090,3600
2022-09-23T16:00:00+00:00,0.460130,3600
2022-09-23T17:00:00+00:00,0.475000,3600
2022-09-23T18:00:00+00:00,0.437580,3600
2022-09-23T19:00:00+00:00,0.391460,3600
2022-09-23T20:00:00+00:00,0.386800,3600
2022-09-23T21:00:00+00:00,0.358040,3600
2022-09-23T22:00:00+00:00,0.377940,3600
2022-09-23T23:00:00+00:00,0.344120,3600
2022-09-24T00:00:00+00:00,0.312030,3600
2022-09-24T01:00:00+00:00,0.307230,3600
2022-09-24T02:00:00+00:00,0.306290,3600
2022-09-24T03:00:00+00:00,0.314360,3600
2022-09-24T04:00:00+00:00,0.345200,3600
2022-09-24T05:00:00+00:00,0.371780,3600
2022-09-24T06:00:00+00:00,0.370660,3600
2022-09-24T07:00:00+00:00,0.375150,3600
2022-09-24T08:00:00+00:00,0.369930,3600
2022-09-24T09:00:00+00:00,0.363490,3600
2022-09-24T10:00:00+00:00,0.330000,3600
2022-09-24T11:00:00+00:00,0.298290,3600
2022-09-24T12:00:00+00:00,0.299000,3600
2022-09-24T13:00:00+00:00,0.317110,3600
2022-09-24T14:00:00+00:00,0.357000,3600
2022-09-24T15:00:00+00:00,0.374470,3600
2022-09-24T16:00:00+00:00,0.385700,3600
2022-09-24T17:00:00+00:00,0.433950,3600
2022-09-24T18:00:00+00:00,0.407680,3600
2022-09-24T19:00:00+00:00,0.371550,3600
2022-09-24T20:00:00+00:00,0.362730,3600
2022-09-24T21:00:00+00:00,0.314970,3600
2022-09-24T22:00:00+00:00,0.268660,3600
2022-09-24T23:00:00+00:00,0.230000,3600
2022-09-25T00:00:00+00:00,0.215240,3600
2022-09-25T01:00:00+00:00,0.215160,3600
2022-09-25T02:00:00+00:00,0.194400,3600
2022-09-25T03:00:00+00:00,0.197600,3600
2022-09-25T04:00:00+00:00,0.228140,3600
2022-09-25T05:00:00+00:00,0.239900,3600
2022-09-25T06:00:00+00:00,0.278740,3600
2022-09-25T07:00:00+00:00,0.287150,3600
2022-09-25T08:00:00+00:00,0.209900,3600
2022-09-25T09:00:00+00:00,0.145000,3600
2022-09-25T10:00:00+00:00,0.145000,3600
2022-09-25T11:00:00+00:00,0.110000,3600
2022-09-25T12:00:00+00:00,0.135000,3600
2022-09-25T13:00:00+00:00,0.152800,3600
2022-09-25T14:00:00+00:00,0.174000,3600
2022-09-25T15:00:00+00:00,0.328130,3600
2022-09-25T16:00:00+00:00,0.380090,3600
2022-09-25T17:00:00+00:00,0.412140,3600
2022-09-25T18:00:00+00:00,0.393990,3600
2022-09-25T19:00:00+00:00,0.369970,3600
2022-09-25T20:00:00+00:00,0.348170,3600
2022-09-25T21:00:00+00:00,0.294430,3600
2022-09-25T22:00:00+00:00,0.248770,3600
2022-09-25T23:00:00+00:00,0.179850,3600
2022-09-26T00:00:00+00:00,0.156840,3600
2022-09-26T01:00:00+00:00,0.118180,3600
2022-09-26T02:00:00+00:00,0.090400,3600
2022-09-26T03:00:00+00:00,0.142800,3600
2022-09-26T04:00:00+00:00,0.224000,3600
2022-09-26T05:00:00+00:00,0.297620,3600
2022-09-26T06:00:00+00:00,0.292780,3600
2022-09-26T07:00:00+00:00,0.269900,3600
2022-09-26T08:00:00+00:00,0.251060,3600
2022-09-26T09:00:00+00:00,0.234000,3600
2022-09-26T10:00:00+00:00,0.224700,3600
2022-09-26T11:00:00+00:00,0.200150,3600
2022-09-26T12:00:00+00:00,0.169300,3600
2022-09-26T13:00:00+00:00,0.165240,3600
2022-09-26T14:00:00+00:00,0.240000,3600
2022-09-26T15:00:00+00:00,0.314550,3600
2022-09-26T16:00:00+00:00,0.389130,3600
2022-09-26T17:00:00+00:00,0.417710,3600
2022-09-26T18:00:00+00:00,0.396580,3600
2022-09-26T19:00:00+00:00,0.329700,3600
2022-09-26T20:00:00+00:00,0.298990,3600
2022-09-26T21:00:00+00:00,0.263910,3600
2022-09-26T22:00:00+00:00,0.190950,3600
2022-09-26T23:00:00+00:00,0.180240,3600
2022-09-27T00:00:00+00:00,0.169800,3600
2022-09-27T01:00:00+00:00,0.151300,3600
2022-09-27T02:00:00+00:00,0.167350,3600
2022-09-27T03:00:00+00:00,0.178690,3600
2022-09-27T04:00:00+00:00,0.277160,3600
2022-09-27T05:00:00+00:00,0.407380,3600
2022-09-27T06:00:00+00:00,0.419320,3600
2022-09-27T07:00:00+00:00,0.271620,3600
2022-09-27T08:00:00+00:00,0.213610,3600
2022-09-27T09:00:00+00:00,0.215640,3600
2022-09-27T10:00:00+00:00,0.237100,3600
2022-09-27T11:00:00+00:00,0.250540,3600
2022-09-27T12:00:00+00:00,0.279600,3600
2022-09-27T13:00:00+00:00,0.292910,3600
2022-09-27T14:00:00+00:00,0.308110,3600
2022-09-27T15:00:00+00:00,0.365470,3600
2022-09-27T16:00:00+00:00,0.383220,3600
2022-09-27T17:00:00+00:00,0.421790,3600
2022-09-27T18:00:00+00:00,0.402630,3600
2022-09-27T19:00:00+00:00,0.351430,3600
2022-09-27T20:00:00+00:00,0.333690,3600
2022-09-27T21:00:00+00:00,0.319710,3600
2022-09-27T22:00:00+00:00,0.306420,3600
2022-09-27T23:00:00+00:00,0.275780,3600
2022-09-28T00:00:00+00:00,0.245940,3600
2022-09-28T01:00:00+00:00,0.242980,3600
2022-09-28T02:00:00+00:00,0.273770,3600
2022-09-28T03:00:00+00:00,0.307130,3600
2022-09-28T04:00:00+00:00,0.383170,3600
2022-09-28T05:00:00+00:00,0.472630,3600
2022-09-28T06:00:00+00:00,0.500380,3600
2022-09-28T07:00:00+00:00,0.399900,3600
2022-09-28T08:00:00+00:00,0.386200,3600
2022-09-28T09:00:00+00:00,0.381570,3600
2022-09-28T10:00:00+00:00,0.325810,3600
2022-09-28T11:00:00+00:00,0.324240,3600
2022-09-28T12:00:00+00:00,0.299920,3600
2022-09-28T13:00:00+00:00,0.350000,3600
2022-09-28T14:00:00+00:00,0.384980,3600
2022-09-28T15:00:00+00:00,0.435590,3600
2022-09-28T16:00:00+00:00,0.507120,3600
2022-09-28T17:00:00+00:00,0.640420,3600
2022-09-28T18:00:00+00:00,0.510000,3600
2022-09-28T19:00:00+00:00,0.419990,3600
2022-09-28T20:00:00+00:00,0.372610,3600
2022-09-28T21:00:00+00:00,0.361800,3600
2022-09-28T22:00:00+00:00,0.351450,3600
2022-09-28T23:00:00+00:00,0.336510,3600
2022-09-29T00:00:00+00:00,0.326140,3600
2022-09-29T01:00:00+00:00,0.315190,3600
2022-09-29T02:00:00+00:00,0.320000,3600
2022-09-29T03:00:00+00:00,0.345530,3600
2022-09-29T04:00:00+00:00,0.440070,3600
2022-09-29T05:00:00+00:00,0.569930,3600
2022-09-29T06:00:00+00:00,0.583440,3600
2022-09-29T07:00:00+00:00,0.407080,3600
2022-09-29T08:00:00+00:00,0.371750,3600
2022-09-29T09:00:00+00:00,0.352100,3600
2022-09-29T10:00:00+00:00,0.330490,3600
2022-09-29T11:00:00+00:00,0.344250,3600
2022-09-29T12:00:00+00:00,0.335300,3600
2022-09-29T13:00:00+00:00,0.350000,3600
2022-09-29T14:00:00+00:00,0.366450,3600
2022-09-29T15:00:00+00:00,0.445010,3600
2022-09-29T16:00:00+00:00,0.523190,3600
2022-09-29T17:00:00+00:00,0.605000,3600
2022-09-29T18:00:00+00:00,0.520000,3600
2022-09-29T19:00:00+00:00,0.424990,3600
2022-09-29T20:00:00+00:00,0.397030,3600
2022-09-29T21:00:00+00:00,0.374460,3600
2022-09-29T22:00:00+00:00,0.349440,3600
2022-09-29T23:00:00+00:00,0.336100,3600
2022-09-30T00:00:00+00:00,0.325030,3600
2022-09-30T01:00:00+00:00,0.322420,3600
2022-09-30T02:00:00+00:00,0.324800,3600
2022-09-30T03:00:00+00:00,0.348440,3600
2022-09-30T04:00:00+00:00,0.429990,3600
2022-09-30T05:00:00+00:00,0.524000,3600
2022-09-30T06:00:00+00:00,0.528260,3600
2022-09-30T07:00:00+00:00,0.350330,3600
2022-09-30T08:00:00+00:00,0.342100,3600
2022-09-30T09:00:00+00:00,0.267790,3600
2022-09-30T10:00:00+00:00,0.167560,3600
2022-09-30T11:00:00+00:00,0.229900,3600
2022-09-30T12:00:00+00:00,0.159050,3600
2022-09-30T13:00:00+00:00,0.148550,3600
2022-09-30T14:00:00+00:00,0.200000,3600
2022-09-30T15:00:00+00:00,0.304820,3600
2022-09-30T16:00:00+00:00,0.352790,3600
2022-09-30T17:00:00+00:00,0.339090,3600
2022-09-30T18:00:00+00:00,0.292710,3600
2022-09-30T19:00:00+00:00,0.192440,3600
2022-09-30T20:00:00+00:00,0.164000,3600
2022-09-30T21:00:00+00:00,0.091950,3600
2022-09-30T22:00:00+00:00,0.099750,3600
2022-09-30T23:00:00+00:00,0.063590,3600
2022-10-01T00:00:00+00:00,0.050000,3600
2022-10-01T01:00:00+00:00,0.021480,3600
2022-10-01T02:00:00+00:00,0.016910,3600
2022-10-01T03:00:00+00:00,0.015030,3600
2022-10-01T04:00:00+00:00,0.015020,3600
2022-10-01T05:00:00+00:00,0.205310,3600
2022-10-01T06:00:00+00:00,0.210000,3600
2022-10-01T07:00:00+00:00,0.217000,3600
2022-10-01T08:00:00+00:00,0.112920,3600
2022-10-01T09:00:00+00:00,0.106770,3600
2022-10-01T10:00:00+00:00,0.090000,3600
2022-10-01T11:00:00+00:00,0.074040,3600
2022-10-01T12:00:00+00:00,0.059940,3600
2022-10-01T13:00:00+00:00,0.057920,3600
2022-10-01T14:00:00+00:00,0.069820,3600
2022-10-01T15:00:00+00:00,0.137800,3600
2022-10-01T16:00:00+00:00,0.226820,3600
2022-10-01T17:00:00+00:00,0.269880,3600
2022-10-01T18:00:00+00:00,0.270000,3600
2022-10-01T19:00:00+00:00,0.226000,3600
2022-10-01T20:00:00+00:00,0.187000,3600
2022-10-01T21:00:00+00:00,0.162300,3600
2022-10-01T22:00:00+00:00,0.101300,3600
2022-10-01T23:00:00+00:00,0.058950,3600
2022-10-02T00:00:00+00:00,0.108840,3600
2022-10-02T01:00:00+00:00,0.121550,3600
2022-10-02T02:00:00+00:00,0.092000,3600
2022-10-02T03:00:00+00:00,0.104520,3600
2022-10-02T04:00:00+00:00,0.118680,3600
2022-10-02T05:00:00+00:00,0.211800,3600
2022-10-02T06:00:00+00:00,0.200600,3600
2022-10-02T07:00:00+00:00,0.258500,3600
2022-10-02T08:00:00+00:00,0.225100,3600
2022-10-02T09:00:00+00:00,0.153490,3600
2022-10-02T10:00:00+00:00,0.219900,3600
2022-10-02T11:00:00+00:00,0.139670,3600
2022-10-02T12:00:00+00:00,0.075430,3600
2022-10-02T13:00:00+00:00,0.132560,3600
2022-10-02T14:00:00+00:00,0.236100,3600
2022-10-02T15:00:00+00:00,0.237000,3600
2022-10-02T16:00:00+00:00,0.280000,3600
2022-10-02T17:00:00+00:00,0.357000,3600
2022-10-02T18:00:00+00:00,0.350590,3600
2022-10-02T19:00:00+00:00,0.293880,3600
2022-10-02T20:00:00+00:00,0.256810,3600
2022-10-02T21:00:00+00:00,0.216000,3600
2022-10-02T22:00:00+00:00,0.291630,3600
2022-10-02T23:00:00+00:00,0.291660,3600
2022-10-03T00:00:00+00:00,0.294550,3600
2022-10-03T01:00:00+00:00,0.296250,3600
2022-10-03T02:00:00+00:00,0.290000,3600
2022-10-03T03:00:00+00:00,0.279920,3600
2022-10-03T04:00:00+00:00,0.270000,3600
2022-10-03T05:00:00+00:00,0.379900,3600
2022-10-03T06:00:00+00:00,0.379900,3600
2022-10-03T07:00:00+00:00,0.575000,3600
2022-10-03T08:00:00+00:00,0.325400,3600
2022-10-03T09:00:00+00:00,0.377000,3600
2022-10-03T10:00:00+00:00,0.247900,3600
2022-10-03T11:00:00+00:00,0.310000,3600
2022-10-03T12:00:00+00:00,0.206000,3600
2022-10-03T13:00:00+00:00,0.236800,3600
2022-10-03T14:00:00+00:00,0.250100,3600
2022-10-03T15:00:00+00:00,0.346980,3600
2022-10-03T16:00:00+00:00,0.391110,3600
2022-10-03T17:00:00+00:00,0.468930,3600
2022-10-03T18:00:00+00:00,0.379850,3600
2022-10-03T19:00:00+00:00,0.321300,3600
2022-10-03T20:00:00+00:00,0.318420,3600
2022-10-03T21:00:00+00:00,0.284300,3600
2022-10-03T22:00:00+00:00,0.217740,3600
2022-10-03T23:00:00+00:00,0.195260,3600
2022-10-04T00:00:00+00:00,0.203300,3600
2022-10-04T01:00:00+00:00,0.169100,3600
2022-10-04T02:00:00+00:00,0.187690,3600
2022-10-04T03:00:00+00:00,0.196920,3600
2022-10-04T04:00:00+00:00,0.329970,3600
2022-10-04T05:00:00+00:00,0.427500,3600
2022-10-04T06:00:00+00:00,0.497390,3600
2022-10-04T07:00:00+00:00,0.254220,3600
2022-10-04T08:00:00+00:00,0.215160,3600
2022-10-04T09:00:00+00:00,0.180390,3600
2022-10-04T10:00:00+00:00,0.154320,3600
2022-10-04T11:00:00+00:00,0.149400,3600
2022-10-04T12:00:00+00:00,0.139000,3600
2022-10-04T13:00:00+00:00,0.144080,3600
2022-10-04T14:00:00+00:00,0.172600,3600
2022-10-04T15:00:00+00:00,0.216020,3600
2022-10-04T16:00:00+00:00,0.377030,3600
2022-10-04T17:00:00+00:00,0.364850,3600
2022-10-04T18:00:00+00:00,0.290720,3600
2022-10-04T19:00:00+00:00,0.202370,3600
2022-10-04T20:00:00+00:00,0.163370,3600
2022-10-04T21:00:00+00:00,0.133700,3600
2022-10-04T22:00:00+00:00,0.199990,3600
2022-10-04T23:00:00+00:00,0.149000,3600
2022-10-05T00:00:00+00:00,0.138020,3600
2022-10-05T01:00:00+00:00,0.095690,3600
2022-10-05T02:00:00+00:00,0.114640,3600
2022-10-05T03:00:00+00:00,0.088360,3600
2022-10-05T04:00:00+00:00,0.178000,3600
2022-10-05T05:00:00+00:00,0.220000,3600
2022-10-05T06:00:00+00:00,0.225000,3600
2022-10-05T07:00:00+00:00,0.208880,3600
2022-10-05T08:00:00+00:00,0.107230,3600
2022-10-05T09:00:00+00:00,0.054840,3600
2022-10-05T10:00:00+00:00,0.036230,3600
2022-10-05T11:00:00+00:00,0.001030,3600
2022-10-05T12:00:00+00:00,0.003250,3600
2022-10-05T13:00:00+00:00,0.012460,3600
2022-10-05T14:00:00+00:00,0.074900,3600
2022-10-05T15:00:00+00:00,0.194000,3600
2022-10-05T16:00:00+00:00,0.209600,3600
2022-10-05T17:00:00+00:00,0.265600,3600
2022-10-05T18:00:00+00:00,0.231000,3600
2022-10-05T19:00:00+00:00,0.231550,3600
2022-10-05T20:00:00+00:00,0.225100,3600
2022-10-05T21:00:00+00:00,0.093220,3600
2022-10-05T22:00:00+00:00,0.015090,3600
2022-10-05T23:00:00+00:00,0.000000,3600
2022-10-06T00:00:00+00:00,0.000090,3600
2022-10-06T01:00:00+00:00,0.000080,3600
2022-10-06T02:00:00+00:00,0.000000,3600
2022-10-06T03:00:00+00:00,0.057570,3600
2022-10-06T04:00:00+00:00,0.105260,3600
2022-10-06T05:00:00+00:00,0.233700,3600
2022-10-06T06:00:00+00:00,0.239900,3600
2022-10-06T07:00:00+00:00,0.199900,3600
2022-10-06T08:00:00+00:00,0.141000,3600
2022-10-06T09:00:00+00:00,0.000000,3600
2022-10-06T10:00:00+00:00,0.000000,3600
2022-10-06T11:00:00+00:00,-0.004600,3600
2022-10-06T12:00:00+00:00,-0.008830,3600
2022-10-06T13:00:00+00:00,0.027210,3600
2022-10-06T14:00:00+00:00,0.066100,3600
2022-10-06T15:00:00+00:00,0.141190,3600
2022-10-06T16:00:00+00:00,0.265500,3600
2022-10-06T17:00:00+00:00,0.294330,3600
2022-10-06T18:00:00+00:00,0.189900,3600
2022-10-06T19:00:00+00:00,0.180000,3600
2022-10-06T20:00:00+00:00,0.170000,3600
2022-10-06T21:00:00+00:00,0.164300,3600
2022-10-06T22:00:00+00:00,0.150000,3600
2022-10-06T23:00:00+00:00,0.119900,3600
2022-10-07T00:00:00+00:00,0.104000,3600
2022-10-07T01:00:00+00:00,0.146300,3600
2022-10-07T02:00:00+00:00,0.151000,3600
2022-10-07T03:00:00+00:00,0.120000,3600
2022-10-07T04:00:00+00:00,0.155100,3600
2022-10-07T05:00:00+00:00,0.229940,3600
2022-10-07T06:00:00+00:00,0.269110,3600
2022-10-07T07:00:00+00:00,0.188960,3600
2022-10-07T08:00:00+00:00,0.171400,3600
2022-10-07T09:00:00+00:00,0.101000,3600
2022-10-07T10:00:00+00:00,0.013650,3600
2022-10-07T11:00:00+00:00,0.013740,3600
2022-10-07T12:00:00+00:00,0.050000,3600
2022-10-07T13:00:00+00:00,0.087020,3600
2022-10-07T14:00:00+00:00,0.137600,3600
2022-10-07T15:00:00+00:00,0.146130,3600
2022-10-07T16:00:00+00:00,0.265200,3600
2022-10-07T17:00:00+00:00,0.296710,3600
2022-10-07T18:00:00+00:00,0.198900,3600
2022-10-07T19:00:00+00:00,0.137400,3600
2022-10-07T20:00:00+00:00,0.157470,3600
2022-10-07T21:00:00+00:00,0.129900,3600
2022-10-07T22:00:00+00:00,0.124930,3600
2022-10-07T23:00:00+00:00,0.140400,3600
2022-10-08T00:00:00+00:00,0.123400,3600
2022-10-08T01:00:00+00:00,0.127380,3600
2022-10-08T02:00:00+00:00,0.147300,3600
2022-10-08T03:00:00+00:00,0.134140,3600
2022-10-08T04:00:00+00:00,0.124710,3600
2022-10-08T05:00:00+00:00,0.160090,3600
2022-10-08T06:00:00+00:00,0.169810,3600
2022-10-08T07:00:00+00:00,0.162880,3600
2022-10-08T08:00:00+00:00,0.124430,3600
2022-10-08T09:00:00+00:00,0.045720,3600
2022-10-08T10:00:00+00:00,0.036570,3600
2022-10-08T11:00:00+00:00,0.035000,3600
2022-10-08T12:00:00+00:00,0.029940,3600
2022-10-08T13:00:00+00:00,0.054110,3600
2022-10-08T14:00:00+00:00,0.167800,3600
2022-10-08T15:00:00+00:00,0.189900,3600
2022-10-08T16:00:00+00:00,0.249930,3600
2022-10-08T17:00:00+00:00,0.320700,3600
2022-10-08T18:00:00+00:00,0.264800,3600
2022-10-08T19:00:00+00:00,0.243740,3600
2022-10-08T20:00:00+00:00,0.233810,3600
2022-10-08T21:00:00+00:00,0.220910,3600
2022-10-08T22:00:00+00:00,0.216130,3600
2022-10-08T23:00:00+00:00,0.195020,3600
2022-10-09T00:00:00+00:00,0.190100,3600
2022-10-09T01:00:00+00:00,0.162100,3600
2022-10-09T02:00:00+00:00,0.141950,3600
2022-10-09T03:00:00+00:00,0.147120,3600
2022-10-09T04:00:00+00:00,0.153000,3600
2022-10-09T05:00:00+00:00,0.195680,3600
2022-10-09T06:00:00+00:00,0.196700,3600
2022-10-09T07:00:00+00:00,0.150850,3600
2022-10-09T08:00:00+00:00,0.116000,3600
2022-10-09T09:00:00+00:00,0.088000,3600
2022-10-09T10:00:00+00:00,0.093200,3600
2022-10-09T11:00:00+00:00,0.050000,3600
2022-10-09T12:00:00+00:00,0.060960,3600
2022-10-09T13:00:00+00:00,0.079110,3600
2022-10-09T14:00:00+00:00,0.133200,3600
2022-10-09T15:00:00+00:00,0.183080,3600
2022-10-09T16:00:00+00:00,0.198840,3600
2022-10-09T17:00:00+00:00,0.269340,3600
2022-10-09T18:00:00+00:00,0.199900,3600
2022-10-09T19:00:00+00:00,0.156400,3600
2022-10-09T20:00:00+00:00,0.140000,3600
2022-10-09T21:00:00+00:00,0.126000,3600
2022-10-09T22:00:00+00:00,0.120000,3600
2022-10-09T23:00:00+00:00,0.136000,3600
2022-10-10T00:00:00+00:00,0.157750,3600
2022-10-10T01:00:00+00:00,0.086120,3600
2022-10-10T02:00:00+00:00,0.090660,3600
2022-10-10T03:00:00+00:00,0.141400,3600
2022-10-10T04:00:00+00:00,0.168660,3600
2022-10-10T05:00:00+00:00,0.227260,3600
2022-10-10T06:00:00+00:00,0.266260,3600
2022-10-10T07:00:00+00:00,0.233200,3600
2022-10-10T08:00:00+00:00,0.205560,3600
2022-10-10T09:00:00+00:00,0.158870,3600
2022-10-10T10:00:00+00:00,0.137620,3600
2022-10-10T11:00:00+00:00,0.134820,3600
2022-10-10T12:00:00+00:00,0.134070,3600
2022-10-10T13:00:00+00:00,0.149230,3600
2022-10-10T14:00:00+00:00,0.158860,3600
2022-10-10T15:00:00+00:00,0.212450,3600
2022-10-10T16:00:00+00:00,0.247810,3600
2022-10-10T17:00:00+00:00,0.258000,3600
2022-10-10T18:00:00+00:00,0.232850,3600
2022-10-10T19:00:00+00:00,0.204900,3600
2022-10-10T20:00:00+00:00,0.180000,3600
2022-10-10T21:00:00+00:00,0.159340,3600
2022-10-10T22:00:00+00:00,0.158000,3600
2022-10-10T23:00:00+00:00,0.174300,3600
2022-10-11T00:00:00+00:00,0.174300,3600
2022-10-11T01:00:00+00:00,0.171540,3600
2022-10-11T02:00:00+00:00,0.170000,3600
2022-10-11T03:00:00+00:00,0.165580,3600
2022-10-11T04:00:00+00:00,0.250960,3600
2022-10-11T05:00:00+00:00,0.299910,3600
2022-10-11T06:00:00+00:00,0.349160,3600
2022-10-11T07:00:00+00:00,0.300870,3600
2022-10-11T08:00:00+00:00,0.258720,3600
2022-10-11T09:00:00+00:00,0.229870,3600
2022-10-11T10:00:00+00:00,0.186570,3600
2022-10-11T11:00:00+00:00,0.183170,3600
2022-10-11T12:00:00+00:00,0.207250,3600
2022-10-11T13:00:00+00:00,0.207600,3600
2022-10-11T14:00:00+00:00,0.256840,3600
2022-10-11T15:00:00+00:00,0.323900,3600
2022-10-11T16:00:00+00:00,0.442720,3600
2022-10-11T17:00:00+00:00,0.484750,3600
2022-10-11T18:00:00+00:00,0.333900,3600
2022-10-11T19:00:00+00:00,0.295020,3600
2022-10-11T20:00:00+00:00,0.262030,3600
2022-10-11T21:00:00+00:00,0.258540,3600
2022-10-11T22:00:00+00:00,0.236570,3600
2022-10-11T23:00:00+00:00,0.222210,3600
2022-10-12T00:00:00+00:00,0.207560,3600
2022-10-12T01:00:00+00:00,0.198990,3600
2022-10-12T02:00:00+00:00,0.219900,3600
2022-10-12T03:00:00+00:00,0.200000,3600
2022-10-12T04:00:00+00:00,0.222400,3600
2022-10-12T05:00:00+00:00,0.339900,3600
2022-10-12T06:00:00+00:00,0.421000,3600
2022-10-12T07:00:00+00:00,0.222700,3600
2022-10-12T08:00:00+00:00,0.218900,3600
2022-10-12T09:00:00+00:00,0.168500,3600
2022-10-12T10:00:00+00:00,0.165170,3600
2022-10-12T11:00:00+00:00,0.194000,3600
2022-10-12T12:00:00+00:00,0.209130,3600
2022-10-12T13:00:00+00:00,0.224790,3600
2022-10-12T14:00:00+00:00,0.217100,3600
2022-10-12T15:00:00+00:00,0.295090,3600
2022-10-12T16:00:00+00:00,0.378400,3600
2022-10-12T17:00:00+00:00,0.479970,3600
2022-10-12T18:00:00+00:00,0.324320,3600
2022-10-12T19:00:00+00:00,0.273020,3600
2022-10-12T20:00:00+00:00,0.243040,3600
2022-10-12T21:00:00+00:00,0.228570,3600
2022-10-12T22:00:00+00:00,0.218660,3600
2022-10-12T23:00:00+00:00,0.210000,3600
2022-10-13T00:00:00+00:00,0.193800,3600
2022-10-13T01:00:00+00:00,0.182960,3600
2022-10-13T02:00:00+00:00,0.195020,3600
2022-10-13T03:00:00+00:00,0.218460,3600
2022-10-13T04:00:00+00:00,0.240000,3600
2022-10-13T05:00:00+00:00,0.209900,3600
2022-10-13T06:00:00+00:00,0.329900,3600
2022-10-13T07:00:00+00:00,0.301560,3600
2022-10-13T08:00:00+00:00,0.274900,3600
2022-10-13T09:00:00+00:00,0.277700,3600
2022-10-13T10:00:00+00:00,0.262700,3600
2022-10-13T11:00:00+00:00,0.254990,3600
2022-10-13T12:00:00+00:00,0.255000,3600
2022-10-13T13:00:00+00:00,0.263580,3600
2022-10-13T14:00:00+00:00,0.266650,3600
2022-10-13T15:00:00+00:00,0.292350,3600
2022-10-13T16:00:00+00:00,0.319640,3600
2022-10-13T17:00:00+00:00,0.343710,3600
2022-10-13T18:00:00+00:00,0.290100,3600
2022-10-13T19:00:00+00:00,0.225100,3600
2022-10-13T20:00:00+00:00,0.225100,3600
2022-10-13T21:00:00+00:00,0.201130,3600
2022-10-13T22:00:00+00:00,0.231320,3600
2022-10-13T23:00:00+00:00,0.219600,3600
2022-10-14T00:00:00+00:00,0.212120,3600
2022-10-14T01:00:00+00:00,0.211620,3600
2022-10-14T02:00:00+00:00,0.218920,3600
2022-10-14T03:00:00+00:00,0.229490,3600
2022-10-14T04:00:00+00:00,0.253800,3600
2022-10-14T05:00:00+00:00,0.350000,3600
2022-10-14T06:00:00+00:00,0.250000,3600
2022-10-14T07:00:00+00:00,0.327390,3600
2022-10-14T08:00:00+00:00,0.297260,3600
2022-10-14T09:00:00+00:00,0.252400,3600
2022-10-14T10:00:00+00:00,0.262010,3600
2022-10-14T11:00:00+00:00,0.238370,3600
2022-10-14T12:00:00+00:00,0.221420,3600
2022-10-14T13:00:00+00:00,0.242690,3600
2022-10-14T14:00:00+00:00,0.258600,3600
2022-10-14T15:00:00+00:00,0.274000,3600
2022-10-14T16:00:00+00:00,0.290000,3600
2022-10-14T17:00:00+00:00,0.299300,3600
2022-10-14T18:00:00+00:00,0.266990,3600
2022-10-14T19:00:00+00:00,0.217940,3600
2022-10-14T20:00:00+00:00,0.220030,3600
2022-10-14T21:00:00+00:00,0.193000,3600
2022-10-14T22:00:00+00:00,0.191760,3600
2022-10-14T23:00:00+00:00,0.174000,3600
2022-10-15T00:00:00+00:00,0.163800,3600
2022-10-15T01:00:00+00:00,0.144740,3600
2022-10-15T02:00:00+00:00,0.139900,3600
2022-10-15T03:00:00+00:00,0.133360,3600
2022-10-15T04:00:00+00:00,0.147490,3600
2022-10-15T05:00:00+00:00,0.159800,3600
2022-10-15T06:00:00+00:00,0.186820,3600
2022-10-15T07:00:00+00:00,0.199330,3600
2022-10-15T08:00:00+00:00,0.185090,3600
2022-10-15T09:00:00+00:00,0.160000,3600
2022-10-15T10:00:00+00:00,0.144910,3600
2022-10-15T11:00:00+00:00,0.136570,3600
2022-10-15T12:00:00+00:00,0.117800,3600
2022-10-15T13:00:00+00:00,0.120000,3600
2022-10-15T14:00:00+00:00,0.133160,3600
2022-10-15T15:00:00+00:00,0.168790,3600
2022-10-15T16:00:00+00:00,0.186490,3600
2022-10-15T17:00:00+00:00,0.190830,3600
2022-10-15T18:00:00+00:00,0.151370,3600
2022-10-15T19:00:00+00:00,0.135920,3600
2022-10-15T20:00:00+00:00,0.139030,3600
2022-10-15T21:00:00+00:00,0.129760,3600
2022-10-15T22:00:00+00:00,0.092100,3600
2022-10-15T23:00:00+00:00,0.070990,3600
2022-10-16T00:00:00+00:00,0.072040,3600
2022-10-16T01:00:00+00:00,0.068750,3600
2022-10-16T02:00:00+00:00,0.079120,3600
2022-10-16T03:00:00+00:00,0.073100,3600
2022-10-16T04:00:00+00:00,0.072170,3600
2022-10-16T05:00:00+00:00,0.075950,3600
2022-10-16T06:00:00+00:00,0.120000,3600
2022-10-16T07:00:00+00:00,0.100060,3600
2022-10-16T08:00:00+00:00,0.090270,3600
2022-10-16T09:00:00+00:00,0.085020,3600
2022-10-16T10:00:00+00:00,0.051010,3600
2022-10-16T11:00:00+00:00,0.014490,3600
2022-10-16T12:00:00+00:00,0.083900,3600
2022-10-16T13:00:00+00:00,0.114700,3600
2022-10-16T14:00:00+00:00,0.098900,3600
2022-10-16T15:00:00+00:00,0.167240,3600
2022-10-16T16:00:00+00:00,0.196130,3600
2022-10-16T17:00:00+00:00,0.223620,3600
2022-10-16T18:00:00+00:00,0.177070,3600
2022-10-16T19:00:00+00:00,0.144960,3600
2022-10-16T20:00:00+00:00,0.140040,3600
2022-10-16T21:00:00+00:00,0.134550,3600
2022-10-16T22:00:00+00:00,0.128310,3600
2022-10-16T23:00:00+00:00,0.114410,3600
2022-10-17T00:00:00+00:00,0.105650,3600
2022-10-17T01:00:00+00:00,0.089640,3600
2022-10-17T02:00:00+00:00,0.078230,3600
2022-10-17T03:00:00+00:00,0.101330,3600
2022-10-17T04:00:00+00:00,0.123010,3600
2022-10-17T05:00:00+00:00,0.154170,3600
2022-10-17T06:00:00+00:00,0.182420,3600
2022-10-17T07:00:00+00:00,0.161100,3600
2022-10-17T08:00:00+00:00,0.136800,3600
2022-10-17T09:00:00+00:00,0.137450,3600
2022-10-17T10:00:00+00:00,0.123020,3600
2022-10-17T11:00:00+00:00,0.132070,3600
2022-10-17T12:00:00+00:00,0.137270,3600
2022-10-17T13:00:00+00:00,0.140320,3600
2022-10-17T14:00:00+00:00,0.168770,3600
2022-10-17T15:00:00+00:00,0.221160,3600
2022-10-17T16:00:00+00:00,0.263250,3600
2022-10-17T17:00:00+00:00,0.268160,3600
2022-10-17T18:00:00+00:00,0.190000,3600
2022-10-17T19:00:00+00:00,0.164250,3600
2022-10-17T20:00:00+00:00,0.172910,3600
2022-10-17T21:00:00+00:00,0.145020,3600
2022-10-17T22:00:00+00:00,0.141640,3600
2022-10-17T23:00:00+00:00,0.135710,3600
2022-10-18T00:00:00+00:00,0.140350,3600
2022-10-18T01:00:00+00:00,0.139950,3600
2022-10-18T02:00:00+00:00,0.140590,3600
2022-10-18T03:00:00+00:00,0.144030,3600
2022-10-18T04:00:00+00:00,0.150100,3600
2022-10-18T05:00:00+00:00,0.180740,3600
2022-10-18T06:00:00+00:00,0.232100,3600
2022-10-18T07:00:00+00:00,0.203350,3600
2022-10-18T08:00:00+00:00,0.193510,3600
2022-10-18T09:00:00+00:00,0.179280,3600
2022-10-18T10:00:00+00:00,0.125880,3600
2022-10-18T11:00:00+00:00,0.138550,3600
2022-10-18T12:00:00+00:00,0.122010,3600
2022-10-18T13:00:00+00:00,0.139700,3600
2022-10-18T14:00:00+00:00,0.140000,3600
2022-10-18T15:00:00+00:00,0.198510,3600
2022-10-18T16:00:00+00:00,0.230100,3600
2022-10-18T17:00:00+00:00,0.247850,3600
2022-10-18T18:00:00+00:00,0.198580,3600
2022-10-18T19:00:00+00:00,0.165680,3600
2022-10-18T20:00:00+00:00,0.144990,3600
2022-10-18T21:00:00+00:00,0.153600,3600
2022-10-18T22:00:00+00:00,0.129000,3600
2022-10-18T23:00:00+00:00,0.125180,3600
2022-10-19T00:00:00+00:00,0.121420,3600
2022-10-19T01:00:00+00:00,0.121670,3600
2022-10-19T02:00:00+00:00,0.120620,3600
2022-10-19T03:00:00+00:00,0.130580,3600
2022-10-19T04:00:00+00:00,0.140710,3600
2022-10-19T05:00:00+00:00,0.180100,3600
2022-10-19T06:00:00+00:00,0.193210,3600
2022-10-19T07:00:00+00:00,0.140000,3600
2022-10-19T08:00:00+00:00,0.116600,3600
2022-10-19T09:00:00+00:00,0.116000,3600
2022-10-19T10:00:00+00:00,0.122000,3600
2022-10-19T11:00:00+00:00,0.088500,3600
2022-10-19T12:00:00+00:00,0.111800,3600
2022-10-19T13:00:00+00:00,0.080000,3600
2022-10-19T14:00:00+00:00,0.116130,3600
2022-10-19T15:00:00+00:00,0.174230,3600
2022-10-19T16:00:00+00:00,0.140100,3600
2022-10-19T17:00:00+00:00,0.138300,3600
2022-10-19T18:00:00+00:00,0.120900,3600
2022-10-19T19:00:00+00:00,0.125910,3600
2022-10-19T20:00:00+00:00,0.126010,3600
2022-10-19T21:00:00+00:00,0.127990,3600
2022-10-19T22:00:00+00:00,0.074500,3600
2022-10-19T23:00:00+00:00,0.038830,3600
2022-10-20T00:00:00+00:00,0.072240,3600
2022-10-20T01:00:00+00:00,0.049000,3600
2022-10-20T02:00:00+00:00,0.045600,3600
2022-10-20T03:00:00+00:00,0.057010,3600
2022-10-20T04:00:00+00:00,0.100000,3600
2022-10-20T05:00:00+00:00,0.152000,3600
2022-10-20T06:00:00+00:00,0.195810,3600
2022-10-20T07:00:00+00:00,0.167650,3600
2022-10-20T08:00:00+00:00,0.166930,3600
2022-10-20T09:00:00+00:00,0.149980,3600
2022-10-20T10:00:00+00:00,0.132200,3600
2022-10-20T11:00:00+00:00,0.129660,3600
2022-10-20T12:00:00+00:00,0.127980,3600
2022-10-20T13:00:00+00:00,0.128940,3600
2022-10-20T14:00:00+00:00,0.140100,3600
2022-10-20T15:00:00+00:00,0.168280,3600
2022-10-20T16:00:00+00:00,0.177320,3600
2022-10-20T17:00:00+00:00,0.183080,3600
2022-10-20T18:00:00+00:00,0.164650,3600
2022-10-20T19:00:00+00:00,0.138980,3600
2022-10-20T20:00:00+00:00,0.129420,3600
2022-10-20T21:00:00+00:00,0.124110,3600
2022-10-20T22:00:00+00:00,0.131730,3600
2022-10-20T23:00:00+00:00,0.118620,3600
2022-10-21T00:00:00+00:00,0.113360,3600
2022-10-21T01:00:00+00:00,0.111010,3600
2022-10-21T02:00:00+00:00,0.119450,3600
2022-10-21T03:00:00+00:00,0.132880,3600
2022-10-21T04:00:00+00:00,0.139900,3600
2022-10-21T05:00:00+00:00,0.174970,3600
2022-10-21T06:00:00+00:00,0.192770,3600
2022-10-21T07:00:00+00:00,0.193480,3600
2022-10-21T08:00:00+00:00,0.180100,3600
2022-10-21T09:00:00+00:00,0.177000,3600
2022-10-21T10:00:00+00:00,0.138080,3600
2022-10-21T11:00:00+00:00,0.129900,3600
2022-10-21T12:00:00+00:00,0.119440,3600
2022-10-21T13:00:00+00:00,0.125170,3600
2022-10-21T14:00:00+00:00,0.146700,3600
2022-10-21T15:00:00+00:00,0.196050,3600
2022-10-21T16:00:00+00:00,0.196960,3600
2022-10-21T17:00:00+00:00,0.157370,3600
2022-10-21T18:00:00+00:00,0.129660,3600
2022-10-21T19:00:00+00:00,0.142030,3600
2022-10-21T20:00:00+00:00,0.151600,3600
2022-10-21T21:00:00+00:00,0.142600,3600
2022-10-21T22:00:00+00:00,0.142850,3600
2022-10-21T23:00:00+00:00,0.124780,3600
2022-10-22T00:00:00+00:00,0.129030,3600
2022-10-22T01:00:00+00:00,0.116780,3600
2022-10-22T02:00:00+00:00,0.118200,3600
2022-10-22T03:00:00+00:00,0.118280,3600
2022-10-22T04:00:00+00:00,0.120100,3600
2022-10-22T05:00:00+00:00,0.132440,3600
2022-10-22T06:00:00+00:00,0.121850,3600
2022-10-22T07:00:00+00:00,0.141360,3600
2022-10-22T08:00:00+00:00,0.130740,3600
2022-10-22T09:00:00+00:00,0.122850,3600
2022-10-22T10:00:00+00:00,0.120000,3600
2022-10-22T11:00:00+00:00,0.112440,3600
2022-10-22T12:00:00+00:00,0.104280,3600
2022-10-22T13:00:00+00:00,0.114000,3600
2022-10-22T14:00:00+00:00,0.124100,3600
2022-10-22T15:00:00+00:00,0.157230,3600
2022-10-22T16:00:00+00:00,0.178870,3600
2022-10-22T17:00:00+00:00,0.183120,3600
2022-10-22T18:00:00+00:00,0.163730,3600
2022-10-22T19:00:00+00:00,0.143000,3600
2022-10-22T20:00:00+00:00,0.137010,3600
2022-10-22T21:00:00+00:00,0.132420,3600
2022-10-22T22:00:00+00:00,0.110660,3600
2022-10-22T23:00:00+00:00,0.099150,3600
2022-10-23T00:00:00+00:00,0.093540,3600
2022-10-23T01:00:00+00:00,0.090000,3600
2022-10-23T02:00:00+00:00,0.096450,3600
2022-10-23T03:00:00+00:00,0.089340,3600
2022-10-23T04:00:00+00:00,0.104800,3600
2022-10-23T05:00:00+00:00,0.110000,3600
2022-10-23T06:00:00+00:00,0.118660,3600
2022-10-23T07:00:00+00:00,0.114210,3600
2022-10-23T08:00:00+00:00,0.096000,3600
2022-10-23T09:00:00+00:00,0.093190,3600
2022-10-23T10:00:00+00:00,0.083390,3600
2022-10-23T11:00:00+00:00,0.076170,3600
2022-10-23T12:00:00+00:00,0.078310,3600
2022-10-23T13:00:00+00:00,0.078420,3600
2022-10-23T14:00:00+00:00,0.088370,3600
2022-10-23T15:00:00+00:00,0.100310,3600
2022-10-23T16:00:00+00:00,0.109020,3600
2022-10-23T17:00:00+00:00,0.115490,3600
2022-10-23T18:00:00+00:00,0.101300,3600
2022-10-23T19:00:00+00:00,0.084490,3600
2022-10-23T20:00:00+00:00,0.078430,3600
2022-10-23T21:00:00+00:00,0.071810,3600
2022-10-23T22:00:00+00:00,0.052350,3600
2022-10-23T23:00:00+00:00,0.049820,3600
2022-10-24T00:00:00+00:00,0.038080,3600
2022-10-24T01:00:00+00:00,0.024880,3600
2022-10-24T02:00:00+00:00,0.036020,3600
2022-10-24T03:00:00+00:00,0.048200,3600
2022-10-24T04:00:00+00:00,0.058570,3600
2022-10-24T05:00:00+00:00,0.096380,3600
2022-10-24T06:00:00+00:00,0.122100,3600
2022-10-24T07:00:00+00:00,0.108910,3600
2022-10-24T08:00:00+00:00,0.099920,3600
2022-10-24T09:00:00+00:00,0.075000,3600
2022-10-24T10:00:00+00:00,0.060000,3600
2022-10-24T11:00:00+00:00,0.066000,3600
2022-10-24T12:00:00+00:00,0.068120,3600
2022-10-24T13:00:00+00:00,0.076080,3600
2022-10-24T14:00:00+00:00,0.082500,3600
2022-10-24T15:00:00+00:00,0.107700,3600
2022-10-24T16:00:00+00:00,0.116220,3600
2022-10-24T17:00:00+00:00,0.125990,3600
2022-10-24T18:00:00+00:00,0.106890,3600
2022-10-24T19:00:00+00:00,0.086460,3600
2022-10-24T20:00:00+00:00,0.085670,3600
2022-10-24T21:00:00+00:00,0.077900,3600
2022-10-24T22:00:00+00:00,0.056870,3600
2022-10-24T23:00:00+00:00,0.050540,3600
2022-10-25T00:00:00+00:00,0.056490,3600
2022-10-25T01:00:00+00:00,0.056190,3600
2022-10-25T02:00:00+00:00,0.067400,3600
2022-10-25T03:00:00+00:00,0.070670,3600
2022-10-25T04:00:00+00:00,0.081000,3600
2022-10-25T05:00:00+00:00,0.086840,3600
2022-10-25T06:00:00+00:00,0.108000,3600
2022-10-25T07:00:00+00:00,0.123440,3600
2022-10-25T08:00:00+00:00,0.097610,3600
2022-10-25T09:00:00+00:00,0.095000,3600
2022-10-25T10:00:00+00:00,0.091370,3600
2022-10-25T11:00:00+00:00,0.074170,3600
2022-10-25T12:00:00+00:00,0.073270,3600
2022-10-25T13:00:00+00:00,0.080000,3600
2022-10-25T14:00:00+00:00,0.101690,3600
2022-10-25T15:00:00+00:00,0.152630,3600
2022-10-25T16:00:00+00:00,0.178550,3600
2022-10-25T17:00:00+00:00,0.184770,3600
2022-10-25T18:00:00+00:00,0.149900,3600
2022-10-25T19:00:00+00:00,0.116860,3600
2022-10-25T20:00:00+00:00,0.105300,3600
2022-10-25T21:00:00+00:00,0.112330,3600
2022-10-25T22:00:00+00:00,0.086780,3600
2022-10-25T23:00:00+00:00,0.087650,3600
2022-10-26T00:00:00+00:00,0.084900,3600
2022-10-26T01:00:00+00:00,0.077000,3600
2022-10-26T02:00:00+00:00,0.075600,3600
2022-10-26T03:00:00+00:00,0.074020,3600
2022-10-26T04:00:00+00:00,0.080050,3600
2022-10-26T05:00:00+00:00,0.090000,3600
2022-10-26T06:00:00+00:00,0.152050,3600
2022-10-26T07:00:00+00:00,0.136040,3600
2022-10-26T08:00:00+00:00,0.123550,3600
2022-10-26T09:00:00+00:00,0.080190,3600
2022-10-26T10:00:00+00:00,0.080000,3600
2022-10-26T11:00:00+00:00,0.087200,3600
2022-10-26T12:00:00+00:00,0.078920,3600
2022-10-26T13:00:00+00:00,0.086760,3600
2022-10-26T14:00:00+00:00,0.045000,3600
2022-10-26T15:00:00+00:00,0.134240,3600
2022-10-26T16:00:00+00:00,0.120000,3600
2022-10-26T17:00:00+00:00,0.109900,3600
2022-10-26T18:00:00+00:00,0.101000,3600
2022-10-26T19:00:00+00:00,0.088000,3600
2022-10-26T20:00:00+00:00,0.090000,3600
2022-10-26T21:00:00+00:00,0.085300,3600
2022-10-26T22:00:00+00:00,0.090480,3600
2022-10-26T23:00:00+00:00,0.095470,3600
2022-10-27T00:00:00+00:00,0.097330,3600
2022-10-27T01:00:00+00:00,0.094400,3600
2022-10-27T02:00:00+00:00,0.096690,3600
2022-10-27T03:00:00+00:00,0.110610,3600
2022-10-27T04:00:00+00:00,0.124990,3600
2022-10-27T05:00:00+00:00,0.161130,3600
2022-10-27T06:00:00+00:00,0.177250,3600
2022-10-27T07:00:00+00:00,0.142700,3600
2022-10-27T08:00:00+00:00,0.125540,3600
2022-10-27T09:00:00+00:00,0.118320,3600
2022-10-27T10:00:00+00:00,0.102060,3600
2022-10-27T11:00:00+00:00,0.097700,3600
2022-10-27T12:00:00+00:00,0.103230,3600
2022-10-27T13:00:00+00:00,0.119290,3600
2022-10-27T14:00:00+00:00,0.140560,3600
2022-10-27T15:00:00+00:00,0.159560,3600
2022-10-27T16:00:00+00:00,0.157910,3600
2022-10-27T17:00:00+00:00,0.144940,3600
2022-10-27T18:00:00+00:00,0.131820,3600
2022-10-27T19:00:00+00:00,0.128000,3600
2022-10-27T20:00:00+00:00,0.120480,3600
2022-10-27T21:00:00+00:00,0.098290,3600
2022-10-27T22:00:00+00:00,0.086910,3600
2022-10-27T23:00:00+00:00,0.086100,3600
2022-10-28T00:00:00+00:00,0.086430,3600
2022-10-28T01:00:00+00:00,0.087940,3600
2022-10-28T02:00:00+00:00,0.087320,3600
2022-10-28T03:00:00+00:00,0.092270,3600
2022-10-28T04:00:00+00:00,0.114480,3600
2022-10-28T05:00:00+00:00,0.127430,3600
2022-10-28T06:00:00+00:00,0.132970,3600
2022-10-28T07:00:00+00:00,0.119840,3600
2022-10-28T08:00:00+00:00,0.109210,3600
2022-10-28T09:00:00+00:00,0.098680,3600
2022-10-28T10:00:00+00:00,0.094300,3600
2022-10-28T11:00:00+00:00,0.083200,3600
2022-10-28T12:00:00+00:00,0.084150,3600
2022-10-28T13:00:00+00:00,0.076500,3600
2022-10-28T14:00:00+00:00,0.091270,3600
2022-10-28T15:00:00+00:00,0.119900,3600
2022-10-28T16:00:00+00:00,0.129080,3600
2022-10-28T17:00:00+00:00,0.126980,3600
2022-10-28T18:00:00+00:00,0.111710,3600
2022-10-28T19:00:00+00:00,0.100820,3600
2022-10-28T20:00:00+00:00,0.100800,3600
2022-10-28T21:00:00+00:00,0.092030,3600
2022-10-28T22:00:00+00:00,0.093380,3600
2022-10-28T23:00:00+00:00,0.092770,3600
2022-10-29T00:00:00+00:00,0.090410,3600
2022-10-29T01:00:00+00:00,0.087980,3600
2022-10-29T02:00:00+00:00,0.087000,3600
2022-10-29T03:00:00+00:00,0.086610,3600
2022-10-29T04:00:00+00:00,0.088440,3600
2022-10-29T05:00:00+00:00,0.100740,3600
2022-10-29T06:00:00+00:00,0.115040,3600
2022-10-29T07:00:00+00:00,0.109000,3600
2022-10-29T08:00:00+00:00,0.095480,3600
2022-10-29T09:00:00+00:00,0.087000,3600
2022-10-29T10:00:00+00:00,0.082140,3600
2022-10-29T11:00:00+00:00,0.080420,3600
2022-10-29T12:00:00+00:00,0.082730,3600
2022-10-29T13:00:00+00:00,0.086160,3600
2022-10-29T14:00:00+00:00,0.086000,3600
2022-10-29T15:00:00+00:00,0.113820,3600
2022-10-29T16:00:00+00:00,0.130990,3600
2022-10-29T17:00:00+00:00,0.129910,3600
2022-10-29T18:00:00+00:00,0.113770,3600
2022-10-29T19:00:00+00:00,0.109900,3600
2022-10-29T20:00:00+00:00,0.103260,3600
2022-10-29T21:00:00+00:00,0.097490,3600
2022-10-29T22:00:00+00:00,0.103010,3600
2022-10-29T23:00:00+00:00,0.100490,3600
2022-10-30T00:00:00+00:00,0.100210,3600
2022-10-30T01:00:00+00:00,0.099920,3600
2022-10-30T02:00:00+00:00,0.098330,3600
2022-10-30T03:00:00+00:00,0.098470,3600
2022-10-30T04:00:00+00:00,0.098980,3600
2022-10-30T05:00:00+00:00,0.100550,3600
2022-10-30T06:00:00+00:00,0.110040,3600
2022-10-30T07:00:00+00:00,0.113320,3600
2022-10-30T08:00:00+00:00,0.104180,3600
2022-10-30T09:00:00+00:00,0.097810,3600
2022-10-30T10:00:00+00:00,0.100030,3600
2022-10-30T11:00:00+00:00,0.100000,3600
2022-10-30T12:00:00+00:00,0.100000,3600
2022-10-30T13:00:00+00:00,0.109430,3600
2022-10-30T14:00:00+00:00,0.124610,3600
2022-10-30T15:00:00+00:00,0.140030,3600
2022-10-30T16:00:00+00:00,0.156000,3600
2022-10-30T17:00:00+00:00,0.170380,3600
2022-10-30T18:00:00+00:00,0.165000,3600
2022-10-30T19:00:00+00:00,0.147520,3600
2022-10-30T20:00:00+00:00,0.138860,3600
2022-10-30T21:00:00+00:00,0.127000,3600
2022-10-30T22:00:00+00:00,0.109260,3600
2022-10-30T23:00:00+00:00,0.124470,3600
2022-10-31T00:00:00+00:00,0.119090,3600
2022-10-31T01:00:00+00:00,0.116320,3600
2022-10-31T02:00:00+00:00,0.114600,3600
2022-10-31T03:00:00+00:00,0.115070,3600
2022-10-31T04:00:00+00:00,0.123540,3600
2022-10-31T05:00:00+00:00,0.145420,3600
2022-10-31T06:00:00+00:00,0.166400,3600
2022-10-31T07:00:00+00:00,0.168000,3600
2022-10-31T08:00:00+00:00,0.153300,3600
2022-10-31T09:00:00+00:00,0.143350,3600
2022-10-31T10:00:00+00:00,0.141950,3600
2022-10-31T11:00:00+00:00,0.141960,3600
2022-10-31T12:00:00+00:00,0.145960,3600
2022-10-31T13:00:00+00:00,0.155000,3600
2022-10-31T14:00:00+00:00,0.169150,3600
2022-10-31T15:00:00+00:00,0.173360,3600
2022-10-31T16:00:00+00:00,0.192000,3600
2022-10-31T17:00:00+00:00,0.182860,3600
2022-10-31T18:00:00+00:00,0.167960,3600
2022-10-31T19:00:00+00:00,0.147170,3600
2022-10-31T20:00:00+00:00,0.136780,3600
2022-10-31T21:00:00+00:00,0.119900,3600
2022-10-31T22:00:00+00:00,0.100000,3600
2022-10-31T23:00:00+00:00,0.085000,3600
2022-11-01T00:00:00+00:00,0.075920,3600
2022-11-01T01:00:00+00:00,0.055260,3600
2022-11-01T02:00:00+00:00,0.037890,3600
2022-11-01T03:00:00+00:00,0.040960,3600
2022-11-01T04:00:00+00:00,0.055400,3600
2022-11-01T05:00:00+00:00,0.063300,3600
2022-11-01T06:00:00+00:00,0.079790,3600
2022-11-01T07:00:00+00:00,0.088060,3600
2022-11-01T08:00:00+00:00,0.067650,3600
2022-11-01T09:00:00+00:00,0.057510,3600
2022-11-01T10:00:00+00:00,0.048910,3600
2022-11-01T11:00:00+00:00,0.035170,3600
2022-11-01T12:00:00+00:00,0.041240,3600
2022-11-01T13:00:00+00:00,0.068890,3600
2022-11-01T14:00:00+00:00,0.080000,3600
2022-11-01T15:00:00+00:00,0.086840,3600
2022-11-01T16:00:00+00:00,0.111700,3600
2022-11-01T17:00:00+00:00,0.123790,3600
2022-11-01T18:00:00+00:00,0.106360,3600
2022-11-01T19:00:00+00:00,0.090100,3600
2022-11-01T20:00:00+00:00,0.078600,3600
2022-11-01T21:00:00+00:00,0.075100,3600
2022-11-01T22:00:00+00:00,0.036660,3600
2022-11-01T23:00:00+00:00,0.039490,3600
2022-11-02T00:00:00+00:00,0.024340,3600
2022-11-02T01:00:00+00:00,0.009600,3600
2022-11-02T02:00:00+00:00,0.007000,3600
2022-11-02T03:00:00+00:00,0.017850,3600
2022-11-02T04:00:00+00:00,0.036390,3600
2022-11-02T05:00:00+00:00,0.078660,3600
2022-11-02T06:00:00+00:00,0.104570,3600
2022-11-02T07:00:00+00:00,0.123440,3600
2022-11-02T08:00:00+00:00,0.095510,3600
2022-11-02T09:00:00+00:00,0.066420,3600
2022-11-02T10:00:00+00:00,0.050000,3600
2022-11-02T11:00:00+00:00,0.046730,3600
2022-11-02T12:00:00+00:00,0.057160,3600
2022-11-02T13:00:00+00:00,0.075920,3600
2022-11-02T14:00:00+00:00,0.093790,3600
2022-11-02T15:00:00+00:00,0.099900,3600
2022-11-02T16:00:00+00:00,0.145530,3600
2022-11-02T17:00:00+00:00,0.138200,3600
2022-11-02T18:00:00+00:00,0.104750,3600
2022-11-02T19:00:00+00:00,0.092650,3600
2022-11-02T20:00:00+00:00,0.086460,3600
2022-11-02T21:00:00+00:00,0.088500,3600
2022-11-02T22:00:00+00:00,0.079000,3600
2022-11-02T23:00:00+00:00,0.066880,3600
2022-11-03T00:00:00+00:00,0.052300,3600
2022-11-03T01:00:00+00:00,0.030260,3600
2022-11-03T02:00:00+00:00,0.038920,3600
2022-11-03T03:00:00+00:00,0.033490,3600
2022-11-03T04:00:00+00:00,0.063580,3600
2022-11-03T05:00:00+00:00,0.084380,3600
2022-11-03T06:00:00+00:00,0.099700,3600
2022-11-03T07:00:00+00:00,0.107900,3600
2022-11-03T08:00:00+00:00,0.105510,3600
2022-11-03T09:00:00+00:00,0.094150,3600
2022-11-03T10:00:00+00:00,0.105950,3600
2022-11-03T11:00:00+00:00,0.103960,3600
2022-11-03T12:00:00+00:00,0.128870,3600
2022-11-03T13:00:00+00:00,0.110500,3600
2022-11-03T14:00:00+00:00,0.135400,3600
2022-11-03T15:00:00+00:00,0.131010,3600
2022-11-03T16:00:00+00:00,0.134320,3600
2022-11-03T17:00:00+00:00,0.144420,3600
2022-11-03T18:00:00+00:00,0.128440,3600
2022-11-03T19:00:00+00:00,0.126100,3600
2022-11-03T20:00:00+00:00,0.115660,3600
2022-11-03T21:00:00+00:00,0.125320,3600
2022-11-03T22:00:00+00:00,0.113540,3600
2022-11-03T23:00:00+00:00,0.155000,3600
2022-11-04T00:00:00+00:00,0.114870,3600
2022-11-04T01:00:00+00:00,0.141900,3600
2022-11-04T02:00:00+00:00,0.135940,3600
2022-11-04T03:00:00+00:00,0.116100,3600
2022-11-04T04:00:00+00:00,0.130740,3600
2022-11-04T05:00:00+00:00,0.174790,3600
2022-11-04T06:00:00+00:00,0.206050,3600
2022-11-04T07:00:00+00:00,0.215150,3600
2022-11-04T08:00:00+00:00,0.209900,3600
2022-11-04T09:00:00+00:00,0.204960,3600
2022-11-04T10:00:00+00:00,0.180000,3600
2022-11-04T11:00:00+00:00,0.171600,3600
2022-11-04T12:00:00+00:00,0.189010,3600
2022-11-04T13:00:00+00:00,0.153300,3600
2022-11-04T14:00:00+00:00,0.183000,3600
2022-11-04T15:00:00+00:00,0.175500,3600
2022-11-04T16:00:00+00:00,0.239990,3600
2022-11-04T17:00:00+00:00,0.240550,3600
2022-11-04T18:00:00+00:00,0.217740,3600
2022-11-04T19:00:00+00:00,0.195580,3600
2022-11-04T20:00:00+00:00,0.187000,3600
2022-11-04T21:00:00+00:00,0.179800,3600
2022-11-04T22:00:00+00:00,0.172440,3600
2022-11-04T23:00:00+00:00,0.150590,3600
2022-11-05T00:00:00+00:00,0.147180,3600
2022-11-05T01:00:00+00:00,0.136360,3600
2022-11-05T02:00:00+00:00,0.130650,3600
2022-11-05T03:00:00+00:00,0.130650,3600
2022-11-05T04:00:00+00:00,0.135000,3600
2022-11-05T05:00:00+00:00,0.141400,3600
2022-11-05T06:00:00+00:00,0.142200,3600
2022-11-05T07:00:00+00:00,0.142820,3600
2022-11-05T08:00:00+00:00,0.144350,3600
2022-11-05T09:00:00+00:00,0.137120,3600
2022-11-05T10:00:00+00:00,0.128400,3600
2022-11-05T11:00:00+00:00,0.125560,3600
2022-11-05T12:00:00+00:00,0.115000,3600
2022-11-05T13:00:00+00:00,0.126560,3600
2022-11-05T14:00:00+00:00,0.138030,3600
2022-11-05T15:00:00+00:00,0.151000,3600
2022-11-05T16:00:00+00:00,0.166950,3600
2022-11-05T17:00:00+00:00,0.170000,3600
2022-11-05T18:00:00+00:00,0.163290,3600
2022-11-05T19:00:00+00:00,0.126620,3600
2022-11-05T20:00:00+00:00,0.115110,3600
2022-11-05T21:00:00+00:00,0.105560,3600
2022-11-05T22:00:00+00:00,0.088960,3600
2022-11-05T23:00:00+00:00,0.061000,3600
2022-11-06T00:00:00+00:00,0.039630,3600
2022-11-06T01:00:00+00:00,0.049070,3600
2022-11-06T02:00:00+00:00,0.037280,3600
2022-11-06T03:00:00+00:00,0.068760,3600
2022-11-06T04:00:00+00:00,0.040760,3600
2022-11-06T05:00:00+00:00,0.063600,3600
2022-11-06T06:00:00+00:00,0.045000,3600
2022-11-06T07:00:00+00:00,0.049380,3600
2022-11-06T08:00:00+00:00,0.064900,3600
2022-11-06T09:00:00+00:00,0.071700,3600
2022-11-06T10:00:00+00:00,0.077780,3600
2022-11-06T11:00:00+00:00,0.122700,3600
2022-11-06T12:00:00+00:00,0.074840,3600
2022-11-06T13:00:00+00:00,0.090460,3600
2022-11-06T14:00:00+00:00,0.090590,3600
2022-11-06T15:00:00+00:00,0.096330,3600
2022-11-06T16:00:00+00:00,0.160000,3600
2022-11-06T17:00:00+00:00,0.149900,3600
2022-11-06T18:00:00+00:00,0.150000,3600
2022-11-06T19:00:00+00:00,0.122700,3600
2022-11-06T20:00:00+00:00,0.113520,3600
2022-11-06T21:00:00+00:00,0.097730,3600
2022-11-06T22:00:00+00:00,0.068930,3600
2022-11-06T23:00:00+00:00,0.000090,3600
2022-11-07T00:00:00+00:00,0.000090,3600
2022-11-07T01:00:00+00:00,0.000090,3600
2022-11-07T02:00:00+00:00,0.000300,3600
2022-11-07T03:00:00+00:00,0.005000,3600
2022-11-07T04:00:00+00:00,0.009070,3600
2022-11-07T05:00:00+00:00,0.054320,3600
2022-11-07T06:00:00+00:00,0.099520,3600
2022-11-07T07:00:00+00:00,0.132700,3600
2022-11-07T08:00:00+00:00,0.149900,3600
2022-11-07T09:00:00+00:00,0.145500,3600
2022-11-07T10:00:00+00:00,0.139900,3600
2022-11-07T11:00:00+00:00,0.131700,3600
2022-11-07T12:00:00+00:00,0.145500,3600
2022-11-07T13:00:00+00:00,0.142000,3600
2022-11-07T14:00:00+00:00,0.151610,3600
2022-11-07T15:00:00+00:00,0.150000,3600
2022-11-07T16:00:00+00:00,0.160560,3600
2022-11-07T17:00:00+00:00,0.157390,3600
2022-11-07T18:00:00+00:00,0.135690,3600
2022-11-07T19:00:00+00:00,0.125300,3600
2022-11-07T20:00:00+00:00,0.084330,3600
2022-11-07T21:00:00+00:00,0.077060,3600
2022-11-07T22:00:00+00:00,0.054360,3600
2022-11-07T23:00:00+00:00,0.042640,3600
2022-11-08T00:00:00+00:00,0.029960,3600
2022-11-08T01:00:00+00:00,0.027700,3600
2022-11-08T02:00:00+00:00,0.026210,3600
2022-11-08T03:00:00+00:00,0.030960,3600
2022-11-08T04:00:00+00:00,0.034250,3600
2022-11-08T05:00:00+00:00,0.068000,3600
2022-11-08T06:00:00+00:00,0.128270,3600
2022-11-08T07:00:00+00:00,0.135520,3600
2022-11-08T08:00:00+00:00,0.100100,3600
2022-11-08T09:00:00+00:00,0.081400,3600
2022-11-08T10:00:00+00:00,0.079270,3600
2022-11-08T11:00:00+00:00,0.075350,3600
2022-11-08T12:00:00+00:00,0.091230,3600
2022-11-08T13:00:00+00:00,0.093460,3600
2022-11-08T14:00:00+00:00,0.121030,3600
2022-11-08T15:00:00+00:00,0.120670,3600
2022-11-08T16:00:00+00:00,0.139510,3600
2022-11-08T17:00:00+00:00,0.157730,3600
2022-11-08T18:00:00+00:00,0.126000,3600
2022-11-08T19:00:00+00:00,0.118000,3600
2022-11-08T20:00:00+00:00,0.121700,3600
2022-11-08T21:00:00+00:00,0.112000,3600
2022-11-08T22:00:00+00:00,0.098000,3600
2022-11-08T23:00:00+00:00,0.078890,3600
2022-11-09T00:00:00+00:00,0.035000,3600
2022-11-09T01:00:00+00:00,0.018820,3600
2022-11-09T02:00:00+00:00,0.018050,3600
2022-11-09T03:00:00+00:00,0.028000,3600
2022-11-09T04:00:00+00:00,0.072160,3600
2022-11-09T05:00:00+00:00,0.115550,3600
2022-11-09T06:00:00+00:00,0.147200,3600
2022-11-09T07:00:00+00:00,0.159900,3600
2022-11-09T08:00:00+00:00,0.147200,3600
2022-11-09T09:00:00+00:00,0.129130,3600
2022-11-09T10:00:00+00:00,0.112800,3600
2022-11-09T11:00:00+00:00,0.107200,3600
2022-11-09T12:00:00+00:00,0.118190,3600
2022-11-09T13:00:00+00:00,0.143400,3600
2022-11-09T14:00:00+00:00,0.149070,3600
2022-11-09T15:00:00+00:00,0.159060,3600
2022-11-09T16:00:00+00:00,0.192940,3600
2022-11-09T17:00:00+00:00,0.200400,3600
2022-11-09T18:00:00+00:00,0.170960,3600
2022-11-09T19:00:00+00:00,0.149100,3600
2022-11-09T20:00:00+00:00,0.140690,3600
2022-11-09T21:00:00+00:00,0.128510,3600
2022-11-09T22:00:00+00:00,0.127200,3600
2022-11-09T23:00:00+00:00,0.112500,3600
2022-11-10T00:00:00+00:00,0.108390,3600
2022-11-10T01:00:00+00:00,0.094000,3600
2022-11-10T02:00:00+00:00,0.093600,3600
2022-11-10T03:00:00+00:00,0.098450,3600
2022-11-10T04:00:00+00:00,0.105000,3600
2022-11-10T05:00:00+00:00,0.151270,3600
2022-11-10T06:00:00+00:00,0.181850,3600
2022-11-10T07:00:00+00:00,0.199120,3600
2022-11-10T08:00:00+00:00,0.155160,3600
2022-11-10T09:00:00+00:00,0.105770,3600
2022-11-10T10:00:00+00:00,0.087490,3600
2022-11-10T11:00:00+00:00,0.080720,3600
2022-11-10T12:00:00+00:00,0.088310,3600
2022-11-10T13:00:00+00:00,0.112920,3600
2022-11-10T14:00:00+00:00,0.152920,3600
2022-11-10T15:00:00+00:00,0.183300,3600
2022-11-10T16:00:00+00:00,0.195640,3600
2022-11-10T17:00:00+00:00,0.197550,3600
2022-11-10T18:00:00+00:00,0.175160,3600
2022-11-10T19:00:00+00:00,0.135230,3600
2022-11-10T20:00:00+00:00,0.104010,3600
2022-11-10T21:00:00+00:00,0.124630,3600
2022-11-10T22:00:00+00:00,0.080120,3600
2022-11-10T23:00:00+00:00,0.027610,3600
2022-11-11T00:00:00+00:00,0.027910,3600
2022-11-11T01:00:00+00:00,0.022090,3600
2022-11-11T02:00:00+00:00,0.043200,3600
2022-11-11T03:00:00+00:00,0.000040,3600
2022-11-11T04:00:00+00:00,0.011140,3600
2022-11-11T05:00:00+00:00,0.105040,3600
2022-11-11T06:00:00+00:00,0.134810,3600
2022-11-11T07:00:00+00:00,0.150230,3600
2022-11-11T08:00:00+00:00,0.125520,3600
2022-11-11T09:00:00+00:00,0.111320,3600
2022-11-11T10:00:00+00:00,0.103460,3600
2022-11-11T11:00:00+00:00,0.094900,3600
2022-11-11T12:00:00+00:00,0.105600,3600
2022-11-11T13:00:00+00:00,0.132970,3600
2022-11-11T14:00:00+00:00,0.177800,3600
2022-11-11T15:00:00+00:00,0.187880,3600
2022-11-11T16:00:00+00:00,0.211880,3600
2022-11-11T17:00:00+00:00,0.207370,3600
2022-11-11T18:00:00+00:00,0.178120,3600
2022-11-11T19:00:00+00:00,0.157280,3600
2022-11-11T20:00:00+00:00,0.134340,3600
2022-11-11T21:00:00+00:00,0.127450,3600
2022-11-11T22:00:00+00:00,0.121410,3600
2022-11-11T23:00:00+00:00,0.137800,3600
2022-11-12T00:00:00+00:00,0.134210,3600
2022-11-12T01:00:00+00:00,0.130010,3600
2022-11-12T02:00:00+00:00,0.126800,3600
2022-11-12T03:00:00+00:00,0.129440,3600
2022-11-12T04:00:00+00:00,0.129680,3600
2022-11-12T05:00:00+00:00,0.158000,3600
2022-11-12T06:00:00+00:00,0.172500,3600
2022-11-12T07:00:00+00:00,0.174100,3600
2022-11-12T08:00:00+00:00,0.166930,3600
2022-11-12T09:00:00+00:00,0.141850,3600
2022-11-12T10:00:00+00:00,0.130300,3600
2022-11-12T11:00:00+00:00,0.133780,3600
2022-11-12T12:00:00+00:00,0.137820,3600
2022-11-12T13:00:00+00:00,0.149880,3600
2022-11-12T14:00:00+00:00,0.200010,3600
2022-11-12T15:00:00+00:00,0.189900,3600
2022-11-12T16:00:00+00:00,0.240700,3600
2022-11-12T17:00:00+00:00,0.238000,3600
2022-11-12T18:00:00+00:00,0.199710,3600
2022-11-12T19:00:00+00:00,0.178070,3600
2022-11-12T20:00:00+00:00,0.167600,3600
2022-11-12T21:00:00+00:00,0.161270,3600
2022-11-12T22:00:00+00:00,0.158700,3600
2022-11-12T23:00:00+00:00,0.168800,3600
2022-11-13T00:00:00+00:00,0.152210,3600
2022-11-13T01:00:00+00:00,0.143000,3600
2022-11-13T02:00:00+00:00,0.127000,3600
2022-11-13T03:00:00+00:00,0.134070,3600
2022-11-13T04:00:00+00:00,0.135290,3600
2022-11-13T05:00:00+00:00,0.135290,3600
2022-11-13T06:00:00+00:00,0.150750,3600
2022-11-13T07:00:00+00:00,0.155960,3600
2022-11-13T08:00:00+00:00,0.131570,3600
2022-11-13T09:00:00+00:00,0.120310,3600
2022-11-13T10:00:00+00:00,0.133000,3600
2022-11-13T11:00:00+00:00,0.130130,3600
2022-11-13T12:00:00+00:00,0.125000,3600
2022-11-13T13:00:00+00:00,0.137460,3600
2022-11-13T14:00:00+00:00,0.141450,3600
2022-11-13T15:00:00+00:00,0.149130,3600
2022-11-13T16:00:00+00:00,0.198900,3600
2022-11-13T17:00:00+00:00,0.197970,3600
2022-11-13T18:00:00+00:00,0.173100,3600
2022-11-13T19:00:00+00:00,0.158720,3600
2022-11-13T20:00:00+00:00,0.150000,3600
2022-11-13T21:00:00+00:00,0.142000,3600
2022-11-13T22:00:00+00:00,0.133000,3600
2022-11-13T23:00:00+00:00,0.104540,3600
2022-11-14T00:00:00+00:00,0.104110,3600
2022-11-14T01:00:00+00:00,0.119100,3600
2022-11-14T02:00:00+00:00,0.108000,3600
2022-11-14T03:00:00+00:00,0.119550,3600
2022-11-14T04:00:00+00:00,0.119990,3600
2022-11-14T05:00:00+00:00,0.167200,3600
2022-11-14T06:00:00+00:00,0.216610,3600
2022-11-14T07:00:00+00:00,0.224700,3600
2022-11-14T08:00:00+00:00,0.192570,3600
2022-11-14T09:00:00+00:00,0.174700,3600
2022-11-14T10:00:00+00:00,0.168120,3600
2022-11-14T11:00:00+00:00,0.158660,3600
2022-11-14T12:00:00+00:00,0.175100,3600
2022-11-14T13:00:00+00:00,0.207320,3600
2022-11-14T14:00:00+00:00,0.212850,3600
2022-11-14T15:00:00+00:00,0.213150,3600
2022-11-14T16:00:00+00:00,0.254180,3600
2022-11-14T17:00:00+00:00,0.270390,3600
2022-11-14T18:00:00+00:00,0.197940,3600
2022-11-14T19:00:00+00:00,0.175300,3600
2022-11-14T20:00:00+00:00,0.168000,3600
2022-11-14T21:00:00+00:00,0.157910,3600
2022-11-14T22:00:00+00:00,0.150000,3600
2022-11-14T23:00:00+00:00,0.135650,3600
2022-11-15T00:00:00+00:00,0.128180,3600
2022-11-15T01:00:00+00:00,0.128990,3600
2022-11-15T02:00:00+00:00,0.108280,3600
2022-11-15T03:00:00+00:00,0.108630,3600
2022-11-15T04:00:00+00:00,0.125940,3600
2022-11-15T05:00:00+00:00,0.164050,3600
2022-11-15T06:00:00+00:00,0.211930,3600
2022-11-15T07:00:00+00:00,0.221400,3600
2022-11-15T08:00:00+00:00,0.210000,3600
2022-11-15T09:00:00+00:00,0.200100,3600
2022-11-15T10:00:00+00:00,0.198680,3600
2022-11-15T11:00:00+00:00,0.189830,3600
2022-11-15T12:00:00+00:00,0.205650,3600
2022-11-15T13:00:00+00:00,0.222160,3600
2022-11-15T14:00:00+00:00,0.222990,3600
2022-11-15T15:00:00+00:00,0.217350,3600
2022-11-15T16:00:00+00:00,0.221670,3600
2022-11-15T17:00:00+00:00,0.215010,3600
2022-11-15T18:00:00+00:00,0.214930,3600
2022-11-15T19:00:00+00:00,0.174980,3600
2022-11-15T20:00:00+00:00,0.150000,3600
2022-11-15T21:00:00+00:00,0.138760,3600
2022-11-15T22:00:00+00:00,0.136000,3600
2022-11-15T23:00:00+00:00,0.101800,3600
2022-11-16T00:00:00+00:00,0.100400,3600
2022-11-16T01:00:00+00:00,0.142550,3600
2022-11-16T02:00:00+00:00,0.096860,3600
2022-11-16T03:00:00+00:00,0.079590,3600
2022-11-16T04:00:00+00:00,0.091100,3600
2022-11-16T05:00:00+00:00,0.120740,3600
2022-11-16T06:00:00+00:00,0.229900,3600
2022-11-16T07:00:00+00:00,0.287940,3600
2022-11-16T08:00:00+00:00,0.215400,3600
2022-11-16T09:00:00+00:00,0.174420,3600
2022-11-16T10:00:00+00:00,0.163780,3600
2022-11-16T11:00:00+00:00,0.166820,3600
2022-11-16T12:00:00+00:00,0.174000,3600
2022-11-16T13:00:00+00:00,0.201070,3600
2022-11-16T14:00:00+00:00,0.220580,3600
2022-11-16T15:00:00+00:00,0.236100,3600
2022-11-16T16:00:00+00:00,0.277460,3600
2022-11-16T17:00:00+00:00,0.264860,3600
2022-11-16T18:00:00+00:00,0.202070,3600
2022-11-16T19:00:00+00:00,0.154200,3600
2022-11-16T20:00:00+00:00,0.114100,3600
2022-11-16T21:00:00+00:00,0.099480,3600
2022-11-16T22:00:00+00:00,0.064910,3600
2022-11-16T23:00:00+00:00,0.051160,3600
2022-11-17T00:00:00+00:00,0.027770,3600
2022-11-17T01:00:00+00:00,0.016330,3600
2022-11-17T02:00:00+00:00,0.005100,3600
2022-11-17T03:00:00+00:00,0.005880,3600
2022-11-17T04:00:00+00:00,0.011060,3600
2022-11-17T05:00:00+00:00,0.094910,3600
2022-11-17T06:00:00+00:00,0.180000,3600
2022-11-17T07:00:00+00:00,0.223000,3600
2022-11-17T08:00:00+00:00,0.261800,3600
2022-11-17T09:00:00+00:00,0.205500,3600
2022-11-17T10:00:00+00:00,0.179900,3600
2022-11-17T11:00:00+00:00,0.170500,3600
2022-11-17T12:00:00+00:00,0.165000,3600
2022-11-17T13:00:00+00:00,0.180000,3600
2022-11-17T14:00:00+00:00,0.179500,3600
2022-11-17T15:00:00+00:00,0.179900,3600
2022-11-17T16:00:00+00:00,0.294730,3600
2022-11-17T17:00:00+00:00,0.300000,3600
2022-11-17T18:00:00+00:00,0.232000,3600
2022-11-17T19:00:00+00:00,0.195000,3600
2022-11-17T20:00:00+00:00,0.146840,3600
2022-11-17T21:00:00+00:00,0.151500,3600
2022-11-17T22:00:00+00:00,0.132420,3600
2022-11-17T23:00:00+00:00,0.107180,3600
2022-11-18T00:00:00+00:00,0.117140,3600
2022-11-18T01:00:00+00:00,0.125780,3600
2022-11-18T02:00:00+00:00,0.114030,3600
2022-11-18T03:00:00+00:00,0.118260,3600
2022-11-18T04:00:00+00:00,0.123850,3600
2022-11-18T05:00:00+00:00,0.144690,3600
2022-11-18T06:00:00+00:00,0.226270,3600
2022-11-18T07:00:00+00:00,0.250000,3600
2022-11-18T08:00:00+00:00,0.236000,3600
2022-11-18T09:00:00+00:00,0.226000,3600
2022-11-18T10:00:00+00:00,0.226430,3600
2022-11-18T11:00:00+00:00,0.197370,3600
2022-11-18T12:00:00+00:00,0.195650,3600
2022-11-18T13:00:00+00:00,0.226300,3600
2022-11-18T14:00:00+00:00,0.250000,3600
2022-11-18T15:00:00+00:00,0.261300,3600
2022-11-18T16:00:00+00:00,0.349900,3600
2022-11-18T17:00:00+00:00,0.242000,3600
2022-11-18T18:00:00+00:00,0.190000,3600
2022-11-18T19:00:00+00:00,0.185000,3600
2022-11-18T20:00:00+00:00,0.150000,3600
2022-11-18T21:00:00+00:00,0.158270,3600
2022-11-18T22:00:00+00:00,0.131130,3600
2022-11-18T23:00:00+00:00,0.146820,3600
2022-11-19T00:00:00+00:00,0.149900,3600
2022-11-19T01:00:00+00:00,0.150780,3600
2022-11-19T02:00:00+00:00,0.141690,3600
2022-11-19T03:00:00+00:00,0.144000,3600
2022-11-19T04:00:00+00:00,0.150000,3600
2022-11-19T05:00:00+00:00,0.127410,3600
2022-11-19T06:00:00+00:00,0.179320,3600
2022-11-19T07:00:00+00:00,0.205700,3600
2022-11-19T08:00:00+00:00,0.215070,3600
2022-11-19T09:00:00+00:00,0.203940,3600
2022-11-19T10:00:00+00:00,0.202770,3600
2022-11-19T11:00:00+00:00,0.185700,3600
2022-11-19T12:00:00+00:00,0.191780,3600
2022-11-19T13:00:00+00:00,0.213340,3600
2022-11-19T14:00:00+00:00,0.227110,3600
2022-11-19T15:00:00+00:00,0.243390,3600
2022-11-19T16:00:00+00:00,0.281980,3600
2022-11-19T17:00:00+00:00,0.287290,3600
2022-11-19T18:00:00+00:00,0.260700,3600
2022-11-19T19:00:00+00:00,0.240000,3600
2022-11-19T20:00:00+00:00,0.232090,3600
2022-11-19T21:00:00+00:00,0.219040,3600
2022-11-19T22:00:00+00:00,0.204850,3600
2022-11-19T23:00:00+00:00,0.201650,3600
2022-11-20T00:00:00+00:00,0.185240,3600
2022-11-20T01:00:00+00:00,0.188000,3600
2022-11-20T02:00:00+00:00,0.180390,3600
2022-11-20T03:00:00+00:00,0.170610,3600
2022-11-20T04:00:00+00:00,0.175880,3600
2022-11-20T05:00:00+00:00,0.180080,3600
2022-11-20T06:00:00+00:00,0.194190,3600
2022-11-20T07:00:00+00:00,0.200030,3600
2022-11-20T08:00:00+00:00,0.215030,3600
2022-11-20T09:00:00+00:00,0.212030,3600
2022-11-20T10:00:00+00:00,0.217990,3600
2022-11-20T11:00:00+00:00,0.210050,3600
2022-11-20T12:00:00+00:00,0.198850,3600
2022-11-20T13:00:00+00:00,0.205150,3600
2022-11-20T14:00:00+00:00,0.224600,3600
2022-11-20T15:00:00+00:00,0.241950,3600
2022-11-20T16:00:00+00:00,0.267370,3600
2022-11-20T17:00:00+00:00,0.273000,3600
2022-11-20T18:00:00+00:00,0.266440,3600
2022-11-20T19:00:00+00:00,0.244900,3600
2022-11-20T20:00:00+00:00,0.215100,3600
2022-11-20T21:00:00+00:00,0.212030,3600
2022-11-20T22:00:00+00:00,0.170210,3600
2022-11-20T23:00:00+00:00,0.139690,3600
2022-11-21T00:00:00+00:00,0.140520,3600
2022-11-21T01:00:00+00:00,0.150300,3600
2022-11-21T02:00:00+00:00,0.145770,3600
2022-11-21T03:00:00+00:00,0.155960,3600
2022-11-21T04:00:00+00:00,0.167760,3600
2022-11-21T05:00:00+00:00,0.264060,3600
2022-11-21T06:00:00+00:00,0.241310,3600
2022-11-21T07:00:00+00:00,0.324050,3600
2022-11-21T08:00:00+00:00,0.285660,3600
2022-11-21T09:00:00+00:00,0.260000,3600
2022-11-21T10:00:00+00:00,0.248400,3600
2022-11-21T11:00:00+00:00,0.217970,3600
2022-11-21T12:00:00+00:00,0.217620,3600
2022-11-21T13:00:00+00:00,0.214700,3600
2022-11-21T14:00:00+00:00,0.246000,3600
2022-11-21T15:00:00+00:00,0.226600,3600
2022-11-21T16:00:00+00:00,0.281950,3600
2022-11-21T17:00:00+00:00,0.315410,3600
2022-11-21T18:00:00+00:00,0.221100,3600
2022-11-21T19:00:00+00:00,0.251710,3600
2022-11-21T20:00:00+00:00,0.220000,3600
2022-11-21T21:00:00+00:00,0.199930,3600
2022-11-21T22:00:00+00:00,0.154470,3600
2022-11-21T23:00:00+00:00,0.112420,3600
2022-11-22T00:00:00+00:00,0.111840,3600
2022-11-22T01:00:00+00:00,0.099970,3600
2022-11-22T02:00:00+00:00,0.082110,3600
2022-11-22T03:00:00+00:00,0.087650,3600
2022-11-22T04:00:00+00:00,0.098340,3600
2022-11-22T05:00:00+00:00,0.148040,3600
2022-11-22T06:00:00+00:00,0.219050,3600
2022-11-22T07:00:00+00:00,0.248970,3600
2022-11-22T08:00:00+00:00,0.236900,3600
2022-11-22T09:00:00+00:00,0.242200,3600
2022-11-22T10:00:00+00:00,0.244580,3600
2022-11-22T11:00:00+00:00,0.245320,3600
2022-11-22T12:00:00+00:00,0.251760,3600
2022-11-22T13:00:00+00:00,0.258960,3600
2022-11-22T14:00:00+00:00,0.260000,3600
2022-11-22T15:00:00+00:00,0.255610,3600
2022-11-22T16:00:00+00:00,0.284960,3600
2022-11-22T17:00:00+00:00,0.294900,3600
2022-11-22T18:00:00+00:00,0.281530,3600
2022-11-22T19:00:00+00:00,0.254200,3600
2022-11-22T20:00:00+00:00,0.246540,3600
2022-11-22T21:00:00+00:00,0.215000,3600
2022-11-22T22:00:00+00:00,0.171500,3600
2022-11-22T23:00:00+00:00,0.155980,3600
2022-11-23T00:00:00+00:00,0.140640,3600
2022-11-23T01:00:00+00:00,0.125520,3600
2022-11-23T02:00:00+00:00,0.120830,3600
2022-11-23T03:00:00+00:00,0.124640,3600
2022-11-23T04:00:00+00:00,0.149780,3600
2022-11-23T05:00:00+00:00,0.209040,3600
2022-11-23T06:00:00+00:00,0.258460,3600
2022-11-23T07:00:00+00:00,0.268550,3600
2022-11-23T08:00:00+00:00,0.229950,3600
2022-11-23T09:00:00+00:00,0.197410,3600
2022-11-23T10:00:00+00:00,0.172420,3600
2022-11-23T11:00:00+00:00,0.166430,3600
2022-11-23T12:00:00+00:00,0.165110,3600
2022-11-23T13:00:00+00:00,0.180080,3600
2022-11-23T14:00:00+00:00,0.186680,3600
2022-11-23T15:00:00+00:00,0.206320,3600
2022-11-23T16:00:00+00:00,0.224000,3600
2022-11-23T17:00:00+00:00,0.218970,3600
2022-11-23T18:00:00+00:00,0.219000,3600
2022-11-23T19:00:00+00:00,0.163640,3600
2022-11-23T20:00:00+00:00,0.146860,3600
2022-11-23T21:00:00+00:00,0.140740,3600
2022-11-23T22:00:00+00:00,0.124480,3600
2022-11-23T23:00:00+00:00,0.140700,3600
2022-11-24T00:00:00+00:00,0.114620,3600
2022-11-24T01:00:00+00:00,0.110690,3600
2022-11-24T02:00:00+00:00,0.109000,3600
2022-11-24T03:00:00+00:00,0.098250,3600
2022-11-24T04:00:00+00:00,0.129900,3600
2022-11-24T05:00:00+00:00,0.205670,3600
2022-11-24T06:00:00+00:00,0.293150,3600
2022-11-24T07:00:00+00:00,0.299910,3600
2022-11-24T08:00:00+00:00,0.294940,3600
2022-11-24T09:00:00+00:00,0.295020,3600
2022-11-24T10:00:00+00:00,0.289900,3600
2022-11-24T11:00:00+00:00,0.263000,3600
2022-11-24T12:00:00+00:00,0.266970,3600
2022-11-24T13:00:00+00:00,0.260000,3600
2022-11-24T14:00:00+00:00,0.299900,3600
2022-11-24T15:00:00+00:00,0.263000,3600
2022-11-24T16:00:00+00:00,0.322830,3600
2022-11-24T17:00:00+00:00,0.299750,3600
2022-11-24T18:00:00+00:00,0.285950,3600
2022-11-24T19:00:00+00:00,0.261560,3600
2022-11-24T20:00:00+00:00,0.229940,3600
2022-11-24T21:00:00+00:00,0.217100,3600
2022-11-24T22:00:00+00:00,0.142700,3600
2022-11-24T23:00:00+00:00,0.173790,3600
2022-11-25T00:00:00+00:00,0.175190,3600
2022-11-25T01:00:00+00:00,0.163070,3600
2022-11-25T02:00:00+00:00,0.151820,3600
2022-11-25T03:00:00+00:00,0.153370,3600
2022-11-25T04:00:00+00:00,0.181640,3600
2022-11-25T05:00:00+00:00,0.228400,3600
2022-11-25T06:00:00+00:00,0.289050,3600
2022-11-25T07:00:00+00:00,0.282000,3600
2022-11-25T08:00:00+00:00,0.263300,3600
2022-11-25T09:00:00+00:00,0.279900,3600
2022-11-25T10:00:00+00:00,0.220000,3600
2022-11-25T11:00:00+00:00,0.219000,3600
2022-11-25T12:00:00+00:00,0.250000,3600
2022-11-25T13:00:00+00:00,0.290150,3600
2022-11-25T14:00:00+00:00,0.290460,3600
2022-11-25T15:00:00+00:00,0.327360,3600
2022-11-25T16:00:00+00:00,0.349900,3600
2022-11-25T17:00:00+00:00,0.337950,3600
2022-11-25T18:00:00+00:00,0.300050,3600
2022-11-25T19:00:00+00:00,0.270630,3600
2022-11-25T20:00:00+00:00,0.266320,3600
2022-11-25T21:00:00+00:00,0.269920,3600
2022-11-25T22:00:00+00:00,0.226030,3600
2022-11-25T23:00:00+00:00,0.212770,3600
2022-11-26T00:00:00+00:00,0.210700,3600
2022-11-26T01:00:00+00:00,0.200100,3600
2022-11-26T02:00:00+00:00,0.200000,3600
2022-11-26T03:00:00+00:00,0.197990,3600
2022-11-26T04:00:00+00:00,0.211940,3600
2022-11-26T05:00:00+00:00,0.214940,3600
2022-11-26T06:00:00+00:00,0.228070,3600
2022-11-26T07:00:00+00:00,0.264960,3600
2022-11-26T08:00:00+00:00,0.279890,3600
2022-11-26T09:00:00+00:00,0.257830,3600
2022-11-26T10:00:00+00:00,0.253300,3600
2022-11-26T11:00:00+00:00,0.249990,3600
2022-11-26T12:00:00+00:00,0.237410,3600
2022-11-26T13:00:00+00:00,0.257610,3600
2022-11-26T14:00:00+00:00,0.264020,3600
2022-11-26T15:00:00+00:00,0.288200,3600
2022-11-26T16:00:00+00:00,0.315920,3600
2022-11-26T17:00:00+00:00,0.306100,3600
2022-11-26T18:00:00+00:00,0.270080,3600
2022-11-26T19:00:00+00:00,0.232220,3600
2022-11-26T20:00:00+00:00,0.213370,3600
2022-11-26T21:00:00+00:00,0.200000,3600
2022-11-26T22:00:00+00:00,0.173690,3600
2022-11-26T23:00:00+00:00,0.144880,3600
2022-11-27T00:00:00+00:00,0.135000,3600
2022-11-27T01:00:00+00:00,0.122010,3600
2022-11-27T02:00:00+00:00,0.099400,3600
2022-11-27T03:00:00+00:00,0.099400,3600
2022-11-27T04:00:00+00:00,0.105640,3600
2022-11-27T05:00:00+00:00,0.128960,3600
2022-11-27T06:00:00+00:00,0.136760,3600
2022-11-27T07:00:00+00:00,0.140100,3600
2022-11-27T08:00:00+00:00,0.159900,3600
2022-11-27T09:00:00+00:00,0.198460,3600
2022-11-27T10:00:00+00:00,0.243600,3600
2022-11-27T11:00:00+00:00,0.244000,3600
2022-11-27T12:00:00+00:00,0.256960,3600
2022-11-27T13:00:00+00:00,0.261070,3600
2022-11-27T14:00:00+00:00,0.263140,3600
2022-11-27T15:00:00+00:00,0.250000,3600
2022-11-27T16:00:00+00:00,0.289900,3600
2022-11-27T17:00:00+00:00,0.335920,3600
2022-11-27T18:00:00+00:00,0.294440,3600
2022-11-27T19:00:00+00:00,0.267900,3600
2022-11-27T20:00:00+00:00,0.292960,3600
2022-11-27T21:00:00+00:00,0.279900,3600
2022-11-27T22:00:00+00:00,0.199900,3600
2022-11-27T23:00:00+00:00,0.320000,3600
2022-11-28T00:00:00+00:00,0.228500,3600
2022-11-28T01:00:00+00:00,0.209900,3600
2022-11-28T02:00:00+00:00,0.245900,3600
2022-11-28T03:00:00+00:00,0.225040,3600
2022-11-28T04:00:00+00:00,0.269400,3600
2022-11-28T05:00:00+00:00,0.246700,3600
2022-11-28T06:00:00+00:00,0.275000,3600
2022-11-28T07:00:00+00:00,0.350000,3600
2022-11-28T08:00:00+00:00,0.367700,3600
2022-11-28T09:00:00+00:00,0.370000,3600
2022-11-28T10:00:00+00:00,0.365910,3600
2022-11-28T11:00:00+00:00,0.360100,3600
2022-11-28T12:00:00+00:00,0.367200,3600
2022-11-28T13:00:00+00:00,0.383910,3600
2022-11-28T14:00:00+00:00,0.397910,3600
2022-11-28T15:00:00+00:00,0.392850,3600
2022-11-28T16:00:00+00:00,0.415580,3600
2022-11-28T17:00:00+00:00,0.400620,3600
2022-11-28T18:00:00+00:00,0.380010,3600
2022-11-28T19:00:00+00:00,0.335460,3600
2022-11-28T20:00:00+00:00,0.312000,3600
2022-11-28T21:00:00+00:00,0.294980,3600
2022-11-28T22:00:00+00:00,0.262620,3600
2022-11-28T23:00:00+00:00,0.271810,3600
2022-11-29T00:00:00+00:00,0.251820,3600
2022-11-29T01:00:00+00:00,0.231070,3600
2022-11-29T02:00:00+00:00,0.226270,3600
2022-11-29T03:00:00+00:00,0.235200,3600
2022-11-29T04:00:00+00:00,0.268400,3600
2022-11-29T05:00:00+00:00,0.253820,3600
2022-11-29T06:00:00+00:00,0.396220,3600
2022-11-29T07:00:00+00:00,0.444920,3600
2022-11-29T08:00:00+00:00,0.445320,3600
2022-11-29T09:00:00+00:00,0.445900,3600
2022-11-29T10:00:00+00:00,0.435600,3600
2022-11-29T11:00:00+00:00,0.418050,3600
2022-11-29T12:00:00+00:00,0.424260,3600
2022-11-29T13:00:00+00:00,0.446380,3600
2022-11-29T14:00:00+00:00,0.450700,3600
2022-11-29T15:00:00+00:00,0.460040,3600
2022-11-29T16:00:00+00:00,0.501100,3600
2022-11-29T17:00:00+00:00,0.486860,3600
2022-11-29T18:00:00+00:00,0.463820,3600
2022-11-29T19:00:00+00:00,0.400000,3600
2022-11-29T20:00:00+00:00,0.334900,3600
2022-11-29T21:00:00+00:00,0.297660,3600
2022-11-29T22:00:00+00:00,0.254860,3600
2022-11-29T23:00:00+00:00,0.289100,3600
2022-11-30T00:00:00+00:00,0.279570,3600
2022-11-30T01:00:00+00:00,0.265030,3600
2022-11-30T02:00:00+00:00,0.260740,3600
2022-11-30T03:00:00+00:00,0.267630,3600
2022-11-30T04:00:00+00:00,0.290000,3600
2022-11-30T05:00:00+00:00,0.325010,3600
2022-11-30T06:00:00+00:00,0.434430,3600
2022-11-30T07:00:00+00:00,0.478100,3600
2022-11-30T08:00:00+00:00,0.478600,3600
2022-11-30T09:00:00+00:00,0.474710,3600
2022-11-30T10:00:00+00:00,0.482520,3600
2022-11-30T11:00:00+00:00,0.449990,3600
2022-11-30T12:00:00+00:00,0.450470,3600
2022-11-30T13:00:00+00:00,0.464240,3600
2022-11-30T14:00:00+00:00,0.458760,3600
2022-11-30T15:00:00+00:00,0.478400,3600
2022-11-30T16:00:00+00:00,0.503550,3600
2022-11-30T17:00:00+00:00,0.495200,3600
2022-11-30T18:00:00+00:00,0.465140,3600
2022-11-30T19:00:00+00:00,0.414770,3600
2022-11-30T20:00:00+00:00,0.344170,3600
2022-11-30T21:00:00+00:00,0.316830,3600
2022-11-30T22:00:00+00:00,0.274350,3600
2022-11-30T23:00:00+00:00,0.291100,3600
2022-12-01T00:00:00+00:00,0.291300,3600
2022-12-01T01:00:00+00:00,0.284530,3600
2022-12-01T02:00:00+00:00,0.274560,3600
2022-12-01T03:00:00+00:00,0.271720,3600
2022-12-01T04:00:00+00:00,0.282490,3600
2022-12-01T05:00:00+00:00,0.291100,3600
2022-12-01T06:00:00+00:00,0.375350,3600
2022-12-01T07:00:00+00:00,0.433620,3600
2022-12-01T08:00:00+00:00,0.432000,3600
2022-12-01T09:00:00+00:00,0.381000,3600
2022-12-01T10:00:00+00:00,0.360850,3600
2022-12-01T11:00:00+00:00,0.340660,3600
2022-12-01T12:00:00+00:00,0.350100,3600
2022-12-01T13:00:00+00:00,0.381390,3600
2022-12-01T14:00:00+00:00,0.412000,3600
2022-12-01T15:00:00+00:00,0.452000,3600
2022-12-01T16:00:00+00:00,0.484070,3600
2022-12-01T17:00:00+00:00,0.469790,3600
2022-12-01T18:00:00+00:00,0.457890,3600
2022-12-01T19:00:00+00:00,0.408000,3600
2022-12-01T20:00:00+00:00,0.299900,3600
2022-12-01T21:00:00+00:00,0.319140,3600
2022-12-01T22:00:00+00:00,0.304800,3600
2022-12-01T23:00:00+00:00,0.308560,3600
2022-12-02T00:00:00+00:00,0.296270,3600
2022-12-02T01:00:00+00:00,0.299800,3600
2022-12-02T02:00:00+00:00,0.298850,3600
2022-12-02T03:00:00+00:00,0.300720,3600
2022-12-02T04:00:00+00:00,0.302280,3600
2022-12-02T05:00:00+00:00,0.357240,3600
2022-12-02T06:00:00+00:00,0.391760,3600
2022-12-02T07:00:00+00:00,0.434710,3600
2022-12-02T08:00:00+00:00,0.404000,3600
2022-12-02T09:00:00+00:00,0.416710,3600
2022-12-02T10:00:00+00:00,0.386930,3600
2022-12-02T11:00:00+00:00,0.383300,3600
2022-12-02T12:00:00+00:00,0.375000,3600
2022-12-02T13:00:00+00:00,0.344820,3600
2022-12-02T14:00:00+00:00,0.288000,3600
2022-12-02T15:00:00+00:00,0.301860,3600
2022-12-02T16:00:00+00:00,0.343720,3600
2022-12-02T17:00:00+00:00,0.333090,3600
2022-12-02T18:00:00+00:00,0.348000,3600
2022-12-02T19:00:00+00:00,0.296000,3600
2022-12-02T20:00:00+00:00,0.338530,3600
2022-12-02T21:00:00+00:00,0.304960,3600
2022-12-02T22:00:00+00:00,0.332000,3600
2022-12-02T23:00:00+00:00,0.359900,3600
2022-12-03T00:00:00+00:00,0.323000,3600
2022-12-03T01:00:00+00:00,0.300100,3600
2022-12-03T02:00:00+00:00,0.257000,3600
2022-12-03T03:00:00+00:00,0.250470,3600
2022-12-03T04:00:00+00:00,0.257000,3600
2022-12-03T05:00:00+00:00,0.299900,3600
2022-12-03T06:00:00+00:00,0.276000,3600
2022-12-03T07:00:00+00:00,0.257360,3600
2022-12-03T08:00:00+00:00,0.276760,3600
2022-12-03T09:00:00+00:00,0.298500,3600
2022-12-03T10:00:00+00:00,0.303080,3600
2022-12-03T11:00:00+00:00,0.290090,3600
2022-12-03T12:00:00+00:00,0.287390,3600
2022-12-03T13:00:00+00:00,0.315910,3600
2022-12-03T14:00:00+00:00,0.315910,3600
2022-12-03T15:00:00+00:00,0.330920,3600
2022-12-03T16:00:00+00:00,0.358730,3600
2022-12-03T17:00:00+00:00,0.341000,3600
2022-12-03T18:00:00+00:00,0.312700,3600
2022-12-03T19:00:00+00:00,0.299900,3600
2022-12-03T20:00:00+00:00,0.289900,3600
2022-12-03T21:00:00+00:00,0.300000,3600
2022-12-03T22:00:00+00:00,0.300100,3600
2022-12-03T23:00:00+00:00,0.310000,3600
2022-12-04T00:00:00+00:00,0.299900,3600
2022-12-04T01:00:00+00:00,0.286000,3600
2022-12-04T02:00:00+00:00,0.259200,3600
2022-12-04T03:00:00+00:00,0.276000,3600
2022-12-04T04:00:00+00:00,0.254720,3600
2022-12-04T05:00:00+00:00,0.273800,3600
2022-12-04T06:00:00+00:00,0.293800,3600
2022-12-04T07:00:00+00:00,0.300500,3600
2022-12-04T08:00:00+00:00,0.293190,3600
2022-12-04T09:00:00+00:00,0.310000,3600
2022-12-04T10:00:00+00:00,0.306890,3600
2022-12-04T11:00:00+00:00,0.333560,3600
2022-12-04T12:00:00+00:00,0.301840,3600
2022-12-04T13:00:00+00:00,0.306390,3600
2022-12-04T14:00:00+00:00,0.308240,3600
2022-12-04T15:00:00+00:00,0.325240,3600
2022-12-04T16:00:00+00:00,0.391380,3600
2022-12-04T17:00:00+00:00,0.396600,3600
2022-12-04T18:00:00+00:00,0.361930,3600
2022-12-04T19:00:00+00:00,0.299400,3600
2022-12-04T20:00:00+00:00,0.305800,3600
2022-12-04T21:00:00+00:00,0.299100,3600
2022-12-04T22:00:00+00:00,0.259900,3600
2022-12-04T23:00:00+00:00,0.279000,3600
2022-12-05T00:00:00+00:00,0.299000,3600
2022-12-05T01:00:00+00:00,0.270000,3600
2022-12-05T02:00:00+00:00,0.256800,3600
2022-12-05T03:00:00+00:00,0.262590,3600
2022-12-05T04:00:00+00:00,0.252460,3600
2022-12-05T05:00:00+00:00,0.298800,3600
2022-12-05T06:00:00+00:00,0.333080,3600
2022-12-05T07:00:00+00:00,0.357000,3600
2022-12-05T08:00:00+00:00,0.376800,3600
2022-12-05T09:00:00+00:00,0.377400,3600
2022-12-05T10:00:00+00:00,0.404750,3600
2022-12-05T11:00:00+00:00,0.404910,3600
2022-12-05T12:00:00+00:00,0.392960,3600
2022-12-05T13:00:00+00:00,0.413460,3600
2022-12-05T14:00:00+00:00,0.429910,3600
2022-12-05T15:00:00+00:00,0.430700,3600
2022-12-05T16:00:00+00:00,0.444980,3600
2022-12-05T17:00:00+00:00,0.406000,3600
2022-12-05T18:00:00+00:00,0.397800,3600
2022-12-05T19:00:00+00:00,0.390000,3600
2022-12-05T20:00:00+00:00,0.333110,3600
2022-12-05T21:00:00+00:00,0.324560,3600
2022-12-05T22:00:00+00:00,0.294220,3600
2022-12-05T23:00:00+00:00,0.272300,3600
2022-12-06T00:00:00+00:00,0.262000,3600
2022-12-06T01:00:00+00:00,0.269800,3600
2022-12-06T02:00:00+00:00,0.267110,3600
2022-12-06T03:00:00+00:00,0.287380,3600
2022-12-06T04:00:00+00:00,0.309230,3600
2022-12-06T05:00:00+00:00,0.323300,3600
2022-12-06T06:00:00+00:00,0.359900,3600
2022-12-06T07:00:00+00:00,0.416000,3600
2022-12-06T08:00:00+00:00,0.459950,3600
2022-12-06T09:00:00+00:00,0.439900,3600
2022-12-06T10:00:00+00:00,0.393200,3600
2022-12-06T11:00:00+00:00,0.334500,3600
2022-12-06T12:00:00+00:00,0.345000,3600
2022-12-06T13:00:00+00:00,0.399970,3600
2022-12-06T14:00:00+00:00,0.399900,3600
2022-12-06T15:00:00+00:00,0.400100,3600
2022-12-06T16:00:00+00:00,0.479400,3600
2022-12-06T17:00:00+00:00,0.418840,3600
2022-12-06T18:00:00+00:00,0.350000,3600
2022-12-06T19:00:00+00:00,0.296190,3600
2022-12-06T20:00:00+00:00,0.309260,3600
2022-12-06T21:00:00+00:00,0.299920,3600
2022-12-06T22:00:00+00:00,0.276610,3600
2022-12-06T23:00:00+00:00,0.319700,3600
2022-12-07T00:00:00+00:00,0.293700,3600
2022-12-07T01:00:00+00:00,0.259000,3600
2022-12-07T02:00:00+00:00,0.240100,3600
2022-12-07T03:00:00+00:00,0.254000,3600
2022-12-07T04:00:00+00:00,0.263190,3600
2022-12-07T05:00:00+00:00,0.255000,3600
2022-12-07T06:00:00+00:00,0.347260,3600
2022-12-07T07:00:00+00:00,0.375000,3600
2022-12-07T08:00:00+00:00,0.415800,3600
2022-12-07T09:00:00+00:00,0.399600,3600
2022-12-07T10:00:00+00:00,0.362160,3600
2022-12-07T11:00:00+00:00,0.300600,3600
2022-12-07T12:00:00+00:00,0.342000,3600
2022-12-07T13:00:00+00:00,0.400100,3600
2022-12-07T14:00:00+00:00,0.436740,3600
2022-12-07T15:00:00+00:00,0.454070,3600
2022-12-07T16:00:00+00:00,0.499550,3600
2022-12-07T17:00:00+00:00,0.338900,3600
2022-12-07T18:00:00+00:00,0.365400,3600
2022-12-07T19:00:00+00:00,0.365900,3600
2022-12-07T20:00:00+00:00,0.290100,3600
2022-12-07T21:00:00+00:00,0.298840,3600
2022-12-07T22:00:00+00:00,0.279600,3600
2022-12-07T23:00:00+00:00,0.290990,3600
2022-12-08T00:00:00+00:00,0.284400,3600
2022-12-08T01:00:00+00:00,0.273110,3600
2022-12-08T02:00:00+00:00,0.272720,3600
2022-12-08T03:00:00+00:00,0.277120,3600
2022-12-08T04:00:00+00:00,0.300210,3600
2022-12-08T05:00:00+00:00,0.314050,3600
2022-12-08T06:00:00+00:00,0.359900,3600
2022-12-08T07:00:00+00:00,0.420000,3600
2022-12-08T08:00:00+00:00,0.455500,3600
2022-12-08T09:00:00+00:00,0.415480,3600
2022-12-08T10:00:00+00:00,0.399900,3600
2022-12-08T11:00:00+00:00,0.368000,3600
2022-12-08T12:00:00+00:00,0.392340,3600
2022-12-08T13:00:00+00:00,0.450100,3600
2022-12-08T14:00:00+00:00,0.456990,3600
2022-12-08T15:00:00+00:00,0.462920,3600
2022-12-08T16:00:00+00:00,0.498210,3600
2022-12-08T17:00:00+00:00,0.399900,3600
2022-12-08T18:00:00+00:00,0.386500,3600
2022-12-08T19:00:00+00:00,0.400000,3600
2022-12-08T20:00:00+00:00,0.342390,3600
2022-12-08T21:00:00+00:00,0.326210,3600
2022-12-08T22:00:00+00:00,0.302610,3600
2022-12-08T23:00:00+00:00,0.327000,3600
2022-12-09T00:00:00+00:00,0.306740,3600
2022-12-09T01:00:00+00:00,0.303000,3600
2022-12-09T02:00:00+00:00,0.298490,3600
2022-12-09T03:00:00+00:00,0.302340,3600
2022-12-09T04:00:00+00:00,0.316470,3600
2022-12-09T05:00:00+00:00,0.338070,3600
2022-12-09T06:00:00+00:00,0.456200,3600
2022-12-09T07:00:00+00:00,0.502990,3600
2022-12-09T08:00:00+00:00,0.493010,3600
2022-12-09T09:00:00+00:00,0.484240,3600
2022-12-09T10:00:00+00:00,0.488160,3600
2022-12-09T11:00:00+00:00,0.481100,3600
2022-12-09T12:00:00+00:00,0.470000,3600
2022-12-09T13:00:00+00:00,0.476440,3600
2022-12-09T14:00:00+00:00,0.483010,3600
2022-12-09T15:00:00+00:00,0.476390,3600
2022-12-09T16:00:00+00:00,0.507910,3600
2022-12-09T17:00:00+00:00,0.481600,3600
2022-12-09T18:00:00+00:00,0.461210,3600
2022-12-09T19:00:00+00:00,0.445230,3600
2022-12-09T20:00:00+00:00,0.376390,3600
2022-12-09T21:00:00+00:00,0.338040,3600
2022-12-09T22:00:00+00:00,0.321360,3600
2022-12-09T23:00:00+00:00,0.312800,3600
2022-12-10T00:00:00+00:00,0.306000,3600
2022-12-10T01:00:00+00:00,0.292800,3600
2022-12-10T02:00:00+00:00,0.287260,3600
2022-12-10T03:00:00+00:00,0.284900,3600
2022-12-10T04:00:00+00:00,0.289020,3600
2022-12-10T05:00:00+00:00,0.296700,3600
2022-12-10T06:00:00+00:00,0.315200,3600
2022-12-10T07:00:00+00:00,0.346500,3600
2022-12-10T08:00:00+00:00,0.396610,3600
2022-12-10T09:00:00+00:00,0.419330,3600
2022-12-10T10:00:00+00:00,0.412380,3600
2022-12-10T11:00:00+00:00,0.398100,3600
2022-12-10T12:00:00+00:00,0.375900,3600
2022-12-10T13:00:00+00:00,0.377070,3600
2022-12-10T14:00:00+00:00,0.393500,3600
2022-12-10T15:00:00+00:00,0.420590,3600
2022-12-10T16:00:00+00:00,0.449920,3600
2022-12-10T17:00:00+00:00,0.442700,3600
2022-12-10T18:00:00+00:00,0.423340,3600
2022-12-10T19:00:00+00:00,0.362670,3600
2022-12-10T20:00:00+00:00,0.325430,3600
2022-12-10T21:00:00+00:00,0.312390,3600
2022-12-10T22:00:00+00:00,0.294710,3600
2022-12-10T23:00:00+00:00,0.304590,3600
2022-12-11T00:00:00+00:00,0.302480,3600
2022-12-11T01:00:00+00:00,0.297660,3600
2022-12-11T02:00:00+00:00,0.281470,3600
2022-12-11T03:00:00+00:00,0.277290,3600
2022-12-11T04:00:00+00:00,0.274000,3600
2022-12-11T05:00:00+00:00,0.281250,3600
2022-12-11T06:00:00+00:00,0.282000,3600
2022-12-11T07:00:00+00:00,0.294610,3600
2022-12-11T08:00:00+00:00,0.320500,3600
2022-12-11T09:00:00+00:00,0.317650,3600
2022-12-11T10:00:00+00:00,0.345080,3600
2022-12-11T11:00:00+00:00,0.347250,3600
2022-12-11T12:00:00+00:00,0.324740,3600
2022-12-11T13:00:00+00:00,0.328280,3600
2022-12-11T14:00:00+00:00,0.336510,3600
2022-12-11T15:00:00+00:00,0.361600,3600
2022-12-11T16:00:00+00:00,0.413940,3600
2022-12-11T17:00:00+00:00,0.430370,3600
2022-12-11T18:00:00+00:00,0.410060,3600
2022-12-11T19:00:00+00:00,0.379900,3600
2022-12-11T20:00:00+00:00,0.335350,3600
2022-12-11T21:00:00+00:00,0.324800,3600
2022-12-11T22:00:00+00:00,0.307030,3600
2022-12-11T23:00:00+00:00,0.282470,3600
2022-12-12T00:00:00+00:00,0.279480,3600
2022-12-12T01:00:00+00:00,0.276760,3600
2022-12-12T02:00:00+00:00,0.271970,3600
2022-12-12T03:00:00+00:00,0.270000,3600
2022-12-12T04:00:00+00:00,0.285600,3600
2022-12-12T05:00:00+00:00,0.352760,3600
2022-12-12T06:00:00+00:00,0.505000,3600
2022-12-12T07:00:00+00:00,0.560620,3600
2022-12-12T08:00:00+00:00,0.513990,3600
2022-12-12T09:00:00+00:00,0.503670,3600
2022-12-12T10:00:00+00:00,0.467720,3600
2022-12-12T11:00:00+00:00,0.460520,3600
2022-12-12T12:00:00+00:00,0.440000,3600
2022-12-12T13:00:00+00:00,0.493880,3600
2022-12-12T14:00:00+00:00,0.535730,3600
2022-12-12T15:00:00+00:00,0.558540,3600
2022-12-12T16:00:00+00:00,0.593160,3600
2022-12-12T17:00:00+00:00,0.546710,3600
2022-12-12T18:00:00+00:00,0.501840,3600
2022-12-12T19:00:00+00:00,0.488630,3600
2022-12-12T20:00:00+00:00,0.408900,3600
2022-12-12T21:00:00+00:00,0.359260,3600
2022-12-12T22:00:00+00:00,0.305300,3600
2022-12-12T23:00:00+00:00,0.305700,3600
2022-12-13T00:00:00+00:00,0.287520,3600
2022-12-13T01:00:00+00:00,0.284690,3600
2022-12-13T02:00:00+00:00,0.275830,3600
2022-12-13T03:00:00+00:00,0.282300,3600
2022-12-13T04:00:00+00:00,0.316070,3600
2022-12-13T05:00:00+00:00,0.368900,3600
2022-12-13T06:00:00+00:00,0.499700,3600
2022-12-13T07:00:00+00:00,0.571760,3600
2022-12-13T08:00:00+00:00,0.553290,3600
2022-12-13T09:00:00+00:00,0.486270,3600
2022-12-13T10:00:00+00:00,0.448900,3600
2022-12-13T11:00:00+00:00,0.459980,3600
2022-12-13T12:00:00+00:00,0.506030,3600
2022-12-13T13:00:00+00:00,0.552710,3600
2022-12-13T14:00:00+00:00,0.570250,3600
2022-12-13T15:00:00+00:00,0.590000,3600
2022-12-13T16:00:00+00:00,0.665010,3600
2022-12-13T17:00:00+00:00,0.560150,3600
2022-12-13T18:00:00+00:00,0.516570,3600
2022-12-13T19:00:00+00:00,0.399900,3600
2022-12-13T20:00:00+00:00,0.341440,3600
2022-12-13T21:00:00+00:00,0.301690,3600
2022-12-13T22:00:00+00:00,0.283080,3600
2022-12-13T23:00:00+00:00,0.270300,3600
2022-12-14T00:00:00+00:00,0.272050,3600
2022-12-14T01:00:00+00:00,0.270830,3600
2022-12-14T02:00:00+00:00,0.278000,3600
2022-12-14T03:00:00+00:00,0.280900,3600
2022-12-14T04:00:00+00:00,0.309900,3600
2022-12-14T05:00:00+00:00,0.368820,3600
2022-12-14T06:00:00+00:00,0.494970,3600
2022-12-14T07:00:00+00:00,0.539990,3600
2022-12-14T08:00:00+00:00,0.569720,3600
2022-12-14T09:00:00+00:00,0.565180,3600
2022-12-14T10:00:00+00:00,0.568010,3600
2022-12-14T11:00:00+00:00,0.458230,3600
2022-12-14T12:00:00+00:00,0.451580,3600
2022-12-14T13:00:00+00:00,0.514950,3600
2022-12-14T14:00:00+00:00,0.528530,3600
2022-12-14T15:00:00+00:00,0.545000,3600
2022-12-14T16:00:00+00:00,0.590000,3600
2022-12-14T17:00:00+00:00,0.557000,3600
2022-12-14T18:00:00+00:00,0.520570,3600
2022-12-14T19:00:00+00:00,0.487900,3600
2022-12-14T20:00:00+00:00,0.396670,3600
2022-12-14T21:00:00+00:00,0.351720,3600
2022-12-14T22:00:00+00:00,0.319660,3600
2022-12-14T23:00:00+00:00,0.292710,3600
2022-12-15T00:00:00+00:00,0.285000,3600
2022-12-15T01:00:00+00:00,0.270800,3600
2022-12-15T02:00:00+00:00,0.269800,3600
2022-12-15T03:00:00+00:00,0.274140,3600
2022-12-15T04:00:00+00:00,0.285000,3600
2022-12-15T05:00:00+00:00,0.316650,3600
2022-12-15T06:00:00+00:00,0.379940,3600
2022-12-15T07:00:00+00:00,0.490030,3600
2022-12-15T08:00:00+00:00,0.489660,3600
2022-12-15T09:00:00+00:00,0.474550,3600
2022-12-15T10:00:00+00:00,0.421460,3600
2022-12-15T11:00:00+00:00,0.361800,3600
2022-12-15T12:00:00+00:00,0.343730,3600
2022-12-15T13:00:00+00:00,0.455050,3600
2022-12-15T14:00:00+00:00,0.469930,3600
2022-12-15T15:00:00+00:00,0.485030,3600
2022-12-15T16:00:00+00:00,0.500000,3600
2022-12-15T17:00:00+00:00,0.499910,3600
2022-12-15T18:00:00+00:00,0.485530,3600
2022-12-15T19:00:00+00:00,0.439900,3600
2022-12-15T20:00:00+00:00,0.367720,3600
2022-12-15T21:00:00+00:00,0.315660,3600
2022-12-15T22:00:00+00:00,0.296270,3600
2022-12-15T23:00:00+00:00,0.296300,3600
2022-12-16T00:00:00+00:00,0.287920,3600
2022-12-16T01:00:00+00:00,0.279650,3600
2022-12-16T02:00:00+00:00,0.270100,3600
2022-12-16T03:00:00+00:00,0.256000,3600
2022-12-16T04:00:00+00:00,0.272600,3600
2022-12-16T05:00:00+00:00,0.319320,3600
2022-12-16T06:00:00+00:00,0.440900,3600
2022-12-16T07:00:00+00:00,0.543490,3600
2022-12-16T08:00:00+00:00,0.561640,3600
2022-12-16T09:00:00+00:00,0.543450,3600
2022-12-16T10:00:00+00:00,0.517080,3600
2022-12-16T11:00:00+00:00,0.453000,3600
2022-12-16T12:00:00+00:00,0.424050,3600
2022-12-16T13:00:00+00:00,0.452900,3600
2022-12-16T14:00:00+00:00,0.465140,3600
2022-12-16T15:00:00+00:00,0.478550,3600
2022-12-16T16:00:00+00:00,0.505000,3600
2022-12-16T17:00:00+00:00,0.490170,3600
2022-12-16T18:00:00+00:00,0.467790,3600
2022-12-16T19:00:00+00:00,0.392910,3600
2022-12-16T20:00:00+00:00,0.334150,3600
2022-12-16T21:00:00+00:00,0.306750,3600
2022-12-16T22:00:00+00:00,0.280000,3600
2022-12-16T23:00:00+00:00,0.283900,3600
2022-12-17T00:00:00+00:00,0.271080,3600
2022-12-17T01:00:00+00:00,0.259950,3600
2022-12-17T02:00:00+00:00,0.245600,3600
2022-12-17T03:00:00+00:00,0.236190,3600
2022-12-17T04:00:00+00:00,0.237360,3600
2022-12-17T05:00:00+00:00,0.237510,3600
2022-12-17T06:00:00+00:00,0.250490,3600
2022-12-17T07:00:00+00:00,0.290000,3600
2022-12-17T08:00:00+00:00,0.299810,3600
2022-12-17T09:00:00+00:00,0.302130,3600
2022-12-17T10:00:00+00:00,0.265700,3600
2022-12-17T11:00:00+00:00,0.270070,3600
2022-12-17T12:00:00+00:00,0.249950,3600
2022-12-17T13:00:00+00:00,0.266620,3600
2022-12-17T14:00:00+00:00,0.283500,3600
2022-12-17T15:00:00+00:00,0.305130,3600
2022-12-17T16:00:00+00:00,0.335420,3600
2022-12-17T17:00:00+00:00,0.310000,3600
2022-12-17T18:00:00+00:00,0.250000,3600
2022-12-17T19:00:00+00:00,0.240000,3600
2022-12-17T20:00:00+00:00,0.242000,3600
2022-12-17T21:00:00+00:00,0.245100,3600
2022-12-17T22:00:00+00:00,0.262400,3600
2022-12-17T23:00:00+00:00,0.384500,3600
2022-12-18T00:00:00+00:00,0.302900,3600
2022-12-18T01:00:00+00:00,0.259900,3600
2022-12-18T02:00:00+00:00,0.238300,3600
2022-12-18T03:00:00+00:00,0.235000,3600
2022-12-18T04:00:00+00:00,0.243300,3600
2022-12-18T05:00:00+00:00,0.202200,3600
2022-12-18T06:00:00+00:00,0.199900,3600
2022-12-18T07:00:00+00:00,0.221100,3600
2022-12-18T08:00:00+00:00,0.250000,3600
2022-12-18T09:00:00+00:00,0.245840,3600
2022-12-18T10:00:00+00:00,0.216120,3600
2022-12-18T11:00:00+00:00,0.201330,3600
2022-12-18T12:00:00+00:00,0.224430,3600
2022-12-18T13:00:00+00:00,0.229500,3600
2022-12-18T14:00:00+00:00,0.239860,3600
2022-12-18T15:00:00+00:00,0.250000,3600
2022-12-18T16:00:00+00:00,0.314700,3600
2022-12-18T17:00:00+00:00,0.313000,3600
2022-12-18T18:00:00+00:00,0.229900,3600
2022-12-18T19:00:00+00:00,0.198000,3600
2022-12-18T20:00:00+00:00,0.163080,3600
2022-12-18T21:00:00+00:00,0.147780,3600
2022-12-18T22:00:00+00:00,0.120000,3600
2022-12-18T23:00:00+00:00,0.120500,3600
2022-12-19T00:00:00+00:00,0.106170,3600
2022-12-19T01:00:00+00:00,0.092620,3600
2022-12-19T02:00:00+00:00,0.076190,3600
2022-12-19T03:00:00+00:00,0.077660,3600
2022-12-19T04:00:00+00:00,0.109110,3600
2022-12-19T05:00:00+00:00,0.175360,3600
2022-12-19T06:00:00+00:00,0.240030,3600
2022-12-19T07:00:00+00:00,0.249980,3600
2022-12-19T08:00:00+00:00,0.253200,3600
2022-12-19T09:00:00+00:00,0.248850,3600
2022-12-19T10:00:00+00:00,0.247050,3600
2022-12-19T11:00:00+00:00,0.248700,3600
2022-12-19T12:00:00+00:00,0.245800,3600
2022-12-19T13:00:00+00:00,0.249430,3600
2022-12-19T14:00:00+00:00,0.248810,3600
2022-12-19T15:00:00+00:00,0.249040,3600
2022-12-19T16:00:00+00:00,0.257070,3600
2022-12-19T17:00:00+00:00,0.256140,3600
2022-12-19T18:00:00+00:00,0.234620,3600
2022-12-19T19:00:00+00:00,0.206330,3600
2022-12-19T20:00:00+00:00,0.174650,3600
2022-12-19T21:00:00+00:00,0.166330,3600
2022-12-19T22:00:00+00:00,0.137370,3600
2022-12-19T23:00:00+00:00,0.108190,3600
2022-12-20T00:00:00+00:00,0.092410,3600
2022-12-20T01:00:00+00:00,0.092450,3600
2022-12-20T02:00:00+00:00,0.076350,3600
2022-12-20T03:00:00+00:00,0.081940,3600
2022-12-20T04:00:00+00:00,0.099670,3600
2022-12-20T05:00:00+00:00,0.149990,3600
2022-12-20T06:00:00+00:00,0.200000,3600
2022-12-20T07:00:00+00:00,0.223900,3600
2022-12-20T08:00:00+00:00,0.246410,3600
2022-12-20T09:00:00+00:00,0.234450,3600
2022-12-20T10:00:00+00:00,0.237900,3600
2022-12-20T11:00:00+00:00,0.224710,3600
2022-12-20T12:00:00+00:00,0.217140,3600
2022-12-20T13:00:00+00:00,0.233480,3600
2022-12-20T14:00:00+00:00,0.239390,3600
2022-12-20T15:00:00+00:00,0.233000,3600
2022-12-20T16:00:00+00:00,0.327000,3600
2022-12-20T17:00:00+00:00,0.295300,3600
2022-12-20T18:00:00+00:00,0.259900,3600
2022-12-20T19:00:00+00:00,0.258650,3600
2022-12-20T20:00:00+00:00,0.229490,3600
2022-12-20T21:00:00+00:00,0.229440,3600
2022-12-20T22:00:00+00:00,0.199900,3600
2022-12-20T23:00:00+00:00,0.203950,3600
2022-12-21T00:00:00+00:00,0.191770,3600
2022-12-21T01:00:00+00:00,0.179000,3600
2022-12-21T02:00:00+00:00,0.167930,3600
2022-12-21T03:00:00+00:00,0.168960,3600
2022-12-21T04:00:00+00:00,0.180000,3600
2022-12-21T05:00:00+00:00,0.218620,3600
2022-12-21T06:00:00+00:00,0.253160,3600
2022-12-21T07:00:00+00:00,0.273000,3600
2022-12-21T08:00:00+00:00,0.269840,3600
2022-12-21T09:00:00+00:00,0.251710,3600
2022-12-21T10:00:00+00:00,0.247870,3600
2022-12-21T11:00:00+00:00,0.238450,3600
2022-12-21T12:00:00+00:00,0.232860,3600
2022-12-21T13:00:00+00:00,0.241020,3600
2022-12-21T14:00:00+00:00,0.228960,3600
2022-12-21T15:00:00+00:00,0.225490,3600
2022-12-21T16:00:00+00:00,0.246190,3600
2022-12-21T17:00:00+00:00,0.235200,3600
2022-12-21T18:00:00+00:00,0.225960,3600
2022-12-21T19:00:00+00:00,0.225480,3600
2022-12-21T20:00:00+00:00,0.209900,3600
2022-12-21T21:00:00+00:00,0.221570,3600
2022-12-21T22:00:00+00:00,0.208600,3600
2022-12-21T23:00:00+00:00,0.158900,3600
2022-12-22T00:00:00+00:00,0.146120,3600
2022-12-22T01:00:00+00:00,0.140190,3600
2022-12-22T02:00:00+00:00,0.143670,3600
2022-12-22T03:00:00+00:00,0.128220,3600
2022-12-22T04:00:00+00:00,0.155920,3600
2022-12-22T05:00:00+00:00,0.188050,3600
2022-12-22T06:00:00+00:00,0.224870,3600
2022-12-22T07:00:00+00:00,0.224600,3600
2022-12-22T08:00:00+00:00,0.228170,3600
2022-12-22T09:00:00+00:00,0.227900,3600
2022-12-22T10:00:00+00:00,0.224530,3600
2022-12-22T11:00:00+00:00,0.224290,3600
2022-12-22T12:00:00+00:00,0.216990,3600
2022-12-22T13:00:00+00:00,0.215200,3600
2022-12-22T14:00:00+00:00,0.217350,3600
2022-12-22T15:00:00+00:00,0.220240,3600
2022-12-22T16:00:00+00:00,0.300300,3600
2022-12-22T17:00:00+00:00,0.249900,3600
2022-12-22T18:00:00+00:00,0.222050,3600
2022-12-22T19:00:00+00:00,0.242970,3600
2022-12-22T20:00:00+00:00,0.204400,3600
2022-12-22T21:00:00+00:00,0.200100,3600
2022-12-22T22:00:00+00:00,0.210000,3600
2022-12-22T23:00:00+00:00,0.148720,3600
2022-12-23T00:00:00+00:00,0.148720,3600
2022-12-23T01:00:00+00:00,0.146390,3600
2022-12-23T02:00:00+00:00,0.137870,3600
2022-12-23T03:00:00+00:00,0.141000,3600
2022-12-23T04:00:00+00:00,0.148550,3600
2022-12-23T05:00:00+00:00,0.169450,3600
2022-12-23T06:00:00+00:00,0.189190,3600
2022-12-23T07:00:00+00:00,0.217000,3600
2022-12-23T08:00:00+00:00,0.222200,3600
2022-12-23T09:00:00+00:00,0.225090,3600
2022-12-23T10:00:00+00:00,0.226460,3600
2022-12-23T11:00:00+00:00,0.219380,3600
2022-12-23T12:00:00+00:00,0.219960,3600
2022-12-23T13:00:00+00:00,0.217790,3600
2022-12-23T14:00:00+00:00,0.210460,3600
2022-12-23T15:00:00+00:00,0.213300,3600
2022-12-23T16:00:00+00:00,0.212290,3600
2022-12-23T17:00:00+00:00,0.209930,3600
2022-12-23T18:00:00+00:00,0.198440,3600
2022-12-23T19:00:00+00:00,0.181340,3600
2022-12-23T20:00:00+00:00,0.152080,3600
2022-12-23T21:00:00+00:00,0.148740,3600
2022-12-23T22:00:00+00:00,0.119900,3600
2022-12-23T23:00:00+00:00,0.081200,3600
2022-12-24T00:00:00+00:00,0.050400,3600
2022-12-24T01:00:00+00:00,0.050000,3600
2022-12-24T02:00:00+00:00,0.032520,3600
2022-12-24T03:00:00+00:00,0.036000,3600
2022-12-24T04:00:00+00:00,0.048480,3600
2022-12-24T05:00:00+00:00,0.057530,3600
2022-12-24T06:00:00+00:00,0.098200,3600
2022-12-24T07:00:00+00:00,0.122200,3600
2022-12-24T08:00:00+00:00,0.145870,3600
2022-12-24T09:00:00+00:00,0.153000,3600
2022-12-24T10:00:00+00:00,0.145020,3600
2022-12-24T11:00:00+00:00,0.138600,3600
2022-12-24T12:00:00+00:00,0.148270,3600
2022-12-24T13:00:00+00:00,0.151100,3600
2022-12-24T14:00:00+00:00,0.160330,3600
2022-12-24T15:00:00+00:00,0.163050,3600
2022-12-24T16:00:00+00:00,0.176270,3600
2022-12-24T17:00:00+00:00,0.175090,3600
2022-12-24T18:00:00+00:00,0.158380,3600
2022-12-24T19:00:00+00:00,0.129670,3600
2022-12-24T20:00:00+00:00,0.120000,3600
2022-12-24T21:00:00+00:00,0.116700,3600
2022-12-24T22:00:00+00:00,0.110780,3600
2022-12-24T23:00:00+00:00,0.120280,3600
2022-12-25T00:00:00+00:00,0.112110,3600
2022-12-25T01:00:00+00:00,0.106650,3600
2022-12-25T02:00:00+00:00,0.090840,3600
2022-12-25T03:00:00+00:00,0.085700,3600
2022-12-25T04:00:00+00:00,0.085650,3600
2022-12-25T05:00:00+00:00,0.085640,3600
2022-12-25T06:00:00+00:00,0.092700,3600
2022-12-25T07:00:00+00:00,0.110100,3600
2022-12-25T08:00:00+00:00,0.113280,3600
2022-12-25T09:00:00+00:00,0.130610,3600
2022-12-25T10:00:00+00:00,0.150000,3600
2022-12-25T11:00:00+00:00,0.172300,3600
2022-12-25T12:00:00+00:00,0.095600,3600
2022-12-25T13:00:00+00:00,0.169200,3600
2022-12-25T14:00:00+00:00,0.110080,3600
2022-12-25T15:00:00+00:00,0.120000,3600
2022-12-25T16:00:00+00:00,0.149920,3600
2022-12-25T17:00:00+00:00,0.162590,3600
2022-12-25T18:00:00+00:00,0.176200,3600
2022-12-25T19:00:00+00:00,0.140000,3600
2022-12-25T20:00:00+00:00,0.130000,3600
2022-12-25T21:00:00+00:00,0.109200,3600
2022-12-25T22:00:00+00:00,0.100000,3600
2022-12-25T23:00:00+00:00,0.050300,3600
2022-12-26T00:00:00+00:00,0.036980,3600
2022-12-26T01:00:00+00:00,0.037860,3600
2022-12-26T02:00:00+00:00,0.021300,3600
2022-12-26T03:00:00+00:00,0.017900,3600
2022-12-26T04:00:00+00:00,0.016330,3600
2022-12-26T05:00:00+00:00,0.018110,3600
2022-12-26T06:00:00+00:00,0.023290,3600
2022-12-26T07:00:00+00:00,0.038680,3600
2022-12-26T08:00:00+00:00,0.053570,3600
2022-12-26T09:00:00+00:00,0.059300,3600
2022-12-26T10:00:00+00:00,0.059000,3600
2022-12-26T11:00:00+00:00,0.054900,3600
2022-12-26T12:00:00+00:00,0.100000,3600
2022-12-26T13:00:00+00:00,0.110090,3600
2022-12-26T14:00:00+00:00,0.129900,3600
2022-12-26T15:00:00+00:00,0.132000,3600
2022-12-26T16:00:00+00:00,0.176820,3600
2022-12-26T17:00:00+00:00,0.171200,3600
2022-12-26T18:00:00+00:00,0.124000,3600
2022-12-26T19:00:00+00:00,0.120000,3600
2022-12-26T20:00:00+00:00,0.126540,3600
2022-12-26T21:00:00+00:00,0.115190,3600
2022-12-26T22:00:00+00:00,0.074900,3600
2022-12-26T23:00:00+00:00,0.042000,3600
2022-12-27T00:00:00+00:00,0.013860,3600
2022-12-27T01:00:00+00:00,0.009510,3600
2022-12-27T02:00:00+00:00,0.007930,3600
2022-12-27T03:00:00+00:00,0.033000,3600
2022-12-27T04:00:00+00:00,0.050000,3600
2022-12-27T05:00:00+00:00,0.120000,3600
2022-12-27T06:00:00+00:00,0.211000,3600
2022-12-27T07:00:00+00:00,0.198000,3600
2022-12-27T08:00:00+00:00,0.247800,3600
2022-12-27T09:00:00+00:00,0.235630,3600
2022-12-27T10:00:00+00:00,0.179200,3600
2022-12-27T11:00:00+00:00,0.170550,3600
2022-12-27T12:00:00+00:00,0.130100,3600
2022-12-27T13:00:00+00:00,0.139080,3600
2022-12-27T14:00:00+00:00,0.143320,3600
2022-12-27T15:00:00+00:00,0.147570,3600
2022-12-27T16:00:00+00:00,0.158690,3600
2022-12-27T17:00:00+00:00,0.164690,3600
2022-12-27T18:00:00+00:00,0.157040,3600
2022-12-27T19:00:00+00:00,0.147560,3600
2022-12-27T20:00:00+00:00,0.128800,3600
2022-12-27T21:00:00+00:00,0.107840,3600
2022-12-27T22:00:00+00:00,0.086940,3600
2022-12-27T23:00:00+00:00,0.040280,3600
2022-12-28T00:00:00+00:00,0.033130,3600
2022-12-28T01:00:00+00:00,0.009830,3600
2022-12-28T02:00:00+00:00,-0.001350,3600
2022-12-28T03:00:00+00:00,-0.000650,3600
2022-12-28T04:00:00+00:00,0.000780,3600
2022-12-28T05:00:00+00:00,0.017290,3600
2022-12-28T06:00:00+00:00,0.069850,3600
2022-12-28T07:00:00+00:00,0.110000,3600
2022-12-28T08:00:00+00:00,0.120000,3600
2022-12-28T09:00:00+00:00,0.118000,3600
2022-12-28T10:00:00+00:00,0.120000,3600
2022-12-28T11:00:00+00:00,0.120000,3600
2022-12-28T12:00:00+00:00,0.100000,3600
2022-12-28T13:00:00+00:00,0.074900,3600
2022-12-28T14:00:00+00:00,0.100000,3600
2022-12-28T15:00:00+00:00,0.114260,3600
2022-12-28T16:00:00+00:00,0.121260,3600
2022-12-28T17:00:00+00:00,0.119900,3600
2022-12-28T18:00:00+00:00,0.095140,3600
2022-12-28T19:00:00+00:00,0.091350,3600
2022-12-28T20:00:00+00:00,0.068180,3600
2022-12-28T21:00:00+00:00,0.042540,3600
2022-12-28T22:00:00+00:00,0.021480,3600
2022-12-28T23:00:00+00:00,-0.000810,3600
2022-12-29T00:00:00+00:00,-0.000850,3600
2022-12-29T01:00:00+00:00,-0.001500,3600
2022-12-29T02:00:00+00:00,-0.002540,3600
2022-12-29T03:00:00+00:00,-0.001960,3600
2022-12-29T04:00:00+00:00,-0.000890,3600
2022-12-29T05:00:00+00:00,-0.000590,3600
2022-12-29T06:00:00+00:00,0.000090,3600
2022-12-29T07:00:00+00:00,0.039970,3600
2022-12-29T08:00:00+00:00,0.096000,3600
2022-12-29T09:00:00+00:00,0.109230,3600
2022-12-29T10:00:00+00:00,0.109030,3600
2022-12-29T11:00:00+00:00,0.101300,3600
2022-12-29T12:00:00+00:00,0.096000,3600
2022-12-29T13:00:00+00:00,0.099900,3600
2022-12-29T14:00:00+00:00,0.110000,3600
2022-12-29T15:00:00+00:00,0.109900,3600
2022-12-29T16:00:00+00:00,0.120100,3600
2022-12-29T17:00:00+00:00,0.122430,3600
2022-12-29T18:00:00+00:00,0.120070,3600
2022-12-29T19:00:00+00:00,0.120000,3600
2022-12-29T20:00:00+00:00,0.104680,3600
2022-12-29T21:00:00+00:00,0.084340,3600
2022-12-29T22:00:00+00:00,0.036640,3600
2022-12-29T23:00:00+00:00,0.013020,3600
2022-12-30T00:00:00+00:00,0.005090,3600
2022-12-30T01:00:00+00:00,0.003090,3600
2022-12-30T02:00:00+00:00,0.000650,3600
2022-12-30T03:00:00+00:00,0.000570,3600
2022-12-30T04:00:00+00:00,0.004880,3600
2022-12-30T05:00:00+00:00,0.010890,3600
2022-12-30T06:00:00+00:00,0.023910,3600
2022-12-30T07:00:00+00:00,0.027900,3600
2022-12-30T08:00:00+00:00,0.029220,3600
2022-12-30T09:00:00+00:00,0.026200,3600
2022-12-30T10:00:00+00:00,0.024860,3600
2022-12-30T11:00:00+00:00,0.017950,3600
2022-12-30T12:00:00+00:00,0.020030,3600
2022-12-30T13:00:00+00:00,0.025740,3600
2022-12-30T14:00:00+00:00,0.028290,3600
2022-12-30T15:00:00+00:00,0.021370,3600
2022-12-30T16:00:00+00:00,0.031050,3600
2022-12-30T17:00:00+00:00,0.025000,3600
2022-12-30T18:00:00+00:00,0.024140,3600
2022-12-30T19:00:00+00:00,0.027930,3600
2022-12-30T20:00:00+00:00,0.000690,3600
2022-12-30T21:00:00+00:00,0.000400,3600
2022-12-30T22:00:00+00:00,0.000170,3600
2022-12-30T23:00:00+00:00,0.005000,3600
2022-12-31T00:00:00+00:00,0.000850,3600
2022-12-31T01:00:00+00:00,0.000370,3600
2022-12-31T02:00:00+00:00,0.000170,3600
2022-12-31T03:00:00+00:00,0.000090,3600
2022-12-31T04:00:00+00:00,0.000000,3600
2022-12-31T05:00:00+00:00,0.000000,3600
2022-12-31T06:00:00+00:00,-0.000030,3600
2022-12-31T07:00:00+00:00,0.000660,3600
2022-12-31T08:00:00+00:00,0.002070,3600
2022-12-31T09:00:00+00:00,0.001040,3600
2022-12-31T10:00:00+00:00,0.006790,3600
2022-12-31T11:00:00+00:00,0.010070,3600
2022-12-31T12:00:00+00:00,0.010590,3600
2022-12-31T13:00:00+00:00,0.016990,3600
2022-12-31T14:00:00+00:00,0.067110,3600
2022-12-31T15:00:00+00:00,0.049940,3600
2022-12-31T16:00:00+00:00,0.095000,3600
2022-12-31T17:00:00+00:00,0.082350,3600
2022-12-31T18:00:00+00:00,0.067010,3600
2022-12-31T19:00:00+00:00,0.040500,3600
2022-12-31T20:00:00+00:00,0.014890,3600
2022-12-31T21:00:00+00:00,0.009940,3600
2022-12-31T22:00:00+00:00,0.001610,3600
2022-12-31T23:00:00+00:00,-0.003610,3600
