timestamp,price_eur_kwh,resolution_s
2024-01-01T00:00:00+00:00,0.000010,3600
2024-01-01T01:00:00+00:00,0.000000,3600
2024-01-01T02:00:00+00:00,-0.000010,3600
2024-01-01T03:00:00+00:00,-0.000030,3600
2024-01-01T04:00:00+00:00,-0.000020,3600
2024-01-01T05:00:00+00:00,-0.000050,3600
2024-01-01T06:00:00+00:00,-0.000020,3600
2024-01-01T07:00:00+00:00,0.000000,3600
2024-01-01T08:00:00+00:00,0.000040,3600
2024-01-01T09:00:00+00:00,0.000060,3600
2024-01-01T10:00:00+00:00,0.000540,3600
2024-01-01T11:00:00+00:00,0.002240,3600
2024-01-01T12:00:00+00:00,0.001970,3600
2024-01-01T13:00:00+00:00,0.001130,3600
2024-01-01T14:00:00+00:00,0.003190,3600
2024-01-01T15:00:00+00:00,0.040000,3600
2024-01-01T16:00:00+00:00,0.084460,3600
2024-01-01T17:00:00+00:00,0.061740,3600
2024-01-01T18:00:00+00:00,0.061270,3600
2024-01-01T19:00:00+00:00,0.059970,3600
2024-01-01T20:00:00+00:00,0.054920,3600
2024-01-01T21:00:00+00:00,0.047650,3600
2024-01-01T22:00:00+00:00,0.035550,3600
2024-01-01T23:00:00+00:00,0.029390,3600
2024-01-02T00:00:00+00:00,0.019600,3600
2024-01-02T01:00:00+00:00,0.027330,3600
2024-01-02T02:00:00+00:00,0.016200,3600
2024-01-02T03:00:00+00:00,0.009500,3600
2024-01-02T04:00:00+00:00,0.011200,3600
2024-01-02T05:00:00+00:00,0.044430,3600
2024-01-02T06:00:00+00:00,0.056560,3600
2024-01-02T07:00:00+00:00,0.064280,3600
2024-01-02T08:00:00+00:00,0.066120,3600
2024-01-02T09:00:00+00:00,0.070600,3600
2024-01-02T10:00:00+00:00,0.078800,3600
2024-01-02T11:00:00+00:00,0.099900,3600
2024-01-02T12:00:00+00:00,0.102500,3600
2024-01-02T13:00:00+00:00,0.110600,3600
2024-01-02T14:00:00+00:00,0.105700,3600
2024-01-02T15:00:00+00:00,0.100700,3600
2024-01-02T16:00:00+00:00,0.118930,3600
2024-01-02T17:00:00+00:00,0.081300,3600
2024-01-02T18:00:00+00:00,0.070100,3600
2024-01-02T19:00:00+00:00,0.066700,3600
2024-01-02T20:00:00+00:00,0.054900,3600
2024-01-02T21:00:00+00:00,0.053180,3600
2024-01-02T22:00:00+00:00,0.054900,3600
2024-01-02T23:00:00+00:00,-0.000390,3600
2024-01-03T00:00:00+00:00,-0.001610,3600
2024-01-03T01:00:00+00:00,-0.001390,3600
2024-01-03T02:00:00+00:00,-0.001310,3600
2024-01-03T03:00:00+00:00,-0.001390,3600
2024-01-03T04:00:00+00:00,-0.001950,3600
2024-01-03T05:00:00+00:00,0.001050,3600
2024-01-03T06:00:00+00:00,0.040630,3600
2024-01-03T07:00:00+00:00,0.068300,3600
2024-01-03T08:00:00+00:00,0.075900,3600
2024-01-03T09:00:00+00:00,0.073200,3600
2024-01-03T10:00:00+00:00,0.069200,3600
2024-01-03T11:00:00+00:00,0.060000,3600
2024-01-03T12:00:00+00:00,0.058860,3600
2024-01-03T13:00:00+00:00,0.060860,3600
2024-01-03T14:00:00+00:00,0.076000,3600
2024-01-03T15:00:00+00:00,0.079000,3600
2024-01-03T16:00:00+00:00,0.101000,3600
2024-01-03T17:00:00+00:00,0.114600,3600
2024-01-03T18:00:00+00:00,0.100000,3600
2024-01-03T19:00:00+00:00,0.073230,3600
2024-01-03T20:00:00+00:00,0.067410,3600
2024-01-03T21:00:00+00:00,0.065000,3600
2024-01-03T22:00:00+00:00,0.058120,3600
2024-01-03T23:00:00+00:00,0.057300,3600
2024-01-04T00:00:00+00:00,0.050460,3600
2024-01-04T01:00:00+00:00,0.040000,3600
2024-01-04T02:00:00+00:00,0.025480,3600
2024-01-04T03:00:00+00:00,0.035000,3600
2024-01-04T04:00:00+00:00,0.057730,3600
2024-01-04T05:00:00+00:00,0.072650,3600
2024-01-04T06:00:00+00:00,0.085020,3600
2024-01-04T07:00:00+00:00,0.091470,3600
2024-01-04T08:00:00+00:00,0.094200,3600
2024-01-04T09:00:00+00:00,0.091610,3600
2024-01-04T10:00:00+00:00,0.090030,3600
2024-01-04T11:00:00+00:00,0.086280,3600
2024-01-04T12:00:00+00:00,0.085960,3600
2024-01-04T13:00:00+00:00,0.092110,3600
2024-01-04T14:00:00+00:00,0.098620,3600
2024-01-04T15:00:00+00:00,0.104450,3600
2024-01-04T16:00:00+00:00,0.130210,3600
2024-01-04T17:00:00+00:00,0.140670,3600
2024-01-04T18:00:00+00:00,0.123100,3600
2024-01-04T19:00:00+00:00,0.101650,3600
2024-01-04T20:00:00+00:00,0.096770,3600
2024-01-04T21:00:00+00:00,0.093040,3600
2024-01-04T22:00:00+00:00,0.088610,3600
2024-01-04T23:00:00+00:00,0.086080,3600
2024-01-05T00:00:00+00:00,0.080510,3600
2024-01-05T01:00:00+00:00,0.077010,3600
2024-01-05T02:00:00+00:00,0.072880,3600
2024-01-05T03:00:00+00:00,0.072120,3600
2024-01-05T04:00:00+00:00,0.074520,3600
2024-01-05T05:00:00+00:00,0.080110,3600
2024-01-05T06:00:00+00:00,0.087170,3600
2024-01-05T07:00:00+00:00,0.089780,3600
2024-01-05T08:00:00+00:00,0.095000,3600
2024-01-05T09:00:00+00:00,0.096290,3600
2024-01-05T10:00:00+00:00,0.098220,3600
2024-01-05T11:00:00+00:00,0.092290,3600
2024-01-05T12:00:00+00:00,0.091650,3600
2024-01-05T13:00:00+00:00,0.096500,3600
2024-01-05T14:00:00+00:00,0.100130,3600
2024-01-05T15:00:00+00:00,0.103030,3600
2024-01-05T16:00:00+00:00,0.107430,3600
2024-01-05T17:00:00+00:00,0.108470,3600
2024-01-05T18:00:00+00:00,0.104000,3600
2024-01-05T19:00:00+00:00,0.100130,3600
2024-01-05T20:00:00+00:00,0.094210,3600
2024-01-05T21:00:00+00:00,0.094920,3600
2024-01-05T22:00:00+00:00,0.086800,3600
2024-01-05T23:00:00+00:00,0.082250,3600
2024-01-06T00:00:00+00:00,0.080200,3600
2024-01-06T01:00:00+00:00,0.076130,3600
2024-01-06T02:00:00+00:00,0.073010,3600
2024-01-06T03:00:00+00:00,0.073010,3600
2024-01-06T04:00:00+00:00,0.074590,3600
2024-01-06T05:00:00+00:00,0.075100,3600
2024-01-06T06:00:00+00:00,0.081390,3600
2024-01-06T07:00:00+00:00,0.088400,3600
2024-01-06T08:00:00+00:00,0.092230,3600
2024-01-06T09:00:00+00:00,0.097300,3600
2024-01-06T10:00:00+00:00,0.100430,3600
2024-01-06T11:00:00+00:00,0.099160,3600
2024-01-06T12:00:00+00:00,0.094520,3600
2024-01-06T13:00:00+00:00,0.092450,3600
2024-01-06T14:00:00+00:00,0.094180,3600
2024-01-06T15:00:00+00:00,0.099220,3600
2024-01-06T16:00:00+00:00,0.104690,3600
2024-01-06T17:00:00+00:00,0.103630,3600
2024-01-06T18:00:00+00:00,0.099000,3600
2024-01-06T19:00:00+00:00,0.092140,3600
2024-01-06T20:00:00+00:00,0.088000,3600
2024-01-06T21:00:00+00:00,0.086570,3600
2024-01-06T22:00:00+00:00,0.079870,3600
2024-01-06T23:00:00+00:00,0.084080,3600
2024-01-07T00:00:00+00:00,0.079820,3600
2024-01-07T01:00:00+00:00,0.076760,3600
2024-01-07T02:00:00+00:00,0.073460,3600
2024-01-07T03:00:00+00:00,0.071860,3600
2024-01-07T04:00:00+00:00,0.072080,3600
2024-01-07T05:00:00+00:00,0.074900,3600
2024-01-07T06:00:00+00:00,0.077690,3600
2024-01-07T07:00:00+00:00,0.081790,3600
2024-01-07T08:00:00+00:00,0.084860,3600
2024-01-07T09:00:00+00:00,0.087140,3600
2024-01-07T10:00:00+00:00,0.089130,3600
2024-01-07T11:00:00+00:00,0.088660,3600
2024-01-07T12:00:00+00:00,0.084810,3600
2024-01-07T13:00:00+00:00,0.084340,3600
2024-01-07T14:00:00+00:00,0.088010,3600
2024-01-07T15:00:00+00:00,0.093420,3600
2024-01-07T16:00:00+00:00,0.101770,3600
2024-01-07T17:00:00+00:00,0.104850,3600
2024-01-07T18:00:00+00:00,0.103550,3600
2024-01-07T19:00:00+00:00,0.100500,3600
2024-01-07T20:00:00+00:00,0.093310,3600
2024-01-07T21:00:00+00:00,0.091170,3600
2024-01-07T22:00:00+00:00,0.083860,3600
2024-01-07T23:00:00+00:00,0.087020,3600
2024-01-08T00:00:00+00:00,0.084350,3600
2024-01-08T01:00:00+00:00,0.081710,3600
2024-01-08T02:00:00+00:00,0.079000,3600
2024-01-08T03:00:00+00:00,0.078470,3600
2024-01-08T04:00:00+00:00,0.082100,3600
2024-01-08T05:00:00+00:00,0.094300,3600
2024-01-08T06:00:00+00:00,0.111090,3600
2024-01-08T07:00:00+00:00,0.121110,3600
2024-01-08T08:00:00+00:00,0.117830,3600
2024-01-08T09:00:00+00:00,0.110580,3600
2024-01-08T10:00:00+00:00,0.103000,3600
2024-01-08T11:00:00+00:00,0.084900,3600
2024-01-08T12:00:00+00:00,0.089560,3600
2024-01-08T13:00:00+00:00,0.100000,3600
2024-01-08T14:00:00+00:00,0.107980,3600
2024-01-08T15:00:00+00:00,0.116390,3600
2024-01-08T16:00:00+00:00,0.129150,3600
2024-01-08T17:00:00+00:00,0.125080,3600
2024-01-08T18:00:00+00:00,0.111900,3600
2024-01-08T19:00:00+00:00,0.100100,3600
2024-01-08T20:00:00+00:00,0.091000,3600
2024-01-08T21:00:00+00:00,0.092000,3600
2024-01-08T22:00:00+00:00,0.091490,3600
2024-01-08T23:00:00+00:00,0.080950,3600
2024-01-09T00:00:00+00:00,0.079980,3600
2024-01-09T01:00:00+00:00,0.085000,3600
2024-01-09T02:00:00+00:00,0.083420,3600
2024-01-09T03:00:00+00:00,0.080570,3600
2024-01-09T04:00:00+00:00,0.085800,3600
2024-01-09T05:00:00+00:00,0.083900,3600
2024-01-09T06:00:00+00:00,0.091120,3600
2024-01-09T07:00:00+00:00,0.125700,3600
2024-01-09T08:00:00+00:00,0.119960,3600
2024-01-09T09:00:00+00:00,0.098000,3600
2024-01-09T10:00:00+00:00,0.090000,3600
2024-01-09T11:00:00+00:00,0.078800,3600
2024-01-09T12:00:00+00:00,0.077780,3600
2024-01-09T13:00:00+00:00,0.085000,3600
2024-01-09T14:00:00+00:00,0.099900,3600
2024-01-09T15:00:00+00:00,0.112670,3600
2024-01-09T16:00:00+00:00,0.135690,3600
2024-01-09T17:00:00+00:00,0.129250,3600
2024-01-09T18:00:00+00:00,0.126300,3600
2024-01-09T19:00:00+00:00,0.108820,3600
2024-01-09T20:00:00+00:00,0.093660,3600
2024-01-09T21:00:00+00:00,0.084900,3600
2024-01-09T22:00:00+00:00,0.088000,3600
2024-01-09T23:00:00+00:00,0.075540,3600
2024-01-10T00:00:00+00:00,0.086760,3600
2024-01-10T01:00:00+00:00,0.086730,3600
2024-01-10T02:00:00+00:00,0.081220,3600
2024-01-10T03:00:00+00:00,0.080480,3600
2024-01-10T04:00:00+00:00,0.077900,3600
2024-01-10T05:00:00+00:00,0.079300,3600
2024-01-10T06:00:00+00:00,0.096000,3600
2024-01-10T07:00:00+00:00,0.132520,3600
2024-01-10T08:00:00+00:00,0.130390,3600
2024-01-10T09:00:00+00:00,0.111210,3600
2024-01-10T10:00:00+00:00,0.109130,3600
2024-01-10T11:00:00+00:00,0.089100,3600
2024-01-10T12:00:00+00:00,0.087450,3600
2024-01-10T13:00:00+00:00,0.084900,3600
2024-01-10T14:00:00+00:00,0.106340,3600
2024-01-10T15:00:00+00:00,0.127940,3600
2024-01-10T16:00:00+00:00,0.143790,3600
2024-01-10T17:00:00+00:00,0.140000,3600
2024-01-10T18:00:00+00:00,0.132150,3600
2024-01-10T19:00:00+00:00,0.120000,3600
2024-01-10T20:00:00+00:00,0.097300,3600
2024-01-10T21:00:00+00:00,0.091300,3600
2024-01-10T22:00:00+00:00,0.082310,3600
2024-01-10T23:00:00+00:00,0.091750,3600
2024-01-11T00:00:00+00:00,0.088590,3600
2024-01-11T01:00:00+00:00,0.087250,3600
2024-01-11T02:00:00+00:00,0.082380,3600
2024-01-11T03:00:00+00:00,0.081200,3600
2024-01-11T04:00:00+00:00,0.079600,3600
2024-01-11T05:00:00+00:00,0.090000,3600
2024-01-11T06:00:00+00:00,0.116870,3600
2024-01-11T07:00:00+00:00,0.141000,3600
2024-01-11T08:00:00+00:00,0.129160,3600
2024-01-11T09:00:00+00:00,0.113650,3600
2024-01-11T10:00:00+00:00,0.106480,3600
2024-01-11T11:00:00+00:00,0.099380,3600
2024-01-11T12:00:00+00:00,0.099000,3600
2024-01-11T13:00:00+00:00,0.105980,3600
2024-01-11T14:00:00+00:00,0.117310,3600
2024-01-11T15:00:00+00:00,0.132620,3600
2024-01-11T16:00:00+00:00,0.147060,3600
2024-01-11T17:00:00+00:00,0.136700,3600
2024-01-11T18:00:00+00:00,0.132310,3600
2024-01-11T19:00:00+00:00,0.117880,3600
2024-01-11T20:00:00+00:00,0.107190,3600
2024-01-11T21:00:00+00:00,0.100000,3600
2024-01-11T22:00:00+00:00,0.081000,3600
2024-01-11T23:00:00+00:00,0.082120,3600
2024-01-12T00:00:00+00:00,0.080630,3600
2024-01-12T01:00:00+00:00,0.083130,3600
2024-01-12T02:00:00+00:00,0.077290,3600
2024-01-12T03:00:00+00:00,0.078000,3600
2024-01-12T04:00:00+00:00,0.079180,3600
2024-01-12T05:00:00+00:00,0.081320,3600
2024-01-12T06:00:00+00:00,0.118200,3600
2024-01-12T07:00:00+00:00,0.140740,3600
2024-01-12T08:00:00+00:00,0.134960,3600
2024-01-12T09:00:00+00:00,0.122010,3600
2024-01-12T10:00:00+00:00,0.114730,3600
2024-01-12T11:00:00+00:00,0.106980,3600
2024-01-12T12:00:00+00:00,0.103080,3600
2024-01-12T13:00:00+00:00,0.104540,3600
2024-01-12T14:00:00+00:00,0.110000,3600
2024-01-12T15:00:00+00:00,0.120000,3600
2024-01-12T16:00:00+00:00,0.127500,3600
2024-01-12T17:00:00+00:00,0.126000,3600
2024-01-12T18:00:00+00:00,0.119470,3600
2024-01-12T19:00:00+00:00,0.107130,3600
2024-01-12T20:00:00+00:00,0.091700,3600
2024-01-12T21:00:00+00:00,0.085020,3600
2024-01-12T22:00:00+00:00,0.082490,3600
2024-01-12T23:00:00+00:00,0.090000,3600
2024-01-13T00:00:00+00:00,0.085430,3600
2024-01-13T01:00:00+00:00,0.082000,3600
2024-01-13T02:00:00+00:00,0.078470,3600
2024-01-13T03:00:00+00:00,0.075000,3600
2024-01-13T04:00:00+00:00,0.074940,3600
2024-01-13T05:00:00+00:00,0.078160,3600
2024-01-13T06:00:00+00:00,0.077900,3600
2024-01-13T07:00:00+00:00,0.074920,3600
2024-01-13T08:00:00+00:00,0.085400,3600
2024-01-13T09:00:00+00:00,0.088400,3600
2024-01-13T10:00:00+00:00,0.086100,3600
2024-01-13T11:00:00+00:00,0.079700,3600
2024-01-13T12:00:00+00:00,0.080820,3600
2024-01-13T13:00:00+00:00,0.081500,3600
2024-01-13T14:00:00+00:00,0.087000,3600
2024-01-13T15:00:00+00:00,0.097300,3600
2024-01-13T16:00:00+00:00,0.114600,3600
2024-01-13T17:00:00+00:00,0.102800,3600
2024-01-13T18:00:00+00:00,0.084600,3600
2024-01-13T19:00:00+00:00,0.075470,3600
2024-01-13T20:00:00+00:00,0.081000,3600
2024-01-13T21:00:00+00:00,0.085000,3600
2024-01-13T22:00:00+00:00,0.080000,3600
2024-01-13T23:00:00+00:00,0.074900,3600
2024-01-14T00:00:00+00:00,0.074010,3600
2024-01-14T01:00:00+00:00,0.069900,3600
2024-01-14T02:00:00+00:00,0.068240,3600
2024-01-14T03:00:00+00:00,0.071920,3600
2024-01-14T04:00:00+00:00,0.080000,3600
2024-01-14T05:00:00+00:00,0.071030,3600
2024-01-14T06:00:00+00:00,0.075920,3600
2024-01-14T07:00:00+00:00,0.079270,3600
2024-01-14T08:00:00+00:00,0.093000,3600
2024-01-14T09:00:00+00:00,0.097110,3600
2024-01-14T10:00:00+00:00,0.087200,3600
2024-01-14T11:00:00+00:00,0.080390,3600
2024-01-14T12:00:00+00:00,0.077040,3600
2024-01-14T13:00:00+00:00,0.079150,3600
2024-01-14T14:00:00+00:00,0.082320,3600
2024-01-14T15:00:00+00:00,0.086620,3600
2024-01-14T16:00:00+00:00,0.091860,3600
2024-01-14T17:00:00+00:00,0.094900,3600
2024-01-14T18:00:00+00:00,0.085000,3600
2024-01-14T19:00:00+00:00,0.079060,3600
2024-01-14T20:00:00+00:00,0.078600,3600
2024-01-14T21:00:00+00:00,0.075390,3600
2024-01-14T22:00:00+00:00,0.067190,3600
2024-01-14T23:00:00+00:00,0.067900,3600
2024-01-15T00:00:00+00:00,0.065000,3600
2024-01-15T01:00:00+00:00,0.063940,3600
2024-01-15T02:00:00+00:00,0.062040,3600
2024-01-15T03:00:00+00:00,0.062040,3600
2024-01-15T04:00:00+00:00,0.069250,3600
2024-01-15T05:00:00+00:00,0.080180,3600
2024-01-15T06:00:00+00:00,0.084400,3600
2024-01-15T07:00:00+00:00,0.099340,3600
2024-01-15T08:00:00+00:00,0.100300,3600
2024-01-15T09:00:00+00:00,0.094890,3600
2024-01-15T10:00:00+00:00,0.090200,3600
2024-01-15T11:00:00+00:00,0.081180,3600
2024-01-15T12:00:00+00:00,0.082200,3600
2024-01-15T13:00:00+00:00,0.084600,3600
2024-01-15T14:00:00+00:00,0.089570,3600
2024-01-15T15:00:00+00:00,0.097620,3600
2024-01-15T16:00:00+00:00,0.106510,3600
2024-01-15T17:00:00+00:00,0.112810,3600
2024-01-15T18:00:00+00:00,0.105130,3600
2024-01-15T19:00:00+00:00,0.094400,3600
2024-01-15T20:00:00+00:00,0.079040,3600
2024-01-15T21:00:00+00:00,0.077760,3600
2024-01-15T22:00:00+00:00,0.078500,3600
2024-01-15T23:00:00+00:00,0.068000,3600
2024-01-16T00:00:00+00:00,0.076510,3600
2024-01-16T01:00:00+00:00,0.077430,3600
2024-01-16T02:00:00+00:00,0.076820,3600
2024-01-16T03:00:00+00:00,0.073050,3600
2024-01-16T04:00:00+00:00,0.072610,3600
2024-01-16T05:00:00+00:00,0.092400,3600
2024-01-16T06:00:00+00:00,0.115800,3600
2024-01-16T07:00:00+00:00,0.144110,3600
2024-01-16T08:00:00+00:00,0.138600,3600
2024-01-16T09:00:00+00:00,0.122000,3600
2024-01-16T10:00:00+00:00,0.110000,3600
2024-01-16T11:00:00+00:00,0.088000,3600
2024-01-16T12:00:00+00:00,0.088100,3600
2024-01-16T13:00:00+00:00,0.084000,3600
2024-01-16T14:00:00+00:00,0.110290,3600
2024-01-16T15:00:00+00:00,0.111690,3600
2024-01-16T16:00:00+00:00,0.128300,3600
2024-01-16T17:00:00+00:00,0.122100,3600
2024-01-16T18:00:00+00:00,0.102000,3600
2024-01-16T19:00:00+00:00,0.089970,3600
2024-01-16T20:00:00+00:00,0.084000,3600
2024-01-16T21:00:00+00:00,0.082210,3600
2024-01-16T22:00:00+00:00,0.075200,3600
2024-01-16T23:00:00+00:00,0.071800,3600
2024-01-17T00:00:00+00:00,0.071650,3600
2024-01-17T01:00:00+00:00,0.070730,3600
2024-01-17T02:00:00+00:00,0.069790,3600
2024-01-17T03:00:00+00:00,0.069540,3600
2024-01-17T04:00:00+00:00,0.071310,3600
2024-01-17T05:00:00+00:00,0.075570,3600
2024-01-17T06:00:00+00:00,0.084940,3600
2024-01-17T07:00:00+00:00,0.096740,3600
2024-01-17T08:00:00+00:00,0.106180,3600
2024-01-17T09:00:00+00:00,0.110330,3600
2024-01-17T10:00:00+00:00,0.111100,3600
2024-01-17T11:00:00+00:00,0.113740,3600
2024-01-17T12:00:00+00:00,0.116730,3600
2024-01-17T13:00:00+00:00,0.118000,3600
2024-01-17T14:00:00+00:00,0.122620,3600
2024-01-17T15:00:00+00:00,0.126550,3600
2024-01-17T16:00:00+00:00,0.136910,3600
2024-01-17T17:00:00+00:00,0.122510,3600
2024-01-17T18:00:00+00:00,0.113100,3600
2024-01-17T19:00:00+00:00,0.099160,3600
2024-01-17T20:00:00+00:00,0.093730,3600
2024-01-17T21:00:00+00:00,0.089100,3600
2024-01-17T22:00:00+00:00,0.083210,3600
2024-01-17T23:00:00+00:00,0.080300,3600
2024-01-18T00:00:00+00:00,0.076990,3600
2024-01-18T01:00:00+00:00,0.074670,3600
2024-01-18T02:00:00+00:00,0.074180,3600
2024-01-18T03:00:00+00:00,0.076090,3600
2024-01-18T04:00:00+00:00,0.077600,3600
2024-01-18T05:00:00+00:00,0.089090,3600
2024-01-18T06:00:00+00:00,0.109230,3600
2024-01-18T07:00:00+00:00,0.121980,3600
2024-01-18T08:00:00+00:00,0.118260,3600
2024-01-18T09:00:00+00:00,0.110400,3600
2024-01-18T10:00:00+00:00,0.080000,3600
2024-01-18T11:00:00+00:00,0.083950,3600
2024-01-18T12:00:00+00:00,0.070640,3600
2024-01-18T13:00:00+00:00,0.086610,3600
2024-01-18T14:00:00+00:00,0.085800,3600
2024-01-18T15:00:00+00:00,0.098680,3600
2024-01-18T16:00:00+00:00,0.103750,3600
2024-01-18T17:00:00+00:00,0.103350,3600
2024-01-18T18:00:00+00:00,0.087850,3600
2024-01-18T19:00:00+00:00,0.081000,3600
2024-01-18T20:00:00+00:00,0.083140,3600
2024-01-18T21:00:00+00:00,0.076630,3600
2024-01-18T22:00:00+00:00,0.073610,3600
2024-01-18T23:00:00+00:00,0.069140,3600
2024-01-19T00:00:00+00:00,0.066260,3600
2024-01-19T01:00:00+00:00,0.063000,3600
2024-01-19T02:00:00+00:00,0.062760,3600
2024-01-19T03:00:00+00:00,0.063320,3600
2024-01-19T04:00:00+00:00,0.066900,3600
2024-01-19T05:00:00+00:00,0.076490,3600
2024-01-19T06:00:00+00:00,0.086000,3600
2024-01-19T07:00:00+00:00,0.104270,3600
2024-01-19T08:00:00+00:00,0.099910,3600
2024-01-19T09:00:00+00:00,0.087530,3600
2024-01-19T10:00:00+00:00,0.084000,3600
2024-01-19T11:00:00+00:00,0.072210,3600
2024-01-19T12:00:00+00:00,0.073360,3600
2024-01-19T13:00:00+00:00,0.075220,3600
2024-01-19T14:00:00+00:00,0.073040,3600
2024-01-19T15:00:00+00:00,0.084900,3600
2024-01-19T16:00:00+00:00,0.093750,3600
2024-01-19T17:00:00+00:00,0.087900,3600
2024-01-19T18:00:00+00:00,0.074900,3600
2024-01-19T19:00:00+00:00,0.072950,3600
2024-01-19T20:00:00+00:00,0.071120,3600
2024-01-19T21:00:00+00:00,0.068640,3600
2024-01-19T22:00:00+00:00,0.064750,3600
2024-01-19T23:00:00+00:00,0.066000,3600
2024-01-20T00:00:00+00:00,0.067510,3600
2024-01-20T01:00:00+00:00,0.063540,3600
2024-01-20T02:00:00+00:00,0.061820,3600
2024-01-20T03:00:00+00:00,0.061850,3600
2024-01-20T04:00:00+00:00,0.061750,3600
2024-01-20T05:00:00+00:00,0.062590,3600
2024-01-20T06:00:00+00:00,0.066900,3600
2024-01-20T07:00:00+00:00,0.074820,3600
2024-01-20T08:00:00+00:00,0.077900,3600
2024-01-20T09:00:00+00:00,0.071800,3600
2024-01-20T10:00:00+00:00,0.069600,3600
2024-01-20T11:00:00+00:00,0.064890,3600
2024-01-20T12:00:00+00:00,0.066900,3600
2024-01-20T13:00:00+00:00,0.073370,3600
2024-01-20T14:00:00+00:00,0.079140,3600
2024-01-20T15:00:00+00:00,0.087860,3600
2024-01-20T16:00:00+00:00,0.094980,3600
2024-01-20T17:00:00+00:00,0.099890,3600
2024-01-20T18:00:00+00:00,0.091570,3600
2024-01-20T19:00:00+00:00,0.080000,3600
2024-01-20T20:00:00+00:00,0.075720,3600
2024-01-20T21:00:00+00:00,0.070420,3600
2024-01-20T22:00:00+00:00,0.069130,3600
2024-01-20T23:00:00+00:00,0.062500,3600
2024-01-21T00:00:00+00:00,0.057000,3600
2024-01-21T01:00:00+00:00,0.055150,3600
2024-01-21T02:00:00+00:00,0.050890,3600
2024-01-21T03:00:00+00:00,0.048310,3600
2024-01-21T04:00:00+00:00,0.046940,3600
2024-01-21T05:00:00+00:00,0.045000,3600
2024-01-21T06:00:00+00:00,0.042170,3600
2024-01-21T07:00:00+00:00,0.051000,3600
2024-01-21T08:00:00+00:00,0.060000,3600
2024-01-21T09:00:00+00:00,0.059090,3600
2024-01-21T10:00:00+00:00,0.056240,3600
2024-01-21T11:00:00+00:00,0.059900,3600
2024-01-21T12:00:00+00:00,0.052740,3600
2024-01-21T13:00:00+00:00,0.055840,3600
2024-01-21T14:00:00+00:00,0.057210,3600
2024-01-21T15:00:00+00:00,0.055530,3600
2024-01-21T16:00:00+00:00,0.068790,3600
2024-01-21T17:00:00+00:00,0.082000,3600
2024-01-21T18:00:00+00:00,0.064000,3600
2024-01-21T19:00:00+00:00,0.060200,3600
2024-01-21T20:00:00+00:00,0.057000,3600
2024-01-21T21:00:00+00:00,0.054260,3600
2024-01-21T22:00:00+00:00,0.053270,3600
2024-01-21T23:00:00+00:00,0.044080,3600
2024-01-22T00:00:00+00:00,0.049990,3600
2024-01-22T01:00:00+00:00,0.045000,3600
2024-01-22T02:00:00+00:00,0.027920,3600
2024-01-22T03:00:00+00:00,0.018000,3600
2024-01-22T04:00:00+00:00,0.020500,3600
2024-01-22T05:00:00+00:00,0.042270,3600
2024-01-22T06:00:00+00:00,0.068500,3600
2024-01-22T07:00:00+00:00,0.130000,3600
2024-01-22T08:00:00+00:00,0.089600,3600
2024-01-22T09:00:00+00:00,0.074340,3600
2024-01-22T10:00:00+00:00,0.060600,3600
2024-01-22T11:00:00+00:00,0.057010,3600
2024-01-22T12:00:00+00:00,0.056520,3600
2024-01-22T13:00:00+00:00,0.058550,3600
2024-01-22T14:00:00+00:00,0.060470,3600
2024-01-22T15:00:00+00:00,0.067000,3600
2024-01-22T16:00:00+00:00,0.088770,3600
2024-01-22T17:00:00+00:00,0.110300,3600
2024-01-22T18:00:00+00:00,0.098100,3600
2024-01-22T19:00:00+00:00,0.067430,3600
2024-01-22T20:00:00+00:00,0.064410,3600
2024-01-22T21:00:00+00:00,0.056220,3600
2024-01-22T22:00:00+00:00,0.050350,3600
2024-01-22T23:00:00+00:00,0.016840,3600
2024-01-23T00:00:00+00:00,0.010990,3600
2024-01-23T01:00:00+00:00,0.010000,3600
2024-01-23T02:00:00+00:00,0.005000,3600
2024-01-23T03:00:00+00:00,0.010840,3600
2024-01-23T04:00:00+00:00,0.039510,3600
2024-01-23T05:00:00+00:00,0.061510,3600
2024-01-23T06:00:00+00:00,0.088250,3600
2024-01-23T07:00:00+00:00,0.115800,3600
2024-01-23T08:00:00+00:00,0.096680,3600
2024-01-23T09:00:00+00:00,0.080900,3600
2024-01-23T10:00:00+00:00,0.065000,3600
2024-01-23T11:00:00+00:00,0.064130,3600
2024-01-23T12:00:00+00:00,0.063360,3600
2024-01-23T13:00:00+00:00,0.070020,3600
2024-01-23T14:00:00+00:00,0.074300,3600
2024-01-23T15:00:00+00:00,0.077190,3600
2024-01-23T16:00:00+00:00,0.081810,3600
2024-01-23T17:00:00+00:00,0.084890,3600
2024-01-23T18:00:00+00:00,0.075350,3600
2024-01-23T19:00:00+00:00,0.065000,3600
2024-01-23T20:00:00+00:00,0.063200,3600
2024-01-23T21:00:00+00:00,0.053400,3600
2024-01-23T22:00:00+00:00,0.035000,3600
2024-01-23T23:00:00+00:00,0.004850,3600
2024-01-24T00:00:00+00:00,0.002120,3600
2024-01-24T01:00:00+00:00,0.000000,3600
2024-01-24T02:00:00+00:00,-0.003890,3600
2024-01-24T03:00:00+00:00,-0.005000,3600
2024-01-24T04:00:00+00:00,0.000000,3600
2024-01-24T05:00:00+00:00,0.016650,3600
2024-01-24T06:00:00+00:00,0.067500,3600
2024-01-24T07:00:00+00:00,0.095000,3600
2024-01-24T08:00:00+00:00,0.093330,3600
2024-01-24T09:00:00+00:00,0.068000,3600
2024-01-24T10:00:00+00:00,0.052210,3600
2024-01-24T11:00:00+00:00,0.039320,3600
2024-01-24T12:00:00+00:00,0.038300,3600
2024-01-24T13:00:00+00:00,0.046500,3600
2024-01-24T14:00:00+00:00,0.068430,3600
2024-01-24T15:00:00+00:00,0.080000,3600
2024-01-24T16:00:00+00:00,0.098000,3600
2024-01-24T17:00:00+00:00,0.092720,3600
2024-01-24T18:00:00+00:00,0.100100,3600
2024-01-24T19:00:00+00:00,0.084000,3600
2024-01-24T20:00:00+00:00,0.081990,3600
2024-01-24T21:00:00+00:00,0.071800,3600
2024-01-24T22:00:00+00:00,0.081800,3600
2024-01-24T23:00:00+00:00,0.064900,3600
2024-01-25T00:00:00+00:00,0.056100,3600
2024-01-25T01:00:00+00:00,0.067200,3600
2024-01-25T02:00:00+00:00,0.075000,3600
2024-01-25T03:00:00+00:00,0.075310,3600
2024-01-25T04:00:00+00:00,0.075900,3600
2024-01-25T05:00:00+00:00,0.078580,3600
2024-01-25T06:00:00+00:00,0.092100,3600
2024-01-25T07:00:00+00:00,0.103020,3600
2024-01-25T08:00:00+00:00,0.094000,3600
2024-01-25T09:00:00+00:00,0.083960,3600
2024-01-25T10:00:00+00:00,0.078660,3600
2024-01-25T11:00:00+00:00,0.074950,3600
2024-01-25T12:00:00+00:00,0.076550,3600
2024-01-25T13:00:00+00:00,0.084220,3600
2024-01-25T14:00:00+00:00,0.088610,3600
2024-01-25T15:00:00+00:00,0.096980,3600
2024-01-25T16:00:00+00:00,0.116000,3600
2024-01-25T17:00:00+00:00,0.112400,3600
2024-01-25T18:00:00+00:00,0.098530,3600
2024-01-25T19:00:00+00:00,0.079910,3600
2024-01-25T20:00:00+00:00,0.084280,3600
2024-01-25T21:00:00+00:00,0.079400,3600
2024-01-25T22:00:00+00:00,0.074170,3600
2024-01-25T23:00:00+00:00,0.062800,3600
2024-01-26T00:00:00+00:00,0.062000,3600
2024-01-26T01:00:00+00:00,0.058490,3600
2024-01-26T02:00:00+00:00,0.054790,3600
2024-01-26T03:00:00+00:00,0.047400,3600
2024-01-26T04:00:00+00:00,0.050870,3600
2024-01-26T05:00:00+00:00,0.058150,3600
2024-01-26T06:00:00+00:00,0.071980,3600
2024-01-26T07:00:00+00:00,0.077450,3600
2024-01-26T08:00:00+00:00,0.080100,3600
2024-01-26T09:00:00+00:00,0.071340,3600
2024-01-26T10:00:00+00:00,0.058940,3600
2024-01-26T11:00:00+00:00,0.052080,3600
2024-01-26T12:00:00+00:00,0.046300,3600
2024-01-26T13:00:00+00:00,0.050000,3600
2024-01-26T14:00:00+00:00,0.051170,3600
2024-01-26T15:00:00+00:00,0.075000,3600
2024-01-26T16:00:00+00:00,0.095000,3600
2024-01-26T17:00:00+00:00,0.135570,3600
2024-01-26T18:00:00+00:00,0.111120,3600
2024-01-26T19:00:00+00:00,0.095800,3600
2024-01-26T20:00:00+00:00,0.082000,3600
2024-01-26T21:00:00+00:00,0.084200,3600
2024-01-26T22:00:00+00:00,0.079360,3600
2024-01-26T23:00:00+00:00,0.074500,3600
2024-01-27T00:00:00+00:00,0.068900,3600
2024-01-27T01:00:00+00:00,0.065900,3600
2024-01-27T02:00:00+00:00,0.059000,3600
2024-01-27T03:00:00+00:00,0.056490,3600
2024-01-27T04:00:00+00:00,0.058580,3600
2024-01-27T05:00:00+00:00,0.059980,3600
2024-01-27T06:00:00+00:00,0.066900,3600
2024-01-27T07:00:00+00:00,0.086760,3600
2024-01-27T08:00:00+00:00,0.086200,3600
2024-01-27T09:00:00+00:00,0.080170,3600
2024-01-27T10:00:00+00:00,0.060330,3600
2024-01-27T11:00:00+00:00,0.055840,3600
2024-01-27T12:00:00+00:00,0.053880,3600
2024-01-27T13:00:00+00:00,0.059730,3600
2024-01-27T14:00:00+00:00,0.078200,3600
2024-01-27T15:00:00+00:00,0.082400,3600
2024-01-27T16:00:00+00:00,0.091220,3600
2024-01-27T17:00:00+00:00,0.095970,3600
2024-01-27T18:00:00+00:00,0.092620,3600
2024-01-27T19:00:00+00:00,0.084430,3600
2024-01-27T20:00:00+00:00,0.075960,3600
2024-01-27T21:00:00+00:00,0.075970,3600
2024-01-27T22:00:00+00:00,0.072700,3600
2024-01-27T23:00:00+00:00,0.066770,3600
2024-01-28T00:00:00+00:00,0.060700,3600
2024-01-28T01:00:00+00:00,0.059100,3600
2024-01-28T02:00:00+00:00,0.058890,3600
2024-01-28T03:00:00+00:00,0.059970,3600
2024-01-28T04:00:00+00:00,0.062410,3600
2024-01-28T05:00:00+00:00,0.059320,3600
2024-01-28T06:00:00+00:00,0.058980,3600
2024-01-28T07:00:00+00:00,0.059200,3600
2024-01-28T08:00:00+00:00,0.055220,3600
2024-01-28T09:00:00+00:00,0.051350,3600
2024-01-28T10:00:00+00:00,0.045510,3600
2024-01-28T11:00:00+00:00,0.041240,3600
2024-01-28T12:00:00+00:00,0.040250,3600
2024-01-28T13:00:00+00:00,0.049710,3600
2024-01-28T14:00:00+00:00,0.054900,3600
2024-01-28T15:00:00+00:00,0.066290,3600
2024-01-28T16:00:00+00:00,0.076420,3600
2024-01-28T17:00:00+00:00,0.074700,3600
2024-01-28T18:00:00+00:00,0.070160,3600
2024-01-28T19:00:00+00:00,0.068610,3600
2024-01-28T20:00:00+00:00,0.057570,3600
2024-01-28T21:00:00+00:00,0.059660,3600
2024-01-28T22:00:00+00:00,0.056000,3600
2024-01-28T23:00:00+00:00,0.049970,3600
2024-01-29T00:00:00+00:00,0.047260,3600
2024-01-29T01:00:00+00:00,0.048120,3600
2024-01-29T02:00:00+00:00,0.047970,3600
2024-01-29T03:00:00+00:00,0.051580,3600
2024-01-29T04:00:00+00:00,0.060060,3600
2024-01-29T05:00:00+00:00,0.080150,3600
2024-01-29T06:00:00+00:00,0.092690,3600
2024-01-29T07:00:00+00:00,0.099200,3600
2024-01-29T08:00:00+00:00,0.088390,3600
2024-01-29T09:00:00+00:00,0.078900,3600
2024-01-29T10:00:00+00:00,0.071270,3600
2024-01-29T11:00:00+00:00,0.070240,3600
2024-01-29T12:00:00+00:00,0.074870,3600
2024-01-29T13:00:00+00:00,0.081990,3600
2024-01-29T14:00:00+00:00,0.095670,3600
2024-01-29T15:00:00+00:00,0.104790,3600
2024-01-29T16:00:00+00:00,0.120200,3600
2024-01-29T17:00:00+00:00,0.115920,3600
2024-01-29T18:00:00+00:00,0.107520,3600
2024-01-29T19:00:00+00:00,0.090950,3600
2024-01-29T20:00:00+00:00,0.085660,3600
2024-01-29T21:00:00+00:00,0.083250,3600
2024-01-29T22:00:00+00:00,0.080290,3600
2024-01-29T23:00:00+00:00,0.071940,3600
2024-01-30T00:00:00+00:00,0.068760,3600
2024-01-30T01:00:00+00:00,0.069370,3600
2024-01-30T02:00:00+00:00,0.067090,3600
2024-01-30T03:00:00+00:00,0.066630,3600
2024-01-30T04:00:00+00:00,0.069370,3600
2024-01-30T05:00:00+00:00,0.078610,3600
2024-01-30T06:00:00+00:00,0.090770,3600
2024-01-30T07:00:00+00:00,0.095940,3600
2024-01-30T08:00:00+00:00,0.084930,3600
2024-01-30T09:00:00+00:00,0.077150,3600
2024-01-30T10:00:00+00:00,0.070100,3600
2024-01-30T11:00:00+00:00,0.068100,3600
2024-01-30T12:00:00+00:00,0.068230,3600
2024-01-30T13:00:00+00:00,0.071930,3600
2024-01-30T14:00:00+00:00,0.078600,3600
2024-01-30T15:00:00+00:00,0.081970,3600
2024-01-30T16:00:00+00:00,0.088360,3600
2024-01-30T17:00:00+00:00,0.099380,3600
2024-01-30T18:00:00+00:00,0.110410,3600
2024-01-30T19:00:00+00:00,0.089900,3600
2024-01-30T20:00:00+00:00,0.080120,3600
2024-01-30T21:00:00+00:00,0.082450,3600
2024-01-30T22:00:00+00:00,0.077300,3600
2024-01-30T23:00:00+00:00,0.078900,3600
2024-01-31T00:00:00+00:00,0.074030,3600
2024-01-31T01:00:00+00:00,0.070890,3600
2024-01-31T02:00:00+00:00,0.069820,3600
2024-01-31T03:00:00+00:00,0.069170,3600
2024-01-31T04:00:00+00:00,0.073860,3600
2024-01-31T05:00:00+00:00,0.084770,3600
2024-01-31T06:00:00+00:00,0.105170,3600
2024-01-31T07:00:00+00:00,0.120000,3600
2024-01-31T08:00:00+00:00,0.093530,3600
2024-01-31T09:00:00+00:00,0.082980,3600
2024-01-31T10:00:00+00:00,0.077090,3600
2024-01-31T11:00:00+00:00,0.074910,3600
2024-01-31T12:00:00+00:00,0.067500,3600
2024-01-31T13:00:00+00:00,0.066800,3600
2024-01-31T14:00:00+00:00,0.073940,3600
2024-01-31T15:00:00+00:00,0.078550,3600
2024-01-31T16:00:00+00:00,0.085650,3600
2024-01-31T17:00:00+00:00,0.085500,3600
2024-01-31T18:00:00+00:00,0.069200,3600
2024-01-31T19:00:00+00:00,0.062780,3600
2024-01-31T20:00:00+00:00,0.058180,3600
2024-01-31T21:00:00+00:00,0.054000,3600
2024-01-31T22:00:00+00:00,0.040570,3600
2024-01-31T23:00:00+00:00,0.048000,3600
2024-02-01T00:00:00+00:00,0.042370,3600
2024-02-01T01:00:00+00:00,0.043040,3600
2024-02-01T02:00:00+00:00,0.043940,3600
2024-02-01T03:00:00+00:00,0.047630,3600
2024-02-01T04:00:00+00:00,0.056060,3600
2024-02-01T05:00:00+00:00,0.069200,3600
2024-02-01T06:00:00+00:00,0.086370,3600
2024-02-01T07:00:00+00:00,0.099760,3600
2024-02-01T08:00:00+00:00,0.092770,3600
2024-02-01T09:00:00+00:00,0.083710,3600
2024-02-01T10:00:00+00:00,0.075500,3600
2024-02-01T11:00:00+00:00,0.067600,3600
2024-02-01T12:00:00+00:00,0.057260,3600
2024-02-01T13:00:00+00:00,0.071200,3600
2024-02-01T14:00:00+00:00,0.087500,3600
2024-02-01T15:00:00+00:00,0.084000,3600
2024-02-01T16:00:00+00:00,0.112620,3600
2024-02-01T17:00:00+00:00,0.113000,3600
2024-02-01T18:00:00+00:00,0.098030,3600
2024-02-01T19:00:00+00:00,0.090810,3600
2024-02-01T20:00:00+00:00,0.083340,3600
2024-02-01T21:00:00+00:00,0.081910,3600
2024-02-01T22:00:00+00:00,0.073420,3600
2024-02-01T23:00:00+00:00,0.064320,3600
2024-02-02T00:00:00+00:00,0.059950,3600
2024-02-02T01:00:00+00:00,0.058000,3600
2024-02-02T02:00:00+00:00,0.054690,3600
2024-02-02T03:00:00+00:00,0.053140,3600
2024-02-02T04:00:00+00:00,0.055130,3600
2024-02-02T05:00:00+00:00,0.066490,3600
2024-02-02T06:00:00+00:00,0.077910,3600
2024-02-02T07:00:00+00:00,0.089610,3600
2024-02-02T08:00:00+00:00,0.086210,3600
2024-02-02T09:00:00+00:00,0.080800,3600
2024-02-02T10:00:00+00:00,0.075170,3600
2024-02-02T11:00:00+00:00,0.064890,3600
2024-02-02T12:00:00+00:00,0.062560,3600
2024-02-02T13:00:00+00:00,0.063700,3600
2024-02-02T14:00:00+00:00,0.067700,3600
2024-02-02T15:00:00+00:00,0.080000,3600
2024-02-02T16:00:00+00:00,0.088470,3600
2024-02-02T17:00:00+00:00,0.099970,3600
2024-02-02T18:00:00+00:00,0.082000,3600
2024-02-02T19:00:00+00:00,0.073300,3600
2024-02-02T20:00:00+00:00,0.070000,3600
2024-02-02T21:00:00+00:00,0.063150,3600
2024-02-02T22:00:00+00:00,0.054840,3600
2024-02-02T23:00:00+00:00,0.049680,3600
2024-02-03T00:00:00+00:00,0.043080,3600
2024-02-03T01:00:00+00:00,0.034900,3600
2024-02-03T02:00:00+00:00,0.014000,3600
2024-02-03T03:00:00+00:00,0.010980,3600
2024-02-03T04:00:00+00:00,0.011400,3600
2024-02-03T05:00:00+00:00,0.016480,3600
2024-02-03T06:00:00+00:00,0.036430,3600
2024-02-03T07:00:00+00:00,0.046910,3600
2024-02-03T08:00:00+00:00,0.067480,3600
2024-02-03T09:00:00+00:00,0.066000,3600
2024-02-03T10:00:00+00:00,0.058020,3600
2024-02-03T11:00:00+00:00,0.051000,3600
2024-02-03T12:00:00+00:00,0.047900,3600
2024-02-03T13:00:00+00:00,0.042530,3600
2024-02-03T14:00:00+00:00,0.044710,3600
2024-02-03T15:00:00+00:00,0.050580,3600
2024-02-03T16:00:00+00:00,0.067400,3600
2024-02-03T17:00:00+00:00,0.106000,3600
2024-02-03T18:00:00+00:00,0.096000,3600
2024-02-03T19:00:00+00:00,0.072450,3600
2024-02-03T20:00:00+00:00,0.063100,3600
2024-02-03T21:00:00+00:00,0.051410,3600
2024-02-03T22:00:00+00:00,0.040000,3600
2024-02-03T23:00:00+00:00,0.042500,3600
2024-02-04T00:00:00+00:00,0.032220,3600
2024-02-04T01:00:00+00:00,0.006900,3600
2024-02-04T02:00:00+00:00,0.000720,3600
2024-02-04T03:00:00+00:00,0.000000,3600
2024-02-04T04:00:00+00:00,0.000000,3600
2024-02-04T05:00:00+00:00,0.000000,3600
2024-02-04T06:00:00+00:00,0.004400,3600
2024-02-04T07:00:00+00:00,0.011880,3600
2024-02-04T08:00:00+00:00,0.027500,3600
2024-02-04T09:00:00+00:00,0.040000,3600
2024-02-04T10:00:00+00:00,0.026670,3600
2024-02-04T11:00:00+00:00,0.019790,3600
2024-02-04T12:00:00+00:00,0.005070,3600
2024-02-04T13:00:00+00:00,0.014000,3600
2024-02-04T14:00:00+00:00,0.031680,3600
2024-02-04T15:00:00+00:00,0.041200,3600
2024-02-04T16:00:00+00:00,0.063500,3600
2024-02-04T17:00:00+00:00,0.085810,3600
2024-02-04T18:00:00+00:00,0.070900,3600
2024-02-04T19:00:00+00:00,0.053600,3600
2024-02-04T20:00:00+00:00,0.054890,3600
2024-02-04T21:00:00+00:00,0.049740,3600
2024-02-04T22:00:00+00:00,0.034980,3600
2024-02-04T23:00:00+00:00,0.001630,3600
2024-02-05T00:00:00+00:00,0.000100,3600
2024-02-05T01:00:00+00:00,0.000100,3600
2024-02-05T02:00:00+00:00,0.000220,3600
2024-02-05T03:00:00+00:00,0.000080,3600
2024-02-05T04:00:00+00:00,0.001650,3600
2024-02-05T05:00:00+00:00,0.041230,3600
2024-02-05T06:00:00+00:00,0.085000,3600
2024-02-05T07:00:00+00:00,0.106600,3600
2024-02-05T08:00:00+00:00,0.078700,3600
2024-02-05T09:00:00+00:00,0.055200,3600
2024-02-05T10:00:00+00:00,0.044890,3600
2024-02-05T11:00:00+00:00,0.034800,3600
2024-02-05T12:00:00+00:00,0.045500,3600
2024-02-05T13:00:00+00:00,0.054000,3600
2024-02-05T14:00:00+00:00,0.055790,3600
2024-02-05T15:00:00+00:00,0.065000,3600
2024-02-05T16:00:00+00:00,0.086210,3600
2024-02-05T17:00:00+00:00,0.097550,3600
2024-02-05T18:00:00+00:00,0.080100,3600
2024-02-05T19:00:00+00:00,0.069960,3600
2024-02-05T20:00:00+00:00,0.059910,3600
2024-02-05T21:00:00+00:00,0.056040,3600
2024-02-05T22:00:00+00:00,0.047410,3600
2024-02-05T23:00:00+00:00,0.035460,3600
2024-02-06T00:00:00+00:00,0.028200,3600
2024-02-06T01:00:00+00:00,0.010000,3600
2024-02-06T02:00:00+00:00,0.004980,3600
2024-02-06T03:00:00+00:00,0.003110,3600
2024-02-06T04:00:00+00:00,0.020090,3600
2024-02-06T05:00:00+00:00,0.050000,3600
2024-02-06T06:00:00+00:00,0.069220,3600
2024-02-06T07:00:00+00:00,0.088200,3600
2024-02-06T08:00:00+00:00,0.087300,3600
2024-02-06T09:00:00+00:00,0.087100,3600
2024-02-06T10:00:00+00:00,0.076500,3600
2024-02-06T11:00:00+00:00,0.064900,3600
2024-02-06T12:00:00+00:00,0.059940,3600
2024-02-06T13:00:00+00:00,0.063860,3600
2024-02-06T14:00:00+00:00,0.063900,3600
2024-02-06T15:00:00+00:00,0.064700,3600
2024-02-06T16:00:00+00:00,0.080000,3600
2024-02-06T17:00:00+00:00,0.099260,3600
2024-02-06T18:00:00+00:00,0.094890,3600
2024-02-06T19:00:00+00:00,0.071000,3600
2024-02-06T20:00:00+00:00,0.062620,3600
2024-02-06T21:00:00+00:00,0.057110,3600
2024-02-06T22:00:00+00:00,0.053300,3600
2024-02-06T23:00:00+00:00,0.041170,3600
2024-02-07T00:00:00+00:00,0.044800,3600
2024-02-07T01:00:00+00:00,0.049900,3600
2024-02-07T02:00:00+00:00,0.060980,3600
2024-02-07T03:00:00+00:00,0.061000,3600
2024-02-07T04:00:00+00:00,0.065600,3600
2024-02-07T05:00:00+00:00,0.075900,3600
2024-02-07T06:00:00+00:00,0.088600,3600
2024-02-07T07:00:00+00:00,0.094900,3600
2024-02-07T08:00:00+00:00,0.096900,3600
2024-02-07T09:00:00+00:00,0.081880,3600
2024-02-07T10:00:00+00:00,0.078660,3600
2024-02-07T11:00:00+00:00,0.075000,3600
2024-02-07T12:00:00+00:00,0.073800,3600
2024-02-07T13:00:00+00:00,0.075380,3600
2024-02-07T14:00:00+00:00,0.085300,3600
2024-02-07T15:00:00+00:00,0.093030,3600
2024-02-07T16:00:00+00:00,0.119640,3600
2024-02-07T17:00:00+00:00,0.135800,3600
2024-02-07T18:00:00+00:00,0.110320,3600
2024-02-07T19:00:00+00:00,0.098000,3600
2024-02-07T20:00:00+00:00,0.083560,3600
2024-02-07T21:00:00+00:00,0.079010,3600
2024-02-07T22:00:00+00:00,0.079210,3600
2024-02-07T23:00:00+00:00,0.073700,3600
2024-02-08T00:00:00+00:00,0.073200,3600
2024-02-08T01:00:00+00:00,0.072150,3600
2024-02-08T02:00:00+00:00,0.068630,3600
2024-02-08T03:00:00+00:00,0.066690,3600
2024-02-08T04:00:00+00:00,0.071710,3600
2024-02-08T05:00:00+00:00,0.082060,3600
2024-02-08T06:00:00+00:00,0.104490,3600
2024-02-08T07:00:00+00:00,0.131910,3600
2024-02-08T08:00:00+00:00,0.112370,3600
2024-02-08T09:00:00+00:00,0.098020,3600
2024-02-08T10:00:00+00:00,0.089550,3600
2024-02-08T11:00:00+00:00,0.084010,3600
2024-02-08T12:00:00+00:00,0.085520,3600
2024-02-08T13:00:00+00:00,0.083320,3600
2024-02-08T14:00:00+00:00,0.084000,3600
2024-02-08T15:00:00+00:00,0.076810,3600
2024-02-08T16:00:00+00:00,0.077200,3600
2024-02-08T17:00:00+00:00,0.084000,3600
2024-02-08T18:00:00+00:00,0.081500,3600
2024-02-08T19:00:00+00:00,0.077570,3600
2024-02-08T20:00:00+00:00,0.075000,3600
2024-02-08T21:00:00+00:00,0.070820,3600
2024-02-08T22:00:00+00:00,0.061640,3600
2024-02-08T23:00:00+00:00,0.060360,3600
2024-02-09T00:00:00+00:00,0.052160,3600
2024-02-09T01:00:00+00:00,0.047150,3600
2024-02-09T02:00:00+00:00,0.042100,3600
2024-02-09T03:00:00+00:00,0.041300,3600
2024-02-09T04:00:00+00:00,0.044880,3600
2024-02-09T05:00:00+00:00,0.052880,3600
2024-02-09T06:00:00+00:00,0.063700,3600
2024-02-09T07:00:00+00:00,0.067890,3600
2024-02-09T08:00:00+00:00,0.067830,3600
2024-02-09T09:00:00+00:00,0.068820,3600
2024-02-09T10:00:00+00:00,0.067610,3600
2024-02-09T11:00:00+00:00,0.064550,3600
2024-02-09T12:00:00+00:00,0.063700,3600
2024-02-09T13:00:00+00:00,0.068680,3600
2024-02-09T14:00:00+00:00,0.075460,3600
2024-02-09T15:00:00+00:00,0.082380,3600
2024-02-09T16:00:00+00:00,0.092490,3600
2024-02-09T17:00:00+00:00,0.094290,3600
2024-02-09T18:00:00+00:00,0.087100,3600
2024-02-09T19:00:00+00:00,0.080540,3600
2024-02-09T20:00:00+00:00,0.075220,3600
2024-02-09T21:00:00+00:00,0.074910,3600
2024-02-09T22:00:00+00:00,0.070940,3600
2024-02-09T23:00:00+00:00,0.063100,3600
2024-02-10T00:00:00+00:00,0.064080,3600
2024-02-10T01:00:00+00:00,0.064400,3600
2024-02-10T02:00:00+00:00,0.064390,3600
2024-02-10T03:00:00+00:00,0.064410,3600
2024-02-10T04:00:00+00:00,0.065820,3600
2024-02-10T05:00:00+00:00,0.070910,3600
2024-02-10T06:00:00+00:00,0.074860,3600
2024-02-10T07:00:00+00:00,0.077700,3600
2024-02-10T08:00:00+00:00,0.080380,3600
2024-02-10T09:00:00+00:00,0.075400,3600
2024-02-10T10:00:00+00:00,0.070420,3600
2024-02-10T11:00:00+00:00,0.068500,3600
2024-02-10T12:00:00+00:00,0.066720,3600
2024-02-10T13:00:00+00:00,0.069530,3600
2024-02-10T14:00:00+00:00,0.077170,3600
2024-02-10T15:00:00+00:00,0.085050,3600
2024-02-10T16:00:00+00:00,0.089900,3600
2024-02-10T17:00:00+00:00,0.113600,3600
2024-02-10T18:00:00+00:00,0.089000,3600
2024-02-10T19:00:00+00:00,0.074400,3600
2024-02-10T20:00:00+00:00,0.070000,3600
2024-02-10T21:00:00+00:00,0.077210,3600
2024-02-10T22:00:00+00:00,0.064320,3600
2024-02-10T23:00:00+00:00,0.068800,3600
2024-02-11T00:00:00+00:00,0.059300,3600
2024-02-11T01:00:00+00:00,0.052600,3600
2024-02-11T02:00:00+00:00,0.046830,3600
2024-02-11T03:00:00+00:00,0.046510,3600
2024-02-11T04:00:00+00:00,0.046250,3600
2024-02-11T05:00:00+00:00,0.056400,3600
2024-02-11T06:00:00+00:00,0.063030,3600
2024-02-11T07:00:00+00:00,0.071000,3600
2024-02-11T08:00:00+00:00,0.066100,3600
2024-02-11T09:00:00+00:00,0.068400,3600
2024-02-11T10:00:00+00:00,0.065460,3600
2024-02-11T11:00:00+00:00,0.064340,3600
2024-02-11T12:00:00+00:00,0.063380,3600
2024-02-11T13:00:00+00:00,0.064060,3600
2024-02-11T14:00:00+00:00,0.068220,3600
2024-02-11T15:00:00+00:00,0.072240,3600
2024-02-11T16:00:00+00:00,0.079720,3600
2024-02-11T17:00:00+00:00,0.112000,3600
2024-02-11T18:00:00+00:00,0.096800,3600
2024-02-11T19:00:00+00:00,0.077030,3600
2024-02-11T20:00:00+00:00,0.070720,3600
2024-02-11T21:00:00+00:00,0.068390,3600
2024-02-11T22:00:00+00:00,0.064010,3600
2024-02-11T23:00:00+00:00,0.064350,3600
2024-02-12T00:00:00+00:00,0.061650,3600
2024-02-12T01:00:00+00:00,0.060730,3600
2024-02-12T02:00:00+00:00,0.059470,3600
2024-02-12T03:00:00+00:00,0.059210,3600
2024-02-12T04:00:00+00:00,0.065000,3600
2024-02-12T05:00:00+00:00,0.076000,3600
2024-02-12T06:00:00+00:00,0.085410,3600
2024-02-12T07:00:00+00:00,0.104000,3600
2024-02-12T08:00:00+00:00,0.096500,3600
2024-02-12T09:00:00+00:00,0.085470,3600
2024-02-12T10:00:00+00:00,0.079090,3600
2024-02-12T11:00:00+00:00,0.067420,3600
2024-02-12T12:00:00+00:00,0.063860,3600
2024-02-12T13:00:00+00:00,0.064130,3600
2024-02-12T14:00:00+00:00,0.066650,3600
2024-02-12T15:00:00+00:00,0.077100,3600
2024-02-12T16:00:00+00:00,0.090690,3600
2024-02-12T17:00:00+00:00,0.096000,3600
2024-02-12T18:00:00+00:00,0.089080,3600
2024-02-12T19:00:00+00:00,0.079150,3600
2024-02-12T20:00:00+00:00,0.071540,3600
2024-02-12T21:00:00+00:00,0.065870,3600
2024-02-12T22:00:00+00:00,0.061900,3600
2024-02-12T23:00:00+00:00,0.068590,3600
2024-02-13T00:00:00+00:00,0.065370,3600
2024-02-13T01:00:00+00:00,0.063410,3600
2024-02-13T02:00:00+00:00,0.060490,3600
2024-02-13T03:00:00+00:00,0.060060,3600
2024-02-13T04:00:00+00:00,0.063590,3600
2024-02-13T05:00:00+00:00,0.070700,3600
2024-02-13T06:00:00+00:00,0.082320,3600
2024-02-13T07:00:00+00:00,0.089100,3600
2024-02-13T08:00:00+00:00,0.075120,3600
2024-02-13T09:00:00+00:00,0.069210,3600
2024-02-13T10:00:00+00:00,0.063870,3600
2024-02-13T11:00:00+00:00,0.060530,3600
2024-02-13T12:00:00+00:00,0.060260,3600
2024-02-13T13:00:00+00:00,0.063100,3600
2024-02-13T14:00:00+00:00,0.070700,3600
2024-02-13T15:00:00+00:00,0.077920,3600
2024-02-13T16:00:00+00:00,0.091790,3600
2024-02-13T17:00:00+00:00,0.099200,3600
2024-02-13T18:00:00+00:00,0.091130,3600
2024-02-13T19:00:00+00:00,0.078200,3600
2024-02-13T20:00:00+00:00,0.072180,3600
2024-02-13T21:00:00+00:00,0.068530,3600
2024-02-13T22:00:00+00:00,0.064780,3600
2024-02-13T23:00:00+00:00,0.060630,3600
2024-02-14T00:00:00+00:00,0.059340,3600
2024-02-14T01:00:00+00:00,0.055760,3600
2024-02-14T02:00:00+00:00,0.054790,3600
2024-02-14T03:00:00+00:00,0.055060,3600
2024-02-14T04:00:00+00:00,0.058500,3600
2024-02-14T05:00:00+00:00,0.063520,3600
2024-02-14T06:00:00+00:00,0.072980,3600
2024-02-14T07:00:00+00:00,0.079890,3600
2024-02-14T08:00:00+00:00,0.069650,3600
2024-02-14T09:00:00+00:00,0.063860,3600
2024-02-14T10:00:00+00:00,0.063290,3600
2024-02-14T11:00:00+00:00,0.062160,3600
2024-02-14T12:00:00+00:00,0.061910,3600
2024-02-14T13:00:00+00:00,0.067290,3600
2024-02-14T14:00:00+00:00,0.070690,3600
2024-02-14T15:00:00+00:00,0.075990,3600
2024-02-14T16:00:00+00:00,0.081650,3600
2024-02-14T17:00:00+00:00,0.087670,3600
2024-02-14T18:00:00+00:00,0.084580,3600
2024-02-14T19:00:00+00:00,0.076600,3600
2024-02-14T20:00:00+00:00,0.069710,3600
2024-02-14T21:00:00+00:00,0.068200,3600
2024-02-14T22:00:00+00:00,0.063800,3600
2024-02-14T23:00:00+00:00,0.061670,3600
2024-02-15T00:00:00+00:00,0.060550,3600
2024-02-15T01:00:00+00:00,0.059410,3600
2024-02-15T02:00:00+00:00,0.058330,3600
2024-02-15T03:00:00+00:00,0.059630,3600
2024-02-15T04:00:00+00:00,0.063430,3600
2024-02-15T05:00:00+00:00,0.070140,3600
2024-02-15T06:00:00+00:00,0.079800,3600
2024-02-15T07:00:00+00:00,0.082060,3600
2024-02-15T08:00:00+00:00,0.077840,3600
2024-02-15T09:00:00+00:00,0.073510,3600
2024-02-15T10:00:00+00:00,0.068510,3600
2024-02-15T11:00:00+00:00,0.064800,3600
2024-02-15T12:00:00+00:00,0.063850,3600
2024-02-15T13:00:00+00:00,0.066840,3600
2024-02-15T14:00:00+00:00,0.071270,3600
2024-02-15T15:00:00+00:00,0.074110,3600
2024-02-15T16:00:00+00:00,0.082440,3600
2024-02-15T17:00:00+00:00,0.084540,3600
2024-02-15T18:00:00+00:00,0.075130,3600
2024-02-15T19:00:00+00:00,0.069560,3600
2024-02-15T20:00:00+00:00,0.062680,3600
2024-02-15T21:00:00+00:00,0.062660,3600
2024-02-15T22:00:00+00:00,0.058640,3600
2024-02-15T23:00:00+00:00,0.051760,3600
2024-02-16T00:00:00+00:00,0.051080,3600
2024-02-16T01:00:00+00:00,0.049920,3600
2024-02-16T02:00:00+00:00,0.048810,3600
2024-02-16T03:00:00+00:00,0.051380,3600
2024-02-16T04:00:00+00:00,0.052200,3600
2024-02-16T05:00:00+00:00,0.057500,3600
2024-02-16T06:00:00+00:00,0.068880,3600
2024-02-16T07:00:00+00:00,0.070500,3600
2024-02-16T08:00:00+00:00,0.068000,3600
2024-02-16T09:00:00+00:00,0.061200,3600
2024-02-16T10:00:00+00:00,0.068800,3600
2024-02-16T11:00:00+00:00,0.065000,3600
2024-02-16T12:00:00+00:00,0.061200,3600
2024-02-16T13:00:00+00:00,0.063040,3600
2024-02-16T14:00:00+00:00,0.064960,3600
2024-02-16T15:00:00+00:00,0.070000,3600
2024-02-16T16:00:00+00:00,0.072060,3600
2024-02-16T17:00:00+00:00,0.079730,3600
2024-02-16T18:00:00+00:00,0.080750,3600
2024-02-16T19:00:00+00:00,0.074530,3600
2024-02-16T20:00:00+00:00,0.070000,3600
2024-02-16T21:00:00+00:00,0.070000,3600
2024-02-16T22:00:00+00:00,0.065700,3600
2024-02-16T23:00:00+00:00,0.068500,3600
2024-02-17T00:00:00+00:00,0.062640,3600
2024-02-17T01:00:00+00:00,0.068000,3600
2024-02-17T02:00:00+00:00,0.064900,3600
2024-02-17T03:00:00+00:00,0.064890,3600
2024-02-17T04:00:00+00:00,0.073280,3600
2024-02-17T05:00:00+00:00,0.060600,3600
2024-02-17T06:00:00+00:00,0.068700,3600
2024-02-17T07:00:00+00:00,0.075300,3600
2024-02-17T08:00:00+00:00,0.084520,3600
2024-02-17T09:00:00+00:00,0.067000,3600
2024-02-17T10:00:00+00:00,0.060830,3600
2024-02-17T11:00:00+00:00,0.058240,3600
2024-02-17T12:00:00+00:00,0.055250,3600
2024-02-17T13:00:00+00:00,0.059100,3600
2024-02-17T14:00:00+00:00,0.067070,3600
2024-02-17T15:00:00+00:00,0.070800,3600
2024-02-17T16:00:00+00:00,0.085010,3600
2024-02-17T17:00:00+00:00,0.105680,3600
2024-02-17T18:00:00+00:00,0.089510,3600
2024-02-17T19:00:00+00:00,0.080150,3600
2024-02-17T20:00:00+00:00,0.074160,3600
2024-02-17T21:00:00+00:00,0.072060,3600
2024-02-17T22:00:00+00:00,0.069110,3600
2024-02-17T23:00:00+00:00,0.062130,3600
2024-02-18T00:00:00+00:00,0.054810,3600
2024-02-18T01:00:00+00:00,0.051400,3600
2024-02-18T02:00:00+00:00,0.050220,3600
2024-02-18T03:00:00+00:00,0.050000,3600
2024-02-18T04:00:00+00:00,0.048470,3600
2024-02-18T05:00:00+00:00,0.046020,3600
2024-02-18T06:00:00+00:00,0.048970,3600
2024-02-18T07:00:00+00:00,0.047280,3600
2024-02-18T08:00:00+00:00,0.043030,3600
2024-02-18T09:00:00+00:00,0.040450,3600
2024-02-18T10:00:00+00:00,0.041000,3600
2024-02-18T11:00:00+00:00,0.050000,3600
2024-02-18T12:00:00+00:00,0.050170,3600
2024-02-18T13:00:00+00:00,0.064600,3600
2024-02-18T14:00:00+00:00,0.066930,3600
2024-02-18T15:00:00+00:00,0.062870,3600
2024-02-18T16:00:00+00:00,0.072000,3600
2024-02-18T17:00:00+00:00,0.084100,3600
2024-02-18T18:00:00+00:00,0.070590,3600
2024-02-18T19:00:00+00:00,0.064710,3600
2024-02-18T20:00:00+00:00,0.059830,3600
2024-02-18T21:00:00+00:00,0.057330,3600
2024-02-18T22:00:00+00:00,0.053940,3600
2024-02-18T23:00:00+00:00,0.044000,3600
2024-02-19T00:00:00+00:00,0.048320,3600
2024-02-19T01:00:00+00:00,0.046460,3600
2024-02-19T02:00:00+00:00,0.043910,3600
2024-02-19T03:00:00+00:00,0.044920,3600
2024-02-19T04:00:00+00:00,0.051570,3600
2024-02-19T05:00:00+00:00,0.068630,3600
2024-02-19T06:00:00+00:00,0.079120,3600
2024-02-19T07:00:00+00:00,0.083870,3600
2024-02-19T08:00:00+00:00,0.075060,3600
2024-02-19T09:00:00+00:00,0.070880,3600
2024-02-19T10:00:00+00:00,0.069220,3600
2024-02-19T11:00:00+00:00,0.062470,3600
2024-02-19T12:00:00+00:00,0.059970,3600
2024-02-19T13:00:00+00:00,0.064180,3600
2024-02-19T14:00:00+00:00,0.066800,3600
2024-02-19T15:00:00+00:00,0.069860,3600
2024-02-19T16:00:00+00:00,0.076150,3600
2024-02-19T17:00:00+00:00,0.099890,3600
2024-02-19T18:00:00+00:00,0.080020,3600
2024-02-19T19:00:00+00:00,0.071920,3600
2024-02-19T20:00:00+00:00,0.067490,3600
2024-02-19T21:00:00+00:00,0.066270,3600
2024-02-19T22:00:00+00:00,0.059070,3600
2024-02-19T23:00:00+00:00,0.058060,3600
2024-02-20T00:00:00+00:00,0.054320,3600
2024-02-20T01:00:00+00:00,0.053960,3600
2024-02-20T02:00:00+00:00,0.056000,3600
2024-02-20T03:00:00+00:00,0.053000,3600
2024-02-20T04:00:00+00:00,0.054810,3600
2024-02-20T05:00:00+00:00,0.071050,3600
2024-02-20T06:00:00+00:00,0.086070,3600
2024-02-20T07:00:00+00:00,0.089630,3600
2024-02-20T08:00:00+00:00,0.078770,3600
2024-02-20T09:00:00+00:00,0.069850,3600
2024-02-20T10:00:00+00:00,0.060920,3600
2024-02-20T11:00:00+00:00,0.053520,3600
2024-02-20T12:00:00+00:00,0.051510,3600
2024-02-20T13:00:00+00:00,0.051860,3600
2024-02-20T14:00:00+00:00,0.055890,3600
2024-02-20T15:00:00+00:00,0.062280,3600
2024-02-20T16:00:00+00:00,0.068980,3600
2024-02-20T17:00:00+00:00,0.070860,3600
2024-02-20T18:00:00+00:00,0.070760,3600
2024-02-20T19:00:00+00:00,0.067760,3600
2024-02-20T20:00:00+00:00,0.057000,3600
2024-02-20T21:00:00+00:00,0.048440,3600
2024-02-20T22:00:00+00:00,0.049610,3600
2024-02-20T23:00:00+00:00,0.048580,3600
2024-02-21T00:00:00+00:00,0.046910,3600
2024-02-21T01:00:00+00:00,0.046860,3600
2024-02-21T02:00:00+00:00,0.044800,3600
2024-02-21T03:00:00+00:00,0.045430,3600
2024-02-21T04:00:00+00:00,0.050060,3600
2024-02-21T05:00:00+00:00,0.065010,3600
2024-02-21T06:00:00+00:00,0.079700,3600
2024-02-21T07:00:00+00:00,0.084050,3600
2024-02-21T08:00:00+00:00,0.069650,3600
2024-02-21T09:00:00+00:00,0.064100,3600
2024-02-21T10:00:00+00:00,0.060390,3600
2024-02-21T11:00:00+00:00,0.053010,3600
2024-02-21T12:00:00+00:00,0.051210,3600
2024-02-21T13:00:00+00:00,0.053760,3600
2024-02-21T14:00:00+00:00,0.064710,3600
2024-02-21T15:00:00+00:00,0.067100,3600
2024-02-21T16:00:00+00:00,0.068310,3600
2024-02-21T17:00:00+00:00,0.068380,3600
2024-02-21T18:00:00+00:00,0.061600,3600
2024-02-21T19:00:00+00:00,0.052520,3600
2024-02-21T20:00:00+00:00,0.046310,3600
2024-02-21T21:00:00+00:00,0.042040,3600
2024-02-21T22:00:00+00:00,0.035570,3600
2024-02-21T23:00:00+00:00,0.030870,3600
2024-02-22T00:00:00+00:00,0.027420,3600
2024-02-22T01:00:00+00:00,0.027500,3600
2024-02-22T02:00:00+00:00,0.029440,3600
2024-02-22T03:00:00+00:00,0.035510,3600
2024-02-22T04:00:00+00:00,0.046720,3600
2024-02-22T05:00:00+00:00,0.064260,3600
2024-02-22T06:00:00+00:00,0.075000,3600
2024-02-22T07:00:00+00:00,0.081910,3600
2024-02-22T08:00:00+00:00,0.074000,3600
2024-02-22T09:00:00+00:00,0.069440,3600
2024-02-22T10:00:00+00:00,0.067460,3600
2024-02-22T11:00:00+00:00,0.066900,3600
2024-02-22T12:00:00+00:00,0.066690,3600
2024-02-22T13:00:00+00:00,0.063490,3600
2024-02-22T14:00:00+00:00,0.063100,3600
2024-02-22T15:00:00+00:00,0.060930,3600
2024-02-22T16:00:00+00:00,0.061760,3600
2024-02-22T17:00:00+00:00,0.059950,3600
2024-02-22T18:00:00+00:00,0.060400,3600
2024-02-22T19:00:00+00:00,0.047920,3600
2024-02-22T20:00:00+00:00,0.043810,3600
2024-02-22T21:00:00+00:00,0.034900,3600
2024-02-22T22:00:00+00:00,0.020100,3600
2024-02-22T23:00:00+00:00,0.009280,3600
2024-02-23T00:00:00+00:00,0.001500,3600
2024-02-23T01:00:00+00:00,0.001190,3600
2024-02-23T02:00:00+00:00,0.000100,3600
2024-02-23T03:00:00+00:00,0.000400,3600
2024-02-23T04:00:00+00:00,0.001130,3600
2024-02-23T05:00:00+00:00,0.039960,3600
2024-02-23T06:00:00+00:00,0.057960,3600
2024-02-23T07:00:00+00:00,0.060800,3600
2024-02-23T08:00:00+00:00,0.053540,3600
2024-02-23T09:00:00+00:00,0.047100,3600
2024-02-23T10:00:00+00:00,0.042040,3600
2024-02-23T11:00:00+00:00,0.037270,3600
2024-02-23T12:00:00+00:00,0.032900,3600
2024-02-23T13:00:00+00:00,0.038000,3600
2024-02-23T14:00:00+00:00,0.049640,3600
2024-02-23T15:00:00+00:00,0.063210,3600
2024-02-23T16:00:00+00:00,0.073700,3600
2024-02-23T17:00:00+00:00,0.086440,3600
2024-02-23T18:00:00+00:00,0.084010,3600
2024-02-23T19:00:00+00:00,0.072970,3600
2024-02-23T20:00:00+00:00,0.069260,3600
2024-02-23T21:00:00+00:00,0.067980,3600
2024-02-23T22:00:00+00:00,0.065100,3600
2024-02-23T23:00:00+00:00,0.066470,3600
2024-02-24T00:00:00+00:00,0.063900,3600
2024-02-24T01:00:00+00:00,0.059500,3600
2024-02-24T02:00:00+00:00,0.055200,3600
2024-02-24T03:00:00+00:00,0.055390,3600
2024-02-24T04:00:00+00:00,0.057100,3600
2024-02-24T05:00:00+00:00,0.061670,3600
2024-02-24T06:00:00+00:00,0.066110,3600
2024-02-24T07:00:00+00:00,0.064400,3600
2024-02-24T08:00:00+00:00,0.057600,3600
2024-02-24T09:00:00+00:00,0.049190,3600
2024-02-24T10:00:00+00:00,0.045810,3600
2024-02-24T11:00:00+00:00,0.040320,3600
2024-02-24T12:00:00+00:00,0.032220,3600
2024-02-24T13:00:00+00:00,0.037600,3600
2024-02-24T14:00:00+00:00,0.045000,3600
2024-02-24T15:00:00+00:00,0.055960,3600
2024-02-24T16:00:00+00:00,0.072960,3600
2024-02-24T17:00:00+00:00,0.081950,3600
2024-02-24T18:00:00+00:00,0.074130,3600
2024-02-24T19:00:00+00:00,0.065170,3600
2024-02-24T20:00:00+00:00,0.059940,3600
2024-02-24T21:00:00+00:00,0.064020,3600
2024-02-24T22:00:00+00:00,0.063510,3600
2024-02-24T23:00:00+00:00,0.056570,3600
2024-02-25T00:00:00+00:00,0.055440,3600
2024-02-25T01:00:00+00:00,0.055440,3600
2024-02-25T02:00:00+00:00,0.054950,3600
2024-02-25T03:00:00+00:00,0.055250,3600
2024-02-25T04:00:00+00:00,0.055070,3600
2024-02-25T05:00:00+00:00,0.058600,3600
2024-02-25T06:00:00+00:00,0.059920,3600
2024-02-25T07:00:00+00:00,0.075000,3600
2024-02-25T08:00:00+00:00,0.071500,3600
2024-02-25T09:00:00+00:00,0.056680,3600
2024-02-25T10:00:00+00:00,0.054640,3600
2024-02-25T11:00:00+00:00,0.050000,3600
2024-02-25T12:00:00+00:00,0.046030,3600
2024-02-25T13:00:00+00:00,0.049840,3600
2024-02-25T14:00:00+00:00,0.055000,3600
2024-02-25T15:00:00+00:00,0.068900,3600
2024-02-25T16:00:00+00:00,0.085690,3600
2024-02-25T17:00:00+00:00,0.093880,3600
2024-02-25T18:00:00+00:00,0.079000,3600
2024-02-25T19:00:00+00:00,0.069960,3600
2024-02-25T20:00:00+00:00,0.065820,3600
2024-02-25T21:00:00+00:00,0.065230,3600
2024-02-25T22:00:00+00:00,0.058380,3600
2024-02-25T23:00:00+00:00,0.057830,3600
2024-02-26T00:00:00+00:00,0.056820,3600
2024-02-26T01:00:00+00:00,0.055670,3600
2024-02-26T02:00:00+00:00,0.051800,3600
2024-02-26T03:00:00+00:00,0.053240,3600
2024-02-26T04:00:00+00:00,0.057920,3600
2024-02-26T05:00:00+00:00,0.068440,3600
2024-02-26T06:00:00+00:00,0.079540,3600
2024-02-26T07:00:00+00:00,0.081600,3600
2024-02-26T08:00:00+00:00,0.073830,3600
2024-02-26T09:00:00+00:00,0.066650,3600
2024-02-26T10:00:00+00:00,0.065030,3600
2024-02-26T11:00:00+00:00,0.058420,3600
2024-02-26T12:00:00+00:00,0.058190,3600
2024-02-26T13:00:00+00:00,0.061290,3600
2024-02-26T14:00:00+00:00,0.064950,3600
2024-02-26T15:00:00+00:00,0.069920,3600
2024-02-26T16:00:00+00:00,0.077000,3600
2024-02-26T17:00:00+00:00,0.085320,3600
2024-02-26T18:00:00+00:00,0.081000,3600
2024-02-26T19:00:00+00:00,0.072210,3600
2024-02-26T20:00:00+00:00,0.065690,3600
2024-02-26T21:00:00+00:00,0.065210,3600
2024-02-26T22:00:00+00:00,0.060760,3600
2024-02-26T23:00:00+00:00,0.057620,3600
2024-02-27T00:00:00+00:00,0.057550,3600
2024-02-27T01:00:00+00:00,0.057350,3600
2024-02-27T02:00:00+00:00,0.056870,3600
2024-02-27T03:00:00+00:00,0.057350,3600
2024-02-27T04:00:00+00:00,0.062750,3600
2024-02-27T05:00:00+00:00,0.073320,3600
2024-02-27T06:00:00+00:00,0.092870,3600
2024-02-27T07:00:00+00:00,0.095220,3600
2024-02-27T08:00:00+00:00,0.080810,3600
2024-02-27T09:00:00+00:00,0.068710,3600
2024-02-27T10:00:00+00:00,0.061000,3600
2024-02-27T11:00:00+00:00,0.055490,3600
2024-02-27T12:00:00+00:00,0.055580,3600
2024-02-27T13:00:00+00:00,0.056000,3600
2024-02-27T14:00:00+00:00,0.059900,3600
2024-02-27T15:00:00+00:00,0.066500,3600
2024-02-27T16:00:00+00:00,0.093950,3600
2024-02-27T17:00:00+00:00,0.110180,3600
2024-02-27T18:00:00+00:00,0.105170,3600
2024-02-27T19:00:00+00:00,0.084360,3600
2024-02-27T20:00:00+00:00,0.072500,3600
2024-02-27T21:00:00+00:00,0.070300,3600
2024-02-27T22:00:00+00:00,0.064970,3600
2024-02-27T23:00:00+00:00,0.060360,3600
2024-02-28T00:00:00+00:00,0.059400,3600
2024-02-28T01:00:00+00:00,0.061340,3600
2024-02-28T02:00:00+00:00,0.063460,3600
2024-02-28T03:00:00+00:00,0.063740,3600
2024-02-28T04:00:00+00:00,0.067460,3600
2024-02-28T05:00:00+00:00,0.074080,3600
2024-02-28T06:00:00+00:00,0.097070,3600
2024-02-28T07:00:00+00:00,0.104490,3600
2024-02-28T08:00:00+00:00,0.085460,3600
2024-02-28T09:00:00+00:00,0.073990,3600
2024-02-28T10:00:00+00:00,0.067550,3600
2024-02-28T11:00:00+00:00,0.063100,3600
2024-02-28T12:00:00+00:00,0.057900,3600
2024-02-28T13:00:00+00:00,0.058500,3600
2024-02-28T14:00:00+00:00,0.060000,3600
2024-02-28T15:00:00+00:00,0.072460,3600
2024-02-28T16:00:00+00:00,0.070000,3600
2024-02-28T17:00:00+00:00,0.089800,3600
2024-02-28T18:00:00+00:00,0.078180,3600
2024-02-28T19:00:00+00:00,0.065550,3600
2024-02-28T20:00:00+00:00,0.062690,3600
2024-02-28T21:00:00+00:00,0.064080,3600
2024-02-28T22:00:00+00:00,0.055200,3600
2024-02-28T23:00:00+00:00,0.054820,3600
2024-02-29T00:00:00+00:00,0.053020,3600
2024-02-29T01:00:00+00:00,0.049710,3600
2024-02-29T02:00:00+00:00,0.046620,3600
2024-02-29T03:00:00+00:00,0.043750,3600
2024-02-29T04:00:00+00:00,0.048000,3600
2024-02-29T05:00:00+00:00,0.061370,3600
2024-02-29T06:00:00+00:00,0.073350,3600
2024-02-29T07:00:00+00:00,0.073850,3600
2024-02-29T08:00:00+00:00,0.070390,3600
2024-02-29T09:00:00+00:00,0.065650,3600
2024-02-29T10:00:00+00:00,0.066460,3600
2024-02-29T11:00:00+00:00,0.060000,3600
2024-02-29T12:00:00+00:00,0.057770,3600
2024-02-29T13:00:00+00:00,0.063680,3600
2024-02-29T14:00:00+00:00,0.065200,3600
2024-02-29T15:00:00+00:00,0.071620,3600
2024-02-29T16:00:00+00:00,0.080000,3600
2024-02-29T17:00:00+00:00,0.086260,3600
2024-02-29T18:00:00+00:00,0.080990,3600
2024-02-29T19:00:00+00:00,0.072770,3600
2024-02-29T20:00:00+00:00,0.067250,3600
2024-02-29T21:00:00+00:00,0.064900,3600
2024-02-29T22:00:00+00:00,0.060900,3600
2024-02-29T23:00:00+00:00,0.062040,3600
2024-03-01T00:00:00+00:00,0.061420,3600
2024-03-01T01:00:00+00:00,0.058140,3600
2024-03-01T02:00:00+00:00,0.057830,3600
2024-03-01T03:00:00+00:00,0.058300,3600
2024-03-01T04:00:00+00:00,0.062490,3600
2024-03-01T05:00:00+00:00,0.071580,3600
2024-03-01T06:00:00+00:00,0.079360,3600
2024-03-01T07:00:00+00:00,0.086020,3600
2024-03-01T08:00:00+00:00,0.078040,3600
2024-03-01T09:00:00+00:00,0.066510,3600
2024-03-01T10:00:00+00:00,0.064530,3600
2024-03-01T11:00:00+00:00,0.047550,3600
2024-03-01T12:00:00+00:00,0.050000,3600
2024-03-01T13:00:00+00:00,0.063200,3600
2024-03-01T14:00:00+00:00,0.071170,3600
2024-03-01T15:00:00+00:00,0.078280,3600
2024-03-01T16:00:00+00:00,0.089400,3600
2024-03-01T17:00:00+00:00,0.093730,3600
2024-03-01T18:00:00+00:00,0.087190,3600
2024-03-01T19:00:00+00:00,0.077490,3600
2024-03-01T20:00:00+00:00,0.071620,3600
2024-03-01T21:00:00+00:00,0.070060,3600
2024-03-01T22:00:00+00:00,0.066390,3600
2024-03-01T23:00:00+00:00,0.059950,3600
2024-03-02T00:00:00+00:00,0.056030,3600
2024-03-02T01:00:00+00:00,0.056020,3600
2024-03-02T02:00:00+00:00,0.055480,3600
2024-03-02T03:00:00+00:00,0.054880,3600
2024-03-02T04:00:00+00:00,0.055990,3600
2024-03-02T05:00:00+00:00,0.056580,3600
2024-03-02T06:00:00+00:00,0.060670,3600
2024-03-02T07:00:00+00:00,0.063760,3600
2024-03-02T08:00:00+00:00,0.065750,3600
2024-03-02T09:00:00+00:00,0.060440,3600
2024-03-02T10:00:00+00:00,0.053800,3600
2024-03-02T11:00:00+00:00,0.053070,3600
2024-03-02T12:00:00+00:00,0.054900,3600
2024-03-02T13:00:00+00:00,0.059860,3600
2024-03-02T14:00:00+00:00,0.066080,3600
2024-03-02T15:00:00+00:00,0.073000,3600
2024-03-02T16:00:00+00:00,0.081170,3600
2024-03-02T17:00:00+00:00,0.093600,3600
2024-03-02T18:00:00+00:00,0.089900,3600
2024-03-02T19:00:00+00:00,0.076980,3600
2024-03-02T20:00:00+00:00,0.069810,3600
2024-03-02T21:00:00+00:00,0.069900,3600
2024-03-02T22:00:00+00:00,0.068200,3600
2024-03-02T23:00:00+00:00,0.060100,3600
2024-03-03T00:00:00+00:00,0.069210,3600
2024-03-03T01:00:00+00:00,0.067030,3600
2024-03-03T02:00:00+00:00,0.057910,3600
2024-03-03T03:00:00+00:00,0.055480,3600
2024-03-03T04:00:00+00:00,0.058880,3600
2024-03-03T05:00:00+00:00,0.065390,3600
2024-03-03T06:00:00+00:00,0.069800,3600
2024-03-03T07:00:00+00:00,0.071510,3600
2024-03-03T08:00:00+00:00,0.072490,3600
2024-03-03T09:00:00+00:00,0.063140,3600
2024-03-03T10:00:00+00:00,0.050000,3600
2024-03-03T11:00:00+00:00,0.047510,3600
2024-03-03T12:00:00+00:00,0.042510,3600
2024-03-03T13:00:00+00:00,0.046840,3600
2024-03-03T14:00:00+00:00,0.058070,3600
2024-03-03T15:00:00+00:00,0.060280,3600
2024-03-03T16:00:00+00:00,0.077720,3600
2024-03-03T17:00:00+00:00,0.088000,3600
2024-03-03T18:00:00+00:00,0.086960,3600
2024-03-03T19:00:00+00:00,0.081800,3600
2024-03-03T20:00:00+00:00,0.075000,3600
2024-03-03T21:00:00+00:00,0.072180,3600
2024-03-03T22:00:00+00:00,0.072420,3600
2024-03-03T23:00:00+00:00,0.069130,3600
2024-03-04T00:00:00+00:00,0.067900,3600
2024-03-04T01:00:00+00:00,0.067410,3600
2024-03-04T02:00:00+00:00,0.066220,3600
2024-03-04T03:00:00+00:00,0.065590,3600
2024-03-04T04:00:00+00:00,0.070830,3600
2024-03-04T05:00:00+00:00,0.081180,3600
2024-03-04T06:00:00+00:00,0.096670,3600
2024-03-04T07:00:00+00:00,0.102970,3600
2024-03-04T08:00:00+00:00,0.085020,3600
2024-03-04T09:00:00+00:00,0.071230,3600
2024-03-04T10:00:00+00:00,0.063200,3600
2024-03-04T11:00:00+00:00,0.063300,3600
2024-03-04T12:00:00+00:00,0.061040,3600
2024-03-04T13:00:00+00:00,0.062500,3600
2024-03-04T14:00:00+00:00,0.069860,3600
2024-03-04T15:00:00+00:00,0.076700,3600
2024-03-04T16:00:00+00:00,0.093470,3600
2024-03-04T17:00:00+00:00,0.105180,3600
2024-03-04T18:00:00+00:00,0.099130,3600
2024-03-04T19:00:00+00:00,0.080520,3600
2024-03-04T20:00:00+00:00,0.071390,3600
2024-03-04T21:00:00+00:00,0.067490,3600
2024-03-04T22:00:00+00:00,0.063930,3600
2024-03-04T23:00:00+00:00,0.061960,3600
2024-03-05T00:00:00+00:00,0.061670,3600
2024-03-05T01:00:00+00:00,0.061330,3600
2024-03-05T02:00:00+00:00,0.059860,3600
2024-03-05T03:00:00+00:00,0.060560,3600
2024-03-05T04:00:00+00:00,0.061670,3600
2024-03-05T05:00:00+00:00,0.071530,3600
2024-03-05T06:00:00+00:00,0.079280,3600
2024-03-05T07:00:00+00:00,0.083020,3600
2024-03-05T08:00:00+00:00,0.077000,3600
2024-03-05T09:00:00+00:00,0.071150,3600
2024-03-05T10:00:00+00:00,0.069720,3600
2024-03-05T11:00:00+00:00,0.065990,3600
2024-03-05T12:00:00+00:00,0.065810,3600
2024-03-05T13:00:00+00:00,0.069600,3600
2024-03-05T14:00:00+00:00,0.070620,3600
2024-03-05T15:00:00+00:00,0.076300,3600
2024-03-05T16:00:00+00:00,0.081860,3600
2024-03-05T17:00:00+00:00,0.104380,3600
2024-03-05T18:00:00+00:00,0.096600,3600
2024-03-05T19:00:00+00:00,0.078420,3600
2024-03-05T20:00:00+00:00,0.073070,3600
2024-03-05T21:00:00+00:00,0.066000,3600
2024-03-05T22:00:00+00:00,0.070000,3600
2024-03-05T23:00:00+00:00,0.071000,3600
2024-03-06T00:00:00+00:00,0.070700,3600
2024-03-06T01:00:00+00:00,0.070460,3600
2024-03-06T02:00:00+00:00,0.069740,3600
2024-03-06T03:00:00+00:00,0.070460,3600
2024-03-06T04:00:00+00:00,0.073910,3600
2024-03-06T05:00:00+00:00,0.083980,3600
2024-03-06T06:00:00+00:00,0.106640,3600
2024-03-06T07:00:00+00:00,0.108700,3600
2024-03-06T08:00:00+00:00,0.087210,3600
2024-03-06T09:00:00+00:00,0.075690,3600
2024-03-06T10:00:00+00:00,0.071830,3600
2024-03-06T11:00:00+00:00,0.069340,3600
2024-03-06T12:00:00+00:00,0.069290,3600
2024-03-06T13:00:00+00:00,0.070640,3600
2024-03-06T14:00:00+00:00,0.072280,3600
2024-03-06T15:00:00+00:00,0.079800,3600
2024-03-06T16:00:00+00:00,0.096110,3600
2024-03-06T17:00:00+00:00,0.119020,3600
2024-03-06T18:00:00+00:00,0.119250,3600
2024-03-06T19:00:00+00:00,0.093400,3600
2024-03-06T20:00:00+00:00,0.080150,3600
2024-03-06T21:00:00+00:00,0.077980,3600
2024-03-06T22:00:00+00:00,0.074340,3600
2024-03-06T23:00:00+00:00,0.073330,3600
2024-03-07T00:00:00+00:00,0.072320,3600
2024-03-07T01:00:00+00:00,0.070340,3600
2024-03-07T02:00:00+00:00,0.068710,3600
2024-03-07T03:00:00+00:00,0.069890,3600
2024-03-07T04:00:00+00:00,0.073130,3600
2024-03-07T05:00:00+00:00,0.084270,3600
2024-03-07T06:00:00+00:00,0.103200,3600
2024-03-07T07:00:00+00:00,0.096700,3600
2024-03-07T08:00:00+00:00,0.079090,3600
2024-03-07T09:00:00+00:00,0.071310,3600
2024-03-07T10:00:00+00:00,0.066160,3600
2024-03-07T11:00:00+00:00,0.060620,3600
2024-03-07T12:00:00+00:00,0.060160,3600
2024-03-07T13:00:00+00:00,0.063300,3600
2024-03-07T14:00:00+00:00,0.066100,3600
2024-03-07T15:00:00+00:00,0.070660,3600
2024-03-07T16:00:00+00:00,0.090110,3600
2024-03-07T17:00:00+00:00,0.107410,3600
2024-03-07T18:00:00+00:00,0.090430,3600
2024-03-07T19:00:00+00:00,0.083390,3600
2024-03-07T20:00:00+00:00,0.073160,3600
2024-03-07T21:00:00+00:00,0.073250,3600
2024-03-07T22:00:00+00:00,0.067610,3600
2024-03-07T23:00:00+00:00,0.068370,3600
2024-03-08T00:00:00+00:00,0.066960,3600
2024-03-08T01:00:00+00:00,0.067010,3600
2024-03-08T02:00:00+00:00,0.065990,3600
2024-03-08T03:00:00+00:00,0.065980,3600
2024-03-08T04:00:00+00:00,0.066930,3600
2024-03-08T05:00:00+00:00,0.081500,3600
2024-03-08T06:00:00+00:00,0.094990,3600
2024-03-08T07:00:00+00:00,0.088890,3600
2024-03-08T08:00:00+00:00,0.074360,3600
2024-03-08T09:00:00+00:00,0.054900,3600
2024-03-08T10:00:00+00:00,0.000000,3600
2024-03-08T11:00:00+00:00,-0.020000,3600
2024-03-08T12:00:00+00:00,-0.025000,3600
2024-03-08T13:00:00+00:00,-0.017970,3600
2024-03-08T14:00:00+00:00,0.030000,3600
2024-03-08T15:00:00+00:00,0.055380,3600
2024-03-08T16:00:00+00:00,0.071940,3600
2024-03-08T17:00:00+00:00,0.083750,3600
2024-03-08T18:00:00+00:00,0.080000,3600
2024-03-08T19:00:00+00:00,0.071180,3600
2024-03-08T20:00:00+00:00,0.064900,3600
2024-03-08T21:00:00+00:00,0.064790,3600
2024-03-08T22:00:00+00:00,0.059620,3600
2024-03-08T23:00:00+00:00,0.056140,3600
2024-03-09T00:00:00+00:00,0.054530,3600
2024-03-09T01:00:00+00:00,0.053300,3600
2024-03-09T02:00:00+00:00,0.052150,3600
2024-03-09T03:00:00+00:00,0.048000,3600
2024-03-09T04:00:00+00:00,0.047210,3600
2024-03-09T05:00:00+00:00,0.050000,3600
2024-03-09T06:00:00+00:00,0.053060,3600
2024-03-09T07:00:00+00:00,0.053060,3600
2024-03-09T08:00:00+00:00,0.048120,3600
2024-03-09T09:00:00+00:00,0.025000,3600
2024-03-09T10:00:00+00:00,-0.029500,3600
2024-03-09T11:00:00+00:00,-0.030000,3600
2024-03-09T12:00:00+00:00,-0.039790,3600
2024-03-09T13:00:00+00:00,-0.019570,3600
2024-03-09T14:00:00+00:00,0.028320,3600
2024-03-09T15:00:00+00:00,0.052640,3600
2024-03-09T16:00:00+00:00,0.069550,3600
2024-03-09T17:00:00+00:00,0.078080,3600
2024-03-09T18:00:00+00:00,0.068690,3600
2024-03-09T19:00:00+00:00,0.063820,3600
2024-03-09T20:00:00+00:00,0.060470,3600
2024-03-09T21:00:00+00:00,0.059170,3600
2024-03-09T22:00:00+00:00,0.054370,3600
2024-03-09T23:00:00+00:00,0.048650,3600
2024-03-10T00:00:00+00:00,0.046060,3600
2024-03-10T01:00:00+00:00,0.040980,3600
2024-03-10T02:00:00+00:00,0.035550,3600
2024-03-10T03:00:00+00:00,0.032390,3600
2024-03-10T04:00:00+00:00,0.032280,3600
2024-03-10T05:00:00+00:00,0.033910,3600
2024-03-10T06:00:00+00:00,0.039490,3600
2024-03-10T07:00:00+00:00,0.034820,3600
2024-03-10T08:00:00+00:00,0.027550,3600
2024-03-10T09:00:00+00:00,0.000040,3600
2024-03-10T10:00:00+00:00,-0.010030,3600
2024-03-10T11:00:00+00:00,-0.027300,3600
2024-03-10T12:00:00+00:00,-0.027300,3600
2024-03-10T13:00:00+00:00,-0.010010,3600
2024-03-10T14:00:00+00:00,0.012380,3600
2024-03-10T15:00:00+00:00,0.050000,3600
2024-03-10T16:00:00+00:00,0.069920,3600
2024-03-10T17:00:00+00:00,0.084310,3600
2024-03-10T18:00:00+00:00,0.072220,3600
2024-03-10T19:00:00+00:00,0.070880,3600
2024-03-10T20:00:00+00:00,0.072900,3600
2024-03-10T21:00:00+00:00,0.073320,3600
2024-03-10T22:00:00+00:00,0.072000,3600
2024-03-10T23:00:00+00:00,0.065200,3600
2024-03-11T00:00:00+00:00,0.066000,3600
2024-03-11T01:00:00+00:00,0.068860,3600
2024-03-11T02:00:00+00:00,0.065000,3600
2024-03-11T03:00:00+00:00,0.060100,3600
2024-03-11T04:00:00+00:00,0.058250,3600
2024-03-11T05:00:00+00:00,0.076640,3600
2024-03-11T06:00:00+00:00,0.082610,3600
2024-03-11T07:00:00+00:00,0.085560,3600
2024-03-11T08:00:00+00:00,0.086500,3600
2024-03-11T09:00:00+00:00,0.082190,3600
2024-03-11T10:00:00+00:00,0.074910,3600
2024-03-11T11:00:00+00:00,0.074000,3600
2024-03-11T12:00:00+00:00,0.068590,3600
2024-03-11T13:00:00+00:00,0.067000,3600
2024-03-11T14:00:00+00:00,0.073500,3600
2024-03-11T15:00:00+00:00,0.079180,3600
2024-03-11T16:00:00+00:00,0.089910,3600
2024-03-11T17:00:00+00:00,0.100000,3600
2024-03-11T18:00:00+00:00,0.108000,3600
2024-03-11T19:00:00+00:00,0.083800,3600
2024-03-11T20:00:00+00:00,0.076700,3600
2024-03-11T21:00:00+00:00,0.075030,3600
2024-03-11T22:00:00+00:00,0.067080,3600
2024-03-11T23:00:00+00:00,0.069190,3600
2024-03-12T00:00:00+00:00,0.065560,3600
2024-03-12T01:00:00+00:00,0.066510,3600
2024-03-12T02:00:00+00:00,0.065200,3600
2024-03-12T03:00:00+00:00,0.065960,3600
2024-03-12T04:00:00+00:00,0.070900,3600
2024-03-12T05:00:00+00:00,0.074800,3600
2024-03-12T06:00:00+00:00,0.092780,3600
2024-03-12T07:00:00+00:00,0.100600,3600
2024-03-12T08:00:00+00:00,0.093720,3600
2024-03-12T09:00:00+00:00,0.084500,3600
2024-03-12T10:00:00+00:00,0.078070,3600
2024-03-12T11:00:00+00:00,0.074800,3600
2024-03-12T12:00:00+00:00,0.070060,3600
2024-03-12T13:00:00+00:00,0.068000,3600
2024-03-12T14:00:00+00:00,0.065200,3600
2024-03-12T15:00:00+00:00,0.072930,3600
2024-03-12T16:00:00+00:00,0.077870,3600
2024-03-12T17:00:00+00:00,0.084000,3600
2024-03-12T18:00:00+00:00,0.103460,3600
2024-03-12T19:00:00+00:00,0.081570,3600
2024-03-12T20:00:00+00:00,0.074000,3600
2024-03-12T21:00:00+00:00,0.071970,3600
2024-03-12T22:00:00+00:00,0.068530,3600
2024-03-12T23:00:00+00:00,0.062160,3600
2024-03-13T00:00:00+00:00,0.059730,3600
2024-03-13T01:00:00+00:00,0.058550,3600
2024-03-13T02:00:00+00:00,0.058040,3600
2024-03-13T03:00:00+00:00,0.059870,3600
2024-03-13T04:00:00+00:00,0.062300,3600
2024-03-13T05:00:00+00:00,0.074960,3600
2024-03-13T06:00:00+00:00,0.085400,3600
2024-03-13T07:00:00+00:00,0.089800,3600
2024-03-13T08:00:00+00:00,0.076850,3600
2024-03-13T09:00:00+00:00,0.067380,3600
2024-03-13T10:00:00+00:00,0.063200,3600
2024-03-13T11:00:00+00:00,0.061880,3600
2024-03-13T12:00:00+00:00,0.059590,3600
2024-03-13T13:00:00+00:00,0.058820,3600
2024-03-13T14:00:00+00:00,0.063200,3600
2024-03-13T15:00:00+00:00,0.068380,3600
2024-03-13T16:00:00+00:00,0.077400,3600
2024-03-13T17:00:00+00:00,0.079800,3600
2024-03-13T18:00:00+00:00,0.081440,3600
2024-03-13T19:00:00+00:00,0.066400,3600
2024-03-13T20:00:00+00:00,0.066520,3600
2024-03-13T21:00:00+00:00,0.068140,3600
2024-03-13T22:00:00+00:00,0.063880,3600
2024-03-13T23:00:00+00:00,0.063290,3600
2024-03-14T00:00:00+00:00,0.056900,3600
2024-03-14T01:00:00+00:00,0.057520,3600
2024-03-14T02:00:00+00:00,0.057000,3600
2024-03-14T03:00:00+00:00,0.054650,3600
2024-03-14T04:00:00+00:00,0.060020,3600
2024-03-14T05:00:00+00:00,0.071420,3600
2024-03-14T06:00:00+00:00,0.087000,3600
2024-03-14T07:00:00+00:00,0.081990,3600
2024-03-14T08:00:00+00:00,0.065710,3600
2024-03-14T09:00:00+00:00,0.054320,3600
2024-03-14T10:00:00+00:00,0.042600,3600
2024-03-14T11:00:00+00:00,0.020990,3600
2024-03-14T12:00:00+00:00,0.030000,3600
2024-03-14T13:00:00+00:00,0.046590,3600
2024-03-14T14:00:00+00:00,0.054820,3600
2024-03-14T15:00:00+00:00,0.065990,3600
2024-03-14T16:00:00+00:00,0.085640,3600
2024-03-14T17:00:00+00:00,0.102350,3600
2024-03-14T18:00:00+00:00,0.089920,3600
2024-03-14T19:00:00+00:00,0.073620,3600
2024-03-14T20:00:00+00:00,0.062960,3600
2024-03-14T21:00:00+00:00,0.059530,3600
2024-03-14T22:00:00+00:00,0.050910,3600
2024-03-14T23:00:00+00:00,0.047890,3600
2024-03-15T00:00:00+00:00,0.045470,3600
2024-03-15T01:00:00+00:00,0.044470,3600
2024-03-15T02:00:00+00:00,0.042330,3600
2024-03-15T03:00:00+00:00,0.042220,3600
2024-03-15T04:00:00+00:00,0.041520,3600
2024-03-15T05:00:00+00:00,0.058490,3600
2024-03-15T06:00:00+00:00,0.066470,3600
2024-03-15T07:00:00+00:00,0.067420,3600
2024-03-15T08:00:00+00:00,0.053800,3600
2024-03-15T09:00:00+00:00,0.046100,3600
2024-03-15T10:00:00+00:00,0.038900,3600
2024-03-15T11:00:00+00:00,0.037120,3600
2024-03-15T12:00:00+00:00,0.035140,3600
2024-03-15T13:00:00+00:00,0.041420,3600
2024-03-15T14:00:00+00:00,0.045350,3600
2024-03-15T15:00:00+00:00,0.060400,3600
2024-03-15T16:00:00+00:00,0.070670,3600
2024-03-15T17:00:00+00:00,0.073110,3600
2024-03-15T18:00:00+00:00,0.087990,3600
2024-03-15T19:00:00+00:00,0.063810,3600
2024-03-15T20:00:00+00:00,0.055010,3600
2024-03-15T21:00:00+00:00,0.055990,3600
2024-03-15T22:00:00+00:00,0.049350,3600
2024-03-15T23:00:00+00:00,0.043660,3600
2024-03-16T00:00:00+00:00,0.042040,3600
2024-03-16T01:00:00+00:00,0.040710,3600
2024-03-16T02:00:00+00:00,0.038900,3600
2024-03-16T03:00:00+00:00,0.038630,3600
2024-03-16T04:00:00+00:00,0.040000,3600
2024-03-16T05:00:00+00:00,0.047600,3600
2024-03-16T06:00:00+00:00,0.060220,3600
2024-03-16T07:00:00+00:00,0.055300,3600
2024-03-16T08:00:00+00:00,0.047010,3600
2024-03-16T09:00:00+00:00,0.044880,3600
2024-03-16T10:00:00+00:00,0.041630,3600
2024-03-16T11:00:00+00:00,0.036780,3600
2024-03-16T12:00:00+00:00,0.021020,3600
2024-03-16T13:00:00+00:00,0.012260,3600
2024-03-16T14:00:00+00:00,0.031380,3600
2024-03-16T15:00:00+00:00,0.054100,3600
2024-03-16T16:00:00+00:00,0.080900,3600
2024-03-16T17:00:00+00:00,0.097000,3600
2024-03-16T18:00:00+00:00,0.109100,3600
2024-03-16T19:00:00+00:00,0.094000,3600
2024-03-16T20:00:00+00:00,0.074680,3600
2024-03-16T21:00:00+00:00,0.074800,3600
2024-03-16T22:00:00+00:00,0.067100,3600
2024-03-16T23:00:00+00:00,0.064990,3600
2024-03-17T00:00:00+00:00,0.060900,3600
2024-03-17T01:00:00+00:00,0.055830,3600
2024-03-17T02:00:00+00:00,0.057470,3600
2024-03-17T03:00:00+00:00,0.058160,3600
2024-03-17T04:00:00+00:00,0.059900,3600
2024-03-17T05:00:00+00:00,0.060100,3600
2024-03-17T06:00:00+00:00,0.056600,3600
2024-03-17T07:00:00+00:00,0.050000,3600
2024-03-17T08:00:00+00:00,0.047720,3600
2024-03-17T09:00:00+00:00,0.046610,3600
2024-03-17T10:00:00+00:00,0.046830,3600
2024-03-17T11:00:00+00:00,0.042150,3600
2024-03-17T12:00:00+00:00,0.041000,3600
2024-03-17T13:00:00+00:00,0.049890,3600
2024-03-17T14:00:00+00:00,0.058200,3600
2024-03-17T15:00:00+00:00,0.065980,3600
2024-03-17T16:00:00+00:00,0.082800,3600
2024-03-17T17:00:00+00:00,0.087200,3600
2024-03-17T18:00:00+00:00,0.086940,3600
2024-03-17T19:00:00+00:00,0.077890,3600
2024-03-17T20:00:00+00:00,0.072330,3600
2024-03-17T21:00:00+00:00,0.072100,3600
2024-03-17T22:00:00+00:00,0.065910,3600
2024-03-17T23:00:00+00:00,0.064120,3600
2024-03-18T00:00:00+00:00,0.057140,3600
2024-03-18T01:00:00+00:00,0.058310,3600
2024-03-18T02:00:00+00:00,0.057460,3600
2024-03-18T03:00:00+00:00,0.060770,3600
2024-03-18T04:00:00+00:00,0.063680,3600
2024-03-18T05:00:00+00:00,0.079280,3600
2024-03-18T06:00:00+00:00,0.097650,3600
2024-03-18T07:00:00+00:00,0.094450,3600
2024-03-18T08:00:00+00:00,0.082800,3600
2024-03-18T09:00:00+00:00,0.072830,3600
2024-03-18T10:00:00+00:00,0.066640,3600
2024-03-18T11:00:00+00:00,0.066500,3600
2024-03-18T12:00:00+00:00,0.063670,3600
2024-03-18T13:00:00+00:00,0.060200,3600
2024-03-18T14:00:00+00:00,0.065000,3600
2024-03-18T15:00:00+00:00,0.070400,3600
2024-03-18T16:00:00+00:00,0.092330,3600
2024-03-18T17:00:00+00:00,0.129200,3600
2024-03-18T18:00:00+00:00,0.126230,3600
2024-03-18T19:00:00+00:00,0.103040,3600
2024-03-18T20:00:00+00:00,0.079740,3600
2024-03-18T21:00:00+00:00,0.077600,3600
2024-03-18T22:00:00+00:00,0.073520,3600
2024-03-18T23:00:00+00:00,0.071480,3600
2024-03-19T00:00:00+00:00,0.069900,3600
2024-03-19T01:00:00+00:00,0.068750,3600
2024-03-19T02:00:00+00:00,0.067460,3600
2024-03-19T03:00:00+00:00,0.066700,3600
2024-03-19T04:00:00+00:00,0.067550,3600
2024-03-19T05:00:00+00:00,0.084800,3600
2024-03-19T06:00:00+00:00,0.108530,3600
2024-03-19T07:00:00+00:00,0.095870,3600
2024-03-19T08:00:00+00:00,0.072060,3600
2024-03-19T09:00:00+00:00,0.064100,3600
2024-03-19T10:00:00+00:00,0.056850,3600
2024-03-19T11:00:00+00:00,0.052730,3600
2024-03-19T12:00:00+00:00,0.051660,3600
2024-03-19T13:00:00+00:00,0.053540,3600
2024-03-19T14:00:00+00:00,0.062300,3600
2024-03-19T15:00:00+00:00,0.064850,3600
2024-03-19T16:00:00+00:00,0.090700,3600
2024-03-19T17:00:00+00:00,0.108750,3600
2024-03-19T18:00:00+00:00,0.128960,3600
2024-03-19T19:00:00+00:00,0.110000,3600
2024-03-19T20:00:00+00:00,0.089040,3600
2024-03-19T21:00:00+00:00,0.081730,3600
2024-03-19T22:00:00+00:00,0.076100,3600
2024-03-19T23:00:00+00:00,0.076010,3600
2024-03-20T00:00:00+00:00,0.072450,3600
2024-03-20T01:00:00+00:00,0.071950,3600
2024-03-20T02:00:00+00:00,0.070300,3600
2024-03-20T03:00:00+00:00,0.071520,3600
2024-03-20T04:00:00+00:00,0.077100,3600
2024-03-20T05:00:00+00:00,0.107100,3600
2024-03-20T06:00:00+00:00,0.112690,3600
2024-03-20T07:00:00+00:00,0.099330,3600
2024-03-20T08:00:00+00:00,0.071410,3600
2024-03-20T09:00:00+00:00,0.066000,3600
2024-03-20T10:00:00+00:00,0.064110,3600
2024-03-20T11:00:00+00:00,0.064110,3600
2024-03-20T12:00:00+00:00,0.067770,3600
2024-03-20T13:00:00+00:00,0.065000,3600
2024-03-20T14:00:00+00:00,0.071900,3600
2024-03-20T15:00:00+00:00,0.085000,3600
2024-03-20T16:00:00+00:00,0.116000,3600
2024-03-20T17:00:00+00:00,0.163720,3600
2024-03-20T18:00:00+00:00,0.154930,3600
2024-03-20T19:00:00+00:00,0.122630,3600
2024-03-20T20:00:00+00:00,0.104880,3600
2024-03-20T21:00:00+00:00,0.093000,3600
2024-03-20T22:00:00+00:00,0.079980,3600
2024-03-20T23:00:00+00:00,0.074550,3600
2024-03-21T00:00:00+00:00,0.073700,3600
2024-03-21T01:00:00+00:00,0.070000,3600
2024-03-21T02:00:00+00:00,0.066570,3600
2024-03-21T03:00:00+00:00,0.062530,3600
2024-03-21T04:00:00+00:00,0.064680,3600
2024-03-21T05:00:00+00:00,0.081000,3600
2024-03-21T06:00:00+00:00,0.095900,3600
2024-03-21T07:00:00+00:00,0.104600,3600
2024-03-21T08:00:00+00:00,0.081190,3600
2024-03-21T09:00:00+00:00,0.074700,3600
2024-03-21T10:00:00+00:00,0.068030,3600
2024-03-21T11:00:00+00:00,0.065850,3600
2024-03-21T12:00:00+00:00,0.058740,3600
2024-03-21T13:00:00+00:00,0.064400,3600
2024-03-21T14:00:00+00:00,0.059080,3600
2024-03-21T15:00:00+00:00,0.068910,3600
2024-03-21T16:00:00+00:00,0.091970,3600
2024-03-21T17:00:00+00:00,0.121010,3600
2024-03-21T18:00:00+00:00,0.120690,3600
2024-03-21T19:00:00+00:00,0.093080,3600
2024-03-21T20:00:00+00:00,0.076270,3600
2024-03-21T21:00:00+00:00,0.072450,3600
2024-03-21T22:00:00+00:00,0.064910,3600
2024-03-21T23:00:00+00:00,0.052390,3600
2024-03-22T00:00:00+00:00,0.048960,3600
2024-03-22T01:00:00+00:00,0.046300,3600
2024-03-22T02:00:00+00:00,0.046060,3600
2024-03-22T03:00:00+00:00,0.045400,3600
2024-03-22T04:00:00+00:00,0.051250,3600
2024-03-22T05:00:00+00:00,0.063600,3600
2024-03-22T06:00:00+00:00,0.064270,3600
2024-03-22T07:00:00+00:00,0.066650,3600
2024-03-22T08:00:00+00:00,0.057480,3600
2024-03-22T09:00:00+00:00,0.063900,3600
2024-03-22T10:00:00+00:00,0.055000,3600
2024-03-22T11:00:00+00:00,0.052000,3600
2024-03-22T12:00:00+00:00,0.058680,3600
2024-03-22T13:00:00+00:00,0.059170,3600
2024-03-22T14:00:00+00:00,0.066000,3600
2024-03-22T15:00:00+00:00,0.075040,3600
2024-03-22T16:00:00+00:00,0.087380,3600
2024-03-22T17:00:00+00:00,0.111900,3600
2024-03-22T18:00:00+00:00,0.112180,3600
2024-03-22T19:00:00+00:00,0.094810,3600
2024-03-22T20:00:00+00:00,0.074640,3600
2024-03-22T21:00:00+00:00,0.073200,3600
2024-03-22T22:00:00+00:00,0.069840,3600
2024-03-22T23:00:00+00:00,0.070880,3600
2024-03-23T00:00:00+00:00,0.066140,3600
2024-03-23T01:00:00+00:00,0.056460,3600
2024-03-23T02:00:00+00:00,0.049990,3600
2024-03-23T03:00:00+00:00,0.052110,3600
2024-03-23T04:00:00+00:00,0.051940,3600
2024-03-23T05:00:00+00:00,0.047870,3600
2024-03-23T06:00:00+00:00,0.043480,3600
2024-03-23T07:00:00+00:00,0.034590,3600
2024-03-23T08:00:00+00:00,0.011190,3600
2024-03-23T09:00:00+00:00,0.000000,3600
2024-03-23T10:00:00+00:00,-0.000100,3600
2024-03-23T11:00:00+00:00,-0.005010,3600
2024-03-23T12:00:00+00:00,-0.010000,3600
2024-03-23T13:00:00+00:00,-0.009440,3600
2024-03-23T14:00:00+00:00,-0.002980,3600
2024-03-23T15:00:00+00:00,-0.002360,3600
2024-03-23T16:00:00+00:00,0.037680,3600
2024-03-23T17:00:00+00:00,0.062020,3600
2024-03-23T18:00:00+00:00,0.067200,3600
2024-03-23T19:00:00+00:00,0.052940,3600
2024-03-23T20:00:00+00:00,0.045840,3600
2024-03-23T21:00:00+00:00,0.038520,3600
2024-03-23T22:00:00+00:00,0.027500,3600
2024-03-23T23:00:00+00:00,0.027170,3600
2024-03-24T00:00:00+00:00,0.011670,3600
2024-03-24T01:00:00+00:00,0.008300,3600
2024-03-24T02:00:00+00:00,0.013470,3600
2024-03-24T03:00:00+00:00,0.014910,3600
2024-03-24T04:00:00+00:00,0.017180,3600
2024-03-24T05:00:00+00:00,0.011410,3600
2024-03-24T06:00:00+00:00,0.001190,3600
2024-03-24T07:00:00+00:00,0.000000,3600
2024-03-24T08:00:00+00:00,0.000000,3600
2024-03-24T09:00:00+00:00,0.000000,3600
2024-03-24T10:00:00+00:00,0.000000,3600
2024-03-24T11:00:00+00:00,0.000000,3600
2024-03-24T12:00:00+00:00,0.000000,3600
2024-03-24T13:00:00+00:00,0.000000,3600
2024-03-24T14:00:00+00:00,0.000000,3600
2024-03-24T15:00:00+00:00,0.011600,3600
2024-03-24T16:00:00+00:00,0.050000,3600
2024-03-24T17:00:00+00:00,0.071570,3600
2024-03-24T18:00:00+00:00,0.076340,3600
2024-03-24T19:00:00+00:00,0.067110,3600
2024-03-24T20:00:00+00:00,0.064970,3600
2024-03-24T21:00:00+00:00,0.064470,3600
2024-03-24T22:00:00+00:00,0.064000,3600
2024-03-24T23:00:00+00:00,0.062900,3600
2024-03-25T00:00:00+00:00,0.065100,3600
2024-03-25T01:00:00+00:00,0.070000,3600
2024-03-25T02:00:00+00:00,0.073100,3600
2024-03-25T03:00:00+00:00,0.067030,3600
2024-03-25T04:00:00+00:00,0.077140,3600
2024-03-25T05:00:00+00:00,0.087770,3600
2024-03-25T06:00:00+00:00,0.113870,3600
2024-03-25T07:00:00+00:00,0.099680,3600
2024-03-25T08:00:00+00:00,0.074150,3600
2024-03-25T09:00:00+00:00,0.066960,3600
2024-03-25T10:00:00+00:00,0.060950,3600
2024-03-25T11:00:00+00:00,0.059110,3600
2024-03-25T12:00:00+00:00,0.059300,3600
2024-03-25T13:00:00+00:00,0.061040,3600
2024-03-25T14:00:00+00:00,0.068840,3600
2024-03-25T15:00:00+00:00,0.074500,3600
2024-03-25T16:00:00+00:00,0.098700,3600
2024-03-25T17:00:00+00:00,0.155000,3600
2024-03-25T18:00:00+00:00,0.138000,3600
2024-03-25T19:00:00+00:00,0.086900,3600
2024-03-25T20:00:00+00:00,0.070380,3600
2024-03-25T21:00:00+00:00,0.070400,3600
2024-03-25T22:00:00+00:00,0.068770,3600
2024-03-25T23:00:00+00:00,0.073000,3600
2024-03-26T00:00:00+00:00,0.065800,3600
2024-03-26T01:00:00+00:00,0.064300,3600
2024-03-26T02:00:00+00:00,0.066000,3600
2024-03-26T03:00:00+00:00,0.064040,3600
2024-03-26T04:00:00+00:00,0.067270,3600
2024-03-26T05:00:00+00:00,0.075330,3600
2024-03-26T06:00:00+00:00,0.079200,3600
2024-03-26T07:00:00+00:00,0.072100,3600
2024-03-26T08:00:00+00:00,0.062000,3600
2024-03-26T09:00:00+00:00,0.049500,3600
2024-03-26T10:00:00+00:00,0.037030,3600
2024-03-26T11:00:00+00:00,0.013480,3600
2024-03-26T12:00:00+00:00,0.027620,3600
2024-03-26T13:00:00+00:00,0.037100,3600
2024-03-26T14:00:00+00:00,0.051930,3600
2024-03-26T15:00:00+00:00,0.074050,3600
2024-03-26T16:00:00+00:00,0.106700,3600
2024-03-26T17:00:00+00:00,0.116000,3600
2024-03-26T18:00:00+00:00,0.100300,3600
2024-03-26T19:00:00+00:00,0.080000,3600
2024-03-26T20:00:00+00:00,0.082200,3600
2024-03-26T21:00:00+00:00,0.074400,3600
2024-03-26T22:00:00+00:00,0.066920,3600
2024-03-26T23:00:00+00:00,0.058350,3600
2024-03-27T00:00:00+00:00,0.057090,3600
2024-03-27T01:00:00+00:00,0.057280,3600
2024-03-27T02:00:00+00:00,0.055590,3600
2024-03-27T03:00:00+00:00,0.056870,3600
2024-03-27T04:00:00+00:00,0.064520,3600
2024-03-27T05:00:00+00:00,0.078780,3600
2024-03-27T06:00:00+00:00,0.082770,3600
2024-03-27T07:00:00+00:00,0.079830,3600
2024-03-27T08:00:00+00:00,0.068330,3600
2024-03-27T09:00:00+00:00,0.063940,3600
2024-03-27T10:00:00+00:00,0.058140,3600
2024-03-27T11:00:00+00:00,0.057660,3600
2024-03-27T12:00:00+00:00,0.059540,3600
2024-03-27T13:00:00+00:00,0.061450,3600
2024-03-27T14:00:00+00:00,0.073900,3600
2024-03-27T15:00:00+00:00,0.076000,3600
2024-03-27T16:00:00+00:00,0.094440,3600
2024-03-27T17:00:00+00:00,0.120420,3600
2024-03-27T18:00:00+00:00,0.116880,3600
2024-03-27T19:00:00+00:00,0.097230,3600
2024-03-27T20:00:00+00:00,0.079350,3600
2024-03-27T21:00:00+00:00,0.079470,3600
2024-03-27T22:00:00+00:00,0.074000,3600
2024-03-27T23:00:00+00:00,0.074510,3600
2024-03-28T00:00:00+00:00,0.062190,3600
2024-03-28T01:00:00+00:00,0.057270,3600
2024-03-28T02:00:00+00:00,0.055790,3600
2024-03-28T03:00:00+00:00,0.055500,3600
2024-03-28T04:00:00+00:00,0.057520,3600
2024-03-28T05:00:00+00:00,0.068990,3600
2024-03-28T06:00:00+00:00,0.076050,3600
2024-03-28T07:00:00+00:00,0.073030,3600
2024-03-28T08:00:00+00:00,0.058090,3600
2024-03-28T09:00:00+00:00,0.040100,3600
2024-03-28T10:00:00+00:00,0.031360,3600
2024-03-28T11:00:00+00:00,0.006730,3600
2024-03-28T12:00:00+00:00,0.000050,3600
2024-03-28T13:00:00+00:00,0.000000,3600
2024-03-28T14:00:00+00:00,0.008660,3600
2024-03-28T15:00:00+00:00,0.027180,3600
2024-03-28T16:00:00+00:00,0.043090,3600
2024-03-28T17:00:00+00:00,0.063680,3600
2024-03-28T18:00:00+00:00,0.068090,3600
2024-03-28T19:00:00+00:00,0.056810,3600
2024-03-28T20:00:00+00:00,0.044890,3600
2024-03-28T21:00:00+00:00,0.032760,3600
2024-03-28T22:00:00+00:00,0.025000,3600
2024-03-28T23:00:00+00:00,0.020600,3600
2024-03-29T00:00:00+00:00,0.018830,3600
2024-03-29T01:00:00+00:00,0.012430,3600
2024-03-29T02:00:00+00:00,0.010240,3600
2024-03-29T03:00:00+00:00,0.012590,3600
2024-03-29T04:00:00+00:00,0.014320,3600
2024-03-29T05:00:00+00:00,0.022020,3600
2024-03-29T06:00:00+00:00,0.054900,3600
2024-03-29T07:00:00+00:00,0.079300,3600
2024-03-29T08:00:00+00:00,0.063600,3600
2024-03-29T09:00:00+00:00,0.029900,3600
2024-03-29T10:00:00+00:00,0.018810,3600
2024-03-29T11:00:00+00:00,0.012990,3600
2024-03-29T12:00:00+00:00,0.009860,3600
2024-03-29T13:00:00+00:00,0.013440,3600
2024-03-29T14:00:00+00:00,0.021140,3600
2024-03-29T15:00:00+00:00,0.043870,3600
2024-03-29T16:00:00+00:00,0.075440,3600
2024-03-29T17:00:00+00:00,0.101620,3600
2024-03-29T18:00:00+00:00,0.108000,3600
2024-03-29T19:00:00+00:00,0.087400,3600
2024-03-29T20:00:00+00:00,0.079900,3600
2024-03-29T21:00:00+00:00,0.075890,3600
2024-03-29T22:00:00+00:00,0.070000,3600
2024-03-29T23:00:00+00:00,0.069300,3600
2024-03-30T00:00:00+00:00,0.058160,3600
2024-03-30T01:00:00+00:00,0.068110,3600
2024-03-30T02:00:00+00:00,0.065800,3600
2024-03-30T03:00:00+00:00,0.084000,3600
2024-03-30T04:00:00+00:00,0.065050,3600
2024-03-30T05:00:00+00:00,0.069890,3600
2024-03-30T06:00:00+00:00,0.072620,3600
2024-03-30T07:00:00+00:00,0.050000,3600
2024-03-30T08:00:00+00:00,0.054390,3600
2024-03-30T09:00:00+00:00,0.036150,3600
2024-03-30T10:00:00+00:00,0.025000,3600
2024-03-30T11:00:00+00:00,0.025740,3600
2024-03-30T12:00:00+00:00,0.013150,3600
2024-03-30T13:00:00+00:00,0.015870,3600
2024-03-30T14:00:00+00:00,0.037050,3600
2024-03-30T15:00:00+00:00,0.052520,3600
2024-03-30T16:00:00+00:00,0.079200,3600
2024-03-30T17:00:00+00:00,0.101300,3600
2024-03-30T18:00:00+00:00,0.130000,3600
2024-03-30T19:00:00+00:00,0.111600,3600
2024-03-30T20:00:00+00:00,0.080800,3600
2024-03-30T21:00:00+00:00,0.070830,3600
2024-03-30T22:00:00+00:00,0.065740,3600
2024-03-30T23:00:00+00:00,0.081810,3600
2024-03-31T00:00:00+00:00,0.074570,3600
2024-03-31T01:00:00+00:00,0.064980,3600
2024-03-31T02:00:00+00:00,0.065680,3600
2024-03-31T03:00:00+00:00,0.061740,3600
2024-03-31T04:00:00+00:00,0.068750,3600
2024-03-31T05:00:00+00:00,0.074020,3600
2024-03-31T06:00:00+00:00,0.070740,3600
2024-03-31T07:00:00+00:00,0.050390,3600
2024-03-31T08:00:00+00:00,0.040000,3600
2024-03-31T09:00:00+00:00,0.027840,3600
2024-03-31T10:00:00+00:00,0.018680,3600
2024-03-31T11:00:00+00:00,0.002810,3600
2024-03-31T12:00:00+00:00,0.000970,3600
2024-03-31T13:00:00+00:00,0.014830,3600
2024-03-31T14:00:00+00:00,0.041070,3600
2024-03-31T15:00:00+00:00,0.066740,3600
2024-03-31T16:00:00+00:00,0.086800,3600
2024-03-31T17:00:00+00:00,0.118040,3600
2024-03-31T18:00:00+00:00,0.083720,3600
2024-03-31T19:00:00+00:00,0.065200,3600
2024-03-31T20:00:00+00:00,0.060550,3600
2024-03-31T21:00:00+00:00,0.054900,3600
2024-03-31T22:00:00+00:00,0.051030,3600
2024-03-31T23:00:00+00:00,0.048980,3600
2024-04-01T00:00:00+00:00,0.045100,3600
2024-04-01T01:00:00+00:00,0.043540,3600
2024-04-01T02:00:00+00:00,0.046560,3600
2024-04-01T03:00:00+00:00,0.052350,3600
2024-04-01T04:00:00+00:00,0.055260,3600
2024-04-01T05:00:00+00:00,0.059510,3600
2024-04-01T06:00:00+00:00,0.058710,3600
2024-04-01T07:00:00+00:00,0.060890,3600
2024-04-01T08:00:00+00:00,0.052960,3600
2024-04-01T09:00:00+00:00,0.048230,3600
2024-04-01T10:00:00+00:00,0.048750,3600
2024-04-01T11:00:00+00:00,0.000030,3600
2024-04-01T12:00:00+00:00,-0.000010,3600
2024-04-01T13:00:00+00:00,-0.000010,3600
2024-04-01T14:00:00+00:00,-0.000010,3600
2024-04-01T15:00:00+00:00,0.005790,3600
2024-04-01T16:00:00+00:00,0.053000,3600
2024-04-01T17:00:00+00:00,0.090000,3600
2024-04-01T18:00:00+00:00,0.079890,3600
2024-04-01T19:00:00+00:00,0.055960,3600
2024-04-01T20:00:00+00:00,0.041000,3600
2024-04-01T21:00:00+00:00,0.029630,3600
2024-04-01T22:00:00+00:00,0.046130,3600
2024-04-01T23:00:00+00:00,0.036330,3600
2024-04-02T00:00:00+00:00,0.016460,3600
2024-04-02T01:00:00+00:00,0.007540,3600
2024-04-02T02:00:00+00:00,0.001940,3600
2024-04-02T03:00:00+00:00,0.007270,3600
2024-04-02T04:00:00+00:00,0.051320,3600
2024-04-02T05:00:00+00:00,0.070980,3600
2024-04-02T06:00:00+00:00,0.068930,3600
2024-04-02T07:00:00+00:00,0.055170,3600
2024-04-02T08:00:00+00:00,0.030100,3600
2024-04-02T09:00:00+00:00,0.024910,3600
2024-04-02T10:00:00+00:00,0.005000,3600
2024-04-02T11:00:00+00:00,0.002500,3600
2024-04-02T12:00:00+00:00,0.000170,3600
2024-04-02T13:00:00+00:00,0.000000,3600
2024-04-02T14:00:00+00:00,0.004310,3600
2024-04-02T15:00:00+00:00,0.041460,3600
2024-04-02T16:00:00+00:00,0.072700,3600
2024-04-02T17:00:00+00:00,0.104000,3600
2024-04-02T18:00:00+00:00,0.110000,3600
2024-04-02T19:00:00+00:00,0.099000,3600
2024-04-02T20:00:00+00:00,0.076260,3600
2024-04-02T21:00:00+00:00,0.072430,3600
2024-04-02T22:00:00+00:00,0.072740,3600
2024-04-02T23:00:00+00:00,0.066310,3600
2024-04-03T00:00:00+00:00,0.062640,3600
2024-04-03T01:00:00+00:00,0.064660,3600
2024-04-03T02:00:00+00:00,0.064890,3600
2024-04-03T03:00:00+00:00,0.068730,3600
2024-04-03T04:00:00+00:00,0.082940,3600
2024-04-03T05:00:00+00:00,0.106520,3600
2024-04-03T06:00:00+00:00,0.117930,3600
2024-04-03T07:00:00+00:00,0.102440,3600
2024-04-03T08:00:00+00:00,0.107350,3600
2024-04-03T09:00:00+00:00,0.090920,3600
2024-04-03T10:00:00+00:00,0.078720,3600
2024-04-03T11:00:00+00:00,0.065800,3600
2024-04-03T12:00:00+00:00,0.058900,3600
2024-04-03T13:00:00+00:00,0.058090,3600
2024-04-03T14:00:00+00:00,0.060970,3600
2024-04-03T15:00:00+00:00,0.070310,3600
2024-04-03T16:00:00+00:00,0.085000,3600
2024-04-03T17:00:00+00:00,0.091690,3600
2024-04-03T18:00:00+00:00,0.092650,3600
2024-04-03T19:00:00+00:00,0.070710,3600
2024-04-03T20:00:00+00:00,0.065490,3600
2024-04-03T21:00:00+00:00,0.055330,3600
2024-04-03T22:00:00+00:00,0.042630,3600
2024-04-03T23:00:00+00:00,0.040280,3600
2024-04-04T00:00:00+00:00,0.039080,3600
2024-04-04T01:00:00+00:00,0.039670,3600
2024-04-04T02:00:00+00:00,0.040030,3600
2024-04-04T03:00:00+00:00,0.043070,3600
2024-04-04T04:00:00+00:00,0.053490,3600
2024-04-04T05:00:00+00:00,0.065470,3600
2024-04-04T06:00:00+00:00,0.075330,3600
2024-04-04T07:00:00+00:00,0.071790,3600
2024-04-04T08:00:00+00:00,0.069170,3600
2024-04-04T09:00:00+00:00,0.063060,3600
2024-04-04T10:00:00+00:00,0.051770,3600
2024-04-04T11:00:00+00:00,0.045880,3600
2024-04-04T12:00:00+00:00,0.045150,3600
2024-04-04T13:00:00+00:00,0.044170,3600
2024-04-04T14:00:00+00:00,0.044900,3600
2024-04-04T15:00:00+00:00,0.056750,3600
2024-04-04T16:00:00+00:00,0.065100,3600
2024-04-04T17:00:00+00:00,0.103700,3600
2024-04-04T18:00:00+00:00,0.099500,3600
2024-04-04T19:00:00+00:00,0.075700,3600
2024-04-04T20:00:00+00:00,0.067000,3600
2024-04-04T21:00:00+00:00,0.057850,3600
2024-04-04T22:00:00+00:00,0.058120,3600
2024-04-04T23:00:00+00:00,0.054460,3600
2024-04-05T00:00:00+00:00,0.050040,3600
2024-04-05T01:00:00+00:00,0.047980,3600
2024-04-05T02:00:00+00:00,0.047370,3600
2024-04-05T03:00:00+00:00,0.052000,3600
2024-04-05T04:00:00+00:00,0.062530,3600
2024-04-05T05:00:00+00:00,0.076790,3600
2024-04-05T06:00:00+00:00,0.080000,3600
2024-04-05T07:00:00+00:00,0.067590,3600
2024-04-05T08:00:00+00:00,0.050000,3600
2024-04-05T09:00:00+00:00,0.023700,3600
2024-04-05T10:00:00+00:00,0.008480,3600
2024-04-05T11:00:00+00:00,0.000000,3600
2024-04-05T12:00:00+00:00,-0.000200,3600
2024-04-05T13:00:00+00:00,-0.010070,3600
2024-04-05T14:00:00+00:00,-0.015000,3600
2024-04-05T15:00:00+00:00,0.006000,3600
2024-04-05T16:00:00+00:00,0.044660,3600
2024-04-05T17:00:00+00:00,0.058400,3600
2024-04-05T18:00:00+00:00,0.064890,3600
2024-04-05T19:00:00+00:00,0.062940,3600
2024-04-05T20:00:00+00:00,0.058990,3600
2024-04-05T21:00:00+00:00,0.050200,3600
2024-04-05T22:00:00+00:00,0.042310,3600
2024-04-05T23:00:00+00:00,0.043780,3600
2024-04-06T00:00:00+00:00,0.044000,3600
2024-04-06T01:00:00+00:00,0.044870,3600
2024-04-06T02:00:00+00:00,0.048090,3600
2024-04-06T03:00:00+00:00,0.048250,3600
2024-04-06T04:00:00+00:00,0.050010,3600
2024-04-06T05:00:00+00:00,0.051190,3600
2024-04-06T06:00:00+00:00,0.048000,3600
2024-04-06T07:00:00+00:00,0.027160,3600
2024-04-06T08:00:00+00:00,-0.014860,3600
2024-04-06T09:00:00+00:00,-0.022100,3600
2024-04-06T10:00:00+00:00,-0.050000,3600
2024-04-06T11:00:00+00:00,-0.120920,3600
2024-04-06T12:00:00+00:00,-0.125300,3600
2024-04-06T13:00:00+00:00,-0.050000,3600
2024-04-06T14:00:00+00:00,-0.020000,3600
2024-04-06T15:00:00+00:00,0.000000,3600
2024-04-06T16:00:00+00:00,0.055920,3600
2024-04-06T17:00:00+00:00,0.069200,3600
2024-04-06T18:00:00+00:00,0.065000,3600
2024-04-06T19:00:00+00:00,0.064900,3600
2024-04-06T20:00:00+00:00,0.046600,3600
2024-04-06T21:00:00+00:00,0.030000,3600
2024-04-06T22:00:00+00:00,0.010240,3600
2024-04-06T23:00:00+00:00,0.000090,3600
2024-04-07T00:00:00+00:00,0.000000,3600
2024-04-07T01:00:00+00:00,0.000000,3600
2024-04-07T02:00:00+00:00,0.000000,3600
2024-04-07T03:00:00+00:00,0.000000,3600
2024-04-07T04:00:00+00:00,0.000000,3600
2024-04-07T05:00:00+00:00,0.000000,3600
2024-04-07T06:00:00+00:00,0.000000,3600
2024-04-07T07:00:00+00:00,-0.000010,3600
2024-04-07T08:00:00+00:00,-0.010010,3600
2024-04-07T09:00:00+00:00,-0.021000,3600
2024-04-07T10:00:00+00:00,-0.034910,3600
2024-04-07T11:00:00+00:00,-0.050000,3600
2024-04-07T12:00:00+00:00,-0.049000,3600
2024-04-07T13:00:00+00:00,-0.020000,3600
2024-04-07T14:00:00+00:00,-0.000160,3600
2024-04-07T15:00:00+00:00,0.004280,3600
2024-04-07T16:00:00+00:00,0.051320,3600
2024-04-07T17:00:00+00:00,0.084000,3600
2024-04-07T18:00:00+00:00,0.090930,3600
2024-04-07T19:00:00+00:00,0.080100,3600
2024-04-07T20:00:00+00:00,0.075310,3600
2024-04-07T21:00:00+00:00,0.069680,3600
2024-04-07T22:00:00+00:00,0.070100,3600
2024-04-07T23:00:00+00:00,0.064530,3600
2024-04-08T00:00:00+00:00,0.063910,3600
2024-04-08T01:00:00+00:00,0.066060,3600
2024-04-08T02:00:00+00:00,0.066490,3600
2024-04-08T03:00:00+00:00,0.069480,3600
2024-04-08T04:00:00+00:00,0.093190,3600
2024-04-08T05:00:00+00:00,0.149780,3600
2024-04-08T06:00:00+00:00,0.128520,3600
2024-04-08T07:00:00+00:00,0.085510,3600
2024-04-08T08:00:00+00:00,0.069890,3600
2024-04-08T09:00:00+00:00,0.067100,3600
2024-04-08T10:00:00+00:00,0.064700,3600
2024-04-08T11:00:00+00:00,0.060000,3600
2024-04-08T12:00:00+00:00,0.057890,3600
2024-04-08T13:00:00+00:00,0.063400,3600
2024-04-08T14:00:00+00:00,0.070000,3600
2024-04-08T15:00:00+00:00,0.075010,3600
2024-04-08T16:00:00+00:00,0.104900,3600
2024-04-08T17:00:00+00:00,0.137300,3600
2024-04-08T18:00:00+00:00,0.124800,3600
2024-04-08T19:00:00+00:00,0.084850,3600
2024-04-08T20:00:00+00:00,0.077000,3600
2024-04-08T21:00:00+00:00,0.075560,3600
2024-04-08T22:00:00+00:00,0.083310,3600
2024-04-08T23:00:00+00:00,0.069390,3600
2024-04-09T00:00:00+00:00,0.064730,3600
2024-04-09T01:00:00+00:00,0.059020,3600
2024-04-09T02:00:00+00:00,0.060840,3600
2024-04-09T03:00:00+00:00,0.065480,3600
2024-04-09T04:00:00+00:00,0.077200,3600
2024-04-09T05:00:00+00:00,0.089950,3600
2024-04-09T06:00:00+00:00,0.079780,3600
2024-04-09T07:00:00+00:00,0.068300,3600
2024-04-09T08:00:00+00:00,0.050500,3600
2024-04-09T09:00:00+00:00,0.042870,3600
2024-04-09T10:00:00+00:00,0.032780,3600
2024-04-09T11:00:00+00:00,0.007100,3600
2024-04-09T12:00:00+00:00,0.007560,3600
2024-04-09T13:00:00+00:00,0.000000,3600
2024-04-09T14:00:00+00:00,0.013200,3600
2024-04-09T15:00:00+00:00,0.040720,3600
2024-04-09T16:00:00+00:00,0.061600,3600
2024-04-09T17:00:00+00:00,0.073510,3600
2024-04-09T18:00:00+00:00,0.079920,3600
2024-04-09T19:00:00+00:00,0.066640,3600
2024-04-09T20:00:00+00:00,0.059520,3600
2024-04-09T21:00:00+00:00,0.034540,3600
2024-04-09T22:00:00+00:00,0.012900,3600
2024-04-09T23:00:00+00:00,0.005100,3600
2024-04-10T00:00:00+00:00,0.005000,3600
2024-04-10T01:00:00+00:00,0.008990,3600
2024-04-10T02:00:00+00:00,0.024700,3600
2024-04-10T03:00:00+00:00,0.048800,3600
2024-04-10T04:00:00+00:00,0.074750,3600
2024-04-10T05:00:00+00:00,0.099630,3600
2024-04-10T06:00:00+00:00,0.106700,3600
2024-04-10T07:00:00+00:00,0.080460,3600
2024-04-10T08:00:00+00:00,0.067640,3600
2024-04-10T09:00:00+00:00,0.052990,3600
2024-04-10T10:00:00+00:00,0.019210,3600
2024-04-10T11:00:00+00:00,0.008930,3600
2024-04-10T12:00:00+00:00,0.000000,3600
2024-04-10T13:00:00+00:00,-0.000100,3600
2024-04-10T14:00:00+00:00,0.022000,3600
2024-04-10T15:00:00+00:00,0.064900,3600
2024-04-10T16:00:00+00:00,0.082650,3600
2024-04-10T17:00:00+00:00,0.145460,3600
2024-04-10T18:00:00+00:00,0.141100,3600
2024-04-10T19:00:00+00:00,0.088280,3600
2024-04-10T20:00:00+00:00,0.072350,3600
2024-04-10T21:00:00+00:00,0.065100,3600
2024-04-10T22:00:00+00:00,0.048590,3600
2024-04-10T23:00:00+00:00,0.026670,3600
2024-04-11T00:00:00+00:00,0.023680,3600
2024-04-11T01:00:00+00:00,0.009990,3600
2024-04-11T02:00:00+00:00,0.007980,3600
2024-04-11T03:00:00+00:00,0.028380,3600
2024-04-11T04:00:00+00:00,0.066110,3600
2024-04-11T05:00:00+00:00,0.068230,3600
2024-04-11T06:00:00+00:00,0.052200,3600
2024-04-11T07:00:00+00:00,0.071000,3600
2024-04-11T08:00:00+00:00,0.071500,3600
2024-04-11T09:00:00+00:00,0.070000,3600
2024-04-11T10:00:00+00:00,0.074900,3600
2024-04-11T11:00:00+00:00,0.074000,3600
2024-04-11T12:00:00+00:00,0.085050,3600
2024-04-11T13:00:00+00:00,0.077600,3600
2024-04-11T14:00:00+00:00,0.069000,3600
2024-04-11T15:00:00+00:00,0.086050,3600
2024-04-11T16:00:00+00:00,0.100700,3600
2024-04-11T17:00:00+00:00,0.134360,3600
2024-04-11T18:00:00+00:00,0.119800,3600
2024-04-11T19:00:00+00:00,0.091050,3600
2024-04-11T20:00:00+00:00,0.079210,3600
2024-04-11T21:00:00+00:00,0.075750,3600
2024-04-11T22:00:00+00:00,0.074500,3600
2024-04-11T23:00:00+00:00,0.070350,3600
2024-04-12T00:00:00+00:00,0.065500,3600
2024-04-12T01:00:00+00:00,0.059020,3600
2024-04-12T02:00:00+00:00,0.059490,3600
2024-04-12T03:00:00+00:00,0.064010,3600
2024-04-12T04:00:00+00:00,0.075960,3600
2024-04-12T05:00:00+00:00,0.091010,3600
2024-04-12T06:00:00+00:00,0.086000,3600
2024-04-12T07:00:00+00:00,0.076400,3600
2024-04-12T08:00:00+00:00,0.042160,3600
2024-04-12T09:00:00+00:00,0.018840,3600
2024-04-12T10:00:00+00:00,0.000000,3600
2024-04-12T11:00:00+00:00,-0.000100,3600
2024-04-12T12:00:00+00:00,-0.010020,3600
2024-04-12T13:00:00+00:00,-0.005030,3600
2024-04-12T14:00:00+00:00,0.000000,3600
2024-04-12T15:00:00+00:00,0.050350,3600
2024-04-12T16:00:00+00:00,0.073120,3600
2024-04-12T17:00:00+00:00,0.104950,3600
2024-04-12T18:00:00+00:00,0.112900,3600
2024-04-12T19:00:00+00:00,0.080340,3600
2024-04-12T20:00:00+00:00,0.072730,3600
2024-04-12T21:00:00+00:00,0.062600,3600
2024-04-12T22:00:00+00:00,0.054560,3600
2024-04-12T23:00:00+00:00,0.044150,3600
2024-04-13T00:00:00+00:00,0.023270,3600
2024-04-13T01:00:00+00:00,0.018110,3600
2024-04-13T02:00:00+00:00,0.018040,3600
2024-04-13T03:00:00+00:00,0.024080,3600
2024-04-13T04:00:00+00:00,0.028750,3600
2024-04-13T05:00:00+00:00,0.033730,3600
2024-04-13T06:00:00+00:00,0.022600,3600
2024-04-13T07:00:00+00:00,0.008800,3600
2024-04-13T08:00:00+00:00,-0.000020,3600
2024-04-13T09:00:00+00:00,-0.010160,3600
2024-04-13T10:00:00+00:00,-0.031660,3600
2024-04-13T11:00:00+00:00,-0.050000,3600
2024-04-13T12:00:00+00:00,-0.055010,3600
2024-04-13T13:00:00+00:00,-0.049910,3600
2024-04-13T14:00:00+00:00,-0.019140,3600
2024-04-13T15:00:00+00:00,-0.000150,3600
2024-04-13T16:00:00+00:00,0.033370,3600
2024-04-13T17:00:00+00:00,0.050100,3600
2024-04-13T18:00:00+00:00,0.058830,3600
2024-04-13T19:00:00+00:00,0.037540,3600
2024-04-13T20:00:00+00:00,0.020340,3600
2024-04-13T21:00:00+00:00,0.007500,3600
2024-04-13T22:00:00+00:00,0.000440,3600
2024-04-13T23:00:00+00:00,0.001100,3600
2024-04-14T00:00:00+00:00,0.000940,3600
2024-04-14T01:00:00+00:00,0.001260,3600
2024-04-14T02:00:00+00:00,0.002600,3600
2024-04-14T03:00:00+00:00,0.006000,3600
2024-04-14T04:00:00+00:00,0.012860,3600
2024-04-14T05:00:00+00:00,0.013000,3600
2024-04-14T06:00:00+00:00,0.008210,3600
2024-04-14T07:00:00+00:00,0.000000,3600
2024-04-14T08:00:00+00:00,-0.002680,3600
2024-04-14T09:00:00+00:00,-0.012970,3600
2024-04-14T10:00:00+00:00,-0.042230,3600
2024-04-14T11:00:00+00:00,-0.060050,3600
2024-04-14T12:00:00+00:00,-0.060010,3600
2024-04-14T13:00:00+00:00,-0.040050,3600
2024-04-14T14:00:00+00:00,-0.006250,3600
2024-04-14T15:00:00+00:00,0.001570,3600
2024-04-14T16:00:00+00:00,0.079700,3600
2024-04-14T17:00:00+00:00,0.102300,3600
2024-04-14T18:00:00+00:00,0.133650,3600
2024-04-14T19:00:00+00:00,0.124480,3600
2024-04-14T20:00:00+00:00,0.097160,3600
2024-04-14T21:00:00+00:00,0.079690,3600
2024-04-14T22:00:00+00:00,0.081960,3600
2024-04-14T23:00:00+00:00,0.074900,3600
2024-04-15T00:00:00+00:00,0.070550,3600
2024-04-15T01:00:00+00:00,0.070540,3600
2024-04-15T02:00:00+00:00,0.068300,3600
2024-04-15T03:00:00+00:00,0.078880,3600
2024-04-15T04:00:00+00:00,0.098750,3600
2024-04-15T05:00:00+00:00,0.148000,3600
2024-04-15T06:00:00+00:00,0.108270,3600
2024-04-15T07:00:00+00:00,0.062600,3600
2024-04-15T08:00:00+00:00,0.048000,3600
2024-04-15T09:00:00+00:00,0.048770,3600
2024-04-15T10:00:00+00:00,0.042170,3600
2024-04-15T11:00:00+00:00,0.031740,3600
2024-04-15T12:00:00+00:00,0.013150,3600
2024-04-15T13:00:00+00:00,0.009150,3600
2024-04-15T14:00:00+00:00,0.006990,3600
2024-04-15T15:00:00+00:00,0.043460,3600
2024-04-15T16:00:00+00:00,0.066500,3600
2024-04-15T17:00:00+00:00,0.076120,3600
2024-04-15T18:00:00+00:00,0.074890,3600
2024-04-15T19:00:00+00:00,0.065540,3600
2024-04-15T20:00:00+00:00,0.052850,3600
2024-04-15T21:00:00+00:00,0.034010,3600
2024-04-15T22:00:00+00:00,0.001430,3600
2024-04-15T23:00:00+00:00,0.000020,3600
2024-04-16T00:00:00+00:00,-0.000100,3600
2024-04-16T01:00:00+00:00,0.000000,3600
2024-04-16T02:00:00+00:00,0.013780,3600
2024-04-16T03:00:00+00:00,0.029200,3600
2024-04-16T04:00:00+00:00,0.051590,3600
2024-04-16T05:00:00+00:00,0.069690,3600
2024-04-16T06:00:00+00:00,0.074260,3600
2024-04-16T07:00:00+00:00,0.064810,3600
2024-04-16T08:00:00+00:00,0.050770,3600
2024-04-16T09:00:00+00:00,0.041460,3600
2024-04-16T10:00:00+00:00,0.038740,3600
2024-04-16T11:00:00+00:00,0.033570,3600
2024-04-16T12:00:00+00:00,0.033420,3600
2024-04-16T13:00:00+00:00,0.039950,3600
2024-04-16T14:00:00+00:00,0.051670,3600
2024-04-16T15:00:00+00:00,0.074530,3600
2024-04-16T16:00:00+00:00,0.087300,3600
2024-04-16T17:00:00+00:00,0.098000,3600
2024-04-16T18:00:00+00:00,0.115420,3600
2024-04-16T19:00:00+00:00,0.101710,3600
2024-04-16T20:00:00+00:00,0.090100,3600
2024-04-16T21:00:00+00:00,0.084100,3600
2024-04-16T22:00:00+00:00,0.084750,3600
2024-04-16T23:00:00+00:00,0.083840,3600
2024-04-17T00:00:00+00:00,0.081350,3600
2024-04-17T01:00:00+00:00,0.082400,3600
2024-04-17T02:00:00+00:00,0.081310,3600
2024-04-17T03:00:00+00:00,0.082340,3600
2024-04-17T04:00:00+00:00,0.108500,3600
2024-04-17T05:00:00+00:00,0.154670,3600
2024-04-17T06:00:00+00:00,0.152000,3600
2024-04-17T07:00:00+00:00,0.104620,3600
2024-04-17T08:00:00+00:00,0.083900,3600
2024-04-17T09:00:00+00:00,0.079900,3600
2024-04-17T10:00:00+00:00,0.075170,3600
2024-04-17T11:00:00+00:00,0.076060,3600
2024-04-17T12:00:00+00:00,0.069640,3600
2024-04-17T13:00:00+00:00,0.073850,3600
2024-04-17T14:00:00+00:00,0.080000,3600
2024-04-17T15:00:00+00:00,0.080000,3600
2024-04-17T16:00:00+00:00,0.103210,3600
2024-04-17T17:00:00+00:00,0.145000,3600
2024-04-17T18:00:00+00:00,0.169900,3600
2024-04-17T19:00:00+00:00,0.130060,3600
2024-04-17T20:00:00+00:00,0.099040,3600
2024-04-17T21:00:00+00:00,0.087810,3600
2024-04-17T22:00:00+00:00,0.091830,3600
2024-04-17T23:00:00+00:00,0.087420,3600
2024-04-18T00:00:00+00:00,0.088530,3600
2024-04-18T01:00:00+00:00,0.087760,3600
2024-04-18T02:00:00+00:00,0.089610,3600
2024-04-18T03:00:00+00:00,0.091700,3600
2024-04-18T04:00:00+00:00,0.115200,3600
2024-04-18T05:00:00+00:00,0.155450,3600
2024-04-18T06:00:00+00:00,0.131190,3600
2024-04-18T07:00:00+00:00,0.101120,3600
2024-04-18T08:00:00+00:00,0.089890,3600
2024-04-18T09:00:00+00:00,0.075710,3600
2024-04-18T10:00:00+00:00,0.067600,3600
2024-04-18T11:00:00+00:00,0.068100,3600
2024-04-18T12:00:00+00:00,0.063450,3600
2024-04-18T13:00:00+00:00,0.063520,3600
2024-04-18T14:00:00+00:00,0.065240,3600
2024-04-18T15:00:00+00:00,0.080860,3600
2024-04-18T16:00:00+00:00,0.094030,3600
2024-04-18T17:00:00+00:00,0.125240,3600
2024-04-18T18:00:00+00:00,0.128910,3600
2024-04-18T19:00:00+00:00,0.105920,3600
2024-04-18T20:00:00+00:00,0.089890,3600
2024-04-18T21:00:00+00:00,0.079360,3600
2024-04-18T22:00:00+00:00,0.069260,3600
2024-04-18T23:00:00+00:00,0.056010,3600
2024-04-19T00:00:00+00:00,0.047000,3600
2024-04-19T01:00:00+00:00,0.044890,3600
2024-04-19T02:00:00+00:00,0.043930,3600
2024-04-19T03:00:00+00:00,0.046530,3600
2024-04-19T04:00:00+00:00,0.058100,3600
2024-04-19T05:00:00+00:00,0.069740,3600
2024-04-19T06:00:00+00:00,0.076000,3600
2024-04-19T07:00:00+00:00,0.068300,3600
2024-04-19T08:00:00+00:00,0.060200,3600
2024-04-19T09:00:00+00:00,0.046600,3600
2024-04-19T10:00:00+00:00,0.036600,3600
2024-04-19T11:00:00+00:00,0.010000,3600
2024-04-19T12:00:00+00:00,-0.000100,3600
2024-04-19T13:00:00+00:00,-0.000100,3600
2024-04-19T14:00:00+00:00,0.003000,3600
2024-04-19T15:00:00+00:00,0.050290,3600
2024-04-19T16:00:00+00:00,0.059700,3600
2024-04-19T17:00:00+00:00,0.062230,3600
2024-04-19T18:00:00+00:00,0.063740,3600
2024-04-19T19:00:00+00:00,0.063330,3600
2024-04-19T20:00:00+00:00,0.062870,3600
2024-04-19T21:00:00+00:00,0.061570,3600
2024-04-19T22:00:00+00:00,0.059090,3600
2024-04-19T23:00:00+00:00,0.056490,3600
2024-04-20T00:00:00+00:00,0.055770,3600
2024-04-20T01:00:00+00:00,0.056640,3600
2024-04-20T02:00:00+00:00,0.059650,3600
2024-04-20T03:00:00+00:00,0.061510,3600
2024-04-20T04:00:00+00:00,0.061690,3600
2024-04-20T05:00:00+00:00,0.066100,3600
2024-04-20T06:00:00+00:00,0.064700,3600
2024-04-20T07:00:00+00:00,0.059060,3600
2024-04-20T08:00:00+00:00,0.046540,3600
2024-04-20T09:00:00+00:00,0.034380,3600
2024-04-20T10:00:00+00:00,0.011700,3600
2024-04-20T11:00:00+00:00,-0.004000,3600
2024-04-20T12:00:00+00:00,-0.005090,3600
2024-04-20T13:00:00+00:00,-0.004010,3600
2024-04-20T14:00:00+00:00,0.025000,3600
2024-04-20T15:00:00+00:00,0.048330,3600
2024-04-20T16:00:00+00:00,0.063740,3600
2024-04-20T17:00:00+00:00,0.079320,3600
2024-04-20T18:00:00+00:00,0.091170,3600
2024-04-20T19:00:00+00:00,0.086840,3600
2024-04-20T20:00:00+00:00,0.084010,3600
2024-04-20T21:00:00+00:00,0.082500,3600
2024-04-20T22:00:00+00:00,0.081850,3600
2024-04-20T23:00:00+00:00,0.070170,3600
2024-04-21T00:00:00+00:00,0.069530,3600
2024-04-21T01:00:00+00:00,0.064400,3600
2024-04-21T02:00:00+00:00,0.063880,3600
2024-04-21T03:00:00+00:00,0.063620,3600
2024-04-21T04:00:00+00:00,0.064430,3600
2024-04-21T05:00:00+00:00,0.060530,3600
2024-04-21T06:00:00+00:00,0.055930,3600
2024-04-21T07:00:00+00:00,0.051120,3600
2024-04-21T08:00:00+00:00,0.026920,3600
2024-04-21T09:00:00+00:00,-0.022200,3600
2024-04-21T10:00:00+00:00,-0.024040,3600
2024-04-21T11:00:00+00:00,-0.007000,3600
2024-04-21T12:00:00+00:00,-0.003790,3600
2024-04-21T13:00:00+00:00,-0.010030,3600
2024-04-21T14:00:00+00:00,0.004670,3600
2024-04-21T15:00:00+00:00,0.042940,3600
2024-04-21T16:00:00+00:00,0.061980,3600
2024-04-21T17:00:00+00:00,0.087650,3600
2024-04-21T18:00:00+00:00,0.095260,3600
2024-04-21T19:00:00+00:00,0.091070,3600
2024-04-21T20:00:00+00:00,0.089410,3600
2024-04-21T21:00:00+00:00,0.088460,3600
2024-04-21T22:00:00+00:00,0.077180,3600
2024-04-21T23:00:00+00:00,0.078050,3600
2024-04-22T00:00:00+00:00,0.078440,3600
2024-04-22T01:00:00+00:00,0.079920,3600
2024-04-22T02:00:00+00:00,0.079790,3600
2024-04-22T03:00:00+00:00,0.085000,3600
2024-04-22T04:00:00+00:00,0.103940,3600
2024-04-22T05:00:00+00:00,0.129420,3600
2024-04-22T06:00:00+00:00,0.117460,3600
2024-04-22T07:00:00+00:00,0.097050,3600
2024-04-22T08:00:00+00:00,0.079450,3600
2024-04-22T09:00:00+00:00,0.072240,3600
2024-04-22T10:00:00+00:00,0.068310,3600
2024-04-22T11:00:00+00:00,0.071240,3600
2024-04-22T12:00:00+00:00,0.064250,3600
2024-04-22T13:00:00+00:00,0.059450,3600
2024-04-22T14:00:00+00:00,0.071900,3600
2024-04-22T15:00:00+00:00,0.080660,3600
2024-04-22T16:00:00+00:00,0.104090,3600
2024-04-22T17:00:00+00:00,0.136120,3600
2024-04-22T18:00:00+00:00,0.155090,3600
2024-04-22T19:00:00+00:00,0.127160,3600
2024-04-22T20:00:00+00:00,0.105630,3600
2024-04-22T21:00:00+00:00,0.096940,3600
2024-04-22T22:00:00+00:00,0.088320,3600
2024-04-22T23:00:00+00:00,0.086690,3600
2024-04-23T00:00:00+00:00,0.085950,3600
2024-04-23T01:00:00+00:00,0.085420,3600
2024-04-23T02:00:00+00:00,0.086350,3600
2024-04-23T03:00:00+00:00,0.097030,3600
2024-04-23T04:00:00+00:00,0.119440,3600
2024-04-23T05:00:00+00:00,0.176280,3600
2024-04-23T06:00:00+00:00,0.136280,3600
2024-04-23T07:00:00+00:00,0.098380,3600
2024-04-23T08:00:00+00:00,0.082470,3600
2024-04-23T09:00:00+00:00,0.077250,3600
2024-04-23T10:00:00+00:00,0.076800,3600
2024-04-23T11:00:00+00:00,0.078250,3600
2024-04-23T12:00:00+00:00,0.078620,3600
2024-04-23T13:00:00+00:00,0.078330,3600
2024-04-23T14:00:00+00:00,0.080790,3600
2024-04-23T15:00:00+00:00,0.088820,3600
2024-04-23T16:00:00+00:00,0.100760,3600
2024-04-23T17:00:00+00:00,0.118310,3600
2024-04-23T18:00:00+00:00,0.120920,3600
2024-04-23T19:00:00+00:00,0.102000,3600
2024-04-23T20:00:00+00:00,0.084400,3600
2024-04-23T21:00:00+00:00,0.081540,3600
2024-04-23T22:00:00+00:00,0.080550,3600
2024-04-23T23:00:00+00:00,0.076290,3600
2024-04-24T00:00:00+00:00,0.075880,3600
2024-04-24T01:00:00+00:00,0.072640,3600
2024-04-24T02:00:00+00:00,0.072800,3600
2024-04-24T03:00:00+00:00,0.079640,3600
2024-04-24T04:00:00+00:00,0.092760,3600
2024-04-24T05:00:00+00:00,0.096000,3600
2024-04-24T06:00:00+00:00,0.106970,3600
2024-04-24T07:00:00+00:00,0.081700,3600
2024-04-24T08:00:00+00:00,0.074900,3600
2024-04-24T09:00:00+00:00,0.077630,3600
2024-04-24T10:00:00+00:00,0.061900,3600
2024-04-24T11:00:00+00:00,0.046600,3600
2024-04-24T12:00:00+00:00,0.039000,3600
2024-04-24T13:00:00+00:00,0.045380,3600
2024-04-24T14:00:00+00:00,0.058000,3600
2024-04-24T15:00:00+00:00,0.074200,3600
2024-04-24T16:00:00+00:00,0.075000,3600
2024-04-24T17:00:00+00:00,0.095000,3600
2024-04-24T18:00:00+00:00,0.123430,3600
2024-04-24T19:00:00+00:00,0.116010,3600
2024-04-24T20:00:00+00:00,0.104110,3600
2024-04-24T21:00:00+00:00,0.090000,3600
2024-04-24T22:00:00+00:00,0.083500,3600
2024-04-24T23:00:00+00:00,0.080000,3600
2024-04-25T00:00:00+00:00,0.077360,3600
2024-04-25T01:00:00+00:00,0.075520,3600
2024-04-25T02:00:00+00:00,0.074400,3600
2024-04-25T03:00:00+00:00,0.083690,3600
2024-04-25T04:00:00+00:00,0.100570,3600
2024-04-25T05:00:00+00:00,0.126000,3600
2024-04-25T06:00:00+00:00,0.112010,3600
2024-04-25T07:00:00+00:00,0.092100,3600
2024-04-25T08:00:00+00:00,0.080010,3600
2024-04-25T09:00:00+00:00,0.078200,3600
2024-04-25T10:00:00+00:00,0.073920,3600
2024-04-25T11:00:00+00:00,0.067300,3600
2024-04-25T12:00:00+00:00,0.064680,3600
2024-04-25T13:00:00+00:00,0.067640,3600
2024-04-25T14:00:00+00:00,0.071540,3600
2024-04-25T15:00:00+00:00,0.078920,3600
2024-04-25T16:00:00+00:00,0.094690,3600
2024-04-25T17:00:00+00:00,0.121700,3600
2024-04-25T18:00:00+00:00,0.140930,3600
2024-04-25T19:00:00+00:00,0.113430,3600
2024-04-25T20:00:00+00:00,0.091350,3600
2024-04-25T21:00:00+00:00,0.079740,3600
2024-04-25T22:00:00+00:00,0.079870,3600
2024-04-25T23:00:00+00:00,0.074000,3600
2024-04-26T00:00:00+00:00,0.074200,3600
2024-04-26T01:00:00+00:00,0.074070,3600
2024-04-26T02:00:00+00:00,0.077100,3600
2024-04-26T03:00:00+00:00,0.082980,3600
2024-04-26T04:00:00+00:00,0.093510,3600
2024-04-26T05:00:00+00:00,0.104060,3600
2024-04-26T06:00:00+00:00,0.096060,3600
2024-04-26T07:00:00+00:00,0.081080,3600
2024-04-26T08:00:00+00:00,0.080260,3600
2024-04-26T09:00:00+00:00,0.072950,3600
2024-04-26T10:00:00+00:00,0.070350,3600
2024-04-26T11:00:00+00:00,0.068740,3600
2024-04-26T12:00:00+00:00,0.065370,3600
2024-04-26T13:00:00+00:00,0.069920,3600
2024-04-26T14:00:00+00:00,0.071730,3600
2024-04-26T15:00:00+00:00,0.080230,3600
2024-04-26T16:00:00+00:00,0.093370,3600
2024-04-26T17:00:00+00:00,0.128610,3600
2024-04-26T18:00:00+00:00,0.136560,3600
2024-04-26T19:00:00+00:00,0.108610,3600
2024-04-26T20:00:00+00:00,0.091910,3600
2024-04-26T21:00:00+00:00,0.088260,3600
2024-04-26T22:00:00+00:00,0.090290,3600
2024-04-26T23:00:00+00:00,0.088470,3600
2024-04-27T00:00:00+00:00,0.085500,3600
2024-04-27T01:00:00+00:00,0.086860,3600
2024-04-27T02:00:00+00:00,0.084140,3600
2024-04-27T03:00:00+00:00,0.082490,3600
2024-04-27T04:00:00+00:00,0.086080,3600
2024-04-27T05:00:00+00:00,0.079040,3600
2024-04-27T06:00:00+00:00,0.069840,3600
2024-04-27T07:00:00+00:00,0.061260,3600
2024-04-27T08:00:00+00:00,0.036020,3600
2024-04-27T09:00:00+00:00,0.008430,3600
2024-04-27T10:00:00+00:00,0.000030,3600
2024-04-27T11:00:00+00:00,-0.000020,3600
2024-04-27T12:00:00+00:00,0.000000,3600
2024-04-27T13:00:00+00:00,0.000000,3600
2024-04-27T14:00:00+00:00,0.022000,3600
2024-04-27T15:00:00+00:00,0.071670,3600
2024-04-27T16:00:00+00:00,0.090630,3600
2024-04-27T17:00:00+00:00,0.119900,3600
2024-04-27T18:00:00+00:00,0.112270,3600
2024-04-27T19:00:00+00:00,0.085000,3600
2024-04-27T20:00:00+00:00,0.075900,3600
2024-04-27T21:00:00+00:00,0.065230,3600
2024-04-27T22:00:00+00:00,0.056390,3600
2024-04-27T23:00:00+00:00,0.046140,3600
2024-04-28T00:00:00+00:00,0.039600,3600
2024-04-28T01:00:00+00:00,0.031550,3600
2024-04-28T02:00:00+00:00,0.027580,3600
2024-04-28T03:00:00+00:00,0.025960,3600
2024-04-28T04:00:00+00:00,0.009920,3600
2024-04-28T05:00:00+00:00,0.000100,3600
2024-04-28T06:00:00+00:00,-0.000070,3600
2024-04-28T07:00:00+00:00,-0.001020,3600
2024-04-28T08:00:00+00:00,-0.016640,3600
2024-04-28T09:00:00+00:00,-0.036720,3600
2024-04-28T10:00:00+00:00,-0.062200,3600
2024-04-28T11:00:00+00:00,-0.063890,3600
2024-04-28T12:00:00+00:00,-0.065060,3600
2024-04-28T13:00:00+00:00,-0.052430,3600
2024-04-28T14:00:00+00:00,-0.023420,3600
2024-04-28T15:00:00+00:00,-0.000020,3600
2024-04-28T16:00:00+00:00,0.024780,3600
2024-04-28T17:00:00+00:00,0.068520,3600
2024-04-28T18:00:00+00:00,0.077080,3600
2024-04-28T19:00:00+00:00,0.078560,3600
2024-04-28T20:00:00+00:00,0.072210,3600
2024-04-28T21:00:00+00:00,0.066940,3600
2024-04-28T22:00:00+00:00,0.063150,3600
2024-04-28T23:00:00+00:00,0.060050,3600
2024-04-29T00:00:00+00:00,0.058930,3600
2024-04-29T01:00:00+00:00,0.062080,3600
2024-04-29T02:00:00+00:00,0.074780,3600
2024-04-29T03:00:00+00:00,0.082130,3600
2024-04-29T04:00:00+00:00,0.099070,3600
2024-04-29T05:00:00+00:00,0.113700,3600
2024-04-29T06:00:00+00:00,0.100510,3600
2024-04-29T07:00:00+00:00,0.075020,3600
2024-04-29T08:00:00+00:00,0.058170,3600
2024-04-29T09:00:00+00:00,0.036160,3600
2024-04-29T10:00:00+00:00,0.034900,3600
2024-04-29T11:00:00+00:00,0.028000,3600
2024-04-29T12:00:00+00:00,0.032280,3600
2024-04-29T13:00:00+00:00,0.035550,3600
2024-04-29T14:00:00+00:00,0.047680,3600
2024-04-29T15:00:00+00:00,0.069210,3600
2024-04-29T16:00:00+00:00,0.082500,3600
2024-04-29T17:00:00+00:00,0.150000,3600
2024-04-29T18:00:00+00:00,0.185410,3600
2024-04-29T19:00:00+00:00,0.106810,3600
2024-04-29T20:00:00+00:00,0.086860,3600
2024-04-29T21:00:00+00:00,0.079960,3600
2024-04-29T22:00:00+00:00,0.075900,3600
2024-04-29T23:00:00+00:00,0.071600,3600
2024-04-30T00:00:00+00:00,0.070050,3600
2024-04-30T01:00:00+00:00,0.069850,3600
2024-04-30T02:00:00+00:00,0.069430,3600
2024-04-30T03:00:00+00:00,0.078630,3600
2024-04-30T04:00:00+00:00,0.093890,3600
2024-04-30T05:00:00+00:00,0.101660,3600
2024-04-30T06:00:00+00:00,0.093200,3600
2024-04-30T07:00:00+00:00,0.077710,3600
2024-04-30T08:00:00+00:00,0.062060,3600
2024-04-30T09:00:00+00:00,0.044890,3600
2024-04-30T10:00:00+00:00,0.028010,3600
2024-04-30T11:00:00+00:00,0.014080,3600
2024-04-30T12:00:00+00:00,0.012810,3600
2024-04-30T13:00:00+00:00,0.019140,3600
2024-04-30T14:00:00+00:00,0.044140,3600
2024-04-30T15:00:00+00:00,0.065520,3600
2024-04-30T16:00:00+00:00,0.086200,3600
2024-04-30T17:00:00+00:00,0.116720,3600
2024-04-30T18:00:00+00:00,0.128930,3600
2024-04-30T19:00:00+00:00,0.088150,3600
2024-04-30T20:00:00+00:00,0.080000,3600
2024-04-30T21:00:00+00:00,0.081800,3600
2024-04-30T22:00:00+00:00,0.076770,3600
2024-04-30T23:00:00+00:00,0.079890,3600
2024-05-01T00:00:00+00:00,0.081100,3600
2024-05-01T01:00:00+00:00,0.080100,3600
2024-05-01T02:00:00+00:00,0.068000,3600
2024-05-01T03:00:00+00:00,0.075000,3600
2024-05-01T04:00:00+00:00,0.080100,3600
2024-05-01T05:00:00+00:00,0.100000,3600
2024-05-01T06:00:00+00:00,0.080000,3600
2024-05-01T07:00:00+00:00,0.016700,3600
2024-05-01T08:00:00+00:00,-0.001000,3600
2024-05-01T09:00:00+00:00,-0.044750,3600
2024-05-01T10:00:00+00:00,-0.102660,3600
2024-05-01T11:00:00+00:00,-0.200000,3600
2024-05-01T12:00:00+00:00,-0.200000,3600
2024-05-01T13:00:00+00:00,-0.092000,3600
2024-05-01T14:00:00+00:00,-0.028800,3600
2024-05-01T15:00:00+00:00,0.002390,3600
2024-05-01T16:00:00+00:00,0.060000,3600
2024-05-01T17:00:00+00:00,0.106000,3600
2024-05-01T18:00:00+00:00,0.130300,3600
2024-05-01T19:00:00+00:00,0.100000,3600
2024-05-01T20:00:00+00:00,0.081100,3600
2024-05-01T21:00:00+00:00,0.076000,3600
2024-05-01T22:00:00+00:00,0.061000,3600
2024-05-01T23:00:00+00:00,0.051100,3600
2024-05-02T00:00:00+00:00,0.040000,3600
2024-05-02T01:00:00+00:00,0.039400,3600
2024-05-02T02:00:00+00:00,0.034300,3600
2024-05-02T03:00:00+00:00,0.037800,3600
2024-05-02T04:00:00+00:00,0.068980,3600
2024-05-02T05:00:00+00:00,0.080000,3600
2024-05-02T06:00:00+00:00,0.084000,3600
2024-05-02T07:00:00+00:00,0.031450,3600
2024-05-02T08:00:00+00:00,-0.010000,3600
2024-05-02T09:00:00+00:00,-0.020000,3600
2024-05-02T10:00:00+00:00,-0.016790,3600
2024-05-02T11:00:00+00:00,-0.020060,3600
2024-05-02T12:00:00+00:00,-0.000100,3600
2024-05-02T13:00:00+00:00,-0.000010,3600
2024-05-02T14:00:00+00:00,0.005490,3600
2024-05-02T15:00:00+00:00,0.070000,3600
2024-05-02T16:00:00+00:00,0.089770,3600
2024-05-02T17:00:00+00:00,0.104400,3600
2024-05-02T18:00:00+00:00,0.120000,3600
2024-05-02T19:00:00+00:00,0.096000,3600
2024-05-02T20:00:00+00:00,0.089000,3600
2024-05-02T21:00:00+00:00,0.088000,3600
2024-05-02T22:00:00+00:00,0.095000,3600
2024-05-02T23:00:00+00:00,0.083940,3600
2024-05-03T00:00:00+00:00,0.080000,3600
2024-05-03T01:00:00+00:00,0.078000,3600
2024-05-03T02:00:00+00:00,0.068000,3600
2024-05-03T03:00:00+00:00,0.067000,3600
2024-05-03T04:00:00+00:00,0.076320,3600
2024-05-03T05:00:00+00:00,0.082390,3600
2024-05-03T06:00:00+00:00,0.092310,3600
2024-05-03T07:00:00+00:00,0.100000,3600
2024-05-03T08:00:00+00:00,0.073950,3600
2024-05-03T09:00:00+00:00,0.069130,3600
2024-05-03T10:00:00+00:00,0.061000,3600
2024-05-03T11:00:00+00:00,0.056640,3600
2024-05-03T12:00:00+00:00,0.057050,3600
2024-05-03T13:00:00+00:00,0.060720,3600
2024-05-03T14:00:00+00:00,0.064010,3600
2024-05-03T15:00:00+00:00,0.069820,3600
2024-05-03T16:00:00+00:00,0.080450,3600
2024-05-03T17:00:00+00:00,0.097000,3600
2024-05-03T18:00:00+00:00,0.110020,3600
2024-05-03T19:00:00+00:00,0.105270,3600
2024-05-03T20:00:00+00:00,0.090110,3600
2024-05-03T21:00:00+00:00,0.082920,3600
2024-05-03T22:00:00+00:00,0.088170,3600
2024-05-03T23:00:00+00:00,0.083080,3600
2024-05-04T00:00:00+00:00,0.080580,3600
2024-05-04T01:00:00+00:00,0.081040,3600
2024-05-04T02:00:00+00:00,0.083300,3600
2024-05-04T03:00:00+00:00,0.090930,3600
2024-05-04T04:00:00+00:00,0.086000,3600
2024-05-04T05:00:00+00:00,0.084670,3600
2024-05-04T06:00:00+00:00,0.076060,3600
2024-05-04T07:00:00+00:00,0.062330,3600
2024-05-04T08:00:00+00:00,0.041170,3600
2024-05-04T09:00:00+00:00,0.031180,3600
2024-05-04T10:00:00+00:00,0.024900,3600
2024-05-04T11:00:00+00:00,0.014510,3600
2024-05-04T12:00:00+00:00,0.013340,3600
2024-05-04T13:00:00+00:00,0.026150,3600
2024-05-04T14:00:00+00:00,0.061700,3600
2024-05-04T15:00:00+00:00,0.083200,3600
2024-05-04T16:00:00+00:00,0.097340,3600
2024-05-04T17:00:00+00:00,0.118160,3600
2024-05-04T18:00:00+00:00,0.131890,3600
2024-05-04T19:00:00+00:00,0.106290,3600
2024-05-04T20:00:00+00:00,0.093260,3600
2024-05-04T21:00:00+00:00,0.087620,3600
2024-05-04T22:00:00+00:00,0.097860,3600
2024-05-04T23:00:00+00:00,0.093470,3600
2024-05-05T00:00:00+00:00,0.090540,3600
2024-05-05T01:00:00+00:00,0.088670,3600
2024-05-05T02:00:00+00:00,0.085100,3600
2024-05-05T03:00:00+00:00,0.085500,3600
2024-05-05T04:00:00+00:00,0.080290,3600
2024-05-05T05:00:00+00:00,0.074100,3600
2024-05-05T06:00:00+00:00,0.049890,3600
2024-05-05T07:00:00+00:00,0.026210,3600
2024-05-05T08:00:00+00:00,0.008850,3600
2024-05-05T09:00:00+00:00,0.000440,3600
2024-05-05T10:00:00+00:00,0.000000,3600
2024-05-05T11:00:00+00:00,-0.000040,3600
2024-05-05T12:00:00+00:00,-0.000970,3600
2024-05-05T13:00:00+00:00,-0.000100,3600
2024-05-05T14:00:00+00:00,0.000000,3600
2024-05-05T15:00:00+00:00,0.032000,3600
2024-05-05T16:00:00+00:00,0.092560,3600
2024-05-05T17:00:00+00:00,0.102260,3600
2024-05-05T18:00:00+00:00,0.121130,3600
2024-05-05T19:00:00+00:00,0.115500,3600
2024-05-05T20:00:00+00:00,0.106500,3600
2024-05-05T21:00:00+00:00,0.093500,3600
2024-05-05T22:00:00+00:00,0.082860,3600
2024-05-05T23:00:00+00:00,0.082700,3600
2024-05-06T00:00:00+00:00,0.084180,3600
2024-05-06T01:00:00+00:00,0.083470,3600
2024-05-06T02:00:00+00:00,0.082430,3600
2024-05-06T03:00:00+00:00,0.087510,3600
2024-05-06T04:00:00+00:00,0.113120,3600
2024-05-06T05:00:00+00:00,0.132090,3600
2024-05-06T06:00:00+00:00,0.101540,3600
2024-05-06T07:00:00+00:00,0.089190,3600
2024-05-06T08:00:00+00:00,0.081000,3600
2024-05-06T09:00:00+00:00,0.072020,3600
2024-05-06T10:00:00+00:00,0.068510,3600
2024-05-06T11:00:00+00:00,0.072790,3600
2024-05-06T12:00:00+00:00,0.076800,3600
2024-05-06T13:00:00+00:00,0.084780,3600
2024-05-06T14:00:00+00:00,0.080330,3600
2024-05-06T15:00:00+00:00,0.098000,3600
2024-05-06T16:00:00+00:00,0.114200,3600
2024-05-06T17:00:00+00:00,0.137170,3600
2024-05-06T18:00:00+00:00,0.137950,3600
2024-05-06T19:00:00+00:00,0.109340,3600
2024-05-06T20:00:00+00:00,0.094580,3600
2024-05-06T21:00:00+00:00,0.084420,3600
2024-05-06T22:00:00+00:00,0.081730,3600
2024-05-06T23:00:00+00:00,0.079370,3600
2024-05-07T00:00:00+00:00,0.077310,3600
2024-05-07T01:00:00+00:00,0.081460,3600
2024-05-07T02:00:00+00:00,0.081730,3600
2024-05-07T03:00:00+00:00,0.080440,3600
2024-05-07T04:00:00+00:00,0.095990,3600
2024-05-07T05:00:00+00:00,0.118210,3600
2024-05-07T06:00:00+00:00,0.112660,3600
2024-05-07T07:00:00+00:00,0.091750,3600
2024-05-07T08:00:00+00:00,0.084000,3600
2024-05-07T09:00:00+00:00,0.075390,3600
2024-05-07T10:00:00+00:00,0.056910,3600
2024-05-07T11:00:00+00:00,0.051750,3600
2024-05-07T12:00:00+00:00,0.047890,3600
2024-05-07T13:00:00+00:00,0.048810,3600
2024-05-07T14:00:00+00:00,0.075600,3600
2024-05-07T15:00:00+00:00,0.083930,3600
2024-05-07T16:00:00+00:00,0.099850,3600
2024-05-07T17:00:00+00:00,0.120610,3600
2024-05-07T18:00:00+00:00,0.138010,3600
2024-05-07T19:00:00+00:00,0.122040,3600
2024-05-07T20:00:00+00:00,0.101700,3600
2024-05-07T21:00:00+00:00,0.083010,3600
2024-05-07T22:00:00+00:00,0.089850,3600
2024-05-07T23:00:00+00:00,0.087410,3600
2024-05-08T00:00:00+00:00,0.087310,3600
2024-05-08T01:00:00+00:00,0.085640,3600
2024-05-08T02:00:00+00:00,0.080170,3600
2024-05-08T03:00:00+00:00,0.080000,3600
2024-05-08T04:00:00+00:00,0.108680,3600
2024-05-08T05:00:00+00:00,0.121300,3600
2024-05-08T06:00:00+00:00,0.118470,3600
2024-05-08T07:00:00+00:00,0.100500,3600
2024-05-08T08:00:00+00:00,0.093030,3600
2024-05-08T09:00:00+00:00,0.087350,3600
2024-05-08T10:00:00+00:00,0.066060,3600
2024-05-08T11:00:00+00:00,0.061930,3600
2024-05-08T12:00:00+00:00,0.062090,3600
2024-05-08T13:00:00+00:00,0.059890,3600
2024-05-08T14:00:00+00:00,0.068270,3600
2024-05-08T15:00:00+00:00,0.079740,3600
2024-05-08T16:00:00+00:00,0.094780,3600
2024-05-08T17:00:00+00:00,0.120520,3600
2024-05-08T18:00:00+00:00,0.138380,3600
2024-05-08T19:00:00+00:00,0.122660,3600
2024-05-08T20:00:00+00:00,0.098400,3600
2024-05-08T21:00:00+00:00,0.092090,3600
2024-05-08T22:00:00+00:00,0.087600,3600
2024-05-08T23:00:00+00:00,0.088060,3600
2024-05-09T00:00:00+00:00,0.085000,3600
2024-05-09T01:00:00+00:00,0.081610,3600
2024-05-09T02:00:00+00:00,0.075510,3600
2024-05-09T03:00:00+00:00,0.076560,3600
2024-05-09T04:00:00+00:00,0.084000,3600
2024-05-09T05:00:00+00:00,0.084600,3600
2024-05-09T06:00:00+00:00,0.061640,3600
2024-05-09T07:00:00+00:00,0.023470,3600
2024-05-09T08:00:00+00:00,0.005310,3600
2024-05-09T09:00:00+00:00,-0.000300,3600
2024-05-09T10:00:00+00:00,-0.000650,3600
2024-05-09T11:00:00+00:00,-0.001140,3600
2024-05-09T12:00:00+00:00,-0.001800,3600
2024-05-09T13:00:00+00:00,-0.000690,3600
2024-05-09T14:00:00+00:00,0.000910,3600
2024-05-09T15:00:00+00:00,0.058340,3600
2024-05-09T16:00:00+00:00,0.080000,3600
2024-05-09T17:00:00+00:00,0.096920,3600
2024-05-09T18:00:00+00:00,0.120660,3600
2024-05-09T19:00:00+00:00,0.114830,3600
2024-05-09T20:00:00+00:00,0.092410,3600
2024-05-09T21:00:00+00:00,0.090000,3600
2024-05-09T22:00:00+00:00,0.097890,3600
2024-05-09T23:00:00+00:00,0.092090,3600
2024-05-10T00:00:00+00:00,0.085790,3600
2024-05-10T01:00:00+00:00,0.083000,3600
2024-05-10T02:00:00+00:00,0.082160,3600
2024-05-10T03:00:00+00:00,0.089400,3600
2024-05-10T04:00:00+00:00,0.098920,3600
2024-05-10T05:00:00+00:00,0.097480,3600
2024-05-10T06:00:00+00:00,0.095600,3600
2024-05-10T07:00:00+00:00,0.061300,3600
2024-05-10T08:00:00+00:00,0.020120,3600
2024-05-10T09:00:00+00:00,0.002910,3600
2024-05-10T10:00:00+00:00,0.000580,3600
2024-05-10T11:00:00+00:00,0.000100,3600
2024-05-10T12:00:00+00:00,0.000080,3600
2024-05-10T13:00:00+00:00,0.018630,3600
2024-05-10T14:00:00+00:00,0.059710,3600
2024-05-10T15:00:00+00:00,0.078500,3600
2024-05-10T16:00:00+00:00,0.093250,3600
2024-05-10T17:00:00+00:00,0.111130,3600
2024-05-10T18:00:00+00:00,0.159900,3600
2024-05-10T19:00:00+00:00,0.132310,3600
2024-05-10T20:00:00+00:00,0.104870,3600
2024-05-10T21:00:00+00:00,0.090310,3600
2024-05-10T22:00:00+00:00,0.085990,3600
2024-05-10T23:00:00+00:00,0.080840,3600
2024-05-11T00:00:00+00:00,0.079100,3600
2024-05-11T01:00:00+00:00,0.082510,3600
2024-05-11T02:00:00+00:00,0.079040,3600
2024-05-11T03:00:00+00:00,0.079140,3600
2024-05-11T04:00:00+00:00,0.078000,3600
2024-05-11T05:00:00+00:00,0.068070,3600
2024-05-11T06:00:00+00:00,0.047660,3600
2024-05-11T07:00:00+00:00,0.006720,3600
2024-05-11T08:00:00+00:00,0.000000,3600
2024-05-11T09:00:00+00:00,-0.011480,3600
2024-05-11T10:00:00+00:00,-0.026700,3600
2024-05-11T11:00:00+00:00,-0.065000,3600
2024-05-11T12:00:00+00:00,-0.050000,3600
2024-05-11T13:00:00+00:00,-0.025000,3600
2024-05-11T14:00:00+00:00,-0.000420,3600
2024-05-11T15:00:00+00:00,0.029760,3600
2024-05-11T16:00:00+00:00,0.069490,3600
2024-05-11T17:00:00+00:00,0.086020,3600
2024-05-11T18:00:00+00:00,0.108000,3600
2024-05-11T19:00:00+00:00,0.090310,3600
2024-05-11T20:00:00+00:00,0.078280,3600
2024-05-11T21:00:00+00:00,0.064570,3600
2024-05-11T22:00:00+00:00,0.063000,3600
2024-05-11T23:00:00+00:00,0.051360,3600
2024-05-12T00:00:00+00:00,0.042720,3600
2024-05-12T01:00:00+00:00,0.039000,3600
2024-05-12T02:00:00+00:00,0.043100,3600
2024-05-12T03:00:00+00:00,0.038780,3600
2024-05-12T04:00:00+00:00,0.017610,3600
2024-05-12T05:00:00+00:00,0.004790,3600
2024-05-12T06:00:00+00:00,0.002350,3600
2024-05-12T07:00:00+00:00,-0.002800,3600
2024-05-12T08:00:00+00:00,-0.026290,3600
2024-05-12T09:00:00+00:00,-0.089100,3600
2024-05-12T10:00:00+00:00,-0.165100,3600
2024-05-12T11:00:00+00:00,-0.200000,3600
2024-05-12T12:00:00+00:00,-0.186720,3600
2024-05-12T13:00:00+00:00,-0.108920,3600
2024-05-12T14:00:00+00:00,-0.030100,3600
2024-05-12T15:00:00+00:00,-0.001050,3600
2024-05-12T16:00:00+00:00,0.024840,3600
2024-05-12T17:00:00+00:00,0.067520,3600
2024-05-12T18:00:00+00:00,0.083740,3600
2024-05-12T19:00:00+00:00,0.060020,3600
2024-05-12T20:00:00+00:00,0.046760,3600
2024-05-12T21:00:00+00:00,0.037420,3600
2024-05-12T22:00:00+00:00,0.027120,3600
2024-05-12T23:00:00+00:00,0.026080,3600
2024-05-13T00:00:00+00:00,0.025840,3600
2024-05-13T01:00:00+00:00,0.024910,3600
2024-05-13T02:00:00+00:00,0.027230,3600
2024-05-13T03:00:00+00:00,0.042000,3600
2024-05-13T04:00:00+00:00,0.076920,3600
2024-05-13T05:00:00+00:00,0.100950,3600
2024-05-13T06:00:00+00:00,0.084190,3600
2024-05-13T07:00:00+00:00,0.044890,3600
2024-05-13T08:00:00+00:00,0.011100,3600
2024-05-13T09:00:00+00:00,-0.000350,3600
2024-05-13T10:00:00+00:00,-0.001890,3600
2024-05-13T11:00:00+00:00,-0.001550,3600
2024-05-13T12:00:00+00:00,-0.001690,3600
2024-05-13T13:00:00+00:00,-0.000100,3600
2024-05-13T14:00:00+00:00,0.001090,3600
2024-05-13T15:00:00+00:00,0.066630,3600
2024-05-13T16:00:00+00:00,0.096730,3600
2024-05-13T17:00:00+00:00,0.153780,3600
2024-05-13T18:00:00+00:00,0.149390,3600
2024-05-13T19:00:00+00:00,0.100000,3600
2024-05-13T20:00:00+00:00,0.084410,3600
2024-05-13T21:00:00+00:00,0.060100,3600
2024-05-13T22:00:00+00:00,0.063600,3600
2024-05-13T23:00:00+00:00,0.055300,3600
2024-05-14T00:00:00+00:00,0.045000,3600
2024-05-14T01:00:00+00:00,0.042650,3600
2024-05-14T02:00:00+00:00,0.037600,3600
2024-05-14T03:00:00+00:00,0.046600,3600
2024-05-14T04:00:00+00:00,0.075680,3600
2024-05-14T05:00:00+00:00,0.072370,3600
2024-05-14T06:00:00+00:00,0.046150,3600
2024-05-14T07:00:00+00:00,0.005780,3600
2024-05-14T08:00:00+00:00,-0.002470,3600
2024-05-14T09:00:00+00:00,-0.020060,3600
2024-05-14T10:00:00+00:00,-0.050010,3600
2024-05-14T11:00:00+00:00,-0.070000,3600
2024-05-14T12:00:00+00:00,-0.057020,3600
2024-05-14T13:00:00+00:00,-0.035000,3600
2024-05-14T14:00:00+00:00,-0.002500,3600
2024-05-14T15:00:00+00:00,0.000760,3600
2024-05-14T16:00:00+00:00,0.064950,3600
2024-05-14T17:00:00+00:00,0.096450,3600
2024-05-14T18:00:00+00:00,0.112000,3600
2024-05-14T19:00:00+00:00,0.100100,3600
2024-05-14T20:00:00+00:00,0.089230,3600
2024-05-14T21:00:00+00:00,0.100000,3600
2024-05-14T22:00:00+00:00,0.109890,3600
2024-05-14T23:00:00+00:00,0.085300,3600
2024-05-15T00:00:00+00:00,0.082100,3600
2024-05-15T01:00:00+00:00,0.074000,3600
2024-05-15T02:00:00+00:00,0.083000,3600
2024-05-15T03:00:00+00:00,0.081100,3600
2024-05-15T04:00:00+00:00,0.077800,3600
2024-05-15T05:00:00+00:00,0.080030,3600
2024-05-15T06:00:00+00:00,0.075600,3600
2024-05-15T07:00:00+00:00,0.043520,3600
2024-05-15T08:00:00+00:00,0.008600,3600
2024-05-15T09:00:00+00:00,0.005920,3600
2024-05-15T10:00:00+00:00,0.000000,3600
2024-05-15T11:00:00+00:00,-0.001310,3600
2024-05-15T12:00:00+00:00,-0.000950,3600
2024-05-15T13:00:00+00:00,0.003340,3600
2024-05-15T14:00:00+00:00,0.010000,3600
2024-05-15T15:00:00+00:00,0.101910,3600
2024-05-15T16:00:00+00:00,0.087800,3600
2024-05-15T17:00:00+00:00,0.111000,3600
2024-05-15T18:00:00+00:00,0.115860,3600
2024-05-15T19:00:00+00:00,0.100000,3600
2024-05-15T20:00:00+00:00,0.097300,3600
2024-05-15T21:00:00+00:00,0.093400,3600
2024-05-15T22:00:00+00:00,0.098000,3600
2024-05-15T23:00:00+00:00,0.085600,3600
2024-05-16T00:00:00+00:00,0.071200,3600
2024-05-16T01:00:00+00:00,0.069750,3600
2024-05-16T02:00:00+00:00,0.064000,3600
2024-05-16T03:00:00+00:00,0.075000,3600
2024-05-16T04:00:00+00:00,0.081060,3600
2024-05-16T05:00:00+00:00,0.087210,3600
2024-05-16T06:00:00+00:00,0.111940,3600
2024-05-16T07:00:00+00:00,0.080340,3600
2024-05-16T08:00:00+00:00,0.043920,3600
2024-05-16T09:00:00+00:00,0.016000,3600
2024-05-16T10:00:00+00:00,0.004890,3600
2024-05-16T11:00:00+00:00,0.000440,3600
2024-05-16T12:00:00+00:00,0.001380,3600
2024-05-16T13:00:00+00:00,0.002240,3600
2024-05-16T14:00:00+00:00,0.061000,3600
2024-05-16T15:00:00+00:00,0.100000,3600
2024-05-16T16:00:00+00:00,0.100000,3600
2024-05-16T17:00:00+00:00,0.104000,3600
2024-05-16T18:00:00+00:00,0.119000,3600
2024-05-16T19:00:00+00:00,0.099730,3600
2024-05-16T20:00:00+00:00,0.083000,3600
2024-05-16T21:00:00+00:00,0.074520,3600
2024-05-16T22:00:00+00:00,0.100000,3600
2024-05-16T23:00:00+00:00,0.092540,3600
2024-05-17T00:00:00+00:00,0.090100,3600
2024-05-17T01:00:00+00:00,0.081380,3600
2024-05-17T02:00:00+00:00,0.080000,3600
2024-05-17T03:00:00+00:00,0.090100,3600
2024-05-17T04:00:00+00:00,0.089640,3600
2024-05-17T05:00:00+00:00,0.099260,3600
2024-05-17T06:00:00+00:00,0.097640,3600
2024-05-17T07:00:00+00:00,0.106900,3600
2024-05-17T08:00:00+00:00,0.082200,3600
2024-05-17T09:00:00+00:00,0.057000,3600
2024-05-17T10:00:00+00:00,0.037860,3600
2024-05-17T11:00:00+00:00,0.034360,3600
2024-05-17T12:00:00+00:00,0.043730,3600
2024-05-17T13:00:00+00:00,0.055000,3600
2024-05-17T14:00:00+00:00,0.085500,3600
2024-05-17T15:00:00+00:00,0.087000,3600
2024-05-17T16:00:00+00:00,0.090000,3600
2024-05-17T17:00:00+00:00,0.108000,3600
2024-05-17T18:00:00+00:00,0.112000,3600
2024-05-17T19:00:00+00:00,0.101500,3600
2024-05-17T20:00:00+00:00,0.090000,3600
2024-05-17T21:00:00+00:00,0.083000,3600
2024-05-17T22:00:00+00:00,0.083660,3600
2024-05-17T23:00:00+00:00,0.063570,3600
2024-05-18T00:00:00+00:00,0.069700,3600
2024-05-18T01:00:00+00:00,0.059340,3600
2024-05-18T02:00:00+00:00,0.062500,3600
2024-05-18T03:00:00+00:00,0.064580,3600
2024-05-18T04:00:00+00:00,0.064800,3600
2024-05-18T05:00:00+00:00,0.064310,3600
2024-05-18T06:00:00+00:00,0.058290,3600
2024-05-18T07:00:00+00:00,0.042690,3600
2024-05-18T08:00:00+00:00,0.009430,3600
2024-05-18T09:00:00+00:00,0.000710,3600
2024-05-18T10:00:00+00:00,-0.000030,3600
2024-05-18T11:00:00+00:00,-0.001290,3600
2024-05-18T12:00:00+00:00,-0.002790,3600
2024-05-18T13:00:00+00:00,-0.001920,3600
2024-05-18T14:00:00+00:00,-0.000030,3600
2024-05-18T15:00:00+00:00,0.042750,3600
2024-05-18T16:00:00+00:00,0.070000,3600
2024-05-18T17:00:00+00:00,0.102330,3600
2024-05-18T18:00:00+00:00,0.124110,3600
2024-05-18T19:00:00+00:00,0.113880,3600
2024-05-18T20:00:00+00:00,0.095400,3600
2024-05-18T21:00:00+00:00,0.086600,3600
2024-05-18T22:00:00+00:00,0.094890,3600
2024-05-18T23:00:00+00:00,0.089330,3600
2024-05-19T00:00:00+00:00,0.090000,3600
2024-05-19T01:00:00+00:00,0.084750,3600
2024-05-19T02:00:00+00:00,0.086950,3600
2024-05-19T03:00:00+00:00,0.080760,3600
2024-05-19T04:00:00+00:00,0.075360,3600
2024-05-19T05:00:00+00:00,0.068370,3600
2024-05-19T06:00:00+00:00,0.049890,3600
2024-05-19T07:00:00+00:00,0.005820,3600
2024-05-19T08:00:00+00:00,-0.004310,3600
2024-05-19T09:00:00+00:00,-0.050000,3600
2024-05-19T10:00:00+00:00,-0.064070,3600
2024-05-19T11:00:00+00:00,-0.080000,3600
2024-05-19T12:00:00+00:00,-0.070000,3600
2024-05-19T13:00:00+00:00,-0.049900,3600
2024-05-19T14:00:00+00:00,-0.013600,3600
2024-05-19T15:00:00+00:00,-0.000090,3600
2024-05-19T16:00:00+00:00,0.059420,3600
2024-05-19T17:00:00+00:00,0.083400,3600
2024-05-19T18:00:00+00:00,0.106320,3600
2024-05-19T19:00:00+00:00,0.114760,3600
2024-05-19T20:00:00+00:00,0.091020,3600
2024-05-19T21:00:00+00:00,0.083050,3600
2024-05-19T22:00:00+00:00,0.082750,3600
2024-05-19T23:00:00+00:00,0.071050,3600
2024-05-20T00:00:00+00:00,0.078050,3600
2024-05-20T01:00:00+00:00,0.071850,3600
2024-05-20T02:00:00+00:00,0.073500,3600
2024-05-20T03:00:00+00:00,0.081320,3600
2024-05-20T04:00:00+00:00,0.093330,3600
2024-05-20T05:00:00+00:00,0.094710,3600
2024-05-20T06:00:00+00:00,0.066990,3600
2024-05-20T07:00:00+00:00,0.031640,3600
2024-05-20T08:00:00+00:00,0.012560,3600
2024-05-20T09:00:00+00:00,0.006160,3600
2024-05-20T10:00:00+00:00,0.002190,3600
2024-05-20T11:00:00+00:00,0.000130,3600
2024-05-20T12:00:00+00:00,-0.000180,3600
2024-05-20T13:00:00+00:00,-0.000110,3600
2024-05-20T14:00:00+00:00,0.004870,3600
2024-05-20T15:00:00+00:00,0.055340,3600
2024-05-20T16:00:00+00:00,0.078940,3600
2024-05-20T17:00:00+00:00,0.105960,3600
2024-05-20T18:00:00+00:00,0.125760,3600
2024-05-20T19:00:00+00:00,0.116780,3600
2024-05-20T20:00:00+00:00,0.096630,3600
2024-05-20T21:00:00+00:00,0.079860,3600
2024-05-20T22:00:00+00:00,0.089420,3600
2024-05-20T23:00:00+00:00,0.083820,3600
2024-05-21T00:00:00+00:00,0.077460,3600
2024-05-21T01:00:00+00:00,0.077060,3600
2024-05-21T02:00:00+00:00,0.078000,3600
2024-05-21T03:00:00+00:00,0.086600,3600
2024-05-21T04:00:00+00:00,0.111320,3600
2024-05-21T05:00:00+00:00,0.117090,3600
2024-05-21T06:00:00+00:00,0.096390,3600
2024-05-21T07:00:00+00:00,0.076240,3600
2024-05-21T08:00:00+00:00,0.061600,3600
2024-05-21T09:00:00+00:00,0.049260,3600
2024-05-21T10:00:00+00:00,0.027410,3600
2024-05-21T11:00:00+00:00,0.029160,3600
2024-05-21T12:00:00+00:00,0.033210,3600
2024-05-21T13:00:00+00:00,0.060780,3600
2024-05-21T14:00:00+00:00,0.069120,3600
2024-05-21T15:00:00+00:00,0.080100,3600
2024-05-21T16:00:00+00:00,0.107900,3600
2024-05-21T17:00:00+00:00,0.115990,3600
2024-05-21T18:00:00+00:00,0.106940,3600
2024-05-21T19:00:00+00:00,0.105840,3600
2024-05-21T20:00:00+00:00,0.101400,3600
2024-05-21T21:00:00+00:00,0.108000,3600
2024-05-21T22:00:00+00:00,0.105240,3600
2024-05-21T23:00:00+00:00,0.093220,3600
2024-05-22T00:00:00+00:00,0.075000,3600
2024-05-22T01:00:00+00:00,0.068000,3600
2024-05-22T02:00:00+00:00,0.070210,3600
2024-05-22T03:00:00+00:00,0.069920,3600
2024-05-22T04:00:00+00:00,0.085240,3600
2024-05-22T05:00:00+00:00,0.095950,3600
2024-05-22T06:00:00+00:00,0.090000,3600
2024-05-22T07:00:00+00:00,0.074880,3600
2024-05-22T08:00:00+00:00,0.063350,3600
2024-05-22T09:00:00+00:00,0.060720,3600
2024-05-22T10:00:00+00:00,-0.006500,3600
2024-05-22T11:00:00+00:00,-0.010010,3600
2024-05-22T12:00:00+00:00,-0.004790,3600
2024-05-22T13:00:00+00:00,0.000000,3600
2024-05-22T14:00:00+00:00,0.014340,3600
2024-05-22T15:00:00+00:00,0.072310,3600
2024-05-22T16:00:00+00:00,0.092160,3600
2024-05-22T17:00:00+00:00,0.099900,3600
2024-05-22T18:00:00+00:00,0.136520,3600
2024-05-22T19:00:00+00:00,0.117340,3600
2024-05-22T20:00:00+00:00,0.099690,3600
2024-05-22T21:00:00+00:00,0.087740,3600
2024-05-22T22:00:00+00:00,0.075340,3600
2024-05-22T23:00:00+00:00,0.072070,3600
2024-05-23T00:00:00+00:00,0.066470,3600
2024-05-23T01:00:00+00:00,0.069310,3600
2024-05-23T02:00:00+00:00,0.068910,3600
2024-05-23T03:00:00+00:00,0.074980,3600
2024-05-23T04:00:00+00:00,0.094320,3600
2024-05-23T05:00:00+00:00,0.111010,3600
2024-05-23T06:00:00+00:00,0.095920,3600
2024-05-23T07:00:00+00:00,0.075150,3600
2024-05-23T08:00:00+00:00,0.071030,3600
2024-05-23T09:00:00+00:00,0.061020,3600
2024-05-23T10:00:00+00:00,0.050000,3600
2024-05-23T11:00:00+00:00,0.043900,3600
2024-05-23T12:00:00+00:00,0.053310,3600
2024-05-23T13:00:00+00:00,0.062620,3600
2024-05-23T14:00:00+00:00,0.075610,3600
2024-05-23T15:00:00+00:00,0.088290,3600
2024-05-23T16:00:00+00:00,0.102510,3600
2024-05-23T17:00:00+00:00,0.130000,3600
2024-05-23T18:00:00+00:00,0.165410,3600
2024-05-23T19:00:00+00:00,0.147540,3600
2024-05-23T20:00:00+00:00,0.123540,3600
2024-05-23T21:00:00+00:00,0.103370,3600
2024-05-23T22:00:00+00:00,0.101430,3600
2024-05-23T23:00:00+00:00,0.092730,3600
2024-05-24T00:00:00+00:00,0.088860,3600
2024-05-24T01:00:00+00:00,0.089440,3600
2024-05-24T02:00:00+00:00,0.094310,3600
2024-05-24T03:00:00+00:00,0.100770,3600
2024-05-24T04:00:00+00:00,0.119320,3600
2024-05-24T05:00:00+00:00,0.117430,3600
2024-05-24T06:00:00+00:00,0.110780,3600
2024-05-24T07:00:00+00:00,0.102000,3600
2024-05-24T08:00:00+00:00,0.091280,3600
2024-05-24T09:00:00+00:00,0.084140,3600
2024-05-24T10:00:00+00:00,0.083220,3600
2024-05-24T11:00:00+00:00,0.081390,3600
2024-05-24T12:00:00+00:00,0.081230,3600
2024-05-24T13:00:00+00:00,0.083380,3600
2024-05-24T14:00:00+00:00,0.084000,3600
2024-05-24T15:00:00+00:00,0.096000,3600
2024-05-24T16:00:00+00:00,0.107800,3600
2024-05-24T17:00:00+00:00,0.123380,3600
2024-05-24T18:00:00+00:00,0.120860,3600
2024-05-24T19:00:00+00:00,0.115830,3600
2024-05-24T20:00:00+00:00,0.109670,3600
2024-05-24T21:00:00+00:00,0.099840,3600
2024-05-24T22:00:00+00:00,0.094880,3600
2024-05-24T23:00:00+00:00,0.090870,3600
2024-05-25T00:00:00+00:00,0.090210,3600
2024-05-25T01:00:00+00:00,0.089380,3600
2024-05-25T02:00:00+00:00,0.089290,3600
2024-05-25T03:00:00+00:00,0.090000,3600
2024-05-25T04:00:00+00:00,0.090680,3600
2024-05-25T05:00:00+00:00,0.082690,3600
2024-05-25T06:00:00+00:00,0.082120,3600
2024-05-25T07:00:00+00:00,0.087400,3600
2024-05-25T08:00:00+00:00,0.054230,3600
2024-05-25T09:00:00+00:00,0.009340,3600
2024-05-25T10:00:00+00:00,0.003240,3600
2024-05-25T11:00:00+00:00,0.000040,3600
2024-05-25T12:00:00+00:00,0.000000,3600
2024-05-25T13:00:00+00:00,0.000020,3600
2024-05-25T14:00:00+00:00,0.012870,3600
2024-05-25T15:00:00+00:00,0.065220,3600
2024-05-25T16:00:00+00:00,0.086080,3600
2024-05-25T17:00:00+00:00,0.105000,3600
2024-05-25T18:00:00+00:00,0.124360,3600
2024-05-25T19:00:00+00:00,0.134790,3600
2024-05-25T20:00:00+00:00,0.113320,3600
2024-05-25T21:00:00+00:00,0.103230,3600
2024-05-25T22:00:00+00:00,0.117120,3600
2024-05-25T23:00:00+00:00,0.099200,3600
2024-05-26T00:00:00+00:00,0.094050,3600
2024-05-26T01:00:00+00:00,0.090100,3600
2024-05-26T02:00:00+00:00,0.092150,3600
2024-05-26T03:00:00+00:00,0.090020,3600
2024-05-26T04:00:00+00:00,0.082070,3600
2024-05-26T05:00:00+00:00,0.071900,3600
2024-05-26T06:00:00+00:00,0.013250,3600
2024-05-26T07:00:00+00:00,0.000020,3600
2024-05-26T08:00:00+00:00,0.000000,3600
2024-05-26T09:00:00+00:00,-0.000090,3600
2024-05-26T10:00:00+00:00,-0.002120,3600
2024-05-26T11:00:00+00:00,-0.010660,3600
2024-05-26T12:00:00+00:00,-0.023890,3600
2024-05-26T13:00:00+00:00,-0.009910,3600
2024-05-26T14:00:00+00:00,-0.000600,3600
2024-05-26T15:00:00+00:00,0.055330,3600
2024-05-26T16:00:00+00:00,0.091170,3600
2024-05-26T17:00:00+00:00,0.100910,3600
2024-05-26T18:00:00+00:00,0.113490,3600
2024-05-26T19:00:00+00:00,0.108960,3600
2024-05-26T20:00:00+00:00,0.098410,3600
2024-05-26T21:00:00+00:00,0.087500,3600
2024-05-26T22:00:00+00:00,0.070290,3600
2024-05-26T23:00:00+00:00,0.068960,3600
2024-05-27T00:00:00+00:00,0.067900,3600
2024-05-27T01:00:00+00:00,0.067870,3600
2024-05-27T02:00:00+00:00,0.070300,3600
2024-05-27T03:00:00+00:00,0.076300,3600
2024-05-27T04:00:00+00:00,0.097140,3600
2024-05-27T05:00:00+00:00,0.110560,3600
2024-05-27T06:00:00+00:00,0.105030,3600
2024-05-27T07:00:00+00:00,0.091760,3600
2024-05-27T08:00:00+00:00,0.080000,3600
2024-05-27T09:00:00+00:00,0.077300,3600
2024-05-27T10:00:00+00:00,0.070110,3600
2024-05-27T11:00:00+00:00,0.066750,3600
2024-05-27T12:00:00+00:00,0.064970,3600
2024-05-27T13:00:00+00:00,0.068010,3600
2024-05-27T14:00:00+00:00,0.072490,3600
2024-05-27T15:00:00+00:00,0.090800,3600
2024-05-27T16:00:00+00:00,0.106290,3600
2024-05-27T17:00:00+00:00,0.130440,3600
2024-05-27T18:00:00+00:00,0.154620,3600
2024-05-27T19:00:00+00:00,0.141270,3600
2024-05-27T20:00:00+00:00,0.114640,3600
2024-05-27T21:00:00+00:00,0.097460,3600
2024-05-27T22:00:00+00:00,0.093270,3600
2024-05-27T23:00:00+00:00,0.094000,3600
2024-05-28T00:00:00+00:00,0.087640,3600
2024-05-28T01:00:00+00:00,0.085220,3600
2024-05-28T02:00:00+00:00,0.083960,3600
2024-05-28T03:00:00+00:00,0.088400,3600
2024-05-28T04:00:00+00:00,0.099000,3600
2024-05-28T05:00:00+00:00,0.105240,3600
2024-05-28T06:00:00+00:00,0.092610,3600
2024-05-28T07:00:00+00:00,0.077480,3600
2024-05-28T08:00:00+00:00,0.065500,3600
2024-05-28T09:00:00+00:00,0.058200,3600
2024-05-28T10:00:00+00:00,0.051330,3600
2024-05-28T11:00:00+00:00,0.046440,3600
2024-05-28T12:00:00+00:00,0.046530,3600
2024-05-28T13:00:00+00:00,0.054940,3600
2024-05-28T14:00:00+00:00,0.060890,3600
2024-05-28T15:00:00+00:00,0.073070,3600
2024-05-28T16:00:00+00:00,0.087490,3600
2024-05-28T17:00:00+00:00,0.117650,3600
2024-05-28T18:00:00+00:00,0.130030,3600
2024-05-28T19:00:00+00:00,0.106670,3600
2024-05-28T20:00:00+00:00,0.089760,3600
2024-05-28T21:00:00+00:00,0.079560,3600
2024-05-28T22:00:00+00:00,0.068100,3600
2024-05-28T23:00:00+00:00,0.053100,3600
2024-05-29T00:00:00+00:00,0.049540,3600
2024-05-29T01:00:00+00:00,0.044200,3600
2024-05-29T02:00:00+00:00,0.042140,3600
2024-05-29T03:00:00+00:00,0.041870,3600
2024-05-29T04:00:00+00:00,0.059400,3600
2024-05-29T05:00:00+00:00,0.080050,3600
2024-05-29T06:00:00+00:00,0.085640,3600
2024-05-29T07:00:00+00:00,0.064490,3600
2024-05-29T08:00:00+00:00,0.049900,3600
2024-05-29T09:00:00+00:00,0.041590,3600
2024-05-29T10:00:00+00:00,0.035160,3600
2024-05-29T11:00:00+00:00,0.033100,3600
2024-05-29T12:00:00+00:00,0.032210,3600
2024-05-29T13:00:00+00:00,0.043200,3600
2024-05-29T14:00:00+00:00,0.063470,3600
2024-05-29T15:00:00+00:00,0.081770,3600
2024-05-29T16:00:00+00:00,0.084950,3600
2024-05-29T17:00:00+00:00,0.099000,3600
2024-05-29T18:00:00+00:00,0.126920,3600
2024-05-29T19:00:00+00:00,0.133500,3600
2024-05-29T20:00:00+00:00,0.113300,3600
2024-05-29T21:00:00+00:00,0.101830,3600
2024-05-29T22:00:00+00:00,0.098450,3600
2024-05-29T23:00:00+00:00,0.096300,3600
2024-05-30T00:00:00+00:00,0.084030,3600
2024-05-30T01:00:00+00:00,0.089500,3600
2024-05-30T02:00:00+00:00,0.083960,3600
2024-05-30T03:00:00+00:00,0.088630,3600
2024-05-30T04:00:00+00:00,0.095470,3600
2024-05-30T05:00:00+00:00,0.096040,3600
2024-05-30T06:00:00+00:00,0.087680,3600
2024-05-30T07:00:00+00:00,0.082780,3600
2024-05-30T08:00:00+00:00,0.072300,3600
2024-05-30T09:00:00+00:00,0.067130,3600
2024-05-30T10:00:00+00:00,0.059470,3600
2024-05-30T11:00:00+00:00,0.052200,3600
2024-05-30T12:00:00+00:00,0.052660,3600
2024-05-30T13:00:00+00:00,0.056530,3600
2024-05-30T14:00:00+00:00,0.069960,3600
2024-05-30T15:00:00+00:00,0.075120,3600
2024-05-30T16:00:00+00:00,0.093900,3600
2024-05-30T17:00:00+00:00,0.116450,3600
2024-05-30T18:00:00+00:00,0.133490,3600
2024-05-30T19:00:00+00:00,0.124170,3600
2024-05-30T20:00:00+00:00,0.099300,3600
2024-05-30T21:00:00+00:00,0.090240,3600
2024-05-30T22:00:00+00:00,0.092000,3600
2024-05-30T23:00:00+00:00,0.078770,3600
2024-05-31T00:00:00+00:00,0.066520,3600
2024-05-31T01:00:00+00:00,0.061700,3600
2024-05-31T02:00:00+00:00,0.062010,3600
2024-05-31T03:00:00+00:00,0.075190,3600
2024-05-31T04:00:00+00:00,0.088960,3600
2024-05-31T05:00:00+00:00,0.091510,3600
2024-05-31T06:00:00+00:00,0.090650,3600
2024-05-31T07:00:00+00:00,0.085000,3600
2024-05-31T08:00:00+00:00,0.077200,3600
2024-05-31T09:00:00+00:00,0.071130,3600
2024-05-31T10:00:00+00:00,0.062660,3600
2024-05-31T11:00:00+00:00,0.056690,3600
2024-05-31T12:00:00+00:00,0.050080,3600
2024-05-31T13:00:00+00:00,0.041840,3600
2024-05-31T14:00:00+00:00,0.041480,3600
2024-05-31T15:00:00+00:00,0.065100,3600
2024-05-31T16:00:00+00:00,0.078000,3600
2024-05-31T17:00:00+00:00,0.090840,3600
2024-05-31T18:00:00+00:00,0.093030,3600
2024-05-31T19:00:00+00:00,0.083140,3600
2024-05-31T20:00:00+00:00,0.082420,3600
2024-05-31T21:00:00+00:00,0.071020,3600
2024-05-31T22:00:00+00:00,0.067860,3600
2024-05-31T23:00:00+00:00,0.067770,3600
2024-06-01T00:00:00+00:00,0.070300,3600
2024-06-01T01:00:00+00:00,0.057930,3600
2024-06-01T02:00:00+00:00,0.063270,3600
2024-06-01T03:00:00+00:00,0.065620,3600
2024-06-01T04:00:00+00:00,0.065900,3600
2024-06-01T05:00:00+00:00,0.061640,3600
2024-06-01T06:00:00+00:00,0.060000,3600
2024-06-01T07:00:00+00:00,0.050850,3600
2024-06-01T08:00:00+00:00,0.037970,3600
2024-06-01T09:00:00+00:00,0.033740,3600
2024-06-01T10:00:00+00:00,0.017100,3600
2024-06-01T11:00:00+00:00,0.005960,3600
2024-06-01T12:00:00+00:00,-0.000010,3600
2024-06-01T13:00:00+00:00,0.000000,3600
2024-06-01T14:00:00+00:00,0.010320,3600
2024-06-01T15:00:00+00:00,0.041890,3600
2024-06-01T16:00:00+00:00,0.054000,3600
2024-06-01T17:00:00+00:00,0.064780,3600
2024-06-01T18:00:00+00:00,0.066690,3600
2024-06-01T19:00:00+00:00,0.063260,3600
2024-06-01T20:00:00+00:00,0.065310,3600
2024-06-01T21:00:00+00:00,0.055620,3600
2024-06-01T22:00:00+00:00,0.030620,3600
2024-06-01T23:00:00+00:00,0.023920,3600
2024-06-02T00:00:00+00:00,0.012030,3600
2024-06-02T01:00:00+00:00,0.005000,3600
2024-06-02T02:00:00+00:00,0.008920,3600
2024-06-02T03:00:00+00:00,0.005170,3600
2024-06-02T04:00:00+00:00,0.004910,3600
2024-06-02T05:00:00+00:00,0.004110,3600
2024-06-02T06:00:00+00:00,0.000970,3600
2024-06-02T07:00:00+00:00,-0.000040,3600
2024-06-02T08:00:00+00:00,-0.010030,3600
2024-06-02T09:00:00+00:00,-0.020000,3600
2024-06-02T10:00:00+00:00,-0.030000,3600
2024-06-02T11:00:00+00:00,-0.060000,3600
2024-06-02T12:00:00+00:00,-0.075000,3600
2024-06-02T13:00:00+00:00,-0.081000,3600
2024-06-02T14:00:00+00:00,-0.035700,3600
2024-06-02T15:00:00+00:00,-0.001270,3600
2024-06-02T16:00:00+00:00,0.010000,3600
2024-06-02T17:00:00+00:00,0.054760,3600
2024-06-02T18:00:00+00:00,0.073970,3600
2024-06-02T19:00:00+00:00,0.096000,3600
2024-06-02T20:00:00+00:00,0.093600,3600
2024-06-02T21:00:00+00:00,0.085160,3600
2024-06-02T22:00:00+00:00,0.095200,3600
2024-06-02T23:00:00+00:00,0.082550,3600
2024-06-03T00:00:00+00:00,0.089910,3600
2024-06-03T01:00:00+00:00,0.075480,3600
2024-06-03T02:00:00+00:00,0.071020,3600
2024-06-03T03:00:00+00:00,0.081700,3600
2024-06-03T04:00:00+00:00,0.114140,3600
2024-06-03T05:00:00+00:00,0.160180,3600
2024-06-03T06:00:00+00:00,0.142730,3600
2024-06-03T07:00:00+00:00,0.110330,3600
2024-06-03T08:00:00+00:00,0.085490,3600
2024-06-03T09:00:00+00:00,0.078800,3600
2024-06-03T10:00:00+00:00,0.068270,3600
2024-06-03T11:00:00+00:00,0.061700,3600
2024-06-03T12:00:00+00:00,0.055200,3600
2024-06-03T13:00:00+00:00,0.058480,3600
2024-06-03T14:00:00+00:00,0.063720,3600
2024-06-03T15:00:00+00:00,0.089000,3600
2024-06-03T16:00:00+00:00,0.111380,3600
2024-06-03T17:00:00+00:00,0.156920,3600
2024-06-03T18:00:00+00:00,0.187700,3600
2024-06-03T19:00:00+00:00,0.173670,3600
2024-06-03T20:00:00+00:00,0.135510,3600
2024-06-03T21:00:00+00:00,0.105910,3600
2024-06-03T22:00:00+00:00,0.105510,3600
2024-06-03T23:00:00+00:00,0.097780,3600
2024-06-04T00:00:00+00:00,0.091890,3600
2024-06-04T01:00:00+00:00,0.083880,3600
2024-06-04T02:00:00+00:00,0.080780,3600
2024-06-04T03:00:00+00:00,0.094280,3600
2024-06-04T04:00:00+00:00,0.145220,3600
2024-06-04T05:00:00+00:00,0.163880,3600
2024-06-04T06:00:00+00:00,0.136660,3600
2024-06-04T07:00:00+00:00,0.108520,3600
2024-06-04T08:00:00+00:00,0.089790,3600
2024-06-04T09:00:00+00:00,0.072390,3600
2024-06-04T10:00:00+00:00,0.061170,3600
2024-06-04T11:00:00+00:00,0.047530,3600
2024-06-04T12:00:00+00:00,0.035700,3600
2024-06-04T13:00:00+00:00,0.038300,3600
2024-06-04T14:00:00+00:00,0.043400,3600
2024-06-04T15:00:00+00:00,0.057090,3600
2024-06-04T16:00:00+00:00,0.086200,3600
2024-06-04T17:00:00+00:00,0.094000,3600
2024-06-04T18:00:00+00:00,0.105000,3600
2024-06-04T19:00:00+00:00,0.112770,3600
2024-06-04T20:00:00+00:00,0.096620,3600
2024-06-04T21:00:00+00:00,0.070010,3600
2024-06-04T22:00:00+00:00,0.057480,3600
2024-06-04T23:00:00+00:00,0.045010,3600
2024-06-05T00:00:00+00:00,0.045670,3600
2024-06-05T01:00:00+00:00,0.048360,3600
2024-06-05T02:00:00+00:00,0.048660,3600
2024-06-05T03:00:00+00:00,0.067260,3600
2024-06-05T04:00:00+00:00,0.092440,3600
2024-06-05T05:00:00+00:00,0.121220,3600
2024-06-05T06:00:00+00:00,0.099220,3600
2024-06-05T07:00:00+00:00,0.073440,3600
2024-06-05T08:00:00+00:00,0.056640,3600
2024-06-05T09:00:00+00:00,0.045830,3600
2024-06-05T10:00:00+00:00,0.037540,3600
2024-06-05T11:00:00+00:00,0.024260,3600
2024-06-05T12:00:00+00:00,0.020930,3600
2024-06-05T13:00:00+00:00,0.025000,3600
2024-06-05T14:00:00+00:00,0.049560,3600
2024-06-05T15:00:00+00:00,0.067360,3600
2024-06-05T16:00:00+00:00,0.093760,3600
2024-06-05T17:00:00+00:00,0.118480,3600
2024-06-05T18:00:00+00:00,0.140280,3600
2024-06-05T19:00:00+00:00,0.144450,3600
2024-06-05T20:00:00+00:00,0.131540,3600
2024-06-05T21:00:00+00:00,0.103650,3600
2024-06-05T22:00:00+00:00,0.087180,3600
2024-06-05T23:00:00+00:00,0.080600,3600
2024-06-06T00:00:00+00:00,0.076920,3600
2024-06-06T01:00:00+00:00,0.074650,3600
2024-06-06T02:00:00+00:00,0.079830,3600
2024-06-06T03:00:00+00:00,0.089310,3600
2024-06-06T04:00:00+00:00,0.112000,3600
2024-06-06T05:00:00+00:00,0.117300,3600
2024-06-06T06:00:00+00:00,0.096830,3600
2024-06-06T07:00:00+00:00,0.071240,3600
2024-06-06T08:00:00+00:00,0.057800,3600
2024-06-06T09:00:00+00:00,0.030300,3600
2024-06-06T10:00:00+00:00,0.025200,3600
2024-06-06T11:00:00+00:00,0.019670,3600
2024-06-06T12:00:00+00:00,0.020930,3600
2024-06-06T13:00:00+00:00,0.030980,3600
2024-06-06T14:00:00+00:00,0.053750,3600
2024-06-06T15:00:00+00:00,0.074620,3600
2024-06-06T16:00:00+00:00,0.089920,3600
2024-06-06T17:00:00+00:00,0.111500,3600
2024-06-06T18:00:00+00:00,0.148440,3600
2024-06-06T19:00:00+00:00,0.150020,3600
2024-06-06T20:00:00+00:00,0.123770,3600
2024-06-06T21:00:00+00:00,0.100000,3600
2024-06-06T22:00:00+00:00,0.097720,3600
2024-06-06T23:00:00+00:00,0.093110,3600
2024-06-07T00:00:00+00:00,0.091000,3600
2024-06-07T01:00:00+00:00,0.090090,3600
2024-06-07T02:00:00+00:00,0.090110,3600
2024-06-07T03:00:00+00:00,0.086040,3600
2024-06-07T04:00:00+00:00,0.107960,3600
2024-06-07T05:00:00+00:00,0.109360,3600
2024-06-07T06:00:00+00:00,0.098600,3600
2024-06-07T07:00:00+00:00,0.077400,3600
2024-06-07T08:00:00+00:00,0.058560,3600
2024-06-07T09:00:00+00:00,0.041390,3600
2024-06-07T10:00:00+00:00,0.033910,3600
2024-06-07T11:00:00+00:00,0.025360,3600
2024-06-07T12:00:00+00:00,0.017410,3600
2024-06-07T13:00:00+00:00,0.014100,3600
2024-06-07T14:00:00+00:00,0.026000,3600
2024-06-07T15:00:00+00:00,0.060090,3600
2024-06-07T16:00:00+00:00,0.081130,3600
2024-06-07T17:00:00+00:00,0.102000,3600
2024-06-07T18:00:00+00:00,0.119670,3600
2024-06-07T19:00:00+00:00,0.133870,3600
2024-06-07T20:00:00+00:00,0.112690,3600
2024-06-07T21:00:00+00:00,0.090000,3600
2024-06-07T22:00:00+00:00,0.094350,3600
2024-06-07T23:00:00+00:00,0.081150,3600
2024-06-08T00:00:00+00:00,0.074020,3600
2024-06-08T01:00:00+00:00,0.072580,3600
2024-06-08T02:00:00+00:00,0.067070,3600
2024-06-08T03:00:00+00:00,0.069250,3600
2024-06-08T04:00:00+00:00,0.068750,3600
2024-06-08T05:00:00+00:00,0.053530,3600
2024-06-08T06:00:00+00:00,0.038600,3600
2024-06-08T07:00:00+00:00,0.012460,3600
2024-06-08T08:00:00+00:00,0.000000,3600
2024-06-08T09:00:00+00:00,-0.002250,3600
2024-06-08T10:00:00+00:00,-0.009900,3600
2024-06-08T11:00:00+00:00,-0.023000,3600
2024-06-08T12:00:00+00:00,-0.029310,3600
2024-06-08T13:00:00+00:00,-0.020000,3600
2024-06-08T14:00:00+00:00,-0.007460,3600
2024-06-08T15:00:00+00:00,0.002000,3600
2024-06-08T16:00:00+00:00,0.044380,3600
2024-06-08T17:00:00+00:00,0.066370,3600
2024-06-08T18:00:00+00:00,0.093110,3600
2024-06-08T19:00:00+00:00,0.099900,3600
2024-06-08T20:00:00+00:00,0.108240,3600
2024-06-08T21:00:00+00:00,0.083600,3600
2024-06-08T22:00:00+00:00,0.069020,3600
2024-06-08T23:00:00+00:00,0.055960,3600
2024-06-09T00:00:00+00:00,0.037580,3600
2024-06-09T01:00:00+00:00,0.015480,3600
2024-06-09T02:00:00+00:00,0.017630,3600
2024-06-09T03:00:00+00:00,0.012550,3600
2024-06-09T04:00:00+00:00,0.009320,3600
2024-06-09T05:00:00+00:00,0.003000,3600
2024-06-09T06:00:00+00:00,0.000020,3600
2024-06-09T07:00:00+00:00,-0.001970,3600
2024-06-09T08:00:00+00:00,-0.007480,3600
2024-06-09T09:00:00+00:00,-0.015420,3600
2024-06-09T10:00:00+00:00,-0.036210,3600
2024-06-09T11:00:00+00:00,-0.046160,3600
2024-06-09T12:00:00+00:00,-0.045780,3600
2024-06-09T13:00:00+00:00,-0.028680,3600
2024-06-09T14:00:00+00:00,-0.005380,3600
2024-06-09T15:00:00+00:00,0.000520,3600
2024-06-09T16:00:00+00:00,0.040000,3600
2024-06-09T17:00:00+00:00,0.087290,3600
2024-06-09T18:00:00+00:00,0.102430,3600
2024-06-09T19:00:00+00:00,0.121480,3600
2024-06-09T20:00:00+00:00,0.117030,3600
2024-06-09T21:00:00+00:00,0.096180,3600
2024-06-09T22:00:00+00:00,0.075920,3600
2024-06-09T23:00:00+00:00,0.065110,3600
2024-06-10T00:00:00+00:00,0.066210,3600
2024-06-10T01:00:00+00:00,0.061520,3600
2024-06-10T02:00:00+00:00,0.059570,3600
2024-06-10T03:00:00+00:00,0.074750,3600
2024-06-10T04:00:00+00:00,0.105270,3600
2024-06-10T05:00:00+00:00,0.177360,3600
2024-06-10T06:00:00+00:00,0.158810,3600
2024-06-10T07:00:00+00:00,0.126030,3600
2024-06-10T08:00:00+00:00,0.105000,3600
2024-06-10T09:00:00+00:00,0.101300,3600
2024-06-10T10:00:00+00:00,0.088100,3600
2024-06-10T11:00:00+00:00,0.070000,3600
2024-06-10T12:00:00+00:00,0.059900,3600
2024-06-10T13:00:00+00:00,0.058110,3600
2024-06-10T14:00:00+00:00,0.061800,3600
2024-06-10T15:00:00+00:00,0.071800,3600
2024-06-10T16:00:00+00:00,0.089070,3600
2024-06-10T17:00:00+00:00,0.109890,3600
2024-06-10T18:00:00+00:00,0.113800,3600
2024-06-10T19:00:00+00:00,0.104000,3600
2024-06-10T20:00:00+00:00,0.097160,3600
2024-06-10T21:00:00+00:00,0.077000,3600
2024-06-10T22:00:00+00:00,0.060440,3600
2024-06-10T23:00:00+00:00,0.057120,3600
2024-06-11T00:00:00+00:00,0.061120,3600
2024-06-11T01:00:00+00:00,0.055000,3600
2024-06-11T02:00:00+00:00,0.058070,3600
2024-06-11T03:00:00+00:00,0.059170,3600
2024-06-11T04:00:00+00:00,0.077930,3600
2024-06-11T05:00:00+00:00,0.097670,3600
2024-06-11T06:00:00+00:00,0.087750,3600
2024-06-11T07:00:00+00:00,0.068230,3600
2024-06-11T08:00:00+00:00,0.048710,3600
2024-06-11T09:00:00+00:00,0.033350,3600
2024-06-11T10:00:00+00:00,0.013310,3600
2024-06-11T11:00:00+00:00,0.001840,3600
2024-06-11T12:00:00+00:00,0.000860,3600
2024-06-11T13:00:00+00:00,0.002100,3600
2024-06-11T14:00:00+00:00,0.013140,3600
2024-06-11T15:00:00+00:00,0.052680,3600
2024-06-11T16:00:00+00:00,0.072890,3600
2024-06-11T17:00:00+00:00,0.101050,3600
2024-06-11T18:00:00+00:00,0.125830,3600
2024-06-11T19:00:00+00:00,0.123430,3600
2024-06-11T20:00:00+00:00,0.107050,3600
2024-06-11T21:00:00+00:00,0.089900,3600
2024-06-11T22:00:00+00:00,0.085160,3600
2024-06-11T23:00:00+00:00,0.086030,3600
2024-06-12T00:00:00+00:00,0.086000,3600
2024-06-12T01:00:00+00:00,0.079740,3600
2024-06-12T02:00:00+00:00,0.086300,3600
2024-06-12T03:00:00+00:00,0.094180,3600
2024-06-12T04:00:00+00:00,0.120220,3600
2024-06-12T05:00:00+00:00,0.114900,3600
2024-06-12T06:00:00+00:00,0.104010,3600
2024-06-12T07:00:00+00:00,0.069890,3600
2024-06-12T08:00:00+00:00,0.055420,3600
2024-06-12T09:00:00+00:00,0.050000,3600
2024-06-12T10:00:00+00:00,0.036610,3600
2024-06-12T11:00:00+00:00,0.037830,3600
2024-06-12T12:00:00+00:00,0.038040,3600
2024-06-12T13:00:00+00:00,0.039890,3600
2024-06-12T14:00:00+00:00,0.054020,3600
2024-06-12T15:00:00+00:00,0.071420,3600
2024-06-12T16:00:00+00:00,0.089060,3600
2024-06-12T17:00:00+00:00,0.119860,3600
2024-06-12T18:00:00+00:00,0.147690,3600
2024-06-12T19:00:00+00:00,0.151860,3600
2024-06-12T20:00:00+00:00,0.128300,3600
2024-06-12T21:00:00+00:00,0.107070,3600
2024-06-12T22:00:00+00:00,0.103110,3600
2024-06-12T23:00:00+00:00,0.089630,3600
2024-06-13T00:00:00+00:00,0.083620,3600
2024-06-13T01:00:00+00:00,0.080350,3600
2024-06-13T02:00:00+00:00,0.078680,3600
2024-06-13T03:00:00+00:00,0.092700,3600
2024-06-13T04:00:00+00:00,0.114030,3600
2024-06-13T05:00:00+00:00,0.124250,3600
2024-06-13T06:00:00+00:00,0.104170,3600
2024-06-13T07:00:00+00:00,0.073790,3600
2024-06-13T08:00:00+00:00,0.056950,3600
2024-06-13T09:00:00+00:00,0.051020,3600
2024-06-13T10:00:00+00:00,0.044150,3600
2024-06-13T11:00:00+00:00,0.038930,3600
2024-06-13T12:00:00+00:00,0.035960,3600
2024-06-13T13:00:00+00:00,0.044910,3600
2024-06-13T14:00:00+00:00,0.067300,3600
2024-06-13T15:00:00+00:00,0.070850,3600
2024-06-13T16:00:00+00:00,0.090900,3600
2024-06-13T17:00:00+00:00,0.121650,3600
2024-06-13T18:00:00+00:00,0.166140,3600
2024-06-13T19:00:00+00:00,0.139050,3600
2024-06-13T20:00:00+00:00,0.099600,3600
2024-06-13T21:00:00+00:00,0.080000,3600
2024-06-13T22:00:00+00:00,0.069940,3600
2024-06-13T23:00:00+00:00,0.058940,3600
2024-06-14T00:00:00+00:00,0.053390,3600
2024-06-14T01:00:00+00:00,0.050440,3600
2024-06-14T02:00:00+00:00,0.047290,3600
2024-06-14T03:00:00+00:00,0.052720,3600
2024-06-14T04:00:00+00:00,0.072220,3600
2024-06-14T05:00:00+00:00,0.092000,3600
2024-06-14T06:00:00+00:00,0.097550,3600
2024-06-14T07:00:00+00:00,0.092590,3600
2024-06-14T08:00:00+00:00,0.071080,3600
2024-06-14T09:00:00+00:00,0.059200,3600
2024-06-14T10:00:00+00:00,0.051750,3600
2024-06-14T11:00:00+00:00,0.039880,3600
2024-06-14T12:00:00+00:00,0.034170,3600
2024-06-14T13:00:00+00:00,0.034390,3600
2024-06-14T14:00:00+00:00,0.048790,3600
2024-06-14T15:00:00+00:00,0.075000,3600
2024-06-14T16:00:00+00:00,0.090980,3600
2024-06-14T17:00:00+00:00,0.113070,3600
2024-06-14T18:00:00+00:00,0.127310,3600
2024-06-14T19:00:00+00:00,0.119600,3600
2024-06-14T20:00:00+00:00,0.111400,3600
2024-06-14T21:00:00+00:00,0.108000,3600
2024-06-14T22:00:00+00:00,0.106850,3600
2024-06-14T23:00:00+00:00,0.104000,3600
2024-06-15T00:00:00+00:00,0.094000,3600
2024-06-15T01:00:00+00:00,0.087000,3600
2024-06-15T02:00:00+00:00,0.056600,3600
2024-06-15T03:00:00+00:00,0.019890,3600
2024-06-15T04:00:00+00:00,0.001540,3600
2024-06-15T05:00:00+00:00,0.000090,3600
2024-06-15T06:00:00+00:00,0.000000,3600
2024-06-15T07:00:00+00:00,-0.000060,3600
2024-06-15T08:00:00+00:00,-0.010080,3600
2024-06-15T09:00:00+00:00,-0.028990,3600
2024-06-15T10:00:00+00:00,-0.044870,3600
2024-06-15T11:00:00+00:00,-0.065440,3600
2024-06-15T12:00:00+00:00,-0.079990,3600
2024-06-15T13:00:00+00:00,-0.056170,3600
2024-06-15T14:00:00+00:00,-0.029170,3600
2024-06-15T15:00:00+00:00,-0.004500,3600
2024-06-15T16:00:00+00:00,-0.000010,3600
2024-06-15T17:00:00+00:00,0.032090,3600
2024-06-15T18:00:00+00:00,0.070000,3600
2024-06-15T19:00:00+00:00,0.067770,3600
2024-06-15T20:00:00+00:00,0.063250,3600
2024-06-15T21:00:00+00:00,0.040720,3600
2024-06-15T22:00:00+00:00,0.025010,3600
2024-06-15T23:00:00+00:00,0.010250,3600
2024-06-16T00:00:00+00:00,0.004920,3600
2024-06-16T01:00:00+00:00,0.002920,3600
2024-06-16T02:00:00+00:00,0.002190,3600
2024-06-16T03:00:00+00:00,0.002530,3600
2024-06-16T04:00:00+00:00,0.002950,3600
2024-06-16T05:00:00+00:00,0.000470,3600
2024-06-16T06:00:00+00:00,-0.000020,3600
2024-06-16T07:00:00+00:00,-0.001270,3600
2024-06-16T08:00:00+00:00,-0.010000,3600
2024-06-16T09:00:00+00:00,-0.013330,3600
2024-06-16T10:00:00+00:00,-0.020000,3600
2024-06-16T11:00:00+00:00,-0.030000,3600
2024-06-16T12:00:00+00:00,-0.035660,3600
2024-06-16T13:00:00+00:00,-0.029030,3600
2024-06-16T14:00:00+00:00,-0.010020,3600
2024-06-16T15:00:00+00:00,-0.001990,3600
2024-06-16T16:00:00+00:00,0.052410,3600
2024-06-16T17:00:00+00:00,0.092260,3600
2024-06-16T18:00:00+00:00,0.111040,3600
2024-06-16T19:00:00+00:00,0.117700,3600
2024-06-16T20:00:00+00:00,0.118270,3600
2024-06-16T21:00:00+00:00,0.091600,3600
2024-06-16T22:00:00+00:00,0.070160,3600
2024-06-16T23:00:00+00:00,0.060780,3600
2024-06-17T00:00:00+00:00,0.063700,3600
2024-06-17T01:00:00+00:00,0.070000,3600
2024-06-17T02:00:00+00:00,0.069410,3600
2024-06-17T03:00:00+00:00,0.084900,3600
2024-06-17T04:00:00+00:00,0.108700,3600
2024-06-17T05:00:00+00:00,0.126000,3600
2024-06-17T06:00:00+00:00,0.117850,3600
2024-06-17T07:00:00+00:00,0.084730,3600
2024-06-17T08:00:00+00:00,0.063480,3600
2024-06-17T09:00:00+00:00,0.046900,3600
2024-06-17T10:00:00+00:00,0.036540,3600
2024-06-17T11:00:00+00:00,0.034590,3600
2024-06-17T12:00:00+00:00,0.039450,3600
2024-06-17T13:00:00+00:00,0.046150,3600
2024-06-17T14:00:00+00:00,0.054070,3600
2024-06-17T15:00:00+00:00,0.077540,3600
2024-06-17T16:00:00+00:00,0.101360,3600
2024-06-17T17:00:00+00:00,0.139000,3600
2024-06-17T18:00:00+00:00,0.181540,3600
2024-06-17T19:00:00+00:00,0.196930,3600
2024-06-17T20:00:00+00:00,0.126610,3600
2024-06-17T21:00:00+00:00,0.103390,3600
2024-06-17T22:00:00+00:00,0.088070,3600
2024-06-17T23:00:00+00:00,0.084900,3600
2024-06-18T00:00:00+00:00,0.087270,3600
2024-06-18T01:00:00+00:00,0.084600,3600
2024-06-18T02:00:00+00:00,0.086600,3600
2024-06-18T03:00:00+00:00,0.094900,3600
2024-06-18T04:00:00+00:00,0.117440,3600
2024-06-18T05:00:00+00:00,0.115890,3600
2024-06-18T06:00:00+00:00,0.090000,3600
2024-06-18T07:00:00+00:00,0.087050,3600
2024-06-18T08:00:00+00:00,0.081010,3600
2024-06-18T09:00:00+00:00,0.068340,3600
2024-06-18T10:00:00+00:00,0.066910,3600
2024-06-18T11:00:00+00:00,0.077100,3600
2024-06-18T12:00:00+00:00,0.085050,3600
2024-06-18T13:00:00+00:00,0.090000,3600
2024-06-18T14:00:00+00:00,0.091000,3600
2024-06-18T15:00:00+00:00,0.094650,3600
2024-06-18T16:00:00+00:00,0.115170,3600
2024-06-18T17:00:00+00:00,0.141600,3600
2024-06-18T18:00:00+00:00,0.150800,3600
2024-06-18T19:00:00+00:00,0.113090,3600
2024-06-18T20:00:00+00:00,0.095190,3600
2024-06-18T21:00:00+00:00,0.086350,3600
2024-06-18T22:00:00+00:00,0.100050,3600
2024-06-18T23:00:00+00:00,0.089240,3600
2024-06-19T00:00:00+00:00,0.079700,3600
2024-06-19T01:00:00+00:00,0.077060,3600
2024-06-19T02:00:00+00:00,0.081170,3600
2024-06-19T03:00:00+00:00,0.077320,3600
2024-06-19T04:00:00+00:00,0.101900,3600
2024-06-19T05:00:00+00:00,0.112140,3600
2024-06-19T06:00:00+00:00,0.104230,3600
2024-06-19T07:00:00+00:00,0.081730,3600
2024-06-19T08:00:00+00:00,0.072490,3600
2024-06-19T09:00:00+00:00,0.060260,3600
2024-06-19T10:00:00+00:00,0.045000,3600
2024-06-19T11:00:00+00:00,0.033560,3600
2024-06-19T12:00:00+00:00,0.021870,3600
2024-06-19T13:00:00+00:00,0.013440,3600
2024-06-19T14:00:00+00:00,0.030030,3600
2024-06-19T15:00:00+00:00,0.064160,3600
2024-06-19T16:00:00+00:00,0.079780,3600
2024-06-19T17:00:00+00:00,0.099890,3600
2024-06-19T18:00:00+00:00,0.122690,3600
2024-06-19T19:00:00+00:00,0.117700,3600
2024-06-19T20:00:00+00:00,0.109200,3600
2024-06-19T21:00:00+00:00,0.093310,3600
2024-06-19T22:00:00+00:00,0.086090,3600
2024-06-19T23:00:00+00:00,0.081560,3600
2024-06-20T00:00:00+00:00,0.078960,3600
2024-06-20T01:00:00+00:00,0.079050,3600
2024-06-20T02:00:00+00:00,0.083600,3600
2024-06-20T03:00:00+00:00,0.087720,3600
2024-06-20T04:00:00+00:00,0.111360,3600
2024-06-20T05:00:00+00:00,0.112630,3600
2024-06-20T06:00:00+00:00,0.102990,3600
2024-06-20T07:00:00+00:00,0.081090,3600
2024-06-20T08:00:00+00:00,0.070000,3600
2024-06-20T09:00:00+00:00,0.060080,3600
2024-06-20T10:00:00+00:00,0.056870,3600
2024-06-20T11:00:00+00:00,0.055210,3600
2024-06-20T12:00:00+00:00,0.058590,3600
2024-06-20T13:00:00+00:00,0.067720,3600
2024-06-20T14:00:00+00:00,0.076390,3600
2024-06-20T15:00:00+00:00,0.089040,3600
2024-06-20T16:00:00+00:00,0.107480,3600
2024-06-20T17:00:00+00:00,0.138380,3600
2024-06-20T18:00:00+00:00,0.170480,3600
2024-06-20T19:00:00+00:00,0.129930,3600
2024-06-20T20:00:00+00:00,0.112200,3600
2024-06-20T21:00:00+00:00,0.095320,3600
2024-06-20T22:00:00+00:00,0.100940,3600
2024-06-20T23:00:00+00:00,0.090880,3600
2024-06-21T00:00:00+00:00,0.089950,3600
2024-06-21T01:00:00+00:00,0.087460,3600
2024-06-21T02:00:00+00:00,0.084500,3600
2024-06-21T03:00:00+00:00,0.085380,3600
2024-06-21T04:00:00+00:00,0.096000,3600
2024-06-21T05:00:00+00:00,0.120900,3600
2024-06-21T06:00:00+00:00,0.120850,3600
2024-06-21T07:00:00+00:00,0.111670,3600
2024-06-21T08:00:00+00:00,0.100650,3600
2024-06-21T09:00:00+00:00,0.089940,3600
2024-06-21T10:00:00+00:00,0.088540,3600
2024-06-21T11:00:00+00:00,0.081900,3600
2024-06-21T12:00:00+00:00,0.073770,3600
2024-06-21T13:00:00+00:00,0.074320,3600
2024-06-21T14:00:00+00:00,0.078750,3600
2024-06-21T15:00:00+00:00,0.091720,3600
2024-06-21T16:00:00+00:00,0.099740,3600
2024-06-21T17:00:00+00:00,0.109560,3600
2024-06-21T18:00:00+00:00,0.112000,3600
2024-06-21T19:00:00+00:00,0.105530,3600
2024-06-21T20:00:00+00:00,0.096300,3600
2024-06-21T21:00:00+00:00,0.082690,3600
2024-06-21T22:00:00+00:00,0.080780,3600
2024-06-21T23:00:00+00:00,0.070870,3600
2024-06-22T00:00:00+00:00,0.061800,3600
2024-06-22T01:00:00+00:00,0.050500,3600
2024-06-22T02:00:00+00:00,0.049620,3600
2024-06-22T03:00:00+00:00,0.046470,3600
2024-06-22T04:00:00+00:00,0.058150,3600
2024-06-22T05:00:00+00:00,0.048710,3600
2024-06-22T06:00:00+00:00,0.043790,3600
2024-06-22T07:00:00+00:00,0.034650,3600
2024-06-22T08:00:00+00:00,0.012540,3600
2024-06-22T09:00:00+00:00,0.003590,3600
2024-06-22T10:00:00+00:00,0.002650,3600
2024-06-22T11:00:00+00:00,0.000030,3600
2024-06-22T12:00:00+00:00,-0.000010,3600
2024-06-22T13:00:00+00:00,0.000080,3600
2024-06-22T14:00:00+00:00,0.004510,3600
2024-06-22T15:00:00+00:00,0.038480,3600
2024-06-22T16:00:00+00:00,0.075300,3600
2024-06-22T17:00:00+00:00,0.107800,3600
2024-06-22T18:00:00+00:00,0.122360,3600
2024-06-22T19:00:00+00:00,0.124050,3600
2024-06-22T20:00:00+00:00,0.111250,3600
2024-06-22T21:00:00+00:00,0.090990,3600
2024-06-22T22:00:00+00:00,0.098060,3600
2024-06-22T23:00:00+00:00,0.085260,3600
2024-06-23T00:00:00+00:00,0.084960,3600
2024-06-23T01:00:00+00:00,0.080190,3600
2024-06-23T02:00:00+00:00,0.078300,3600
2024-06-23T03:00:00+00:00,0.075600,3600
2024-06-23T04:00:00+00:00,0.071450,3600
2024-06-23T05:00:00+00:00,0.048150,3600
2024-06-23T06:00:00+00:00,0.017970,3600
2024-06-23T07:00:00+00:00,0.004240,3600
2024-06-23T08:00:00+00:00,0.000000,3600
2024-06-23T09:00:00+00:00,-0.000050,3600
2024-06-23T10:00:00+00:00,-0.000100,3600
2024-06-23T11:00:00+00:00,-0.001030,3600
2024-06-23T12:00:00+00:00,-0.002210,3600
2024-06-23T13:00:00+00:00,-0.002040,3600
2024-06-23T14:00:00+00:00,-0.000230,3600
2024-06-23T15:00:00+00:00,0.018970,3600
2024-06-23T16:00:00+00:00,0.063600,3600
2024-06-23T17:00:00+00:00,0.091720,3600
2024-06-23T18:00:00+00:00,0.113500,3600
2024-06-23T19:00:00+00:00,0.125010,3600
2024-06-23T20:00:00+00:00,0.120100,3600
2024-06-23T21:00:00+00:00,0.099900,3600
2024-06-23T22:00:00+00:00,0.105630,3600
2024-06-23T23:00:00+00:00,0.095100,3600
2024-06-24T00:00:00+00:00,0.089930,3600
2024-06-24T01:00:00+00:00,0.084900,3600
2024-06-24T02:00:00+00:00,0.087450,3600
2024-06-24T03:00:00+00:00,0.098710,3600
2024-06-24T04:00:00+00:00,0.133140,3600
2024-06-24T05:00:00+00:00,0.129350,3600
2024-06-24T06:00:00+00:00,0.098640,3600
2024-06-24T07:00:00+00:00,0.075600,3600
2024-06-24T08:00:00+00:00,0.050620,3600
2024-06-24T09:00:00+00:00,0.034300,3600
2024-06-24T10:00:00+00:00,0.031080,3600
2024-06-24T11:00:00+00:00,0.027540,3600
2024-06-24T12:00:00+00:00,0.026000,3600
2024-06-24T13:00:00+00:00,0.031840,3600
2024-06-24T14:00:00+00:00,0.062230,3600
2024-06-24T15:00:00+00:00,0.079890,3600
2024-06-24T16:00:00+00:00,0.093100,3600
2024-06-24T17:00:00+00:00,0.151900,3600
2024-06-24T18:00:00+00:00,0.203340,3600
2024-06-24T19:00:00+00:00,0.156070,3600
2024-06-24T20:00:00+00:00,0.117400,3600
2024-06-24T21:00:00+00:00,0.092350,3600
2024-06-24T22:00:00+00:00,0.088800,3600
2024-06-24T23:00:00+00:00,0.084800,3600
2024-06-25T00:00:00+00:00,0.084780,3600
2024-06-25T01:00:00+00:00,0.085220,3600
2024-06-25T02:00:00+00:00,0.085500,3600
2024-06-25T03:00:00+00:00,0.094900,3600
2024-06-25T04:00:00+00:00,0.114800,3600
2024-06-25T05:00:00+00:00,0.122000,3600
2024-06-25T06:00:00+00:00,0.103800,3600
2024-06-25T07:00:00+00:00,0.074640,3600
2024-06-25T08:00:00+00:00,0.035690,3600
2024-06-25T09:00:00+00:00,0.011800,3600
2024-06-25T10:00:00+00:00,-0.009100,3600
2024-06-25T11:00:00+00:00,-0.020000,3600
2024-06-25T12:00:00+00:00,-0.012890,3600
2024-06-25T13:00:00+00:00,0.009500,3600
2024-06-25T14:00:00+00:00,0.025000,3600
2024-06-25T15:00:00+00:00,0.062900,3600
2024-06-25T16:00:00+00:00,0.078900,3600
2024-06-25T17:00:00+00:00,0.107740,3600
2024-06-25T18:00:00+00:00,0.125890,3600
2024-06-25T19:00:00+00:00,0.122090,3600
2024-06-25T20:00:00+00:00,0.106570,3600
2024-06-25T21:00:00+00:00,0.089950,3600
2024-06-25T22:00:00+00:00,0.107270,3600
2024-06-25T23:00:00+00:00,0.099910,3600
2024-06-26T00:00:00+00:00,0.095320,3600
2024-06-26T01:00:00+00:00,0.095460,3600
2024-06-26T02:00:00+00:00,0.091690,3600
2024-06-26T03:00:00+00:00,0.097050,3600
2024-06-26T04:00:00+00:00,0.108740,3600
2024-06-26T05:00:00+00:00,0.130000,3600
2024-06-26T06:00:00+00:00,0.121100,3600
2024-06-26T07:00:00+00:00,0.101760,3600
2024-06-26T08:00:00+00:00,0.089880,3600
2024-06-26T09:00:00+00:00,0.084170,3600
2024-06-26T10:00:00+00:00,0.078640,3600
2024-06-26T11:00:00+00:00,0.076540,3600
2024-06-26T12:00:00+00:00,0.080000,3600
2024-06-26T13:00:00+00:00,0.090490,3600
2024-06-26T14:00:00+00:00,0.099910,3600
2024-06-26T15:00:00+00:00,0.105860,3600
2024-06-26T16:00:00+00:00,0.107310,3600
2024-06-26T17:00:00+00:00,0.134260,3600
2024-06-26T18:00:00+00:00,0.144060,3600
2024-06-26T19:00:00+00:00,0.130480,3600
2024-06-26T20:00:00+00:00,0.117480,3600
2024-06-26T21:00:00+00:00,0.110000,3600
2024-06-26T22:00:00+00:00,0.096000,3600
2024-06-26T23:00:00+00:00,0.086910,3600
2024-06-27T00:00:00+00:00,0.080500,3600
2024-06-27T01:00:00+00:00,0.082840,3600
2024-06-27T02:00:00+00:00,0.078000,3600
2024-06-27T03:00:00+00:00,0.083240,3600
2024-06-27T04:00:00+00:00,0.114000,3600
2024-06-27T05:00:00+00:00,0.124010,3600
2024-06-27T06:00:00+00:00,0.115000,3600
2024-06-27T07:00:00+00:00,0.088880,3600
2024-06-27T08:00:00+00:00,0.067080,3600
2024-06-27T09:00:00+00:00,0.049610,3600
2024-06-27T10:00:00+00:00,0.025000,3600
2024-06-27T11:00:00+00:00,0.000000,3600
2024-06-27T12:00:00+00:00,-0.000070,3600
2024-06-27T13:00:00+00:00,0.000000,3600
2024-06-27T14:00:00+00:00,0.019520,3600
2024-06-27T15:00:00+00:00,0.045440,3600
2024-06-27T16:00:00+00:00,0.070730,3600
2024-06-27T17:00:00+00:00,0.099000,3600
2024-06-27T18:00:00+00:00,0.132000,3600
2024-06-27T19:00:00+00:00,0.125000,3600
2024-06-27T20:00:00+00:00,0.106900,3600
2024-06-27T21:00:00+00:00,0.099480,3600
2024-06-27T22:00:00+00:00,0.090710,3600
2024-06-27T23:00:00+00:00,0.089910,3600
2024-06-28T00:00:00+00:00,0.080450,3600
2024-06-28T01:00:00+00:00,0.074770,3600
2024-06-28T02:00:00+00:00,0.078300,3600
2024-06-28T03:00:00+00:00,0.084900,3600
2024-06-28T04:00:00+00:00,0.110750,3600
2024-06-28T05:00:00+00:00,0.090920,3600
2024-06-28T06:00:00+00:00,0.075570,3600
2024-06-28T07:00:00+00:00,0.025800,3600
2024-06-28T08:00:00+00:00,0.000000,3600
2024-06-28T09:00:00+00:00,-0.010060,3600
2024-06-28T10:00:00+00:00,-0.020000,3600
2024-06-28T11:00:00+00:00,-0.030000,3600
2024-06-28T12:00:00+00:00,-0.030000,3600
2024-06-28T13:00:00+00:00,-0.015100,3600
2024-06-28T14:00:00+00:00,-0.007920,3600
2024-06-28T15:00:00+00:00,0.001000,3600
2024-06-28T16:00:00+00:00,0.045000,3600
2024-06-28T17:00:00+00:00,0.087020,3600
2024-06-28T18:00:00+00:00,0.110130,3600
2024-06-28T19:00:00+00:00,0.137480,3600
2024-06-28T20:00:00+00:00,0.126200,3600
2024-06-28T21:00:00+00:00,0.108850,3600
2024-06-28T22:00:00+00:00,0.110710,3600
2024-06-28T23:00:00+00:00,0.108290,3600
2024-06-29T00:00:00+00:00,0.107950,3600
2024-06-29T01:00:00+00:00,0.107190,3600
2024-06-29T02:00:00+00:00,0.105340,3600
2024-06-29T03:00:00+00:00,0.102130,3600
2024-06-29T04:00:00+00:00,0.094970,3600
2024-06-29T05:00:00+00:00,0.082200,3600
2024-06-29T06:00:00+00:00,0.065860,3600
2024-06-29T07:00:00+00:00,0.029580,3600
2024-06-29T08:00:00+00:00,0.005040,3600
2024-06-29T09:00:00+00:00,0.000040,3600
2024-06-29T10:00:00+00:00,-0.000010,3600
2024-06-29T11:00:00+00:00,-0.000240,3600
2024-06-29T12:00:00+00:00,-0.000080,3600
2024-06-29T13:00:00+00:00,0.001360,3600
2024-06-29T14:00:00+00:00,0.012100,3600
2024-06-29T15:00:00+00:00,0.068340,3600
2024-06-29T16:00:00+00:00,0.103250,3600
2024-06-29T17:00:00+00:00,0.126930,3600
2024-06-29T18:00:00+00:00,0.139000,3600
2024-06-29T19:00:00+00:00,0.113500,3600
2024-06-29T20:00:00+00:00,0.100100,3600
2024-06-29T21:00:00+00:00,0.093810,3600
2024-06-29T22:00:00+00:00,0.080700,3600
2024-06-29T23:00:00+00:00,0.083000,3600
2024-06-30T00:00:00+00:00,0.075300,3600
2024-06-30T01:00:00+00:00,0.067050,3600
2024-06-30T02:00:00+00:00,0.064360,3600
2024-06-30T03:00:00+00:00,0.051390,3600
2024-06-30T04:00:00+00:00,0.051560,3600
2024-06-30T05:00:00+00:00,0.020420,3600
2024-06-30T06:00:00+00:00,0.006830,3600
2024-06-30T07:00:00+00:00,0.000820,3600
2024-06-30T08:00:00+00:00,0.000000,3600
2024-06-30T09:00:00+00:00,0.000000,3600
2024-06-30T10:00:00+00:00,-0.000020,3600
2024-06-30T11:00:00+00:00,-0.001510,3600
2024-06-30T12:00:00+00:00,-0.001090,3600
2024-06-30T13:00:00+00:00,0.000000,3600
2024-06-30T14:00:00+00:00,0.000920,3600
2024-06-30T15:00:00+00:00,0.030920,3600
2024-06-30T16:00:00+00:00,0.075750,3600
2024-06-30T17:00:00+00:00,0.087260,3600
2024-06-30T18:00:00+00:00,0.099900,3600
2024-06-30T19:00:00+00:00,0.104000,3600
2024-06-30T20:00:00+00:00,0.107280,3600
2024-06-30T21:00:00+00:00,0.093200,3600
2024-06-30T22:00:00+00:00,0.094730,3600
2024-06-30T23:00:00+00:00,0.085700,3600
2024-07-01T00:00:00+00:00,0.078190,3600
2024-07-01T01:00:00+00:00,0.078010,3600
2024-07-01T02:00:00+00:00,0.079040,3600
2024-07-01T03:00:00+00:00,0.080230,3600
2024-07-01T04:00:00+00:00,0.121660,3600
2024-07-01T05:00:00+00:00,0.136510,3600
2024-07-01T06:00:00+00:00,0.132400,3600
2024-07-01T07:00:00+00:00,0.109600,3600
2024-07-01T08:00:00+00:00,0.100600,3600
2024-07-01T09:00:00+00:00,0.086090,3600
2024-07-01T10:00:00+00:00,0.073790,3600
2024-07-01T11:00:00+00:00,0.066630,3600
2024-07-01T12:00:00+00:00,0.037740,3600
2024-07-01T13:00:00+00:00,0.029460,3600
2024-07-01T14:00:00+00:00,0.031060,3600
2024-07-01T15:00:00+00:00,0.055000,3600
2024-07-01T16:00:00+00:00,0.071910,3600
2024-07-01T17:00:00+00:00,0.098720,3600
2024-07-01T18:00:00+00:00,0.162520,3600
2024-07-01T19:00:00+00:00,0.126360,3600
2024-07-01T20:00:00+00:00,0.108200,3600
2024-07-01T21:00:00+00:00,0.087650,3600
2024-07-01T22:00:00+00:00,0.083000,3600
2024-07-01T23:00:00+00:00,0.076360,3600
2024-07-02T00:00:00+00:00,0.076380,3600
2024-07-02T01:00:00+00:00,0.075740,3600
2024-07-02T02:00:00+00:00,0.076370,3600
2024-07-02T03:00:00+00:00,0.077090,3600
2024-07-02T04:00:00+00:00,0.091600,3600
2024-07-02T05:00:00+00:00,0.098230,3600
2024-07-02T06:00:00+00:00,0.102840,3600
2024-07-02T07:00:00+00:00,0.100000,3600
2024-07-02T08:00:00+00:00,0.087810,3600
2024-07-02T09:00:00+00:00,0.071000,3600
2024-07-02T10:00:00+00:00,0.063750,3600
2024-07-02T11:00:00+00:00,0.060360,3600
2024-07-02T12:00:00+00:00,0.052320,3600
2024-07-02T13:00:00+00:00,0.050720,3600
2024-07-02T14:00:00+00:00,0.062700,3600
2024-07-02T15:00:00+00:00,0.064840,3600
2024-07-02T16:00:00+00:00,0.078160,3600
2024-07-02T17:00:00+00:00,0.099950,3600
2024-07-02T18:00:00+00:00,0.111450,3600
2024-07-02T19:00:00+00:00,0.110250,3600
2024-07-02T20:00:00+00:00,0.108940,3600
2024-07-02T21:00:00+00:00,0.098650,3600
2024-07-02T22:00:00+00:00,0.167250,3600
2024-07-02T23:00:00+00:00,0.109900,3600
2024-07-03T00:00:00+00:00,0.094900,3600
2024-07-03T01:00:00+00:00,0.082700,3600
2024-07-03T02:00:00+00:00,0.082700,3600
2024-07-03T03:00:00+00:00,0.079900,3600
2024-07-03T04:00:00+00:00,0.095680,3600
2024-07-03T05:00:00+00:00,0.113290,3600
2024-07-03T06:00:00+00:00,0.113000,3600
2024-07-03T07:00:00+00:00,0.098000,3600
2024-07-03T08:00:00+00:00,0.087880,3600
2024-07-03T09:00:00+00:00,0.090410,3600
2024-07-03T10:00:00+00:00,0.089900,3600
2024-07-03T11:00:00+00:00,0.080000,3600
2024-07-03T12:00:00+00:00,0.061640,3600
2024-07-03T13:00:00+00:00,0.059470,3600
2024-07-03T14:00:00+00:00,0.060090,3600
2024-07-03T15:00:00+00:00,0.079170,3600
2024-07-03T16:00:00+00:00,0.093560,3600
2024-07-03T17:00:00+00:00,0.111450,3600
2024-07-03T18:00:00+00:00,0.154180,3600
2024-07-03T19:00:00+00:00,0.105130,3600
2024-07-03T20:00:00+00:00,0.087390,3600
2024-07-03T21:00:00+00:00,0.069370,3600
2024-07-03T22:00:00+00:00,0.058500,3600
2024-07-03T23:00:00+00:00,0.035000,3600
2024-07-04T00:00:00+00:00,0.016350,3600
2024-07-04T01:00:00+00:00,0.010000,3600
2024-07-04T02:00:00+00:00,0.007430,3600
2024-07-04T03:00:00+00:00,0.007350,3600
2024-07-04T04:00:00+00:00,0.031250,3600
2024-07-04T05:00:00+00:00,0.034910,3600
2024-07-04T06:00:00+00:00,0.032860,3600
2024-07-04T07:00:00+00:00,0.022230,3600
2024-07-04T08:00:00+00:00,-0.010000,3600
2024-07-04T09:00:00+00:00,-0.035690,3600
2024-07-04T10:00:00+00:00,-0.070000,3600
2024-07-04T11:00:00+00:00,-0.137800,3600
2024-07-04T12:00:00+00:00,-0.149000,3600
2024-07-04T13:00:00+00:00,-0.080000,3600
2024-07-04T14:00:00+00:00,-0.051340,3600
2024-07-04T15:00:00+00:00,-0.031180,3600
2024-07-04T16:00:00+00:00,-0.005000,3600
2024-07-04T17:00:00+00:00,0.040770,3600
2024-07-04T18:00:00+00:00,0.081860,3600
2024-07-04T19:00:00+00:00,0.107980,3600
2024-07-04T20:00:00+00:00,0.082800,3600
2024-07-04T21:00:00+00:00,0.061270,3600
2024-07-04T22:00:00+00:00,0.013540,3600
2024-07-04T23:00:00+00:00,0.006370,3600
2024-07-05T00:00:00+00:00,0.004000,3600
2024-07-05T01:00:00+00:00,0.002670,3600
2024-07-05T02:00:00+00:00,0.002920,3600
2024-07-05T03:00:00+00:00,0.005720,3600
2024-07-05T04:00:00+00:00,0.020180,3600
2024-07-05T05:00:00+00:00,0.030950,3600
2024-07-05T06:00:00+00:00,0.039700,3600
2024-07-05T07:00:00+00:00,0.018560,3600
2024-07-05T08:00:00+00:00,0.002960,3600
2024-07-05T09:00:00+00:00,0.000420,3600
2024-07-05T10:00:00+00:00,0.000100,3600
2024-07-05T11:00:00+00:00,-0.000550,3600
2024-07-05T12:00:00+00:00,-0.000770,3600
2024-07-05T13:00:00+00:00,-0.000010,3600
2024-07-05T14:00:00+00:00,0.001970,3600
2024-07-05T15:00:00+00:00,0.016970,3600
2024-07-05T16:00:00+00:00,0.064260,3600
2024-07-05T17:00:00+00:00,0.090810,3600
2024-07-05T18:00:00+00:00,0.132640,3600
2024-07-05T19:00:00+00:00,0.132120,3600
2024-07-05T20:00:00+00:00,0.105650,3600
2024-07-05T21:00:00+00:00,0.085290,3600
2024-07-05T22:00:00+00:00,0.085520,3600
2024-07-05T23:00:00+00:00,0.066060,3600
2024-07-06T00:00:00+00:00,0.058940,3600
2024-07-06T01:00:00+00:00,0.043350,3600
2024-07-06T02:00:00+00:00,0.035820,3600
2024-07-06T03:00:00+00:00,0.015030,3600
2024-07-06T04:00:00+00:00,0.005930,3600
2024-07-06T05:00:00+00:00,0.005370,3600
2024-07-06T06:00:00+00:00,0.003400,3600
2024-07-06T07:00:00+00:00,0.000000,3600
2024-07-06T08:00:00+00:00,-0.010000,3600
2024-07-06T09:00:00+00:00,-0.029030,3600
2024-07-06T10:00:00+00:00,-0.034320,3600
2024-07-06T11:00:00+00:00,-0.052740,3600
2024-07-06T12:00:00+00:00,-0.069790,3600
2024-07-06T13:00:00+00:00,-0.116610,3600
2024-07-06T14:00:00+00:00,-0.092440,3600
2024-07-06T15:00:00+00:00,-0.049710,3600
2024-07-06T16:00:00+00:00,-0.010000,3600
2024-07-06T17:00:00+00:00,-0.002500,3600
2024-07-06T18:00:00+00:00,0.006610,3600
2024-07-06T19:00:00+00:00,0.009590,3600
2024-07-06T20:00:00+00:00,0.018470,3600
2024-07-06T21:00:00+00:00,0.014920,3600
2024-07-06T22:00:00+00:00,0.000460,3600
2024-07-06T23:00:00+00:00,0.000350,3600
2024-07-07T00:00:00+00:00,-0.000320,3600
2024-07-07T01:00:00+00:00,0.000000,3600
2024-07-07T02:00:00+00:00,0.000340,3600
2024-07-07T03:00:00+00:00,0.000250,3600
2024-07-07T04:00:00+00:00,0.000040,3600
2024-07-07T05:00:00+00:00,0.000000,3600
2024-07-07T06:00:00+00:00,-0.000600,3600
2024-07-07T07:00:00+00:00,-0.006610,3600
2024-07-07T08:00:00+00:00,-0.010100,3600
2024-07-07T09:00:00+00:00,-0.012920,3600
2024-07-07T10:00:00+00:00,-0.013650,3600
2024-07-07T11:00:00+00:00,-0.022620,3600
2024-07-07T12:00:00+00:00,-0.021000,3600
2024-07-07T13:00:00+00:00,-0.012210,3600
2024-07-07T14:00:00+00:00,-0.006280,3600
2024-07-07T15:00:00+00:00,-0.001590,3600
2024-07-07T16:00:00+00:00,0.058560,3600
2024-07-07T17:00:00+00:00,0.086310,3600
2024-07-07T18:00:00+00:00,0.119050,3600
2024-07-07T19:00:00+00:00,0.127050,3600
2024-07-07T20:00:00+00:00,0.114440,3600
2024-07-07T21:00:00+00:00,0.096860,3600
2024-07-07T22:00:00+00:00,0.081670,3600
2024-07-07T23:00:00+00:00,0.076650,3600
2024-07-08T00:00:00+00:00,0.073300,3600
2024-07-08T01:00:00+00:00,0.076590,3600
2024-07-08T02:00:00+00:00,0.075490,3600
2024-07-08T03:00:00+00:00,0.079440,3600
2024-07-08T04:00:00+00:00,0.110000,3600
2024-07-08T05:00:00+00:00,0.123360,3600
2024-07-08T06:00:00+00:00,0.101240,3600
2024-07-08T07:00:00+00:00,0.077860,3600
2024-07-08T08:00:00+00:00,0.054200,3600
2024-07-08T09:00:00+00:00,0.038980,3600
2024-07-08T10:00:00+00:00,0.032140,3600
2024-07-08T11:00:00+00:00,0.029870,3600
2024-07-08T12:00:00+00:00,0.029900,3600
2024-07-08T13:00:00+00:00,0.037270,3600
2024-07-08T14:00:00+00:00,0.063420,3600
2024-07-08T15:00:00+00:00,0.081370,3600
2024-07-08T16:00:00+00:00,0.101520,3600
2024-07-08T17:00:00+00:00,0.135000,3600
2024-07-08T18:00:00+00:00,0.249010,3600
2024-07-08T19:00:00+00:00,0.169230,3600
2024-07-08T20:00:00+00:00,0.113730,3600
2024-07-08T21:00:00+00:00,0.091880,3600
2024-07-08T22:00:00+00:00,0.101690,3600
2024-07-08T23:00:00+00:00,0.091070,3600
2024-07-09T00:00:00+00:00,0.086980,3600
2024-07-09T01:00:00+00:00,0.083520,3600
2024-07-09T02:00:00+00:00,0.080170,3600
2024-07-09T03:00:00+00:00,0.088890,3600
2024-07-09T04:00:00+00:00,0.101920,3600
2024-07-09T05:00:00+00:00,0.100120,3600
2024-07-09T06:00:00+00:00,0.091700,3600
2024-07-09T07:00:00+00:00,0.067020,3600
2024-07-09T08:00:00+00:00,0.046630,3600
2024-07-09T09:00:00+00:00,0.033710,3600
2024-07-09T10:00:00+00:00,0.021950,3600
2024-07-09T11:00:00+00:00,0.006570,3600
2024-07-09T12:00:00+00:00,0.004340,3600
2024-07-09T13:00:00+00:00,0.011170,3600
2024-07-09T14:00:00+00:00,0.049320,3600
2024-07-09T15:00:00+00:00,0.079470,3600
2024-07-09T16:00:00+00:00,0.101490,3600
2024-07-09T17:00:00+00:00,0.143600,3600
2024-07-09T18:00:00+00:00,0.143130,3600
2024-07-09T19:00:00+00:00,0.108680,3600
2024-07-09T20:00:00+00:00,0.087390,3600
2024-07-09T21:00:00+00:00,0.100000,3600
2024-07-09T22:00:00+00:00,0.099900,3600
2024-07-09T23:00:00+00:00,0.079900,3600
2024-07-10T00:00:00+00:00,0.095000,3600
2024-07-10T01:00:00+00:00,0.076300,3600
2024-07-10T02:00:00+00:00,0.060100,3600
2024-07-10T03:00:00+00:00,0.065320,3600
2024-07-10T04:00:00+00:00,0.083370,3600
2024-07-10T05:00:00+00:00,0.104570,3600
2024-07-10T06:00:00+00:00,0.102000,3600
2024-07-10T07:00:00+00:00,0.084930,3600
2024-07-10T08:00:00+00:00,0.065000,3600
2024-07-10T09:00:00+00:00,0.055770,3600
2024-07-10T10:00:00+00:00,0.047130,3600
2024-07-10T11:00:00+00:00,0.036680,3600
2024-07-10T12:00:00+00:00,0.027150,3600
2024-07-10T13:00:00+00:00,-0.001000,3600
2024-07-10T14:00:00+00:00,0.001330,3600
2024-07-10T15:00:00+00:00,0.035220,3600
2024-07-10T16:00:00+00:00,0.079770,3600
2024-07-10T17:00:00+00:00,0.099720,3600
2024-07-10T18:00:00+00:00,0.117000,3600
2024-07-10T19:00:00+00:00,0.150510,3600
2024-07-10T20:00:00+00:00,0.113340,3600
2024-07-10T21:00:00+00:00,0.093550,3600
2024-07-10T22:00:00+00:00,0.095910,3600
2024-07-10T23:00:00+00:00,0.079700,3600
2024-07-11T00:00:00+00:00,0.077000,3600
2024-07-11T01:00:00+00:00,0.078480,3600
2024-07-11T02:00:00+00:00,0.078580,3600
2024-07-11T03:00:00+00:00,0.081890,3600
2024-07-11T04:00:00+00:00,0.107460,3600
2024-07-11T05:00:00+00:00,0.112910,3600
2024-07-11T06:00:00+00:00,0.105150,3600
2024-07-11T07:00:00+00:00,0.089430,3600
2024-07-11T08:00:00+00:00,0.080810,3600
2024-07-11T09:00:00+00:00,0.067390,3600
2024-07-11T10:00:00+00:00,0.058000,3600
2024-07-11T11:00:00+00:00,0.047960,3600
2024-07-11T12:00:00+00:00,0.044390,3600
2024-07-11T13:00:00+00:00,0.051060,3600
2024-07-11T14:00:00+00:00,0.062120,3600
2024-07-11T15:00:00+00:00,0.079340,3600
2024-07-11T16:00:00+00:00,0.091990,3600
2024-07-11T17:00:00+00:00,0.117000,3600
2024-07-11T18:00:00+00:00,0.178120,3600
2024-07-11T19:00:00+00:00,0.162170,3600
2024-07-11T20:00:00+00:00,0.121300,3600
2024-07-11T21:00:00+00:00,0.098690,3600
2024-07-11T22:00:00+00:00,0.100300,3600
2024-07-11T23:00:00+00:00,0.084380,3600
2024-07-12T00:00:00+00:00,0.080600,3600
2024-07-12T01:00:00+00:00,0.079980,3600
2024-07-12T02:00:00+00:00,0.076400,3600
2024-07-12T03:00:00+00:00,0.079370,3600
2024-07-12T04:00:00+00:00,0.100120,3600
2024-07-12T05:00:00+00:00,0.106090,3600
2024-07-12T06:00:00+00:00,0.105540,3600
2024-07-12T07:00:00+00:00,0.097850,3600
2024-07-12T08:00:00+00:00,0.089290,3600
2024-07-12T09:00:00+00:00,0.085500,3600
2024-07-12T10:00:00+00:00,0.080000,3600
2024-07-12T11:00:00+00:00,0.074710,3600
2024-07-12T12:00:00+00:00,0.074780,3600
2024-07-12T13:00:00+00:00,0.075590,3600
2024-07-12T14:00:00+00:00,0.074010,3600
2024-07-12T15:00:00+00:00,0.077010,3600
2024-07-12T16:00:00+00:00,0.087940,3600
2024-07-12T17:00:00+00:00,0.096620,3600
2024-07-12T18:00:00+00:00,0.091600,3600
2024-07-12T19:00:00+00:00,0.095000,3600
2024-07-12T20:00:00+00:00,0.086150,3600
2024-07-12T21:00:00+00:00,0.079430,3600
2024-07-12T22:00:00+00:00,0.090000,3600
2024-07-12T23:00:00+00:00,0.075000,3600
2024-07-13T00:00:00+00:00,0.071250,3600
2024-07-13T01:00:00+00:00,0.038000,3600
2024-07-13T02:00:00+00:00,0.032900,3600
2024-07-13T03:00:00+00:00,0.031220,3600
2024-07-13T04:00:00+00:00,0.031100,3600
2024-07-13T05:00:00+00:00,0.027970,3600
2024-07-13T06:00:00+00:00,0.026600,3600
2024-07-13T07:00:00+00:00,0.020970,3600
2024-07-13T08:00:00+00:00,0.005160,3600
2024-07-13T09:00:00+00:00,0.000040,3600
2024-07-13T10:00:00+00:00,-0.000010,3600
2024-07-13T11:00:00+00:00,-0.004980,3600
2024-07-13T12:00:00+00:00,-0.014840,3600
2024-07-13T13:00:00+00:00,-0.011350,3600
2024-07-13T14:00:00+00:00,-0.003230,3600
2024-07-13T15:00:00+00:00,0.000380,3600
2024-07-13T16:00:00+00:00,0.029390,3600
2024-07-13T17:00:00+00:00,0.051440,3600
2024-07-13T18:00:00+00:00,0.075960,3600
2024-07-13T19:00:00+00:00,0.076590,3600
2024-07-13T20:00:00+00:00,0.079270,3600
2024-07-13T21:00:00+00:00,0.067370,3600
2024-07-13T22:00:00+00:00,0.089060,3600
2024-07-13T23:00:00+00:00,0.063340,3600
2024-07-14T00:00:00+00:00,0.055560,3600
2024-07-14T01:00:00+00:00,0.044430,3600
2024-07-14T02:00:00+00:00,0.037970,3600
2024-07-14T03:00:00+00:00,0.037000,3600
2024-07-14T04:00:00+00:00,0.031770,3600
2024-07-14T05:00:00+00:00,0.014280,3600
2024-07-14T06:00:00+00:00,0.000290,3600
2024-07-14T07:00:00+00:00,-0.003300,3600
2024-07-14T08:00:00+00:00,-0.021000,3600
2024-07-14T09:00:00+00:00,-0.039960,3600
2024-07-14T10:00:00+00:00,-0.059420,3600
2024-07-14T11:00:00+00:00,-0.073630,3600
2024-07-14T12:00:00+00:00,-0.073850,3600
2024-07-14T13:00:00+00:00,-0.051630,3600
2024-07-14T14:00:00+00:00,-0.019460,3600
2024-07-14T15:00:00+00:00,-0.000510,3600
2024-07-14T16:00:00+00:00,0.040610,3600
2024-07-14T17:00:00+00:00,0.087760,3600
2024-07-14T18:00:00+00:00,0.112800,3600
2024-07-14T19:00:00+00:00,0.108030,3600
2024-07-14T20:00:00+00:00,0.106610,3600
2024-07-14T21:00:00+00:00,0.087330,3600
2024-07-14T22:00:00+00:00,0.079630,3600
2024-07-14T23:00:00+00:00,0.068800,3600
2024-07-15T00:00:00+00:00,0.068800,3600
2024-07-15T01:00:00+00:00,0.072000,3600
2024-07-15T02:00:00+00:00,0.089900,3600
2024-07-15T03:00:00+00:00,0.094900,3600
2024-07-15T04:00:00+00:00,0.113600,3600
2024-07-15T05:00:00+00:00,0.130200,3600
2024-07-15T06:00:00+00:00,0.089230,3600
2024-07-15T07:00:00+00:00,0.060370,3600
2024-07-15T08:00:00+00:00,0.036350,3600
2024-07-15T09:00:00+00:00,0.012150,3600
2024-07-15T10:00:00+00:00,0.000640,3600
2024-07-15T11:00:00+00:00,-0.000840,3600
2024-07-15T12:00:00+00:00,-0.001520,3600
2024-07-15T13:00:00+00:00,0.003540,3600
2024-07-15T14:00:00+00:00,0.041050,3600
2024-07-15T15:00:00+00:00,0.077060,3600
2024-07-15T16:00:00+00:00,0.108820,3600
2024-07-15T17:00:00+00:00,0.191770,3600
2024-07-15T18:00:00+00:00,0.214240,3600
2024-07-15T19:00:00+00:00,0.140160,3600
2024-07-15T20:00:00+00:00,0.093090,3600
2024-07-15T21:00:00+00:00,0.080180,3600
2024-07-15T22:00:00+00:00,0.072590,3600
2024-07-15T23:00:00+00:00,0.058160,3600
2024-07-16T00:00:00+00:00,0.049900,3600
2024-07-16T01:00:00+00:00,0.036200,3600
2024-07-16T02:00:00+00:00,0.036280,3600
2024-07-16T03:00:00+00:00,0.047040,3600
2024-07-16T04:00:00+00:00,0.074560,3600
2024-07-16T05:00:00+00:00,0.079480,3600
2024-07-16T06:00:00+00:00,0.076170,3600
2024-07-16T07:00:00+00:00,0.010000,3600
2024-07-16T08:00:00+00:00,-0.003000,3600
2024-07-16T09:00:00+00:00,-0.010000,3600
2024-07-16T10:00:00+00:00,-0.010090,3600
2024-07-16T11:00:00+00:00,-0.010100,3600
2024-07-16T12:00:00+00:00,-0.010070,3600
2024-07-16T13:00:00+00:00,-0.010080,3600
2024-07-16T14:00:00+00:00,-0.010000,3600
2024-07-16T15:00:00+00:00,0.024900,3600
2024-07-16T16:00:00+00:00,0.063980,3600
2024-07-16T17:00:00+00:00,0.089100,3600
2024-07-16T18:00:00+00:00,0.121370,3600
2024-07-16T19:00:00+00:00,0.114680,3600
2024-07-16T20:00:00+00:00,0.106250,3600
2024-07-16T21:00:00+00:00,0.085100,3600
2024-07-16T22:00:00+00:00,0.087600,3600
2024-07-16T23:00:00+00:00,0.073080,3600
2024-07-17T00:00:00+00:00,0.072870,3600
2024-07-17T01:00:00+00:00,0.070560,3600
2024-07-17T02:00:00+00:00,0.071080,3600
2024-07-17T03:00:00+00:00,0.077510,3600
2024-07-17T04:00:00+00:00,0.090050,3600
2024-07-17T05:00:00+00:00,0.100120,3600
2024-07-17T06:00:00+00:00,0.105700,3600
2024-07-17T07:00:00+00:00,0.078040,3600
2024-07-17T08:00:00+00:00,0.059340,3600
2024-07-17T09:00:00+00:00,0.042650,3600
2024-07-17T10:00:00+00:00,0.033530,3600
2024-07-17T11:00:00+00:00,0.022710,3600
2024-07-17T12:00:00+00:00,0.011890,3600
2024-07-17T13:00:00+00:00,0.014290,3600
2024-07-17T14:00:00+00:00,0.040130,3600
2024-07-17T15:00:00+00:00,0.063000,3600
2024-07-17T16:00:00+00:00,0.084930,3600
2024-07-17T17:00:00+00:00,0.109630,3600
2024-07-17T18:00:00+00:00,0.182610,3600
2024-07-17T19:00:00+00:00,0.142630,3600
2024-07-17T20:00:00+00:00,0.115970,3600
2024-07-17T21:00:00+00:00,0.092170,3600
2024-07-17T22:00:00+00:00,0.090260,3600
2024-07-17T23:00:00+00:00,0.080340,3600
2024-07-18T00:00:00+00:00,0.077430,3600
2024-07-18T01:00:00+00:00,0.078010,3600
2024-07-18T02:00:00+00:00,0.077520,3600
2024-07-18T03:00:00+00:00,0.090220,3600
2024-07-18T04:00:00+00:00,0.116000,3600
2024-07-18T05:00:00+00:00,0.106560,3600
2024-07-18T06:00:00+00:00,0.097220,3600
2024-07-18T07:00:00+00:00,0.079900,3600
2024-07-18T08:00:00+00:00,0.064820,3600
2024-07-18T09:00:00+00:00,0.048130,3600
2024-07-18T10:00:00+00:00,0.035850,3600
2024-07-18T11:00:00+00:00,0.034860,3600
2024-07-18T12:00:00+00:00,0.038020,3600
2024-07-18T13:00:00+00:00,0.049910,3600
2024-07-18T14:00:00+00:00,0.068590,3600
2024-07-18T15:00:00+00:00,0.086070,3600
2024-07-18T16:00:00+00:00,0.096110,3600
2024-07-18T17:00:00+00:00,0.130360,3600
2024-07-18T18:00:00+00:00,0.212020,3600
2024-07-18T19:00:00+00:00,0.176730,3600
2024-07-18T20:00:00+00:00,0.119960,3600
2024-07-18T21:00:00+00:00,0.102000,3600
2024-07-18T22:00:00+00:00,0.090320,3600
2024-07-18T23:00:00+00:00,0.080520,3600
2024-07-19T00:00:00+00:00,0.079980,3600
2024-07-19T01:00:00+00:00,0.078210,3600
2024-07-19T02:00:00+00:00,0.081280,3600
2024-07-19T03:00:00+00:00,0.089410,3600
2024-07-19T04:00:00+00:00,0.110890,3600
2024-07-19T05:00:00+00:00,0.108670,3600
2024-07-19T06:00:00+00:00,0.098400,3600
2024-07-19T07:00:00+00:00,0.081430,3600
2024-07-19T08:00:00+00:00,0.070280,3600
2024-07-19T09:00:00+00:00,0.059520,3600
2024-07-19T10:00:00+00:00,0.045130,3600
2024-07-19T11:00:00+00:00,0.037090,3600
2024-07-19T12:00:00+00:00,0.036810,3600
2024-07-19T13:00:00+00:00,0.043250,3600
2024-07-19T14:00:00+00:00,0.065000,3600
2024-07-19T15:00:00+00:00,0.077590,3600
2024-07-19T16:00:00+00:00,0.091150,3600
2024-07-19T17:00:00+00:00,0.119040,3600
2024-07-19T18:00:00+00:00,0.181120,3600
2024-07-19T19:00:00+00:00,0.120960,3600
2024-07-19T20:00:00+00:00,0.107060,3600
2024-07-19T21:00:00+00:00,0.091670,3600
2024-07-19T22:00:00+00:00,0.095000,3600
2024-07-19T23:00:00+00:00,0.089660,3600
2024-07-20T00:00:00+00:00,0.088000,3600
2024-07-20T01:00:00+00:00,0.089880,3600
2024-07-20T02:00:00+00:00,0.094240,3600
2024-07-20T03:00:00+00:00,0.093800,3600
2024-07-20T04:00:00+00:00,0.088450,3600
2024-07-20T05:00:00+00:00,0.081680,3600
2024-07-20T06:00:00+00:00,0.068110,3600
2024-07-20T07:00:00+00:00,0.049890,3600
2024-07-20T08:00:00+00:00,0.005150,3600
2024-07-20T09:00:00+00:00,-0.000970,3600
2024-07-20T10:00:00+00:00,-0.005400,3600
2024-07-20T11:00:00+00:00,-0.005070,3600
2024-07-20T12:00:00+00:00,-0.004000,3600
2024-07-20T13:00:00+00:00,-0.003300,3600
2024-07-20T14:00:00+00:00,0.001430,3600
2024-07-20T15:00:00+00:00,0.052290,3600
2024-07-20T16:00:00+00:00,0.085000,3600
2024-07-20T17:00:00+00:00,0.107950,3600
2024-07-20T18:00:00+00:00,0.136360,3600
2024-07-20T19:00:00+00:00,0.112540,3600
2024-07-20T20:00:00+00:00,0.126300,3600
2024-07-20T21:00:00+00:00,0.090930,3600
2024-07-20T22:00:00+00:00,0.089000,3600
2024-07-20T23:00:00+00:00,0.091100,3600
2024-07-21T00:00:00+00:00,0.083000,3600
2024-07-21T01:00:00+00:00,0.090000,3600
2024-07-21T02:00:00+00:00,0.086400,3600
2024-07-21T03:00:00+00:00,0.100000,3600
2024-07-21T04:00:00+00:00,0.073900,3600
2024-07-21T05:00:00+00:00,0.056530,3600
2024-07-21T06:00:00+00:00,0.064900,3600
2024-07-21T07:00:00+00:00,0.019700,3600
2024-07-21T08:00:00+00:00,0.000090,3600
2024-07-21T09:00:00+00:00,0.000030,3600
2024-07-21T10:00:00+00:00,0.000020,3600
2024-07-21T11:00:00+00:00,-0.000060,3600
2024-07-21T12:00:00+00:00,-0.000180,3600
2024-07-21T13:00:00+00:00,0.000070,3600
2024-07-21T14:00:00+00:00,0.000270,3600
2024-07-21T15:00:00+00:00,0.051720,3600
2024-07-21T16:00:00+00:00,0.080450,3600
2024-07-21T17:00:00+00:00,0.098500,3600
2024-07-21T18:00:00+00:00,0.122510,3600
2024-07-21T19:00:00+00:00,0.124530,3600
2024-07-21T20:00:00+00:00,0.107920,3600
2024-07-21T21:00:00+00:00,0.090160,3600
2024-07-21T22:00:00+00:00,0.116110,3600
2024-07-21T23:00:00+00:00,0.091510,3600
2024-07-22T00:00:00+00:00,0.083700,3600
2024-07-22T01:00:00+00:00,0.085000,3600
2024-07-22T02:00:00+00:00,0.081840,3600
2024-07-22T03:00:00+00:00,0.079320,3600
2024-07-22T04:00:00+00:00,0.108710,3600
2024-07-22T05:00:00+00:00,0.120090,3600
2024-07-22T06:00:00+00:00,0.114280,3600
2024-07-22T07:00:00+00:00,0.087100,3600
2024-07-22T08:00:00+00:00,0.050000,3600
2024-07-22T09:00:00+00:00,0.014230,3600
2024-07-22T10:00:00+00:00,0.025610,3600
2024-07-22T11:00:00+00:00,0.021120,3600
2024-07-22T12:00:00+00:00,0.017420,3600
2024-07-22T13:00:00+00:00,0.017490,3600
2024-07-22T14:00:00+00:00,0.021800,3600
2024-07-22T15:00:00+00:00,0.063320,3600
2024-07-22T16:00:00+00:00,0.079900,3600
2024-07-22T17:00:00+00:00,0.099910,3600
2024-07-22T18:00:00+00:00,0.139870,3600
2024-07-22T19:00:00+00:00,0.140260,3600
2024-07-22T20:00:00+00:00,0.109970,3600
2024-07-22T21:00:00+00:00,0.095520,3600
2024-07-22T22:00:00+00:00,0.082850,3600
2024-07-22T23:00:00+00:00,0.073650,3600
2024-07-23T00:00:00+00:00,0.073390,3600
2024-07-23T01:00:00+00:00,0.068130,3600
2024-07-23T02:00:00+00:00,0.070560,3600
2024-07-23T03:00:00+00:00,0.073680,3600
2024-07-23T04:00:00+00:00,0.099900,3600
2024-07-23T05:00:00+00:00,0.116000,3600
2024-07-23T06:00:00+00:00,0.110450,3600
2024-07-23T07:00:00+00:00,0.086480,3600
2024-07-23T08:00:00+00:00,0.068870,3600
2024-07-23T09:00:00+00:00,0.058200,3600
2024-07-23T10:00:00+00:00,0.036480,3600
2024-07-23T11:00:00+00:00,0.032430,3600
2024-07-23T12:00:00+00:00,0.029320,3600
2024-07-23T13:00:00+00:00,0.032720,3600
2024-07-23T14:00:00+00:00,0.046200,3600
2024-07-23T15:00:00+00:00,0.075400,3600
2024-07-23T16:00:00+00:00,0.082410,3600
2024-07-23T17:00:00+00:00,0.096030,3600
2024-07-23T18:00:00+00:00,0.116930,3600
2024-07-23T19:00:00+00:00,0.102010,3600
2024-07-23T20:00:00+00:00,0.100350,3600
2024-07-23T21:00:00+00:00,0.091700,3600
2024-07-23T22:00:00+00:00,0.083510,3600
2024-07-23T23:00:00+00:00,0.078330,3600
2024-07-24T00:00:00+00:00,0.073000,3600
2024-07-24T01:00:00+00:00,0.073600,3600
2024-07-24T02:00:00+00:00,0.084800,3600
2024-07-24T03:00:00+00:00,0.073620,3600
2024-07-24T04:00:00+00:00,0.094720,3600
2024-07-24T05:00:00+00:00,0.112940,3600
2024-07-24T06:00:00+00:00,0.099050,3600
2024-07-24T07:00:00+00:00,0.072860,3600
2024-07-24T08:00:00+00:00,0.054640,3600
2024-07-24T09:00:00+00:00,0.020090,3600
2024-07-24T10:00:00+00:00,0.000000,3600
2024-07-24T11:00:00+00:00,-0.001970,3600
2024-07-24T12:00:00+00:00,-0.010000,3600
2024-07-24T13:00:00+00:00,-0.003590,3600
2024-07-24T14:00:00+00:00,0.001810,3600
2024-07-24T15:00:00+00:00,0.039680,3600
2024-07-24T16:00:00+00:00,0.068700,3600
2024-07-24T17:00:00+00:00,0.096870,3600
2024-07-24T18:00:00+00:00,0.110510,3600
2024-07-24T19:00:00+00:00,0.121470,3600
2024-07-24T20:00:00+00:00,0.109010,3600
2024-07-24T21:00:00+00:00,0.093660,3600
2024-07-24T22:00:00+00:00,0.092550,3600
2024-07-24T23:00:00+00:00,0.087200,3600
2024-07-25T00:00:00+00:00,0.084900,3600
2024-07-25T01:00:00+00:00,0.079920,3600
2024-07-25T02:00:00+00:00,0.076400,3600
2024-07-25T03:00:00+00:00,0.092530,3600
2024-07-25T04:00:00+00:00,0.106160,3600
2024-07-25T05:00:00+00:00,0.109030,3600
2024-07-25T06:00:00+00:00,0.090980,3600
2024-07-25T07:00:00+00:00,0.071980,3600
2024-07-25T08:00:00+00:00,0.055080,3600
2024-07-25T09:00:00+00:00,0.036950,3600
2024-07-25T10:00:00+00:00,0.024310,3600
2024-07-25T11:00:00+00:00,0.017360,3600
2024-07-25T12:00:00+00:00,0.013270,3600
2024-07-25T13:00:00+00:00,0.026200,3600
2024-07-25T14:00:00+00:00,0.053800,3600
2024-07-25T15:00:00+00:00,0.080000,3600
2024-07-25T16:00:00+00:00,0.097000,3600
2024-07-25T17:00:00+00:00,0.119900,3600
2024-07-25T18:00:00+00:00,0.148300,3600
2024-07-25T19:00:00+00:00,0.129970,3600
2024-07-25T20:00:00+00:00,0.100000,3600
2024-07-25T21:00:00+00:00,0.084950,3600
2024-07-25T22:00:00+00:00,0.081000,3600
2024-07-25T23:00:00+00:00,0.073500,3600
2024-07-26T00:00:00+00:00,0.075010,3600
2024-07-26T01:00:00+00:00,0.077500,3600
2024-07-26T02:00:00+00:00,0.076900,3600
2024-07-26T03:00:00+00:00,0.079990,3600
2024-07-26T04:00:00+00:00,0.094760,3600
2024-07-26T05:00:00+00:00,0.110200,3600
2024-07-26T06:00:00+00:00,0.100560,3600
2024-07-26T07:00:00+00:00,0.094800,3600
2024-07-26T08:00:00+00:00,0.088720,3600
2024-07-26T09:00:00+00:00,0.078190,3600
2024-07-26T10:00:00+00:00,0.069160,3600
2024-07-26T11:00:00+00:00,0.059400,3600
2024-07-26T12:00:00+00:00,0.050000,3600
2024-07-26T13:00:00+00:00,0.060490,3600
2024-07-26T14:00:00+00:00,0.071140,3600
2024-07-26T15:00:00+00:00,0.088190,3600
2024-07-26T16:00:00+00:00,0.094990,3600
2024-07-26T17:00:00+00:00,0.109900,3600
2024-07-26T18:00:00+00:00,0.146090,3600
2024-07-26T19:00:00+00:00,0.138390,3600
2024-07-26T20:00:00+00:00,0.106460,3600
2024-07-26T21:00:00+00:00,0.097900,3600
2024-07-26T22:00:00+00:00,0.103880,3600
2024-07-26T23:00:00+00:00,0.103030,3600
2024-07-27T00:00:00+00:00,0.096890,3600
2024-07-27T01:00:00+00:00,0.094810,3600
2024-07-27T02:00:00+00:00,0.092790,3600
2024-07-27T03:00:00+00:00,0.090190,3600
2024-07-27T04:00:00+00:00,0.087090,3600
2024-07-27T05:00:00+00:00,0.082410,3600
2024-07-27T06:00:00+00:00,0.084690,3600
2024-07-27T07:00:00+00:00,0.066380,3600
2024-07-27T08:00:00+00:00,0.059830,3600
2024-07-27T09:00:00+00:00,0.039900,3600
2024-07-27T10:00:00+00:00,0.028000,3600
2024-07-27T11:00:00+00:00,0.017800,3600
2024-07-27T12:00:00+00:00,0.017920,3600
2024-07-27T13:00:00+00:00,0.032200,3600
2024-07-27T14:00:00+00:00,0.058560,3600
2024-07-27T15:00:00+00:00,0.084040,3600
2024-07-27T16:00:00+00:00,0.103010,3600
2024-07-27T17:00:00+00:00,0.115660,3600
2024-07-27T18:00:00+00:00,0.121760,3600
2024-07-27T19:00:00+00:00,0.120430,3600
2024-07-27T20:00:00+00:00,0.107510,3600
2024-07-27T21:00:00+00:00,0.097430,3600
2024-07-27T22:00:00+00:00,0.107000,3600
2024-07-27T23:00:00+00:00,0.094590,3600
2024-07-28T00:00:00+00:00,0.087600,3600
2024-07-28T01:00:00+00:00,0.081530,3600
2024-07-28T02:00:00+00:00,0.080550,3600
2024-07-28T03:00:00+00:00,0.077240,3600
2024-07-28T04:00:00+00:00,0.075530,3600
2024-07-28T05:00:00+00:00,0.067450,3600
2024-07-28T06:00:00+00:00,0.025490,3600
2024-07-28T07:00:00+00:00,0.004840,3600
2024-07-28T08:00:00+00:00,0.000000,3600
2024-07-28T09:00:00+00:00,-0.004900,3600
2024-07-28T10:00:00+00:00,-0.032910,3600
2024-07-28T11:00:00+00:00,-0.064130,3600
2024-07-28T12:00:00+00:00,-0.060000,3600
2024-07-28T13:00:00+00:00,-0.033600,3600
2024-07-28T14:00:00+00:00,-0.013200,3600
2024-07-28T15:00:00+00:00,-0.001910,3600
2024-07-28T16:00:00+00:00,0.040000,3600
2024-07-28T17:00:00+00:00,0.090400,3600
2024-07-28T18:00:00+00:00,0.109380,3600
2024-07-28T19:00:00+00:00,0.112380,3600
2024-07-28T20:00:00+00:00,0.103120,3600
2024-07-28T21:00:00+00:00,0.083010,3600
2024-07-28T22:00:00+00:00,0.078060,3600
2024-07-28T23:00:00+00:00,0.074420,3600
2024-07-29T00:00:00+00:00,0.070800,3600
2024-07-29T01:00:00+00:00,0.073040,3600
2024-07-29T02:00:00+00:00,0.076420,3600
2024-07-29T03:00:00+00:00,0.096950,3600
2024-07-29T04:00:00+00:00,0.130900,3600
2024-07-29T05:00:00+00:00,0.109200,3600
2024-07-29T06:00:00+00:00,0.090190,3600
2024-07-29T07:00:00+00:00,0.063200,3600
2024-07-29T08:00:00+00:00,0.012000,3600
2024-07-29T09:00:00+00:00,-0.003450,3600
2024-07-29T10:00:00+00:00,-0.000230,3600
2024-07-29T11:00:00+00:00,-0.003000,3600
2024-07-29T12:00:00+00:00,-0.000980,3600
2024-07-29T13:00:00+00:00,-0.000390,3600
2024-07-29T14:00:00+00:00,0.013400,3600
2024-07-29T15:00:00+00:00,0.064160,3600
2024-07-29T16:00:00+00:00,0.095700,3600
2024-07-29T17:00:00+00:00,0.119720,3600
2024-07-29T18:00:00+00:00,0.172200,3600
2024-07-29T19:00:00+00:00,0.130100,3600
2024-07-29T20:00:00+00:00,0.106970,3600
2024-07-29T21:00:00+00:00,0.090200,3600
2024-07-29T22:00:00+00:00,0.076320,3600
2024-07-29T23:00:00+00:00,0.074190,3600
2024-07-30T00:00:00+00:00,0.076180,3600
2024-07-30T01:00:00+00:00,0.080820,3600
2024-07-30T02:00:00+00:00,0.085380,3600
2024-07-30T03:00:00+00:00,0.100240,3600
2024-07-30T04:00:00+00:00,0.110880,3600
2024-07-30T05:00:00+00:00,0.108950,3600
2024-07-30T06:00:00+00:00,0.098410,3600
2024-07-30T07:00:00+00:00,0.067100,3600
2024-07-30T08:00:00+00:00,0.037520,3600
2024-07-30T09:00:00+00:00,0.007840,3600
2024-07-30T10:00:00+00:00,0.001000,3600
2024-07-30T11:00:00+00:00,-0.000060,3600
2024-07-30T12:00:00+00:00,-0.000060,3600
2024-07-30T13:00:00+00:00,0.013110,3600
2024-07-30T14:00:00+00:00,0.040740,3600
2024-07-30T15:00:00+00:00,0.077310,3600
2024-07-30T16:00:00+00:00,0.102190,3600
2024-07-30T17:00:00+00:00,0.126760,3600
2024-07-30T18:00:00+00:00,0.164680,3600
2024-07-30T19:00:00+00:00,0.144620,3600
2024-07-30T20:00:00+00:00,0.114590,3600
2024-07-30T21:00:00+00:00,0.099040,3600
2024-07-30T22:00:00+00:00,0.098550,3600
2024-07-30T23:00:00+00:00,0.086200,3600
2024-07-31T00:00:00+00:00,0.083820,3600
2024-07-31T01:00:00+00:00,0.077320,3600
2024-07-31T02:00:00+00:00,0.085100,3600
2024-07-31T03:00:00+00:00,0.094120,3600
2024-07-31T04:00:00+00:00,0.105050,3600
2024-07-31T05:00:00+00:00,0.109690,3600
2024-07-31T06:00:00+00:00,0.095260,3600
2024-07-31T07:00:00+00:00,0.078830,3600
2024-07-31T08:00:00+00:00,0.055890,3600
2024-07-31T09:00:00+00:00,0.033460,3600
2024-07-31T10:00:00+00:00,0.022830,3600
2024-07-31T11:00:00+00:00,0.011360,3600
2024-07-31T12:00:00+00:00,0.018370,3600
2024-07-31T13:00:00+00:00,0.030600,3600
2024-07-31T14:00:00+00:00,0.034060,3600
2024-07-31T15:00:00+00:00,0.075800,3600
2024-07-31T16:00:00+00:00,0.095890,3600
2024-07-31T17:00:00+00:00,0.114620,3600
2024-07-31T18:00:00+00:00,0.133630,3600
2024-07-31T19:00:00+00:00,0.112640,3600
2024-07-31T20:00:00+00:00,0.104440,3600
2024-07-31T21:00:00+00:00,0.096560,3600
2024-07-31T22:00:00+00:00,0.096720,3600
2024-07-31T23:00:00+00:00,0.089800,3600
2024-08-01T00:00:00+00:00,0.086760,3600
2024-08-01T01:00:00+00:00,0.080400,3600
2024-08-01T02:00:00+00:00,0.086100,3600
2024-08-01T03:00:00+00:00,0.099100,3600
2024-08-01T04:00:00+00:00,0.114220,3600
2024-08-01T05:00:00+00:00,0.106990,3600
2024-08-01T06:00:00+00:00,0.105950,3600
2024-08-01T07:00:00+00:00,0.090100,3600
2024-08-01T08:00:00+00:00,0.076950,3600
2024-08-01T09:00:00+00:00,0.067640,3600
2024-08-01T10:00:00+00:00,0.064030,3600
2024-08-01T11:00:00+00:00,0.060340,3600
2024-08-01T12:00:00+00:00,0.062130,3600
2024-08-01T13:00:00+00:00,0.070550,3600
2024-08-01T14:00:00+00:00,0.074240,3600
2024-08-01T15:00:00+00:00,0.093780,3600
2024-08-01T16:00:00+00:00,0.099900,3600
2024-08-01T17:00:00+00:00,0.115200,3600
2024-08-01T18:00:00+00:00,0.140100,3600
2024-08-01T19:00:00+00:00,0.123360,3600
2024-08-01T20:00:00+00:00,0.111730,3600
2024-08-01T21:00:00+00:00,0.105330,3600
2024-08-01T22:00:00+00:00,0.093930,3600
2024-08-01T23:00:00+00:00,0.088870,3600
2024-08-02T00:00:00+00:00,0.087800,3600
2024-08-02T01:00:00+00:00,0.082260,3600
2024-08-02T02:00:00+00:00,0.086100,3600
2024-08-02T03:00:00+00:00,0.094440,3600
2024-08-02T04:00:00+00:00,0.109510,3600
2024-08-02T05:00:00+00:00,0.119790,3600
2024-08-02T06:00:00+00:00,0.112750,3600
2024-08-02T07:00:00+00:00,0.104420,3600
2024-08-02T08:00:00+00:00,0.065100,3600
2024-08-02T09:00:00+00:00,0.069080,3600
2024-08-02T10:00:00+00:00,0.063840,3600
2024-08-02T11:00:00+00:00,0.051700,3600
2024-08-02T12:00:00+00:00,0.050230,3600
2024-08-02T13:00:00+00:00,0.050050,3600
2024-08-02T14:00:00+00:00,0.064720,3600
2024-08-02T15:00:00+00:00,0.076910,3600
2024-08-02T16:00:00+00:00,0.099900,3600
2024-08-02T17:00:00+00:00,0.128760,3600
2024-08-02T18:00:00+00:00,0.145730,3600
2024-08-02T19:00:00+00:00,0.116920,3600
2024-08-02T20:00:00+00:00,0.110900,3600
2024-08-02T21:00:00+00:00,0.099400,3600
2024-08-02T22:00:00+00:00,0.100160,3600
2024-08-02T23:00:00+00:00,0.096330,3600
2024-08-03T00:00:00+00:00,0.090700,3600
2024-08-03T01:00:00+00:00,0.086540,3600
2024-08-03T02:00:00+00:00,0.083740,3600
2024-08-03T03:00:00+00:00,0.092100,3600
2024-08-03T04:00:00+00:00,0.099900,3600
2024-08-03T05:00:00+00:00,0.092050,3600
2024-08-03T06:00:00+00:00,0.081190,3600
2024-08-03T07:00:00+00:00,0.062910,3600
2024-08-03T08:00:00+00:00,0.032440,3600
2024-08-03T09:00:00+00:00,0.020360,3600
2024-08-03T10:00:00+00:00,0.014660,3600
2024-08-03T11:00:00+00:00,0.006410,3600
2024-08-03T12:00:00+00:00,0.004100,3600
2024-08-03T13:00:00+00:00,0.012020,3600
2024-08-03T14:00:00+00:00,0.028800,3600
2024-08-03T15:00:00+00:00,0.070700,3600
2024-08-03T16:00:00+00:00,0.099900,3600
2024-08-03T17:00:00+00:00,0.106850,3600
2024-08-03T18:00:00+00:00,0.119900,3600
2024-08-03T19:00:00+00:00,0.130850,3600
2024-08-03T20:00:00+00:00,0.115050,3600
2024-08-03T21:00:00+00:00,0.099900,3600
2024-08-03T22:00:00+00:00,0.106890,3600
2024-08-03T23:00:00+00:00,0.097650,3600
2024-08-04T00:00:00+00:00,0.093880,3600
2024-08-04T01:00:00+00:00,0.088050,3600
2024-08-04T02:00:00+00:00,0.085500,3600
2024-08-04T03:00:00+00:00,0.079060,3600
2024-08-04T04:00:00+00:00,0.077700,3600
2024-08-04T05:00:00+00:00,0.069830,3600
2024-08-04T06:00:00+00:00,0.058980,3600
2024-08-04T07:00:00+00:00,0.026870,3600
2024-08-04T08:00:00+00:00,0.008050,3600
2024-08-04T09:00:00+00:00,0.002050,3600
2024-08-04T10:00:00+00:00,0.000060,3600
2024-08-04T11:00:00+00:00,-0.000040,3600
2024-08-04T12:00:00+00:00,-0.002140,3600
2024-08-04T13:00:00+00:00,-0.000010,3600
2024-08-04T14:00:00+00:00,0.001030,3600
2024-08-04T15:00:00+00:00,0.022450,3600
2024-08-04T16:00:00+00:00,0.072150,3600
2024-08-04T17:00:00+00:00,0.104000,3600
2024-08-04T18:00:00+00:00,0.118800,3600
2024-08-04T19:00:00+00:00,0.122650,3600
2024-08-04T20:00:00+00:00,0.111880,3600
2024-08-04T21:00:00+00:00,0.102930,3600
2024-08-04T22:00:00+00:00,0.103520,3600
2024-08-04T23:00:00+00:00,0.085720,3600
2024-08-05T00:00:00+00:00,0.082300,3600
2024-08-05T01:00:00+00:00,0.085120,3600
2024-08-05T02:00:00+00:00,0.082810,3600
2024-08-05T03:00:00+00:00,0.097020,3600
2024-08-05T04:00:00+00:00,0.118980,3600
2024-08-05T05:00:00+00:00,0.137290,3600
2024-08-05T06:00:00+00:00,0.113420,3600
2024-08-05T07:00:00+00:00,0.102830,3600
2024-08-05T08:00:00+00:00,0.073180,3600
2024-08-05T09:00:00+00:00,0.051440,3600
2024-08-05T10:00:00+00:00,0.031000,3600
2024-08-05T11:00:00+00:00,0.026000,3600
2024-08-05T12:00:00+00:00,0.003310,3600
2024-08-05T13:00:00+00:00,0.027100,3600
2024-08-05T14:00:00+00:00,0.053890,3600
2024-08-05T15:00:00+00:00,0.083600,3600
2024-08-05T16:00:00+00:00,0.102000,3600
2024-08-05T17:00:00+00:00,0.151340,3600
2024-08-05T18:00:00+00:00,0.245230,3600
2024-08-05T19:00:00+00:00,0.170930,3600
2024-08-05T20:00:00+00:00,0.119940,3600
2024-08-05T21:00:00+00:00,0.102750,3600
2024-08-05T22:00:00+00:00,0.101600,3600
2024-08-05T23:00:00+00:00,0.093520,3600
2024-08-06T00:00:00+00:00,0.086610,3600
2024-08-06T01:00:00+00:00,0.082410,3600
2024-08-06T02:00:00+00:00,0.083240,3600
2024-08-06T03:00:00+00:00,0.092440,3600
2024-08-06T04:00:00+00:00,0.118840,3600
2024-08-06T05:00:00+00:00,0.124520,3600
2024-08-06T06:00:00+00:00,0.084330,3600
2024-08-06T07:00:00+00:00,0.073690,3600
2024-08-06T08:00:00+00:00,0.036040,3600
2024-08-06T09:00:00+00:00,0.021110,3600
2024-08-06T10:00:00+00:00,0.015840,3600
2024-08-06T11:00:00+00:00,0.002930,3600
2024-08-06T12:00:00+00:00,0.004760,3600
2024-08-06T13:00:00+00:00,0.019240,3600
2024-08-06T14:00:00+00:00,0.038840,3600
2024-08-06T15:00:00+00:00,0.080750,3600
2024-08-06T16:00:00+00:00,0.105000,3600
2024-08-06T17:00:00+00:00,0.161390,3600
2024-08-06T18:00:00+00:00,0.228200,3600
2024-08-06T19:00:00+00:00,0.168900,3600
2024-08-06T20:00:00+00:00,0.118030,3600
2024-08-06T21:00:00+00:00,0.099220,3600
2024-08-06T22:00:00+00:00,0.090100,3600
2024-08-06T23:00:00+00:00,0.084120,3600
2024-08-07T00:00:00+00:00,0.079100,3600
2024-08-07T01:00:00+00:00,0.084470,3600
2024-08-07T02:00:00+00:00,0.087700,3600
2024-08-07T03:00:00+00:00,0.104360,3600
2024-08-07T04:00:00+00:00,0.126070,3600
2024-08-07T05:00:00+00:00,0.128320,3600
2024-08-07T06:00:00+00:00,0.108150,3600
2024-08-07T07:00:00+00:00,0.087840,3600
2024-08-07T08:00:00+00:00,0.072050,3600
2024-08-07T09:00:00+00:00,0.061480,3600
2024-08-07T10:00:00+00:00,0.036880,3600
2024-08-07T11:00:00+00:00,-0.002880,3600
2024-08-07T12:00:00+00:00,-0.010060,3600
2024-08-07T13:00:00+00:00,-0.010060,3600
2024-08-07T14:00:00+00:00,0.000000,3600
2024-08-07T15:00:00+00:00,0.055000,3600
2024-08-07T16:00:00+00:00,0.105000,3600
2024-08-07T17:00:00+00:00,0.097940,3600
2024-08-07T18:00:00+00:00,0.125930,3600
2024-08-07T19:00:00+00:00,0.134250,3600
2024-08-07T20:00:00+00:00,0.112740,3600
2024-08-07T21:00:00+00:00,0.102780,3600
2024-08-07T22:00:00+00:00,0.096630,3600
2024-08-07T23:00:00+00:00,0.088790,3600
2024-08-08T00:00:00+00:00,0.088520,3600
2024-08-08T01:00:00+00:00,0.088060,3600
2024-08-08T02:00:00+00:00,0.088410,3600
2024-08-08T03:00:00+00:00,0.096110,3600
2024-08-08T04:00:00+00:00,0.110910,3600
2024-08-08T05:00:00+00:00,0.124950,3600
2024-08-08T06:00:00+00:00,0.117760,3600
2024-08-08T07:00:00+00:00,0.106840,3600
2024-08-08T08:00:00+00:00,0.086100,3600
2024-08-08T09:00:00+00:00,0.071600,3600
2024-08-08T10:00:00+00:00,0.050260,3600
2024-08-08T11:00:00+00:00,0.040490,3600
2024-08-08T12:00:00+00:00,0.029990,3600
2024-08-08T13:00:00+00:00,0.038210,3600
2024-08-08T14:00:00+00:00,0.057450,3600
2024-08-08T15:00:00+00:00,0.080220,3600
2024-08-08T16:00:00+00:00,0.101770,3600
2024-08-08T17:00:00+00:00,0.100000,3600
2024-08-08T18:00:00+00:00,0.138770,3600
2024-08-08T19:00:00+00:00,0.135000,3600
2024-08-08T20:00:00+00:00,0.102000,3600
2024-08-08T21:00:00+00:00,0.093560,3600
2024-08-08T22:00:00+00:00,0.098120,3600
2024-08-08T23:00:00+00:00,0.073760,3600
2024-08-09T00:00:00+00:00,0.051880,3600
2024-08-09T01:00:00+00:00,0.036280,3600
2024-08-09T02:00:00+00:00,0.052800,3600
2024-08-09T03:00:00+00:00,0.033490,3600
2024-08-09T04:00:00+00:00,0.079350,3600
2024-08-09T05:00:00+00:00,0.082720,3600
2024-08-09T06:00:00+00:00,0.052480,3600
2024-08-09T07:00:00+00:00,0.030970,3600
2024-08-09T08:00:00+00:00,0.008530,3600
2024-08-09T09:00:00+00:00,0.000210,3600
2024-08-09T10:00:00+00:00,-0.000480,3600
2024-08-09T11:00:00+00:00,-0.000890,3600
2024-08-09T12:00:00+00:00,-0.003000,3600
2024-08-09T13:00:00+00:00,-0.010000,3600
2024-08-09T14:00:00+00:00,-0.008880,3600
2024-08-09T15:00:00+00:00,-0.000900,3600
2024-08-09T16:00:00+00:00,0.040200,3600
2024-08-09T17:00:00+00:00,0.083830,3600
2024-08-09T18:00:00+00:00,0.127010,3600
2024-08-09T19:00:00+00:00,0.132320,3600
2024-08-09T20:00:00+00:00,0.119900,3600
2024-08-09T21:00:00+00:00,0.116000,3600
2024-08-09T22:00:00+00:00,0.087500,3600
2024-08-09T23:00:00+00:00,0.096630,3600
2024-08-10T00:00:00+00:00,0.091930,3600
2024-08-10T01:00:00+00:00,0.089070,3600
2024-08-10T02:00:00+00:00,0.086400,3600
2024-08-10T03:00:00+00:00,0.088920,3600
2024-08-10T04:00:00+00:00,0.097930,3600
2024-08-10T05:00:00+00:00,0.077130,3600
2024-08-10T06:00:00+00:00,0.031950,3600
2024-08-10T07:00:00+00:00,0.000200,3600
2024-08-10T08:00:00+00:00,-0.003000,3600
2024-08-10T09:00:00+00:00,-0.012200,3600
2024-08-10T10:00:00+00:00,-0.022490,3600
2024-08-10T11:00:00+00:00,-0.047560,3600
2024-08-10T12:00:00+00:00,-0.052040,3600
2024-08-10T13:00:00+00:00,-0.030000,3600
2024-08-10T14:00:00+00:00,-0.010080,3600
2024-08-10T15:00:00+00:00,-0.001300,3600
2024-08-10T16:00:00+00:00,0.048770,3600
2024-08-10T17:00:00+00:00,0.107980,3600
2024-08-10T18:00:00+00:00,0.128490,3600
2024-08-10T19:00:00+00:00,0.136910,3600
2024-08-10T20:00:00+00:00,0.119900,3600
2024-08-10T21:00:00+00:00,0.107950,3600
2024-08-10T22:00:00+00:00,0.109410,3600
2024-08-10T23:00:00+00:00,0.107810,3600
2024-08-11T00:00:00+00:00,0.105290,3600
2024-08-11T01:00:00+00:00,0.101460,3600
2024-08-11T02:00:00+00:00,0.105490,3600
2024-08-11T03:00:00+00:00,0.117980,3600
2024-08-11T04:00:00+00:00,0.114340,3600
2024-08-11T05:00:00+00:00,0.084000,3600
2024-08-11T06:00:00+00:00,0.027980,3600
2024-08-11T07:00:00+00:00,0.000000,3600
2024-08-11T08:00:00+00:00,-0.005010,3600
2024-08-11T09:00:00+00:00,-0.014990,3600
2024-08-11T10:00:00+00:00,-0.032930,3600
2024-08-11T11:00:00+00:00,-0.059970,3600
2024-08-11T12:00:00+00:00,-0.050100,3600
2024-08-11T13:00:00+00:00,-0.031400,3600
2024-08-11T14:00:00+00:00,-0.005240,3600
2024-08-11T15:00:00+00:00,0.000660,3600
2024-08-11T16:00:00+00:00,0.090020,3600
2024-08-11T17:00:00+00:00,0.132000,3600
2024-08-11T18:00:00+00:00,0.138930,3600
2024-08-11T19:00:00+00:00,0.127680,3600
2024-08-11T20:00:00+00:00,0.109990,3600
2024-08-11T21:00:00+00:00,0.097280,3600
2024-08-11T22:00:00+00:00,0.104380,3600
2024-08-11T23:00:00+00:00,0.091840,3600
2024-08-12T00:00:00+00:00,0.085300,3600
2024-08-12T01:00:00+00:00,0.085500,3600
2024-08-12T02:00:00+00:00,0.086310,3600
2024-08-12T03:00:00+00:00,0.086410,3600
2024-08-12T04:00:00+00:00,0.112640,3600
2024-08-12T05:00:00+00:00,0.119680,3600
2024-08-12T06:00:00+00:00,0.099390,3600
2024-08-12T07:00:00+00:00,0.063700,3600
2024-08-12T08:00:00+00:00,0.040120,3600
2024-08-12T09:00:00+00:00,0.016040,3600
2024-08-12T10:00:00+00:00,0.000900,3600
2024-08-12T11:00:00+00:00,-0.003000,3600
2024-08-12T12:00:00+00:00,-0.010060,3600
2024-08-12T13:00:00+00:00,0.010000,3600
2024-08-12T14:00:00+00:00,0.048040,3600
2024-08-12T15:00:00+00:00,0.088650,3600
2024-08-12T16:00:00+00:00,0.121230,3600
2024-08-12T17:00:00+00:00,0.198980,3600
2024-08-12T18:00:00+00:00,0.219990,3600
2024-08-12T19:00:00+00:00,0.128920,3600
2024-08-12T20:00:00+00:00,0.106550,3600
2024-08-12T21:00:00+00:00,0.099990,3600
2024-08-12T22:00:00+00:00,0.099380,3600
2024-08-12T23:00:00+00:00,0.087720,3600
2024-08-13T00:00:00+00:00,0.085590,3600
2024-08-13T01:00:00+00:00,0.087200,3600
2024-08-13T02:00:00+00:00,0.089000,3600
2024-08-13T03:00:00+00:00,0.099360,3600
2024-08-13T04:00:00+00:00,0.124210,3600
2024-08-13T05:00:00+00:00,0.132320,3600
2024-08-13T06:00:00+00:00,0.117890,3600
2024-08-13T07:00:00+00:00,0.100100,3600
2024-08-13T08:00:00+00:00,0.073980,3600
2024-08-13T09:00:00+00:00,0.056030,3600
2024-08-13T10:00:00+00:00,0.043010,3600
2024-08-13T11:00:00+00:00,0.040500,3600
2024-08-13T12:00:00+00:00,0.048000,3600
2024-08-13T13:00:00+00:00,0.064160,3600
2024-08-13T14:00:00+00:00,0.085100,3600
2024-08-13T15:00:00+00:00,0.102930,3600
2024-08-13T16:00:00+00:00,0.118300,3600
2024-08-13T17:00:00+00:00,0.189460,3600
2024-08-13T18:00:00+00:00,0.192840,3600
2024-08-13T19:00:00+00:00,0.126690,3600
2024-08-13T20:00:00+00:00,0.112000,3600
2024-08-13T21:00:00+00:00,0.104920,3600
2024-08-13T22:00:00+00:00,0.087880,3600
2024-08-13T23:00:00+00:00,0.089900,3600
2024-08-14T00:00:00+00:00,0.086600,3600
2024-08-14T01:00:00+00:00,0.090300,3600
2024-08-14T02:00:00+00:00,0.090420,3600
2024-08-14T03:00:00+00:00,0.103110,3600
2024-08-14T04:00:00+00:00,0.124380,3600
2024-08-14T05:00:00+00:00,0.132430,3600
2024-08-14T06:00:00+00:00,0.122610,3600
2024-08-14T07:00:00+00:00,0.113290,3600
2024-08-14T08:00:00+00:00,0.100000,3600
2024-08-14T09:00:00+00:00,0.094300,3600
2024-08-14T10:00:00+00:00,0.083040,3600
2024-08-14T11:00:00+00:00,0.077000,3600
2024-08-14T12:00:00+00:00,0.074740,3600
2024-08-14T13:00:00+00:00,0.079320,3600
2024-08-14T14:00:00+00:00,0.091020,3600
2024-08-14T15:00:00+00:00,0.100800,3600
2024-08-14T16:00:00+00:00,0.111480,3600
2024-08-14T17:00:00+00:00,0.155000,3600
2024-08-14T18:00:00+00:00,0.205380,3600
2024-08-14T19:00:00+00:00,0.143890,3600
2024-08-14T20:00:00+00:00,0.118650,3600
2024-08-14T21:00:00+00:00,0.108000,3600
2024-08-14T22:00:00+00:00,0.104500,3600
2024-08-14T23:00:00+00:00,0.102710,3600
2024-08-15T00:00:00+00:00,0.098370,3600
2024-08-15T01:00:00+00:00,0.089370,3600
2024-08-15T02:00:00+00:00,0.090000,3600
2024-08-15T03:00:00+00:00,0.102050,3600
2024-08-15T04:00:00+00:00,0.112160,3600
2024-08-15T05:00:00+00:00,0.112660,3600
2024-08-15T06:00:00+00:00,0.104840,3600
2024-08-15T07:00:00+00:00,0.080110,3600
2024-08-15T08:00:00+00:00,0.052590,3600
2024-08-15T09:00:00+00:00,0.018310,3600
2024-08-15T10:00:00+00:00,0.009910,3600
2024-08-15T11:00:00+00:00,-0.000140,3600
2024-08-15T12:00:00+00:00,-0.000200,3600
2024-08-15T13:00:00+00:00,-0.003000,3600
2024-08-15T14:00:00+00:00,-0.010050,3600
2024-08-15T15:00:00+00:00,0.029900,3600
2024-08-15T16:00:00+00:00,0.100590,3600
2024-08-15T17:00:00+00:00,0.109400,3600
2024-08-15T18:00:00+00:00,0.126950,3600
2024-08-15T19:00:00+00:00,0.121470,3600
2024-08-15T20:00:00+00:00,0.111400,3600
2024-08-15T21:00:00+00:00,0.093540,3600
2024-08-15T22:00:00+00:00,0.084000,3600
2024-08-15T23:00:00+00:00,0.073110,3600
2024-08-16T00:00:00+00:00,0.083450,3600
2024-08-16T01:00:00+00:00,0.082100,3600
2024-08-16T02:00:00+00:00,0.084220,3600
2024-08-16T03:00:00+00:00,0.089030,3600
2024-08-16T04:00:00+00:00,0.120420,3600
2024-08-16T05:00:00+00:00,0.126530,3600
2024-08-16T06:00:00+00:00,0.120000,3600
2024-08-16T07:00:00+00:00,0.110010,3600
2024-08-16T08:00:00+00:00,0.100000,3600
2024-08-16T09:00:00+00:00,0.089600,3600
2024-08-16T10:00:00+00:00,0.074390,3600
2024-08-16T11:00:00+00:00,0.053500,3600
2024-08-16T12:00:00+00:00,0.047710,3600
2024-08-16T13:00:00+00:00,0.054250,3600
2024-08-16T14:00:00+00:00,0.078490,3600
2024-08-16T15:00:00+00:00,0.096970,3600
2024-08-16T16:00:00+00:00,0.125760,3600
2024-08-16T17:00:00+00:00,0.208730,3600
2024-08-16T18:00:00+00:00,0.219250,3600
2024-08-16T19:00:00+00:00,0.160790,3600
2024-08-16T20:00:00+00:00,0.131750,3600
2024-08-16T21:00:00+00:00,0.116180,3600
2024-08-16T22:00:00+00:00,0.107100,3600
2024-08-16T23:00:00+00:00,0.105740,3600
2024-08-17T00:00:00+00:00,0.100810,3600
2024-08-17T01:00:00+00:00,0.098000,3600
2024-08-17T02:00:00+00:00,0.103020,3600
2024-08-17T03:00:00+00:00,0.103290,3600
2024-08-17T04:00:00+00:00,0.100830,3600
2024-08-17T05:00:00+00:00,0.098230,3600
2024-08-17T06:00:00+00:00,0.099750,3600
2024-08-17T07:00:00+00:00,0.081670,3600
2024-08-17T08:00:00+00:00,0.068990,3600
2024-08-17T09:00:00+00:00,0.048000,3600
2024-08-17T10:00:00+00:00,0.033000,3600
2024-08-17T11:00:00+00:00,0.027100,3600
2024-08-17T12:00:00+00:00,0.019280,3600
2024-08-17T13:00:00+00:00,0.030550,3600
2024-08-17T14:00:00+00:00,0.056060,3600
2024-08-17T15:00:00+00:00,0.084590,3600
2024-08-17T16:00:00+00:00,0.112580,3600
2024-08-17T17:00:00+00:00,0.132770,3600
2024-08-17T18:00:00+00:00,0.141820,3600
2024-08-17T19:00:00+00:00,0.125030,3600
2024-08-17T20:00:00+00:00,0.116110,3600
2024-08-17T21:00:00+00:00,0.105690,3600
2024-08-17T22:00:00+00:00,0.107440,3600
2024-08-17T23:00:00+00:00,0.106140,3600
2024-08-18T00:00:00+00:00,0.100000,3600
2024-08-18T01:00:00+00:00,0.098610,3600
2024-08-18T02:00:00+00:00,0.096700,3600
2024-08-18T03:00:00+00:00,0.096100,3600
2024-08-18T04:00:00+00:00,0.092300,3600
2024-08-18T05:00:00+00:00,0.086930,3600
2024-08-18T06:00:00+00:00,0.083150,3600
2024-08-18T07:00:00+00:00,0.075350,3600
2024-08-18T08:00:00+00:00,0.062560,3600
2024-08-18T09:00:00+00:00,0.015300,3600
2024-08-18T10:00:00+00:00,0.008930,3600
2024-08-18T11:00:00+00:00,0.010000,3600
2024-08-18T12:00:00+00:00,0.000000,3600
2024-08-18T13:00:00+00:00,0.000000,3600
2024-08-18T14:00:00+00:00,0.017300,3600
2024-08-18T15:00:00+00:00,0.068410,3600
2024-08-18T16:00:00+00:00,0.083960,3600
2024-08-18T17:00:00+00:00,0.104780,3600
2024-08-18T18:00:00+00:00,0.111730,3600
2024-08-18T19:00:00+00:00,0.109970,3600
2024-08-18T20:00:00+00:00,0.111450,3600
2024-08-18T21:00:00+00:00,0.099510,3600
2024-08-18T22:00:00+00:00,0.097390,3600
2024-08-18T23:00:00+00:00,0.090100,3600
2024-08-19T00:00:00+00:00,0.088700,3600
2024-08-19T01:00:00+00:00,0.084860,3600
2024-08-19T02:00:00+00:00,0.084500,3600
2024-08-19T03:00:00+00:00,0.086770,3600
2024-08-19T04:00:00+00:00,0.122850,3600
2024-08-19T05:00:00+00:00,0.149770,3600
2024-08-19T06:00:00+00:00,0.128650,3600
2024-08-19T07:00:00+00:00,0.112580,3600
2024-08-19T08:00:00+00:00,0.096080,3600
2024-08-19T09:00:00+00:00,0.088710,3600
2024-08-19T10:00:00+00:00,0.083220,3600
2024-08-19T11:00:00+00:00,0.077990,3600
2024-08-19T12:00:00+00:00,0.078950,3600
2024-08-19T13:00:00+00:00,0.079200,3600
2024-08-19T14:00:00+00:00,0.080300,3600
2024-08-19T15:00:00+00:00,0.098670,3600
2024-08-19T16:00:00+00:00,0.107040,3600
2024-08-19T17:00:00+00:00,0.160000,3600
2024-08-19T18:00:00+00:00,0.200940,3600
2024-08-19T19:00:00+00:00,0.138980,3600
2024-08-19T20:00:00+00:00,0.101050,3600
2024-08-19T21:00:00+00:00,0.086330,3600
2024-08-19T22:00:00+00:00,0.092860,3600
2024-08-19T23:00:00+00:00,0.088360,3600
2024-08-20T00:00:00+00:00,0.086770,3600
2024-08-20T01:00:00+00:00,0.086230,3600
2024-08-20T02:00:00+00:00,0.083140,3600
2024-08-20T03:00:00+00:00,0.086790,3600
2024-08-20T04:00:00+00:00,0.119760,3600
2024-08-20T05:00:00+00:00,0.120710,3600
2024-08-20T06:00:00+00:00,0.109290,3600
2024-08-20T07:00:00+00:00,0.102240,3600
2024-08-20T08:00:00+00:00,0.060580,3600
2024-08-20T09:00:00+00:00,0.046910,3600
2024-08-20T10:00:00+00:00,0.032850,3600
2024-08-20T11:00:00+00:00,0.016070,3600
2024-08-20T12:00:00+00:00,0.008250,3600
2024-08-20T13:00:00+00:00,0.027210,3600
2024-08-20T14:00:00+00:00,0.049920,3600
2024-08-20T15:00:00+00:00,0.100260,3600
2024-08-20T16:00:00+00:00,0.116840,3600
2024-08-20T17:00:00+00:00,0.123660,3600
2024-08-20T18:00:00+00:00,0.145080,3600
2024-08-20T19:00:00+00:00,0.120000,3600
2024-08-20T20:00:00+00:00,0.103420,3600
2024-08-20T21:00:00+00:00,0.094690,3600
2024-08-20T22:00:00+00:00,0.084900,3600
2024-08-20T23:00:00+00:00,0.076400,3600
2024-08-21T00:00:00+00:00,0.062140,3600
2024-08-21T01:00:00+00:00,0.051360,3600
2024-08-21T02:00:00+00:00,0.049900,3600
2024-08-21T03:00:00+00:00,0.054000,3600
2024-08-21T04:00:00+00:00,0.080590,3600
2024-08-21T05:00:00+00:00,0.087150,3600
2024-08-21T06:00:00+00:00,0.086500,3600
2024-08-21T07:00:00+00:00,0.051000,3600
2024-08-21T08:00:00+00:00,-0.004240,3600
2024-08-21T09:00:00+00:00,-0.010500,3600
2024-08-21T10:00:00+00:00,-0.019000,3600
2024-08-21T11:00:00+00:00,-0.031730,3600
2024-08-21T12:00:00+00:00,-0.029100,3600
2024-08-21T13:00:00+00:00,-0.021040,3600
2024-08-21T14:00:00+00:00,-0.016560,3600
2024-08-21T15:00:00+00:00,-0.002000,3600
2024-08-21T16:00:00+00:00,0.067210,3600
2024-08-21T17:00:00+00:00,0.102100,3600
2024-08-21T18:00:00+00:00,0.136670,3600
2024-08-21T19:00:00+00:00,0.128630,3600
2024-08-21T20:00:00+00:00,0.102370,3600
2024-08-21T21:00:00+00:00,0.085490,3600
2024-08-21T22:00:00+00:00,0.077870,3600
2024-08-21T23:00:00+00:00,0.070590,3600
2024-08-22T00:00:00+00:00,0.076070,3600
2024-08-22T01:00:00+00:00,0.058000,3600
2024-08-22T02:00:00+00:00,0.049900,3600
2024-08-22T03:00:00+00:00,0.062400,3600
2024-08-22T04:00:00+00:00,0.089000,3600
2024-08-22T05:00:00+00:00,0.062740,3600
2024-08-22T06:00:00+00:00,0.046600,3600
2024-08-22T07:00:00+00:00,0.016000,3600
2024-08-22T08:00:00+00:00,-0.006960,3600
2024-08-22T09:00:00+00:00,-0.019430,3600
2024-08-22T10:00:00+00:00,-0.021000,3600
2024-08-22T11:00:00+00:00,-0.028960,3600
2024-08-22T12:00:00+00:00,-0.026750,3600
2024-08-22T13:00:00+00:00,-0.015530,3600
2024-08-22T14:00:00+00:00,-0.010050,3600
2024-08-22T15:00:00+00:00,0.000000,3600
2024-08-22T16:00:00+00:00,0.090000,3600
2024-08-22T17:00:00+00:00,0.112650,3600
2024-08-22T18:00:00+00:00,0.114700,3600
2024-08-22T19:00:00+00:00,0.111180,3600
2024-08-22T20:00:00+00:00,0.096070,3600
2024-08-22T21:00:00+00:00,0.079150,3600
2024-08-22T22:00:00+00:00,0.051280,3600
2024-08-22T23:00:00+00:00,0.040700,3600
2024-08-23T00:00:00+00:00,0.033020,3600
2024-08-23T01:00:00+00:00,0.017000,3600
2024-08-23T02:00:00+00:00,0.009400,3600
2024-08-23T03:00:00+00:00,0.006850,3600
2024-08-23T04:00:00+00:00,0.015080,3600
2024-08-23T05:00:00+00:00,0.027730,3600
2024-08-23T06:00:00+00:00,0.029990,3600
2024-08-23T07:00:00+00:00,0.001260,3600
2024-08-23T08:00:00+00:00,-0.000790,3600
2024-08-23T09:00:00+00:00,-0.003970,3600
2024-08-23T10:00:00+00:00,-0.000080,3600
2024-08-23T11:00:00+00:00,-0.001000,3600
2024-08-23T12:00:00+00:00,-0.010000,3600
2024-08-23T13:00:00+00:00,-0.010080,3600
2024-08-23T14:00:00+00:00,-0.010060,3600
2024-08-23T15:00:00+00:00,-0.002000,3600
2024-08-23T16:00:00+00:00,0.050200,3600
2024-08-23T17:00:00+00:00,0.098850,3600
2024-08-23T18:00:00+00:00,0.118700,3600
2024-08-23T19:00:00+00:00,0.123990,3600
2024-08-23T20:00:00+00:00,0.119860,3600
2024-08-23T21:00:00+00:00,0.100840,3600
2024-08-23T22:00:00+00:00,0.094400,3600
2024-08-23T23:00:00+00:00,0.102000,3600
2024-08-24T00:00:00+00:00,0.098380,3600
2024-08-24T01:00:00+00:00,0.097890,3600
2024-08-24T02:00:00+00:00,0.098930,3600
2024-08-24T03:00:00+00:00,0.102810,3600
2024-08-24T04:00:00+00:00,0.099900,3600
2024-08-24T05:00:00+00:00,0.099070,3600
2024-08-24T06:00:00+00:00,0.073310,3600
2024-08-24T07:00:00+00:00,0.015000,3600
2024-08-24T08:00:00+00:00,-0.000020,3600
2024-08-24T09:00:00+00:00,-0.006840,3600
2024-08-24T10:00:00+00:00,-0.018640,3600
2024-08-24T11:00:00+00:00,-0.040350,3600
2024-08-24T12:00:00+00:00,-0.044920,3600
2024-08-24T13:00:00+00:00,-0.029070,3600
2024-08-24T14:00:00+00:00,-0.010050,3600
2024-08-24T15:00:00+00:00,-0.003660,3600
2024-08-24T16:00:00+00:00,0.067560,3600
2024-08-24T17:00:00+00:00,0.090100,3600
2024-08-24T18:00:00+00:00,0.080190,3600
2024-08-24T19:00:00+00:00,0.071300,3600
2024-08-24T20:00:00+00:00,0.064140,3600
2024-08-24T21:00:00+00:00,0.049390,3600
2024-08-24T22:00:00+00:00,0.000390,3600
2024-08-24T23:00:00+00:00,0.000920,3600
2024-08-25T00:00:00+00:00,0.000000,3600
2024-08-25T01:00:00+00:00,-0.000750,3600
2024-08-25T02:00:00+00:00,-0.000570,3600
2024-08-25T03:00:00+00:00,0.000000,3600
2024-08-25T04:00:00+00:00,0.000050,3600
2024-08-25T05:00:00+00:00,-0.000010,3600
2024-08-25T06:00:00+00:00,0.000000,3600
2024-08-25T07:00:00+00:00,-0.001390,3600
2024-08-25T08:00:00+00:00,-0.006070,3600
2024-08-25T09:00:00+00:00,-0.010100,3600
2024-08-25T10:00:00+00:00,-0.015500,3600
2024-08-25T11:00:00+00:00,-0.019370,3600
2024-08-25T12:00:00+00:00,-0.020470,3600
2024-08-25T13:00:00+00:00,-0.010070,3600
2024-08-25T14:00:00+00:00,-0.005350,3600
2024-08-25T15:00:00+00:00,-0.002500,3600
2024-08-25T16:00:00+00:00,0.059200,3600
2024-08-25T17:00:00+00:00,0.106600,3600
2024-08-25T18:00:00+00:00,0.122230,3600
2024-08-25T19:00:00+00:00,0.107920,3600
2024-08-25T20:00:00+00:00,0.101050,3600
2024-08-25T21:00:00+00:00,0.092490,3600
2024-08-25T22:00:00+00:00,0.092110,3600
2024-08-25T23:00:00+00:00,0.081560,3600
2024-08-26T00:00:00+00:00,0.079870,3600
2024-08-26T01:00:00+00:00,0.075970,3600
2024-08-26T02:00:00+00:00,0.079020,3600
2024-08-26T03:00:00+00:00,0.082600,3600
2024-08-26T04:00:00+00:00,0.112090,3600
2024-08-26T05:00:00+00:00,0.109040,3600
2024-08-26T06:00:00+00:00,0.090000,3600
2024-08-26T07:00:00+00:00,0.072500,3600
2024-08-26T08:00:00+00:00,0.032000,3600
2024-08-26T09:00:00+00:00,0.013380,3600
2024-08-26T10:00:00+00:00,0.005000,3600
2024-08-26T11:00:00+00:00,0.005000,3600
2024-08-26T12:00:00+00:00,0.016340,3600
2024-08-26T13:00:00+00:00,0.024390,3600
2024-08-26T14:00:00+00:00,0.038240,3600
2024-08-26T15:00:00+00:00,0.098850,3600
2024-08-26T16:00:00+00:00,0.114090,3600
2024-08-26T17:00:00+00:00,0.186000,3600
2024-08-26T18:00:00+00:00,0.224280,3600
2024-08-26T19:00:00+00:00,0.142350,3600
2024-08-26T20:00:00+00:00,0.111000,3600
2024-08-26T21:00:00+00:00,0.106600,3600
2024-08-26T22:00:00+00:00,0.098580,3600
2024-08-26T23:00:00+00:00,0.089690,3600
2024-08-27T00:00:00+00:00,0.085300,3600
2024-08-27T01:00:00+00:00,0.085300,3600
2024-08-27T02:00:00+00:00,0.086000,3600
2024-08-27T03:00:00+00:00,0.096200,3600
2024-08-27T04:00:00+00:00,0.120360,3600
2024-08-27T05:00:00+00:00,0.133260,3600
2024-08-27T06:00:00+00:00,0.110310,3600
2024-08-27T07:00:00+00:00,0.083980,3600
2024-08-27T08:00:00+00:00,0.072320,3600
2024-08-27T09:00:00+00:00,0.028370,3600
2024-08-27T10:00:00+00:00,0.004010,3600
2024-08-27T11:00:00+00:00,0.000190,3600
2024-08-27T12:00:00+00:00,0.001130,3600
2024-08-27T13:00:00+00:00,0.023120,3600
2024-08-27T14:00:00+00:00,0.045400,3600
2024-08-27T15:00:00+00:00,0.088930,3600
2024-08-27T16:00:00+00:00,0.116060,3600
2024-08-27T17:00:00+00:00,0.225000,3600
2024-08-27T18:00:00+00:00,0.211770,3600
2024-08-27T19:00:00+00:00,0.120950,3600
2024-08-27T20:00:00+00:00,0.105430,3600
2024-08-27T21:00:00+00:00,0.092670,3600
2024-08-27T22:00:00+00:00,0.090750,3600
2024-08-27T23:00:00+00:00,0.091500,3600
2024-08-28T00:00:00+00:00,0.087700,3600
2024-08-28T01:00:00+00:00,0.088980,3600
2024-08-28T02:00:00+00:00,0.091220,3600
2024-08-28T03:00:00+00:00,0.091730,3600
2024-08-28T04:00:00+00:00,0.113960,3600
2024-08-28T05:00:00+00:00,0.128400,3600
2024-08-28T06:00:00+00:00,0.121000,3600
2024-08-28T07:00:00+00:00,0.105400,3600
2024-08-28T08:00:00+00:00,0.087650,3600
2024-08-28T09:00:00+00:00,0.068970,3600
2024-08-28T10:00:00+00:00,0.034950,3600
2024-08-28T11:00:00+00:00,0.010040,3600
2024-08-28T12:00:00+00:00,0.004870,3600
2024-08-28T13:00:00+00:00,0.054880,3600
2024-08-28T14:00:00+00:00,0.078570,3600
2024-08-28T15:00:00+00:00,0.091770,3600
2024-08-28T16:00:00+00:00,0.110610,3600
2024-08-28T17:00:00+00:00,0.196290,3600
2024-08-28T18:00:00+00:00,0.198890,3600
2024-08-28T19:00:00+00:00,0.125290,3600
2024-08-28T20:00:00+00:00,0.112000,3600
2024-08-28T21:00:00+00:00,0.100010,3600
2024-08-28T22:00:00+00:00,0.093910,3600
2024-08-28T23:00:00+00:00,0.094300,3600
2024-08-29T00:00:00+00:00,0.089900,3600
2024-08-29T01:00:00+00:00,0.088900,3600
2024-08-29T02:00:00+00:00,0.089550,3600
2024-08-29T03:00:00+00:00,0.100450,3600
2024-08-29T04:00:00+00:00,0.113910,3600
2024-08-29T05:00:00+00:00,0.133260,3600
2024-08-29T06:00:00+00:00,0.126240,3600
2024-08-29T07:00:00+00:00,0.108710,3600
2024-08-29T08:00:00+00:00,0.092220,3600
2024-08-29T09:00:00+00:00,0.084440,3600
2024-08-29T10:00:00+00:00,0.065690,3600
2024-08-29T11:00:00+00:00,0.044900,3600
2024-08-29T12:00:00+00:00,0.051490,3600
2024-08-29T13:00:00+00:00,0.079460,3600
2024-08-29T14:00:00+00:00,0.089650,3600
2024-08-29T15:00:00+00:00,0.104390,3600
2024-08-29T16:00:00+00:00,0.114690,3600
2024-08-29T17:00:00+00:00,0.219840,3600
2024-08-29T18:00:00+00:00,0.278490,3600
2024-08-29T19:00:00+00:00,0.166000,3600
2024-08-29T20:00:00+00:00,0.124930,3600
2024-08-29T21:00:00+00:00,0.109780,3600
2024-08-29T22:00:00+00:00,0.108800,3600
2024-08-29T23:00:00+00:00,0.099150,3600
2024-08-30T00:00:00+00:00,0.093260,3600
2024-08-30T01:00:00+00:00,0.091410,3600
2024-08-30T02:00:00+00:00,0.094230,3600
2024-08-30T03:00:00+00:00,0.104160,3600
2024-08-30T04:00:00+00:00,0.132110,3600
2024-08-30T05:00:00+00:00,0.146670,3600
2024-08-30T06:00:00+00:00,0.132590,3600
2024-08-30T07:00:00+00:00,0.113700,3600
2024-08-30T08:00:00+00:00,0.098250,3600
2024-08-30T09:00:00+00:00,0.089950,3600
2024-08-30T10:00:00+00:00,0.086190,3600
2024-08-30T11:00:00+00:00,0.080230,3600
2024-08-30T12:00:00+00:00,0.078970,3600
2024-08-30T13:00:00+00:00,0.081870,3600
2024-08-30T14:00:00+00:00,0.085460,3600
2024-08-30T15:00:00+00:00,0.099160,3600
2024-08-30T16:00:00+00:00,0.122200,3600
2024-08-30T17:00:00+00:00,0.142690,3600
2024-08-30T18:00:00+00:00,0.137290,3600
2024-08-30T19:00:00+00:00,0.112710,3600
2024-08-30T20:00:00+00:00,0.096830,3600
2024-08-30T21:00:00+00:00,0.095360,3600
2024-08-30T22:00:00+00:00,0.106580,3600
2024-08-30T23:00:00+00:00,0.098180,3600
2024-08-31T00:00:00+00:00,0.096900,3600
2024-08-31T01:00:00+00:00,0.095590,3600
2024-08-31T02:00:00+00:00,0.091400,3600
2024-08-31T03:00:00+00:00,0.094100,3600
2024-08-31T04:00:00+00:00,0.096600,3600
2024-08-31T05:00:00+00:00,0.101800,3600
2024-08-31T06:00:00+00:00,0.100600,3600
2024-08-31T07:00:00+00:00,0.084920,3600
2024-08-31T08:00:00+00:00,0.060130,3600
2024-08-31T09:00:00+00:00,0.018340,3600
2024-08-31T10:00:00+00:00,-0.005540,3600
2024-08-31T11:00:00+00:00,-0.008980,3600
2024-08-31T12:00:00+00:00,-0.011570,3600
2024-08-31T13:00:00+00:00,-0.020000,3600
2024-08-31T14:00:00+00:00,0.012800,3600
2024-08-31T15:00:00+00:00,0.075000,3600
2024-08-31T16:00:00+00:00,0.112410,3600
2024-08-31T17:00:00+00:00,0.136530,3600
2024-08-31T18:00:00+00:00,0.124750,3600
2024-08-31T19:00:00+00:00,0.106760,3600
2024-08-31T20:00:00+00:00,0.099310,3600
2024-08-31T21:00:00+00:00,0.088880,3600
2024-08-31T22:00:00+00:00,0.093890,3600
2024-08-31T23:00:00+00:00,0.085990,3600
2024-09-01T00:00:00+00:00,0.080370,3600
2024-09-01T01:00:00+00:00,0.079570,3600
2024-09-01T02:00:00+00:00,0.079870,3600
2024-09-01T03:00:00+00:00,0.076570,3600
2024-09-01T04:00:00+00:00,0.073800,3600
2024-09-01T05:00:00+00:00,0.072090,3600
2024-09-01T06:00:00+00:00,0.060630,3600
2024-09-01T07:00:00+00:00,0.041270,3600
2024-09-01T08:00:00+00:00,0.012730,3600
2024-09-01T09:00:00+00:00,-0.004830,3600
2024-09-01T10:00:00+00:00,-0.019940,3600
2024-09-01T11:00:00+00:00,-0.040920,3600
2024-09-01T12:00:00+00:00,-0.033370,3600
2024-09-01T13:00:00+00:00,-0.013320,3600
2024-09-01T14:00:00+00:00,0.023990,3600
2024-09-01T15:00:00+00:00,0.077190,3600
2024-09-01T16:00:00+00:00,0.110530,3600
2024-09-01T17:00:00+00:00,0.131270,3600
2024-09-01T18:00:00+00:00,0.123790,3600
2024-09-01T19:00:00+00:00,0.107710,3600
2024-09-01T20:00:00+00:00,0.102010,3600
2024-09-01T21:00:00+00:00,0.091510,3600
2024-09-01T22:00:00+00:00,0.091240,3600
2024-09-01T23:00:00+00:00,0.094770,3600
2024-09-02T00:00:00+00:00,0.092390,3600
2024-09-02T01:00:00+00:00,0.092510,3600
2024-09-02T02:00:00+00:00,0.092220,3600
2024-09-02T03:00:00+00:00,0.100890,3600
2024-09-02T04:00:00+00:00,0.113200,3600
2024-09-02T05:00:00+00:00,0.134850,3600
2024-09-02T06:00:00+00:00,0.131940,3600
2024-09-02T07:00:00+00:00,0.122640,3600
2024-09-02T08:00:00+00:00,0.102830,3600
2024-09-02T09:00:00+00:00,0.090820,3600
2024-09-02T10:00:00+00:00,0.085020,3600
2024-09-02T11:00:00+00:00,0.081020,3600
2024-09-02T12:00:00+00:00,0.083460,3600
2024-09-02T13:00:00+00:00,0.088170,3600
2024-09-02T14:00:00+00:00,0.094160,3600
2024-09-02T15:00:00+00:00,0.112880,3600
2024-09-02T16:00:00+00:00,0.143190,3600
2024-09-02T17:00:00+00:00,0.255530,3600
2024-09-02T18:00:00+00:00,0.210490,3600
2024-09-02T19:00:00+00:00,0.133330,3600
2024-09-02T20:00:00+00:00,0.114710,3600
2024-09-02T21:00:00+00:00,0.104000,3600
2024-09-02T22:00:00+00:00,0.099580,3600
2024-09-02T23:00:00+00:00,0.093000,3600
2024-09-03T00:00:00+00:00,0.091500,3600
2024-09-03T01:00:00+00:00,0.092970,3600
2024-09-03T02:00:00+00:00,0.096000,3600
2024-09-03T03:00:00+00:00,0.102460,3600
2024-09-03T04:00:00+00:00,0.123900,3600
2024-09-03T05:00:00+00:00,0.148430,3600
2024-09-03T06:00:00+00:00,0.133950,3600
2024-09-03T07:00:00+00:00,0.115980,3600
2024-09-03T08:00:00+00:00,0.098880,3600
2024-09-03T09:00:00+00:00,0.090020,3600
2024-09-03T10:00:00+00:00,0.084800,3600
2024-09-03T11:00:00+00:00,0.082690,3600
2024-09-03T12:00:00+00:00,0.084120,3600
2024-09-03T13:00:00+00:00,0.086670,3600
2024-09-03T14:00:00+00:00,0.091490,3600
2024-09-03T15:00:00+00:00,0.114600,3600
2024-09-03T16:00:00+00:00,0.179900,3600
2024-09-03T17:00:00+00:00,0.334590,3600
2024-09-03T18:00:00+00:00,0.340000,3600
2024-09-03T19:00:00+00:00,0.206800,3600
2024-09-03T20:00:00+00:00,0.132470,3600
2024-09-03T21:00:00+00:00,0.117320,3600
2024-09-03T22:00:00+00:00,0.108200,3600
2024-09-03T23:00:00+00:00,0.100390,3600
2024-09-04T00:00:00+00:00,0.098100,3600
2024-09-04T01:00:00+00:00,0.098130,3600
2024-09-04T02:00:00+00:00,0.096600,3600
2024-09-04T03:00:00+00:00,0.106660,3600
2024-09-04T04:00:00+00:00,0.139400,3600
2024-09-04T05:00:00+00:00,0.174330,3600
2024-09-04T06:00:00+00:00,0.152580,3600
2024-09-04T07:00:00+00:00,0.124840,3600
2024-09-04T08:00:00+00:00,0.107210,3600
2024-09-04T09:00:00+00:00,0.095770,3600
2024-09-04T10:00:00+00:00,0.091890,3600
2024-09-04T11:00:00+00:00,0.090370,3600
2024-09-04T12:00:00+00:00,0.089250,3600
2024-09-04T13:00:00+00:00,0.092640,3600
2024-09-04T14:00:00+00:00,0.100450,3600
2024-09-04T15:00:00+00:00,0.121620,3600
2024-09-04T16:00:00+00:00,0.153430,3600
2024-09-04T17:00:00+00:00,0.303000,3600
2024-09-04T18:00:00+00:00,0.181950,3600
2024-09-04T19:00:00+00:00,0.129880,3600
2024-09-04T20:00:00+00:00,0.108970,3600
2024-09-04T21:00:00+00:00,0.099890,3600
2024-09-04T22:00:00+00:00,0.101270,3600
2024-09-04T23:00:00+00:00,0.094600,3600
2024-09-05T00:00:00+00:00,0.090000,3600
2024-09-05T01:00:00+00:00,0.087110,3600
2024-09-05T02:00:00+00:00,0.080570,3600
2024-09-05T03:00:00+00:00,0.084300,3600
2024-09-05T04:00:00+00:00,0.106760,3600
2024-09-05T05:00:00+00:00,0.113600,3600
2024-09-05T06:00:00+00:00,0.119040,3600
2024-09-05T07:00:00+00:00,0.097680,3600
2024-09-05T08:00:00+00:00,0.097000,3600
2024-09-05T09:00:00+00:00,0.055100,3600
2024-09-05T10:00:00+00:00,0.003690,3600
2024-09-05T11:00:00+00:00,-0.013390,3600
2024-09-05T12:00:00+00:00,-0.021000,3600
2024-09-05T13:00:00+00:00,-0.010100,3600
2024-09-05T14:00:00+00:00,-0.010000,3600
2024-09-05T15:00:00+00:00,0.066700,3600
2024-09-05T16:00:00+00:00,0.084130,3600
2024-09-05T17:00:00+00:00,0.107520,3600
2024-09-05T18:00:00+00:00,0.120000,3600
2024-09-05T19:00:00+00:00,0.109650,3600
2024-09-05T20:00:00+00:00,0.087700,3600
2024-09-05T21:00:00+00:00,0.087920,3600
2024-09-05T22:00:00+00:00,0.068700,3600
2024-09-05T23:00:00+00:00,0.060250,3600
2024-09-06T00:00:00+00:00,0.050060,3600
2024-09-06T01:00:00+00:00,0.048830,3600
2024-09-06T02:00:00+00:00,0.058000,3600
2024-09-06T03:00:00+00:00,0.070000,3600
2024-09-06T04:00:00+00:00,0.093290,3600
2024-09-06T05:00:00+00:00,0.118250,3600
2024-09-06T06:00:00+00:00,0.120070,3600
2024-09-06T07:00:00+00:00,0.099760,3600
2024-09-06T08:00:00+00:00,0.077750,3600
2024-09-06T09:00:00+00:00,0.029900,3600
2024-09-06T10:00:00+00:00,0.003780,3600
2024-09-06T11:00:00+00:00,0.012480,3600
2024-09-06T12:00:00+00:00,0.032800,3600
2024-09-06T13:00:00+00:00,0.065170,3600
2024-09-06T14:00:00+00:00,0.076070,3600
2024-09-06T15:00:00+00:00,0.095000,3600
2024-09-06T16:00:00+00:00,0.100160,3600
2024-09-06T17:00:00+00:00,0.129300,3600
2024-09-06T18:00:00+00:00,0.134470,3600
2024-09-06T19:00:00+00:00,0.101000,3600
2024-09-06T20:00:00+00:00,0.095500,3600
2024-09-06T21:00:00+00:00,0.092910,3600
2024-09-06T22:00:00+00:00,0.102300,3600
2024-09-06T23:00:00+00:00,0.096610,3600
2024-09-07T00:00:00+00:00,0.094730,3600
2024-09-07T01:00:00+00:00,0.092410,3600
2024-09-07T02:00:00+00:00,0.094400,3600
2024-09-07T03:00:00+00:00,0.097350,3600
2024-09-07T04:00:00+00:00,0.100260,3600
2024-09-07T05:00:00+00:00,0.102550,3600
2024-09-07T06:00:00+00:00,0.095040,3600
2024-09-07T07:00:00+00:00,0.092000,3600
2024-09-07T08:00:00+00:00,0.051520,3600
2024-09-07T09:00:00+00:00,0.014240,3600
2024-09-07T10:00:00+00:00,0.005480,3600
2024-09-07T11:00:00+00:00,0.001020,3600
2024-09-07T12:00:00+00:00,0.000440,3600
2024-09-07T13:00:00+00:00,0.008280,3600
2024-09-07T14:00:00+00:00,0.047650,3600
2024-09-07T15:00:00+00:00,0.096670,3600
2024-09-07T16:00:00+00:00,0.124520,3600
2024-09-07T17:00:00+00:00,0.150440,3600
2024-09-07T18:00:00+00:00,0.131130,3600
2024-09-07T19:00:00+00:00,0.101440,3600
2024-09-07T20:00:00+00:00,0.091850,3600
2024-09-07T21:00:00+00:00,0.089290,3600
2024-09-07T22:00:00+00:00,0.093910,3600
2024-09-07T23:00:00+00:00,0.089530,3600
2024-09-08T00:00:00+00:00,0.083680,3600
2024-09-08T01:00:00+00:00,0.082000,3600
2024-09-08T02:00:00+00:00,0.082390,3600
2024-09-08T03:00:00+00:00,0.085100,3600
2024-09-08T04:00:00+00:00,0.083360,3600
2024-09-08T05:00:00+00:00,0.082070,3600
2024-09-08T06:00:00+00:00,0.076730,3600
2024-09-08T07:00:00+00:00,0.037870,3600
2024-09-08T08:00:00+00:00,0.008290,3600
2024-09-08T09:00:00+00:00,0.000440,3600
2024-09-08T10:00:00+00:00,0.000040,3600
2024-09-08T11:00:00+00:00,-0.000020,3600
2024-09-08T12:00:00+00:00,-0.002690,3600
2024-09-08T13:00:00+00:00,0.000060,3600
2024-09-08T14:00:00+00:00,0.054500,3600
2024-09-08T15:00:00+00:00,0.085900,3600
2024-09-08T16:00:00+00:00,0.107830,3600
2024-09-08T17:00:00+00:00,0.116990,3600
2024-09-08T18:00:00+00:00,0.124310,3600
2024-09-08T19:00:00+00:00,0.111690,3600
2024-09-08T20:00:00+00:00,0.102290,3600
2024-09-08T21:00:00+00:00,0.095190,3600
2024-09-08T22:00:00+00:00,0.085310,3600
2024-09-08T23:00:00+00:00,0.085760,3600
2024-09-09T00:00:00+00:00,0.079390,3600
2024-09-09T01:00:00+00:00,0.091140,3600
2024-09-09T02:00:00+00:00,0.085590,3600
2024-09-09T03:00:00+00:00,0.085310,3600
2024-09-09T04:00:00+00:00,0.113430,3600
2024-09-09T05:00:00+00:00,0.143870,3600
2024-09-09T06:00:00+00:00,0.163970,3600
2024-09-09T07:00:00+00:00,0.124500,3600
2024-09-09T08:00:00+00:00,0.107600,3600
2024-09-09T09:00:00+00:00,0.096750,3600
2024-09-09T10:00:00+00:00,0.086290,3600
2024-09-09T11:00:00+00:00,0.082910,3600
2024-09-09T12:00:00+00:00,0.073610,3600
2024-09-09T13:00:00+00:00,0.075990,3600
2024-09-09T14:00:00+00:00,0.067270,3600
2024-09-09T15:00:00+00:00,0.078490,3600
2024-09-09T16:00:00+00:00,0.110000,3600
2024-09-09T17:00:00+00:00,0.115180,3600
2024-09-09T18:00:00+00:00,0.112000,3600
2024-09-09T19:00:00+00:00,0.096130,3600
2024-09-09T20:00:00+00:00,0.088000,3600
2024-09-09T21:00:00+00:00,0.079930,3600
2024-09-09T22:00:00+00:00,0.069000,3600
2024-09-09T23:00:00+00:00,0.072000,3600
2024-09-10T00:00:00+00:00,0.061400,3600
2024-09-10T01:00:00+00:00,0.067640,3600
2024-09-10T02:00:00+00:00,0.065330,3600
2024-09-10T03:00:00+00:00,0.077350,3600
2024-09-10T04:00:00+00:00,0.098420,3600
2024-09-10T05:00:00+00:00,0.125440,3600
2024-09-10T06:00:00+00:00,0.110430,3600
2024-09-10T07:00:00+00:00,0.076010,3600
2024-09-10T08:00:00+00:00,0.040370,3600
2024-09-10T09:00:00+00:00,0.007860,3600
2024-09-10T10:00:00+00:00,-0.000630,3600
2024-09-10T11:00:00+00:00,0.000160,3600
2024-09-10T12:00:00+00:00,-0.001060,3600
2024-09-10T13:00:00+00:00,-0.001830,3600
2024-09-10T14:00:00+00:00,0.000000,3600
2024-09-10T15:00:00+00:00,0.023260,3600
2024-09-10T16:00:00+00:00,0.080740,3600
2024-09-10T17:00:00+00:00,0.099900,3600
2024-09-10T18:00:00+00:00,0.119600,3600
2024-09-10T19:00:00+00:00,0.126300,3600
2024-09-10T20:00:00+00:00,0.094000,3600
2024-09-10T21:00:00+00:00,0.074900,3600
2024-09-10T22:00:00+00:00,0.050000,3600
2024-09-10T23:00:00+00:00,0.040000,3600
2024-09-11T00:00:00+00:00,0.039840,3600
2024-09-11T01:00:00+00:00,0.033960,3600
2024-09-11T02:00:00+00:00,0.040000,3600
2024-09-11T03:00:00+00:00,0.048480,3600
2024-09-11T04:00:00+00:00,0.100500,3600
2024-09-11T05:00:00+00:00,0.103500,3600
2024-09-11T06:00:00+00:00,0.110100,3600
2024-09-11T07:00:00+00:00,0.097450,3600
2024-09-11T08:00:00+00:00,0.076580,3600
2024-09-11T09:00:00+00:00,0.043680,3600
2024-09-11T10:00:00+00:00,0.031910,3600
2024-09-11T11:00:00+00:00,0.020000,3600
2024-09-11T12:00:00+00:00,0.002020,3600
2024-09-11T13:00:00+00:00,0.055100,3600
2024-09-11T14:00:00+00:00,0.069910,3600
2024-09-11T15:00:00+00:00,0.098790,3600
2024-09-11T16:00:00+00:00,0.113890,3600
2024-09-11T17:00:00+00:00,0.141180,3600
2024-09-11T18:00:00+00:00,0.136310,3600
2024-09-11T19:00:00+00:00,0.114000,3600
2024-09-11T20:00:00+00:00,0.102560,3600
2024-09-11T21:00:00+00:00,0.101080,3600
2024-09-11T22:00:00+00:00,0.087680,3600
2024-09-11T23:00:00+00:00,0.081870,3600
2024-09-12T00:00:00+00:00,0.082840,3600
2024-09-12T01:00:00+00:00,0.080760,3600
2024-09-12T02:00:00+00:00,0.080510,3600
2024-09-12T03:00:00+00:00,0.084600,3600
2024-09-12T04:00:00+00:00,0.105510,3600
2024-09-12T05:00:00+00:00,0.133550,3600
2024-09-12T06:00:00+00:00,0.134880,3600
2024-09-12T07:00:00+00:00,0.103430,3600
2024-09-12T08:00:00+00:00,0.085030,3600
2024-09-12T09:00:00+00:00,0.077990,3600
2024-09-12T10:00:00+00:00,0.077140,3600
2024-09-12T11:00:00+00:00,0.075800,3600
2024-09-12T12:00:00+00:00,0.076000,3600
2024-09-12T13:00:00+00:00,0.077040,3600
2024-09-12T14:00:00+00:00,0.089750,3600
2024-09-12T15:00:00+00:00,0.100000,3600
2024-09-12T16:00:00+00:00,0.112100,3600
2024-09-12T17:00:00+00:00,0.196000,3600
2024-09-12T18:00:00+00:00,0.196160,3600
2024-09-12T19:00:00+00:00,0.117080,3600
2024-09-12T20:00:00+00:00,0.099080,3600
2024-09-12T21:00:00+00:00,0.091780,3600
2024-09-12T22:00:00+00:00,0.099730,3600
2024-09-12T23:00:00+00:00,0.090520,3600
2024-09-13T00:00:00+00:00,0.084970,3600
2024-09-13T01:00:00+00:00,0.082370,3600
2024-09-13T02:00:00+00:00,0.079780,3600
2024-09-13T03:00:00+00:00,0.085980,3600
2024-09-13T04:00:00+00:00,0.099100,3600
2024-09-13T05:00:00+00:00,0.119550,3600
2024-09-13T06:00:00+00:00,0.131600,3600
2024-09-13T07:00:00+00:00,0.090400,3600
2024-09-13T08:00:00+00:00,0.099180,3600
2024-09-13T09:00:00+00:00,0.091150,3600
2024-09-13T10:00:00+00:00,0.045000,3600
2024-09-13T11:00:00+00:00,0.048000,3600
2024-09-13T12:00:00+00:00,0.010000,3600
2024-09-13T13:00:00+00:00,0.049910,3600
2024-09-13T14:00:00+00:00,0.066710,3600
2024-09-13T15:00:00+00:00,0.072980,3600
2024-09-13T16:00:00+00:00,0.095830,3600
2024-09-13T17:00:00+00:00,0.100100,3600
2024-09-13T18:00:00+00:00,0.109900,3600
2024-09-13T19:00:00+00:00,0.103400,3600
2024-09-13T20:00:00+00:00,0.089990,3600
2024-09-13T21:00:00+00:00,0.095320,3600
2024-09-13T22:00:00+00:00,0.119700,3600
2024-09-13T23:00:00+00:00,0.107600,3600
2024-09-14T00:00:00+00:00,0.100200,3600
2024-09-14T01:00:00+00:00,0.092800,3600
2024-09-14T02:00:00+00:00,0.081000,3600
2024-09-14T03:00:00+00:00,0.073110,3600
2024-09-14T04:00:00+00:00,0.083100,3600
2024-09-14T05:00:00+00:00,0.112900,3600
2024-09-14T06:00:00+00:00,0.111000,3600
2024-09-14T07:00:00+00:00,0.105000,3600
2024-09-14T08:00:00+00:00,0.049900,3600
2024-09-14T09:00:00+00:00,0.008150,3600
2024-09-14T10:00:00+00:00,0.001110,3600
2024-09-14T11:00:00+00:00,0.000250,3600
2024-09-14T12:00:00+00:00,-0.000140,3600
2024-09-14T13:00:00+00:00,0.000540,3600
2024-09-14T14:00:00+00:00,0.010330,3600
2024-09-14T15:00:00+00:00,0.065090,3600
2024-09-14T16:00:00+00:00,0.100860,3600
2024-09-14T17:00:00+00:00,0.126580,3600
2024-09-14T18:00:00+00:00,0.121710,3600
2024-09-14T19:00:00+00:00,0.109900,3600
2024-09-14T20:00:00+00:00,0.093750,3600
2024-09-14T21:00:00+00:00,0.089900,3600
2024-09-14T22:00:00+00:00,0.081770,3600
2024-09-14T23:00:00+00:00,0.079900,3600
2024-09-15T00:00:00+00:00,0.073280,3600
2024-09-15T01:00:00+00:00,0.075760,3600
2024-09-15T02:00:00+00:00,0.071320,3600
2024-09-15T03:00:00+00:00,0.072600,3600
2024-09-15T04:00:00+00:00,0.075940,3600
2024-09-15T05:00:00+00:00,0.099900,3600
2024-09-15T06:00:00+00:00,0.106000,3600
2024-09-15T07:00:00+00:00,0.054070,3600
2024-09-15T08:00:00+00:00,0.010920,3600
2024-09-15T09:00:00+00:00,0.000070,3600
2024-09-15T10:00:00+00:00,0.000000,3600
2024-09-15T11:00:00+00:00,-0.000010,3600
2024-09-15T12:00:00+00:00,-0.000400,3600
2024-09-15T13:00:00+00:00,-0.000200,3600
2024-09-15T14:00:00+00:00,0.019250,3600
2024-09-15T15:00:00+00:00,0.082250,3600
2024-09-15T16:00:00+00:00,0.109200,3600
2024-09-15T17:00:00+00:00,0.130500,3600
2024-09-15T18:00:00+00:00,0.126780,3600
2024-09-15T19:00:00+00:00,0.110790,3600
2024-09-15T20:00:00+00:00,0.104210,3600
2024-09-15T21:00:00+00:00,0.092600,3600
2024-09-15T22:00:00+00:00,0.092990,3600
2024-09-15T23:00:00+00:00,0.081590,3600
2024-09-16T00:00:00+00:00,0.078480,3600
2024-09-16T01:00:00+00:00,0.082420,3600
2024-09-16T02:00:00+00:00,0.079300,3600
2024-09-16T03:00:00+00:00,0.080100,3600
2024-09-16T04:00:00+00:00,0.108000,3600
2024-09-16T05:00:00+00:00,0.128140,3600
2024-09-16T06:00:00+00:00,0.146060,3600
2024-09-16T07:00:00+00:00,0.126400,3600
2024-09-16T08:00:00+00:00,0.104600,3600
2024-09-16T09:00:00+00:00,0.095250,3600
2024-09-16T10:00:00+00:00,0.084420,3600
2024-09-16T11:00:00+00:00,0.074330,3600
2024-09-16T12:00:00+00:00,0.064680,3600
2024-09-16T13:00:00+00:00,0.059540,3600
2024-09-16T14:00:00+00:00,0.060250,3600
2024-09-16T15:00:00+00:00,0.079170,3600
2024-09-16T16:00:00+00:00,0.101660,3600
2024-09-16T17:00:00+00:00,0.108800,3600
2024-09-16T18:00:00+00:00,0.109010,3600
2024-09-16T19:00:00+00:00,0.090100,3600
2024-09-16T20:00:00+00:00,0.078810,3600
2024-09-16T21:00:00+00:00,0.075000,3600
2024-09-16T22:00:00+00:00,0.085540,3600
2024-09-16T23:00:00+00:00,0.082300,3600
2024-09-17T00:00:00+00:00,0.078700,3600
2024-09-17T01:00:00+00:00,0.077200,3600
2024-09-17T02:00:00+00:00,0.073000,3600
2024-09-17T03:00:00+00:00,0.076930,3600
2024-09-17T04:00:00+00:00,0.094890,3600
2024-09-17T05:00:00+00:00,0.127440,3600
2024-09-17T06:00:00+00:00,0.129190,3600
2024-09-17T07:00:00+00:00,0.098190,3600
2024-09-17T08:00:00+00:00,0.079900,3600
2024-09-17T09:00:00+00:00,0.067460,3600
2024-09-17T10:00:00+00:00,0.048670,3600
2024-09-17T11:00:00+00:00,0.028000,3600
2024-09-17T12:00:00+00:00,0.007450,3600
2024-09-17T13:00:00+00:00,0.028600,3600
2024-09-17T14:00:00+00:00,0.059980,3600
2024-09-17T15:00:00+00:00,0.078860,3600
2024-09-17T16:00:00+00:00,0.111400,3600
2024-09-17T17:00:00+00:00,0.130560,3600
2024-09-17T18:00:00+00:00,0.109900,3600
2024-09-17T19:00:00+00:00,0.094900,3600
2024-09-17T20:00:00+00:00,0.087190,3600
2024-09-17T21:00:00+00:00,0.082630,3600
2024-09-17T22:00:00+00:00,0.078050,3600
2024-09-17T23:00:00+00:00,0.077320,3600
2024-09-18T00:00:00+00:00,0.078050,3600
2024-09-18T01:00:00+00:00,0.077010,3600
2024-09-18T02:00:00+00:00,0.074650,3600
2024-09-18T03:00:00+00:00,0.083220,3600
2024-09-18T04:00:00+00:00,0.099900,3600
2024-09-18T05:00:00+00:00,0.138920,3600
2024-09-18T06:00:00+00:00,0.131780,3600
2024-09-18T07:00:00+00:00,0.098550,3600
2024-09-18T08:00:00+00:00,0.077790,3600
2024-09-18T09:00:00+00:00,0.047820,3600
2024-09-18T10:00:00+00:00,0.005490,3600
2024-09-18T11:00:00+00:00,0.000000,3600
2024-09-18T12:00:00+00:00,-0.000070,3600
2024-09-18T13:00:00+00:00,0.000690,3600
2024-09-18T14:00:00+00:00,0.034870,3600
2024-09-18T15:00:00+00:00,0.079120,3600
2024-09-18T16:00:00+00:00,0.109670,3600
2024-09-18T17:00:00+00:00,0.129920,3600
2024-09-18T18:00:00+00:00,0.108240,3600
2024-09-18T19:00:00+00:00,0.088720,3600
2024-09-18T20:00:00+00:00,0.082530,3600
2024-09-18T21:00:00+00:00,0.073790,3600
2024-09-18T22:00:00+00:00,0.075850,3600
2024-09-18T23:00:00+00:00,0.076090,3600
2024-09-19T00:00:00+00:00,0.086070,3600
2024-09-19T01:00:00+00:00,0.088740,3600
2024-09-19T02:00:00+00:00,0.081000,3600
2024-09-19T03:00:00+00:00,0.088250,3600
2024-09-19T04:00:00+00:00,0.111550,3600
2024-09-19T05:00:00+00:00,0.141620,3600
2024-09-19T06:00:00+00:00,0.123700,3600
2024-09-19T07:00:00+00:00,0.097280,3600
2024-09-19T08:00:00+00:00,0.074810,3600
2024-09-19T09:00:00+00:00,0.045760,3600
2024-09-19T10:00:00+00:00,0.004970,3600
2024-09-19T11:00:00+00:00,-0.000070,3600
2024-09-19T12:00:00+00:00,-0.000090,3600
2024-09-19T13:00:00+00:00,0.009000,3600
2024-09-19T14:00:00+00:00,0.051210,3600
2024-09-19T15:00:00+00:00,0.090830,3600
2024-09-19T16:00:00+00:00,0.114010,3600
2024-09-19T17:00:00+00:00,0.133940,3600
2024-09-19T18:00:00+00:00,0.113500,3600
2024-09-19T19:00:00+00:00,0.091060,3600
2024-09-19T20:00:00+00:00,0.088970,3600
2024-09-19T21:00:00+00:00,0.078870,3600
2024-09-19T22:00:00+00:00,0.072380,3600
2024-09-19T23:00:00+00:00,0.074040,3600
2024-09-20T00:00:00+00:00,0.073420,3600
2024-09-20T01:00:00+00:00,0.069970,3600
2024-09-20T02:00:00+00:00,0.073000,3600
2024-09-20T03:00:00+00:00,0.079270,3600
2024-09-20T04:00:00+00:00,0.108640,3600
2024-09-20T05:00:00+00:00,0.141450,3600
2024-09-20T06:00:00+00:00,0.108700,3600
2024-09-20T07:00:00+00:00,0.088920,3600
2024-09-20T08:00:00+00:00,0.062050,3600
2024-09-20T09:00:00+00:00,0.024690,3600
2024-09-20T10:00:00+00:00,0.008350,3600
2024-09-20T11:00:00+00:00,-0.000040,3600
2024-09-20T12:00:00+00:00,0.000070,3600
2024-09-20T13:00:00+00:00,0.008500,3600
2024-09-20T14:00:00+00:00,0.044340,3600
2024-09-20T15:00:00+00:00,0.085120,3600
2024-09-20T16:00:00+00:00,0.107280,3600
2024-09-20T17:00:00+00:00,0.147210,3600
2024-09-20T18:00:00+00:00,0.109650,3600
2024-09-20T19:00:00+00:00,0.091070,3600
2024-09-20T20:00:00+00:00,0.087800,3600
2024-09-20T21:00:00+00:00,0.087080,3600
2024-09-20T22:00:00+00:00,0.088290,3600
2024-09-20T23:00:00+00:00,0.085300,3600
2024-09-21T00:00:00+00:00,0.082000,3600
2024-09-21T01:00:00+00:00,0.082190,3600
2024-09-21T02:00:00+00:00,0.086380,3600
2024-09-21T03:00:00+00:00,0.089480,3600
2024-09-21T04:00:00+00:00,0.098070,3600
2024-09-21T05:00:00+00:00,0.102280,3600
2024-09-21T06:00:00+00:00,0.085940,3600
2024-09-21T07:00:00+00:00,0.061210,3600
2024-09-21T08:00:00+00:00,0.022000,3600
2024-09-21T09:00:00+00:00,0.003150,3600
2024-09-21T10:00:00+00:00,0.000000,3600
2024-09-21T11:00:00+00:00,-0.003360,3600
2024-09-21T12:00:00+00:00,-0.003950,3600
2024-09-21T13:00:00+00:00,0.001090,3600
2024-09-21T14:00:00+00:00,0.043140,3600
2024-09-21T15:00:00+00:00,0.086370,3600
2024-09-21T16:00:00+00:00,0.125930,3600
2024-09-21T17:00:00+00:00,0.144000,3600
2024-09-21T18:00:00+00:00,0.113000,3600
2024-09-21T19:00:00+00:00,0.095060,3600
2024-09-21T20:00:00+00:00,0.093600,3600
2024-09-21T21:00:00+00:00,0.086720,3600
2024-09-21T22:00:00+00:00,0.098300,3600
2024-09-21T23:00:00+00:00,0.090050,3600
2024-09-22T00:00:00+00:00,0.089930,3600
2024-09-22T01:00:00+00:00,0.089560,3600
2024-09-22T02:00:00+00:00,0.090750,3600
2024-09-22T03:00:00+00:00,0.091050,3600
2024-09-22T04:00:00+00:00,0.095640,3600
2024-09-22T05:00:00+00:00,0.098200,3600
2024-09-22T06:00:00+00:00,0.083470,3600
2024-09-22T07:00:00+00:00,0.064900,3600
2024-09-22T08:00:00+00:00,0.026170,3600
2024-09-22T09:00:00+00:00,0.012250,3600
2024-09-22T10:00:00+00:00,0.011500,3600
2024-09-22T11:00:00+00:00,0.000210,3600
2024-09-22T12:00:00+00:00,0.000010,3600
2024-09-22T13:00:00+00:00,0.009660,3600
2024-09-22T14:00:00+00:00,0.058280,3600
2024-09-22T15:00:00+00:00,0.103190,3600
2024-09-22T16:00:00+00:00,0.131020,3600
2024-09-22T17:00:00+00:00,0.162060,3600
2024-09-22T18:00:00+00:00,0.128000,3600
2024-09-22T19:00:00+00:00,0.109350,3600
2024-09-22T20:00:00+00:00,0.098760,3600
2024-09-22T21:00:00+00:00,0.092000,3600
2024-09-22T22:00:00+00:00,0.087300,3600
2024-09-22T23:00:00+00:00,0.080150,3600
2024-09-23T00:00:00+00:00,0.081600,3600
2024-09-23T01:00:00+00:00,0.082770,3600
2024-09-23T02:00:00+00:00,0.084030,3600
2024-09-23T03:00:00+00:00,0.090900,3600
2024-09-23T04:00:00+00:00,0.130690,3600
2024-09-23T05:00:00+00:00,0.203730,3600
2024-09-23T06:00:00+00:00,0.151330,3600
2024-09-23T07:00:00+00:00,0.109990,3600
2024-09-23T08:00:00+00:00,0.096900,3600
2024-09-23T09:00:00+00:00,0.080160,3600
2024-09-23T10:00:00+00:00,0.078940,3600
2024-09-23T11:00:00+00:00,0.073000,3600
2024-09-23T12:00:00+00:00,0.070420,3600
2024-09-23T13:00:00+00:00,0.069530,3600
2024-09-23T14:00:00+00:00,0.090540,3600
2024-09-23T15:00:00+00:00,0.118240,3600
2024-09-23T16:00:00+00:00,0.205510,3600
2024-09-23T17:00:00+00:00,0.283290,3600
2024-09-23T18:00:00+00:00,0.167990,3600
2024-09-23T19:00:00+00:00,0.108870,3600
2024-09-23T20:00:00+00:00,0.090840,3600
2024-09-23T21:00:00+00:00,0.084490,3600
2024-09-23T22:00:00+00:00,0.082900,3600
2024-09-23T23:00:00+00:00,0.077250,3600
2024-09-24T00:00:00+00:00,0.076800,3600
2024-09-24T01:00:00+00:00,0.077000,3600
2024-09-24T02:00:00+00:00,0.072110,3600
2024-09-24T03:00:00+00:00,0.079700,3600
2024-09-24T04:00:00+00:00,0.101700,3600
2024-09-24T05:00:00+00:00,0.138990,3600
2024-09-24T06:00:00+00:00,0.127400,3600
2024-09-24T07:00:00+00:00,0.100070,3600
2024-09-24T08:00:00+00:00,0.085620,3600
2024-09-24T09:00:00+00:00,0.078380,3600
2024-09-24T10:00:00+00:00,0.069220,3600
2024-09-24T11:00:00+00:00,0.060880,3600
2024-09-24T12:00:00+00:00,0.055110,3600
2024-09-24T13:00:00+00:00,0.068000,3600
2024-09-24T14:00:00+00:00,0.076930,3600
2024-09-24T15:00:00+00:00,0.092380,3600
2024-09-24T16:00:00+00:00,0.113640,3600
2024-09-24T17:00:00+00:00,0.124690,3600
2024-09-24T18:00:00+00:00,0.102280,3600
2024-09-24T19:00:00+00:00,0.080500,3600
2024-09-24T20:00:00+00:00,0.076510,3600
2024-09-24T21:00:00+00:00,0.067000,3600
2024-09-24T22:00:00+00:00,0.062180,3600
2024-09-24T23:00:00+00:00,0.077000,3600
2024-09-25T00:00:00+00:00,0.069000,3600
2024-09-25T01:00:00+00:00,0.056800,3600
2024-09-25T02:00:00+00:00,0.073270,3600
2024-09-25T03:00:00+00:00,0.068770,3600
2024-09-25T04:00:00+00:00,0.083200,3600
2024-09-25T05:00:00+00:00,0.095530,3600
2024-09-25T06:00:00+00:00,0.100390,3600
2024-09-25T07:00:00+00:00,0.101500,3600
2024-09-25T08:00:00+00:00,0.097000,3600
2024-09-25T09:00:00+00:00,0.085100,3600
2024-09-25T10:00:00+00:00,0.085550,3600
2024-09-25T11:00:00+00:00,0.076000,3600
2024-09-25T12:00:00+00:00,0.085000,3600
2024-09-25T13:00:00+00:00,0.079820,3600
2024-09-25T14:00:00+00:00,0.097580,3600
2024-09-25T15:00:00+00:00,0.118740,3600
2024-09-25T16:00:00+00:00,0.174080,3600
2024-09-25T17:00:00+00:00,0.199390,3600
2024-09-25T18:00:00+00:00,0.131840,3600
2024-09-25T19:00:00+00:00,0.103500,3600
2024-09-25T20:00:00+00:00,0.098000,3600
2024-09-25T21:00:00+00:00,0.088940,3600
2024-09-25T22:00:00+00:00,0.058520,3600
2024-09-25T23:00:00+00:00,0.050820,3600
2024-09-26T00:00:00+00:00,0.045860,3600
2024-09-26T01:00:00+00:00,0.043070,3600
2024-09-26T02:00:00+00:00,0.039170,3600
2024-09-26T03:00:00+00:00,0.043400,3600
2024-09-26T04:00:00+00:00,0.066150,3600
2024-09-26T05:00:00+00:00,0.085200,3600
2024-09-26T06:00:00+00:00,0.083400,3600
2024-09-26T07:00:00+00:00,0.064980,3600
2024-09-26T08:00:00+00:00,0.045960,3600
2024-09-26T09:00:00+00:00,0.031620,3600
2024-09-26T10:00:00+00:00,0.017000,3600
2024-09-26T11:00:00+00:00,0.011900,3600
2024-09-26T12:00:00+00:00,0.011600,3600
2024-09-26T13:00:00+00:00,0.030410,3600
2024-09-26T14:00:00+00:00,0.047000,3600
2024-09-26T15:00:00+00:00,0.063680,3600
2024-09-26T16:00:00+00:00,0.080000,3600
2024-09-26T17:00:00+00:00,0.095100,3600
2024-09-26T18:00:00+00:00,0.082140,3600
2024-09-26T19:00:00+00:00,0.061040,3600
2024-09-26T20:00:00+00:00,0.052290,3600
2024-09-26T21:00:00+00:00,0.036300,3600
2024-09-26T22:00:00+00:00,0.000050,3600
2024-09-26T23:00:00+00:00,-0.000110,3600
2024-09-27T00:00:00+00:00,-0.001020,3600
2024-09-27T01:00:00+00:00,-0.000590,3600
2024-09-27T02:00:00+00:00,-0.005850,3600
2024-09-27T03:00:00+00:00,-0.001840,3600
2024-09-27T04:00:00+00:00,0.000420,3600
2024-09-27T05:00:00+00:00,0.025420,3600
2024-09-27T06:00:00+00:00,0.040540,3600
2024-09-27T07:00:00+00:00,0.007780,3600
2024-09-27T08:00:00+00:00,0.000000,3600
2024-09-27T09:00:00+00:00,-0.001620,3600
2024-09-27T10:00:00+00:00,0.000000,3600
2024-09-27T11:00:00+00:00,0.000300,3600
2024-09-27T12:00:00+00:00,0.003880,3600
2024-09-27T13:00:00+00:00,0.004930,3600
2024-09-27T14:00:00+00:00,0.018300,3600
2024-09-27T15:00:00+00:00,0.052970,3600
2024-09-27T16:00:00+00:00,0.072500,3600
2024-09-27T17:00:00+00:00,0.078960,3600
2024-09-27T18:00:00+00:00,0.072730,3600
2024-09-27T19:00:00+00:00,0.044720,3600
2024-09-27T20:00:00+00:00,0.042500,3600
2024-09-27T21:00:00+00:00,0.025200,3600
2024-09-27T22:00:00+00:00,0.001770,3600
2024-09-27T23:00:00+00:00,0.003030,3600
2024-09-28T00:00:00+00:00,0.003290,3600
2024-09-28T01:00:00+00:00,0.003160,3600
2024-09-28T02:00:00+00:00,0.003270,3600
2024-09-28T03:00:00+00:00,0.004150,3600
2024-09-28T04:00:00+00:00,0.011960,3600
2024-09-28T05:00:00+00:00,0.039900,3600
2024-09-28T06:00:00+00:00,0.042010,3600
2024-09-28T07:00:00+00:00,0.035170,3600
2024-09-28T08:00:00+00:00,0.009830,3600
2024-09-28T09:00:00+00:00,0.003820,3600
2024-09-28T10:00:00+00:00,0.000660,3600
2024-09-28T11:00:00+00:00,0.000000,3600
2024-09-28T12:00:00+00:00,0.000000,3600
2024-09-28T13:00:00+00:00,0.000060,3600
2024-09-28T14:00:00+00:00,0.009830,3600
2024-09-28T15:00:00+00:00,0.075000,3600
2024-09-28T16:00:00+00:00,0.105200,3600
2024-09-28T17:00:00+00:00,0.144770,3600
2024-09-28T18:00:00+00:00,0.141980,3600
2024-09-28T19:00:00+00:00,0.105500,3600
2024-09-28T20:00:00+00:00,0.094500,3600
2024-09-28T21:00:00+00:00,0.090220,3600
2024-09-28T22:00:00+00:00,0.107400,3600
2024-09-28T23:00:00+00:00,0.111000,3600
2024-09-29T00:00:00+00:00,0.082000,3600
2024-09-29T01:00:00+00:00,0.099300,3600
2024-09-29T02:00:00+00:00,0.099970,3600
2024-09-29T03:00:00+00:00,0.084900,3600
2024-09-29T04:00:00+00:00,0.075100,3600
2024-09-29T05:00:00+00:00,0.098000,3600
2024-09-29T06:00:00+00:00,0.094430,3600
2024-09-29T07:00:00+00:00,0.054430,3600
2024-09-29T08:00:00+00:00,0.001330,3600
2024-09-29T09:00:00+00:00,0.000000,3600
2024-09-29T10:00:00+00:00,-0.000010,3600
2024-09-29T11:00:00+00:00,-0.000500,3600
2024-09-29T12:00:00+00:00,-0.000450,3600
2024-09-29T13:00:00+00:00,0.000000,3600
2024-09-29T14:00:00+00:00,0.042630,3600
2024-09-29T15:00:00+00:00,0.096610,3600
2024-09-29T16:00:00+00:00,0.150600,3600
2024-09-29T17:00:00+00:00,0.166160,3600
2024-09-29T18:00:00+00:00,0.109090,3600
2024-09-29T19:00:00+00:00,0.079640,3600
2024-09-29T20:00:00+00:00,0.065000,3600
2024-09-29T21:00:00+00:00,0.037360,3600
2024-09-29T22:00:00+00:00,0.018570,3600
2024-09-29T23:00:00+00:00,0.010820,3600
2024-09-30T00:00:00+00:00,0.008080,3600
2024-09-30T01:00:00+00:00,0.005230,3600
2024-09-30T02:00:00+00:00,0.005800,3600
2024-09-30T03:00:00+00:00,0.017320,3600
2024-09-30T04:00:00+00:00,0.046400,3600
2024-09-30T05:00:00+00:00,0.083580,3600
2024-09-30T06:00:00+00:00,0.088910,3600
2024-09-30T07:00:00+00:00,0.063270,3600
2024-09-30T08:00:00+00:00,0.039090,3600
2024-09-30T09:00:00+00:00,0.018400,3600
2024-09-30T10:00:00+00:00,0.009280,3600
2024-09-30T11:00:00+00:00,0.002060,3600
2024-09-30T12:00:00+00:00,0.015000,3600
2024-09-30T13:00:00+00:00,0.026000,3600
2024-09-30T14:00:00+00:00,0.059000,3600
2024-09-30T15:00:00+00:00,0.088000,3600
2024-09-30T16:00:00+00:00,0.079900,3600
2024-09-30T17:00:00+00:00,0.066560,3600
2024-09-30T18:00:00+00:00,0.050000,3600
2024-09-30T19:00:00+00:00,0.025740,3600
2024-09-30T20:00:00+00:00,0.020860,3600
2024-09-30T21:00:00+00:00,0.009840,3600
2024-09-30T22:00:00+00:00,0.003210,3600
2024-09-30T23:00:00+00:00,0.000070,3600
2024-10-01T00:00:00+00:00,0.000050,3600
2024-10-01T01:00:00+00:00,0.000020,3600
2024-10-01T02:00:00+00:00,0.000090,3600
2024-10-01T03:00:00+00:00,0.005900,3600
2024-10-01T04:00:00+00:00,0.062800,3600
2024-10-01T05:00:00+00:00,0.104420,3600
2024-10-01T06:00:00+00:00,0.114920,3600
2024-10-01T07:00:00+00:00,0.100320,3600
2024-10-01T08:00:00+00:00,0.076410,3600
2024-10-01T09:00:00+00:00,0.068690,3600
2024-10-01T10:00:00+00:00,0.058800,3600
2024-10-01T11:00:00+00:00,0.055600,3600
2024-10-01T12:00:00+00:00,0.056450,3600
2024-10-01T13:00:00+00:00,0.061630,3600
2024-10-01T14:00:00+00:00,0.093330,3600
2024-10-01T15:00:00+00:00,0.105420,3600
2024-10-01T16:00:00+00:00,0.130600,3600
2024-10-01T17:00:00+00:00,0.139250,3600
2024-10-01T18:00:00+00:00,0.119370,3600
2024-10-01T19:00:00+00:00,0.092570,3600
2024-10-01T20:00:00+00:00,0.091450,3600
2024-10-01T21:00:00+00:00,0.076240,3600
2024-10-01T22:00:00+00:00,0.085380,3600
2024-10-01T23:00:00+00:00,0.088000,3600
2024-10-02T00:00:00+00:00,0.085600,3600
2024-10-02T01:00:00+00:00,0.081000,3600
2024-10-02T02:00:00+00:00,0.078380,3600
2024-10-02T03:00:00+00:00,0.080800,3600
2024-10-02T04:00:00+00:00,0.097650,3600
2024-10-02T05:00:00+00:00,0.119900,3600
2024-10-02T06:00:00+00:00,0.133720,3600
2024-10-02T07:00:00+00:00,0.116230,3600
2024-10-02T08:00:00+00:00,0.097000,3600
2024-10-02T09:00:00+00:00,0.095400,3600
2024-10-02T10:00:00+00:00,0.088000,3600
2024-10-02T11:00:00+00:00,0.080570,3600
2024-10-02T12:00:00+00:00,0.079000,3600
2024-10-02T13:00:00+00:00,0.081430,3600
2024-10-02T14:00:00+00:00,0.081580,3600
2024-10-02T15:00:00+00:00,0.099090,3600
2024-10-02T16:00:00+00:00,0.117010,3600
2024-10-02T17:00:00+00:00,0.130070,3600
2024-10-02T18:00:00+00:00,0.114370,3600
2024-10-02T19:00:00+00:00,0.096410,3600
2024-10-02T20:00:00+00:00,0.093420,3600
2024-10-02T21:00:00+00:00,0.085000,3600
2024-10-02T22:00:00+00:00,0.066000,3600
2024-10-02T23:00:00+00:00,0.063800,3600
2024-10-03T00:00:00+00:00,0.079900,3600
2024-10-03T01:00:00+00:00,0.080000,3600
2024-10-03T02:00:00+00:00,0.080100,3600
2024-10-03T03:00:00+00:00,0.086000,3600
2024-10-03T04:00:00+00:00,0.088670,3600
2024-10-03T05:00:00+00:00,0.125900,3600
2024-10-03T06:00:00+00:00,0.143480,3600
2024-10-03T07:00:00+00:00,0.107680,3600
2024-10-03T08:00:00+00:00,0.070100,3600
2024-10-03T09:00:00+00:00,0.062220,3600
2024-10-03T10:00:00+00:00,0.047010,3600
2024-10-03T11:00:00+00:00,0.034990,3600
2024-10-03T12:00:00+00:00,0.038340,3600
2024-10-03T13:00:00+00:00,0.047130,3600
2024-10-03T14:00:00+00:00,0.070270,3600
2024-10-03T15:00:00+00:00,0.099900,3600
2024-10-03T16:00:00+00:00,0.121460,3600
2024-10-03T17:00:00+00:00,0.140000,3600
2024-10-03T18:00:00+00:00,0.123600,3600
2024-10-03T19:00:00+00:00,0.101000,3600
2024-10-03T20:00:00+00:00,0.097620,3600
2024-10-03T21:00:00+00:00,0.090000,3600
2024-10-03T22:00:00+00:00,0.075100,3600
2024-10-03T23:00:00+00:00,0.072520,3600
2024-10-04T00:00:00+00:00,0.076600,3600
2024-10-04T01:00:00+00:00,0.079900,3600
2024-10-04T02:00:00+00:00,0.072330,3600
2024-10-04T03:00:00+00:00,0.077100,3600
2024-10-04T04:00:00+00:00,0.103000,3600
2024-10-04T05:00:00+00:00,0.127080,3600
2024-10-04T06:00:00+00:00,0.141420,3600
2024-10-04T07:00:00+00:00,0.116430,3600
2024-10-04T08:00:00+00:00,0.100150,3600
2024-10-04T09:00:00+00:00,0.083980,3600
2024-10-04T10:00:00+00:00,0.074130,3600
2024-10-04T11:00:00+00:00,0.071440,3600
2024-10-04T12:00:00+00:00,0.072440,3600
2024-10-04T13:00:00+00:00,0.074980,3600
2024-10-04T14:00:00+00:00,0.085670,3600
2024-10-04T15:00:00+00:00,0.104420,3600
2024-10-04T16:00:00+00:00,0.129180,3600
2024-10-04T17:00:00+00:00,0.148000,3600
2024-10-04T18:00:00+00:00,0.123700,3600
2024-10-04T19:00:00+00:00,0.099900,3600
2024-10-04T20:00:00+00:00,0.099900,3600
2024-10-04T21:00:00+00:00,0.090000,3600
2024-10-04T22:00:00+00:00,0.093100,3600
2024-10-04T23:00:00+00:00,0.084640,3600
2024-10-05T00:00:00+00:00,0.081400,3600
2024-10-05T01:00:00+00:00,0.075540,3600
2024-10-05T02:00:00+00:00,0.075720,3600
2024-10-05T03:00:00+00:00,0.079820,3600
2024-10-05T04:00:00+00:00,0.086200,3600
2024-10-05T05:00:00+00:00,0.100400,3600
2024-10-05T06:00:00+00:00,0.110620,3600
2024-10-05T07:00:00+00:00,0.101730,3600
2024-10-05T08:00:00+00:00,0.080080,3600
2024-10-05T09:00:00+00:00,0.060000,3600
2024-10-05T10:00:00+00:00,0.042210,3600
2024-10-05T11:00:00+00:00,0.036000,3600
2024-10-05T12:00:00+00:00,0.026000,3600
2024-10-05T13:00:00+00:00,0.056110,3600
2024-10-05T14:00:00+00:00,0.072550,3600
2024-10-05T15:00:00+00:00,0.092550,3600
2024-10-05T16:00:00+00:00,0.138070,3600
2024-10-05T17:00:00+00:00,0.137970,3600
2024-10-05T18:00:00+00:00,0.106350,3600
2024-10-05T19:00:00+00:00,0.094570,3600
2024-10-05T20:00:00+00:00,0.084290,3600
2024-10-05T21:00:00+00:00,0.067000,3600
2024-10-05T22:00:00+00:00,0.065120,3600
2024-10-05T23:00:00+00:00,0.060650,3600
2024-10-06T00:00:00+00:00,0.059100,3600
2024-10-06T01:00:00+00:00,0.058130,3600
2024-10-06T02:00:00+00:00,0.056930,3600
2024-10-06T03:00:00+00:00,0.058130,3600
2024-10-06T04:00:00+00:00,0.057930,3600
2024-10-06T05:00:00+00:00,0.066350,3600
2024-10-06T06:00:00+00:00,0.070100,3600
2024-10-06T07:00:00+00:00,0.059900,3600
2024-10-06T08:00:00+00:00,0.035000,3600
2024-10-06T09:00:00+00:00,0.016680,3600
2024-10-06T10:00:00+00:00,0.005250,3600
2024-10-06T11:00:00+00:00,-0.000010,3600
2024-10-06T12:00:00+00:00,-0.000010,3600
2024-10-06T13:00:00+00:00,0.000200,3600
2024-10-06T14:00:00+00:00,0.053100,3600
2024-10-06T15:00:00+00:00,0.082780,3600
2024-10-06T16:00:00+00:00,0.106300,3600
2024-10-06T17:00:00+00:00,0.106300,3600
2024-10-06T18:00:00+00:00,0.097600,3600
2024-10-06T19:00:00+00:00,0.076300,3600
2024-10-06T20:00:00+00:00,0.064900,3600
2024-10-06T21:00:00+00:00,0.051710,3600
2024-10-06T22:00:00+00:00,0.034580,3600
2024-10-06T23:00:00+00:00,0.035340,3600
2024-10-07T00:00:00+00:00,0.033250,3600
2024-10-07T01:00:00+00:00,0.029960,3600
2024-10-07T02:00:00+00:00,0.033560,3600
2024-10-07T03:00:00+00:00,0.043000,3600
2024-10-07T04:00:00+00:00,0.064080,3600
2024-10-07T05:00:00+00:00,0.102000,3600
2024-10-07T06:00:00+00:00,0.108320,3600
2024-10-07T07:00:00+00:00,0.091830,3600
2024-10-07T08:00:00+00:00,0.066050,3600
2024-10-07T09:00:00+00:00,0.060200,3600
2024-10-07T10:00:00+00:00,0.045880,3600
2024-10-07T11:00:00+00:00,0.043290,3600
2024-10-07T12:00:00+00:00,0.055000,3600
2024-10-07T13:00:00+00:00,0.061450,3600
2024-10-07T14:00:00+00:00,0.088790,3600
2024-10-07T15:00:00+00:00,0.112400,3600
2024-10-07T16:00:00+00:00,0.227650,3600
2024-10-07T17:00:00+00:00,0.217360,3600
2024-10-07T18:00:00+00:00,0.127430,3600
2024-10-07T19:00:00+00:00,0.099910,3600
2024-10-07T20:00:00+00:00,0.094330,3600
2024-10-07T21:00:00+00:00,0.079120,3600
2024-10-07T22:00:00+00:00,0.068720,3600
2024-10-07T23:00:00+00:00,0.062000,3600
2024-10-08T00:00:00+00:00,0.058230,3600
2024-10-08T01:00:00+00:00,0.052850,3600
2024-10-08T02:00:00+00:00,0.052570,3600
2024-10-08T03:00:00+00:00,0.061400,3600
2024-10-08T04:00:00+00:00,0.085490,3600
2024-10-08T05:00:00+00:00,0.106610,3600
2024-10-08T06:00:00+00:00,0.110000,3600
2024-10-08T07:00:00+00:00,0.089100,3600
2024-10-08T08:00:00+00:00,0.080330,3600
2024-10-08T09:00:00+00:00,0.073420,3600
2024-10-08T10:00:00+00:00,0.066510,3600
2024-10-08T11:00:00+00:00,0.070970,3600
2024-10-08T12:00:00+00:00,0.075790,3600
2024-10-08T13:00:00+00:00,0.077530,3600
2024-10-08T14:00:00+00:00,0.085920,3600
2024-10-08T15:00:00+00:00,0.114000,3600
2024-10-08T16:00:00+00:00,0.144000,3600
2024-10-08T17:00:00+00:00,0.158270,3600
2024-10-08T18:00:00+00:00,0.109230,3600
2024-10-08T19:00:00+00:00,0.094900,3600
2024-10-08T20:00:00+00:00,0.081860,3600
2024-10-08T21:00:00+00:00,0.063530,3600
2024-10-08T22:00:00+00:00,0.056360,3600
2024-10-08T23:00:00+00:00,0.052050,3600
2024-10-09T00:00:00+00:00,0.049210,3600
2024-10-09T01:00:00+00:00,0.046300,3600
2024-10-09T02:00:00+00:00,0.048850,3600
2024-10-09T03:00:00+00:00,0.054970,3600
2024-10-09T04:00:00+00:00,0.077870,3600
2024-10-09T05:00:00+00:00,0.098880,3600
2024-10-09T06:00:00+00:00,0.101090,3600
2024-10-09T07:00:00+00:00,0.087000,3600
2024-10-09T08:00:00+00:00,0.066140,3600
2024-10-09T09:00:00+00:00,0.055280,3600
2024-10-09T10:00:00+00:00,0.055990,3600
2024-10-09T11:00:00+00:00,0.059000,3600
2024-10-09T12:00:00+00:00,0.068480,3600
2024-10-09T13:00:00+00:00,0.085270,3600
2024-10-09T14:00:00+00:00,0.095000,3600
2024-10-09T15:00:00+00:00,0.112000,3600
2024-10-09T16:00:00+00:00,0.128000,3600
2024-10-09T17:00:00+00:00,0.129170,3600
2024-10-09T18:00:00+00:00,0.117400,3600
2024-10-09T19:00:00+00:00,0.099900,3600
2024-10-09T20:00:00+00:00,0.097940,3600
2024-10-09T21:00:00+00:00,0.079500,3600
2024-10-09T22:00:00+00:00,0.070000,3600
2024-10-09T23:00:00+00:00,0.045390,3600
2024-10-10T00:00:00+00:00,0.039000,3600
2024-10-10T01:00:00+00:00,0.035340,3600
2024-10-10T02:00:00+00:00,0.026300,3600
2024-10-10T03:00:00+00:00,0.033790,3600
2024-10-10T04:00:00+00:00,0.056140,3600
2024-10-10T05:00:00+00:00,0.084900,3600
2024-10-10T06:00:00+00:00,0.080460,3600
2024-10-10T07:00:00+00:00,0.067500,3600
2024-10-10T08:00:00+00:00,0.052010,3600
2024-10-10T09:00:00+00:00,0.038930,3600
2024-10-10T10:00:00+00:00,0.021890,3600
2024-10-10T11:00:00+00:00,0.015940,3600
2024-10-10T12:00:00+00:00,0.020010,3600
2024-10-10T13:00:00+00:00,0.038370,3600
2024-10-10T14:00:00+00:00,0.058000,3600
2024-10-10T15:00:00+00:00,0.089900,3600
2024-10-10T16:00:00+00:00,0.109900,3600
2024-10-10T17:00:00+00:00,0.145940,3600
2024-10-10T18:00:00+00:00,0.120000,3600
2024-10-10T19:00:00+00:00,0.090410,3600
2024-10-10T20:00:00+00:00,0.095260,3600
2024-10-10T21:00:00+00:00,0.086200,3600
2024-10-10T22:00:00+00:00,0.083900,3600
2024-10-10T23:00:00+00:00,0.079900,3600
2024-10-11T00:00:00+00:00,0.079190,3600
2024-10-11T01:00:00+00:00,0.067910,3600
2024-10-11T02:00:00+00:00,0.069140,3600
2024-10-11T03:00:00+00:00,0.080290,3600
2024-10-11T04:00:00+00:00,0.099950,3600
2024-10-11T05:00:00+00:00,0.140410,3600
2024-10-11T06:00:00+00:00,0.155490,3600
2024-10-11T07:00:00+00:00,0.110010,3600
2024-10-11T08:00:00+00:00,0.090000,3600
2024-10-11T09:00:00+00:00,0.072350,3600
2024-10-11T10:00:00+00:00,0.061650,3600
2024-10-11T11:00:00+00:00,0.057170,3600
2024-10-11T12:00:00+00:00,0.059560,3600
2024-10-11T13:00:00+00:00,0.066960,3600
2024-10-11T14:00:00+00:00,0.085350,3600
2024-10-11T15:00:00+00:00,0.106600,3600
2024-10-11T16:00:00+00:00,0.158350,3600
2024-10-11T17:00:00+00:00,0.172050,3600
2024-10-11T18:00:00+00:00,0.120000,3600
2024-10-11T19:00:00+00:00,0.099790,3600
2024-10-11T20:00:00+00:00,0.100000,3600
2024-10-11T21:00:00+00:00,0.090000,3600
2024-10-11T22:00:00+00:00,0.091210,3600
2024-10-11T23:00:00+00:00,0.083330,3600
2024-10-12T00:00:00+00:00,0.080540,3600
2024-10-12T01:00:00+00:00,0.081460,3600
2024-10-12T02:00:00+00:00,0.077810,3600
2024-10-12T03:00:00+00:00,0.074900,3600
2024-10-12T04:00:00+00:00,0.071630,3600
2024-10-12T05:00:00+00:00,0.105600,3600
2024-10-12T06:00:00+00:00,0.122000,3600
2024-10-12T07:00:00+00:00,0.119900,3600
2024-10-12T08:00:00+00:00,0.125810,3600
2024-10-12T09:00:00+00:00,0.089900,3600
2024-10-12T10:00:00+00:00,0.067590,3600
2024-10-12T11:00:00+00:00,0.044320,3600
2024-10-12T12:00:00+00:00,0.023340,3600
2024-10-12T13:00:00+00:00,0.046350,3600
2024-10-12T14:00:00+00:00,0.069470,3600
2024-10-12T15:00:00+00:00,0.084550,3600
2024-10-12T16:00:00+00:00,0.082770,3600
2024-10-12T17:00:00+00:00,0.079440,3600
2024-10-12T18:00:00+00:00,0.060580,3600
2024-10-12T19:00:00+00:00,0.045420,3600
2024-10-12T20:00:00+00:00,0.034870,3600
2024-10-12T21:00:00+00:00,0.025370,3600
2024-10-12T22:00:00+00:00,0.000000,3600
2024-10-12T23:00:00+00:00,-0.000010,3600
2024-10-13T00:00:00+00:00,-0.000070,3600
2024-10-13T01:00:00+00:00,-0.000370,3600
2024-10-13T02:00:00+00:00,-0.000510,3600
2024-10-13T03:00:00+00:00,-0.000090,3600
2024-10-13T04:00:00+00:00,-0.000010,3600
2024-10-13T05:00:00+00:00,0.001720,3600
2024-10-13T06:00:00+00:00,0.017960,3600
2024-10-13T07:00:00+00:00,0.009850,3600
2024-10-13T08:00:00+00:00,0.000000,3600
2024-10-13T09:00:00+00:00,-0.010000,3600
2024-10-13T10:00:00+00:00,-0.010060,3600
2024-10-13T11:00:00+00:00,-0.010040,3600
2024-10-13T12:00:00+00:00,-0.003010,3600
2024-10-13T13:00:00+00:00,0.007280,3600
2024-10-13T14:00:00+00:00,0.030140,3600
2024-10-13T15:00:00+00:00,0.115000,3600
2024-10-13T16:00:00+00:00,0.118740,3600
2024-10-13T17:00:00+00:00,0.131970,3600
2024-10-13T18:00:00+00:00,0.108070,3600
2024-10-13T19:00:00+00:00,0.099900,3600
2024-10-13T20:00:00+00:00,0.094000,3600
2024-10-13T21:00:00+00:00,0.090000,3600
2024-10-13T22:00:00+00:00,0.104000,3600
2024-10-13T23:00:00+00:00,0.089900,3600
2024-10-14T00:00:00+00:00,0.098000,3600
2024-10-14T01:00:00+00:00,0.094000,3600
2024-10-14T02:00:00+00:00,0.072000,3600
2024-10-14T03:00:00+00:00,0.062200,3600
2024-10-14T04:00:00+00:00,0.098740,3600
2024-10-14T05:00:00+00:00,0.130530,3600
2024-10-14T06:00:00+00:00,0.153120,3600
2024-10-14T07:00:00+00:00,0.125580,3600
2024-10-14T08:00:00+00:00,0.103000,3600
2024-10-14T09:00:00+00:00,0.095530,3600
2024-10-14T10:00:00+00:00,0.091560,3600
2024-10-14T11:00:00+00:00,0.085000,3600
2024-10-14T12:00:00+00:00,0.074160,3600
2024-10-14T13:00:00+00:00,0.088320,3600
2024-10-14T14:00:00+00:00,0.105790,3600
2024-10-14T15:00:00+00:00,0.158510,3600
2024-10-14T16:00:00+00:00,0.250000,3600
2024-10-14T17:00:00+00:00,0.263270,3600
2024-10-14T18:00:00+00:00,0.158000,3600
2024-10-14T19:00:00+00:00,0.113640,3600
2024-10-14T20:00:00+00:00,0.099660,3600
2024-10-14T21:00:00+00:00,0.094800,3600
2024-10-14T22:00:00+00:00,0.090400,3600
2024-10-14T23:00:00+00:00,0.086080,3600
2024-10-15T00:00:00+00:00,0.088760,3600
2024-10-15T01:00:00+00:00,0.084040,3600
2024-10-15T02:00:00+00:00,0.079940,3600
2024-10-15T03:00:00+00:00,0.087000,3600
2024-10-15T04:00:00+00:00,0.109900,3600
2024-10-15T05:00:00+00:00,0.175940,3600
2024-10-15T06:00:00+00:00,0.171130,3600
2024-10-15T07:00:00+00:00,0.110540,3600
2024-10-15T08:00:00+00:00,0.092740,3600
2024-10-15T09:00:00+00:00,0.083050,3600
2024-10-15T10:00:00+00:00,0.078470,3600
2024-10-15T11:00:00+00:00,0.071160,3600
2024-10-15T12:00:00+00:00,0.070030,3600
2024-10-15T13:00:00+00:00,0.077370,3600
2024-10-15T14:00:00+00:00,0.086330,3600
2024-10-15T15:00:00+00:00,0.116170,3600
2024-10-15T16:00:00+00:00,0.132180,3600
2024-10-15T17:00:00+00:00,0.101530,3600
2024-10-15T18:00:00+00:00,0.076900,3600
2024-10-15T19:00:00+00:00,0.066440,3600
2024-10-15T20:00:00+00:00,0.059240,3600
2024-10-15T21:00:00+00:00,0.042130,3600
2024-10-15T22:00:00+00:00,0.025540,3600
2024-10-15T23:00:00+00:00,0.012800,3600
2024-10-16T00:00:00+00:00,0.005300,3600
2024-10-16T01:00:00+00:00,0.003610,3600
2024-10-16T02:00:00+00:00,0.002860,3600
2024-10-16T03:00:00+00:00,0.007190,3600
2024-10-16T04:00:00+00:00,0.041360,3600
2024-10-16T05:00:00+00:00,0.061500,3600
2024-10-16T06:00:00+00:00,0.080100,3600
2024-10-16T07:00:00+00:00,0.054290,3600
2024-10-16T08:00:00+00:00,0.026680,3600
2024-10-16T09:00:00+00:00,0.014160,3600
2024-10-16T10:00:00+00:00,0.004090,3600
2024-10-16T11:00:00+00:00,0.002040,3600
2024-10-16T12:00:00+00:00,0.004000,3600
2024-10-16T13:00:00+00:00,0.014180,3600
2024-10-16T14:00:00+00:00,0.052000,3600
2024-10-16T15:00:00+00:00,0.099900,3600
2024-10-16T16:00:00+00:00,0.106000,3600
2024-10-16T17:00:00+00:00,0.104000,3600
2024-10-16T18:00:00+00:00,0.078740,3600
2024-10-16T19:00:00+00:00,0.067000,3600
2024-10-16T20:00:00+00:00,0.035140,3600
2024-10-16T21:00:00+00:00,0.026540,3600
2024-10-16T22:00:00+00:00,0.017040,3600
2024-10-16T23:00:00+00:00,0.012150,3600
2024-10-17T00:00:00+00:00,0.010480,3600
2024-10-17T01:00:00+00:00,0.005610,3600
2024-10-17T02:00:00+00:00,0.010010,3600
2024-10-17T03:00:00+00:00,0.028970,3600
2024-10-17T04:00:00+00:00,0.069220,3600
2024-10-17T05:00:00+00:00,0.098940,3600
2024-10-17T06:00:00+00:00,0.101800,3600
2024-10-17T07:00:00+00:00,0.104100,3600
2024-10-17T08:00:00+00:00,0.101910,3600
2024-10-17T09:00:00+00:00,0.098000,3600
2024-10-17T10:00:00+00:00,0.096000,3600
2024-10-17T11:00:00+00:00,0.094700,3600
2024-10-17T12:00:00+00:00,0.092600,3600
2024-10-17T13:00:00+00:00,0.096600,3600
2024-10-17T14:00:00+00:00,0.096000,3600
2024-10-17T15:00:00+00:00,0.124700,3600
2024-10-17T16:00:00+00:00,0.181320,3600
2024-10-17T17:00:00+00:00,0.171000,3600
2024-10-17T18:00:00+00:00,0.117500,3600
2024-10-17T19:00:00+00:00,0.100000,3600
2024-10-17T20:00:00+00:00,0.097000,3600
2024-10-17T21:00:00+00:00,0.088400,3600
2024-10-17T22:00:00+00:00,0.087270,3600
2024-10-17T23:00:00+00:00,0.085920,3600
2024-10-18T00:00:00+00:00,0.089710,3600
2024-10-18T01:00:00+00:00,0.082680,3600
2024-10-18T02:00:00+00:00,0.086970,3600
2024-10-18T03:00:00+00:00,0.087050,3600
2024-10-18T04:00:00+00:00,0.100580,3600
2024-10-18T05:00:00+00:00,0.146660,3600
2024-10-18T06:00:00+00:00,0.157670,3600
2024-10-18T07:00:00+00:00,0.118110,3600
2024-10-18T08:00:00+00:00,0.103450,3600
2024-10-18T09:00:00+00:00,0.089960,3600
2024-10-18T10:00:00+00:00,0.090330,3600
2024-10-18T11:00:00+00:00,0.086200,3600
2024-10-18T12:00:00+00:00,0.090530,3600
2024-10-18T13:00:00+00:00,0.086800,3600
2024-10-18T14:00:00+00:00,0.103290,3600
2024-10-18T15:00:00+00:00,0.133670,3600
2024-10-18T16:00:00+00:00,0.181000,3600
2024-10-18T17:00:00+00:00,0.142850,3600
2024-10-18T18:00:00+00:00,0.103250,3600
2024-10-18T19:00:00+00:00,0.097060,3600
2024-10-18T20:00:00+00:00,0.097130,3600
2024-10-18T21:00:00+00:00,0.086740,3600
2024-10-18T22:00:00+00:00,0.091090,3600
2024-10-18T23:00:00+00:00,0.092070,3600
2024-10-19T00:00:00+00:00,0.087880,3600
2024-10-19T01:00:00+00:00,0.081080,3600
2024-10-19T02:00:00+00:00,0.084650,3600
2024-10-19T03:00:00+00:00,0.083480,3600
2024-10-19T04:00:00+00:00,0.083210,3600
2024-10-19T05:00:00+00:00,0.090550,3600
2024-10-19T06:00:00+00:00,0.098700,3600
2024-10-19T07:00:00+00:00,0.091800,3600
2024-10-19T08:00:00+00:00,0.078590,3600
2024-10-19T09:00:00+00:00,0.072030,3600
2024-10-19T10:00:00+00:00,0.066000,3600
2024-10-19T11:00:00+00:00,0.060150,3600
2024-10-19T12:00:00+00:00,0.061000,3600
2024-10-19T13:00:00+00:00,0.075450,3600
2024-10-19T14:00:00+00:00,0.096000,3600
2024-10-19T15:00:00+00:00,0.106830,3600
2024-10-19T16:00:00+00:00,0.133130,3600
2024-10-19T17:00:00+00:00,0.117000,3600
2024-10-19T18:00:00+00:00,0.095450,3600
2024-10-19T19:00:00+00:00,0.088600,3600
2024-10-19T20:00:00+00:00,0.083410,3600
2024-10-19T21:00:00+00:00,0.073330,3600
2024-10-19T22:00:00+00:00,0.054040,3600
2024-10-19T23:00:00+00:00,0.054900,3600
2024-10-20T00:00:00+00:00,0.054580,3600
2024-10-20T01:00:00+00:00,0.055910,3600
2024-10-20T02:00:00+00:00,0.059590,3600
2024-10-20T03:00:00+00:00,0.063010,3600
2024-10-20T04:00:00+00:00,0.059950,3600
2024-10-20T05:00:00+00:00,0.073240,3600
2024-10-20T06:00:00+00:00,0.065800,3600
2024-10-20T07:00:00+00:00,0.044360,3600
2024-10-20T08:00:00+00:00,0.006370,3600
2024-10-20T09:00:00+00:00,0.000080,3600
2024-10-20T10:00:00+00:00,0.000000,3600
2024-10-20T11:00:00+00:00,-0.000980,3600
2024-10-20T12:00:00+00:00,-0.002010,3600
2024-10-20T13:00:00+00:00,0.000000,3600
2024-10-20T14:00:00+00:00,0.005000,3600
2024-10-20T15:00:00+00:00,0.055550,3600
2024-10-20T16:00:00+00:00,0.060000,3600
2024-10-20T17:00:00+00:00,0.047440,3600
2024-10-20T18:00:00+00:00,0.035090,3600
2024-10-20T19:00:00+00:00,0.021720,3600
2024-10-20T20:00:00+00:00,0.012660,3600
2024-10-20T21:00:00+00:00,0.002020,3600
2024-10-20T22:00:00+00:00,-0.000100,3600
2024-10-20T23:00:00+00:00,-0.000100,3600
2024-10-21T00:00:00+00:00,-0.000140,3600
2024-10-21T01:00:00+00:00,-0.000080,3600
2024-10-21T02:00:00+00:00,0.000000,3600
2024-10-21T03:00:00+00:00,0.003450,3600
2024-10-21T04:00:00+00:00,0.061960,3600
2024-10-21T05:00:00+00:00,0.104130,3600
2024-10-21T06:00:00+00:00,0.120350,3600
2024-10-21T07:00:00+00:00,0.103900,3600
2024-10-21T08:00:00+00:00,0.091000,3600
2024-10-21T09:00:00+00:00,0.084910,3600
2024-10-21T10:00:00+00:00,0.080000,3600
2024-10-21T11:00:00+00:00,0.083150,3600
2024-10-21T12:00:00+00:00,0.083190,3600
2024-10-21T13:00:00+00:00,0.095820,3600
2024-10-21T14:00:00+00:00,0.116570,3600
2024-10-21T15:00:00+00:00,0.130040,3600
2024-10-21T16:00:00+00:00,0.212150,3600
2024-10-21T17:00:00+00:00,0.188350,3600
2024-10-21T18:00:00+00:00,0.128180,3600
2024-10-21T19:00:00+00:00,0.100560,3600
2024-10-21T20:00:00+00:00,0.097790,3600
2024-10-21T21:00:00+00:00,0.092970,3600
2024-10-21T22:00:00+00:00,0.089420,3600
2024-10-21T23:00:00+00:00,0.087040,3600
2024-10-22T00:00:00+00:00,0.084330,3600
2024-10-22T01:00:00+00:00,0.083600,3600
2024-10-22T02:00:00+00:00,0.083020,3600
2024-10-22T03:00:00+00:00,0.086000,3600
2024-10-22T04:00:00+00:00,0.098140,3600
2024-10-22T05:00:00+00:00,0.150000,3600
2024-10-22T06:00:00+00:00,0.163010,3600
2024-10-22T07:00:00+00:00,0.113370,3600
2024-10-22T08:00:00+00:00,0.098790,3600
2024-10-22T09:00:00+00:00,0.088530,3600
2024-10-22T10:00:00+00:00,0.077610,3600
2024-10-22T11:00:00+00:00,0.070880,3600
2024-10-22T12:00:00+00:00,0.071930,3600
2024-10-22T13:00:00+00:00,0.081800,3600
2024-10-22T14:00:00+00:00,0.103110,3600
2024-10-22T15:00:00+00:00,0.107450,3600
2024-10-22T16:00:00+00:00,0.139920,3600
2024-10-22T17:00:00+00:00,0.158320,3600
2024-10-22T18:00:00+00:00,0.114280,3600
2024-10-22T19:00:00+00:00,0.099590,3600
2024-10-22T20:00:00+00:00,0.095730,3600
2024-10-22T21:00:00+00:00,0.088350,3600
2024-10-22T22:00:00+00:00,0.081160,3600
2024-10-22T23:00:00+00:00,0.083780,3600
2024-10-23T00:00:00+00:00,0.083530,3600
2024-10-23T01:00:00+00:00,0.085810,3600
2024-10-23T02:00:00+00:00,0.083690,3600
2024-10-23T03:00:00+00:00,0.090640,3600
2024-10-23T04:00:00+00:00,0.104720,3600
2024-10-23T05:00:00+00:00,0.137490,3600
2024-10-23T06:00:00+00:00,0.162410,3600
2024-10-23T07:00:00+00:00,0.127690,3600
2024-10-23T08:00:00+00:00,0.102200,3600
2024-10-23T09:00:00+00:00,0.091240,3600
2024-10-23T10:00:00+00:00,0.082360,3600
2024-10-23T11:00:00+00:00,0.077070,3600
2024-10-23T12:00:00+00:00,0.075420,3600
2024-10-23T13:00:00+00:00,0.084200,3600
2024-10-23T14:00:00+00:00,0.097370,3600
2024-10-23T15:00:00+00:00,0.139970,3600
2024-10-23T16:00:00+00:00,0.205360,3600
2024-10-23T17:00:00+00:00,0.176000,3600
2024-10-23T18:00:00+00:00,0.113160,3600
2024-10-23T19:00:00+00:00,0.101220,3600
2024-10-23T20:00:00+00:00,0.102930,3600
2024-10-23T21:00:00+00:00,0.093160,3600
2024-10-23T22:00:00+00:00,0.086760,3600
2024-10-23T23:00:00+00:00,0.080110,3600
2024-10-24T00:00:00+00:00,0.078100,3600
2024-10-24T01:00:00+00:00,0.075670,3600
2024-10-24T02:00:00+00:00,0.076070,3600
2024-10-24T03:00:00+00:00,0.080170,3600
2024-10-24T04:00:00+00:00,0.100350,3600
2024-10-24T05:00:00+00:00,0.141860,3600
2024-10-24T06:00:00+00:00,0.165390,3600
2024-10-24T07:00:00+00:00,0.114770,3600
2024-10-24T08:00:00+00:00,0.098310,3600
2024-10-24T09:00:00+00:00,0.089030,3600
2024-10-24T10:00:00+00:00,0.080000,3600
2024-10-24T11:00:00+00:00,0.075080,3600
2024-10-24T12:00:00+00:00,0.075130,3600
2024-10-24T13:00:00+00:00,0.087270,3600
2024-10-24T14:00:00+00:00,0.106150,3600
2024-10-24T15:00:00+00:00,0.123580,3600
2024-10-24T16:00:00+00:00,0.136370,3600
2024-10-24T17:00:00+00:00,0.116040,3600
2024-10-24T18:00:00+00:00,0.096610,3600
2024-10-24T19:00:00+00:00,0.093290,3600
2024-10-24T20:00:00+00:00,0.111460,3600
2024-10-24T21:00:00+00:00,0.083610,3600
2024-10-24T22:00:00+00:00,0.082500,3600
2024-10-24T23:00:00+00:00,0.082070,3600
2024-10-25T00:00:00+00:00,0.079690,3600
2024-10-25T01:00:00+00:00,0.082600,3600
2024-10-25T02:00:00+00:00,0.084470,3600
2024-10-25T03:00:00+00:00,0.094590,3600
2024-10-25T04:00:00+00:00,0.103430,3600
2024-10-25T05:00:00+00:00,0.120030,3600
2024-10-25T06:00:00+00:00,0.143200,3600
2024-10-25T07:00:00+00:00,0.118740,3600
2024-10-25T08:00:00+00:00,0.105140,3600
2024-10-25T09:00:00+00:00,0.090710,3600
2024-10-25T10:00:00+00:00,0.079140,3600
2024-10-25T11:00:00+00:00,0.076170,3600
2024-10-25T12:00:00+00:00,0.079900,3600
2024-10-25T13:00:00+00:00,0.094200,3600
2024-10-25T14:00:00+00:00,0.110500,3600
2024-10-25T15:00:00+00:00,0.145480,3600
2024-10-25T16:00:00+00:00,0.209410,3600
2024-10-25T17:00:00+00:00,0.176360,3600
2024-10-25T18:00:00+00:00,0.121680,3600
2024-10-25T19:00:00+00:00,0.113690,3600
2024-10-25T20:00:00+00:00,0.111490,3600
2024-10-25T21:00:00+00:00,0.104220,3600
2024-10-25T22:00:00+00:00,0.109950,3600
2024-10-25T23:00:00+00:00,0.104500,3600
2024-10-26T00:00:00+00:00,0.102700,3600
2024-10-26T01:00:00+00:00,0.102500,3600
2024-10-26T02:00:00+00:00,0.099230,3600
2024-10-26T03:00:00+00:00,0.100300,3600
2024-10-26T04:00:00+00:00,0.105260,3600
2024-10-26T05:00:00+00:00,0.118290,3600
2024-10-26T06:00:00+00:00,0.126000,3600
2024-10-26T07:00:00+00:00,0.121960,3600
2024-10-26T08:00:00+00:00,0.097000,3600
2024-10-26T09:00:00+00:00,0.078190,3600
2024-10-26T10:00:00+00:00,0.066110,3600
2024-10-26T11:00:00+00:00,0.062230,3600
2024-10-26T12:00:00+00:00,0.062700,3600
2024-10-26T13:00:00+00:00,0.075780,3600
2024-10-26T14:00:00+00:00,0.095630,3600
2024-10-26T15:00:00+00:00,0.124980,3600
2024-10-26T16:00:00+00:00,0.151650,3600
2024-10-26T17:00:00+00:00,0.118940,3600
2024-10-26T18:00:00+00:00,0.101000,3600
2024-10-26T19:00:00+00:00,0.106400,3600
2024-10-26T20:00:00+00:00,0.110100,3600
2024-10-26T21:00:00+00:00,0.085380,3600
2024-10-26T22:00:00+00:00,0.091560,3600
2024-10-26T23:00:00+00:00,0.084000,3600
2024-10-27T00:00:00+00:00,0.082230,3600
2024-10-27T01:00:00+00:00,0.080430,3600
2024-10-27T02:00:00+00:00,0.081120,3600
2024-10-27T03:00:00+00:00,0.077080,3600
2024-10-27T04:00:00+00:00,0.081700,3600
2024-10-27T05:00:00+00:00,0.091300,3600
2024-10-27T06:00:00+00:00,0.088250,3600
2024-10-27T07:00:00+00:00,0.084680,3600
2024-10-27T08:00:00+00:00,0.066720,3600
2024-10-27T09:00:00+00:00,0.054720,3600
2024-10-27T10:00:00+00:00,0.042500,3600
2024-10-27T11:00:00+00:00,0.039990,3600
2024-10-27T12:00:00+00:00,0.040000,3600
2024-10-27T13:00:00+00:00,0.063380,3600
2024-10-27T14:00:00+00:00,0.101880,3600
2024-10-27T15:00:00+00:00,0.117800,3600
2024-10-27T16:00:00+00:00,0.147250,3600
2024-10-27T17:00:00+00:00,0.150710,3600
2024-10-27T18:00:00+00:00,0.130480,3600
2024-10-27T19:00:00+00:00,0.118100,3600
2024-10-27T20:00:00+00:00,0.111390,3600
2024-10-27T21:00:00+00:00,0.109960,3600
2024-10-27T22:00:00+00:00,0.102990,3600
2024-10-27T23:00:00+00:00,0.093670,3600
2024-10-28T00:00:00+00:00,0.089380,3600
2024-10-28T01:00:00+00:00,0.084140,3600
2024-10-28T02:00:00+00:00,0.079400,3600
2024-10-28T03:00:00+00:00,0.079890,3600
2024-10-28T04:00:00+00:00,0.094120,3600
2024-10-28T05:00:00+00:00,0.094300,3600
2024-10-28T06:00:00+00:00,0.111100,3600
2024-10-28T07:00:00+00:00,0.111280,3600
2024-10-28T08:00:00+00:00,0.102920,3600
2024-10-28T09:00:00+00:00,0.094420,3600
2024-10-28T10:00:00+00:00,0.094510,3600
2024-10-28T11:00:00+00:00,0.091090,3600
2024-10-28T12:00:00+00:00,0.096750,3600
2024-10-28T13:00:00+00:00,0.108270,3600
2024-10-28T14:00:00+00:00,0.117180,3600
2024-10-28T15:00:00+00:00,0.116650,3600
2024-10-28T16:00:00+00:00,0.140000,3600
2024-10-28T17:00:00+00:00,0.149990,3600
2024-10-28T18:00:00+00:00,0.144440,3600
2024-10-28T19:00:00+00:00,0.120100,3600
2024-10-28T20:00:00+00:00,0.109900,3600
2024-10-28T21:00:00+00:00,0.108580,3600
2024-10-28T22:00:00+00:00,0.101020,3600
2024-10-28T23:00:00+00:00,0.097690,3600
2024-10-29T00:00:00+00:00,0.095700,3600
2024-10-29T01:00:00+00:00,0.094080,3600
2024-10-29T02:00:00+00:00,0.092920,3600
2024-10-29T03:00:00+00:00,0.094620,3600
2024-10-29T04:00:00+00:00,0.107050,3600
2024-10-29T05:00:00+00:00,0.120320,3600
2024-10-29T06:00:00+00:00,0.146290,3600
2024-10-29T07:00:00+00:00,0.144700,3600
2024-10-29T08:00:00+00:00,0.127070,3600
2024-10-29T09:00:00+00:00,0.118700,3600
2024-10-29T10:00:00+00:00,0.110810,3600
2024-10-29T11:00:00+00:00,0.104090,3600
2024-10-29T12:00:00+00:00,0.113460,3600
2024-10-29T13:00:00+00:00,0.129240,3600
2024-10-29T14:00:00+00:00,0.158300,3600
2024-10-29T15:00:00+00:00,0.192070,3600
2024-10-29T16:00:00+00:00,0.261070,3600
2024-10-29T17:00:00+00:00,0.247000,3600
2024-10-29T18:00:00+00:00,0.196850,3600
2024-10-29T19:00:00+00:00,0.136390,3600
2024-10-29T20:00:00+00:00,0.119900,3600
2024-10-29T21:00:00+00:00,0.113740,3600
2024-10-29T22:00:00+00:00,0.098720,3600
2024-10-29T23:00:00+00:00,0.097000,3600
2024-10-30T00:00:00+00:00,0.095300,3600
2024-10-30T01:00:00+00:00,0.093060,3600
2024-10-30T02:00:00+00:00,0.091320,3600
2024-10-30T03:00:00+00:00,0.092760,3600
2024-10-30T04:00:00+00:00,0.099870,3600
2024-10-30T05:00:00+00:00,0.117000,3600
2024-10-30T06:00:00+00:00,0.129330,3600
2024-10-30T07:00:00+00:00,0.132050,3600
2024-10-30T08:00:00+00:00,0.119900,3600
2024-10-30T09:00:00+00:00,0.108930,3600
2024-10-30T10:00:00+00:00,0.104230,3600
2024-10-30T11:00:00+00:00,0.098340,3600
2024-10-30T12:00:00+00:00,0.102150,3600
2024-10-30T13:00:00+00:00,0.105780,3600
2024-10-30T14:00:00+00:00,0.118810,3600
2024-10-30T15:00:00+00:00,0.149790,3600
2024-10-30T16:00:00+00:00,0.181000,3600
2024-10-30T17:00:00+00:00,0.185510,3600
2024-10-30T18:00:00+00:00,0.157020,3600
2024-10-30T19:00:00+00:00,0.129760,3600
2024-10-30T20:00:00+00:00,0.115760,3600
2024-10-30T21:00:00+00:00,0.111160,3600
2024-10-30T22:00:00+00:00,0.108920,3600
2024-10-30T23:00:00+00:00,0.101680,3600
2024-10-31T00:00:00+00:00,0.095710,3600
2024-10-31T01:00:00+00:00,0.093750,3600
2024-10-31T02:00:00+00:00,0.091870,3600
2024-10-31T03:00:00+00:00,0.094450,3600
2024-10-31T04:00:00+00:00,0.099220,3600
2024-10-31T05:00:00+00:00,0.116680,3600
2024-10-31T06:00:00+00:00,0.132090,3600
2024-10-31T07:00:00+00:00,0.131760,3600
2024-10-31T08:00:00+00:00,0.120760,3600
2024-10-31T09:00:00+00:00,0.103480,3600
2024-10-31T10:00:00+00:00,0.096330,3600
2024-10-31T11:00:00+00:00,0.088910,3600
2024-10-31T12:00:00+00:00,0.091550,3600
2024-10-31T13:00:00+00:00,0.097480,3600
2024-10-31T14:00:00+00:00,0.109280,3600
2024-10-31T15:00:00+00:00,0.121890,3600
2024-10-31T16:00:00+00:00,0.129290,3600
2024-10-31T17:00:00+00:00,0.138700,3600
2024-10-31T18:00:00+00:00,0.131100,3600
2024-10-31T19:00:00+00:00,0.110000,3600
2024-10-31T20:00:00+00:00,0.107000,3600
2024-10-31T21:00:00+00:00,0.107400,3600
2024-10-31T22:00:00+00:00,0.101720,3600
2024-10-31T23:00:00+00:00,0.127000,3600
2024-11-01T00:00:00+00:00,0.116000,3600
2024-11-01T01:00:00+00:00,0.099930,3600
2024-11-01T02:00:00+00:00,0.087530,3600
2024-11-01T03:00:00+00:00,0.075940,3600
2024-11-01T04:00:00+00:00,0.082030,3600
2024-11-01T05:00:00+00:00,0.089400,3600
2024-11-01T06:00:00+00:00,0.103000,3600
2024-11-01T07:00:00+00:00,0.109100,3600
2024-11-01T08:00:00+00:00,0.115000,3600
2024-11-01T09:00:00+00:00,0.104000,3600
2024-11-01T10:00:00+00:00,0.100000,3600
2024-11-01T11:00:00+00:00,0.091000,3600
2024-11-01T12:00:00+00:00,0.100000,3600
2024-11-01T13:00:00+00:00,0.110000,3600
2024-11-01T14:00:00+00:00,0.119180,3600
2024-11-01T15:00:00+00:00,0.128750,3600
2024-11-01T16:00:00+00:00,0.131400,3600
2024-11-01T17:00:00+00:00,0.135490,3600
2024-11-01T18:00:00+00:00,0.118900,3600
2024-11-01T19:00:00+00:00,0.113680,3600
2024-11-01T20:00:00+00:00,0.105000,3600
2024-11-01T21:00:00+00:00,0.102410,3600
2024-11-01T22:00:00+00:00,0.109900,3600
2024-11-01T23:00:00+00:00,0.095850,3600
2024-11-02T00:00:00+00:00,0.091360,3600
2024-11-02T01:00:00+00:00,0.088770,3600
2024-11-02T02:00:00+00:00,0.086000,3600
2024-11-02T03:00:00+00:00,0.086850,3600
2024-11-02T04:00:00+00:00,0.090760,3600
2024-11-02T05:00:00+00:00,0.096500,3600
2024-11-02T06:00:00+00:00,0.100110,3600
2024-11-02T07:00:00+00:00,0.101160,3600
2024-11-02T08:00:00+00:00,0.108200,3600
2024-11-02T09:00:00+00:00,0.090780,3600
2024-11-02T10:00:00+00:00,0.090740,3600
2024-11-02T11:00:00+00:00,0.087010,3600
2024-11-02T12:00:00+00:00,0.088970,3600
2024-11-02T13:00:00+00:00,0.100970,3600
2024-11-02T14:00:00+00:00,0.116880,3600
2024-11-02T15:00:00+00:00,0.131200,3600
2024-11-02T16:00:00+00:00,0.153180,3600
2024-11-02T17:00:00+00:00,0.144320,3600
2024-11-02T18:00:00+00:00,0.132790,3600
2024-11-02T19:00:00+00:00,0.119580,3600
2024-11-02T20:00:00+00:00,0.110970,3600
2024-11-02T21:00:00+00:00,0.106280,3600
2024-11-02T22:00:00+00:00,0.100610,3600
2024-11-02T23:00:00+00:00,0.101190,3600
2024-11-03T00:00:00+00:00,0.096290,3600
2024-11-03T01:00:00+00:00,0.088580,3600
2024-11-03T02:00:00+00:00,0.085080,3600
2024-11-03T03:00:00+00:00,0.086000,3600
2024-11-03T04:00:00+00:00,0.086910,3600
2024-11-03T05:00:00+00:00,0.094900,3600
2024-11-03T06:00:00+00:00,0.096860,3600
2024-11-03T07:00:00+00:00,0.087250,3600
2024-11-03T08:00:00+00:00,0.093020,3600
2024-11-03T09:00:00+00:00,0.068430,3600
2024-11-03T10:00:00+00:00,0.059290,3600
2024-11-03T11:00:00+00:00,0.052630,3600
2024-11-03T12:00:00+00:00,0.058540,3600
2024-11-03T13:00:00+00:00,0.080920,3600
2024-11-03T14:00:00+00:00,0.093520,3600
2024-11-03T15:00:00+00:00,0.111000,3600
2024-11-03T16:00:00+00:00,0.124280,3600
2024-11-03T17:00:00+00:00,0.125150,3600
2024-11-03T18:00:00+00:00,0.119900,3600
2024-11-03T19:00:00+00:00,0.110840,3600
2024-11-03T20:00:00+00:00,0.102130,3600
2024-11-03T21:00:00+00:00,0.100680,3600
2024-11-03T22:00:00+00:00,0.094710,3600
2024-11-03T23:00:00+00:00,0.092040,3600
2024-11-04T00:00:00+00:00,0.089960,3600
2024-11-04T01:00:00+00:00,0.090070,3600
2024-11-04T02:00:00+00:00,0.089180,3600
2024-11-04T03:00:00+00:00,0.090190,3600
2024-11-04T04:00:00+00:00,0.097480,3600
2024-11-04T05:00:00+00:00,0.122240,3600
2024-11-04T06:00:00+00:00,0.140000,3600
2024-11-04T07:00:00+00:00,0.137130,3600
2024-11-04T08:00:00+00:00,0.120130,3600
2024-11-04T09:00:00+00:00,0.099560,3600
2024-11-04T10:00:00+00:00,0.084200,3600
2024-11-04T11:00:00+00:00,0.083100,3600
2024-11-04T12:00:00+00:00,0.084200,3600
2024-11-04T13:00:00+00:00,0.094920,3600
2024-11-04T14:00:00+00:00,0.125630,3600
2024-11-04T15:00:00+00:00,0.174000,3600
2024-11-04T16:00:00+00:00,0.269760,3600
2024-11-04T17:00:00+00:00,0.231510,3600
2024-11-04T18:00:00+00:00,0.161230,3600
2024-11-04T19:00:00+00:00,0.123000,3600
2024-11-04T20:00:00+00:00,0.110100,3600
2024-11-04T21:00:00+00:00,0.105000,3600
2024-11-04T22:00:00+00:00,0.092720,3600
2024-11-04T23:00:00+00:00,0.083630,3600
2024-11-05T00:00:00+00:00,0.094000,3600
2024-11-05T01:00:00+00:00,0.090680,3600
2024-11-05T02:00:00+00:00,0.091300,3600
2024-11-05T03:00:00+00:00,0.094000,3600
2024-11-05T04:00:00+00:00,0.096090,3600
2024-11-05T05:00:00+00:00,0.106000,3600
2024-11-05T06:00:00+00:00,0.135990,3600
2024-11-05T07:00:00+00:00,0.136210,3600
2024-11-05T08:00:00+00:00,0.118230,3600
2024-11-05T09:00:00+00:00,0.105870,3600
2024-11-05T10:00:00+00:00,0.095280,3600
2024-11-05T11:00:00+00:00,0.094920,3600
2024-11-05T12:00:00+00:00,0.099250,3600
2024-11-05T13:00:00+00:00,0.107980,3600
2024-11-05T14:00:00+00:00,0.149860,3600
2024-11-05T15:00:00+00:00,0.303240,3600
2024-11-05T16:00:00+00:00,0.472990,3600
2024-11-05T17:00:00+00:00,0.431020,3600
2024-11-05T18:00:00+00:00,0.320330,3600
2024-11-05T19:00:00+00:00,0.169700,3600
2024-11-05T20:00:00+00:00,0.129900,3600
2024-11-05T21:00:00+00:00,0.117770,3600
2024-11-05T22:00:00+00:00,0.110030,3600
2024-11-05T23:00:00+00:00,0.100500,3600
2024-11-06T00:00:00+00:00,0.099050,3600
2024-11-06T01:00:00+00:00,0.095400,3600
2024-11-06T02:00:00+00:00,0.095830,3600
2024-11-06T03:00:00+00:00,0.098830,3600
2024-11-06T04:00:00+00:00,0.092910,3600
2024-11-06T05:00:00+00:00,0.121000,3600
2024-11-06T06:00:00+00:00,0.215780,3600
2024-11-06T07:00:00+00:00,0.194000,3600
2024-11-06T08:00:00+00:00,0.141970,3600
2024-11-06T09:00:00+00:00,0.130920,3600
2024-11-06T10:00:00+00:00,0.122120,3600
2024-11-06T11:00:00+00:00,0.121470,3600
2024-11-06T12:00:00+00:00,0.124110,3600
2024-11-06T13:00:00+00:00,0.136880,3600
2024-11-06T14:00:00+00:00,0.190700,3600
2024-11-06T15:00:00+00:00,0.315690,3600
2024-11-06T16:00:00+00:00,0.550000,3600
2024-11-06T17:00:00+00:00,0.545850,3600
2024-11-06T18:00:00+00:00,0.333500,3600
2024-11-06T19:00:00+00:00,0.175620,3600
2024-11-06T20:00:00+00:00,0.128970,3600
2024-11-06T21:00:00+00:00,0.113000,3600
2024-11-06T22:00:00+00:00,0.108700,3600
2024-11-06T23:00:00+00:00,0.108140,3600
2024-11-07T00:00:00+00:00,0.101110,3600
2024-11-07T01:00:00+00:00,0.098440,3600
2024-11-07T02:00:00+00:00,0.097240,3600
2024-11-07T03:00:00+00:00,0.098460,3600
2024-11-07T04:00:00+00:00,0.093600,3600
2024-11-07T05:00:00+00:00,0.099500,3600
2024-11-07T06:00:00+00:00,0.170940,3600
2024-11-07T07:00:00+00:00,0.161710,3600
2024-11-07T08:00:00+00:00,0.147650,3600
2024-11-07T09:00:00+00:00,0.141320,3600
2024-11-07T10:00:00+00:00,0.127930,3600
2024-11-07T11:00:00+00:00,0.122080,3600
2024-11-07T12:00:00+00:00,0.127220,3600
2024-11-07T13:00:00+00:00,0.128000,3600
2024-11-07T14:00:00+00:00,0.178890,3600
2024-11-07T15:00:00+00:00,0.242920,3600
2024-11-07T16:00:00+00:00,0.371140,3600
2024-11-07T17:00:00+00:00,0.277740,3600
2024-11-07T18:00:00+00:00,0.171190,3600
2024-11-07T19:00:00+00:00,0.130070,3600
2024-11-07T20:00:00+00:00,0.113920,3600
2024-11-07T21:00:00+00:00,0.111670,3600
2024-11-07T22:00:00+00:00,0.099870,3600
2024-11-07T23:00:00+00:00,0.098940,3600
2024-11-08T00:00:00+00:00,0.099080,3600
2024-11-08T01:00:00+00:00,0.096620,3600
2024-11-08T02:00:00+00:00,0.095600,3600
2024-11-08T03:00:00+00:00,0.096130,3600
2024-11-08T04:00:00+00:00,0.097630,3600
2024-11-08T05:00:00+00:00,0.103400,3600
2024-11-08T06:00:00+00:00,0.125980,3600
2024-11-08T07:00:00+00:00,0.132690,3600
2024-11-08T08:00:00+00:00,0.126190,3600
2024-11-08T09:00:00+00:00,0.117340,3600
2024-11-08T10:00:00+00:00,0.110940,3600
2024-11-08T11:00:00+00:00,0.105590,3600
2024-11-08T12:00:00+00:00,0.106810,3600
2024-11-08T13:00:00+00:00,0.112180,3600
2024-11-08T14:00:00+00:00,0.123590,3600
2024-11-08T15:00:00+00:00,0.129110,3600
2024-11-08T16:00:00+00:00,0.129080,3600
2024-11-08T17:00:00+00:00,0.133090,3600
2024-11-08T18:00:00+00:00,0.127390,3600
2024-11-08T19:00:00+00:00,0.115890,3600
2024-11-08T20:00:00+00:00,0.109610,3600
2024-11-08T21:00:00+00:00,0.113000,3600
2024-11-08T22:00:00+00:00,0.104060,3600
2024-11-08T23:00:00+00:00,0.105100,3600
2024-11-09T00:00:00+00:00,0.099960,3600
2024-11-09T01:00:00+00:00,0.098000,3600
2024-11-09T02:00:00+00:00,0.096680,3600
2024-11-09T03:00:00+00:00,0.098410,3600
2024-11-09T04:00:00+00:00,0.100600,3600
2024-11-09T05:00:00+00:00,0.104310,3600
2024-11-09T06:00:00+00:00,0.109870,3600
2024-11-09T07:00:00+00:00,0.114100,3600
2024-11-09T08:00:00+00:00,0.114600,3600
2024-11-09T09:00:00+00:00,0.109970,3600
2024-11-09T10:00:00+00:00,0.106400,3600
2024-11-09T11:00:00+00:00,0.106880,3600
2024-11-09T12:00:00+00:00,0.108000,3600
2024-11-09T13:00:00+00:00,0.110180,3600
2024-11-09T14:00:00+00:00,0.119920,3600
2024-11-09T15:00:00+00:00,0.133300,3600
2024-11-09T16:00:00+00:00,0.144800,3600
2024-11-09T17:00:00+00:00,0.145960,3600
2024-11-09T18:00:00+00:00,0.139270,3600
2024-11-09T19:00:00+00:00,0.128320,3600
2024-11-09T20:00:00+00:00,0.117960,3600
2024-11-09T21:00:00+00:00,0.114530,3600
2024-11-09T22:00:00+00:00,0.110100,3600
2024-11-09T23:00:00+00:00,0.104990,3600
2024-11-10T00:00:00+00:00,0.102280,3600
2024-11-10T01:00:00+00:00,0.101290,3600
2024-11-10T02:00:00+00:00,0.099440,3600
2024-11-10T03:00:00+00:00,0.099190,3600
2024-11-10T04:00:00+00:00,0.099890,3600
2024-11-10T05:00:00+00:00,0.099550,3600
2024-11-10T06:00:00+00:00,0.102450,3600
2024-11-10T07:00:00+00:00,0.104280,3600
2024-11-10T08:00:00+00:00,0.110910,3600
2024-11-10T09:00:00+00:00,0.112170,3600
2024-11-10T10:00:00+00:00,0.110130,3600
2024-11-10T11:00:00+00:00,0.110920,3600
2024-11-10T12:00:00+00:00,0.108230,3600
2024-11-10T13:00:00+00:00,0.110930,3600
2024-11-10T14:00:00+00:00,0.121390,3600
2024-11-10T15:00:00+00:00,0.130770,3600
2024-11-10T16:00:00+00:00,0.145520,3600
2024-11-10T17:00:00+00:00,0.144200,3600
2024-11-10T18:00:00+00:00,0.137570,3600
2024-11-10T19:00:00+00:00,0.125310,3600
2024-11-10T20:00:00+00:00,0.115280,3600
2024-11-10T21:00:00+00:00,0.111100,3600
2024-11-10T22:00:00+00:00,0.108020,3600
2024-11-10T23:00:00+00:00,0.109550,3600
2024-11-11T00:00:00+00:00,0.103380,3600
2024-11-11T01:00:00+00:00,0.099910,3600
2024-11-11T02:00:00+00:00,0.096000,3600
2024-11-11T03:00:00+00:00,0.095010,3600
2024-11-11T04:00:00+00:00,0.082000,3600
2024-11-11T05:00:00+00:00,0.091700,3600
2024-11-11T06:00:00+00:00,0.118910,3600
2024-11-11T07:00:00+00:00,0.130550,3600
2024-11-11T08:00:00+00:00,0.119900,3600
2024-11-11T09:00:00+00:00,0.108280,3600
2024-11-11T10:00:00+00:00,0.064250,3600
2024-11-11T11:00:00+00:00,0.087970,3600
2024-11-11T12:00:00+00:00,0.101000,3600
2024-11-11T13:00:00+00:00,0.109000,3600
2024-11-11T14:00:00+00:00,0.102600,3600
2024-11-11T15:00:00+00:00,0.116200,3600
2024-11-11T16:00:00+00:00,0.145770,3600
2024-11-11T17:00:00+00:00,0.144100,3600
2024-11-11T18:00:00+00:00,0.131690,3600
2024-11-11T19:00:00+00:00,0.120000,3600
2024-11-11T20:00:00+00:00,0.110200,3600
2024-11-11T21:00:00+00:00,0.107860,3600
2024-11-11T22:00:00+00:00,0.104330,3600
2024-11-11T23:00:00+00:00,0.101200,3600
2024-11-12T00:00:00+00:00,0.102000,3600
2024-11-12T01:00:00+00:00,0.095200,3600
2024-11-12T02:00:00+00:00,0.093750,3600
2024-11-12T03:00:00+00:00,0.093160,3600
2024-11-12T04:00:00+00:00,0.103110,3600
2024-11-12T05:00:00+00:00,0.089200,3600
2024-11-12T06:00:00+00:00,0.111500,3600
2024-11-12T07:00:00+00:00,0.180000,3600
2024-11-12T08:00:00+00:00,0.133200,3600
2024-11-12T09:00:00+00:00,0.158990,3600
2024-11-12T10:00:00+00:00,0.125520,3600
2024-11-12T11:00:00+00:00,0.124910,3600
2024-11-12T12:00:00+00:00,0.147310,3600
2024-11-12T13:00:00+00:00,0.160720,3600
2024-11-12T14:00:00+00:00,0.200000,3600
2024-11-12T15:00:00+00:00,0.245740,3600
2024-11-12T16:00:00+00:00,0.292330,3600
2024-11-12T17:00:00+00:00,0.216000,3600
2024-11-12T18:00:00+00:00,0.168340,3600
2024-11-12T19:00:00+00:00,0.146670,3600
2024-11-12T20:00:00+00:00,0.130510,3600
2024-11-12T21:00:00+00:00,0.124440,3600
2024-11-12T22:00:00+00:00,0.115330,3600
2024-11-12T23:00:00+00:00,0.114700,3600
2024-11-13T00:00:00+00:00,0.109950,3600
2024-11-13T01:00:00+00:00,0.106560,3600
2024-11-13T02:00:00+00:00,0.105660,3600
2024-11-13T03:00:00+00:00,0.107870,3600
2024-11-13T04:00:00+00:00,0.114300,3600
2024-11-13T05:00:00+00:00,0.130310,3600
2024-11-13T06:00:00+00:00,0.160770,3600
2024-11-13T07:00:00+00:00,0.212710,3600
2024-11-13T08:00:00+00:00,0.213910,3600
2024-11-13T09:00:00+00:00,0.189780,3600
2024-11-13T10:00:00+00:00,0.169790,3600
2024-11-13T11:00:00+00:00,0.155700,3600
2024-11-13T12:00:00+00:00,0.153700,3600
2024-11-13T13:00:00+00:00,0.153420,3600
2024-11-13T14:00:00+00:00,0.162070,3600
2024-11-13T15:00:00+00:00,0.169590,3600
2024-11-13T16:00:00+00:00,0.177520,3600
2024-11-13T17:00:00+00:00,0.175000,3600
2024-11-13T18:00:00+00:00,0.162820,3600
2024-11-13T19:00:00+00:00,0.128500,3600
2024-11-13T20:00:00+00:00,0.116270,3600
2024-11-13T21:00:00+00:00,0.114230,3600
2024-11-13T22:00:00+00:00,0.106810,3600
2024-11-13T23:00:00+00:00,0.101700,3600
2024-11-14T00:00:00+00:00,0.100000,3600
2024-11-14T01:00:00+00:00,0.096140,3600
2024-11-14T02:00:00+00:00,0.092370,3600
2024-11-14T03:00:00+00:00,0.091630,3600
2024-11-14T04:00:00+00:00,0.092930,3600
2024-11-14T05:00:00+00:00,0.105270,3600
2024-11-14T06:00:00+00:00,0.114070,3600
2024-11-14T07:00:00+00:00,0.129100,3600
2024-11-14T08:00:00+00:00,0.125760,3600
2024-11-14T09:00:00+00:00,0.126800,3600
2024-11-14T10:00:00+00:00,0.126340,3600
2024-11-14T11:00:00+00:00,0.123820,3600
2024-11-14T12:00:00+00:00,0.128090,3600
2024-11-14T13:00:00+00:00,0.134190,3600
2024-11-14T14:00:00+00:00,0.143150,3600
2024-11-14T15:00:00+00:00,0.147760,3600
2024-11-14T16:00:00+00:00,0.157160,3600
2024-11-14T17:00:00+00:00,0.155240,3600
2024-11-14T18:00:00+00:00,0.149120,3600
2024-11-14T19:00:00+00:00,0.138960,3600
2024-11-14T20:00:00+00:00,0.129530,3600
2024-11-14T21:00:00+00:00,0.122890,3600
2024-11-14T22:00:00+00:00,0.112560,3600
2024-11-14T23:00:00+00:00,0.110660,3600
2024-11-15T00:00:00+00:00,0.106800,3600
2024-11-15T01:00:00+00:00,0.107070,3600
2024-11-15T02:00:00+00:00,0.103700,3600
2024-11-15T03:00:00+00:00,0.104500,3600
2024-11-15T04:00:00+00:00,0.108780,3600
2024-11-15T05:00:00+00:00,0.129800,3600
2024-11-15T06:00:00+00:00,0.145230,3600
2024-11-15T07:00:00+00:00,0.158520,3600
2024-11-15T08:00:00+00:00,0.149970,3600
2024-11-15T09:00:00+00:00,0.137580,3600
2024-11-15T10:00:00+00:00,0.133510,3600
2024-11-15T11:00:00+00:00,0.121640,3600
2024-11-15T12:00:00+00:00,0.121500,3600
2024-11-15T13:00:00+00:00,0.130100,3600
2024-11-15T14:00:00+00:00,0.138140,3600
2024-11-15T15:00:00+00:00,0.133190,3600
2024-11-15T16:00:00+00:00,0.137030,3600
2024-11-15T17:00:00+00:00,0.135540,3600
2024-11-15T18:00:00+00:00,0.128000,3600
2024-11-15T19:00:00+00:00,0.115730,3600
2024-11-15T20:00:00+00:00,0.110740,3600
2024-11-15T21:00:00+00:00,0.108190,3600
2024-11-15T22:00:00+00:00,0.093550,3600
2024-11-15T23:00:00+00:00,0.102650,3600
2024-11-16T00:00:00+00:00,0.099090,3600
2024-11-16T01:00:00+00:00,0.097910,3600
2024-11-16T02:00:00+00:00,0.096070,3600
2024-11-16T03:00:00+00:00,0.089780,3600
2024-11-16T04:00:00+00:00,0.086950,3600
2024-11-16T05:00:00+00:00,0.078600,3600
2024-11-16T06:00:00+00:00,0.090100,3600
2024-11-16T07:00:00+00:00,0.104750,3600
2024-11-16T08:00:00+00:00,0.118400,3600
2024-11-16T09:00:00+00:00,0.114900,3600
2024-11-16T10:00:00+00:00,0.111410,3600
2024-11-16T11:00:00+00:00,0.108980,3600
2024-11-16T12:00:00+00:00,0.101760,3600
2024-11-16T13:00:00+00:00,0.100000,3600
2024-11-16T14:00:00+00:00,0.102580,3600
2024-11-16T15:00:00+00:00,0.112050,3600
2024-11-16T16:00:00+00:00,0.126530,3600
2024-11-16T17:00:00+00:00,0.122500,3600
2024-11-16T18:00:00+00:00,0.111000,3600
2024-11-16T19:00:00+00:00,0.119300,3600
2024-11-16T20:00:00+00:00,0.119300,3600
2024-11-16T21:00:00+00:00,0.117620,3600
2024-11-16T22:00:00+00:00,0.095960,3600
2024-11-16T23:00:00+00:00,0.096050,3600
2024-11-17T00:00:00+00:00,0.090920,3600
2024-11-17T01:00:00+00:00,0.074330,3600
2024-11-17T02:00:00+00:00,0.061180,3600
2024-11-17T03:00:00+00:00,0.045530,3600
2024-11-17T04:00:00+00:00,0.039300,3600
2024-11-17T05:00:00+00:00,0.046600,3600
2024-11-17T06:00:00+00:00,0.064040,3600
2024-11-17T07:00:00+00:00,0.085700,3600
2024-11-17T08:00:00+00:00,0.092800,3600
2024-11-17T09:00:00+00:00,0.045030,3600
2024-11-17T10:00:00+00:00,0.013800,3600
2024-11-17T11:00:00+00:00,0.024470,3600
2024-11-17T12:00:00+00:00,0.014930,3600
2024-11-17T13:00:00+00:00,0.059800,3600
2024-11-17T14:00:00+00:00,0.082190,3600
2024-11-17T15:00:00+00:00,0.113800,3600
2024-11-17T16:00:00+00:00,0.130600,3600
2024-11-17T17:00:00+00:00,0.124900,3600
2024-11-17T18:00:00+00:00,0.100000,3600
2024-11-17T19:00:00+00:00,0.124970,3600
2024-11-17T20:00:00+00:00,0.115000,3600
2024-11-17T21:00:00+00:00,0.119900,3600
2024-11-17T22:00:00+00:00,0.110000,3600
2024-11-17T23:00:00+00:00,0.095200,3600
2024-11-18T00:00:00+00:00,0.082500,3600
2024-11-18T01:00:00+00:00,0.091180,3600
2024-11-18T02:00:00+00:00,0.093500,3600
2024-11-18T03:00:00+00:00,0.082330,3600
2024-11-18T04:00:00+00:00,0.091130,3600
2024-11-18T05:00:00+00:00,0.098040,3600
2024-11-18T06:00:00+00:00,0.122960,3600
2024-11-18T07:00:00+00:00,0.123110,3600
2024-11-18T08:00:00+00:00,0.120550,3600
2024-11-18T09:00:00+00:00,0.120000,3600
2024-11-18T10:00:00+00:00,0.110000,3600
2024-11-18T11:00:00+00:00,0.095470,3600
2024-11-18T12:00:00+00:00,0.096800,3600
2024-11-18T13:00:00+00:00,0.115100,3600
2024-11-18T14:00:00+00:00,0.123060,3600
2024-11-18T15:00:00+00:00,0.144000,3600
2024-11-18T16:00:00+00:00,0.159700,3600
2024-11-18T17:00:00+00:00,0.163560,3600
2024-11-18T18:00:00+00:00,0.154420,3600
2024-11-18T19:00:00+00:00,0.129760,3600
2024-11-18T20:00:00+00:00,0.117810,3600
2024-11-18T21:00:00+00:00,0.116990,3600
2024-11-18T22:00:00+00:00,0.108400,3600
2024-11-18T23:00:00+00:00,0.107060,3600
2024-11-19T00:00:00+00:00,0.101400,3600
2024-11-19T01:00:00+00:00,0.095580,3600
2024-11-19T02:00:00+00:00,0.086790,3600
2024-11-19T03:00:00+00:00,0.080680,3600
2024-11-19T04:00:00+00:00,0.086790,3600
2024-11-19T05:00:00+00:00,0.109970,3600
2024-11-19T06:00:00+00:00,0.125400,3600
2024-11-19T07:00:00+00:00,0.144870,3600
2024-11-19T08:00:00+00:00,0.148990,3600
2024-11-19T09:00:00+00:00,0.146740,3600
2024-11-19T10:00:00+00:00,0.152810,3600
2024-11-19T11:00:00+00:00,0.143800,3600
2024-11-19T12:00:00+00:00,0.144130,3600
2024-11-19T13:00:00+00:00,0.133020,3600
2024-11-19T14:00:00+00:00,0.128760,3600
2024-11-19T15:00:00+00:00,0.132890,3600
2024-11-19T16:00:00+00:00,0.139900,3600
2024-11-19T17:00:00+00:00,0.134930,3600
2024-11-19T18:00:00+00:00,0.126300,3600
2024-11-19T19:00:00+00:00,0.117150,3600
2024-11-19T20:00:00+00:00,0.109370,3600
2024-11-19T21:00:00+00:00,0.105440,3600
2024-11-19T22:00:00+00:00,0.089900,3600
2024-11-19T23:00:00+00:00,0.100600,3600
2024-11-20T00:00:00+00:00,0.091590,3600
2024-11-20T01:00:00+00:00,0.086600,3600
2024-11-20T02:00:00+00:00,0.081530,3600
2024-11-20T03:00:00+00:00,0.081010,3600
2024-11-20T04:00:00+00:00,0.091870,3600
2024-11-20T05:00:00+00:00,0.106320,3600
2024-11-20T06:00:00+00:00,0.133340,3600
2024-11-20T07:00:00+00:00,0.142870,3600
2024-11-20T08:00:00+00:00,0.139970,3600
2024-11-20T09:00:00+00:00,0.118900,3600
2024-11-20T10:00:00+00:00,0.107770,3600
2024-11-20T11:00:00+00:00,0.097260,3600
2024-11-20T12:00:00+00:00,0.097360,3600
2024-11-20T13:00:00+00:00,0.106400,3600
2024-11-20T14:00:00+00:00,0.126420,3600
2024-11-20T15:00:00+00:00,0.134180,3600
2024-11-20T16:00:00+00:00,0.142130,3600
2024-11-20T17:00:00+00:00,0.142700,3600
2024-11-20T18:00:00+00:00,0.140620,3600
2024-11-20T19:00:00+00:00,0.135980,3600
2024-11-20T20:00:00+00:00,0.120100,3600
2024-11-20T21:00:00+00:00,0.115820,3600
2024-11-20T22:00:00+00:00,0.103500,3600
2024-11-20T23:00:00+00:00,0.093960,3600
2024-11-21T00:00:00+00:00,0.090400,3600
2024-11-21T01:00:00+00:00,0.086800,3600
2024-11-21T02:00:00+00:00,0.084150,3600
2024-11-21T03:00:00+00:00,0.084230,3600
2024-11-21T04:00:00+00:00,0.092880,3600
2024-11-21T05:00:00+00:00,0.108290,3600
2024-11-21T06:00:00+00:00,0.122270,3600
2024-11-21T07:00:00+00:00,0.133350,3600
2024-11-21T08:00:00+00:00,0.135010,3600
2024-11-21T09:00:00+00:00,0.127380,3600
2024-11-21T10:00:00+00:00,0.115500,3600
2024-11-21T11:00:00+00:00,0.113620,3600
2024-11-21T12:00:00+00:00,0.120960,3600
2024-11-21T13:00:00+00:00,0.137210,3600
2024-11-21T14:00:00+00:00,0.149070,3600
2024-11-21T15:00:00+00:00,0.167130,3600
2024-11-21T16:00:00+00:00,0.175310,3600
2024-11-21T17:00:00+00:00,0.158210,3600
2024-11-21T18:00:00+00:00,0.151160,3600
2024-11-21T19:00:00+00:00,0.130040,3600
2024-11-21T20:00:00+00:00,0.122140,3600
2024-11-21T21:00:00+00:00,0.121220,3600
2024-11-21T22:00:00+00:00,0.106820,3600
2024-11-21T23:00:00+00:00,0.114500,3600
2024-11-22T00:00:00+00:00,0.104020,3600
2024-11-22T01:00:00+00:00,0.096240,3600
2024-11-22T02:00:00+00:00,0.090010,3600
2024-11-22T03:00:00+00:00,0.087200,3600
2024-11-22T04:00:00+00:00,0.091600,3600
2024-11-22T05:00:00+00:00,0.115300,3600
2024-11-22T06:00:00+00:00,0.135060,3600
2024-11-22T07:00:00+00:00,0.144210,3600
2024-11-22T08:00:00+00:00,0.141050,3600
2024-11-22T09:00:00+00:00,0.132940,3600
2024-11-22T10:00:00+00:00,0.116880,3600
2024-11-22T11:00:00+00:00,0.106000,3600
2024-11-22T12:00:00+00:00,0.094500,3600
2024-11-22T13:00:00+00:00,0.094870,3600
2024-11-22T14:00:00+00:00,0.108870,3600
2024-11-22T15:00:00+00:00,0.114030,3600
2024-11-22T16:00:00+00:00,0.130000,3600
2024-11-22T17:00:00+00:00,0.135010,3600
2024-11-22T18:00:00+00:00,0.132970,3600
2024-11-22T19:00:00+00:00,0.129100,3600
2024-11-22T20:00:00+00:00,0.107230,3600
2024-11-22T21:00:00+00:00,0.120400,3600
2024-11-22T22:00:00+00:00,0.129480,3600
2024-11-22T23:00:00+00:00,0.121610,3600
2024-11-23T00:00:00+00:00,0.113880,3600
2024-11-23T01:00:00+00:00,0.103360,3600
2024-11-23T02:00:00+00:00,0.092400,3600
2024-11-23T03:00:00+00:00,0.080000,3600
2024-11-23T04:00:00+00:00,0.087100,3600
2024-11-23T05:00:00+00:00,0.084660,3600
2024-11-23T06:00:00+00:00,0.090400,3600
2024-11-23T07:00:00+00:00,0.097950,3600
2024-11-23T08:00:00+00:00,0.085620,3600
2024-11-23T09:00:00+00:00,0.090000,3600
2024-11-23T10:00:00+00:00,0.085980,3600
2024-11-23T11:00:00+00:00,0.088620,3600
2024-11-23T12:00:00+00:00,0.078000,3600
2024-11-23T13:00:00+00:00,0.085680,3600
2024-11-23T14:00:00+00:00,0.100620,3600
2024-11-23T15:00:00+00:00,0.085460,3600
2024-11-23T16:00:00+00:00,0.095560,3600
2024-11-23T17:00:00+00:00,0.089000,3600
2024-11-23T18:00:00+00:00,0.075170,3600
2024-11-23T19:00:00+00:00,0.063750,3600
2024-11-23T20:00:00+00:00,0.051310,3600
2024-11-23T21:00:00+00:00,0.042140,3600
2024-11-23T22:00:00+00:00,0.019290,3600
2024-11-23T23:00:00+00:00,0.004660,3600
2024-11-24T00:00:00+00:00,0.001720,3600
2024-11-24T01:00:00+00:00,0.000000,3600
2024-11-24T02:00:00+00:00,-0.001070,3600
2024-11-24T03:00:00+00:00,-0.001900,3600
2024-11-24T04:00:00+00:00,-0.002090,3600
2024-11-24T05:00:00+00:00,-0.002670,3600
2024-11-24T06:00:00+00:00,-0.000030,3600
2024-11-24T07:00:00+00:00,0.001370,3600
2024-11-24T08:00:00+00:00,0.003750,3600
2024-11-24T09:00:00+00:00,0.002070,3600
2024-11-24T10:00:00+00:00,0.001250,3600
2024-11-24T11:00:00+00:00,0.002220,3600
2024-11-24T12:00:00+00:00,0.001350,3600
2024-11-24T13:00:00+00:00,0.004780,3600
2024-11-24T14:00:00+00:00,0.008920,3600
2024-11-24T15:00:00+00:00,0.041500,3600
2024-11-24T16:00:00+00:00,0.078000,3600
2024-11-24T17:00:00+00:00,0.060000,3600
2024-11-24T18:00:00+00:00,0.059900,3600
2024-11-24T19:00:00+00:00,0.039000,3600
2024-11-24T20:00:00+00:00,0.014720,3600
2024-11-24T21:00:00+00:00,0.008410,3600
2024-11-24T22:00:00+00:00,0.004000,3600
2024-11-24T23:00:00+00:00,0.000430,3600
2024-11-25T00:00:00+00:00,0.000010,3600
2024-11-25T01:00:00+00:00,-0.000550,3600
2024-11-25T02:00:00+00:00,-0.001090,3600
2024-11-25T03:00:00+00:00,-0.000340,3600
2024-11-25T04:00:00+00:00,-0.000050,3600
2024-11-25T05:00:00+00:00,0.001930,3600
2024-11-25T06:00:00+00:00,0.057000,3600
2024-11-25T07:00:00+00:00,0.097000,3600
2024-11-25T08:00:00+00:00,0.118590,3600
2024-11-25T09:00:00+00:00,0.128200,3600
2024-11-25T10:00:00+00:00,0.123000,3600
2024-11-25T11:00:00+00:00,0.112000,3600
2024-11-25T12:00:00+00:00,0.112200,3600
2024-11-25T13:00:00+00:00,0.114000,3600
2024-11-25T14:00:00+00:00,0.115680,3600
2024-11-25T15:00:00+00:00,0.125000,3600
2024-11-25T16:00:00+00:00,0.149000,3600
2024-11-25T17:00:00+00:00,0.138210,3600
2024-11-25T18:00:00+00:00,0.118990,3600
2024-11-25T19:00:00+00:00,0.096350,3600
2024-11-25T20:00:00+00:00,0.083400,3600
2024-11-25T21:00:00+00:00,0.088080,3600
2024-11-25T22:00:00+00:00,0.070710,3600
2024-11-25T23:00:00+00:00,0.090100,3600
2024-11-26T00:00:00+00:00,0.079060,3600
2024-11-26T01:00:00+00:00,0.078620,3600
2024-11-26T02:00:00+00:00,0.071230,3600
2024-11-26T03:00:00+00:00,0.072980,3600
2024-11-26T04:00:00+00:00,0.082380,3600
2024-11-26T05:00:00+00:00,0.101450,3600
2024-11-26T06:00:00+00:00,0.110000,3600
2024-11-26T07:00:00+00:00,0.136150,3600
2024-11-26T08:00:00+00:00,0.126990,3600
2024-11-26T09:00:00+00:00,0.112090,3600
2024-11-26T10:00:00+00:00,0.100000,3600
2024-11-26T11:00:00+00:00,0.091950,3600
2024-11-26T12:00:00+00:00,0.101640,3600
2024-11-26T13:00:00+00:00,0.115710,3600
2024-11-26T14:00:00+00:00,0.124250,3600
2024-11-26T15:00:00+00:00,0.144020,3600
2024-11-26T16:00:00+00:00,0.155180,3600
2024-11-26T17:00:00+00:00,0.160640,3600
2024-11-26T18:00:00+00:00,0.152940,3600
2024-11-26T19:00:00+00:00,0.127030,3600
2024-11-26T20:00:00+00:00,0.118630,3600
2024-11-26T21:00:00+00:00,0.122500,3600
2024-11-26T22:00:00+00:00,0.113600,3600
2024-11-26T23:00:00+00:00,0.111060,3600
2024-11-27T00:00:00+00:00,0.110000,3600
2024-11-27T01:00:00+00:00,0.110000,3600
2024-11-27T02:00:00+00:00,0.103210,3600
2024-11-27T03:00:00+00:00,0.100870,3600
2024-11-27T04:00:00+00:00,0.112110,3600
2024-11-27T05:00:00+00:00,0.128800,3600
2024-11-27T06:00:00+00:00,0.128900,3600
2024-11-27T07:00:00+00:00,0.166000,3600
2024-11-27T08:00:00+00:00,0.131000,3600
2024-11-27T09:00:00+00:00,0.139070,3600
2024-11-27T10:00:00+00:00,0.134390,3600
2024-11-27T11:00:00+00:00,0.125810,3600
2024-11-27T12:00:00+00:00,0.124400,3600
2024-11-27T13:00:00+00:00,0.119870,3600
2024-11-27T14:00:00+00:00,0.124000,3600
2024-11-27T15:00:00+00:00,0.116390,3600
2024-11-27T16:00:00+00:00,0.113740,3600
2024-11-27T17:00:00+00:00,0.109900,3600
2024-11-27T18:00:00+00:00,0.101000,3600
2024-11-27T19:00:00+00:00,0.078980,3600
2024-11-27T20:00:00+00:00,0.079970,3600
2024-11-27T21:00:00+00:00,0.085700,3600
2024-11-27T22:00:00+00:00,0.059900,3600
2024-11-27T23:00:00+00:00,0.050100,3600
2024-11-28T00:00:00+00:00,0.041210,3600
2024-11-28T01:00:00+00:00,0.035130,3600
2024-11-28T02:00:00+00:00,0.038000,3600
2024-11-28T03:00:00+00:00,0.059900,3600
2024-11-28T04:00:00+00:00,0.092040,3600
2024-11-28T05:00:00+00:00,0.100100,3600
2024-11-28T06:00:00+00:00,0.132100,3600
2024-11-28T07:00:00+00:00,0.148290,3600
2024-11-28T08:00:00+00:00,0.140360,3600
2024-11-28T09:00:00+00:00,0.099010,3600
2024-11-28T10:00:00+00:00,0.098700,3600
2024-11-28T11:00:00+00:00,0.096160,3600
2024-11-28T12:00:00+00:00,0.098990,3600
2024-11-28T13:00:00+00:00,0.114400,3600
2024-11-28T14:00:00+00:00,0.118800,3600
2024-11-28T15:00:00+00:00,0.133930,3600
2024-11-28T16:00:00+00:00,0.151000,3600
2024-11-28T17:00:00+00:00,0.158240,3600
2024-11-28T18:00:00+00:00,0.154040,3600
2024-11-28T19:00:00+00:00,0.143390,3600
2024-11-28T20:00:00+00:00,0.131260,3600
2024-11-28T21:00:00+00:00,0.122160,3600
2024-11-28T22:00:00+00:00,0.112600,3600
2024-11-28T23:00:00+00:00,0.110300,3600
2024-11-29T00:00:00+00:00,0.107010,3600
2024-11-29T01:00:00+00:00,0.103470,3600
2024-11-29T02:00:00+00:00,0.101520,3600
2024-11-29T03:00:00+00:00,0.102830,3600
2024-11-29T04:00:00+00:00,0.112270,3600
2024-11-29T05:00:00+00:00,0.130660,3600
2024-11-29T06:00:00+00:00,0.160730,3600
2024-11-29T07:00:00+00:00,0.173560,3600
2024-11-29T08:00:00+00:00,0.157370,3600
2024-11-29T09:00:00+00:00,0.138350,3600
2024-11-29T10:00:00+00:00,0.120060,3600
2024-11-29T11:00:00+00:00,0.110050,3600
2024-11-29T12:00:00+00:00,0.114260,3600
2024-11-29T13:00:00+00:00,0.109300,3600
2024-11-29T14:00:00+00:00,0.124200,3600
2024-11-29T15:00:00+00:00,0.146220,3600
2024-11-29T16:00:00+00:00,0.149350,3600
2024-11-29T17:00:00+00:00,0.142030,3600
2024-11-29T18:00:00+00:00,0.131870,3600
2024-11-29T19:00:00+00:00,0.119900,3600
2024-11-29T20:00:00+00:00,0.112100,3600
2024-11-29T21:00:00+00:00,0.113930,3600
2024-11-29T22:00:00+00:00,0.103280,3600
2024-11-29T23:00:00+00:00,0.099500,3600
2024-11-30T00:00:00+00:00,0.092690,3600
2024-11-30T01:00:00+00:00,0.089620,3600
2024-11-30T02:00:00+00:00,0.086620,3600
2024-11-30T03:00:00+00:00,0.088040,3600
2024-11-30T04:00:00+00:00,0.090080,3600
2024-11-30T05:00:00+00:00,0.088120,3600
2024-11-30T06:00:00+00:00,0.102420,3600
2024-11-30T07:00:00+00:00,0.117800,3600
2024-11-30T08:00:00+00:00,0.125000,3600
2024-11-30T09:00:00+00:00,0.108860,3600
2024-11-30T10:00:00+00:00,0.085450,3600
2024-11-30T11:00:00+00:00,0.087180,3600
2024-11-30T12:00:00+00:00,0.090000,3600
2024-11-30T13:00:00+00:00,0.106800,3600
2024-11-30T14:00:00+00:00,0.122210,3600
2024-11-30T15:00:00+00:00,0.131530,3600
2024-11-30T16:00:00+00:00,0.137680,3600
2024-11-30T17:00:00+00:00,0.136400,3600
2024-11-30T18:00:00+00:00,0.131960,3600
2024-11-30T19:00:00+00:00,0.124510,3600
2024-11-30T20:00:00+00:00,0.115080,3600
2024-11-30T21:00:00+00:00,0.114780,3600
2024-11-30T22:00:00+00:00,0.106670,3600
2024-11-30T23:00:00+00:00,0.099660,3600
2024-12-01T00:00:00+00:00,0.090010,3600
2024-12-01T01:00:00+00:00,0.088140,3600
2024-12-01T02:00:00+00:00,0.085700,3600
2024-12-01T03:00:00+00:00,0.084270,3600
2024-12-01T04:00:00+00:00,0.083770,3600
2024-12-01T05:00:00+00:00,0.083230,3600
2024-12-01T06:00:00+00:00,0.089500,3600
2024-12-01T07:00:00+00:00,0.099190,3600
2024-12-01T08:00:00+00:00,0.094600,3600
2024-12-01T09:00:00+00:00,0.089300,3600
2024-12-01T10:00:00+00:00,0.082380,3600
2024-12-01T11:00:00+00:00,0.085250,3600
2024-12-01T12:00:00+00:00,0.083080,3600
2024-12-01T13:00:00+00:00,0.088170,3600
2024-12-01T14:00:00+00:00,0.105250,3600
2024-12-01T15:00:00+00:00,0.117450,3600
2024-12-01T16:00:00+00:00,0.117800,3600
2024-12-01T17:00:00+00:00,0.123270,3600
2024-12-01T18:00:00+00:00,0.112310,3600
2024-12-01T19:00:00+00:00,0.093660,3600
2024-12-01T20:00:00+00:00,0.086010,3600
2024-12-01T21:00:00+00:00,0.097390,3600
2024-12-01T22:00:00+00:00,0.085000,3600
2024-12-01T23:00:00+00:00,0.074770,3600
2024-12-02T00:00:00+00:00,0.066210,3600
2024-12-02T01:00:00+00:00,0.061570,3600
2024-12-02T02:00:00+00:00,0.046500,3600
2024-12-02T03:00:00+00:00,0.049150,3600
2024-12-02T04:00:00+00:00,0.068420,3600
2024-12-02T05:00:00+00:00,0.092510,3600
2024-12-02T06:00:00+00:00,0.125250,3600
2024-12-02T07:00:00+00:00,0.126200,3600
2024-12-02T08:00:00+00:00,0.123940,3600
2024-12-02T09:00:00+00:00,0.121440,3600
2024-12-02T10:00:00+00:00,0.115970,3600
2024-12-02T11:00:00+00:00,0.115180,3600
2024-12-02T12:00:00+00:00,0.126400,3600
2024-12-02T13:00:00+00:00,0.134050,3600
2024-12-02T14:00:00+00:00,0.141930,3600
2024-12-02T15:00:00+00:00,0.144750,3600
2024-12-02T16:00:00+00:00,0.147070,3600
2024-12-02T17:00:00+00:00,0.148280,3600
2024-12-02T18:00:00+00:00,0.138770,3600
2024-12-02T19:00:00+00:00,0.121130,3600
2024-12-02T20:00:00+00:00,0.113410,3600
2024-12-02T21:00:00+00:00,0.112540,3600
2024-12-02T22:00:00+00:00,0.102640,3600
2024-12-02T23:00:00+00:00,0.110930,3600
2024-12-03T00:00:00+00:00,0.090900,3600
2024-12-03T01:00:00+00:00,0.088000,3600
2024-12-03T02:00:00+00:00,0.086800,3600
2024-12-03T03:00:00+00:00,0.094960,3600
2024-12-03T04:00:00+00:00,0.102560,3600
2024-12-03T05:00:00+00:00,0.119940,3600
2024-12-03T06:00:00+00:00,0.142000,3600
2024-12-03T07:00:00+00:00,0.155640,3600
2024-12-03T08:00:00+00:00,0.151090,3600
2024-12-03T09:00:00+00:00,0.142290,3600
2024-12-03T10:00:00+00:00,0.131140,3600
2024-12-03T11:00:00+00:00,0.127130,3600
2024-12-03T12:00:00+00:00,0.141620,3600
2024-12-03T13:00:00+00:00,0.148000,3600
2024-12-03T14:00:00+00:00,0.165980,3600
2024-12-03T15:00:00+00:00,0.200100,3600
2024-12-03T16:00:00+00:00,0.209140,3600
2024-12-03T17:00:00+00:00,0.197880,3600
2024-12-03T18:00:00+00:00,0.189830,3600
2024-12-03T19:00:00+00:00,0.168440,3600
2024-12-03T20:00:00+00:00,0.153130,3600
2024-12-03T21:00:00+00:00,0.142080,3600
2024-12-03T22:00:00+00:00,0.130810,3600
2024-12-03T23:00:00+00:00,0.121000,3600
2024-12-04T00:00:00+00:00,0.116660,3600
2024-12-04T01:00:00+00:00,0.112790,3600
2024-12-04T02:00:00+00:00,0.110000,3600
2024-12-04T03:00:00+00:00,0.111640,3600
2024-12-04T04:00:00+00:00,0.119600,3600
2024-12-04T05:00:00+00:00,0.143150,3600
2024-12-04T06:00:00+00:00,0.202140,3600
2024-12-04T07:00:00+00:00,0.266510,3600
2024-12-04T08:00:00+00:00,0.244050,3600
2024-12-04T09:00:00+00:00,0.203190,3600
2024-12-04T10:00:00+00:00,0.192030,3600
2024-12-04T11:00:00+00:00,0.187050,3600
2024-12-04T12:00:00+00:00,0.191350,3600
2024-12-04T13:00:00+00:00,0.206160,3600
2024-12-04T14:00:00+00:00,0.227830,3600
2024-12-04T15:00:00+00:00,0.250000,3600
2024-12-04T16:00:00+00:00,0.279690,3600
2024-12-04T17:00:00+00:00,0.225240,3600
2024-12-04T18:00:00+00:00,0.194000,3600
2024-12-04T19:00:00+00:00,0.158800,3600
2024-12-04T20:00:00+00:00,0.133000,3600
2024-12-04T21:00:00+00:00,0.120000,3600
2024-12-04T22:00:00+00:00,0.111000,3600
2024-12-04T23:00:00+00:00,0.114770,3600
2024-12-05T00:00:00+00:00,0.105740,3600
2024-12-05T01:00:00+00:00,0.100100,3600
2024-12-05T02:00:00+00:00,0.087140,3600
2024-12-05T03:00:00+00:00,0.076940,3600
2024-12-05T04:00:00+00:00,0.077700,3600
2024-12-05T05:00:00+00:00,0.091300,3600
2024-12-05T06:00:00+00:00,0.100100,3600
2024-12-05T07:00:00+00:00,0.128000,3600
2024-12-05T08:00:00+00:00,0.131780,3600
2024-12-05T09:00:00+00:00,0.124920,3600
2024-12-05T10:00:00+00:00,0.107310,3600
2024-12-05T11:00:00+00:00,0.103500,3600
2024-12-05T12:00:00+00:00,0.104320,3600
2024-12-05T13:00:00+00:00,0.107360,3600
2024-12-05T14:00:00+00:00,0.116260,3600
2024-12-05T15:00:00+00:00,0.124640,3600
2024-12-05T16:00:00+00:00,0.137900,3600
2024-12-05T17:00:00+00:00,0.130000,3600
2024-12-05T18:00:00+00:00,0.115210,3600
2024-12-05T19:00:00+00:00,0.101910,3600
2024-12-05T20:00:00+00:00,0.083930,3600
2024-12-05T21:00:00+00:00,0.079960,3600
2024-12-05T22:00:00+00:00,0.045120,3600
2024-12-05T23:00:00+00:00,0.012090,3600
2024-12-06T00:00:00+00:00,0.005970,3600
2024-12-06T01:00:00+00:00,0.004160,3600
2024-12-06T02:00:00+00:00,0.002220,3600
2024-12-06T03:00:00+00:00,0.002790,3600
2024-12-06T04:00:00+00:00,0.010540,3600
2024-12-06T05:00:00+00:00,0.062700,3600
2024-12-06T06:00:00+00:00,0.094770,3600
2024-12-06T07:00:00+00:00,0.111750,3600
2024-12-06T08:00:00+00:00,0.125000,3600
2024-12-06T09:00:00+00:00,0.105430,3600
2024-12-06T10:00:00+00:00,0.099900,3600
2024-12-06T11:00:00+00:00,0.091900,3600
2024-12-06T12:00:00+00:00,0.101170,3600
2024-12-06T13:00:00+00:00,0.109000,3600
2024-12-06T14:00:00+00:00,0.117030,3600
2024-12-06T15:00:00+00:00,0.130580,3600
2024-12-06T16:00:00+00:00,0.142270,3600
2024-12-06T17:00:00+00:00,0.150550,3600
2024-12-06T18:00:00+00:00,0.141700,3600
2024-12-06T19:00:00+00:00,0.128250,3600
2024-12-06T20:00:00+00:00,0.117990,3600
2024-12-06T21:00:00+00:00,0.118000,3600
2024-12-06T22:00:00+00:00,0.100490,3600
2024-12-06T23:00:00+00:00,0.085790,3600
2024-12-07T00:00:00+00:00,0.074920,3600
2024-12-07T01:00:00+00:00,0.067500,3600
2024-12-07T02:00:00+00:00,0.061480,3600
2024-12-07T03:00:00+00:00,0.049100,3600
2024-12-07T04:00:00+00:00,0.037410,3600
2024-12-07T05:00:00+00:00,0.036500,3600
2024-12-07T06:00:00+00:00,0.041480,3600
2024-12-07T07:00:00+00:00,0.054170,3600
2024-12-07T08:00:00+00:00,0.059100,3600
2024-12-07T09:00:00+00:00,0.058800,3600
2024-12-07T10:00:00+00:00,0.057960,3600
2024-12-07T11:00:00+00:00,0.063140,3600
2024-12-07T12:00:00+00:00,0.066650,3600
2024-12-07T13:00:00+00:00,0.065740,3600
2024-12-07T14:00:00+00:00,0.072340,3600
2024-12-07T15:00:00+00:00,0.085000,3600
2024-12-07T16:00:00+00:00,0.087200,3600
2024-12-07T17:00:00+00:00,0.082610,3600
2024-12-07T18:00:00+00:00,0.080350,3600
2024-12-07T19:00:00+00:00,0.078900,3600
2024-12-07T20:00:00+00:00,0.079030,3600
2024-12-07T21:00:00+00:00,0.076500,3600
2024-12-07T22:00:00+00:00,0.068730,3600
2024-12-07T23:00:00+00:00,0.082160,3600
2024-12-08T00:00:00+00:00,0.075850,3600
2024-12-08T01:00:00+00:00,0.075810,3600
2024-12-08T02:00:00+00:00,0.071210,3600
2024-12-08T03:00:00+00:00,0.071280,3600
2024-12-08T04:00:00+00:00,0.076960,3600
2024-12-08T05:00:00+00:00,0.078740,3600
2024-12-08T06:00:00+00:00,0.079290,3600
2024-12-08T07:00:00+00:00,0.088670,3600
2024-12-08T08:00:00+00:00,0.098730,3600
2024-12-08T09:00:00+00:00,0.100810,3600
2024-12-08T10:00:00+00:00,0.106400,3600
2024-12-08T11:00:00+00:00,0.108740,3600
2024-12-08T12:00:00+00:00,0.106160,3600
2024-12-08T13:00:00+00:00,0.099370,3600
2024-12-08T14:00:00+00:00,0.109660,3600
2024-12-08T15:00:00+00:00,0.095800,3600
2024-12-08T16:00:00+00:00,0.105480,3600
2024-12-08T17:00:00+00:00,0.095350,3600
2024-12-08T18:00:00+00:00,0.094120,3600
2024-12-08T19:00:00+00:00,0.088750,3600
2024-12-08T20:00:00+00:00,0.088000,3600
2024-12-08T21:00:00+00:00,0.085750,3600
2024-12-08T22:00:00+00:00,0.073510,3600
2024-12-08T23:00:00+00:00,0.068990,3600
2024-12-09T00:00:00+00:00,0.053190,3600
2024-12-09T01:00:00+00:00,0.034660,3600
2024-12-09T02:00:00+00:00,0.031500,3600
2024-12-09T03:00:00+00:00,0.035330,3600
2024-12-09T04:00:00+00:00,0.066240,3600
2024-12-09T05:00:00+00:00,0.077670,3600
2024-12-09T06:00:00+00:00,0.112120,3600
2024-12-09T07:00:00+00:00,0.121960,3600
2024-12-09T08:00:00+00:00,0.122280,3600
2024-12-09T09:00:00+00:00,0.123360,3600
2024-12-09T10:00:00+00:00,0.120310,3600
2024-12-09T11:00:00+00:00,0.122460,3600
2024-12-09T12:00:00+00:00,0.116200,3600
2024-12-09T13:00:00+00:00,0.116670,3600
2024-12-09T14:00:00+00:00,0.114010,3600
2024-12-09T15:00:00+00:00,0.115690,3600
2024-12-09T16:00:00+00:00,0.121600,3600
2024-12-09T17:00:00+00:00,0.116910,3600
2024-12-09T18:00:00+00:00,0.125390,3600
2024-12-09T19:00:00+00:00,0.113160,3600
2024-12-09T20:00:00+00:00,0.101950,3600
2024-12-09T21:00:00+00:00,0.098480,3600
2024-12-09T22:00:00+00:00,0.092390,3600
2024-12-09T23:00:00+00:00,0.077270,3600
2024-12-10T00:00:00+00:00,0.085000,3600
2024-12-10T01:00:00+00:00,0.084930,3600
2024-12-10T02:00:00+00:00,0.083700,3600
2024-12-10T03:00:00+00:00,0.087210,3600
2024-12-10T04:00:00+00:00,0.087690,3600
2024-12-10T05:00:00+00:00,0.100000,3600
2024-12-10T06:00:00+00:00,0.112790,3600
2024-12-10T07:00:00+00:00,0.134230,3600
2024-12-10T08:00:00+00:00,0.157730,3600
2024-12-10T09:00:00+00:00,0.153130,3600
2024-12-10T10:00:00+00:00,0.163000,3600
2024-12-10T11:00:00+00:00,0.135220,3600
2024-12-10T12:00:00+00:00,0.169150,3600
2024-12-10T13:00:00+00:00,0.169480,3600
2024-12-10T14:00:00+00:00,0.176600,3600
2024-12-10T15:00:00+00:00,0.179970,3600
2024-12-10T16:00:00+00:00,0.159900,3600
2024-12-10T17:00:00+00:00,0.181000,3600
2024-12-10T18:00:00+00:00,0.176650,3600
2024-12-10T19:00:00+00:00,0.151980,3600
2024-12-10T20:00:00+00:00,0.120000,3600
2024-12-10T21:00:00+00:00,0.107200,3600
2024-12-10T22:00:00+00:00,0.121370,3600
2024-12-10T23:00:00+00:00,0.100000,3600
2024-12-11T00:00:00+00:00,0.101850,3600
2024-12-11T01:00:00+00:00,0.096540,3600
2024-12-11T02:00:00+00:00,0.097100,3600
2024-12-11T03:00:00+00:00,0.096510,3600
2024-12-11T04:00:00+00:00,0.097100,3600
2024-12-11T05:00:00+00:00,0.100100,3600
2024-12-11T06:00:00+00:00,0.120000,3600
2024-12-11T07:00:00+00:00,0.247670,3600
2024-12-11T08:00:00+00:00,0.300100,3600
2024-12-11T09:00:00+00:00,0.322150,3600
2024-12-11T10:00:00+00:00,0.319320,3600
2024-12-11T11:00:00+00:00,0.311870,3600
2024-12-11T12:00:00+00:00,0.319450,3600
2024-12-11T13:00:00+00:00,0.342130,3600
2024-12-11T14:00:00+00:00,0.355390,3600
2024-12-11T15:00:00+00:00,0.411940,3600
2024-12-11T16:00:00+00:00,0.423130,3600
2024-12-11T17:00:00+00:00,0.349310,3600
2024-12-11T18:00:00+00:00,0.298320,3600
2024-12-11T19:00:00+00:00,0.193130,3600
2024-12-11T20:00:00+00:00,0.154680,3600
2024-12-11T21:00:00+00:00,0.150000,3600
2024-12-11T22:00:00+00:00,0.135960,3600
2024-12-11T23:00:00+00:00,0.122240,3600
2024-12-12T00:00:00+00:00,0.115300,3600
2024-12-12T01:00:00+00:00,0.109960,3600
2024-12-12T02:00:00+00:00,0.107350,3600
2024-12-12T03:00:00+00:00,0.112510,3600
2024-12-12T04:00:00+00:00,0.123370,3600
2024-12-12T05:00:00+00:00,0.163980,3600
2024-12-12T06:00:00+00:00,0.232970,3600
2024-12-12T07:00:00+00:00,0.519900,3600
2024-12-12T08:00:00+00:00,0.581480,3600
2024-12-12T09:00:00+00:00,0.500000,3600
2024-12-12T10:00:00+00:00,0.433690,3600
2024-12-12T11:00:00+00:00,0.381120,3600
2024-12-12T12:00:00+00:00,0.400100,3600
2024-12-12T13:00:00+00:00,0.466190,3600
2024-12-12T14:00:00+00:00,0.637860,3600
2024-12-12T15:00:00+00:00,0.767670,3600
2024-12-12T16:00:00+00:00,0.872960,3600
2024-12-12T17:00:00+00:00,0.628270,3600
2024-12-12T18:00:00+00:00,0.517500,3600
2024-12-12T19:00:00+00:00,0.285370,3600
2024-12-12T20:00:00+00:00,0.169400,3600
2024-12-12T21:00:00+00:00,0.150000,3600
2024-12-12T22:00:00+00:00,0.134750,3600
2024-12-12T23:00:00+00:00,0.130070,3600
2024-12-13T00:00:00+00:00,0.122900,3600
2024-12-13T01:00:00+00:00,0.118970,3600
2024-12-13T02:00:00+00:00,0.114950,3600
2024-12-13T03:00:00+00:00,0.115640,3600
2024-12-13T04:00:00+00:00,0.119900,3600
2024-12-13T05:00:00+00:00,0.150100,3600
2024-12-13T06:00:00+00:00,0.187480,3600
2024-12-13T07:00:00+00:00,0.253000,3600
2024-12-13T08:00:00+00:00,0.245740,3600
2024-12-13T09:00:00+00:00,0.208420,3600
2024-12-13T10:00:00+00:00,0.174270,3600
2024-12-13T11:00:00+00:00,0.165970,3600
2024-12-13T12:00:00+00:00,0.165000,3600
2024-12-13T13:00:00+00:00,0.184500,3600
2024-12-13T14:00:00+00:00,0.219840,3600
2024-12-13T15:00:00+00:00,0.249290,3600
2024-12-13T16:00:00+00:00,0.284210,3600
2024-12-13T17:00:00+00:00,0.260000,3600
2024-12-13T18:00:00+00:00,0.225600,3600
2024-12-13T19:00:00+00:00,0.175000,3600
2024-12-13T20:00:00+00:00,0.146220,3600
2024-12-13T21:00:00+00:00,0.135090,3600
2024-12-13T22:00:00+00:00,0.116520,3600
2024-12-13T23:00:00+00:00,0.116940,3600
2024-12-14T00:00:00+00:00,0.111360,3600
2024-12-14T01:00:00+00:00,0.108040,3600
2024-12-14T02:00:00+00:00,0.099020,3600
2024-12-14T03:00:00+00:00,0.093440,3600
2024-12-14T04:00:00+00:00,0.091550,3600
2024-12-14T05:00:00+00:00,0.092720,3600
2024-12-14T06:00:00+00:00,0.102110,3600
2024-12-14T07:00:00+00:00,0.113960,3600
2024-12-14T08:00:00+00:00,0.125100,3600
2024-12-14T09:00:00+00:00,0.121120,3600
2024-12-14T10:00:00+00:00,0.108210,3600
2024-12-14T11:00:00+00:00,0.103200,3600
2024-12-14T12:00:00+00:00,0.102960,3600
2024-12-14T13:00:00+00:00,0.096630,3600
2024-12-14T14:00:00+00:00,0.100100,3600
2024-12-14T15:00:00+00:00,0.105670,3600
2024-12-14T16:00:00+00:00,0.120000,3600
2024-12-14T17:00:00+00:00,0.113370,3600
2024-12-14T18:00:00+00:00,0.090100,3600
2024-12-14T19:00:00+00:00,0.093200,3600
2024-12-14T20:00:00+00:00,0.089620,3600
2024-12-14T21:00:00+00:00,0.081880,3600
2024-12-14T22:00:00+00:00,0.080200,3600
2024-12-14T23:00:00+00:00,0.095000,3600
2024-12-15T00:00:00+00:00,0.087300,3600
2024-12-15T01:00:00+00:00,0.078160,3600
2024-12-15T02:00:00+00:00,0.071000,3600
2024-12-15T03:00:00+00:00,0.055880,3600
2024-12-15T04:00:00+00:00,0.053690,3600
2024-12-15T05:00:00+00:00,0.046810,3600
2024-12-15T06:00:00+00:00,0.055330,3600
2024-12-15T07:00:00+00:00,0.066210,3600
2024-12-15T08:00:00+00:00,0.070650,3600
2024-12-15T09:00:00+00:00,0.070100,3600
2024-12-15T10:00:00+00:00,0.064980,3600
2024-12-15T11:00:00+00:00,0.070310,3600
2024-12-15T12:00:00+00:00,0.080100,3600
2024-12-15T13:00:00+00:00,0.080220,3600
2024-12-15T14:00:00+00:00,0.083000,3600
2024-12-15T15:00:00+00:00,0.080100,3600
2024-12-15T16:00:00+00:00,0.090170,3600
2024-12-15T17:00:00+00:00,0.080000,3600
2024-12-15T18:00:00+00:00,0.073000,3600
2024-12-15T19:00:00+00:00,0.077920,3600
2024-12-15T20:00:00+00:00,0.040520,3600
2024-12-15T21:00:00+00:00,0.010860,3600
2024-12-15T22:00:00+00:00,0.002290,3600
2024-12-15T23:00:00+00:00,0.000090,3600
2024-12-16T00:00:00+00:00,0.000100,3600
2024-12-16T01:00:00+00:00,0.000050,3600
2024-12-16T02:00:00+00:00,0.000000,3600
2024-12-16T03:00:00+00:00,0.000460,3600
2024-12-16T04:00:00+00:00,0.001380,3600
2024-12-16T05:00:00+00:00,0.007730,3600
2024-12-16T06:00:00+00:00,0.050000,3600
2024-12-16T07:00:00+00:00,0.107900,3600
2024-12-16T08:00:00+00:00,0.109000,3600
2024-12-16T09:00:00+00:00,0.100100,3600
2024-12-16T10:00:00+00:00,0.097580,3600
2024-12-16T11:00:00+00:00,0.093090,3600
2024-12-16T12:00:00+00:00,0.081700,3600
2024-12-16T13:00:00+00:00,0.080100,3600
2024-12-16T14:00:00+00:00,0.095950,3600
2024-12-16T15:00:00+00:00,0.101110,3600
2024-12-16T16:00:00+00:00,0.115140,3600
2024-12-16T17:00:00+00:00,0.089900,3600
2024-12-16T18:00:00+00:00,0.075000,3600
2024-12-16T19:00:00+00:00,0.077990,3600
2024-12-16T20:00:00+00:00,0.070100,3600
2024-12-16T21:00:00+00:00,0.057000,3600
2024-12-16T22:00:00+00:00,0.017610,3600
2024-12-16T23:00:00+00:00,0.040550,3600
2024-12-17T00:00:00+00:00,0.022750,3600
2024-12-17T01:00:00+00:00,0.019750,3600
2024-12-17T02:00:00+00:00,0.025720,3600
2024-12-17T03:00:00+00:00,0.066900,3600
2024-12-17T04:00:00+00:00,0.066900,3600
2024-12-17T05:00:00+00:00,0.104950,3600
2024-12-17T06:00:00+00:00,0.105680,3600
2024-12-17T07:00:00+00:00,0.116180,3600
2024-12-17T08:00:00+00:00,0.111340,3600
2024-12-17T09:00:00+00:00,0.108000,3600
2024-12-17T10:00:00+00:00,0.102400,3600
2024-12-17T11:00:00+00:00,0.102730,3600
2024-12-17T12:00:00+00:00,0.106210,3600
2024-12-17T13:00:00+00:00,0.109590,3600
2024-12-17T14:00:00+00:00,0.116070,3600
2024-12-17T15:00:00+00:00,0.116990,3600
2024-12-17T16:00:00+00:00,0.127330,3600
2024-12-17T17:00:00+00:00,0.122070,3600
2024-12-17T18:00:00+00:00,0.108100,3600
2024-12-17T19:00:00+00:00,0.099210,3600
2024-12-17T20:00:00+00:00,0.095840,3600
2024-12-17T21:00:00+00:00,0.092310,3600
2024-12-17T22:00:00+00:00,0.071200,3600
2024-12-17T23:00:00+00:00,0.068710,3600
2024-12-18T00:00:00+00:00,0.052120,3600
2024-12-18T01:00:00+00:00,0.045700,3600
2024-12-18T02:00:00+00:00,0.040000,3600
2024-12-18T03:00:00+00:00,0.026220,3600
2024-12-18T04:00:00+00:00,0.032670,3600
2024-12-18T05:00:00+00:00,0.045940,3600
2024-12-18T06:00:00+00:00,0.057340,3600
2024-12-18T07:00:00+00:00,0.077580,3600
2024-12-18T08:00:00+00:00,0.076690,3600
2024-12-18T09:00:00+00:00,0.068620,3600
2024-12-18T10:00:00+00:00,0.067120,3600
2024-12-18T11:00:00+00:00,0.070480,3600
2024-12-18T12:00:00+00:00,0.070000,3600
2024-12-18T13:00:00+00:00,0.070000,3600
2024-12-18T14:00:00+00:00,0.073080,3600
2024-12-18T15:00:00+00:00,0.078690,3600
2024-12-18T16:00:00+00:00,0.094460,3600
2024-12-18T17:00:00+00:00,0.089900,3600
2024-12-18T18:00:00+00:00,0.085200,3600
2024-12-18T19:00:00+00:00,0.077310,3600
2024-12-18T20:00:00+00:00,0.064900,3600
2024-12-18T21:00:00+00:00,0.045100,3600
2024-12-18T22:00:00+00:00,0.023580,3600
2024-12-18T23:00:00+00:00,0.013660,3600
2024-12-19T00:00:00+00:00,0.014410,3600
2024-12-19T01:00:00+00:00,0.005690,3600
2024-12-19T02:00:00+00:00,0.001600,3600
2024-12-19T03:00:00+00:00,0.000260,3600
2024-12-19T04:00:00+00:00,0.000060,3600
2024-12-19T05:00:00+00:00,0.007010,3600
2024-12-19T06:00:00+00:00,0.055780,3600
2024-12-19T07:00:00+00:00,0.092150,3600
2024-12-19T08:00:00+00:00,0.131100,3600
2024-12-19T09:00:00+00:00,0.110900,3600
2024-12-19T10:00:00+00:00,0.096000,3600
2024-12-19T11:00:00+00:00,0.080100,3600
2024-12-19T12:00:00+00:00,0.077000,3600
2024-12-19T13:00:00+00:00,0.080030,3600
2024-12-19T14:00:00+00:00,0.090000,3600
2024-12-19T15:00:00+00:00,0.110900,3600
2024-12-19T16:00:00+00:00,0.147800,3600
2024-12-19T17:00:00+00:00,0.129990,3600
2024-12-19T18:00:00+00:00,0.091540,3600
2024-12-19T19:00:00+00:00,0.085290,3600
2024-12-19T20:00:00+00:00,0.079070,3600
2024-12-19T21:00:00+00:00,0.079050,3600
2024-12-19T22:00:00+00:00,0.064900,3600
2024-12-19T23:00:00+00:00,0.048650,3600
2024-12-20T00:00:00+00:00,0.032400,3600
2024-12-20T01:00:00+00:00,0.017520,3600
2024-12-20T02:00:00+00:00,0.018140,3600
2024-12-20T03:00:00+00:00,0.023600,3600
2024-12-20T04:00:00+00:00,0.048980,3600
2024-12-20T05:00:00+00:00,0.074920,3600
2024-12-20T06:00:00+00:00,0.118000,3600
2024-12-20T07:00:00+00:00,0.169000,3600
2024-12-20T08:00:00+00:00,0.150030,3600
2024-12-20T09:00:00+00:00,0.122920,3600
2024-12-20T10:00:00+00:00,0.097870,3600
2024-12-20T11:00:00+00:00,0.087970,3600
2024-12-20T12:00:00+00:00,0.084280,3600
2024-12-20T13:00:00+00:00,0.088760,3600
2024-12-20T14:00:00+00:00,0.099380,3600
2024-12-20T15:00:00+00:00,0.105580,3600
2024-12-20T16:00:00+00:00,0.110140,3600
2024-12-20T17:00:00+00:00,0.101720,3600
2024-12-20T18:00:00+00:00,0.099330,3600
2024-12-20T19:00:00+00:00,0.090340,3600
2024-12-20T20:00:00+00:00,0.072440,3600
2024-12-20T21:00:00+00:00,0.070420,3600
2024-12-20T22:00:00+00:00,0.058330,3600
2024-12-20T23:00:00+00:00,0.028810,3600
2024-12-21T00:00:00+00:00,0.024510,3600
2024-12-21T01:00:00+00:00,0.024260,3600
2024-12-21T02:00:00+00:00,0.019410,3600
2024-12-21T03:00:00+00:00,0.018110,3600
2024-12-21T04:00:00+00:00,0.026160,3600
2024-12-21T05:00:00+00:00,0.041730,3600
2024-12-21T06:00:00+00:00,0.040600,3600
2024-12-21T07:00:00+00:00,0.051650,3600
2024-12-21T08:00:00+00:00,0.061920,3600
2024-12-21T09:00:00+00:00,0.056000,3600
2024-12-21T10:00:00+00:00,0.040520,3600
2024-12-21T11:00:00+00:00,0.034640,3600
2024-12-21T12:00:00+00:00,0.031440,3600
2024-12-21T13:00:00+00:00,0.028450,3600
2024-12-21T14:00:00+00:00,0.031090,3600
2024-12-21T15:00:00+00:00,0.032560,3600
2024-12-21T16:00:00+00:00,0.049900,3600
2024-12-21T17:00:00+00:00,0.060100,3600
2024-12-21T18:00:00+00:00,0.055000,3600
2024-12-21T19:00:00+00:00,0.028040,3600
2024-12-21T20:00:00+00:00,0.009410,3600
2024-12-21T21:00:00+00:00,0.007360,3600
2024-12-21T22:00:00+00:00,0.003980,3600
2024-12-21T23:00:00+00:00,0.002700,3600
2024-12-22T00:00:00+00:00,0.001610,3600
2024-12-22T01:00:00+00:00,0.000000,3600
2024-12-22T02:00:00+00:00,-0.000740,3600
2024-12-22T03:00:00+00:00,-0.002000,3600
2024-12-22T04:00:00+00:00,-0.001240,3600
2024-12-22T05:00:00+00:00,-0.000660,3600
2024-12-22T06:00:00+00:00,0.002290,3600
2024-12-22T07:00:00+00:00,0.006450,3600
2024-12-22T08:00:00+00:00,0.022410,3600
2024-12-22T09:00:00+00:00,0.020660,3600
2024-12-22T10:00:00+00:00,0.023540,3600
2024-12-22T11:00:00+00:00,0.022620,3600
2024-12-22T12:00:00+00:00,0.022550,3600
2024-12-22T13:00:00+00:00,0.028070,3600
2024-12-22T14:00:00+00:00,0.041770,3600
2024-12-22T15:00:00+00:00,0.059900,3600
2024-12-22T16:00:00+00:00,0.092300,3600
2024-12-22T17:00:00+00:00,0.086200,3600
2024-12-22T18:00:00+00:00,0.071230,3600
2024-12-22T19:00:00+00:00,0.054900,3600
2024-12-22T20:00:00+00:00,0.039910,3600
2024-12-22T21:00:00+00:00,0.037910,3600
2024-12-22T22:00:00+00:00,0.026320,3600
2024-12-22T23:00:00+00:00,0.019370,3600
2024-12-23T00:00:00+00:00,0.013260,3600
2024-12-23T01:00:00+00:00,0.011130,3600
2024-12-23T02:00:00+00:00,0.007730,3600
2024-12-23T03:00:00+00:00,0.006400,3600
2024-12-23T04:00:00+00:00,0.006300,3600
2024-12-23T05:00:00+00:00,0.017450,3600
2024-12-23T06:00:00+00:00,0.053370,3600
2024-12-23T07:00:00+00:00,0.066940,3600
2024-12-23T08:00:00+00:00,0.067360,3600
2024-12-23T09:00:00+00:00,0.056000,3600
2024-12-23T10:00:00+00:00,0.054900,3600
2024-12-23T11:00:00+00:00,0.056970,3600
2024-12-23T12:00:00+00:00,0.057700,3600
2024-12-23T13:00:00+00:00,0.064550,3600
2024-12-23T14:00:00+00:00,0.076340,3600
2024-12-23T15:00:00+00:00,0.117270,3600
2024-12-23T16:00:00+00:00,0.130320,3600
2024-12-23T17:00:00+00:00,0.129900,3600
2024-12-23T18:00:00+00:00,0.135960,3600
2024-12-23T19:00:00+00:00,0.145800,3600
2024-12-23T20:00:00+00:00,0.110200,3600
2024-12-23T21:00:00+00:00,0.105820,3600
2024-12-23T22:00:00+00:00,0.118910,3600
2024-12-23T23:00:00+00:00,0.086030,3600
2024-12-24T00:00:00+00:00,0.082840,3600
2024-12-24T01:00:00+00:00,0.081890,3600
2024-12-24T02:00:00+00:00,0.078000,3600
2024-12-24T03:00:00+00:00,0.078780,3600
2024-12-24T04:00:00+00:00,0.080600,3600
2024-12-24T05:00:00+00:00,0.085070,3600
2024-12-24T06:00:00+00:00,0.100830,3600
2024-12-24T07:00:00+00:00,0.115090,3600
2024-12-24T08:00:00+00:00,0.120950,3600
2024-12-24T09:00:00+00:00,0.120000,3600
2024-12-24T10:00:00+00:00,0.118160,3600
2024-12-24T11:00:00+00:00,0.117490,3600
2024-12-24T12:00:00+00:00,0.115380,3600
2024-12-24T13:00:00+00:00,0.117980,3600
2024-12-24T14:00:00+00:00,0.119500,3600
2024-12-24T15:00:00+00:00,0.120210,3600
2024-12-24T16:00:00+00:00,0.118000,3600
2024-12-24T17:00:00+00:00,0.110980,3600
2024-12-24T18:00:00+00:00,0.105660,3600
2024-12-24T19:00:00+00:00,0.102560,3600
2024-12-24T20:00:00+00:00,0.094630,3600
2024-12-24T21:00:00+00:00,0.099040,3600
2024-12-24T22:00:00+00:00,0.090000,3600
2024-12-24T23:00:00+00:00,0.091370,3600
2024-12-25T00:00:00+00:00,0.086440,3600
2024-12-25T01:00:00+00:00,0.085070,3600
2024-12-25T02:00:00+00:00,0.080810,3600
2024-12-25T03:00:00+00:00,0.075990,3600
2024-12-25T04:00:00+00:00,0.080810,3600
2024-12-25T05:00:00+00:00,0.083010,3600
2024-12-25T06:00:00+00:00,0.084940,3600
2024-12-25T07:00:00+00:00,0.090210,3600
2024-12-25T08:00:00+00:00,0.099240,3600
2024-12-25T09:00:00+00:00,0.093560,3600
2024-12-25T10:00:00+00:00,0.092550,3600
2024-12-25T11:00:00+00:00,0.094410,3600
2024-12-25T12:00:00+00:00,0.091030,3600
2024-12-25T13:00:00+00:00,0.099170,3600
2024-12-25T14:00:00+00:00,0.110000,3600
2024-12-25T15:00:00+00:00,0.116710,3600
2024-12-25T16:00:00+00:00,0.120520,3600
2024-12-25T17:00:00+00:00,0.119100,3600
2024-12-25T18:00:00+00:00,0.118000,3600
2024-12-25T19:00:00+00:00,0.118320,3600
2024-12-25T20:00:00+00:00,0.113010,3600
2024-12-25T21:00:00+00:00,0.114070,3600
2024-12-25T22:00:00+00:00,0.104630,3600
2024-12-25T23:00:00+00:00,0.102170,3600
2024-12-26T00:00:00+00:00,0.095060,3600
2024-12-26T01:00:00+00:00,0.094610,3600
2024-12-26T02:00:00+00:00,0.089640,3600
2024-12-26T03:00:00+00:00,0.090870,3600
2024-12-26T04:00:00+00:00,0.095100,3600
2024-12-26T05:00:00+00:00,0.099000,3600
2024-12-26T06:00:00+00:00,0.112620,3600
2024-12-26T07:00:00+00:00,0.119180,3600
2024-12-26T08:00:00+00:00,0.118230,3600
2024-12-26T09:00:00+00:00,0.113250,3600
2024-12-26T10:00:00+00:00,0.106010,3600
2024-12-26T11:00:00+00:00,0.107710,3600
2024-12-26T12:00:00+00:00,0.103900,3600
2024-12-26T13:00:00+00:00,0.109640,3600
2024-12-26T14:00:00+00:00,0.120750,3600
2024-12-26T15:00:00+00:00,0.128660,3600
2024-12-26T16:00:00+00:00,0.137900,3600
2024-12-26T17:00:00+00:00,0.138050,3600
2024-12-26T18:00:00+00:00,0.135710,3600
2024-12-26T19:00:00+00:00,0.129130,3600
2024-12-26T20:00:00+00:00,0.120850,3600
2024-12-26T21:00:00+00:00,0.123500,3600
2024-12-26T22:00:00+00:00,0.116980,3600
2024-12-26T23:00:00+00:00,0.106790,3600
2024-12-27T00:00:00+00:00,0.101520,3600
2024-12-27T01:00:00+00:00,0.101030,3600
2024-12-27T02:00:00+00:00,0.099740,3600
2024-12-27T03:00:00+00:00,0.099580,3600
2024-12-27T04:00:00+00:00,0.106200,3600
2024-12-27T05:00:00+00:00,0.115700,3600
2024-12-27T06:00:00+00:00,0.124290,3600
2024-12-27T07:00:00+00:00,0.131850,3600
2024-12-27T08:00:00+00:00,0.130150,3600
2024-12-27T09:00:00+00:00,0.120100,3600
2024-12-27T10:00:00+00:00,0.107940,3600
2024-12-27T11:00:00+00:00,0.107810,3600
2024-12-27T12:00:00+00:00,0.107940,3600
2024-12-27T13:00:00+00:00,0.120120,3600
2024-12-27T14:00:00+00:00,0.133640,3600
2024-12-27T15:00:00+00:00,0.144210,3600
2024-12-27T16:00:00+00:00,0.151550,3600
2024-12-27T17:00:00+00:00,0.158400,3600
2024-12-27T18:00:00+00:00,0.146430,3600
2024-12-27T19:00:00+00:00,0.133140,3600
2024-12-27T20:00:00+00:00,0.125420,3600
2024-12-27T21:00:00+00:00,0.126760,3600
2024-12-27T22:00:00+00:00,0.114000,3600
2024-12-27T23:00:00+00:00,0.126400,3600
2024-12-28T00:00:00+00:00,0.116630,3600
2024-12-28T01:00:00+00:00,0.110150,3600
2024-12-28T02:00:00+00:00,0.105920,3600
2024-12-28T03:00:00+00:00,0.102930,3600
2024-12-28T04:00:00+00:00,0.105580,3600
2024-12-28T05:00:00+00:00,0.109710,3600
2024-12-28T06:00:00+00:00,0.124240,3600
2024-12-28T07:00:00+00:00,0.128000,3600
2024-12-28T08:00:00+00:00,0.128300,3600
2024-12-28T09:00:00+00:00,0.122830,3600
2024-12-28T10:00:00+00:00,0.113400,3600
2024-12-28T11:00:00+00:00,0.108970,3600
2024-12-28T12:00:00+00:00,0.110010,3600
2024-12-28T13:00:00+00:00,0.117240,3600
2024-12-28T14:00:00+00:00,0.134100,3600
2024-12-28T15:00:00+00:00,0.140020,3600
2024-12-28T16:00:00+00:00,0.150490,3600
2024-12-28T17:00:00+00:00,0.147800,3600
2024-12-28T18:00:00+00:00,0.140880,3600
2024-12-28T19:00:00+00:00,0.129590,3600
2024-12-28T20:00:00+00:00,0.125900,3600
2024-12-28T21:00:00+00:00,0.121250,3600
2024-12-28T22:00:00+00:00,0.115000,3600
2024-12-28T23:00:00+00:00,0.127390,3600
2024-12-29T00:00:00+00:00,0.114090,3600
2024-12-29T01:00:00+00:00,0.107710,3600
2024-12-29T02:00:00+00:00,0.101700,3600
2024-12-29T03:00:00+00:00,0.097730,3600
2024-12-29T04:00:00+00:00,0.098610,3600
2024-12-29T05:00:00+00:00,0.098160,3600
2024-12-29T06:00:00+00:00,0.103560,3600
2024-12-29T07:00:00+00:00,0.110710,3600
2024-12-29T08:00:00+00:00,0.118170,3600
2024-12-29T09:00:00+00:00,0.128700,3600
2024-12-29T10:00:00+00:00,0.121200,3600
2024-12-29T11:00:00+00:00,0.122770,3600
2024-12-29T12:00:00+00:00,0.124000,3600
2024-12-29T13:00:00+00:00,0.128700,3600
2024-12-29T14:00:00+00:00,0.120010,3600
2024-12-29T15:00:00+00:00,0.122880,3600
2024-12-29T16:00:00+00:00,0.144930,3600
2024-12-29T17:00:00+00:00,0.138100,3600
2024-12-29T18:00:00+00:00,0.109900,3600
2024-12-29T19:00:00+00:00,0.095080,3600
2024-12-29T20:00:00+00:00,0.092860,3600
2024-12-29T21:00:00+00:00,0.086130,3600
2024-12-29T22:00:00+00:00,0.073730,3600
2024-12-29T23:00:00+00:00,0.075530,3600
2024-12-30T00:00:00+00:00,0.076200,3600
2024-12-30T01:00:00+00:00,0.065200,3600
2024-12-30T02:00:00+00:00,0.040000,3600
2024-12-30T03:00:00+00:00,0.034900,3600
2024-12-30T04:00:00+00:00,0.067030,3600
2024-12-30T05:00:00+00:00,0.073630,3600
2024-12-30T06:00:00+00:00,0.081560,3600
2024-12-30T07:00:00+00:00,0.108300,3600
2024-12-30T08:00:00+00:00,0.133580,3600
2024-12-30T09:00:00+00:00,0.135000,3600
2024-12-30T10:00:00+00:00,0.124900,3600
2024-12-30T11:00:00+00:00,0.085100,3600
2024-12-30T12:00:00+00:00,0.080860,3600
2024-12-30T13:00:00+00:00,0.084400,3600
2024-12-30T14:00:00+00:00,0.103400,3600
2024-12-30T15:00:00+00:00,0.136000,3600
2024-12-30T16:00:00+00:00,0.150000,3600
2024-12-30T17:00:00+00:00,0.109930,3600
2024-12-30T18:00:00+00:00,0.087420,3600
2024-12-30T19:00:00+00:00,0.075840,3600
2024-12-30T20:00:00+00:00,0.068510,3600
2024-12-30T21:00:00+00:00,0.067950,3600
2024-12-30T22:00:00+00:00,0.036470,3600
2024-12-30T23:00:00+00:00,0.076300,3600
2024-12-31T00:00:00+00:00,0.054900,3600
2024-12-31T01:00:00+00:00,0.056430,3600
2024-12-31T02:00:00+00:00,0.034900,3600
2024-12-31T03:00:00+00:00,0.030880,3600
2024-12-31T04:00:00+00:00,0.030210,3600
2024-12-31T05:00:00+00:00,0.040000,3600
2024-12-31T06:00:00+00:00,0.070290,3600
2024-12-31T07:00:00+00:00,0.099000,3600
2024-12-31T08:00:00+00:00,0.147990,3600
2024-12-31T09:00:00+00:00,0.149900,3600
2024-12-31T10:00:00+00:00,0.137000,3600
2024-12-31T11:00:00+00:00,0.121700,3600
2024-12-31T12:00:00+00:00,0.099000,3600
2024-12-31T13:00:00+00:00,0.084000,3600
2024-12-31T14:00:00+00:00,0.084320,3600
2024-12-31T15:00:00+00:00,0.094900,3600
2024-12-31T16:00:00+00:00,0.121700,3600
2024-12-31T17:00:00+00:00,0.099000,3600
2024-12-31T18:00:00+00:00,0.070560,3600
2024-12-31T19:00:00+00:00,0.059900,3600
2024-12-31T20:00:00+00:00,0.018200,3600
2024-12-31T21:00:00+00:00,0.009060,3600
2024-12-31T22:00:00+00:00,0.000520,3600
2024-12-31T23:00:00+00:00,0.013620,3600
