timestamp,price_eur_kwh,resolution_s
2023-01-01T00:00:00+00:00,-0.001460,3600
2023-01-01T01:00:00+00:00,-0.001520,3600
2023-01-01T02:00:00+00:00,-0.005000,3600
2023-01-01T03:00:00+00:00,-0.004600,3600
2023-01-01T04:00:00+00:00,-0.004050,3600
2023-01-01T05:00:00+00:00,-0.003600,3600
2023-01-01T06:00:00+00:00,0.000000,3600
2023-01-01T07:00:00+00:00,0.000000,3600
2023-01-01T08:00:00+00:00,0.000000,3600
2023-01-01T09:00:00+00:00,0.000990,3600
2023-01-01T10:00:00+00:00,0.000580,3600
2023-01-01T11:00:00+00:00,0.000040,3600
2023-01-01T12:00:00+00:00,0.000000,3600
2023-01-01T13:00:00+00:00,0.000850,3600
2023-01-01T14:00:00+00:00,0.023530,3600
2023-01-01T15:00:00+00:00,0.036540,3600
2023-01-01T16:00:00+00:00,0.046030,3600
2023-01-01T17:00:00+00:00,0.099900,3600
2023-01-01T18:00:00+00:00,0.054950,3600
2023-01-01T19:00:00+00:00,0.062000,3600
2023-01-01T20:00:00+00:00,0.052930,3600
2023-01-01T21:00:00+00:00,0.045960,3600
2023-01-01T22:00:00+00:00,0.035000,3600
2023-01-01T23:00:00+00:00,0.109900,3600
2023-01-02T00:00:00+00:00,0.094900,3600
2023-01-02T01:00:00+00:00,0.052930,3600
2023-01-02T02:00:00+00:00,0.044160,3600
2023-01-02T03:00:00+00:00,0.050080,3600
2023-01-02T04:00:00+00:00,0.077090,3600
2023-01-02T05:00:00+00:00,0.105080,3600
2023-01-02T06:00:00+00:00,0.140640,3600
2023-01-02T07:00:00+00:00,0.162440,3600
2023-01-02T08:00:00+00:00,0.180000,3600
2023-01-02T09:00:00+00:00,0.145610,3600
2023-01-02T10:00:00+00:00,0.143350,3600
2023-01-02T11:00:00+00:00,0.144380,3600
2023-01-02T12:00:00+00:00,0.143760,3600
2023-01-02T13:00:00+00:00,0.148200,3600
2023-01-02T14:00:00+00:00,0.155340,3600
2023-01-02T15:00:00+00:00,0.164000,3600
2023-01-02T16:00:00+00:00,0.185680,3600
2023-01-02T17:00:00+00:00,0.174740,3600
2023-01-02T18:00:00+00:00,0.169900,3600
2023-01-02T19:00:00+00:00,0.153000,3600
2023-01-02T20:00:00+00:00,0.141670,3600
2023-01-02T21:00:00+00:00,0.134910,3600
2023-01-02T22:00:00+00:00,0.124220,3600
2023-01-02T23:00:00+00:00,0.130010,3600
2023-01-03T00:00:00+00:00,0.120000,3600
2023-01-03T01:00:00+00:00,0.118760,3600
2023-01-03T02:00:00+00:00,0.115000,3600
2023-01-03T03:00:00+00:00,0.113630,3600
2023-01-03T04:00:00+00:00,0.116270,3600
2023-01-03T05:00:00+00:00,0.138920,3600
2023-01-03T06:00:00+00:00,0.159920,3600
2023-01-03T07:00:00+00:00,0.169170,3600
2023-01-03T08:00:00+00:00,0.171180,3600
2023-01-03T09:00:00+00:00,0.168570,3600
2023-01-03T10:00:00+00:00,0.169490,3600
2023-01-03T11:00:00+00:00,0.164500,3600
2023-01-03T12:00:00+00:00,0.160910,3600
2023-01-03T13:00:00+00:00,0.163060,3600
2023-01-03T14:00:00+00:00,0.166790,3600
2023-01-03T15:00:00+00:00,0.166570,3600
2023-01-03T16:00:00+00:00,0.170820,3600
2023-01-03T17:00:00+00:00,0.168950,3600
2023-01-03T18:00:00+00:00,0.160990,3600
2023-01-03T19:00:00+00:00,0.149620,3600
2023-01-03T20:00:00+00:00,0.130630,3600
2023-01-03T21:00:00+00:00,0.114420,3600
2023-01-03T22:00:00+00:00,0.092480,3600
2023-01-03T23:00:00+00:00,0.080070,3600
2023-01-04T00:00:00+00:00,0.068440,3600
2023-01-04T01:00:00+00:00,0.037920,3600
2023-01-04T02:00:00+00:00,0.000000,3600
2023-01-04T03:00:00+00:00,0.000000,3600
2023-01-04T04:00:00+00:00,0.006330,3600
2023-01-04T05:00:00+00:00,0.054900,3600
2023-01-04T06:00:00+00:00,0.085320,3600
2023-01-04T07:00:00+00:00,0.150000,3600
2023-01-04T08:00:00+00:00,0.146000,3600
2023-01-04T09:00:00+00:00,0.131190,3600
2023-01-04T10:00:00+00:00,0.130530,3600
2023-01-04T11:00:00+00:00,0.127870,3600
2023-01-04T12:00:00+00:00,0.119080,3600
2023-01-04T13:00:00+00:00,0.116550,3600
2023-01-04T14:00:00+00:00,0.127990,3600
2023-01-04T15:00:00+00:00,0.131250,3600
2023-01-04T16:00:00+00:00,0.150200,3600
2023-01-04T17:00:00+00:00,0.137500,3600
2023-01-04T18:00:00+00:00,0.129490,3600
2023-01-04T19:00:00+00:00,0.122400,3600
2023-01-04T20:00:00+00:00,0.129390,3600
2023-01-04T21:00:00+00:00,0.108960,3600
2023-01-04T22:00:00+00:00,0.106000,3600
2023-01-04T23:00:00+00:00,0.005400,3600
2023-01-05T00:00:00+00:00,0.003630,3600
2023-01-05T01:00:00+00:00,0.004900,3600
2023-01-05T02:00:00+00:00,0.000000,3600
2023-01-05T03:00:00+00:00,0.006870,3600
2023-01-05T04:00:00+00:00,0.016320,3600
2023-01-05T05:00:00+00:00,0.067800,3600
2023-01-05T06:00:00+00:00,0.119900,3600
2023-01-05T07:00:00+00:00,0.179000,3600
2023-01-05T08:00:00+00:00,0.171040,3600
2023-01-05T09:00:00+00:00,0.169470,3600
2023-01-05T10:00:00+00:00,0.154000,3600
2023-01-05T11:00:00+00:00,0.146000,3600
2023-01-05T12:00:00+00:00,0.145100,3600
2023-01-05T13:00:00+00:00,0.151030,3600
2023-01-05T14:00:00+00:00,0.159480,3600
2023-01-05T15:00:00+00:00,0.172730,3600
2023-01-05T16:00:00+00:00,0.222100,3600
2023-01-05T17:00:00+00:00,0.194670,3600
2023-01-05T18:00:00+00:00,0.177980,3600
2023-01-05T19:00:00+00:00,0.163990,3600
2023-01-05T20:00:00+00:00,0.152000,3600
2023-01-05T21:00:00+00:00,0.144640,3600
2023-01-05T22:00:00+00:00,0.127000,3600
2023-01-05T23:00:00+00:00,0.107210,3600
2023-01-06T00:00:00+00:00,0.101100,3600
2023-01-06T01:00:00+00:00,0.096730,3600
2023-01-06T02:00:00+00:00,0.081420,3600
2023-01-06T03:00:00+00:00,0.074450,3600
2023-01-06T04:00:00+00:00,0.078320,3600
2023-01-06T05:00:00+00:00,0.096890,3600
2023-01-06T06:00:00+00:00,0.107020,3600
2023-01-06T07:00:00+00:00,0.122940,3600
2023-01-06T08:00:00+00:00,0.166400,3600
2023-01-06T09:00:00+00:00,0.182400,3600
2023-01-06T10:00:00+00:00,0.163670,3600
2023-01-06T11:00:00+00:00,0.140200,3600
2023-01-06T12:00:00+00:00,0.135000,3600
2023-01-06T13:00:00+00:00,0.158000,3600
2023-01-06T14:00:00+00:00,0.170400,3600
2023-01-06T15:00:00+00:00,0.140100,3600
2023-01-06T16:00:00+00:00,0.155930,3600
2023-01-06T17:00:00+00:00,0.163500,3600
2023-01-06T18:00:00+00:00,0.146740,3600
2023-01-06T19:00:00+00:00,0.139390,3600
2023-01-06T20:00:00+00:00,0.131840,3600
2023-01-06T21:00:00+00:00,0.129940,3600
2023-01-06T22:00:00+00:00,0.121310,3600
2023-01-06T23:00:00+00:00,0.097280,3600
2023-01-07T00:00:00+00:00,0.098160,3600
2023-01-07T01:00:00+00:00,0.094960,3600
2023-01-07T02:00:00+00:00,0.083860,3600
2023-01-07T03:00:00+00:00,0.076660,3600
2023-01-07T04:00:00+00:00,0.069880,3600
2023-01-07T05:00:00+00:00,0.076490,3600
2023-01-07T06:00:00+00:00,0.092530,3600
2023-01-07T07:00:00+00:00,0.109940,3600
2023-01-07T08:00:00+00:00,0.112870,3600
2023-01-07T09:00:00+00:00,0.100690,3600
2023-01-07T10:00:00+00:00,0.088320,3600
2023-01-07T11:00:00+00:00,0.087900,3600
2023-01-07T12:00:00+00:00,0.074290,3600
2023-01-07T13:00:00+00:00,0.090000,3600
2023-01-07T14:00:00+00:00,0.086900,3600
2023-01-07T15:00:00+00:00,0.094310,3600
2023-01-07T16:00:00+00:00,0.098320,3600
2023-01-07T17:00:00+00:00,0.100960,3600
2023-01-07T18:00:00+00:00,0.096000,3600
2023-01-07T19:00:00+00:00,0.089100,3600
2023-01-07T20:00:00+00:00,0.062980,3600
2023-01-07T21:00:00+00:00,0.051200,3600
2023-01-07T22:00:00+00:00,0.038790,3600
2023-01-07T23:00:00+00:00,0.011550,3600
2023-01-08T00:00:00+00:00,0.009070,3600
2023-01-08T01:00:00+00:00,0.009100,3600
2023-01-08T02:00:00+00:00,0.003460,3600
2023-01-08T03:00:00+00:00,0.002800,3600
2023-01-08T04:00:00+00:00,0.005080,3600
2023-01-08T05:00:00+00:00,0.009020,3600
2023-01-08T06:00:00+00:00,0.016470,3600
2023-01-08T07:00:00+00:00,0.050230,3600
2023-01-08T08:00:00+00:00,0.083020,3600
2023-01-08T09:00:00+00:00,0.093880,3600
2023-01-08T10:00:00+00:00,0.103870,3600
2023-01-08T11:00:00+00:00,0.101690,3600
2023-01-08T12:00:00+00:00,0.099000,3600
2023-01-08T13:00:00+00:00,0.104290,3600
2023-01-08T14:00:00+00:00,0.103330,3600
2023-01-08T15:00:00+00:00,0.108430,3600
2023-01-08T16:00:00+00:00,0.118720,3600
2023-01-08T17:00:00+00:00,0.122760,3600
2023-01-08T18:00:00+00:00,0.109440,3600
2023-01-08T19:00:00+00:00,0.104410,3600
2023-01-08T20:00:00+00:00,0.098650,3600
2023-01-08T21:00:00+00:00,0.099380,3600
2023-01-08T22:00:00+00:00,0.081340,3600
2023-01-08T23:00:00+00:00,0.075130,3600
2023-01-09T00:00:00+00:00,0.064380,3600
2023-01-09T01:00:00+00:00,0.060280,3600
2023-01-09T02:00:00+00:00,0.039410,3600
2023-01-09T03:00:00+00:00,0.043120,3600
2023-01-09T04:00:00+00:00,0.069070,3600
2023-01-09T05:00:00+00:00,0.107130,3600
2023-01-09T06:00:00+00:00,0.160000,3600
2023-01-09T07:00:00+00:00,0.180000,3600
2023-01-09T08:00:00+00:00,0.177160,3600
2023-01-09T09:00:00+00:00,0.159130,3600
2023-01-09T10:00:00+00:00,0.160780,3600
2023-01-09T11:00:00+00:00,0.141000,3600
2023-01-09T12:00:00+00:00,0.142070,3600
2023-01-09T13:00:00+00:00,0.138970,3600
2023-01-09T14:00:00+00:00,0.151230,3600
2023-01-09T15:00:00+00:00,0.162040,3600
2023-01-09T16:00:00+00:00,0.174270,3600
2023-01-09T17:00:00+00:00,0.182180,3600
2023-01-09T18:00:00+00:00,0.170240,3600
2023-01-09T19:00:00+00:00,0.160510,3600
2023-01-09T20:00:00+00:00,0.138930,3600
2023-01-09T21:00:00+00:00,0.132000,3600
2023-01-09T22:00:00+00:00,0.108310,3600
2023-01-09T23:00:00+00:00,0.106010,3600
2023-01-10T00:00:00+00:00,0.096720,3600
2023-01-10T01:00:00+00:00,0.095150,3600
2023-01-10T02:00:00+00:00,0.090330,3600
2023-01-10T03:00:00+00:00,0.095610,3600
2023-01-10T04:00:00+00:00,0.108600,3600
2023-01-10T05:00:00+00:00,0.138130,3600
2023-01-10T06:00:00+00:00,0.156000,3600
2023-01-10T07:00:00+00:00,0.220000,3600
2023-01-10T08:00:00+00:00,0.222000,3600
2023-01-10T09:00:00+00:00,0.163520,3600
2023-01-10T10:00:00+00:00,0.147600,3600
2023-01-10T11:00:00+00:00,0.141250,3600
2023-01-10T12:00:00+00:00,0.141680,3600
2023-01-10T13:00:00+00:00,0.145410,3600
2023-01-10T14:00:00+00:00,0.145920,3600
2023-01-10T15:00:00+00:00,0.140110,3600
2023-01-10T16:00:00+00:00,0.147900,3600
2023-01-10T17:00:00+00:00,0.144740,3600
2023-01-10T18:00:00+00:00,0.130100,3600
2023-01-10T19:00:00+00:00,0.122810,3600
2023-01-10T20:00:00+00:00,0.101900,3600
2023-01-10T21:00:00+00:00,0.082000,3600
2023-01-10T22:00:00+00:00,0.042960,3600
2023-01-10T23:00:00+00:00,0.005000,3600
2023-01-11T00:00:00+00:00,0.000000,3600
2023-01-11T01:00:00+00:00,-0.000330,3600
2023-01-11T02:00:00+00:00,-0.000230,3600
2023-01-11T03:00:00+00:00,0.000000,3600
2023-01-11T04:00:00+00:00,0.002590,3600
2023-01-11T05:00:00+00:00,0.057310,3600
2023-01-11T06:00:00+00:00,0.091110,3600
2023-01-11T07:00:00+00:00,0.163580,3600
2023-01-11T08:00:00+00:00,0.155600,3600
2023-01-11T09:00:00+00:00,0.131780,3600
2023-01-11T10:00:00+00:00,0.130600,3600
2023-01-11T11:00:00+00:00,0.117820,3600
2023-01-11T12:00:00+00:00,0.110540,3600
2023-01-11T13:00:00+00:00,0.115740,3600
2023-01-11T14:00:00+00:00,0.118830,3600
2023-01-11T15:00:00+00:00,0.120810,3600
2023-01-11T16:00:00+00:00,0.133790,3600
2023-01-11T17:00:00+00:00,0.133870,3600
2023-01-11T18:00:00+00:00,0.129900,3600
2023-01-11T19:00:00+00:00,0.118530,3600
2023-01-11T20:00:00+00:00,0.094870,3600
2023-01-11T21:00:00+00:00,0.092030,3600
2023-01-11T22:00:00+00:00,0.069230,3600
2023-01-11T23:00:00+00:00,0.021740,3600
2023-01-12T00:00:00+00:00,0.005920,3600
2023-01-12T01:00:00+00:00,0.005660,3600
2023-01-12T02:00:00+00:00,0.000100,3600
2023-01-12T03:00:00+00:00,0.002730,3600
2023-01-12T04:00:00+00:00,0.025550,3600
2023-01-12T05:00:00+00:00,0.085720,3600
2023-01-12T06:00:00+00:00,0.115350,3600
2023-01-12T07:00:00+00:00,0.138600,3600
2023-01-12T08:00:00+00:00,0.156600,3600
2023-01-12T09:00:00+00:00,0.110000,3600
2023-01-12T10:00:00+00:00,0.111920,3600
2023-01-12T11:00:00+00:00,0.106700,3600
2023-01-12T12:00:00+00:00,0.102870,3600
2023-01-12T13:00:00+00:00,0.110240,3600
2023-01-12T14:00:00+00:00,0.108660,3600
2023-01-12T15:00:00+00:00,0.107910,3600
2023-01-12T16:00:00+00:00,0.130000,3600
2023-01-12T17:00:00+00:00,0.144500,3600
2023-01-12T18:00:00+00:00,0.130000,3600
2023-01-12T19:00:00+00:00,0.131140,3600
2023-01-12T20:00:00+00:00,0.086000,3600
2023-01-12T21:00:00+00:00,0.074100,3600
2023-01-12T22:00:00+00:00,0.040410,3600
2023-01-12T23:00:00+00:00,0.032920,3600
2023-01-13T00:00:00+00:00,0.017200,3600
2023-01-13T01:00:00+00:00,0.010430,3600
2023-01-13T02:00:00+00:00,0.002650,3600
2023-01-13T03:00:00+00:00,0.003350,3600
2023-01-13T04:00:00+00:00,0.025700,3600
2023-01-13T05:00:00+00:00,0.055500,3600
2023-01-13T06:00:00+00:00,0.088650,3600
2023-01-13T07:00:00+00:00,0.112430,3600
2023-01-13T08:00:00+00:00,0.107070,3600
2023-01-13T09:00:00+00:00,0.097100,3600
2023-01-13T10:00:00+00:00,0.089030,3600
2023-01-13T11:00:00+00:00,0.076770,3600
2023-01-13T12:00:00+00:00,0.070240,3600
2023-01-13T13:00:00+00:00,0.074230,3600
2023-01-13T14:00:00+00:00,0.080600,3600
2023-01-13T15:00:00+00:00,0.087580,3600
2023-01-13T16:00:00+00:00,0.141830,3600
2023-01-13T17:00:00+00:00,0.155000,3600
2023-01-13T18:00:00+00:00,0.144200,3600
2023-01-13T19:00:00+00:00,0.121770,3600
2023-01-13T20:00:00+00:00,0.125400,3600
2023-01-13T21:00:00+00:00,0.120000,3600
2023-01-13T22:00:00+00:00,0.097290,3600
2023-01-13T23:00:00+00:00,0.135000,3600
2023-01-14T00:00:00+00:00,0.117200,3600
2023-01-14T01:00:00+00:00,0.098670,3600
2023-01-14T02:00:00+00:00,0.057450,3600
2023-01-14T03:00:00+00:00,0.040850,3600
2023-01-14T04:00:00+00:00,0.041020,3600
2023-01-14T05:00:00+00:00,0.045100,3600
2023-01-14T06:00:00+00:00,0.054900,3600
2023-01-14T07:00:00+00:00,0.077150,3600
2023-01-14T08:00:00+00:00,0.100100,3600
2023-01-14T09:00:00+00:00,0.096730,3600
2023-01-14T10:00:00+00:00,0.099200,3600
2023-01-14T11:00:00+00:00,0.104970,3600
2023-01-14T12:00:00+00:00,0.093860,3600
2023-01-14T13:00:00+00:00,0.093850,3600
2023-01-14T14:00:00+00:00,0.100000,3600
2023-01-14T15:00:00+00:00,0.100000,3600
2023-01-14T16:00:00+00:00,0.134260,3600
2023-01-14T17:00:00+00:00,0.144200,3600
2023-01-14T18:00:00+00:00,0.127000,3600
2023-01-14T19:00:00+00:00,0.143510,3600
2023-01-14T20:00:00+00:00,0.099370,3600
2023-01-14T21:00:00+00:00,0.093420,3600
2023-01-14T22:00:00+00:00,0.069100,3600
2023-01-14T23:00:00+00:00,0.060010,3600
2023-01-15T00:00:00+00:00,0.029400,3600
2023-01-15T01:00:00+00:00,0.027930,3600
2023-01-15T02:00:00+00:00,0.006940,3600
2023-01-15T03:00:00+00:00,0.002930,3600
2023-01-15T04:00:00+00:00,0.004050,3600
2023-01-15T05:00:00+00:00,0.001580,3600
2023-01-15T06:00:00+00:00,0.001810,3600
2023-01-15T07:00:00+00:00,0.011200,3600
2023-01-15T08:00:00+00:00,0.037400,3600
2023-01-15T09:00:00+00:00,0.038860,3600
2023-01-15T10:00:00+00:00,0.074900,3600
2023-01-15T11:00:00+00:00,0.080000,3600
2023-01-15T12:00:00+00:00,0.065010,3600
2023-01-15T13:00:00+00:00,0.080150,3600
2023-01-15T14:00:00+00:00,0.086020,3600
2023-01-15T15:00:00+00:00,0.095000,3600
2023-01-15T16:00:00+00:00,0.139640,3600
2023-01-15T17:00:00+00:00,0.174600,3600
2023-01-15T18:00:00+00:00,0.197700,3600
2023-01-15T19:00:00+00:00,0.199900,3600
2023-01-15T20:00:00+00:00,0.168340,3600
2023-01-15T21:00:00+00:00,0.160000,3600
2023-01-15T22:00:00+00:00,0.133000,3600
2023-01-15T23:00:00+00:00,0.060010,3600
2023-01-16T00:00:00+00:00,0.060010,3600
2023-01-16T01:00:00+00:00,0.062720,3600
2023-01-16T02:00:00+00:00,0.056100,3600
2023-01-16T03:00:00+00:00,0.063300,3600
2023-01-16T04:00:00+00:00,0.087000,3600
2023-01-16T05:00:00+00:00,0.154630,3600
2023-01-16T06:00:00+00:00,0.175110,3600
2023-01-16T07:00:00+00:00,0.185990,3600
2023-01-16T08:00:00+00:00,0.170000,3600
2023-01-16T09:00:00+00:00,0.200100,3600
2023-01-16T10:00:00+00:00,0.165600,3600
2023-01-16T11:00:00+00:00,0.148590,3600
2023-01-16T12:00:00+00:00,0.145470,3600
2023-01-16T13:00:00+00:00,0.146100,3600
2023-01-16T14:00:00+00:00,0.149900,3600
2023-01-16T15:00:00+00:00,0.151450,3600
2023-01-16T16:00:00+00:00,0.166790,3600
2023-01-16T17:00:00+00:00,0.173720,3600
2023-01-16T18:00:00+00:00,0.150500,3600
2023-01-16T19:00:00+00:00,0.145900,3600
2023-01-16T20:00:00+00:00,0.131970,3600
2023-01-16T21:00:00+00:00,0.127310,3600
2023-01-16T22:00:00+00:00,0.120000,3600
2023-01-16T23:00:00+00:00,0.101190,3600
2023-01-17T00:00:00+00:00,0.095450,3600
2023-01-17T01:00:00+00:00,0.097980,3600
2023-01-17T02:00:00+00:00,0.100000,3600
2023-01-17T03:00:00+00:00,0.101090,3600
2023-01-17T04:00:00+00:00,0.113550,3600
2023-01-17T05:00:00+00:00,0.131050,3600
2023-01-17T06:00:00+00:00,0.140800,3600
2023-01-17T07:00:00+00:00,0.200000,3600
2023-01-17T08:00:00+00:00,0.232800,3600
2023-01-17T09:00:00+00:00,0.128920,3600
2023-01-17T10:00:00+00:00,0.120000,3600
2023-01-17T11:00:00+00:00,0.115950,3600
2023-01-17T12:00:00+00:00,0.112900,3600
2023-01-17T13:00:00+00:00,0.115930,3600
2023-01-17T14:00:00+00:00,0.147720,3600
2023-01-17T15:00:00+00:00,0.171000,3600
2023-01-17T16:00:00+00:00,0.184730,3600
2023-01-17T17:00:00+00:00,0.162190,3600
2023-01-17T18:00:00+00:00,0.150100,3600
2023-01-17T19:00:00+00:00,0.144430,3600
2023-01-17T20:00:00+00:00,0.141410,3600
2023-01-17T21:00:00+00:00,0.132800,3600
2023-01-17T22:00:00+00:00,0.131400,3600
2023-01-17T23:00:00+00:00,0.119800,3600
2023-01-18T00:00:00+00:00,0.120100,3600
2023-01-18T01:00:00+00:00,0.123900,3600
2023-01-18T02:00:00+00:00,0.122870,3600
2023-01-18T03:00:00+00:00,0.120480,3600
2023-01-18T04:00:00+00:00,0.121910,3600
2023-01-18T05:00:00+00:00,0.130390,3600
2023-01-18T06:00:00+00:00,0.166400,3600
2023-01-18T07:00:00+00:00,0.181500,3600
2023-01-18T08:00:00+00:00,0.176560,3600
2023-01-18T09:00:00+00:00,0.140000,3600
2023-01-18T10:00:00+00:00,0.123050,3600
2023-01-18T11:00:00+00:00,0.119310,3600
2023-01-18T12:00:00+00:00,0.115750,3600
2023-01-18T13:00:00+00:00,0.117080,3600
2023-01-18T14:00:00+00:00,0.140000,3600
2023-01-18T15:00:00+00:00,0.147970,3600
2023-01-18T16:00:00+00:00,0.160000,3600
2023-01-18T17:00:00+00:00,0.127080,3600
2023-01-18T18:00:00+00:00,0.123070,3600
2023-01-18T19:00:00+00:00,0.117090,3600
2023-01-18T20:00:00+00:00,0.119900,3600
2023-01-18T21:00:00+00:00,0.117510,3600
2023-01-18T22:00:00+00:00,0.111460,3600
2023-01-18T23:00:00+00:00,0.111530,3600
2023-01-19T00:00:00+00:00,0.106980,3600
2023-01-19T01:00:00+00:00,0.104970,3600
2023-01-19T02:00:00+00:00,0.101720,3600
2023-01-19T03:00:00+00:00,0.107230,3600
2023-01-19T04:00:00+00:00,0.114620,3600
2023-01-19T05:00:00+00:00,0.118940,3600
2023-01-19T06:00:00+00:00,0.159900,3600
2023-01-19T07:00:00+00:00,0.164000,3600
2023-01-19T08:00:00+00:00,0.171690,3600
2023-01-19T09:00:00+00:00,0.139000,3600
2023-01-19T10:00:00+00:00,0.136350,3600
2023-01-19T11:00:00+00:00,0.129600,3600
2023-01-19T12:00:00+00:00,0.154870,3600
2023-01-19T13:00:00+00:00,0.160490,3600
2023-01-19T14:00:00+00:00,0.175960,3600
2023-01-19T15:00:00+00:00,0.186290,3600
2023-01-19T16:00:00+00:00,0.203940,3600
2023-01-19T17:00:00+00:00,0.197570,3600
2023-01-19T18:00:00+00:00,0.171430,3600
2023-01-19T19:00:00+00:00,0.150000,3600
2023-01-19T20:00:00+00:00,0.148410,3600
2023-01-19T21:00:00+00:00,0.149340,3600
2023-01-19T22:00:00+00:00,0.139000,3600
2023-01-19T23:00:00+00:00,0.149900,3600
2023-01-20T00:00:00+00:00,0.144500,3600
2023-01-20T01:00:00+00:00,0.142440,3600
2023-01-20T02:00:00+00:00,0.142800,3600
2023-01-20T03:00:00+00:00,0.144980,3600
2023-01-20T04:00:00+00:00,0.150010,3600
2023-01-20T05:00:00+00:00,0.169900,3600
2023-01-20T06:00:00+00:00,0.208070,3600
2023-01-20T07:00:00+00:00,0.235060,3600
2023-01-20T08:00:00+00:00,0.221700,3600
2023-01-20T09:00:00+00:00,0.209770,3600
2023-01-20T10:00:00+00:00,0.199420,3600
2023-01-20T11:00:00+00:00,0.187490,3600
2023-01-20T12:00:00+00:00,0.181620,3600
2023-01-20T13:00:00+00:00,0.179600,3600
2023-01-20T14:00:00+00:00,0.192000,3600
2023-01-20T15:00:00+00:00,0.200000,3600
2023-01-20T16:00:00+00:00,0.208220,3600
2023-01-20T17:00:00+00:00,0.208400,3600
2023-01-20T18:00:00+00:00,0.183680,3600
2023-01-20T19:00:00+00:00,0.151390,3600
2023-01-20T20:00:00+00:00,0.155300,3600
2023-01-20T21:00:00+00:00,0.153650,3600
2023-01-20T22:00:00+00:00,0.147550,3600
2023-01-20T23:00:00+00:00,0.152200,3600
2023-01-21T00:00:00+00:00,0.147860,3600
2023-01-21T01:00:00+00:00,0.142220,3600
2023-01-21T02:00:00+00:00,0.135880,3600
2023-01-21T03:00:00+00:00,0.132910,3600
2023-01-21T04:00:00+00:00,0.134840,3600
2023-01-21T05:00:00+00:00,0.131500,3600
2023-01-21T06:00:00+00:00,0.140770,3600
2023-01-21T07:00:00+00:00,0.155260,3600
2023-01-21T08:00:00+00:00,0.171840,3600
2023-01-21T09:00:00+00:00,0.170010,3600
2023-01-21T10:00:00+00:00,0.156940,3600
2023-01-21T11:00:00+00:00,0.147910,3600
2023-01-21T12:00:00+00:00,0.137020,3600
2023-01-21T13:00:00+00:00,0.136580,3600
2023-01-21T14:00:00+00:00,0.135900,3600
2023-01-21T15:00:00+00:00,0.144220,3600
2023-01-21T16:00:00+00:00,0.173920,3600
2023-01-21T17:00:00+00:00,0.179620,3600
2023-01-21T18:00:00+00:00,0.159410,3600
2023-01-21T19:00:00+00:00,0.165880,3600
2023-01-21T20:00:00+00:00,0.147740,3600
2023-01-21T21:00:00+00:00,0.143860,3600
2023-01-21T22:00:00+00:00,0.132580,3600
2023-01-21T23:00:00+00:00,0.140000,3600
2023-01-22T00:00:00+00:00,0.122940,3600
2023-01-22T01:00:00+00:00,0.127000,3600
2023-01-22T02:00:00+00:00,0.130990,3600
2023-01-22T03:00:00+00:00,0.122120,3600
2023-01-22T04:00:00+00:00,0.121680,3600
2023-01-22T05:00:00+00:00,0.132390,3600
2023-01-22T06:00:00+00:00,0.127600,3600
2023-01-22T07:00:00+00:00,0.139900,3600
2023-01-22T08:00:00+00:00,0.150710,3600
2023-01-22T09:00:00+00:00,0.146400,3600
2023-01-22T10:00:00+00:00,0.153100,3600
2023-01-22T11:00:00+00:00,0.146300,3600
2023-01-22T12:00:00+00:00,0.150000,3600
2023-01-22T13:00:00+00:00,0.154900,3600
2023-01-22T14:00:00+00:00,0.157490,3600
2023-01-22T15:00:00+00:00,0.171030,3600
2023-01-22T16:00:00+00:00,0.191990,3600
2023-01-22T17:00:00+00:00,0.203660,3600
2023-01-22T18:00:00+00:00,0.197580,3600
2023-01-22T19:00:00+00:00,0.170870,3600
2023-01-22T20:00:00+00:00,0.166400,3600
2023-01-22T21:00:00+00:00,0.157250,3600
2023-01-22T22:00:00+00:00,0.148300,3600
2023-01-22T23:00:00+00:00,0.149240,3600
2023-01-23T00:00:00+00:00,0.149000,3600
2023-01-23T01:00:00+00:00,0.148400,3600
2023-01-23T02:00:00+00:00,0.147590,3600
2023-01-23T03:00:00+00:00,0.148300,3600
2023-01-23T04:00:00+00:00,0.144900,3600
2023-01-23T05:00:00+00:00,0.189900,3600
2023-01-23T06:00:00+00:00,0.226540,3600
2023-01-23T07:00:00+00:00,0.257910,3600
2023-01-23T08:00:00+00:00,0.270200,3600
2023-01-23T09:00:00+00:00,0.249900,3600
2023-01-23T10:00:00+00:00,0.230200,3600
2023-01-23T11:00:00+00:00,0.220930,3600
2023-01-23T12:00:00+00:00,0.219160,3600
2023-01-23T13:00:00+00:00,0.219670,3600
2023-01-23T14:00:00+00:00,0.218990,3600
2023-01-23T15:00:00+00:00,0.224580,3600
2023-01-23T16:00:00+00:00,0.248900,3600
2023-01-23T17:00:00+00:00,0.248070,3600
2023-01-23T18:00:00+00:00,0.223190,3600
2023-01-23T19:00:00+00:00,0.201390,3600
2023-01-23T20:00:00+00:00,0.183950,3600
2023-01-23T21:00:00+00:00,0.167600,3600
2023-01-23T22:00:00+00:00,0.157010,3600
2023-01-23T23:00:00+00:00,0.164850,3600
2023-01-24T00:00:00+00:00,0.160050,3600
2023-01-24T01:00:00+00:00,0.145900,3600
2023-01-24T02:00:00+00:00,0.142400,3600
2023-01-24T03:00:00+00:00,0.153620,3600
2023-01-24T04:00:00+00:00,0.156700,3600
2023-01-24T05:00:00+00:00,0.183610,3600
2023-01-24T06:00:00+00:00,0.210060,3600
2023-01-24T07:00:00+00:00,0.251100,3600
2023-01-24T08:00:00+00:00,0.256430,3600
2023-01-24T09:00:00+00:00,0.238660,3600
2023-01-24T10:00:00+00:00,0.229960,3600
2023-01-24T11:00:00+00:00,0.217850,3600
2023-01-24T12:00:00+00:00,0.205990,3600
2023-01-24T13:00:00+00:00,0.215280,3600
2023-01-24T14:00:00+00:00,0.217980,3600
2023-01-24T15:00:00+00:00,0.224580,3600
2023-01-24T16:00:00+00:00,0.250000,3600
2023-01-24T17:00:00+00:00,0.250000,3600
2023-01-24T18:00:00+00:00,0.231140,3600
2023-01-24T19:00:00+00:00,0.207290,3600
2023-01-24T20:00:00+00:00,0.182750,3600
2023-01-24T21:00:00+00:00,0.149900,3600
2023-01-24T22:00:00+00:00,0.147340,3600
2023-01-24T23:00:00+00:00,0.138200,3600
2023-01-25T00:00:00+00:00,0.146180,3600
2023-01-25T01:00:00+00:00,0.145260,3600
2023-01-25T02:00:00+00:00,0.146700,3600
2023-01-25T03:00:00+00:00,0.146800,3600
2023-01-25T04:00:00+00:00,0.150900,3600
2023-01-25T05:00:00+00:00,0.160000,3600
2023-01-25T06:00:00+00:00,0.195460,3600
2023-01-25T07:00:00+00:00,0.225040,3600
2023-01-25T08:00:00+00:00,0.225000,3600
2023-01-25T09:00:00+00:00,0.212420,3600
2023-01-25T10:00:00+00:00,0.200980,3600
2023-01-25T11:00:00+00:00,0.193200,3600
2023-01-25T12:00:00+00:00,0.185200,3600
2023-01-25T13:00:00+00:00,0.190800,3600
2023-01-25T14:00:00+00:00,0.197300,3600
2023-01-25T15:00:00+00:00,0.199190,3600
2023-01-25T16:00:00+00:00,0.206350,3600
2023-01-25T17:00:00+00:00,0.200100,3600
2023-01-25T18:00:00+00:00,0.170410,3600
2023-01-25T19:00:00+00:00,0.150000,3600
2023-01-25T20:00:00+00:00,0.144300,3600
2023-01-25T21:00:00+00:00,0.145080,3600
2023-01-25T22:00:00+00:00,0.135000,3600
2023-01-25T23:00:00+00:00,0.150000,3600
2023-01-26T00:00:00+00:00,0.129380,3600
2023-01-26T01:00:00+00:00,0.128480,3600
2023-01-26T02:00:00+00:00,0.126610,3600
2023-01-26T03:00:00+00:00,0.128940,3600
2023-01-26T04:00:00+00:00,0.124000,3600
2023-01-26T05:00:00+00:00,0.160390,3600
2023-01-26T06:00:00+00:00,0.182490,3600
2023-01-26T07:00:00+00:00,0.198950,3600
2023-01-26T08:00:00+00:00,0.199060,3600
2023-01-26T09:00:00+00:00,0.192380,3600
2023-01-26T10:00:00+00:00,0.140100,3600
2023-01-26T11:00:00+00:00,0.136440,3600
2023-01-26T12:00:00+00:00,0.130000,3600
2023-01-26T13:00:00+00:00,0.127960,3600
2023-01-26T14:00:00+00:00,0.135480,3600
2023-01-26T15:00:00+00:00,0.153000,3600
2023-01-26T16:00:00+00:00,0.186200,3600
2023-01-26T17:00:00+00:00,0.150000,3600
2023-01-26T18:00:00+00:00,0.133920,3600
2023-01-26T19:00:00+00:00,0.128490,3600
2023-01-26T20:00:00+00:00,0.149400,3600
2023-01-26T21:00:00+00:00,0.130000,3600
2023-01-26T22:00:00+00:00,0.130000,3600
2023-01-26T23:00:00+00:00,0.124120,3600
2023-01-27T00:00:00+00:00,0.114610,3600
2023-01-27T01:00:00+00:00,0.119740,3600
2023-01-27T02:00:00+00:00,0.116000,3600
2023-01-27T03:00:00+00:00,0.124080,3600
2023-01-27T04:00:00+00:00,0.127260,3600
2023-01-27T05:00:00+00:00,0.149700,3600
2023-01-27T06:00:00+00:00,0.176100,3600
2023-01-27T07:00:00+00:00,0.195000,3600
2023-01-27T08:00:00+00:00,0.199190,3600
2023-01-27T09:00:00+00:00,0.195000,3600
2023-01-27T10:00:00+00:00,0.190000,3600
2023-01-27T11:00:00+00:00,0.183060,3600
2023-01-27T12:00:00+00:00,0.180000,3600
2023-01-27T13:00:00+00:00,0.181500,3600
2023-01-27T14:00:00+00:00,0.185000,3600
2023-01-27T15:00:00+00:00,0.188000,3600
2023-01-27T16:00:00+00:00,0.198050,3600
2023-01-27T17:00:00+00:00,0.200700,3600
2023-01-27T18:00:00+00:00,0.193700,3600
2023-01-27T19:00:00+00:00,0.181130,3600
2023-01-27T20:00:00+00:00,0.161860,3600
2023-01-27T21:00:00+00:00,0.145320,3600
2023-01-27T22:00:00+00:00,0.146000,3600
2023-01-27T23:00:00+00:00,0.139900,3600
2023-01-28T00:00:00+00:00,0.135000,3600
2023-01-28T01:00:00+00:00,0.133320,3600
2023-01-28T02:00:00+00:00,0.129470,3600
2023-01-28T03:00:00+00:00,0.125220,3600
2023-01-28T04:00:00+00:00,0.122820,3600
2023-01-28T05:00:00+00:00,0.128800,3600
2023-01-28T06:00:00+00:00,0.136260,3600
2023-01-28T07:00:00+00:00,0.145430,3600
2023-01-28T08:00:00+00:00,0.160140,3600
2023-01-28T09:00:00+00:00,0.161550,3600
2023-01-28T10:00:00+00:00,0.153920,3600
2023-01-28T11:00:00+00:00,0.126000,3600
2023-01-28T12:00:00+00:00,0.119900,3600
2023-01-28T13:00:00+00:00,0.129900,3600
2023-01-28T14:00:00+00:00,0.123000,3600
2023-01-28T15:00:00+00:00,0.154270,3600
2023-01-28T16:00:00+00:00,0.164930,3600
2023-01-28T17:00:00+00:00,0.168000,3600
2023-01-28T18:00:00+00:00,0.150000,3600
2023-01-28T19:00:00+00:00,0.138940,3600
2023-01-28T20:00:00+00:00,0.143840,3600
2023-01-28T21:00:00+00:00,0.139600,3600
2023-01-28T22:00:00+00:00,0.124100,3600
2023-01-28T23:00:00+00:00,0.150400,3600
2023-01-29T00:00:00+00:00,0.139030,3600
2023-01-29T01:00:00+00:00,0.119400,3600
2023-01-29T02:00:00+00:00,0.125220,3600
2023-01-29T03:00:00+00:00,0.123760,3600
2023-01-29T04:00:00+00:00,0.123580,3600
2023-01-29T05:00:00+00:00,0.125840,3600
2023-01-29T06:00:00+00:00,0.133220,3600
2023-01-29T07:00:00+00:00,0.147870,3600
2023-01-29T08:00:00+00:00,0.149900,3600
2023-01-29T09:00:00+00:00,0.154800,3600
2023-01-29T10:00:00+00:00,0.122000,3600
2023-01-29T11:00:00+00:00,0.132000,3600
2023-01-29T12:00:00+00:00,0.120800,3600
2023-01-29T13:00:00+00:00,0.121270,3600
2023-01-29T14:00:00+00:00,0.125370,3600
2023-01-29T15:00:00+00:00,0.130000,3600
2023-01-29T16:00:00+00:00,0.155800,3600
2023-01-29T17:00:00+00:00,0.149900,3600
2023-01-29T18:00:00+00:00,0.118000,3600
2023-01-29T19:00:00+00:00,0.120000,3600
2023-01-29T20:00:00+00:00,0.101610,3600
2023-01-29T21:00:00+00:00,0.098000,3600
2023-01-29T22:00:00+00:00,0.073110,3600
2023-01-29T23:00:00+00:00,0.049670,3600
2023-01-30T00:00:00+00:00,0.009460,3600
2023-01-30T01:00:00+00:00,0.005070,3600
2023-01-30T02:00:00+00:00,0.002030,3600
2023-01-30T03:00:00+00:00,0.009030,3600
2023-01-30T04:00:00+00:00,0.037500,3600
2023-01-30T05:00:00+00:00,0.088760,3600
2023-01-30T06:00:00+00:00,0.150000,3600
2023-01-30T07:00:00+00:00,0.182000,3600
2023-01-30T08:00:00+00:00,0.142000,3600
2023-01-30T09:00:00+00:00,0.103490,3600
2023-01-30T10:00:00+00:00,0.088230,3600
2023-01-30T11:00:00+00:00,0.084900,3600
2023-01-30T12:00:00+00:00,0.083380,3600
2023-01-30T13:00:00+00:00,0.087550,3600
2023-01-30T14:00:00+00:00,0.099920,3600
2023-01-30T15:00:00+00:00,0.120000,3600
2023-01-30T16:00:00+00:00,0.167500,3600
2023-01-30T17:00:00+00:00,0.180000,3600
2023-01-30T18:00:00+00:00,0.180000,3600
2023-01-30T19:00:00+00:00,0.171000,3600
2023-01-30T20:00:00+00:00,0.150000,3600
2023-01-30T21:00:00+00:00,0.149900,3600
2023-01-30T22:00:00+00:00,0.137300,3600
2023-01-30T23:00:00+00:00,0.151800,3600
2023-01-31T00:00:00+00:00,0.106630,3600
2023-01-31T01:00:00+00:00,0.108630,3600
2023-01-31T02:00:00+00:00,0.102970,3600
2023-01-31T03:00:00+00:00,0.105800,3600
2023-01-31T04:00:00+00:00,0.109900,3600
2023-01-31T05:00:00+00:00,0.141350,3600
2023-01-31T06:00:00+00:00,0.171440,3600
2023-01-31T07:00:00+00:00,0.182800,3600
2023-01-31T08:00:00+00:00,0.170500,3600
2023-01-31T09:00:00+00:00,0.165300,3600
2023-01-31T10:00:00+00:00,0.146000,3600
2023-01-31T11:00:00+00:00,0.118670,3600
2023-01-31T12:00:00+00:00,0.113060,3600
2023-01-31T13:00:00+00:00,0.113590,3600
2023-01-31T14:00:00+00:00,0.125000,3600
2023-01-31T15:00:00+00:00,0.141400,3600
2023-01-31T16:00:00+00:00,0.166370,3600
2023-01-31T17:00:00+00:00,0.200000,3600
2023-01-31T18:00:00+00:00,0.147930,3600
2023-01-31T19:00:00+00:00,0.124300,3600
2023-01-31T20:00:00+00:00,0.127600,3600
2023-01-31T21:00:00+00:00,0.122700,3600
2023-01-31T22:00:00+00:00,0.087520,3600
2023-01-31T23:00:00+00:00,0.085030,3600
2023-02-01T00:00:00+00:00,0.080020,3600
2023-02-01T01:00:00+00:00,0.071670,3600
2023-02-01T02:00:00+00:00,0.071050,3600
2023-02-01T03:00:00+00:00,0.079210,3600
2023-02-01T04:00:00+00:00,0.083930,3600
2023-02-01T05:00:00+00:00,0.099500,3600
2023-02-01T06:00:00+00:00,0.130000,3600
2023-02-01T07:00:00+00:00,0.163700,3600
2023-02-01T08:00:00+00:00,0.120100,3600
2023-02-01T09:00:00+00:00,0.108510,3600
2023-02-01T10:00:00+00:00,0.104810,3600
2023-02-01T11:00:00+00:00,0.102630,3600
2023-02-01T12:00:00+00:00,0.101790,3600
2023-02-01T13:00:00+00:00,0.101580,3600
2023-02-01T14:00:00+00:00,0.101820,3600
2023-02-01T15:00:00+00:00,0.130000,3600
2023-02-01T16:00:00+00:00,0.167620,3600
2023-02-01T17:00:00+00:00,0.179690,3600
2023-02-01T18:00:00+00:00,0.126000,3600
2023-02-01T19:00:00+00:00,0.100880,3600
2023-02-01T20:00:00+00:00,0.117000,3600
2023-02-01T21:00:00+00:00,0.099900,3600
2023-02-01T22:00:00+00:00,0.094900,3600
2023-02-01T23:00:00+00:00,0.083460,3600
2023-02-02T00:00:00+00:00,0.089960,3600
2023-02-02T01:00:00+00:00,0.085570,3600
2023-02-02T02:00:00+00:00,0.088270,3600
2023-02-02T03:00:00+00:00,0.094400,3600
2023-02-02T04:00:00+00:00,0.099920,3600
2023-02-02T05:00:00+00:00,0.116620,3600
2023-02-02T06:00:00+00:00,0.140960,3600
2023-02-02T07:00:00+00:00,0.170130,3600
2023-02-02T08:00:00+00:00,0.178200,3600
2023-02-02T09:00:00+00:00,0.170090,3600
2023-02-02T10:00:00+00:00,0.167210,3600
2023-02-02T11:00:00+00:00,0.156860,3600
2023-02-02T12:00:00+00:00,0.152740,3600
2023-02-02T13:00:00+00:00,0.161440,3600
2023-02-02T14:00:00+00:00,0.163390,3600
2023-02-02T15:00:00+00:00,0.167280,3600
2023-02-02T16:00:00+00:00,0.178170,3600
2023-02-02T17:00:00+00:00,0.183120,3600
2023-02-02T18:00:00+00:00,0.167410,3600
2023-02-02T19:00:00+00:00,0.146860,3600
2023-02-02T20:00:00+00:00,0.143540,3600
2023-02-02T21:00:00+00:00,0.130150,3600
2023-02-02T22:00:00+00:00,0.106300,3600
2023-02-02T23:00:00+00:00,0.110100,3600
2023-02-03T00:00:00+00:00,0.102990,3600
2023-02-03T01:00:00+00:00,0.096550,3600
2023-02-03T02:00:00+00:00,0.090100,3600
2023-02-03T03:00:00+00:00,0.082400,3600
2023-02-03T04:00:00+00:00,0.089020,3600
2023-02-03T05:00:00+00:00,0.103230,3600
2023-02-03T06:00:00+00:00,0.147120,3600
2023-02-03T07:00:00+00:00,0.173320,3600
2023-02-03T08:00:00+00:00,0.166590,3600
2023-02-03T09:00:00+00:00,0.139900,3600
2023-02-03T10:00:00+00:00,0.113000,3600
2023-02-03T11:00:00+00:00,0.130000,3600
2023-02-03T12:00:00+00:00,0.131200,3600
2023-02-03T13:00:00+00:00,0.143380,3600
2023-02-03T14:00:00+00:00,0.150000,3600
2023-02-03T15:00:00+00:00,0.149900,3600
2023-02-03T16:00:00+00:00,0.184000,3600
2023-02-03T17:00:00+00:00,0.194400,3600
2023-02-03T18:00:00+00:00,0.180000,3600
2023-02-03T19:00:00+00:00,0.166700,3600
2023-02-03T20:00:00+00:00,0.181000,3600
2023-02-03T21:00:00+00:00,0.143900,3600
2023-02-03T22:00:00+00:00,0.153010,3600
2023-02-03T23:00:00+00:00,0.152530,3600
2023-02-04T00:00:00+00:00,0.159900,3600
2023-02-04T01:00:00+00:00,0.124680,3600
2023-02-04T02:00:00+00:00,0.124500,3600
2023-02-04T03:00:00+00:00,0.127280,3600
2023-02-04T04:00:00+00:00,0.131290,3600
2023-02-04T05:00:00+00:00,0.139610,3600
2023-02-04T06:00:00+00:00,0.156310,3600
2023-02-04T07:00:00+00:00,0.164190,3600
2023-02-04T08:00:00+00:00,0.169830,3600
2023-02-04T09:00:00+00:00,0.164110,3600
2023-02-04T10:00:00+00:00,0.156390,3600
2023-02-04T11:00:00+00:00,0.148840,3600
2023-02-04T12:00:00+00:00,0.133370,3600
2023-02-04T13:00:00+00:00,0.134090,3600
2023-02-04T14:00:00+00:00,0.141610,3600
2023-02-04T15:00:00+00:00,0.155360,3600
2023-02-04T16:00:00+00:00,0.170290,3600
2023-02-04T17:00:00+00:00,0.184160,3600
2023-02-04T18:00:00+00:00,0.179960,3600
2023-02-04T19:00:00+00:00,0.167880,3600
2023-02-04T20:00:00+00:00,0.158130,3600
2023-02-04T21:00:00+00:00,0.152380,3600
2023-02-04T22:00:00+00:00,0.136630,3600
2023-02-04T23:00:00+00:00,0.146920,3600
2023-02-05T00:00:00+00:00,0.141110,3600
2023-02-05T01:00:00+00:00,0.148560,3600
2023-02-05T02:00:00+00:00,0.130610,3600
2023-02-05T03:00:00+00:00,0.115900,3600
2023-02-05T04:00:00+00:00,0.113230,3600
2023-02-05T05:00:00+00:00,0.114160,3600
2023-02-05T06:00:00+00:00,0.115580,3600
2023-02-05T07:00:00+00:00,0.110100,3600
2023-02-05T08:00:00+00:00,0.111850,3600
2023-02-05T09:00:00+00:00,0.108540,3600
2023-02-05T10:00:00+00:00,0.107070,3600
2023-02-05T11:00:00+00:00,0.101620,3600
2023-02-05T12:00:00+00:00,0.100690,3600
2023-02-05T13:00:00+00:00,0.103810,3600
2023-02-05T14:00:00+00:00,0.115250,3600
2023-02-05T15:00:00+00:00,0.125130,3600
2023-02-05T16:00:00+00:00,0.147560,3600
2023-02-05T17:00:00+00:00,0.171490,3600
2023-02-05T18:00:00+00:00,0.185330,3600
2023-02-05T19:00:00+00:00,0.172030,3600
2023-02-05T20:00:00+00:00,0.153670,3600
2023-02-05T21:00:00+00:00,0.155770,3600
2023-02-05T22:00:00+00:00,0.144180,3600
2023-02-05T23:00:00+00:00,0.145000,3600
2023-02-06T00:00:00+00:00,0.143730,3600
2023-02-06T01:00:00+00:00,0.145440,3600
2023-02-06T02:00:00+00:00,0.142130,3600
2023-02-06T03:00:00+00:00,0.140100,3600
2023-02-06T04:00:00+00:00,0.148930,3600
2023-02-06T05:00:00+00:00,0.175670,3600
2023-02-06T06:00:00+00:00,0.200650,3600
2023-02-06T07:00:00+00:00,0.213390,3600
2023-02-06T08:00:00+00:00,0.200630,3600
2023-02-06T09:00:00+00:00,0.185080,3600
2023-02-06T10:00:00+00:00,0.163540,3600
2023-02-06T11:00:00+00:00,0.129800,3600
2023-02-06T12:00:00+00:00,0.129550,3600
2023-02-06T13:00:00+00:00,0.135480,3600
2023-02-06T14:00:00+00:00,0.149600,3600
2023-02-06T15:00:00+00:00,0.181800,3600
2023-02-06T16:00:00+00:00,0.198940,3600
2023-02-06T17:00:00+00:00,0.213500,3600
2023-02-06T18:00:00+00:00,0.205380,3600
2023-02-06T19:00:00+00:00,0.186210,3600
2023-02-06T20:00:00+00:00,0.166480,3600
2023-02-06T21:00:00+00:00,0.152500,3600
2023-02-06T22:00:00+00:00,0.154000,3600
2023-02-06T23:00:00+00:00,0.145720,3600
2023-02-07T00:00:00+00:00,0.142120,3600
2023-02-07T01:00:00+00:00,0.140310,3600
2023-02-07T02:00:00+00:00,0.139360,3600
2023-02-07T03:00:00+00:00,0.141600,3600
2023-02-07T04:00:00+00:00,0.143440,3600
2023-02-07T05:00:00+00:00,0.170540,3600
2023-02-07T06:00:00+00:00,0.198030,3600
2023-02-07T07:00:00+00:00,0.214160,3600
2023-02-07T08:00:00+00:00,0.191850,3600
2023-02-07T09:00:00+00:00,0.168380,3600
2023-02-07T10:00:00+00:00,0.125760,3600
2023-02-07T11:00:00+00:00,0.123570,3600
2023-02-07T12:00:00+00:00,0.125600,3600
2023-02-07T13:00:00+00:00,0.139930,3600
2023-02-07T14:00:00+00:00,0.171810,3600
2023-02-07T15:00:00+00:00,0.189980,3600
2023-02-07T16:00:00+00:00,0.222260,3600
2023-02-07T17:00:00+00:00,0.245600,3600
2023-02-07T18:00:00+00:00,0.229000,3600
2023-02-07T19:00:00+00:00,0.199030,3600
2023-02-07T20:00:00+00:00,0.188180,3600
2023-02-07T21:00:00+00:00,0.173340,3600
2023-02-07T22:00:00+00:00,0.163070,3600
2023-02-07T23:00:00+00:00,0.160040,3600
2023-02-08T00:00:00+00:00,0.155150,3600
2023-02-08T01:00:00+00:00,0.150000,3600
2023-02-08T02:00:00+00:00,0.147970,3600
2023-02-08T03:00:00+00:00,0.145970,3600
2023-02-08T04:00:00+00:00,0.149100,3600
2023-02-08T05:00:00+00:00,0.175690,3600
2023-02-08T06:00:00+00:00,0.196640,3600
2023-02-08T07:00:00+00:00,0.216190,3600
2023-02-08T08:00:00+00:00,0.176000,3600
2023-02-08T09:00:00+00:00,0.128000,3600
2023-02-08T10:00:00+00:00,0.116000,3600
2023-02-08T11:00:00+00:00,0.115610,3600
2023-02-08T12:00:00+00:00,0.114880,3600
2023-02-08T13:00:00+00:00,0.114240,3600
2023-02-08T14:00:00+00:00,0.125390,3600
2023-02-08T15:00:00+00:00,0.156780,3600
2023-02-08T16:00:00+00:00,0.183990,3600
2023-02-08T17:00:00+00:00,0.192450,3600
2023-02-08T18:00:00+00:00,0.153000,3600
2023-02-08T19:00:00+00:00,0.145000,3600
2023-02-08T20:00:00+00:00,0.163600,3600
2023-02-08T21:00:00+00:00,0.170600,3600
2023-02-08T22:00:00+00:00,0.149850,3600
2023-02-08T23:00:00+00:00,0.134110,3600
2023-02-09T00:00:00+00:00,0.128850,3600
2023-02-09T01:00:00+00:00,0.128200,3600
2023-02-09T02:00:00+00:00,0.124490,3600
2023-02-09T03:00:00+00:00,0.115710,3600
2023-02-09T04:00:00+00:00,0.124490,3600
2023-02-09T05:00:00+00:00,0.146570,3600
2023-02-09T06:00:00+00:00,0.167840,3600
2023-02-09T07:00:00+00:00,0.181990,3600
2023-02-09T08:00:00+00:00,0.137000,3600
2023-02-09T09:00:00+00:00,0.125000,3600
2023-02-09T10:00:00+00:00,0.111800,3600
2023-02-09T11:00:00+00:00,0.125430,3600
2023-02-09T12:00:00+00:00,0.125080,3600
2023-02-09T13:00:00+00:00,0.135590,3600
2023-02-09T14:00:00+00:00,0.160450,3600
2023-02-09T15:00:00+00:00,0.165040,3600
2023-02-09T16:00:00+00:00,0.173250,3600
2023-02-09T17:00:00+00:00,0.198000,3600
2023-02-09T18:00:00+00:00,0.161510,3600
2023-02-09T19:00:00+00:00,0.150000,3600
2023-02-09T20:00:00+00:00,0.143940,3600
2023-02-09T21:00:00+00:00,0.132690,3600
2023-02-09T22:00:00+00:00,0.128800,3600
2023-02-09T23:00:00+00:00,0.123000,3600
2023-02-10T00:00:00+00:00,0.119500,3600
2023-02-10T01:00:00+00:00,0.121240,3600
2023-02-10T02:00:00+00:00,0.122870,3600
2023-02-10T03:00:00+00:00,0.124590,3600
2023-02-10T04:00:00+00:00,0.130060,3600
2023-02-10T05:00:00+00:00,0.151890,3600
2023-02-10T06:00:00+00:00,0.185560,3600
2023-02-10T07:00:00+00:00,0.202000,3600
2023-02-10T08:00:00+00:00,0.165810,3600
2023-02-10T09:00:00+00:00,0.142000,3600
2023-02-10T10:00:00+00:00,0.138640,3600
2023-02-10T11:00:00+00:00,0.119180,3600
2023-02-10T12:00:00+00:00,0.119700,3600
2023-02-10T13:00:00+00:00,0.114420,3600
2023-02-10T14:00:00+00:00,0.128450,3600
2023-02-10T15:00:00+00:00,0.128000,3600
2023-02-10T16:00:00+00:00,0.162650,3600
2023-02-10T17:00:00+00:00,0.162100,3600
2023-02-10T18:00:00+00:00,0.127160,3600
2023-02-10T19:00:00+00:00,0.111290,3600
2023-02-10T20:00:00+00:00,0.094900,3600
2023-02-10T21:00:00+00:00,0.100000,3600
2023-02-10T22:00:00+00:00,0.100000,3600
2023-02-10T23:00:00+00:00,0.120600,3600
2023-02-11T00:00:00+00:00,0.119900,3600
2023-02-11T01:00:00+00:00,0.118240,3600
2023-02-11T02:00:00+00:00,0.118280,3600
2023-02-11T03:00:00+00:00,0.111950,3600
2023-02-11T04:00:00+00:00,0.102740,3600
2023-02-11T05:00:00+00:00,0.119980,3600
2023-02-11T06:00:00+00:00,0.127300,3600
2023-02-11T07:00:00+00:00,0.150100,3600
2023-02-11T08:00:00+00:00,0.149940,3600
2023-02-11T09:00:00+00:00,0.130100,3600
2023-02-11T10:00:00+00:00,0.130600,3600
2023-02-11T11:00:00+00:00,0.134300,3600
2023-02-11T12:00:00+00:00,0.122000,3600
2023-02-11T13:00:00+00:00,0.140000,3600
2023-02-11T14:00:00+00:00,0.144000,3600
2023-02-11T15:00:00+00:00,0.141100,3600
2023-02-11T16:00:00+00:00,0.153850,3600
2023-02-11T17:00:00+00:00,0.182400,3600
2023-02-11T18:00:00+00:00,0.183500,3600
2023-02-11T19:00:00+00:00,0.172940,3600
2023-02-11T20:00:00+00:00,0.144760,3600
2023-02-11T21:00:00+00:00,0.147540,3600
2023-02-11T22:00:00+00:00,0.138000,3600
2023-02-11T23:00:00+00:00,0.159460,3600
2023-02-12T00:00:00+00:00,0.149900,3600
2023-02-12T01:00:00+00:00,0.132100,3600
2023-02-12T02:00:00+00:00,0.127850,3600
2023-02-12T03:00:00+00:00,0.124020,3600
2023-02-12T04:00:00+00:00,0.128400,3600
2023-02-12T05:00:00+00:00,0.128800,3600
2023-02-12T06:00:00+00:00,0.148670,3600
2023-02-12T07:00:00+00:00,0.149400,3600
2023-02-12T08:00:00+00:00,0.156930,3600
2023-02-12T09:00:00+00:00,0.145560,3600
2023-02-12T10:00:00+00:00,0.140070,3600
2023-02-12T11:00:00+00:00,0.129890,3600
2023-02-12T12:00:00+00:00,0.120000,3600
2023-02-12T13:00:00+00:00,0.120000,3600
2023-02-12T14:00:00+00:00,0.124630,3600
2023-02-12T15:00:00+00:00,0.135160,3600
2023-02-12T16:00:00+00:00,0.158540,3600
2023-02-12T17:00:00+00:00,0.185660,3600
2023-02-12T18:00:00+00:00,0.167320,3600
2023-02-12T19:00:00+00:00,0.156380,3600
2023-02-12T20:00:00+00:00,0.142320,3600
2023-02-12T21:00:00+00:00,0.151390,3600
2023-02-12T22:00:00+00:00,0.131400,3600
2023-02-12T23:00:00+00:00,0.138640,3600
2023-02-13T00:00:00+00:00,0.135300,3600
2023-02-13T01:00:00+00:00,0.134040,3600
2023-02-13T02:00:00+00:00,0.129040,3600
2023-02-13T03:00:00+00:00,0.130840,3600
2023-02-13T04:00:00+00:00,0.137370,3600
2023-02-13T05:00:00+00:00,0.163190,3600
2023-02-13T06:00:00+00:00,0.196080,3600
2023-02-13T07:00:00+00:00,0.202200,3600
2023-02-13T08:00:00+00:00,0.196200,3600
2023-02-13T09:00:00+00:00,0.173350,3600
2023-02-13T10:00:00+00:00,0.141000,3600
2023-02-13T11:00:00+00:00,0.123100,3600
2023-02-13T12:00:00+00:00,0.120000,3600
2023-02-13T13:00:00+00:00,0.120000,3600
2023-02-13T14:00:00+00:00,0.121000,3600
2023-02-13T15:00:00+00:00,0.150230,3600
2023-02-13T16:00:00+00:00,0.188060,3600
2023-02-13T17:00:00+00:00,0.221800,3600
2023-02-13T18:00:00+00:00,0.206600,3600
2023-02-13T19:00:00+00:00,0.187860,3600
2023-02-13T20:00:00+00:00,0.168920,3600
2023-02-13T21:00:00+00:00,0.160970,3600
2023-02-13T22:00:00+00:00,0.150120,3600
2023-02-13T23:00:00+00:00,0.135620,3600
2023-02-14T00:00:00+00:00,0.132320,3600
2023-02-14T01:00:00+00:00,0.132160,3600
2023-02-14T02:00:00+00:00,0.132120,3600
2023-02-14T03:00:00+00:00,0.132320,3600
2023-02-14T04:00:00+00:00,0.141930,3600
2023-02-14T05:00:00+00:00,0.156700,3600
2023-02-14T06:00:00+00:00,0.199990,3600
2023-02-14T07:00:00+00:00,0.206980,3600
2023-02-14T08:00:00+00:00,0.180600,3600
2023-02-14T09:00:00+00:00,0.125690,3600
2023-02-14T10:00:00+00:00,0.125180,3600
2023-02-14T11:00:00+00:00,0.130000,3600
2023-02-14T12:00:00+00:00,0.122980,3600
2023-02-14T13:00:00+00:00,0.126040,3600
2023-02-14T14:00:00+00:00,0.121430,3600
2023-02-14T15:00:00+00:00,0.146970,3600
2023-02-14T16:00:00+00:00,0.180800,3600
2023-02-14T17:00:00+00:00,0.199990,3600
2023-02-14T18:00:00+00:00,0.192970,3600
2023-02-14T19:00:00+00:00,0.175810,3600
2023-02-14T20:00:00+00:00,0.160090,3600
2023-02-14T21:00:00+00:00,0.151030,3600
2023-02-14T22:00:00+00:00,0.141730,3600
2023-02-14T23:00:00+00:00,0.134740,3600
2023-02-15T00:00:00+00:00,0.130950,3600
2023-02-15T01:00:00+00:00,0.130000,3600
2023-02-15T02:00:00+00:00,0.130010,3600
2023-02-15T03:00:00+00:00,0.125800,3600
2023-02-15T04:00:00+00:00,0.132400,3600
2023-02-15T05:00:00+00:00,0.132800,3600
2023-02-15T06:00:00+00:00,0.185000,3600
2023-02-15T07:00:00+00:00,0.188760,3600
2023-02-15T08:00:00+00:00,0.171220,3600
2023-02-15T09:00:00+00:00,0.146350,3600
2023-02-15T10:00:00+00:00,0.124650,3600
2023-02-15T11:00:00+00:00,0.117280,3600
2023-02-15T12:00:00+00:00,0.116600,3600
2023-02-15T13:00:00+00:00,0.120470,3600
2023-02-15T14:00:00+00:00,0.120000,3600
2023-02-15T15:00:00+00:00,0.142780,3600
2023-02-15T16:00:00+00:00,0.159230,3600
2023-02-15T17:00:00+00:00,0.174220,3600
2023-02-15T18:00:00+00:00,0.159210,3600
2023-02-15T19:00:00+00:00,0.120100,3600
2023-02-15T20:00:00+00:00,0.119400,3600
2023-02-15T21:00:00+00:00,0.116700,3600
2023-02-15T22:00:00+00:00,0.105100,3600
2023-02-15T23:00:00+00:00,0.091020,3600
2023-02-16T00:00:00+00:00,0.102070,3600
2023-02-16T01:00:00+00:00,0.107900,3600
2023-02-16T02:00:00+00:00,0.102030,3600
2023-02-16T03:00:00+00:00,0.106790,3600
2023-02-16T04:00:00+00:00,0.117700,3600
2023-02-16T05:00:00+00:00,0.139900,3600
2023-02-16T06:00:00+00:00,0.166610,3600
2023-02-16T07:00:00+00:00,0.175410,3600
2023-02-16T08:00:00+00:00,0.168130,3600
2023-02-16T09:00:00+00:00,0.154380,3600
2023-02-16T10:00:00+00:00,0.142150,3600
2023-02-16T11:00:00+00:00,0.127770,3600
2023-02-16T12:00:00+00:00,0.120270,3600
2023-02-16T13:00:00+00:00,0.127930,3600
2023-02-16T14:00:00+00:00,0.134950,3600
2023-02-16T15:00:00+00:00,0.140960,3600
2023-02-16T16:00:00+00:00,0.166000,3600
2023-02-16T17:00:00+00:00,0.166530,3600
2023-02-16T18:00:00+00:00,0.154650,3600
2023-02-16T19:00:00+00:00,0.129900,3600
2023-02-16T20:00:00+00:00,0.131140,3600
2023-02-16T21:00:00+00:00,0.124500,3600
2023-02-16T22:00:00+00:00,0.111610,3600
2023-02-16T23:00:00+00:00,0.104090,3600
2023-02-17T00:00:00+00:00,0.098520,3600
2023-02-17T01:00:00+00:00,0.092740,3600
2023-02-17T02:00:00+00:00,0.086310,3600
2023-02-17T03:00:00+00:00,0.081270,3600
2023-02-17T04:00:00+00:00,0.085950,3600
2023-02-17T05:00:00+00:00,0.100000,3600
2023-02-17T06:00:00+00:00,0.120100,3600
2023-02-17T07:00:00+00:00,0.129900,3600
2023-02-17T08:00:00+00:00,0.113800,3600
2023-02-17T09:00:00+00:00,0.109400,3600
2023-02-17T10:00:00+00:00,0.109400,3600
2023-02-17T11:00:00+00:00,0.105660,3600
2023-02-17T12:00:00+00:00,0.089410,3600
2023-02-17T13:00:00+00:00,0.082560,3600
2023-02-17T14:00:00+00:00,0.095000,3600
2023-02-17T15:00:00+00:00,0.100000,3600
2023-02-17T16:00:00+00:00,0.115000,3600
2023-02-17T17:00:00+00:00,0.130000,3600
2023-02-17T18:00:00+00:00,0.125560,3600
2023-02-17T19:00:00+00:00,0.120000,3600
2023-02-17T20:00:00+00:00,0.109400,3600
2023-02-17T21:00:00+00:00,0.117000,3600
2023-02-17T22:00:00+00:00,0.101790,3600
2023-02-17T23:00:00+00:00,0.110000,3600
2023-02-18T00:00:00+00:00,0.070100,3600
2023-02-18T01:00:00+00:00,0.060000,3600
2023-02-18T02:00:00+00:00,0.059330,3600
2023-02-18T03:00:00+00:00,0.067140,3600
2023-02-18T04:00:00+00:00,0.070100,3600
2023-02-18T05:00:00+00:00,0.082260,3600
2023-02-18T06:00:00+00:00,0.091140,3600
2023-02-18T07:00:00+00:00,0.109660,3600
2023-02-18T08:00:00+00:00,0.118200,3600
2023-02-18T09:00:00+00:00,0.108230,3600
2023-02-18T10:00:00+00:00,0.103270,3600
2023-02-18T11:00:00+00:00,0.094750,3600
2023-02-18T12:00:00+00:00,0.083010,3600
2023-02-18T13:00:00+00:00,0.086370,3600
2023-02-18T14:00:00+00:00,0.096680,3600
2023-02-18T15:00:00+00:00,0.110000,3600
2023-02-18T16:00:00+00:00,0.128700,3600
2023-02-18T17:00:00+00:00,0.146870,3600
2023-02-18T18:00:00+00:00,0.150460,3600
2023-02-18T19:00:00+00:00,0.135290,3600
2023-02-18T20:00:00+00:00,0.120550,3600
2023-02-18T21:00:00+00:00,0.117000,3600
2023-02-18T22:00:00+00:00,0.113680,3600
2023-02-18T23:00:00+00:00,0.110820,3600
2023-02-19T00:00:00+00:00,0.105370,3600
2023-02-19T01:00:00+00:00,0.100630,3600
2023-02-19T02:00:00+00:00,0.093000,3600
2023-02-19T03:00:00+00:00,0.092550,3600
2023-02-19T04:00:00+00:00,0.097780,3600
2023-02-19T05:00:00+00:00,0.101320,3600
2023-02-19T06:00:00+00:00,0.109960,3600
2023-02-19T07:00:00+00:00,0.115330,3600
2023-02-19T08:00:00+00:00,0.118440,3600
2023-02-19T09:00:00+00:00,0.116080,3600
2023-02-19T10:00:00+00:00,0.113700,3600
2023-02-19T11:00:00+00:00,0.112750,3600
2023-02-19T12:00:00+00:00,0.115700,3600
2023-02-19T13:00:00+00:00,0.114100,3600
2023-02-19T14:00:00+00:00,0.107660,3600
2023-02-19T15:00:00+00:00,0.120000,3600
2023-02-19T16:00:00+00:00,0.141000,3600
2023-02-19T17:00:00+00:00,0.158500,3600
2023-02-19T18:00:00+00:00,0.158180,3600
2023-02-19T19:00:00+00:00,0.142670,3600
2023-02-19T20:00:00+00:00,0.134170,3600
2023-02-19T21:00:00+00:00,0.128140,3600
2023-02-19T22:00:00+00:00,0.100600,3600
2023-02-19T23:00:00+00:00,0.078870,3600
2023-02-20T00:00:00+00:00,0.064900,3600
2023-02-20T01:00:00+00:00,0.048860,3600
2023-02-20T02:00:00+00:00,0.034000,3600
2023-02-20T03:00:00+00:00,0.029130,3600
2023-02-20T04:00:00+00:00,0.038240,3600
2023-02-20T05:00:00+00:00,0.072300,3600
2023-02-20T06:00:00+00:00,0.100000,3600
2023-02-20T07:00:00+00:00,0.110000,3600
2023-02-20T08:00:00+00:00,0.111900,3600
2023-02-20T09:00:00+00:00,0.106380,3600
2023-02-20T10:00:00+00:00,0.094000,3600
2023-02-20T11:00:00+00:00,0.102770,3600
2023-02-20T12:00:00+00:00,0.084900,3600
2023-02-20T13:00:00+00:00,0.099000,3600
2023-02-20T14:00:00+00:00,0.109000,3600
2023-02-20T15:00:00+00:00,0.091100,3600
2023-02-20T16:00:00+00:00,0.129000,3600
2023-02-20T17:00:00+00:00,0.173100,3600
2023-02-20T18:00:00+00:00,0.146000,3600
2023-02-20T19:00:00+00:00,0.148400,3600
2023-02-20T20:00:00+00:00,0.130000,3600
2023-02-20T21:00:00+00:00,0.125400,3600
2023-02-20T22:00:00+00:00,0.108800,3600
2023-02-20T23:00:00+00:00,0.106000,3600
2023-02-21T00:00:00+00:00,0.108000,3600
2023-02-21T01:00:00+00:00,0.093240,3600
2023-02-21T02:00:00+00:00,0.121500,3600
2023-02-21T03:00:00+00:00,0.108300,3600
2023-02-21T04:00:00+00:00,0.099900,3600
2023-02-21T05:00:00+00:00,0.133700,3600
2023-02-21T06:00:00+00:00,0.146880,3600
2023-02-21T07:00:00+00:00,0.152080,3600
2023-02-21T08:00:00+00:00,0.167930,3600
2023-02-21T09:00:00+00:00,0.150000,3600
2023-02-21T10:00:00+00:00,0.128520,3600
2023-02-21T11:00:00+00:00,0.122940,3600
2023-02-21T12:00:00+00:00,0.120160,3600
2023-02-21T13:00:00+00:00,0.124790,3600
2023-02-21T14:00:00+00:00,0.130560,3600
2023-02-21T15:00:00+00:00,0.148980,3600
2023-02-21T16:00:00+00:00,0.164850,3600
2023-02-21T17:00:00+00:00,0.178130,3600
2023-02-21T18:00:00+00:00,0.177100,3600
2023-02-21T19:00:00+00:00,0.170000,3600
2023-02-21T20:00:00+00:00,0.158800,3600
2023-02-21T21:00:00+00:00,0.153200,3600
2023-02-21T22:00:00+00:00,0.142580,3600
2023-02-21T23:00:00+00:00,0.139900,3600
2023-02-22T00:00:00+00:00,0.125200,3600
2023-02-22T01:00:00+00:00,0.125300,3600
2023-02-22T02:00:00+00:00,0.117280,3600
2023-02-22T03:00:00+00:00,0.117310,3600
2023-02-22T04:00:00+00:00,0.116400,3600
2023-02-22T05:00:00+00:00,0.148000,3600
2023-02-22T06:00:00+00:00,0.173130,3600
2023-02-22T07:00:00+00:00,0.176340,3600
2023-02-22T08:00:00+00:00,0.164550,3600
2023-02-22T09:00:00+00:00,0.151240,3600
2023-02-22T10:00:00+00:00,0.123960,3600
2023-02-22T11:00:00+00:00,0.118670,3600
2023-02-22T12:00:00+00:00,0.126000,3600
2023-02-22T13:00:00+00:00,0.136000,3600
2023-02-22T14:00:00+00:00,0.150900,3600
2023-02-22T15:00:00+00:00,0.156950,3600
2023-02-22T16:00:00+00:00,0.165010,3600
2023-02-22T17:00:00+00:00,0.175000,3600
2023-02-22T18:00:00+00:00,0.172730,3600
2023-02-22T19:00:00+00:00,0.162060,3600
2023-02-22T20:00:00+00:00,0.154020,3600
2023-02-22T21:00:00+00:00,0.144840,3600
2023-02-22T22:00:00+00:00,0.134450,3600
2023-02-22T23:00:00+00:00,0.134670,3600
2023-02-23T00:00:00+00:00,0.131390,3600
2023-02-23T01:00:00+00:00,0.128990,3600
2023-02-23T02:00:00+00:00,0.124780,3600
2023-02-23T03:00:00+00:00,0.125180,3600
2023-02-23T04:00:00+00:00,0.129930,3600
2023-02-23T05:00:00+00:00,0.153980,3600
2023-02-23T06:00:00+00:00,0.170000,3600
2023-02-23T07:00:00+00:00,0.178060,3600
2023-02-23T08:00:00+00:00,0.163960,3600
2023-02-23T09:00:00+00:00,0.139900,3600
2023-02-23T10:00:00+00:00,0.130000,3600
2023-02-23T11:00:00+00:00,0.131750,3600
2023-02-23T12:00:00+00:00,0.124230,3600
2023-02-23T13:00:00+00:00,0.128970,3600
2023-02-23T14:00:00+00:00,0.118000,3600
2023-02-23T15:00:00+00:00,0.127550,3600
2023-02-23T16:00:00+00:00,0.151890,3600
2023-02-23T17:00:00+00:00,0.165220,3600
2023-02-23T18:00:00+00:00,0.165000,3600
2023-02-23T19:00:00+00:00,0.149900,3600
2023-02-23T20:00:00+00:00,0.151140,3600
2023-02-23T21:00:00+00:00,0.141500,3600
2023-02-23T22:00:00+00:00,0.132940,3600
2023-02-23T23:00:00+00:00,0.133650,3600
2023-02-24T00:00:00+00:00,0.153000,3600
2023-02-24T01:00:00+00:00,0.125800,3600
2023-02-24T02:00:00+00:00,0.128960,3600
2023-02-24T03:00:00+00:00,0.117550,3600
2023-02-24T04:00:00+00:00,0.110620,3600
2023-02-24T05:00:00+00:00,0.120000,3600
2023-02-24T06:00:00+00:00,0.144000,3600
2023-02-24T07:00:00+00:00,0.171000,3600
2023-02-24T08:00:00+00:00,0.168600,3600
2023-02-24T09:00:00+00:00,0.150100,3600
2023-02-24T10:00:00+00:00,0.135740,3600
2023-02-24T11:00:00+00:00,0.125960,3600
2023-02-24T12:00:00+00:00,0.120000,3600
2023-02-24T13:00:00+00:00,0.108640,3600
2023-02-24T14:00:00+00:00,0.109900,3600
2023-02-24T15:00:00+00:00,0.113200,3600
2023-02-24T16:00:00+00:00,0.124860,3600
2023-02-24T17:00:00+00:00,0.150100,3600
2023-02-24T18:00:00+00:00,0.115100,3600
2023-02-24T19:00:00+00:00,0.129900,3600
2023-02-24T20:00:00+00:00,0.104910,3600
2023-02-24T21:00:00+00:00,0.107460,3600
2023-02-24T22:00:00+00:00,0.083950,3600
2023-02-24T23:00:00+00:00,0.115020,3600
2023-02-25T00:00:00+00:00,0.106910,3600
2023-02-25T01:00:00+00:00,0.103140,3600
2023-02-25T02:00:00+00:00,0.097030,3600
2023-02-25T03:00:00+00:00,0.087000,3600
2023-02-25T04:00:00+00:00,0.095410,3600
2023-02-25T05:00:00+00:00,0.100100,3600
2023-02-25T06:00:00+00:00,0.095300,3600
2023-02-25T07:00:00+00:00,0.119900,3600
2023-02-25T08:00:00+00:00,0.105070,3600
2023-02-25T09:00:00+00:00,0.074400,3600
2023-02-25T10:00:00+00:00,0.054900,3600
2023-02-25T11:00:00+00:00,0.047350,3600
2023-02-25T12:00:00+00:00,0.035050,3600
2023-02-25T13:00:00+00:00,0.052350,3600
2023-02-25T14:00:00+00:00,0.084900,3600
2023-02-25T15:00:00+00:00,0.093900,3600
2023-02-25T16:00:00+00:00,0.124800,3600
2023-02-25T17:00:00+00:00,0.172000,3600
2023-02-25T18:00:00+00:00,0.186600,3600
2023-02-25T19:00:00+00:00,0.170000,3600
2023-02-25T20:00:00+00:00,0.166920,3600
2023-02-25T21:00:00+00:00,0.149200,3600
2023-02-25T22:00:00+00:00,0.125600,3600
2023-02-25T23:00:00+00:00,0.140100,3600
2023-02-26T00:00:00+00:00,0.116200,3600
2023-02-26T01:00:00+00:00,0.119900,3600
2023-02-26T02:00:00+00:00,0.107780,3600
2023-02-26T03:00:00+00:00,0.108260,3600
2023-02-26T04:00:00+00:00,0.105700,3600
2023-02-26T05:00:00+00:00,0.107040,3600
2023-02-26T06:00:00+00:00,0.109900,3600
2023-02-26T07:00:00+00:00,0.115270,3600
2023-02-26T08:00:00+00:00,0.113920,3600
2023-02-26T09:00:00+00:00,0.096900,3600
2023-02-26T10:00:00+00:00,0.092330,3600
2023-02-26T11:00:00+00:00,0.084140,3600
2023-02-26T12:00:00+00:00,0.054630,3600
2023-02-26T13:00:00+00:00,0.054900,3600
2023-02-26T14:00:00+00:00,0.085000,3600
2023-02-26T15:00:00+00:00,0.098920,3600
2023-02-26T16:00:00+00:00,0.129900,3600
2023-02-26T17:00:00+00:00,0.153700,3600
2023-02-26T18:00:00+00:00,0.156910,3600
2023-02-26T19:00:00+00:00,0.153640,3600
2023-02-26T20:00:00+00:00,0.141640,3600
2023-02-26T21:00:00+00:00,0.138290,3600
2023-02-26T22:00:00+00:00,0.132980,3600
2023-02-26T23:00:00+00:00,0.122830,3600
2023-02-27T00:00:00+00:00,0.133000,3600
2023-02-27T01:00:00+00:00,0.132920,3600
2023-02-27T02:00:00+00:00,0.125030,3600
2023-02-27T03:00:00+00:00,0.120070,3600
2023-02-27T04:00:00+00:00,0.139830,3600
2023-02-27T05:00:00+00:00,0.152300,3600
2023-02-27T06:00:00+00:00,0.186660,3600
2023-02-27T07:00:00+00:00,0.190250,3600
2023-02-27T08:00:00+00:00,0.169940,3600
2023-02-27T09:00:00+00:00,0.128010,3600
2023-02-27T10:00:00+00:00,0.109990,3600
2023-02-27T11:00:00+00:00,0.110000,3600
2023-02-27T12:00:00+00:00,0.101010,3600
2023-02-27T13:00:00+00:00,0.104640,3600
2023-02-27T14:00:00+00:00,0.100000,3600
2023-02-27T15:00:00+00:00,0.116360,3600
2023-02-27T16:00:00+00:00,0.131650,3600
2023-02-27T17:00:00+00:00,0.188000,3600
2023-02-27T18:00:00+00:00,0.174500,3600
2023-02-27T19:00:00+00:00,0.174490,3600
2023-02-27T20:00:00+00:00,0.160300,3600
2023-02-27T21:00:00+00:00,0.153460,3600
2023-02-27T22:00:00+00:00,0.149460,3600
2023-02-27T23:00:00+00:00,0.134000,3600
2023-02-28T00:00:00+00:00,0.124820,3600
2023-02-28T01:00:00+00:00,0.123830,3600
2023-02-28T02:00:00+00:00,0.124590,3600
2023-02-28T03:00:00+00:00,0.120100,3600
2023-02-28T04:00:00+00:00,0.129000,3600
2023-02-28T05:00:00+00:00,0.161940,3600
2023-02-28T06:00:00+00:00,0.177600,3600
2023-02-28T07:00:00+00:00,0.189280,3600
2023-02-28T08:00:00+00:00,0.163000,3600
2023-02-28T09:00:00+00:00,0.120930,3600
2023-02-28T10:00:00+00:00,0.117970,3600
2023-02-28T11:00:00+00:00,0.116710,3600
2023-02-28T12:00:00+00:00,0.116330,3600
2023-02-28T13:00:00+00:00,0.116750,3600
2023-02-28T14:00:00+00:00,0.130000,3600
2023-02-28T15:00:00+00:00,0.132000,3600
2023-02-28T16:00:00+00:00,0.173130,3600
2023-02-28T17:00:00+00:00,0.193870,3600
2023-02-28T18:00:00+00:00,0.192460,3600
2023-02-28T19:00:00+00:00,0.174730,3600
2023-02-28T20:00:00+00:00,0.153880,3600
2023-02-28T21:00:00+00:00,0.150490,3600
2023-02-28T22:00:00+00:00,0.129900,3600
2023-02-28T23:00:00+00:00,0.125230,3600
2023-03-01T00:00:00+00:00,0.119900,3600
2023-03-01T01:00:00+00:00,0.124960,3600
2023-03-01T02:00:00+00:00,0.116310,3600
2023-03-01T03:00:00+00:00,0.130000,3600
2023-03-01T04:00:00+00:00,0.136000,3600
2023-03-01T05:00:00+00:00,0.160000,3600
2023-03-01T06:00:00+00:00,0.180710,3600
2023-03-01T07:00:00+00:00,0.186030,3600
2023-03-01T08:00:00+00:00,0.152900,3600
2023-03-01T09:00:00+00:00,0.116600,3600
2023-03-01T10:00:00+00:00,0.116600,3600
2023-03-01T11:00:00+00:00,0.113960,3600
2023-03-01T12:00:00+00:00,0.107720,3600
2023-03-01T13:00:00+00:00,0.108000,3600
2023-03-01T14:00:00+00:00,0.119860,3600
2023-03-01T15:00:00+00:00,0.127580,3600
2023-03-01T16:00:00+00:00,0.144320,3600
2023-03-01T17:00:00+00:00,0.182180,3600
2023-03-01T18:00:00+00:00,0.176440,3600
2023-03-01T19:00:00+00:00,0.153840,3600
2023-03-01T20:00:00+00:00,0.140650,3600
2023-03-01T21:00:00+00:00,0.130000,3600
2023-03-01T22:00:00+00:00,0.125500,3600
2023-03-01T23:00:00+00:00,0.111790,3600
2023-03-02T00:00:00+00:00,0.111100,3600
2023-03-02T01:00:00+00:00,0.114000,3600
2023-03-02T02:00:00+00:00,0.130100,3600
2023-03-02T03:00:00+00:00,0.120000,3600
2023-03-02T04:00:00+00:00,0.126000,3600
2023-03-02T05:00:00+00:00,0.146000,3600
2023-03-02T06:00:00+00:00,0.178690,3600
2023-03-02T07:00:00+00:00,0.189560,3600
2023-03-02T08:00:00+00:00,0.141440,3600
2023-03-02T09:00:00+00:00,0.107100,3600
2023-03-02T10:00:00+00:00,0.116400,3600
2023-03-02T11:00:00+00:00,0.105060,3600
2023-03-02T12:00:00+00:00,0.102050,3600
2023-03-02T13:00:00+00:00,0.094830,3600
2023-03-02T14:00:00+00:00,0.116050,3600
2023-03-02T15:00:00+00:00,0.120000,3600
2023-03-02T16:00:00+00:00,0.165810,3600
2023-03-02T17:00:00+00:00,0.184500,3600
2023-03-02T18:00:00+00:00,0.159440,3600
2023-03-02T19:00:00+00:00,0.152080,3600
2023-03-02T20:00:00+00:00,0.157560,3600
2023-03-02T21:00:00+00:00,0.144910,3600
2023-03-02T22:00:00+00:00,0.139900,3600
2023-03-02T23:00:00+00:00,0.139310,3600
2023-03-03T00:00:00+00:00,0.128020,3600
2023-03-03T01:00:00+00:00,0.128790,3600
2023-03-03T02:00:00+00:00,0.109900,3600
2023-03-03T03:00:00+00:00,0.110400,3600
2023-03-03T04:00:00+00:00,0.122210,3600
2023-03-03T05:00:00+00:00,0.162190,3600
2023-03-03T06:00:00+00:00,0.187030,3600
2023-03-03T07:00:00+00:00,0.198200,3600
2023-03-03T08:00:00+00:00,0.163670,3600
2023-03-03T09:00:00+00:00,0.131120,3600
2023-03-03T10:00:00+00:00,0.130000,3600
2023-03-03T11:00:00+00:00,0.112580,3600
2023-03-03T12:00:00+00:00,0.112690,3600
2023-03-03T13:00:00+00:00,0.114640,3600
2023-03-03T14:00:00+00:00,0.107830,3600
2023-03-03T15:00:00+00:00,0.132000,3600
2023-03-03T16:00:00+00:00,0.155990,3600
2023-03-03T17:00:00+00:00,0.165000,3600
2023-03-03T18:00:00+00:00,0.132000,3600
2023-03-03T19:00:00+00:00,0.126720,3600
2023-03-03T20:00:00+00:00,0.126250,3600
2023-03-03T21:00:00+00:00,0.121680,3600
2023-03-03T22:00:00+00:00,0.114500,3600
2023-03-03T23:00:00+00:00,0.116070,3600
2023-03-04T00:00:00+00:00,0.123910,3600
2023-03-04T01:00:00+00:00,0.126580,3600
2023-03-04T02:00:00+00:00,0.125930,3600
2023-03-04T03:00:00+00:00,0.128000,3600
2023-03-04T04:00:00+00:00,0.100190,3600
2023-03-04T05:00:00+00:00,0.115700,3600
2023-03-04T06:00:00+00:00,0.112100,3600
2023-03-04T07:00:00+00:00,0.120000,3600
2023-03-04T08:00:00+00:00,0.120100,3600
2023-03-04T09:00:00+00:00,0.134000,3600
2023-03-04T10:00:00+00:00,0.119900,3600
2023-03-04T11:00:00+00:00,0.117000,3600
2023-03-04T12:00:00+00:00,0.111000,3600
2023-03-04T13:00:00+00:00,0.105950,3600
2023-03-04T14:00:00+00:00,0.108600,3600
2023-03-04T15:00:00+00:00,0.111600,3600
2023-03-04T16:00:00+00:00,0.140000,3600
2023-03-04T17:00:00+00:00,0.159650,3600
2023-03-04T18:00:00+00:00,0.151400,3600
2023-03-04T19:00:00+00:00,0.131400,3600
2023-03-04T20:00:00+00:00,0.139960,3600
2023-03-04T21:00:00+00:00,0.131470,3600
2023-03-04T22:00:00+00:00,0.113830,3600
2023-03-04T23:00:00+00:00,0.119900,3600
2023-03-05T00:00:00+00:00,0.108400,3600
2023-03-05T01:00:00+00:00,0.110000,3600
2023-03-05T02:00:00+00:00,0.107430,3600
2023-03-05T03:00:00+00:00,0.106540,3600
2023-03-05T04:00:00+00:00,0.106530,3600
2023-03-05T05:00:00+00:00,0.108500,3600
2023-03-05T06:00:00+00:00,0.109280,3600
2023-03-05T07:00:00+00:00,0.116220,3600
2023-03-05T08:00:00+00:00,0.119940,3600
2023-03-05T09:00:00+00:00,0.110000,3600
2023-03-05T10:00:00+00:00,0.107550,3600
2023-03-05T11:00:00+00:00,0.107350,3600
2023-03-05T12:00:00+00:00,0.108620,3600
2023-03-05T13:00:00+00:00,0.109700,3600
2023-03-05T14:00:00+00:00,0.111550,3600
2023-03-05T15:00:00+00:00,0.120120,3600
2023-03-05T16:00:00+00:00,0.145140,3600
2023-03-05T17:00:00+00:00,0.166670,3600
2023-03-05T18:00:00+00:00,0.170140,3600
2023-03-05T19:00:00+00:00,0.152550,3600
2023-03-05T20:00:00+00:00,0.149780,3600
2023-03-05T21:00:00+00:00,0.141500,3600
2023-03-05T22:00:00+00:00,0.125480,3600
2023-03-05T23:00:00+00:00,0.134500,3600
2023-03-06T00:00:00+00:00,0.122440,3600
2023-03-06T01:00:00+00:00,0.119960,3600
2023-03-06T02:00:00+00:00,0.121110,3600
2023-03-06T03:00:00+00:00,0.122410,3600
2023-03-06T04:00:00+00:00,0.135590,3600
2023-03-06T05:00:00+00:00,0.159800,3600
2023-03-06T06:00:00+00:00,0.185000,3600
2023-03-06T07:00:00+00:00,0.217090,3600
2023-03-06T08:00:00+00:00,0.186350,3600
2023-03-06T09:00:00+00:00,0.170260,3600
2023-03-06T10:00:00+00:00,0.160840,3600
2023-03-06T11:00:00+00:00,0.149900,3600
2023-03-06T12:00:00+00:00,0.144930,3600
2023-03-06T13:00:00+00:00,0.120000,3600
2023-03-06T14:00:00+00:00,0.116120,3600
2023-03-06T15:00:00+00:00,0.107640,3600
2023-03-06T16:00:00+00:00,0.135000,3600
2023-03-06T17:00:00+00:00,0.160000,3600
2023-03-06T18:00:00+00:00,0.150300,3600
2023-03-06T19:00:00+00:00,0.120000,3600
2023-03-06T20:00:00+00:00,0.115720,3600
2023-03-06T21:00:00+00:00,0.120000,3600
2023-03-06T22:00:00+00:00,0.114930,3600
2023-03-06T23:00:00+00:00,0.100100,3600
2023-03-07T00:00:00+00:00,0.104490,3600
2023-03-07T01:00:00+00:00,0.100000,3600
2023-03-07T02:00:00+00:00,0.099900,3600
2023-03-07T03:00:00+00:00,0.109100,3600
2023-03-07T04:00:00+00:00,0.098870,3600
2023-03-07T05:00:00+00:00,0.105500,3600
2023-03-07T06:00:00+00:00,0.110100,3600
2023-03-07T07:00:00+00:00,0.129900,3600
2023-03-07T08:00:00+00:00,0.174760,3600
2023-03-07T09:00:00+00:00,0.153240,3600
2023-03-07T10:00:00+00:00,0.132000,3600
2023-03-07T11:00:00+00:00,0.109900,3600
2023-03-07T12:00:00+00:00,0.110000,3600
2023-03-07T13:00:00+00:00,0.106000,3600
2023-03-07T14:00:00+00:00,0.103820,3600
2023-03-07T15:00:00+00:00,0.111270,3600
2023-03-07T16:00:00+00:00,0.144220,3600
2023-03-07T17:00:00+00:00,0.165900,3600
2023-03-07T18:00:00+00:00,0.143910,3600
2023-03-07T19:00:00+00:00,0.155020,3600
2023-03-07T20:00:00+00:00,0.139130,3600
2023-03-07T21:00:00+00:00,0.127890,3600
2023-03-07T22:00:00+00:00,0.121140,3600
2023-03-07T23:00:00+00:00,0.117010,3600
2023-03-08T00:00:00+00:00,0.114490,3600
2023-03-08T01:00:00+00:00,0.114330,3600
2023-03-08T02:00:00+00:00,0.111000,3600
2023-03-08T03:00:00+00:00,0.111000,3600
2023-03-08T04:00:00+00:00,0.118230,3600
2023-03-08T05:00:00+00:00,0.140680,3600
2023-03-08T06:00:00+00:00,0.158530,3600
2023-03-08T07:00:00+00:00,0.173100,3600
2023-03-08T08:00:00+00:00,0.162990,3600
2023-03-08T09:00:00+00:00,0.152990,3600
2023-03-08T10:00:00+00:00,0.144180,3600
2023-03-08T11:00:00+00:00,0.137190,3600
2023-03-08T12:00:00+00:00,0.135080,3600
2023-03-08T13:00:00+00:00,0.137420,3600
2023-03-08T14:00:00+00:00,0.141080,3600
2023-03-08T15:00:00+00:00,0.144470,3600
2023-03-08T16:00:00+00:00,0.153010,3600
2023-03-08T17:00:00+00:00,0.166890,3600
2023-03-08T18:00:00+00:00,0.170020,3600
2023-03-08T19:00:00+00:00,0.153770,3600
2023-03-08T20:00:00+00:00,0.134390,3600
2023-03-08T21:00:00+00:00,0.128650,3600
2023-03-08T22:00:00+00:00,0.119000,3600
2023-03-08T23:00:00+00:00,0.113660,3600
2023-03-09T00:00:00+00:00,0.111390,3600
2023-03-09T01:00:00+00:00,0.111020,3600
2023-03-09T02:00:00+00:00,0.109380,3600
2023-03-09T03:00:00+00:00,0.111220,3600
2023-03-09T04:00:00+00:00,0.113020,3600
2023-03-09T05:00:00+00:00,0.137390,3600
2023-03-09T06:00:00+00:00,0.149880,3600
2023-03-09T07:00:00+00:00,0.158990,3600
2023-03-09T08:00:00+00:00,0.150950,3600
2023-03-09T09:00:00+00:00,0.142340,3600
2023-03-09T10:00:00+00:00,0.131800,3600
2023-03-09T11:00:00+00:00,0.122000,3600
2023-03-09T12:00:00+00:00,0.116440,3600
2023-03-09T13:00:00+00:00,0.116160,3600
2023-03-09T14:00:00+00:00,0.116350,3600
2023-03-09T15:00:00+00:00,0.118000,3600
2023-03-09T16:00:00+00:00,0.135400,3600
2023-03-09T17:00:00+00:00,0.146920,3600
2023-03-09T18:00:00+00:00,0.144650,3600
2023-03-09T19:00:00+00:00,0.134560,3600
2023-03-09T20:00:00+00:00,0.124840,3600
2023-03-09T21:00:00+00:00,0.123820,3600
2023-03-09T22:00:00+00:00,0.109700,3600
2023-03-09T23:00:00+00:00,0.102890,3600
2023-03-10T00:00:00+00:00,0.100680,3600
2023-03-10T01:00:00+00:00,0.099060,3600
2023-03-10T02:00:00+00:00,0.098840,3600
2023-03-10T03:00:00+00:00,0.099090,3600
2023-03-10T04:00:00+00:00,0.105000,3600
2023-03-10T05:00:00+00:00,0.119810,3600
2023-03-10T06:00:00+00:00,0.136900,3600
2023-03-10T07:00:00+00:00,0.140910,3600
2023-03-10T08:00:00+00:00,0.136610,3600
2023-03-10T09:00:00+00:00,0.131890,3600
2023-03-10T10:00:00+00:00,0.125100,3600
2023-03-10T11:00:00+00:00,0.116410,3600
2023-03-10T12:00:00+00:00,0.112830,3600
2023-03-10T13:00:00+00:00,0.114720,3600
2023-03-10T14:00:00+00:00,0.112220,3600
2023-03-10T15:00:00+00:00,0.109490,3600
2023-03-10T16:00:00+00:00,0.128950,3600
2023-03-10T17:00:00+00:00,0.135010,3600
2023-03-10T18:00:00+00:00,0.128970,3600
2023-03-10T19:00:00+00:00,0.110000,3600
2023-03-10T20:00:00+00:00,0.108960,3600
2023-03-10T21:00:00+00:00,0.110000,3600
2023-03-10T22:00:00+00:00,0.102000,3600
2023-03-10T23:00:00+00:00,0.109360,3600
2023-03-11T00:00:00+00:00,0.108000,3600
2023-03-11T01:00:00+00:00,0.107000,3600
2023-03-11T02:00:00+00:00,0.109020,3600
2023-03-11T03:00:00+00:00,0.109000,3600
2023-03-11T04:00:00+00:00,0.114970,3600
2023-03-11T05:00:00+00:00,0.146100,3600
2023-03-11T06:00:00+00:00,0.145350,3600
2023-03-11T07:00:00+00:00,0.119990,3600
2023-03-11T08:00:00+00:00,0.110440,3600
2023-03-11T09:00:00+00:00,0.099170,3600
2023-03-11T10:00:00+00:00,0.087100,3600
2023-03-11T11:00:00+00:00,0.078660,3600
2023-03-11T12:00:00+00:00,0.060000,3600
2023-03-11T13:00:00+00:00,0.060380,3600
2023-03-11T14:00:00+00:00,0.085950,3600
2023-03-11T15:00:00+00:00,0.108100,3600
2023-03-11T16:00:00+00:00,0.130020,3600
2023-03-11T17:00:00+00:00,0.144950,3600
2023-03-11T18:00:00+00:00,0.195180,3600
2023-03-11T19:00:00+00:00,0.131540,3600
2023-03-11T20:00:00+00:00,0.119960,3600
2023-03-11T21:00:00+00:00,0.124080,3600
2023-03-11T22:00:00+00:00,0.115300,3600
2023-03-11T23:00:00+00:00,0.120880,3600
2023-03-12T00:00:00+00:00,0.101050,3600
2023-03-12T01:00:00+00:00,0.101000,3600
2023-03-12T02:00:00+00:00,0.090300,3600
2023-03-12T03:00:00+00:00,0.091700,3600
2023-03-12T04:00:00+00:00,0.091980,3600
2023-03-12T05:00:00+00:00,0.090550,3600
2023-03-12T06:00:00+00:00,0.088780,3600
2023-03-12T07:00:00+00:00,0.090220,3600
2023-03-12T08:00:00+00:00,0.093710,3600
2023-03-12T09:00:00+00:00,0.091980,3600
2023-03-12T10:00:00+00:00,0.087790,3600
2023-03-12T11:00:00+00:00,0.079730,3600
2023-03-12T12:00:00+00:00,0.068960,3600
2023-03-12T13:00:00+00:00,0.070000,3600
2023-03-12T14:00:00+00:00,0.074900,3600
2023-03-12T15:00:00+00:00,0.085050,3600
2023-03-12T16:00:00+00:00,0.100950,3600
2023-03-12T17:00:00+00:00,0.120050,3600
2023-03-12T18:00:00+00:00,0.141040,3600
2023-03-12T19:00:00+00:00,0.129970,3600
2023-03-12T20:00:00+00:00,0.104310,3600
2023-03-12T21:00:00+00:00,0.094900,3600
2023-03-12T22:00:00+00:00,0.080780,3600
2023-03-12T23:00:00+00:00,0.046360,3600
2023-03-13T00:00:00+00:00,0.037330,3600
2023-03-13T01:00:00+00:00,0.033400,3600
2023-03-13T02:00:00+00:00,0.016890,3600
2023-03-13T03:00:00+00:00,0.007510,3600
2023-03-13T04:00:00+00:00,0.016890,3600
2023-03-13T05:00:00+00:00,0.038490,3600
2023-03-13T06:00:00+00:00,0.077710,3600
2023-03-13T07:00:00+00:00,0.094430,3600
2023-03-13T08:00:00+00:00,0.089970,3600
2023-03-13T09:00:00+00:00,0.064800,3600
2023-03-13T10:00:00+00:00,0.023330,3600
2023-03-13T11:00:00+00:00,0.001060,3600
2023-03-13T12:00:00+00:00,-0.000980,3600
2023-03-13T13:00:00+00:00,-0.000460,3600
2023-03-13T14:00:00+00:00,0.000260,3600
2023-03-13T15:00:00+00:00,0.009030,3600
2023-03-13T16:00:00+00:00,0.054990,3600
2023-03-13T17:00:00+00:00,0.091430,3600
2023-03-13T18:00:00+00:00,0.100000,3600
2023-03-13T19:00:00+00:00,0.083530,3600
2023-03-13T20:00:00+00:00,0.072080,3600
2023-03-13T21:00:00+00:00,0.035450,3600
2023-03-13T22:00:00+00:00,0.023320,3600
2023-03-13T23:00:00+00:00,0.009570,3600
2023-03-14T00:00:00+00:00,0.004480,3600
2023-03-14T01:00:00+00:00,0.004040,3600
2023-03-14T02:00:00+00:00,0.001950,3600
2023-03-14T03:00:00+00:00,0.003640,3600
2023-03-14T04:00:00+00:00,0.009800,3600
2023-03-14T05:00:00+00:00,0.042930,3600
2023-03-14T06:00:00+00:00,0.094360,3600
2023-03-14T07:00:00+00:00,0.100110,3600
2023-03-14T08:00:00+00:00,0.108860,3600
2023-03-14T09:00:00+00:00,0.082830,3600
2023-03-14T10:00:00+00:00,0.060950,3600
2023-03-14T11:00:00+00:00,0.046480,3600
2023-03-14T12:00:00+00:00,0.056420,3600
2023-03-14T13:00:00+00:00,0.065510,3600
2023-03-14T14:00:00+00:00,0.059820,3600
2023-03-14T15:00:00+00:00,0.078830,3600
2023-03-14T16:00:00+00:00,0.131550,3600
2023-03-14T17:00:00+00:00,0.162000,3600
2023-03-14T18:00:00+00:00,0.203000,3600
2023-03-14T19:00:00+00:00,0.199450,3600
2023-03-14T20:00:00+00:00,0.151200,3600
2023-03-14T21:00:00+00:00,0.133500,3600
2023-03-14T22:00:00+00:00,0.144600,3600
2023-03-14T23:00:00+00:00,0.155800,3600
2023-03-15T00:00:00+00:00,0.114200,3600
2023-03-15T01:00:00+00:00,0.115900,3600
2023-03-15T02:00:00+00:00,0.108210,3600
2023-03-15T03:00:00+00:00,0.108540,3600
2023-03-15T04:00:00+00:00,0.123450,3600
2023-03-15T05:00:00+00:00,0.143600,3600
2023-03-15T06:00:00+00:00,0.200000,3600
2023-03-15T07:00:00+00:00,0.219000,3600
2023-03-15T08:00:00+00:00,0.145930,3600
2023-03-15T09:00:00+00:00,0.110700,3600
2023-03-15T10:00:00+00:00,0.077940,3600
2023-03-15T11:00:00+00:00,0.074900,3600
2023-03-15T12:00:00+00:00,0.062710,3600
2023-03-15T13:00:00+00:00,0.074900,3600
2023-03-15T14:00:00+00:00,0.100100,3600
2023-03-15T15:00:00+00:00,0.114510,3600
2023-03-15T16:00:00+00:00,0.150800,3600
2023-03-15T17:00:00+00:00,0.182300,3600
2023-03-15T18:00:00+00:00,0.199110,3600
2023-03-15T19:00:00+00:00,0.165340,3600
2023-03-15T20:00:00+00:00,0.147360,3600
2023-03-15T21:00:00+00:00,0.139350,3600
2023-03-15T22:00:00+00:00,0.127630,3600
2023-03-15T23:00:00+00:00,0.117390,3600
2023-03-16T00:00:00+00:00,0.107200,3600
2023-03-16T01:00:00+00:00,0.103800,3600
2023-03-16T02:00:00+00:00,0.100000,3600
2023-03-16T03:00:00+00:00,0.098070,3600
2023-03-16T04:00:00+00:00,0.103600,3600
2023-03-16T05:00:00+00:00,0.110570,3600
2023-03-16T06:00:00+00:00,0.142350,3600
2023-03-16T07:00:00+00:00,0.138030,3600
2023-03-16T08:00:00+00:00,0.117120,3600
2023-03-16T09:00:00+00:00,0.103200,3600
2023-03-16T10:00:00+00:00,0.091510,3600
2023-03-16T11:00:00+00:00,0.085410,3600
2023-03-16T12:00:00+00:00,0.078510,3600
2023-03-16T13:00:00+00:00,0.080470,3600
2023-03-16T14:00:00+00:00,0.084900,3600
2023-03-16T15:00:00+00:00,0.095460,3600
2023-03-16T16:00:00+00:00,0.119230,3600
2023-03-16T17:00:00+00:00,0.131880,3600
2023-03-16T18:00:00+00:00,0.130020,3600
2023-03-16T19:00:00+00:00,0.102500,3600
2023-03-16T20:00:00+00:00,0.101800,3600
2023-03-16T21:00:00+00:00,0.088200,3600
2023-03-16T22:00:00+00:00,0.081700,3600
2023-03-16T23:00:00+00:00,0.090000,3600
2023-03-17T00:00:00+00:00,0.090000,3600
2023-03-17T01:00:00+00:00,0.089350,3600
2023-03-17T02:00:00+00:00,0.075550,3600
2023-03-17T03:00:00+00:00,0.079000,3600
2023-03-17T04:00:00+00:00,0.081590,3600
2023-03-17T05:00:00+00:00,0.119240,3600
2023-03-17T06:00:00+00:00,0.140600,3600
2023-03-17T07:00:00+00:00,0.134000,3600
2023-03-17T08:00:00+00:00,0.103900,3600
2023-03-17T09:00:00+00:00,0.097700,3600
2023-03-17T10:00:00+00:00,0.092400,3600
2023-03-17T11:00:00+00:00,0.078150,3600
2023-03-17T12:00:00+00:00,0.090630,3600
2023-03-17T13:00:00+00:00,0.089510,3600
2023-03-17T14:00:00+00:00,0.099030,3600
2023-03-17T15:00:00+00:00,0.109540,3600
2023-03-17T16:00:00+00:00,0.126760,3600
2023-03-17T17:00:00+00:00,0.139900,3600
2023-03-17T18:00:00+00:00,0.163710,3600
2023-03-17T19:00:00+00:00,0.139900,3600
2023-03-17T20:00:00+00:00,0.129190,3600
2023-03-17T21:00:00+00:00,0.119900,3600
2023-03-17T22:00:00+00:00,0.128750,3600
2023-03-17T23:00:00+00:00,0.120160,3600
2023-03-18T00:00:00+00:00,0.119100,3600
2023-03-18T01:00:00+00:00,0.100000,3600
2023-03-18T02:00:00+00:00,0.095000,3600
2023-03-18T03:00:00+00:00,0.096180,3600
2023-03-18T04:00:00+00:00,0.099800,3600
2023-03-18T05:00:00+00:00,0.103500,3600
2023-03-18T06:00:00+00:00,0.105430,3600
2023-03-18T07:00:00+00:00,0.100760,3600
2023-03-18T08:00:00+00:00,0.102650,3600
2023-03-18T09:00:00+00:00,0.097020,3600
2023-03-18T10:00:00+00:00,0.091150,3600
2023-03-18T11:00:00+00:00,0.084060,3600
2023-03-18T12:00:00+00:00,0.080420,3600
2023-03-18T13:00:00+00:00,0.087520,3600
2023-03-18T14:00:00+00:00,0.092080,3600
2023-03-18T15:00:00+00:00,0.104430,3600
2023-03-18T16:00:00+00:00,0.130740,3600
2023-03-18T17:00:00+00:00,0.156950,3600
2023-03-18T18:00:00+00:00,0.169540,3600
2023-03-18T19:00:00+00:00,0.144150,3600
2023-03-18T20:00:00+00:00,0.132920,3600
2023-03-18T21:00:00+00:00,0.129950,3600
2023-03-18T22:00:00+00:00,0.118460,3600
2023-03-18T23:00:00+00:00,0.110030,3600
2023-03-19T00:00:00+00:00,0.106000,3600
2023-03-19T01:00:00+00:00,0.099600,3600
2023-03-19T02:00:00+00:00,0.099180,3600
2023-03-19T03:00:00+00:00,0.098740,3600
2023-03-19T04:00:00+00:00,0.103360,3600
2023-03-19T05:00:00+00:00,0.100000,3600
2023-03-19T06:00:00+00:00,0.102450,3600
2023-03-19T07:00:00+00:00,0.101440,3600
2023-03-19T08:00:00+00:00,0.102260,3600
2023-03-19T09:00:00+00:00,0.100560,3600
2023-03-19T10:00:00+00:00,0.099290,3600
2023-03-19T11:00:00+00:00,0.097460,3600
2023-03-19T12:00:00+00:00,0.094040,3600
2023-03-19T13:00:00+00:00,0.095010,3600
2023-03-19T14:00:00+00:00,0.098670,3600
2023-03-19T15:00:00+00:00,0.106090,3600
2023-03-19T16:00:00+00:00,0.134620,3600
2023-03-19T17:00:00+00:00,0.145000,3600
2023-03-19T18:00:00+00:00,0.152910,3600
2023-03-19T19:00:00+00:00,0.144710,3600
2023-03-19T20:00:00+00:00,0.135270,3600
2023-03-19T21:00:00+00:00,0.132900,3600
2023-03-19T22:00:00+00:00,0.130000,3600
2023-03-19T23:00:00+00:00,0.124000,3600
2023-03-20T00:00:00+00:00,0.114940,3600
2023-03-20T01:00:00+00:00,0.113060,3600
2023-03-20T02:00:00+00:00,0.110180,3600
2023-03-20T03:00:00+00:00,0.110250,3600
2023-03-20T04:00:00+00:00,0.116400,3600
2023-03-20T05:00:00+00:00,0.135770,3600
2023-03-20T06:00:00+00:00,0.148430,3600
2023-03-20T07:00:00+00:00,0.148510,3600
2023-03-20T08:00:00+00:00,0.137560,3600
2023-03-20T09:00:00+00:00,0.122750,3600
2023-03-20T10:00:00+00:00,0.115790,3600
2023-03-20T11:00:00+00:00,0.104580,3600
2023-03-20T12:00:00+00:00,0.099940,3600
2023-03-20T13:00:00+00:00,0.101690,3600
2023-03-20T14:00:00+00:00,0.104720,3600
2023-03-20T15:00:00+00:00,0.113820,3600
2023-03-20T16:00:00+00:00,0.132820,3600
2023-03-20T17:00:00+00:00,0.150960,3600
2023-03-20T18:00:00+00:00,0.165470,3600
2023-03-20T19:00:00+00:00,0.152360,3600
2023-03-20T20:00:00+00:00,0.135490,3600
2023-03-20T21:00:00+00:00,0.127500,3600
2023-03-20T22:00:00+00:00,0.117040,3600
2023-03-20T23:00:00+00:00,0.120790,3600
2023-03-21T00:00:00+00:00,0.112280,3600
2023-03-21T01:00:00+00:00,0.111560,3600
2023-03-21T02:00:00+00:00,0.108650,3600
2023-03-21T03:00:00+00:00,0.110000,3600
2023-03-21T04:00:00+00:00,0.118210,3600
2023-03-21T05:00:00+00:00,0.129790,3600
2023-03-21T06:00:00+00:00,0.145470,3600
2023-03-21T07:00:00+00:00,0.143430,3600
2023-03-21T08:00:00+00:00,0.128500,3600
2023-03-21T09:00:00+00:00,0.115000,3600
2023-03-21T10:00:00+00:00,0.106670,3600
2023-03-21T11:00:00+00:00,0.101910,3600
2023-03-21T12:00:00+00:00,0.099480,3600
2023-03-21T13:00:00+00:00,0.096090,3600
2023-03-21T14:00:00+00:00,0.098250,3600
2023-03-21T15:00:00+00:00,0.101120,3600
2023-03-21T16:00:00+00:00,0.112940,3600
2023-03-21T17:00:00+00:00,0.132040,3600
2023-03-21T18:00:00+00:00,0.143260,3600
2023-03-21T19:00:00+00:00,0.112340,3600
2023-03-21T20:00:00+00:00,0.101000,3600
2023-03-21T21:00:00+00:00,0.092180,3600
2023-03-21T22:00:00+00:00,0.090360,3600
2023-03-21T23:00:00+00:00,0.077060,3600
2023-03-22T00:00:00+00:00,0.073190,3600
2023-03-22T01:00:00+00:00,0.073390,3600
2023-03-22T02:00:00+00:00,0.068810,3600
2023-03-22T03:00:00+00:00,0.066480,3600
2023-03-22T04:00:00+00:00,0.071910,3600
2023-03-22T05:00:00+00:00,0.084480,3600
2023-03-22T06:00:00+00:00,0.102540,3600
2023-03-22T07:00:00+00:00,0.107540,3600
2023-03-22T08:00:00+00:00,0.092600,3600
2023-03-22T09:00:00+00:00,0.078760,3600
2023-03-22T10:00:00+00:00,0.081520,3600
2023-03-22T11:00:00+00:00,0.073040,3600
2023-03-22T12:00:00+00:00,0.071100,3600
2023-03-22T13:00:00+00:00,0.078570,3600
2023-03-22T14:00:00+00:00,0.069950,3600
2023-03-22T15:00:00+00:00,0.081840,3600
2023-03-22T16:00:00+00:00,0.100620,3600
2023-03-22T17:00:00+00:00,0.118720,3600
2023-03-22T18:00:00+00:00,0.139780,3600
2023-03-22T19:00:00+00:00,0.125140,3600
2023-03-22T20:00:00+00:00,0.108370,3600
2023-03-22T21:00:00+00:00,0.099900,3600
2023-03-22T22:00:00+00:00,0.083510,3600
2023-03-22T23:00:00+00:00,0.067930,3600
2023-03-23T00:00:00+00:00,0.065930,3600
2023-03-23T01:00:00+00:00,0.055660,3600
2023-03-23T02:00:00+00:00,0.046650,3600
2023-03-23T03:00:00+00:00,0.032460,3600
2023-03-23T04:00:00+00:00,0.055790,3600
2023-03-23T05:00:00+00:00,0.080580,3600
2023-03-23T06:00:00+00:00,0.092220,3600
2023-03-23T07:00:00+00:00,0.095000,3600
2023-03-23T08:00:00+00:00,0.074900,3600
2023-03-23T09:00:00+00:00,0.041400,3600
2023-03-23T10:00:00+00:00,0.035030,3600
2023-03-23T11:00:00+00:00,0.035370,3600
2023-03-23T12:00:00+00:00,0.036410,3600
2023-03-23T13:00:00+00:00,0.050900,3600
2023-03-23T14:00:00+00:00,0.054000,3600
2023-03-23T15:00:00+00:00,0.089390,3600
2023-03-23T16:00:00+00:00,0.119470,3600
2023-03-23T17:00:00+00:00,0.136860,3600
2023-03-23T18:00:00+00:00,0.144370,3600
2023-03-23T19:00:00+00:00,0.122040,3600
2023-03-23T20:00:00+00:00,0.092030,3600
2023-03-23T21:00:00+00:00,0.088850,3600
2023-03-23T22:00:00+00:00,0.077540,3600
2023-03-23T23:00:00+00:00,0.054980,3600
2023-03-24T00:00:00+00:00,0.043800,3600
2023-03-24T01:00:00+00:00,0.040670,3600
2023-03-24T02:00:00+00:00,0.039920,3600
2023-03-24T03:00:00+00:00,0.035070,3600
2023-03-24T04:00:00+00:00,0.040190,3600
2023-03-24T05:00:00+00:00,0.062440,3600
2023-03-24T06:00:00+00:00,0.081230,3600
2023-03-24T07:00:00+00:00,0.081230,3600
2023-03-24T08:00:00+00:00,0.062360,3600
2023-03-24T09:00:00+00:00,0.021300,3600
2023-03-24T10:00:00+00:00,0.000000,3600
2023-03-24T11:00:00+00:00,-0.010000,3600
2023-03-24T12:00:00+00:00,-0.011400,3600
2023-03-24T13:00:00+00:00,-0.004660,3600
2023-03-24T14:00:00+00:00,0.004900,3600
2023-03-24T15:00:00+00:00,0.029320,3600
2023-03-24T16:00:00+00:00,0.079430,3600
2023-03-24T17:00:00+00:00,0.100800,3600
2023-03-24T18:00:00+00:00,0.116230,3600
2023-03-24T19:00:00+00:00,0.096700,3600
2023-03-24T20:00:00+00:00,0.082470,3600
2023-03-24T21:00:00+00:00,0.076200,3600
2023-03-24T22:00:00+00:00,0.064900,3600
2023-03-24T23:00:00+00:00,0.015300,3600
2023-03-25T00:00:00+00:00,0.000100,3600
2023-03-25T01:00:00+00:00,-0.003000,3600
2023-03-25T02:00:00+00:00,-0.000210,3600
2023-03-25T03:00:00+00:00,-0.001150,3600
2023-03-25T04:00:00+00:00,-0.001990,3600
2023-03-25T05:00:00+00:00,-0.002370,3600
2023-03-25T06:00:00+00:00,0.000000,3600
2023-03-25T07:00:00+00:00,0.000000,3600
2023-03-25T08:00:00+00:00,-0.003940,3600
2023-03-25T09:00:00+00:00,-0.007990,3600
2023-03-25T10:00:00+00:00,-0.002180,3600
2023-03-25T11:00:00+00:00,-0.006670,3600
2023-03-25T12:00:00+00:00,-0.009710,3600
2023-03-25T13:00:00+00:00,-0.009530,3600
2023-03-25T14:00:00+00:00,-0.001750,3600
2023-03-25T15:00:00+00:00,-0.001010,3600
2023-03-25T16:00:00+00:00,0.031920,3600
2023-03-25T17:00:00+00:00,0.075000,3600
2023-03-25T18:00:00+00:00,0.099980,3600
2023-03-25T19:00:00+00:00,0.099900,3600
2023-03-25T20:00:00+00:00,0.097550,3600
2023-03-25T21:00:00+00:00,0.098000,3600
2023-03-25T22:00:00+00:00,0.097600,3600
2023-03-25T23:00:00+00:00,0.094570,3600
2023-03-26T00:00:00+00:00,0.080000,3600
2023-03-26T01:00:00+00:00,0.084900,3600
2023-03-26T02:00:00+00:00,0.073620,3600
2023-03-26T03:00:00+00:00,0.073650,3600
2023-03-26T04:00:00+00:00,0.063490,3600
2023-03-26T05:00:00+00:00,0.073090,3600
2023-03-26T06:00:00+00:00,0.078350,3600
2023-03-26T07:00:00+00:00,0.084690,3600
2023-03-26T08:00:00+00:00,0.088700,3600
2023-03-26T09:00:00+00:00,0.084900,3600
2023-03-26T10:00:00+00:00,0.074900,3600
2023-03-26T11:00:00+00:00,0.061670,3600
2023-03-26T12:00:00+00:00,0.050460,3600
2023-03-26T13:00:00+00:00,0.045570,3600
2023-03-26T14:00:00+00:00,0.048350,3600
2023-03-26T15:00:00+00:00,0.077090,3600
2023-03-26T16:00:00+00:00,0.106650,3600
2023-03-26T17:00:00+00:00,0.117860,3600
2023-03-26T18:00:00+00:00,0.112590,3600
2023-03-26T19:00:00+00:00,0.104630,3600
2023-03-26T20:00:00+00:00,0.099420,3600
2023-03-26T21:00:00+00:00,0.094640,3600
2023-03-26T22:00:00+00:00,0.096000,3600
2023-03-26T23:00:00+00:00,0.091710,3600
2023-03-27T00:00:00+00:00,0.087480,3600
2023-03-27T01:00:00+00:00,0.083990,3600
2023-03-27T02:00:00+00:00,0.084900,3600
2023-03-27T03:00:00+00:00,0.086590,3600
2023-03-27T04:00:00+00:00,0.115000,3600
2023-03-27T05:00:00+00:00,0.142990,3600
2023-03-27T06:00:00+00:00,0.149380,3600
2023-03-27T07:00:00+00:00,0.085000,3600
2023-03-27T08:00:00+00:00,0.060100,3600
2023-03-27T09:00:00+00:00,0.050750,3600
2023-03-27T10:00:00+00:00,0.000000,3600
2023-03-27T11:00:00+00:00,0.000000,3600
2023-03-27T12:00:00+00:00,-0.010020,3600
2023-03-27T13:00:00+00:00,-0.020020,3600
2023-03-27T14:00:00+00:00,0.000000,3600
2023-03-27T15:00:00+00:00,0.063980,3600
2023-03-27T16:00:00+00:00,0.100400,3600
2023-03-27T17:00:00+00:00,0.135910,3600
2023-03-27T18:00:00+00:00,0.189000,3600
2023-03-27T19:00:00+00:00,0.144700,3600
2023-03-27T20:00:00+00:00,0.113580,3600
2023-03-27T21:00:00+00:00,0.094800,3600
2023-03-27T22:00:00+00:00,0.099900,3600
2023-03-27T23:00:00+00:00,0.104500,3600
2023-03-28T00:00:00+00:00,0.100100,3600
2023-03-28T01:00:00+00:00,0.096100,3600
2023-03-28T02:00:00+00:00,0.095400,3600
2023-03-28T03:00:00+00:00,0.100770,3600
2023-03-28T04:00:00+00:00,0.130040,3600
2023-03-28T05:00:00+00:00,0.160070,3600
2023-03-28T06:00:00+00:00,0.159770,3600
2023-03-28T07:00:00+00:00,0.125210,3600
2023-03-28T08:00:00+00:00,0.104280,3600
2023-03-28T09:00:00+00:00,0.094890,3600
2023-03-28T10:00:00+00:00,0.091300,3600
2023-03-28T11:00:00+00:00,0.086870,3600
2023-03-28T12:00:00+00:00,0.090000,3600
2023-03-28T13:00:00+00:00,0.094320,3600
2023-03-28T14:00:00+00:00,0.096080,3600
2023-03-28T15:00:00+00:00,0.108590,3600
2023-03-28T16:00:00+00:00,0.136870,3600
2023-03-28T17:00:00+00:00,0.160980,3600
2023-03-28T18:00:00+00:00,0.135940,3600
2023-03-28T19:00:00+00:00,0.132000,3600
2023-03-28T20:00:00+00:00,0.125010,3600
2023-03-28T21:00:00+00:00,0.110390,3600
2023-03-28T22:00:00+00:00,0.096650,3600
2023-03-28T23:00:00+00:00,0.095000,3600
2023-03-29T00:00:00+00:00,0.095400,3600
2023-03-29T01:00:00+00:00,0.098040,3600
2023-03-29T02:00:00+00:00,0.098000,3600
2023-03-29T03:00:00+00:00,0.099200,3600
2023-03-29T04:00:00+00:00,0.117040,3600
2023-03-29T05:00:00+00:00,0.144130,3600
2023-03-29T06:00:00+00:00,0.152000,3600
2023-03-29T07:00:00+00:00,0.144170,3600
2023-03-29T08:00:00+00:00,0.130000,3600
2023-03-29T09:00:00+00:00,0.119000,3600
2023-03-29T10:00:00+00:00,0.110980,3600
2023-03-29T11:00:00+00:00,0.105600,3600
2023-03-29T12:00:00+00:00,0.101550,3600
2023-03-29T13:00:00+00:00,0.104940,3600
2023-03-29T14:00:00+00:00,0.105900,3600
2023-03-29T15:00:00+00:00,0.125790,3600
2023-03-29T16:00:00+00:00,0.143190,3600
2023-03-29T17:00:00+00:00,0.149830,3600
2023-03-29T18:00:00+00:00,0.132260,3600
2023-03-29T19:00:00+00:00,0.114920,3600
2023-03-29T20:00:00+00:00,0.109900,3600
2023-03-29T21:00:00+00:00,0.094800,3600
2023-03-29T22:00:00+00:00,0.089710,3600
2023-03-29T23:00:00+00:00,0.082290,3600
2023-03-30T00:00:00+00:00,0.080780,3600
2023-03-30T01:00:00+00:00,0.078770,3600
2023-03-30T02:00:00+00:00,0.077910,3600
2023-03-30T03:00:00+00:00,0.076800,3600
2023-03-30T04:00:00+00:00,0.088640,3600
2023-03-30T05:00:00+00:00,0.118880,3600
2023-03-30T06:00:00+00:00,0.129300,3600
2023-03-30T07:00:00+00:00,0.110000,3600
2023-03-30T08:00:00+00:00,0.090660,3600
2023-03-30T09:00:00+00:00,0.079930,3600
2023-03-30T10:00:00+00:00,0.064550,3600
2023-03-30T11:00:00+00:00,0.025310,3600
2023-03-30T12:00:00+00:00,0.005100,3600
2023-03-30T13:00:00+00:00,0.008530,3600
2023-03-30T14:00:00+00:00,0.038260,3600
2023-03-30T15:00:00+00:00,0.072440,3600
2023-03-30T16:00:00+00:00,0.097550,3600
2023-03-30T17:00:00+00:00,0.119700,3600
2023-03-30T18:00:00+00:00,0.119370,3600
2023-03-30T19:00:00+00:00,0.103280,3600
2023-03-30T20:00:00+00:00,0.100070,3600
2023-03-30T21:00:00+00:00,0.090760,3600
2023-03-30T22:00:00+00:00,0.065130,3600
2023-03-30T23:00:00+00:00,0.064900,3600
2023-03-31T00:00:00+00:00,0.057100,3600
2023-03-31T01:00:00+00:00,0.048620,3600
2023-03-31T02:00:00+00:00,0.064900,3600
2023-03-31T03:00:00+00:00,0.073960,3600
2023-03-31T04:00:00+00:00,0.109220,3600
2023-03-31T05:00:00+00:00,0.121370,3600
2023-03-31T06:00:00+00:00,0.124550,3600
2023-03-31T07:00:00+00:00,0.132000,3600
2023-03-31T08:00:00+00:00,0.105180,3600
2023-03-31T09:00:00+00:00,0.105680,3600
2023-03-31T10:00:00+00:00,0.089470,3600
2023-03-31T11:00:00+00:00,0.076940,3600
2023-03-31T12:00:00+00:00,0.081300,3600
2023-03-31T13:00:00+00:00,0.078170,3600
2023-03-31T14:00:00+00:00,0.077640,3600
2023-03-31T15:00:00+00:00,0.099050,3600
2023-03-31T16:00:00+00:00,0.112610,3600
2023-03-31T17:00:00+00:00,0.114530,3600
2023-03-31T18:00:00+00:00,0.109670,3600
2023-03-31T19:00:00+00:00,0.098830,3600
2023-03-31T20:00:00+00:00,0.086730,3600
2023-03-31T21:00:00+00:00,0.080000,3600
2023-03-31T22:00:00+00:00,0.082190,3600
2023-03-31T23:00:00+00:00,0.063900,3600
2023-04-01T00:00:00+00:00,0.053840,3600
2023-04-01T01:00:00+00:00,0.053990,3600
2023-04-01T02:00:00+00:00,0.055010,3600
2023-04-01T03:00:00+00:00,0.070000,3600
2023-04-01T04:00:00+00:00,0.080580,3600
2023-04-01T05:00:00+00:00,0.085000,3600
2023-04-01T06:00:00+00:00,0.090000,3600
2023-04-01T07:00:00+00:00,0.086700,3600
2023-04-01T08:00:00+00:00,0.086200,3600
2023-04-01T09:00:00+00:00,0.084370,3600
2023-04-01T10:00:00+00:00,0.080000,3600
2023-04-01T11:00:00+00:00,0.054900,3600
2023-04-01T12:00:00+00:00,0.043240,3600
2023-04-01T13:00:00+00:00,0.042000,3600
2023-04-01T14:00:00+00:00,0.070000,3600
2023-04-01T15:00:00+00:00,0.084900,3600
2023-04-01T16:00:00+00:00,0.099300,3600
2023-04-01T17:00:00+00:00,0.097650,3600
2023-04-01T18:00:00+00:00,0.110950,3600
2023-04-01T19:00:00+00:00,0.091160,3600
2023-04-01T20:00:00+00:00,0.081770,3600
2023-04-01T21:00:00+00:00,0.068900,3600
2023-04-01T22:00:00+00:00,0.081000,3600
2023-04-01T23:00:00+00:00,0.069900,3600
2023-04-02T00:00:00+00:00,0.058510,3600
2023-04-02T01:00:00+00:00,0.060460,3600
2023-04-02T02:00:00+00:00,0.058510,3600
2023-04-02T03:00:00+00:00,0.060460,3600
2023-04-02T04:00:00+00:00,0.058720,3600
2023-04-02T05:00:00+00:00,0.070080,3600
2023-04-02T06:00:00+00:00,0.075550,3600
2023-04-02T07:00:00+00:00,0.066090,3600
2023-04-02T08:00:00+00:00,0.040010,3600
2023-04-02T09:00:00+00:00,0.023300,3600
2023-04-02T10:00:00+00:00,-0.001000,3600
2023-04-02T11:00:00+00:00,-0.003990,3600
2023-04-02T12:00:00+00:00,-0.003990,3600
2023-04-02T13:00:00+00:00,0.000000,3600
2023-04-02T14:00:00+00:00,0.012800,3600
2023-04-02T15:00:00+00:00,0.041740,3600
2023-04-02T16:00:00+00:00,0.100410,3600
2023-04-02T17:00:00+00:00,0.130000,3600
2023-04-02T18:00:00+00:00,0.132120,3600
2023-04-02T19:00:00+00:00,0.121650,3600
2023-04-02T20:00:00+00:00,0.115550,3600
2023-04-02T21:00:00+00:00,0.109120,3600
2023-04-02T22:00:00+00:00,0.115220,3600
2023-04-02T23:00:00+00:00,0.112720,3600
2023-04-03T00:00:00+00:00,0.113890,3600
2023-04-03T01:00:00+00:00,0.108530,3600
2023-04-03T02:00:00+00:00,0.100430,3600
2023-04-03T03:00:00+00:00,0.110070,3600
2023-04-03T04:00:00+00:00,0.139630,3600
2023-04-03T05:00:00+00:00,0.168990,3600
2023-04-03T06:00:00+00:00,0.179840,3600
2023-04-03T07:00:00+00:00,0.140000,3600
2023-04-03T08:00:00+00:00,0.092180,3600
2023-04-03T09:00:00+00:00,0.068140,3600
2023-04-03T10:00:00+00:00,0.071610,3600
2023-04-03T11:00:00+00:00,0.049200,3600
2023-04-03T12:00:00+00:00,0.071580,3600
2023-04-03T13:00:00+00:00,0.078910,3600
2023-04-03T14:00:00+00:00,0.082000,3600
2023-04-03T15:00:00+00:00,0.100350,3600
2023-04-03T16:00:00+00:00,0.133770,3600
2023-04-03T17:00:00+00:00,0.158110,3600
2023-04-03T18:00:00+00:00,0.165890,3600
2023-04-03T19:00:00+00:00,0.148790,3600
2023-04-03T20:00:00+00:00,0.132070,3600
2023-04-03T21:00:00+00:00,0.113120,3600
2023-04-03T22:00:00+00:00,0.110850,3600
2023-04-03T23:00:00+00:00,0.110140,3600
2023-04-04T00:00:00+00:00,0.115830,3600
2023-04-04T01:00:00+00:00,0.115610,3600
2023-04-04T02:00:00+00:00,0.116710,3600
2023-04-04T03:00:00+00:00,0.121910,3600
2023-04-04T04:00:00+00:00,0.145350,3600
2023-04-04T05:00:00+00:00,0.180570,3600
2023-04-04T06:00:00+00:00,0.190610,3600
2023-04-04T07:00:00+00:00,0.158270,3600
2023-04-04T08:00:00+00:00,0.107790,3600
2023-04-04T09:00:00+00:00,0.112020,3600
2023-04-04T10:00:00+00:00,0.102940,3600
2023-04-04T11:00:00+00:00,0.107200,3600
2023-04-04T12:00:00+00:00,0.107310,3600
2023-04-04T13:00:00+00:00,0.108710,3600
2023-04-04T14:00:00+00:00,0.112730,3600
2023-04-04T15:00:00+00:00,0.122000,3600
2023-04-04T16:00:00+00:00,0.147100,3600
2023-04-04T17:00:00+00:00,0.180000,3600
2023-04-04T18:00:00+00:00,0.177320,3600
2023-04-04T19:00:00+00:00,0.156040,3600
2023-04-04T20:00:00+00:00,0.141390,3600
2023-04-04T21:00:00+00:00,0.129900,3600
2023-04-04T22:00:00+00:00,0.127340,3600
2023-04-04T23:00:00+00:00,0.118130,3600
2023-04-05T00:00:00+00:00,0.119540,3600
2023-04-05T01:00:00+00:00,0.118180,3600
2023-04-05T02:00:00+00:00,0.124800,3600
2023-04-05T03:00:00+00:00,0.134290,3600
2023-04-05T04:00:00+00:00,0.165990,3600
2023-04-05T05:00:00+00:00,0.207920,3600
2023-04-05T06:00:00+00:00,0.180750,3600
2023-04-05T07:00:00+00:00,0.144530,3600
2023-04-05T08:00:00+00:00,0.112000,3600
2023-04-05T09:00:00+00:00,0.113890,3600
2023-04-05T10:00:00+00:00,0.111170,3600
2023-04-05T11:00:00+00:00,0.109660,3600
2023-04-05T12:00:00+00:00,0.111040,3600
2023-04-05T13:00:00+00:00,0.110960,3600
2023-04-05T14:00:00+00:00,0.116290,3600
2023-04-05T15:00:00+00:00,0.135600,3600
2023-04-05T16:00:00+00:00,0.156520,3600
2023-04-05T17:00:00+00:00,0.199560,3600
2023-04-05T18:00:00+00:00,0.191680,3600
2023-04-05T19:00:00+00:00,0.164980,3600
2023-04-05T20:00:00+00:00,0.151390,3600
2023-04-05T21:00:00+00:00,0.139130,3600
2023-04-05T22:00:00+00:00,0.135540,3600
2023-04-05T23:00:00+00:00,0.124120,3600
2023-04-06T00:00:00+00:00,0.120000,3600
2023-04-06T01:00:00+00:00,0.115330,3600
2023-04-06T02:00:00+00:00,0.114850,3600
2023-04-06T03:00:00+00:00,0.124910,3600
2023-04-06T04:00:00+00:00,0.142510,3600
2023-04-06T05:00:00+00:00,0.161630,3600
2023-04-06T06:00:00+00:00,0.159520,3600
2023-04-06T07:00:00+00:00,0.129930,3600
2023-04-06T08:00:00+00:00,0.126010,3600
2023-04-06T09:00:00+00:00,0.117020,3600
2023-04-06T10:00:00+00:00,0.109360,3600
2023-04-06T11:00:00+00:00,0.108440,3600
2023-04-06T12:00:00+00:00,0.106890,3600
2023-04-06T13:00:00+00:00,0.108130,3600
2023-04-06T14:00:00+00:00,0.109870,3600
2023-04-06T15:00:00+00:00,0.121170,3600
2023-04-06T16:00:00+00:00,0.140000,3600
2023-04-06T17:00:00+00:00,0.150230,3600
2023-04-06T18:00:00+00:00,0.144240,3600
2023-04-06T19:00:00+00:00,0.152000,3600
2023-04-06T20:00:00+00:00,0.139800,3600
2023-04-06T21:00:00+00:00,0.123300,3600
2023-04-06T22:00:00+00:00,0.129600,3600
2023-04-06T23:00:00+00:00,0.124500,3600
2023-04-07T00:00:00+00:00,0.114950,3600
2023-04-07T01:00:00+00:00,0.108600,3600
2023-04-07T02:00:00+00:00,0.109200,3600
2023-04-07T03:00:00+00:00,0.117680,3600
2023-04-07T04:00:00+00:00,0.110070,3600
2023-04-07T05:00:00+00:00,0.118000,3600
2023-04-07T06:00:00+00:00,0.159990,3600
2023-04-07T07:00:00+00:00,0.150000,3600
2023-04-07T08:00:00+00:00,0.149170,3600
2023-04-07T09:00:00+00:00,0.131970,3600
2023-04-07T10:00:00+00:00,0.119900,3600
2023-04-07T11:00:00+00:00,0.110600,3600
2023-04-07T12:00:00+00:00,0.107200,3600
2023-04-07T13:00:00+00:00,0.104420,3600
2023-04-07T14:00:00+00:00,0.110400,3600
2023-04-07T15:00:00+00:00,0.116000,3600
2023-04-07T16:00:00+00:00,0.127780,3600
2023-04-07T17:00:00+00:00,0.145880,3600
2023-04-07T18:00:00+00:00,0.159480,3600
2023-04-07T19:00:00+00:00,0.146810,3600
2023-04-07T20:00:00+00:00,0.136320,3600
2023-04-07T21:00:00+00:00,0.126070,3600
2023-04-07T22:00:00+00:00,0.119900,3600
2023-04-07T23:00:00+00:00,0.111510,3600
2023-04-08T00:00:00+00:00,0.112650,3600
2023-04-08T01:00:00+00:00,0.110750,3600
2023-04-08T02:00:00+00:00,0.110780,3600
2023-04-08T03:00:00+00:00,0.112160,3600
2023-04-08T04:00:00+00:00,0.112560,3600
2023-04-08T05:00:00+00:00,0.129350,3600
2023-04-08T06:00:00+00:00,0.130750,3600
2023-04-08T07:00:00+00:00,0.125590,3600
2023-04-08T08:00:00+00:00,0.108070,3600
2023-04-08T09:00:00+00:00,0.104270,3600
2023-04-08T10:00:00+00:00,0.088600,3600
2023-04-08T11:00:00+00:00,0.077000,3600
2023-04-08T12:00:00+00:00,0.070100,3600
2023-04-08T13:00:00+00:00,0.083390,3600
2023-04-08T14:00:00+00:00,0.095980,3600
2023-04-08T15:00:00+00:00,0.104470,3600
2023-04-08T16:00:00+00:00,0.117470,3600
2023-04-08T17:00:00+00:00,0.135010,3600
2023-04-08T18:00:00+00:00,0.139970,3600
2023-04-08T19:00:00+00:00,0.137310,3600
2023-04-08T20:00:00+00:00,0.134900,3600
2023-04-08T21:00:00+00:00,0.126980,3600
2023-04-08T22:00:00+00:00,0.127990,3600
2023-04-08T23:00:00+00:00,0.117860,3600
2023-04-09T00:00:00+00:00,0.119830,3600
2023-04-09T01:00:00+00:00,0.117990,3600
2023-04-09T02:00:00+00:00,0.118240,3600
2023-04-09T03:00:00+00:00,0.117860,3600
2023-04-09T04:00:00+00:00,0.120000,3600
2023-04-09T05:00:00+00:00,0.118900,3600
2023-04-09T06:00:00+00:00,0.122980,3600
2023-04-09T07:00:00+00:00,0.112210,3600
2023-04-09T08:00:00+00:00,0.100000,3600
2023-04-09T09:00:00+00:00,0.087000,3600
2023-04-09T10:00:00+00:00,0.081960,3600
2023-04-09T11:00:00+00:00,0.060010,3600
2023-04-09T12:00:00+00:00,0.055000,3600
2023-04-09T13:00:00+00:00,0.056000,3600
2023-04-09T14:00:00+00:00,0.074000,3600
2023-04-09T15:00:00+00:00,0.086350,3600
2023-04-09T16:00:00+00:00,0.115200,3600
2023-04-09T17:00:00+00:00,0.129970,3600
2023-04-09T18:00:00+00:00,0.133460,3600
2023-04-09T19:00:00+00:00,0.126390,3600
2023-04-09T20:00:00+00:00,0.115000,3600
2023-04-09T21:00:00+00:00,0.106940,3600
2023-04-09T22:00:00+00:00,0.098210,3600
2023-04-09T23:00:00+00:00,0.081850,3600
2023-04-10T00:00:00+00:00,0.078140,3600
2023-04-10T01:00:00+00:00,0.071900,3600
2023-04-10T02:00:00+00:00,0.070000,3600
2023-04-10T03:00:00+00:00,0.072960,3600
2023-04-10T04:00:00+00:00,0.080000,3600
2023-04-10T05:00:00+00:00,0.077650,3600
2023-04-10T06:00:00+00:00,0.069490,3600
2023-04-10T07:00:00+00:00,0.054900,3600
2023-04-10T08:00:00+00:00,0.024580,3600
2023-04-10T09:00:00+00:00,0.000200,3600
2023-04-10T10:00:00+00:00,-0.001010,3600
2023-04-10T11:00:00+00:00,-0.007840,3600
2023-04-10T12:00:00+00:00,-0.007330,3600
2023-04-10T13:00:00+00:00,-0.003100,3600
2023-04-10T14:00:00+00:00,-0.000020,3600
2023-04-10T15:00:00+00:00,0.020220,3600
2023-04-10T16:00:00+00:00,0.051280,3600
2023-04-10T17:00:00+00:00,0.080000,3600
2023-04-10T18:00:00+00:00,0.081600,3600
2023-04-10T19:00:00+00:00,0.074900,3600
2023-04-10T20:00:00+00:00,0.068640,3600
2023-04-10T21:00:00+00:00,0.045000,3600
2023-04-10T22:00:00+00:00,0.013080,3600
2023-04-10T23:00:00+00:00,0.001160,3600
2023-04-11T00:00:00+00:00,0.000760,3600
2023-04-11T01:00:00+00:00,0.001090,3600
2023-04-11T02:00:00+00:00,0.006100,3600
2023-04-11T03:00:00+00:00,0.034510,3600
2023-04-11T04:00:00+00:00,0.094180,3600
2023-04-11T05:00:00+00:00,0.115980,3600
2023-04-11T06:00:00+00:00,0.123260,3600
2023-04-11T07:00:00+00:00,0.093800,3600
2023-04-11T08:00:00+00:00,0.054250,3600
2023-04-11T09:00:00+00:00,0.009030,3600
2023-04-11T10:00:00+00:00,-0.016000,3600
2023-04-11T11:00:00+00:00,-0.018000,3600
2023-04-11T12:00:00+00:00,-0.030000,3600
2023-04-11T13:00:00+00:00,-0.004600,3600
2023-04-11T14:00:00+00:00,0.006610,3600
2023-04-11T15:00:00+00:00,0.082200,3600
2023-04-11T16:00:00+00:00,0.130800,3600
2023-04-11T17:00:00+00:00,0.162460,3600
2023-04-11T18:00:00+00:00,0.165380,3600
2023-04-11T19:00:00+00:00,0.141390,3600
2023-04-11T20:00:00+00:00,0.130800,3600
2023-04-11T21:00:00+00:00,0.111000,3600
2023-04-11T22:00:00+00:00,0.095300,3600
2023-04-11T23:00:00+00:00,0.077200,3600
2023-04-12T00:00:00+00:00,0.059060,3600
2023-04-12T01:00:00+00:00,0.046320,3600
2023-04-12T02:00:00+00:00,0.045500,3600
2023-04-12T03:00:00+00:00,0.080290,3600
2023-04-12T04:00:00+00:00,0.106450,3600
2023-04-12T05:00:00+00:00,0.123350,3600
2023-04-12T06:00:00+00:00,0.136410,3600
2023-04-12T07:00:00+00:00,0.131990,3600
2023-04-12T08:00:00+00:00,0.120000,3600
2023-04-12T09:00:00+00:00,0.111560,3600
2023-04-12T10:00:00+00:00,0.100600,3600
2023-04-12T11:00:00+00:00,0.097360,3600
2023-04-12T12:00:00+00:00,0.097620,3600
2023-04-12T13:00:00+00:00,0.097070,3600
2023-04-12T14:00:00+00:00,0.100340,3600
2023-04-12T15:00:00+00:00,0.109300,3600
2023-04-12T16:00:00+00:00,0.106620,3600
2023-04-12T17:00:00+00:00,0.111530,3600
2023-04-12T18:00:00+00:00,0.125000,3600
2023-04-12T19:00:00+00:00,0.112110,3600
2023-04-12T20:00:00+00:00,0.109300,3600
2023-04-12T21:00:00+00:00,0.097950,3600
2023-04-12T22:00:00+00:00,0.097230,3600
2023-04-12T23:00:00+00:00,0.085090,3600
2023-04-13T00:00:00+00:00,0.079490,3600
2023-04-13T01:00:00+00:00,0.072860,3600
2023-04-13T02:00:00+00:00,0.071120,3600
2023-04-13T03:00:00+00:00,0.082500,3600
2023-04-13T04:00:00+00:00,0.102060,3600
2023-04-13T05:00:00+00:00,0.115040,3600
2023-04-13T06:00:00+00:00,0.122150,3600
2023-04-13T07:00:00+00:00,0.105390,3600
2023-04-13T08:00:00+00:00,0.083400,3600
2023-04-13T09:00:00+00:00,0.034900,3600
2023-04-13T10:00:00+00:00,-0.004500,3600
2023-04-13T11:00:00+00:00,-0.050000,3600
2023-04-13T12:00:00+00:00,-0.050070,3600
2023-04-13T13:00:00+00:00,-0.050000,3600
2023-04-13T14:00:00+00:00,-0.000900,3600
2023-04-13T15:00:00+00:00,0.108100,3600
2023-04-13T16:00:00+00:00,0.128100,3600
2023-04-13T17:00:00+00:00,0.151000,3600
2023-04-13T18:00:00+00:00,0.155200,3600
2023-04-13T19:00:00+00:00,0.152000,3600
2023-04-13T20:00:00+00:00,0.134040,3600
2023-04-13T21:00:00+00:00,0.120100,3600
2023-04-13T22:00:00+00:00,0.118090,3600
2023-04-13T23:00:00+00:00,0.112800,3600
2023-04-14T00:00:00+00:00,0.116540,3600
2023-04-14T01:00:00+00:00,0.112800,3600
2023-04-14T02:00:00+00:00,0.113140,3600
2023-04-14T03:00:00+00:00,0.127400,3600
2023-04-14T04:00:00+00:00,0.144740,3600
2023-04-14T05:00:00+00:00,0.171740,3600
2023-04-14T06:00:00+00:00,0.176160,3600
2023-04-14T07:00:00+00:00,0.149940,3600
2023-04-14T08:00:00+00:00,0.107700,3600
2023-04-14T09:00:00+00:00,0.109500,3600
2023-04-14T10:00:00+00:00,0.104700,3600
2023-04-14T11:00:00+00:00,0.101120,3600
2023-04-14T12:00:00+00:00,0.102600,3600
2023-04-14T13:00:00+00:00,0.094400,3600
2023-04-14T14:00:00+00:00,0.105160,3600
2023-04-14T15:00:00+00:00,0.113400,3600
2023-04-14T16:00:00+00:00,0.138160,3600
2023-04-14T17:00:00+00:00,0.151690,3600
2023-04-14T18:00:00+00:00,0.152420,3600
2023-04-14T19:00:00+00:00,0.151000,3600
2023-04-14T20:00:00+00:00,0.134730,3600
2023-04-14T21:00:00+00:00,0.120290,3600
2023-04-14T22:00:00+00:00,0.123900,3600
2023-04-14T23:00:00+00:00,0.112000,3600
2023-04-15T00:00:00+00:00,0.114380,3600
2023-04-15T01:00:00+00:00,0.108000,3600
2023-04-15T02:00:00+00:00,0.105140,3600
2023-04-15T03:00:00+00:00,0.103550,3600
2023-04-15T04:00:00+00:00,0.105560,3600
2023-04-15T05:00:00+00:00,0.104850,3600
2023-04-15T06:00:00+00:00,0.106210,3600
2023-04-15T07:00:00+00:00,0.101100,3600
2023-04-15T08:00:00+00:00,0.094920,3600
2023-04-15T09:00:00+00:00,0.093940,3600
2023-04-15T10:00:00+00:00,0.077640,3600
2023-04-15T11:00:00+00:00,0.015000,3600
2023-04-15T12:00:00+00:00,0.000920,3600
2023-04-15T13:00:00+00:00,0.061000,3600
2023-04-15T14:00:00+00:00,0.072290,3600
2023-04-15T15:00:00+00:00,0.098810,3600
2023-04-15T16:00:00+00:00,0.112660,3600
2023-04-15T17:00:00+00:00,0.132790,3600
2023-04-15T18:00:00+00:00,0.134510,3600
2023-04-15T19:00:00+00:00,0.127800,3600
2023-04-15T20:00:00+00:00,0.127710,3600
2023-04-15T21:00:00+00:00,0.119300,3600
2023-04-15T22:00:00+00:00,0.111550,3600
2023-04-15T23:00:00+00:00,0.103490,3600
2023-04-16T00:00:00+00:00,0.102680,3600
2023-04-16T01:00:00+00:00,0.101090,3600
2023-04-16T02:00:00+00:00,0.102630,3600
2023-04-16T03:00:00+00:00,0.103500,3600
2023-04-16T04:00:00+00:00,0.103500,3600
2023-04-16T05:00:00+00:00,0.103370,3600
2023-04-16T06:00:00+00:00,0.110430,3600
2023-04-16T07:00:00+00:00,0.114680,3600
2023-04-16T08:00:00+00:00,0.111040,3600
2023-04-16T09:00:00+00:00,0.107830,3600
2023-04-16T10:00:00+00:00,0.104050,3600
2023-04-16T11:00:00+00:00,0.098160,3600
2023-04-16T12:00:00+00:00,0.094740,3600
2023-04-16T13:00:00+00:00,0.094270,3600
2023-04-16T14:00:00+00:00,0.096060,3600
2023-04-16T15:00:00+00:00,0.101000,3600
2023-04-16T16:00:00+00:00,0.115210,3600
2023-04-16T17:00:00+00:00,0.132880,3600
2023-04-16T18:00:00+00:00,0.140000,3600
2023-04-16T19:00:00+00:00,0.135000,3600
2023-04-16T20:00:00+00:00,0.129970,3600
2023-04-16T21:00:00+00:00,0.125350,3600
2023-04-16T22:00:00+00:00,0.114750,3600
2023-04-16T23:00:00+00:00,0.111140,3600
2023-04-17T00:00:00+00:00,0.108960,3600
2023-04-17T01:00:00+00:00,0.110100,3600
2023-04-17T02:00:00+00:00,0.110000,3600
2023-04-17T03:00:00+00:00,0.114910,3600
2023-04-17T04:00:00+00:00,0.140780,3600
2023-04-17T05:00:00+00:00,0.178380,3600
2023-04-17T06:00:00+00:00,0.199290,3600
2023-04-17T07:00:00+00:00,0.162620,3600
2023-04-17T08:00:00+00:00,0.135610,3600
2023-04-17T09:00:00+00:00,0.117600,3600
2023-04-17T10:00:00+00:00,0.105130,3600
2023-04-17T11:00:00+00:00,0.100920,3600
2023-04-17T12:00:00+00:00,0.096990,3600
2023-04-17T13:00:00+00:00,0.092750,3600
2023-04-17T14:00:00+00:00,0.096760,3600
2023-04-17T15:00:00+00:00,0.100990,3600
2023-04-17T16:00:00+00:00,0.122330,3600
2023-04-17T17:00:00+00:00,0.143610,3600
2023-04-17T18:00:00+00:00,0.142780,3600
2023-04-17T19:00:00+00:00,0.134250,3600
2023-04-17T20:00:00+00:00,0.122820,3600
2023-04-17T21:00:00+00:00,0.109160,3600
2023-04-17T22:00:00+00:00,0.105310,3600
2023-04-17T23:00:00+00:00,0.102070,3600
2023-04-18T00:00:00+00:00,0.101100,3600
2023-04-18T01:00:00+00:00,0.101290,3600
2023-04-18T02:00:00+00:00,0.100550,3600
2023-04-18T03:00:00+00:00,0.101270,3600
2023-04-18T04:00:00+00:00,0.127000,3600
2023-04-18T05:00:00+00:00,0.140270,3600
2023-04-18T06:00:00+00:00,0.154880,3600
2023-04-18T07:00:00+00:00,0.133990,3600
2023-04-18T08:00:00+00:00,0.106210,3600
2023-04-18T09:00:00+00:00,0.099590,3600
2023-04-18T10:00:00+00:00,0.090080,3600
2023-04-18T11:00:00+00:00,0.084000,3600
2023-04-18T12:00:00+00:00,0.078790,3600
2023-04-18T13:00:00+00:00,0.077950,3600
2023-04-18T14:00:00+00:00,0.079500,3600
2023-04-18T15:00:00+00:00,0.094410,3600
2023-04-18T16:00:00+00:00,0.108210,3600
2023-04-18T17:00:00+00:00,0.130460,3600
2023-04-18T18:00:00+00:00,0.139900,3600
2023-04-18T19:00:00+00:00,0.134280,3600
2023-04-18T20:00:00+00:00,0.105800,3600
2023-04-18T21:00:00+00:00,0.096900,3600
2023-04-18T22:00:00+00:00,0.102200,3600
2023-04-18T23:00:00+00:00,0.097540,3600
2023-04-19T00:00:00+00:00,0.099920,3600
2023-04-19T01:00:00+00:00,0.098950,3600
2023-04-19T02:00:00+00:00,0.101330,3600
2023-04-19T03:00:00+00:00,0.105870,3600
2023-04-19T04:00:00+00:00,0.130000,3600
2023-04-19T05:00:00+00:00,0.138940,3600
2023-04-19T06:00:00+00:00,0.137000,3600
2023-04-19T07:00:00+00:00,0.104100,3600
2023-04-19T08:00:00+00:00,0.070000,3600
2023-04-19T09:00:00+00:00,-0.003900,3600
2023-04-19T10:00:00+00:00,-0.094790,3600
2023-04-19T11:00:00+00:00,-0.194200,3600
2023-04-19T12:00:00+00:00,-0.195410,3600
2023-04-19T13:00:00+00:00,-0.150000,3600
2023-04-19T14:00:00+00:00,-0.030000,3600
2023-04-19T15:00:00+00:00,0.066560,3600
2023-04-19T16:00:00+00:00,0.090970,3600
2023-04-19T17:00:00+00:00,0.120110,3600
2023-04-19T18:00:00+00:00,0.128380,3600
2023-04-19T19:00:00+00:00,0.122820,3600
2023-04-19T20:00:00+00:00,0.109900,3600
2023-04-19T21:00:00+00:00,0.101660,3600
2023-04-19T22:00:00+00:00,0.100190,3600
2023-04-19T23:00:00+00:00,0.094350,3600
2023-04-20T00:00:00+00:00,0.096760,3600
2023-04-20T01:00:00+00:00,0.094980,3600
2023-04-20T02:00:00+00:00,0.097180,3600
2023-04-20T03:00:00+00:00,0.102780,3600
2023-04-20T04:00:00+00:00,0.127970,3600
2023-04-20T05:00:00+00:00,0.144480,3600
2023-04-20T06:00:00+00:00,0.144700,3600
2023-04-20T07:00:00+00:00,0.130040,3600
2023-04-20T08:00:00+00:00,0.102200,3600
2023-04-20T09:00:00+00:00,0.096940,3600
2023-04-20T10:00:00+00:00,0.094230,3600
2023-04-20T11:00:00+00:00,0.089610,3600
2023-04-20T12:00:00+00:00,0.088710,3600
2023-04-20T13:00:00+00:00,0.086680,3600
2023-04-20T14:00:00+00:00,0.092090,3600
2023-04-20T15:00:00+00:00,0.103760,3600
2023-04-20T16:00:00+00:00,0.128990,3600
2023-04-20T17:00:00+00:00,0.142460,3600
2023-04-20T18:00:00+00:00,0.147060,3600
2023-04-20T19:00:00+00:00,0.139240,3600
2023-04-20T20:00:00+00:00,0.125000,3600
2023-04-20T21:00:00+00:00,0.115860,3600
2023-04-20T22:00:00+00:00,0.104900,3600
2023-04-20T23:00:00+00:00,0.094920,3600
2023-04-21T00:00:00+00:00,0.099080,3600
2023-04-21T01:00:00+00:00,0.098000,3600
2023-04-21T02:00:00+00:00,0.092600,3600
2023-04-21T03:00:00+00:00,0.098370,3600
2023-04-21T04:00:00+00:00,0.111210,3600
2023-04-21T05:00:00+00:00,0.132610,3600
2023-04-21T06:00:00+00:00,0.134700,3600
2023-04-21T07:00:00+00:00,0.106250,3600
2023-04-21T08:00:00+00:00,0.103160,3600
2023-04-21T09:00:00+00:00,0.086390,3600
2023-04-21T10:00:00+00:00,0.055170,3600
2023-04-21T11:00:00+00:00,0.044900,3600
2023-04-21T12:00:00+00:00,0.050000,3600
2023-04-21T13:00:00+00:00,0.060000,3600
2023-04-21T14:00:00+00:00,0.077230,3600
2023-04-21T15:00:00+00:00,0.098000,3600
2023-04-21T16:00:00+00:00,0.123000,3600
2023-04-21T17:00:00+00:00,0.140610,3600
2023-04-21T18:00:00+00:00,0.143950,3600
2023-04-21T19:00:00+00:00,0.142670,3600
2023-04-21T20:00:00+00:00,0.120100,3600
2023-04-21T21:00:00+00:00,0.110500,3600
2023-04-21T22:00:00+00:00,0.102500,3600
2023-04-21T23:00:00+00:00,0.095480,3600
2023-04-22T00:00:00+00:00,0.096340,3600
2023-04-22T01:00:00+00:00,0.093430,3600
2023-04-22T02:00:00+00:00,0.091380,3600
2023-04-22T03:00:00+00:00,0.096090,3600
2023-04-22T04:00:00+00:00,0.099820,3600
2023-04-22T05:00:00+00:00,0.108940,3600
2023-04-22T06:00:00+00:00,0.116640,3600
2023-04-22T07:00:00+00:00,0.086000,3600
2023-04-22T08:00:00+00:00,0.074670,3600
2023-04-22T09:00:00+00:00,0.045060,3600
2023-04-22T10:00:00+00:00,0.026200,3600
2023-04-22T11:00:00+00:00,0.016000,3600
2023-04-22T12:00:00+00:00,0.069930,3600
2023-04-22T13:00:00+00:00,0.089000,3600
2023-04-22T14:00:00+00:00,0.090590,3600
2023-04-22T15:00:00+00:00,0.095000,3600
2023-04-22T16:00:00+00:00,0.112970,3600
2023-04-22T17:00:00+00:00,0.131950,3600
2023-04-22T18:00:00+00:00,0.130500,3600
2023-04-22T19:00:00+00:00,0.127000,3600
2023-04-22T20:00:00+00:00,0.121040,3600
2023-04-22T21:00:00+00:00,0.102500,3600
2023-04-22T22:00:00+00:00,0.110870,3600
2023-04-22T23:00:00+00:00,0.097660,3600
2023-04-23T00:00:00+00:00,0.094990,3600
2023-04-23T01:00:00+00:00,0.089400,3600
2023-04-23T02:00:00+00:00,0.086640,3600
2023-04-23T03:00:00+00:00,0.088770,3600
2023-04-23T04:00:00+00:00,0.089900,3600
2023-04-23T05:00:00+00:00,0.093820,3600
2023-04-23T06:00:00+00:00,0.093460,3600
2023-04-23T07:00:00+00:00,0.090380,3600
2023-04-23T08:00:00+00:00,0.079280,3600
2023-04-23T09:00:00+00:00,0.048160,3600
2023-04-23T10:00:00+00:00,0.035480,3600
2023-04-23T11:00:00+00:00,0.010010,3600
2023-04-23T12:00:00+00:00,0.004880,3600
2023-04-23T13:00:00+00:00,0.034710,3600
2023-04-23T14:00:00+00:00,0.064140,3600
2023-04-23T15:00:00+00:00,0.100260,3600
2023-04-23T16:00:00+00:00,0.123810,3600
2023-04-23T17:00:00+00:00,0.140900,3600
2023-04-23T18:00:00+00:00,0.140360,3600
2023-04-23T19:00:00+00:00,0.125020,3600
2023-04-23T20:00:00+00:00,0.116950,3600
2023-04-23T21:00:00+00:00,0.109650,3600
2023-04-23T22:00:00+00:00,0.087700,3600
2023-04-23T23:00:00+00:00,0.083580,3600
2023-04-24T00:00:00+00:00,0.082090,3600
2023-04-24T01:00:00+00:00,0.076400,3600
2023-04-24T02:00:00+00:00,0.075080,3600
2023-04-24T03:00:00+00:00,0.086550,3600
2023-04-24T04:00:00+00:00,0.114600,3600
2023-04-24T05:00:00+00:00,0.133800,3600
2023-04-24T06:00:00+00:00,0.135000,3600
2023-04-24T07:00:00+00:00,0.126920,3600
2023-04-24T08:00:00+00:00,0.110810,3600
2023-04-24T09:00:00+00:00,0.108010,3600
2023-04-24T10:00:00+00:00,0.098070,3600
2023-04-24T11:00:00+00:00,0.094900,3600
2023-04-24T12:00:00+00:00,0.086990,3600
2023-04-24T13:00:00+00:00,0.084900,3600
2023-04-24T14:00:00+00:00,0.086210,3600
2023-04-24T15:00:00+00:00,0.097800,3600
2023-04-24T16:00:00+00:00,0.117410,3600
2023-04-24T17:00:00+00:00,0.134570,3600
2023-04-24T18:00:00+00:00,0.135970,3600
2023-04-24T19:00:00+00:00,0.129060,3600
2023-04-24T20:00:00+00:00,0.110800,3600
2023-04-24T21:00:00+00:00,0.100900,3600
2023-04-24T22:00:00+00:00,0.100000,3600
2023-04-24T23:00:00+00:00,0.098600,3600
2023-04-25T00:00:00+00:00,0.099300,3600
2023-04-25T01:00:00+00:00,0.092120,3600
2023-04-25T02:00:00+00:00,0.091800,3600
2023-04-25T03:00:00+00:00,0.097360,3600
2023-04-25T04:00:00+00:00,0.121600,3600
2023-04-25T05:00:00+00:00,0.134100,3600
2023-04-25T06:00:00+00:00,0.134930,3600
2023-04-25T07:00:00+00:00,0.099100,3600
2023-04-25T08:00:00+00:00,0.075620,3600
2023-04-25T09:00:00+00:00,0.064280,3600
2023-04-25T10:00:00+00:00,0.034900,3600
2023-04-25T11:00:00+00:00,0.024900,3600
2023-04-25T12:00:00+00:00,0.013880,3600
2023-04-25T13:00:00+00:00,0.014240,3600
2023-04-25T14:00:00+00:00,0.050100,3600
2023-04-25T15:00:00+00:00,0.068410,3600
2023-04-25T16:00:00+00:00,0.091960,3600
2023-04-25T17:00:00+00:00,0.127030,3600
2023-04-25T18:00:00+00:00,0.144160,3600
2023-04-25T19:00:00+00:00,0.141980,3600
2023-04-25T20:00:00+00:00,0.135000,3600
2023-04-25T21:00:00+00:00,0.127970,3600
2023-04-25T22:00:00+00:00,0.098500,3600
2023-04-25T23:00:00+00:00,0.090100,3600
2023-04-26T00:00:00+00:00,0.095000,3600
2023-04-26T01:00:00+00:00,0.092490,3600
2023-04-26T02:00:00+00:00,0.093330,3600
2023-04-26T03:00:00+00:00,0.099200,3600
2023-04-26T04:00:00+00:00,0.125160,3600
2023-04-26T05:00:00+00:00,0.139910,3600
2023-04-26T06:00:00+00:00,0.135000,3600
2023-04-26T07:00:00+00:00,0.106000,3600
2023-04-26T08:00:00+00:00,0.098230,3600
2023-04-26T09:00:00+00:00,0.099200,3600
2023-04-26T10:00:00+00:00,0.090030,3600
2023-04-26T11:00:00+00:00,0.094540,3600
2023-04-26T12:00:00+00:00,0.088000,3600
2023-04-26T13:00:00+00:00,0.092850,3600
2023-04-26T14:00:00+00:00,0.098200,3600
2023-04-26T15:00:00+00:00,0.110000,3600
2023-04-26T16:00:00+00:00,0.125080,3600
2023-04-26T17:00:00+00:00,0.148110,3600
2023-04-26T18:00:00+00:00,0.154970,3600
2023-04-26T19:00:00+00:00,0.146030,3600
2023-04-26T20:00:00+00:00,0.124420,3600
2023-04-26T21:00:00+00:00,0.120580,3600
2023-04-26T22:00:00+00:00,0.107120,3600
2023-04-26T23:00:00+00:00,0.100470,3600
2023-04-27T00:00:00+00:00,0.097920,3600
2023-04-27T01:00:00+00:00,0.096400,3600
2023-04-27T02:00:00+00:00,0.097370,3600
2023-04-27T03:00:00+00:00,0.107090,3600
2023-04-27T04:00:00+00:00,0.116860,3600
2023-04-27T05:00:00+00:00,0.142750,3600
2023-04-27T06:00:00+00:00,0.134970,3600
2023-04-27T07:00:00+00:00,0.102750,3600
2023-04-27T08:00:00+00:00,0.090600,3600
2023-04-27T09:00:00+00:00,0.045000,3600
2023-04-27T10:00:00+00:00,0.050100,3600
2023-04-27T11:00:00+00:00,0.050000,3600
2023-04-27T12:00:00+00:00,0.044900,3600
2023-04-27T13:00:00+00:00,0.060000,3600
2023-04-27T14:00:00+00:00,0.079680,3600
2023-04-27T15:00:00+00:00,0.096900,3600
2023-04-27T16:00:00+00:00,0.109270,3600
2023-04-27T17:00:00+00:00,0.113910,3600
2023-04-27T18:00:00+00:00,0.120000,3600
2023-04-27T19:00:00+00:00,0.115000,3600
2023-04-27T20:00:00+00:00,0.103800,3600
2023-04-27T21:00:00+00:00,0.096800,3600
2023-04-27T22:00:00+00:00,0.102030,3600
2023-04-27T23:00:00+00:00,0.092970,3600
2023-04-28T00:00:00+00:00,0.090350,3600
2023-04-28T01:00:00+00:00,0.091780,3600
2023-04-28T02:00:00+00:00,0.092820,3600
2023-04-28T03:00:00+00:00,0.095850,3600
2023-04-28T04:00:00+00:00,0.113250,3600
2023-04-28T05:00:00+00:00,0.123810,3600
2023-04-28T06:00:00+00:00,0.126730,3600
2023-04-28T07:00:00+00:00,0.120630,3600
2023-04-28T08:00:00+00:00,0.113130,3600
2023-04-28T09:00:00+00:00,0.106120,3600
2023-04-28T10:00:00+00:00,0.102000,3600
2023-04-28T11:00:00+00:00,0.093040,3600
2023-04-28T12:00:00+00:00,0.090140,3600
2023-04-28T13:00:00+00:00,0.088260,3600
2023-04-28T14:00:00+00:00,0.090600,3600
2023-04-28T15:00:00+00:00,0.099450,3600
2023-04-28T16:00:00+00:00,0.115420,3600
2023-04-28T17:00:00+00:00,0.120040,3600
2023-04-28T18:00:00+00:00,0.125430,3600
2023-04-28T19:00:00+00:00,0.124340,3600
2023-04-28T20:00:00+00:00,0.116710,3600
2023-04-28T21:00:00+00:00,0.105480,3600
2023-04-28T22:00:00+00:00,0.115590,3600
2023-04-28T23:00:00+00:00,0.108560,3600
2023-04-29T00:00:00+00:00,0.106100,3600
2023-04-29T01:00:00+00:00,0.105000,3600
2023-04-29T02:00:00+00:00,0.101240,3600
2023-04-29T03:00:00+00:00,0.102750,3600
2023-04-29T04:00:00+00:00,0.103240,3600
2023-04-29T05:00:00+00:00,0.109400,3600
2023-04-29T06:00:00+00:00,0.115640,3600
2023-04-29T07:00:00+00:00,0.106610,3600
2023-04-29T08:00:00+00:00,0.103590,3600
2023-04-29T09:00:00+00:00,0.092870,3600
2023-04-29T10:00:00+00:00,0.082230,3600
2023-04-29T11:00:00+00:00,0.075290,3600
2023-04-29T12:00:00+00:00,0.066200,3600
2023-04-29T13:00:00+00:00,0.069050,3600
2023-04-29T14:00:00+00:00,0.080000,3600
2023-04-29T15:00:00+00:00,0.085000,3600
2023-04-29T16:00:00+00:00,0.100100,3600
2023-04-29T17:00:00+00:00,0.118180,3600
2023-04-29T18:00:00+00:00,0.119120,3600
2023-04-29T19:00:00+00:00,0.120000,3600
2023-04-29T20:00:00+00:00,0.115570,3600
2023-04-29T21:00:00+00:00,0.110000,3600
2023-04-29T22:00:00+00:00,0.099280,3600
2023-04-29T23:00:00+00:00,0.091090,3600
2023-04-30T00:00:00+00:00,0.088380,3600
2023-04-30T01:00:00+00:00,0.086800,3600
2023-04-30T02:00:00+00:00,0.086450,3600
2023-04-30T03:00:00+00:00,0.088270,3600
2023-04-30T04:00:00+00:00,0.085840,3600
2023-04-30T05:00:00+00:00,0.082000,3600
2023-04-30T06:00:00+00:00,0.075000,3600
2023-04-30T07:00:00+00:00,0.050000,3600
2023-04-30T08:00:00+00:00,0.027700,3600
2023-04-30T09:00:00+00:00,-0.041110,3600
2023-04-30T10:00:00+00:00,-0.099600,3600
2023-04-30T11:00:00+00:00,-0.059000,3600
2023-04-30T12:00:00+00:00,-0.034900,3600
2023-04-30T13:00:00+00:00,0.000640,3600
2023-04-30T14:00:00+00:00,0.014000,3600
2023-04-30T15:00:00+00:00,0.070570,3600
2023-04-30T16:00:00+00:00,0.105960,3600
2023-04-30T17:00:00+00:00,0.119750,3600
2023-04-30T18:00:00+00:00,0.125010,3600
2023-04-30T19:00:00+00:00,0.122200,3600
2023-04-30T20:00:00+00:00,0.117120,3600
2023-04-30T21:00:00+00:00,0.108710,3600
2023-04-30T22:00:00+00:00,0.109900,3600
2023-04-30T23:00:00+00:00,0.099900,3600
2023-05-01T00:00:00+00:00,0.095490,3600
2023-05-01T01:00:00+00:00,0.092500,3600
2023-05-01T02:00:00+00:00,0.088500,3600
2023-05-01T03:00:00+00:00,0.088000,3600
2023-05-01T04:00:00+00:00,0.087700,3600
2023-05-01T05:00:00+00:00,0.098000,3600
2023-05-01T06:00:00+00:00,0.096180,3600
2023-05-01T07:00:00+00:00,0.101200,3600
2023-05-01T08:00:00+00:00,0.090690,3600
2023-05-01T09:00:00+00:00,0.067990,3600
2023-05-01T10:00:00+00:00,0.054630,3600
2023-05-01T11:00:00+00:00,0.034690,3600
2023-05-01T12:00:00+00:00,0.030000,3600
2023-05-01T13:00:00+00:00,0.041190,3600
2023-05-01T14:00:00+00:00,0.076250,3600
2023-05-01T15:00:00+00:00,0.089950,3600
2023-05-01T16:00:00+00:00,0.113860,3600
2023-05-01T17:00:00+00:00,0.123110,3600
2023-05-01T18:00:00+00:00,0.128220,3600
2023-05-01T19:00:00+00:00,0.121720,3600
2023-05-01T20:00:00+00:00,0.117900,3600
2023-05-01T21:00:00+00:00,0.111040,3600
2023-05-01T22:00:00+00:00,0.098480,3600
2023-05-01T23:00:00+00:00,0.085600,3600
2023-05-02T00:00:00+00:00,0.083300,3600
2023-05-02T01:00:00+00:00,0.080900,3600
2023-05-02T02:00:00+00:00,0.081220,3600
2023-05-02T03:00:00+00:00,0.090390,3600
2023-05-02T04:00:00+00:00,0.111060,3600
2023-05-02T05:00:00+00:00,0.127420,3600
2023-05-02T06:00:00+00:00,0.135150,3600
2023-05-02T07:00:00+00:00,0.122990,3600
2023-05-02T08:00:00+00:00,0.115710,3600
2023-05-02T09:00:00+00:00,0.108960,3600
2023-05-02T10:00:00+00:00,0.098460,3600
2023-05-02T11:00:00+00:00,0.092760,3600
2023-05-02T12:00:00+00:00,0.086320,3600
2023-05-02T13:00:00+00:00,0.081970,3600
2023-05-02T14:00:00+00:00,0.087200,3600
2023-05-02T15:00:00+00:00,0.094430,3600
2023-05-02T16:00:00+00:00,0.117380,3600
2023-05-02T17:00:00+00:00,0.130000,3600
2023-05-02T18:00:00+00:00,0.142860,3600
2023-05-02T19:00:00+00:00,0.133690,3600
2023-05-02T20:00:00+00:00,0.124020,3600
2023-05-02T21:00:00+00:00,0.116130,3600
2023-05-02T22:00:00+00:00,0.107650,3600
2023-05-02T23:00:00+00:00,0.102630,3600
2023-05-03T00:00:00+00:00,0.100970,3600
2023-05-03T01:00:00+00:00,0.097800,3600
2023-05-03T02:00:00+00:00,0.097370,3600
2023-05-03T03:00:00+00:00,0.110090,3600
2023-05-03T04:00:00+00:00,0.123850,3600
2023-05-03T05:00:00+00:00,0.132460,3600
2023-05-03T06:00:00+00:00,0.125100,3600
2023-05-03T07:00:00+00:00,0.110100,3600
2023-05-03T08:00:00+00:00,0.091160,3600
2023-05-03T09:00:00+00:00,0.084160,3600
2023-05-03T10:00:00+00:00,0.077420,3600
2023-05-03T11:00:00+00:00,0.036000,3600
2023-05-03T12:00:00+00:00,0.024300,3600
2023-05-03T13:00:00+00:00,0.050000,3600
2023-05-03T14:00:00+00:00,0.081290,3600
2023-05-03T15:00:00+00:00,0.096920,3600
2023-05-03T16:00:00+00:00,0.104900,3600
2023-05-03T17:00:00+00:00,0.123100,3600
2023-05-03T18:00:00+00:00,0.147730,3600
2023-05-03T19:00:00+00:00,0.128900,3600
2023-05-03T20:00:00+00:00,0.116820,3600
2023-05-03T21:00:00+00:00,0.101590,3600
2023-05-03T22:00:00+00:00,0.099180,3600
2023-05-03T23:00:00+00:00,0.094350,3600
2023-05-04T00:00:00+00:00,0.093000,3600
2023-05-04T01:00:00+00:00,0.093780,3600
2023-05-04T02:00:00+00:00,0.094160,3600
2023-05-04T03:00:00+00:00,0.105330,3600
2023-05-04T04:00:00+00:00,0.109500,3600
2023-05-04T05:00:00+00:00,0.128980,3600
2023-05-04T06:00:00+00:00,0.119900,3600
2023-05-04T07:00:00+00:00,0.104420,3600
2023-05-04T08:00:00+00:00,0.090000,3600
2023-05-04T09:00:00+00:00,0.079600,3600
2023-05-04T10:00:00+00:00,0.070060,3600
2023-05-04T11:00:00+00:00,0.059720,3600
2023-05-04T12:00:00+00:00,0.056690,3600
2023-05-04T13:00:00+00:00,0.057000,3600
2023-05-04T14:00:00+00:00,0.078650,3600
2023-05-04T15:00:00+00:00,0.094290,3600
2023-05-04T16:00:00+00:00,0.111320,3600
2023-05-04T17:00:00+00:00,0.118530,3600
2023-05-04T18:00:00+00:00,0.120490,3600
2023-05-04T19:00:00+00:00,0.114740,3600
2023-05-04T20:00:00+00:00,0.105120,3600
2023-05-04T21:00:00+00:00,0.094360,3600
2023-05-04T22:00:00+00:00,0.091500,3600
2023-05-04T23:00:00+00:00,0.081800,3600
2023-05-05T00:00:00+00:00,0.078490,3600
2023-05-05T01:00:00+00:00,0.079510,3600
2023-05-05T02:00:00+00:00,0.078490,3600
2023-05-05T03:00:00+00:00,0.087520,3600
2023-05-05T04:00:00+00:00,0.101220,3600
2023-05-05T05:00:00+00:00,0.113750,3600
2023-05-05T06:00:00+00:00,0.109010,3600
2023-05-05T07:00:00+00:00,0.090800,3600
2023-05-05T08:00:00+00:00,0.084070,3600
2023-05-05T09:00:00+00:00,0.071700,3600
2023-05-05T10:00:00+00:00,0.072030,3600
2023-05-05T11:00:00+00:00,0.077360,3600
2023-05-05T12:00:00+00:00,0.078900,3600
2023-05-05T13:00:00+00:00,0.081080,3600
2023-05-05T14:00:00+00:00,0.091160,3600
2023-05-05T15:00:00+00:00,0.099870,3600
2023-05-05T16:00:00+00:00,0.112800,3600
2023-05-05T17:00:00+00:00,0.120540,3600
2023-05-05T18:00:00+00:00,0.128760,3600
2023-05-05T19:00:00+00:00,0.126310,3600
2023-05-05T20:00:00+00:00,0.115560,3600
2023-05-05T21:00:00+00:00,0.124050,3600
2023-05-05T22:00:00+00:00,0.106710,3600
2023-05-05T23:00:00+00:00,0.099620,3600
2023-05-06T00:00:00+00:00,0.095710,3600
2023-05-06T01:00:00+00:00,0.091700,3600
2023-05-06T02:00:00+00:00,0.089930,3600
2023-05-06T03:00:00+00:00,0.091700,3600
2023-05-06T04:00:00+00:00,0.097200,3600
2023-05-06T05:00:00+00:00,0.099020,3600
2023-05-06T06:00:00+00:00,0.095130,3600
2023-05-06T07:00:00+00:00,0.093280,3600
2023-05-06T08:00:00+00:00,0.082530,3600
2023-05-06T09:00:00+00:00,0.074420,3600
2023-05-06T10:00:00+00:00,0.070360,3600
2023-05-06T11:00:00+00:00,0.055690,3600
2023-05-06T12:00:00+00:00,0.050000,3600
2023-05-06T13:00:00+00:00,0.063160,3600
2023-05-06T14:00:00+00:00,0.074640,3600
2023-05-06T15:00:00+00:00,0.090300,3600
2023-05-06T16:00:00+00:00,0.102700,3600
2023-05-06T17:00:00+00:00,0.108050,3600
2023-05-06T18:00:00+00:00,0.115360,3600
2023-05-06T19:00:00+00:00,0.108710,3600
2023-05-06T20:00:00+00:00,0.103120,3600
2023-05-06T21:00:00+00:00,0.092380,3600
2023-05-06T22:00:00+00:00,0.123710,3600
2023-05-06T23:00:00+00:00,0.112000,3600
2023-05-07T00:00:00+00:00,0.107610,3600
2023-05-07T01:00:00+00:00,0.086270,3600
2023-05-07T02:00:00+00:00,0.085690,3600
2023-05-07T03:00:00+00:00,0.086850,3600
2023-05-07T04:00:00+00:00,0.090100,3600
2023-05-07T05:00:00+00:00,0.084100,3600
2023-05-07T06:00:00+00:00,0.080290,3600
2023-05-07T07:00:00+00:00,0.078820,3600
2023-05-07T08:00:00+00:00,0.067070,3600
2023-05-07T09:00:00+00:00,0.054360,3600
2023-05-07T10:00:00+00:00,0.052250,3600
2023-05-07T11:00:00+00:00,0.055000,3600
2023-05-07T12:00:00+00:00,0.045000,3600
2023-05-07T13:00:00+00:00,0.040000,3600
2023-05-07T14:00:00+00:00,0.060370,3600
2023-05-07T15:00:00+00:00,0.082340,3600
2023-05-07T16:00:00+00:00,0.098990,3600
2023-05-07T17:00:00+00:00,0.123940,3600
2023-05-07T18:00:00+00:00,0.110100,3600
2023-05-07T19:00:00+00:00,0.120000,3600
2023-05-07T20:00:00+00:00,0.123990,3600
2023-05-07T21:00:00+00:00,0.100000,3600
2023-05-07T22:00:00+00:00,0.118100,3600
2023-05-07T23:00:00+00:00,0.100000,3600
2023-05-08T00:00:00+00:00,0.095590,3600
2023-05-08T01:00:00+00:00,0.085990,3600
2023-05-08T02:00:00+00:00,0.084350,3600
2023-05-08T03:00:00+00:00,0.090910,3600
2023-05-08T04:00:00+00:00,0.103290,3600
2023-05-08T05:00:00+00:00,0.117870,3600
2023-05-08T06:00:00+00:00,0.110970,3600
2023-05-08T07:00:00+00:00,0.100010,3600
2023-05-08T08:00:00+00:00,0.092590,3600
2023-05-08T09:00:00+00:00,0.085850,3600
2023-05-08T10:00:00+00:00,0.080600,3600
2023-05-08T11:00:00+00:00,0.070100,3600
2023-05-08T12:00:00+00:00,0.070630,3600
2023-05-08T13:00:00+00:00,0.078000,3600
2023-05-08T14:00:00+00:00,0.084010,3600
2023-05-08T15:00:00+00:00,0.097050,3600
2023-05-08T16:00:00+00:00,0.109820,3600
2023-05-08T17:00:00+00:00,0.131910,3600
2023-05-08T18:00:00+00:00,0.129370,3600
2023-05-08T19:00:00+00:00,0.121990,3600
2023-05-08T20:00:00+00:00,0.119880,3600
2023-05-08T21:00:00+00:00,0.114000,3600
2023-05-08T22:00:00+00:00,0.095960,3600
2023-05-08T23:00:00+00:00,0.087520,3600
2023-05-09T00:00:00+00:00,0.084600,3600
2023-05-09T01:00:00+00:00,0.084170,3600
2023-05-09T02:00:00+00:00,0.085250,3600
2023-05-09T03:00:00+00:00,0.092450,3600
2023-05-09T04:00:00+00:00,0.111580,3600
2023-05-09T05:00:00+00:00,0.121000,3600
2023-05-09T06:00:00+00:00,0.117880,3600
2023-05-09T07:00:00+00:00,0.113130,3600
2023-05-09T08:00:00+00:00,0.119900,3600
2023-05-09T09:00:00+00:00,0.113340,3600
2023-05-09T10:00:00+00:00,0.131530,3600
2023-05-09T11:00:00+00:00,0.112800,3600
2023-05-09T12:00:00+00:00,0.097800,3600
2023-05-09T13:00:00+00:00,0.081700,3600
2023-05-09T14:00:00+00:00,0.084440,3600
2023-05-09T15:00:00+00:00,0.100060,3600
2023-05-09T16:00:00+00:00,0.116340,3600
2023-05-09T17:00:00+00:00,0.121550,3600
2023-05-09T18:00:00+00:00,0.119840,3600
2023-05-09T19:00:00+00:00,0.111000,3600
2023-05-09T20:00:00+00:00,0.104670,3600
2023-05-09T21:00:00+00:00,0.089930,3600
2023-05-09T22:00:00+00:00,0.094820,3600
2023-05-09T23:00:00+00:00,0.090060,3600
2023-05-10T00:00:00+00:00,0.088380,3600
2023-05-10T01:00:00+00:00,0.086190,3600
2023-05-10T02:00:00+00:00,0.087940,3600
2023-05-10T03:00:00+00:00,0.089590,3600
2023-05-10T04:00:00+00:00,0.106430,3600
2023-05-10T05:00:00+00:00,0.119530,3600
2023-05-10T06:00:00+00:00,0.133050,3600
2023-05-10T07:00:00+00:00,0.110240,3600
2023-05-10T08:00:00+00:00,0.105820,3600
2023-05-10T09:00:00+00:00,0.101060,3600
2023-05-10T10:00:00+00:00,0.097000,3600
2023-05-10T11:00:00+00:00,0.092950,3600
2023-05-10T12:00:00+00:00,0.091760,3600
2023-05-10T13:00:00+00:00,0.094860,3600
2023-05-10T14:00:00+00:00,0.104810,3600
2023-05-10T15:00:00+00:00,0.101200,3600
2023-05-10T16:00:00+00:00,0.120000,3600
2023-05-10T17:00:00+00:00,0.135730,3600
2023-05-10T18:00:00+00:00,0.147420,3600
2023-05-10T19:00:00+00:00,0.134150,3600
2023-05-10T20:00:00+00:00,0.117730,3600
2023-05-10T21:00:00+00:00,0.109900,3600
2023-05-10T22:00:00+00:00,0.100000,3600
2023-05-10T23:00:00+00:00,0.096940,3600
2023-05-11T00:00:00+00:00,0.096000,3600
2023-05-11T01:00:00+00:00,0.095880,3600
2023-05-11T02:00:00+00:00,0.093060,3600
2023-05-11T03:00:00+00:00,0.103180,3600
2023-05-11T04:00:00+00:00,0.110000,3600
2023-05-11T05:00:00+00:00,0.129900,3600
2023-05-11T06:00:00+00:00,0.148000,3600
2023-05-11T07:00:00+00:00,0.134050,3600
2023-05-11T08:00:00+00:00,0.113200,3600
2023-05-11T09:00:00+00:00,0.115030,3600
2023-05-11T10:00:00+00:00,0.104530,3600
2023-05-11T11:00:00+00:00,0.095370,3600
2023-05-11T12:00:00+00:00,0.095710,3600
2023-05-11T13:00:00+00:00,0.085200,3600
2023-05-11T14:00:00+00:00,0.076360,3600
2023-05-11T15:00:00+00:00,0.110320,3600
2023-05-11T16:00:00+00:00,0.123190,3600
2023-05-11T17:00:00+00:00,0.147000,3600
2023-05-11T18:00:00+00:00,0.132800,3600
2023-05-11T19:00:00+00:00,0.118400,3600
2023-05-11T20:00:00+00:00,0.113990,3600
2023-05-11T21:00:00+00:00,0.101660,3600
2023-05-11T22:00:00+00:00,0.098530,3600
2023-05-11T23:00:00+00:00,0.090550,3600
2023-05-12T00:00:00+00:00,0.089840,3600
2023-05-12T01:00:00+00:00,0.090000,3600
2023-05-12T02:00:00+00:00,0.090800,3600
2023-05-12T03:00:00+00:00,0.098680,3600
2023-05-12T04:00:00+00:00,0.108730,3600
2023-05-12T05:00:00+00:00,0.126960,3600
2023-05-12T06:00:00+00:00,0.137540,3600
2023-05-12T07:00:00+00:00,0.113300,3600
2023-05-12T08:00:00+00:00,0.101600,3600
2023-05-12T09:00:00+00:00,0.097580,3600
2023-05-12T10:00:00+00:00,0.074970,3600
2023-05-12T11:00:00+00:00,0.064100,3600
2023-05-12T12:00:00+00:00,0.062510,3600
2023-05-12T13:00:00+00:00,0.069550,3600
2023-05-12T14:00:00+00:00,0.080930,3600
2023-05-12T15:00:00+00:00,0.093690,3600
2023-05-12T16:00:00+00:00,0.106630,3600
2023-05-12T17:00:00+00:00,0.119620,3600
2023-05-12T18:00:00+00:00,0.122120,3600
2023-05-12T19:00:00+00:00,0.115800,3600
2023-05-12T20:00:00+00:00,0.101190,3600
2023-05-12T21:00:00+00:00,0.097820,3600
2023-05-12T22:00:00+00:00,0.104910,3600
2023-05-12T23:00:00+00:00,0.098290,3600
2023-05-13T00:00:00+00:00,0.094840,3600
2023-05-13T01:00:00+00:00,0.096140,3600
2023-05-13T02:00:00+00:00,0.096540,3600
2023-05-13T03:00:00+00:00,0.097830,3600
2023-05-13T04:00:00+00:00,0.094900,3600
2023-05-13T05:00:00+00:00,0.090790,3600
2023-05-13T06:00:00+00:00,0.094470,3600
2023-05-13T07:00:00+00:00,0.089080,3600
2023-05-13T08:00:00+00:00,0.065000,3600
2023-05-13T09:00:00+00:00,0.000000,3600
2023-05-13T10:00:00+00:00,-0.048990,3600
2023-05-13T11:00:00+00:00,-0.099930,3600
2023-05-13T12:00:00+00:00,-0.040000,3600
2023-05-13T13:00:00+00:00,-0.002260,3600
2023-05-13T14:00:00+00:00,0.027720,3600
2023-05-13T15:00:00+00:00,0.074530,3600
2023-05-13T16:00:00+00:00,0.083700,3600
2023-05-13T17:00:00+00:00,0.109430,3600
2023-05-13T18:00:00+00:00,0.118600,3600
2023-05-13T19:00:00+00:00,0.113480,3600
2023-05-13T20:00:00+00:00,0.109960,3600
2023-05-13T21:00:00+00:00,0.104970,3600
2023-05-13T22:00:00+00:00,0.102370,3600
2023-05-13T23:00:00+00:00,0.098180,3600
2023-05-14T00:00:00+00:00,0.094300,3600
2023-05-14T01:00:00+00:00,0.085370,3600
2023-05-14T02:00:00+00:00,0.086420,3600
2023-05-14T03:00:00+00:00,0.093220,3600
2023-05-14T04:00:00+00:00,0.081330,3600
2023-05-14T05:00:00+00:00,0.073870,3600
2023-05-14T06:00:00+00:00,0.075690,3600
2023-05-14T07:00:00+00:00,0.054900,3600
2023-05-14T08:00:00+00:00,0.025090,3600
2023-05-14T09:00:00+00:00,0.013890,3600
2023-05-14T10:00:00+00:00,0.009700,3600
2023-05-14T11:00:00+00:00,0.001850,3600
2023-05-14T12:00:00+00:00,0.000160,3600
2023-05-14T13:00:00+00:00,0.001780,3600
2023-05-14T14:00:00+00:00,0.028660,3600
2023-05-14T15:00:00+00:00,0.081000,3600
2023-05-14T16:00:00+00:00,0.101180,3600
2023-05-14T17:00:00+00:00,0.116000,3600
2023-05-14T18:00:00+00:00,0.126620,3600
2023-05-14T19:00:00+00:00,0.127990,3600
2023-05-14T20:00:00+00:00,0.119140,3600
2023-05-14T21:00:00+00:00,0.107580,3600
2023-05-14T22:00:00+00:00,0.117150,3600
2023-05-14T23:00:00+00:00,0.105750,3600
2023-05-15T00:00:00+00:00,0.101380,3600
2023-05-15T01:00:00+00:00,0.105250,3600
2023-05-15T02:00:00+00:00,0.104120,3600
2023-05-15T03:00:00+00:00,0.119920,3600
2023-05-15T04:00:00+00:00,0.109900,3600
2023-05-15T05:00:00+00:00,0.142860,3600
2023-05-15T06:00:00+00:00,0.139940,3600
2023-05-15T07:00:00+00:00,0.123700,3600
2023-05-15T08:00:00+00:00,0.100280,3600
2023-05-15T09:00:00+00:00,0.094040,3600
2023-05-15T10:00:00+00:00,0.089030,3600
2023-05-15T11:00:00+00:00,0.090210,3600
2023-05-15T12:00:00+00:00,0.088550,3600
2023-05-15T13:00:00+00:00,0.087660,3600
2023-05-15T14:00:00+00:00,0.087950,3600
2023-05-15T15:00:00+00:00,0.090100,3600
2023-05-15T16:00:00+00:00,0.090000,3600
2023-05-15T17:00:00+00:00,0.109930,3600
2023-05-15T18:00:00+00:00,0.129200,3600
2023-05-15T19:00:00+00:00,0.122320,3600
2023-05-15T20:00:00+00:00,0.109900,3600
2023-05-15T21:00:00+00:00,0.093890,3600
2023-05-15T22:00:00+00:00,0.078960,3600
2023-05-15T23:00:00+00:00,0.073100,3600
2023-05-16T00:00:00+00:00,0.070010,3600
2023-05-16T01:00:00+00:00,0.063560,3600
2023-05-16T02:00:00+00:00,0.065900,3600
2023-05-16T03:00:00+00:00,0.074160,3600
2023-05-16T04:00:00+00:00,0.098180,3600
2023-05-16T05:00:00+00:00,0.114970,3600
2023-05-16T06:00:00+00:00,0.119540,3600
2023-05-16T07:00:00+00:00,0.096200,3600
2023-05-16T08:00:00+00:00,0.081900,3600
2023-05-16T09:00:00+00:00,0.070770,3600
2023-05-16T10:00:00+00:00,0.040660,3600
2023-05-16T11:00:00+00:00,0.039070,3600
2023-05-16T12:00:00+00:00,0.014940,3600
2023-05-16T13:00:00+00:00,0.011050,3600
2023-05-16T14:00:00+00:00,0.042780,3600
2023-05-16T15:00:00+00:00,0.072460,3600
2023-05-16T16:00:00+00:00,0.087190,3600
2023-05-16T17:00:00+00:00,0.104910,3600
2023-05-16T18:00:00+00:00,0.117640,3600
2023-05-16T19:00:00+00:00,0.120050,3600
2023-05-16T20:00:00+00:00,0.113000,3600
2023-05-16T21:00:00+00:00,0.097230,3600
2023-05-16T22:00:00+00:00,0.094900,3600
2023-05-16T23:00:00+00:00,0.083600,3600
2023-05-17T00:00:00+00:00,0.078780,3600
2023-05-17T01:00:00+00:00,0.070000,3600
2023-05-17T02:00:00+00:00,0.072520,3600
2023-05-17T03:00:00+00:00,0.079830,3600
2023-05-17T04:00:00+00:00,0.105190,3600
2023-05-17T05:00:00+00:00,0.113370,3600
2023-05-17T06:00:00+00:00,0.105550,3600
2023-05-17T07:00:00+00:00,0.083050,3600
2023-05-17T08:00:00+00:00,0.072330,3600
2023-05-17T09:00:00+00:00,0.040000,3600
2023-05-17T10:00:00+00:00,0.000000,3600
2023-05-17T11:00:00+00:00,0.000000,3600
2023-05-17T12:00:00+00:00,-0.003910,3600
2023-05-17T13:00:00+00:00,0.006010,3600
2023-05-17T14:00:00+00:00,0.034670,3600
2023-05-17T15:00:00+00:00,0.079090,3600
2023-05-17T16:00:00+00:00,0.101590,3600
2023-05-17T17:00:00+00:00,0.109900,3600
2023-05-17T18:00:00+00:00,0.132910,3600
2023-05-17T19:00:00+00:00,0.128150,3600
2023-05-17T20:00:00+00:00,0.111000,3600
2023-05-17T21:00:00+00:00,0.102490,3600
2023-05-17T22:00:00+00:00,0.100590,3600
2023-05-17T23:00:00+00:00,0.094900,3600
2023-05-18T00:00:00+00:00,0.089240,3600
2023-05-18T01:00:00+00:00,0.088920,3600
2023-05-18T02:00:00+00:00,0.094380,3600
2023-05-18T03:00:00+00:00,0.098400,3600
2023-05-18T04:00:00+00:00,0.098380,3600
2023-05-18T05:00:00+00:00,0.094900,3600
2023-05-18T06:00:00+00:00,0.090480,3600
2023-05-18T07:00:00+00:00,0.081450,3600
2023-05-18T08:00:00+00:00,0.072640,3600
2023-05-18T09:00:00+00:00,0.065030,3600
2023-05-18T10:00:00+00:00,0.062870,3600
2023-05-18T11:00:00+00:00,0.043520,3600
2023-05-18T12:00:00+00:00,0.029410,3600
2023-05-18T13:00:00+00:00,0.043080,3600
2023-05-18T14:00:00+00:00,0.071560,3600
2023-05-18T15:00:00+00:00,0.084550,3600
2023-05-18T16:00:00+00:00,0.102660,3600
2023-05-18T17:00:00+00:00,0.115440,3600
2023-05-18T18:00:00+00:00,0.125810,3600
2023-05-18T19:00:00+00:00,0.116890,3600
2023-05-18T20:00:00+00:00,0.109610,3600
2023-05-18T21:00:00+00:00,0.098760,3600
2023-05-18T22:00:00+00:00,0.093020,3600
2023-05-18T23:00:00+00:00,0.083200,3600
2023-05-19T00:00:00+00:00,0.080230,3600
2023-05-19T01:00:00+00:00,0.077030,3600
2023-05-19T02:00:00+00:00,0.083200,3600
2023-05-19T03:00:00+00:00,0.097920,3600
2023-05-19T04:00:00+00:00,0.107750,3600
2023-05-19T05:00:00+00:00,0.109320,3600
2023-05-19T06:00:00+00:00,0.106000,3600
2023-05-19T07:00:00+00:00,0.093290,3600
2023-05-19T08:00:00+00:00,0.069430,3600
2023-05-19T09:00:00+00:00,0.059200,3600
2023-05-19T10:00:00+00:00,0.057170,3600
2023-05-19T11:00:00+00:00,0.057790,3600
2023-05-19T12:00:00+00:00,0.057930,3600
2023-05-19T13:00:00+00:00,0.063620,3600
2023-05-19T14:00:00+00:00,0.070120,3600
2023-05-19T15:00:00+00:00,0.085300,3600
2023-05-19T16:00:00+00:00,0.100950,3600
2023-05-19T17:00:00+00:00,0.114210,3600
2023-05-19T18:00:00+00:00,0.114510,3600
2023-05-19T19:00:00+00:00,0.104220,3600
2023-05-19T20:00:00+00:00,0.099790,3600
2023-05-19T21:00:00+00:00,0.085780,3600
2023-05-19T22:00:00+00:00,0.078740,3600
2023-05-19T23:00:00+00:00,0.074000,3600
2023-05-20T00:00:00+00:00,0.068070,3600
2023-05-20T01:00:00+00:00,0.065330,3600
2023-05-20T02:00:00+00:00,0.064650,3600
2023-05-20T03:00:00+00:00,0.064900,3600
2023-05-20T04:00:00+00:00,0.062080,3600
2023-05-20T05:00:00+00:00,0.062460,3600
2023-05-20T06:00:00+00:00,0.059760,3600
2023-05-20T07:00:00+00:00,0.040040,3600
2023-05-20T08:00:00+00:00,0.001940,3600
2023-05-20T09:00:00+00:00,-0.003910,3600
2023-05-20T10:00:00+00:00,-0.012830,3600
2023-05-20T11:00:00+00:00,-0.009440,3600
2023-05-20T12:00:00+00:00,-0.000170,3600
2023-05-20T13:00:00+00:00,0.000000,3600
2023-05-20T14:00:00+00:00,0.001320,3600
2023-05-20T15:00:00+00:00,0.025940,3600
2023-05-20T16:00:00+00:00,0.053680,3600
2023-05-20T17:00:00+00:00,0.078440,3600
2023-05-20T18:00:00+00:00,0.087690,3600
2023-05-20T19:00:00+00:00,0.081060,3600
2023-05-20T20:00:00+00:00,0.078600,3600
2023-05-20T21:00:00+00:00,0.073020,3600
2023-05-20T22:00:00+00:00,0.052200,3600
2023-05-20T23:00:00+00:00,0.040040,3600
2023-05-21T00:00:00+00:00,0.033880,3600
2023-05-21T01:00:00+00:00,0.028770,3600
2023-05-21T02:00:00+00:00,0.029960,3600
2023-05-21T03:00:00+00:00,0.028250,3600
2023-05-21T04:00:00+00:00,0.030790,3600
2023-05-21T05:00:00+00:00,0.027550,3600
2023-05-21T06:00:00+00:00,0.020000,3600
2023-05-21T07:00:00+00:00,0.002140,3600
2023-05-21T08:00:00+00:00,0.000000,3600
2023-05-21T09:00:00+00:00,-0.003900,3600
2023-05-21T10:00:00+00:00,-0.076000,3600
2023-05-21T11:00:00+00:00,-0.050000,3600
2023-05-21T12:00:00+00:00,-0.058320,3600
2023-05-21T13:00:00+00:00,-0.025670,3600
2023-05-21T14:00:00+00:00,-0.000410,3600
2023-05-21T15:00:00+00:00,0.002220,3600
2023-05-21T16:00:00+00:00,0.041340,3600
2023-05-21T17:00:00+00:00,0.085490,3600
2023-05-21T18:00:00+00:00,0.090870,3600
2023-05-21T19:00:00+00:00,0.091000,3600
2023-05-21T20:00:00+00:00,0.089940,3600
2023-05-21T21:00:00+00:00,0.083500,3600
2023-05-21T22:00:00+00:00,0.088290,3600
2023-05-21T23:00:00+00:00,0.080060,3600
2023-05-22T00:00:00+00:00,0.078310,3600
2023-05-22T01:00:00+00:00,0.077800,3600
2023-05-22T02:00:00+00:00,0.081000,3600
2023-05-22T03:00:00+00:00,0.097880,3600
2023-05-22T04:00:00+00:00,0.110260,3600
2023-05-22T05:00:00+00:00,0.118310,3600
2023-05-22T06:00:00+00:00,0.113420,3600
2023-05-22T07:00:00+00:00,0.102310,3600
2023-05-22T08:00:00+00:00,0.086970,3600
2023-05-22T09:00:00+00:00,0.074240,3600
2023-05-22T10:00:00+00:00,0.057330,3600
2023-05-22T11:00:00+00:00,0.055970,3600
2023-05-22T12:00:00+00:00,0.067600,3600
2023-05-22T13:00:00+00:00,0.068250,3600
2023-05-22T14:00:00+00:00,0.070800,3600
2023-05-22T15:00:00+00:00,0.078700,3600
2023-05-22T16:00:00+00:00,0.090000,3600
2023-05-22T17:00:00+00:00,0.105420,3600
2023-05-22T18:00:00+00:00,0.119000,3600
2023-05-22T19:00:00+00:00,0.112800,3600
2023-05-22T20:00:00+00:00,0.104240,3600
2023-05-22T21:00:00+00:00,0.084480,3600
2023-05-22T22:00:00+00:00,0.091140,3600
2023-05-22T23:00:00+00:00,0.077660,3600
2023-05-23T00:00:00+00:00,0.076020,3600
2023-05-23T01:00:00+00:00,0.068320,3600
2023-05-23T02:00:00+00:00,0.066970,3600
2023-05-23T03:00:00+00:00,0.075780,3600
2023-05-23T04:00:00+00:00,0.097500,3600
2023-05-23T05:00:00+00:00,0.104140,3600
2023-05-23T06:00:00+00:00,0.101000,3600
2023-05-23T07:00:00+00:00,0.090000,3600
2023-05-23T08:00:00+00:00,0.061600,3600
2023-05-23T09:00:00+00:00,0.025000,3600
2023-05-23T10:00:00+00:00,0.007100,3600
2023-05-23T11:00:00+00:00,-0.010040,3600
2023-05-23T12:00:00+00:00,-0.020000,3600
2023-05-23T13:00:00+00:00,-0.015080,3600
2023-05-23T14:00:00+00:00,-0.010000,3600
2023-05-23T15:00:00+00:00,0.056540,3600
2023-05-23T16:00:00+00:00,0.071800,3600
2023-05-23T17:00:00+00:00,0.095880,3600
2023-05-23T18:00:00+00:00,0.101580,3600
2023-05-23T19:00:00+00:00,0.103200,3600
2023-05-23T20:00:00+00:00,0.100210,3600
2023-05-23T21:00:00+00:00,0.093780,3600
2023-05-23T22:00:00+00:00,0.083000,3600
2023-05-23T23:00:00+00:00,0.076090,3600
2023-05-24T00:00:00+00:00,0.075130,3600
2023-05-24T01:00:00+00:00,0.076020,3600
2023-05-24T02:00:00+00:00,0.076440,3600
2023-05-24T03:00:00+00:00,0.085530,3600
2023-05-24T04:00:00+00:00,0.105580,3600
2023-05-24T05:00:00+00:00,0.121470,3600
2023-05-24T06:00:00+00:00,0.109660,3600
2023-05-24T07:00:00+00:00,0.097700,3600
2023-05-24T08:00:00+00:00,0.085920,3600
2023-05-24T09:00:00+00:00,0.081000,3600
2023-05-24T10:00:00+00:00,0.080580,3600
2023-05-24T11:00:00+00:00,0.071080,3600
2023-05-24T12:00:00+00:00,0.075210,3600
2023-05-24T13:00:00+00:00,0.067600,3600
2023-05-24T14:00:00+00:00,0.080000,3600
2023-05-24T15:00:00+00:00,0.078970,3600
2023-05-24T16:00:00+00:00,0.109970,3600
2023-05-24T17:00:00+00:00,0.136000,3600
2023-05-24T18:00:00+00:00,0.142000,3600
2023-05-24T19:00:00+00:00,0.148400,3600
2023-05-24T20:00:00+00:00,0.114640,3600
2023-05-24T21:00:00+00:00,0.102960,3600
2023-05-24T22:00:00+00:00,0.102100,3600
2023-05-24T23:00:00+00:00,0.089780,3600
2023-05-25T00:00:00+00:00,0.082000,3600
2023-05-25T01:00:00+00:00,0.087270,3600
2023-05-25T02:00:00+00:00,0.076800,3600
2023-05-25T03:00:00+00:00,0.080100,3600
2023-05-25T04:00:00+00:00,0.101200,3600
2023-05-25T05:00:00+00:00,0.119490,3600
2023-05-25T06:00:00+00:00,0.104000,3600
2023-05-25T07:00:00+00:00,0.083350,3600
2023-05-25T08:00:00+00:00,0.070850,3600
2023-05-25T09:00:00+00:00,0.045000,3600
2023-05-25T10:00:00+00:00,0.032760,3600
2023-05-25T11:00:00+00:00,0.013000,3600
2023-05-25T12:00:00+00:00,-0.003910,3600
2023-05-25T13:00:00+00:00,-0.000130,3600
2023-05-25T14:00:00+00:00,-0.003900,3600
2023-05-25T15:00:00+00:00,0.054900,3600
2023-05-25T16:00:00+00:00,0.084920,3600
2023-05-25T17:00:00+00:00,0.107110,3600
2023-05-25T18:00:00+00:00,0.121710,3600
2023-05-25T19:00:00+00:00,0.107130,3600
2023-05-25T20:00:00+00:00,0.100470,3600
2023-05-25T21:00:00+00:00,0.090940,3600
2023-05-25T22:00:00+00:00,0.088110,3600
2023-05-25T23:00:00+00:00,0.076400,3600
2023-05-26T00:00:00+00:00,0.074530,3600
2023-05-26T01:00:00+00:00,0.074000,3600
2023-05-26T02:00:00+00:00,0.077690,3600
2023-05-26T03:00:00+00:00,0.087440,3600
2023-05-26T04:00:00+00:00,0.102420,3600
2023-05-26T05:00:00+00:00,0.103060,3600
2023-05-26T06:00:00+00:00,0.095000,3600
2023-05-26T07:00:00+00:00,0.074900,3600
2023-05-26T08:00:00+00:00,0.038540,3600
2023-05-26T09:00:00+00:00,0.004020,3600
2023-05-26T10:00:00+00:00,-0.003910,3600
2023-05-26T11:00:00+00:00,-0.025340,3600
2023-05-26T12:00:00+00:00,-0.019900,3600
2023-05-26T13:00:00+00:00,-0.010010,3600
2023-05-26T14:00:00+00:00,-0.003900,3600
2023-05-26T15:00:00+00:00,0.044900,3600
2023-05-26T16:00:00+00:00,0.080900,3600
2023-05-26T17:00:00+00:00,0.080490,3600
2023-05-26T18:00:00+00:00,0.113980,3600
2023-05-26T19:00:00+00:00,0.109460,3600
2023-05-26T20:00:00+00:00,0.099500,3600
2023-05-26T21:00:00+00:00,0.092500,3600
2023-05-26T22:00:00+00:00,0.089720,3600
2023-05-26T23:00:00+00:00,0.083510,3600
2023-05-27T00:00:00+00:00,0.084730,3600
2023-05-27T01:00:00+00:00,0.086000,3600
2023-05-27T02:00:00+00:00,0.089820,3600
2023-05-27T03:00:00+00:00,0.088620,3600
2023-05-27T04:00:00+00:00,0.082700,3600
2023-05-27T05:00:00+00:00,0.082990,3600
2023-05-27T06:00:00+00:00,0.072610,3600
2023-05-27T07:00:00+00:00,0.055060,3600
2023-05-27T08:00:00+00:00,0.016370,3600
2023-05-27T09:00:00+00:00,0.001450,3600
2023-05-27T10:00:00+00:00,0.000000,3600
2023-05-27T11:00:00+00:00,-0.013160,3600
2023-05-27T12:00:00+00:00,-0.026360,3600
2023-05-27T13:00:00+00:00,-0.200000,3600
2023-05-27T14:00:00+00:00,0.002260,3600
2023-05-27T15:00:00+00:00,0.055080,3600
2023-05-27T16:00:00+00:00,0.084850,3600
2023-05-27T17:00:00+00:00,0.090670,3600
2023-05-27T18:00:00+00:00,0.104970,3600
2023-05-27T19:00:00+00:00,0.112450,3600
2023-05-27T20:00:00+00:00,0.099960,3600
2023-05-27T21:00:00+00:00,0.094710,3600
2023-05-27T22:00:00+00:00,0.087090,3600
2023-05-27T23:00:00+00:00,0.084000,3600
2023-05-28T00:00:00+00:00,0.081920,3600
2023-05-28T01:00:00+00:00,0.077870,3600
2023-05-28T02:00:00+00:00,0.077860,3600
2023-05-28T03:00:00+00:00,0.076470,3600
2023-05-28T04:00:00+00:00,0.071820,3600
2023-05-28T05:00:00+00:00,0.064970,3600
2023-05-28T06:00:00+00:00,0.037700,3600
2023-05-28T07:00:00+00:00,0.000000,3600
2023-05-28T08:00:00+00:00,-0.004890,3600
2023-05-28T09:00:00+00:00,-0.027870,3600
2023-05-28T10:00:00+00:00,-0.101600,3600
2023-05-28T11:00:00+00:00,-0.235960,3600
2023-05-28T12:00:00+00:00,-0.400000,3600
2023-05-28T13:00:00+00:00,-0.162550,3600
2023-05-28T14:00:00+00:00,-0.023510,3600
2023-05-28T15:00:00+00:00,-0.000060,3600
2023-05-28T16:00:00+00:00,0.050000,3600
2023-05-28T17:00:00+00:00,0.072900,3600
2023-05-28T18:00:00+00:00,0.080290,3600
2023-05-28T19:00:00+00:00,0.078010,3600
2023-05-28T20:00:00+00:00,0.073890,3600
2023-05-28T21:00:00+00:00,0.069500,3600
2023-05-28T22:00:00+00:00,0.059230,3600
2023-05-28T23:00:00+00:00,0.053900,3600
2023-05-29T00:00:00+00:00,0.051820,3600
2023-05-29T01:00:00+00:00,0.048190,3600
2023-05-29T02:00:00+00:00,0.053400,3600
2023-05-29T03:00:00+00:00,0.062040,3600
2023-05-29T04:00:00+00:00,0.066300,3600
2023-05-29T05:00:00+00:00,0.058710,3600
2023-05-29T06:00:00+00:00,0.029920,3600
2023-05-29T07:00:00+00:00,0.000000,3600
2023-05-29T08:00:00+00:00,-0.002110,3600
2023-05-29T09:00:00+00:00,-0.040000,3600
2023-05-29T10:00:00+00:00,-0.097120,3600
2023-05-29T11:00:00+00:00,-0.161700,3600
2023-05-29T12:00:00+00:00,-0.185860,3600
2023-05-29T13:00:00+00:00,-0.110000,3600
2023-05-29T14:00:00+00:00,-0.019970,3600
2023-05-29T15:00:00+00:00,-0.009790,3600
2023-05-29T16:00:00+00:00,0.017260,3600
2023-05-29T17:00:00+00:00,0.072510,3600
2023-05-29T18:00:00+00:00,0.084410,3600
2023-05-29T19:00:00+00:00,0.085590,3600
2023-05-29T20:00:00+00:00,0.080650,3600
2023-05-29T21:00:00+00:00,0.074200,3600
2023-05-29T22:00:00+00:00,0.075020,3600
2023-05-29T23:00:00+00:00,0.071050,3600
2023-05-30T00:00:00+00:00,0.068900,3600
2023-05-30T01:00:00+00:00,0.068290,3600
2023-05-30T02:00:00+00:00,0.074100,3600
2023-05-30T03:00:00+00:00,0.084140,3600
2023-05-30T04:00:00+00:00,0.095190,3600
2023-05-30T05:00:00+00:00,0.115670,3600
2023-05-30T06:00:00+00:00,0.108640,3600
2023-05-30T07:00:00+00:00,0.090060,3600
2023-05-30T08:00:00+00:00,0.082370,3600
2023-05-30T09:00:00+00:00,0.070300,3600
2023-05-30T10:00:00+00:00,0.064700,3600
2023-05-30T11:00:00+00:00,0.057580,3600
2023-05-30T12:00:00+00:00,0.056570,3600
2023-05-30T13:00:00+00:00,0.061430,3600
2023-05-30T14:00:00+00:00,0.069290,3600
2023-05-30T15:00:00+00:00,0.087350,3600
2023-05-30T16:00:00+00:00,0.089350,3600
2023-05-30T17:00:00+00:00,0.122660,3600
2023-05-30T18:00:00+00:00,0.132100,3600
2023-05-30T19:00:00+00:00,0.094550,3600
2023-05-30T20:00:00+00:00,0.097170,3600
2023-05-30T21:00:00+00:00,0.089650,3600
2023-05-30T22:00:00+00:00,0.085920,3600
2023-05-30T23:00:00+00:00,0.081360,3600
2023-05-31T00:00:00+00:00,0.074200,3600
2023-05-31T01:00:00+00:00,0.078090,3600
2023-05-31T02:00:00+00:00,0.082240,3600
2023-05-31T03:00:00+00:00,0.088920,3600
2023-05-31T04:00:00+00:00,0.083980,3600
2023-05-31T05:00:00+00:00,0.105500,3600
2023-05-31T06:00:00+00:00,0.075030,3600
2023-05-31T07:00:00+00:00,0.086410,3600
2023-05-31T08:00:00+00:00,0.066920,3600
2023-05-31T09:00:00+00:00,0.046500,3600
2023-05-31T10:00:00+00:00,0.005480,3600
2023-05-31T11:00:00+00:00,-0.003890,3600
2023-05-31T12:00:00+00:00,-0.001270,3600
2023-05-31T13:00:00+00:00,-0.000770,3600
2023-05-31T14:00:00+00:00,0.020200,3600
2023-05-31T15:00:00+00:00,0.051870,3600
2023-05-31T16:00:00+00:00,0.074900,3600
2023-05-31T17:00:00+00:00,0.087000,3600
2023-05-31T18:00:00+00:00,0.105500,3600
2023-05-31T19:00:00+00:00,0.103080,3600
2023-05-31T20:00:00+00:00,0.094290,3600
2023-05-31T21:00:00+00:00,0.081900,3600
2023-05-31T22:00:00+00:00,0.084150,3600
2023-05-31T23:00:00+00:00,0.074300,3600
2023-06-01T00:00:00+00:00,0.070100,3600
2023-06-01T01:00:00+00:00,0.066510,3600
2023-06-01T02:00:00+00:00,0.067660,3600
2023-06-01T03:00:00+00:00,0.079800,3600
2023-06-01T04:00:00+00:00,0.095890,3600
2023-06-01T05:00:00+00:00,0.104450,3600
2023-06-01T06:00:00+00:00,0.099070,3600
2023-06-01T07:00:00+00:00,0.087300,3600
2023-06-01T08:00:00+00:00,0.068190,3600
2023-06-01T09:00:00+00:00,0.059920,3600
2023-06-01T10:00:00+00:00,0.035400,3600
2023-06-01T11:00:00+00:00,0.009340,3600
2023-06-01T12:00:00+00:00,0.002970,3600
2023-06-01T13:00:00+00:00,0.000100,3600
2023-06-01T14:00:00+00:00,0.055600,3600
2023-06-01T15:00:00+00:00,0.071990,3600
2023-06-01T16:00:00+00:00,0.076100,3600
2023-06-01T17:00:00+00:00,0.087940,3600
2023-06-01T18:00:00+00:00,0.114200,3600
2023-06-01T19:00:00+00:00,0.103430,3600
2023-06-01T20:00:00+00:00,0.095410,3600
2023-06-01T21:00:00+00:00,0.086530,3600
2023-06-01T22:00:00+00:00,0.083590,3600
2023-06-01T23:00:00+00:00,0.079400,3600
2023-06-02T00:00:00+00:00,0.079500,3600
2023-06-02T01:00:00+00:00,0.076620,3600
2023-06-02T02:00:00+00:00,0.080100,3600
2023-06-02T03:00:00+00:00,0.088740,3600
2023-06-02T04:00:00+00:00,0.101500,3600
2023-06-02T05:00:00+00:00,0.103340,3600
2023-06-02T06:00:00+00:00,0.095900,3600
2023-06-02T07:00:00+00:00,0.084370,3600
2023-06-02T08:00:00+00:00,0.072090,3600
2023-06-02T09:00:00+00:00,0.063150,3600
2023-06-02T10:00:00+00:00,0.056060,3600
2023-06-02T11:00:00+00:00,0.042610,3600
2023-06-02T12:00:00+00:00,0.036820,3600
2023-06-02T13:00:00+00:00,0.044900,3600
2023-06-02T14:00:00+00:00,0.058270,3600
2023-06-02T15:00:00+00:00,0.076620,3600
2023-06-02T16:00:00+00:00,0.085200,3600
2023-06-02T17:00:00+00:00,0.098700,3600
2023-06-02T18:00:00+00:00,0.107740,3600
2023-06-02T19:00:00+00:00,0.101090,3600
2023-06-02T20:00:00+00:00,0.092560,3600
2023-06-02T21:00:00+00:00,0.085060,3600
2023-06-02T22:00:00+00:00,0.084950,3600
2023-06-02T23:00:00+00:00,0.080300,3600
2023-06-03T00:00:00+00:00,0.077790,3600
2023-06-03T01:00:00+00:00,0.075200,3600
2023-06-03T02:00:00+00:00,0.080350,3600
2023-06-03T03:00:00+00:00,0.078510,3600
2023-06-03T04:00:00+00:00,0.077640,3600
2023-06-03T05:00:00+00:00,0.073630,3600
2023-06-03T06:00:00+00:00,0.070000,3600
2023-06-03T07:00:00+00:00,0.059970,3600
2023-06-03T08:00:00+00:00,0.027360,3600
2023-06-03T09:00:00+00:00,0.005000,3600
2023-06-03T10:00:00+00:00,-0.000010,3600
2023-06-03T11:00:00+00:00,-0.010000,3600
2023-06-03T12:00:00+00:00,-0.010050,3600
2023-06-03T13:00:00+00:00,-0.003800,3600
2023-06-03T14:00:00+00:00,0.000010,3600
2023-06-03T15:00:00+00:00,0.045660,3600
2023-06-03T16:00:00+00:00,0.075000,3600
2023-06-03T17:00:00+00:00,0.083480,3600
2023-06-03T18:00:00+00:00,0.094080,3600
2023-06-03T19:00:00+00:00,0.093680,3600
2023-06-03T20:00:00+00:00,0.087230,3600
2023-06-03T21:00:00+00:00,0.081170,3600
2023-06-03T22:00:00+00:00,0.081120,3600
2023-06-03T23:00:00+00:00,0.074900,3600
2023-06-04T00:00:00+00:00,0.072510,3600
2023-06-04T01:00:00+00:00,0.071610,3600
2023-06-04T02:00:00+00:00,0.073000,3600
2023-06-04T03:00:00+00:00,0.072110,3600
2023-06-04T04:00:00+00:00,0.068970,3600
2023-06-04T05:00:00+00:00,0.064770,3600
2023-06-04T06:00:00+00:00,0.050810,3600
2023-06-04T07:00:00+00:00,0.021930,3600
2023-06-04T08:00:00+00:00,0.005110,3600
2023-06-04T09:00:00+00:00,0.000000,3600
2023-06-04T10:00:00+00:00,-0.014430,3600
2023-06-04T11:00:00+00:00,-0.081540,3600
2023-06-04T12:00:00+00:00,-0.040230,3600
2023-06-04T13:00:00+00:00,-0.025000,3600
2023-06-04T14:00:00+00:00,0.000000,3600
2023-06-04T15:00:00+00:00,0.034500,3600
2023-06-04T16:00:00+00:00,0.078210,3600
2023-06-04T17:00:00+00:00,0.082000,3600
2023-06-04T18:00:00+00:00,0.094000,3600
2023-06-04T19:00:00+00:00,0.100000,3600
2023-06-04T20:00:00+00:00,0.097660,3600
2023-06-04T21:00:00+00:00,0.086980,3600
2023-06-04T22:00:00+00:00,0.078710,3600
2023-06-04T23:00:00+00:00,0.071100,3600
2023-06-05T00:00:00+00:00,0.070070,3600
2023-06-05T01:00:00+00:00,0.071030,3600
2023-06-05T02:00:00+00:00,0.074070,3600
2023-06-05T03:00:00+00:00,0.077000,3600
2023-06-05T04:00:00+00:00,0.084900,3600
2023-06-05T05:00:00+00:00,0.097910,3600
2023-06-05T06:00:00+00:00,0.099950,3600
2023-06-05T07:00:00+00:00,0.083550,3600
2023-06-05T08:00:00+00:00,0.075000,3600
2023-06-05T09:00:00+00:00,0.070080,3600
2023-06-05T10:00:00+00:00,0.068350,3600
2023-06-05T11:00:00+00:00,0.061750,3600
2023-06-05T12:00:00+00:00,0.062000,3600
2023-06-05T13:00:00+00:00,0.064000,3600
2023-06-05T14:00:00+00:00,0.065300,3600
2023-06-05T15:00:00+00:00,0.081710,3600
2023-06-05T16:00:00+00:00,0.076120,3600
2023-06-05T17:00:00+00:00,0.084900,3600
2023-06-05T18:00:00+00:00,0.119000,3600
2023-06-05T19:00:00+00:00,0.120500,3600
2023-06-05T20:00:00+00:00,0.101020,3600
2023-06-05T21:00:00+00:00,0.088000,3600
2023-06-05T22:00:00+00:00,0.080230,3600
2023-06-05T23:00:00+00:00,0.079120,3600
2023-06-06T00:00:00+00:00,0.078620,3600
2023-06-06T01:00:00+00:00,0.081000,3600
2023-06-06T02:00:00+00:00,0.065000,3600
2023-06-06T03:00:00+00:00,0.079340,3600
2023-06-06T04:00:00+00:00,0.072600,3600
2023-06-06T05:00:00+00:00,0.108700,3600
2023-06-06T06:00:00+00:00,0.111800,3600
2023-06-06T07:00:00+00:00,0.094900,3600
2023-06-06T08:00:00+00:00,0.084380,3600
2023-06-06T09:00:00+00:00,0.082050,3600
2023-06-06T10:00:00+00:00,0.074360,3600
2023-06-06T11:00:00+00:00,0.043100,3600
2023-06-06T12:00:00+00:00,0.064570,3600
2023-06-06T13:00:00+00:00,0.049870,3600
2023-06-06T14:00:00+00:00,0.061840,3600
2023-06-06T15:00:00+00:00,0.079830,3600
2023-06-06T16:00:00+00:00,0.091970,3600
2023-06-06T17:00:00+00:00,0.078240,3600
2023-06-06T18:00:00+00:00,0.084900,3600
2023-06-06T19:00:00+00:00,0.114410,3600
2023-06-06T20:00:00+00:00,0.098970,3600
2023-06-06T21:00:00+00:00,0.089990,3600
2023-06-06T22:00:00+00:00,0.089660,3600
2023-06-06T23:00:00+00:00,0.078360,3600
2023-06-07T00:00:00+00:00,0.072400,3600
2023-06-07T01:00:00+00:00,0.088760,3600
2023-06-07T02:00:00+00:00,0.079860,3600
2023-06-07T03:00:00+00:00,0.080190,3600
2023-06-07T04:00:00+00:00,0.076000,3600
2023-06-07T05:00:00+00:00,0.097200,3600
2023-06-07T06:00:00+00:00,0.111250,3600
2023-06-07T07:00:00+00:00,0.094220,3600
2023-06-07T08:00:00+00:00,0.091600,3600
2023-06-07T09:00:00+00:00,0.085690,3600
2023-06-07T10:00:00+00:00,0.079950,3600
2023-06-07T11:00:00+00:00,0.070300,3600
2023-06-07T12:00:00+00:00,0.073200,3600
2023-06-07T13:00:00+00:00,0.072260,3600
2023-06-07T14:00:00+00:00,0.078800,3600
2023-06-07T15:00:00+00:00,0.075700,3600
2023-06-07T16:00:00+00:00,0.097000,3600
2023-06-07T17:00:00+00:00,0.099930,3600
2023-06-07T18:00:00+00:00,0.117800,3600
2023-06-07T19:00:00+00:00,0.112300,3600
2023-06-07T20:00:00+00:00,0.104890,3600
2023-06-07T21:00:00+00:00,0.094900,3600
2023-06-07T22:00:00+00:00,0.093930,3600
2023-06-07T23:00:00+00:00,0.089260,3600
2023-06-08T00:00:00+00:00,0.082000,3600
2023-06-08T01:00:00+00:00,0.072920,3600
2023-06-08T02:00:00+00:00,0.070980,3600
2023-06-08T03:00:00+00:00,0.080940,3600
2023-06-08T04:00:00+00:00,0.083560,3600
2023-06-08T05:00:00+00:00,0.090900,3600
2023-06-08T06:00:00+00:00,0.091400,3600
2023-06-08T07:00:00+00:00,0.083770,3600
2023-06-08T08:00:00+00:00,0.074640,3600
2023-06-08T09:00:00+00:00,0.068500,3600
2023-06-08T10:00:00+00:00,0.064220,3600
2023-06-08T11:00:00+00:00,0.063300,3600
2023-06-08T12:00:00+00:00,0.064060,3600
2023-06-08T13:00:00+00:00,0.067930,3600
2023-06-08T14:00:00+00:00,0.071170,3600
2023-06-08T15:00:00+00:00,0.076100,3600
2023-06-08T16:00:00+00:00,0.085650,3600
2023-06-08T17:00:00+00:00,0.099940,3600
2023-06-08T18:00:00+00:00,0.113820,3600
2023-06-08T19:00:00+00:00,0.105020,3600
2023-06-08T20:00:00+00:00,0.096580,3600
2023-06-08T21:00:00+00:00,0.091000,3600
2023-06-08T22:00:00+00:00,0.095000,3600
2023-06-08T23:00:00+00:00,0.089700,3600
2023-06-09T00:00:00+00:00,0.079730,3600
2023-06-09T01:00:00+00:00,0.076000,3600
2023-06-09T02:00:00+00:00,0.076260,3600
2023-06-09T03:00:00+00:00,0.088660,3600
2023-06-09T04:00:00+00:00,0.099750,3600
2023-06-09T05:00:00+00:00,0.103970,3600
2023-06-09T06:00:00+00:00,0.103940,3600
2023-06-09T07:00:00+00:00,0.091390,3600
2023-06-09T08:00:00+00:00,0.082260,3600
2023-06-09T09:00:00+00:00,0.075430,3600
2023-06-09T10:00:00+00:00,0.070030,3600
2023-06-09T11:00:00+00:00,0.061110,3600
2023-06-09T12:00:00+00:00,0.064060,3600
2023-06-09T13:00:00+00:00,0.068390,3600
2023-06-09T14:00:00+00:00,0.072640,3600
2023-06-09T15:00:00+00:00,0.080630,3600
2023-06-09T16:00:00+00:00,0.095000,3600
2023-06-09T17:00:00+00:00,0.104120,3600
2023-06-09T18:00:00+00:00,0.106450,3600
2023-06-09T19:00:00+00:00,0.104120,3600
2023-06-09T20:00:00+00:00,0.097480,3600
2023-06-09T21:00:00+00:00,0.086000,3600
2023-06-09T22:00:00+00:00,0.089030,3600
2023-06-09T23:00:00+00:00,0.084100,3600
2023-06-10T00:00:00+00:00,0.084130,3600
2023-06-10T01:00:00+00:00,0.080320,3600
2023-06-10T02:00:00+00:00,0.077440,3600
2023-06-10T03:00:00+00:00,0.079870,3600
2023-06-10T04:00:00+00:00,0.079430,3600
2023-06-10T05:00:00+00:00,0.085000,3600
2023-06-10T06:00:00+00:00,0.081810,3600
2023-06-10T07:00:00+00:00,0.059710,3600
2023-06-10T08:00:00+00:00,0.010060,3600
2023-06-10T09:00:00+00:00,-0.010000,3600
2023-06-10T10:00:00+00:00,-0.022010,3600
2023-06-10T11:00:00+00:00,-0.056270,3600
2023-06-10T12:00:00+00:00,-0.050050,3600
2023-06-10T13:00:00+00:00,-0.017920,3600
2023-06-10T14:00:00+00:00,-0.003500,3600
2023-06-10T15:00:00+00:00,0.044500,3600
2023-06-10T16:00:00+00:00,0.074970,3600
2023-06-10T17:00:00+00:00,0.086160,3600
2023-06-10T18:00:00+00:00,0.107400,3600
2023-06-10T19:00:00+00:00,0.112490,3600
2023-06-10T20:00:00+00:00,0.098000,3600
2023-06-10T21:00:00+00:00,0.087300,3600
2023-06-10T22:00:00+00:00,0.102430,3600
2023-06-10T23:00:00+00:00,0.090000,3600
2023-06-11T00:00:00+00:00,0.089900,3600
2023-06-11T01:00:00+00:00,0.077000,3600
2023-06-11T02:00:00+00:00,0.073000,3600
2023-06-11T03:00:00+00:00,0.073000,3600
2023-06-11T04:00:00+00:00,0.060100,3600
2023-06-11T05:00:00+00:00,0.048920,3600
2023-06-11T06:00:00+00:00,0.028440,3600
2023-06-11T07:00:00+00:00,0.015900,3600
2023-06-11T08:00:00+00:00,0.000000,3600
2023-06-11T09:00:00+00:00,-0.007920,3600
2023-06-11T10:00:00+00:00,-0.039950,3600
2023-06-11T11:00:00+00:00,-0.066670,3600
2023-06-11T12:00:00+00:00,-0.056890,3600
2023-06-11T13:00:00+00:00,-0.020010,3600
2023-06-11T14:00:00+00:00,-0.000100,3600
2023-06-11T15:00:00+00:00,0.027920,3600
2023-06-11T16:00:00+00:00,0.083820,3600
2023-06-11T17:00:00+00:00,0.099910,3600
2023-06-11T18:00:00+00:00,0.110600,3600
2023-06-11T19:00:00+00:00,0.125600,3600
2023-06-11T20:00:00+00:00,0.119000,3600
2023-06-11T21:00:00+00:00,0.098900,3600
2023-06-11T22:00:00+00:00,0.094330,3600
2023-06-11T23:00:00+00:00,0.085080,3600
2023-06-12T00:00:00+00:00,0.085020,3600
2023-06-12T01:00:00+00:00,0.081630,3600
2023-06-12T02:00:00+00:00,0.083950,3600
2023-06-12T03:00:00+00:00,0.095080,3600
2023-06-12T04:00:00+00:00,0.107200,3600
2023-06-12T05:00:00+00:00,0.126360,3600
2023-06-12T06:00:00+00:00,0.124390,3600
2023-06-12T07:00:00+00:00,0.106010,3600
2023-06-12T08:00:00+00:00,0.086030,3600
2023-06-12T09:00:00+00:00,0.064410,3600
2023-06-12T10:00:00+00:00,0.050000,3600
2023-06-12T11:00:00+00:00,0.042560,3600
2023-06-12T12:00:00+00:00,0.050370,3600
2023-06-12T13:00:00+00:00,0.071040,3600
2023-06-12T14:00:00+00:00,0.084820,3600
2023-06-12T15:00:00+00:00,0.097600,3600
2023-06-12T16:00:00+00:00,0.109680,3600
2023-06-12T17:00:00+00:00,0.133040,3600
2023-06-12T18:00:00+00:00,0.141780,3600
2023-06-12T19:00:00+00:00,0.116930,3600
2023-06-12T20:00:00+00:00,0.107000,3600
2023-06-12T21:00:00+00:00,0.098100,3600
2023-06-12T22:00:00+00:00,0.089110,3600
2023-06-12T23:00:00+00:00,0.082780,3600
2023-06-13T00:00:00+00:00,0.083290,3600
2023-06-13T01:00:00+00:00,0.082750,3600
2023-06-13T02:00:00+00:00,0.084770,3600
2023-06-13T03:00:00+00:00,0.090040,3600
2023-06-13T04:00:00+00:00,0.095600,3600
2023-06-13T05:00:00+00:00,0.117200,3600
2023-06-13T06:00:00+00:00,0.120040,3600
2023-06-13T07:00:00+00:00,0.103120,3600
2023-06-13T08:00:00+00:00,0.085080,3600
2023-06-13T09:00:00+00:00,0.074990,3600
2023-06-13T10:00:00+00:00,0.040000,3600
2023-06-13T11:00:00+00:00,0.030430,3600
2023-06-13T12:00:00+00:00,0.031550,3600
2023-06-13T13:00:00+00:00,0.060040,3600
2023-06-13T14:00:00+00:00,0.073080,3600
2023-06-13T15:00:00+00:00,0.084600,3600
2023-06-13T16:00:00+00:00,0.101170,3600
2023-06-13T17:00:00+00:00,0.111950,3600
2023-06-13T18:00:00+00:00,0.120180,3600
2023-06-13T19:00:00+00:00,0.114810,3600
2023-06-13T20:00:00+00:00,0.105000,3600
2023-06-13T21:00:00+00:00,0.098380,3600
2023-06-13T22:00:00+00:00,0.096280,3600
2023-06-13T23:00:00+00:00,0.088680,3600
2023-06-14T00:00:00+00:00,0.086980,3600
2023-06-14T01:00:00+00:00,0.086250,3600
2023-06-14T02:00:00+00:00,0.088080,3600
2023-06-14T03:00:00+00:00,0.097660,3600
2023-06-14T04:00:00+00:00,0.104780,3600
2023-06-14T05:00:00+00:00,0.135080,3600
2023-06-14T06:00:00+00:00,0.128000,3600
2023-06-14T07:00:00+00:00,0.103320,3600
2023-06-14T08:00:00+00:00,0.087660,3600
2023-06-14T09:00:00+00:00,0.077790,3600
2023-06-14T10:00:00+00:00,0.072800,3600
2023-06-14T11:00:00+00:00,0.074800,3600
2023-06-14T12:00:00+00:00,0.077240,3600
2023-06-14T13:00:00+00:00,0.076510,3600
2023-06-14T14:00:00+00:00,0.081740,3600
2023-06-14T15:00:00+00:00,0.096300,3600
2023-06-14T16:00:00+00:00,0.114610,3600
2023-06-14T17:00:00+00:00,0.130000,3600
2023-06-14T18:00:00+00:00,0.143200,3600
2023-06-14T19:00:00+00:00,0.138030,3600
2023-06-14T20:00:00+00:00,0.119110,3600
2023-06-14T21:00:00+00:00,0.108410,3600
2023-06-14T22:00:00+00:00,0.107120,3600
2023-06-14T23:00:00+00:00,0.102770,3600
2023-06-15T00:00:00+00:00,0.100620,3600
2023-06-15T01:00:00+00:00,0.100380,3600
2023-06-15T02:00:00+00:00,0.100370,3600
2023-06-15T03:00:00+00:00,0.099900,3600
2023-06-15T04:00:00+00:00,0.119800,3600
2023-06-15T05:00:00+00:00,0.135940,3600
2023-06-15T06:00:00+00:00,0.140070,3600
2023-06-15T07:00:00+00:00,0.116000,3600
2023-06-15T08:00:00+00:00,0.103660,3600
2023-06-15T09:00:00+00:00,0.098020,3600
2023-06-15T10:00:00+00:00,0.092240,3600
2023-06-15T11:00:00+00:00,0.090000,3600
2023-06-15T12:00:00+00:00,0.090000,3600
2023-06-15T13:00:00+00:00,0.092010,3600
2023-06-15T14:00:00+00:00,0.096750,3600
2023-06-15T15:00:00+00:00,0.104900,3600
2023-06-15T16:00:00+00:00,0.125390,3600
2023-06-15T17:00:00+00:00,0.155000,3600
2023-06-15T18:00:00+00:00,0.175760,3600
2023-06-15T19:00:00+00:00,0.169420,3600
2023-06-15T20:00:00+00:00,0.149630,3600
2023-06-15T21:00:00+00:00,0.125000,3600
2023-06-15T22:00:00+00:00,0.126160,3600
2023-06-15T23:00:00+00:00,0.121610,3600
2023-06-16T00:00:00+00:00,0.115590,3600
2023-06-16T01:00:00+00:00,0.112690,3600
2023-06-16T02:00:00+00:00,0.113080,3600
2023-06-16T03:00:00+00:00,0.117760,3600
2023-06-16T04:00:00+00:00,0.141970,3600
2023-06-16T05:00:00+00:00,0.153560,3600
2023-06-16T06:00:00+00:00,0.145590,3600
2023-06-16T07:00:00+00:00,0.124160,3600
2023-06-16T08:00:00+00:00,0.112200,3600
2023-06-16T09:00:00+00:00,0.108990,3600
2023-06-16T10:00:00+00:00,0.107350,3600
2023-06-16T11:00:00+00:00,0.095310,3600
2023-06-16T12:00:00+00:00,0.094790,3600
2023-06-16T13:00:00+00:00,0.101650,3600
2023-06-16T14:00:00+00:00,0.108460,3600
2023-06-16T15:00:00+00:00,0.115040,3600
2023-06-16T16:00:00+00:00,0.135350,3600
2023-06-16T17:00:00+00:00,0.161170,3600
2023-06-16T18:00:00+00:00,0.175100,3600
2023-06-16T19:00:00+00:00,0.170390,3600
2023-06-16T20:00:00+00:00,0.152000,3600
2023-06-16T21:00:00+00:00,0.138710,3600
2023-06-16T22:00:00+00:00,0.130810,3600
2023-06-16T23:00:00+00:00,0.122800,3600
2023-06-17T00:00:00+00:00,0.120000,3600
2023-06-17T01:00:00+00:00,0.116440,3600
2023-06-17T02:00:00+00:00,0.111070,3600
2023-06-17T03:00:00+00:00,0.110000,3600
2023-06-17T04:00:00+00:00,0.110300,3600
2023-06-17T05:00:00+00:00,0.108040,3600
2023-06-17T06:00:00+00:00,0.101000,3600
2023-06-17T07:00:00+00:00,0.095600,3600
2023-06-17T08:00:00+00:00,0.085000,3600
2023-06-17T09:00:00+00:00,0.069990,3600
2023-06-17T10:00:00+00:00,0.059360,3600
2023-06-17T11:00:00+00:00,0.048400,3600
2023-06-17T12:00:00+00:00,0.039380,3600
2023-06-17T13:00:00+00:00,0.056080,3600
2023-06-17T14:00:00+00:00,0.085000,3600
2023-06-17T15:00:00+00:00,0.101520,3600
2023-06-17T16:00:00+00:00,0.115310,3600
2023-06-17T17:00:00+00:00,0.137790,3600
2023-06-17T18:00:00+00:00,0.146970,3600
2023-06-17T19:00:00+00:00,0.154200,3600
2023-06-17T20:00:00+00:00,0.146070,3600
2023-06-17T21:00:00+00:00,0.136650,3600
2023-06-17T22:00:00+00:00,0.128480,3600
2023-06-17T23:00:00+00:00,0.117850,3600
2023-06-18T00:00:00+00:00,0.110440,3600
2023-06-18T01:00:00+00:00,0.108860,3600
2023-06-18T02:00:00+00:00,0.104000,3600
2023-06-18T03:00:00+00:00,0.102590,3600
2023-06-18T04:00:00+00:00,0.098340,3600
2023-06-18T05:00:00+00:00,0.092060,3600
2023-06-18T06:00:00+00:00,0.085000,3600
2023-06-18T07:00:00+00:00,0.078170,3600
2023-06-18T08:00:00+00:00,0.063360,3600
2023-06-18T09:00:00+00:00,0.053650,3600
2023-06-18T10:00:00+00:00,0.045800,3600
2023-06-18T11:00:00+00:00,0.029380,3600
2023-06-18T12:00:00+00:00,0.025000,3600
2023-06-18T13:00:00+00:00,0.049000,3600
2023-06-18T14:00:00+00:00,0.075000,3600
2023-06-18T15:00:00+00:00,0.093630,3600
2023-06-18T16:00:00+00:00,0.107230,3600
2023-06-18T17:00:00+00:00,0.129900,3600
2023-06-18T18:00:00+00:00,0.138710,3600
2023-06-18T19:00:00+00:00,0.137110,3600
2023-06-18T20:00:00+00:00,0.137380,3600
2023-06-18T21:00:00+00:00,0.117600,3600
2023-06-18T22:00:00+00:00,0.099950,3600
2023-06-18T23:00:00+00:00,0.093660,3600
2023-06-19T00:00:00+00:00,0.088570,3600
2023-06-19T01:00:00+00:00,0.089660,3600
2023-06-19T02:00:00+00:00,0.093800,3600
2023-06-19T03:00:00+00:00,0.095870,3600
2023-06-19T04:00:00+00:00,0.117010,3600
2023-06-19T05:00:00+00:00,0.133850,3600
2023-06-19T06:00:00+00:00,0.132580,3600
2023-06-19T07:00:00+00:00,0.115620,3600
2023-06-19T08:00:00+00:00,0.104090,3600
2023-06-19T09:00:00+00:00,0.097240,3600
2023-06-19T10:00:00+00:00,0.093300,3600
2023-06-19T11:00:00+00:00,0.090010,3600
2023-06-19T12:00:00+00:00,0.088350,3600
2023-06-19T13:00:00+00:00,0.094210,3600
2023-06-19T14:00:00+00:00,0.098160,3600
2023-06-19T15:00:00+00:00,0.110080,3600
2023-06-19T16:00:00+00:00,0.137000,3600
2023-06-19T17:00:00+00:00,0.170070,3600
2023-06-19T18:00:00+00:00,0.197770,3600
2023-06-19T19:00:00+00:00,0.175780,3600
2023-06-19T20:00:00+00:00,0.149940,3600
2023-06-19T21:00:00+00:00,0.135000,3600
2023-06-19T22:00:00+00:00,0.121190,3600
2023-06-19T23:00:00+00:00,0.110630,3600
2023-06-20T00:00:00+00:00,0.104150,3600
2023-06-20T01:00:00+00:00,0.101290,3600
2023-06-20T02:00:00+00:00,0.100890,3600
2023-06-20T03:00:00+00:00,0.101070,3600
2023-06-20T04:00:00+00:00,0.121640,3600
2023-06-20T05:00:00+00:00,0.143340,3600
2023-06-20T06:00:00+00:00,0.146710,3600
2023-06-20T07:00:00+00:00,0.130940,3600
2023-06-20T08:00:00+00:00,0.114090,3600
2023-06-20T09:00:00+00:00,0.101980,3600
2023-06-20T10:00:00+00:00,0.100020,3600
2023-06-20T11:00:00+00:00,0.089900,3600
2023-06-20T12:00:00+00:00,0.092260,3600
2023-06-20T13:00:00+00:00,0.099900,3600
2023-06-20T14:00:00+00:00,0.105340,3600
2023-06-20T15:00:00+00:00,0.118630,3600
2023-06-20T16:00:00+00:00,0.140000,3600
2023-06-20T17:00:00+00:00,0.160590,3600
2023-06-20T18:00:00+00:00,0.165080,3600
2023-06-20T19:00:00+00:00,0.150000,3600
2023-06-20T20:00:00+00:00,0.138000,3600
2023-06-20T21:00:00+00:00,0.120240,3600
2023-06-20T22:00:00+00:00,0.119700,3600
2023-06-20T23:00:00+00:00,0.110770,3600
2023-06-21T00:00:00+00:00,0.104800,3600
2023-06-21T01:00:00+00:00,0.103920,3600
2023-06-21T02:00:00+00:00,0.103760,3600
2023-06-21T03:00:00+00:00,0.107020,3600
2023-06-21T04:00:00+00:00,0.126560,3600
2023-06-21T05:00:00+00:00,0.137670,3600
2023-06-21T06:00:00+00:00,0.144550,3600
2023-06-21T07:00:00+00:00,0.126160,3600
2023-06-21T08:00:00+00:00,0.103020,3600
2023-06-21T09:00:00+00:00,0.091160,3600
2023-06-21T10:00:00+00:00,0.089120,3600
2023-06-21T11:00:00+00:00,0.086500,3600
2023-06-21T12:00:00+00:00,0.086640,3600
2023-06-21T13:00:00+00:00,0.094600,3600
2023-06-21T14:00:00+00:00,0.100160,3600
2023-06-21T15:00:00+00:00,0.113620,3600
2023-06-21T16:00:00+00:00,0.138170,3600
2023-06-21T17:00:00+00:00,0.167500,3600
2023-06-21T18:00:00+00:00,0.190240,3600
2023-06-21T19:00:00+00:00,0.180660,3600
2023-06-21T20:00:00+00:00,0.155570,3600
2023-06-21T21:00:00+00:00,0.134860,3600
2023-06-21T22:00:00+00:00,0.132910,3600
2023-06-21T23:00:00+00:00,0.123420,3600
2023-06-22T00:00:00+00:00,0.115400,3600
2023-06-22T01:00:00+00:00,0.111330,3600
2023-06-22T02:00:00+00:00,0.107020,3600
2023-06-22T03:00:00+00:00,0.115190,3600
2023-06-22T04:00:00+00:00,0.136020,3600
2023-06-22T05:00:00+00:00,0.151720,3600
2023-06-22T06:00:00+00:00,0.153430,3600
2023-06-22T07:00:00+00:00,0.130080,3600
2023-06-22T08:00:00+00:00,0.116000,3600
2023-06-22T09:00:00+00:00,0.104490,3600
2023-06-22T10:00:00+00:00,0.102910,3600
2023-06-22T11:00:00+00:00,0.106790,3600
2023-06-22T12:00:00+00:00,0.106460,3600
2023-06-22T13:00:00+00:00,0.106790,3600
2023-06-22T14:00:00+00:00,0.108190,3600
2023-06-22T15:00:00+00:00,0.125770,3600
2023-06-22T16:00:00+00:00,0.137300,3600
2023-06-22T17:00:00+00:00,0.157430,3600
2023-06-22T18:00:00+00:00,0.155230,3600
2023-06-22T19:00:00+00:00,0.147180,3600
2023-06-22T20:00:00+00:00,0.134340,3600
2023-06-22T21:00:00+00:00,0.120860,3600
2023-06-22T22:00:00+00:00,0.103860,3600
2023-06-22T23:00:00+00:00,0.095200,3600
2023-06-23T00:00:00+00:00,0.091790,3600
2023-06-23T01:00:00+00:00,0.091280,3600
2023-06-23T02:00:00+00:00,0.090940,3600
2023-06-23T03:00:00+00:00,0.094560,3600
2023-06-23T04:00:00+00:00,0.115090,3600
2023-06-23T05:00:00+00:00,0.128860,3600
2023-06-23T06:00:00+00:00,0.130870,3600
2023-06-23T07:00:00+00:00,0.121650,3600
2023-06-23T08:00:00+00:00,0.106270,3600
2023-06-23T09:00:00+00:00,0.098100,3600
2023-06-23T10:00:00+00:00,0.092890,3600
2023-06-23T11:00:00+00:00,0.086710,3600
2023-06-23T12:00:00+00:00,0.079070,3600
2023-06-23T13:00:00+00:00,0.078330,3600
2023-06-23T14:00:00+00:00,0.085840,3600
2023-06-23T15:00:00+00:00,0.096240,3600
2023-06-23T16:00:00+00:00,0.107550,3600
2023-06-23T17:00:00+00:00,0.129680,3600
2023-06-23T18:00:00+00:00,0.137100,3600
2023-06-23T19:00:00+00:00,0.134990,3600
2023-06-23T20:00:00+00:00,0.130540,3600
2023-06-23T21:00:00+00:00,0.122220,3600
2023-06-23T22:00:00+00:00,0.117340,3600
2023-06-23T23:00:00+00:00,0.109720,3600
2023-06-24T00:00:00+00:00,0.102890,3600
2023-06-24T01:00:00+00:00,0.100310,3600
2023-06-24T02:00:00+00:00,0.094330,3600
2023-06-24T03:00:00+00:00,0.092510,3600
2023-06-24T04:00:00+00:00,0.092290,3600
2023-06-24T05:00:00+00:00,0.092300,3600
2023-06-24T06:00:00+00:00,0.090570,3600
2023-06-24T07:00:00+00:00,0.081690,3600
2023-06-24T08:00:00+00:00,0.057640,3600
2023-06-24T09:00:00+00:00,0.025000,3600
2023-06-24T10:00:00+00:00,0.014990,3600
2023-06-24T11:00:00+00:00,0.001900,3600
2023-06-24T12:00:00+00:00,0.000310,3600
2023-06-24T13:00:00+00:00,0.010000,3600
2023-06-24T14:00:00+00:00,0.028200,3600
2023-06-24T15:00:00+00:00,0.080980,3600
2023-06-24T16:00:00+00:00,0.098740,3600
2023-06-24T17:00:00+00:00,0.127010,3600
2023-06-24T18:00:00+00:00,0.138650,3600
2023-06-24T19:00:00+00:00,0.146200,3600
2023-06-24T20:00:00+00:00,0.130140,3600
2023-06-24T21:00:00+00:00,0.118310,3600
2023-06-24T22:00:00+00:00,0.121060,3600
2023-06-24T23:00:00+00:00,0.111900,3600
2023-06-25T00:00:00+00:00,0.106800,3600
2023-06-25T01:00:00+00:00,0.105470,3600
2023-06-25T02:00:00+00:00,0.101120,3600
2023-06-25T03:00:00+00:00,0.099500,3600
2023-06-25T04:00:00+00:00,0.086140,3600
2023-06-25T05:00:00+00:00,0.078000,3600
2023-06-25T06:00:00+00:00,0.054000,3600
2023-06-25T07:00:00+00:00,0.032550,3600
2023-06-25T08:00:00+00:00,0.009690,3600
2023-06-25T09:00:00+00:00,0.000100,3600
2023-06-25T10:00:00+00:00,0.000000,3600
2023-06-25T11:00:00+00:00,-0.000100,3600
2023-06-25T12:00:00+00:00,-0.000100,3600
2023-06-25T13:00:00+00:00,0.000000,3600
2023-06-25T14:00:00+00:00,0.009690,3600
2023-06-25T15:00:00+00:00,0.071050,3600
2023-06-25T16:00:00+00:00,0.105090,3600
2023-06-25T17:00:00+00:00,0.122850,3600
2023-06-25T18:00:00+00:00,0.153810,3600
2023-06-25T19:00:00+00:00,0.163440,3600
2023-06-25T20:00:00+00:00,0.143250,3600
2023-06-25T21:00:00+00:00,0.118980,3600
2023-06-25T22:00:00+00:00,0.115140,3600
2023-06-25T23:00:00+00:00,0.106000,3600
2023-06-26T00:00:00+00:00,0.093300,3600
2023-06-26T01:00:00+00:00,0.083710,3600
2023-06-26T02:00:00+00:00,0.083630,3600
2023-06-26T03:00:00+00:00,0.099210,3600
2023-06-26T04:00:00+00:00,0.104970,3600
2023-06-26T05:00:00+00:00,0.130340,3600
2023-06-26T06:00:00+00:00,0.119950,3600
2023-06-26T07:00:00+00:00,0.101520,3600
2023-06-26T08:00:00+00:00,0.087900,3600
2023-06-26T09:00:00+00:00,0.081400,3600
2023-06-26T10:00:00+00:00,0.025000,3600
2023-06-26T11:00:00+00:00,0.030000,3600
2023-06-26T12:00:00+00:00,0.044510,3600
2023-06-26T13:00:00+00:00,0.038030,3600
2023-06-26T14:00:00+00:00,0.062370,3600
2023-06-26T15:00:00+00:00,0.083480,3600
2023-06-26T16:00:00+00:00,0.097000,3600
2023-06-26T17:00:00+00:00,0.109430,3600
2023-06-26T18:00:00+00:00,0.119900,3600
2023-06-26T19:00:00+00:00,0.130000,3600
2023-06-26T20:00:00+00:00,0.129540,3600
2023-06-26T21:00:00+00:00,0.118040,3600
2023-06-26T22:00:00+00:00,0.114280,3600
2023-06-26T23:00:00+00:00,0.100140,3600
2023-06-27T00:00:00+00:00,0.093030,3600
2023-06-27T01:00:00+00:00,0.093590,3600
2023-06-27T02:00:00+00:00,0.089200,3600
2023-06-27T03:00:00+00:00,0.092000,3600
2023-06-27T04:00:00+00:00,0.115290,3600
2023-06-27T05:00:00+00:00,0.130000,3600
2023-06-27T06:00:00+00:00,0.127040,3600
2023-06-27T07:00:00+00:00,0.102240,3600
2023-06-27T08:00:00+00:00,0.090000,3600
2023-06-27T09:00:00+00:00,0.080270,3600
2023-06-27T10:00:00+00:00,0.073050,3600
2023-06-27T11:00:00+00:00,0.063460,3600
2023-06-27T12:00:00+00:00,0.068120,3600
2023-06-27T13:00:00+00:00,0.080280,3600
2023-06-27T14:00:00+00:00,0.089050,3600
2023-06-27T15:00:00+00:00,0.096400,3600
2023-06-27T16:00:00+00:00,0.113570,3600
2023-06-27T17:00:00+00:00,0.130410,3600
2023-06-27T18:00:00+00:00,0.134530,3600
2023-06-27T19:00:00+00:00,0.130300,3600
2023-06-27T20:00:00+00:00,0.125060,3600
2023-06-27T21:00:00+00:00,0.116160,3600
2023-06-27T22:00:00+00:00,0.098050,3600
2023-06-27T23:00:00+00:00,0.090580,3600
2023-06-28T00:00:00+00:00,0.087070,3600
2023-06-28T01:00:00+00:00,0.086220,3600
2023-06-28T02:00:00+00:00,0.087120,3600
2023-06-28T03:00:00+00:00,0.093950,3600
2023-06-28T04:00:00+00:00,0.113800,3600
2023-06-28T05:00:00+00:00,0.130270,3600
2023-06-28T06:00:00+00:00,0.127710,3600
2023-06-28T07:00:00+00:00,0.113650,3600
2023-06-28T08:00:00+00:00,0.101890,3600
2023-06-28T09:00:00+00:00,0.099300,3600
2023-06-28T10:00:00+00:00,0.101180,3600
2023-06-28T11:00:00+00:00,0.097420,3600
2023-06-28T12:00:00+00:00,0.095590,3600
2023-06-28T13:00:00+00:00,0.095390,3600
2023-06-28T14:00:00+00:00,0.097600,3600
2023-06-28T15:00:00+00:00,0.107080,3600
2023-06-28T16:00:00+00:00,0.128140,3600
2023-06-28T17:00:00+00:00,0.153250,3600
2023-06-28T18:00:00+00:00,0.167620,3600
2023-06-28T19:00:00+00:00,0.159100,3600
2023-06-28T20:00:00+00:00,0.140000,3600
2023-06-28T21:00:00+00:00,0.121100,3600
2023-06-28T22:00:00+00:00,0.119460,3600
2023-06-28T23:00:00+00:00,0.110060,3600
2023-06-29T00:00:00+00:00,0.101720,3600
2023-06-29T01:00:00+00:00,0.098040,3600
2023-06-29T02:00:00+00:00,0.099640,3600
2023-06-29T03:00:00+00:00,0.104230,3600
2023-06-29T04:00:00+00:00,0.121060,3600
2023-06-29T05:00:00+00:00,0.130480,3600
2023-06-29T06:00:00+00:00,0.130310,3600
2023-06-29T07:00:00+00:00,0.116390,3600
2023-06-29T08:00:00+00:00,0.105950,3600
2023-06-29T09:00:00+00:00,0.098600,3600
2023-06-29T10:00:00+00:00,0.090000,3600
2023-06-29T11:00:00+00:00,0.092750,3600
2023-06-29T12:00:00+00:00,0.098600,3600
2023-06-29T13:00:00+00:00,0.100000,3600
2023-06-29T14:00:00+00:00,0.101120,3600
2023-06-29T15:00:00+00:00,0.112030,3600
2023-06-29T16:00:00+00:00,0.129910,3600
2023-06-29T17:00:00+00:00,0.134900,3600
2023-06-29T18:00:00+00:00,0.165660,3600
2023-06-29T19:00:00+00:00,0.151310,3600
2023-06-29T20:00:00+00:00,0.139870,3600
2023-06-29T21:00:00+00:00,0.120250,3600
2023-06-29T22:00:00+00:00,0.115530,3600
2023-06-29T23:00:00+00:00,0.103400,3600
2023-06-30T00:00:00+00:00,0.096550,3600
2023-06-30T01:00:00+00:00,0.096340,3600
2023-06-30T02:00:00+00:00,0.094750,3600
2023-06-30T03:00:00+00:00,0.105340,3600
2023-06-30T04:00:00+00:00,0.123220,3600
2023-06-30T05:00:00+00:00,0.124940,3600
2023-06-30T06:00:00+00:00,0.114000,3600
2023-06-30T07:00:00+00:00,0.084900,3600
2023-06-30T08:00:00+00:00,0.097930,3600
2023-06-30T09:00:00+00:00,0.090100,3600
2023-06-30T10:00:00+00:00,0.088350,3600
2023-06-30T11:00:00+00:00,0.090100,3600
2023-06-30T12:00:00+00:00,0.088460,3600
2023-06-30T13:00:00+00:00,0.078020,3600
2023-06-30T14:00:00+00:00,0.082670,3600
2023-06-30T15:00:00+00:00,0.079000,3600
2023-06-30T16:00:00+00:00,0.101990,3600
2023-06-30T17:00:00+00:00,0.110100,3600
2023-06-30T18:00:00+00:00,0.131520,3600
2023-06-30T19:00:00+00:00,0.128840,3600
2023-06-30T20:00:00+00:00,0.121240,3600
2023-06-30T21:00:00+00:00,0.109470,3600
2023-06-30T22:00:00+00:00,0.101560,3600
2023-06-30T23:00:00+00:00,0.099500,3600
2023-07-01T00:00:00+00:00,0.083280,3600
2023-07-01T01:00:00+00:00,0.066890,3600
2023-07-01T02:00:00+00:00,0.060030,3600
2023-07-01T03:00:00+00:00,0.053640,3600
2023-07-01T04:00:00+00:00,0.054270,3600
2023-07-01T05:00:00+00:00,0.055120,3600
2023-07-01T06:00:00+00:00,0.076090,3600
2023-07-01T07:00:00+00:00,0.064900,3600
2023-07-01T08:00:00+00:00,0.044300,3600
2023-07-01T09:00:00+00:00,0.024610,3600
2023-07-01T10:00:00+00:00,0.016830,3600
2023-07-01T11:00:00+00:00,0.004430,3600
2023-07-01T12:00:00+00:00,0.000070,3600
2023-07-01T13:00:00+00:00,0.000890,3600
2023-07-01T14:00:00+00:00,0.011110,3600
2023-07-01T15:00:00+00:00,0.049900,3600
2023-07-01T16:00:00+00:00,0.071880,3600
2023-07-01T17:00:00+00:00,0.078700,3600
2023-07-01T18:00:00+00:00,0.087000,3600
2023-07-01T19:00:00+00:00,0.092790,3600
2023-07-01T20:00:00+00:00,0.098800,3600
2023-07-01T21:00:00+00:00,0.089860,3600
2023-07-01T22:00:00+00:00,0.016450,3600
2023-07-01T23:00:00+00:00,0.003170,3600
2023-07-02T00:00:00+00:00,0.000010,3600
2023-07-02T01:00:00+00:00,0.000000,3600
2023-07-02T02:00:00+00:00,-0.000030,3600
2023-07-02T03:00:00+00:00,-0.000050,3600
2023-07-02T04:00:00+00:00,-0.000060,3600
2023-07-02T05:00:00+00:00,-0.000510,3600
2023-07-02T06:00:00+00:00,-0.002970,3600
2023-07-02T07:00:00+00:00,-0.016900,3600
2023-07-02T08:00:00+00:00,-0.060000,3600
2023-07-02T09:00:00+00:00,-0.252920,3600
2023-07-02T10:00:00+00:00,-0.449570,3600
2023-07-02T11:00:00+00:00,-0.500000,3600
2023-07-02T12:00:00+00:00,-0.500000,3600
2023-07-02T13:00:00+00:00,-0.500000,3600
2023-07-02T14:00:00+00:00,-0.172390,3600
2023-07-02T15:00:00+00:00,-0.035180,3600
2023-07-02T16:00:00+00:00,-0.006010,3600
2023-07-02T17:00:00+00:00,0.004880,3600
2023-07-02T18:00:00+00:00,0.069100,3600
2023-07-02T19:00:00+00:00,0.085580,3600
2023-07-02T20:00:00+00:00,0.094900,3600
2023-07-02T21:00:00+00:00,0.086080,3600
2023-07-02T22:00:00+00:00,0.066000,3600
2023-07-02T23:00:00+00:00,0.043500,3600
2023-07-03T00:00:00+00:00,0.024090,3600
2023-07-03T01:00:00+00:00,0.010260,3600
2023-07-03T02:00:00+00:00,0.015800,3600
2023-07-03T03:00:00+00:00,0.054000,3600
2023-07-03T04:00:00+00:00,0.086000,3600
2023-07-03T05:00:00+00:00,0.110890,3600
2023-07-03T06:00:00+00:00,0.104910,3600
2023-07-03T07:00:00+00:00,0.067500,3600
2023-07-03T08:00:00+00:00,0.007340,3600
2023-07-03T09:00:00+00:00,-0.000060,3600
2023-07-03T10:00:00+00:00,-0.008430,3600
2023-07-03T11:00:00+00:00,-0.010000,3600
2023-07-03T12:00:00+00:00,-0.010070,3600
2023-07-03T13:00:00+00:00,-0.010000,3600
2023-07-03T14:00:00+00:00,-0.000070,3600
2023-07-03T15:00:00+00:00,0.009450,3600
2023-07-03T16:00:00+00:00,0.079950,3600
2023-07-03T17:00:00+00:00,0.116510,3600
2023-07-03T18:00:00+00:00,0.124500,3600
2023-07-03T19:00:00+00:00,0.127990,3600
2023-07-03T20:00:00+00:00,0.121300,3600
2023-07-03T21:00:00+00:00,0.114500,3600
2023-07-03T22:00:00+00:00,0.096750,3600
2023-07-03T23:00:00+00:00,0.081280,3600
2023-07-04T00:00:00+00:00,0.071000,3600
2023-07-04T01:00:00+00:00,0.064440,3600
2023-07-04T02:00:00+00:00,0.070420,3600
2023-07-04T03:00:00+00:00,0.085270,3600
2023-07-04T04:00:00+00:00,0.113740,3600
2023-07-04T05:00:00+00:00,0.119970,3600
2023-07-04T06:00:00+00:00,0.113290,3600
2023-07-04T07:00:00+00:00,0.076080,3600
2023-07-04T08:00:00+00:00,0.033640,3600
2023-07-04T09:00:00+00:00,0.010080,3600
2023-07-04T10:00:00+00:00,0.014900,3600
2023-07-04T11:00:00+00:00,0.023090,3600
2023-07-04T12:00:00+00:00,0.023000,3600
2023-07-04T13:00:00+00:00,0.039220,3600
2023-07-04T14:00:00+00:00,0.084290,3600
2023-07-04T15:00:00+00:00,0.093680,3600
2023-07-04T16:00:00+00:00,0.116860,3600
2023-07-04T17:00:00+00:00,0.146290,3600
2023-07-04T18:00:00+00:00,0.170870,3600
2023-07-04T19:00:00+00:00,0.169380,3600
2023-07-04T20:00:00+00:00,0.144600,3600
2023-07-04T21:00:00+00:00,0.124090,3600
2023-07-04T22:00:00+00:00,0.122940,3600
2023-07-04T23:00:00+00:00,0.108750,3600
2023-07-05T00:00:00+00:00,0.094310,3600
2023-07-05T01:00:00+00:00,0.084600,3600
2023-07-05T02:00:00+00:00,0.067560,3600
2023-07-05T03:00:00+00:00,0.068200,3600
2023-07-05T04:00:00+00:00,0.076430,3600
2023-07-05T05:00:00+00:00,0.092590,3600
2023-07-05T06:00:00+00:00,0.098350,3600
2023-07-05T07:00:00+00:00,0.082400,3600
2023-07-05T08:00:00+00:00,0.073440,3600
2023-07-05T09:00:00+00:00,0.039450,3600
2023-07-05T10:00:00+00:00,0.000010,3600
2023-07-05T11:00:00+00:00,0.000000,3600
2023-07-05T12:00:00+00:00,-0.005500,3600
2023-07-05T13:00:00+00:00,-0.004750,3600
2023-07-05T14:00:00+00:00,-0.003520,3600
2023-07-05T15:00:00+00:00,0.039100,3600
2023-07-05T16:00:00+00:00,0.092240,3600
2023-07-05T17:00:00+00:00,0.104710,3600
2023-07-05T18:00:00+00:00,0.118100,3600
2023-07-05T19:00:00+00:00,0.122780,3600
2023-07-05T20:00:00+00:00,0.121710,3600
2023-07-05T21:00:00+00:00,0.114890,3600
2023-07-05T22:00:00+00:00,0.091620,3600
2023-07-05T23:00:00+00:00,0.084000,3600
2023-07-06T00:00:00+00:00,0.082400,3600
2023-07-06T01:00:00+00:00,0.083050,3600
2023-07-06T02:00:00+00:00,0.085010,3600
2023-07-06T03:00:00+00:00,0.094370,3600
2023-07-06T04:00:00+00:00,0.113750,3600
2023-07-06T05:00:00+00:00,0.126170,3600
2023-07-06T06:00:00+00:00,0.124850,3600
2023-07-06T07:00:00+00:00,0.110970,3600
2023-07-06T08:00:00+00:00,0.094420,3600
2023-07-06T09:00:00+00:00,0.086380,3600
2023-07-06T10:00:00+00:00,0.056540,3600
2023-07-06T11:00:00+00:00,0.069230,3600
2023-07-06T12:00:00+00:00,0.067440,3600
2023-07-06T13:00:00+00:00,0.084050,3600
2023-07-06T14:00:00+00:00,0.088100,3600
2023-07-06T15:00:00+00:00,0.098820,3600
2023-07-06T16:00:00+00:00,0.102980,3600
2023-07-06T17:00:00+00:00,0.119400,3600
2023-07-06T18:00:00+00:00,0.175880,3600
2023-07-06T19:00:00+00:00,0.175100,3600
2023-07-06T20:00:00+00:00,0.137570,3600
2023-07-06T21:00:00+00:00,0.118980,3600
2023-07-06T22:00:00+00:00,0.114000,3600
2023-07-06T23:00:00+00:00,0.103380,3600
2023-07-07T00:00:00+00:00,0.097600,3600
2023-07-07T01:00:00+00:00,0.089000,3600
2023-07-07T02:00:00+00:00,0.086420,3600
2023-07-07T03:00:00+00:00,0.090930,3600
2023-07-07T04:00:00+00:00,0.094800,3600
2023-07-07T05:00:00+00:00,0.109200,3600
2023-07-07T06:00:00+00:00,0.107130,3600
2023-07-07T07:00:00+00:00,0.091790,3600
2023-07-07T08:00:00+00:00,0.084000,3600
2023-07-07T09:00:00+00:00,0.079120,3600
2023-07-07T10:00:00+00:00,0.074900,3600
2023-07-07T11:00:00+00:00,0.066570,3600
2023-07-07T12:00:00+00:00,0.064980,3600
2023-07-07T13:00:00+00:00,0.066180,3600
2023-07-07T14:00:00+00:00,0.080290,3600
2023-07-07T15:00:00+00:00,0.090000,3600
2023-07-07T16:00:00+00:00,0.094990,3600
2023-07-07T17:00:00+00:00,0.141980,3600
2023-07-07T18:00:00+00:00,0.166560,3600
2023-07-07T19:00:00+00:00,0.137660,3600
2023-07-07T20:00:00+00:00,0.117270,3600
2023-07-07T21:00:00+00:00,0.101560,3600
2023-07-07T22:00:00+00:00,0.100270,3600
2023-07-07T23:00:00+00:00,0.091960,3600
2023-07-08T00:00:00+00:00,0.089970,3600
2023-07-08T01:00:00+00:00,0.086590,3600
2023-07-08T02:00:00+00:00,0.087190,3600
2023-07-08T03:00:00+00:00,0.087280,3600
2023-07-08T04:00:00+00:00,0.084420,3600
2023-07-08T05:00:00+00:00,0.085230,3600
2023-07-08T06:00:00+00:00,0.083760,3600
2023-07-08T07:00:00+00:00,0.076040,3600
2023-07-08T08:00:00+00:00,0.060900,3600
2023-07-08T09:00:00+00:00,0.046320,3600
2023-07-08T10:00:00+00:00,0.030690,3600
2023-07-08T11:00:00+00:00,-0.006000,3600
2023-07-08T12:00:00+00:00,0.003970,3600
2023-07-08T13:00:00+00:00,0.040000,3600
2023-07-08T14:00:00+00:00,0.060900,3600
2023-07-08T15:00:00+00:00,0.083400,3600
2023-07-08T16:00:00+00:00,0.107300,3600
2023-07-08T17:00:00+00:00,0.120990,3600
2023-07-08T18:00:00+00:00,0.128760,3600
2023-07-08T19:00:00+00:00,0.132860,3600
2023-07-08T20:00:00+00:00,0.129720,3600
2023-07-08T21:00:00+00:00,0.115920,3600
2023-07-08T22:00:00+00:00,0.109440,3600
2023-07-08T23:00:00+00:00,0.101740,3600
2023-07-09T00:00:00+00:00,0.101820,3600
2023-07-09T01:00:00+00:00,0.095460,3600
2023-07-09T02:00:00+00:00,0.096030,3600
2023-07-09T03:00:00+00:00,0.096970,3600
2023-07-09T04:00:00+00:00,0.094700,3600
2023-07-09T05:00:00+00:00,0.091220,3600
2023-07-09T06:00:00+00:00,0.086270,3600
2023-07-09T07:00:00+00:00,0.077080,3600
2023-07-09T08:00:00+00:00,0.060120,3600
2023-07-09T09:00:00+00:00,0.050090,3600
2023-07-09T10:00:00+00:00,0.045690,3600
2023-07-09T11:00:00+00:00,0.036990,3600
2023-07-09T12:00:00+00:00,0.044850,3600
2023-07-09T13:00:00+00:00,0.055160,3600
2023-07-09T14:00:00+00:00,0.072970,3600
2023-07-09T15:00:00+00:00,0.082400,3600
2023-07-09T16:00:00+00:00,0.104410,3600
2023-07-09T17:00:00+00:00,0.122210,3600
2023-07-09T18:00:00+00:00,0.132000,3600
2023-07-09T19:00:00+00:00,0.134100,3600
2023-07-09T20:00:00+00:00,0.132120,3600
2023-07-09T21:00:00+00:00,0.119600,3600
2023-07-09T22:00:00+00:00,0.112490,3600
2023-07-09T23:00:00+00:00,0.102000,3600
2023-07-10T00:00:00+00:00,0.094300,3600
2023-07-10T01:00:00+00:00,0.091940,3600
2023-07-10T02:00:00+00:00,0.093310,3600
2023-07-10T03:00:00+00:00,0.105120,3600
2023-07-10T04:00:00+00:00,0.120740,3600
2023-07-10T05:00:00+00:00,0.130520,3600
2023-07-10T06:00:00+00:00,0.134270,3600
2023-07-10T07:00:00+00:00,0.117950,3600
2023-07-10T08:00:00+00:00,0.105280,3600
2023-07-10T09:00:00+00:00,0.091370,3600
2023-07-10T10:00:00+00:00,0.085850,3600
2023-07-10T11:00:00+00:00,0.071400,3600
2023-07-10T12:00:00+00:00,0.058030,3600
2023-07-10T13:00:00+00:00,0.055100,3600
2023-07-10T14:00:00+00:00,0.079560,3600
2023-07-10T15:00:00+00:00,0.089720,3600
2023-07-10T16:00:00+00:00,0.121970,3600
2023-07-10T17:00:00+00:00,0.165490,3600
2023-07-10T18:00:00+00:00,0.175890,3600
2023-07-10T19:00:00+00:00,0.180070,3600
2023-07-10T20:00:00+00:00,0.162620,3600
2023-07-10T21:00:00+00:00,0.133700,3600
2023-07-10T22:00:00+00:00,0.124410,3600
2023-07-10T23:00:00+00:00,0.115240,3600
2023-07-11T00:00:00+00:00,0.105120,3600
2023-07-11T01:00:00+00:00,0.099190,3600
2023-07-11T02:00:00+00:00,0.095970,3600
2023-07-11T03:00:00+00:00,0.098160,3600
2023-07-11T04:00:00+00:00,0.099200,3600
2023-07-11T05:00:00+00:00,0.113580,3600
2023-07-11T06:00:00+00:00,0.120950,3600
2023-07-11T07:00:00+00:00,0.105100,3600
2023-07-11T08:00:00+00:00,0.091570,3600
2023-07-11T09:00:00+00:00,0.071500,3600
2023-07-11T10:00:00+00:00,0.038000,3600
2023-07-11T11:00:00+00:00,0.021320,3600
2023-07-11T12:00:00+00:00,0.030000,3600
2023-07-11T13:00:00+00:00,0.060000,3600
2023-07-11T14:00:00+00:00,0.068000,3600
2023-07-11T15:00:00+00:00,0.094500,3600
2023-07-11T16:00:00+00:00,0.114000,3600
2023-07-11T17:00:00+00:00,0.141550,3600
2023-07-11T18:00:00+00:00,0.160020,3600
2023-07-11T19:00:00+00:00,0.134090,3600
2023-07-11T20:00:00+00:00,0.119000,3600
2023-07-11T21:00:00+00:00,0.103030,3600
2023-07-11T22:00:00+00:00,0.098470,3600
2023-07-11T23:00:00+00:00,0.091000,3600
2023-07-12T00:00:00+00:00,0.090000,3600
2023-07-12T01:00:00+00:00,0.082090,3600
2023-07-12T02:00:00+00:00,0.077400,3600
2023-07-12T03:00:00+00:00,0.076000,3600
2023-07-12T04:00:00+00:00,0.088220,3600
2023-07-12T05:00:00+00:00,0.115400,3600
2023-07-12T06:00:00+00:00,0.120000,3600
2023-07-12T07:00:00+00:00,0.102330,3600
2023-07-12T08:00:00+00:00,0.083000,3600
2023-07-12T09:00:00+00:00,0.050770,3600
2023-07-12T10:00:00+00:00,0.008520,3600
2023-07-12T11:00:00+00:00,-0.007810,3600
2023-07-12T12:00:00+00:00,-0.010000,3600
2023-07-12T13:00:00+00:00,-0.008070,3600
2023-07-12T14:00:00+00:00,0.003400,3600
2023-07-12T15:00:00+00:00,0.069910,3600
2023-07-12T16:00:00+00:00,0.084720,3600
2023-07-12T17:00:00+00:00,0.101410,3600
2023-07-12T18:00:00+00:00,0.117950,3600
2023-07-12T19:00:00+00:00,0.125200,3600
2023-07-12T20:00:00+00:00,0.126000,3600
2023-07-12T21:00:00+00:00,0.113920,3600
2023-07-12T22:00:00+00:00,0.104920,3600
2023-07-12T23:00:00+00:00,0.085660,3600
2023-07-13T00:00:00+00:00,0.079000,3600
2023-07-13T01:00:00+00:00,0.075090,3600
2023-07-13T02:00:00+00:00,0.076000,3600
2023-07-13T03:00:00+00:00,0.088510,3600
2023-07-13T04:00:00+00:00,0.102230,3600
2023-07-13T05:00:00+00:00,0.110470,3600
2023-07-13T06:00:00+00:00,0.119100,3600
2023-07-13T07:00:00+00:00,0.089980,3600
2023-07-13T08:00:00+00:00,0.088100,3600
2023-07-13T09:00:00+00:00,0.080000,3600
2023-07-13T10:00:00+00:00,0.075000,3600
2023-07-13T11:00:00+00:00,0.046500,3600
2023-07-13T12:00:00+00:00,0.046360,3600
2023-07-13T13:00:00+00:00,0.046900,3600
2023-07-13T14:00:00+00:00,0.074250,3600
2023-07-13T15:00:00+00:00,0.085000,3600
2023-07-13T16:00:00+00:00,0.088980,3600
2023-07-13T17:00:00+00:00,0.116490,3600
2023-07-13T18:00:00+00:00,0.130000,3600
2023-07-13T19:00:00+00:00,0.137220,3600
2023-07-13T20:00:00+00:00,0.129030,3600
2023-07-13T21:00:00+00:00,0.117720,3600
2023-07-13T22:00:00+00:00,0.101000,3600
2023-07-13T23:00:00+00:00,0.096360,3600
2023-07-14T00:00:00+00:00,0.084550,3600
2023-07-14T01:00:00+00:00,0.078140,3600
2023-07-14T02:00:00+00:00,0.080000,3600
2023-07-14T03:00:00+00:00,0.075000,3600
2023-07-14T04:00:00+00:00,0.079930,3600
2023-07-14T05:00:00+00:00,0.089400,3600
2023-07-14T06:00:00+00:00,0.084950,3600
2023-07-14T07:00:00+00:00,0.085070,3600
2023-07-14T08:00:00+00:00,0.079710,3600
2023-07-14T09:00:00+00:00,0.071800,3600
2023-07-14T10:00:00+00:00,0.073800,3600
2023-07-14T11:00:00+00:00,0.069200,3600
2023-07-14T12:00:00+00:00,0.072180,3600
2023-07-14T13:00:00+00:00,0.077700,3600
2023-07-14T14:00:00+00:00,0.077550,3600
2023-07-14T15:00:00+00:00,0.076900,3600
2023-07-14T16:00:00+00:00,0.084900,3600
2023-07-14T17:00:00+00:00,0.105950,3600
2023-07-14T18:00:00+00:00,0.110000,3600
2023-07-14T19:00:00+00:00,0.110000,3600
2023-07-14T20:00:00+00:00,0.094730,3600
2023-07-14T21:00:00+00:00,0.079690,3600
2023-07-14T22:00:00+00:00,0.071070,3600
2023-07-14T23:00:00+00:00,0.051940,3600
2023-07-15T00:00:00+00:00,0.029150,3600
2023-07-15T01:00:00+00:00,0.019950,3600
2023-07-15T02:00:00+00:00,0.016980,3600
2023-07-15T03:00:00+00:00,0.013690,3600
2023-07-15T04:00:00+00:00,0.019900,3600
2023-07-15T05:00:00+00:00,0.022600,3600
2023-07-15T06:00:00+00:00,0.029950,3600
2023-07-15T07:00:00+00:00,0.017410,3600
2023-07-15T08:00:00+00:00,0.004600,3600
2023-07-15T09:00:00+00:00,0.000000,3600
2023-07-15T10:00:00+00:00,-0.000020,3600
2023-07-15T11:00:00+00:00,-0.000160,3600
2023-07-15T12:00:00+00:00,-0.001000,3600
2023-07-15T13:00:00+00:00,-0.000100,3600
2023-07-15T14:00:00+00:00,0.000020,3600
2023-07-15T15:00:00+00:00,0.005000,3600
2023-07-15T16:00:00+00:00,0.068130,3600
2023-07-15T17:00:00+00:00,0.079270,3600
2023-07-15T18:00:00+00:00,0.088580,3600
2023-07-15T19:00:00+00:00,0.083800,3600
2023-07-15T20:00:00+00:00,0.083030,3600
2023-07-15T21:00:00+00:00,0.071820,3600
2023-07-15T22:00:00+00:00,0.057040,3600
2023-07-15T23:00:00+00:00,0.019690,3600
2023-07-16T00:00:00+00:00,0.001450,3600
2023-07-16T01:00:00+00:00,-0.000070,3600
2023-07-16T02:00:00+00:00,-0.000140,3600
2023-07-16T03:00:00+00:00,-0.000430,3600
2023-07-16T04:00:00+00:00,-0.004100,3600
2023-07-16T05:00:00+00:00,-0.010000,3600
2023-07-16T06:00:00+00:00,-0.010050,3600
2023-07-16T07:00:00+00:00,-0.014580,3600
2023-07-16T08:00:00+00:00,-0.020000,3600
2023-07-16T09:00:00+00:00,-0.027000,3600
2023-07-16T10:00:00+00:00,-0.053750,3600
2023-07-16T11:00:00+00:00,-0.065430,3600
2023-07-16T12:00:00+00:00,-0.073760,3600
2023-07-16T13:00:00+00:00,-0.051070,3600
2023-07-16T14:00:00+00:00,-0.030050,3600
2023-07-16T15:00:00+00:00,-0.008440,3600
2023-07-16T16:00:00+00:00,0.027950,3600
2023-07-16T17:00:00+00:00,0.090030,3600
2023-07-16T18:00:00+00:00,0.099220,3600
2023-07-16T19:00:00+00:00,0.108000,3600
2023-07-16T20:00:00+00:00,0.113850,3600
2023-07-16T21:00:00+00:00,0.107540,3600
2023-07-16T22:00:00+00:00,0.086420,3600
2023-07-16T23:00:00+00:00,0.065500,3600
2023-07-17T00:00:00+00:00,0.053280,3600
2023-07-17T01:00:00+00:00,0.050000,3600
2023-07-17T02:00:00+00:00,0.051960,3600
2023-07-17T03:00:00+00:00,0.053200,3600
2023-07-17T04:00:00+00:00,0.086400,3600
2023-07-17T05:00:00+00:00,0.077200,3600
2023-07-17T06:00:00+00:00,0.107500,3600
2023-07-17T07:00:00+00:00,0.089270,3600
2023-07-17T08:00:00+00:00,0.045680,3600
2023-07-17T09:00:00+00:00,0.035000,3600
2023-07-17T10:00:00+00:00,-0.052650,3600
2023-07-17T11:00:00+00:00,-0.006730,3600
2023-07-17T12:00:00+00:00,-0.010000,3600
2023-07-17T13:00:00+00:00,-0.000010,3600
2023-07-17T14:00:00+00:00,0.000000,3600
2023-07-17T15:00:00+00:00,0.057820,3600
2023-07-17T16:00:00+00:00,0.066090,3600
2023-07-17T17:00:00+00:00,0.094900,3600
2023-07-17T18:00:00+00:00,0.106610,3600
2023-07-17T19:00:00+00:00,0.124430,3600
2023-07-17T20:00:00+00:00,0.125280,3600
2023-07-17T21:00:00+00:00,0.110440,3600
2023-07-17T22:00:00+00:00,0.099660,3600
2023-07-17T23:00:00+00:00,0.073000,3600
2023-07-18T00:00:00+00:00,0.066020,3600
2023-07-18T01:00:00+00:00,0.069470,3600
2023-07-18T02:00:00+00:00,0.073060,3600
2023-07-18T03:00:00+00:00,0.088580,3600
2023-07-18T04:00:00+00:00,0.088000,3600
2023-07-18T05:00:00+00:00,0.100820,3600
2023-07-18T06:00:00+00:00,0.110000,3600
2023-07-18T07:00:00+00:00,0.085400,3600
2023-07-18T08:00:00+00:00,0.074020,3600
2023-07-18T09:00:00+00:00,0.070000,3600
2023-07-18T10:00:00+00:00,0.075000,3600
2023-07-18T11:00:00+00:00,0.069120,3600
2023-07-18T12:00:00+00:00,0.067300,3600
2023-07-18T13:00:00+00:00,0.070000,3600
2023-07-18T14:00:00+00:00,0.074400,3600
2023-07-18T15:00:00+00:00,0.094030,3600
2023-07-18T16:00:00+00:00,0.122670,3600
2023-07-18T17:00:00+00:00,0.168260,3600
2023-07-18T18:00:00+00:00,0.188000,3600
2023-07-18T19:00:00+00:00,0.164210,3600
2023-07-18T20:00:00+00:00,0.139260,3600
2023-07-18T21:00:00+00:00,0.112100,3600
2023-07-18T22:00:00+00:00,0.108110,3600
2023-07-18T23:00:00+00:00,0.101040,3600
2023-07-19T00:00:00+00:00,0.097250,3600
2023-07-19T01:00:00+00:00,0.095050,3600
2023-07-19T02:00:00+00:00,0.093580,3600
2023-07-19T03:00:00+00:00,0.094900,3600
2023-07-19T04:00:00+00:00,0.097240,3600
2023-07-19T05:00:00+00:00,0.116990,3600
2023-07-19T06:00:00+00:00,0.116880,3600
2023-07-19T07:00:00+00:00,0.099900,3600
2023-07-19T08:00:00+00:00,0.088480,3600
2023-07-19T09:00:00+00:00,0.081290,3600
2023-07-19T10:00:00+00:00,0.077220,3600
2023-07-19T11:00:00+00:00,0.069280,3600
2023-07-19T12:00:00+00:00,0.063330,3600
2023-07-19T13:00:00+00:00,0.062650,3600
2023-07-19T14:00:00+00:00,0.072230,3600
2023-07-19T15:00:00+00:00,0.076540,3600
2023-07-19T16:00:00+00:00,0.094900,3600
2023-07-19T17:00:00+00:00,0.111810,3600
2023-07-19T18:00:00+00:00,0.125630,3600
2023-07-19T19:00:00+00:00,0.122700,3600
2023-07-19T20:00:00+00:00,0.114390,3600
2023-07-19T21:00:00+00:00,0.101100,3600
2023-07-19T22:00:00+00:00,0.098260,3600
2023-07-19T23:00:00+00:00,0.094450,3600
2023-07-20T00:00:00+00:00,0.082900,3600
2023-07-20T01:00:00+00:00,0.080390,3600
2023-07-20T02:00:00+00:00,0.082000,3600
2023-07-20T03:00:00+00:00,0.083880,3600
2023-07-20T04:00:00+00:00,0.095830,3600
2023-07-20T05:00:00+00:00,0.106450,3600
2023-07-20T06:00:00+00:00,0.111450,3600
2023-07-20T07:00:00+00:00,0.098870,3600
2023-07-20T08:00:00+00:00,0.086300,3600
2023-07-20T09:00:00+00:00,0.075660,3600
2023-07-20T10:00:00+00:00,0.068800,3600
2023-07-20T11:00:00+00:00,0.059120,3600
2023-07-20T12:00:00+00:00,0.064120,3600
2023-07-20T13:00:00+00:00,0.074130,3600
2023-07-20T14:00:00+00:00,0.074900,3600
2023-07-20T15:00:00+00:00,0.085490,3600
2023-07-20T16:00:00+00:00,0.101970,3600
2023-07-20T17:00:00+00:00,0.126580,3600
2023-07-20T18:00:00+00:00,0.144150,3600
2023-07-20T19:00:00+00:00,0.137190,3600
2023-07-20T20:00:00+00:00,0.122000,3600
2023-07-20T21:00:00+00:00,0.109660,3600
2023-07-20T22:00:00+00:00,0.099900,3600
2023-07-20T23:00:00+00:00,0.095000,3600
2023-07-21T00:00:00+00:00,0.094200,3600
2023-07-21T01:00:00+00:00,0.091460,3600
2023-07-21T02:00:00+00:00,0.092600,3600
2023-07-21T03:00:00+00:00,0.097050,3600
2023-07-21T04:00:00+00:00,0.088290,3600
2023-07-21T05:00:00+00:00,0.095000,3600
2023-07-21T06:00:00+00:00,0.110790,3600
2023-07-21T07:00:00+00:00,0.103090,3600
2023-07-21T08:00:00+00:00,0.088000,3600
2023-07-21T09:00:00+00:00,0.089550,3600
2023-07-21T10:00:00+00:00,0.080720,3600
2023-07-21T11:00:00+00:00,0.077720,3600
2023-07-21T12:00:00+00:00,0.074600,3600
2023-07-21T13:00:00+00:00,0.073680,3600
2023-07-21T14:00:00+00:00,0.073000,3600
2023-07-21T15:00:00+00:00,0.087400,3600
2023-07-21T16:00:00+00:00,0.084000,3600
2023-07-21T17:00:00+00:00,0.121510,3600
2023-07-21T18:00:00+00:00,0.130000,3600
2023-07-21T19:00:00+00:00,0.121700,3600
2023-07-21T20:00:00+00:00,0.108490,3600
2023-07-21T21:00:00+00:00,0.095640,3600
2023-07-21T22:00:00+00:00,0.097530,3600
2023-07-21T23:00:00+00:00,0.098420,3600
2023-07-22T00:00:00+00:00,0.093000,3600
2023-07-22T01:00:00+00:00,0.094360,3600
2023-07-22T02:00:00+00:00,0.089930,3600
2023-07-22T03:00:00+00:00,0.088000,3600
2023-07-22T04:00:00+00:00,0.088800,3600
2023-07-22T05:00:00+00:00,0.086180,3600
2023-07-22T06:00:00+00:00,0.082930,3600
2023-07-22T07:00:00+00:00,0.090700,3600
2023-07-22T08:00:00+00:00,0.074590,3600
2023-07-22T09:00:00+00:00,0.046560,3600
2023-07-22T10:00:00+00:00,0.044140,3600
2023-07-22T11:00:00+00:00,0.022340,3600
2023-07-22T12:00:00+00:00,0.019520,3600
2023-07-22T13:00:00+00:00,0.029050,3600
2023-07-22T14:00:00+00:00,0.046860,3600
2023-07-22T15:00:00+00:00,0.070870,3600
2023-07-22T16:00:00+00:00,0.085440,3600
2023-07-22T17:00:00+00:00,0.099780,3600
2023-07-22T18:00:00+00:00,0.103860,3600
2023-07-22T19:00:00+00:00,0.116150,3600
2023-07-22T20:00:00+00:00,0.102620,3600
2023-07-22T21:00:00+00:00,0.097310,3600
2023-07-22T22:00:00+00:00,0.087230,3600
2023-07-22T23:00:00+00:00,0.079370,3600
2023-07-23T00:00:00+00:00,0.065410,3600
2023-07-23T01:00:00+00:00,0.033220,3600
2023-07-23T02:00:00+00:00,0.015090,3600
2023-07-23T03:00:00+00:00,0.011090,3600
2023-07-23T04:00:00+00:00,0.005080,3600
2023-07-23T05:00:00+00:00,0.002880,3600
2023-07-23T06:00:00+00:00,0.003420,3600
2023-07-23T07:00:00+00:00,0.000090,3600
2023-07-23T08:00:00+00:00,0.000000,3600
2023-07-23T09:00:00+00:00,-0.000030,3600
2023-07-23T10:00:00+00:00,-0.000050,3600
2023-07-23T11:00:00+00:00,-0.010080,3600
2023-07-23T12:00:00+00:00,-0.017010,3600
2023-07-23T13:00:00+00:00,-0.009610,3600
2023-07-23T14:00:00+00:00,-0.004190,3600
2023-07-23T15:00:00+00:00,0.000000,3600
2023-07-23T16:00:00+00:00,0.027470,3600
2023-07-23T17:00:00+00:00,0.066370,3600
2023-07-23T18:00:00+00:00,0.087660,3600
2023-07-23T19:00:00+00:00,0.093670,3600
2023-07-23T20:00:00+00:00,0.100040,3600
2023-07-23T21:00:00+00:00,0.093400,3600
2023-07-23T22:00:00+00:00,0.077140,3600
2023-07-23T23:00:00+00:00,0.070020,3600
2023-07-24T00:00:00+00:00,0.068990,3600
2023-07-24T01:00:00+00:00,0.072010,3600
2023-07-24T02:00:00+00:00,0.072090,3600
2023-07-24T03:00:00+00:00,0.087110,3600
2023-07-24T04:00:00+00:00,0.099720,3600
2023-07-24T05:00:00+00:00,0.111150,3600
2023-07-24T06:00:00+00:00,0.113700,3600
2023-07-24T07:00:00+00:00,0.105000,3600
2023-07-24T08:00:00+00:00,0.099940,3600
2023-07-24T09:00:00+00:00,0.094620,3600
2023-07-24T10:00:00+00:00,0.087450,3600
2023-07-24T11:00:00+00:00,0.081590,3600
2023-07-24T12:00:00+00:00,0.074890,3600
2023-07-24T13:00:00+00:00,0.063400,3600
2023-07-24T14:00:00+00:00,0.063730,3600
2023-07-24T15:00:00+00:00,0.077480,3600
2023-07-24T16:00:00+00:00,0.095240,3600
2023-07-24T17:00:00+00:00,0.104970,3600
2023-07-24T18:00:00+00:00,0.109900,3600
2023-07-24T19:00:00+00:00,0.112570,3600
2023-07-24T20:00:00+00:00,0.104240,3600
2023-07-24T21:00:00+00:00,0.102450,3600
2023-07-24T22:00:00+00:00,0.096000,3600
2023-07-24T23:00:00+00:00,0.086550,3600
2023-07-25T00:00:00+00:00,0.084950,3600
2023-07-25T01:00:00+00:00,0.084690,3600
2023-07-25T02:00:00+00:00,0.084150,3600
2023-07-25T03:00:00+00:00,0.094210,3600
2023-07-25T04:00:00+00:00,0.089000,3600
2023-07-25T05:00:00+00:00,0.094000,3600
2023-07-25T06:00:00+00:00,0.100300,3600
2023-07-25T07:00:00+00:00,0.094900,3600
2023-07-25T08:00:00+00:00,0.081240,3600
2023-07-25T09:00:00+00:00,0.072000,3600
2023-07-25T10:00:00+00:00,0.039950,3600
2023-07-25T11:00:00+00:00,0.026500,3600
2023-07-25T12:00:00+00:00,0.025790,3600
2023-07-25T13:00:00+00:00,0.041000,3600
2023-07-25T14:00:00+00:00,0.074810,3600
2023-07-25T15:00:00+00:00,0.084000,3600
2023-07-25T16:00:00+00:00,0.088900,3600
2023-07-25T17:00:00+00:00,0.105100,3600
2023-07-25T18:00:00+00:00,0.119280,3600
2023-07-25T19:00:00+00:00,0.118130,3600
2023-07-25T20:00:00+00:00,0.110100,3600
2023-07-25T21:00:00+00:00,0.098500,3600
2023-07-25T22:00:00+00:00,0.097960,3600
2023-07-25T23:00:00+00:00,0.089310,3600
2023-07-26T00:00:00+00:00,0.086260,3600
2023-07-26T01:00:00+00:00,0.079650,3600
2023-07-26T02:00:00+00:00,0.079640,3600
2023-07-26T03:00:00+00:00,0.086830,3600
2023-07-26T04:00:00+00:00,0.100140,3600
2023-07-26T05:00:00+00:00,0.114220,3600
2023-07-26T06:00:00+00:00,0.119940,3600
2023-07-26T07:00:00+00:00,0.105600,3600
2023-07-26T08:00:00+00:00,0.097480,3600
2023-07-26T09:00:00+00:00,0.090970,3600
2023-07-26T10:00:00+00:00,0.084590,3600
2023-07-26T11:00:00+00:00,0.072000,3600
2023-07-26T12:00:00+00:00,0.065160,3600
2023-07-26T13:00:00+00:00,0.056400,3600
2023-07-26T14:00:00+00:00,0.080000,3600
2023-07-26T15:00:00+00:00,0.089190,3600
2023-07-26T16:00:00+00:00,0.095130,3600
2023-07-26T17:00:00+00:00,0.114940,3600
2023-07-26T18:00:00+00:00,0.120860,3600
2023-07-26T19:00:00+00:00,0.117810,3600
2023-07-26T20:00:00+00:00,0.110620,3600
2023-07-26T21:00:00+00:00,0.097000,3600
2023-07-26T22:00:00+00:00,0.098360,3600
2023-07-26T23:00:00+00:00,0.082690,3600
2023-07-27T00:00:00+00:00,0.076000,3600
2023-07-27T01:00:00+00:00,0.071060,3600
2023-07-27T02:00:00+00:00,0.070580,3600
2023-07-27T03:00:00+00:00,0.078600,3600
2023-07-27T04:00:00+00:00,0.083340,3600
2023-07-27T05:00:00+00:00,0.098500,3600
2023-07-27T06:00:00+00:00,0.104300,3600
2023-07-27T07:00:00+00:00,0.099120,3600
2023-07-27T08:00:00+00:00,0.096800,3600
2023-07-27T09:00:00+00:00,0.090570,3600
2023-07-27T10:00:00+00:00,0.086450,3600
2023-07-27T11:00:00+00:00,0.080010,3600
2023-07-27T12:00:00+00:00,0.078330,3600
2023-07-27T13:00:00+00:00,0.080720,3600
2023-07-27T14:00:00+00:00,0.091480,3600
2023-07-27T15:00:00+00:00,0.105000,3600
2023-07-27T16:00:00+00:00,0.112830,3600
2023-07-27T17:00:00+00:00,0.114330,3600
2023-07-27T18:00:00+00:00,0.109660,3600
2023-07-27T19:00:00+00:00,0.107960,3600
2023-07-27T20:00:00+00:00,0.106640,3600
2023-07-27T21:00:00+00:00,0.099130,3600
2023-07-27T22:00:00+00:00,0.088630,3600
2023-07-27T23:00:00+00:00,0.079590,3600
2023-07-28T00:00:00+00:00,0.078130,3600
2023-07-28T01:00:00+00:00,0.079200,3600
2023-07-28T02:00:00+00:00,0.080020,3600
2023-07-28T03:00:00+00:00,0.089530,3600
2023-07-28T04:00:00+00:00,0.099640,3600
2023-07-28T05:00:00+00:00,0.111110,3600
2023-07-28T06:00:00+00:00,0.112990,3600
2023-07-28T07:00:00+00:00,0.107870,3600
2023-07-28T08:00:00+00:00,0.099540,3600
2023-07-28T09:00:00+00:00,0.093000,3600
2023-07-28T10:00:00+00:00,0.083350,3600
2023-07-28T11:00:00+00:00,0.080000,3600
2023-07-28T12:00:00+00:00,0.075650,3600
2023-07-28T13:00:00+00:00,0.076100,3600
2023-07-28T14:00:00+00:00,0.080000,3600
2023-07-28T15:00:00+00:00,0.092840,3600
2023-07-28T16:00:00+00:00,0.101570,3600
2023-07-28T17:00:00+00:00,0.111730,3600
2023-07-28T18:00:00+00:00,0.112660,3600
2023-07-28T19:00:00+00:00,0.120670,3600
2023-07-28T20:00:00+00:00,0.112200,3600
2023-07-28T21:00:00+00:00,0.101640,3600
2023-07-28T22:00:00+00:00,0.103090,3600
2023-07-28T23:00:00+00:00,0.094200,3600
2023-07-29T00:00:00+00:00,0.091170,3600
2023-07-29T01:00:00+00:00,0.085660,3600
2023-07-29T02:00:00+00:00,0.088970,3600
2023-07-29T03:00:00+00:00,0.087030,3600
2023-07-29T04:00:00+00:00,0.085700,3600
2023-07-29T05:00:00+00:00,0.087910,3600
2023-07-29T06:00:00+00:00,0.085790,3600
2023-07-29T07:00:00+00:00,0.081710,3600
2023-07-29T08:00:00+00:00,0.075500,3600
2023-07-29T09:00:00+00:00,0.063750,3600
2023-07-29T10:00:00+00:00,0.058240,3600
2023-07-29T11:00:00+00:00,0.040090,3600
2023-07-29T12:00:00+00:00,0.015050,3600
2023-07-29T13:00:00+00:00,0.019360,3600
2023-07-29T14:00:00+00:00,0.009990,3600
2023-07-29T15:00:00+00:00,0.050060,3600
2023-07-29T16:00:00+00:00,0.072600,3600
2023-07-29T17:00:00+00:00,0.091460,3600
2023-07-29T18:00:00+00:00,0.099850,3600
2023-07-29T19:00:00+00:00,0.100820,3600
2023-07-29T20:00:00+00:00,0.100360,3600
2023-07-29T21:00:00+00:00,0.092180,3600
2023-07-29T22:00:00+00:00,0.084500,3600
2023-07-29T23:00:00+00:00,0.074900,3600
2023-07-30T00:00:00+00:00,0.067810,3600
2023-07-30T01:00:00+00:00,0.057790,3600
2023-07-30T02:00:00+00:00,0.051600,3600
2023-07-30T03:00:00+00:00,0.051700,3600
2023-07-30T04:00:00+00:00,0.047340,3600
2023-07-30T05:00:00+00:00,0.037000,3600
2023-07-30T06:00:00+00:00,0.029820,3600
2023-07-30T07:00:00+00:00,0.008480,3600
2023-07-30T08:00:00+00:00,-0.000010,3600
2023-07-30T09:00:00+00:00,-0.016020,3600
2023-07-30T10:00:00+00:00,-0.022330,3600
2023-07-30T11:00:00+00:00,-0.068410,3600
2023-07-30T12:00:00+00:00,-0.088030,3600
2023-07-30T13:00:00+00:00,-0.061060,3600
2023-07-30T14:00:00+00:00,-0.030320,3600
2023-07-30T15:00:00+00:00,-0.011120,3600
2023-07-30T16:00:00+00:00,0.004020,3600
2023-07-30T17:00:00+00:00,0.074370,3600
2023-07-30T18:00:00+00:00,0.084470,3600
2023-07-30T19:00:00+00:00,0.086830,3600
2023-07-30T20:00:00+00:00,0.086190,3600
2023-07-30T21:00:00+00:00,0.070050,3600
2023-07-30T22:00:00+00:00,0.061030,3600
2023-07-30T23:00:00+00:00,0.050510,3600
2023-07-31T00:00:00+00:00,0.044090,3600
2023-07-31T01:00:00+00:00,0.030300,3600
2023-07-31T02:00:00+00:00,0.028910,3600
2023-07-31T03:00:00+00:00,0.050310,3600
2023-07-31T04:00:00+00:00,0.077210,3600
2023-07-31T05:00:00+00:00,0.086130,3600
2023-07-31T06:00:00+00:00,0.088130,3600
2023-07-31T07:00:00+00:00,0.086000,3600
2023-07-31T08:00:00+00:00,0.074180,3600
2023-07-31T09:00:00+00:00,0.067510,3600
2023-07-31T10:00:00+00:00,0.065300,3600
2023-07-31T11:00:00+00:00,0.059660,3600
2023-07-31T12:00:00+00:00,0.059170,3600
2023-07-31T13:00:00+00:00,0.060000,3600
2023-07-31T14:00:00+00:00,0.067690,3600
2023-07-31T15:00:00+00:00,0.075780,3600
2023-07-31T16:00:00+00:00,0.088490,3600
2023-07-31T17:00:00+00:00,0.097430,3600
2023-07-31T18:00:00+00:00,0.099860,3600
2023-07-31T19:00:00+00:00,0.098650,3600
2023-07-31T20:00:00+00:00,0.095310,3600
2023-07-31T21:00:00+00:00,0.087720,3600
2023-07-31T22:00:00+00:00,0.068090,3600
2023-07-31T23:00:00+00:00,0.058860,3600
2023-08-01T00:00:00+00:00,0.057860,3600
2023-08-01T01:00:00+00:00,0.056940,3600
2023-08-01T02:00:00+00:00,0.057900,3600
2023-08-01T03:00:00+00:00,0.063400,3600
2023-08-01T04:00:00+00:00,0.090500,3600
2023-08-01T05:00:00+00:00,0.094180,3600
2023-08-01T06:00:00+00:00,0.095730,3600
2023-08-01T07:00:00+00:00,0.090670,3600
2023-08-01T08:00:00+00:00,0.086030,3600
2023-08-01T09:00:00+00:00,0.070890,3600
2023-08-01T10:00:00+00:00,0.068870,3600
2023-08-01T11:00:00+00:00,0.061960,3600
2023-08-01T12:00:00+00:00,0.052500,3600
2023-08-01T13:00:00+00:00,0.047650,3600
2023-08-01T14:00:00+00:00,0.053700,3600
2023-08-01T15:00:00+00:00,0.068240,3600
2023-08-01T16:00:00+00:00,0.081320,3600
2023-08-01T17:00:00+00:00,0.096080,3600
2023-08-01T18:00:00+00:00,0.108720,3600
2023-08-01T19:00:00+00:00,0.112160,3600
2023-08-01T20:00:00+00:00,0.102550,3600
2023-08-01T21:00:00+00:00,0.092780,3600
2023-08-01T22:00:00+00:00,0.089380,3600
2023-08-01T23:00:00+00:00,0.077540,3600
2023-08-02T00:00:00+00:00,0.069620,3600
2023-08-02T01:00:00+00:00,0.067130,3600
2023-08-02T02:00:00+00:00,0.069990,3600
2023-08-02T03:00:00+00:00,0.085740,3600
2023-08-02T04:00:00+00:00,0.102440,3600
2023-08-02T05:00:00+00:00,0.111960,3600
2023-08-02T06:00:00+00:00,0.097450,3600
2023-08-02T07:00:00+00:00,0.088000,3600
2023-08-02T08:00:00+00:00,0.078220,3600
2023-08-02T09:00:00+00:00,0.064500,3600
2023-08-02T10:00:00+00:00,0.052020,3600
2023-08-02T11:00:00+00:00,0.033080,3600
2023-08-02T12:00:00+00:00,0.024130,3600
2023-08-02T13:00:00+00:00,0.018960,3600
2023-08-02T14:00:00+00:00,0.028290,3600
2023-08-02T15:00:00+00:00,0.052240,3600
2023-08-02T16:00:00+00:00,0.068860,3600
2023-08-02T17:00:00+00:00,0.082160,3600
2023-08-02T18:00:00+00:00,0.080710,3600
2023-08-02T19:00:00+00:00,0.077200,3600
2023-08-02T20:00:00+00:00,0.065700,3600
2023-08-02T21:00:00+00:00,0.041120,3600
2023-08-02T22:00:00+00:00,0.019970,3600
2023-08-02T23:00:00+00:00,0.009510,3600
2023-08-03T00:00:00+00:00,0.003430,3600
2023-08-03T01:00:00+00:00,0.005610,3600
2023-08-03T02:00:00+00:00,0.007200,3600
2023-08-03T03:00:00+00:00,0.024800,3600
2023-08-03T04:00:00+00:00,0.047380,3600
2023-08-03T05:00:00+00:00,0.070000,3600
2023-08-03T06:00:00+00:00,0.070050,3600
2023-08-03T07:00:00+00:00,0.062800,3600
2023-08-03T08:00:00+00:00,0.045500,3600
2023-08-03T09:00:00+00:00,0.034540,3600
2023-08-03T10:00:00+00:00,0.027010,3600
2023-08-03T11:00:00+00:00,0.021250,3600
2023-08-03T12:00:00+00:00,0.017430,3600
2023-08-03T13:00:00+00:00,0.017700,3600
2023-08-03T14:00:00+00:00,0.021940,3600
2023-08-03T15:00:00+00:00,0.049900,3600
2023-08-03T16:00:00+00:00,0.080000,3600
2023-08-03T17:00:00+00:00,0.095920,3600
2023-08-03T18:00:00+00:00,0.100000,3600
2023-08-03T19:00:00+00:00,0.115100,3600
2023-08-03T20:00:00+00:00,0.113500,3600
2023-08-03T21:00:00+00:00,0.092850,3600
2023-08-03T22:00:00+00:00,0.090140,3600
2023-08-03T23:00:00+00:00,0.083850,3600
2023-08-04T00:00:00+00:00,0.080920,3600
2023-08-04T01:00:00+00:00,0.079250,3600
2023-08-04T02:00:00+00:00,0.082450,3600
2023-08-04T03:00:00+00:00,0.087700,3600
2023-08-04T04:00:00+00:00,0.099250,3600
2023-08-04T05:00:00+00:00,0.110000,3600
2023-08-04T06:00:00+00:00,0.114940,3600
2023-08-04T07:00:00+00:00,0.097000,3600
2023-08-04T08:00:00+00:00,0.095160,3600
2023-08-04T09:00:00+00:00,0.090680,3600
2023-08-04T10:00:00+00:00,0.086920,3600
2023-08-04T11:00:00+00:00,0.080810,3600
2023-08-04T12:00:00+00:00,0.077840,3600
2023-08-04T13:00:00+00:00,0.076270,3600
2023-08-04T14:00:00+00:00,0.077100,3600
2023-08-04T15:00:00+00:00,0.081430,3600
2023-08-04T16:00:00+00:00,0.095000,3600
2023-08-04T17:00:00+00:00,0.111540,3600
2023-08-04T18:00:00+00:00,0.138710,3600
2023-08-04T19:00:00+00:00,0.126770,3600
2023-08-04T20:00:00+00:00,0.109190,3600
2023-08-04T21:00:00+00:00,0.098490,3600
2023-08-04T22:00:00+00:00,0.101550,3600
2023-08-04T23:00:00+00:00,0.094900,3600
2023-08-05T00:00:00+00:00,0.092580,3600
2023-08-05T01:00:00+00:00,0.090300,3600
2023-08-05T02:00:00+00:00,0.090240,3600
2023-08-05T03:00:00+00:00,0.090540,3600
2023-08-05T04:00:00+00:00,0.094340,3600
2023-08-05T05:00:00+00:00,0.092490,3600
2023-08-05T06:00:00+00:00,0.091330,3600
2023-08-05T07:00:00+00:00,0.088540,3600
2023-08-05T08:00:00+00:00,0.080100,3600
2023-08-05T09:00:00+00:00,0.074670,3600
2023-08-05T10:00:00+00:00,0.065010,3600
2023-08-05T11:00:00+00:00,0.058910,3600
2023-08-05T12:00:00+00:00,0.058040,3600
2023-08-05T13:00:00+00:00,0.065200,3600
2023-08-05T14:00:00+00:00,0.077700,3600
2023-08-05T15:00:00+00:00,0.095300,3600
2023-08-05T16:00:00+00:00,0.103000,3600
2023-08-05T17:00:00+00:00,0.107900,3600
2023-08-05T18:00:00+00:00,0.119100,3600
2023-08-05T19:00:00+00:00,0.107420,3600
2023-08-05T20:00:00+00:00,0.098370,3600
2023-08-05T21:00:00+00:00,0.087220,3600
2023-08-05T22:00:00+00:00,0.088040,3600
2023-08-05T23:00:00+00:00,0.088090,3600
2023-08-06T00:00:00+00:00,0.079070,3600
2023-08-06T01:00:00+00:00,0.079080,3600
2023-08-06T02:00:00+00:00,0.075060,3600
2023-08-06T03:00:00+00:00,0.084000,3600
2023-08-06T04:00:00+00:00,0.075460,3600
2023-08-06T05:00:00+00:00,0.066500,3600
2023-08-06T06:00:00+00:00,0.063400,3600
2023-08-06T07:00:00+00:00,0.057220,3600
2023-08-06T08:00:00+00:00,0.050030,3600
2023-08-06T09:00:00+00:00,0.043850,3600
2023-08-06T10:00:00+00:00,0.000000,3600
2023-08-06T11:00:00+00:00,0.000040,3600
2023-08-06T12:00:00+00:00,-0.004750,3600
2023-08-06T13:00:00+00:00,-0.004750,3600
2023-08-06T14:00:00+00:00,0.000000,3600
2023-08-06T15:00:00+00:00,0.035170,3600
2023-08-06T16:00:00+00:00,0.062030,3600
2023-08-06T17:00:00+00:00,0.072610,3600
2023-08-06T18:00:00+00:00,0.076850,3600
2023-08-06T19:00:00+00:00,0.077350,3600
2023-08-06T20:00:00+00:00,0.071860,3600
2023-08-06T21:00:00+00:00,0.072600,3600
2023-08-06T22:00:00+00:00,0.054510,3600
2023-08-06T23:00:00+00:00,0.047950,3600
2023-08-07T00:00:00+00:00,0.050000,3600
2023-08-07T01:00:00+00:00,0.007480,3600
2023-08-07T02:00:00+00:00,0.030030,3600
2023-08-07T03:00:00+00:00,0.000030,3600
2023-08-07T04:00:00+00:00,0.072220,3600
2023-08-07T05:00:00+00:00,0.084100,3600
2023-08-07T06:00:00+00:00,0.064050,3600
2023-08-07T07:00:00+00:00,0.025280,3600
2023-08-07T08:00:00+00:00,0.000010,3600
2023-08-07T09:00:00+00:00,-0.004750,3600
2023-08-07T10:00:00+00:00,-0.015630,3600
2023-08-07T11:00:00+00:00,-0.027060,3600
2023-08-07T12:00:00+00:00,-0.041850,3600
2023-08-07T13:00:00+00:00,-0.020020,3600
2023-08-07T14:00:00+00:00,-0.010020,3600
2023-08-07T15:00:00+00:00,-0.000040,3600
2023-08-07T16:00:00+00:00,0.011000,3600
2023-08-07T17:00:00+00:00,0.074900,3600
2023-08-07T18:00:00+00:00,0.112000,3600
2023-08-07T19:00:00+00:00,0.118000,3600
2023-08-07T20:00:00+00:00,0.114000,3600
2023-08-07T21:00:00+00:00,0.084900,3600
2023-08-07T22:00:00+00:00,0.092700,3600
2023-08-07T23:00:00+00:00,0.088000,3600
2023-08-08T00:00:00+00:00,0.085000,3600
2023-08-08T01:00:00+00:00,0.080000,3600
2023-08-08T02:00:00+00:00,0.075770,3600
2023-08-08T03:00:00+00:00,0.068840,3600
2023-08-08T04:00:00+00:00,0.098870,3600
2023-08-08T05:00:00+00:00,0.080500,3600
2023-08-08T06:00:00+00:00,0.004900,3600
2023-08-08T07:00:00+00:00,-0.002700,3600
2023-08-08T08:00:00+00:00,-0.010030,3600
2023-08-08T09:00:00+00:00,-0.040080,3600
2023-08-08T10:00:00+00:00,-0.051580,3600
2023-08-08T11:00:00+00:00,-0.073220,3600
2023-08-08T12:00:00+00:00,-0.079220,3600
2023-08-08T13:00:00+00:00,-0.048920,3600
2023-08-08T14:00:00+00:00,-0.010710,3600
2023-08-08T15:00:00+00:00,-0.000820,3600
2023-08-08T16:00:00+00:00,0.040000,3600
2023-08-08T17:00:00+00:00,0.088710,3600
2023-08-08T18:00:00+00:00,0.095340,3600
2023-08-08T19:00:00+00:00,0.105090,3600
2023-08-08T20:00:00+00:00,0.105990,3600
2023-08-08T21:00:00+00:00,0.099900,3600
2023-08-08T22:00:00+00:00,0.085700,3600
2023-08-08T23:00:00+00:00,0.079000,3600
2023-08-09T00:00:00+00:00,0.074500,3600
2023-08-09T01:00:00+00:00,0.070100,3600
2023-08-09T02:00:00+00:00,0.074120,3600
2023-08-09T03:00:00+00:00,0.083950,3600
2023-08-09T04:00:00+00:00,0.098160,3600
2023-08-09T05:00:00+00:00,0.105700,3600
2023-08-09T06:00:00+00:00,0.106440,3600
2023-08-09T07:00:00+00:00,0.099590,3600
2023-08-09T08:00:00+00:00,0.071470,3600
2023-08-09T09:00:00+00:00,0.002860,3600
2023-08-09T10:00:00+00:00,0.000940,3600
2023-08-09T11:00:00+00:00,-0.000600,3600
2023-08-09T12:00:00+00:00,0.003250,3600
2023-08-09T13:00:00+00:00,0.000100,3600
2023-08-09T14:00:00+00:00,0.004900,3600
2023-08-09T15:00:00+00:00,0.064900,3600
2023-08-09T16:00:00+00:00,0.094300,3600
2023-08-09T17:00:00+00:00,0.114400,3600
2023-08-09T18:00:00+00:00,0.134580,3600
2023-08-09T19:00:00+00:00,0.131350,3600
2023-08-09T20:00:00+00:00,0.122470,3600
2023-08-09T21:00:00+00:00,0.100960,3600
2023-08-09T22:00:00+00:00,0.096270,3600
2023-08-09T23:00:00+00:00,0.091990,3600
2023-08-10T00:00:00+00:00,0.089150,3600
2023-08-10T01:00:00+00:00,0.079980,3600
2023-08-10T02:00:00+00:00,0.084850,3600
2023-08-10T03:00:00+00:00,0.086100,3600
2023-08-10T04:00:00+00:00,0.099900,3600
2023-08-10T05:00:00+00:00,0.103320,3600
2023-08-10T06:00:00+00:00,0.104200,3600
2023-08-10T07:00:00+00:00,0.096000,3600
2023-08-10T08:00:00+00:00,0.070200,3600
2023-08-10T09:00:00+00:00,0.043910,3600
2023-08-10T10:00:00+00:00,0.018250,3600
2023-08-10T11:00:00+00:00,0.018010,3600
2023-08-10T12:00:00+00:00,0.016770,3600
2023-08-10T13:00:00+00:00,0.030690,3600
2023-08-10T14:00:00+00:00,0.066150,3600
2023-08-10T15:00:00+00:00,0.087700,3600
2023-08-10T16:00:00+00:00,0.097080,3600
2023-08-10T17:00:00+00:00,0.103460,3600
2023-08-10T18:00:00+00:00,0.164910,3600
2023-08-10T19:00:00+00:00,0.142020,3600
2023-08-10T20:00:00+00:00,0.115490,3600
2023-08-10T21:00:00+00:00,0.101110,3600
2023-08-10T22:00:00+00:00,0.111300,3600
2023-08-10T23:00:00+00:00,0.106270,3600
2023-08-11T00:00:00+00:00,0.102860,3600
2023-08-11T01:00:00+00:00,0.098350,3600
2023-08-11T02:00:00+00:00,0.087590,3600
2023-08-11T03:00:00+00:00,0.093000,3600
2023-08-11T04:00:00+00:00,0.116380,3600
2023-08-11T05:00:00+00:00,0.120300,3600
2023-08-11T06:00:00+00:00,0.114970,3600
2023-08-11T07:00:00+00:00,0.099710,3600
2023-08-11T08:00:00+00:00,0.085000,3600
2023-08-11T09:00:00+00:00,0.074300,3600
2023-08-11T10:00:00+00:00,0.030100,3600
2023-08-11T11:00:00+00:00,0.016630,3600
2023-08-11T12:00:00+00:00,0.024900,3600
2023-08-11T13:00:00+00:00,0.058010,3600
2023-08-11T14:00:00+00:00,0.084580,3600
2023-08-11T15:00:00+00:00,0.097980,3600
2023-08-11T16:00:00+00:00,0.108300,3600
2023-08-11T17:00:00+00:00,0.130000,3600
2023-08-11T18:00:00+00:00,0.138870,3600
2023-08-11T19:00:00+00:00,0.132590,3600
2023-08-11T20:00:00+00:00,0.118000,3600
2023-08-11T21:00:00+00:00,0.104060,3600
2023-08-11T22:00:00+00:00,0.103540,3600
2023-08-11T23:00:00+00:00,0.098200,3600
2023-08-12T00:00:00+00:00,0.097700,3600
2023-08-12T01:00:00+00:00,0.095730,3600
2023-08-12T02:00:00+00:00,0.093910,3600
2023-08-12T03:00:00+00:00,0.098060,3600
2023-08-12T04:00:00+00:00,0.095110,3600
2023-08-12T05:00:00+00:00,0.099310,3600
2023-08-12T06:00:00+00:00,0.101780,3600
2023-08-12T07:00:00+00:00,0.088500,3600
2023-08-12T08:00:00+00:00,0.077610,3600
2023-08-12T09:00:00+00:00,0.064760,3600
2023-08-12T10:00:00+00:00,0.050000,3600
2023-08-12T11:00:00+00:00,0.023720,3600
2023-08-12T12:00:00+00:00,0.006000,3600
2023-08-12T13:00:00+00:00,0.006920,3600
2023-08-12T14:00:00+00:00,0.020400,3600
2023-08-12T15:00:00+00:00,0.065120,3600
2023-08-12T16:00:00+00:00,0.089430,3600
2023-08-12T17:00:00+00:00,0.106470,3600
2023-08-12T18:00:00+00:00,0.111160,3600
2023-08-12T19:00:00+00:00,0.112280,3600
2023-08-12T20:00:00+00:00,0.108050,3600
2023-08-12T21:00:00+00:00,0.101660,3600
2023-08-12T22:00:00+00:00,0.090100,3600
2023-08-12T23:00:00+00:00,0.084670,3600
2023-08-13T00:00:00+00:00,0.078800,3600
2023-08-13T01:00:00+00:00,0.069660,3600
2023-08-13T02:00:00+00:00,0.069000,3600
2023-08-13T03:00:00+00:00,0.072020,3600
2023-08-13T04:00:00+00:00,0.077730,3600
2023-08-13T05:00:00+00:00,0.076640,3600
2023-08-13T06:00:00+00:00,0.069930,3600
2023-08-13T07:00:00+00:00,0.047890,3600
2023-08-13T08:00:00+00:00,0.027420,3600
2023-08-13T09:00:00+00:00,0.013700,3600
2023-08-13T10:00:00+00:00,0.000010,3600
2023-08-13T11:00:00+00:00,-0.003790,3600
2023-08-13T12:00:00+00:00,0.001440,3600
2023-08-13T13:00:00+00:00,0.006760,3600
2023-08-13T14:00:00+00:00,0.017450,3600
2023-08-13T15:00:00+00:00,0.072260,3600
2023-08-13T16:00:00+00:00,0.097160,3600
2023-08-13T17:00:00+00:00,0.100000,3600
2023-08-13T18:00:00+00:00,0.110900,3600
2023-08-13T19:00:00+00:00,0.120000,3600
2023-08-13T20:00:00+00:00,0.120050,3600
2023-08-13T21:00:00+00:00,0.114000,3600
2023-08-13T22:00:00+00:00,0.098010,3600
2023-08-13T23:00:00+00:00,0.089630,3600
2023-08-14T00:00:00+00:00,0.084320,3600
2023-08-14T01:00:00+00:00,0.085840,3600
2023-08-14T02:00:00+00:00,0.089800,3600
2023-08-14T03:00:00+00:00,0.105300,3600
2023-08-14T04:00:00+00:00,0.119970,3600
2023-08-14T05:00:00+00:00,0.124660,3600
2023-08-14T06:00:00+00:00,0.112960,3600
2023-08-14T07:00:00+00:00,0.099330,3600
2023-08-14T08:00:00+00:00,0.082130,3600
2023-08-14T09:00:00+00:00,0.075660,3600
2023-08-14T10:00:00+00:00,0.067660,3600
2023-08-14T11:00:00+00:00,0.063570,3600
2023-08-14T12:00:00+00:00,0.067020,3600
2023-08-14T13:00:00+00:00,0.074100,3600
2023-08-14T14:00:00+00:00,0.081480,3600
2023-08-14T15:00:00+00:00,0.097270,3600
2023-08-14T16:00:00+00:00,0.103400,3600
2023-08-14T17:00:00+00:00,0.131510,3600
2023-08-14T18:00:00+00:00,0.137000,3600
2023-08-14T19:00:00+00:00,0.128780,3600
2023-08-14T20:00:00+00:00,0.110990,3600
2023-08-14T21:00:00+00:00,0.101060,3600
2023-08-14T22:00:00+00:00,0.099600,3600
2023-08-14T23:00:00+00:00,0.092650,3600
2023-08-15T00:00:00+00:00,0.092160,3600
2023-08-15T01:00:00+00:00,0.089960,3600
2023-08-15T02:00:00+00:00,0.087670,3600
2023-08-15T03:00:00+00:00,0.092000,3600
2023-08-15T04:00:00+00:00,0.106760,3600
2023-08-15T05:00:00+00:00,0.131160,3600
2023-08-15T06:00:00+00:00,0.117690,3600
2023-08-15T07:00:00+00:00,0.093380,3600
2023-08-15T08:00:00+00:00,0.079480,3600
2023-08-15T09:00:00+00:00,0.070890,3600
2023-08-15T10:00:00+00:00,0.059080,3600
2023-08-15T11:00:00+00:00,0.025430,3600
2023-08-15T12:00:00+00:00,0.023540,3600
2023-08-15T13:00:00+00:00,0.045850,3600
2023-08-15T14:00:00+00:00,0.070260,3600
2023-08-15T15:00:00+00:00,0.091830,3600
2023-08-15T16:00:00+00:00,0.102180,3600
2023-08-15T17:00:00+00:00,0.124490,3600
2023-08-15T18:00:00+00:00,0.142000,3600
2023-08-15T19:00:00+00:00,0.133040,3600
2023-08-15T20:00:00+00:00,0.125350,3600
2023-08-15T21:00:00+00:00,0.107890,3600
2023-08-15T22:00:00+00:00,0.106790,3600
2023-08-15T23:00:00+00:00,0.097450,3600
2023-08-16T00:00:00+00:00,0.092600,3600
2023-08-16T01:00:00+00:00,0.090520,3600
2023-08-16T02:00:00+00:00,0.090170,3600
2023-08-16T03:00:00+00:00,0.096540,3600
2023-08-16T04:00:00+00:00,0.116410,3600
2023-08-16T05:00:00+00:00,0.139900,3600
2023-08-16T06:00:00+00:00,0.127040,3600
2023-08-16T07:00:00+00:00,0.109510,3600
2023-08-16T08:00:00+00:00,0.099260,3600
2023-08-16T09:00:00+00:00,0.094030,3600
2023-08-16T10:00:00+00:00,0.086700,3600
2023-08-16T11:00:00+00:00,0.084510,3600
2023-08-16T12:00:00+00:00,0.079980,3600
2023-08-16T13:00:00+00:00,0.080000,3600
2023-08-16T14:00:00+00:00,0.088400,3600
2023-08-16T15:00:00+00:00,0.106720,3600
2023-08-16T16:00:00+00:00,0.128430,3600
2023-08-16T17:00:00+00:00,0.153470,3600
2023-08-16T18:00:00+00:00,0.151390,3600
2023-08-16T19:00:00+00:00,0.136100,3600
2023-08-16T20:00:00+00:00,0.119900,3600
2023-08-16T21:00:00+00:00,0.099990,3600
2023-08-16T22:00:00+00:00,0.104880,3600
2023-08-16T23:00:00+00:00,0.098380,3600
2023-08-17T00:00:00+00:00,0.097950,3600
2023-08-17T01:00:00+00:00,0.094950,3600
2023-08-17T02:00:00+00:00,0.092160,3600
2023-08-17T03:00:00+00:00,0.099850,3600
2023-08-17T04:00:00+00:00,0.119270,3600
2023-08-17T05:00:00+00:00,0.124010,3600
2023-08-17T06:00:00+00:00,0.124760,3600
2023-08-17T07:00:00+00:00,0.108390,3600
2023-08-17T08:00:00+00:00,0.100000,3600
2023-08-17T09:00:00+00:00,0.095190,3600
2023-08-17T10:00:00+00:00,0.091620,3600
2023-08-17T11:00:00+00:00,0.089980,3600
2023-08-17T12:00:00+00:00,0.089980,3600
2023-08-17T13:00:00+00:00,0.088950,3600
2023-08-17T14:00:00+00:00,0.091520,3600
2023-08-17T15:00:00+00:00,0.105000,3600
2023-08-17T16:00:00+00:00,0.117130,3600
2023-08-17T17:00:00+00:00,0.141000,3600
2023-08-17T18:00:00+00:00,0.139220,3600
2023-08-17T19:00:00+00:00,0.128780,3600
2023-08-17T20:00:00+00:00,0.116630,3600
2023-08-17T21:00:00+00:00,0.106750,3600
2023-08-17T22:00:00+00:00,0.104760,3600
2023-08-17T23:00:00+00:00,0.097300,3600
2023-08-18T00:00:00+00:00,0.100060,3600
2023-08-18T01:00:00+00:00,0.097180,3600
2023-08-18T02:00:00+00:00,0.097540,3600
2023-08-18T03:00:00+00:00,0.100050,3600
2023-08-18T04:00:00+00:00,0.116440,3600
2023-08-18T05:00:00+00:00,0.130910,3600
2023-08-18T06:00:00+00:00,0.120080,3600
2023-08-18T07:00:00+00:00,0.106840,3600
2023-08-18T08:00:00+00:00,0.095850,3600
2023-08-18T09:00:00+00:00,0.089050,3600
2023-08-18T10:00:00+00:00,0.086280,3600
2023-08-18T11:00:00+00:00,0.082850,3600
2023-08-18T12:00:00+00:00,0.084160,3600
2023-08-18T13:00:00+00:00,0.088370,3600
2023-08-18T14:00:00+00:00,0.095240,3600
2023-08-18T15:00:00+00:00,0.108120,3600
2023-08-18T16:00:00+00:00,0.124460,3600
2023-08-18T17:00:00+00:00,0.136970,3600
2023-08-18T18:00:00+00:00,0.145130,3600
2023-08-18T19:00:00+00:00,0.122990,3600
2023-08-18T20:00:00+00:00,0.103710,3600
2023-08-18T21:00:00+00:00,0.097080,3600
2023-08-18T22:00:00+00:00,0.098850,3600
2023-08-18T23:00:00+00:00,0.099570,3600
2023-08-19T00:00:00+00:00,0.090210,3600
2023-08-19T01:00:00+00:00,0.093640,3600
2023-08-19T02:00:00+00:00,0.095900,3600
2023-08-19T03:00:00+00:00,0.095900,3600
2023-08-19T04:00:00+00:00,0.099900,3600
2023-08-19T05:00:00+00:00,0.088200,3600
2023-08-19T06:00:00+00:00,0.083020,3600
2023-08-19T07:00:00+00:00,0.079370,3600
2023-08-19T08:00:00+00:00,0.069400,3600
2023-08-19T09:00:00+00:00,0.041830,3600
2023-08-19T10:00:00+00:00,0.025450,3600
2023-08-19T11:00:00+00:00,0.014860,3600
2023-08-19T12:00:00+00:00,0.012590,3600
2023-08-19T13:00:00+00:00,0.025010,3600
2023-08-19T14:00:00+00:00,0.055840,3600
2023-08-19T15:00:00+00:00,0.077600,3600
2023-08-19T16:00:00+00:00,0.098960,3600
2023-08-19T17:00:00+00:00,0.099900,3600
2023-08-19T18:00:00+00:00,0.129400,3600
2023-08-19T19:00:00+00:00,0.132540,3600
2023-08-19T20:00:00+00:00,0.123710,3600
2023-08-19T21:00:00+00:00,0.112540,3600
2023-08-19T22:00:00+00:00,0.113990,3600
2023-08-19T23:00:00+00:00,0.110590,3600
2023-08-20T00:00:00+00:00,0.105170,3600
2023-08-20T01:00:00+00:00,0.105020,3600
2023-08-20T02:00:00+00:00,0.103010,3600
2023-08-20T03:00:00+00:00,0.104610,3600
2023-08-20T04:00:00+00:00,0.104960,3600
2023-08-20T05:00:00+00:00,0.099690,3600
2023-08-20T06:00:00+00:00,0.098990,3600
2023-08-20T07:00:00+00:00,0.086620,3600
2023-08-20T08:00:00+00:00,0.073280,3600
2023-08-20T09:00:00+00:00,0.044000,3600
2023-08-20T10:00:00+00:00,0.009130,3600
2023-08-20T11:00:00+00:00,0.013250,3600
2023-08-20T12:00:00+00:00,0.013840,3600
2023-08-20T13:00:00+00:00,0.033810,3600
2023-08-20T14:00:00+00:00,0.078980,3600
2023-08-20T15:00:00+00:00,0.095100,3600
2023-08-20T16:00:00+00:00,0.112000,3600
2023-08-20T17:00:00+00:00,0.128800,3600
2023-08-20T18:00:00+00:00,0.140000,3600
2023-08-20T19:00:00+00:00,0.139540,3600
2023-08-20T20:00:00+00:00,0.126710,3600
2023-08-20T21:00:00+00:00,0.111950,3600
2023-08-20T22:00:00+00:00,0.111950,3600
2023-08-20T23:00:00+00:00,0.101670,3600
2023-08-21T00:00:00+00:00,0.098710,3600
2023-08-21T01:00:00+00:00,0.095120,3600
2023-08-21T02:00:00+00:00,0.097710,3600
2023-08-21T03:00:00+00:00,0.106470,3600
2023-08-21T04:00:00+00:00,0.138840,3600
2023-08-21T05:00:00+00:00,0.160930,3600
2023-08-21T06:00:00+00:00,0.137270,3600
2023-08-21T07:00:00+00:00,0.115070,3600
2023-08-21T08:00:00+00:00,0.104020,3600
2023-08-21T09:00:00+00:00,0.088520,3600
2023-08-21T10:00:00+00:00,0.075400,3600
2023-08-21T11:00:00+00:00,0.064900,3600
2023-08-21T12:00:00+00:00,0.077720,3600
2023-08-21T13:00:00+00:00,0.087300,3600
2023-08-21T14:00:00+00:00,0.096170,3600
2023-08-21T15:00:00+00:00,0.118680,3600
2023-08-21T16:00:00+00:00,0.142770,3600
2023-08-21T17:00:00+00:00,0.186730,3600
2023-08-21T18:00:00+00:00,0.203450,3600
2023-08-21T19:00:00+00:00,0.166350,3600
2023-08-21T20:00:00+00:00,0.136010,3600
2023-08-21T21:00:00+00:00,0.115000,3600
2023-08-21T22:00:00+00:00,0.113690,3600
2023-08-21T23:00:00+00:00,0.104560,3600
2023-08-22T00:00:00+00:00,0.102650,3600
2023-08-22T01:00:00+00:00,0.102260,3600
2023-08-22T02:00:00+00:00,0.099900,3600
2023-08-22T03:00:00+00:00,0.108060,3600
2023-08-22T04:00:00+00:00,0.126780,3600
2023-08-22T05:00:00+00:00,0.150000,3600
2023-08-22T06:00:00+00:00,0.136840,3600
2023-08-22T07:00:00+00:00,0.115910,3600
2023-08-22T08:00:00+00:00,0.102400,3600
2023-08-22T09:00:00+00:00,0.099670,3600
2023-08-22T10:00:00+00:00,0.083710,3600
2023-08-22T11:00:00+00:00,0.081880,3600
2023-08-22T12:00:00+00:00,0.081390,3600
2023-08-22T13:00:00+00:00,0.090700,3600
2023-08-22T14:00:00+00:00,0.098000,3600
2023-08-22T15:00:00+00:00,0.107550,3600
2023-08-22T16:00:00+00:00,0.139000,3600
2023-08-22T17:00:00+00:00,0.192830,3600
2023-08-22T18:00:00+00:00,0.206480,3600
2023-08-22T19:00:00+00:00,0.166300,3600
2023-08-22T20:00:00+00:00,0.145800,3600
2023-08-22T21:00:00+00:00,0.127600,3600
2023-08-22T22:00:00+00:00,0.123890,3600
2023-08-22T23:00:00+00:00,0.112670,3600
2023-08-23T00:00:00+00:00,0.109900,3600
2023-08-23T01:00:00+00:00,0.106340,3600
2023-08-23T02:00:00+00:00,0.107500,3600
2023-08-23T03:00:00+00:00,0.114240,3600
2023-08-23T04:00:00+00:00,0.140100,3600
2023-08-23T05:00:00+00:00,0.162000,3600
2023-08-23T06:00:00+00:00,0.157410,3600
2023-08-23T07:00:00+00:00,0.136500,3600
2023-08-23T08:00:00+00:00,0.117500,3600
2023-08-23T09:00:00+00:00,0.105600,3600
2023-08-23T10:00:00+00:00,0.094530,3600
2023-08-23T11:00:00+00:00,0.087810,3600
2023-08-23T12:00:00+00:00,0.087370,3600
2023-08-23T13:00:00+00:00,0.094430,3600
2023-08-23T14:00:00+00:00,0.116000,3600
2023-08-23T15:00:00+00:00,0.144200,3600
2023-08-23T16:00:00+00:00,0.225500,3600
2023-08-23T17:00:00+00:00,0.276120,3600
2023-08-23T18:00:00+00:00,0.291930,3600
2023-08-23T19:00:00+00:00,0.240790,3600
2023-08-23T20:00:00+00:00,0.172820,3600
2023-08-23T21:00:00+00:00,0.138670,3600
2023-08-23T22:00:00+00:00,0.133820,3600
2023-08-23T23:00:00+00:00,0.124950,3600
2023-08-24T00:00:00+00:00,0.118050,3600
2023-08-24T01:00:00+00:00,0.108030,3600
2023-08-24T02:00:00+00:00,0.096200,3600
2023-08-24T03:00:00+00:00,0.095000,3600
2023-08-24T04:00:00+00:00,0.110100,3600
2023-08-24T05:00:00+00:00,0.139400,3600
2023-08-24T06:00:00+00:00,0.136930,3600
2023-08-24T07:00:00+00:00,0.131970,3600
2023-08-24T08:00:00+00:00,0.100200,3600
2023-08-24T09:00:00+00:00,0.103540,3600
2023-08-24T10:00:00+00:00,0.100080,3600
2023-08-24T11:00:00+00:00,0.101850,3600
2023-08-24T12:00:00+00:00,0.111600,3600
2023-08-24T13:00:00+00:00,0.116270,3600
2023-08-24T14:00:00+00:00,0.123780,3600
2023-08-24T15:00:00+00:00,0.158070,3600
2023-08-24T16:00:00+00:00,0.211780,3600
2023-08-24T17:00:00+00:00,0.265060,3600
2023-08-24T18:00:00+00:00,0.249580,3600
2023-08-24T19:00:00+00:00,0.187860,3600
2023-08-24T20:00:00+00:00,0.159460,3600
2023-08-24T21:00:00+00:00,0.130190,3600
2023-08-24T22:00:00+00:00,0.105240,3600
2023-08-24T23:00:00+00:00,0.096420,3600
2023-08-25T00:00:00+00:00,0.095710,3600
2023-08-25T01:00:00+00:00,0.095900,3600
2023-08-25T02:00:00+00:00,0.096760,3600
2023-08-25T03:00:00+00:00,0.103000,3600
2023-08-25T04:00:00+00:00,0.124220,3600
2023-08-25T05:00:00+00:00,0.135120,3600
2023-08-25T06:00:00+00:00,0.139420,3600
2023-08-25T07:00:00+00:00,0.129030,3600
2023-08-25T08:00:00+00:00,0.116670,3600
2023-08-25T09:00:00+00:00,0.110610,3600
2023-08-25T10:00:00+00:00,0.101950,3600
2023-08-25T11:00:00+00:00,0.100000,3600
2023-08-25T12:00:00+00:00,0.095720,3600
2023-08-25T13:00:00+00:00,0.093580,3600
2023-08-25T14:00:00+00:00,0.099720,3600
2023-08-25T15:00:00+00:00,0.117870,3600
2023-08-25T16:00:00+00:00,0.135420,3600
2023-08-25T17:00:00+00:00,0.156780,3600
2023-08-25T18:00:00+00:00,0.150000,3600
2023-08-25T19:00:00+00:00,0.135900,3600
2023-08-25T20:00:00+00:00,0.126150,3600
2023-08-25T21:00:00+00:00,0.107020,3600
2023-08-25T22:00:00+00:00,0.109900,3600
2023-08-25T23:00:00+00:00,0.104100,3600
2023-08-26T00:00:00+00:00,0.101910,3600
2023-08-26T01:00:00+00:00,0.099520,3600
2023-08-26T02:00:00+00:00,0.094890,3600
2023-08-26T03:00:00+00:00,0.090500,3600
2023-08-26T04:00:00+00:00,0.095480,3600
2023-08-26T05:00:00+00:00,0.095900,3600
2023-08-26T06:00:00+00:00,0.098300,3600
2023-08-26T07:00:00+00:00,0.092640,3600
2023-08-26T08:00:00+00:00,0.085120,3600
2023-08-26T09:00:00+00:00,0.078960,3600
2023-08-26T10:00:00+00:00,0.054900,3600
2023-08-26T11:00:00+00:00,0.015000,3600
2023-08-26T12:00:00+00:00,0.036710,3600
2023-08-26T13:00:00+00:00,0.079820,3600
2023-08-26T14:00:00+00:00,0.087040,3600
2023-08-26T15:00:00+00:00,0.094800,3600
2023-08-26T16:00:00+00:00,0.100000,3600
2023-08-26T17:00:00+00:00,0.120000,3600
2023-08-26T18:00:00+00:00,0.130980,3600
2023-08-26T19:00:00+00:00,0.134700,3600
2023-08-26T20:00:00+00:00,0.122980,3600
2023-08-26T21:00:00+00:00,0.110630,3600
2023-08-26T22:00:00+00:00,0.102390,3600
2023-08-26T23:00:00+00:00,0.098310,3600
2023-08-27T00:00:00+00:00,0.096910,3600
2023-08-27T01:00:00+00:00,0.096570,3600
2023-08-27T02:00:00+00:00,0.098600,3600
2023-08-27T03:00:00+00:00,0.099530,3600
2023-08-27T04:00:00+00:00,0.096310,3600
2023-08-27T05:00:00+00:00,0.096000,3600
2023-08-27T06:00:00+00:00,0.094100,3600
2023-08-27T07:00:00+00:00,0.094920,3600
2023-08-27T08:00:00+00:00,0.093220,3600
2023-08-27T09:00:00+00:00,0.093960,3600
2023-08-27T10:00:00+00:00,0.080410,3600
2023-08-27T11:00:00+00:00,0.059000,3600
2023-08-27T12:00:00+00:00,0.000010,3600
2023-08-27T13:00:00+00:00,0.067830,3600
2023-08-27T14:00:00+00:00,0.085720,3600
2023-08-27T15:00:00+00:00,0.100860,3600
2023-08-27T16:00:00+00:00,0.099900,3600
2023-08-27T17:00:00+00:00,0.120250,3600
2023-08-27T18:00:00+00:00,0.125200,3600
2023-08-27T19:00:00+00:00,0.127250,3600
2023-08-27T20:00:00+00:00,0.119000,3600
2023-08-27T21:00:00+00:00,0.102990,3600
2023-08-27T22:00:00+00:00,0.093310,3600
2023-08-27T23:00:00+00:00,0.088520,3600
2023-08-28T00:00:00+00:00,0.085000,3600
2023-08-28T01:00:00+00:00,0.080660,3600
2023-08-28T02:00:00+00:00,0.086710,3600
2023-08-28T03:00:00+00:00,0.093960,3600
2023-08-28T04:00:00+00:00,0.111600,3600
2023-08-28T05:00:00+00:00,0.135660,3600
2023-08-28T06:00:00+00:00,0.140800,3600
2023-08-28T07:00:00+00:00,0.124310,3600
2023-08-28T08:00:00+00:00,0.100020,3600
2023-08-28T09:00:00+00:00,0.098000,3600
2023-08-28T10:00:00+00:00,0.100900,3600
2023-08-28T11:00:00+00:00,0.088000,3600
2023-08-28T12:00:00+00:00,0.083340,3600
2023-08-28T13:00:00+00:00,0.081510,3600
2023-08-28T14:00:00+00:00,0.090000,3600
2023-08-28T15:00:00+00:00,0.099910,3600
2023-08-28T16:00:00+00:00,0.130000,3600
2023-08-28T17:00:00+00:00,0.166230,3600
2023-08-28T18:00:00+00:00,0.166730,3600
2023-08-28T19:00:00+00:00,0.142400,3600
2023-08-28T20:00:00+00:00,0.123720,3600
2023-08-28T21:00:00+00:00,0.107940,3600
2023-08-28T22:00:00+00:00,0.103120,3600
2023-08-28T23:00:00+00:00,0.096970,3600
2023-08-29T00:00:00+00:00,0.095040,3600
2023-08-29T01:00:00+00:00,0.095040,3600
2023-08-29T02:00:00+00:00,0.095050,3600
2023-08-29T03:00:00+00:00,0.098810,3600
2023-08-29T04:00:00+00:00,0.116620,3600
2023-08-29T05:00:00+00:00,0.144560,3600
2023-08-29T06:00:00+00:00,0.119900,3600
2023-08-29T07:00:00+00:00,0.117800,3600
2023-08-29T08:00:00+00:00,0.103930,3600
2023-08-29T09:00:00+00:00,0.095300,3600
2023-08-29T10:00:00+00:00,0.093000,3600
2023-08-29T11:00:00+00:00,0.090100,3600
2023-08-29T12:00:00+00:00,0.089000,3600
2023-08-29T13:00:00+00:00,0.091500,3600
2023-08-29T14:00:00+00:00,0.100000,3600
2023-08-29T15:00:00+00:00,0.094600,3600
2023-08-29T16:00:00+00:00,0.115500,3600
2023-08-29T17:00:00+00:00,0.145590,3600
2023-08-29T18:00:00+00:00,0.158540,3600
2023-08-29T19:00:00+00:00,0.136680,3600
2023-08-29T20:00:00+00:00,0.122080,3600
2023-08-29T21:00:00+00:00,0.102810,3600
2023-08-29T22:00:00+00:00,0.100120,3600
2023-08-29T23:00:00+00:00,0.098600,3600
2023-08-30T00:00:00+00:00,0.096360,3600
2023-08-30T01:00:00+00:00,0.093490,3600
2023-08-30T02:00:00+00:00,0.093710,3600
2023-08-30T03:00:00+00:00,0.094590,3600
2023-08-30T04:00:00+00:00,0.110100,3600
2023-08-30T05:00:00+00:00,0.133640,3600
2023-08-30T06:00:00+00:00,0.136850,3600
2023-08-30T07:00:00+00:00,0.124500,3600
2023-08-30T08:00:00+00:00,0.110200,3600
2023-08-30T09:00:00+00:00,0.098870,3600
2023-08-30T10:00:00+00:00,0.097380,3600
2023-08-30T11:00:00+00:00,0.095280,3600
2023-08-30T12:00:00+00:00,0.094020,3600
2023-08-30T13:00:00+00:00,0.096650,3600
2023-08-30T14:00:00+00:00,0.095740,3600
2023-08-30T15:00:00+00:00,0.109890,3600
2023-08-30T16:00:00+00:00,0.130000,3600
2023-08-30T17:00:00+00:00,0.161840,3600
2023-08-30T18:00:00+00:00,0.163000,3600
2023-08-30T19:00:00+00:00,0.134400,3600
2023-08-30T20:00:00+00:00,0.119490,3600
2023-08-30T21:00:00+00:00,0.101590,3600
2023-08-30T22:00:00+00:00,0.096310,3600
2023-08-30T23:00:00+00:00,0.091760,3600
2023-08-31T00:00:00+00:00,0.091430,3600
2023-08-31T01:00:00+00:00,0.090780,3600
2023-08-31T02:00:00+00:00,0.088510,3600
2023-08-31T03:00:00+00:00,0.091550,3600
2023-08-31T04:00:00+00:00,0.105300,3600
2023-08-31T05:00:00+00:00,0.135610,3600
2023-08-31T06:00:00+00:00,0.127800,3600
2023-08-31T07:00:00+00:00,0.114090,3600
2023-08-31T08:00:00+00:00,0.096910,3600
2023-08-31T09:00:00+00:00,0.092000,3600
2023-08-31T10:00:00+00:00,0.090060,3600
2023-08-31T11:00:00+00:00,0.084980,3600
2023-08-31T12:00:00+00:00,0.081680,3600
2023-08-31T13:00:00+00:00,0.086680,3600
2023-08-31T14:00:00+00:00,0.089340,3600
2023-08-31T15:00:00+00:00,0.099800,3600
2023-08-31T16:00:00+00:00,0.118970,3600
2023-08-31T17:00:00+00:00,0.148550,3600
2023-08-31T18:00:00+00:00,0.138990,3600
2023-08-31T19:00:00+00:00,0.125670,3600
2023-08-31T20:00:00+00:00,0.106070,3600
2023-08-31T21:00:00+00:00,0.096890,3600
2023-08-31T22:00:00+00:00,0.098900,3600
2023-08-31T23:00:00+00:00,0.095970,3600
2023-09-01T00:00:00+00:00,0.093290,3600
2023-09-01T01:00:00+00:00,0.093740,3600
2023-09-01T02:00:00+00:00,0.094080,3600
2023-09-01T03:00:00+00:00,0.097200,3600
2023-09-01T04:00:00+00:00,0.112040,3600
2023-09-01T05:00:00+00:00,0.128430,3600
2023-09-01T06:00:00+00:00,0.129430,3600
2023-09-01T07:00:00+00:00,0.111300,3600
2023-09-01T08:00:00+00:00,0.102220,3600
2023-09-01T09:00:00+00:00,0.096520,3600
2023-09-01T10:00:00+00:00,0.092020,3600
2023-09-01T11:00:00+00:00,0.088900,3600
2023-09-01T12:00:00+00:00,0.089230,3600
2023-09-01T13:00:00+00:00,0.092550,3600
2023-09-01T14:00:00+00:00,0.094080,3600
2023-09-01T15:00:00+00:00,0.106050,3600
2023-09-01T16:00:00+00:00,0.125500,3600
2023-09-01T17:00:00+00:00,0.147730,3600
2023-09-01T18:00:00+00:00,0.144480,3600
2023-09-01T19:00:00+00:00,0.127820,3600
2023-09-01T20:00:00+00:00,0.118560,3600
2023-09-01T21:00:00+00:00,0.114650,3600
2023-09-01T22:00:00+00:00,0.107460,3600
2023-09-01T23:00:00+00:00,0.102700,3600
2023-09-02T00:00:00+00:00,0.100000,3600
2023-09-02T01:00:00+00:00,0.096470,3600
2023-09-02T02:00:00+00:00,0.095840,3600
2023-09-02T03:00:00+00:00,0.096300,3600
2023-09-02T04:00:00+00:00,0.101020,3600
2023-09-02T05:00:00+00:00,0.101090,3600
2023-09-02T06:00:00+00:00,0.100220,3600
2023-09-02T07:00:00+00:00,0.094580,3600
2023-09-02T08:00:00+00:00,0.089770,3600
2023-09-02T09:00:00+00:00,0.079900,3600
2023-09-02T10:00:00+00:00,0.076000,3600
2023-09-02T11:00:00+00:00,0.062990,3600
2023-09-02T12:00:00+00:00,0.055350,3600
2023-09-02T13:00:00+00:00,0.069400,3600
2023-09-02T14:00:00+00:00,0.080010,3600
2023-09-02T15:00:00+00:00,0.093450,3600
2023-09-02T16:00:00+00:00,0.110000,3600
2023-09-02T17:00:00+00:00,0.121860,3600
2023-09-02T18:00:00+00:00,0.126900,3600
2023-09-02T19:00:00+00:00,0.115190,3600
2023-09-02T20:00:00+00:00,0.105640,3600
2023-09-02T21:00:00+00:00,0.097340,3600
2023-09-02T22:00:00+00:00,0.105280,3600
2023-09-02T23:00:00+00:00,0.101020,3600
2023-09-03T00:00:00+00:00,0.103790,3600
2023-09-03T01:00:00+00:00,0.104370,3600
2023-09-03T02:00:00+00:00,0.100370,3600
2023-09-03T03:00:00+00:00,0.099900,3600
2023-09-03T04:00:00+00:00,0.100260,3600
2023-09-03T05:00:00+00:00,0.097120,3600
2023-09-03T06:00:00+00:00,0.090670,3600
2023-09-03T07:00:00+00:00,0.083000,3600
2023-09-03T08:00:00+00:00,0.060300,3600
2023-09-03T09:00:00+00:00,0.043430,3600
2023-09-03T10:00:00+00:00,0.021370,3600
2023-09-03T11:00:00+00:00,0.011330,3600
2023-09-03T12:00:00+00:00,0.004940,3600
2023-09-03T13:00:00+00:00,0.015710,3600
2023-09-03T14:00:00+00:00,0.053660,3600
2023-09-03T15:00:00+00:00,0.095100,3600
2023-09-03T16:00:00+00:00,0.110030,3600
2023-09-03T17:00:00+00:00,0.125190,3600
2023-09-03T18:00:00+00:00,0.138590,3600
2023-09-03T19:00:00+00:00,0.120110,3600
2023-09-03T20:00:00+00:00,0.109830,3600
2023-09-03T21:00:00+00:00,0.101170,3600
2023-09-03T22:00:00+00:00,0.100850,3600
2023-09-03T23:00:00+00:00,0.094490,3600
2023-09-04T00:00:00+00:00,0.093140,3600
2023-09-04T01:00:00+00:00,0.093590,3600
2023-09-04T02:00:00+00:00,0.093190,3600
2023-09-04T03:00:00+00:00,0.103380,3600
2023-09-04T04:00:00+00:00,0.127330,3600
2023-09-04T05:00:00+00:00,0.144330,3600
2023-09-04T06:00:00+00:00,0.129920,3600
2023-09-04T07:00:00+00:00,0.109360,3600
2023-09-04T08:00:00+00:00,0.092880,3600
2023-09-04T09:00:00+00:00,0.082070,3600
2023-09-04T10:00:00+00:00,0.077650,3600
2023-09-04T11:00:00+00:00,0.072510,3600
2023-09-04T12:00:00+00:00,0.072030,3600
2023-09-04T13:00:00+00:00,0.079350,3600
2023-09-04T14:00:00+00:00,0.088810,3600
2023-09-04T15:00:00+00:00,0.108720,3600
2023-09-04T16:00:00+00:00,0.128000,3600
2023-09-04T17:00:00+00:00,0.184780,3600
2023-09-04T18:00:00+00:00,0.172040,3600
2023-09-04T19:00:00+00:00,0.125690,3600
2023-09-04T20:00:00+00:00,0.105010,3600
2023-09-04T21:00:00+00:00,0.095560,3600
2023-09-04T22:00:00+00:00,0.092190,3600
2023-09-04T23:00:00+00:00,0.092130,3600
2023-09-05T00:00:00+00:00,0.089000,3600
2023-09-05T01:00:00+00:00,0.090150,3600
2023-09-05T02:00:00+00:00,0.089360,3600
2023-09-05T03:00:00+00:00,0.095600,3600
2023-09-05T04:00:00+00:00,0.120000,3600
2023-09-05T05:00:00+00:00,0.126000,3600
2023-09-05T06:00:00+00:00,0.118100,3600
2023-09-05T07:00:00+00:00,0.097780,3600
2023-09-05T08:00:00+00:00,0.088000,3600
2023-09-05T09:00:00+00:00,0.081850,3600
2023-09-05T10:00:00+00:00,0.072000,3600
2023-09-05T11:00:00+00:00,0.074900,3600
2023-09-05T12:00:00+00:00,0.073940,3600
2023-09-05T13:00:00+00:00,0.083000,3600
2023-09-05T14:00:00+00:00,0.088510,3600
2023-09-05T15:00:00+00:00,0.103260,3600
2023-09-05T16:00:00+00:00,0.129100,3600
2023-09-05T17:00:00+00:00,0.179220,3600
2023-09-05T18:00:00+00:00,0.154270,3600
2023-09-05T19:00:00+00:00,0.121950,3600
2023-09-05T20:00:00+00:00,0.107610,3600
2023-09-05T21:00:00+00:00,0.096030,3600
2023-09-05T22:00:00+00:00,0.088890,3600
2023-09-05T23:00:00+00:00,0.085520,3600
2023-09-06T00:00:00+00:00,0.084110,3600
2023-09-06T01:00:00+00:00,0.084190,3600
2023-09-06T02:00:00+00:00,0.079470,3600
2023-09-06T03:00:00+00:00,0.092240,3600
2023-09-06T04:00:00+00:00,0.115390,3600
2023-09-06T05:00:00+00:00,0.141130,3600
2023-09-06T06:00:00+00:00,0.119190,3600
2023-09-06T07:00:00+00:00,0.097730,3600
2023-09-06T08:00:00+00:00,0.088650,3600
2023-09-06T09:00:00+00:00,0.082100,3600
2023-09-06T10:00:00+00:00,0.075020,3600
2023-09-06T11:00:00+00:00,0.070100,3600
2023-09-06T12:00:00+00:00,0.075480,3600
2023-09-06T13:00:00+00:00,0.082500,3600
2023-09-06T14:00:00+00:00,0.091440,3600
2023-09-06T15:00:00+00:00,0.105870,3600
2023-09-06T16:00:00+00:00,0.145830,3600
2023-09-06T17:00:00+00:00,0.188610,3600
2023-09-06T18:00:00+00:00,0.166040,3600
2023-09-06T19:00:00+00:00,0.123130,3600
2023-09-06T20:00:00+00:00,0.105500,3600
2023-09-06T21:00:00+00:00,0.095720,3600
2023-09-06T22:00:00+00:00,0.095420,3600
2023-09-06T23:00:00+00:00,0.091370,3600
2023-09-07T00:00:00+00:00,0.089080,3600
2023-09-07T01:00:00+00:00,0.083980,3600
2023-09-07T02:00:00+00:00,0.088670,3600
2023-09-07T03:00:00+00:00,0.092440,3600
2023-09-07T04:00:00+00:00,0.115640,3600
2023-09-07T05:00:00+00:00,0.130000,3600
2023-09-07T06:00:00+00:00,0.126000,3600
2023-09-07T07:00:00+00:00,0.102680,3600
2023-09-07T08:00:00+00:00,0.088220,3600
2023-09-07T09:00:00+00:00,0.083030,3600
2023-09-07T10:00:00+00:00,0.067620,3600
2023-09-07T11:00:00+00:00,0.056120,3600
2023-09-07T12:00:00+00:00,0.059480,3600
2023-09-07T13:00:00+00:00,0.082000,3600
2023-09-07T14:00:00+00:00,0.088300,3600
2023-09-07T15:00:00+00:00,0.103140,3600
2023-09-07T16:00:00+00:00,0.133530,3600
2023-09-07T17:00:00+00:00,0.167270,3600
2023-09-07T18:00:00+00:00,0.146730,3600
2023-09-07T19:00:00+00:00,0.118000,3600
2023-09-07T20:00:00+00:00,0.101400,3600
2023-09-07T21:00:00+00:00,0.088910,3600
2023-09-07T22:00:00+00:00,0.084620,3600
2023-09-07T23:00:00+00:00,0.081520,3600
2023-09-08T00:00:00+00:00,0.082060,3600
2023-09-08T01:00:00+00:00,0.082100,3600
2023-09-08T02:00:00+00:00,0.086710,3600
2023-09-08T03:00:00+00:00,0.091820,3600
2023-09-08T04:00:00+00:00,0.111260,3600
2023-09-08T05:00:00+00:00,0.131690,3600
2023-09-08T06:00:00+00:00,0.122510,3600
2023-09-08T07:00:00+00:00,0.100170,3600
2023-09-08T08:00:00+00:00,0.089860,3600
2023-09-08T09:00:00+00:00,0.082480,3600
2023-09-08T10:00:00+00:00,0.072710,3600
2023-09-08T11:00:00+00:00,0.070450,3600
2023-09-08T12:00:00+00:00,0.072220,3600
2023-09-08T13:00:00+00:00,0.080230,3600
2023-09-08T14:00:00+00:00,0.088410,3600
2023-09-08T15:00:00+00:00,0.107900,3600
2023-09-08T16:00:00+00:00,0.170280,3600
2023-09-08T17:00:00+00:00,0.230000,3600
2023-09-08T18:00:00+00:00,0.194240,3600
2023-09-08T19:00:00+00:00,0.132080,3600
2023-09-08T20:00:00+00:00,0.113930,3600
2023-09-08T21:00:00+00:00,0.105980,3600
2023-09-08T22:00:00+00:00,0.105200,3600
2023-09-08T23:00:00+00:00,0.102470,3600
2023-09-09T00:00:00+00:00,0.100010,3600
2023-09-09T01:00:00+00:00,0.100000,3600
2023-09-09T02:00:00+00:00,0.100850,3600
2023-09-09T03:00:00+00:00,0.099800,3600
2023-09-09T04:00:00+00:00,0.103830,3600
2023-09-09T05:00:00+00:00,0.104040,3600
2023-09-09T06:00:00+00:00,0.096090,3600
2023-09-09T07:00:00+00:00,0.089770,3600
2023-09-09T08:00:00+00:00,0.078790,3600
2023-09-09T09:00:00+00:00,0.065530,3600
2023-09-09T10:00:00+00:00,-0.002160,3600
2023-09-09T11:00:00+00:00,-0.008090,3600
2023-09-09T12:00:00+00:00,0.002150,3600
2023-09-09T13:00:00+00:00,0.057890,3600
2023-09-09T14:00:00+00:00,0.078800,3600
2023-09-09T15:00:00+00:00,0.097380,3600
2023-09-09T16:00:00+00:00,0.120590,3600
2023-09-09T17:00:00+00:00,0.152000,3600
2023-09-09T18:00:00+00:00,0.157490,3600
2023-09-09T19:00:00+00:00,0.131780,3600
2023-09-09T20:00:00+00:00,0.110900,3600
2023-09-09T21:00:00+00:00,0.103160,3600
2023-09-09T22:00:00+00:00,0.105850,3600
2023-09-09T23:00:00+00:00,0.104560,3600
2023-09-10T00:00:00+00:00,0.103700,3600
2023-09-10T01:00:00+00:00,0.101420,3600
2023-09-10T02:00:00+00:00,0.097630,3600
2023-09-10T03:00:00+00:00,0.098720,3600
2023-09-10T04:00:00+00:00,0.099350,3600
2023-09-10T05:00:00+00:00,0.097980,3600
2023-09-10T06:00:00+00:00,0.094110,3600
2023-09-10T07:00:00+00:00,0.089130,3600
2023-09-10T08:00:00+00:00,0.056040,3600
2023-09-10T09:00:00+00:00,0.018000,3600
2023-09-10T10:00:00+00:00,0.008280,3600
2023-09-10T11:00:00+00:00,0.000030,3600
2023-09-10T12:00:00+00:00,0.000000,3600
2023-09-10T13:00:00+00:00,0.026330,3600
2023-09-10T14:00:00+00:00,0.079000,3600
2023-09-10T15:00:00+00:00,0.100240,3600
2023-09-10T16:00:00+00:00,0.121190,3600
2023-09-10T17:00:00+00:00,0.150600,3600
2023-09-10T18:00:00+00:00,0.151900,3600
2023-09-10T19:00:00+00:00,0.131570,3600
2023-09-10T20:00:00+00:00,0.113930,3600
2023-09-10T21:00:00+00:00,0.100860,3600
2023-09-10T22:00:00+00:00,0.105000,3600
2023-09-10T23:00:00+00:00,0.097220,3600
2023-09-11T00:00:00+00:00,0.096030,3600
2023-09-11T01:00:00+00:00,0.092070,3600
2023-09-11T02:00:00+00:00,0.092340,3600
2023-09-11T03:00:00+00:00,0.101820,3600
2023-09-11T04:00:00+00:00,0.130260,3600
2023-09-11T05:00:00+00:00,0.172800,3600
2023-09-11T06:00:00+00:00,0.136440,3600
2023-09-11T07:00:00+00:00,0.113000,3600
2023-09-11T08:00:00+00:00,0.095160,3600
2023-09-11T09:00:00+00:00,0.078260,3600
2023-09-11T10:00:00+00:00,0.079970,3600
2023-09-11T11:00:00+00:00,0.084700,3600
2023-09-11T12:00:00+00:00,0.087860,3600
2023-09-11T13:00:00+00:00,0.092530,3600
2023-09-11T14:00:00+00:00,0.100180,3600
2023-09-11T15:00:00+00:00,0.131450,3600
2023-09-11T16:00:00+00:00,0.266710,3600
2023-09-11T17:00:00+00:00,0.463770,3600
2023-09-11T18:00:00+00:00,0.448130,3600
2023-09-11T19:00:00+00:00,0.223110,3600
2023-09-11T20:00:00+00:00,0.147830,3600
2023-09-11T21:00:00+00:00,0.119940,3600
2023-09-11T22:00:00+00:00,0.105760,3600
2023-09-11T23:00:00+00:00,0.102320,3600
2023-09-12T00:00:00+00:00,0.101410,3600
2023-09-12T01:00:00+00:00,0.101580,3600
2023-09-12T02:00:00+00:00,0.101820,3600
2023-09-12T03:00:00+00:00,0.108360,3600
2023-09-12T04:00:00+00:00,0.138760,3600
2023-09-12T05:00:00+00:00,0.214130,3600
2023-09-12T06:00:00+00:00,0.146410,3600
2023-09-12T07:00:00+00:00,0.123220,3600
2023-09-12T08:00:00+00:00,0.112250,3600
2023-09-12T09:00:00+00:00,0.101590,3600
2023-09-12T10:00:00+00:00,0.095600,3600
2023-09-12T11:00:00+00:00,0.090000,3600
2023-09-12T12:00:00+00:00,0.096890,3600
2023-09-12T13:00:00+00:00,0.099900,3600
2023-09-12T14:00:00+00:00,0.108960,3600
2023-09-12T15:00:00+00:00,0.139570,3600
2023-09-12T16:00:00+00:00,0.189370,3600
2023-09-12T17:00:00+00:00,0.260000,3600
2023-09-12T18:00:00+00:00,0.185620,3600
2023-09-12T19:00:00+00:00,0.136620,3600
2023-09-12T20:00:00+00:00,0.115550,3600
2023-09-12T21:00:00+00:00,0.093770,3600
2023-09-12T22:00:00+00:00,0.106450,3600
2023-09-12T23:00:00+00:00,0.099900,3600
2023-09-13T00:00:00+00:00,0.097740,3600
2023-09-13T01:00:00+00:00,0.093440,3600
2023-09-13T02:00:00+00:00,0.085220,3600
2023-09-13T03:00:00+00:00,0.071580,3600
2023-09-13T04:00:00+00:00,0.085000,3600
2023-09-13T05:00:00+00:00,0.115080,3600
2023-09-13T06:00:00+00:00,0.137720,3600
2023-09-13T07:00:00+00:00,0.124910,3600
2023-09-13T08:00:00+00:00,0.103210,3600
2023-09-13T09:00:00+00:00,0.096860,3600
2023-09-13T10:00:00+00:00,0.090900,3600
2023-09-13T11:00:00+00:00,0.091500,3600
2023-09-13T12:00:00+00:00,0.090810,3600
2023-09-13T13:00:00+00:00,0.085210,3600
2023-09-13T14:00:00+00:00,0.092700,3600
2023-09-13T15:00:00+00:00,0.103550,3600
2023-09-13T16:00:00+00:00,0.124830,3600
2023-09-13T17:00:00+00:00,0.149900,3600
2023-09-13T18:00:00+00:00,0.140940,3600
2023-09-13T19:00:00+00:00,0.122790,3600
2023-09-13T20:00:00+00:00,0.106410,3600
2023-09-13T21:00:00+00:00,0.098070,3600
2023-09-13T22:00:00+00:00,0.096300,3600
2023-09-13T23:00:00+00:00,0.094620,3600
2023-09-14T00:00:00+00:00,0.096400,3600
2023-09-14T01:00:00+00:00,0.096370,3600
2023-09-14T02:00:00+00:00,0.092590,3600
2023-09-14T03:00:00+00:00,0.100500,3600
2023-09-14T04:00:00+00:00,0.134420,3600
2023-09-14T05:00:00+00:00,0.178700,3600
2023-09-14T06:00:00+00:00,0.150580,3600
2023-09-14T07:00:00+00:00,0.118020,3600
2023-09-14T08:00:00+00:00,0.096820,3600
2023-09-14T09:00:00+00:00,0.088810,3600
2023-09-14T10:00:00+00:00,0.085130,3600
2023-09-14T11:00:00+00:00,0.083140,3600
2023-09-14T12:00:00+00:00,0.087420,3600
2023-09-14T13:00:00+00:00,0.085000,3600
2023-09-14T14:00:00+00:00,0.094160,3600
2023-09-14T15:00:00+00:00,0.113000,3600
2023-09-14T16:00:00+00:00,0.163770,3600
2023-09-14T17:00:00+00:00,0.216960,3600
2023-09-14T18:00:00+00:00,0.178620,3600
2023-09-14T19:00:00+00:00,0.131890,3600
2023-09-14T20:00:00+00:00,0.114130,3600
2023-09-14T21:00:00+00:00,0.099370,3600
2023-09-14T22:00:00+00:00,0.100890,3600
2023-09-14T23:00:00+00:00,0.097010,3600
2023-09-15T00:00:00+00:00,0.096400,3600
2023-09-15T01:00:00+00:00,0.097640,3600
2023-09-15T02:00:00+00:00,0.099200,3600
2023-09-15T03:00:00+00:00,0.099430,3600
2023-09-15T04:00:00+00:00,0.128810,3600
2023-09-15T05:00:00+00:00,0.145930,3600
2023-09-15T06:00:00+00:00,0.125070,3600
2023-09-15T07:00:00+00:00,0.104380,3600
2023-09-15T08:00:00+00:00,0.093580,3600
2023-09-15T09:00:00+00:00,0.089460,3600
2023-09-15T10:00:00+00:00,0.078570,3600
2023-09-15T11:00:00+00:00,0.062900,3600
2023-09-15T12:00:00+00:00,0.071200,3600
2023-09-15T13:00:00+00:00,0.084300,3600
2023-09-15T14:00:00+00:00,0.093350,3600
2023-09-15T15:00:00+00:00,0.113600,3600
2023-09-15T16:00:00+00:00,0.149200,3600
2023-09-15T17:00:00+00:00,0.178780,3600
2023-09-15T18:00:00+00:00,0.139680,3600
2023-09-15T19:00:00+00:00,0.112660,3600
2023-09-15T20:00:00+00:00,0.100980,3600
2023-09-15T21:00:00+00:00,0.095770,3600
2023-09-15T22:00:00+00:00,0.096240,3600
2023-09-15T23:00:00+00:00,0.094020,3600
2023-09-16T00:00:00+00:00,0.094420,3600
2023-09-16T01:00:00+00:00,0.095090,3600
2023-09-16T02:00:00+00:00,0.100520,3600
2023-09-16T03:00:00+00:00,0.095270,3600
2023-09-16T04:00:00+00:00,0.106530,3600
2023-09-16T05:00:00+00:00,0.113160,3600
2023-09-16T06:00:00+00:00,0.102000,3600
2023-09-16T07:00:00+00:00,0.090790,3600
2023-09-16T08:00:00+00:00,0.079000,3600
2023-09-16T09:00:00+00:00,0.064970,3600
2023-09-16T10:00:00+00:00,0.054480,3600
2023-09-16T11:00:00+00:00,0.032440,3600
2023-09-16T12:00:00+00:00,0.034400,3600
2023-09-16T13:00:00+00:00,0.074460,3600
2023-09-16T14:00:00+00:00,0.085260,3600
2023-09-16T15:00:00+00:00,0.103160,3600
2023-09-16T16:00:00+00:00,0.127700,3600
2023-09-16T17:00:00+00:00,0.170930,3600
2023-09-16T18:00:00+00:00,0.140050,3600
2023-09-16T19:00:00+00:00,0.117350,3600
2023-09-16T20:00:00+00:00,0.105030,3600
2023-09-16T21:00:00+00:00,0.099900,3600
2023-09-16T22:00:00+00:00,0.108990,3600
2023-09-16T23:00:00+00:00,0.105350,3600
2023-09-17T00:00:00+00:00,0.106540,3600
2023-09-17T01:00:00+00:00,0.103630,3600
2023-09-17T02:00:00+00:00,0.101700,3600
2023-09-17T03:00:00+00:00,0.100100,3600
2023-09-17T04:00:00+00:00,0.100000,3600
2023-09-17T05:00:00+00:00,0.103330,3600
2023-09-17T06:00:00+00:00,0.095380,3600
2023-09-17T07:00:00+00:00,0.084500,3600
2023-09-17T08:00:00+00:00,0.071580,3600
2023-09-17T09:00:00+00:00,0.039510,3600
2023-09-17T10:00:00+00:00,0.021210,3600
2023-09-17T11:00:00+00:00,0.004080,3600
2023-09-17T12:00:00+00:00,0.004300,3600
2023-09-17T13:00:00+00:00,0.038700,3600
2023-09-17T14:00:00+00:00,0.080680,3600
2023-09-17T15:00:00+00:00,0.109900,3600
2023-09-17T16:00:00+00:00,0.132000,3600
2023-09-17T17:00:00+00:00,0.151900,3600
2023-09-17T18:00:00+00:00,0.126960,3600
2023-09-17T19:00:00+00:00,0.118250,3600
2023-09-17T20:00:00+00:00,0.108910,3600
2023-09-17T21:00:00+00:00,0.099180,3600
2023-09-17T22:00:00+00:00,0.112200,3600
2023-09-17T23:00:00+00:00,0.088960,3600
2023-09-18T00:00:00+00:00,0.081730,3600
2023-09-18T01:00:00+00:00,0.081800,3600
2023-09-18T02:00:00+00:00,0.079850,3600
2023-09-18T03:00:00+00:00,0.087420,3600
2023-09-18T04:00:00+00:00,0.115400,3600
2023-09-18T05:00:00+00:00,0.135760,3600
2023-09-18T06:00:00+00:00,0.165000,3600
2023-09-18T07:00:00+00:00,0.105850,3600
2023-09-18T08:00:00+00:00,0.090650,3600
2023-09-18T09:00:00+00:00,0.074300,3600
2023-09-18T10:00:00+00:00,0.054160,3600
2023-09-18T11:00:00+00:00,0.009570,3600
2023-09-18T12:00:00+00:00,0.008880,3600
2023-09-18T13:00:00+00:00,0.000100,3600
2023-09-18T14:00:00+00:00,0.045000,3600
2023-09-18T15:00:00+00:00,0.100000,3600
2023-09-18T16:00:00+00:00,0.115000,3600
2023-09-18T17:00:00+00:00,0.156400,3600
2023-09-18T18:00:00+00:00,0.125650,3600
2023-09-18T19:00:00+00:00,0.103970,3600
2023-09-18T20:00:00+00:00,0.092400,3600
2023-09-18T21:00:00+00:00,0.072280,3600
2023-09-18T22:00:00+00:00,0.001020,3600
2023-09-18T23:00:00+00:00,-0.000090,3600
2023-09-19T00:00:00+00:00,-0.000100,3600
2023-09-19T01:00:00+00:00,-0.000130,3600
2023-09-19T02:00:00+00:00,-0.001240,3600
2023-09-19T03:00:00+00:00,0.000000,3600
2023-09-19T04:00:00+00:00,0.070840,3600
2023-09-19T05:00:00+00:00,0.104830,3600
2023-09-19T06:00:00+00:00,0.109700,3600
2023-09-19T07:00:00+00:00,0.082860,3600
2023-09-19T08:00:00+00:00,0.000010,3600
2023-09-19T09:00:00+00:00,-0.000080,3600
2023-09-19T10:00:00+00:00,-0.003500,3600
2023-09-19T11:00:00+00:00,-0.005340,3600
2023-09-19T12:00:00+00:00,-0.004850,3600
2023-09-19T13:00:00+00:00,-0.002950,3600
2023-09-19T14:00:00+00:00,0.000000,3600
2023-09-19T15:00:00+00:00,0.048170,3600
2023-09-19T16:00:00+00:00,0.097510,3600
2023-09-19T17:00:00+00:00,0.116480,3600
2023-09-19T18:00:00+00:00,0.110230,3600
2023-09-19T19:00:00+00:00,0.087160,3600
2023-09-19T20:00:00+00:00,0.066810,3600
2023-09-19T21:00:00+00:00,0.016350,3600
2023-09-19T22:00:00+00:00,0.000790,3600
2023-09-19T23:00:00+00:00,0.000000,3600
2023-09-20T00:00:00+00:00,-0.001600,3600
2023-09-20T01:00:00+00:00,-0.002910,3600
2023-09-20T02:00:00+00:00,-0.002670,3600
2023-09-20T03:00:00+00:00,0.008700,3600
2023-09-20T04:00:00+00:00,0.070640,3600
2023-09-20T05:00:00+00:00,0.098640,3600
2023-09-20T06:00:00+00:00,0.105640,3600
2023-09-20T07:00:00+00:00,0.080880,3600
2023-09-20T08:00:00+00:00,0.000060,3600
2023-09-20T09:00:00+00:00,-0.000890,3600
2023-09-20T10:00:00+00:00,-0.003330,3600
2023-09-20T11:00:00+00:00,-0.005340,3600
2023-09-20T12:00:00+00:00,-0.004940,3600
2023-09-20T13:00:00+00:00,-0.001830,3600
2023-09-20T14:00:00+00:00,0.000950,3600
2023-09-20T15:00:00+00:00,0.082260,3600
2023-09-20T16:00:00+00:00,0.123610,3600
2023-09-20T17:00:00+00:00,0.169900,3600
2023-09-20T18:00:00+00:00,0.122000,3600
2023-09-20T19:00:00+00:00,0.095740,3600
2023-09-20T20:00:00+00:00,0.086650,3600
2023-09-20T21:00:00+00:00,0.076470,3600
2023-09-20T22:00:00+00:00,0.074550,3600
2023-09-20T23:00:00+00:00,0.065610,3600
2023-09-21T00:00:00+00:00,0.048890,3600
2023-09-21T01:00:00+00:00,0.026510,3600
2023-09-21T02:00:00+00:00,0.042780,3600
2023-09-21T03:00:00+00:00,0.066300,3600
2023-09-21T04:00:00+00:00,0.094900,3600
2023-09-21T05:00:00+00:00,0.116340,3600
2023-09-21T06:00:00+00:00,0.115820,3600
2023-09-21T07:00:00+00:00,0.102740,3600
2023-09-21T08:00:00+00:00,0.097710,3600
2023-09-21T09:00:00+00:00,0.101300,3600
2023-09-21T10:00:00+00:00,0.096300,3600
2023-09-21T11:00:00+00:00,0.095600,3600
2023-09-21T12:00:00+00:00,0.100000,3600
2023-09-21T13:00:00+00:00,0.093800,3600
2023-09-21T14:00:00+00:00,0.105820,3600
2023-09-21T15:00:00+00:00,0.124040,3600
2023-09-21T16:00:00+00:00,0.179010,3600
2023-09-21T17:00:00+00:00,0.245210,3600
2023-09-21T18:00:00+00:00,0.148290,3600
2023-09-21T19:00:00+00:00,0.114800,3600
2023-09-21T20:00:00+00:00,0.100100,3600
2023-09-21T21:00:00+00:00,0.094750,3600
2023-09-21T22:00:00+00:00,0.090100,3600
2023-09-21T23:00:00+00:00,0.087160,3600
2023-09-22T00:00:00+00:00,0.091540,3600
2023-09-22T01:00:00+00:00,0.095150,3600
2023-09-22T02:00:00+00:00,0.099610,3600
2023-09-22T03:00:00+00:00,0.095530,3600
2023-09-22T04:00:00+00:00,0.110000,3600
2023-09-22T05:00:00+00:00,0.139000,3600
2023-09-22T06:00:00+00:00,0.134790,3600
2023-09-22T07:00:00+00:00,0.118280,3600
2023-09-22T08:00:00+00:00,0.099640,3600
2023-09-22T09:00:00+00:00,0.090930,3600
2023-09-22T10:00:00+00:00,0.085650,3600
2023-09-22T11:00:00+00:00,0.076490,3600
2023-09-22T12:00:00+00:00,0.070890,3600
2023-09-22T13:00:00+00:00,0.073260,3600
2023-09-22T14:00:00+00:00,0.085270,3600
2023-09-22T15:00:00+00:00,0.099900,3600
2023-09-22T16:00:00+00:00,0.130230,3600
2023-09-22T17:00:00+00:00,0.152270,3600
2023-09-22T18:00:00+00:00,0.133460,3600
2023-09-22T19:00:00+00:00,0.114630,3600
2023-09-22T20:00:00+00:00,0.105930,3600
2023-09-22T21:00:00+00:00,0.103060,3600
2023-09-22T22:00:00+00:00,0.109040,3600
2023-09-22T23:00:00+00:00,0.101860,3600
2023-09-23T00:00:00+00:00,0.097050,3600
2023-09-23T01:00:00+00:00,0.091720,3600
2023-09-23T02:00:00+00:00,0.089430,3600
2023-09-23T03:00:00+00:00,0.091780,3600
2023-09-23T04:00:00+00:00,0.098880,3600
2023-09-23T05:00:00+00:00,0.107200,3600
2023-09-23T06:00:00+00:00,0.109990,3600
2023-09-23T07:00:00+00:00,0.104680,3600
2023-09-23T08:00:00+00:00,0.090750,3600
2023-09-23T09:00:00+00:00,0.084900,3600
2023-09-23T10:00:00+00:00,0.079890,3600
2023-09-23T11:00:00+00:00,0.070550,3600
2023-09-23T12:00:00+00:00,0.053090,3600
2023-09-23T13:00:00+00:00,0.071200,3600
2023-09-23T14:00:00+00:00,0.078230,3600
2023-09-23T15:00:00+00:00,0.099090,3600
2023-09-23T16:00:00+00:00,0.130990,3600
2023-09-23T17:00:00+00:00,0.156190,3600
2023-09-23T18:00:00+00:00,0.145000,3600
2023-09-23T19:00:00+00:00,0.117910,3600
2023-09-23T20:00:00+00:00,0.106920,3600
2023-09-23T21:00:00+00:00,0.110000,3600
2023-09-23T22:00:00+00:00,0.098710,3600
2023-09-23T23:00:00+00:00,0.087240,3600
2023-09-24T00:00:00+00:00,0.077730,3600
2023-09-24T01:00:00+00:00,0.074200,3600
2023-09-24T02:00:00+00:00,0.078050,3600
2023-09-24T03:00:00+00:00,0.082520,3600
2023-09-24T04:00:00+00:00,0.087500,3600
2023-09-24T05:00:00+00:00,0.091000,3600
2023-09-24T06:00:00+00:00,0.081280,3600
2023-09-24T07:00:00+00:00,0.059360,3600
2023-09-24T08:00:00+00:00,0.001060,3600
2023-09-24T09:00:00+00:00,0.000850,3600
2023-09-24T10:00:00+00:00,-0.000030,3600
2023-09-24T11:00:00+00:00,-0.004200,3600
2023-09-24T12:00:00+00:00,-0.003150,3600
2023-09-24T13:00:00+00:00,-0.000220,3600
2023-09-24T14:00:00+00:00,0.003200,3600
2023-09-24T15:00:00+00:00,0.079650,3600
2023-09-24T16:00:00+00:00,0.130000,3600
2023-09-24T17:00:00+00:00,0.157090,3600
2023-09-24T18:00:00+00:00,0.134980,3600
2023-09-24T19:00:00+00:00,0.105000,3600
2023-09-24T20:00:00+00:00,0.090190,3600
2023-09-24T21:00:00+00:00,0.072190,3600
2023-09-24T22:00:00+00:00,0.034630,3600
2023-09-24T23:00:00+00:00,0.010000,3600
2023-09-25T00:00:00+00:00,0.001090,3600
2023-09-25T01:00:00+00:00,0.000000,3600
2023-09-25T02:00:00+00:00,0.000490,3600
2023-09-25T03:00:00+00:00,0.042250,3600
2023-09-25T04:00:00+00:00,0.098900,3600
2023-09-25T05:00:00+00:00,0.139150,3600
2023-09-25T06:00:00+00:00,0.143000,3600
2023-09-25T07:00:00+00:00,0.118320,3600
2023-09-25T08:00:00+00:00,0.090330,3600
2023-09-25T09:00:00+00:00,0.089010,3600
2023-09-25T10:00:00+00:00,0.066510,3600
2023-09-25T11:00:00+00:00,0.076110,3600
2023-09-25T12:00:00+00:00,0.084090,3600
2023-09-25T13:00:00+00:00,0.092060,3600
2023-09-25T14:00:00+00:00,0.097460,3600
2023-09-25T15:00:00+00:00,0.124220,3600
2023-09-25T16:00:00+00:00,0.200090,3600
2023-09-25T17:00:00+00:00,0.379590,3600
2023-09-25T18:00:00+00:00,0.237480,3600
2023-09-25T19:00:00+00:00,0.135970,3600
2023-09-25T20:00:00+00:00,0.122160,3600
2023-09-25T21:00:00+00:00,0.110130,3600
2023-09-25T22:00:00+00:00,0.114130,3600
2023-09-25T23:00:00+00:00,0.107990,3600
2023-09-26T00:00:00+00:00,0.104930,3600
2023-09-26T01:00:00+00:00,0.104580,3600
2023-09-26T02:00:00+00:00,0.105000,3600
2023-09-26T03:00:00+00:00,0.107990,3600
2023-09-26T04:00:00+00:00,0.147800,3600
2023-09-26T05:00:00+00:00,0.253630,3600
2023-09-26T06:00:00+00:00,0.161950,3600
2023-09-26T07:00:00+00:00,0.117830,3600
2023-09-26T08:00:00+00:00,0.100590,3600
2023-09-26T09:00:00+00:00,0.095520,3600
2023-09-26T10:00:00+00:00,0.091280,3600
2023-09-26T11:00:00+00:00,0.082950,3600
2023-09-26T12:00:00+00:00,0.090000,3600
2023-09-26T13:00:00+00:00,0.098020,3600
2023-09-26T14:00:00+00:00,0.104510,3600
2023-09-26T15:00:00+00:00,0.133000,3600
2023-09-26T16:00:00+00:00,0.171240,3600
2023-09-26T17:00:00+00:00,0.228020,3600
2023-09-26T18:00:00+00:00,0.160340,3600
2023-09-26T19:00:00+00:00,0.126270,3600
2023-09-26T20:00:00+00:00,0.108060,3600
2023-09-26T21:00:00+00:00,0.101280,3600
2023-09-26T22:00:00+00:00,0.105510,3600
2023-09-26T23:00:00+00:00,0.102000,3600
2023-09-27T00:00:00+00:00,0.102520,3600
2023-09-27T01:00:00+00:00,0.101890,3600
2023-09-27T02:00:00+00:00,0.100430,3600
2023-09-27T03:00:00+00:00,0.107790,3600
2023-09-27T04:00:00+00:00,0.137570,3600
2023-09-27T05:00:00+00:00,0.234900,3600
2023-09-27T06:00:00+00:00,0.168880,3600
2023-09-27T07:00:00+00:00,0.128700,3600
2023-09-27T08:00:00+00:00,0.102330,3600
2023-09-27T09:00:00+00:00,0.093260,3600
2023-09-27T10:00:00+00:00,0.090200,3600
2023-09-27T11:00:00+00:00,0.087340,3600
2023-09-27T12:00:00+00:00,0.087800,3600
2023-09-27T13:00:00+00:00,0.090900,3600
2023-09-27T14:00:00+00:00,0.111580,3600
2023-09-27T15:00:00+00:00,0.149910,3600
2023-09-27T16:00:00+00:00,0.179900,3600
2023-09-27T17:00:00+00:00,0.174440,3600
2023-09-27T18:00:00+00:00,0.132660,3600
2023-09-27T19:00:00+00:00,0.107070,3600
2023-09-27T20:00:00+00:00,0.096380,3600
2023-09-27T21:00:00+00:00,0.086610,3600
2023-09-27T22:00:00+00:00,0.086670,3600
2023-09-27T23:00:00+00:00,0.080470,3600
2023-09-28T00:00:00+00:00,0.070000,3600
2023-09-28T01:00:00+00:00,0.062000,3600
2023-09-28T02:00:00+00:00,0.058470,3600
2023-09-28T03:00:00+00:00,0.085840,3600
2023-09-28T04:00:00+00:00,0.100940,3600
2023-09-28T05:00:00+00:00,0.126250,3600
2023-09-28T06:00:00+00:00,0.129560,3600
2023-09-28T07:00:00+00:00,0.110850,3600
2023-09-28T08:00:00+00:00,0.093360,3600
2023-09-28T09:00:00+00:00,0.088560,3600
2023-09-28T10:00:00+00:00,0.083460,3600
2023-09-28T11:00:00+00:00,0.081990,3600
2023-09-28T12:00:00+00:00,0.087700,3600
2023-09-28T13:00:00+00:00,0.092020,3600
2023-09-28T14:00:00+00:00,0.099890,3600
2023-09-28T15:00:00+00:00,0.132630,3600
2023-09-28T16:00:00+00:00,0.172000,3600
2023-09-28T17:00:00+00:00,0.239750,3600
2023-09-28T18:00:00+00:00,0.156510,3600
2023-09-28T19:00:00+00:00,0.127570,3600
2023-09-28T20:00:00+00:00,0.117820,3600
2023-09-28T21:00:00+00:00,0.110400,3600
2023-09-28T22:00:00+00:00,0.108500,3600
2023-09-28T23:00:00+00:00,0.096340,3600
2023-09-29T00:00:00+00:00,0.086590,3600
2023-09-29T01:00:00+00:00,0.082170,3600
2023-09-29T02:00:00+00:00,0.038990,3600
2023-09-29T03:00:00+00:00,0.068110,3600
2023-09-29T04:00:00+00:00,0.105260,3600
2023-09-29T05:00:00+00:00,0.132920,3600
2023-09-29T06:00:00+00:00,0.130050,3600
2023-09-29T07:00:00+00:00,0.106820,3600
2023-09-29T08:00:00+00:00,0.092070,3600
2023-09-29T09:00:00+00:00,0.087370,3600
2023-09-29T10:00:00+00:00,0.082050,3600
2023-09-29T11:00:00+00:00,0.072440,3600
2023-09-29T12:00:00+00:00,0.077040,3600
2023-09-29T13:00:00+00:00,0.090700,3600
2023-09-29T14:00:00+00:00,0.096220,3600
2023-09-29T15:00:00+00:00,0.112120,3600
2023-09-29T16:00:00+00:00,0.132900,3600
2023-09-29T17:00:00+00:00,0.140580,3600
2023-09-29T18:00:00+00:00,0.132960,3600
2023-09-29T19:00:00+00:00,0.113400,3600
2023-09-29T20:00:00+00:00,0.106570,3600
2023-09-29T21:00:00+00:00,0.101070,3600
2023-09-29T22:00:00+00:00,0.099910,3600
2023-09-29T23:00:00+00:00,0.093640,3600
2023-09-30T00:00:00+00:00,0.090000,3600
2023-09-30T01:00:00+00:00,0.088720,3600
2023-09-30T02:00:00+00:00,0.088280,3600
2023-09-30T03:00:00+00:00,0.092100,3600
2023-09-30T04:00:00+00:00,0.105300,3600
2023-09-30T05:00:00+00:00,0.109460,3600
2023-09-30T06:00:00+00:00,0.115000,3600
2023-09-30T07:00:00+00:00,0.105250,3600
2023-09-30T08:00:00+00:00,0.087510,3600
2023-09-30T09:00:00+00:00,0.070530,3600
2023-09-30T10:00:00+00:00,0.042760,3600
2023-09-30T11:00:00+00:00,0.005000,3600
2023-09-30T12:00:00+00:00,0.015040,3600
2023-09-30T13:00:00+00:00,0.056000,3600
2023-09-30T14:00:00+00:00,0.085010,3600
2023-09-30T15:00:00+00:00,0.107240,3600
2023-09-30T16:00:00+00:00,0.133730,3600
2023-09-30T17:00:00+00:00,0.159080,3600
2023-09-30T18:00:00+00:00,0.134100,3600
2023-09-30T19:00:00+00:00,0.111810,3600
2023-09-30T20:00:00+00:00,0.107400,3600
2023-09-30T21:00:00+00:00,0.101040,3600
2023-09-30T22:00:00+00:00,0.102730,3600
2023-09-30T23:00:00+00:00,0.094140,3600
2023-10-01T00:00:00+00:00,0.088600,3600
2023-10-01T01:00:00+00:00,0.080420,3600
2023-10-01T02:00:00+00:00,0.084890,3600
2023-10-01T03:00:00+00:00,0.081540,3600
2023-10-01T04:00:00+00:00,0.082120,3600
2023-10-01T05:00:00+00:00,0.088080,3600
2023-10-01T06:00:00+00:00,0.082100,3600
2023-10-01T07:00:00+00:00,0.062730,3600
2023-10-01T08:00:00+00:00,0.040000,3600
2023-10-01T09:00:00+00:00,0.008990,3600
2023-10-01T10:00:00+00:00,-0.000040,3600
2023-10-01T11:00:00+00:00,-0.003100,3600
2023-10-01T12:00:00+00:00,-0.001190,3600
2023-10-01T13:00:00+00:00,0.001530,3600
2023-10-01T14:00:00+00:00,0.062730,3600
2023-10-01T15:00:00+00:00,0.098030,3600
2023-10-01T16:00:00+00:00,0.120060,3600
2023-10-01T17:00:00+00:00,0.130000,3600
2023-10-01T18:00:00+00:00,0.130000,3600
2023-10-01T19:00:00+00:00,0.115160,3600
2023-10-01T20:00:00+00:00,0.106620,3600
2023-10-01T21:00:00+00:00,0.099970,3600
2023-10-01T22:00:00+00:00,0.094900,3600
2023-10-01T23:00:00+00:00,0.093170,3600
2023-10-02T00:00:00+00:00,0.093400,3600
2023-10-02T01:00:00+00:00,0.092020,3600
2023-10-02T02:00:00+00:00,0.095680,3600
2023-10-02T03:00:00+00:00,0.099330,3600
2023-10-02T04:00:00+00:00,0.124780,3600
2023-10-02T05:00:00+00:00,0.142650,3600
2023-10-02T06:00:00+00:00,0.144500,3600
2023-10-02T07:00:00+00:00,0.128000,3600
2023-10-02T08:00:00+00:00,0.105350,3600
2023-10-02T09:00:00+00:00,0.092390,3600
2023-10-02T10:00:00+00:00,0.090340,3600
2023-10-02T11:00:00+00:00,0.087920,3600
2023-10-02T12:00:00+00:00,0.088150,3600
2023-10-02T13:00:00+00:00,0.090500,3600
2023-10-02T14:00:00+00:00,0.104600,3600
2023-10-02T15:00:00+00:00,0.127790,3600
2023-10-02T16:00:00+00:00,0.199480,3600
2023-10-02T17:00:00+00:00,0.245050,3600
2023-10-02T18:00:00+00:00,0.160070,3600
2023-10-02T19:00:00+00:00,0.120000,3600
2023-10-02T20:00:00+00:00,0.106420,3600
2023-10-02T21:00:00+00:00,0.100000,3600
2023-10-02T22:00:00+00:00,0.097580,3600
2023-10-02T23:00:00+00:00,0.087850,3600
2023-10-03T00:00:00+00:00,0.071940,3600
2023-10-03T01:00:00+00:00,0.030910,3600
2023-10-03T02:00:00+00:00,0.009830,3600
2023-10-03T03:00:00+00:00,0.002020,3600
2023-10-03T04:00:00+00:00,0.005290,3600
2023-10-03T05:00:00+00:00,0.044740,3600
2023-10-03T06:00:00+00:00,0.133200,3600
2023-10-03T07:00:00+00:00,0.135300,3600
2023-10-03T08:00:00+00:00,0.119920,3600
2023-10-03T09:00:00+00:00,0.084200,3600
2023-10-03T10:00:00+00:00,0.064890,3600
2023-10-03T11:00:00+00:00,0.027800,3600
2023-10-03T12:00:00+00:00,0.000070,3600
2023-10-03T13:00:00+00:00,0.000000,3600
2023-10-03T14:00:00+00:00,0.000000,3600
2023-10-03T15:00:00+00:00,0.067500,3600
2023-10-03T16:00:00+00:00,0.108000,3600
2023-10-03T17:00:00+00:00,0.131100,3600
2023-10-03T18:00:00+00:00,0.124000,3600
2023-10-03T19:00:00+00:00,0.099900,3600
2023-10-03T20:00:00+00:00,0.097400,3600
2023-10-03T21:00:00+00:00,0.084890,3600
2023-10-03T22:00:00+00:00,0.052200,3600
2023-10-03T23:00:00+00:00,0.044000,3600
2023-10-04T00:00:00+00:00,0.044000,3600
2023-10-04T01:00:00+00:00,0.037640,3600
2023-10-04T02:00:00+00:00,0.035070,3600
2023-10-04T03:00:00+00:00,0.047970,3600
2023-10-04T04:00:00+00:00,0.098560,3600
2023-10-04T05:00:00+00:00,0.116860,3600
2023-10-04T06:00:00+00:00,0.121220,3600
2023-10-04T07:00:00+00:00,0.105870,3600
2023-10-04T08:00:00+00:00,0.077660,3600
2023-10-04T09:00:00+00:00,0.067000,3600
2023-10-04T10:00:00+00:00,0.020720,3600
2023-10-04T11:00:00+00:00,0.041810,3600
2023-10-04T12:00:00+00:00,0.033170,3600
2023-10-04T13:00:00+00:00,0.062200,3600
2023-10-04T14:00:00+00:00,0.080770,3600
2023-10-04T15:00:00+00:00,0.092000,3600
2023-10-04T16:00:00+00:00,0.099400,3600
2023-10-04T17:00:00+00:00,0.127780,3600
2023-10-04T18:00:00+00:00,0.116100,3600
2023-10-04T19:00:00+00:00,0.087810,3600
2023-10-04T20:00:00+00:00,0.085590,3600
2023-10-04T21:00:00+00:00,0.077860,3600
2023-10-04T22:00:00+00:00,0.082700,3600
2023-10-04T23:00:00+00:00,0.076880,3600
2023-10-05T00:00:00+00:00,0.070300,3600
2023-10-05T01:00:00+00:00,0.061200,3600
2023-10-05T02:00:00+00:00,0.069000,3600
2023-10-05T03:00:00+00:00,0.078220,3600
2023-10-05T04:00:00+00:00,0.089520,3600
2023-10-05T05:00:00+00:00,0.107580,3600
2023-10-05T06:00:00+00:00,0.121830,3600
2023-10-05T07:00:00+00:00,0.107110,3600
2023-10-05T08:00:00+00:00,0.087330,3600
2023-10-05T09:00:00+00:00,0.084610,3600
2023-10-05T10:00:00+00:00,0.087610,3600
2023-10-05T11:00:00+00:00,0.078330,3600
2023-10-05T12:00:00+00:00,0.080030,3600
2023-10-05T13:00:00+00:00,0.083620,3600
2023-10-05T14:00:00+00:00,0.094230,3600
2023-10-05T15:00:00+00:00,0.111160,3600
2023-10-05T16:00:00+00:00,0.165070,3600
2023-10-05T17:00:00+00:00,0.229820,3600
2023-10-05T18:00:00+00:00,0.139400,3600
2023-10-05T19:00:00+00:00,0.109930,3600
2023-10-05T20:00:00+00:00,0.100980,3600
2023-10-05T21:00:00+00:00,0.094580,3600
2023-10-05T22:00:00+00:00,0.087390,3600
2023-10-05T23:00:00+00:00,0.084860,3600
2023-10-06T00:00:00+00:00,0.076000,3600
2023-10-06T01:00:00+00:00,0.075060,3600
2023-10-06T02:00:00+00:00,0.066920,3600
2023-10-06T03:00:00+00:00,0.071780,3600
2023-10-06T04:00:00+00:00,0.093620,3600
2023-10-06T05:00:00+00:00,0.115510,3600
2023-10-06T06:00:00+00:00,0.120660,3600
2023-10-06T07:00:00+00:00,0.104390,3600
2023-10-06T08:00:00+00:00,0.084000,3600
2023-10-06T09:00:00+00:00,0.063070,3600
2023-10-06T10:00:00+00:00,0.016220,3600
2023-10-06T11:00:00+00:00,0.005040,3600
2023-10-06T12:00:00+00:00,0.001470,3600
2023-10-06T13:00:00+00:00,0.039000,3600
2023-10-06T14:00:00+00:00,0.062240,3600
2023-10-06T15:00:00+00:00,0.086550,3600
2023-10-06T16:00:00+00:00,0.103440,3600
2023-10-06T17:00:00+00:00,0.111800,3600
2023-10-06T18:00:00+00:00,0.100720,3600
2023-10-06T19:00:00+00:00,0.077640,3600
2023-10-06T20:00:00+00:00,0.080000,3600
2023-10-06T21:00:00+00:00,0.085100,3600
2023-10-06T22:00:00+00:00,0.055000,3600
2023-10-06T23:00:00+00:00,0.050790,3600
2023-10-07T00:00:00+00:00,0.002430,3600
2023-10-07T01:00:00+00:00,0.003260,3600
2023-10-07T02:00:00+00:00,0.006240,3600
2023-10-07T03:00:00+00:00,0.021450,3600
2023-10-07T04:00:00+00:00,0.051920,3600
2023-10-07T05:00:00+00:00,0.066660,3600
2023-10-07T06:00:00+00:00,0.071070,3600
2023-10-07T07:00:00+00:00,0.068660,3600
2023-10-07T08:00:00+00:00,0.046810,3600
2023-10-07T09:00:00+00:00,0.019620,3600
2023-10-07T10:00:00+00:00,0.010380,3600
2023-10-07T11:00:00+00:00,0.000220,3600
2023-10-07T12:00:00+00:00,0.001000,3600
2023-10-07T13:00:00+00:00,0.022010,3600
2023-10-07T14:00:00+00:00,0.061590,3600
2023-10-07T15:00:00+00:00,0.086440,3600
2023-10-07T16:00:00+00:00,0.102280,3600
2023-10-07T17:00:00+00:00,0.108910,3600
2023-10-07T18:00:00+00:00,0.100000,3600
2023-10-07T19:00:00+00:00,0.083990,3600
2023-10-07T20:00:00+00:00,0.076190,3600
2023-10-07T21:00:00+00:00,0.072000,3600
2023-10-07T22:00:00+00:00,0.103940,3600
2023-10-07T23:00:00+00:00,0.089600,3600
2023-10-08T00:00:00+00:00,0.084890,3600
2023-10-08T01:00:00+00:00,0.078000,3600
2023-10-08T02:00:00+00:00,0.071810,3600
2023-10-08T03:00:00+00:00,0.077090,3600
2023-10-08T04:00:00+00:00,0.083510,3600
2023-10-08T05:00:00+00:00,0.100000,3600
2023-10-08T06:00:00+00:00,0.102080,3600
2023-10-08T07:00:00+00:00,0.100900,3600
2023-10-08T08:00:00+00:00,0.086940,3600
2023-10-08T09:00:00+00:00,0.076560,3600
2023-10-08T10:00:00+00:00,0.070560,3600
2023-10-08T11:00:00+00:00,0.055150,3600
2023-10-08T12:00:00+00:00,0.054620,3600
2023-10-08T13:00:00+00:00,0.070800,3600
2023-10-08T14:00:00+00:00,0.089150,3600
2023-10-08T15:00:00+00:00,0.108280,3600
2023-10-08T16:00:00+00:00,0.132320,3600
2023-10-08T17:00:00+00:00,0.158420,3600
2023-10-08T18:00:00+00:00,0.131850,3600
2023-10-08T19:00:00+00:00,0.110200,3600
2023-10-08T20:00:00+00:00,0.104420,3600
2023-10-08T21:00:00+00:00,0.096340,3600
2023-10-08T22:00:00+00:00,0.091110,3600
2023-10-08T23:00:00+00:00,0.087450,3600
2023-10-09T00:00:00+00:00,0.082440,3600
2023-10-09T01:00:00+00:00,0.077400,3600
2023-10-09T02:00:00+00:00,0.075000,3600
2023-10-09T03:00:00+00:00,0.079050,3600
2023-10-09T04:00:00+00:00,0.096500,3600
2023-10-09T05:00:00+00:00,0.111800,3600
2023-10-09T06:00:00+00:00,0.127020,3600
2023-10-09T07:00:00+00:00,0.121440,3600
2023-10-09T08:00:00+00:00,0.111570,3600
2023-10-09T09:00:00+00:00,0.105360,3600
2023-10-09T10:00:00+00:00,0.098550,3600
2023-10-09T11:00:00+00:00,0.095240,3600
2023-10-09T12:00:00+00:00,0.097410,3600
2023-10-09T13:00:00+00:00,0.079400,3600
2023-10-09T14:00:00+00:00,0.108200,3600
2023-10-09T15:00:00+00:00,0.129580,3600
2023-10-09T16:00:00+00:00,0.189220,3600
2023-10-09T17:00:00+00:00,0.221700,3600
2023-10-09T18:00:00+00:00,0.184500,3600
2023-10-09T19:00:00+00:00,0.132860,3600
2023-10-09T20:00:00+00:00,0.120000,3600
2023-10-09T21:00:00+00:00,0.112700,3600
2023-10-09T22:00:00+00:00,0.104000,3600
2023-10-09T23:00:00+00:00,0.100600,3600
2023-10-10T00:00:00+00:00,0.099900,3600
2023-10-10T01:00:00+00:00,0.099520,3600
2023-10-10T02:00:00+00:00,0.097370,3600
2023-10-10T03:00:00+00:00,0.104220,3600
2023-10-10T04:00:00+00:00,0.128700,3600
2023-10-10T05:00:00+00:00,0.174710,3600
2023-10-10T06:00:00+00:00,0.177750,3600
2023-10-10T07:00:00+00:00,0.132100,3600
2023-10-10T08:00:00+00:00,0.113970,3600
2023-10-10T09:00:00+00:00,0.103950,3600
2023-10-10T10:00:00+00:00,0.094550,3600
2023-10-10T11:00:00+00:00,0.079330,3600
2023-10-10T12:00:00+00:00,0.078000,3600
2023-10-10T13:00:00+00:00,0.074250,3600
2023-10-10T14:00:00+00:00,0.086600,3600
2023-10-10T15:00:00+00:00,0.099890,3600
2023-10-10T16:00:00+00:00,0.128850,3600
2023-10-10T17:00:00+00:00,0.139720,3600
2023-10-10T18:00:00+00:00,0.104580,3600
2023-10-10T19:00:00+00:00,0.086300,3600
2023-10-10T20:00:00+00:00,0.088590,3600
2023-10-10T21:00:00+00:00,0.068140,3600
2023-10-10T22:00:00+00:00,0.062750,3600
2023-10-10T23:00:00+00:00,0.024600,3600
2023-10-11T00:00:00+00:00,0.005820,3600
2023-10-11T01:00:00+00:00,0.000060,3600
2023-10-11T02:00:00+00:00,0.000000,3600
2023-10-11T03:00:00+00:00,0.007070,3600
2023-10-11T04:00:00+00:00,0.078840,3600
2023-10-11T05:00:00+00:00,0.127130,3600
2023-10-11T06:00:00+00:00,0.134630,3600
2023-10-11T07:00:00+00:00,0.111760,3600
2023-10-11T08:00:00+00:00,0.059580,3600
2023-10-11T09:00:00+00:00,0.001050,3600
2023-10-11T10:00:00+00:00,0.000000,3600
2023-10-11T11:00:00+00:00,-0.000060,3600
2023-10-11T12:00:00+00:00,-0.000040,3600
2023-10-11T13:00:00+00:00,0.000060,3600
2023-10-11T14:00:00+00:00,0.060420,3600
2023-10-11T15:00:00+00:00,0.104330,3600
2023-10-11T16:00:00+00:00,0.128240,3600
2023-10-11T17:00:00+00:00,0.152000,3600
2023-10-11T18:00:00+00:00,0.142000,3600
2023-10-11T19:00:00+00:00,0.120100,3600
2023-10-11T20:00:00+00:00,0.112960,3600
2023-10-11T21:00:00+00:00,0.116160,3600
2023-10-11T22:00:00+00:00,0.128760,3600
2023-10-11T23:00:00+00:00,0.122710,3600
2023-10-12T00:00:00+00:00,0.138120,3600
2023-10-12T01:00:00+00:00,0.115000,3600
2023-10-12T02:00:00+00:00,0.089040,3600
2023-10-12T03:00:00+00:00,0.102600,3600
2023-10-12T04:00:00+00:00,0.126500,3600
2023-10-12T05:00:00+00:00,0.133390,3600
2023-10-12T06:00:00+00:00,0.148390,3600
2023-10-12T07:00:00+00:00,0.169280,3600
2023-10-12T08:00:00+00:00,0.131720,3600
2023-10-12T09:00:00+00:00,0.125000,3600
2023-10-12T10:00:00+00:00,0.111080,3600
2023-10-12T11:00:00+00:00,0.104290,3600
2023-10-12T12:00:00+00:00,0.108380,3600
2023-10-12T13:00:00+00:00,0.120000,3600
2023-10-12T14:00:00+00:00,0.123580,3600
2023-10-12T15:00:00+00:00,0.145290,3600
2023-10-12T16:00:00+00:00,0.170290,3600
2023-10-12T17:00:00+00:00,0.221090,3600
2023-10-12T18:00:00+00:00,0.151610,3600
2023-10-12T19:00:00+00:00,0.129360,3600
2023-10-12T20:00:00+00:00,0.123500,3600
2023-10-12T21:00:00+00:00,0.109840,3600
2023-10-12T22:00:00+00:00,0.123990,3600
2023-10-12T23:00:00+00:00,0.115000,3600
2023-10-13T00:00:00+00:00,0.107140,3600
2023-10-13T01:00:00+00:00,0.101400,3600
2023-10-13T02:00:00+00:00,0.099900,3600
2023-10-13T03:00:00+00:00,0.085750,3600
2023-10-13T04:00:00+00:00,0.104200,3600
2023-10-13T05:00:00+00:00,0.140760,3600
2023-10-13T06:00:00+00:00,0.144920,3600
2023-10-13T07:00:00+00:00,0.132050,3600
2023-10-13T08:00:00+00:00,0.099000,3600
2023-10-13T09:00:00+00:00,0.072020,3600
2023-10-13T10:00:00+00:00,0.034450,3600
2023-10-13T11:00:00+00:00,0.007300,3600
2023-10-13T12:00:00+00:00,0.004310,3600
2023-10-13T13:00:00+00:00,0.004240,3600
2023-10-13T14:00:00+00:00,0.010170,3600
2023-10-13T15:00:00+00:00,0.050100,3600
2023-10-13T16:00:00+00:00,0.079910,3600
2023-10-13T17:00:00+00:00,0.100000,3600
2023-10-13T18:00:00+00:00,0.074000,3600
2023-10-13T19:00:00+00:00,0.008000,3600
2023-10-13T20:00:00+00:00,0.000210,3600
2023-10-13T21:00:00+00:00,-0.000810,3600
2023-10-13T22:00:00+00:00,-0.000090,3600
2023-10-13T23:00:00+00:00,-0.002570,3600
2023-10-14T00:00:00+00:00,-0.000900,3600
2023-10-14T01:00:00+00:00,-0.001030,3600
2023-10-14T02:00:00+00:00,-0.001390,3600
2023-10-14T03:00:00+00:00,-0.001270,3600
2023-10-14T04:00:00+00:00,-0.000300,3600
2023-10-14T05:00:00+00:00,0.001650,3600
2023-10-14T06:00:00+00:00,0.034210,3600
2023-10-14T07:00:00+00:00,0.032060,3600
2023-10-14T08:00:00+00:00,0.003820,3600
2023-10-14T09:00:00+00:00,-0.000010,3600
2023-10-14T10:00:00+00:00,-0.002900,3600
2023-10-14T11:00:00+00:00,-0.002620,3600
2023-10-14T12:00:00+00:00,-0.002110,3600
2023-10-14T13:00:00+00:00,-0.000080,3600
2023-10-14T14:00:00+00:00,0.000600,3600
2023-10-14T15:00:00+00:00,0.068130,3600
2023-10-14T16:00:00+00:00,0.120000,3600
2023-10-14T17:00:00+00:00,0.166000,3600
2023-10-14T18:00:00+00:00,0.179890,3600
2023-10-14T19:00:00+00:00,0.128000,3600
2023-10-14T20:00:00+00:00,0.117800,3600
2023-10-14T21:00:00+00:00,0.111000,3600
2023-10-14T22:00:00+00:00,0.069000,3600
2023-10-14T23:00:00+00:00,0.034000,3600
2023-10-15T00:00:00+00:00,0.005830,3600
2023-10-15T01:00:00+00:00,0.009110,3600
2023-10-15T02:00:00+00:00,0.005760,3600
2023-10-15T03:00:00+00:00,0.007670,3600
2023-10-15T04:00:00+00:00,0.005790,3600
2023-10-15T05:00:00+00:00,0.046830,3600
2023-10-15T06:00:00+00:00,0.069040,3600
2023-10-15T07:00:00+00:00,0.078000,3600
2023-10-15T08:00:00+00:00,0.041110,3600
2023-10-15T09:00:00+00:00,-0.001010,3600
2023-10-15T10:00:00+00:00,-0.004390,3600
2023-10-15T11:00:00+00:00,-0.001030,3600
2023-10-15T12:00:00+00:00,-0.007100,3600
2023-10-15T13:00:00+00:00,0.004860,3600
2023-10-15T14:00:00+00:00,0.033640,3600
2023-10-15T15:00:00+00:00,0.111600,3600
2023-10-15T16:00:00+00:00,0.160830,3600
2023-10-15T17:00:00+00:00,0.187630,3600
2023-10-15T18:00:00+00:00,0.194000,3600
2023-10-15T19:00:00+00:00,0.145000,3600
2023-10-15T20:00:00+00:00,0.136800,3600
2023-10-15T21:00:00+00:00,0.135600,3600
2023-10-15T22:00:00+00:00,0.120200,3600
2023-10-15T23:00:00+00:00,0.116600,3600
2023-10-16T00:00:00+00:00,0.110700,3600
2023-10-16T01:00:00+00:00,0.110100,3600
2023-10-16T02:00:00+00:00,0.107000,3600
2023-10-16T03:00:00+00:00,0.110000,3600
2023-10-16T04:00:00+00:00,0.139560,3600
2023-10-16T05:00:00+00:00,0.159370,3600
2023-10-16T06:00:00+00:00,0.204000,3600
2023-10-16T07:00:00+00:00,0.164300,3600
2023-10-16T08:00:00+00:00,0.167990,3600
2023-10-16T09:00:00+00:00,0.120300,3600
2023-10-16T10:00:00+00:00,0.113760,3600
2023-10-16T11:00:00+00:00,0.106260,3600
2023-10-16T12:00:00+00:00,0.109490,3600
2023-10-16T13:00:00+00:00,0.116750,3600
2023-10-16T14:00:00+00:00,0.138960,3600
2023-10-16T15:00:00+00:00,0.170230,3600
2023-10-16T16:00:00+00:00,0.214400,3600
2023-10-16T17:00:00+00:00,0.240000,3600
2023-10-16T18:00:00+00:00,0.160640,3600
2023-10-16T19:00:00+00:00,0.145440,3600
2023-10-16T20:00:00+00:00,0.135200,3600
2023-10-16T21:00:00+00:00,0.119220,3600
2023-10-16T22:00:00+00:00,0.127580,3600
2023-10-16T23:00:00+00:00,0.114040,3600
2023-10-17T00:00:00+00:00,0.108400,3600
2023-10-17T01:00:00+00:00,0.106570,3600
2023-10-17T02:00:00+00:00,0.105440,3600
2023-10-17T03:00:00+00:00,0.113850,3600
2023-10-17T04:00:00+00:00,0.133000,3600
2023-10-17T05:00:00+00:00,0.161780,3600
2023-10-17T06:00:00+00:00,0.187330,3600
2023-10-17T07:00:00+00:00,0.159450,3600
2023-10-17T08:00:00+00:00,0.134980,3600
2023-10-17T09:00:00+00:00,0.113670,3600
2023-10-17T10:00:00+00:00,0.105610,3600
2023-10-17T11:00:00+00:00,0.088610,3600
2023-10-17T12:00:00+00:00,0.080980,3600
2023-10-17T13:00:00+00:00,0.097250,3600
2023-10-17T14:00:00+00:00,0.119000,3600
2023-10-17T15:00:00+00:00,0.139890,3600
2023-10-17T16:00:00+00:00,0.159800,3600
2023-10-17T17:00:00+00:00,0.161690,3600
2023-10-17T18:00:00+00:00,0.128480,3600
2023-10-17T19:00:00+00:00,0.119720,3600
2023-10-17T20:00:00+00:00,0.108480,3600
2023-10-17T21:00:00+00:00,0.095140,3600
2023-10-17T22:00:00+00:00,0.076180,3600
2023-10-17T23:00:00+00:00,0.063350,3600
2023-10-18T00:00:00+00:00,0.057730,3600
2023-10-18T01:00:00+00:00,0.049560,3600
2023-10-18T02:00:00+00:00,0.042540,3600
2023-10-18T03:00:00+00:00,0.048420,3600
2023-10-18T04:00:00+00:00,0.086650,3600
2023-10-18T05:00:00+00:00,0.119280,3600
2023-10-18T06:00:00+00:00,0.148450,3600
2023-10-18T07:00:00+00:00,0.119130,3600
2023-10-18T08:00:00+00:00,0.089990,3600
2023-10-18T09:00:00+00:00,0.076920,3600
2023-10-18T10:00:00+00:00,0.070090,3600
2023-10-18T11:00:00+00:00,0.064000,3600
2023-10-18T12:00:00+00:00,0.065870,3600
2023-10-18T13:00:00+00:00,0.066730,3600
2023-10-18T14:00:00+00:00,0.074900,3600
2023-10-18T15:00:00+00:00,0.102550,3600
2023-10-18T16:00:00+00:00,0.105500,3600
2023-10-18T17:00:00+00:00,0.106780,3600
2023-10-18T18:00:00+00:00,0.096850,3600
2023-10-18T19:00:00+00:00,0.085540,3600
2023-10-18T20:00:00+00:00,0.065790,3600
2023-10-18T21:00:00+00:00,0.034800,3600
2023-10-18T22:00:00+00:00,0.005170,3600
2023-10-18T23:00:00+00:00,-0.003700,3600
2023-10-19T00:00:00+00:00,-0.004400,3600
2023-10-19T01:00:00+00:00,0.000000,3600
2023-10-19T02:00:00+00:00,-0.002570,3600
2023-10-19T03:00:00+00:00,0.015270,3600
2023-10-19T04:00:00+00:00,0.080060,3600
2023-10-19T05:00:00+00:00,0.103120,3600
2023-10-19T06:00:00+00:00,0.122390,3600
2023-10-19T07:00:00+00:00,0.127000,3600
2023-10-19T08:00:00+00:00,0.123700,3600
2023-10-19T09:00:00+00:00,0.126070,3600
2023-10-19T10:00:00+00:00,0.125450,3600
2023-10-19T11:00:00+00:00,0.122000,3600
2023-10-19T12:00:00+00:00,0.120340,3600
2023-10-19T13:00:00+00:00,0.120640,3600
2023-10-19T14:00:00+00:00,0.126000,3600
2023-10-19T15:00:00+00:00,0.147920,3600
2023-10-19T16:00:00+00:00,0.160000,3600
2023-10-19T17:00:00+00:00,0.155000,3600
2023-10-19T18:00:00+00:00,0.116800,3600
2023-10-19T19:00:00+00:00,0.099900,3600
2023-10-19T20:00:00+00:00,0.106000,3600
2023-10-19T21:00:00+00:00,0.095200,3600
2023-10-19T22:00:00+00:00,0.077590,3600
2023-10-19T23:00:00+00:00,0.060820,3600
2023-10-20T00:00:00+00:00,0.041360,3600
2023-10-20T01:00:00+00:00,0.023190,3600
2023-10-20T02:00:00+00:00,0.005410,3600
2023-10-20T03:00:00+00:00,0.032610,3600
2023-10-20T04:00:00+00:00,0.073020,3600
2023-10-20T05:00:00+00:00,0.108120,3600
2023-10-20T06:00:00+00:00,0.119610,3600
2023-10-20T07:00:00+00:00,0.124760,3600
2023-10-20T08:00:00+00:00,0.124920,3600
2023-10-20T09:00:00+00:00,0.118320,3600
2023-10-20T10:00:00+00:00,0.111800,3600
2023-10-20T11:00:00+00:00,0.114100,3600
2023-10-20T12:00:00+00:00,0.103700,3600
2023-10-20T13:00:00+00:00,0.098340,3600
2023-10-20T14:00:00+00:00,0.099660,3600
2023-10-20T15:00:00+00:00,0.122800,3600
2023-10-20T16:00:00+00:00,0.135970,3600
2023-10-20T17:00:00+00:00,0.144600,3600
2023-10-20T18:00:00+00:00,0.117500,3600
2023-10-20T19:00:00+00:00,0.094880,3600
2023-10-20T20:00:00+00:00,0.091000,3600
2023-10-20T21:00:00+00:00,0.068000,3600
2023-10-20T22:00:00+00:00,0.053100,3600
2023-10-20T23:00:00+00:00,0.037270,3600
2023-10-21T00:00:00+00:00,0.039740,3600
2023-10-21T01:00:00+00:00,0.034620,3600
2023-10-21T02:00:00+00:00,0.040460,3600
2023-10-21T03:00:00+00:00,0.035520,3600
2023-10-21T04:00:00+00:00,0.041620,3600
2023-10-21T05:00:00+00:00,0.063830,3600
2023-10-21T06:00:00+00:00,0.074710,3600
2023-10-21T07:00:00+00:00,0.059000,3600
2023-10-21T08:00:00+00:00,0.044830,3600
2023-10-21T09:00:00+00:00,0.031100,3600
2023-10-21T10:00:00+00:00,0.020800,3600
2023-10-21T11:00:00+00:00,0.010000,3600
2023-10-21T12:00:00+00:00,0.013210,3600
2023-10-21T13:00:00+00:00,0.026650,3600
2023-10-21T14:00:00+00:00,0.061590,3600
2023-10-21T15:00:00+00:00,0.092850,3600
2023-10-21T16:00:00+00:00,0.114820,3600
2023-10-21T17:00:00+00:00,0.114750,3600
2023-10-21T18:00:00+00:00,0.090000,3600
2023-10-21T19:00:00+00:00,0.052650,3600
2023-10-21T20:00:00+00:00,0.048930,3600
2023-10-21T21:00:00+00:00,0.040150,3600
2023-10-21T22:00:00+00:00,0.039370,3600
2023-10-21T23:00:00+00:00,0.030360,3600
2023-10-22T00:00:00+00:00,0.018590,3600
2023-10-22T01:00:00+00:00,0.015630,3600
2023-10-22T02:00:00+00:00,0.018350,3600
2023-10-22T03:00:00+00:00,0.034320,3600
2023-10-22T04:00:00+00:00,0.030260,3600
2023-10-22T05:00:00+00:00,0.058200,3600
2023-10-22T06:00:00+00:00,0.054890,3600
2023-10-22T07:00:00+00:00,0.064900,3600
2023-10-22T08:00:00+00:00,0.051940,3600
2023-10-22T09:00:00+00:00,0.048840,3600
2023-10-22T10:00:00+00:00,0.044990,3600
2023-10-22T11:00:00+00:00,0.029190,3600
2023-10-22T12:00:00+00:00,0.030840,3600
2023-10-22T13:00:00+00:00,0.051540,3600
2023-10-22T14:00:00+00:00,0.075930,3600
2023-10-22T15:00:00+00:00,0.129450,3600
2023-10-22T16:00:00+00:00,0.149900,3600
2023-10-22T17:00:00+00:00,0.149940,3600
2023-10-22T18:00:00+00:00,0.139890,3600
2023-10-22T19:00:00+00:00,0.112470,3600
2023-10-22T20:00:00+00:00,0.102180,3600
2023-10-22T21:00:00+00:00,0.101090,3600
2023-10-22T22:00:00+00:00,0.115020,3600
2023-10-22T23:00:00+00:00,0.101000,3600
2023-10-23T00:00:00+00:00,0.101280,3600
2023-10-23T01:00:00+00:00,0.100220,3600
2023-10-23T02:00:00+00:00,0.098940,3600
2023-10-23T03:00:00+00:00,0.105980,3600
2023-10-23T04:00:00+00:00,0.135530,3600
2023-10-23T05:00:00+00:00,0.173600,3600
2023-10-23T06:00:00+00:00,0.198390,3600
2023-10-23T07:00:00+00:00,0.151810,3600
2023-10-23T08:00:00+00:00,0.128070,3600
2023-10-23T09:00:00+00:00,0.109030,3600
2023-10-23T10:00:00+00:00,0.102260,3600
2023-10-23T11:00:00+00:00,0.103220,3600
2023-10-23T12:00:00+00:00,0.107000,3600
2023-10-23T13:00:00+00:00,0.125070,3600
2023-10-23T14:00:00+00:00,0.132440,3600
2023-10-23T15:00:00+00:00,0.147250,3600
2023-10-23T16:00:00+00:00,0.158680,3600
2023-10-23T17:00:00+00:00,0.154700,3600
2023-10-23T18:00:00+00:00,0.124700,3600
2023-10-23T19:00:00+00:00,0.103820,3600
2023-10-23T20:00:00+00:00,0.108000,3600
2023-10-23T21:00:00+00:00,0.092760,3600
2023-10-23T22:00:00+00:00,0.101330,3600
2023-10-23T23:00:00+00:00,0.097210,3600
2023-10-24T00:00:00+00:00,0.094540,3600
2023-10-24T01:00:00+00:00,0.089460,3600
2023-10-24T02:00:00+00:00,0.090270,3600
2023-10-24T03:00:00+00:00,0.094450,3600
2023-10-24T04:00:00+00:00,0.101120,3600
2023-10-24T05:00:00+00:00,0.119670,3600
2023-10-24T06:00:00+00:00,0.130310,3600
2023-10-24T07:00:00+00:00,0.136350,3600
2023-10-24T08:00:00+00:00,0.128370,3600
2023-10-24T09:00:00+00:00,0.125000,3600
2023-10-24T10:00:00+00:00,0.118990,3600
2023-10-24T11:00:00+00:00,0.112540,3600
2023-10-24T12:00:00+00:00,0.105900,3600
2023-10-24T13:00:00+00:00,0.100100,3600
2023-10-24T14:00:00+00:00,0.109900,3600
2023-10-24T15:00:00+00:00,0.137940,3600
2023-10-24T16:00:00+00:00,0.149900,3600
2023-10-24T17:00:00+00:00,0.154150,3600
2023-10-24T18:00:00+00:00,0.133450,3600
2023-10-24T19:00:00+00:00,0.119310,3600
2023-10-24T20:00:00+00:00,0.114100,3600
2023-10-24T21:00:00+00:00,0.102780,3600
2023-10-24T22:00:00+00:00,0.099070,3600
2023-10-24T23:00:00+00:00,0.094560,3600
2023-10-25T00:00:00+00:00,0.091000,3600
2023-10-25T01:00:00+00:00,0.091680,3600
2023-10-25T02:00:00+00:00,0.096350,3600
2023-10-25T03:00:00+00:00,0.100010,3600
2023-10-25T04:00:00+00:00,0.118960,3600
2023-10-25T05:00:00+00:00,0.142740,3600
2023-10-25T06:00:00+00:00,0.150500,3600
2023-10-25T07:00:00+00:00,0.140520,3600
2023-10-25T08:00:00+00:00,0.129570,3600
2023-10-25T09:00:00+00:00,0.124610,3600
2023-10-25T10:00:00+00:00,0.117390,3600
2023-10-25T11:00:00+00:00,0.115700,3600
2023-10-25T12:00:00+00:00,0.124470,3600
2023-10-25T13:00:00+00:00,0.130980,3600
2023-10-25T14:00:00+00:00,0.144350,3600
2023-10-25T15:00:00+00:00,0.152710,3600
2023-10-25T16:00:00+00:00,0.153730,3600
2023-10-25T17:00:00+00:00,0.157900,3600
2023-10-25T18:00:00+00:00,0.137180,3600
2023-10-25T19:00:00+00:00,0.123660,3600
2023-10-25T20:00:00+00:00,0.120060,3600
2023-10-25T21:00:00+00:00,0.112800,3600
2023-10-25T22:00:00+00:00,0.104400,3600
2023-10-25T23:00:00+00:00,0.106000,3600
2023-10-26T00:00:00+00:00,0.109000,3600
2023-10-26T01:00:00+00:00,0.099960,3600
2023-10-26T02:00:00+00:00,0.100000,3600
2023-10-26T03:00:00+00:00,0.100000,3600
2023-10-26T04:00:00+00:00,0.117320,3600
2023-10-26T05:00:00+00:00,0.133790,3600
2023-10-26T06:00:00+00:00,0.144050,3600
2023-10-26T07:00:00+00:00,0.149000,3600
2023-10-26T08:00:00+00:00,0.146370,3600
2023-10-26T09:00:00+00:00,0.140000,3600
2023-10-26T10:00:00+00:00,0.131110,3600
2023-10-26T11:00:00+00:00,0.120090,3600
2023-10-26T12:00:00+00:00,0.119600,3600
2023-10-26T13:00:00+00:00,0.118210,3600
2023-10-26T14:00:00+00:00,0.126000,3600
2023-10-26T15:00:00+00:00,0.137980,3600
2023-10-26T16:00:00+00:00,0.151050,3600
2023-10-26T17:00:00+00:00,0.151080,3600
2023-10-26T18:00:00+00:00,0.130850,3600
2023-10-26T19:00:00+00:00,0.119070,3600
2023-10-26T20:00:00+00:00,0.117060,3600
2023-10-26T21:00:00+00:00,0.104850,3600
2023-10-26T22:00:00+00:00,0.104560,3600
2023-10-26T23:00:00+00:00,0.097610,3600
2023-10-27T00:00:00+00:00,0.097260,3600
2023-10-27T01:00:00+00:00,0.098900,3600
2023-10-27T02:00:00+00:00,0.105920,3600
2023-10-27T03:00:00+00:00,0.108840,3600
2023-10-27T04:00:00+00:00,0.122400,3600
2023-10-27T05:00:00+00:00,0.139400,3600
2023-10-27T06:00:00+00:00,0.154550,3600
2023-10-27T07:00:00+00:00,0.152700,3600
2023-10-27T08:00:00+00:00,0.147770,3600
2023-10-27T09:00:00+00:00,0.142530,3600
2023-10-27T10:00:00+00:00,0.125790,3600
2023-10-27T11:00:00+00:00,0.112190,3600
2023-10-27T12:00:00+00:00,0.105980,3600
2023-10-27T13:00:00+00:00,0.102790,3600
2023-10-27T14:00:00+00:00,0.113160,3600
2023-10-27T15:00:00+00:00,0.125880,3600
2023-10-27T16:00:00+00:00,0.139900,3600
2023-10-27T17:00:00+00:00,0.140600,3600
2023-10-27T18:00:00+00:00,0.121050,3600
2023-10-27T19:00:00+00:00,0.100130,3600
2023-10-27T20:00:00+00:00,0.096870,3600
2023-10-27T21:00:00+00:00,0.093700,3600
2023-10-27T22:00:00+00:00,0.084600,3600
2023-10-27T23:00:00+00:00,0.068610,3600
2023-10-28T00:00:00+00:00,0.064590,3600
2023-10-28T01:00:00+00:00,0.055000,3600
2023-10-28T02:00:00+00:00,0.056850,3600
2023-10-28T03:00:00+00:00,0.060260,3600
2023-10-28T04:00:00+00:00,0.064820,3600
2023-10-28T05:00:00+00:00,0.074000,3600
2023-10-28T06:00:00+00:00,0.089350,3600
2023-10-28T07:00:00+00:00,0.089740,3600
2023-10-28T08:00:00+00:00,0.087010,3600
2023-10-28T09:00:00+00:00,0.069540,3600
2023-10-28T10:00:00+00:00,0.057370,3600
2023-10-28T11:00:00+00:00,0.052560,3600
2023-10-28T12:00:00+00:00,0.051220,3600
2023-10-28T13:00:00+00:00,0.072930,3600
2023-10-28T14:00:00+00:00,0.087660,3600
2023-10-28T15:00:00+00:00,0.115200,3600
2023-10-28T16:00:00+00:00,0.132000,3600
2023-10-28T17:00:00+00:00,0.105760,3600
2023-10-28T18:00:00+00:00,0.079860,3600
2023-10-28T19:00:00+00:00,0.050840,3600
2023-10-28T20:00:00+00:00,0.037830,3600
2023-10-28T21:00:00+00:00,0.017620,3600
2023-10-28T22:00:00+00:00,0.005340,3600
2023-10-28T23:00:00+00:00,-0.002760,3600
2023-10-29T00:00:00+00:00,-0.001930,3600
2023-10-29T01:00:00+00:00,-0.001590,3600
2023-10-29T02:00:00+00:00,-0.001540,3600
2023-10-29T03:00:00+00:00,-0.001670,3600
2023-10-29T04:00:00+00:00,-0.001840,3600
2023-10-29T05:00:00+00:00,-0.001000,3600
2023-10-29T06:00:00+00:00,-0.001050,3600
2023-10-29T07:00:00+00:00,-0.000820,3600
2023-10-29T08:00:00+00:00,-0.000810,3600
2023-10-29T09:00:00+00:00,-0.000800,3600
2023-10-29T10:00:00+00:00,-0.000580,3600
2023-10-29T11:00:00+00:00,0.000000,3600
2023-10-29T12:00:00+00:00,0.000000,3600
2023-10-29T13:00:00+00:00,0.009590,3600
2023-10-29T14:00:00+00:00,0.034820,3600
2023-10-29T15:00:00+00:00,0.084890,3600
2023-10-29T16:00:00+00:00,0.109890,3600
2023-10-29T17:00:00+00:00,0.102700,3600
2023-10-29T18:00:00+00:00,0.075000,3600
2023-10-29T19:00:00+00:00,0.062410,3600
2023-10-29T20:00:00+00:00,0.054270,3600
2023-10-29T21:00:00+00:00,0.052000,3600
2023-10-29T22:00:00+00:00,0.038470,3600
2023-10-29T23:00:00+00:00,0.008000,3600
2023-10-30T00:00:00+00:00,0.008130,3600
2023-10-30T01:00:00+00:00,0.008360,3600
2023-10-30T02:00:00+00:00,0.010020,3600
2023-10-30T03:00:00+00:00,0.013900,3600
2023-10-30T04:00:00+00:00,0.023270,3600
2023-10-30T05:00:00+00:00,0.079200,3600
2023-10-30T06:00:00+00:00,0.105910,3600
2023-10-30T07:00:00+00:00,0.111000,3600
2023-10-30T08:00:00+00:00,0.103000,3600
2023-10-30T09:00:00+00:00,0.090000,3600
2023-10-30T10:00:00+00:00,0.096170,3600
2023-10-30T11:00:00+00:00,0.102540,3600
2023-10-30T12:00:00+00:00,0.114620,3600
2023-10-30T13:00:00+00:00,0.123980,3600
2023-10-30T14:00:00+00:00,0.139450,3600
2023-10-30T15:00:00+00:00,0.145400,3600
2023-10-30T16:00:00+00:00,0.165840,3600
2023-10-30T17:00:00+00:00,0.171000,3600
2023-10-30T18:00:00+00:00,0.151130,3600
2023-10-30T19:00:00+00:00,0.129030,3600
2023-10-30T20:00:00+00:00,0.114880,3600
2023-10-30T21:00:00+00:00,0.128000,3600
2023-10-30T22:00:00+00:00,0.114260,3600
2023-10-30T23:00:00+00:00,0.086050,3600
2023-10-31T00:00:00+00:00,0.079200,3600
2023-10-31T01:00:00+00:00,0.071960,3600
2023-10-31T02:00:00+00:00,0.064800,3600
2023-10-31T03:00:00+00:00,0.076000,3600
2023-10-31T04:00:00+00:00,0.092260,3600
2023-10-31T05:00:00+00:00,0.107140,3600
2023-10-31T06:00:00+00:00,0.130100,3600
2023-10-31T07:00:00+00:00,0.171800,3600
2023-10-31T08:00:00+00:00,0.156140,3600
2023-10-31T09:00:00+00:00,0.129350,3600
2023-10-31T10:00:00+00:00,0.111600,3600
2023-10-31T11:00:00+00:00,0.106000,3600
2023-10-31T12:00:00+00:00,0.113650,3600
2023-10-31T13:00:00+00:00,0.120660,3600
2023-10-31T14:00:00+00:00,0.122400,3600
2023-10-31T15:00:00+00:00,0.135110,3600
2023-10-31T16:00:00+00:00,0.161810,3600
2023-10-31T17:00:00+00:00,0.172040,3600
2023-10-31T18:00:00+00:00,0.152920,3600
2023-10-31T19:00:00+00:00,0.125880,3600
2023-10-31T20:00:00+00:00,0.115920,3600
2023-10-31T21:00:00+00:00,0.122200,3600
2023-10-31T22:00:00+00:00,0.106500,3600
2023-10-31T23:00:00+00:00,0.065450,3600
2023-11-01T00:00:00+00:00,0.067310,3600
2023-11-01T01:00:00+00:00,0.058840,3600
2023-11-01T02:00:00+00:00,0.048700,3600
2023-11-01T03:00:00+00:00,0.046650,3600
2023-11-01T04:00:00+00:00,0.054670,3600
2023-11-01T05:00:00+00:00,0.067350,3600
2023-11-01T06:00:00+00:00,0.078650,3600
2023-11-01T07:00:00+00:00,0.080220,3600
2023-11-01T08:00:00+00:00,0.069230,3600
2023-11-01T09:00:00+00:00,0.055640,3600
2023-11-01T10:00:00+00:00,0.049160,3600
2023-11-01T11:00:00+00:00,0.047640,3600
2023-11-01T12:00:00+00:00,0.055000,3600
2023-11-01T13:00:00+00:00,0.053330,3600
2023-11-01T14:00:00+00:00,0.063510,3600
2023-11-01T15:00:00+00:00,0.069850,3600
2023-11-01T16:00:00+00:00,0.087710,3600
2023-11-01T17:00:00+00:00,0.079940,3600
2023-11-01T18:00:00+00:00,0.074970,3600
2023-11-01T19:00:00+00:00,0.061180,3600
2023-11-01T20:00:00+00:00,0.039830,3600
2023-11-01T21:00:00+00:00,0.048400,3600
2023-11-01T22:00:00+00:00,0.028200,3600
2023-11-01T23:00:00+00:00,0.019720,3600
2023-11-02T00:00:00+00:00,0.011440,3600
2023-11-02T01:00:00+00:00,0.009140,3600
2023-11-02T02:00:00+00:00,0.006670,3600
2023-11-02T03:00:00+00:00,0.007000,3600
2023-11-02T04:00:00+00:00,0.007860,3600
2023-11-02T05:00:00+00:00,0.038800,3600
2023-11-02T06:00:00+00:00,0.074790,3600
2023-11-02T07:00:00+00:00,0.102320,3600
2023-11-02T08:00:00+00:00,0.077390,3600
2023-11-02T09:00:00+00:00,0.060900,3600
2023-11-02T10:00:00+00:00,0.063200,3600
2023-11-02T11:00:00+00:00,0.063700,3600
2023-11-02T12:00:00+00:00,0.064300,3600
2023-11-02T13:00:00+00:00,0.085950,3600
2023-11-02T14:00:00+00:00,0.124000,3600
2023-11-02T15:00:00+00:00,0.129890,3600
2023-11-02T16:00:00+00:00,0.141390,3600
2023-11-02T17:00:00+00:00,0.144000,3600
2023-11-02T18:00:00+00:00,0.099890,3600
2023-11-02T19:00:00+00:00,0.087830,3600
2023-11-02T20:00:00+00:00,0.075990,3600
2023-11-02T21:00:00+00:00,0.072270,3600
2023-11-02T22:00:00+00:00,0.057040,3600
2023-11-02T23:00:00+00:00,0.015170,3600
2023-11-03T00:00:00+00:00,0.011470,3600
2023-11-03T01:00:00+00:00,0.010000,3600
2023-11-03T02:00:00+00:00,0.005730,3600
2023-11-03T03:00:00+00:00,0.009730,3600
2023-11-03T04:00:00+00:00,0.023600,3600
2023-11-03T05:00:00+00:00,0.061640,3600
2023-11-03T06:00:00+00:00,0.090280,3600
2023-11-03T07:00:00+00:00,0.095050,3600
2023-11-03T08:00:00+00:00,0.089590,3600
2023-11-03T09:00:00+00:00,0.082900,3600
2023-11-03T10:00:00+00:00,0.074700,3600
2023-11-03T11:00:00+00:00,0.061810,3600
2023-11-03T12:00:00+00:00,0.060850,3600
2023-11-03T13:00:00+00:00,0.064890,3600
2023-11-03T14:00:00+00:00,0.069890,3600
2023-11-03T15:00:00+00:00,0.082700,3600
2023-11-03T16:00:00+00:00,0.110100,3600
2023-11-03T17:00:00+00:00,0.107800,3600
2023-11-03T18:00:00+00:00,0.091500,3600
2023-11-03T19:00:00+00:00,0.070500,3600
2023-11-03T20:00:00+00:00,0.054890,3600
2023-11-03T21:00:00+00:00,0.045530,3600
2023-11-03T22:00:00+00:00,0.030000,3600
2023-11-03T23:00:00+00:00,0.045720,3600
2023-11-04T00:00:00+00:00,0.032060,3600
2023-11-04T01:00:00+00:00,0.030000,3600
2023-11-04T02:00:00+00:00,0.022010,3600
2023-11-04T03:00:00+00:00,0.019190,3600
2023-11-04T04:00:00+00:00,0.015400,3600
2023-11-04T05:00:00+00:00,0.016130,3600
2023-11-04T06:00:00+00:00,0.025080,3600
2023-11-04T07:00:00+00:00,0.025850,3600
2023-11-04T08:00:00+00:00,0.020000,3600
2023-11-04T09:00:00+00:00,0.013950,3600
2023-11-04T10:00:00+00:00,0.015200,3600
2023-11-04T11:00:00+00:00,0.020000,3600
2023-11-04T12:00:00+00:00,0.021140,3600
2023-11-04T13:00:00+00:00,0.030790,3600
2023-11-04T14:00:00+00:00,0.042690,3600
2023-11-04T15:00:00+00:00,0.040000,3600
2023-11-04T16:00:00+00:00,0.059000,3600
2023-11-04T17:00:00+00:00,0.057810,3600
2023-11-04T18:00:00+00:00,0.053300,3600
2023-11-04T19:00:00+00:00,0.050000,3600
2023-11-04T20:00:00+00:00,0.034090,3600
2023-11-04T21:00:00+00:00,0.011730,3600
2023-11-04T22:00:00+00:00,0.007050,3600
2023-11-04T23:00:00+00:00,0.008710,3600
2023-11-05T00:00:00+00:00,0.006590,3600
2023-11-05T01:00:00+00:00,0.005180,3600
2023-11-05T02:00:00+00:00,0.002980,3600
2023-11-05T03:00:00+00:00,0.004240,3600
2023-11-05T04:00:00+00:00,0.007990,3600
2023-11-05T05:00:00+00:00,0.016490,3600
2023-11-05T06:00:00+00:00,0.055100,3600
2023-11-05T07:00:00+00:00,0.060000,3600
2023-11-05T08:00:00+00:00,0.051470,3600
2023-11-05T09:00:00+00:00,0.042830,3600
2023-11-05T10:00:00+00:00,0.043450,3600
2023-11-05T11:00:00+00:00,0.039880,3600
2023-11-05T12:00:00+00:00,0.026390,3600
2023-11-05T13:00:00+00:00,0.033370,3600
2023-11-05T14:00:00+00:00,0.051290,3600
2023-11-05T15:00:00+00:00,0.063090,3600
2023-11-05T16:00:00+00:00,0.074910,3600
2023-11-05T17:00:00+00:00,0.072710,3600
2023-11-05T18:00:00+00:00,0.059210,3600
2023-11-05T19:00:00+00:00,0.050100,3600
2023-11-05T20:00:00+00:00,0.051550,3600
2023-11-05T21:00:00+00:00,0.050100,3600
2023-11-05T22:00:00+00:00,0.045890,3600
2023-11-05T23:00:00+00:00,0.047240,3600
2023-11-06T00:00:00+00:00,0.031890,3600
2023-11-06T01:00:00+00:00,0.016750,3600
2023-11-06T02:00:00+00:00,0.006780,3600
2023-11-06T03:00:00+00:00,0.004300,3600
2023-11-06T04:00:00+00:00,0.016930,3600
2023-11-06T05:00:00+00:00,0.072750,3600
2023-11-06T06:00:00+00:00,0.096210,3600
2023-11-06T07:00:00+00:00,0.104470,3600
2023-11-06T08:00:00+00:00,0.086000,3600
2023-11-06T09:00:00+00:00,0.063990,3600
2023-11-06T10:00:00+00:00,0.060150,3600
2023-11-06T11:00:00+00:00,0.058050,3600
2023-11-06T12:00:00+00:00,0.066980,3600
2023-11-06T13:00:00+00:00,0.080340,3600
2023-11-06T14:00:00+00:00,0.100000,3600
2023-11-06T15:00:00+00:00,0.112460,3600
2023-11-06T16:00:00+00:00,0.138000,3600
2023-11-06T17:00:00+00:00,0.151190,3600
2023-11-06T18:00:00+00:00,0.139770,3600
2023-11-06T19:00:00+00:00,0.111490,3600
2023-11-06T20:00:00+00:00,0.105920,3600
2023-11-06T21:00:00+00:00,0.099270,3600
2023-11-06T22:00:00+00:00,0.092000,3600
2023-11-06T23:00:00+00:00,0.092070,3600
2023-11-07T00:00:00+00:00,0.076380,3600
2023-11-07T01:00:00+00:00,0.071180,3600
2023-11-07T02:00:00+00:00,0.068010,3600
2023-11-07T03:00:00+00:00,0.070250,3600
2023-11-07T04:00:00+00:00,0.083410,3600
2023-11-07T05:00:00+00:00,0.101490,3600
2023-11-07T06:00:00+00:00,0.132930,3600
2023-11-07T07:00:00+00:00,0.136450,3600
2023-11-07T08:00:00+00:00,0.127000,3600
2023-11-07T09:00:00+00:00,0.099550,3600
2023-11-07T10:00:00+00:00,0.089030,3600
2023-11-07T11:00:00+00:00,0.086210,3600
2023-11-07T12:00:00+00:00,0.088790,3600
2023-11-07T13:00:00+00:00,0.097900,3600
2023-11-07T14:00:00+00:00,0.108400,3600
2023-11-07T15:00:00+00:00,0.113240,3600
2023-11-07T16:00:00+00:00,0.137180,3600
2023-11-07T17:00:00+00:00,0.149700,3600
2023-11-07T18:00:00+00:00,0.132800,3600
2023-11-07T19:00:00+00:00,0.105100,3600
2023-11-07T20:00:00+00:00,0.092980,3600
2023-11-07T21:00:00+00:00,0.099590,3600
2023-11-07T22:00:00+00:00,0.098460,3600
2023-11-07T23:00:00+00:00,0.094000,3600
2023-11-08T00:00:00+00:00,0.086560,3600
2023-11-08T01:00:00+00:00,0.070950,3600
2023-11-08T02:00:00+00:00,0.064470,3600
2023-11-08T03:00:00+00:00,0.066760,3600
2023-11-08T04:00:00+00:00,0.075010,3600
2023-11-08T05:00:00+00:00,0.084610,3600
2023-11-08T06:00:00+00:00,0.107680,3600
2023-11-08T07:00:00+00:00,0.111470,3600
2023-11-08T08:00:00+00:00,0.093730,3600
2023-11-08T09:00:00+00:00,0.085100,3600
2023-11-08T10:00:00+00:00,0.078850,3600
2023-11-08T11:00:00+00:00,0.076000,3600
2023-11-08T12:00:00+00:00,0.076280,3600
2023-11-08T13:00:00+00:00,0.083230,3600
2023-11-08T14:00:00+00:00,0.104700,3600
2023-11-08T15:00:00+00:00,0.113540,3600
2023-11-08T16:00:00+00:00,0.119140,3600
2023-11-08T17:00:00+00:00,0.127140,3600
2023-11-08T18:00:00+00:00,0.121000,3600
2023-11-08T19:00:00+00:00,0.109900,3600
2023-11-08T20:00:00+00:00,0.107000,3600
2023-11-08T21:00:00+00:00,0.104000,3600
2023-11-08T22:00:00+00:00,0.101650,3600
2023-11-08T23:00:00+00:00,0.089200,3600
2023-11-09T00:00:00+00:00,0.099030,3600
2023-11-09T01:00:00+00:00,0.093010,3600
2023-11-09T02:00:00+00:00,0.090000,3600
2023-11-09T03:00:00+00:00,0.091190,3600
2023-11-09T04:00:00+00:00,0.088300,3600
2023-11-09T05:00:00+00:00,0.109610,3600
2023-11-09T06:00:00+00:00,0.120060,3600
2023-11-09T07:00:00+00:00,0.139970,3600
2023-11-09T08:00:00+00:00,0.130000,3600
2023-11-09T09:00:00+00:00,0.100080,3600
2023-11-09T10:00:00+00:00,0.095000,3600
2023-11-09T11:00:00+00:00,0.090160,3600
2023-11-09T12:00:00+00:00,0.092320,3600
2023-11-09T13:00:00+00:00,0.100610,3600
2023-11-09T14:00:00+00:00,0.116180,3600
2023-11-09T15:00:00+00:00,0.120250,3600
2023-11-09T16:00:00+00:00,0.131880,3600
2023-11-09T17:00:00+00:00,0.128600,3600
2023-11-09T18:00:00+00:00,0.112140,3600
2023-11-09T19:00:00+00:00,0.100000,3600
2023-11-09T20:00:00+00:00,0.088000,3600
2023-11-09T21:00:00+00:00,0.084040,3600
2023-11-09T22:00:00+00:00,0.074360,3600
2023-11-09T23:00:00+00:00,0.064080,3600
2023-11-10T00:00:00+00:00,0.059730,3600
2023-11-10T01:00:00+00:00,0.053740,3600
2023-11-10T02:00:00+00:00,0.048360,3600
2023-11-10T03:00:00+00:00,0.050000,3600
2023-11-10T04:00:00+00:00,0.066980,3600
2023-11-10T05:00:00+00:00,0.084250,3600
2023-11-10T06:00:00+00:00,0.106730,3600
2023-11-10T07:00:00+00:00,0.113000,3600
2023-11-10T08:00:00+00:00,0.116370,3600
2023-11-10T09:00:00+00:00,0.105800,3600
2023-11-10T10:00:00+00:00,0.098000,3600
2023-11-10T11:00:00+00:00,0.091800,3600
2023-11-10T12:00:00+00:00,0.100000,3600
2023-11-10T13:00:00+00:00,0.096240,3600
2023-11-10T14:00:00+00:00,0.110670,3600
2023-11-10T15:00:00+00:00,0.121070,3600
2023-11-10T16:00:00+00:00,0.135150,3600
2023-11-10T17:00:00+00:00,0.135100,3600
2023-11-10T18:00:00+00:00,0.123580,3600
2023-11-10T19:00:00+00:00,0.112930,3600
2023-11-10T20:00:00+00:00,0.105100,3600
2023-11-10T21:00:00+00:00,0.103970,3600
2023-11-10T22:00:00+00:00,0.093200,3600
2023-11-10T23:00:00+00:00,0.087300,3600
2023-11-11T00:00:00+00:00,0.085890,3600
2023-11-11T01:00:00+00:00,0.085880,3600
2023-11-11T02:00:00+00:00,0.083210,3600
2023-11-11T03:00:00+00:00,0.082710,3600
2023-11-11T04:00:00+00:00,0.085440,3600
2023-11-11T05:00:00+00:00,0.086300,3600
2023-11-11T06:00:00+00:00,0.088000,3600
2023-11-11T07:00:00+00:00,0.092000,3600
2023-11-11T08:00:00+00:00,0.094890,3600
2023-11-11T09:00:00+00:00,0.091280,3600
2023-11-11T10:00:00+00:00,0.090220,3600
2023-11-11T11:00:00+00:00,0.087940,3600
2023-11-11T12:00:00+00:00,0.087800,3600
2023-11-11T13:00:00+00:00,0.091500,3600
2023-11-11T14:00:00+00:00,0.102870,3600
2023-11-11T15:00:00+00:00,0.115740,3600
2023-11-11T16:00:00+00:00,0.127980,3600
2023-11-11T17:00:00+00:00,0.135760,3600
2023-11-11T18:00:00+00:00,0.124470,3600
2023-11-11T19:00:00+00:00,0.113510,3600
2023-11-11T20:00:00+00:00,0.102580,3600
2023-11-11T21:00:00+00:00,0.092380,3600
2023-11-11T22:00:00+00:00,0.087410,3600
2023-11-11T23:00:00+00:00,0.089580,3600
2023-11-12T00:00:00+00:00,0.085360,3600
2023-11-12T01:00:00+00:00,0.085370,3600
2023-11-12T02:00:00+00:00,0.084400,3600
2023-11-12T03:00:00+00:00,0.086760,3600
2023-11-12T04:00:00+00:00,0.088320,3600
2023-11-12T05:00:00+00:00,0.087250,3600
2023-11-12T06:00:00+00:00,0.087280,3600
2023-11-12T07:00:00+00:00,0.088040,3600
2023-11-12T08:00:00+00:00,0.089750,3600
2023-11-12T09:00:00+00:00,0.088660,3600
2023-11-12T10:00:00+00:00,0.086620,3600
2023-11-12T11:00:00+00:00,0.088090,3600
2023-11-12T12:00:00+00:00,0.090000,3600
2023-11-12T13:00:00+00:00,0.094970,3600
2023-11-12T14:00:00+00:00,0.110380,3600
2023-11-12T15:00:00+00:00,0.122510,3600
2023-11-12T16:00:00+00:00,0.141960,3600
2023-11-12T17:00:00+00:00,0.130490,3600
2023-11-12T18:00:00+00:00,0.126000,3600
2023-11-12T19:00:00+00:00,0.116800,3600
2023-11-12T20:00:00+00:00,0.107330,3600
2023-11-12T21:00:00+00:00,0.100140,3600
2023-11-12T22:00:00+00:00,0.088020,3600
2023-11-12T23:00:00+00:00,0.091260,3600
2023-11-13T00:00:00+00:00,0.086820,3600
2023-11-13T01:00:00+00:00,0.087000,3600
2023-11-13T02:00:00+00:00,0.087250,3600
2023-11-13T03:00:00+00:00,0.085280,3600
2023-11-13T04:00:00+00:00,0.088560,3600
2023-11-13T05:00:00+00:00,0.112200,3600
2023-11-13T06:00:00+00:00,0.134210,3600
2023-11-13T07:00:00+00:00,0.145000,3600
2023-11-13T08:00:00+00:00,0.125900,3600
2023-11-13T09:00:00+00:00,0.118860,3600
2023-11-13T10:00:00+00:00,0.116670,3600
2023-11-13T11:00:00+00:00,0.108500,3600
2023-11-13T12:00:00+00:00,0.101610,3600
2023-11-13T13:00:00+00:00,0.088250,3600
2023-11-13T14:00:00+00:00,0.080130,3600
2023-11-13T15:00:00+00:00,0.078670,3600
2023-11-13T16:00:00+00:00,0.091330,3600
2023-11-13T17:00:00+00:00,0.096000,3600
2023-11-13T18:00:00+00:00,0.087600,3600
2023-11-13T19:00:00+00:00,0.076800,3600
2023-11-13T20:00:00+00:00,0.061990,3600
2023-11-13T21:00:00+00:00,0.061480,3600
2023-11-13T22:00:00+00:00,0.030010,3600
2023-11-13T23:00:00+00:00,0.010600,3600
2023-11-14T00:00:00+00:00,0.001480,3600
2023-11-14T01:00:00+00:00,0.000290,3600
2023-11-14T02:00:00+00:00,0.000080,3600
2023-11-14T03:00:00+00:00,0.000320,3600
2023-11-14T04:00:00+00:00,0.001820,3600
2023-11-14T05:00:00+00:00,0.047630,3600
2023-11-14T06:00:00+00:00,0.080030,3600
2023-11-14T07:00:00+00:00,0.096310,3600
2023-11-14T08:00:00+00:00,0.086460,3600
2023-11-14T09:00:00+00:00,0.074800,3600
2023-11-14T10:00:00+00:00,0.072820,3600
2023-11-14T11:00:00+00:00,0.075080,3600
2023-11-14T12:00:00+00:00,0.075220,3600
2023-11-14T13:00:00+00:00,0.086380,3600
2023-11-14T14:00:00+00:00,0.100600,3600
2023-11-14T15:00:00+00:00,0.098910,3600
2023-11-14T16:00:00+00:00,0.132800,3600
2023-11-14T17:00:00+00:00,0.126030,3600
2023-11-14T18:00:00+00:00,0.116970,3600
2023-11-14T19:00:00+00:00,0.100450,3600
2023-11-14T20:00:00+00:00,0.093400,3600
2023-11-14T21:00:00+00:00,0.096160,3600
2023-11-14T22:00:00+00:00,0.085500,3600
2023-11-14T23:00:00+00:00,0.081100,3600
2023-11-15T00:00:00+00:00,0.076420,3600
2023-11-15T01:00:00+00:00,0.072900,3600
2023-11-15T02:00:00+00:00,0.070690,3600
2023-11-15T03:00:00+00:00,0.074450,3600
2023-11-15T04:00:00+00:00,0.081990,3600
2023-11-15T05:00:00+00:00,0.101270,3600
2023-11-15T06:00:00+00:00,0.121360,3600
2023-11-15T07:00:00+00:00,0.126230,3600
2023-11-15T08:00:00+00:00,0.117480,3600
2023-11-15T09:00:00+00:00,0.108460,3600
2023-11-15T10:00:00+00:00,0.096820,3600
2023-11-15T11:00:00+00:00,0.090940,3600
2023-11-15T12:00:00+00:00,0.092460,3600
2023-11-15T13:00:00+00:00,0.094550,3600
2023-11-15T14:00:00+00:00,0.113760,3600
2023-11-15T15:00:00+00:00,0.119210,3600
2023-11-15T16:00:00+00:00,0.126600,3600
2023-11-15T17:00:00+00:00,0.129900,3600
2023-11-15T18:00:00+00:00,0.121080,3600
2023-11-15T19:00:00+00:00,0.109900,3600
2023-11-15T20:00:00+00:00,0.097500,3600
2023-11-15T21:00:00+00:00,0.091660,3600
2023-11-15T22:00:00+00:00,0.084210,3600
2023-11-15T23:00:00+00:00,0.085460,3600
2023-11-16T00:00:00+00:00,0.083400,3600
2023-11-16T01:00:00+00:00,0.095570,3600
2023-11-16T02:00:00+00:00,0.095570,3600
2023-11-16T03:00:00+00:00,0.098300,3600
2023-11-16T04:00:00+00:00,0.103200,3600
2023-11-16T05:00:00+00:00,0.105000,3600
2023-11-16T06:00:00+00:00,0.126900,3600
2023-11-16T07:00:00+00:00,0.129990,3600
2023-11-16T08:00:00+00:00,0.128590,3600
2023-11-16T09:00:00+00:00,0.120100,3600
2023-11-16T10:00:00+00:00,0.116620,3600
2023-11-16T11:00:00+00:00,0.122630,3600
2023-11-16T12:00:00+00:00,0.131640,3600
2023-11-16T13:00:00+00:00,0.146520,3600
2023-11-16T14:00:00+00:00,0.158500,3600
2023-11-16T15:00:00+00:00,0.158240,3600
2023-11-16T16:00:00+00:00,0.181220,3600
2023-11-16T17:00:00+00:00,0.140440,3600
2023-11-16T18:00:00+00:00,0.125260,3600
2023-11-16T19:00:00+00:00,0.121190,3600
2023-11-16T20:00:00+00:00,0.115000,3600
2023-11-16T21:00:00+00:00,0.110200,3600
2023-11-16T22:00:00+00:00,0.100850,3600
2023-11-16T23:00:00+00:00,0.106000,3600
2023-11-17T00:00:00+00:00,0.100000,3600
2023-11-17T01:00:00+00:00,0.100000,3600
2023-11-17T02:00:00+00:00,0.092860,3600
2023-11-17T03:00:00+00:00,0.095700,3600
2023-11-17T04:00:00+00:00,0.103200,3600
2023-11-17T05:00:00+00:00,0.119350,3600
2023-11-17T06:00:00+00:00,0.131030,3600
2023-11-17T07:00:00+00:00,0.141920,3600
2023-11-17T08:00:00+00:00,0.134750,3600
2023-11-17T09:00:00+00:00,0.127900,3600
2023-11-17T10:00:00+00:00,0.125180,3600
2023-11-17T11:00:00+00:00,0.119540,3600
2023-11-17T12:00:00+00:00,0.112100,3600
2023-11-17T13:00:00+00:00,0.123910,3600
2023-11-17T14:00:00+00:00,0.129760,3600
2023-11-17T15:00:00+00:00,0.137650,3600
2023-11-17T16:00:00+00:00,0.146320,3600
2023-11-17T17:00:00+00:00,0.149800,3600
2023-11-17T18:00:00+00:00,0.141830,3600
2023-11-17T19:00:00+00:00,0.128440,3600
2023-11-17T20:00:00+00:00,0.120360,3600
2023-11-17T21:00:00+00:00,0.118240,3600
2023-11-17T22:00:00+00:00,0.112100,3600
2023-11-17T23:00:00+00:00,0.110560,3600
2023-11-18T00:00:00+00:00,0.097380,3600
2023-11-18T01:00:00+00:00,0.090610,3600
2023-11-18T02:00:00+00:00,0.085940,3600
2023-11-18T03:00:00+00:00,0.082460,3600
2023-11-18T04:00:00+00:00,0.082500,3600
2023-11-18T05:00:00+00:00,0.086190,3600
2023-11-18T06:00:00+00:00,0.092080,3600
2023-11-18T07:00:00+00:00,0.100170,3600
2023-11-18T08:00:00+00:00,0.096950,3600
2023-11-18T09:00:00+00:00,0.095210,3600
2023-11-18T10:00:00+00:00,0.092890,3600
2023-11-18T11:00:00+00:00,0.092640,3600
2023-11-18T12:00:00+00:00,0.091610,3600
2023-11-18T13:00:00+00:00,0.092890,3600
2023-11-18T14:00:00+00:00,0.092230,3600
2023-11-18T15:00:00+00:00,0.094480,3600
2023-11-18T16:00:00+00:00,0.105280,3600
2023-11-18T17:00:00+00:00,0.107620,3600
2023-11-18T18:00:00+00:00,0.090800,3600
2023-11-18T19:00:00+00:00,0.083540,3600
2023-11-18T20:00:00+00:00,0.078110,3600
2023-11-18T21:00:00+00:00,0.073760,3600
2023-11-18T22:00:00+00:00,0.058110,3600
2023-11-18T23:00:00+00:00,0.019240,3600
2023-11-19T00:00:00+00:00,0.005750,3600
2023-11-19T01:00:00+00:00,0.004100,3600
2023-11-19T02:00:00+00:00,0.000130,3600
2023-11-19T03:00:00+00:00,0.000070,3600
2023-11-19T04:00:00+00:00,0.000090,3600
2023-11-19T05:00:00+00:00,0.002330,3600
2023-11-19T06:00:00+00:00,0.005590,3600
2023-11-19T07:00:00+00:00,0.014490,3600
2023-11-19T08:00:00+00:00,0.018920,3600
2023-11-19T09:00:00+00:00,0.012570,3600
2023-11-19T10:00:00+00:00,0.012610,3600
2023-11-19T11:00:00+00:00,0.011660,3600
2023-11-19T12:00:00+00:00,0.000790,3600
2023-11-19T13:00:00+00:00,0.015290,3600
2023-11-19T14:00:00+00:00,0.067310,3600
2023-11-19T15:00:00+00:00,0.080980,3600
2023-11-19T16:00:00+00:00,0.094990,3600
2023-11-19T17:00:00+00:00,0.104580,3600
2023-11-19T18:00:00+00:00,0.103860,3600
2023-11-19T19:00:00+00:00,0.088740,3600
2023-11-19T20:00:00+00:00,0.084420,3600
2023-11-19T21:00:00+00:00,0.088050,3600
2023-11-19T22:00:00+00:00,0.080050,3600
2023-11-19T23:00:00+00:00,0.068300,3600
2023-11-20T00:00:00+00:00,0.062680,3600
2023-11-20T01:00:00+00:00,0.059910,3600
2023-11-20T02:00:00+00:00,0.057610,3600
2023-11-20T03:00:00+00:00,0.063400,3600
2023-11-20T04:00:00+00:00,0.080430,3600
2023-11-20T05:00:00+00:00,0.102470,3600
2023-11-20T06:00:00+00:00,0.127720,3600
2023-11-20T07:00:00+00:00,0.126000,3600
2023-11-20T08:00:00+00:00,0.117590,3600
2023-11-20T09:00:00+00:00,0.110590,3600
2023-11-20T10:00:00+00:00,0.106000,3600
2023-11-20T11:00:00+00:00,0.103000,3600
2023-11-20T12:00:00+00:00,0.114300,3600
2023-11-20T13:00:00+00:00,0.120350,3600
2023-11-20T14:00:00+00:00,0.125370,3600
2023-11-20T15:00:00+00:00,0.135860,3600
2023-11-20T16:00:00+00:00,0.148120,3600
2023-11-20T17:00:00+00:00,0.139980,3600
2023-11-20T18:00:00+00:00,0.130100,3600
2023-11-20T19:00:00+00:00,0.120050,3600
2023-11-20T20:00:00+00:00,0.107010,3600
2023-11-20T21:00:00+00:00,0.108050,3600
2023-11-20T22:00:00+00:00,0.100000,3600
2023-11-20T23:00:00+00:00,0.102750,3600
2023-11-21T00:00:00+00:00,0.098200,3600
2023-11-21T01:00:00+00:00,0.096120,3600
2023-11-21T02:00:00+00:00,0.091170,3600
2023-11-21T03:00:00+00:00,0.095360,3600
2023-11-21T04:00:00+00:00,0.101120,3600
2023-11-21T05:00:00+00:00,0.120100,3600
2023-11-21T06:00:00+00:00,0.134500,3600
2023-11-21T07:00:00+00:00,0.139300,3600
2023-11-21T08:00:00+00:00,0.136020,3600
2023-11-21T09:00:00+00:00,0.135000,3600
2023-11-21T10:00:00+00:00,0.134120,3600
2023-11-21T11:00:00+00:00,0.137830,3600
2023-11-21T12:00:00+00:00,0.137020,3600
2023-11-21T13:00:00+00:00,0.137070,3600
2023-11-21T14:00:00+00:00,0.137230,3600
2023-11-21T15:00:00+00:00,0.140570,3600
2023-11-21T16:00:00+00:00,0.145800,3600
2023-11-21T17:00:00+00:00,0.142080,3600
2023-11-21T18:00:00+00:00,0.132350,3600
2023-11-21T19:00:00+00:00,0.124790,3600
2023-11-21T20:00:00+00:00,0.110520,3600
2023-11-21T21:00:00+00:00,0.110910,3600
2023-11-21T22:00:00+00:00,0.098040,3600
2023-11-21T23:00:00+00:00,0.098000,3600
2023-11-22T00:00:00+00:00,0.095010,3600
2023-11-22T01:00:00+00:00,0.095010,3600
2023-11-22T02:00:00+00:00,0.092000,3600
2023-11-22T03:00:00+00:00,0.092590,3600
2023-11-22T04:00:00+00:00,0.096500,3600
2023-11-22T05:00:00+00:00,0.119250,3600
2023-11-22T06:00:00+00:00,0.140550,3600
2023-11-22T07:00:00+00:00,0.152230,3600
2023-11-22T08:00:00+00:00,0.131300,3600
2023-11-22T09:00:00+00:00,0.114990,3600
2023-11-22T10:00:00+00:00,0.103570,3600
2023-11-22T11:00:00+00:00,0.095600,3600
2023-11-22T12:00:00+00:00,0.102410,3600
2023-11-22T13:00:00+00:00,0.116090,3600
2023-11-22T14:00:00+00:00,0.120000,3600
2023-11-22T15:00:00+00:00,0.127200,3600
2023-11-22T16:00:00+00:00,0.132950,3600
2023-11-22T17:00:00+00:00,0.129890,3600
2023-11-22T18:00:00+00:00,0.118780,3600
2023-11-22T19:00:00+00:00,0.123000,3600
2023-11-22T20:00:00+00:00,0.102820,3600
2023-11-22T21:00:00+00:00,0.108570,3600
2023-11-22T22:00:00+00:00,0.080200,3600
2023-11-22T23:00:00+00:00,0.064970,3600
2023-11-23T00:00:00+00:00,0.046050,3600
2023-11-23T01:00:00+00:00,0.041120,3600
2023-11-23T02:00:00+00:00,0.030130,3600
2023-11-23T03:00:00+00:00,0.020180,3600
2023-11-23T04:00:00+00:00,0.032170,3600
2023-11-23T05:00:00+00:00,0.082000,3600
2023-11-23T06:00:00+00:00,0.114430,3600
2023-11-23T07:00:00+00:00,0.139800,3600
2023-11-23T08:00:00+00:00,0.139900,3600
2023-11-23T09:00:00+00:00,0.119010,3600
2023-11-23T10:00:00+00:00,0.088000,3600
2023-11-23T11:00:00+00:00,0.070870,3600
2023-11-23T12:00:00+00:00,0.084890,3600
2023-11-23T13:00:00+00:00,0.095000,3600
2023-11-23T14:00:00+00:00,0.098000,3600
2023-11-23T15:00:00+00:00,0.112100,3600
2023-11-23T16:00:00+00:00,0.155770,3600
2023-11-23T17:00:00+00:00,0.135900,3600
2023-11-23T18:00:00+00:00,0.130100,3600
2023-11-23T19:00:00+00:00,0.096000,3600
2023-11-23T20:00:00+00:00,0.093000,3600
2023-11-23T21:00:00+00:00,0.091800,3600
2023-11-23T22:00:00+00:00,0.060320,3600
2023-11-23T23:00:00+00:00,0.047000,3600
2023-11-24T00:00:00+00:00,0.020400,3600
2023-11-24T01:00:00+00:00,0.024400,3600
2023-11-24T02:00:00+00:00,0.000590,3600
2023-11-24T03:00:00+00:00,0.001770,3600
2023-11-24T04:00:00+00:00,0.031680,3600
2023-11-24T05:00:00+00:00,0.070900,3600
2023-11-24T06:00:00+00:00,0.094610,3600
2023-11-24T07:00:00+00:00,0.126570,3600
2023-11-24T08:00:00+00:00,0.131220,3600
2023-11-24T09:00:00+00:00,0.107150,3600
2023-11-24T10:00:00+00:00,0.098850,3600
2023-11-24T11:00:00+00:00,0.077860,3600
2023-11-24T12:00:00+00:00,0.078290,3600
2023-11-24T13:00:00+00:00,0.089310,3600
2023-11-24T14:00:00+00:00,0.090090,3600
2023-11-24T15:00:00+00:00,0.113100,3600
2023-11-24T16:00:00+00:00,0.145100,3600
2023-11-24T17:00:00+00:00,0.148020,3600
2023-11-24T18:00:00+00:00,0.136340,3600
2023-11-24T19:00:00+00:00,0.121600,3600
2023-11-24T20:00:00+00:00,0.100100,3600
2023-11-24T21:00:00+00:00,0.092970,3600
2023-11-24T22:00:00+00:00,0.085350,3600
2023-11-24T23:00:00+00:00,0.078070,3600
2023-11-25T00:00:00+00:00,0.074030,3600
2023-11-25T01:00:00+00:00,0.072070,3600
2023-11-25T02:00:00+00:00,0.071610,3600
2023-11-25T03:00:00+00:00,0.069990,3600
2023-11-25T04:00:00+00:00,0.074190,3600
2023-11-25T05:00:00+00:00,0.079810,3600
2023-11-25T06:00:00+00:00,0.087080,3600
2023-11-25T07:00:00+00:00,0.094290,3600
2023-11-25T08:00:00+00:00,0.092020,3600
2023-11-25T09:00:00+00:00,0.089170,3600
2023-11-25T10:00:00+00:00,0.087060,3600
2023-11-25T11:00:00+00:00,0.084840,3600
2023-11-25T12:00:00+00:00,0.083090,3600
2023-11-25T13:00:00+00:00,0.090090,3600
2023-11-25T14:00:00+00:00,0.095800,3600
2023-11-25T15:00:00+00:00,0.114950,3600
2023-11-25T16:00:00+00:00,0.124100,3600
2023-11-25T17:00:00+00:00,0.138790,3600
2023-11-25T18:00:00+00:00,0.128050,3600
2023-11-25T19:00:00+00:00,0.139120,3600
2023-11-25T20:00:00+00:00,0.121000,3600
2023-11-25T21:00:00+00:00,0.117860,3600
2023-11-25T22:00:00+00:00,0.111150,3600
2023-11-25T23:00:00+00:00,0.111730,3600
2023-11-26T00:00:00+00:00,0.105070,3600
2023-11-26T01:00:00+00:00,0.101840,3600
2023-11-26T02:00:00+00:00,0.099340,3600
2023-11-26T03:00:00+00:00,0.096580,3600
2023-11-26T04:00:00+00:00,0.097160,3600
2023-11-26T05:00:00+00:00,0.100100,3600
2023-11-26T06:00:00+00:00,0.110080,3600
2023-11-26T07:00:00+00:00,0.113130,3600
2023-11-26T08:00:00+00:00,0.117700,3600
2023-11-26T09:00:00+00:00,0.115880,3600
2023-11-26T10:00:00+00:00,0.114800,3600
2023-11-26T11:00:00+00:00,0.113670,3600
2023-11-26T12:00:00+00:00,0.110140,3600
2023-11-26T13:00:00+00:00,0.115100,3600
2023-11-26T14:00:00+00:00,0.123260,3600
2023-11-26T15:00:00+00:00,0.134150,3600
2023-11-26T16:00:00+00:00,0.145700,3600
2023-11-26T17:00:00+00:00,0.160600,3600
2023-11-26T18:00:00+00:00,0.146630,3600
2023-11-26T19:00:00+00:00,0.135910,3600
2023-11-26T20:00:00+00:00,0.122410,3600
2023-11-26T21:00:00+00:00,0.118990,3600
2023-11-26T22:00:00+00:00,0.102490,3600
2023-11-26T23:00:00+00:00,0.099310,3600
2023-11-27T00:00:00+00:00,0.094150,3600
2023-11-27T01:00:00+00:00,0.089900,3600
2023-11-27T02:00:00+00:00,0.088820,3600
2023-11-27T03:00:00+00:00,0.087910,3600
2023-11-27T04:00:00+00:00,0.094090,3600
2023-11-27T05:00:00+00:00,0.122010,3600
2023-11-27T06:00:00+00:00,0.136890,3600
2023-11-27T07:00:00+00:00,0.144990,3600
2023-11-27T08:00:00+00:00,0.139410,3600
2023-11-27T09:00:00+00:00,0.138000,3600
2023-11-27T10:00:00+00:00,0.136940,3600
2023-11-27T11:00:00+00:00,0.133970,3600
2023-11-27T12:00:00+00:00,0.132670,3600
2023-11-27T13:00:00+00:00,0.130090,3600
2023-11-27T14:00:00+00:00,0.121630,3600
2023-11-27T15:00:00+00:00,0.116840,3600
2023-11-27T16:00:00+00:00,0.125560,3600
2023-11-27T17:00:00+00:00,0.129100,3600
2023-11-27T18:00:00+00:00,0.105580,3600
2023-11-27T19:00:00+00:00,0.109000,3600
2023-11-27T20:00:00+00:00,0.108100,3600
2023-11-27T21:00:00+00:00,0.094300,3600
2023-11-27T22:00:00+00:00,0.084890,3600
2023-11-27T23:00:00+00:00,0.077740,3600
2023-11-28T00:00:00+00:00,0.070490,3600
2023-11-28T01:00:00+00:00,0.067470,3600
2023-11-28T02:00:00+00:00,0.064500,3600
2023-11-28T03:00:00+00:00,0.068290,3600
2023-11-28T04:00:00+00:00,0.080080,3600
2023-11-28T05:00:00+00:00,0.097620,3600
2023-11-28T06:00:00+00:00,0.118380,3600
2023-11-28T07:00:00+00:00,0.127600,3600
2023-11-28T08:00:00+00:00,0.138280,3600
2023-11-28T09:00:00+00:00,0.139270,3600
2023-11-28T10:00:00+00:00,0.138510,3600
2023-11-28T11:00:00+00:00,0.135610,3600
2023-11-28T12:00:00+00:00,0.137730,3600
2023-11-28T13:00:00+00:00,0.144010,3600
2023-11-28T14:00:00+00:00,0.150000,3600
2023-11-28T15:00:00+00:00,0.164010,3600
2023-11-28T16:00:00+00:00,0.189980,3600
2023-11-28T17:00:00+00:00,0.177000,3600
2023-11-28T18:00:00+00:00,0.161490,3600
2023-11-28T19:00:00+00:00,0.140510,3600
2023-11-28T20:00:00+00:00,0.120000,3600
2023-11-28T21:00:00+00:00,0.116840,3600
2023-11-28T22:00:00+00:00,0.109290,3600
2023-11-28T23:00:00+00:00,0.098430,3600
2023-11-29T00:00:00+00:00,0.095110,3600
2023-11-29T01:00:00+00:00,0.092080,3600
2023-11-29T02:00:00+00:00,0.086120,3600
2023-11-29T03:00:00+00:00,0.084940,3600
2023-11-29T04:00:00+00:00,0.095700,3600
2023-11-29T05:00:00+00:00,0.102840,3600
2023-11-29T06:00:00+00:00,0.132590,3600
2023-11-29T07:00:00+00:00,0.149580,3600
2023-11-29T08:00:00+00:00,0.145000,3600
2023-11-29T09:00:00+00:00,0.133850,3600
2023-11-29T10:00:00+00:00,0.129990,3600
2023-11-29T11:00:00+00:00,0.128210,3600
2023-11-29T12:00:00+00:00,0.132380,3600
2023-11-29T13:00:00+00:00,0.146660,3600
2023-11-29T14:00:00+00:00,0.168000,3600
2023-11-29T15:00:00+00:00,0.200000,3600
2023-11-29T16:00:00+00:00,0.250000,3600
2023-11-29T17:00:00+00:00,0.250000,3600
2023-11-29T18:00:00+00:00,0.200000,3600
2023-11-29T19:00:00+00:00,0.161000,3600
2023-11-29T20:00:00+00:00,0.139010,3600
2023-11-29T21:00:00+00:00,0.128500,3600
2023-11-29T22:00:00+00:00,0.114270,3600
2023-11-29T23:00:00+00:00,0.104790,3600
2023-11-30T00:00:00+00:00,0.104520,3600
2023-11-30T01:00:00+00:00,0.102200,3600
2023-11-30T02:00:00+00:00,0.100000,3600
2023-11-30T03:00:00+00:00,0.101630,3600
2023-11-30T04:00:00+00:00,0.106300,3600
2023-11-30T05:00:00+00:00,0.129410,3600
2023-11-30T06:00:00+00:00,0.168090,3600
2023-11-30T07:00:00+00:00,0.219270,3600
2023-11-30T08:00:00+00:00,0.237060,3600
2023-11-30T09:00:00+00:00,0.222400,3600
2023-11-30T10:00:00+00:00,0.223220,3600
2023-11-30T11:00:00+00:00,0.195150,3600
2023-11-30T12:00:00+00:00,0.189760,3600
2023-11-30T13:00:00+00:00,0.195000,3600
2023-11-30T14:00:00+00:00,0.195000,3600
2023-11-30T15:00:00+00:00,0.226000,3600
2023-11-30T16:00:00+00:00,0.261000,3600
2023-11-30T17:00:00+00:00,0.249410,3600
2023-11-30T18:00:00+00:00,0.196660,3600
2023-11-30T19:00:00+00:00,0.153930,3600
2023-11-30T20:00:00+00:00,0.132710,3600
2023-11-30T21:00:00+00:00,0.124670,3600
2023-11-30T22:00:00+00:00,0.113720,3600
2023-11-30T23:00:00+00:00,0.106910,3600
2023-12-01T00:00:00+00:00,0.102630,3600
2023-12-01T01:00:00+00:00,0.099100,3600
2023-12-01T02:00:00+00:00,0.095890,3600
2023-12-01T03:00:00+00:00,0.096070,3600
2023-12-01T04:00:00+00:00,0.102290,3600
2023-12-01T05:00:00+00:00,0.120000,3600
2023-12-01T06:00:00+00:00,0.152070,3600
2023-12-01T07:00:00+00:00,0.203320,3600
2023-12-01T08:00:00+00:00,0.222350,3600
2023-12-01T09:00:00+00:00,0.214990,3600
2023-12-01T10:00:00+00:00,0.213090,3600
2023-12-01T11:00:00+00:00,0.196720,3600
2023-12-01T12:00:00+00:00,0.174540,3600
2023-12-01T13:00:00+00:00,0.174110,3600
2023-12-01T14:00:00+00:00,0.183600,3600
2023-12-01T15:00:00+00:00,0.200000,3600
2023-12-01T16:00:00+00:00,0.229770,3600
2023-12-01T17:00:00+00:00,0.199100,3600
2023-12-01T18:00:00+00:00,0.168490,3600
2023-12-01T19:00:00+00:00,0.142330,3600
2023-12-01T20:00:00+00:00,0.125110,3600
2023-12-01T21:00:00+00:00,0.118310,3600
2023-12-01T22:00:00+00:00,0.108120,3600
2023-12-01T23:00:00+00:00,0.105300,3600
2023-12-02T00:00:00+00:00,0.102780,3600
2023-12-02T01:00:00+00:00,0.101740,3600
2023-12-02T02:00:00+00:00,0.099240,3600
2023-12-02T03:00:00+00:00,0.098350,3600
2023-12-02T04:00:00+00:00,0.098010,3600
2023-12-02T05:00:00+00:00,0.099060,3600
2023-12-02T06:00:00+00:00,0.104750,3600
2023-12-02T07:00:00+00:00,0.120340,3600
2023-12-02T08:00:00+00:00,0.127990,3600
2023-12-02T09:00:00+00:00,0.130750,3600
2023-12-02T10:00:00+00:00,0.126240,3600
2023-12-02T11:00:00+00:00,0.119900,3600
2023-12-02T12:00:00+00:00,0.114580,3600
2023-12-02T13:00:00+00:00,0.118520,3600
2023-12-02T14:00:00+00:00,0.123500,3600
2023-12-02T15:00:00+00:00,0.129790,3600
2023-12-02T16:00:00+00:00,0.144150,3600
2023-12-02T17:00:00+00:00,0.144850,3600
2023-12-02T18:00:00+00:00,0.129560,3600
2023-12-02T19:00:00+00:00,0.122560,3600
2023-12-02T20:00:00+00:00,0.113000,3600
2023-12-02T21:00:00+00:00,0.109010,3600
2023-12-02T22:00:00+00:00,0.106300,3600
2023-12-02T23:00:00+00:00,0.108630,3600
2023-12-03T00:00:00+00:00,0.103380,3600
2023-12-03T01:00:00+00:00,0.100200,3600
2023-12-03T02:00:00+00:00,0.099130,3600
2023-12-03T03:00:00+00:00,0.095150,3600
2023-12-03T04:00:00+00:00,0.091830,3600
2023-12-03T05:00:00+00:00,0.088890,3600
2023-12-03T06:00:00+00:00,0.092310,3600
2023-12-03T07:00:00+00:00,0.097020,3600
2023-12-03T08:00:00+00:00,0.100150,3600
2023-12-03T09:00:00+00:00,0.104960,3600
2023-12-03T10:00:00+00:00,0.105070,3600
2023-12-03T11:00:00+00:00,0.102910,3600
2023-12-03T12:00:00+00:00,0.100000,3600
2023-12-03T13:00:00+00:00,0.105680,3600
2023-12-03T14:00:00+00:00,0.115000,3600
2023-12-03T15:00:00+00:00,0.122200,3600
2023-12-03T16:00:00+00:00,0.127900,3600
2023-12-03T17:00:00+00:00,0.129050,3600
2023-12-03T18:00:00+00:00,0.126070,3600
2023-12-03T19:00:00+00:00,0.112330,3600
2023-12-03T20:00:00+00:00,0.100000,3600
2023-12-03T21:00:00+00:00,0.099090,3600
2023-12-03T22:00:00+00:00,0.089000,3600
2023-12-03T23:00:00+00:00,0.093860,3600
2023-12-04T00:00:00+00:00,0.089810,3600
2023-12-04T01:00:00+00:00,0.088020,3600
2023-12-04T02:00:00+00:00,0.085380,3600
2023-12-04T03:00:00+00:00,0.085830,3600
2023-12-04T04:00:00+00:00,0.091980,3600
2023-12-04T05:00:00+00:00,0.103380,3600
2023-12-04T06:00:00+00:00,0.115750,3600
2023-12-04T07:00:00+00:00,0.122640,3600
2023-12-04T08:00:00+00:00,0.126120,3600
2023-12-04T09:00:00+00:00,0.128020,3600
2023-12-04T10:00:00+00:00,0.130700,3600
2023-12-04T11:00:00+00:00,0.126450,3600
2023-12-04T12:00:00+00:00,0.130000,3600
2023-12-04T13:00:00+00:00,0.127100,3600
2023-12-04T14:00:00+00:00,0.124840,3600
2023-12-04T15:00:00+00:00,0.121960,3600
2023-12-04T16:00:00+00:00,0.128060,3600
2023-12-04T17:00:00+00:00,0.125600,3600
2023-12-04T18:00:00+00:00,0.120000,3600
2023-12-04T19:00:00+00:00,0.114330,3600
2023-12-04T20:00:00+00:00,0.105550,3600
2023-12-04T21:00:00+00:00,0.100000,3600
2023-12-04T22:00:00+00:00,0.091760,3600
2023-12-04T23:00:00+00:00,0.090850,3600
2023-12-05T00:00:00+00:00,0.088010,3600
2023-12-05T01:00:00+00:00,0.085730,3600
2023-12-05T02:00:00+00:00,0.083620,3600
2023-12-05T03:00:00+00:00,0.084710,3600
2023-12-05T04:00:00+00:00,0.091020,3600
2023-12-05T05:00:00+00:00,0.107950,3600
2023-12-05T06:00:00+00:00,0.114360,3600
2023-12-05T07:00:00+00:00,0.122790,3600
2023-12-05T08:00:00+00:00,0.123290,3600
2023-12-05T09:00:00+00:00,0.120690,3600
2023-12-05T10:00:00+00:00,0.120790,3600
2023-12-05T11:00:00+00:00,0.117960,3600
2023-12-05T12:00:00+00:00,0.118120,3600
2023-12-05T13:00:00+00:00,0.125070,3600
2023-12-05T14:00:00+00:00,0.122590,3600
2023-12-05T15:00:00+00:00,0.129240,3600
2023-12-05T16:00:00+00:00,0.146050,3600
2023-12-05T17:00:00+00:00,0.147470,3600
2023-12-05T18:00:00+00:00,0.141560,3600
2023-12-05T19:00:00+00:00,0.128630,3600
2023-12-05T20:00:00+00:00,0.117830,3600
2023-12-05T21:00:00+00:00,0.111550,3600
2023-12-05T22:00:00+00:00,0.103280,3600
2023-12-05T23:00:00+00:00,0.094970,3600
2023-12-06T00:00:00+00:00,0.093100,3600
2023-12-06T01:00:00+00:00,0.092570,3600
2023-12-06T02:00:00+00:00,0.090960,3600
2023-12-06T03:00:00+00:00,0.090590,3600
2023-12-06T04:00:00+00:00,0.093890,3600
2023-12-06T05:00:00+00:00,0.106520,3600
2023-12-06T06:00:00+00:00,0.132760,3600
2023-12-06T07:00:00+00:00,0.167000,3600
2023-12-06T08:00:00+00:00,0.166540,3600
2023-12-06T09:00:00+00:00,0.150000,3600
2023-12-06T10:00:00+00:00,0.146290,3600
2023-12-06T11:00:00+00:00,0.119000,3600
2023-12-06T12:00:00+00:00,0.109730,3600
2023-12-06T13:00:00+00:00,0.129890,3600
2023-12-06T14:00:00+00:00,0.143990,3600
2023-12-06T15:00:00+00:00,0.164000,3600
2023-12-06T16:00:00+00:00,0.178070,3600
2023-12-06T17:00:00+00:00,0.165280,3600
2023-12-06T18:00:00+00:00,0.149930,3600
2023-12-06T19:00:00+00:00,0.129910,3600
2023-12-06T20:00:00+00:00,0.115680,3600
2023-12-06T21:00:00+00:00,0.107330,3600
2023-12-06T22:00:00+00:00,0.100440,3600
2023-12-06T23:00:00+00:00,0.099200,3600
2023-12-07T00:00:00+00:00,0.097850,3600
2023-12-07T01:00:00+00:00,0.096860,3600
2023-12-07T02:00:00+00:00,0.091810,3600
2023-12-07T03:00:00+00:00,0.089920,3600
2023-12-07T04:00:00+00:00,0.094530,3600
2023-12-07T05:00:00+00:00,0.097050,3600
2023-12-07T06:00:00+00:00,0.127990,3600
2023-12-07T07:00:00+00:00,0.150000,3600
2023-12-07T08:00:00+00:00,0.137700,3600
2023-12-07T09:00:00+00:00,0.108200,3600
2023-12-07T10:00:00+00:00,0.094300,3600
2023-12-07T11:00:00+00:00,0.079000,3600
2023-12-07T12:00:00+00:00,0.080300,3600
2023-12-07T13:00:00+00:00,0.086000,3600
2023-12-07T14:00:00+00:00,0.106700,3600
2023-12-07T15:00:00+00:00,0.126130,3600
2023-12-07T16:00:00+00:00,0.125210,3600
2023-12-07T17:00:00+00:00,0.120280,3600
2023-12-07T18:00:00+00:00,0.103190,3600
2023-12-07T19:00:00+00:00,0.099880,3600
2023-12-07T20:00:00+00:00,0.096100,3600
2023-12-07T21:00:00+00:00,0.096470,3600
2023-12-07T22:00:00+00:00,0.087080,3600
2023-12-07T23:00:00+00:00,0.087090,3600
2023-12-08T00:00:00+00:00,0.083260,3600
2023-12-08T01:00:00+00:00,0.081430,3600
2023-12-08T02:00:00+00:00,0.079520,3600
2023-12-08T03:00:00+00:00,0.080000,3600
2023-12-08T04:00:00+00:00,0.087040,3600
2023-12-08T05:00:00+00:00,0.099940,3600
2023-12-08T06:00:00+00:00,0.107540,3600
2023-12-08T07:00:00+00:00,0.112800,3600
2023-12-08T08:00:00+00:00,0.118580,3600
2023-12-08T09:00:00+00:00,0.118780,3600
2023-12-08T10:00:00+00:00,0.118070,3600
2023-12-08T11:00:00+00:00,0.116740,3600
2023-12-08T12:00:00+00:00,0.111890,3600
2023-12-08T13:00:00+00:00,0.113090,3600
2023-12-08T14:00:00+00:00,0.115750,3600
2023-12-08T15:00:00+00:00,0.113350,3600
2023-12-08T16:00:00+00:00,0.117630,3600
2023-12-08T17:00:00+00:00,0.118600,3600
2023-12-08T18:00:00+00:00,0.105560,3600
2023-12-08T19:00:00+00:00,0.104670,3600
2023-12-08T20:00:00+00:00,0.101120,3600
2023-12-08T21:00:00+00:00,0.101390,3600
2023-12-08T22:00:00+00:00,0.090580,3600
2023-12-08T23:00:00+00:00,0.095000,3600
2023-12-09T00:00:00+00:00,0.085100,3600
2023-12-09T01:00:00+00:00,0.079490,3600
2023-12-09T02:00:00+00:00,0.073070,3600
2023-12-09T03:00:00+00:00,0.069570,3600
2023-12-09T04:00:00+00:00,0.072380,3600
2023-12-09T05:00:00+00:00,0.076040,3600
2023-12-09T06:00:00+00:00,0.082490,3600
2023-12-09T07:00:00+00:00,0.085140,3600
2023-12-09T08:00:00+00:00,0.091760,3600
2023-12-09T09:00:00+00:00,0.090580,3600
2023-12-09T10:00:00+00:00,0.090750,3600
2023-12-09T11:00:00+00:00,0.091170,3600
2023-12-09T12:00:00+00:00,0.088690,3600
2023-12-09T13:00:00+00:00,0.085600,3600
2023-12-09T14:00:00+00:00,0.083500,3600
2023-12-09T15:00:00+00:00,0.078700,3600
2023-12-09T16:00:00+00:00,0.083440,3600
2023-12-09T17:00:00+00:00,0.080000,3600
2023-12-09T18:00:00+00:00,0.078690,3600
2023-12-09T19:00:00+00:00,0.065620,3600
2023-12-09T20:00:00+00:00,0.061400,3600
2023-12-09T21:00:00+00:00,0.057200,3600
2023-12-09T22:00:00+00:00,0.046180,3600
2023-12-09T23:00:00+00:00,0.033780,3600
2023-12-10T00:00:00+00:00,0.021340,3600
2023-12-10T01:00:00+00:00,0.012490,3600
2023-12-10T02:00:00+00:00,0.006370,3600
2023-12-10T03:00:00+00:00,0.009360,3600
2023-12-10T04:00:00+00:00,0.017540,3600
2023-12-10T05:00:00+00:00,0.023840,3600
2023-12-10T06:00:00+00:00,0.041850,3600
2023-12-10T07:00:00+00:00,0.059670,3600
2023-12-10T08:00:00+00:00,0.066240,3600
2023-12-10T09:00:00+00:00,0.068010,3600
2023-12-10T10:00:00+00:00,0.067960,3600
2023-12-10T11:00:00+00:00,0.066380,3600
2023-12-10T12:00:00+00:00,0.064730,3600
2023-12-10T13:00:00+00:00,0.068980,3600
2023-12-10T14:00:00+00:00,0.075840,3600
2023-12-10T15:00:00+00:00,0.080300,3600
2023-12-10T16:00:00+00:00,0.080300,3600
2023-12-10T17:00:00+00:00,0.085420,3600
2023-12-10T18:00:00+00:00,0.080760,3600
2023-12-10T19:00:00+00:00,0.078050,3600
2023-12-10T20:00:00+00:00,0.077060,3600
2023-12-10T21:00:00+00:00,0.077470,3600
2023-12-10T22:00:00+00:00,0.067150,3600
2023-12-10T23:00:00+00:00,0.034550,3600
2023-12-11T00:00:00+00:00,0.015740,3600
2023-12-11T01:00:00+00:00,0.013000,3600
2023-12-11T02:00:00+00:00,0.008900,3600
2023-12-11T03:00:00+00:00,0.011990,3600
2023-12-11T04:00:00+00:00,0.035790,3600
2023-12-11T05:00:00+00:00,0.074290,3600
2023-12-11T06:00:00+00:00,0.092740,3600
2023-12-11T07:00:00+00:00,0.098650,3600
2023-12-11T08:00:00+00:00,0.098370,3600
2023-12-11T09:00:00+00:00,0.093290,3600
2023-12-11T10:00:00+00:00,0.090980,3600
2023-12-11T11:00:00+00:00,0.085970,3600
2023-12-11T12:00:00+00:00,0.084480,3600
2023-12-11T13:00:00+00:00,0.092000,3600
2023-12-11T14:00:00+00:00,0.096790,3600
2023-12-11T15:00:00+00:00,0.106120,3600
2023-12-11T16:00:00+00:00,0.118450,3600
2023-12-11T17:00:00+00:00,0.122900,3600
2023-12-11T18:00:00+00:00,0.121550,3600
2023-12-11T19:00:00+00:00,0.114110,3600
2023-12-11T20:00:00+00:00,0.099420,3600
2023-12-11T21:00:00+00:00,0.096530,3600
2023-12-11T22:00:00+00:00,0.090370,3600
2023-12-11T23:00:00+00:00,0.088070,3600
2023-12-12T00:00:00+00:00,0.087060,3600
2023-12-12T01:00:00+00:00,0.085620,3600
2023-12-12T02:00:00+00:00,0.084420,3600
2023-12-12T03:00:00+00:00,0.085550,3600
2023-12-12T04:00:00+00:00,0.087310,3600
2023-12-12T05:00:00+00:00,0.098900,3600
2023-12-12T06:00:00+00:00,0.118400,3600
2023-12-12T07:00:00+00:00,0.140790,3600
2023-12-12T08:00:00+00:00,0.128770,3600
2023-12-12T09:00:00+00:00,0.124570,3600
2023-12-12T10:00:00+00:00,0.118810,3600
2023-12-12T11:00:00+00:00,0.116820,3600
2023-12-12T12:00:00+00:00,0.119470,3600
2023-12-12T13:00:00+00:00,0.116690,3600
2023-12-12T14:00:00+00:00,0.115540,3600
2023-12-12T15:00:00+00:00,0.106500,3600
2023-12-12T16:00:00+00:00,0.104130,3600
2023-12-12T17:00:00+00:00,0.105000,3600
2023-12-12T18:00:00+00:00,0.093600,3600
2023-12-12T19:00:00+00:00,0.092150,3600
2023-12-12T20:00:00+00:00,0.088140,3600
2023-12-12T21:00:00+00:00,0.083370,3600
2023-12-12T22:00:00+00:00,0.077500,3600
2023-12-12T23:00:00+00:00,0.075430,3600
2023-12-13T00:00:00+00:00,0.073010,3600
2023-12-13T01:00:00+00:00,0.073720,3600
2023-12-13T02:00:00+00:00,0.071460,3600
2023-12-13T03:00:00+00:00,0.073050,3600
2023-12-13T04:00:00+00:00,0.075570,3600
2023-12-13T05:00:00+00:00,0.083100,3600
2023-12-13T06:00:00+00:00,0.102190,3600
2023-12-13T07:00:00+00:00,0.098770,3600
2023-12-13T08:00:00+00:00,0.103510,3600
2023-12-13T09:00:00+00:00,0.100230,3600
2023-12-13T10:00:00+00:00,0.100000,3600
2023-12-13T11:00:00+00:00,0.097620,3600
2023-12-13T12:00:00+00:00,0.097340,3600
2023-12-13T13:00:00+00:00,0.102060,3600
2023-12-13T14:00:00+00:00,0.102830,3600
2023-12-13T15:00:00+00:00,0.100780,3600
2023-12-13T16:00:00+00:00,0.110040,3600
2023-12-13T17:00:00+00:00,0.105420,3600
2023-12-13T18:00:00+00:00,0.102040,3600
2023-12-13T19:00:00+00:00,0.095300,3600
2023-12-13T20:00:00+00:00,0.090880,3600
2023-12-13T21:00:00+00:00,0.092350,3600
2023-12-13T22:00:00+00:00,0.084250,3600
2023-12-13T23:00:00+00:00,0.077340,3600
2023-12-14T00:00:00+00:00,0.076130,3600
2023-12-14T01:00:00+00:00,0.076500,3600
2023-12-14T02:00:00+00:00,0.077530,3600
2023-12-14T03:00:00+00:00,0.079050,3600
2023-12-14T04:00:00+00:00,0.081920,3600
2023-12-14T05:00:00+00:00,0.090920,3600
2023-12-14T06:00:00+00:00,0.116340,3600
2023-12-14T07:00:00+00:00,0.124660,3600
2023-12-14T08:00:00+00:00,0.121700,3600
2023-12-14T09:00:00+00:00,0.114330,3600
2023-12-14T10:00:00+00:00,0.119320,3600
2023-12-14T11:00:00+00:00,0.095000,3600
2023-12-14T12:00:00+00:00,0.099900,3600
2023-12-14T13:00:00+00:00,0.100800,3600
2023-12-14T14:00:00+00:00,0.108100,3600
2023-12-14T15:00:00+00:00,0.120000,3600
2023-12-14T16:00:00+00:00,0.119900,3600
2023-12-14T17:00:00+00:00,0.122300,3600
2023-12-14T18:00:00+00:00,0.113820,3600
2023-12-14T19:00:00+00:00,0.099900,3600
2023-12-14T20:00:00+00:00,0.096200,3600
2023-12-14T21:00:00+00:00,0.094460,3600
2023-12-14T22:00:00+00:00,0.085570,3600
2023-12-14T23:00:00+00:00,0.086110,3600
2023-12-15T00:00:00+00:00,0.082930,3600
2023-12-15T01:00:00+00:00,0.080100,3600
2023-12-15T02:00:00+00:00,0.076550,3600
2023-12-15T03:00:00+00:00,0.075160,3600
2023-12-15T04:00:00+00:00,0.080410,3600
2023-12-15T05:00:00+00:00,0.095970,3600
2023-12-15T06:00:00+00:00,0.106920,3600
2023-12-15T07:00:00+00:00,0.121500,3600
2023-12-15T08:00:00+00:00,0.117470,3600
2023-12-15T09:00:00+00:00,0.109970,3600
2023-12-15T10:00:00+00:00,0.102770,3600
2023-12-15T11:00:00+00:00,0.094200,3600
2023-12-15T12:00:00+00:00,0.088370,3600
2023-12-15T13:00:00+00:00,0.087100,3600
2023-12-15T14:00:00+00:00,0.089860,3600
2023-12-15T15:00:00+00:00,0.098400,3600
2023-12-15T16:00:00+00:00,0.104400,3600
2023-12-15T17:00:00+00:00,0.101860,3600
2023-12-15T18:00:00+00:00,0.093300,3600
2023-12-15T19:00:00+00:00,0.093360,3600
2023-12-15T20:00:00+00:00,0.088360,3600
2023-12-15T21:00:00+00:00,0.086770,3600
2023-12-15T22:00:00+00:00,0.076710,3600
2023-12-15T23:00:00+00:00,0.067200,3600
2023-12-16T00:00:00+00:00,0.063210,3600
2023-12-16T01:00:00+00:00,0.060370,3600
2023-12-16T02:00:00+00:00,0.058000,3600
2023-12-16T03:00:00+00:00,0.054100,3600
2023-12-16T04:00:00+00:00,0.055640,3600
2023-12-16T05:00:00+00:00,0.059340,3600
2023-12-16T06:00:00+00:00,0.065100,3600
2023-12-16T07:00:00+00:00,0.079890,3600
2023-12-16T08:00:00+00:00,0.087690,3600
2023-12-16T09:00:00+00:00,0.084420,3600
2023-12-16T10:00:00+00:00,0.077000,3600
2023-12-16T11:00:00+00:00,0.071450,3600
2023-12-16T12:00:00+00:00,0.070620,3600
2023-12-16T13:00:00+00:00,0.075310,3600
2023-12-16T14:00:00+00:00,0.080380,3600
2023-12-16T15:00:00+00:00,0.083900,3600
2023-12-16T16:00:00+00:00,0.106780,3600
2023-12-16T17:00:00+00:00,0.118810,3600
2023-12-16T18:00:00+00:00,0.103000,3600
2023-12-16T19:00:00+00:00,0.093600,3600
2023-12-16T20:00:00+00:00,0.075000,3600
2023-12-16T21:00:00+00:00,0.066460,3600
2023-12-16T22:00:00+00:00,0.056000,3600
2023-12-16T23:00:00+00:00,0.045480,3600
2023-12-17T00:00:00+00:00,0.043110,3600
2023-12-17T01:00:00+00:00,0.043710,3600
2023-12-17T02:00:00+00:00,0.028690,3600
2023-12-17T03:00:00+00:00,0.026370,3600
2023-12-17T04:00:00+00:00,0.029870,3600
2023-12-17T05:00:00+00:00,0.039030,3600
2023-12-17T06:00:00+00:00,0.045530,3600
2023-12-17T07:00:00+00:00,0.057670,3600
2023-12-17T08:00:00+00:00,0.059170,3600
2023-12-17T09:00:00+00:00,0.054430,3600
2023-12-17T10:00:00+00:00,0.049000,3600
2023-12-17T11:00:00+00:00,0.043710,3600
2023-12-17T12:00:00+00:00,0.040030,3600
2023-12-17T13:00:00+00:00,0.046100,3600
2023-12-17T14:00:00+00:00,0.057180,3600
2023-12-17T15:00:00+00:00,0.064130,3600
2023-12-17T16:00:00+00:00,0.089000,3600
2023-12-17T17:00:00+00:00,0.099890,3600
2023-12-17T18:00:00+00:00,0.086000,3600
2023-12-17T19:00:00+00:00,0.065990,3600
2023-12-17T20:00:00+00:00,0.064890,3600
2023-12-17T21:00:00+00:00,0.066840,3600
2023-12-17T22:00:00+00:00,0.051630,3600
2023-12-17T23:00:00+00:00,0.054460,3600
2023-12-18T00:00:00+00:00,0.052020,3600
2023-12-18T01:00:00+00:00,0.050290,3600
2023-12-18T02:00:00+00:00,0.049200,3600
2023-12-18T03:00:00+00:00,0.052770,3600
2023-12-18T04:00:00+00:00,0.062580,3600
2023-12-18T05:00:00+00:00,0.084000,3600
2023-12-18T06:00:00+00:00,0.103390,3600
2023-12-18T07:00:00+00:00,0.109280,3600
2023-12-18T08:00:00+00:00,0.110280,3600
2023-12-18T09:00:00+00:00,0.089030,3600
2023-12-18T10:00:00+00:00,0.081170,3600
2023-12-18T11:00:00+00:00,0.074890,3600
2023-12-18T12:00:00+00:00,0.074950,3600
2023-12-18T13:00:00+00:00,0.080870,3600
2023-12-18T14:00:00+00:00,0.088000,3600
2023-12-18T15:00:00+00:00,0.095410,3600
2023-12-18T16:00:00+00:00,0.104330,3600
2023-12-18T17:00:00+00:00,0.103150,3600
2023-12-18T18:00:00+00:00,0.096300,3600
2023-12-18T19:00:00+00:00,0.083090,3600
2023-12-18T20:00:00+00:00,0.074890,3600
2023-12-18T21:00:00+00:00,0.063790,3600
2023-12-18T22:00:00+00:00,0.057940,3600
2023-12-18T23:00:00+00:00,0.052240,3600
2023-12-19T00:00:00+00:00,0.050890,3600
2023-12-19T01:00:00+00:00,0.049990,3600
2023-12-19T02:00:00+00:00,0.056270,3600
2023-12-19T03:00:00+00:00,0.059000,3600
2023-12-19T04:00:00+00:00,0.065050,3600
2023-12-19T05:00:00+00:00,0.080000,3600
2023-12-19T06:00:00+00:00,0.093740,3600
2023-12-19T07:00:00+00:00,0.100240,3600
2023-12-19T08:00:00+00:00,0.094280,3600
2023-12-19T09:00:00+00:00,0.086100,3600
2023-12-19T10:00:00+00:00,0.079710,3600
2023-12-19T11:00:00+00:00,0.076500,3600
2023-12-19T12:00:00+00:00,0.080000,3600
2023-12-19T13:00:00+00:00,0.080660,3600
2023-12-19T14:00:00+00:00,0.084820,3600
2023-12-19T15:00:00+00:00,0.088670,3600
2023-12-19T16:00:00+00:00,0.101810,3600
2023-12-19T17:00:00+00:00,0.094400,3600
2023-12-19T18:00:00+00:00,0.091100,3600
2023-12-19T19:00:00+00:00,0.085200,3600
2023-12-19T20:00:00+00:00,0.079640,3600
2023-12-19T21:00:00+00:00,0.075860,3600
2023-12-19T22:00:00+00:00,0.059840,3600
2023-12-19T23:00:00+00:00,0.057850,3600
2023-12-20T00:00:00+00:00,0.050480,3600
2023-12-20T01:00:00+00:00,0.048000,3600
2023-12-20T02:00:00+00:00,0.039980,3600
2023-12-20T03:00:00+00:00,0.031510,3600
2023-12-20T04:00:00+00:00,0.039970,3600
2023-12-20T05:00:00+00:00,0.048130,3600
2023-12-20T06:00:00+00:00,0.069530,3600
2023-12-20T07:00:00+00:00,0.098090,3600
2023-12-20T08:00:00+00:00,0.107100,3600
2023-12-20T09:00:00+00:00,0.095000,3600
2023-12-20T10:00:00+00:00,0.088000,3600
2023-12-20T11:00:00+00:00,0.066540,3600
2023-12-20T12:00:00+00:00,0.070100,3600
2023-12-20T13:00:00+00:00,0.084310,3600
2023-12-20T14:00:00+00:00,0.090660,3600
2023-12-20T15:00:00+00:00,0.098000,3600
2023-12-20T16:00:00+00:00,0.110910,3600
2023-12-20T17:00:00+00:00,0.100810,3600
2023-12-20T18:00:00+00:00,0.089060,3600
2023-12-20T19:00:00+00:00,0.078070,3600
2023-12-20T20:00:00+00:00,0.066870,3600
2023-12-20T21:00:00+00:00,0.061420,3600
2023-12-20T22:00:00+00:00,0.048930,3600
2023-12-20T23:00:00+00:00,0.029900,3600
2023-12-21T00:00:00+00:00,0.024830,3600
2023-12-21T01:00:00+00:00,0.020480,3600
2023-12-21T02:00:00+00:00,0.002760,3600
2023-12-21T03:00:00+00:00,-0.000840,3600
2023-12-21T04:00:00+00:00,-0.000270,3600
2023-12-21T05:00:00+00:00,0.024440,3600
2023-12-21T06:00:00+00:00,0.046500,3600
2023-12-21T07:00:00+00:00,0.078200,3600
2023-12-21T08:00:00+00:00,0.083800,3600
2023-12-21T09:00:00+00:00,0.087380,3600
2023-12-21T10:00:00+00:00,0.085720,3600
2023-12-21T11:00:00+00:00,0.075900,3600
2023-12-21T12:00:00+00:00,0.064900,3600
2023-12-21T13:00:00+00:00,0.075100,3600
2023-12-21T14:00:00+00:00,0.075870,3600
2023-12-21T15:00:00+00:00,0.073400,3600
2023-12-21T16:00:00+00:00,0.100000,3600
2023-12-21T17:00:00+00:00,0.102750,3600
2023-12-21T18:00:00+00:00,0.090700,3600
2023-12-21T19:00:00+00:00,0.089000,3600
2023-12-21T20:00:00+00:00,0.060000,3600
2023-12-21T21:00:00+00:00,0.047560,3600
2023-12-21T22:00:00+00:00,0.013580,3600
2023-12-21T23:00:00+00:00,0.000130,3600
2023-12-22T00:00:00+00:00,-0.000250,3600
2023-12-22T01:00:00+00:00,-0.000070,3600
2023-12-22T02:00:00+00:00,-0.000190,3600
2023-12-22T03:00:00+00:00,-0.000210,3600
2023-12-22T04:00:00+00:00,-0.000400,3600
2023-12-22T05:00:00+00:00,0.000440,3600
2023-12-22T06:00:00+00:00,0.032100,3600
2023-12-22T07:00:00+00:00,0.072000,3600
2023-12-22T08:00:00+00:00,0.092000,3600
2023-12-22T09:00:00+00:00,0.063570,3600
2023-12-22T10:00:00+00:00,0.059950,3600
2023-12-22T11:00:00+00:00,0.054110,3600
2023-12-22T12:00:00+00:00,0.054500,3600
2023-12-22T13:00:00+00:00,0.060610,3600
2023-12-22T14:00:00+00:00,0.060000,3600
2023-12-22T15:00:00+00:00,0.049800,3600
2023-12-22T16:00:00+00:00,0.072000,3600
2023-12-22T17:00:00+00:00,0.064900,3600
2023-12-22T18:00:00+00:00,0.060100,3600
2023-12-22T19:00:00+00:00,0.056470,3600
2023-12-22T20:00:00+00:00,0.045030,3600
2023-12-22T21:00:00+00:00,0.030410,3600
2023-12-22T22:00:00+00:00,0.012000,3600
2023-12-22T23:00:00+00:00,0.010000,3600
2023-12-23T00:00:00+00:00,0.004320,3600
2023-12-23T01:00:00+00:00,0.000130,3600
2023-12-23T02:00:00+00:00,0.000030,3600
2023-12-23T03:00:00+00:00,0.000000,3600
2023-12-23T04:00:00+00:00,0.000000,3600
2023-12-23T05:00:00+00:00,0.000100,3600
2023-12-23T06:00:00+00:00,0.007430,3600
2023-12-23T07:00:00+00:00,0.020000,3600
2023-12-23T08:00:00+00:00,0.042080,3600
2023-12-23T09:00:00+00:00,0.041640,3600
2023-12-23T10:00:00+00:00,0.045900,3600
2023-12-23T11:00:00+00:00,0.046000,3600
2023-12-23T12:00:00+00:00,0.049810,3600
2023-12-23T13:00:00+00:00,0.049300,3600
2023-12-23T14:00:00+00:00,0.049510,3600
2023-12-23T15:00:00+00:00,0.054280,3600
2023-12-23T16:00:00+00:00,0.063770,3600
2023-12-23T17:00:00+00:00,0.066450,3600
2023-12-23T18:00:00+00:00,0.057990,3600
2023-12-23T19:00:00+00:00,0.048460,3600
2023-12-23T20:00:00+00:00,0.038370,3600
2023-12-23T21:00:00+00:00,0.020320,3600
2023-12-23T22:00:00+00:00,0.007770,3600
2023-12-23T23:00:00+00:00,0.000080,3600
2023-12-24T00:00:00+00:00,-0.000250,3600
2023-12-24T01:00:00+00:00,-0.000550,3600
2023-12-24T02:00:00+00:00,-0.001240,3600
2023-12-24T03:00:00+00:00,-0.004100,3600
2023-12-24T04:00:00+00:00,-0.004970,3600
2023-12-24T05:00:00+00:00,-0.004220,3600
2023-12-24T06:00:00+00:00,-0.002910,3600
2023-12-24T07:00:00+00:00,-0.001620,3600
2023-12-24T08:00:00+00:00,0.000000,3600
2023-12-24T09:00:00+00:00,0.002090,3600
2023-12-24T10:00:00+00:00,0.000060,3600
2023-12-24T11:00:00+00:00,0.000050,3600
2023-12-24T12:00:00+00:00,0.000060,3600
2023-12-24T13:00:00+00:00,0.000030,3600
2023-12-24T14:00:00+00:00,0.000130,3600
2023-12-24T15:00:00+00:00,0.001000,3600
2023-12-24T16:00:00+00:00,0.018500,3600
2023-12-24T17:00:00+00:00,0.031210,3600
2023-12-24T18:00:00+00:00,0.034800,3600
2023-12-24T19:00:00+00:00,0.010000,3600
2023-12-24T20:00:00+00:00,0.002010,3600
2023-12-24T21:00:00+00:00,0.000000,3600
2023-12-24T22:00:00+00:00,-0.000100,3600
2023-12-24T23:00:00+00:00,-0.001910,3600
2023-12-25T00:00:00+00:00,-0.003790,3600
2023-12-25T01:00:00+00:00,-0.006650,3600
2023-12-25T02:00:00+00:00,-0.010030,3600
2023-12-25T03:00:00+00:00,-0.010000,3600
2023-12-25T04:00:00+00:00,-0.006500,3600
2023-12-25T05:00:00+00:00,-0.007590,3600
2023-12-25T06:00:00+00:00,-0.001500,3600
2023-12-25T07:00:00+00:00,0.000080,3600
2023-12-25T08:00:00+00:00,0.010050,3600
2023-12-25T09:00:00+00:00,0.025000,3600
2023-12-25T10:00:00+00:00,0.015100,3600
2023-12-25T11:00:00+00:00,0.000090,3600
2023-12-25T12:00:00+00:00,0.000000,3600
2023-12-25T13:00:00+00:00,0.000070,3600
2023-12-25T14:00:00+00:00,0.005000,3600
2023-12-25T15:00:00+00:00,0.034990,3600
2023-12-25T16:00:00+00:00,0.052500,3600
2023-12-25T17:00:00+00:00,0.040100,3600
2023-12-25T18:00:00+00:00,0.033000,3600
2023-12-25T19:00:00+00:00,0.012010,3600
2023-12-25T20:00:00+00:00,0.009620,3600
2023-12-25T21:00:00+00:00,0.005000,3600
2023-12-25T22:00:00+00:00,0.000080,3600
2023-12-25T23:00:00+00:00,0.000000,3600
2023-12-26T00:00:00+00:00,-0.000020,3600
2023-12-26T01:00:00+00:00,-0.000140,3600
2023-12-26T02:00:00+00:00,-0.002830,3600
2023-12-26T03:00:00+00:00,-0.003800,3600
2023-12-26T04:00:00+00:00,-0.001850,3600
2023-12-26T05:00:00+00:00,0.000000,3600
2023-12-26T06:00:00+00:00,0.001620,3600
2023-12-26T07:00:00+00:00,0.038210,3600
2023-12-26T08:00:00+00:00,0.051700,3600
2023-12-26T09:00:00+00:00,0.048880,3600
2023-12-26T10:00:00+00:00,0.025040,3600
2023-12-26T11:00:00+00:00,0.010000,3600
2023-12-26T12:00:00+00:00,0.002730,3600
2023-12-26T13:00:00+00:00,0.040100,3600
2023-12-26T14:00:00+00:00,0.074200,3600
2023-12-26T15:00:00+00:00,0.091900,3600
2023-12-26T16:00:00+00:00,0.113800,3600
2023-12-26T17:00:00+00:00,0.130000,3600
2023-12-26T18:00:00+00:00,0.129000,3600
2023-12-26T19:00:00+00:00,0.113900,3600
2023-12-26T20:00:00+00:00,0.083100,3600
2023-12-26T21:00:00+00:00,0.097200,3600
2023-12-26T22:00:00+00:00,0.085000,3600
2023-12-26T23:00:00+00:00,0.089910,3600
2023-12-27T00:00:00+00:00,0.079200,3600
2023-12-27T01:00:00+00:00,0.057630,3600
2023-12-27T02:00:00+00:00,0.051900,3600
2023-12-27T03:00:00+00:00,0.050030,3600
2023-12-27T04:00:00+00:00,0.055710,3600
2023-12-27T05:00:00+00:00,0.065060,3600
2023-12-27T06:00:00+00:00,0.077650,3600
2023-12-27T07:00:00+00:00,0.082760,3600
2023-12-27T08:00:00+00:00,0.080540,3600
2023-12-27T09:00:00+00:00,0.074890,3600
2023-12-27T10:00:00+00:00,0.074710,3600
2023-12-27T11:00:00+00:00,0.073790,3600
2023-12-27T12:00:00+00:00,0.072000,3600
2023-12-27T13:00:00+00:00,0.073700,3600
2023-12-27T14:00:00+00:00,0.080000,3600
2023-12-27T15:00:00+00:00,0.079160,3600
2023-12-27T16:00:00+00:00,0.080380,3600
2023-12-27T17:00:00+00:00,0.074380,3600
2023-12-27T18:00:00+00:00,0.064900,3600
2023-12-27T19:00:00+00:00,0.054730,3600
2023-12-27T20:00:00+00:00,0.024740,3600
2023-12-27T21:00:00+00:00,0.016990,3600
2023-12-27T22:00:00+00:00,0.000200,3600
2023-12-27T23:00:00+00:00,-0.000020,3600
2023-12-28T00:00:00+00:00,-0.000780,3600
2023-12-28T01:00:00+00:00,-0.001430,3600
2023-12-28T02:00:00+00:00,-0.001390,3600
2023-12-28T03:00:00+00:00,-0.001940,3600
2023-12-28T04:00:00+00:00,-0.001040,3600
2023-12-28T05:00:00+00:00,-0.000700,3600
2023-12-28T06:00:00+00:00,0.016060,3600
2023-12-28T07:00:00+00:00,0.038200,3600
2023-12-28T08:00:00+00:00,0.038790,3600
2023-12-28T09:00:00+00:00,0.029600,3600
2023-12-28T10:00:00+00:00,0.034890,3600
2023-12-28T11:00:00+00:00,0.011650,3600
2023-12-28T12:00:00+00:00,0.011400,3600
2023-12-28T13:00:00+00:00,0.026370,3600
2023-12-28T14:00:00+00:00,0.050720,3600
2023-12-28T15:00:00+00:00,0.040870,3600
2023-12-28T16:00:00+00:00,0.078400,3600
2023-12-28T17:00:00+00:00,0.078400,3600
2023-12-28T18:00:00+00:00,0.065020,3600
2023-12-28T19:00:00+00:00,0.064900,3600
2023-12-28T20:00:00+00:00,0.054000,3600
2023-12-28T21:00:00+00:00,0.040000,3600
2023-12-28T22:00:00+00:00,0.002000,3600
2023-12-28T23:00:00+00:00,0.000000,3600
2023-12-29T00:00:00+00:00,-0.000080,3600
2023-12-29T01:00:00+00:00,-0.000280,3600
2023-12-29T02:00:00+00:00,-0.001510,3600
2023-12-29T03:00:00+00:00,-0.001270,3600
2023-12-29T04:00:00+00:00,-0.000280,3600
2023-12-29T05:00:00+00:00,-0.000070,3600
2023-12-29T06:00:00+00:00,0.000100,3600
2023-12-29T07:00:00+00:00,0.025000,3600
2023-12-29T08:00:00+00:00,0.059000,3600
2023-12-29T09:00:00+00:00,0.060050,3600
2023-12-29T10:00:00+00:00,0.050040,3600
2023-12-29T11:00:00+00:00,0.030440,3600
2023-12-29T12:00:00+00:00,0.017130,3600
2023-12-29T13:00:00+00:00,0.041280,3600
2023-12-29T14:00:00+00:00,0.060000,3600
2023-12-29T15:00:00+00:00,0.073700,3600
2023-12-29T16:00:00+00:00,0.075100,3600
2023-12-29T17:00:00+00:00,0.069530,3600
2023-12-29T18:00:00+00:00,0.074900,3600
2023-12-29T19:00:00+00:00,0.062540,3600
2023-12-29T20:00:00+00:00,0.054890,3600
2023-12-29T21:00:00+00:00,0.036040,3600
2023-12-29T22:00:00+00:00,0.019350,3600
2023-12-29T23:00:00+00:00,0.032490,3600
2023-12-30T00:00:00+00:00,0.029160,3600
2023-12-30T01:00:00+00:00,0.008880,3600
2023-12-30T02:00:00+00:00,0.005610,3600
2023-12-30T03:00:00+00:00,0.005740,3600
2023-12-30T04:00:00+00:00,0.010000,3600
2023-12-30T05:00:00+00:00,0.032170,3600
2023-12-30T06:00:00+00:00,0.044900,3600
2023-12-30T07:00:00+00:00,0.073500,3600
2023-12-30T08:00:00+00:00,0.073500,3600
2023-12-30T09:00:00+00:00,0.053000,3600
2023-12-30T10:00:00+00:00,0.055000,3600
2023-12-30T11:00:00+00:00,0.036380,3600
2023-12-30T12:00:00+00:00,0.033250,3600
2023-12-30T13:00:00+00:00,0.042040,3600
2023-12-30T14:00:00+00:00,0.073500,3600
2023-12-30T15:00:00+00:00,0.070620,3600
2023-12-30T16:00:00+00:00,0.079510,3600
2023-12-30T17:00:00+00:00,0.079990,3600
2023-12-30T18:00:00+00:00,0.071090,3600
2023-12-30T19:00:00+00:00,0.062010,3600
2023-12-30T20:00:00+00:00,0.052780,3600
2023-12-30T21:00:00+00:00,0.050100,3600
2023-12-30T22:00:00+00:00,0.043230,3600
2023-12-30T23:00:00+00:00,0.034910,3600
2023-12-31T00:00:00+00:00,0.012560,3600
2023-12-31T01:00:00+00:00,0.004000,3600
2023-12-31T02:00:00+00:00,0.000310,3600
2023-12-31T03:00:00+00:00,0.000130,3600
2023-12-31T04:00:00+00:00,0.000380,3600
2023-12-31T05:00:00+00:00,-0.000410,3600
2023-12-31T06:00:00+00:00,-0.000380,3600
2023-12-31T07:00:00+00:00,0.003240,3600
2023-12-31T08:00:00+00:00,0.009360,3600
2023-12-31T09:00:00+00:00,0.014000,3600
2023-12-31T10:00:00+00:00,0.010680,3600
2023-12-31T11:00:00+00:00,0.011000,3600
2023-12-31T12:00:00+00:00,0.006090,3600
2023-12-31T13:00:00+00:00,0.008540,3600
2023-12-31T14:00:00+00:00,0.013240,3600
2023-12-31T15:00:00+00:00,0.028070,3600
2023-12-31T16:00:00+00:00,0.050000,3600
2023-12-31T17:00:00+00:00,0.045000,3600
2023-12-31T18:00:00+00:00,0.039640,3600
2023-12-31T19:00:00+00:00,0.034890,3600
2023-12-31T20:00:00+00:00,0.013300,3600
2023-12-31T21:00:00+00:00,0.010680,3600
2023-12-31T22:00:00+00:00,0.003170,3600
2023-12-31T23:00:00+00:00,0.000100,3600
