timestamp,price_eur_kwh,resolution_s
2026-01-01T00:00:00+00:00,0.075660,900
2026-01-01T00:15:00+00:00,0.065080,900
2026-01-01T00:30:00+00:00,0.065480,900
2026-01-01T00:45:00+00:00,0.053630,900
2026-01-01T01:00:00+00:00,0.068390,900
2026-01-01T01:15:00+00:00,0.054350,900
2026-01-01T01:30:00+00:00,0.055610,900
2026-01-01T01:45:00+00:00,0.042820,900
2026-01-01T02:00:00+00:00,0.054380,900
2026-01-01T02:15:00+00:00,0.046320,900
2026-01-01T02:30:00+00:00,0.031410,900
2026-01-01T02:45:00+00:00,0.029710,900
2026-01-01T03:00:00+00:00,0.027390,900
2026-01-01T03:15:00+00:00,0.020000,900
2026-01-01T03:30:00+00:00,0.026170,900
2026-01-01T03:45:00+00:00,0.026140,900
2026-01-01T04:00:00+00:00,0.021510,900
2026-01-01T04:15:00+00:00,0.020000,900
2026-01-01T04:30:00+00:00,0.024750,900
2026-01-01T04:45:00+00:00,0.010000,900
2026-01-01T05:00:00+00:00,0.002340,900
2026-01-01T05:15:00+00:00,0.003620,900
2026-01-01T05:30:00+00:00,0.008000,900
2026-01-01T05:45:00+00:00,0.010000,900
2026-01-01T06:00:00+00:00,0.008900,900
2026-01-01T06:15:00+00:00,0.016090,900
2026-01-01T06:30:00+00:00,0.018720,900
2026-01-01T06:45:00+00:00,0.016290,900
2026-01-01T07:00:00+00:00,0.029670,900
2026-01-01T07:15:00+00:00,0.026680,900
2026-01-01T07:30:00+00:00,0.018570,900
2026-01-01T07:45:00+00:00,0.009460,900
2026-01-01T08:00:00+00:00,0.046220,900
2026-01-01T08:15:00+00:00,0.036450,900
2026-01-01T08:30:00+00:00,0.029000,900
2026-01-01T08:45:00+00:00,0.009930,900
2026-01-01T09:00:00+00:00,0.046010,900
2026-01-01T09:15:00+00:00,0.026620,900
2026-01-01T09:30:00+00:00,0.023860,900
2026-01-01T09:45:00+00:00,0.014770,900
2026-01-01T10:00:00+00:00,0.046800,900
2026-01-01T10:15:00+00:00,0.032990,900
2026-01-01T10:30:00+00:00,0.033340,900
2026-01-01T10:45:00+00:00,0.026870,900
2026-01-01T11:00:00+00:00,0.059960,900
2026-01-01T11:15:00+00:00,0.049810,900
2026-01-01T11:30:00+00:00,0.049530,900
2026-01-01T11:45:00+00:00,0.046070,900
2026-01-01T12:00:00+00:00,0.044750,900
2026-01-01T12:15:00+00:00,0.045500,900
2026-01-01T12:30:00+00:00,0.041600,900
2026-01-01T12:45:00+00:00,0.042030,900
2026-01-01T13:00:00+00:00,0.030100,900
2026-01-01T13:15:00+00:00,0.037700,900
2026-01-01T13:30:00+00:00,0.037700,900
2026-01-01T13:45:00+00:00,0.045720,900
2026-01-01T14:00:00+00:00,0.041160,900
2026-01-01T14:15:00+00:00,0.051040,900
2026-01-01T14:30:00+00:00,0.061880,900
2026-01-01T14:45:00+00:00,0.065130,900
2026-01-01T15:00:00+00:00,0.063070,900
2026-01-01T15:15:00+00:00,0.066940,900
2026-01-01T15:30:00+00:00,0.066940,900
2026-01-01T15:45:00+00:00,0.082120,900
2026-01-01T16:00:00+00:00,0.069900,900
2026-01-01T16:15:00+00:00,0.084400,900
2026-01-01T16:30:00+00:00,0.091250,900
2026-01-01T16:45:00+00:00,0.096840,900
2026-01-01T17:00:00+00:00,0.080000,900
2026-01-01T17:15:00+00:00,0.080110,900
2026-01-01T17:30:00+00:00,0.072460,900
2026-01-01T17:45:00+00:00,0.079270,900
2026-01-01T18:00:00+00:00,0.077000,900
2026-01-01T18:15:00+00:00,0.079170,900
2026-01-01T18:30:00+00:00,0.069270,900
2026-01-01T18:45:00+00:00,0.069760,900
2026-01-01T19:00:00+00:00,0.068780,900
2026-01-01T19:15:00+00:00,0.068450,900
2026-01-01T19:30:00+00:00,0.068350,900
2026-01-01T19:45:00+00:00,0.064710,900
2026-01-01T20:00:00+00:00,0.064130,900
2026-01-01T20:15:00+00:00,0.062330,900
2026-01-01T20:30:00+00:00,0.061830,900
2026-01-01T20:45:00+00:00,0.056510,900
2026-01-01T21:00:00+00:00,0.055100,900
2026-01-01T21:15:00+00:00,0.057630,900
2026-01-01T21:30:00+00:00,0.068990,900
2026-01-01T21:45:00+00:00,0.065500,900
2026-01-01T22:00:00+00:00,0.052180,900
2026-01-01T22:15:00+00:00,0.050450,900
2026-01-01T22:30:00+00:00,0.045170,900
2026-01-01T22:45:00+00:00,0.043350,900
2026-01-01T23:00:00+00:00,0.030460,900
2026-01-01T23:15:00+00:00,0.039950,900
2026-01-01T23:30:00+00:00,0.027000,900
2026-01-01T23:45:00+00:00,0.014990,900
2026-01-02T00:00:00+00:00,0.025300,900
2026-01-02T00:15:00+00:00,0.018220,900
2026-01-02T00:30:00+00:00,0.013040,900
2026-01-02T00:45:00+00:00,0.009940,900
2026-01-02T01:00:00+00:00,0.020000,900
2026-01-02T01:15:00+00:00,0.015570,900
2026-01-02T01:30:00+00:00,0.014420,900
2026-01-02T01:45:00+00:00,0.009990,900
2026-01-02T02:00:00+00:00,0.009990,900
2026-01-02T02:15:00+00:00,0.007750,900
2026-01-02T02:30:00+00:00,0.009930,900
2026-01-02T02:45:00+00:00,0.007600,900
2026-01-02T03:00:00+00:00,0.009420,900
2026-01-02T03:15:00+00:00,0.009420,900
2026-01-02T03:30:00+00:00,0.010000,900
2026-01-02T03:45:00+00:00,0.011170,900
2026-01-02T04:00:00+00:00,0.009820,900
2026-01-02T04:15:00+00:00,0.014000,900
2026-01-02T04:30:00+00:00,0.015570,900
2026-01-02T04:45:00+00:00,0.022830,900
2026-01-02T05:00:00+00:00,0.012410,900
2026-01-02T05:15:00+00:00,0.026460,900
2026-01-02T05:30:00+00:00,0.037220,900
2026-01-02T05:45:00+00:00,0.043290,900
2026-01-02T06:00:00+00:00,0.036120,900
2026-01-02T06:15:00+00:00,0.047670,900
2026-01-02T06:30:00+00:00,0.059990,900
2026-01-02T06:45:00+00:00,0.071040,900
2026-01-02T07:00:00+00:00,0.070690,900
2026-01-02T07:15:00+00:00,0.073080,900
2026-01-02T07:30:00+00:00,0.074520,900
2026-01-02T07:45:00+00:00,0.089970,900
2026-01-02T08:00:00+00:00,0.103640,900
2026-01-02T08:15:00+00:00,0.100000,900
2026-01-02T08:30:00+00:00,0.084920,900
2026-01-02T08:45:00+00:00,0.079440,900
2026-01-02T09:00:00+00:00,0.069210,900
2026-01-02T09:15:00+00:00,0.072840,900
2026-01-02T09:30:00+00:00,0.072750,900
2026-01-02T09:45:00+00:00,0.069210,900
2026-01-02T10:00:00+00:00,0.068000,900
2026-01-02T10:15:00+00:00,0.067610,900
2026-01-02T10:30:00+00:00,0.067260,900
2026-01-02T10:45:00+00:00,0.065970,900
2026-01-02T11:00:00+00:00,0.054820,900
2026-01-02T11:15:00+00:00,0.057500,900
2026-01-02T11:30:00+00:00,0.060000,900
2026-01-02T11:45:00+00:00,0.059690,900
2026-01-02T12:00:00+00:00,0.071160,900
2026-01-02T12:15:00+00:00,0.066680,900
2026-01-02T12:30:00+00:00,0.065770,900
2026-01-02T12:45:00+00:00,0.070530,900
2026-01-02T13:00:00+00:00,0.068860,900
2026-01-02T13:15:00+00:00,0.071860,900
2026-01-02T13:30:00+00:00,0.071690,900
2026-01-02T13:45:00+00:00,0.075820,900
2026-01-02T14:00:00+00:00,0.074290,900
2026-01-02T14:15:00+00:00,0.080170,900
2026-01-02T14:30:00+00:00,0.082820,900
2026-01-02T14:45:00+00:00,0.084810,900
2026-01-02T15:00:00+00:00,0.079200,900
2026-01-02T15:15:00+00:00,0.086960,900
2026-01-02T15:30:00+00:00,0.088270,900
2026-01-02T15:45:00+00:00,0.089880,900
2026-01-02T16:00:00+00:00,0.095100,900
2026-01-02T16:15:00+00:00,0.107550,900
2026-01-02T16:30:00+00:00,0.109710,900
2026-01-02T16:45:00+00:00,0.119980,900
2026-01-02T17:00:00+00:00,0.108680,900
2026-01-02T17:15:00+00:00,0.109250,900
2026-01-02T17:30:00+00:00,0.112640,900
2026-01-02T17:45:00+00:00,0.113840,900
2026-01-02T18:00:00+00:00,0.107780,900
2026-01-02T18:15:00+00:00,0.106820,900
2026-01-02T18:30:00+00:00,0.102970,900
2026-01-02T18:45:00+00:00,0.098830,900
2026-01-02T19:00:00+00:00,0.096710,900
2026-01-02T19:15:00+00:00,0.091430,900
2026-01-02T19:30:00+00:00,0.088360,900
2026-01-02T19:45:00+00:00,0.086320,900
2026-01-02T20:00:00+00:00,0.086650,900
2026-01-02T20:15:00+00:00,0.085520,900
2026-01-02T20:30:00+00:00,0.085100,900
2026-01-02T20:45:00+00:00,0.081340,900
2026-01-02T21:00:00+00:00,0.088230,900
2026-01-02T21:15:00+00:00,0.084970,900
2026-01-02T21:30:00+00:00,0.086820,900
2026-01-02T21:45:00+00:00,0.084460,900
2026-01-02T22:00:00+00:00,0.083800,900
2026-01-02T22:15:00+00:00,0.083010,900
2026-01-02T22:30:00+00:00,0.081650,900
2026-01-02T22:45:00+00:00,0.078970,900
2026-01-02T23:00:00+00:00,0.084340,900
2026-01-02T23:15:00+00:00,0.082790,900
2026-01-02T23:30:00+00:00,0.079370,900
2026-01-02T23:45:00+00:00,0.077100,900
2026-01-03T00:00:00+00:00,0.080900,900
2026-01-03T00:15:00+00:00,0.077990,900
2026-01-03T00:30:00+00:00,0.077600,900
2026-01-03T00:45:00+00:00,0.077040,900
2026-01-03T01:00:00+00:00,0.078150,900
2026-01-03T01:15:00+00:00,0.076530,900
2026-01-03T01:30:00+00:00,0.075360,900
2026-01-03T01:45:00+00:00,0.073840,900
2026-01-03T02:00:00+00:00,0.076710,900
2026-01-03T02:15:00+00:00,0.075380,900
2026-01-03T02:30:00+00:00,0.074200,900
2026-01-03T02:45:00+00:00,0.073720,900
2026-01-03T03:00:00+00:00,0.073420,900
2026-01-03T03:15:00+00:00,0.073090,900
2026-01-03T03:30:00+00:00,0.073200,900
2026-01-03T03:45:00+00:00,0.073070,900
2026-01-03T04:00:00+00:00,0.073990,900
2026-01-03T04:15:00+00:00,0.073890,900
2026-01-03T04:30:00+00:00,0.075300,900
2026-01-03T04:45:00+00:00,0.076970,900
2026-01-03T05:00:00+00:00,0.072730,900
2026-01-03T05:15:00+00:00,0.074610,900
2026-01-03T05:30:00+00:00,0.077160,900
2026-01-03T05:45:00+00:00,0.079790,900
2026-01-03T06:00:00+00:00,0.078560,900
2026-01-03T06:15:00+00:00,0.077030,900
2026-01-03T06:30:00+00:00,0.079730,900
2026-01-03T06:45:00+00:00,0.082180,900
2026-01-03T07:00:00+00:00,0.087850,900
2026-01-03T07:15:00+00:00,0.090350,900
2026-01-03T07:30:00+00:00,0.091910,900
2026-01-03T07:45:00+00:00,0.092650,900
2026-01-03T08:00:00+00:00,0.095350,900
2026-01-03T08:15:00+00:00,0.095630,900
2026-01-03T08:30:00+00:00,0.094340,900
2026-01-03T08:45:00+00:00,0.091040,900
2026-01-03T09:00:00+00:00,0.098940,900
2026-01-03T09:15:00+00:00,0.095000,900
2026-01-03T09:30:00+00:00,0.091450,900
2026-01-03T09:45:00+00:00,0.087850,900
2026-01-03T10:00:00+00:00,0.091950,900
2026-01-03T10:15:00+00:00,0.089000,900
2026-01-03T10:30:00+00:00,0.087850,900
2026-01-03T10:45:00+00:00,0.086030,900
2026-01-03T11:00:00+00:00,0.087850,900
2026-01-03T11:15:00+00:00,0.087060,900
2026-01-03T11:30:00+00:00,0.087160,900
2026-01-03T11:45:00+00:00,0.087580,900
2026-01-03T12:00:00+00:00,0.085850,900
2026-01-03T12:15:00+00:00,0.085550,900
2026-01-03T12:30:00+00:00,0.086030,900
2026-01-03T12:45:00+00:00,0.088990,900
2026-01-03T13:00:00+00:00,0.085110,900
2026-01-03T13:15:00+00:00,0.088150,900
2026-01-03T13:30:00+00:00,0.090700,900
2026-01-03T13:45:00+00:00,0.094770,900
2026-01-03T14:00:00+00:00,0.090000,900
2026-01-03T14:15:00+00:00,0.094000,900
2026-01-03T14:30:00+00:00,0.096500,900
2026-01-03T14:45:00+00:00,0.097330,900
2026-01-03T15:00:00+00:00,0.094160,900
2026-01-03T15:15:00+00:00,0.098490,900
2026-01-03T15:30:00+00:00,0.100320,900
2026-01-03T15:45:00+00:00,0.104200,900
2026-01-03T16:00:00+00:00,0.105350,900
2026-01-03T16:15:00+00:00,0.109980,900
2026-01-03T16:30:00+00:00,0.111010,900
2026-01-03T16:45:00+00:00,0.111910,900
2026-01-03T17:00:00+00:00,0.112720,900
2026-01-03T17:15:00+00:00,0.110910,900
2026-01-03T17:30:00+00:00,0.109670,900
2026-01-03T17:45:00+00:00,0.109410,900
2026-01-03T18:00:00+00:00,0.110960,900
2026-01-03T18:15:00+00:00,0.105340,900
2026-01-03T18:30:00+00:00,0.101950,900
2026-01-03T18:45:00+00:00,0.098670,900
2026-01-03T19:00:00+00:00,0.098120,900
2026-01-03T19:15:00+00:00,0.098020,900
2026-01-03T19:30:00+00:00,0.096980,900
2026-01-03T19:45:00+00:00,0.093590,900
2026-01-03T20:00:00+00:00,0.094330,900
2026-01-03T20:15:00+00:00,0.091180,900
2026-01-03T20:30:00+00:00,0.090630,900
2026-01-03T20:45:00+00:00,0.085460,900
2026-01-03T21:00:00+00:00,0.093590,900
2026-01-03T21:15:00+00:00,0.090300,900
2026-01-03T21:30:00+00:00,0.090830,900
2026-01-03T21:45:00+00:00,0.086990,900
2026-01-03T22:00:00+00:00,0.091440,900
2026-01-03T22:15:00+00:00,0.086480,900
2026-01-03T22:30:00+00:00,0.084800,900
2026-01-03T22:45:00+00:00,0.081340,900
2026-01-03T23:00:00+00:00,0.094010,900
2026-01-03T23:15:00+00:00,0.089420,900
2026-01-03T23:30:00+00:00,0.087780,900
2026-01-03T23:45:00+00:00,0.084080,900
2026-01-04T00:00:00+00:00,0.087720,900
2026-01-04T00:15:00+00:00,0.085430,900
2026-01-04T00:30:00+00:00,0.084240,900
2026-01-04T00:45:00+00:00,0.083930,900
2026-01-04T01:00:00+00:00,0.087130,900
2026-01-04T01:15:00+00:00,0.084850,900
2026-01-04T01:30:00+00:00,0.084180,900
2026-01-04T01:45:00+00:00,0.084010,900
2026-01-04T02:00:00+00:00,0.084630,900
2026-01-04T02:15:00+00:00,0.083870,900
2026-01-04T02:30:00+00:00,0.083430,900
2026-01-04T02:45:00+00:00,0.083050,900
2026-01-04T03:00:00+00:00,0.082600,900
2026-01-04T03:15:00+00:00,0.082190,900
2026-01-04T03:30:00+00:00,0.082410,900
2026-01-04T03:45:00+00:00,0.083030,900
2026-01-04T04:00:00+00:00,0.082510,900
2026-01-04T04:15:00+00:00,0.083180,900
2026-01-04T04:30:00+00:00,0.084010,900
2026-01-04T04:45:00+00:00,0.083930,900
2026-01-04T05:00:00+00:00,0.082710,900
2026-01-04T05:15:00+00:00,0.084000,900
2026-01-04T05:30:00+00:00,0.083700,900
2026-01-04T05:45:00+00:00,0.084790,900
2026-01-04T06:00:00+00:00,0.084490,900
2026-01-04T06:15:00+00:00,0.084500,900
2026-01-04T06:30:00+00:00,0.086900,900
2026-01-04T06:45:00+00:00,0.090100,900
2026-01-04T07:00:00+00:00,0.086530,900
2026-01-04T07:15:00+00:00,0.087560,900
2026-01-04T07:30:00+00:00,0.088850,900
2026-01-04T07:45:00+00:00,0.089590,900
2026-01-04T08:00:00+00:00,0.094020,900
2026-01-04T08:15:00+00:00,0.096000,900
2026-01-04T08:30:00+00:00,0.095990,900
2026-01-04T08:45:00+00:00,0.091190,900
2026-01-04T09:00:00+00:00,0.103940,900
2026-01-04T09:15:00+00:00,0.097190,900
2026-01-04T09:30:00+00:00,0.090920,900
2026-01-04T09:45:00+00:00,0.086970,900
2026-01-04T10:00:00+00:00,0.093850,900
2026-01-04T10:15:00+00:00,0.089990,900
2026-01-04T10:30:00+00:00,0.089960,900
2026-01-04T10:45:00+00:00,0.089710,900
2026-01-04T11:00:00+00:00,0.091300,900
2026-01-04T11:15:00+00:00,0.089700,900
2026-01-04T11:30:00+00:00,0.089940,900
2026-01-04T11:45:00+00:00,0.087230,900
2026-01-04T12:00:00+00:00,0.086200,900
2026-01-04T12:15:00+00:00,0.085270,900
2026-01-04T12:30:00+00:00,0.086190,900
2026-01-04T12:45:00+00:00,0.089450,900
2026-01-04T13:00:00+00:00,0.083500,900
2026-01-04T13:15:00+00:00,0.089510,900
2026-01-04T13:30:00+00:00,0.093380,900
2026-01-04T13:45:00+00:00,0.100910,900
2026-01-04T14:00:00+00:00,0.083520,900
2026-01-04T14:15:00+00:00,0.090620,900
2026-01-04T14:30:00+00:00,0.095070,900
2026-01-04T14:45:00+00:00,0.102470,900
2026-01-04T15:00:00+00:00,0.085440,900
2026-01-04T15:15:00+00:00,0.097580,900
2026-01-04T15:30:00+00:00,0.102260,900
2026-01-04T15:45:00+00:00,0.111630,900
2026-01-04T16:00:00+00:00,0.113990,900
2026-01-04T16:15:00+00:00,0.119020,900
2026-01-04T16:30:00+00:00,0.117500,900
2026-01-04T16:45:00+00:00,0.123190,900
2026-01-04T17:00:00+00:00,0.121000,900
2026-01-04T17:15:00+00:00,0.120930,900
2026-01-04T17:30:00+00:00,0.119490,900
2026-01-04T17:45:00+00:00,0.123300,900
2026-01-04T18:00:00+00:00,0.123500,900
2026-01-04T18:15:00+00:00,0.120920,900
2026-01-04T18:30:00+00:00,0.119380,900
2026-01-04T18:45:00+00:00,0.115060,900
2026-01-04T19:00:00+00:00,0.121300,900
2026-01-04T19:15:00+00:00,0.115330,900
2026-01-04T19:30:00+00:00,0.110000,900
2026-01-04T19:45:00+00:00,0.103170,900
2026-01-04T20:00:00+00:00,0.106870,900
2026-01-04T20:15:00+00:00,0.101700,900
2026-01-04T20:30:00+00:00,0.097550,900
2026-01-04T20:45:00+00:00,0.092630,900
2026-01-04T21:00:00+00:00,0.097650,900
2026-01-04T21:15:00+00:00,0.096280,900
2026-01-04T21:30:00+00:00,0.097830,900
2026-01-04T21:45:00+00:00,0.090680,900
2026-01-04T22:00:00+00:00,0.097610,900
2026-01-04T22:15:00+00:00,0.089730,900
2026-01-04T22:30:00+00:00,0.086330,900
2026-01-04T22:45:00+00:00,0.083170,900
2026-01-04T23:00:00+00:00,0.107810,900
2026-01-04T23:15:00+00:00,0.091480,900
2026-01-04T23:30:00+00:00,0.087940,900
2026-01-04T23:45:00+00:00,0.082580,900
2026-01-05T00:00:00+00:00,0.092960,900
2026-01-05T00:15:00+00:00,0.090000,900
2026-01-05T00:30:00+00:00,0.086740,900
2026-01-05T00:45:00+00:00,0.085690,900
2026-01-05T01:00:00+00:00,0.087210,900
2026-01-05T01:15:00+00:00,0.086610,900
2026-01-05T01:30:00+00:00,0.086930,900
2026-01-05T01:45:00+00:00,0.085280,900
2026-01-05T02:00:00+00:00,0.086360,900
2026-01-05T02:15:00+00:00,0.085970,900
2026-01-05T02:30:00+00:00,0.085740,900
2026-01-05T02:45:00+00:00,0.087180,900
2026-01-05T03:00:00+00:00,0.086250,900
2026-01-05T03:15:00+00:00,0.086730,900
2026-01-05T03:30:00+00:00,0.087010,900
2026-01-05T03:45:00+00:00,0.089990,900
2026-01-05T04:00:00+00:00,0.087460,900
2026-01-05T04:15:00+00:00,0.088350,900
2026-01-05T04:30:00+00:00,0.089110,900
2026-01-05T04:45:00+00:00,0.098510,900
2026-01-05T05:00:00+00:00,0.087380,900
2026-01-05T05:15:00+00:00,0.104900,900
2026-01-05T05:30:00+00:00,0.118710,900
2026-01-05T05:45:00+00:00,0.125100,900
2026-01-05T06:00:00+00:00,0.114460,900
2026-01-05T06:15:00+00:00,0.120920,900
2026-01-05T06:30:00+00:00,0.132960,900
2026-01-05T06:45:00+00:00,0.148910,900
2026-01-05T07:00:00+00:00,0.145350,900
2026-01-05T07:15:00+00:00,0.156490,900
2026-01-05T07:30:00+00:00,0.148970,900
2026-01-05T07:45:00+00:00,0.153890,900
2026-01-05T08:00:00+00:00,0.162990,900
2026-01-05T08:15:00+00:00,0.161490,900
2026-01-05T08:30:00+00:00,0.147220,900
2026-01-05T08:45:00+00:00,0.136900,900
2026-01-05T09:00:00+00:00,0.162460,900
2026-01-05T09:15:00+00:00,0.143360,900
2026-01-05T09:30:00+00:00,0.138940,900
2026-01-05T09:45:00+00:00,0.132440,900
2026-01-05T10:00:00+00:00,0.138050,900
2026-01-05T10:15:00+00:00,0.135470,900
2026-01-05T10:30:00+00:00,0.134730,900
2026-01-05T10:45:00+00:00,0.132530,900
2026-01-05T11:00:00+00:00,0.133130,900
2026-01-05T11:15:00+00:00,0.131580,900
2026-01-05T11:30:00+00:00,0.132300,900
2026-01-05T11:45:00+00:00,0.133170,900
2026-01-05T12:00:00+00:00,0.130230,900
2026-01-05T12:15:00+00:00,0.129210,900
2026-01-05T12:30:00+00:00,0.132230,900
2026-01-05T12:45:00+00:00,0.134970,900
2026-01-05T13:00:00+00:00,0.125770,900
2026-01-05T13:15:00+00:00,0.128670,900
2026-01-05T13:30:00+00:00,0.136670,900
2026-01-05T13:45:00+00:00,0.155310,900
2026-01-05T14:00:00+00:00,0.132890,900
2026-01-05T14:15:00+00:00,0.140500,900
2026-01-05T14:30:00+00:00,0.160380,900
2026-01-05T14:45:00+00:00,0.154300,900
2026-01-05T15:00:00+00:00,0.158450,900
2026-01-05T15:15:00+00:00,0.162390,900
2026-01-05T15:30:00+00:00,0.185960,900
2026-01-05T15:45:00+00:00,0.197200,900
2026-01-05T16:00:00+00:00,0.188820,900
2026-01-05T16:15:00+00:00,0.208000,900
2026-01-05T16:30:00+00:00,0.244390,900
2026-01-05T16:45:00+00:00,0.243180,900
2026-01-05T17:00:00+00:00,0.219440,900
2026-01-05T17:15:00+00:00,0.216520,900
2026-01-05T17:30:00+00:00,0.217380,900
2026-01-05T17:45:00+00:00,0.201000,900
2026-01-05T18:00:00+00:00,0.222120,900
2026-01-05T18:15:00+00:00,0.208970,900
2026-01-05T18:30:00+00:00,0.162000,900
2026-01-05T18:45:00+00:00,0.138110,900
2026-01-05T19:00:00+00:00,0.171300,900
2026-01-05T19:15:00+00:00,0.146730,900
2026-01-05T19:30:00+00:00,0.138090,900
2026-01-05T19:45:00+00:00,0.132010,900
2026-01-05T20:00:00+00:00,0.137820,900
2026-01-05T20:15:00+00:00,0.135050,900
2026-01-05T20:30:00+00:00,0.125760,900
2026-01-05T20:45:00+00:00,0.117780,900
2026-01-05T21:00:00+00:00,0.128710,900
2026-01-05T21:15:00+00:00,0.122480,900
2026-01-05T21:30:00+00:00,0.124170,900
2026-01-05T21:45:00+00:00,0.120040,900
2026-01-05T22:00:00+00:00,0.119510,900
2026-01-05T22:15:00+00:00,0.112410,900
2026-01-05T22:30:00+00:00,0.107260,900
2026-01-05T22:45:00+00:00,0.106020,900
2026-01-05T23:00:00+00:00,0.114770,900
2026-01-05T23:15:00+00:00,0.107380,900
2026-01-05T23:30:00+00:00,0.100900,900
2026-01-05T23:45:00+00:00,0.095730,900
2026-01-06T00:00:00+00:00,0.110000,900
2026-01-06T00:15:00+00:00,0.106420,900
2026-01-06T00:30:00+00:00,0.102270,900
2026-01-06T00:45:00+00:00,0.099710,900
2026-01-06T01:00:00+00:00,0.104370,900
2026-01-06T01:15:00+00:00,0.100840,900
2026-01-06T01:30:00+00:00,0.100860,900
2026-01-06T01:45:00+00:00,0.100110,900
2026-01-06T02:00:00+00:00,0.101030,900
2026-01-06T02:15:00+00:00,0.100050,900
2026-01-06T02:30:00+00:00,0.100010,900
2026-01-06T02:45:00+00:00,0.099260,900
2026-01-06T03:00:00+00:00,0.099110,900
2026-01-06T03:15:00+00:00,0.099880,900
2026-01-06T03:30:00+00:00,0.104010,900
2026-01-06T03:45:00+00:00,0.106810,900
2026-01-06T04:00:00+00:00,0.100390,900
2026-01-06T04:15:00+00:00,0.102330,900
2026-01-06T04:30:00+00:00,0.110780,900
2026-01-06T04:45:00+00:00,0.114500,900
2026-01-06T05:00:00+00:00,0.112070,900
2026-01-06T05:15:00+00:00,0.117750,900
2026-01-06T05:30:00+00:00,0.121420,900
2026-01-06T05:45:00+00:00,0.133910,900
2026-01-06T06:00:00+00:00,0.121670,900
2026-01-06T06:15:00+00:00,0.137900,900
2026-01-06T06:30:00+00:00,0.147430,900
2026-01-06T06:45:00+00:00,0.146990,900
2026-01-06T07:00:00+00:00,0.153510,900
2026-01-06T07:15:00+00:00,0.168720,900
2026-01-06T07:30:00+00:00,0.170950,900
2026-01-06T07:45:00+00:00,0.163560,900
2026-01-06T08:00:00+00:00,0.189910,900
2026-01-06T08:15:00+00:00,0.169970,900
2026-01-06T08:30:00+00:00,0.166340,900
2026-01-06T08:45:00+00:00,0.149060,900
2026-01-06T09:00:00+00:00,0.176850,900
2026-01-06T09:15:00+00:00,0.150100,900
2026-01-06T09:30:00+00:00,0.150020,900
2026-01-06T09:45:00+00:00,0.142400,900
2026-01-06T10:00:00+00:00,0.161630,900
2026-01-06T10:15:00+00:00,0.148460,900
2026-01-06T10:30:00+00:00,0.142970,900
2026-01-06T10:45:00+00:00,0.136000,900
2026-01-06T11:00:00+00:00,0.140920,900
2026-01-06T11:15:00+00:00,0.135030,900
2026-01-06T11:30:00+00:00,0.131860,900
2026-01-06T11:45:00+00:00,0.127550,900
2026-01-06T12:00:00+00:00,0.133420,900
2026-01-06T12:15:00+00:00,0.128800,900
2026-01-06T12:30:00+00:00,0.120100,900
2026-01-06T12:45:00+00:00,0.120580,900
2026-01-06T13:00:00+00:00,0.119440,900
2026-01-06T13:15:00+00:00,0.125600,900
2026-01-06T13:30:00+00:00,0.123330,900
2026-01-06T13:45:00+00:00,0.132910,900
2026-01-06T14:00:00+00:00,0.123200,900
2026-01-06T14:15:00+00:00,0.130900,900
2026-01-06T14:30:00+00:00,0.134490,900
2026-01-06T14:45:00+00:00,0.146600,900
2026-01-06T15:00:00+00:00,0.128610,900
2026-01-06T15:15:00+00:00,0.142640,900
2026-01-06T15:30:00+00:00,0.148000,900
2026-01-06T15:45:00+00:00,0.160620,900
2026-01-06T16:00:00+00:00,0.142170,900
2026-01-06T16:15:00+00:00,0.147100,900
2026-01-06T16:30:00+00:00,0.162000,900
2026-01-06T16:45:00+00:00,0.160700,900
2026-01-06T17:00:00+00:00,0.159940,900
2026-01-06T17:15:00+00:00,0.150290,900
2026-01-06T17:30:00+00:00,0.146850,900
2026-01-06T17:45:00+00:00,0.135990,900
2026-01-06T18:00:00+00:00,0.154980,900
2026-01-06T18:15:00+00:00,0.139880,900
2026-01-06T18:30:00+00:00,0.133880,900
2026-01-06T18:45:00+00:00,0.127730,900
2026-01-06T19:00:00+00:00,0.133990,900
2026-01-06T19:15:00+00:00,0.123810,900
2026-01-06T19:30:00+00:00,0.117810,900
2026-01-06T19:45:00+00:00,0.110780,900
2026-01-06T20:00:00+00:00,0.106570,900
2026-01-06T20:15:00+00:00,0.098400,900
2026-01-06T20:30:00+00:00,0.073840,900
2026-01-06T20:45:00+00:00,0.068430,900
2026-01-06T21:00:00+00:00,0.105100,900
2026-01-06T21:15:00+00:00,0.095500,900
2026-01-06T21:30:00+00:00,0.080730,900
2026-01-06T21:45:00+00:00,0.067430,900
2026-01-06T22:00:00+00:00,0.085950,900
2026-01-06T22:15:00+00:00,0.072910,900
2026-01-06T22:30:00+00:00,0.071320,900
2026-01-06T22:45:00+00:00,0.078970,900
2026-01-06T23:00:00+00:00,0.088740,900
2026-01-06T23:15:00+00:00,0.095270,900
2026-01-06T23:30:00+00:00,0.085790,900
2026-01-06T23:45:00+00:00,0.082890,900
2026-01-07T00:00:00+00:00,0.085990,900
2026-01-07T00:15:00+00:00,0.084350,900
2026-01-07T00:30:00+00:00,0.081040,900
2026-01-07T00:45:00+00:00,0.079780,900
2026-01-07T01:00:00+00:00,0.081460,900
2026-01-07T01:15:00+00:00,0.079520,900
2026-01-07T01:30:00+00:00,0.080270,900
2026-01-07T01:45:00+00:00,0.077100,900
2026-01-07T02:00:00+00:00,0.079870,900
2026-01-07T02:15:00+00:00,0.078790,900
2026-01-07T02:30:00+00:00,0.078700,900
2026-01-07T02:45:00+00:00,0.078710,900
2026-01-07T03:00:00+00:00,0.077690,900
2026-01-07T03:15:00+00:00,0.077550,900
2026-01-07T03:30:00+00:00,0.077560,900
2026-01-07T03:45:00+00:00,0.077710,900
2026-01-07T04:00:00+00:00,0.078840,900
2026-01-07T04:15:00+00:00,0.078280,900
2026-01-07T04:30:00+00:00,0.079470,900
2026-01-07T04:45:00+00:00,0.077710,900
2026-01-07T05:00:00+00:00,0.086180,900
2026-01-07T05:15:00+00:00,0.089870,900
2026-01-07T05:30:00+00:00,0.092200,900
2026-01-07T05:45:00+00:00,0.089920,900
2026-01-07T06:00:00+00:00,0.093950,900
2026-01-07T06:15:00+00:00,0.092100,900
2026-01-07T06:30:00+00:00,0.094430,900
2026-01-07T06:45:00+00:00,0.097350,900
2026-01-07T07:00:00+00:00,0.097700,900
2026-01-07T07:15:00+00:00,0.101000,900
2026-01-07T07:30:00+00:00,0.112340,900
2026-01-07T07:45:00+00:00,0.108040,900
2026-01-07T08:00:00+00:00,0.114640,900
2026-01-07T08:15:00+00:00,0.114470,900
2026-01-07T08:30:00+00:00,0.114040,900
2026-01-07T08:45:00+00:00,0.101780,900
2026-01-07T09:00:00+00:00,0.115910,900
2026-01-07T09:15:00+00:00,0.108450,900
2026-01-07T09:30:00+00:00,0.105190,900
2026-01-07T09:45:00+00:00,0.101240,900
2026-01-07T10:00:00+00:00,0.101450,900
2026-01-07T10:15:00+00:00,0.098810,900
2026-01-07T10:30:00+00:00,0.097490,900
2026-01-07T10:45:00+00:00,0.098940,900
2026-01-07T11:00:00+00:00,0.097970,900
2026-01-07T11:15:00+00:00,0.095080,900
2026-01-07T11:30:00+00:00,0.095350,900
2026-01-07T11:45:00+00:00,0.093110,900
2026-01-07T12:00:00+00:00,0.096700,900
2026-01-07T12:15:00+00:00,0.092060,900
2026-01-07T12:30:00+00:00,0.088090,900
2026-01-07T12:45:00+00:00,0.089500,900
2026-01-07T13:00:00+00:00,0.090250,900
2026-01-07T13:15:00+00:00,0.093350,900
2026-01-07T13:30:00+00:00,0.092580,900
2026-01-07T13:45:00+00:00,0.099960,900
2026-01-07T14:00:00+00:00,0.094410,900
2026-01-07T14:15:00+00:00,0.101410,900
2026-01-07T14:30:00+00:00,0.104360,900
2026-01-07T14:45:00+00:00,0.101400,900
2026-01-07T15:00:00+00:00,0.103380,900
2026-01-07T15:15:00+00:00,0.108300,900
2026-01-07T15:30:00+00:00,0.113800,900
2026-01-07T15:45:00+00:00,0.121440,900
2026-01-07T16:00:00+00:00,0.117200,900
2026-01-07T16:15:00+00:00,0.120780,900
2026-01-07T16:30:00+00:00,0.128230,900
2026-01-07T16:45:00+00:00,0.130810,900
2026-01-07T17:00:00+00:00,0.122010,900
2026-01-07T17:15:00+00:00,0.123300,900
2026-01-07T17:30:00+00:00,0.109100,900
2026-01-07T17:45:00+00:00,0.091410,900
2026-01-07T18:00:00+00:00,0.108390,900
2026-01-07T18:15:00+00:00,0.095480,900
2026-01-07T18:30:00+00:00,0.089900,900
2026-01-07T18:45:00+00:00,0.093630,900
2026-01-07T19:00:00+00:00,0.087000,900
2026-01-07T19:15:00+00:00,0.095420,900
2026-01-07T19:30:00+00:00,0.090280,900
2026-01-07T19:45:00+00:00,0.089780,900
2026-01-07T20:00:00+00:00,0.099300,900
2026-01-07T20:15:00+00:00,0.095290,900
2026-01-07T20:30:00+00:00,0.090100,900
2026-01-07T20:45:00+00:00,0.086310,900
2026-01-07T21:00:00+00:00,0.089810,900
2026-01-07T21:15:00+00:00,0.095130,900
2026-01-07T21:30:00+00:00,0.091110,900
2026-01-07T21:45:00+00:00,0.087870,900
2026-01-07T22:00:00+00:00,0.090100,900
2026-01-07T22:15:00+00:00,0.088560,900
2026-01-07T22:30:00+00:00,0.086550,900
2026-01-07T22:45:00+00:00,0.084100,900
2026-01-07T23:00:00+00:00,0.086160,900
2026-01-07T23:15:00+00:00,0.085010,900
2026-01-07T23:30:00+00:00,0.082050,900
2026-01-07T23:45:00+00:00,0.080800,900
2026-01-08T00:00:00+00:00,0.083890,900
2026-01-08T00:15:00+00:00,0.081370,900
2026-01-08T00:30:00+00:00,0.082800,900
2026-01-08T00:45:00+00:00,0.081460,900
2026-01-08T01:00:00+00:00,0.084700,900
2026-01-08T01:15:00+00:00,0.084940,900
2026-01-08T01:30:00+00:00,0.083590,900
2026-01-08T01:45:00+00:00,0.084860,900
2026-01-08T02:00:00+00:00,0.082640,900
2026-01-08T02:15:00+00:00,0.083010,900
2026-01-08T02:30:00+00:00,0.081760,900
2026-01-08T02:45:00+00:00,0.082480,900
2026-01-08T03:00:00+00:00,0.081040,900
2026-01-08T03:15:00+00:00,0.085000,900
2026-01-08T03:30:00+00:00,0.087300,900
2026-01-08T03:45:00+00:00,0.086890,900
2026-01-08T04:00:00+00:00,0.085260,900
2026-01-08T04:15:00+00:00,0.086430,900
2026-01-08T04:30:00+00:00,0.087830,900
2026-01-08T04:45:00+00:00,0.089110,900
2026-01-08T05:00:00+00:00,0.085370,900
2026-01-08T05:15:00+00:00,0.087080,900
2026-01-08T05:30:00+00:00,0.102800,900
2026-01-08T05:45:00+00:00,0.111510,900
2026-01-08T06:00:00+00:00,0.102360,900
2026-01-08T06:15:00+00:00,0.107790,900
2026-01-08T06:30:00+00:00,0.129480,900
2026-01-08T06:45:00+00:00,0.159130,900
2026-01-08T07:00:00+00:00,0.167590,900
2026-01-08T07:15:00+00:00,0.165480,900
2026-01-08T07:30:00+00:00,0.167270,900
2026-01-08T07:45:00+00:00,0.170920,900
2026-01-08T08:00:00+00:00,0.180190,900
2026-01-08T08:15:00+00:00,0.192770,900
2026-01-08T08:30:00+00:00,0.211210,900
2026-01-08T08:45:00+00:00,0.183440,900
2026-01-08T09:00:00+00:00,0.204010,900
2026-01-08T09:15:00+00:00,0.219640,900
2026-01-08T09:30:00+00:00,0.200280,900
2026-01-08T09:45:00+00:00,0.198670,900
2026-01-08T10:00:00+00:00,0.218400,900
2026-01-08T10:15:00+00:00,0.200200,900
2026-01-08T10:30:00+00:00,0.207290,900
2026-01-08T10:45:00+00:00,0.205310,900
2026-01-08T11:00:00+00:00,0.210140,900
2026-01-08T11:15:00+00:00,0.210290,900
2026-01-08T11:30:00+00:00,0.211310,900
2026-01-08T11:45:00+00:00,0.226000,900
2026-01-08T12:00:00+00:00,0.208200,900
2026-01-08T12:15:00+00:00,0.226070,900
2026-01-08T12:30:00+00:00,0.231130,900
2026-01-08T12:45:00+00:00,0.234600,900
2026-01-08T13:00:00+00:00,0.217170,900
2026-01-08T13:15:00+00:00,0.248350,900
2026-01-08T13:30:00+00:00,0.273130,900
2026-01-08T13:45:00+00:00,0.257380,900
2026-01-08T14:00:00+00:00,0.237030,900
2026-01-08T14:15:00+00:00,0.252280,900
2026-01-08T14:30:00+00:00,0.247470,900
2026-01-08T14:45:00+00:00,0.252640,900
2026-01-08T15:00:00+00:00,0.215850,900
2026-01-08T15:15:00+00:00,0.231100,900
2026-01-08T15:30:00+00:00,0.260010,900
2026-01-08T15:45:00+00:00,0.286080,900
2026-01-08T16:00:00+00:00,0.243880,900
2026-01-08T16:15:00+00:00,0.250040,900
2026-01-08T16:30:00+00:00,0.216580,900
2026-01-08T16:45:00+00:00,0.189500,900
2026-01-08T17:00:00+00:00,0.262590,900
2026-01-08T17:15:00+00:00,0.195580,900
2026-01-08T17:30:00+00:00,0.176290,900
2026-01-08T17:45:00+00:00,0.142000,900
2026-01-08T18:00:00+00:00,0.171240,900
2026-01-08T18:15:00+00:00,0.163370,900
2026-01-08T18:30:00+00:00,0.114170,900
2026-01-08T18:45:00+00:00,0.094080,900
2026-01-08T19:00:00+00:00,0.127390,900
2026-01-08T19:15:00+00:00,0.100410,900
2026-01-08T19:30:00+00:00,0.086020,900
2026-01-08T19:45:00+00:00,0.082760,900
2026-01-08T20:00:00+00:00,0.100310,900
2026-01-08T20:15:00+00:00,0.094360,900
2026-01-08T20:30:00+00:00,0.088010,900
2026-01-08T20:45:00+00:00,0.082510,900
2026-01-08T21:00:00+00:00,0.099810,900
2026-01-08T21:15:00+00:00,0.087890,900
2026-01-08T21:30:00+00:00,0.086150,900
2026-01-08T21:45:00+00:00,0.079620,900
2026-01-08T22:00:00+00:00,0.091510,900
2026-01-08T22:15:00+00:00,0.082400,900
2026-01-08T22:30:00+00:00,0.070600,900
2026-01-08T22:45:00+00:00,0.068550,900
2026-01-08T23:00:00+00:00,0.095490,900
2026-01-08T23:15:00+00:00,0.080230,900
2026-01-08T23:30:00+00:00,0.070010,900
2026-01-08T23:45:00+00:00,0.069780,900
2026-01-09T00:00:00+00:00,0.075480,900
2026-01-09T00:15:00+00:00,0.074150,900
2026-01-09T00:30:00+00:00,0.069980,900
2026-01-09T00:45:00+00:00,0.063060,900
2026-01-09T01:00:00+00:00,0.064190,900
2026-01-09T01:15:00+00:00,0.056100,900
2026-01-09T01:30:00+00:00,0.048850,900
2026-01-09T01:45:00+00:00,0.047080,900
2026-01-09T02:00:00+00:00,0.051580,900
2026-01-09T02:15:00+00:00,0.047210,900
2026-01-09T02:30:00+00:00,0.045360,900
2026-01-09T02:45:00+00:00,0.042160,900
2026-01-09T03:00:00+00:00,0.045810,900
2026-01-09T03:15:00+00:00,0.045810,900
2026-01-09T03:30:00+00:00,0.048220,900
2026-01-09T03:45:00+00:00,0.051540,900
2026-01-09T04:00:00+00:00,0.049910,900
2026-01-09T04:15:00+00:00,0.053430,900
2026-01-09T04:30:00+00:00,0.059400,900
2026-01-09T04:45:00+00:00,0.067910,900
2026-01-09T05:00:00+00:00,0.065330,900
2026-01-09T05:15:00+00:00,0.077960,900
2026-01-09T05:30:00+00:00,0.081030,900
2026-01-09T05:45:00+00:00,0.086560,900
2026-01-09T06:00:00+00:00,0.079490,900
2026-01-09T06:15:00+00:00,0.088080,900
2026-01-09T06:30:00+00:00,0.091150,900
2026-01-09T06:45:00+00:00,0.098040,900
2026-01-09T07:00:00+00:00,0.089480,900
2026-01-09T07:15:00+00:00,0.094310,900
2026-01-09T07:30:00+00:00,0.095620,900
2026-01-09T07:45:00+00:00,0.091070,900
2026-01-09T08:00:00+00:00,0.094340,900
2026-01-09T08:15:00+00:00,0.092260,900
2026-01-09T08:30:00+00:00,0.089720,900
2026-01-09T08:45:00+00:00,0.092800,900
2026-01-09T09:00:00+00:00,0.102000,900
2026-01-09T09:15:00+00:00,0.094980,900
2026-01-09T09:30:00+00:00,0.111850,900
2026-01-09T09:45:00+00:00,0.103400,900
2026-01-09T10:00:00+00:00,0.114200,900
2026-01-09T10:15:00+00:00,0.104630,900
2026-01-09T10:30:00+00:00,0.094700,900
2026-01-09T10:45:00+00:00,0.100100,900
2026-01-09T11:00:00+00:00,0.104240,900
2026-01-09T11:15:00+00:00,0.090230,900
2026-01-09T11:30:00+00:00,0.094400,900
2026-01-09T11:45:00+00:00,0.093500,900
2026-01-09T12:00:00+00:00,0.099000,900
2026-01-09T12:15:00+00:00,0.091630,900
2026-01-09T12:30:00+00:00,0.091630,900
2026-01-09T12:45:00+00:00,0.092780,900
2026-01-09T13:00:00+00:00,0.098020,900
2026-01-09T13:15:00+00:00,0.096890,900
2026-01-09T13:30:00+00:00,0.091370,900
2026-01-09T13:45:00+00:00,0.089870,900
2026-01-09T14:00:00+00:00,0.088450,900
2026-01-09T14:15:00+00:00,0.088500,900
2026-01-09T14:30:00+00:00,0.094110,900
2026-01-09T14:45:00+00:00,0.092780,900
2026-01-09T15:00:00+00:00,0.087270,900
2026-01-09T15:15:00+00:00,0.088560,900
2026-01-09T15:30:00+00:00,0.094100,900
2026-01-09T15:45:00+00:00,0.096370,900
2026-01-09T16:00:00+00:00,0.092780,900
2026-01-09T16:15:00+00:00,0.094030,900
2026-01-09T16:30:00+00:00,0.094110,900
2026-01-09T16:45:00+00:00,0.095080,900
2026-01-09T17:00:00+00:00,0.090100,900
2026-01-09T17:15:00+00:00,0.093870,900
2026-01-09T17:30:00+00:00,0.094120,900
2026-01-09T17:45:00+00:00,0.089420,900
2026-01-09T18:00:00+00:00,0.090190,900
2026-01-09T18:15:00+00:00,0.087190,900
2026-01-09T18:30:00+00:00,0.085840,900
2026-01-09T18:45:00+00:00,0.086870,900
2026-01-09T19:00:00+00:00,0.086900,900
2026-01-09T19:15:00+00:00,0.085550,900
2026-01-09T19:30:00+00:00,0.084890,900
2026-01-09T19:45:00+00:00,0.083460,900
2026-01-09T20:00:00+00:00,0.091450,900
2026-01-09T20:15:00+00:00,0.085670,900
2026-01-09T20:30:00+00:00,0.084590,900
2026-01-09T20:45:00+00:00,0.080690,900
2026-01-09T21:00:00+00:00,0.091670,900
2026-01-09T21:15:00+00:00,0.083590,900
2026-01-09T21:30:00+00:00,0.083420,900
2026-01-09T21:45:00+00:00,0.081320,900
2026-01-09T22:00:00+00:00,0.082800,900
2026-01-09T22:15:00+00:00,0.078340,900
2026-01-09T22:30:00+00:00,0.078980,900
2026-01-09T22:45:00+00:00,0.072790,900
2026-01-09T23:00:00+00:00,0.083690,900
2026-01-09T23:15:00+00:00,0.078280,900
2026-01-09T23:30:00+00:00,0.070080,900
2026-01-09T23:45:00+00:00,0.068610,900
2026-01-10T00:00:00+00:00,0.071700,900
2026-01-10T00:15:00+00:00,0.070550,900
2026-01-10T00:30:00+00:00,0.069400,900
2026-01-10T00:45:00+00:00,0.067710,900
2026-01-10T01:00:00+00:00,0.067690,900
2026-01-10T01:15:00+00:00,0.066110,900
2026-01-10T01:30:00+00:00,0.065630,900
2026-01-10T01:45:00+00:00,0.065520,900
2026-01-10T02:00:00+00:00,0.067120,900
2026-01-10T02:15:00+00:00,0.066380,900
2026-01-10T02:30:00+00:00,0.066940,900
2026-01-10T02:45:00+00:00,0.065700,900
2026-01-10T03:00:00+00:00,0.066720,900
2026-01-10T03:15:00+00:00,0.066410,900
2026-01-10T03:30:00+00:00,0.065990,900
2026-01-10T03:45:00+00:00,0.066930,900
2026-01-10T04:00:00+00:00,0.068230,900
2026-01-10T04:15:00+00:00,0.067400,900
2026-01-10T04:30:00+00:00,0.069470,900
2026-01-10T04:45:00+00:00,0.070810,900
2026-01-10T05:00:00+00:00,0.066540,900
2026-01-10T05:15:00+00:00,0.070300,900
2026-01-10T05:30:00+00:00,0.071400,900
2026-01-10T05:45:00+00:00,0.078280,900
2026-01-10T06:00:00+00:00,0.073370,900
2026-01-10T06:15:00+00:00,0.076800,900
2026-01-10T06:30:00+00:00,0.079470,900
2026-01-10T06:45:00+00:00,0.082360,900
2026-01-10T07:00:00+00:00,0.080840,900
2026-01-10T07:15:00+00:00,0.082890,900
2026-01-10T07:30:00+00:00,0.088460,900
2026-01-10T07:45:00+00:00,0.092020,900
2026-01-10T08:00:00+00:00,0.090470,900
2026-01-10T08:15:00+00:00,0.093040,900
2026-01-10T08:30:00+00:00,0.091740,900
2026-01-10T08:45:00+00:00,0.089120,900
2026-01-10T09:00:00+00:00,0.090280,900
2026-01-10T09:15:00+00:00,0.090040,900
2026-01-10T09:30:00+00:00,0.095790,900
2026-01-10T09:45:00+00:00,0.096310,900
2026-01-10T10:00:00+00:00,0.090740,900
2026-01-10T10:15:00+00:00,0.094600,900
2026-01-10T10:30:00+00:00,0.097480,900
2026-01-10T10:45:00+00:00,0.097220,900
2026-01-10T11:00:00+00:00,0.094250,900
2026-01-10T11:15:00+00:00,0.097020,900
2026-01-10T11:30:00+00:00,0.096870,900
2026-01-10T11:45:00+00:00,0.095830,900
2026-01-10T12:00:00+00:00,0.095230,900
2026-01-10T12:15:00+00:00,0.097020,900
2026-01-10T12:30:00+00:00,0.096660,900
2026-01-10T12:45:00+00:00,0.104490,900
2026-01-10T13:00:00+00:00,0.099800,900
2026-01-10T13:15:00+00:00,0.101820,900
2026-01-10T13:30:00+00:00,0.106900,900
2026-01-10T13:45:00+00:00,0.108950,900
2026-01-10T14:00:00+00:00,0.100810,900
2026-01-10T14:15:00+00:00,0.109540,900
2026-01-10T14:30:00+00:00,0.109780,900
2026-01-10T14:45:00+00:00,0.123480,900
2026-01-10T15:00:00+00:00,0.112990,900
2026-01-10T15:15:00+00:00,0.119490,900
2026-01-10T15:30:00+00:00,0.116250,900
2026-01-10T15:45:00+00:00,0.134130,900
2026-01-10T16:00:00+00:00,0.126670,900
2026-01-10T16:15:00+00:00,0.132110,900
2026-01-10T16:30:00+00:00,0.135000,900
2026-01-10T16:45:00+00:00,0.136840,900
2026-01-10T17:00:00+00:00,0.137360,900
2026-01-10T17:15:00+00:00,0.134520,900
2026-01-10T17:30:00+00:00,0.134400,900
2026-01-10T17:45:00+00:00,0.129520,900
2026-01-10T18:00:00+00:00,0.133660,900
2026-01-10T18:15:00+00:00,0.129520,900
2026-01-10T18:30:00+00:00,0.125360,900
2026-01-10T18:45:00+00:00,0.123470,900
2026-01-10T19:00:00+00:00,0.126980,900
2026-01-10T19:15:00+00:00,0.120010,900
2026-01-10T19:30:00+00:00,0.117480,900
2026-01-10T19:45:00+00:00,0.112290,900
2026-01-10T20:00:00+00:00,0.116080,900
2026-01-10T20:15:00+00:00,0.112280,900
2026-01-10T20:30:00+00:00,0.111990,900
2026-01-10T20:45:00+00:00,0.104480,900
2026-01-10T21:00:00+00:00,0.112320,900
2026-01-10T21:15:00+00:00,0.111670,900
2026-01-10T21:30:00+00:00,0.103000,900
2026-01-10T21:45:00+00:00,0.099120,900
2026-01-10T22:00:00+00:00,0.101760,900
2026-01-10T22:15:00+00:00,0.097500,900
2026-01-10T22:30:00+00:00,0.097750,900
2026-01-10T22:45:00+00:00,0.095780,900
2026-01-10T23:00:00+00:00,0.108200,900
2026-01-10T23:15:00+00:00,0.097720,900
2026-01-10T23:30:00+00:00,0.093700,900
2026-01-10T23:45:00+00:00,0.087990,900
2026-01-11T00:00:00+00:00,0.098990,900
2026-01-11T00:15:00+00:00,0.092550,900
2026-01-11T00:30:00+00:00,0.090910,900
2026-01-11T00:45:00+00:00,0.088540,900
2026-01-11T01:00:00+00:00,0.091990,900
2026-01-11T01:15:00+00:00,0.089090,900
2026-01-11T01:30:00+00:00,0.086200,900
2026-01-11T01:45:00+00:00,0.084860,900
2026-01-11T02:00:00+00:00,0.084180,900
2026-01-11T02:15:00+00:00,0.084520,900
2026-01-11T02:30:00+00:00,0.084560,900
2026-01-11T02:45:00+00:00,0.086180,900
2026-01-11T03:00:00+00:00,0.085040,900
2026-01-11T03:15:00+00:00,0.083030,900
2026-01-11T03:30:00+00:00,0.081420,900
2026-01-11T03:45:00+00:00,0.081230,900
2026-01-11T04:00:00+00:00,0.081640,900
2026-01-11T04:15:00+00:00,0.081640,900
2026-01-11T04:30:00+00:00,0.082200,900
2026-01-11T04:45:00+00:00,0.083540,900
2026-01-11T05:00:00+00:00,0.080930,900
2026-01-11T05:15:00+00:00,0.081640,900
2026-01-11T05:30:00+00:00,0.081640,900
2026-01-11T05:45:00+00:00,0.082200,900
2026-01-11T06:00:00+00:00,0.081130,900
2026-01-11T06:15:00+00:00,0.082460,900
2026-01-11T06:30:00+00:00,0.085680,900
2026-01-11T06:45:00+00:00,0.087770,900
2026-01-11T07:00:00+00:00,0.087020,900
2026-01-11T07:15:00+00:00,0.089970,900
2026-01-11T07:30:00+00:00,0.092840,900
2026-01-11T07:45:00+00:00,0.097530,900
2026-01-11T08:00:00+00:00,0.103910,900
2026-01-11T08:15:00+00:00,0.101810,900
2026-01-11T08:30:00+00:00,0.099950,900
2026-01-11T08:45:00+00:00,0.097820,900
2026-01-11T09:00:00+00:00,0.103930,900
2026-01-11T09:15:00+00:00,0.100120,900
2026-01-11T09:30:00+00:00,0.097950,900
2026-01-11T09:45:00+00:00,0.091210,900
2026-01-11T10:00:00+00:00,0.102680,900
2026-01-11T10:15:00+00:00,0.098530,900
2026-01-11T10:30:00+00:00,0.097400,900
2026-01-11T10:45:00+00:00,0.092090,900
2026-01-11T11:00:00+00:00,0.099490,900
2026-01-11T11:15:00+00:00,0.096650,900
2026-01-11T11:30:00+00:00,0.098330,900
2026-01-11T11:45:00+00:00,0.090990,900
2026-01-11T12:00:00+00:00,0.097570,900
2026-01-11T12:15:00+00:00,0.092220,900
2026-01-11T12:30:00+00:00,0.095020,900
2026-01-11T12:45:00+00:00,0.092780,900
2026-01-11T13:00:00+00:00,0.094570,900
2026-01-11T13:15:00+00:00,0.095800,900
2026-01-11T13:30:00+00:00,0.096080,900
2026-01-11T13:45:00+00:00,0.096050,900
2026-01-11T14:00:00+00:00,0.089310,900
2026-01-11T14:15:00+00:00,0.096030,900
2026-01-11T14:30:00+00:00,0.102600,900
2026-01-11T14:45:00+00:00,0.103560,900
2026-01-11T15:00:00+00:00,0.099080,900
2026-01-11T15:15:00+00:00,0.106220,900
2026-01-11T15:30:00+00:00,0.108960,900
2026-01-11T15:45:00+00:00,0.116520,900
2026-01-11T16:00:00+00:00,0.109700,900
2026-01-11T16:15:00+00:00,0.114180,900
2026-01-11T16:30:00+00:00,0.114170,900
2026-01-11T16:45:00+00:00,0.112000,900
2026-01-11T17:00:00+00:00,0.107110,900
2026-01-11T17:15:00+00:00,0.107020,900
2026-01-11T17:30:00+00:00,0.102390,900
2026-01-11T17:45:00+00:00,0.077610,900
2026-01-11T18:00:00+00:00,0.094520,900
2026-01-11T18:15:00+00:00,0.090100,900
2026-01-11T18:30:00+00:00,0.089290,900
2026-01-11T18:45:00+00:00,0.091030,900
2026-01-11T19:00:00+00:00,0.097620,900
2026-01-11T19:15:00+00:00,0.091730,900
2026-01-11T19:30:00+00:00,0.088120,900
2026-01-11T19:45:00+00:00,0.082650,900
2026-01-11T20:00:00+00:00,0.094750,900
2026-01-11T20:15:00+00:00,0.088660,900
2026-01-11T20:30:00+00:00,0.088300,900
2026-01-11T20:45:00+00:00,0.081890,900
2026-01-11T21:00:00+00:00,0.093980,900
2026-01-11T21:15:00+00:00,0.090310,900
2026-01-11T21:30:00+00:00,0.091430,900
2026-01-11T21:45:00+00:00,0.089000,900
2026-01-11T22:00:00+00:00,0.085520,900
2026-01-11T22:15:00+00:00,0.079910,900
2026-01-11T22:30:00+00:00,0.078450,900
2026-01-11T22:45:00+00:00,0.072110,900
2026-01-11T23:00:00+00:00,0.079740,900
2026-01-11T23:15:00+00:00,0.077720,900
2026-01-11T23:30:00+00:00,0.076250,900
2026-01-11T23:45:00+00:00,0.075200,900
2026-01-12T00:00:00+00:00,0.081950,900
2026-01-12T00:15:00+00:00,0.079060,900
2026-01-12T00:30:00+00:00,0.076200,900
2026-01-12T00:45:00+00:00,0.074650,900
2026-01-12T01:00:00+00:00,0.078950,900
2026-01-12T01:15:00+00:00,0.078400,900
2026-01-12T01:30:00+00:00,0.078090,900
2026-01-12T01:45:00+00:00,0.075300,900
2026-01-12T02:00:00+00:00,0.073450,900
2026-01-12T02:15:00+00:00,0.071550,900
2026-01-12T02:30:00+00:00,0.070290,900
2026-01-12T02:45:00+00:00,0.069130,900
2026-01-12T03:00:00+00:00,0.072630,900
2026-01-12T03:15:00+00:00,0.071670,900
2026-01-12T03:30:00+00:00,0.073520,900
2026-01-12T03:45:00+00:00,0.073870,900
2026-01-12T04:00:00+00:00,0.072010,900
2026-01-12T04:15:00+00:00,0.070930,900
2026-01-12T04:30:00+00:00,0.076350,900
2026-01-12T04:45:00+00:00,0.080210,900
2026-01-12T05:00:00+00:00,0.073610,900
2026-01-12T05:15:00+00:00,0.083030,900
2026-01-12T05:30:00+00:00,0.082700,900
2026-01-12T05:45:00+00:00,0.084910,900
2026-01-12T06:00:00+00:00,0.088020,900
2026-01-12T06:15:00+00:00,0.090400,900
2026-01-12T06:30:00+00:00,0.089330,900
2026-01-12T06:45:00+00:00,0.081880,900
2026-01-12T07:00:00+00:00,0.090520,900
2026-01-12T07:15:00+00:00,0.094210,900
2026-01-12T07:30:00+00:00,0.099710,900
2026-01-12T07:45:00+00:00,0.108000,900
2026-01-12T08:00:00+00:00,0.079770,900
2026-01-12T08:15:00+00:00,0.097490,900
2026-01-12T08:30:00+00:00,0.098180,900
2026-01-12T08:45:00+00:00,0.088000,900
2026-01-12T09:00:00+00:00,0.093830,900
2026-01-12T09:15:00+00:00,0.088520,900
2026-01-12T09:30:00+00:00,0.095790,900
2026-01-12T09:45:00+00:00,0.095980,900
2026-01-12T10:00:00+00:00,0.094920,900
2026-01-12T10:15:00+00:00,0.095000,900
2026-01-12T10:30:00+00:00,0.096780,900
2026-01-12T10:45:00+00:00,0.093240,900
2026-01-12T11:00:00+00:00,0.090680,900
2026-01-12T11:15:00+00:00,0.089920,900
2026-01-12T11:30:00+00:00,0.093080,900
2026-01-12T11:45:00+00:00,0.095980,900
2026-01-12T12:00:00+00:00,0.089750,900
2026-01-12T12:15:00+00:00,0.094430,900
2026-01-12T12:30:00+00:00,0.094650,900
2026-01-12T12:45:00+00:00,0.089120,900
2026-01-12T13:00:00+00:00,0.086900,900
2026-01-12T13:15:00+00:00,0.094950,900
2026-01-12T13:30:00+00:00,0.098340,900
2026-01-12T13:45:00+00:00,0.095690,900
2026-01-12T14:00:00+00:00,0.084480,900
2026-01-12T14:15:00+00:00,0.086440,900
2026-01-12T14:30:00+00:00,0.087990,900
2026-01-12T14:45:00+00:00,0.091220,900
2026-01-12T15:00:00+00:00,0.085870,900
2026-01-12T15:15:00+00:00,0.094910,900
2026-01-12T15:30:00+00:00,0.092320,900
2026-01-12T15:45:00+00:00,0.094900,900
2026-01-12T16:00:00+00:00,0.104000,900
2026-01-12T16:15:00+00:00,0.098400,900
2026-01-12T16:30:00+00:00,0.105950,900
2026-01-12T16:45:00+00:00,0.103460,900
2026-01-12T17:00:00+00:00,0.115540,900
2026-01-12T17:15:00+00:00,0.109830,900
2026-01-12T17:30:00+00:00,0.104000,900
2026-01-12T17:45:00+00:00,0.114340,900
2026-01-12T18:00:00+00:00,0.103240,900
2026-01-12T18:15:00+00:00,0.103460,900
2026-01-12T18:30:00+00:00,0.102540,900
2026-01-12T18:45:00+00:00,0.097600,900
2026-01-12T19:00:00+00:00,0.102820,900
2026-01-12T19:15:00+00:00,0.094730,900
2026-01-12T19:30:00+00:00,0.090190,900
2026-01-12T19:45:00+00:00,0.086970,900
2026-01-12T20:00:00+00:00,0.096560,900
2026-01-12T20:15:00+00:00,0.091020,900
2026-01-12T20:30:00+00:00,0.087810,900
2026-01-12T20:45:00+00:00,0.090830,900
2026-01-12T21:00:00+00:00,0.092370,900
2026-01-12T21:15:00+00:00,0.089910,900
2026-01-12T21:30:00+00:00,0.088630,900
2026-01-12T21:45:00+00:00,0.089080,900
2026-01-12T22:00:00+00:00,0.088930,900
2026-01-12T22:15:00+00:00,0.085520,900
2026-01-12T22:30:00+00:00,0.083500,900
2026-01-12T22:45:00+00:00,0.080400,900
2026-01-12T23:00:00+00:00,0.082120,900
2026-01-12T23:15:00+00:00,0.079740,900
2026-01-12T23:30:00+00:00,0.077940,900
2026-01-12T23:45:00+00:00,0.076600,900
2026-01-13T00:00:00+00:00,0.082310,900
2026-01-13T00:15:00+00:00,0.080280,900
2026-01-13T00:30:00+00:00,0.080120,900
2026-01-13T00:45:00+00:00,0.078420,900
2026-01-13T01:00:00+00:00,0.081250,900
2026-01-13T01:15:00+00:00,0.079970,900
2026-01-13T01:30:00+00:00,0.080230,900
2026-01-13T01:45:00+00:00,0.080550,900
2026-01-13T02:00:00+00:00,0.079680,900
2026-01-13T02:15:00+00:00,0.079670,900
2026-01-13T02:30:00+00:00,0.079540,900
2026-01-13T02:45:00+00:00,0.079320,900
2026-01-13T03:00:00+00:00,0.081380,900
2026-01-13T03:15:00+00:00,0.080010,900
2026-01-13T03:30:00+00:00,0.080550,900
2026-01-13T03:45:00+00:00,0.082670,900
2026-01-13T04:00:00+00:00,0.079680,900
2026-01-13T04:15:00+00:00,0.080470,900
2026-01-13T04:30:00+00:00,0.083310,900
2026-01-13T04:45:00+00:00,0.086600,900
2026-01-13T05:00:00+00:00,0.084530,900
2026-01-13T05:15:00+00:00,0.091840,900
2026-01-13T05:30:00+00:00,0.086700,900
2026-01-13T05:45:00+00:00,0.096930,900
2026-01-13T06:00:00+00:00,0.077450,900
2026-01-13T06:15:00+00:00,0.088470,900
2026-01-13T06:30:00+00:00,0.112100,900
2026-01-13T06:45:00+00:00,0.118420,900
2026-01-13T07:00:00+00:00,0.119290,900
2026-01-13T07:15:00+00:00,0.115440,900
2026-01-13T07:30:00+00:00,0.123490,900
2026-01-13T07:45:00+00:00,0.117910,900
2026-01-13T08:00:00+00:00,0.140940,900
2026-01-13T08:15:00+00:00,0.132210,900
2026-01-13T08:30:00+00:00,0.125710,900
2026-01-13T08:45:00+00:00,0.122670,900
2026-01-13T09:00:00+00:00,0.139020,900
2026-01-13T09:15:00+00:00,0.132830,900
2026-01-13T09:30:00+00:00,0.124180,900
2026-01-13T09:45:00+00:00,0.117840,900
2026-01-13T10:00:00+00:00,0.122640,900
2026-01-13T10:15:00+00:00,0.122850,900
2026-01-13T10:30:00+00:00,0.122530,900
2026-01-13T10:45:00+00:00,0.116500,900
2026-01-13T11:00:00+00:00,0.117190,900
2026-01-13T11:15:00+00:00,0.113600,900
2026-01-13T11:30:00+00:00,0.111830,900
2026-01-13T11:45:00+00:00,0.112740,900
2026-01-13T12:00:00+00:00,0.113760,900
2026-01-13T12:15:00+00:00,0.112660,900
2026-01-13T12:30:00+00:00,0.109410,900
2026-01-13T12:45:00+00:00,0.107060,900
2026-01-13T13:00:00+00:00,0.104170,900
2026-01-13T13:15:00+00:00,0.104210,900
2026-01-13T13:30:00+00:00,0.105200,900
2026-01-13T13:45:00+00:00,0.109850,900
2026-01-13T14:00:00+00:00,0.095460,900
2026-01-13T14:15:00+00:00,0.100570,900
2026-01-13T14:30:00+00:00,0.105640,900
2026-01-13T14:45:00+00:00,0.105640,900
2026-01-13T15:00:00+00:00,0.102140,900
2026-01-13T15:15:00+00:00,0.108410,900
2026-01-13T15:30:00+00:00,0.109050,900
2026-01-13T15:45:00+00:00,0.114400,900
2026-01-13T16:00:00+00:00,0.107950,900
2026-01-13T16:15:00+00:00,0.107560,900
2026-01-13T16:30:00+00:00,0.108340,900
2026-01-13T16:45:00+00:00,0.106790,900
2026-01-13T17:00:00+00:00,0.107690,900
2026-01-13T17:15:00+00:00,0.099430,900
2026-01-13T17:30:00+00:00,0.095010,900
2026-01-13T17:45:00+00:00,0.089460,900
2026-01-13T18:00:00+00:00,0.103380,900
2026-01-13T18:15:00+00:00,0.092730,900
2026-01-13T18:30:00+00:00,0.085060,900
2026-01-13T18:45:00+00:00,0.080000,900
2026-01-13T19:00:00+00:00,0.094790,900
2026-01-13T19:15:00+00:00,0.083800,900
2026-01-13T19:30:00+00:00,0.087010,900
2026-01-13T19:45:00+00:00,0.085010,900
2026-01-13T20:00:00+00:00,0.091900,900
2026-01-13T20:15:00+00:00,0.093870,900
2026-01-13T20:30:00+00:00,0.087510,900
2026-01-13T20:45:00+00:00,0.083290,900
2026-01-13T21:00:00+00:00,0.091180,900
2026-01-13T21:15:00+00:00,0.088750,900
2026-01-13T21:30:00+00:00,0.090430,900
2026-01-13T21:45:00+00:00,0.086820,900
2026-01-13T22:00:00+00:00,0.091870,900
2026-01-13T22:15:00+00:00,0.083830,900
2026-01-13T22:30:00+00:00,0.079910,900
2026-01-13T22:45:00+00:00,0.074010,900
2026-01-13T23:00:00+00:00,0.089400,900
2026-01-13T23:15:00+00:00,0.087320,900
2026-01-13T23:30:00+00:00,0.082960,900
2026-01-13T23:45:00+00:00,0.082570,900
2026-01-14T00:00:00+00:00,0.084930,900
2026-01-14T00:15:00+00:00,0.083920,900
2026-01-14T00:30:00+00:00,0.084530,900
2026-01-14T00:45:00+00:00,0.083800,900
2026-01-14T01:00:00+00:00,0.086480,900
2026-01-14T01:15:00+00:00,0.085850,900
2026-01-14T01:30:00+00:00,0.085900,900
2026-01-14T01:45:00+00:00,0.085300,900
2026-01-14T02:00:00+00:00,0.086010,900
2026-01-14T02:15:00+00:00,0.086290,900
2026-01-14T02:30:00+00:00,0.086150,900
2026-01-14T02:45:00+00:00,0.086230,900
2026-01-14T03:00:00+00:00,0.085470,900
2026-01-14T03:15:00+00:00,0.086500,900
2026-01-14T03:30:00+00:00,0.088240,900
2026-01-14T03:45:00+00:00,0.090370,900
2026-01-14T04:00:00+00:00,0.089670,900
2026-01-14T04:15:00+00:00,0.089770,900
2026-01-14T04:30:00+00:00,0.089620,900
2026-01-14T04:45:00+00:00,0.089560,900
2026-01-14T05:00:00+00:00,0.087570,900
2026-01-14T05:15:00+00:00,0.093400,900
2026-01-14T05:30:00+00:00,0.094990,900
2026-01-14T05:45:00+00:00,0.096900,900
2026-01-14T06:00:00+00:00,0.095590,900
2026-01-14T06:15:00+00:00,0.100100,900
2026-01-14T06:30:00+00:00,0.104190,900
2026-01-14T06:45:00+00:00,0.118720,900
2026-01-14T07:00:00+00:00,0.120070,900
2026-01-14T07:15:00+00:00,0.129690,900
2026-01-14T07:30:00+00:00,0.130560,900
2026-01-14T07:45:00+00:00,0.131160,900
2026-01-14T08:00:00+00:00,0.141300,900
2026-01-14T08:15:00+00:00,0.135720,900
2026-01-14T08:30:00+00:00,0.126630,900
2026-01-14T08:45:00+00:00,0.117520,900
2026-01-14T09:00:00+00:00,0.123550,900
2026-01-14T09:15:00+00:00,0.116130,900
2026-01-14T09:30:00+00:00,0.110920,900
2026-01-14T09:45:00+00:00,0.108920,900
2026-01-14T10:00:00+00:00,0.110080,900
2026-01-14T10:15:00+00:00,0.106770,900
2026-01-14T10:30:00+00:00,0.099070,900
2026-01-14T10:45:00+00:00,0.097400,900
2026-01-14T11:00:00+00:00,0.098190,900
2026-01-14T11:15:00+00:00,0.096500,900
2026-01-14T11:30:00+00:00,0.097200,900
2026-01-14T11:45:00+00:00,0.100100,900
2026-01-14T12:00:00+00:00,0.098410,900
2026-01-14T12:15:00+00:00,0.098680,900
2026-01-14T12:30:00+00:00,0.099880,900
2026-01-14T12:45:00+00:00,0.104160,900
2026-01-14T13:00:00+00:00,0.100210,900
2026-01-14T13:15:00+00:00,0.106610,900
2026-01-14T13:30:00+00:00,0.119990,900
2026-01-14T13:45:00+00:00,0.130050,900
2026-01-14T14:00:00+00:00,0.116980,900
2026-01-14T14:15:00+00:00,0.125750,900
2026-01-14T14:30:00+00:00,0.153480,900
2026-01-14T14:45:00+00:00,0.157110,900
2026-01-14T15:00:00+00:00,0.109530,900
2026-01-14T15:15:00+00:00,0.128440,900
2026-01-14T15:30:00+00:00,0.153400,900
2026-01-14T15:45:00+00:00,0.200040,900
2026-01-14T16:00:00+00:00,0.159670,900
2026-01-14T16:15:00+00:00,0.195370,900
2026-01-14T16:30:00+00:00,0.215040,900
2026-01-14T16:45:00+00:00,0.202740,900
2026-01-14T17:00:00+00:00,0.185890,900
2026-01-14T17:15:00+00:00,0.179240,900
2026-01-14T17:30:00+00:00,0.176060,900
2026-01-14T17:45:00+00:00,0.182640,900
2026-01-14T18:00:00+00:00,0.187200,900
2026-01-14T18:15:00+00:00,0.161010,900
2026-01-14T18:30:00+00:00,0.147380,900
2026-01-14T18:45:00+00:00,0.136690,900
2026-01-14T19:00:00+00:00,0.148610,900
2026-01-14T19:15:00+00:00,0.132550,900
2026-01-14T19:30:00+00:00,0.126760,900
2026-01-14T19:45:00+00:00,0.110440,900
2026-01-14T20:00:00+00:00,0.107970,900
2026-01-14T20:15:00+00:00,0.101910,900
2026-01-14T20:30:00+00:00,0.098940,900
2026-01-14T20:45:00+00:00,0.090380,900
2026-01-14T21:00:00+00:00,0.099430,900
2026-01-14T21:15:00+00:00,0.096870,900
2026-01-14T21:30:00+00:00,0.087890,900
2026-01-14T21:45:00+00:00,0.085440,900
2026-01-14T22:00:00+00:00,0.097340,900
2026-01-14T22:15:00+00:00,0.091080,900
2026-01-14T22:30:00+00:00,0.091950,900
2026-01-14T22:45:00+00:00,0.087630,900
2026-01-14T23:00:00+00:00,0.106200,900
2026-01-14T23:15:00+00:00,0.099580,900
2026-01-14T23:30:00+00:00,0.093490,900
2026-01-14T23:45:00+00:00,0.092500,900
2026-01-15T00:00:00+00:00,0.097360,900
2026-01-15T00:15:00+00:00,0.094640,900
2026-01-15T00:30:00+00:00,0.091220,900
2026-01-15T00:45:00+00:00,0.088680,900
2026-01-15T01:00:00+00:00,0.093060,900
2026-01-15T01:15:00+00:00,0.088250,900
2026-01-15T01:30:00+00:00,0.085510,900
2026-01-15T01:45:00+00:00,0.084910,900
2026-01-15T02:00:00+00:00,0.085000,900
2026-01-15T02:15:00+00:00,0.083690,900
2026-01-15T02:30:00+00:00,0.082420,900
2026-01-15T02:45:00+00:00,0.080050,900
2026-01-15T03:00:00+00:00,0.080110,900
2026-01-15T03:15:00+00:00,0.079930,900
2026-01-15T03:30:00+00:00,0.080230,900
2026-01-15T03:45:00+00:00,0.081690,900
2026-01-15T04:00:00+00:00,0.079620,900
2026-01-15T04:15:00+00:00,0.079790,900
2026-01-15T04:30:00+00:00,0.081130,900
2026-01-15T04:45:00+00:00,0.084200,900
2026-01-15T05:00:00+00:00,0.086120,900
2026-01-15T05:15:00+00:00,0.089750,900
2026-01-15T05:30:00+00:00,0.090980,900
2026-01-15T05:45:00+00:00,0.092480,900
2026-01-15T06:00:00+00:00,0.092740,900
2026-01-15T06:15:00+00:00,0.095490,900
2026-01-15T06:30:00+00:00,0.098200,900
2026-01-15T06:45:00+00:00,0.099740,900
2026-01-15T07:00:00+00:00,0.095040,900
2026-01-15T07:15:00+00:00,0.096590,900
2026-01-15T07:30:00+00:00,0.096540,900
2026-01-15T07:45:00+00:00,0.095820,900
2026-01-15T08:00:00+00:00,0.106470,900
2026-01-15T08:15:00+00:00,0.102820,900
2026-01-15T08:30:00+00:00,0.099680,900
2026-01-15T08:45:00+00:00,0.096000,900
2026-01-15T09:00:00+00:00,0.105710,900
2026-01-15T09:15:00+00:00,0.100370,900
2026-01-15T09:30:00+00:00,0.096150,900
2026-01-15T09:45:00+00:00,0.090100,900
2026-01-15T10:00:00+00:00,0.099740,900
2026-01-15T10:15:00+00:00,0.096230,900
2026-01-15T10:30:00+00:00,0.094110,900
2026-01-15T10:45:00+00:00,0.092630,900
2026-01-15T11:00:00+00:00,0.095490,900
2026-01-15T11:15:00+00:00,0.092960,900
2026-01-15T11:30:00+00:00,0.093040,900
2026-01-15T11:45:00+00:00,0.094920,900
2026-01-15T12:00:00+00:00,0.095710,900
2026-01-15T12:15:00+00:00,0.096980,900
2026-01-15T12:30:00+00:00,0.098320,900
2026-01-15T12:45:00+00:00,0.098860,900
2026-01-15T13:00:00+00:00,0.098370,900
2026-01-15T13:15:00+00:00,0.101720,900
2026-01-15T13:30:00+00:00,0.100960,900
2026-01-15T13:45:00+00:00,0.107980,900
2026-01-15T14:00:00+00:00,0.099900,900
2026-01-15T14:15:00+00:00,0.114780,900
2026-01-15T14:30:00+00:00,0.119870,900
2026-01-15T14:45:00+00:00,0.135100,900
2026-01-15T15:00:00+00:00,0.119780,900
2026-01-15T15:15:00+00:00,0.130730,900
2026-01-15T15:30:00+00:00,0.133750,900
2026-01-15T15:45:00+00:00,0.137680,900
2026-01-15T16:00:00+00:00,0.142570,900
2026-01-15T16:15:00+00:00,0.144030,900
2026-01-15T16:30:00+00:00,0.137220,900
2026-01-15T16:45:00+00:00,0.127460,900
2026-01-15T17:00:00+00:00,0.124530,900
2026-01-15T17:15:00+00:00,0.109250,900
2026-01-15T17:30:00+00:00,0.108070,900
2026-01-15T17:45:00+00:00,0.098260,900
2026-01-15T18:00:00+00:00,0.102960,900
2026-01-15T18:15:00+00:00,0.096830,900
2026-01-15T18:30:00+00:00,0.097640,900
2026-01-15T18:45:00+00:00,0.098560,900
2026-01-15T19:00:00+00:00,0.093730,900
2026-01-15T19:15:00+00:00,0.095920,900
2026-01-15T19:30:00+00:00,0.094110,900
2026-01-15T19:45:00+00:00,0.091260,900
2026-01-15T20:00:00+00:00,0.090080,900
2026-01-15T20:15:00+00:00,0.089930,900
2026-01-15T20:30:00+00:00,0.090080,900
2026-01-15T20:45:00+00:00,0.090050,900
2026-01-15T21:00:00+00:00,0.093670,900
2026-01-15T21:15:00+00:00,0.088620,900
2026-01-15T21:30:00+00:00,0.087740,900
2026-01-15T21:45:00+00:00,0.082720,900
2026-01-15T22:00:00+00:00,0.090000,900
2026-01-15T22:15:00+00:00,0.084120,900
2026-01-15T22:30:00+00:00,0.081900,900
2026-01-15T22:45:00+00:00,0.068600,900
2026-01-15T23:00:00+00:00,0.089620,900
2026-01-15T23:15:00+00:00,0.083370,900
2026-01-15T23:30:00+00:00,0.076330,900
2026-01-15T23:45:00+00:00,0.074500,900
2026-01-16T00:00:00+00:00,0.078990,900
2026-01-16T00:15:00+00:00,0.075160,900
2026-01-16T00:30:00+00:00,0.074200,900
2026-01-16T00:45:00+00:00,0.071650,900
2026-01-16T01:00:00+00:00,0.072740,900
2026-01-16T01:15:00+00:00,0.072070,900
2026-01-16T01:30:00+00:00,0.069100,900
2026-01-16T01:45:00+00:00,0.068170,900
2026-01-16T02:00:00+00:00,0.067460,900
2026-01-16T02:15:00+00:00,0.066760,900
2026-01-16T02:30:00+00:00,0.067110,900
2026-01-16T02:45:00+00:00,0.067590,900
2026-01-16T03:00:00+00:00,0.068910,900
2026-01-16T03:15:00+00:00,0.069070,900
2026-01-16T03:30:00+00:00,0.071350,900
2026-01-16T03:45:00+00:00,0.073900,900
2026-01-16T04:00:00+00:00,0.073860,900
2026-01-16T04:15:00+00:00,0.079240,900
2026-01-16T04:30:00+00:00,0.081920,900
2026-01-16T04:45:00+00:00,0.089930,900
2026-01-16T05:00:00+00:00,0.082210,900
2026-01-16T05:15:00+00:00,0.088040,900
2026-01-16T05:30:00+00:00,0.093480,900
2026-01-16T05:45:00+00:00,0.099160,900
2026-01-16T06:00:00+00:00,0.094390,900
2026-01-16T06:15:00+00:00,0.099090,900
2026-01-16T06:30:00+00:00,0.096500,900
2026-01-16T06:45:00+00:00,0.104420,900
2026-01-16T07:00:00+00:00,0.103250,900
2026-01-16T07:15:00+00:00,0.106620,900
2026-01-16T07:30:00+00:00,0.105730,900
2026-01-16T07:45:00+00:00,0.105200,900
2026-01-16T08:00:00+00:00,0.119030,900
2026-01-16T08:15:00+00:00,0.116290,900
2026-01-16T08:30:00+00:00,0.112360,900
2026-01-16T08:45:00+00:00,0.106090,900
2026-01-16T09:00:00+00:00,0.116070,900
2026-01-16T09:15:00+00:00,0.103800,900
2026-01-16T09:30:00+00:00,0.099600,900
2026-01-16T09:45:00+00:00,0.097290,900
2026-01-16T10:00:00+00:00,0.095470,900
2026-01-16T10:15:00+00:00,0.092030,900
2026-01-16T10:30:00+00:00,0.091890,900
2026-01-16T10:45:00+00:00,0.095220,900
2026-01-16T11:00:00+00:00,0.091460,900
2026-01-16T11:15:00+00:00,0.093850,900
2026-01-16T11:30:00+00:00,0.095570,900
2026-01-16T11:45:00+00:00,0.097810,900
2026-01-16T12:00:00+00:00,0.091870,900
2026-01-16T12:15:00+00:00,0.093800,900
2026-01-16T12:30:00+00:00,0.095390,900
2026-01-16T12:45:00+00:00,0.097060,900
2026-01-16T13:00:00+00:00,0.092900,900
2026-01-16T13:15:00+00:00,0.099690,900
2026-01-16T13:30:00+00:00,0.110020,900
2026-01-16T13:45:00+00:00,0.124600,900
2026-01-16T14:00:00+00:00,0.097300,900
2026-01-16T14:15:00+00:00,0.125020,900
2026-01-16T14:30:00+00:00,0.134830,900
2026-01-16T14:45:00+00:00,0.157490,900
2026-01-16T15:00:00+00:00,0.127930,900
2026-01-16T15:15:00+00:00,0.145190,900
2026-01-16T15:30:00+00:00,0.156510,900
2026-01-16T15:45:00+00:00,0.200100,900
2026-01-16T16:00:00+00:00,0.155960,900
2026-01-16T16:15:00+00:00,0.172950,900
2026-01-16T16:30:00+00:00,0.176660,900
2026-01-16T16:45:00+00:00,0.161730,900
2026-01-16T17:00:00+00:00,0.164920,900
2026-01-16T17:15:00+00:00,0.157130,900
2026-01-16T17:30:00+00:00,0.162640,900
2026-01-16T17:45:00+00:00,0.159750,900
2026-01-16T18:00:00+00:00,0.163590,900
2026-01-16T18:15:00+00:00,0.153210,900
2026-01-16T18:30:00+00:00,0.148840,900
2026-01-16T18:45:00+00:00,0.147200,900
2026-01-16T19:00:00+00:00,0.140980,900
2026-01-16T19:15:00+00:00,0.140020,900
2026-01-16T19:30:00+00:00,0.135260,900
2026-01-16T19:45:00+00:00,0.115740,900
2026-01-16T20:00:00+00:00,0.124130,900
2026-01-16T20:15:00+00:00,0.123960,900
2026-01-16T20:30:00+00:00,0.114830,900
2026-01-16T20:45:00+00:00,0.103440,900
2026-01-16T21:00:00+00:00,0.124860,900
2026-01-16T21:15:00+00:00,0.114800,900
2026-01-16T21:30:00+00:00,0.115400,900
2026-01-16T21:45:00+00:00,0.109140,900
2026-01-16T22:00:00+00:00,0.119200,900
2026-01-16T22:15:00+00:00,0.101690,900
2026-01-16T22:30:00+00:00,0.095230,900
2026-01-16T22:45:00+00:00,0.094370,900
2026-01-16T23:00:00+00:00,0.117900,900
2026-01-16T23:15:00+00:00,0.108820,900
2026-01-16T23:30:00+00:00,0.097740,900
2026-01-16T23:45:00+00:00,0.093550,900
2026-01-17T00:00:00+00:00,0.107800,900
2026-01-17T00:15:00+00:00,0.102580,900
2026-01-17T00:30:00+00:00,0.098620,900
2026-01-17T00:45:00+00:00,0.095980,900
2026-01-17T01:00:00+00:00,0.102230,900
2026-01-17T01:15:00+00:00,0.099930,900
2026-01-17T01:30:00+00:00,0.096260,900
2026-01-17T01:45:00+00:00,0.094170,900
2026-01-17T02:00:00+00:00,0.094880,900
2026-01-17T02:15:00+00:00,0.098290,900
2026-01-17T02:30:00+00:00,0.095240,900
2026-01-17T02:45:00+00:00,0.095590,900
2026-01-17T03:00:00+00:00,0.095110,900
2026-01-17T03:15:00+00:00,0.094540,900
2026-01-17T03:30:00+00:00,0.094580,900
2026-01-17T03:45:00+00:00,0.094730,900
2026-01-17T04:00:00+00:00,0.094580,900
2026-01-17T04:15:00+00:00,0.093640,900
2026-01-17T04:30:00+00:00,0.094960,900
2026-01-17T04:45:00+00:00,0.094310,900
2026-01-17T05:00:00+00:00,0.097410,900
2026-01-17T05:15:00+00:00,0.090180,900
2026-01-17T05:30:00+00:00,0.094760,900
2026-01-17T05:45:00+00:00,0.094650,900
2026-01-17T06:00:00+00:00,0.093010,900
2026-01-17T06:15:00+00:00,0.095050,900
2026-01-17T06:30:00+00:00,0.097010,900
2026-01-17T06:45:00+00:00,0.099890,900
2026-01-17T07:00:00+00:00,0.095560,900
2026-01-17T07:15:00+00:00,0.103980,900
2026-01-17T07:30:00+00:00,0.107430,900
2026-01-17T07:45:00+00:00,0.110030,900
2026-01-17T08:00:00+00:00,0.116020,900
2026-01-17T08:15:00+00:00,0.119070,900
2026-01-17T08:30:00+00:00,0.114210,900
2026-01-17T08:45:00+00:00,0.107970,900
2026-01-17T09:00:00+00:00,0.121810,900
2026-01-17T09:15:00+00:00,0.108070,900
2026-01-17T09:30:00+00:00,0.103430,900
2026-01-17T09:45:00+00:00,0.107730,900
2026-01-17T10:00:00+00:00,0.098090,900
2026-01-17T10:15:00+00:00,0.098050,900
2026-01-17T10:30:00+00:00,0.098130,900
2026-01-17T10:45:00+00:00,0.100000,900
2026-01-17T11:00:00+00:00,0.103760,900
2026-01-17T11:15:00+00:00,0.102710,900
2026-01-17T11:30:00+00:00,0.102000,900
2026-01-17T11:45:00+00:00,0.102950,900
2026-01-17T12:00:00+00:00,0.102750,900
2026-01-17T12:15:00+00:00,0.103110,900
2026-01-17T12:30:00+00:00,0.102760,900
2026-01-17T12:45:00+00:00,0.102270,900
2026-01-17T13:00:00+00:00,0.101740,900
2026-01-17T13:15:00+00:00,0.102340,900
2026-01-17T13:30:00+00:00,0.106710,900
2026-01-17T13:45:00+00:00,0.119490,900
2026-01-17T14:00:00+00:00,0.115010,900
2026-01-17T14:15:00+00:00,0.120890,900
2026-01-17T14:30:00+00:00,0.125950,900
2026-01-17T14:45:00+00:00,0.127780,900
2026-01-17T15:00:00+00:00,0.126050,900
2026-01-17T15:15:00+00:00,0.135630,900
2026-01-17T15:30:00+00:00,0.136610,900
2026-01-17T15:45:00+00:00,0.138050,900
2026-01-17T16:00:00+00:00,0.135300,900
2026-01-17T16:15:00+00:00,0.139010,900
2026-01-17T16:30:00+00:00,0.140940,900
2026-01-17T16:45:00+00:00,0.145500,900
2026-01-17T17:00:00+00:00,0.140490,900
2026-01-17T17:15:00+00:00,0.140490,900
2026-01-17T17:30:00+00:00,0.145610,900
2026-01-17T17:45:00+00:00,0.144800,900
2026-01-17T18:00:00+00:00,0.141800,900
2026-01-17T18:15:00+00:00,0.141050,900
2026-01-17T18:30:00+00:00,0.140140,900
2026-01-17T18:45:00+00:00,0.131360,900
2026-01-17T19:00:00+00:00,0.135240,900
2026-01-17T19:15:00+00:00,0.119190,900
2026-01-17T19:30:00+00:00,0.117260,900
2026-01-17T19:45:00+00:00,0.106510,900
2026-01-17T20:00:00+00:00,0.116790,900
2026-01-17T20:15:00+00:00,0.111490,900
2026-01-17T20:30:00+00:00,0.103470,900
2026-01-17T20:45:00+00:00,0.098750,900
2026-01-17T21:00:00+00:00,0.108750,900
2026-01-17T21:15:00+00:00,0.104060,900
2026-01-17T21:30:00+00:00,0.109830,900
2026-01-17T21:45:00+00:00,0.113330,900
2026-01-17T22:00:00+00:00,0.115990,900
2026-01-17T22:15:00+00:00,0.109000,900
2026-01-17T22:30:00+00:00,0.104130,900
2026-01-17T22:45:00+00:00,0.098970,900
2026-01-17T23:00:00+00:00,0.115240,900
2026-01-17T23:15:00+00:00,0.112950,900
2026-01-17T23:30:00+00:00,0.108670,900
2026-01-17T23:45:00+00:00,0.106000,900
2026-01-18T00:00:00+00:00,0.112990,900
2026-01-18T00:15:00+00:00,0.109160,900
2026-01-18T00:30:00+00:00,0.107090,900
2026-01-18T00:45:00+00:00,0.107520,900
2026-01-18T01:00:00+00:00,0.111230,900
2026-01-18T01:15:00+00:00,0.109170,900
2026-01-18T01:30:00+00:00,0.104940,900
2026-01-18T01:45:00+00:00,0.104220,900
2026-01-18T02:00:00+00:00,0.103830,900
2026-01-18T02:15:00+00:00,0.103000,900
2026-01-18T02:30:00+00:00,0.101730,900
2026-01-18T02:45:00+00:00,0.101600,900
2026-01-18T03:00:00+00:00,0.102990,900
2026-01-18T03:15:00+00:00,0.102620,900
2026-01-18T03:30:00+00:00,0.101730,900
2026-01-18T03:45:00+00:00,0.101600,900
2026-01-18T04:00:00+00:00,0.101430,900
2026-01-18T04:15:00+00:00,0.101600,900
2026-01-18T04:30:00+00:00,0.102300,900
2026-01-18T04:45:00+00:00,0.102990,900
2026-01-18T05:00:00+00:00,0.100200,900
2026-01-18T05:15:00+00:00,0.101220,900
2026-01-18T05:30:00+00:00,0.101220,900
2026-01-18T05:45:00+00:00,0.101550,900
2026-01-18T06:00:00+00:00,0.100120,900
2026-01-18T06:15:00+00:00,0.099070,900
2026-01-18T06:30:00+00:00,0.100120,900
2026-01-18T06:45:00+00:00,0.101980,900
2026-01-18T07:00:00+00:00,0.103820,900
2026-01-18T07:15:00+00:00,0.105300,900
2026-01-18T07:30:00+00:00,0.107130,900
2026-01-18T07:45:00+00:00,0.105490,900
2026-01-18T08:00:00+00:00,0.114960,900
2026-01-18T08:15:00+00:00,0.106900,900
2026-01-18T08:30:00+00:00,0.105180,900
2026-01-18T08:45:00+00:00,0.102590,900
2026-01-18T09:00:00+00:00,0.105310,900
2026-01-18T09:15:00+00:00,0.103200,900
2026-01-18T09:30:00+00:00,0.101030,900
2026-01-18T09:45:00+00:00,0.098100,900
2026-01-18T10:00:00+00:00,0.098260,900
2026-01-18T10:15:00+00:00,0.099680,900
2026-01-18T10:30:00+00:00,0.098070,900
2026-01-18T10:45:00+00:00,0.097760,900
2026-01-18T11:00:00+00:00,0.098000,900
2026-01-18T11:15:00+00:00,0.096590,900
2026-01-18T11:30:00+00:00,0.096530,900
2026-01-18T11:45:00+00:00,0.096300,900
2026-01-18T12:00:00+00:00,0.096130,900
2026-01-18T12:15:00+00:00,0.096740,900
2026-01-18T12:30:00+00:00,0.097200,900
2026-01-18T12:45:00+00:00,0.097780,900
2026-01-18T13:00:00+00:00,0.098000,900
2026-01-18T13:15:00+00:00,0.100370,900
2026-01-18T13:30:00+00:00,0.102160,900
2026-01-18T13:45:00+00:00,0.102600,900
2026-01-18T14:00:00+00:00,0.101460,900
2026-01-18T14:15:00+00:00,0.103390,900
2026-01-18T14:30:00+00:00,0.104930,900
2026-01-18T14:45:00+00:00,0.110880,900
2026-01-18T15:00:00+00:00,0.105060,900
2026-01-18T15:15:00+00:00,0.115200,900
2026-01-18T15:30:00+00:00,0.117060,900
2026-01-18T15:45:00+00:00,0.119460,900
2026-01-18T16:00:00+00:00,0.118060,900
2026-01-18T16:15:00+00:00,0.127420,900
2026-01-18T16:30:00+00:00,0.134670,900
2026-01-18T16:45:00+00:00,0.140780,900
2026-01-18T17:00:00+00:00,0.139270,900
2026-01-18T17:15:00+00:00,0.142590,900
2026-01-18T17:30:00+00:00,0.146200,900
2026-01-18T17:45:00+00:00,0.138000,900
2026-01-18T18:00:00+00:00,0.139320,900
2026-01-18T18:15:00+00:00,0.127290,900
2026-01-18T18:30:00+00:00,0.118800,900
2026-01-18T18:45:00+00:00,0.109730,900
2026-01-18T19:00:00+00:00,0.125160,900
2026-01-18T19:15:00+00:00,0.120930,900
2026-01-18T19:30:00+00:00,0.113240,900
2026-01-18T19:45:00+00:00,0.104350,900
2026-01-18T20:00:00+00:00,0.114990,900
2026-01-18T20:15:00+00:00,0.108200,900
2026-01-18T20:30:00+00:00,0.103230,900
2026-01-18T20:45:00+00:00,0.101530,900
2026-01-18T21:00:00+00:00,0.120100,900
2026-01-18T21:15:00+00:00,0.103060,900
2026-01-18T21:30:00+00:00,0.102430,900
2026-01-18T21:45:00+00:00,0.101160,900
2026-01-18T22:00:00+00:00,0.110000,900
2026-01-18T22:15:00+00:00,0.104590,900
2026-01-18T22:30:00+00:00,0.100440,900
2026-01-18T22:45:00+00:00,0.100010,900
2026-01-18T23:00:00+00:00,0.104800,900
2026-01-18T23:15:00+00:00,0.101600,900
2026-01-18T23:30:00+00:00,0.099920,900
2026-01-18T23:45:00+00:00,0.098280,900
2026-01-19T00:00:00+00:00,0.100200,900
2026-01-19T00:15:00+00:00,0.101080,900
2026-01-19T00:30:00+00:00,0.100890,900
2026-01-19T00:45:00+00:00,0.099590,900
2026-01-19T01:00:00+00:00,0.102120,900
2026-01-19T01:15:00+00:00,0.100990,900
2026-01-19T01:30:00+00:00,0.100210,900
2026-01-19T01:45:00+00:00,0.100010,900
2026-01-19T02:00:00+00:00,0.100480,900
2026-01-19T02:15:00+00:00,0.100540,900
2026-01-19T02:30:00+00:00,0.100210,900
2026-01-19T02:45:00+00:00,0.100520,900
2026-01-19T03:00:00+00:00,0.099450,900
2026-01-19T03:15:00+00:00,0.100220,900
2026-01-19T03:30:00+00:00,0.100520,900
2026-01-19T03:45:00+00:00,0.100350,900
2026-01-19T04:00:00+00:00,0.097700,900
2026-01-19T04:15:00+00:00,0.099940,900
2026-01-19T04:30:00+00:00,0.100100,900
2026-01-19T04:45:00+00:00,0.110050,900
2026-01-19T05:00:00+00:00,0.107400,900
2026-01-19T05:15:00+00:00,0.121880,900
2026-01-19T05:30:00+00:00,0.129840,900
2026-01-19T05:45:00+00:00,0.143380,900
2026-01-19T06:00:00+00:00,0.142290,900
2026-01-19T06:15:00+00:00,0.157280,900
2026-01-19T06:30:00+00:00,0.170840,900
2026-01-19T06:45:00+00:00,0.172790,900
2026-01-19T07:00:00+00:00,0.176440,900
2026-01-19T07:15:00+00:00,0.184480,900
2026-01-19T07:30:00+00:00,0.177110,900
2026-01-19T07:45:00+00:00,0.165000,900
2026-01-19T08:00:00+00:00,0.190200,900
2026-01-19T08:15:00+00:00,0.171030,900
2026-01-19T08:30:00+00:00,0.151850,900
2026-01-19T08:45:00+00:00,0.134670,900
2026-01-19T09:00:00+00:00,0.156890,900
2026-01-19T09:15:00+00:00,0.139460,900
2026-01-19T09:30:00+00:00,0.128130,900
2026-01-19T09:45:00+00:00,0.119400,900
2026-01-19T10:00:00+00:00,0.125500,900
2026-01-19T10:15:00+00:00,0.119130,900
2026-01-19T10:30:00+00:00,0.118640,900
2026-01-19T10:45:00+00:00,0.116730,900
2026-01-19T11:00:00+00:00,0.117660,900
2026-01-19T11:15:00+00:00,0.109950,900
2026-01-19T11:30:00+00:00,0.115540,900
2026-01-19T11:45:00+00:00,0.120090,900
2026-01-19T12:00:00+00:00,0.119000,900
2026-01-19T12:15:00+00:00,0.121340,900
2026-01-19T12:30:00+00:00,0.125910,900
2026-01-19T12:45:00+00:00,0.133760,900
2026-01-19T13:00:00+00:00,0.120680,900
2026-01-19T13:15:00+00:00,0.139000,900
2026-01-19T13:30:00+00:00,0.147320,900
2026-01-19T13:45:00+00:00,0.168120,900
2026-01-19T14:00:00+00:00,0.135000,900
2026-01-19T14:15:00+00:00,0.157860,900
2026-01-19T14:30:00+00:00,0.171350,900
2026-01-19T14:45:00+00:00,0.200450,900
2026-01-19T15:00:00+00:00,0.165260,900
2026-01-19T15:15:00+00:00,0.186920,900
2026-01-19T15:30:00+00:00,0.199060,900
2026-01-19T15:45:00+00:00,0.204360,900
2026-01-19T16:00:00+00:00,0.184350,900
2026-01-19T16:15:00+00:00,0.207970,900
2026-01-19T16:30:00+00:00,0.210720,900
2026-01-19T16:45:00+00:00,0.205940,900
2026-01-19T17:00:00+00:00,0.207120,900
2026-01-19T17:15:00+00:00,0.191860,900
2026-01-19T17:30:00+00:00,0.198840,900
2026-01-19T17:45:00+00:00,0.199660,900
2026-01-19T18:00:00+00:00,0.193130,900
2026-01-19T18:15:00+00:00,0.183530,900
2026-01-19T18:30:00+00:00,0.177740,900
2026-01-19T18:45:00+00:00,0.170360,900
2026-01-19T19:00:00+00:00,0.166470,900
2026-01-19T19:15:00+00:00,0.159210,900
2026-01-19T19:30:00+00:00,0.156830,900
2026-01-19T19:45:00+00:00,0.143970,900
2026-01-19T20:00:00+00:00,0.140460,900
2026-01-19T20:15:00+00:00,0.138280,900
2026-01-19T20:30:00+00:00,0.134720,900
2026-01-19T20:45:00+00:00,0.126830,900
2026-01-19T21:00:00+00:00,0.131440,900
2026-01-19T21:15:00+00:00,0.127720,900
2026-01-19T21:30:00+00:00,0.126470,900
2026-01-19T21:45:00+00:00,0.119920,900
2026-01-19T22:00:00+00:00,0.120880,900
2026-01-19T22:15:00+00:00,0.110200,900
2026-01-19T22:30:00+00:00,0.104630,900
2026-01-19T22:45:00+00:00,0.104290,900
2026-01-19T23:00:00+00:00,0.091910,900
2026-01-19T23:15:00+00:00,0.092440,900
2026-01-19T23:30:00+00:00,0.092530,900
2026-01-19T23:45:00+00:00,0.092540,900
2026-01-20T00:00:00+00:00,0.094660,900
2026-01-20T00:15:00+00:00,0.091780,900
2026-01-20T00:30:00+00:00,0.091620,900
2026-01-20T00:45:00+00:00,0.092100,900
2026-01-20T01:00:00+00:00,0.090520,900
2026-01-20T01:15:00+00:00,0.090950,900
2026-01-20T01:30:00+00:00,0.090880,900
2026-01-20T01:45:00+00:00,0.089290,900
2026-01-20T02:00:00+00:00,0.092490,900
2026-01-20T02:15:00+00:00,0.090830,900
2026-01-20T02:30:00+00:00,0.090780,900
2026-01-20T02:45:00+00:00,0.090700,900
2026-01-20T03:00:00+00:00,0.095370,900
2026-01-20T03:15:00+00:00,0.095300,900
2026-01-20T03:30:00+00:00,0.093290,900
2026-01-20T03:45:00+00:00,0.092490,900
2026-01-20T04:00:00+00:00,0.095380,900
2026-01-20T04:15:00+00:00,0.090720,900
2026-01-20T04:30:00+00:00,0.092410,900
2026-01-20T04:45:00+00:00,0.098290,900
2026-01-20T05:00:00+00:00,0.082210,900
2026-01-20T05:15:00+00:00,0.088880,900
2026-01-20T05:30:00+00:00,0.098500,900
2026-01-20T05:45:00+00:00,0.113740,900
2026-01-20T06:00:00+00:00,0.083810,900
2026-01-20T06:15:00+00:00,0.106100,900
2026-01-20T06:30:00+00:00,0.186020,900
2026-01-20T06:45:00+00:00,0.239530,900
2026-01-20T07:00:00+00:00,0.159990,900
2026-01-20T07:15:00+00:00,0.228870,900
2026-01-20T07:30:00+00:00,0.195360,900
2026-01-20T07:45:00+00:00,0.162420,900
2026-01-20T08:00:00+00:00,0.225970,900
2026-01-20T08:15:00+00:00,0.171750,900
2026-01-20T08:30:00+00:00,0.152290,900
2026-01-20T08:45:00+00:00,0.108570,900
2026-01-20T09:00:00+00:00,0.163230,900
2026-01-20T09:15:00+00:00,0.124030,900
2026-01-20T09:30:00+00:00,0.100970,900
2026-01-20T09:45:00+00:00,0.092910,900
2026-01-20T10:00:00+00:00,0.104820,900
2026-01-20T10:15:00+00:00,0.094600,900
2026-01-20T10:30:00+00:00,0.091620,900
2026-01-20T10:45:00+00:00,0.090730,900
2026-01-20T11:00:00+00:00,0.090790,900
2026-01-20T11:15:00+00:00,0.086500,900
2026-01-20T11:30:00+00:00,0.089100,900
2026-01-20T11:45:00+00:00,0.092010,900
2026-01-20T12:00:00+00:00,0.090720,900
2026-01-20T12:15:00+00:00,0.091670,900
2026-01-20T12:30:00+00:00,0.091790,900
2026-01-20T12:45:00+00:00,0.091580,900
2026-01-20T13:00:00+00:00,0.084180,900
2026-01-20T13:15:00+00:00,0.093100,900
2026-01-20T13:30:00+00:00,0.098550,900
2026-01-20T13:45:00+00:00,0.136650,900
2026-01-20T14:00:00+00:00,0.075100,900
2026-01-20T14:15:00+00:00,0.099390,900
2026-01-20T14:30:00+00:00,0.135380,900
2026-01-20T14:45:00+00:00,0.201610,900
2026-01-20T15:00:00+00:00,0.100100,900
2026-01-20T15:15:00+00:00,0.140530,900
2026-01-20T15:30:00+00:00,0.189370,900
2026-01-20T15:45:00+00:00,0.250000,900
2026-01-20T16:00:00+00:00,0.226680,900
2026-01-20T16:15:00+00:00,0.248460,900
2026-01-20T16:30:00+00:00,0.243880,900
2026-01-20T16:45:00+00:00,0.216640,900
2026-01-20T17:00:00+00:00,0.210160,900
2026-01-20T17:15:00+00:00,0.187320,900
2026-01-20T17:30:00+00:00,0.170080,900
2026-01-20T17:45:00+00:00,0.148450,900
2026-01-20T18:00:00+00:00,0.184300,900
2026-01-20T18:15:00+00:00,0.132450,900
2026-01-20T18:30:00+00:00,0.117110,900
2026-01-20T18:45:00+00:00,0.103290,900
2026-01-20T19:00:00+00:00,0.161110,900
2026-01-20T19:15:00+00:00,0.123090,900
2026-01-20T19:30:00+00:00,0.110990,900
2026-01-20T19:45:00+00:00,0.104810,900
2026-01-20T20:00:00+00:00,0.139970,900
2026-01-20T20:15:00+00:00,0.118380,900
2026-01-20T20:30:00+00:00,0.104920,900
2026-01-20T20:45:00+00:00,0.092330,900
2026-01-20T21:00:00+00:00,0.123810,900
2026-01-20T21:15:00+00:00,0.114100,900
2026-01-20T21:30:00+00:00,0.103260,900
2026-01-20T21:45:00+00:00,0.090100,900
2026-01-20T22:00:00+00:00,0.110020,900
2026-01-20T22:15:00+00:00,0.099900,900
2026-01-20T22:30:00+00:00,0.092940,900
2026-01-20T22:45:00+00:00,0.092050,900
2026-01-20T23:00:00+00:00,0.098880,900
2026-01-20T23:15:00+00:00,0.098530,900
2026-01-20T23:30:00+00:00,0.099440,900
2026-01-20T23:45:00+00:00,0.100020,900
2026-01-21T00:00:00+00:00,0.101950,900
2026-01-21T00:15:00+00:00,0.098850,900
2026-01-21T00:30:00+00:00,0.096790,900
2026-01-21T00:45:00+00:00,0.094260,900
2026-01-21T01:00:00+00:00,0.095270,900
2026-01-21T01:15:00+00:00,0.095260,900
2026-01-21T01:30:00+00:00,0.093800,900
2026-01-21T01:45:00+00:00,0.093170,900
2026-01-21T02:00:00+00:00,0.098690,900
2026-01-21T02:15:00+00:00,0.094990,900
2026-01-21T02:30:00+00:00,0.093920,900
2026-01-21T02:45:00+00:00,0.092200,900
2026-01-21T03:00:00+00:00,0.094660,900
2026-01-21T03:15:00+00:00,0.092020,900
2026-01-21T03:30:00+00:00,0.089720,900
2026-01-21T03:45:00+00:00,0.089530,900
2026-01-21T04:00:00+00:00,0.090540,900
2026-01-21T04:15:00+00:00,0.091510,900
2026-01-21T04:30:00+00:00,0.093080,900
2026-01-21T04:45:00+00:00,0.095340,900
2026-01-21T05:00:00+00:00,0.100130,900
2026-01-21T05:15:00+00:00,0.103430,900
2026-01-21T05:30:00+00:00,0.103360,900
2026-01-21T05:45:00+00:00,0.103870,900
2026-01-21T06:00:00+00:00,0.087150,900
2026-01-21T06:15:00+00:00,0.097950,900
2026-01-21T06:30:00+00:00,0.113000,900
2026-01-21T06:45:00+00:00,0.133810,900
2026-01-21T07:00:00+00:00,0.138550,900
2026-01-21T07:15:00+00:00,0.149960,900
2026-01-21T07:30:00+00:00,0.152700,900
2026-01-21T07:45:00+00:00,0.138800,900
2026-01-21T08:00:00+00:00,0.146650,900
2026-01-21T08:15:00+00:00,0.135270,900
2026-01-21T08:30:00+00:00,0.125230,900
2026-01-21T08:45:00+00:00,0.113490,900
2026-01-21T09:00:00+00:00,0.133750,900
2026-01-21T09:15:00+00:00,0.111250,900
2026-01-21T09:30:00+00:00,0.101410,900
2026-01-21T09:45:00+00:00,0.098600,900
2026-01-21T10:00:00+00:00,0.100170,900
2026-01-21T10:15:00+00:00,0.097840,900
2026-01-21T10:30:00+00:00,0.095530,900
2026-01-21T10:45:00+00:00,0.094860,900
2026-01-21T11:00:00+00:00,0.093870,900
2026-01-21T11:15:00+00:00,0.093370,900
2026-01-21T11:30:00+00:00,0.093570,900
2026-01-21T11:45:00+00:00,0.094210,900
2026-01-21T12:00:00+00:00,0.095650,900
2026-01-21T12:15:00+00:00,0.096010,900
2026-01-21T12:30:00+00:00,0.096040,900
2026-01-21T12:45:00+00:00,0.099730,900
2026-01-21T13:00:00+00:00,0.098080,900
2026-01-21T13:15:00+00:00,0.099420,900
2026-01-21T13:30:00+00:00,0.103020,900
2026-01-21T13:45:00+00:00,0.111840,900
2026-01-21T14:00:00+00:00,0.103160,900
2026-01-21T14:15:00+00:00,0.119460,900
2026-01-21T14:30:00+00:00,0.128270,900
2026-01-21T14:45:00+00:00,0.141360,900
2026-01-21T15:00:00+00:00,0.112890,900
2026-01-21T15:15:00+00:00,0.127000,900
2026-01-21T15:30:00+00:00,0.137110,900
2026-01-21T15:45:00+00:00,0.145000,900
2026-01-21T16:00:00+00:00,0.123210,900
2026-01-21T16:15:00+00:00,0.133580,900
2026-01-21T16:30:00+00:00,0.132510,900
2026-01-21T16:45:00+00:00,0.126820,900
2026-01-21T17:00:00+00:00,0.141040,900
2026-01-21T17:15:00+00:00,0.119180,900
2026-01-21T17:30:00+00:00,0.112530,900
2026-01-21T17:45:00+00:00,0.107650,900
2026-01-21T18:00:00+00:00,0.113470,900
2026-01-21T18:15:00+00:00,0.109010,900
2026-01-21T18:30:00+00:00,0.105320,900
2026-01-21T18:45:00+00:00,0.099960,900
2026-01-21T19:00:00+00:00,0.110100,900
2026-01-21T19:15:00+00:00,0.103270,900
2026-01-21T19:30:00+00:00,0.100200,900
2026-01-21T19:45:00+00:00,0.099890,900
2026-01-21T20:00:00+00:00,0.100200,900
2026-01-21T20:15:00+00:00,0.100080,900
2026-01-21T20:30:00+00:00,0.099710,900
2026-01-21T20:45:00+00:00,0.093140,900
2026-01-21T21:00:00+00:00,0.110260,900
2026-01-21T21:15:00+00:00,0.103650,900
2026-01-21T21:30:00+00:00,0.099000,900
2026-01-21T21:45:00+00:00,0.096690,900
2026-01-21T22:00:00+00:00,0.103060,900
2026-01-21T22:15:00+00:00,0.095760,900
2026-01-21T22:30:00+00:00,0.093720,900
2026-01-21T22:45:00+00:00,0.091980,900
2026-01-21T23:00:00+00:00,0.088030,900
2026-01-21T23:15:00+00:00,0.088420,900
2026-01-21T23:30:00+00:00,0.085730,900
2026-01-21T23:45:00+00:00,0.080920,900
2026-01-22T00:00:00+00:00,0.089890,900
2026-01-22T00:15:00+00:00,0.088530,900
2026-01-22T00:30:00+00:00,0.087720,900
2026-01-22T00:45:00+00:00,0.086000,900
2026-01-22T01:00:00+00:00,0.090180,900
2026-01-22T01:15:00+00:00,0.090090,900
2026-01-22T01:30:00+00:00,0.089980,900
2026-01-22T01:45:00+00:00,0.084570,900
2026-01-22T02:00:00+00:00,0.085430,900
2026-01-22T02:15:00+00:00,0.083650,900
2026-01-22T02:30:00+00:00,0.083470,900
2026-01-22T02:45:00+00:00,0.083820,900
2026-01-22T03:00:00+00:00,0.083860,900
2026-01-22T03:15:00+00:00,0.083610,900
2026-01-22T03:30:00+00:00,0.085060,900
2026-01-22T03:45:00+00:00,0.085960,900
2026-01-22T04:00:00+00:00,0.084860,900
2026-01-22T04:15:00+00:00,0.082980,900
2026-01-22T04:30:00+00:00,0.084890,900
2026-01-22T04:45:00+00:00,0.091800,900
2026-01-22T05:00:00+00:00,0.085230,900
2026-01-22T05:15:00+00:00,0.088730,900
2026-01-22T05:30:00+00:00,0.101370,900
2026-01-22T05:45:00+00:00,0.111260,900
2026-01-22T06:00:00+00:00,0.097350,900
2026-01-22T06:15:00+00:00,0.104820,900
2026-01-22T06:30:00+00:00,0.106400,900
2026-01-22T06:45:00+00:00,0.119130,900
2026-01-22T07:00:00+00:00,0.135010,900
2026-01-22T07:15:00+00:00,0.143180,900
2026-01-22T07:30:00+00:00,0.128970,900
2026-01-22T07:45:00+00:00,0.122180,900
2026-01-22T08:00:00+00:00,0.127500,900
2026-01-22T08:15:00+00:00,0.115670,900
2026-01-22T08:30:00+00:00,0.112610,900
2026-01-22T08:45:00+00:00,0.100000,900
2026-01-22T09:00:00+00:00,0.109020,900
2026-01-22T09:15:00+00:00,0.098590,900
2026-01-22T09:30:00+00:00,0.098330,900
2026-01-22T09:45:00+00:00,0.094340,900
2026-01-22T10:00:00+00:00,0.091500,900
2026-01-22T10:15:00+00:00,0.089740,900
2026-01-22T10:30:00+00:00,0.089940,900
2026-01-22T10:45:00+00:00,0.087450,900
2026-01-22T11:00:00+00:00,0.090730,900
2026-01-22T11:15:00+00:00,0.087010,900
2026-01-22T11:30:00+00:00,0.086530,900
2026-01-22T11:45:00+00:00,0.085880,900
2026-01-22T12:00:00+00:00,0.089940,900
2026-01-22T12:15:00+00:00,0.090760,900
2026-01-22T12:30:00+00:00,0.090060,900
2026-01-22T12:45:00+00:00,0.090170,900
2026-01-22T13:00:00+00:00,0.090670,900
2026-01-22T13:15:00+00:00,0.097090,900
2026-01-22T13:30:00+00:00,0.096870,900
2026-01-22T13:45:00+00:00,0.101490,900
2026-01-22T14:00:00+00:00,0.095830,900
2026-01-22T14:15:00+00:00,0.101880,900
2026-01-22T14:30:00+00:00,0.108250,900
2026-01-22T14:45:00+00:00,0.113860,900
2026-01-22T15:00:00+00:00,0.110070,900
2026-01-22T15:15:00+00:00,0.123160,900
2026-01-22T15:30:00+00:00,0.136940,900
2026-01-22T15:45:00+00:00,0.127610,900
2026-01-22T16:00:00+00:00,0.123630,900
2026-01-22T16:15:00+00:00,0.131920,900
2026-01-22T16:30:00+00:00,0.136640,900
2026-01-22T16:45:00+00:00,0.134980,900
2026-01-22T17:00:00+00:00,0.126390,900
2026-01-22T17:15:00+00:00,0.127390,900
2026-01-22T17:30:00+00:00,0.127420,900
2026-01-22T17:45:00+00:00,0.130000,900
2026-01-22T18:00:00+00:00,0.128650,900
2026-01-22T18:15:00+00:00,0.120000,900
2026-01-22T18:30:00+00:00,0.122670,900
2026-01-22T18:45:00+00:00,0.112810,900
2026-01-22T19:00:00+00:00,0.115910,900
2026-01-22T19:15:00+00:00,0.108310,900
2026-01-22T19:30:00+00:00,0.108100,900
2026-01-22T19:45:00+00:00,0.106140,900
2026-01-22T20:00:00+00:00,0.120330,900
2026-01-22T20:15:00+00:00,0.108040,900
2026-01-22T20:30:00+00:00,0.101840,900
2026-01-22T20:45:00+00:00,0.097440,900
2026-01-22T21:00:00+00:00,0.102680,900
2026-01-22T21:15:00+00:00,0.101910,900
2026-01-22T21:30:00+00:00,0.108950,900
2026-01-22T21:45:00+00:00,0.098630,900
2026-01-22T22:00:00+00:00,0.102670,900
2026-01-22T22:15:00+00:00,0.096560,900
2026-01-22T22:30:00+00:00,0.099450,900
2026-01-22T22:45:00+00:00,0.090460,900
2026-01-22T23:00:00+00:00,0.099420,900
2026-01-22T23:15:00+00:00,0.097790,900
2026-01-22T23:30:00+00:00,0.096920,900
2026-01-22T23:45:00+00:00,0.095310,900
2026-01-23T00:00:00+00:00,0.100060,900
2026-01-23T00:15:00+00:00,0.096620,900
2026-01-23T00:30:00+00:00,0.097250,900
2026-01-23T00:45:00+00:00,0.095730,900
2026-01-23T01:00:00+00:00,0.098950,900
2026-01-23T01:15:00+00:00,0.094400,900
2026-01-23T01:30:00+00:00,0.093870,900
2026-01-23T01:45:00+00:00,0.092250,900
2026-01-23T02:00:00+00:00,0.095100,900
2026-01-23T02:15:00+00:00,0.091560,900
2026-01-23T02:30:00+00:00,0.091910,900
2026-01-23T02:45:00+00:00,0.092670,900
2026-01-23T03:00:00+00:00,0.092500,900
2026-01-23T03:15:00+00:00,0.090350,900
2026-01-23T03:30:00+00:00,0.093750,900
2026-01-23T03:45:00+00:00,0.095400,900
2026-01-23T04:00:00+00:00,0.094870,900
2026-01-23T04:15:00+00:00,0.094830,900
2026-01-23T04:30:00+00:00,0.096330,900
2026-01-23T04:45:00+00:00,0.096910,900
2026-01-23T05:00:00+00:00,0.097660,900
2026-01-23T05:15:00+00:00,0.104150,900
2026-01-23T05:30:00+00:00,0.112680,900
2026-01-23T05:45:00+00:00,0.113910,900
2026-01-23T06:00:00+00:00,0.114200,900
2026-01-23T06:15:00+00:00,0.119980,900
2026-01-23T06:30:00+00:00,0.131050,900
2026-01-23T06:45:00+00:00,0.143130,900
2026-01-23T07:00:00+00:00,0.149040,900
2026-01-23T07:15:00+00:00,0.153500,900
2026-01-23T07:30:00+00:00,0.147820,900
2026-01-23T07:45:00+00:00,0.137410,900
2026-01-23T08:00:00+00:00,0.160470,900
2026-01-23T08:15:00+00:00,0.145060,900
2026-01-23T08:30:00+00:00,0.139610,900
2026-01-23T08:45:00+00:00,0.117650,900
2026-01-23T09:00:00+00:00,0.132910,900
2026-01-23T09:15:00+00:00,0.116980,900
2026-01-23T09:30:00+00:00,0.110950,900
2026-01-23T09:45:00+00:00,0.103140,900
2026-01-23T10:00:00+00:00,0.105100,900
2026-01-23T10:15:00+00:00,0.103070,900
2026-01-23T10:30:00+00:00,0.101760,900
2026-01-23T10:45:00+00:00,0.100410,900
2026-01-23T11:00:00+00:00,0.100750,900
2026-01-23T11:15:00+00:00,0.099170,900
2026-01-23T11:30:00+00:00,0.098690,900
2026-01-23T11:45:00+00:00,0.098320,900
2026-01-23T12:00:00+00:00,0.097590,900
2026-01-23T12:15:00+00:00,0.097320,900
2026-01-23T12:30:00+00:00,0.096500,900
2026-01-23T12:45:00+00:00,0.096420,900
2026-01-23T13:00:00+00:00,0.095950,900
2026-01-23T13:15:00+00:00,0.096530,900
2026-01-23T13:30:00+00:00,0.096410,900
2026-01-23T13:45:00+00:00,0.098370,900
2026-01-23T14:00:00+00:00,0.096960,900
2026-01-23T14:15:00+00:00,0.100900,900
2026-01-23T14:30:00+00:00,0.110530,900
2026-01-23T14:45:00+00:00,0.120400,900
2026-01-23T15:00:00+00:00,0.108400,900
2026-01-23T15:15:00+00:00,0.120240,900
2026-01-23T15:30:00+00:00,0.124920,900
2026-01-23T15:45:00+00:00,0.129870,900
2026-01-23T16:00:00+00:00,0.128970,900
2026-01-23T16:15:00+00:00,0.134670,900
2026-01-23T16:30:00+00:00,0.135390,900
2026-01-23T16:45:00+00:00,0.134480,900
2026-01-23T17:00:00+00:00,0.127920,900
2026-01-23T17:15:00+00:00,0.125480,900
2026-01-23T17:30:00+00:00,0.124730,900
2026-01-23T17:45:00+00:00,0.129940,900
2026-01-23T18:00:00+00:00,0.124850,900
2026-01-23T18:15:00+00:00,0.116830,900
2026-01-23T18:30:00+00:00,0.113350,900
2026-01-23T18:45:00+00:00,0.109760,900
2026-01-23T19:00:00+00:00,0.112960,900
2026-01-23T19:15:00+00:00,0.107850,900
2026-01-23T19:30:00+00:00,0.105260,900
2026-01-23T19:45:00+00:00,0.102690,900
2026-01-23T20:00:00+00:00,0.109330,900
2026-01-23T20:15:00+00:00,0.106510,900
2026-01-23T20:30:00+00:00,0.103140,900
2026-01-23T20:45:00+00:00,0.099280,900
2026-01-23T21:00:00+00:00,0.105790,900
2026-01-23T21:15:00+00:00,0.102300,900
2026-01-23T21:30:00+00:00,0.106890,900
2026-01-23T21:45:00+00:00,0.104390,900
2026-01-23T22:00:00+00:00,0.099240,900
2026-01-23T22:15:00+00:00,0.096330,900
2026-01-23T22:30:00+00:00,0.097420,900
2026-01-23T22:45:00+00:00,0.095300,900
2026-01-23T23:00:00+00:00,0.104390,900
2026-01-23T23:15:00+00:00,0.101580,900
2026-01-23T23:30:00+00:00,0.098870,900
2026-01-23T23:45:00+00:00,0.094660,900
2026-01-24T00:00:00+00:00,0.103080,900
2026-01-24T00:15:00+00:00,0.098640,900
2026-01-24T00:30:00+00:00,0.097440,900
2026-01-24T00:45:00+00:00,0.096920,900
2026-01-24T01:00:00+00:00,0.097610,900
2026-01-24T01:15:00+00:00,0.097720,900
2026-01-24T01:30:00+00:00,0.097640,900
2026-01-24T01:45:00+00:00,0.096880,900
2026-01-24T02:00:00+00:00,0.097360,900
2026-01-24T02:15:00+00:00,0.098170,900
2026-01-24T02:30:00+00:00,0.097420,900
2026-01-24T02:45:00+00:00,0.097450,900
2026-01-24T03:00:00+00:00,0.097950,900
2026-01-24T03:15:00+00:00,0.096610,900
2026-01-24T03:30:00+00:00,0.096580,900
2026-01-24T03:45:00+00:00,0.097190,900
2026-01-24T04:00:00+00:00,0.097110,900
2026-01-24T04:15:00+00:00,0.098100,900
2026-01-24T04:30:00+00:00,0.098320,900
2026-01-24T04:45:00+00:00,0.099800,900
2026-01-24T05:00:00+00:00,0.095950,900
2026-01-24T05:15:00+00:00,0.099980,900
2026-01-24T05:30:00+00:00,0.100410,900
2026-01-24T05:45:00+00:00,0.101580,900
2026-01-24T06:00:00+00:00,0.102520,900
2026-01-24T06:15:00+00:00,0.102850,900
2026-01-24T06:30:00+00:00,0.104260,900
2026-01-24T06:45:00+00:00,0.105740,900
2026-01-24T07:00:00+00:00,0.109670,900
2026-01-24T07:15:00+00:00,0.110180,900
2026-01-24T07:30:00+00:00,0.112260,900
2026-01-24T07:45:00+00:00,0.112900,900
2026-01-24T08:00:00+00:00,0.125150,900
2026-01-24T08:15:00+00:00,0.126300,900
2026-01-24T08:30:00+00:00,0.121170,900
2026-01-24T08:45:00+00:00,0.118670,900
2026-01-24T09:00:00+00:00,0.135460,900
2026-01-24T09:15:00+00:00,0.120600,900
2026-01-24T09:30:00+00:00,0.116080,900
2026-01-24T09:45:00+00:00,0.106690,900
2026-01-24T10:00:00+00:00,0.115360,900
2026-01-24T10:15:00+00:00,0.110750,900
2026-01-24T10:30:00+00:00,0.110330,900
2026-01-24T10:45:00+00:00,0.107040,900
2026-01-24T11:00:00+00:00,0.108950,900
2026-01-24T11:15:00+00:00,0.107350,900
2026-01-24T11:30:00+00:00,0.107020,900
2026-01-24T11:45:00+00:00,0.104290,900
2026-01-24T12:00:00+00:00,0.103780,900
2026-01-24T12:15:00+00:00,0.101840,900
2026-01-24T12:30:00+00:00,0.101640,900
2026-01-24T12:45:00+00:00,0.100800,900
2026-01-24T13:00:00+00:00,0.101670,900
2026-01-24T13:15:00+00:00,0.102490,900
2026-01-24T13:30:00+00:00,0.104310,900
2026-01-24T13:45:00+00:00,0.108200,900
2026-01-24T14:00:00+00:00,0.103910,900
2026-01-24T14:15:00+00:00,0.111160,900
2026-01-24T14:30:00+00:00,0.122580,900
2026-01-24T14:45:00+00:00,0.128370,900
2026-01-24T15:00:00+00:00,0.114550,900
2026-01-24T15:15:00+00:00,0.123910,900
2026-01-24T15:30:00+00:00,0.136360,900
2026-01-24T15:45:00+00:00,0.136630,900
2026-01-24T16:00:00+00:00,0.135030,900
2026-01-24T16:15:00+00:00,0.142310,900
2026-01-24T16:30:00+00:00,0.144820,900
2026-01-24T16:45:00+00:00,0.145300,900
2026-01-24T17:00:00+00:00,0.141860,900
2026-01-24T17:15:00+00:00,0.143580,900
2026-01-24T17:30:00+00:00,0.139370,900
2026-01-24T17:45:00+00:00,0.134110,900
2026-01-24T18:00:00+00:00,0.139180,900
2026-01-24T18:15:00+00:00,0.134990,900
2026-01-24T18:30:00+00:00,0.130180,900
2026-01-24T18:45:00+00:00,0.123400,900
2026-01-24T19:00:00+00:00,0.129670,900
2026-01-24T19:15:00+00:00,0.122230,900
2026-01-24T19:30:00+00:00,0.113040,900
2026-01-24T19:45:00+00:00,0.109030,900
2026-01-24T20:00:00+00:00,0.112550,900
2026-01-24T20:15:00+00:00,0.111800,900
2026-01-24T20:30:00+00:00,0.109740,900
2026-01-24T20:45:00+00:00,0.107320,900
2026-01-24T21:00:00+00:00,0.111150,900
2026-01-24T21:15:00+00:00,0.108110,900
2026-01-24T21:30:00+00:00,0.112230,900
2026-01-24T21:45:00+00:00,0.109110,900
2026-01-24T22:00:00+00:00,0.107250,900
2026-01-24T22:15:00+00:00,0.104060,900
2026-01-24T22:30:00+00:00,0.103650,900
2026-01-24T22:45:00+00:00,0.100940,900
2026-01-24T23:00:00+00:00,0.101500,900
2026-01-24T23:15:00+00:00,0.102320,900
2026-01-24T23:30:00+00:00,0.100700,900
2026-01-24T23:45:00+00:00,0.098000,900
2026-01-25T00:00:00+00:00,0.102210,900
2026-01-25T00:15:00+00:00,0.100950,900
2026-01-25T00:30:00+00:00,0.102000,900
2026-01-25T00:45:00+00:00,0.100000,900
2026-01-25T01:00:00+00:00,0.101540,900
2026-01-25T01:15:00+00:00,0.099680,900
2026-01-25T01:30:00+00:00,0.099550,900
2026-01-25T01:45:00+00:00,0.098280,900
2026-01-25T02:00:00+00:00,0.100570,900
2026-01-25T02:15:00+00:00,0.098630,900
2026-01-25T02:30:00+00:00,0.098950,900
2026-01-25T02:45:00+00:00,0.096150,900
2026-01-25T03:00:00+00:00,0.099600,900
2026-01-25T03:15:00+00:00,0.099450,900
2026-01-25T03:30:00+00:00,0.097040,900
2026-01-25T03:45:00+00:00,0.096150,900
2026-01-25T04:00:00+00:00,0.095930,900
2026-01-25T04:15:00+00:00,0.096240,900
2026-01-25T04:30:00+00:00,0.097260,900
2026-01-25T04:45:00+00:00,0.096310,900
2026-01-25T05:00:00+00:00,0.096420,900
2026-01-25T05:15:00+00:00,0.097090,900
2026-01-25T05:30:00+00:00,0.097590,900
2026-01-25T05:45:00+00:00,0.097840,900
2026-01-25T06:00:00+00:00,0.098130,900
2026-01-25T06:15:00+00:00,0.099600,900
2026-01-25T06:30:00+00:00,0.102300,900
2026-01-25T06:45:00+00:00,0.102890,900
2026-01-25T07:00:00+00:00,0.101590,900
2026-01-25T07:15:00+00:00,0.103190,900
2026-01-25T07:30:00+00:00,0.104780,900
2026-01-25T07:45:00+00:00,0.104840,900
2026-01-25T08:00:00+00:00,0.108220,900
2026-01-25T08:15:00+00:00,0.107820,900
2026-01-25T08:30:00+00:00,0.106380,900
2026-01-25T08:45:00+00:00,0.104130,900
2026-01-25T09:00:00+00:00,0.112770,900
2026-01-25T09:15:00+00:00,0.113330,900
2026-01-25T09:30:00+00:00,0.109620,900
2026-01-25T09:45:00+00:00,0.108900,900
2026-01-25T10:00:00+00:00,0.115440,900
2026-01-25T10:15:00+00:00,0.113410,900
2026-01-25T10:30:00+00:00,0.114310,900
2026-01-25T10:45:00+00:00,0.112130,900
2026-01-25T11:00:00+00:00,0.118900,900
2026-01-25T11:15:00+00:00,0.114970,900
2026-01-25T11:30:00+00:00,0.119840,900
2026-01-25T11:45:00+00:00,0.116430,900
2026-01-25T12:00:00+00:00,0.119870,900
2026-01-25T12:15:00+00:00,0.114220,900
2026-01-25T12:30:00+00:00,0.108690,900
2026-01-25T12:45:00+00:00,0.108770,900
2026-01-25T13:00:00+00:00,0.109850,900
2026-01-25T13:15:00+00:00,0.109800,900
2026-01-25T13:30:00+00:00,0.110560,900
2026-01-25T13:45:00+00:00,0.115360,900
2026-01-25T14:00:00+00:00,0.107600,900
2026-01-25T14:15:00+00:00,0.109300,900
2026-01-25T14:30:00+00:00,0.113270,900
2026-01-25T14:45:00+00:00,0.116840,900
2026-01-25T15:00:00+00:00,0.107790,900
2026-01-25T15:15:00+00:00,0.111730,900
2026-01-25T15:30:00+00:00,0.120380,900
2026-01-25T15:45:00+00:00,0.127700,900
2026-01-25T16:00:00+00:00,0.123200,900
2026-01-25T16:15:00+00:00,0.130130,900
2026-01-25T16:30:00+00:00,0.133100,900
2026-01-25T16:45:00+00:00,0.134020,900
2026-01-25T17:00:00+00:00,0.138830,900
2026-01-25T17:15:00+00:00,0.138480,900
2026-01-25T17:30:00+00:00,0.137970,900
2026-01-25T17:45:00+00:00,0.133370,900
2026-01-25T18:00:00+00:00,0.136740,900
2026-01-25T18:15:00+00:00,0.133130,900
2026-01-25T18:30:00+00:00,0.130770,900
2026-01-25T18:45:00+00:00,0.129660,900
2026-01-25T19:00:00+00:00,0.132130,900
2026-01-25T19:15:00+00:00,0.129190,900
2026-01-25T19:30:00+00:00,0.120890,900
2026-01-25T19:45:00+00:00,0.113270,900
2026-01-25T20:00:00+00:00,0.120370,900
2026-01-25T20:15:00+00:00,0.116530,900
2026-01-25T20:30:00+00:00,0.111850,900
2026-01-25T20:45:00+00:00,0.107340,900
2026-01-25T21:00:00+00:00,0.119050,900
2026-01-25T21:15:00+00:00,0.112790,900
2026-01-25T21:30:00+00:00,0.109470,900
2026-01-25T21:45:00+00:00,0.106460,900
2026-01-25T22:00:00+00:00,0.108300,900
2026-01-25T22:15:00+00:00,0.104760,900
2026-01-25T22:30:00+00:00,0.102740,900
2026-01-25T22:45:00+00:00,0.102160,900
2026-01-25T23:00:00+00:00,0.109760,900
2026-01-25T23:15:00+00:00,0.105420,900
2026-01-25T23:30:00+00:00,0.101110,900
2026-01-25T23:45:00+00:00,0.099410,900
2026-01-26T00:00:00+00:00,0.104800,900
2026-01-26T00:15:00+00:00,0.102040,900
2026-01-26T00:30:00+00:00,0.101880,900
2026-01-26T00:45:00+00:00,0.101280,900
2026-01-26T01:00:00+00:00,0.101850,900
2026-01-26T01:15:00+00:00,0.101460,900
2026-01-26T01:30:00+00:00,0.096920,900
2026-01-26T01:45:00+00:00,0.097790,900
2026-01-26T02:00:00+00:00,0.095440,900
2026-01-26T02:15:00+00:00,0.096380,900
2026-01-26T02:30:00+00:00,0.100100,900
2026-01-26T02:45:00+00:00,0.099490,900
2026-01-26T03:00:00+00:00,0.095800,900
2026-01-26T03:15:00+00:00,0.095020,900
2026-01-26T03:30:00+00:00,0.097250,900
2026-01-26T03:45:00+00:00,0.095300,900
2026-01-26T04:00:00+00:00,0.093640,900
2026-01-26T04:15:00+00:00,0.094200,900
2026-01-26T04:30:00+00:00,0.099480,900
2026-01-26T04:45:00+00:00,0.101010,900
2026-01-26T05:00:00+00:00,0.103550,900
2026-01-26T05:15:00+00:00,0.109750,900
2026-01-26T05:30:00+00:00,0.113230,900
2026-01-26T05:45:00+00:00,0.129620,900
2026-01-26T06:00:00+00:00,0.117860,900
2026-01-26T06:15:00+00:00,0.131620,900
2026-01-26T06:30:00+00:00,0.144690,900
2026-01-26T06:45:00+00:00,0.164500,900
2026-01-26T07:00:00+00:00,0.163360,900
2026-01-26T07:15:00+00:00,0.176440,900
2026-01-26T07:30:00+00:00,0.183350,900
2026-01-26T07:45:00+00:00,0.172660,900
2026-01-26T08:00:00+00:00,0.191500,900
2026-01-26T08:15:00+00:00,0.184180,900
2026-01-26T08:30:00+00:00,0.169220,900
2026-01-26T08:45:00+00:00,0.156440,900
2026-01-26T09:00:00+00:00,0.186820,900
2026-01-26T09:15:00+00:00,0.178790,900
2026-01-26T09:30:00+00:00,0.171790,900
2026-01-26T09:45:00+00:00,0.155310,900
2026-01-26T10:00:00+00:00,0.171790,900
2026-01-26T10:15:00+00:00,0.162130,900
2026-01-26T10:30:00+00:00,0.154420,900
2026-01-26T10:45:00+00:00,0.153490,900
2026-01-26T11:00:00+00:00,0.162980,900
2026-01-26T11:15:00+00:00,0.152050,900
2026-01-26T11:30:00+00:00,0.146640,900
2026-01-26T11:45:00+00:00,0.139250,900
2026-01-26T12:00:00+00:00,0.151820,900
2026-01-26T12:15:00+00:00,0.141510,900
2026-01-26T12:30:00+00:00,0.140290,900
2026-01-26T12:45:00+00:00,0.134100,900
2026-01-26T13:00:00+00:00,0.135820,900
2026-01-26T13:15:00+00:00,0.141700,900
2026-01-26T13:30:00+00:00,0.140550,900
2026-01-26T13:45:00+00:00,0.144860,900
2026-01-26T14:00:00+00:00,0.142700,900
2026-01-26T14:15:00+00:00,0.145470,900
2026-01-26T14:30:00+00:00,0.157930,900
2026-01-26T14:45:00+00:00,0.168100,900
2026-01-26T15:00:00+00:00,0.143750,900
2026-01-26T15:15:00+00:00,0.149190,900
2026-01-26T15:30:00+00:00,0.167510,900
2026-01-26T15:45:00+00:00,0.190340,900
2026-01-26T16:00:00+00:00,0.152120,900
2026-01-26T16:15:00+00:00,0.170500,900
2026-01-26T16:30:00+00:00,0.192140,900
2026-01-26T16:45:00+00:00,0.200030,900
2026-01-26T17:00:00+00:00,0.181740,900
2026-01-26T17:15:00+00:00,0.174790,900
2026-01-26T17:30:00+00:00,0.178590,900
2026-01-26T17:45:00+00:00,0.170740,900
2026-01-26T18:00:00+00:00,0.182470,900
2026-01-26T18:15:00+00:00,0.176320,900
2026-01-26T18:30:00+00:00,0.160320,900
2026-01-26T18:45:00+00:00,0.145840,900
2026-01-26T19:00:00+00:00,0.163980,900
2026-01-26T19:15:00+00:00,0.149040,900
2026-01-26T19:30:00+00:00,0.148360,900
2026-01-26T19:45:00+00:00,0.139850,900
2026-01-26T20:00:00+00:00,0.146660,900
2026-01-26T20:15:00+00:00,0.137390,900
2026-01-26T20:30:00+00:00,0.137240,900
2026-01-26T20:45:00+00:00,0.114130,900
2026-01-26T21:00:00+00:00,0.135580,900
2026-01-26T21:15:00+00:00,0.120030,900
2026-01-26T21:30:00+00:00,0.113750,900
2026-01-26T21:45:00+00:00,0.109280,900
2026-01-26T22:00:00+00:00,0.117700,900
2026-01-26T22:15:00+00:00,0.114160,900
2026-01-26T22:30:00+00:00,0.107720,900
2026-01-26T22:45:00+00:00,0.102060,900
2026-01-26T23:00:00+00:00,0.123090,900
2026-01-26T23:15:00+00:00,0.116810,900
2026-01-26T23:30:00+00:00,0.113300,900
2026-01-26T23:45:00+00:00,0.107250,900
2026-01-27T00:00:00+00:00,0.115860,900
2026-01-27T00:15:00+00:00,0.111020,900
2026-01-27T00:30:00+00:00,0.109690,900
2026-01-27T00:45:00+00:00,0.101520,900
2026-01-27T01:00:00+00:00,0.110100,900
2026-01-27T01:15:00+00:00,0.105800,900
2026-01-27T01:30:00+00:00,0.101950,900
2026-01-27T01:45:00+00:00,0.101750,900
2026-01-27T02:00:00+00:00,0.101140,900
2026-01-27T02:15:00+00:00,0.099020,900
2026-01-27T02:30:00+00:00,0.098290,900
2026-01-27T02:45:00+00:00,0.097550,900
2026-01-27T03:00:00+00:00,0.096980,900
2026-01-27T03:15:00+00:00,0.096600,900
2026-01-27T03:30:00+00:00,0.096400,900
2026-01-27T03:45:00+00:00,0.096970,900
2026-01-27T04:00:00+00:00,0.095690,900
2026-01-27T04:15:00+00:00,0.096860,900
2026-01-27T04:30:00+00:00,0.100440,900
2026-01-27T04:45:00+00:00,0.100890,900
2026-01-27T05:00:00+00:00,0.098390,900
2026-01-27T05:15:00+00:00,0.100700,900
2026-01-27T05:30:00+00:00,0.106470,900
2026-01-27T05:45:00+00:00,0.106680,900
2026-01-27T06:00:00+00:00,0.101570,900
2026-01-27T06:15:00+00:00,0.106100,900
2026-01-27T06:30:00+00:00,0.116460,900
2026-01-27T06:45:00+00:00,0.140610,900
2026-01-27T07:00:00+00:00,0.149660,900
2026-01-27T07:15:00+00:00,0.148500,900
2026-01-27T07:30:00+00:00,0.136270,900
2026-01-27T07:45:00+00:00,0.133510,900
2026-01-27T08:00:00+00:00,0.150000,900
2026-01-27T08:15:00+00:00,0.146740,900
2026-01-27T08:30:00+00:00,0.147150,900
2026-01-27T08:45:00+00:00,0.132870,900
2026-01-27T09:00:00+00:00,0.161850,900
2026-01-27T09:15:00+00:00,0.146140,900
2026-01-27T09:30:00+00:00,0.132050,900
2026-01-27T09:45:00+00:00,0.125960,900
2026-01-27T10:00:00+00:00,0.137200,900
2026-01-27T10:15:00+00:00,0.129800,900
2026-01-27T10:30:00+00:00,0.127740,900
2026-01-27T10:45:00+00:00,0.115340,900
2026-01-27T11:00:00+00:00,0.123740,900
2026-01-27T11:15:00+00:00,0.120200,900
2026-01-27T11:30:00+00:00,0.116110,900
2026-01-27T11:45:00+00:00,0.109540,900
2026-01-27T12:00:00+00:00,0.109520,900
2026-01-27T12:15:00+00:00,0.106080,900
2026-01-27T12:30:00+00:00,0.103510,900
2026-01-27T12:45:00+00:00,0.108890,900
2026-01-27T13:00:00+00:00,0.099000,900
2026-01-27T13:15:00+00:00,0.103510,900
2026-01-27T13:30:00+00:00,0.105060,900
2026-01-27T13:45:00+00:00,0.104420,900
2026-01-27T14:00:00+00:00,0.100640,900
2026-01-27T14:15:00+00:00,0.102250,900
2026-01-27T14:30:00+00:00,0.103550,900
2026-01-27T14:45:00+00:00,0.111770,900
2026-01-27T15:00:00+00:00,0.095720,900
2026-01-27T15:15:00+00:00,0.102280,900
2026-01-27T15:30:00+00:00,0.110000,900
2026-01-27T15:45:00+00:00,0.126000,900
2026-01-27T16:00:00+00:00,0.105630,900
2026-01-27T16:15:00+00:00,0.121690,900
2026-01-27T16:30:00+00:00,0.136680,900
2026-01-27T16:45:00+00:00,0.134400,900
2026-01-27T17:00:00+00:00,0.133170,900
2026-01-27T17:15:00+00:00,0.135430,900
2026-01-27T17:30:00+00:00,0.143640,900
2026-01-27T17:45:00+00:00,0.150920,900
2026-01-27T18:00:00+00:00,0.148500,900
2026-01-27T18:15:00+00:00,0.137670,900
2026-01-27T18:30:00+00:00,0.135180,900
2026-01-27T18:45:00+00:00,0.127430,900
2026-01-27T19:00:00+00:00,0.134380,900
2026-01-27T19:15:00+00:00,0.123240,900
2026-01-27T19:30:00+00:00,0.115880,900
2026-01-27T19:45:00+00:00,0.112850,900
2026-01-27T20:00:00+00:00,0.117980,900
2026-01-27T20:15:00+00:00,0.118800,900
2026-01-27T20:30:00+00:00,0.122130,900
2026-01-27T20:45:00+00:00,0.115690,900
2026-01-27T21:00:00+00:00,0.121240,900
2026-01-27T21:15:00+00:00,0.116420,900
2026-01-27T21:30:00+00:00,0.122180,900
2026-01-27T21:45:00+00:00,0.117720,900
2026-01-27T22:00:00+00:00,0.117970,900
2026-01-27T22:15:00+00:00,0.110580,900
2026-01-27T22:30:00+00:00,0.109800,900
2026-01-27T22:45:00+00:00,0.105700,900
2026-01-27T23:00:00+00:00,0.110920,900
2026-01-27T23:15:00+00:00,0.108980,900
2026-01-27T23:30:00+00:00,0.100630,900
2026-01-27T23:45:00+00:00,0.098950,900
2026-01-28T00:00:00+00:00,0.109160,900
2026-01-28T00:15:00+00:00,0.105030,900
2026-01-28T00:30:00+00:00,0.102560,900
2026-01-28T00:45:00+00:00,0.099990,900
2026-01-28T01:00:00+00:00,0.106590,900
2026-01-28T01:15:00+00:00,0.105570,900
2026-01-28T01:30:00+00:00,0.102550,900
2026-01-28T01:45:00+00:00,0.101610,900
2026-01-28T02:00:00+00:00,0.101850,900
2026-01-28T02:15:00+00:00,0.100410,900
2026-01-28T02:30:00+00:00,0.101010,900
2026-01-28T02:45:00+00:00,0.100470,900
2026-01-28T03:00:00+00:00,0.101880,900
2026-01-28T03:15:00+00:00,0.101170,900
2026-01-28T03:30:00+00:00,0.103240,900
2026-01-28T03:45:00+00:00,0.105400,900
2026-01-28T04:00:00+00:00,0.104550,900
2026-01-28T04:15:00+00:00,0.106180,900
2026-01-28T04:30:00+00:00,0.108020,900
2026-01-28T04:45:00+00:00,0.105610,900
2026-01-28T05:00:00+00:00,0.105480,900
2026-01-28T05:15:00+00:00,0.109370,900
2026-01-28T05:30:00+00:00,0.118840,900
2026-01-28T05:45:00+00:00,0.125650,900
2026-01-28T06:00:00+00:00,0.121300,900
2026-01-28T06:15:00+00:00,0.142030,900
2026-01-28T06:30:00+00:00,0.144400,900
2026-01-28T06:45:00+00:00,0.155950,900
2026-01-28T07:00:00+00:00,0.158210,900
2026-01-28T07:15:00+00:00,0.168210,900
2026-01-28T07:30:00+00:00,0.174190,900
2026-01-28T07:45:00+00:00,0.183400,900
2026-01-28T08:00:00+00:00,0.182730,900
2026-01-28T08:15:00+00:00,0.180120,900
2026-01-28T08:30:00+00:00,0.167780,900
2026-01-28T08:45:00+00:00,0.164600,900
2026-01-28T09:00:00+00:00,0.188510,900
2026-01-28T09:15:00+00:00,0.174740,900
2026-01-28T09:30:00+00:00,0.168430,900
2026-01-28T09:45:00+00:00,0.153900,900
2026-01-28T10:00:00+00:00,0.166590,900
2026-01-28T10:15:00+00:00,0.159300,900
2026-01-28T10:30:00+00:00,0.161910,900
2026-01-28T10:45:00+00:00,0.161910,900
2026-01-28T11:00:00+00:00,0.160310,900
2026-01-28T11:15:00+00:00,0.155370,900
2026-01-28T11:30:00+00:00,0.151980,900
2026-01-28T11:45:00+00:00,0.149220,900
2026-01-28T12:00:00+00:00,0.151540,900
2026-01-28T12:15:00+00:00,0.152400,900
2026-01-28T12:30:00+00:00,0.138280,900
2026-01-28T12:45:00+00:00,0.135150,900
2026-01-28T13:00:00+00:00,0.141770,900
2026-01-28T13:15:00+00:00,0.137330,900
2026-01-28T13:30:00+00:00,0.139370,900
2026-01-28T13:45:00+00:00,0.147930,900
2026-01-28T14:00:00+00:00,0.141640,900
2026-01-28T14:15:00+00:00,0.136330,900
2026-01-28T14:30:00+00:00,0.139450,900
2026-01-28T14:45:00+00:00,0.145370,900
2026-01-28T15:00:00+00:00,0.140460,900
2026-01-28T15:15:00+00:00,0.143150,900
2026-01-28T15:30:00+00:00,0.148100,900
2026-01-28T15:45:00+00:00,0.156800,900
2026-01-28T16:00:00+00:00,0.148220,900
2026-01-28T16:15:00+00:00,0.168400,900
2026-01-28T16:30:00+00:00,0.168490,900
2026-01-28T16:45:00+00:00,0.169990,900
2026-01-28T17:00:00+00:00,0.173560,900
2026-01-28T17:15:00+00:00,0.171500,900
2026-01-28T17:30:00+00:00,0.168400,900
2026-01-28T17:45:00+00:00,0.168240,900
2026-01-28T18:00:00+00:00,0.169730,900
2026-01-28T18:15:00+00:00,0.166800,900
2026-01-28T18:30:00+00:00,0.161200,900
2026-01-28T18:45:00+00:00,0.147170,900
2026-01-28T19:00:00+00:00,0.145150,900
2026-01-28T19:15:00+00:00,0.135780,900
2026-01-28T19:30:00+00:00,0.133900,900
2026-01-28T19:45:00+00:00,0.120870,900
2026-01-28T20:00:00+00:00,0.129960,900
2026-01-28T20:15:00+00:00,0.119350,900
2026-01-28T20:30:00+00:00,0.112920,900
2026-01-28T20:45:00+00:00,0.109910,900
2026-01-28T21:00:00+00:00,0.123430,900
2026-01-28T21:15:00+00:00,0.115410,900
2026-01-28T21:30:00+00:00,0.117240,900
2026-01-28T21:45:00+00:00,0.108850,900
2026-01-28T22:00:00+00:00,0.119230,900
2026-01-28T22:15:00+00:00,0.110030,900
2026-01-28T22:30:00+00:00,0.110000,900
2026-01-28T22:45:00+00:00,0.104010,900
2026-01-28T23:00:00+00:00,0.087460,900
2026-01-28T23:15:00+00:00,0.100680,900
2026-01-28T23:30:00+00:00,0.103820,900
2026-01-28T23:45:00+00:00,0.101910,900
2026-01-29T00:00:00+00:00,0.105800,900
2026-01-29T00:15:00+00:00,0.104030,900
2026-01-29T00:30:00+00:00,0.101140,900
2026-01-29T00:45:00+00:00,0.102430,900
2026-01-29T01:00:00+00:00,0.099710,900
2026-01-29T01:15:00+00:00,0.099310,900
2026-01-29T01:30:00+00:00,0.101070,900
2026-01-29T01:45:00+00:00,0.100230,900
2026-01-29T02:00:00+00:00,0.100030,900
2026-01-29T02:15:00+00:00,0.100000,900
2026-01-29T02:30:00+00:00,0.099210,900
2026-01-29T02:45:00+00:00,0.098290,900
2026-01-29T03:00:00+00:00,0.098920,900
2026-01-29T03:15:00+00:00,0.098930,900
2026-01-29T03:30:00+00:00,0.099380,900
2026-01-29T03:45:00+00:00,0.102580,900
2026-01-29T04:00:00+00:00,0.101080,900
2026-01-29T04:15:00+00:00,0.101780,900
2026-01-29T04:30:00+00:00,0.106620,900
2026-01-29T04:45:00+00:00,0.106740,900
2026-01-29T05:00:00+00:00,0.103850,900
2026-01-29T05:15:00+00:00,0.101590,900
2026-01-29T05:30:00+00:00,0.105610,900
2026-01-29T05:45:00+00:00,0.115100,900
2026-01-29T06:00:00+00:00,0.104600,900
2026-01-29T06:15:00+00:00,0.123900,900
2026-01-29T06:30:00+00:00,0.146950,900
2026-01-29T06:45:00+00:00,0.152520,900
2026-01-29T07:00:00+00:00,0.154770,900
2026-01-29T07:15:00+00:00,0.148740,900
2026-01-29T07:30:00+00:00,0.161820,900
2026-01-29T07:45:00+00:00,0.163010,900
2026-01-29T08:00:00+00:00,0.167490,900
2026-01-29T08:15:00+00:00,0.155960,900
2026-01-29T08:30:00+00:00,0.155400,900
2026-01-29T08:45:00+00:00,0.155330,900
2026-01-29T09:00:00+00:00,0.156810,900
2026-01-29T09:15:00+00:00,0.153740,900
2026-01-29T09:30:00+00:00,0.143430,900
2026-01-29T09:45:00+00:00,0.138770,900
2026-01-29T10:00:00+00:00,0.148380,900
2026-01-29T10:15:00+00:00,0.139570,900
2026-01-29T10:30:00+00:00,0.136180,900
2026-01-29T10:45:00+00:00,0.135660,900
2026-01-29T11:00:00+00:00,0.135740,900
2026-01-29T11:15:00+00:00,0.130790,900
2026-01-29T11:30:00+00:00,0.131710,900
2026-01-29T11:45:00+00:00,0.123760,900
2026-01-29T12:00:00+00:00,0.136450,900
2026-01-29T12:15:00+00:00,0.126630,900
2026-01-29T12:30:00+00:00,0.126910,900
2026-01-29T12:45:00+00:00,0.128740,900
2026-01-29T13:00:00+00:00,0.130180,900
2026-01-29T13:15:00+00:00,0.128080,900
2026-01-29T13:30:00+00:00,0.133610,900
2026-01-29T13:45:00+00:00,0.136370,900
2026-01-29T14:00:00+00:00,0.134910,900
2026-01-29T14:15:00+00:00,0.138800,900
2026-01-29T14:30:00+00:00,0.140000,900
2026-01-29T14:45:00+00:00,0.146100,900
2026-01-29T15:00:00+00:00,0.140000,900
2026-01-29T15:15:00+00:00,0.145800,900
2026-01-29T15:30:00+00:00,0.146080,900
2026-01-29T15:45:00+00:00,0.154550,900
2026-01-29T16:00:00+00:00,0.151040,900
2026-01-29T16:15:00+00:00,0.154200,900
2026-01-29T16:30:00+00:00,0.157720,900
2026-01-29T16:45:00+00:00,0.159230,900
2026-01-29T17:00:00+00:00,0.155020,900
2026-01-29T17:15:00+00:00,0.155590,900
2026-01-29T17:30:00+00:00,0.153110,900
2026-01-29T17:45:00+00:00,0.154190,900
2026-01-29T18:00:00+00:00,0.149020,900
2026-01-29T18:15:00+00:00,0.148710,900
2026-01-29T18:30:00+00:00,0.149070,900
2026-01-29T18:45:00+00:00,0.131020,900
2026-01-29T19:00:00+00:00,0.140200,900
2026-01-29T19:15:00+00:00,0.120980,900
2026-01-29T19:30:00+00:00,0.115030,900
2026-01-29T19:45:00+00:00,0.110100,900
2026-01-29T20:00:00+00:00,0.118670,900
2026-01-29T20:15:00+00:00,0.113170,900
2026-01-29T20:30:00+00:00,0.109010,900
2026-01-29T20:45:00+00:00,0.104350,900
2026-01-29T21:00:00+00:00,0.112910,900
2026-01-29T21:15:00+00:00,0.108850,900
2026-01-29T21:30:00+00:00,0.108890,900
2026-01-29T21:45:00+00:00,0.105480,900
2026-01-29T22:00:00+00:00,0.110880,900
2026-01-29T22:15:00+00:00,0.101040,900
2026-01-29T22:30:00+00:00,0.103120,900
2026-01-29T22:45:00+00:00,0.095180,900
2026-01-29T23:00:00+00:00,0.125080,900
2026-01-29T23:15:00+00:00,0.114000,900
2026-01-29T23:30:00+00:00,0.104210,900
2026-01-29T23:45:00+00:00,0.100970,900
2026-01-30T00:00:00+00:00,0.106220,900
2026-01-30T00:15:00+00:00,0.104650,900
2026-01-30T00:30:00+00:00,0.102470,900
2026-01-30T00:45:00+00:00,0.099910,900
2026-01-30T01:00:00+00:00,0.104260,900
2026-01-30T01:15:00+00:00,0.101870,900
2026-01-30T01:30:00+00:00,0.099120,900
2026-01-30T01:45:00+00:00,0.096760,900
2026-01-30T02:00:00+00:00,0.098360,900
2026-01-30T02:15:00+00:00,0.096610,900
2026-01-30T02:30:00+00:00,0.096160,900
2026-01-30T02:45:00+00:00,0.095690,900
2026-01-30T03:00:00+00:00,0.096750,900
2026-01-30T03:15:00+00:00,0.094440,900
2026-01-30T03:30:00+00:00,0.096350,900
2026-01-30T03:45:00+00:00,0.096980,900
2026-01-30T04:00:00+00:00,0.094250,900
2026-01-30T04:15:00+00:00,0.093250,900
2026-01-30T04:30:00+00:00,0.093400,900
2026-01-30T04:45:00+00:00,0.100890,900
2026-01-30T05:00:00+00:00,0.099260,900
2026-01-30T05:15:00+00:00,0.104540,900
2026-01-30T05:30:00+00:00,0.113220,900
2026-01-30T05:45:00+00:00,0.113620,900
2026-01-30T06:00:00+00:00,0.106850,900
2026-01-30T06:15:00+00:00,0.115480,900
2026-01-30T06:30:00+00:00,0.122120,900
2026-01-30T06:45:00+00:00,0.135560,900
2026-01-30T07:00:00+00:00,0.141160,900
2026-01-30T07:15:00+00:00,0.144970,900
2026-01-30T07:30:00+00:00,0.140780,900
2026-01-30T07:45:00+00:00,0.133580,900
2026-01-30T08:00:00+00:00,0.151990,900
2026-01-30T08:15:00+00:00,0.140180,900
2026-01-30T08:30:00+00:00,0.132840,900
2026-01-30T08:45:00+00:00,0.127600,900
2026-01-30T09:00:00+00:00,0.135870,900
2026-01-30T09:15:00+00:00,0.122140,900
2026-01-30T09:30:00+00:00,0.113040,900
2026-01-30T09:45:00+00:00,0.108960,900
2026-01-30T10:00:00+00:00,0.121970,900
2026-01-30T10:15:00+00:00,0.116110,900
2026-01-30T10:30:00+00:00,0.116210,900
2026-01-30T10:45:00+00:00,0.116120,900
2026-01-30T11:00:00+00:00,0.121650,900
2026-01-30T11:15:00+00:00,0.112330,900
2026-01-30T11:30:00+00:00,0.110850,900
2026-01-30T11:45:00+00:00,0.106650,900
2026-01-30T12:00:00+00:00,0.110440,900
2026-01-30T12:15:00+00:00,0.105450,900
2026-01-30T12:30:00+00:00,0.102440,900
2026-01-30T12:45:00+00:00,0.102190,900
2026-01-30T13:00:00+00:00,0.103130,900
2026-01-30T13:15:00+00:00,0.102600,900
2026-01-30T13:30:00+00:00,0.104190,900
2026-01-30T13:45:00+00:00,0.104010,900
2026-01-30T14:00:00+00:00,0.104200,900
2026-01-30T14:15:00+00:00,0.108340,900
2026-01-30T14:30:00+00:00,0.111230,900
2026-01-30T14:45:00+00:00,0.116220,900
2026-01-30T15:00:00+00:00,0.110350,900
2026-01-30T15:15:00+00:00,0.113160,900
2026-01-30T15:30:00+00:00,0.117210,900
2026-01-30T15:45:00+00:00,0.119030,900
2026-01-30T16:00:00+00:00,0.118640,900
2026-01-30T16:15:00+00:00,0.124000,900
2026-01-30T16:30:00+00:00,0.129600,900
2026-01-30T16:45:00+00:00,0.127000,900
2026-01-30T17:00:00+00:00,0.129430,900
2026-01-30T17:15:00+00:00,0.121690,900
2026-01-30T17:30:00+00:00,0.120120,900
2026-01-30T17:45:00+00:00,0.114670,900
2026-01-30T18:00:00+00:00,0.117300,900
2026-01-30T18:15:00+00:00,0.112050,900
2026-01-30T18:30:00+00:00,0.112500,900
2026-01-30T18:45:00+00:00,0.110500,900
2026-01-30T19:00:00+00:00,0.113760,900
2026-01-30T19:15:00+00:00,0.109770,900
2026-01-30T19:30:00+00:00,0.108710,900
2026-01-30T19:45:00+00:00,0.106060,900
2026-01-30T20:00:00+00:00,0.112260,900
2026-01-30T20:15:00+00:00,0.107340,900
2026-01-30T20:30:00+00:00,0.099660,900
2026-01-30T20:45:00+00:00,0.096210,900
2026-01-30T21:00:00+00:00,0.107580,900
2026-01-30T21:15:00+00:00,0.102980,900
2026-01-30T21:30:00+00:00,0.102850,900
2026-01-30T21:45:00+00:00,0.098590,900
2026-01-30T22:00:00+00:00,0.096240,900
2026-01-30T22:15:00+00:00,0.092780,900
2026-01-30T22:30:00+00:00,0.093160,900
2026-01-30T22:45:00+00:00,0.090090,900
2026-01-30T23:00:00+00:00,0.108650,900
2026-01-30T23:15:00+00:00,0.096780,900
2026-01-30T23:30:00+00:00,0.092900,900
2026-01-30T23:45:00+00:00,0.090710,900
2026-01-31T00:00:00+00:00,0.100220,900
2026-01-31T00:15:00+00:00,0.096090,900
2026-01-31T00:30:00+00:00,0.100150,900
2026-01-31T00:45:00+00:00,0.096050,900
2026-01-31T01:00:00+00:00,0.093080,900
2026-01-31T01:15:00+00:00,0.090100,900
2026-01-31T01:30:00+00:00,0.099580,900
2026-01-31T01:45:00+00:00,0.097550,900
2026-01-31T02:00:00+00:00,0.094660,900
2026-01-31T02:15:00+00:00,0.094970,900
2026-01-31T02:30:00+00:00,0.094670,900
2026-01-31T02:45:00+00:00,0.095290,900
2026-01-31T03:00:00+00:00,0.093680,900
2026-01-31T03:15:00+00:00,0.094190,900
2026-01-31T03:30:00+00:00,0.094300,900
2026-01-31T03:45:00+00:00,0.094730,900
2026-01-31T04:00:00+00:00,0.094330,900
2026-01-31T04:15:00+00:00,0.094830,900
2026-01-31T04:30:00+00:00,0.094910,900
2026-01-31T04:45:00+00:00,0.099130,900
2026-01-31T05:00:00+00:00,0.094540,900
2026-01-31T05:15:00+00:00,0.097250,900
2026-01-31T05:30:00+00:00,0.095490,900
2026-01-31T05:45:00+00:00,0.099630,900
2026-01-31T06:00:00+00:00,0.099000,900
2026-01-31T06:15:00+00:00,0.098710,900
2026-01-31T06:30:00+00:00,0.099730,900
2026-01-31T06:45:00+00:00,0.106430,900
2026-01-31T07:00:00+00:00,0.102380,900
2026-01-31T07:15:00+00:00,0.106040,900
2026-01-31T07:30:00+00:00,0.107550,900
2026-01-31T07:45:00+00:00,0.108080,900
2026-01-31T08:00:00+00:00,0.129510,900
2026-01-31T08:15:00+00:00,0.121120,900
2026-01-31T08:30:00+00:00,0.114140,900
2026-01-31T08:45:00+00:00,0.112270,900
2026-01-31T09:00:00+00:00,0.125210,900
2026-01-31T09:15:00+00:00,0.118880,900
2026-01-31T09:30:00+00:00,0.117300,900
2026-01-31T09:45:00+00:00,0.110610,900
2026-01-31T10:00:00+00:00,0.123640,900
2026-01-31T10:15:00+00:00,0.115870,900
2026-01-31T10:30:00+00:00,0.116530,900
2026-01-31T10:45:00+00:00,0.110680,900
2026-01-31T11:00:00+00:00,0.120010,900
2026-01-31T11:15:00+00:00,0.112490,900
2026-01-31T11:30:00+00:00,0.113410,900
2026-01-31T11:45:00+00:00,0.111720,900
2026-01-31T12:00:00+00:00,0.111910,900
2026-01-31T12:15:00+00:00,0.109750,900
2026-01-31T12:30:00+00:00,0.108840,900
2026-01-31T12:45:00+00:00,0.109160,900
2026-01-31T13:00:00+00:00,0.110770,900
2026-01-31T13:15:00+00:00,0.110990,900
2026-01-31T13:30:00+00:00,0.114710,900
2026-01-31T13:45:00+00:00,0.115000,900
2026-01-31T14:00:00+00:00,0.111330,900
2026-01-31T14:15:00+00:00,0.116020,900
2026-01-31T14:30:00+00:00,0.117540,900
2026-01-31T14:45:00+00:00,0.122360,900
2026-01-31T15:00:00+00:00,0.105150,900
2026-01-31T15:15:00+00:00,0.121200,900
2026-01-31T15:30:00+00:00,0.128130,900
2026-01-31T15:45:00+00:00,0.135610,900
2026-01-31T16:00:00+00:00,0.136400,900
2026-01-31T16:15:00+00:00,0.137540,900
2026-01-31T16:30:00+00:00,0.146420,900
2026-01-31T16:45:00+00:00,0.151470,900
2026-01-31T17:00:00+00:00,0.148940,900
2026-01-31T17:15:00+00:00,0.149930,900
2026-01-31T17:30:00+00:00,0.148940,900
2026-01-31T17:45:00+00:00,0.142990,900
2026-01-31T18:00:00+00:00,0.152720,900
2026-01-31T18:15:00+00:00,0.143920,900
2026-01-31T18:30:00+00:00,0.136750,900
2026-01-31T18:45:00+00:00,0.128050,900
2026-01-31T19:00:00+00:00,0.134180,900
2026-01-31T19:15:00+00:00,0.129050,900
2026-01-31T19:30:00+00:00,0.125070,900
2026-01-31T19:45:00+00:00,0.114340,900
2026-01-31T20:00:00+00:00,0.127860,900
2026-01-31T20:15:00+00:00,0.121000,900
2026-01-31T20:30:00+00:00,0.117280,900
2026-01-31T20:45:00+00:00,0.109860,900
2026-01-31T21:00:00+00:00,0.126690,900
2026-01-31T21:15:00+00:00,0.118440,900
2026-01-31T21:30:00+00:00,0.121260,900
2026-01-31T21:45:00+00:00,0.106840,900
2026-01-31T22:00:00+00:00,0.112820,900
2026-01-31T22:15:00+00:00,0.113220,900
2026-01-31T22:30:00+00:00,0.117800,900
2026-01-31T22:45:00+00:00,0.100550,900
2026-01-31T23:00:00+00:00,0.140790,900
2026-01-31T23:15:00+00:00,0.121170,900
2026-01-31T23:30:00+00:00,0.100880,900
2026-01-31T23:45:00+00:00,0.100330,900
2026-02-01T00:00:00+00:00,0.142700,900
2026-02-01T00:15:00+00:00,0.115630,900
2026-02-01T00:30:00+00:00,0.110600,900
2026-02-01T00:45:00+00:00,0.098970,900
2026-02-01T01:00:00+00:00,0.111920,900
2026-02-01T01:15:00+00:00,0.100370,900
2026-02-01T01:30:00+00:00,0.100660,900
2026-02-01T01:45:00+00:00,0.099000,900
2026-02-01T02:00:00+00:00,0.094720,900
2026-02-01T02:15:00+00:00,0.098350,900
2026-02-01T02:30:00+00:00,0.096580,900
2026-02-01T02:45:00+00:00,0.098740,900
2026-02-01T03:00:00+00:00,0.098850,900
2026-02-01T03:15:00+00:00,0.098690,900
2026-02-01T03:30:00+00:00,0.098000,900
2026-02-01T03:45:00+00:00,0.097710,900
2026-02-01T04:00:00+00:00,0.097710,900
2026-02-01T04:15:00+00:00,0.095410,900
2026-02-01T04:30:00+00:00,0.099890,900
2026-02-01T04:45:00+00:00,0.099880,900
2026-02-01T05:00:00+00:00,0.094470,900
2026-02-01T05:15:00+00:00,0.096680,900
2026-02-01T05:30:00+00:00,0.096060,900
2026-02-01T05:45:00+00:00,0.098430,900
2026-02-01T06:00:00+00:00,0.098270,900
2026-02-01T06:15:00+00:00,0.097500,900
2026-02-01T06:30:00+00:00,0.103080,900
2026-02-01T06:45:00+00:00,0.105140,900
2026-02-01T07:00:00+00:00,0.104830,900
2026-02-01T07:15:00+00:00,0.106790,900
2026-02-01T07:30:00+00:00,0.109670,900
2026-02-01T07:45:00+00:00,0.107700,900
2026-02-01T08:00:00+00:00,0.113580,900
2026-02-01T08:15:00+00:00,0.112180,900
2026-02-01T08:30:00+00:00,0.111150,900
2026-02-01T08:45:00+00:00,0.111200,900
2026-02-01T09:00:00+00:00,0.117870,900
2026-02-01T09:15:00+00:00,0.112340,900
2026-02-01T09:30:00+00:00,0.111500,900
2026-02-01T09:45:00+00:00,0.108870,900
2026-02-01T10:00:00+00:00,0.111170,900
2026-02-01T10:15:00+00:00,0.110530,900
2026-02-01T10:30:00+00:00,0.109290,900
2026-02-01T10:45:00+00:00,0.108250,900
2026-02-01T11:00:00+00:00,0.110520,900
2026-02-01T11:15:00+00:00,0.106330,900
2026-02-01T11:30:00+00:00,0.108670,900
2026-02-01T11:45:00+00:00,0.106110,900
2026-02-01T12:00:00+00:00,0.102810,900
2026-02-01T12:15:00+00:00,0.100100,900
2026-02-01T12:30:00+00:00,0.100800,900
2026-02-01T12:45:00+00:00,0.100100,900
2026-02-01T13:00:00+00:00,0.102130,900
2026-02-01T13:15:00+00:00,0.102350,900
2026-02-01T13:30:00+00:00,0.105520,900
2026-02-01T13:45:00+00:00,0.106160,900
2026-02-01T14:00:00+00:00,0.104650,900
2026-02-01T14:15:00+00:00,0.109460,900
2026-02-01T14:30:00+00:00,0.114340,900
2026-02-01T14:45:00+00:00,0.116610,900
2026-02-01T15:00:00+00:00,0.107600,900
2026-02-01T15:15:00+00:00,0.112420,900
2026-02-01T15:30:00+00:00,0.117290,900
2026-02-01T15:45:00+00:00,0.128430,900
2026-02-01T16:00:00+00:00,0.126730,900
2026-02-01T16:15:00+00:00,0.129970,900
2026-02-01T16:30:00+00:00,0.137010,900
2026-02-01T16:45:00+00:00,0.141510,900
2026-02-01T17:00:00+00:00,0.138310,900
2026-02-01T17:15:00+00:00,0.139300,900
2026-02-01T17:30:00+00:00,0.149060,900
2026-02-01T17:45:00+00:00,0.144970,900
2026-02-01T18:00:00+00:00,0.150490,900
2026-02-01T18:15:00+00:00,0.142890,900
2026-02-01T18:30:00+00:00,0.142000,900
2026-02-01T18:45:00+00:00,0.134830,900
2026-02-01T19:00:00+00:00,0.140380,900
2026-02-01T19:15:00+00:00,0.140750,900
2026-02-01T19:30:00+00:00,0.130390,900
2026-02-01T19:45:00+00:00,0.120670,900
2026-02-01T20:00:00+00:00,0.122150,900
2026-02-01T20:15:00+00:00,0.118520,900
2026-02-01T20:30:00+00:00,0.111940,900
2026-02-01T20:45:00+00:00,0.102750,900
2026-02-01T21:00:00+00:00,0.117280,900
2026-02-01T21:15:00+00:00,0.113440,900
2026-02-01T21:30:00+00:00,0.115430,900
2026-02-01T21:45:00+00:00,0.109100,900
2026-02-01T22:00:00+00:00,0.117030,900
2026-02-01T22:15:00+00:00,0.106230,900
2026-02-01T22:30:00+00:00,0.111690,900
2026-02-01T22:45:00+00:00,0.103840,900
2026-02-01T23:00:00+00:00,0.103360,900
2026-02-01T23:15:00+00:00,0.105350,900
2026-02-01T23:30:00+00:00,0.102380,900
2026-02-01T23:45:00+00:00,0.098230,900
2026-02-02T00:00:00+00:00,0.102120,900
2026-02-02T00:15:00+00:00,0.095870,900
2026-02-02T00:30:00+00:00,0.100610,900
2026-02-02T00:45:00+00:00,0.099350,900
2026-02-02T01:00:00+00:00,0.097440,900
2026-02-02T01:15:00+00:00,0.097460,900
2026-02-02T01:30:00+00:00,0.095900,900
2026-02-02T01:45:00+00:00,0.094230,900
2026-02-02T02:00:00+00:00,0.092900,900
2026-02-02T02:15:00+00:00,0.090370,900
2026-02-02T02:30:00+00:00,0.090260,900
2026-02-02T02:45:00+00:00,0.089910,900
2026-02-02T03:00:00+00:00,0.092440,900
2026-02-02T03:15:00+00:00,0.091780,900
2026-02-02T03:30:00+00:00,0.091890,900
2026-02-02T03:45:00+00:00,0.092020,900
2026-02-02T04:00:00+00:00,0.094650,900
2026-02-02T04:15:00+00:00,0.090570,900
2026-02-02T04:30:00+00:00,0.095850,900
2026-02-02T04:45:00+00:00,0.097820,900
2026-02-02T05:00:00+00:00,0.089780,900
2026-02-02T05:15:00+00:00,0.103310,900
2026-02-02T05:30:00+00:00,0.113130,900
2026-02-02T05:45:00+00:00,0.120100,900
2026-02-02T06:00:00+00:00,0.108420,900
2026-02-02T06:15:00+00:00,0.112920,900
2026-02-02T06:30:00+00:00,0.123790,900
2026-02-02T06:45:00+00:00,0.125540,900
2026-02-02T07:00:00+00:00,0.132060,900
2026-02-02T07:15:00+00:00,0.139010,900
2026-02-02T07:30:00+00:00,0.140220,900
2026-02-02T07:45:00+00:00,0.136570,900
2026-02-02T08:00:00+00:00,0.154130,900
2026-02-02T08:15:00+00:00,0.142700,900
2026-02-02T08:30:00+00:00,0.136030,900
2026-02-02T08:45:00+00:00,0.127890,900
2026-02-02T09:00:00+00:00,0.132660,900
2026-02-02T09:15:00+00:00,0.128830,900
2026-02-02T09:30:00+00:00,0.124430,900
2026-02-02T09:45:00+00:00,0.115310,900
2026-02-02T10:00:00+00:00,0.126150,900
2026-02-02T10:15:00+00:00,0.118140,900
2026-02-02T10:30:00+00:00,0.112620,900
2026-02-02T10:45:00+00:00,0.111340,900
2026-02-02T11:00:00+00:00,0.113540,900
2026-02-02T11:15:00+00:00,0.114590,900
2026-02-02T11:30:00+00:00,0.116350,900
2026-02-02T11:45:00+00:00,0.113310,900
2026-02-02T12:00:00+00:00,0.113430,900
2026-02-02T12:15:00+00:00,0.110970,900
2026-02-02T12:30:00+00:00,0.110270,900
2026-02-02T12:45:00+00:00,0.110070,900
2026-02-02T13:00:00+00:00,0.105100,900
2026-02-02T13:15:00+00:00,0.104650,900
2026-02-02T13:30:00+00:00,0.106050,900
2026-02-02T13:45:00+00:00,0.109420,900
2026-02-02T14:00:00+00:00,0.102170,900
2026-02-02T14:15:00+00:00,0.104930,900
2026-02-02T14:30:00+00:00,0.110990,900
2026-02-02T14:45:00+00:00,0.115390,900
2026-02-02T15:00:00+00:00,0.102610,900
2026-02-02T15:15:00+00:00,0.108110,900
2026-02-02T15:30:00+00:00,0.113990,900
2026-02-02T15:45:00+00:00,0.119650,900
2026-02-02T16:00:00+00:00,0.109940,900
2026-02-02T16:15:00+00:00,0.117540,900
2026-02-02T16:30:00+00:00,0.125830,900
2026-02-02T16:45:00+00:00,0.121330,900
2026-02-02T17:00:00+00:00,0.123960,900
2026-02-02T17:15:00+00:00,0.118570,900
2026-02-02T17:30:00+00:00,0.120050,900
2026-02-02T17:45:00+00:00,0.117100,900
2026-02-02T18:00:00+00:00,0.105660,900
2026-02-02T18:15:00+00:00,0.105060,900
2026-02-02T18:30:00+00:00,0.104140,900
2026-02-02T18:45:00+00:00,0.100800,900
2026-02-02T19:00:00+00:00,0.106620,900
2026-02-02T19:15:00+00:00,0.104580,900
2026-02-02T19:30:00+00:00,0.102110,900
2026-02-02T19:45:00+00:00,0.100130,900
2026-02-02T20:00:00+00:00,0.107730,900
2026-02-02T20:15:00+00:00,0.104570,900
2026-02-02T20:30:00+00:00,0.099910,900
2026-02-02T20:45:00+00:00,0.096160,900
2026-02-02T21:00:00+00:00,0.103530,900
2026-02-02T21:15:00+00:00,0.100970,900
2026-02-02T21:30:00+00:00,0.100530,900
2026-02-02T21:45:00+00:00,0.095270,900
2026-02-02T22:00:00+00:00,0.098170,900
2026-02-02T22:15:00+00:00,0.090700,900
2026-02-02T22:30:00+00:00,0.090210,900
2026-02-02T22:45:00+00:00,0.085410,900
2026-02-02T23:00:00+00:00,0.097150,900
2026-02-02T23:15:00+00:00,0.092440,900
2026-02-02T23:30:00+00:00,0.085920,900
2026-02-02T23:45:00+00:00,0.082500,900
2026-02-03T00:00:00+00:00,0.090070,900
2026-02-03T00:15:00+00:00,0.086890,900
2026-02-03T00:30:00+00:00,0.086250,900
2026-02-03T00:45:00+00:00,0.084110,900
2026-02-03T01:00:00+00:00,0.089070,900
2026-02-03T01:15:00+00:00,0.083420,900
2026-02-03T01:30:00+00:00,0.077940,900
2026-02-03T01:45:00+00:00,0.075020,900
2026-02-03T02:00:00+00:00,0.077480,900
2026-02-03T02:15:00+00:00,0.075170,900
2026-02-03T02:30:00+00:00,0.073290,900
2026-02-03T02:45:00+00:00,0.072570,900
2026-02-03T03:00:00+00:00,0.072480,900
2026-02-03T03:15:00+00:00,0.070300,900
2026-02-03T03:30:00+00:00,0.071680,900
2026-02-03T03:45:00+00:00,0.073530,900
2026-02-03T04:00:00+00:00,0.074360,900
2026-02-03T04:15:00+00:00,0.073020,900
2026-02-03T04:30:00+00:00,0.079200,900
2026-02-03T04:45:00+00:00,0.088660,900
2026-02-03T05:00:00+00:00,0.081860,900
2026-02-03T05:15:00+00:00,0.085250,900
2026-02-03T05:30:00+00:00,0.091810,900
2026-02-03T05:45:00+00:00,0.100080,900
2026-02-03T06:00:00+00:00,0.094360,900
2026-02-03T06:15:00+00:00,0.098850,900
2026-02-03T06:30:00+00:00,0.101550,900
2026-02-03T06:45:00+00:00,0.102990,900
2026-02-03T07:00:00+00:00,0.105100,900
2026-02-03T07:15:00+00:00,0.108050,900
2026-02-03T07:30:00+00:00,0.110400,900
2026-02-03T07:45:00+00:00,0.105340,900
2026-02-03T08:00:00+00:00,0.118450,900
2026-02-03T08:15:00+00:00,0.110300,900
2026-02-03T08:30:00+00:00,0.106320,900
2026-02-03T08:45:00+00:00,0.098250,900
2026-02-03T09:00:00+00:00,0.105750,900
2026-02-03T09:15:00+00:00,0.100010,900
2026-02-03T09:30:00+00:00,0.098600,900
2026-02-03T09:45:00+00:00,0.095230,900
2026-02-03T10:00:00+00:00,0.095630,900
2026-02-03T10:15:00+00:00,0.090840,900
2026-02-03T10:30:00+00:00,0.086400,900
2026-02-03T10:45:00+00:00,0.080370,900
2026-02-03T11:00:00+00:00,0.089170,900
2026-02-03T11:15:00+00:00,0.083140,900
2026-02-03T11:30:00+00:00,0.085420,900
2026-02-03T11:45:00+00:00,0.087840,900
2026-02-03T12:00:00+00:00,0.088310,900
2026-02-03T12:15:00+00:00,0.087820,900
2026-02-03T12:30:00+00:00,0.088580,900
2026-02-03T12:45:00+00:00,0.089040,900
2026-02-03T13:00:00+00:00,0.086520,900
2026-02-03T13:15:00+00:00,0.091800,900
2026-02-03T13:30:00+00:00,0.094810,900
2026-02-03T13:45:00+00:00,0.098070,900
2026-02-03T14:00:00+00:00,0.092940,900
2026-02-03T14:15:00+00:00,0.099730,900
2026-02-03T14:30:00+00:00,0.102100,900
2026-02-03T14:45:00+00:00,0.106260,900
2026-02-03T15:00:00+00:00,0.098270,900
2026-02-03T15:15:00+00:00,0.103160,900
2026-02-03T15:30:00+00:00,0.107000,900
2026-02-03T15:45:00+00:00,0.115820,900
2026-02-03T16:00:00+00:00,0.110990,900
2026-02-03T16:15:00+00:00,0.122050,900
2026-02-03T16:30:00+00:00,0.127730,900
2026-02-03T16:45:00+00:00,0.130800,900
2026-02-03T17:00:00+00:00,0.123830,900
2026-02-03T17:15:00+00:00,0.124750,900
2026-02-03T17:30:00+00:00,0.127010,900
2026-02-03T17:45:00+00:00,0.127640,900
2026-02-03T18:00:00+00:00,0.124530,900
2026-02-03T18:15:00+00:00,0.124410,900
2026-02-03T18:30:00+00:00,0.123880,900
2026-02-03T18:45:00+00:00,0.120110,900
2026-02-03T19:00:00+00:00,0.118680,900
2026-02-03T19:15:00+00:00,0.115700,900
2026-02-03T19:30:00+00:00,0.108080,900
2026-02-03T19:45:00+00:00,0.105940,900
2026-02-03T20:00:00+00:00,0.108810,900
2026-02-03T20:15:00+00:00,0.104960,900
2026-02-03T20:30:00+00:00,0.101770,900
2026-02-03T20:45:00+00:00,0.098330,900
2026-02-03T21:00:00+00:00,0.106810,900
2026-02-03T21:15:00+00:00,0.101910,900
2026-02-03T21:30:00+00:00,0.100210,900
2026-02-03T21:45:00+00:00,0.095990,900
2026-02-03T22:00:00+00:00,0.098230,900
2026-02-03T22:15:00+00:00,0.097540,900
2026-02-03T22:30:00+00:00,0.094830,900
2026-02-03T22:45:00+00:00,0.089000,900
2026-02-03T23:00:00+00:00,0.096660,900
2026-02-03T23:15:00+00:00,0.093040,900
2026-02-03T23:30:00+00:00,0.093570,900
2026-02-03T23:45:00+00:00,0.090710,900
2026-02-04T00:00:00+00:00,0.092950,900
2026-02-04T00:15:00+00:00,0.091280,900
2026-02-04T00:30:00+00:00,0.092290,900
2026-02-04T00:45:00+00:00,0.089850,900
2026-02-04T01:00:00+00:00,0.092480,900
2026-02-04T01:15:00+00:00,0.091250,900
2026-02-04T01:30:00+00:00,0.091570,900
2026-02-04T01:45:00+00:00,0.092100,900
2026-02-04T02:00:00+00:00,0.092350,900
2026-02-04T02:15:00+00:00,0.090670,900
2026-02-04T02:30:00+00:00,0.092510,900
2026-02-04T02:45:00+00:00,0.091470,900
2026-02-04T03:00:00+00:00,0.089750,900
2026-02-04T03:15:00+00:00,0.089890,900
2026-02-04T03:30:00+00:00,0.091900,900
2026-02-04T03:45:00+00:00,0.092940,900
2026-02-04T04:00:00+00:00,0.091120,900
2026-02-04T04:15:00+00:00,0.092440,900
2026-02-04T04:30:00+00:00,0.094940,900
2026-02-04T04:45:00+00:00,0.098970,900
2026-02-04T05:00:00+00:00,0.098290,900
2026-02-04T05:15:00+00:00,0.101160,900
2026-02-04T05:30:00+00:00,0.104490,900
2026-02-04T05:45:00+00:00,0.107140,900
2026-02-04T06:00:00+00:00,0.112030,900
2026-02-04T06:15:00+00:00,0.116880,900
2026-02-04T06:30:00+00:00,0.123900,900
2026-02-04T06:45:00+00:00,0.128800,900
2026-02-04T07:00:00+00:00,0.133590,900
2026-02-04T07:15:00+00:00,0.137800,900
2026-02-04T07:30:00+00:00,0.131280,900
2026-02-04T07:45:00+00:00,0.122840,900
2026-02-04T08:00:00+00:00,0.136830,900
2026-02-04T08:15:00+00:00,0.124450,900
2026-02-04T08:30:00+00:00,0.118630,900
2026-02-04T08:45:00+00:00,0.110320,900
2026-02-04T09:00:00+00:00,0.118610,900
2026-02-04T09:15:00+00:00,0.112890,900
2026-02-04T09:30:00+00:00,0.105540,900
2026-02-04T09:45:00+00:00,0.100830,900
2026-02-04T10:00:00+00:00,0.102460,900
2026-02-04T10:15:00+00:00,0.101080,900
2026-02-04T10:30:00+00:00,0.097100,900
2026-02-04T10:45:00+00:00,0.095950,900
2026-02-04T11:00:00+00:00,0.095510,900
2026-02-04T11:15:00+00:00,0.093030,900
2026-02-04T11:30:00+00:00,0.090460,900
2026-02-04T11:45:00+00:00,0.090430,900
2026-02-04T12:00:00+00:00,0.091870,900
2026-02-04T12:15:00+00:00,0.089950,900
2026-02-04T12:30:00+00:00,0.088110,900
2026-02-04T12:45:00+00:00,0.090060,900
2026-02-04T13:00:00+00:00,0.090190,900
2026-02-04T13:15:00+00:00,0.090910,900
2026-02-04T13:30:00+00:00,0.094750,900
2026-02-04T13:45:00+00:00,0.099570,900
2026-02-04T14:00:00+00:00,0.093460,900
2026-02-04T14:15:00+00:00,0.096620,900
2026-02-04T14:30:00+00:00,0.103080,900
2026-02-04T14:45:00+00:00,0.106450,900
2026-02-04T15:00:00+00:00,0.103020,900
2026-02-04T15:15:00+00:00,0.108840,900
2026-02-04T15:30:00+00:00,0.115080,900
2026-02-04T15:45:00+00:00,0.122260,900
2026-02-04T16:00:00+00:00,0.116060,900
2026-02-04T16:15:00+00:00,0.120330,900
2026-02-04T16:30:00+00:00,0.124480,900
2026-02-04T16:45:00+00:00,0.125660,900
2026-02-04T17:00:00+00:00,0.114340,900
2026-02-04T17:15:00+00:00,0.115350,900
2026-02-04T17:30:00+00:00,0.116600,900
2026-02-04T17:45:00+00:00,0.113710,900
2026-02-04T18:00:00+00:00,0.113030,900
2026-02-04T18:15:00+00:00,0.104440,900
2026-02-04T18:30:00+00:00,0.099790,900
2026-02-04T18:45:00+00:00,0.093830,900
2026-02-04T19:00:00+00:00,0.093960,900
2026-02-04T19:15:00+00:00,0.085970,900
2026-02-04T19:30:00+00:00,0.086070,900
2026-02-04T19:45:00+00:00,0.090100,900
2026-02-04T20:00:00+00:00,0.098850,900
2026-02-04T20:15:00+00:00,0.095140,900
2026-02-04T20:30:00+00:00,0.092060,900
2026-02-04T20:45:00+00:00,0.087260,900
2026-02-04T21:00:00+00:00,0.096480,900
2026-02-04T21:15:00+00:00,0.093720,900
2026-02-04T21:30:00+00:00,0.093710,900
2026-02-04T21:45:00+00:00,0.087940,900
2026-02-04T22:00:00+00:00,0.090470,900
2026-02-04T22:15:00+00:00,0.084950,900
2026-02-04T22:30:00+00:00,0.085090,900
2026-02-04T22:45:00+00:00,0.079760,900
2026-02-04T23:00:00+00:00,0.088530,900
2026-02-04T23:15:00+00:00,0.085700,900
2026-02-04T23:30:00+00:00,0.086980,900
2026-02-04T23:45:00+00:00,0.084350,900
2026-02-05T00:00:00+00:00,0.086790,900
2026-02-05T00:15:00+00:00,0.084320,900
2026-02-05T00:30:00+00:00,0.085450,900
2026-02-05T00:45:00+00:00,0.082880,900
2026-02-05T01:00:00+00:00,0.083400,900
2026-02-05T01:15:00+00:00,0.083120,900
2026-02-05T01:30:00+00:00,0.084280,900
2026-02-05T01:45:00+00:00,0.080440,900
2026-02-05T02:00:00+00:00,0.079570,900
2026-02-05T02:15:00+00:00,0.080250,900
2026-02-05T02:30:00+00:00,0.078540,900
2026-02-05T02:45:00+00:00,0.077320,900
2026-02-05T03:00:00+00:00,0.076490,900
2026-02-05T03:15:00+00:00,0.078910,900
2026-02-05T03:30:00+00:00,0.081210,900
2026-02-05T03:45:00+00:00,0.081940,900
2026-02-05T04:00:00+00:00,0.082680,900
2026-02-05T04:15:00+00:00,0.084470,900
2026-02-05T04:30:00+00:00,0.086460,900
2026-02-05T04:45:00+00:00,0.088120,900
2026-02-05T05:00:00+00:00,0.089050,900
2026-02-05T05:15:00+00:00,0.098020,900
2026-02-05T05:30:00+00:00,0.098050,900
2026-02-05T05:45:00+00:00,0.096440,900
2026-02-05T06:00:00+00:00,0.096690,900
2026-02-05T06:15:00+00:00,0.101270,900
2026-02-05T06:30:00+00:00,0.100220,900
2026-02-05T06:45:00+00:00,0.101780,900
2026-02-05T07:00:00+00:00,0.110550,900
2026-02-05T07:15:00+00:00,0.113280,900
2026-02-05T07:30:00+00:00,0.117410,900
2026-02-05T07:45:00+00:00,0.116740,900
2026-02-05T08:00:00+00:00,0.113230,900
2026-02-05T08:15:00+00:00,0.113390,900
2026-02-05T08:30:00+00:00,0.108820,900
2026-02-05T08:45:00+00:00,0.106190,900
2026-02-05T09:00:00+00:00,0.119120,900
2026-02-05T09:15:00+00:00,0.110430,900
2026-02-05T09:30:00+00:00,0.102930,900
2026-02-05T09:45:00+00:00,0.096460,900
2026-02-05T10:00:00+00:00,0.101610,900
2026-02-05T10:15:00+00:00,0.095940,900
2026-02-05T10:30:00+00:00,0.085300,900
2026-02-05T10:45:00+00:00,0.084990,900
2026-02-05T11:00:00+00:00,0.099800,900
2026-02-05T11:15:00+00:00,0.098930,900
2026-02-05T11:30:00+00:00,0.099250,900
2026-02-05T11:45:00+00:00,0.100280,900
2026-02-05T12:00:00+00:00,0.100930,900
2026-02-05T12:15:00+00:00,0.101270,900
2026-02-05T12:30:00+00:00,0.103380,900
2026-02-05T12:45:00+00:00,0.104890,900
2026-02-05T13:00:00+00:00,0.097410,900
2026-02-05T13:15:00+00:00,0.101200,900
2026-02-05T13:30:00+00:00,0.101850,900
2026-02-05T13:45:00+00:00,0.110540,900
2026-02-05T14:00:00+00:00,0.101040,900
2026-02-05T14:15:00+00:00,0.106310,900
2026-02-05T14:30:00+00:00,0.114600,900
2026-02-05T14:45:00+00:00,0.121210,900
2026-02-05T15:00:00+00:00,0.109230,900
2026-02-05T15:15:00+00:00,0.117280,900
2026-02-05T15:30:00+00:00,0.123780,900
2026-02-05T15:45:00+00:00,0.125080,900
2026-02-05T16:00:00+00:00,0.121540,900
2026-02-05T16:15:00+00:00,0.128440,900
2026-02-05T16:30:00+00:00,0.140710,900
2026-02-05T16:45:00+00:00,0.144470,900
2026-02-05T17:00:00+00:00,0.133660,900
2026-02-05T17:15:00+00:00,0.130760,900
2026-02-05T17:30:00+00:00,0.134780,900
2026-02-05T17:45:00+00:00,0.129960,900
2026-02-05T18:00:00+00:00,0.135210,900
2026-02-05T18:15:00+00:00,0.128700,900
2026-02-05T18:30:00+00:00,0.126880,900
2026-02-05T18:45:00+00:00,0.123360,900
2026-02-05T19:00:00+00:00,0.124890,900
2026-02-05T19:15:00+00:00,0.117730,900
2026-02-05T19:30:00+00:00,0.113540,900
2026-02-05T19:45:00+00:00,0.104630,900
2026-02-05T20:00:00+00:00,0.110290,900
2026-02-05T20:15:00+00:00,0.105760,900
2026-02-05T20:30:00+00:00,0.102150,900
2026-02-05T20:45:00+00:00,0.094040,900
2026-02-05T21:00:00+00:00,0.106760,900
2026-02-05T21:15:00+00:00,0.101430,900
2026-02-05T21:30:00+00:00,0.102610,900
2026-02-05T21:45:00+00:00,0.099610,900
2026-02-05T22:00:00+00:00,0.103850,900
2026-02-05T22:15:00+00:00,0.098530,900
2026-02-05T22:30:00+00:00,0.095200,900
2026-02-05T22:45:00+00:00,0.085980,900
2026-02-05T23:00:00+00:00,0.100520,900
2026-02-05T23:15:00+00:00,0.095850,900
2026-02-05T23:30:00+00:00,0.095800,900
2026-02-05T23:45:00+00:00,0.094020,900
2026-02-06T00:00:00+00:00,0.098250,900
2026-02-06T00:15:00+00:00,0.095730,900
2026-02-06T00:30:00+00:00,0.094920,900
2026-02-06T00:45:00+00:00,0.092070,900
2026-02-06T01:00:00+00:00,0.094390,900
2026-02-06T01:15:00+00:00,0.092350,900
2026-02-06T01:30:00+00:00,0.089110,900
2026-02-06T01:45:00+00:00,0.090640,900
2026-02-06T02:00:00+00:00,0.089100,900
2026-02-06T02:15:00+00:00,0.090110,900
2026-02-06T02:30:00+00:00,0.088790,900
2026-02-06T02:45:00+00:00,0.087760,900
2026-02-06T03:00:00+00:00,0.087150,900
2026-02-06T03:15:00+00:00,0.087910,900
2026-02-06T03:30:00+00:00,0.088400,900
2026-02-06T03:45:00+00:00,0.089800,900
2026-02-06T04:00:00+00:00,0.093840,900
2026-02-06T04:15:00+00:00,0.091940,900
2026-02-06T04:30:00+00:00,0.093510,900
2026-02-06T04:45:00+00:00,0.100770,900
2026-02-06T05:00:00+00:00,0.092650,900
2026-02-06T05:15:00+00:00,0.102870,900
2026-02-06T05:30:00+00:00,0.108720,900
2026-02-06T05:45:00+00:00,0.113500,900
2026-02-06T06:00:00+00:00,0.115470,900
2026-02-06T06:15:00+00:00,0.128240,900
2026-02-06T06:30:00+00:00,0.142180,900
2026-02-06T06:45:00+00:00,0.140770,900
2026-02-06T07:00:00+00:00,0.136600,900
2026-02-06T07:15:00+00:00,0.141820,900
2026-02-06T07:30:00+00:00,0.142120,900
2026-02-06T07:45:00+00:00,0.142100,900
2026-02-06T08:00:00+00:00,0.144760,900
2026-02-06T08:15:00+00:00,0.141480,900
2026-02-06T08:30:00+00:00,0.136500,900
2026-02-06T08:45:00+00:00,0.132830,900
2026-02-06T09:00:00+00:00,0.141630,900
2026-02-06T09:15:00+00:00,0.136300,900
2026-02-06T09:30:00+00:00,0.133450,900
2026-02-06T09:45:00+00:00,0.129310,900
2026-02-06T10:00:00+00:00,0.136380,900
2026-02-06T10:15:00+00:00,0.131600,900
2026-02-06T10:30:00+00:00,0.128950,900
2026-02-06T10:45:00+00:00,0.121410,900
2026-02-06T11:00:00+00:00,0.124270,900
2026-02-06T11:15:00+00:00,0.122950,900
2026-02-06T11:30:00+00:00,0.125390,900
2026-02-06T11:45:00+00:00,0.119780,900
2026-02-06T12:00:00+00:00,0.127830,900
2026-02-06T12:15:00+00:00,0.123000,900
2026-02-06T12:30:00+00:00,0.122470,900
2026-02-06T12:45:00+00:00,0.118180,900
2026-02-06T13:00:00+00:00,0.115190,900
2026-02-06T13:15:00+00:00,0.120440,900
2026-02-06T13:30:00+00:00,0.124710,900
2026-02-06T13:45:00+00:00,0.129980,900
2026-02-06T14:00:00+00:00,0.118960,900
2026-02-06T14:15:00+00:00,0.124370,900
2026-02-06T14:30:00+00:00,0.129490,900
2026-02-06T14:45:00+00:00,0.136950,900
2026-02-06T15:00:00+00:00,0.121030,900
2026-02-06T15:15:00+00:00,0.125530,900
2026-02-06T15:30:00+00:00,0.127480,900
2026-02-06T15:45:00+00:00,0.128700,900
2026-02-06T16:00:00+00:00,0.122310,900
2026-02-06T16:15:00+00:00,0.131270,900
2026-02-06T16:30:00+00:00,0.135760,900
2026-02-06T16:45:00+00:00,0.140960,900
2026-02-06T17:00:00+00:00,0.136930,900
2026-02-06T17:15:00+00:00,0.134570,900
2026-02-06T17:30:00+00:00,0.125720,900
2026-02-06T17:45:00+00:00,0.125490,900
2026-02-06T18:00:00+00:00,0.135400,900
2026-02-06T18:15:00+00:00,0.124730,900
2026-02-06T18:30:00+00:00,0.127300,900
2026-02-06T18:45:00+00:00,0.114960,900
2026-02-06T19:00:00+00:00,0.119940,900
2026-02-06T19:15:00+00:00,0.109560,900
2026-02-06T19:30:00+00:00,0.107370,900
2026-02-06T19:45:00+00:00,0.103530,900
2026-02-06T20:00:00+00:00,0.110470,900
2026-02-06T20:15:00+00:00,0.107540,900
2026-02-06T20:30:00+00:00,0.103950,900
2026-02-06T20:45:00+00:00,0.098470,900
2026-02-06T21:00:00+00:00,0.105080,900
2026-02-06T21:15:00+00:00,0.101950,900
2026-02-06T21:30:00+00:00,0.104510,900
2026-02-06T21:45:00+00:00,0.101780,900
2026-02-06T22:00:00+00:00,0.105000,900
2026-02-06T22:15:00+00:00,0.099650,900
2026-02-06T22:30:00+00:00,0.101290,900
2026-02-06T22:45:00+00:00,0.095710,900
2026-02-06T23:00:00+00:00,0.104250,900
2026-02-06T23:15:00+00:00,0.101030,900
2026-02-06T23:30:00+00:00,0.095030,900
2026-02-06T23:45:00+00:00,0.094150,900
2026-02-07T00:00:00+00:00,0.097130,900
2026-02-07T00:15:00+00:00,0.094530,900
2026-02-07T00:30:00+00:00,0.098970,900
2026-02-07T00:45:00+00:00,0.095550,900
2026-02-07T01:00:00+00:00,0.095680,900
2026-02-07T01:15:00+00:00,0.094200,900
2026-02-07T01:30:00+00:00,0.092490,900
2026-02-07T01:45:00+00:00,0.089570,900
2026-02-07T02:00:00+00:00,0.093680,900
2026-02-07T02:15:00+00:00,0.089980,900
2026-02-07T02:30:00+00:00,0.089450,900
2026-02-07T02:45:00+00:00,0.086950,900
2026-02-07T03:00:00+00:00,0.089100,900
2026-02-07T03:15:00+00:00,0.089090,900
2026-02-07T03:30:00+00:00,0.087700,900
2026-02-07T03:45:00+00:00,0.087320,900
2026-02-07T04:00:00+00:00,0.087680,900
2026-02-07T04:15:00+00:00,0.089020,900
2026-02-07T04:30:00+00:00,0.090090,900
2026-02-07T04:45:00+00:00,0.091820,900
2026-02-07T05:00:00+00:00,0.084500,900
2026-02-07T05:15:00+00:00,0.091090,900
2026-02-07T05:30:00+00:00,0.093050,900
2026-02-07T05:45:00+00:00,0.098050,900
2026-02-07T06:00:00+00:00,0.097590,900
2026-02-07T06:15:00+00:00,0.099330,900
2026-02-07T06:30:00+00:00,0.102250,900
2026-02-07T06:45:00+00:00,0.105160,900
2026-02-07T07:00:00+00:00,0.104200,900
2026-02-07T07:15:00+00:00,0.108630,900
2026-02-07T07:30:00+00:00,0.113060,900
2026-02-07T07:45:00+00:00,0.109430,900
2026-02-07T08:00:00+00:00,0.118740,900
2026-02-07T08:15:00+00:00,0.111690,900
2026-02-07T08:30:00+00:00,0.112400,900
2026-02-07T08:45:00+00:00,0.103550,900
2026-02-07T09:00:00+00:00,0.112970,900
2026-02-07T09:15:00+00:00,0.102550,900
2026-02-07T09:30:00+00:00,0.099810,900
2026-02-07T09:45:00+00:00,0.092410,900
2026-02-07T10:00:00+00:00,0.100910,900
2026-02-07T10:15:00+00:00,0.096320,900
2026-02-07T10:30:00+00:00,0.095010,900
2026-02-07T10:45:00+00:00,0.092290,900
2026-02-07T11:00:00+00:00,0.096090,900
2026-02-07T11:15:00+00:00,0.091990,900
2026-02-07T11:30:00+00:00,0.090580,900
2026-02-07T11:45:00+00:00,0.088520,900
2026-02-07T12:00:00+00:00,0.090940,900
2026-02-07T12:15:00+00:00,0.089930,900
2026-02-07T12:30:00+00:00,0.087640,900
2026-02-07T12:45:00+00:00,0.088000,900
2026-02-07T13:00:00+00:00,0.084210,900
2026-02-07T13:15:00+00:00,0.086310,900
2026-02-07T13:30:00+00:00,0.089850,900
2026-02-07T13:45:00+00:00,0.094540,900
2026-02-07T14:00:00+00:00,0.089090,900
2026-02-07T14:15:00+00:00,0.091990,900
2026-02-07T14:30:00+00:00,0.096960,900
2026-02-07T14:45:00+00:00,0.101960,900
2026-02-07T15:00:00+00:00,0.095530,900
2026-02-07T15:15:00+00:00,0.105170,900
2026-02-07T15:30:00+00:00,0.114510,900
2026-02-07T15:45:00+00:00,0.123150,900
2026-02-07T16:00:00+00:00,0.119050,900
2026-02-07T16:15:00+00:00,0.123510,900
2026-02-07T16:30:00+00:00,0.129570,900
2026-02-07T16:45:00+00:00,0.134880,900
2026-02-07T17:00:00+00:00,0.131830,900
2026-02-07T17:15:00+00:00,0.132040,900
2026-02-07T17:30:00+00:00,0.131100,900
2026-02-07T17:45:00+00:00,0.130280,900
2026-02-07T18:00:00+00:00,0.129290,900
2026-02-07T18:15:00+00:00,0.128210,900
2026-02-07T18:30:00+00:00,0.122580,900
2026-02-07T18:45:00+00:00,0.115280,900
2026-02-07T19:00:00+00:00,0.119990,900
2026-02-07T19:15:00+00:00,0.110320,900
2026-02-07T19:30:00+00:00,0.105720,900
2026-02-07T19:45:00+00:00,0.101460,900
2026-02-07T20:00:00+00:00,0.106550,900
2026-02-07T20:15:00+00:00,0.103080,900
2026-02-07T20:30:00+00:00,0.100630,900
2026-02-07T20:45:00+00:00,0.096350,900
2026-02-07T21:00:00+00:00,0.106380,900
2026-02-07T21:15:00+00:00,0.103880,900
2026-02-07T21:30:00+00:00,0.102920,900
2026-02-07T21:45:00+00:00,0.100000,900
2026-02-07T22:00:00+00:00,0.104200,900
2026-02-07T22:15:00+00:00,0.099880,900
2026-02-07T22:30:00+00:00,0.096110,900
2026-02-07T22:45:00+00:00,0.091800,900
2026-02-07T23:00:00+00:00,0.108870,900
2026-02-07T23:15:00+00:00,0.101130,900
2026-02-07T23:30:00+00:00,0.097820,900
2026-02-07T23:45:00+00:00,0.093070,900
2026-02-08T00:00:00+00:00,0.097790,900
2026-02-08T00:15:00+00:00,0.098660,900
2026-02-08T00:30:00+00:00,0.097100,900
2026-02-08T00:45:00+00:00,0.095210,900
2026-02-08T01:00:00+00:00,0.098050,900
2026-02-08T01:15:00+00:00,0.095230,900
2026-02-08T01:30:00+00:00,0.092690,900
2026-02-08T01:45:00+00:00,0.091630,900
2026-02-08T02:00:00+00:00,0.093490,900
2026-02-08T02:15:00+00:00,0.092250,900
2026-02-08T02:30:00+00:00,0.091130,900
2026-02-08T02:45:00+00:00,0.091610,900
2026-02-08T03:00:00+00:00,0.090350,900
2026-02-08T03:15:00+00:00,0.090430,900
2026-02-08T03:30:00+00:00,0.090730,900
2026-02-08T03:45:00+00:00,0.090330,900
2026-02-08T04:00:00+00:00,0.092120,900
2026-02-08T04:15:00+00:00,0.091440,900
2026-02-08T04:30:00+00:00,0.090360,900
2026-02-08T04:45:00+00:00,0.091610,900
2026-02-08T05:00:00+00:00,0.084800,900
2026-02-08T05:15:00+00:00,0.087670,900
2026-02-08T05:30:00+00:00,0.090980,900
2026-02-08T05:45:00+00:00,0.095960,900
2026-02-08T06:00:00+00:00,0.088200,900
2026-02-08T06:15:00+00:00,0.091330,900
2026-02-08T06:30:00+00:00,0.094690,900
2026-02-08T06:45:00+00:00,0.099100,900
2026-02-08T07:00:00+00:00,0.094410,900
2026-02-08T07:15:00+00:00,0.098720,900
2026-02-08T07:30:00+00:00,0.100100,900
2026-02-08T07:45:00+00:00,0.100040,900
2026-02-08T08:00:00+00:00,0.100160,900
2026-02-08T08:15:00+00:00,0.099870,900
2026-02-08T08:30:00+00:00,0.099490,900
2026-02-08T08:45:00+00:00,0.093780,900
2026-02-08T09:00:00+00:00,0.100900,900
2026-02-08T09:15:00+00:00,0.098000,900
2026-02-08T09:30:00+00:00,0.094860,900
2026-02-08T09:45:00+00:00,0.093120,900
2026-02-08T10:00:00+00:00,0.096900,900
2026-02-08T10:15:00+00:00,0.093980,900
2026-02-08T10:30:00+00:00,0.092530,900
2026-02-08T10:45:00+00:00,0.090440,900
2026-02-08T11:00:00+00:00,0.092030,900
2026-02-08T11:15:00+00:00,0.090500,900
2026-02-08T11:30:00+00:00,0.092560,900
2026-02-08T11:45:00+00:00,0.089590,900
2026-02-08T12:00:00+00:00,0.090800,900
2026-02-08T12:15:00+00:00,0.088970,900
2026-02-08T12:30:00+00:00,0.090880,900
2026-02-08T12:45:00+00:00,0.089170,900
2026-02-08T13:00:00+00:00,0.088760,900
2026-02-08T13:15:00+00:00,0.089900,900
2026-02-08T13:30:00+00:00,0.091290,900
2026-02-08T13:45:00+00:00,0.093730,900
2026-02-08T14:00:00+00:00,0.092690,900
2026-02-08T14:15:00+00:00,0.096510,900
2026-02-08T14:30:00+00:00,0.099100,900
2026-02-08T14:45:00+00:00,0.105630,900
2026-02-08T15:00:00+00:00,0.092940,900
2026-02-08T15:15:00+00:00,0.100570,900
2026-02-08T15:30:00+00:00,0.107460,900
2026-02-08T15:45:00+00:00,0.118190,900
2026-02-08T16:00:00+00:00,0.111910,900
2026-02-08T16:15:00+00:00,0.120090,900
2026-02-08T16:30:00+00:00,0.125410,900
2026-02-08T16:45:00+00:00,0.129300,900
2026-02-08T17:00:00+00:00,0.126950,900
2026-02-08T17:15:00+00:00,0.129890,900
2026-02-08T17:30:00+00:00,0.132550,900
2026-02-08T17:45:00+00:00,0.129840,900
2026-02-08T18:00:00+00:00,0.132960,900
2026-02-08T18:15:00+00:00,0.129550,900
2026-02-08T18:30:00+00:00,0.125090,900
2026-02-08T18:45:00+00:00,0.120000,900
2026-02-08T19:00:00+00:00,0.122210,900
2026-02-08T19:15:00+00:00,0.113650,900
2026-02-08T19:30:00+00:00,0.109350,900
2026-02-08T19:45:00+00:00,0.103880,900
2026-02-08T20:00:00+00:00,0.109680,900
2026-02-08T20:15:00+00:00,0.107090,900
2026-02-08T20:30:00+00:00,0.103630,900
2026-02-08T20:45:00+00:00,0.101050,900
2026-02-08T21:00:00+00:00,0.105510,900
2026-02-08T21:15:00+00:00,0.104160,900
2026-02-08T21:30:00+00:00,0.104140,900
2026-02-08T21:45:00+00:00,0.101420,900
2026-02-08T22:00:00+00:00,0.102250,900
2026-02-08T22:15:00+00:00,0.101710,900
2026-02-08T22:30:00+00:00,0.100280,900
2026-02-08T22:45:00+00:00,0.093740,900
2026-02-08T23:00:00+00:00,0.099880,900
2026-02-08T23:15:00+00:00,0.097300,900
2026-02-08T23:30:00+00:00,0.092380,900
2026-02-08T23:45:00+00:00,0.089400,900
2026-02-09T00:00:00+00:00,0.095920,900
2026-02-09T00:15:00+00:00,0.093200,900
2026-02-09T00:30:00+00:00,0.092940,900
2026-02-09T00:45:00+00:00,0.090530,900
2026-02-09T01:00:00+00:00,0.094070,900
2026-02-09T01:15:00+00:00,0.092250,900
2026-02-09T01:30:00+00:00,0.092750,900
2026-02-09T01:45:00+00:00,0.088920,900
2026-02-09T02:00:00+00:00,0.090940,900
2026-02-09T02:15:00+00:00,0.090030,900
2026-02-09T02:30:00+00:00,0.090250,900
2026-02-09T02:45:00+00:00,0.089770,900
2026-02-09T03:00:00+00:00,0.087870,900
2026-02-09T03:15:00+00:00,0.089180,900
2026-02-09T03:30:00+00:00,0.090110,900
2026-02-09T03:45:00+00:00,0.095180,900
2026-02-09T04:00:00+00:00,0.091870,900
2026-02-09T04:15:00+00:00,0.096480,900
2026-02-09T04:30:00+00:00,0.101270,900
2026-02-09T04:45:00+00:00,0.110000,900
2026-02-09T05:00:00+00:00,0.101270,900
2026-02-09T05:15:00+00:00,0.116410,900
2026-02-09T05:30:00+00:00,0.130750,900
2026-02-09T05:45:00+00:00,0.158330,900
2026-02-09T06:00:00+00:00,0.129990,900
2026-02-09T06:15:00+00:00,0.152360,900
2026-02-09T06:30:00+00:00,0.160000,900
2026-02-09T06:45:00+00:00,0.163640,900
2026-02-09T07:00:00+00:00,0.170290,900
2026-02-09T07:15:00+00:00,0.179320,900
2026-02-09T07:30:00+00:00,0.179340,900
2026-02-09T07:45:00+00:00,0.175090,900
2026-02-09T08:00:00+00:00,0.182410,900
2026-02-09T08:15:00+00:00,0.171320,900
2026-02-09T08:30:00+00:00,0.151840,900
2026-02-09T08:45:00+00:00,0.148060,900
2026-02-09T09:00:00+00:00,0.158590,900
2026-02-09T09:15:00+00:00,0.154960,900
2026-02-09T09:30:00+00:00,0.146040,900
2026-02-09T09:45:00+00:00,0.136630,900
2026-02-09T10:00:00+00:00,0.142940,900
2026-02-09T10:15:00+00:00,0.138970,900
2026-02-09T10:30:00+00:00,0.136310,900
2026-02-09T10:45:00+00:00,0.129950,900
2026-02-09T11:00:00+00:00,0.138440,900
2026-02-09T11:15:00+00:00,0.131460,900
2026-02-09T11:30:00+00:00,0.129110,900
2026-02-09T11:45:00+00:00,0.122740,900
2026-02-09T12:00:00+00:00,0.130010,900
2026-02-09T12:15:00+00:00,0.128360,900
2026-02-09T12:30:00+00:00,0.124600,900
2026-02-09T12:45:00+00:00,0.120260,900
2026-02-09T13:00:00+00:00,0.116470,900
2026-02-09T13:15:00+00:00,0.125230,900
2026-02-09T13:30:00+00:00,0.132180,900
2026-02-09T13:45:00+00:00,0.140500,900
2026-02-09T14:00:00+00:00,0.120080,900
2026-02-09T14:15:00+00:00,0.129900,900
2026-02-09T14:30:00+00:00,0.145320,900
2026-02-09T14:45:00+00:00,0.157910,900
2026-02-09T15:00:00+00:00,0.128610,900
2026-02-09T15:15:00+00:00,0.148240,900
2026-02-09T15:30:00+00:00,0.168240,900
2026-02-09T15:45:00+00:00,0.175400,900
2026-02-09T16:00:00+00:00,0.169060,900
2026-02-09T16:15:00+00:00,0.207560,900
2026-02-09T16:30:00+00:00,0.216590,900
2026-02-09T16:45:00+00:00,0.218580,900
2026-02-09T17:00:00+00:00,0.181730,900
2026-02-09T17:15:00+00:00,0.173400,900
2026-02-09T17:30:00+00:00,0.165840,900
2026-02-09T17:45:00+00:00,0.172830,900
2026-02-09T18:00:00+00:00,0.183640,900
2026-02-09T18:15:00+00:00,0.163280,900
2026-02-09T18:30:00+00:00,0.152480,900
2026-02-09T18:45:00+00:00,0.137170,900
2026-02-09T19:00:00+00:00,0.153800,900
2026-02-09T19:15:00+00:00,0.140670,900
2026-02-09T19:30:00+00:00,0.132990,900
2026-02-09T19:45:00+00:00,0.120870,900
2026-02-09T20:00:00+00:00,0.139220,900
2026-02-09T20:15:00+00:00,0.134720,900
2026-02-09T20:30:00+00:00,0.122190,900
2026-02-09T20:45:00+00:00,0.107360,900
2026-02-09T21:00:00+00:00,0.120930,900
2026-02-09T21:15:00+00:00,0.114400,900
2026-02-09T21:30:00+00:00,0.118430,900
2026-02-09T21:45:00+00:00,0.108660,900
2026-02-09T22:00:00+00:00,0.110850,900
2026-02-09T22:15:00+00:00,0.100140,900
2026-02-09T22:30:00+00:00,0.102340,900
2026-02-09T22:45:00+00:00,0.093290,900
2026-02-09T23:00:00+00:00,0.102300,900
2026-02-09T23:15:00+00:00,0.096210,900
2026-02-09T23:30:00+00:00,0.092720,900
2026-02-09T23:45:00+00:00,0.090120,900
2026-02-10T00:00:00+00:00,0.097370,900
2026-02-10T00:15:00+00:00,0.093150,900
2026-02-10T00:30:00+00:00,0.095330,900
2026-02-10T00:45:00+00:00,0.092470,900
2026-02-10T01:00:00+00:00,0.092900,900
2026-02-10T01:15:00+00:00,0.091500,900
2026-02-10T01:30:00+00:00,0.090930,900
2026-02-10T01:45:00+00:00,0.089500,900
2026-02-10T02:00:00+00:00,0.088970,900
2026-02-10T02:15:00+00:00,0.084820,900
2026-02-10T02:30:00+00:00,0.080100,900
2026-02-10T02:45:00+00:00,0.082110,900
2026-02-10T03:00:00+00:00,0.085620,900
2026-02-10T03:15:00+00:00,0.083250,900
2026-02-10T03:30:00+00:00,0.085360,900
2026-02-10T03:45:00+00:00,0.077000,900
2026-02-10T04:00:00+00:00,0.083550,900
2026-02-10T04:15:00+00:00,0.084490,900
2026-02-10T04:30:00+00:00,0.082990,900
2026-02-10T04:45:00+00:00,0.088970,900
2026-02-10T05:00:00+00:00,0.086670,900
2026-02-10T05:15:00+00:00,0.105340,900
2026-02-10T05:30:00+00:00,0.116730,900
2026-02-10T05:45:00+00:00,0.132490,900
2026-02-10T06:00:00+00:00,0.114090,900
2026-02-10T06:15:00+00:00,0.123600,900
2026-02-10T06:30:00+00:00,0.133950,900
2026-02-10T06:45:00+00:00,0.139280,900
2026-02-10T07:00:00+00:00,0.140660,900
2026-02-10T07:15:00+00:00,0.140850,900
2026-02-10T07:30:00+00:00,0.137480,900
2026-02-10T07:45:00+00:00,0.133480,900
2026-02-10T08:00:00+00:00,0.141080,900
2026-02-10T08:15:00+00:00,0.131440,900
2026-02-10T08:30:00+00:00,0.125470,900
2026-02-10T08:45:00+00:00,0.117150,900
2026-02-10T09:00:00+00:00,0.137190,900
2026-02-10T09:15:00+00:00,0.127000,900
2026-02-10T09:30:00+00:00,0.120300,900
2026-02-10T09:45:00+00:00,0.109380,900
2026-02-10T10:00:00+00:00,0.124570,900
2026-02-10T10:15:00+00:00,0.117990,900
2026-02-10T10:30:00+00:00,0.110550,900
2026-02-10T10:45:00+00:00,0.104030,900
2026-02-10T11:00:00+00:00,0.109500,900
2026-02-10T11:15:00+00:00,0.102300,900
2026-02-10T11:30:00+00:00,0.104920,900
2026-02-10T11:45:00+00:00,0.101000,900
2026-02-10T12:00:00+00:00,0.102950,900
2026-02-10T12:15:00+00:00,0.098500,900
2026-02-10T12:30:00+00:00,0.105250,900
2026-02-10T12:45:00+00:00,0.104300,900
2026-02-10T13:00:00+00:00,0.104030,900
2026-02-10T13:15:00+00:00,0.106570,900
2026-02-10T13:30:00+00:00,0.111010,900
2026-02-10T13:45:00+00:00,0.114860,900
2026-02-10T14:00:00+00:00,0.111220,900
2026-02-10T14:15:00+00:00,0.114500,900
2026-02-10T14:30:00+00:00,0.126160,900
2026-02-10T14:45:00+00:00,0.126680,900
2026-02-10T15:00:00+00:00,0.113910,900
2026-02-10T15:15:00+00:00,0.118370,900
2026-02-10T15:30:00+00:00,0.116570,900
2026-02-10T15:45:00+00:00,0.124840,900
2026-02-10T16:00:00+00:00,0.122330,900
2026-02-10T16:15:00+00:00,0.121350,900
2026-02-10T16:30:00+00:00,0.129910,900
2026-02-10T16:45:00+00:00,0.133270,900
2026-02-10T17:00:00+00:00,0.134920,900
2026-02-10T17:15:00+00:00,0.129040,900
2026-02-10T17:30:00+00:00,0.124050,900
2026-02-10T17:45:00+00:00,0.117400,900
2026-02-10T18:00:00+00:00,0.126610,900
2026-02-10T18:15:00+00:00,0.119480,900
2026-02-10T18:30:00+00:00,0.114060,900
2026-02-10T18:45:00+00:00,0.103980,900
2026-02-10T19:00:00+00:00,0.115770,900
2026-02-10T19:15:00+00:00,0.106240,900
2026-02-10T19:30:00+00:00,0.097070,900
2026-02-10T19:45:00+00:00,0.096120,900
2026-02-10T20:00:00+00:00,0.100870,900
2026-02-10T20:15:00+00:00,0.097750,900
2026-02-10T20:30:00+00:00,0.095340,900
2026-02-10T20:45:00+00:00,0.092150,900
2026-02-10T21:00:00+00:00,0.098740,900
2026-02-10T21:15:00+00:00,0.095720,900
2026-02-10T21:30:00+00:00,0.098100,900
2026-02-10T21:45:00+00:00,0.093910,900
2026-02-10T22:00:00+00:00,0.096140,900
2026-02-10T22:15:00+00:00,0.092770,900
2026-02-10T22:30:00+00:00,0.090330,900
2026-02-10T22:45:00+00:00,0.081900,900
2026-02-10T23:00:00+00:00,0.087730,900
2026-02-10T23:15:00+00:00,0.086490,900
2026-02-10T23:30:00+00:00,0.088060,900
2026-02-10T23:45:00+00:00,0.086400,900
2026-02-11T00:00:00+00:00,0.088060,900
2026-02-11T00:15:00+00:00,0.088660,900
2026-02-11T00:30:00+00:00,0.087190,900
2026-02-11T00:45:00+00:00,0.085100,900
2026-02-11T01:00:00+00:00,0.090050,900
2026-02-11T01:15:00+00:00,0.084280,900
2026-02-11T01:30:00+00:00,0.083070,900
2026-02-11T01:45:00+00:00,0.083070,900
2026-02-11T02:00:00+00:00,0.083040,900
2026-02-11T02:15:00+00:00,0.083040,900
2026-02-11T02:30:00+00:00,0.083040,900
2026-02-11T02:45:00+00:00,0.082380,900
2026-02-11T03:00:00+00:00,0.083030,900
2026-02-11T03:15:00+00:00,0.082940,900
2026-02-11T03:30:00+00:00,0.083030,900
2026-02-11T03:45:00+00:00,0.083030,900
2026-02-11T04:00:00+00:00,0.083510,900
2026-02-11T04:15:00+00:00,0.084590,900
2026-02-11T04:30:00+00:00,0.088640,900
2026-02-11T04:45:00+00:00,0.092500,900
2026-02-11T05:00:00+00:00,0.087500,900
2026-02-11T05:15:00+00:00,0.094700,900
2026-02-11T05:30:00+00:00,0.100630,900
2026-02-11T05:45:00+00:00,0.109990,900
2026-02-11T06:00:00+00:00,0.099450,900
2026-02-11T06:15:00+00:00,0.116100,900
2026-02-11T06:30:00+00:00,0.121820,900
2026-02-11T06:45:00+00:00,0.118240,900
2026-02-11T07:00:00+00:00,0.119700,900
2026-02-11T07:15:00+00:00,0.120370,900
2026-02-11T07:30:00+00:00,0.125060,900
2026-02-11T07:45:00+00:00,0.121470,900
2026-02-11T08:00:00+00:00,0.125780,900
2026-02-11T08:15:00+00:00,0.120280,900
2026-02-11T08:30:00+00:00,0.121030,900
2026-02-11T08:45:00+00:00,0.113960,900
2026-02-11T09:00:00+00:00,0.118440,900
2026-02-11T09:15:00+00:00,0.116650,900
2026-02-11T09:30:00+00:00,0.109570,900
2026-02-11T09:45:00+00:00,0.107870,900
2026-02-11T10:00:00+00:00,0.114600,900
2026-02-11T10:15:00+00:00,0.113470,900
2026-02-11T10:30:00+00:00,0.106990,900
2026-02-11T10:45:00+00:00,0.102980,900
2026-02-11T11:00:00+00:00,0.104260,900
2026-02-11T11:15:00+00:00,0.100940,900
2026-02-11T11:30:00+00:00,0.099010,900
2026-02-11T11:45:00+00:00,0.098920,900
2026-02-11T12:00:00+00:00,0.103960,900
2026-02-11T12:15:00+00:00,0.103000,900
2026-02-11T12:30:00+00:00,0.101220,900
2026-02-11T12:45:00+00:00,0.099100,900
2026-02-11T13:00:00+00:00,0.099600,900
2026-02-11T13:15:00+00:00,0.101610,900
2026-02-11T13:30:00+00:00,0.102190,900
2026-02-11T13:45:00+00:00,0.103720,900
2026-02-11T14:00:00+00:00,0.101560,900
2026-02-11T14:15:00+00:00,0.101600,900
2026-02-11T14:30:00+00:00,0.105080,900
2026-02-11T14:45:00+00:00,0.107100,900
2026-02-11T15:00:00+00:00,0.103260,900
2026-02-11T15:15:00+00:00,0.106120,900
2026-02-11T15:30:00+00:00,0.111940,900
2026-02-11T15:45:00+00:00,0.115170,900
2026-02-11T16:00:00+00:00,0.106120,900
2026-02-11T16:15:00+00:00,0.116910,900
2026-02-11T16:30:00+00:00,0.116160,900
2026-02-11T16:45:00+00:00,0.116740,900
2026-02-11T17:00:00+00:00,0.119100,900
2026-02-11T17:15:00+00:00,0.113560,900
2026-02-11T17:30:00+00:00,0.114050,900
2026-02-11T17:45:00+00:00,0.114580,900
2026-02-11T18:00:00+00:00,0.116040,900
2026-02-11T18:15:00+00:00,0.105410,900
2026-02-11T18:30:00+00:00,0.100490,900
2026-02-11T18:45:00+00:00,0.097180,900
2026-02-11T19:00:00+00:00,0.100410,900
2026-02-11T19:15:00+00:00,0.097940,900
2026-02-11T19:30:00+00:00,0.094750,900
2026-02-11T19:45:00+00:00,0.091380,900
2026-02-11T20:00:00+00:00,0.096470,900
2026-02-11T20:15:00+00:00,0.095310,900
2026-02-11T20:30:00+00:00,0.093150,900
2026-02-11T20:45:00+00:00,0.087520,900
2026-02-11T21:00:00+00:00,0.094730,900
2026-02-11T21:15:00+00:00,0.091140,900
2026-02-11T21:30:00+00:00,0.090490,900
2026-02-11T21:45:00+00:00,0.086900,900
2026-02-11T22:00:00+00:00,0.097200,900
2026-02-11T22:15:00+00:00,0.096230,900
2026-02-11T22:30:00+00:00,0.093790,900
2026-02-11T22:45:00+00:00,0.088700,900
2026-02-11T23:00:00+00:00,0.089890,900
2026-02-11T23:15:00+00:00,0.087260,900
2026-02-11T23:30:00+00:00,0.088980,900
2026-02-11T23:45:00+00:00,0.086150,900
2026-02-12T00:00:00+00:00,0.088230,900
2026-02-12T00:15:00+00:00,0.086720,900
2026-02-12T00:30:00+00:00,0.087340,900
2026-02-12T00:45:00+00:00,0.087960,900
2026-02-12T01:00:00+00:00,0.087040,900
2026-02-12T01:15:00+00:00,0.087570,900
2026-02-12T01:30:00+00:00,0.085880,900
2026-02-12T01:45:00+00:00,0.084760,900
2026-02-12T02:00:00+00:00,0.084800,900
2026-02-12T02:15:00+00:00,0.083680,900
2026-02-12T02:30:00+00:00,0.084860,900
2026-02-12T02:45:00+00:00,0.085940,900
2026-02-12T03:00:00+00:00,0.084830,900
2026-02-12T03:15:00+00:00,0.085660,900
2026-02-12T03:30:00+00:00,0.086070,900
2026-02-12T03:45:00+00:00,0.087160,900
2026-02-12T04:00:00+00:00,0.086580,900
2026-02-12T04:15:00+00:00,0.087080,900
2026-02-12T04:30:00+00:00,0.090370,900
2026-02-12T04:45:00+00:00,0.093520,900
2026-02-12T05:00:00+00:00,0.089820,900
2026-02-12T05:15:00+00:00,0.091130,900
2026-02-12T05:30:00+00:00,0.097500,900
2026-02-12T05:45:00+00:00,0.098180,900
2026-02-12T06:00:00+00:00,0.092860,900
2026-02-12T06:15:00+00:00,0.104550,900
2026-02-12T06:30:00+00:00,0.112920,900
2026-02-12T06:45:00+00:00,0.115000,900
2026-02-12T07:00:00+00:00,0.113100,900
2026-02-12T07:15:00+00:00,0.113380,900
2026-02-12T07:30:00+00:00,0.114470,900
2026-02-12T07:45:00+00:00,0.113530,900
2026-02-12T08:00:00+00:00,0.121560,900
2026-02-12T08:15:00+00:00,0.115730,900
2026-02-12T08:30:00+00:00,0.109020,900
2026-02-12T08:45:00+00:00,0.103350,900
2026-02-12T09:00:00+00:00,0.115240,900
2026-02-12T09:15:00+00:00,0.108700,900
2026-02-12T09:30:00+00:00,0.106960,900
2026-02-12T09:45:00+00:00,0.105110,900
2026-02-12T10:00:00+00:00,0.106020,900
2026-02-12T10:15:00+00:00,0.104240,900
2026-02-12T10:30:00+00:00,0.100130,900
2026-02-12T10:45:00+00:00,0.096050,900
2026-02-12T11:00:00+00:00,0.097520,900
2026-02-12T11:15:00+00:00,0.093960,900
2026-02-12T11:30:00+00:00,0.096200,900
2026-02-12T11:45:00+00:00,0.093190,900
2026-02-12T12:00:00+00:00,0.094350,900
2026-02-12T12:15:00+00:00,0.093480,900
2026-02-12T12:30:00+00:00,0.092140,900
2026-02-12T12:45:00+00:00,0.090900,900
2026-02-12T13:00:00+00:00,0.093220,900
2026-02-12T13:15:00+00:00,0.093590,900
2026-02-12T13:30:00+00:00,0.093750,900
2026-02-12T13:45:00+00:00,0.095490,900
2026-02-12T14:00:00+00:00,0.091100,900
2026-02-12T14:15:00+00:00,0.090630,900
2026-02-12T14:30:00+00:00,0.096470,900
2026-02-12T14:45:00+00:00,0.102020,900
2026-02-12T15:00:00+00:00,0.093800,900
2026-02-12T15:15:00+00:00,0.096850,900
2026-02-12T15:30:00+00:00,0.102910,900
2026-02-12T15:45:00+00:00,0.109180,900
2026-02-12T16:00:00+00:00,0.099510,900
2026-02-12T16:15:00+00:00,0.110460,900
2026-02-12T16:30:00+00:00,0.118380,900
2026-02-12T16:45:00+00:00,0.118610,900
2026-02-12T17:00:00+00:00,0.121790,900
2026-02-12T17:15:00+00:00,0.115100,900
2026-02-12T17:30:00+00:00,0.115420,900
2026-02-12T17:45:00+00:00,0.110280,900
2026-02-12T18:00:00+00:00,0.123900,900
2026-02-12T18:15:00+00:00,0.116430,900
2026-02-12T18:30:00+00:00,0.109710,900
2026-02-12T18:45:00+00:00,0.103320,900
2026-02-12T19:00:00+00:00,0.115070,900
2026-02-12T19:15:00+00:00,0.098830,900
2026-02-12T19:30:00+00:00,0.095050,900
2026-02-12T19:45:00+00:00,0.091770,900
2026-02-12T20:00:00+00:00,0.097750,900
2026-02-12T20:15:00+00:00,0.094690,900
2026-02-12T20:30:00+00:00,0.095100,900
2026-02-12T20:45:00+00:00,0.091040,900
2026-02-12T21:00:00+00:00,0.098320,900
2026-02-12T21:15:00+00:00,0.091700,900
2026-02-12T21:30:00+00:00,0.094020,900
2026-02-12T21:45:00+00:00,0.093210,900
2026-02-12T22:00:00+00:00,0.090780,900
2026-02-12T22:15:00+00:00,0.090820,900
2026-02-12T22:30:00+00:00,0.083300,900
2026-02-12T22:45:00+00:00,0.075100,900
2026-02-12T23:00:00+00:00,0.099280,900
2026-02-12T23:15:00+00:00,0.085190,900
2026-02-12T23:30:00+00:00,0.083320,900
2026-02-12T23:45:00+00:00,0.081660,900
2026-02-13T00:00:00+00:00,0.084080,900
2026-02-13T00:15:00+00:00,0.084040,900
2026-02-13T00:30:00+00:00,0.083500,900
2026-02-13T00:45:00+00:00,0.083610,900
2026-02-13T01:00:00+00:00,0.082800,900
2026-02-13T01:15:00+00:00,0.087090,900
2026-02-13T01:30:00+00:00,0.086790,900
2026-02-13T01:45:00+00:00,0.083430,900
2026-02-13T02:00:00+00:00,0.082540,900
2026-02-13T02:15:00+00:00,0.085070,900
2026-02-13T02:30:00+00:00,0.084630,900
2026-02-13T02:45:00+00:00,0.082800,900
2026-02-13T03:00:00+00:00,0.081720,900
2026-02-13T03:15:00+00:00,0.082840,900
2026-02-13T03:30:00+00:00,0.084050,900
2026-02-13T03:45:00+00:00,0.085450,900
2026-02-13T04:00:00+00:00,0.084070,900
2026-02-13T04:15:00+00:00,0.083860,900
2026-02-13T04:30:00+00:00,0.087940,900
2026-02-13T04:45:00+00:00,0.093430,900
2026-02-13T05:00:00+00:00,0.077150,900
2026-02-13T05:15:00+00:00,0.086610,900
2026-02-13T05:30:00+00:00,0.095550,900
2026-02-13T05:45:00+00:00,0.107930,900
2026-02-13T06:00:00+00:00,0.096000,900
2026-02-13T06:15:00+00:00,0.113950,900
2026-02-13T06:30:00+00:00,0.116250,900
2026-02-13T06:45:00+00:00,0.121100,900
2026-02-13T07:00:00+00:00,0.115810,900
2026-02-13T07:15:00+00:00,0.120670,900
2026-02-13T07:30:00+00:00,0.121360,900
2026-02-13T07:45:00+00:00,0.121540,900
2026-02-13T08:00:00+00:00,0.128490,900
2026-02-13T08:15:00+00:00,0.120580,900
2026-02-13T08:30:00+00:00,0.112220,900
2026-02-13T08:45:00+00:00,0.104900,900
2026-02-13T09:00:00+00:00,0.111730,900
2026-02-13T09:15:00+00:00,0.105660,900
2026-02-13T09:30:00+00:00,0.100840,900
2026-02-13T09:45:00+00:00,0.096950,900
2026-02-13T10:00:00+00:00,0.100850,900
2026-02-13T10:15:00+00:00,0.098320,900
2026-02-13T10:30:00+00:00,0.097170,900
2026-02-13T10:45:00+00:00,0.096830,900
2026-02-13T11:00:00+00:00,0.096830,900
2026-02-13T11:15:00+00:00,0.095040,900
2026-02-13T11:30:00+00:00,0.095190,900
2026-02-13T11:45:00+00:00,0.093230,900
2026-02-13T12:00:00+00:00,0.093980,900
2026-02-13T12:15:00+00:00,0.093760,900
2026-02-13T12:30:00+00:00,0.094420,900
2026-02-13T12:45:00+00:00,0.093530,900
2026-02-13T13:00:00+00:00,0.096120,900
2026-02-13T13:15:00+00:00,0.096650,900
2026-02-13T13:30:00+00:00,0.100100,900
2026-02-13T13:45:00+00:00,0.102660,900
2026-02-13T14:00:00+00:00,0.099210,900
2026-02-13T14:15:00+00:00,0.103550,900
2026-02-13T14:30:00+00:00,0.111460,900
2026-02-13T14:45:00+00:00,0.115930,900
2026-02-13T15:00:00+00:00,0.111850,900
2026-02-13T15:15:00+00:00,0.115140,900
2026-02-13T15:30:00+00:00,0.117950,900
2026-02-13T15:45:00+00:00,0.126590,900
2026-02-13T16:00:00+00:00,0.113620,900
2026-02-13T16:15:00+00:00,0.123350,900
2026-02-13T16:30:00+00:00,0.127730,900
2026-02-13T16:45:00+00:00,0.131200,900
2026-02-13T17:00:00+00:00,0.133990,900
2026-02-13T17:15:00+00:00,0.131010,900
2026-02-13T17:30:00+00:00,0.134850,900
2026-02-13T17:45:00+00:00,0.133240,900
2026-02-13T18:00:00+00:00,0.144040,900
2026-02-13T18:15:00+00:00,0.134740,900
2026-02-13T18:30:00+00:00,0.127180,900
2026-02-13T18:45:00+00:00,0.115150,900
2026-02-13T19:00:00+00:00,0.127030,900
2026-02-13T19:15:00+00:00,0.122540,900
2026-02-13T19:30:00+00:00,0.114410,900
2026-02-13T19:45:00+00:00,0.105600,900
2026-02-13T20:00:00+00:00,0.117900,900
2026-02-13T20:15:00+00:00,0.102100,900
2026-02-13T20:30:00+00:00,0.091870,900
2026-02-13T20:45:00+00:00,0.084100,900
2026-02-13T21:00:00+00:00,0.096200,900
2026-02-13T21:15:00+00:00,0.095020,900
2026-02-13T21:30:00+00:00,0.100100,900
2026-02-13T21:45:00+00:00,0.095510,900
2026-02-13T22:00:00+00:00,0.099230,900
2026-02-13T22:15:00+00:00,0.092850,900
2026-02-13T22:30:00+00:00,0.094870,900
2026-02-13T22:45:00+00:00,0.085320,900
2026-02-13T23:00:00+00:00,0.097150,900
2026-02-13T23:15:00+00:00,0.091950,900
2026-02-13T23:30:00+00:00,0.086450,900
2026-02-13T23:45:00+00:00,0.082020,900
2026-02-14T00:00:00+00:00,0.088450,900
2026-02-14T00:15:00+00:00,0.084740,900
2026-02-14T00:30:00+00:00,0.081440,900
2026-02-14T00:45:00+00:00,0.078400,900
2026-02-14T01:00:00+00:00,0.083920,900
2026-02-14T01:15:00+00:00,0.079960,900
2026-02-14T01:30:00+00:00,0.077900,900
2026-02-14T01:45:00+00:00,0.078220,900
2026-02-14T02:00:00+00:00,0.082310,900
2026-02-14T02:15:00+00:00,0.079500,900
2026-02-14T02:30:00+00:00,0.078040,900
2026-02-14T02:45:00+00:00,0.077740,900
2026-02-14T03:00:00+00:00,0.078250,900
2026-02-14T03:15:00+00:00,0.077980,900
2026-02-14T03:30:00+00:00,0.077510,900
2026-02-14T03:45:00+00:00,0.076820,900
2026-02-14T04:00:00+00:00,0.078680,900
2026-02-14T04:15:00+00:00,0.076800,900
2026-02-14T04:30:00+00:00,0.079130,900
2026-02-14T04:45:00+00:00,0.080510,900
2026-02-14T05:00:00+00:00,0.079540,900
2026-02-14T05:15:00+00:00,0.079450,900
2026-02-14T05:30:00+00:00,0.079970,900
2026-02-14T05:45:00+00:00,0.082380,900
2026-02-14T06:00:00+00:00,0.080430,900
2026-02-14T06:15:00+00:00,0.079390,900
2026-02-14T06:30:00+00:00,0.082670,900
2026-02-14T06:45:00+00:00,0.085140,900
2026-02-14T07:00:00+00:00,0.086360,900
2026-02-14T07:15:00+00:00,0.090190,900
2026-02-14T07:30:00+00:00,0.091650,900
2026-02-14T07:45:00+00:00,0.091970,900
2026-02-14T08:00:00+00:00,0.100070,900
2026-02-14T08:15:00+00:00,0.098040,900
2026-02-14T08:30:00+00:00,0.095100,900
2026-02-14T08:45:00+00:00,0.092030,900
2026-02-14T09:00:00+00:00,0.098970,900
2026-02-14T09:15:00+00:00,0.093790,900
2026-02-14T09:30:00+00:00,0.091850,900
2026-02-14T09:45:00+00:00,0.088020,900
2026-02-14T10:00:00+00:00,0.091930,900
2026-02-14T10:15:00+00:00,0.088740,900
2026-02-14T10:30:00+00:00,0.087220,900
2026-02-14T10:45:00+00:00,0.085440,900
2026-02-14T11:00:00+00:00,0.086830,900
2026-02-14T11:15:00+00:00,0.086060,900
2026-02-14T11:30:00+00:00,0.085100,900
2026-02-14T11:45:00+00:00,0.083000,900
2026-02-14T12:00:00+00:00,0.085880,900
2026-02-14T12:15:00+00:00,0.085280,900
2026-02-14T12:30:00+00:00,0.082220,900
2026-02-14T12:45:00+00:00,0.083460,900
2026-02-14T13:00:00+00:00,0.082140,900
2026-02-14T13:15:00+00:00,0.085710,900
2026-02-14T13:30:00+00:00,0.087920,900
2026-02-14T13:45:00+00:00,0.093390,900
2026-02-14T14:00:00+00:00,0.086880,900
2026-02-14T14:15:00+00:00,0.090780,900
2026-02-14T14:30:00+00:00,0.093970,900
2026-02-14T14:45:00+00:00,0.101300,900
2026-02-14T15:00:00+00:00,0.090760,900
2026-02-14T15:15:00+00:00,0.100080,900
2026-02-14T15:30:00+00:00,0.106830,900
2026-02-14T15:45:00+00:00,0.112350,900
2026-02-14T16:00:00+00:00,0.098380,900
2026-02-14T16:15:00+00:00,0.111120,900
2026-02-14T16:30:00+00:00,0.117770,900
2026-02-14T16:45:00+00:00,0.124500,900
2026-02-14T17:00:00+00:00,0.120580,900
2026-02-14T17:15:00+00:00,0.124680,900
2026-02-14T17:30:00+00:00,0.132890,900
2026-02-14T17:45:00+00:00,0.130320,900
2026-02-14T18:00:00+00:00,0.133680,900
2026-02-14T18:15:00+00:00,0.129070,900
2026-02-14T18:30:00+00:00,0.126670,900
2026-02-14T18:45:00+00:00,0.123440,900
2026-02-14T19:00:00+00:00,0.129520,900
2026-02-14T19:15:00+00:00,0.125110,900
2026-02-14T19:30:00+00:00,0.113600,900
2026-02-14T19:45:00+00:00,0.112870,900
2026-02-14T20:00:00+00:00,0.120730,900
2026-02-14T20:15:00+00:00,0.117350,900
2026-02-14T20:30:00+00:00,0.108700,900
2026-02-14T20:45:00+00:00,0.102130,900
2026-02-14T21:00:00+00:00,0.115390,900
2026-02-14T21:15:00+00:00,0.108880,900
2026-02-14T21:30:00+00:00,0.105970,900
2026-02-14T21:45:00+00:00,0.102110,900
2026-02-14T22:00:00+00:00,0.102910,900
2026-02-14T22:15:00+00:00,0.100290,900
2026-02-14T22:30:00+00:00,0.100790,900
2026-02-14T22:45:00+00:00,0.092440,900
2026-02-14T23:00:00+00:00,0.107380,900
2026-02-14T23:15:00+00:00,0.101500,900
2026-02-14T23:30:00+00:00,0.092900,900
2026-02-14T23:45:00+00:00,0.089360,900
2026-02-15T00:00:00+00:00,0.100080,900
2026-02-15T00:15:00+00:00,0.096060,900
2026-02-15T00:30:00+00:00,0.093640,900
2026-02-15T00:45:00+00:00,0.089420,900
2026-02-15T01:00:00+00:00,0.094020,900
2026-02-15T01:15:00+00:00,0.092290,900
2026-02-15T01:30:00+00:00,0.090380,900
2026-02-15T01:45:00+00:00,0.089250,900
2026-02-15T02:00:00+00:00,0.088540,900
2026-02-15T02:15:00+00:00,0.087540,900
2026-02-15T02:30:00+00:00,0.087780,900
2026-02-15T02:45:00+00:00,0.084130,900
2026-02-15T03:00:00+00:00,0.086750,900
2026-02-15T03:15:00+00:00,0.086680,900
2026-02-15T03:30:00+00:00,0.086750,900
2026-02-15T03:45:00+00:00,0.086420,900
2026-02-15T04:00:00+00:00,0.090000,900
2026-02-15T04:15:00+00:00,0.085900,900
2026-02-15T04:30:00+00:00,0.084360,900
2026-02-15T04:45:00+00:00,0.083380,900
2026-02-15T05:00:00+00:00,0.084890,900
2026-02-15T05:15:00+00:00,0.084210,900
2026-02-15T05:30:00+00:00,0.085650,900
2026-02-15T05:45:00+00:00,0.083920,900
2026-02-15T06:00:00+00:00,0.087760,900
2026-02-15T06:15:00+00:00,0.084030,900
2026-02-15T06:30:00+00:00,0.086170,900
2026-02-15T06:45:00+00:00,0.085300,900
2026-02-15T07:00:00+00:00,0.092410,900
2026-02-15T07:15:00+00:00,0.087930,900
2026-02-15T07:30:00+00:00,0.086700,900
2026-02-15T07:45:00+00:00,0.082670,900
2026-02-15T08:00:00+00:00,0.086860,900
2026-02-15T08:15:00+00:00,0.082610,900
2026-02-15T08:30:00+00:00,0.083490,900
2026-02-15T08:45:00+00:00,0.078420,900
2026-02-15T09:00:00+00:00,0.091390,900
2026-02-15T09:15:00+00:00,0.077430,900
2026-02-15T09:30:00+00:00,0.075390,900
2026-02-15T09:45:00+00:00,0.064480,900
2026-02-15T10:00:00+00:00,0.071290,900
2026-02-15T10:15:00+00:00,0.068310,900
2026-02-15T10:30:00+00:00,0.066560,900
2026-02-15T10:45:00+00:00,0.061140,900
2026-02-15T11:00:00+00:00,0.067430,900
2026-02-15T11:15:00+00:00,0.067120,900
2026-02-15T11:30:00+00:00,0.062960,900
2026-02-15T11:45:00+00:00,0.056930,900
2026-02-15T12:00:00+00:00,0.064920,900
2026-02-15T12:15:00+00:00,0.059060,900
2026-02-15T12:30:00+00:00,0.058700,900
2026-02-15T12:45:00+00:00,0.055600,900
2026-02-15T13:00:00+00:00,0.063710,900
2026-02-15T13:15:00+00:00,0.060300,900
2026-02-15T13:30:00+00:00,0.066220,900
2026-02-15T13:45:00+00:00,0.069230,900
2026-02-15T14:00:00+00:00,0.062050,900
2026-02-15T14:15:00+00:00,0.066370,900
2026-02-15T14:30:00+00:00,0.074290,900
2026-02-15T14:45:00+00:00,0.085100,900
2026-02-15T15:00:00+00:00,0.071200,900
2026-02-15T15:15:00+00:00,0.082670,900
2026-02-15T15:30:00+00:00,0.088680,900
2026-02-15T15:45:00+00:00,0.094270,900
2026-02-15T16:00:00+00:00,0.092500,900
2026-02-15T16:15:00+00:00,0.096990,900
2026-02-15T16:30:00+00:00,0.100100,900
2026-02-15T16:45:00+00:00,0.103600,900
2026-02-15T17:00:00+00:00,0.104110,900
2026-02-15T17:15:00+00:00,0.103940,900
2026-02-15T17:30:00+00:00,0.105310,900
2026-02-15T17:45:00+00:00,0.095700,900
2026-02-15T18:00:00+00:00,0.103800,900
2026-02-15T18:15:00+00:00,0.098040,900
2026-02-15T18:30:00+00:00,0.098570,900
2026-02-15T18:45:00+00:00,0.100200,900
2026-02-15T19:00:00+00:00,0.097100,900
2026-02-15T19:15:00+00:00,0.098440,900
2026-02-15T19:30:00+00:00,0.097740,900
2026-02-15T19:45:00+00:00,0.098120,900
2026-02-15T20:00:00+00:00,0.104150,900
2026-02-15T20:15:00+00:00,0.099180,900
2026-02-15T20:30:00+00:00,0.096000,900
2026-02-15T20:45:00+00:00,0.093940,900
2026-02-15T21:00:00+00:00,0.100100,900
2026-02-15T21:15:00+00:00,0.091950,900
2026-02-15T21:30:00+00:00,0.089610,900
2026-02-15T21:45:00+00:00,0.077940,900
2026-02-15T22:00:00+00:00,0.076680,900
2026-02-15T22:15:00+00:00,0.080100,900
2026-02-15T22:30:00+00:00,0.085990,900
2026-02-15T22:45:00+00:00,0.085920,900
2026-02-15T23:00:00+00:00,0.110000,900
2026-02-15T23:15:00+00:00,0.102230,900
2026-02-15T23:30:00+00:00,0.093840,900
2026-02-15T23:45:00+00:00,0.085530,900
2026-02-16T00:00:00+00:00,0.108900,900
2026-02-16T00:15:00+00:00,0.091490,900
2026-02-16T00:30:00+00:00,0.084970,900
2026-02-16T00:45:00+00:00,0.078920,900
2026-02-16T01:00:00+00:00,0.104060,900
2026-02-16T01:15:00+00:00,0.099000,900
2026-02-16T01:30:00+00:00,0.083120,900
2026-02-16T01:45:00+00:00,0.077230,900
2026-02-16T02:00:00+00:00,0.089010,900
2026-02-16T02:15:00+00:00,0.078980,900
2026-02-16T02:30:00+00:00,0.077310,900
2026-02-16T02:45:00+00:00,0.074700,900
2026-02-16T03:00:00+00:00,0.079760,900
2026-02-16T03:15:00+00:00,0.071750,900
2026-02-16T03:30:00+00:00,0.071740,900
2026-02-16T03:45:00+00:00,0.077100,900
2026-02-16T04:00:00+00:00,0.060100,900
2026-02-16T04:15:00+00:00,0.066880,900
2026-02-16T04:30:00+00:00,0.076050,900
2026-02-16T04:45:00+00:00,0.082190,900
2026-02-16T05:00:00+00:00,0.056370,900
2026-02-16T05:15:00+00:00,0.073230,900
2026-02-16T05:30:00+00:00,0.083910,900
2026-02-16T05:45:00+00:00,0.105110,900
2026-02-16T06:00:00+00:00,0.076970,900
2026-02-16T06:15:00+00:00,0.084650,900
2026-02-16T06:30:00+00:00,0.094110,900
2026-02-16T06:45:00+00:00,0.090670,900
2026-02-16T07:00:00+00:00,0.106730,900
2026-02-16T07:15:00+00:00,0.103010,900
2026-02-16T07:30:00+00:00,0.103100,900
2026-02-16T07:45:00+00:00,0.102550,900
2026-02-16T08:00:00+00:00,0.113070,900
2026-02-16T08:15:00+00:00,0.110620,900
2026-02-16T08:30:00+00:00,0.108480,900
2026-02-16T08:45:00+00:00,0.103030,900
2026-02-16T09:00:00+00:00,0.118590,900
2026-02-16T09:15:00+00:00,0.104640,900
2026-02-16T09:30:00+00:00,0.097700,900
2026-02-16T09:45:00+00:00,0.094630,900
2026-02-16T10:00:00+00:00,0.097580,900
2026-02-16T10:15:00+00:00,0.094520,900
2026-02-16T10:30:00+00:00,0.093860,900
2026-02-16T10:45:00+00:00,0.093090,900
2026-02-16T11:00:00+00:00,0.091360,900
2026-02-16T11:15:00+00:00,0.080680,900
2026-02-16T11:30:00+00:00,0.081280,900
2026-02-16T11:45:00+00:00,0.081060,900
2026-02-16T12:00:00+00:00,0.082030,900
2026-02-16T12:15:00+00:00,0.081780,900
2026-02-16T12:30:00+00:00,0.082030,900
2026-02-16T12:45:00+00:00,0.084520,900
2026-02-16T13:00:00+00:00,0.079510,900
2026-02-16T13:15:00+00:00,0.082060,900
2026-02-16T13:30:00+00:00,0.086990,900
2026-02-16T13:45:00+00:00,0.087570,900
2026-02-16T14:00:00+00:00,0.084050,900
2026-02-16T14:15:00+00:00,0.086640,900
2026-02-16T14:30:00+00:00,0.094590,900
2026-02-16T14:45:00+00:00,0.099890,900
2026-02-16T15:00:00+00:00,0.093180,900
2026-02-16T15:15:00+00:00,0.100680,900
2026-02-16T15:30:00+00:00,0.103940,900
2026-02-16T15:45:00+00:00,0.107580,900
2026-02-16T16:00:00+00:00,0.105290,900
2026-02-16T16:15:00+00:00,0.114330,900
2026-02-16T16:30:00+00:00,0.114970,900
2026-02-16T16:45:00+00:00,0.121060,900
2026-02-16T17:00:00+00:00,0.115620,900
2026-02-16T17:15:00+00:00,0.115940,900
2026-02-16T17:30:00+00:00,0.113050,900
2026-02-16T17:45:00+00:00,0.117940,900
2026-02-16T18:00:00+00:00,0.130980,900
2026-02-16T18:15:00+00:00,0.118880,900
2026-02-16T18:30:00+00:00,0.113030,900
2026-02-16T18:45:00+00:00,0.106890,900
2026-02-16T19:00:00+00:00,0.109000,900
2026-02-16T19:15:00+00:00,0.107030,900
2026-02-16T19:30:00+00:00,0.101930,900
2026-02-16T19:45:00+00:00,0.096540,900
2026-02-16T20:00:00+00:00,0.099600,900
2026-02-16T20:15:00+00:00,0.095120,900
2026-02-16T20:30:00+00:00,0.087700,900
2026-02-16T20:45:00+00:00,0.083930,900
2026-02-16T21:00:00+00:00,0.093540,900
2026-02-16T21:15:00+00:00,0.092350,900
2026-02-16T21:30:00+00:00,0.089160,900
2026-02-16T21:45:00+00:00,0.084070,900
2026-02-16T22:00:00+00:00,0.089890,900
2026-02-16T22:15:00+00:00,0.083220,900
2026-02-16T22:30:00+00:00,0.080000,900
2026-02-16T22:45:00+00:00,0.075000,900
2026-02-16T23:00:00+00:00,0.081080,900
2026-02-16T23:15:00+00:00,0.078640,900
2026-02-16T23:30:00+00:00,0.075460,900
2026-02-16T23:45:00+00:00,0.074600,900
2026-02-17T00:00:00+00:00,0.075960,900
2026-02-17T00:15:00+00:00,0.074340,900
2026-02-17T00:30:00+00:00,0.074170,900
2026-02-17T00:45:00+00:00,0.073620,900
2026-02-17T01:00:00+00:00,0.074050,900
2026-02-17T01:15:00+00:00,0.073990,900
2026-02-17T01:30:00+00:00,0.074720,900
2026-02-17T01:45:00+00:00,0.074450,900
2026-02-17T02:00:00+00:00,0.074980,900
2026-02-17T02:15:00+00:00,0.074550,900
2026-02-17T02:30:00+00:00,0.074600,900
2026-02-17T02:45:00+00:00,0.073370,900
2026-02-17T03:00:00+00:00,0.071330,900
2026-02-17T03:15:00+00:00,0.074420,900
2026-02-17T03:30:00+00:00,0.072460,900
2026-02-17T03:45:00+00:00,0.075230,900
2026-02-17T04:00:00+00:00,0.072430,900
2026-02-17T04:15:00+00:00,0.075080,900
2026-02-17T04:30:00+00:00,0.076720,900
2026-02-17T04:45:00+00:00,0.087230,900
2026-02-17T05:00:00+00:00,0.080630,900
2026-02-17T05:15:00+00:00,0.091560,900
2026-02-17T05:30:00+00:00,0.095280,900
2026-02-17T05:45:00+00:00,0.103900,900
2026-02-17T06:00:00+00:00,0.096270,900
2026-02-17T06:15:00+00:00,0.107860,900
2026-02-17T06:30:00+00:00,0.108640,900
2026-02-17T06:45:00+00:00,0.117700,900
2026-02-17T07:00:00+00:00,0.109390,900
2026-02-17T07:15:00+00:00,0.109110,900
2026-02-17T07:30:00+00:00,0.111990,900
2026-02-17T07:45:00+00:00,0.106920,900
2026-02-17T08:00:00+00:00,0.122560,900
2026-02-17T08:15:00+00:00,0.104380,900
2026-02-17T08:30:00+00:00,0.096500,900
2026-02-17T08:45:00+00:00,0.087300,900
2026-02-17T09:00:00+00:00,0.094610,900
2026-02-17T09:15:00+00:00,0.091560,900
2026-02-17T09:30:00+00:00,0.089340,900
2026-02-17T09:45:00+00:00,0.088170,900
2026-02-17T10:00:00+00:00,0.089010,900
2026-02-17T10:15:00+00:00,0.085990,900
2026-02-17T10:30:00+00:00,0.079930,900
2026-02-17T10:45:00+00:00,0.075590,900
2026-02-17T11:00:00+00:00,0.079540,900
2026-02-17T11:15:00+00:00,0.076870,900
2026-02-17T11:30:00+00:00,0.078500,900
2026-02-17T11:45:00+00:00,0.072850,900
2026-02-17T12:00:00+00:00,0.079610,900
2026-02-17T12:15:00+00:00,0.075830,900
2026-02-17T12:30:00+00:00,0.070980,900
2026-02-17T12:45:00+00:00,0.071980,900
2026-02-17T13:00:00+00:00,0.074810,900
2026-02-17T13:15:00+00:00,0.075440,900
2026-02-17T13:30:00+00:00,0.076440,900
2026-02-17T13:45:00+00:00,0.078960,900
2026-02-17T14:00:00+00:00,0.076350,900
2026-02-17T14:15:00+00:00,0.077120,900
2026-02-17T14:30:00+00:00,0.082870,900
2026-02-17T14:45:00+00:00,0.092150,900
2026-02-17T15:00:00+00:00,0.090320,900
2026-02-17T15:15:00+00:00,0.086930,900
2026-02-17T15:30:00+00:00,0.085750,900
2026-02-17T15:45:00+00:00,0.097000,900
2026-02-17T16:00:00+00:00,0.096560,900
2026-02-17T16:15:00+00:00,0.101370,900
2026-02-17T16:30:00+00:00,0.111840,900
2026-02-17T16:45:00+00:00,0.120140,900
2026-02-17T17:00:00+00:00,0.120280,900
2026-02-17T17:15:00+00:00,0.121650,900
2026-02-17T17:30:00+00:00,0.132010,900
2026-02-17T17:45:00+00:00,0.134140,900
2026-02-17T18:00:00+00:00,0.133390,900
2026-02-17T18:15:00+00:00,0.129760,900
2026-02-17T18:30:00+00:00,0.123750,900
2026-02-17T18:45:00+00:00,0.111740,900
2026-02-17T19:00:00+00:00,0.120000,900
2026-02-17T19:15:00+00:00,0.112240,900
2026-02-17T19:30:00+00:00,0.108430,900
2026-02-17T19:45:00+00:00,0.105290,900
2026-02-17T20:00:00+00:00,0.110940,900
2026-02-17T20:15:00+00:00,0.105190,900
2026-02-17T20:30:00+00:00,0.097190,900
2026-02-17T20:45:00+00:00,0.086490,900
2026-02-17T21:00:00+00:00,0.097250,900
2026-02-17T21:15:00+00:00,0.094060,900
2026-02-17T21:30:00+00:00,0.089420,900
2026-02-17T21:45:00+00:00,0.087860,900
2026-02-17T22:00:00+00:00,0.091820,900
2026-02-17T22:15:00+00:00,0.088030,900
2026-02-17T22:30:00+00:00,0.087640,900
2026-02-17T22:45:00+00:00,0.081300,900
2026-02-17T23:00:00+00:00,0.091810,900
2026-02-17T23:15:00+00:00,0.091870,900
2026-02-17T23:30:00+00:00,0.087510,900
2026-02-17T23:45:00+00:00,0.087070,900
2026-02-18T00:00:00+00:00,0.087700,900
2026-02-18T00:15:00+00:00,0.084900,900
2026-02-18T00:30:00+00:00,0.087400,900
2026-02-18T00:45:00+00:00,0.085160,900
2026-02-18T01:00:00+00:00,0.087780,900
2026-02-18T01:15:00+00:00,0.086660,900
2026-02-18T01:30:00+00:00,0.087030,900
2026-02-18T01:45:00+00:00,0.084130,900
2026-02-18T02:00:00+00:00,0.085650,900
2026-02-18T02:15:00+00:00,0.083950,900
2026-02-18T02:30:00+00:00,0.082470,900
2026-02-18T02:45:00+00:00,0.083710,900
2026-02-18T03:00:00+00:00,0.083020,900
2026-02-18T03:15:00+00:00,0.085970,900
2026-02-18T03:30:00+00:00,0.085300,900
2026-02-18T03:45:00+00:00,0.086460,900
2026-02-18T04:00:00+00:00,0.087930,900
2026-02-18T04:15:00+00:00,0.087830,900
2026-02-18T04:30:00+00:00,0.090840,900
2026-02-18T04:45:00+00:00,0.098590,900
2026-02-18T05:00:00+00:00,0.089360,900
2026-02-18T05:15:00+00:00,0.102060,900
2026-02-18T05:30:00+00:00,0.116450,900
2026-02-18T05:45:00+00:00,0.136200,900
2026-02-18T06:00:00+00:00,0.133530,900
2026-02-18T06:15:00+00:00,0.151230,900
2026-02-18T06:30:00+00:00,0.175850,900
2026-02-18T06:45:00+00:00,0.188670,900
2026-02-18T07:00:00+00:00,0.193720,900
2026-02-18T07:15:00+00:00,0.186270,900
2026-02-18T07:30:00+00:00,0.167250,900
2026-02-18T07:45:00+00:00,0.136130,900
2026-02-18T08:00:00+00:00,0.145290,900
2026-02-18T08:15:00+00:00,0.131870,900
2026-02-18T08:30:00+00:00,0.117190,900
2026-02-18T08:45:00+00:00,0.102890,900
2026-02-18T09:00:00+00:00,0.123290,900
2026-02-18T09:15:00+00:00,0.108200,900
2026-02-18T09:30:00+00:00,0.099180,900
2026-02-18T09:45:00+00:00,0.089160,900
2026-02-18T10:00:00+00:00,0.095380,900
2026-02-18T10:15:00+00:00,0.088400,900
2026-02-18T10:30:00+00:00,0.089200,900
2026-02-18T10:45:00+00:00,0.086620,900
2026-02-18T11:00:00+00:00,0.093710,900
2026-02-18T11:15:00+00:00,0.088240,900
2026-02-18T11:30:00+00:00,0.080100,900
2026-02-18T11:45:00+00:00,0.073220,900
2026-02-18T12:00:00+00:00,0.081790,900
2026-02-18T12:15:00+00:00,0.076500,900
2026-02-18T12:30:00+00:00,0.076750,900
2026-02-18T12:45:00+00:00,0.073240,900
2026-02-18T13:00:00+00:00,0.073300,900
2026-02-18T13:15:00+00:00,0.071600,900
2026-02-18T13:30:00+00:00,0.078600,900
2026-02-18T13:45:00+00:00,0.088500,900
2026-02-18T14:00:00+00:00,0.059930,900
2026-02-18T14:15:00+00:00,0.077630,900
2026-02-18T14:30:00+00:00,0.090920,900
2026-02-18T14:45:00+00:00,0.109780,900
2026-02-18T15:00:00+00:00,0.037480,900
2026-02-18T15:15:00+00:00,0.073250,900
2026-02-18T15:30:00+00:00,0.113000,900
2026-02-18T15:45:00+00:00,0.116000,900
2026-02-18T16:00:00+00:00,0.041940,900
2026-02-18T16:15:00+00:00,0.076000,900
2026-02-18T16:30:00+00:00,0.098870,900
2026-02-18T16:45:00+00:00,0.128820,900
2026-02-18T17:00:00+00:00,0.119650,900
2026-02-18T17:15:00+00:00,0.100100,900
2026-02-18T17:30:00+00:00,0.080910,900
2026-02-18T17:45:00+00:00,0.070100,900
2026-02-18T18:00:00+00:00,0.118090,900
2026-02-18T18:15:00+00:00,0.113110,900
2026-02-18T18:30:00+00:00,0.104800,900
2026-02-18T18:45:00+00:00,0.101770,900
2026-02-18T19:00:00+00:00,0.097310,900
2026-02-18T19:15:00+00:00,0.088790,900
2026-02-18T19:30:00+00:00,0.081920,900
2026-02-18T19:45:00+00:00,0.084370,900
2026-02-18T20:00:00+00:00,0.097610,900
2026-02-18T20:15:00+00:00,0.092940,900
2026-02-18T20:30:00+00:00,0.081190,900
2026-02-18T20:45:00+00:00,0.079510,900
2026-02-18T21:00:00+00:00,0.091860,900
2026-02-18T21:15:00+00:00,0.084380,900
2026-02-18T21:30:00+00:00,0.083940,900
2026-02-18T21:45:00+00:00,0.082230,900
2026-02-18T22:00:00+00:00,0.087440,900
2026-02-18T22:15:00+00:00,0.081890,900
2026-02-18T22:30:00+00:00,0.080550,900
2026-02-18T22:45:00+00:00,0.071370,900
2026-02-18T23:00:00+00:00,0.077330,900
2026-02-18T23:15:00+00:00,0.075410,900
2026-02-18T23:30:00+00:00,0.072750,900
2026-02-18T23:45:00+00:00,0.070100,900
2026-02-19T00:00:00+00:00,0.076480,900
2026-02-19T00:15:00+00:00,0.072650,900
2026-02-19T00:30:00+00:00,0.072910,900
2026-02-19T00:45:00+00:00,0.066630,900
2026-02-19T01:00:00+00:00,0.074110,900
2026-02-19T01:15:00+00:00,0.070840,900
2026-02-19T01:30:00+00:00,0.070060,900
2026-02-19T01:45:00+00:00,0.068940,900
2026-02-19T02:00:00+00:00,0.071960,900
2026-02-19T02:15:00+00:00,0.069650,900
2026-02-19T02:30:00+00:00,0.069540,900
2026-02-19T02:45:00+00:00,0.069770,900
2026-02-19T03:00:00+00:00,0.064780,900
2026-02-19T03:15:00+00:00,0.066560,900
2026-02-19T03:30:00+00:00,0.068730,900
2026-02-19T03:45:00+00:00,0.071240,900
2026-02-19T04:00:00+00:00,0.070470,900
2026-02-19T04:15:00+00:00,0.072780,900
2026-02-19T04:30:00+00:00,0.077910,900
2026-02-19T04:45:00+00:00,0.078730,900
2026-02-19T05:00:00+00:00,0.073020,900
2026-02-19T05:15:00+00:00,0.076720,900
2026-02-19T05:30:00+00:00,0.079720,900
2026-02-19T05:45:00+00:00,0.088410,900
2026-02-19T06:00:00+00:00,0.078250,900
2026-02-19T06:15:00+00:00,0.083340,900
2026-02-19T06:30:00+00:00,0.085920,900
2026-02-19T06:45:00+00:00,0.083910,900
2026-02-19T07:00:00+00:00,0.089480,900
2026-02-19T07:15:00+00:00,0.092280,900
2026-02-19T07:30:00+00:00,0.092670,900
2026-02-19T07:45:00+00:00,0.090250,900
2026-02-19T08:00:00+00:00,0.098390,900
2026-02-19T08:15:00+00:00,0.095990,900
2026-02-19T08:30:00+00:00,0.094310,900
2026-02-19T08:45:00+00:00,0.087510,900
2026-02-19T09:00:00+00:00,0.099320,900
2026-02-19T09:15:00+00:00,0.087480,900
2026-02-19T09:30:00+00:00,0.075100,900
2026-02-19T09:45:00+00:00,0.070100,900
2026-02-19T10:00:00+00:00,0.090380,900
2026-02-19T10:15:00+00:00,0.090450,900
2026-02-19T10:30:00+00:00,0.088360,900
2026-02-19T10:45:00+00:00,0.086850,900
2026-02-19T11:00:00+00:00,0.081940,900
2026-02-19T11:15:00+00:00,0.080760,900
2026-02-19T11:30:00+00:00,0.080760,900
2026-02-19T11:45:00+00:00,0.079370,900
2026-02-19T12:00:00+00:00,0.080800,900
2026-02-19T12:15:00+00:00,0.080080,900
2026-02-19T12:30:00+00:00,0.079990,900
2026-02-19T12:45:00+00:00,0.079130,900
2026-02-19T13:00:00+00:00,0.074290,900
2026-02-19T13:15:00+00:00,0.077030,900
2026-02-19T13:30:00+00:00,0.079000,900
2026-02-19T13:45:00+00:00,0.080070,900
2026-02-19T14:00:00+00:00,0.078970,900
2026-02-19T14:15:00+00:00,0.081540,900
2026-02-19T14:30:00+00:00,0.088850,900
2026-02-19T14:45:00+00:00,0.092380,900
2026-02-19T15:00:00+00:00,0.081190,900
2026-02-19T15:15:00+00:00,0.088480,900
2026-02-19T15:30:00+00:00,0.091650,900
2026-02-19T15:45:00+00:00,0.095510,900
2026-02-19T16:00:00+00:00,0.092060,900
2026-02-19T16:15:00+00:00,0.095040,900
2026-02-19T16:30:00+00:00,0.101170,900
2026-02-19T16:45:00+00:00,0.107090,900
2026-02-19T17:00:00+00:00,0.096840,900
2026-02-19T17:15:00+00:00,0.104720,900
2026-02-19T17:30:00+00:00,0.119450,900
2026-02-19T17:45:00+00:00,0.118200,900
2026-02-19T18:00:00+00:00,0.115350,900
2026-02-19T18:15:00+00:00,0.110980,900
2026-02-19T18:30:00+00:00,0.104660,900
2026-02-19T18:45:00+00:00,0.093010,900
2026-02-19T19:00:00+00:00,0.108250,900
2026-02-19T19:15:00+00:00,0.098590,900
2026-02-19T19:30:00+00:00,0.095960,900
2026-02-19T19:45:00+00:00,0.091850,900
2026-02-19T20:00:00+00:00,0.093580,900
2026-02-19T20:15:00+00:00,0.089140,900
2026-02-19T20:30:00+00:00,0.080100,900
2026-02-19T20:45:00+00:00,0.073910,900
2026-02-19T21:00:00+00:00,0.090960,900
2026-02-19T21:15:00+00:00,0.089100,900
2026-02-19T21:30:00+00:00,0.084170,900
2026-02-19T21:45:00+00:00,0.077360,900
2026-02-19T22:00:00+00:00,0.084870,900
2026-02-19T22:15:00+00:00,0.080100,900
2026-02-19T22:30:00+00:00,0.078580,900
2026-02-19T22:45:00+00:00,0.075050,900
2026-02-19T23:00:00+00:00,0.081580,900
2026-02-19T23:15:00+00:00,0.085110,900
2026-02-19T23:30:00+00:00,0.085900,900
2026-02-19T23:45:00+00:00,0.085230,900
2026-02-20T00:00:00+00:00,0.087120,900
2026-02-20T00:15:00+00:00,0.086640,900
2026-02-20T00:30:00+00:00,0.085690,900
2026-02-20T00:45:00+00:00,0.084760,900
2026-02-20T01:00:00+00:00,0.086310,900
2026-02-20T01:15:00+00:00,0.084890,900
2026-02-20T01:30:00+00:00,0.084630,900
2026-02-20T01:45:00+00:00,0.085000,900
2026-02-20T02:00:00+00:00,0.084740,900
2026-02-20T02:15:00+00:00,0.084740,900
2026-02-20T02:30:00+00:00,0.084860,900
2026-02-20T02:45:00+00:00,0.085180,900
2026-02-20T03:00:00+00:00,0.081610,900
2026-02-20T03:15:00+00:00,0.083000,900
2026-02-20T03:30:00+00:00,0.084350,900
2026-02-20T03:45:00+00:00,0.084440,900
2026-02-20T04:00:00+00:00,0.078050,900
2026-02-20T04:15:00+00:00,0.078990,900
2026-02-20T04:30:00+00:00,0.085010,900
2026-02-20T04:45:00+00:00,0.093720,900
2026-02-20T05:00:00+00:00,0.080070,900
2026-02-20T05:15:00+00:00,0.097620,900
2026-02-20T05:30:00+00:00,0.103200,900
2026-02-20T05:45:00+00:00,0.111320,900
2026-02-20T06:00:00+00:00,0.103250,900
2026-02-20T06:15:00+00:00,0.110400,900
2026-02-20T06:30:00+00:00,0.119600,900
2026-02-20T06:45:00+00:00,0.116080,900
2026-02-20T07:00:00+00:00,0.121700,900
2026-02-20T07:15:00+00:00,0.122270,900
2026-02-20T07:30:00+00:00,0.115470,900
2026-02-20T07:45:00+00:00,0.106870,900
2026-02-20T08:00:00+00:00,0.122810,900
2026-02-20T08:15:00+00:00,0.115760,900
2026-02-20T08:30:00+00:00,0.103730,900
2026-02-20T08:45:00+00:00,0.091710,900
2026-02-20T09:00:00+00:00,0.113720,900
2026-02-20T09:15:00+00:00,0.107120,900
2026-02-20T09:30:00+00:00,0.094820,900
2026-02-20T09:45:00+00:00,0.087780,900
2026-02-20T10:00:00+00:00,0.096060,900
2026-02-20T10:15:00+00:00,0.091640,900
2026-02-20T10:30:00+00:00,0.103020,900
2026-02-20T10:45:00+00:00,0.102400,900
2026-02-20T11:00:00+00:00,0.085110,900
2026-02-20T11:15:00+00:00,0.089730,900
2026-02-20T11:30:00+00:00,0.084920,900
2026-02-20T11:45:00+00:00,0.083840,900
2026-02-20T12:00:00+00:00,0.085620,900
2026-02-20T12:15:00+00:00,0.085200,900
2026-02-20T12:30:00+00:00,0.087480,900
2026-02-20T12:45:00+00:00,0.081690,900
2026-02-20T13:00:00+00:00,0.075800,900
2026-02-20T13:15:00+00:00,0.080130,900
2026-02-20T13:30:00+00:00,0.081040,900
2026-02-20T13:45:00+00:00,0.083040,900
2026-02-20T14:00:00+00:00,0.075510,900
2026-02-20T14:15:00+00:00,0.083600,900
2026-02-20T14:30:00+00:00,0.085490,900
2026-02-20T14:45:00+00:00,0.091730,900
2026-02-20T15:00:00+00:00,0.082390,900
2026-02-20T15:15:00+00:00,0.087760,900
2026-02-20T15:30:00+00:00,0.088960,900
2026-02-20T15:45:00+00:00,0.095200,900
2026-02-20T16:00:00+00:00,0.092060,900
2026-02-20T16:15:00+00:00,0.097670,900
2026-02-20T16:30:00+00:00,0.097710,900
2026-02-20T16:45:00+00:00,0.099760,900
2026-02-20T17:00:00+00:00,0.090750,900
2026-02-20T17:15:00+00:00,0.092470,900
2026-02-20T17:30:00+00:00,0.089320,900
2026-02-20T17:45:00+00:00,0.089230,900
2026-02-20T18:00:00+00:00,0.092300,900
2026-02-20T18:15:00+00:00,0.091130,900
2026-02-20T18:30:00+00:00,0.083760,900
2026-02-20T18:45:00+00:00,0.070100,900
2026-02-20T19:00:00+00:00,0.102250,900
2026-02-20T19:15:00+00:00,0.086720,900
2026-02-20T19:30:00+00:00,0.076900,900
2026-02-20T19:45:00+00:00,0.063010,900
2026-02-20T20:00:00+00:00,0.093700,900
2026-02-20T20:15:00+00:00,0.080700,900
2026-02-20T20:30:00+00:00,0.070700,900
2026-02-20T20:45:00+00:00,0.058250,900
2026-02-20T21:00:00+00:00,0.081780,900
2026-02-20T21:15:00+00:00,0.070410,900
2026-02-20T21:30:00+00:00,0.061700,900
2026-02-20T21:45:00+00:00,0.046110,900
2026-02-20T22:00:00+00:00,0.066660,900
2026-02-20T22:15:00+00:00,0.054630,900
2026-02-20T22:30:00+00:00,0.050770,900
2026-02-20T22:45:00+00:00,0.038970,900
2026-02-20T23:00:00+00:00,0.067170,900
2026-02-20T23:15:00+00:00,0.052630,900
2026-02-20T23:30:00+00:00,0.051490,900
2026-02-20T23:45:00+00:00,0.049110,900
2026-02-21T00:00:00+00:00,0.052880,900
2026-02-21T00:15:00+00:00,0.047100,900
2026-02-21T00:30:00+00:00,0.048180,900
2026-02-21T00:45:00+00:00,0.038420,900
2026-02-21T01:00:00+00:00,0.050230,900
2026-02-21T01:15:00+00:00,0.047090,900
2026-02-21T01:30:00+00:00,0.041520,900
2026-02-21T01:45:00+00:00,0.034990,900
2026-02-21T02:00:00+00:00,0.046370,900
2026-02-21T02:15:00+00:00,0.041050,900
2026-02-21T02:30:00+00:00,0.040400,900
2026-02-21T02:45:00+00:00,0.041630,900
2026-02-21T03:00:00+00:00,0.043680,900
2026-02-21T03:15:00+00:00,0.042980,900
2026-02-21T03:30:00+00:00,0.041840,900
2026-02-21T03:45:00+00:00,0.039500,900
2026-02-21T04:00:00+00:00,0.036800,900
2026-02-21T04:15:00+00:00,0.038500,900
2026-02-21T04:30:00+00:00,0.045970,900
2026-02-21T04:45:00+00:00,0.045230,900
2026-02-21T05:00:00+00:00,0.025180,900
2026-02-21T05:15:00+00:00,0.031120,900
2026-02-21T05:30:00+00:00,0.052960,900
2026-02-21T05:45:00+00:00,0.074750,900
2026-02-21T06:00:00+00:00,0.050100,900
2026-02-21T06:15:00+00:00,0.059680,900
2026-02-21T06:30:00+00:00,0.072460,900
2026-02-21T06:45:00+00:00,0.076370,900
2026-02-21T07:00:00+00:00,0.079030,900
2026-02-21T07:15:00+00:00,0.079280,900
2026-02-21T07:30:00+00:00,0.079940,900
2026-02-21T07:45:00+00:00,0.082410,900
2026-02-21T08:00:00+00:00,0.088580,900
2026-02-21T08:15:00+00:00,0.083240,900
2026-02-21T08:30:00+00:00,0.082740,900
2026-02-21T08:45:00+00:00,0.079780,900
2026-02-21T09:00:00+00:00,0.083860,900
2026-02-21T09:15:00+00:00,0.080760,900
2026-02-21T09:30:00+00:00,0.070670,900
2026-02-21T09:45:00+00:00,0.054410,900
2026-02-21T10:00:00+00:00,0.073850,900
2026-02-21T10:15:00+00:00,0.059290,900
2026-02-21T10:30:00+00:00,0.058440,900
2026-02-21T10:45:00+00:00,0.055850,900
2026-02-21T11:00:00+00:00,0.068400,900
2026-02-21T11:15:00+00:00,0.060050,900
2026-02-21T11:30:00+00:00,0.055910,900
2026-02-21T11:45:00+00:00,0.055640,900
2026-02-21T12:00:00+00:00,0.058760,900
2026-02-21T12:15:00+00:00,0.064480,900
2026-02-21T12:30:00+00:00,0.068920,900
2026-02-21T12:45:00+00:00,0.070800,900
2026-02-21T13:00:00+00:00,0.072030,900
2026-02-21T13:15:00+00:00,0.076720,900
2026-02-21T13:30:00+00:00,0.082040,900
2026-02-21T13:45:00+00:00,0.088390,900
2026-02-21T14:00:00+00:00,0.075620,900
2026-02-21T14:15:00+00:00,0.080000,900
2026-02-21T14:30:00+00:00,0.085850,900
2026-02-21T14:45:00+00:00,0.103250,900
2026-02-21T15:00:00+00:00,0.067550,900
2026-02-21T15:15:00+00:00,0.087980,900
2026-02-21T15:30:00+00:00,0.094670,900
2026-02-21T15:45:00+00:00,0.131800,900
2026-02-21T16:00:00+00:00,0.088260,900
2026-02-21T16:15:00+00:00,0.098720,900
2026-02-21T16:30:00+00:00,0.115420,900
2026-02-21T16:45:00+00:00,0.130000,900
2026-02-21T17:00:00+00:00,0.106800,900
2026-02-21T17:15:00+00:00,0.109570,900
2026-02-21T17:30:00+00:00,0.109810,900
2026-02-21T17:45:00+00:00,0.106700,900
2026-02-21T18:00:00+00:00,0.107660,900
2026-02-21T18:15:00+00:00,0.101820,900
2026-02-21T18:30:00+00:00,0.098750,900
2026-02-21T18:45:00+00:00,0.097150,900
2026-02-21T19:00:00+00:00,0.096540,900
2026-02-21T19:15:00+00:00,0.092400,900
2026-02-21T19:30:00+00:00,0.087310,900
2026-02-21T19:45:00+00:00,0.085320,900
2026-02-21T20:00:00+00:00,0.091760,900
2026-02-21T20:15:00+00:00,0.085930,900
2026-02-21T20:30:00+00:00,0.082230,900
2026-02-21T20:45:00+00:00,0.078000,900
2026-02-21T21:00:00+00:00,0.086000,900
2026-02-21T21:15:00+00:00,0.080640,900
2026-02-21T21:30:00+00:00,0.072450,900
2026-02-21T21:45:00+00:00,0.067280,900
2026-02-21T22:00:00+00:00,0.079530,900
2026-02-21T22:15:00+00:00,0.064430,900
2026-02-21T22:30:00+00:00,0.062620,900
2026-02-21T22:45:00+00:00,0.041770,900
2026-02-21T23:00:00+00:00,0.067950,900
2026-02-21T23:15:00+00:00,0.059340,900
2026-02-21T23:30:00+00:00,0.047340,900
2026-02-21T23:45:00+00:00,0.040080,900
2026-02-22T00:00:00+00:00,0.053690,900
2026-02-22T00:15:00+00:00,0.048920,900
2026-02-22T00:30:00+00:00,0.045090,900
2026-02-22T00:45:00+00:00,0.041210,900
2026-02-22T01:00:00+00:00,0.047020,900
2026-02-22T01:15:00+00:00,0.042380,900
2026-02-22T01:30:00+00:00,0.039170,900
2026-02-22T01:45:00+00:00,0.035440,900
2026-02-22T02:00:00+00:00,0.035600,900
2026-02-22T02:15:00+00:00,0.034050,900
2026-02-22T02:30:00+00:00,0.040710,900
2026-02-22T02:45:00+00:00,0.036970,900
2026-02-22T03:00:00+00:00,0.033150,900
2026-02-22T03:15:00+00:00,0.031470,900
2026-02-22T03:30:00+00:00,0.037350,900
2026-02-22T03:45:00+00:00,0.036900,900
2026-02-22T04:00:00+00:00,0.035660,900
2026-02-22T04:15:00+00:00,0.035790,900
2026-02-22T04:30:00+00:00,0.033620,900
2026-02-22T04:45:00+00:00,0.031770,900
2026-02-22T05:00:00+00:00,0.028890,900
2026-02-22T05:15:00+00:00,0.030320,900
2026-02-22T05:30:00+00:00,0.031550,900
2026-02-22T05:45:00+00:00,0.033220,900
2026-02-22T06:00:00+00:00,0.033620,900
2026-02-22T06:15:00+00:00,0.039030,900
2026-02-22T06:30:00+00:00,0.036420,900
2026-02-22T06:45:00+00:00,0.039040,900
2026-02-22T07:00:00+00:00,0.038870,900
2026-02-22T07:15:00+00:00,0.039550,900
2026-02-22T07:30:00+00:00,0.042520,900
2026-02-22T07:45:00+00:00,0.048310,900
2026-02-22T08:00:00+00:00,0.048100,900
2026-02-22T08:15:00+00:00,0.055100,900
2026-02-22T08:30:00+00:00,0.049980,900
2026-02-22T08:45:00+00:00,0.050100,900
2026-02-22T09:00:00+00:00,0.059320,900
2026-02-22T09:15:00+00:00,0.056700,900
2026-02-22T09:30:00+00:00,0.052820,900
2026-02-22T09:45:00+00:00,0.049560,900
2026-02-22T10:00:00+00:00,0.050100,900
2026-02-22T10:15:00+00:00,0.050100,900
2026-02-22T10:30:00+00:00,0.047530,900
2026-02-22T10:45:00+00:00,0.045100,900
2026-02-22T11:00:00+00:00,0.047200,900
2026-02-22T11:15:00+00:00,0.049750,900
2026-02-22T11:30:00+00:00,0.045050,900
2026-02-22T11:45:00+00:00,0.038000,900
2026-02-22T12:00:00+00:00,0.050100,900
2026-02-22T12:15:00+00:00,0.045100,900
2026-02-22T12:30:00+00:00,0.039450,900
2026-02-22T12:45:00+00:00,0.037350,900
2026-02-22T13:00:00+00:00,0.039500,900
2026-02-22T13:15:00+00:00,0.038200,900
2026-02-22T13:30:00+00:00,0.040500,900
2026-02-22T13:45:00+00:00,0.041800,900
2026-02-22T14:00:00+00:00,0.040790,900
2026-02-22T14:15:00+00:00,0.038820,900
2026-02-22T14:30:00+00:00,0.040850,900
2026-02-22T14:45:00+00:00,0.051330,900
2026-02-22T15:00:00+00:00,0.049950,900
2026-02-22T15:15:00+00:00,0.057170,900
2026-02-22T15:30:00+00:00,0.073220,900
2026-02-22T15:45:00+00:00,0.082580,900
2026-02-22T16:00:00+00:00,0.082140,900
2026-02-22T16:15:00+00:00,0.087430,900
2026-02-22T16:30:00+00:00,0.089670,900
2026-02-22T16:45:00+00:00,0.102360,900
2026-02-22T17:00:00+00:00,0.098930,900
2026-02-22T17:15:00+00:00,0.104070,900
2026-02-22T17:30:00+00:00,0.099930,900
2026-02-22T17:45:00+00:00,0.097080,900
2026-02-22T18:00:00+00:00,0.097560,900
2026-02-22T18:15:00+00:00,0.096610,900
2026-02-22T18:30:00+00:00,0.094630,900
2026-02-22T18:45:00+00:00,0.087970,900
2026-02-22T19:00:00+00:00,0.086810,900
2026-02-22T19:15:00+00:00,0.085010,900
2026-02-22T19:30:00+00:00,0.083020,900
2026-02-22T19:45:00+00:00,0.076540,900
2026-02-22T20:00:00+00:00,0.078240,900
2026-02-22T20:15:00+00:00,0.077410,900
2026-02-22T20:30:00+00:00,0.074640,900
2026-02-22T20:45:00+00:00,0.070660,900
2026-02-22T21:00:00+00:00,0.079860,900
2026-02-22T21:15:00+00:00,0.067290,900
2026-02-22T21:30:00+00:00,0.065160,900
2026-02-22T21:45:00+00:00,0.051560,900
2026-02-22T22:00:00+00:00,0.064000,900
2026-02-22T22:15:00+00:00,0.050440,900
2026-02-22T22:30:00+00:00,0.046930,900
2026-02-22T22:45:00+00:00,0.030060,900
2026-02-22T23:00:00+00:00,0.046170,900
2026-02-22T23:15:00+00:00,0.043150,900
2026-02-22T23:30:00+00:00,0.034900,900
2026-02-22T23:45:00+00:00,0.041930,900
2026-02-23T00:00:00+00:00,0.042250,900
2026-02-23T00:15:00+00:00,0.039440,900
2026-02-23T00:30:00+00:00,0.038920,900
2026-02-23T00:45:00+00:00,0.046250,900
2026-02-23T01:00:00+00:00,0.042620,900
2026-02-23T01:15:00+00:00,0.040430,900
2026-02-23T01:30:00+00:00,0.042290,900
2026-02-23T01:45:00+00:00,0.037900,900
2026-02-23T02:00:00+00:00,0.041340,900
2026-02-23T02:15:00+00:00,0.040950,900
2026-02-23T02:30:00+00:00,0.040330,900
2026-02-23T02:45:00+00:00,0.040740,900
2026-02-23T03:00:00+00:00,0.037100,900
2026-02-23T03:15:00+00:00,0.040160,900
2026-02-23T03:30:00+00:00,0.042450,900
2026-02-23T03:45:00+00:00,0.044510,900
2026-02-23T04:00:00+00:00,0.044360,900
2026-02-23T04:15:00+00:00,0.039920,900
2026-02-23T04:30:00+00:00,0.050600,900
2026-02-23T04:45:00+00:00,0.070550,900
2026-02-23T05:00:00+00:00,0.051570,900
2026-02-23T05:15:00+00:00,0.068740,900
2026-02-23T05:30:00+00:00,0.081050,900
2026-02-23T05:45:00+00:00,0.085510,900
2026-02-23T06:00:00+00:00,0.085390,900
2026-02-23T06:15:00+00:00,0.090040,900
2026-02-23T06:30:00+00:00,0.094390,900
2026-02-23T06:45:00+00:00,0.096130,900
2026-02-23T07:00:00+00:00,0.101490,900
2026-02-23T07:15:00+00:00,0.096960,900
2026-02-23T07:30:00+00:00,0.093060,900
2026-02-23T07:45:00+00:00,0.086510,900
2026-02-23T08:00:00+00:00,0.104810,900
2026-02-23T08:15:00+00:00,0.094750,900
2026-02-23T08:30:00+00:00,0.089830,900
2026-02-23T08:45:00+00:00,0.064190,900
2026-02-23T09:00:00+00:00,0.082970,900
2026-02-23T09:15:00+00:00,0.077120,900
2026-02-23T09:30:00+00:00,0.052840,900
2026-02-23T09:45:00+00:00,0.027060,900
2026-02-23T10:00:00+00:00,0.053290,900
2026-02-23T10:15:00+00:00,0.056320,900
2026-02-23T10:30:00+00:00,0.042230,900
2026-02-23T10:45:00+00:00,0.020570,900
2026-02-23T11:00:00+00:00,0.021400,900
2026-02-23T11:15:00+00:00,0.006230,900
2026-02-23T11:30:00+00:00,0.004200,900
2026-02-23T11:45:00+00:00,0.002970,900
2026-02-23T12:00:00+00:00,0.004150,900
2026-02-23T12:15:00+00:00,0.003230,900
2026-02-23T12:30:00+00:00,0.003360,900
2026-02-23T12:45:00+00:00,0.007930,900
2026-02-23T13:00:00+00:00,0.010030,900
2026-02-23T13:15:00+00:00,0.030280,900
2026-02-23T13:30:00+00:00,0.042390,900
2026-02-23T13:45:00+00:00,0.044670,900
2026-02-23T14:00:00+00:00,0.019060,900
2026-02-23T14:15:00+00:00,0.035430,900
2026-02-23T14:30:00+00:00,0.069350,900
2026-02-23T14:45:00+00:00,0.084980,900
2026-02-23T15:00:00+00:00,0.038280,900
2026-02-23T15:15:00+00:00,0.079840,900
2026-02-23T15:30:00+00:00,0.093570,900
2026-02-23T15:45:00+00:00,0.108940,900
2026-02-23T16:00:00+00:00,0.075970,900
2026-02-23T16:15:00+00:00,0.087170,900
2026-02-23T16:30:00+00:00,0.090110,900
2026-02-23T16:45:00+00:00,0.094970,900
2026-02-23T17:00:00+00:00,0.095940,900
2026-02-23T17:15:00+00:00,0.098930,900
2026-02-23T17:30:00+00:00,0.105610,900
2026-02-23T17:45:00+00:00,0.114770,900
2026-02-23T18:00:00+00:00,0.110440,900
2026-02-23T18:15:00+00:00,0.111770,900
2026-02-23T18:30:00+00:00,0.112260,900
2026-02-23T18:45:00+00:00,0.114080,900
2026-02-23T19:00:00+00:00,0.104810,900
2026-02-23T19:15:00+00:00,0.104400,900
2026-02-23T19:30:00+00:00,0.092760,900
2026-02-23T19:45:00+00:00,0.090100,900
2026-02-23T20:00:00+00:00,0.096150,900
2026-02-23T20:15:00+00:00,0.096120,900
2026-02-23T20:30:00+00:00,0.087620,900
2026-02-23T20:45:00+00:00,0.080660,900
2026-02-23T21:00:00+00:00,0.093900,900
2026-02-23T21:15:00+00:00,0.089000,900
2026-02-23T21:30:00+00:00,0.089610,900
2026-02-23T21:45:00+00:00,0.083780,900
2026-02-23T22:00:00+00:00,0.085680,900
2026-02-23T22:15:00+00:00,0.081890,900
2026-02-23T22:30:00+00:00,0.080940,900
2026-02-23T22:45:00+00:00,0.076160,900
2026-02-23T23:00:00+00:00,0.083350,900
2026-02-23T23:15:00+00:00,0.083790,900
2026-02-23T23:30:00+00:00,0.083440,900
2026-02-23T23:45:00+00:00,0.085020,900
2026-02-24T00:00:00+00:00,0.083070,900
2026-02-24T00:15:00+00:00,0.083620,900
2026-02-24T00:30:00+00:00,0.084100,900
2026-02-24T00:45:00+00:00,0.084140,900
2026-02-24T01:00:00+00:00,0.078740,900
2026-02-24T01:15:00+00:00,0.080130,900
2026-02-24T01:30:00+00:00,0.080210,900
2026-02-24T01:45:00+00:00,0.081330,900
2026-02-24T02:00:00+00:00,0.075370,900
2026-02-24T02:15:00+00:00,0.076630,900
2026-02-24T02:30:00+00:00,0.077090,900
2026-02-24T02:45:00+00:00,0.079490,900
2026-02-24T03:00:00+00:00,0.077100,900
2026-02-24T03:15:00+00:00,0.077480,900
2026-02-24T03:30:00+00:00,0.078110,900
2026-02-24T03:45:00+00:00,0.080100,900
2026-02-24T04:00:00+00:00,0.077920,900
2026-02-24T04:15:00+00:00,0.078990,900
2026-02-24T04:30:00+00:00,0.086070,900
2026-02-24T04:45:00+00:00,0.091560,900
2026-02-24T05:00:00+00:00,0.084360,900
2026-02-24T05:15:00+00:00,0.095130,900
2026-02-24T05:30:00+00:00,0.105770,900
2026-02-24T05:45:00+00:00,0.112830,900
2026-02-24T06:00:00+00:00,0.109730,900
2026-02-24T06:15:00+00:00,0.121380,900
2026-02-24T06:30:00+00:00,0.130480,900
2026-02-24T06:45:00+00:00,0.137500,900
2026-02-24T07:00:00+00:00,0.137250,900
2026-02-24T07:15:00+00:00,0.141680,900
2026-02-24T07:30:00+00:00,0.143870,900
2026-02-24T07:45:00+00:00,0.142340,900
2026-02-24T08:00:00+00:00,0.142010,900
2026-02-24T08:15:00+00:00,0.136660,900
2026-02-24T08:30:00+00:00,0.130530,900
2026-02-24T08:45:00+00:00,0.122420,900
2026-02-24T09:00:00+00:00,0.134100,900
2026-02-24T09:15:00+00:00,0.114510,900
2026-02-24T09:30:00+00:00,0.106920,900
2026-02-24T09:45:00+00:00,0.104650,900
2026-02-24T10:00:00+00:00,0.112290,900
2026-02-24T10:15:00+00:00,0.100910,900
2026-02-24T10:30:00+00:00,0.098550,900
2026-02-24T10:45:00+00:00,0.092250,900
2026-02-24T11:00:00+00:00,0.095890,900
2026-02-24T11:15:00+00:00,0.090840,900
2026-02-24T11:30:00+00:00,0.090630,900
2026-02-24T11:45:00+00:00,0.087420,900
2026-02-24T12:00:00+00:00,0.089680,900
2026-02-24T12:15:00+00:00,0.088930,900
2026-02-24T12:30:00+00:00,0.088610,900
2026-02-24T12:45:00+00:00,0.087440,900
2026-02-24T13:00:00+00:00,0.080830,900
2026-02-24T13:15:00+00:00,0.084670,900
2026-02-24T13:30:00+00:00,0.085850,900
2026-02-24T13:45:00+00:00,0.089310,900
2026-02-24T14:00:00+00:00,0.087350,900
2026-02-24T14:15:00+00:00,0.091130,900
2026-02-24T14:30:00+00:00,0.096850,900
2026-02-24T14:45:00+00:00,0.109790,900
2026-02-24T15:00:00+00:00,0.095090,900
2026-02-24T15:15:00+00:00,0.101380,900
2026-02-24T15:30:00+00:00,0.112450,900
2026-02-24T15:45:00+00:00,0.128570,900
2026-02-24T16:00:00+00:00,0.111930,900
2026-02-24T16:15:00+00:00,0.145000,900
2026-02-24T16:30:00+00:00,0.181870,900
2026-02-24T16:45:00+00:00,0.232950,900
2026-02-24T17:00:00+00:00,0.181770,900
2026-02-24T17:15:00+00:00,0.177340,900
2026-02-24T17:30:00+00:00,0.166170,900
2026-02-24T17:45:00+00:00,0.150610,900
2026-02-24T18:00:00+00:00,0.162300,900
2026-02-24T18:15:00+00:00,0.136960,900
2026-02-24T18:30:00+00:00,0.131230,900
2026-02-24T18:45:00+00:00,0.112590,900
2026-02-24T19:00:00+00:00,0.126140,900
2026-02-24T19:15:00+00:00,0.119470,900
2026-02-24T19:30:00+00:00,0.108600,900
2026-02-24T19:45:00+00:00,0.097320,900
2026-02-24T20:00:00+00:00,0.108580,900
2026-02-24T20:15:00+00:00,0.101260,900
2026-02-24T20:30:00+00:00,0.096730,900
2026-02-24T20:45:00+00:00,0.087750,900
2026-02-24T21:00:00+00:00,0.098460,900
2026-02-24T21:15:00+00:00,0.094780,900
2026-02-24T21:30:00+00:00,0.092040,900
2026-02-24T21:45:00+00:00,0.088090,900
2026-02-24T22:00:00+00:00,0.090620,900
2026-02-24T22:15:00+00:00,0.089120,900
2026-02-24T22:30:00+00:00,0.085240,900
2026-02-24T22:45:00+00:00,0.080800,900
2026-02-24T23:00:00+00:00,0.090950,900
2026-02-24T23:15:00+00:00,0.085030,900
2026-02-24T23:30:00+00:00,0.081970,900
2026-02-24T23:45:00+00:00,0.079250,900
2026-02-25T00:00:00+00:00,0.082890,900
2026-02-25T00:15:00+00:00,0.081060,900
2026-02-25T00:30:00+00:00,0.077390,900
2026-02-25T00:45:00+00:00,0.075240,900
2026-02-25T01:00:00+00:00,0.079400,900
2026-02-25T01:15:00+00:00,0.077360,900
2026-02-25T01:30:00+00:00,0.075040,900
2026-02-25T01:45:00+00:00,0.073730,900
2026-02-25T02:00:00+00:00,0.079510,900
2026-02-25T02:15:00+00:00,0.078910,900
2026-02-25T02:30:00+00:00,0.079040,900
2026-02-25T02:45:00+00:00,0.078480,900
2026-02-25T03:00:00+00:00,0.079200,900
2026-02-25T03:15:00+00:00,0.078220,900
2026-02-25T03:30:00+00:00,0.080130,900
2026-02-25T03:45:00+00:00,0.080670,900
2026-02-25T04:00:00+00:00,0.077560,900
2026-02-25T04:15:00+00:00,0.079960,900
2026-02-25T04:30:00+00:00,0.085980,900
2026-02-25T04:45:00+00:00,0.089700,900
2026-02-25T05:00:00+00:00,0.086020,900
2026-02-25T05:15:00+00:00,0.097360,900
2026-02-25T05:30:00+00:00,0.107470,900
2026-02-25T05:45:00+00:00,0.118070,900
2026-02-25T06:00:00+00:00,0.112720,900
2026-02-25T06:15:00+00:00,0.123350,900
2026-02-25T06:30:00+00:00,0.133230,900
2026-02-25T06:45:00+00:00,0.127930,900
2026-02-25T07:00:00+00:00,0.135890,900
2026-02-25T07:15:00+00:00,0.119830,900
2026-02-25T07:30:00+00:00,0.110310,900
2026-02-25T07:45:00+00:00,0.095630,900
2026-02-25T08:00:00+00:00,0.115380,900
2026-02-25T08:15:00+00:00,0.102650,900
2026-02-25T08:30:00+00:00,0.091730,900
2026-02-25T08:45:00+00:00,0.082380,900
2026-02-25T09:00:00+00:00,0.091590,900
2026-02-25T09:15:00+00:00,0.088360,900
2026-02-25T09:30:00+00:00,0.076800,900
2026-02-25T09:45:00+00:00,0.071370,900
2026-02-25T10:00:00+00:00,0.077580,900
2026-02-25T10:15:00+00:00,0.074680,900
2026-02-25T10:30:00+00:00,0.073300,900
2026-02-25T10:45:00+00:00,0.057670,900
2026-02-25T11:00:00+00:00,0.075820,900
2026-02-25T11:15:00+00:00,0.063700,900
2026-02-25T11:30:00+00:00,0.052000,900
2026-02-25T11:45:00+00:00,0.044930,900
2026-02-25T12:00:00+00:00,0.059240,900
2026-02-25T12:15:00+00:00,0.053980,900
2026-02-25T12:30:00+00:00,0.052730,900
2026-02-25T12:45:00+00:00,0.049960,900
2026-02-25T13:00:00+00:00,0.039850,900
2026-02-25T13:15:00+00:00,0.058350,900
2026-02-25T13:30:00+00:00,0.066800,900
2026-02-25T13:45:00+00:00,0.075250,900
2026-02-25T14:00:00+00:00,0.060580,900
2026-02-25T14:15:00+00:00,0.064800,900
2026-02-25T14:30:00+00:00,0.076080,900
2026-02-25T14:45:00+00:00,0.084670,900
2026-02-25T15:00:00+00:00,0.067490,900
2026-02-25T15:15:00+00:00,0.082600,900
2026-02-25T15:30:00+00:00,0.095210,900
2026-02-25T15:45:00+00:00,0.118710,900
2026-02-25T16:00:00+00:00,0.094190,900
2026-02-25T16:15:00+00:00,0.106310,900
2026-02-25T16:30:00+00:00,0.119730,900
2026-02-25T16:45:00+00:00,0.140040,900
2026-02-25T17:00:00+00:00,0.125500,900
2026-02-25T17:15:00+00:00,0.116770,900
2026-02-25T17:30:00+00:00,0.113480,900
2026-02-25T17:45:00+00:00,0.116700,900
2026-02-25T18:00:00+00:00,0.113350,900
2026-02-25T18:15:00+00:00,0.110390,900
2026-02-25T18:30:00+00:00,0.105590,900
2026-02-25T18:45:00+00:00,0.103930,900
2026-02-25T19:00:00+00:00,0.109320,900
2026-02-25T19:15:00+00:00,0.098300,900
2026-02-25T19:30:00+00:00,0.091070,900
2026-02-25T19:45:00+00:00,0.082430,900
2026-02-25T20:00:00+00:00,0.092250,900
2026-02-25T20:15:00+00:00,0.087950,900
2026-02-25T20:30:00+00:00,0.084910,900
2026-02-25T20:45:00+00:00,0.076960,900
2026-02-25T21:00:00+00:00,0.093040,900
2026-02-25T21:15:00+00:00,0.086550,900
2026-02-25T21:30:00+00:00,0.082300,900
2026-02-25T21:45:00+00:00,0.078810,900
2026-02-25T22:00:00+00:00,0.087830,900
2026-02-25T22:15:00+00:00,0.082390,900
2026-02-25T22:30:00+00:00,0.078990,900
2026-02-25T22:45:00+00:00,0.067270,900
2026-02-25T23:00:00+00:00,0.087580,900
2026-02-25T23:15:00+00:00,0.082210,900
2026-02-25T23:30:00+00:00,0.080040,900
2026-02-25T23:45:00+00:00,0.074600,900
2026-02-26T00:00:00+00:00,0.085090,900
2026-02-26T00:15:00+00:00,0.076910,900
2026-02-26T00:30:00+00:00,0.073320,900
2026-02-26T00:45:00+00:00,0.067580,900
2026-02-26T01:00:00+00:00,0.073740,900
2026-02-26T01:15:00+00:00,0.072890,900
2026-02-26T01:30:00+00:00,0.070100,900
2026-02-26T01:45:00+00:00,0.070600,900
2026-02-26T02:00:00+00:00,0.073970,900
2026-02-26T02:15:00+00:00,0.073810,900
2026-02-26T02:30:00+00:00,0.075020,900
2026-02-26T02:45:00+00:00,0.067880,900
2026-02-26T03:00:00+00:00,0.068670,900
2026-02-26T03:15:00+00:00,0.070150,900
2026-02-26T03:30:00+00:00,0.072500,900
2026-02-26T03:45:00+00:00,0.072280,900
2026-02-26T04:00:00+00:00,0.064610,900
2026-02-26T04:15:00+00:00,0.069400,900
2026-02-26T04:30:00+00:00,0.074730,900
2026-02-26T04:45:00+00:00,0.084700,900
2026-02-26T05:00:00+00:00,0.068100,900
2026-02-26T05:15:00+00:00,0.092020,900
2026-02-26T05:30:00+00:00,0.101770,900
2026-02-26T05:45:00+00:00,0.104880,900
2026-02-26T06:00:00+00:00,0.104000,900
2026-02-26T06:15:00+00:00,0.108140,900
2026-02-26T06:30:00+00:00,0.108590,900
2026-02-26T06:45:00+00:00,0.102480,900
2026-02-26T07:00:00+00:00,0.122610,900
2026-02-26T07:15:00+00:00,0.120100,900
2026-02-26T07:30:00+00:00,0.101030,900
2026-02-26T07:45:00+00:00,0.090350,900
2026-02-26T08:00:00+00:00,0.150900,900
2026-02-26T08:15:00+00:00,0.100500,900
2026-02-26T08:30:00+00:00,0.085500,900
2026-02-26T08:45:00+00:00,0.069030,900
2026-02-26T09:00:00+00:00,0.112270,900
2026-02-26T09:15:00+00:00,0.091080,900
2026-02-26T09:30:00+00:00,0.080100,900
2026-02-26T09:45:00+00:00,0.070400,900
2026-02-26T10:00:00+00:00,0.081450,900
2026-02-26T10:15:00+00:00,0.063480,900
2026-02-26T10:30:00+00:00,0.052870,900
2026-02-26T10:45:00+00:00,0.029990,900
2026-02-26T11:00:00+00:00,0.043390,900
2026-02-26T11:15:00+00:00,0.017480,900
2026-02-26T11:30:00+00:00,0.007820,900
2026-02-26T11:45:00+00:00,0.006570,900
2026-02-26T12:00:00+00:00,0.009910,900
2026-02-26T12:15:00+00:00,0.008810,900
2026-02-26T12:30:00+00:00,0.011450,900
2026-02-26T12:45:00+00:00,0.019030,900
2026-02-26T13:00:00+00:00,0.011840,900
2026-02-26T13:15:00+00:00,0.035070,900
2026-02-26T13:30:00+00:00,0.049300,900
2026-02-26T13:45:00+00:00,0.060150,900
2026-02-26T14:00:00+00:00,0.047830,900
2026-02-26T14:15:00+00:00,0.057940,900
2026-02-26T14:30:00+00:00,0.064900,900
2026-02-26T14:45:00+00:00,0.081600,900
2026-02-26T15:00:00+00:00,0.059640,900
2026-02-26T15:15:00+00:00,0.084330,900
2026-02-26T15:30:00+00:00,0.097700,900
2026-02-26T15:45:00+00:00,0.104600,900
2026-02-26T16:00:00+00:00,0.089720,900
2026-02-26T16:15:00+00:00,0.093760,900
2026-02-26T16:30:00+00:00,0.100120,900
2026-02-26T16:45:00+00:00,0.111160,900
2026-02-26T17:00:00+00:00,0.098360,900
2026-02-26T17:15:00+00:00,0.100630,900
2026-02-26T17:30:00+00:00,0.103660,900
2026-02-26T17:45:00+00:00,0.109320,900
2026-02-26T18:00:00+00:00,0.113400,900
2026-02-26T18:15:00+00:00,0.109470,900
2026-02-26T18:30:00+00:00,0.103400,900
2026-02-26T18:45:00+00:00,0.092370,900
2026-02-26T19:00:00+00:00,0.101800,900
2026-02-26T19:15:00+00:00,0.088070,900
2026-02-26T19:30:00+00:00,0.086730,900
2026-02-26T19:45:00+00:00,0.079010,900
2026-02-26T20:00:00+00:00,0.093200,900
2026-02-26T20:15:00+00:00,0.086240,900
2026-02-26T20:30:00+00:00,0.081240,900
2026-02-26T20:45:00+00:00,0.071880,900
2026-02-26T21:00:00+00:00,0.087190,900
2026-02-26T21:15:00+00:00,0.079690,900
2026-02-26T21:30:00+00:00,0.076100,900
2026-02-26T21:45:00+00:00,0.069900,900
2026-02-26T22:00:00+00:00,0.083600,900
2026-02-26T22:15:00+00:00,0.073090,900
2026-02-26T22:30:00+00:00,0.067930,900
2026-02-26T22:45:00+00:00,0.063310,900
2026-02-26T23:00:00+00:00,0.055870,900
2026-02-26T23:15:00+00:00,0.056550,900
2026-02-26T23:30:00+00:00,0.052180,900
2026-02-26T23:45:00+00:00,0.049800,900
2026-02-27T00:00:00+00:00,0.059390,900
2026-02-27T00:15:00+00:00,0.058090,900
2026-02-27T00:30:00+00:00,0.052680,900
2026-02-27T00:45:00+00:00,0.047090,900
2026-02-27T01:00:00+00:00,0.057730,900
2026-02-27T01:15:00+00:00,0.056560,900
2026-02-27T01:30:00+00:00,0.057170,900
2026-02-27T01:45:00+00:00,0.054600,900
2026-02-27T02:00:00+00:00,0.055790,900
2026-02-27T02:15:00+00:00,0.052190,900
2026-02-27T02:30:00+00:00,0.053310,900
2026-02-27T02:45:00+00:00,0.056540,900
2026-02-27T03:00:00+00:00,0.054990,900
2026-02-27T03:15:00+00:00,0.060040,900
2026-02-27T03:30:00+00:00,0.063920,900
2026-02-27T03:45:00+00:00,0.068230,900
2026-02-27T04:00:00+00:00,0.059800,900
2026-02-27T04:15:00+00:00,0.061290,900
2026-02-27T04:30:00+00:00,0.070090,900
2026-02-27T04:45:00+00:00,0.072770,900
2026-02-27T05:00:00+00:00,0.057160,900
2026-02-27T05:15:00+00:00,0.071460,900
2026-02-27T05:30:00+00:00,0.076730,900
2026-02-27T05:45:00+00:00,0.081510,900
2026-02-27T06:00:00+00:00,0.082080,900
2026-02-27T06:15:00+00:00,0.086480,900
2026-02-27T06:30:00+00:00,0.087800,900
2026-02-27T06:45:00+00:00,0.088050,900
2026-02-27T07:00:00+00:00,0.092080,900
2026-02-27T07:15:00+00:00,0.084780,900
2026-02-27T07:30:00+00:00,0.078520,900
2026-02-27T07:45:00+00:00,0.061940,900
2026-02-27T08:00:00+00:00,0.091430,900
2026-02-27T08:15:00+00:00,0.074540,900
2026-02-27T08:30:00+00:00,0.059300,900
2026-02-27T08:45:00+00:00,0.050930,900
2026-02-27T09:00:00+00:00,0.074280,900
2026-02-27T09:15:00+00:00,0.066400,900
2026-02-27T09:30:00+00:00,0.048440,900
2026-02-27T09:45:00+00:00,0.021480,900
2026-02-27T10:00:00+00:00,0.050200,900
2026-02-27T10:15:00+00:00,0.028900,900
2026-02-27T10:30:00+00:00,0.020870,900
2026-02-27T10:45:00+00:00,0.013890,900
2026-02-27T11:00:00+00:00,0.022130,900
2026-02-27T11:15:00+00:00,0.021500,900
2026-02-27T11:30:00+00:00,0.027900,900
2026-02-27T11:45:00+00:00,0.039990,900
2026-02-27T12:00:00+00:00,0.021070,900
2026-02-27T12:15:00+00:00,0.045100,900
2026-02-27T12:30:00+00:00,0.066630,900
2026-02-27T12:45:00+00:00,0.074840,900
2026-02-27T13:00:00+00:00,0.056100,900
2026-02-27T13:15:00+00:00,0.070170,900
2026-02-27T13:30:00+00:00,0.075840,900
2026-02-27T13:45:00+00:00,0.077890,900
2026-02-27T14:00:00+00:00,0.066080,900
2026-02-27T14:15:00+00:00,0.080190,900
2026-02-27T14:30:00+00:00,0.096480,900
2026-02-27T14:45:00+00:00,0.110000,900
2026-02-27T15:00:00+00:00,0.060780,900
2026-02-27T15:15:00+00:00,0.086940,900
2026-02-27T15:30:00+00:00,0.100760,900
2026-02-27T15:45:00+00:00,0.112690,900
2026-02-27T16:00:00+00:00,0.084260,900
2026-02-27T16:15:00+00:00,0.094290,900
2026-02-27T16:30:00+00:00,0.105750,900
2026-02-27T16:45:00+00:00,0.114370,900
2026-02-27T17:00:00+00:00,0.106730,900
2026-02-27T17:15:00+00:00,0.105440,900
2026-02-27T17:30:00+00:00,0.104250,900
2026-02-27T17:45:00+00:00,0.103140,900
2026-02-27T18:00:00+00:00,0.106940,900
2026-02-27T18:15:00+00:00,0.104190,900
2026-02-27T18:30:00+00:00,0.098490,900
2026-02-27T18:45:00+00:00,0.094860,900
2026-02-27T19:00:00+00:00,0.095150,900
2026-02-27T19:15:00+00:00,0.090140,900
2026-02-27T19:30:00+00:00,0.092640,900
2026-02-27T19:45:00+00:00,0.090100,900
2026-02-27T20:00:00+00:00,0.091420,900
2026-02-27T20:15:00+00:00,0.086810,900
2026-02-27T20:30:00+00:00,0.081900,900
2026-02-27T20:45:00+00:00,0.080350,900
2026-02-27T21:00:00+00:00,0.089810,900
2026-02-27T21:15:00+00:00,0.086160,900
2026-02-27T21:30:00+00:00,0.083350,900
2026-02-27T21:45:00+00:00,0.080880,900
2026-02-27T22:00:00+00:00,0.083360,900
2026-02-27T22:15:00+00:00,0.082210,900
2026-02-27T22:30:00+00:00,0.078720,900
2026-02-27T22:45:00+00:00,0.075720,900
2026-02-27T23:00:00+00:00,0.082580,900
2026-02-27T23:15:00+00:00,0.080700,900
2026-02-27T23:30:00+00:00,0.079450,900
2026-02-27T23:45:00+00:00,0.077350,900
2026-02-28T00:00:00+00:00,0.078610,900
2026-02-28T00:15:00+00:00,0.077890,900
2026-02-28T00:30:00+00:00,0.074270,900
2026-02-28T00:45:00+00:00,0.063600,900
2026-02-28T01:00:00+00:00,0.070160,900
2026-02-28T01:15:00+00:00,0.065920,900
2026-02-28T01:30:00+00:00,0.064130,900
2026-02-28T01:45:00+00:00,0.063180,900
2026-02-28T02:00:00+00:00,0.065000,900
2026-02-28T02:15:00+00:00,0.063780,900
2026-02-28T02:30:00+00:00,0.063040,900
2026-02-28T02:45:00+00:00,0.059020,900
2026-02-28T03:00:00+00:00,0.063230,900
2026-02-28T03:15:00+00:00,0.063230,900
2026-02-28T03:30:00+00:00,0.062470,900
2026-02-28T03:45:00+00:00,0.062550,900
2026-02-28T04:00:00+00:00,0.062810,900
2026-02-28T04:15:00+00:00,0.062510,900
2026-02-28T04:30:00+00:00,0.063220,900
2026-02-28T04:45:00+00:00,0.067660,900
2026-02-28T05:00:00+00:00,0.064490,900
2026-02-28T05:15:00+00:00,0.071450,900
2026-02-28T05:30:00+00:00,0.074060,900
2026-02-28T05:45:00+00:00,0.075520,900
2026-02-28T06:00:00+00:00,0.071910,900
2026-02-28T06:15:00+00:00,0.072230,900
2026-02-28T06:30:00+00:00,0.071810,900
2026-02-28T06:45:00+00:00,0.062020,900
2026-02-28T07:00:00+00:00,0.072140,900
2026-02-28T07:15:00+00:00,0.058900,900
2026-02-28T07:30:00+00:00,0.042080,900
2026-02-28T07:45:00+00:00,0.025380,900
2026-02-28T08:00:00+00:00,0.070210,900
2026-02-28T08:15:00+00:00,0.029250,900
2026-02-28T08:30:00+00:00,0.008510,900
2026-02-28T08:45:00+00:00,0.000020,900
2026-02-28T09:00:00+00:00,0.004040,900
2026-02-28T09:15:00+00:00,0.000000,900
2026-02-28T09:30:00+00:00,0.000000,900
2026-02-28T09:45:00+00:00,-0.000040,900
2026-02-28T10:00:00+00:00,0.000000,900
2026-02-28T10:15:00+00:00,0.000000,900
2026-02-28T10:30:00+00:00,0.000000,900
2026-02-28T10:45:00+00:00,0.000000,900
2026-02-28T11:00:00+00:00,0.000010,900
2026-02-28T11:15:00+00:00,0.000110,900
2026-02-28T11:30:00+00:00,0.000710,900
2026-02-28T11:45:00+00:00,0.001700,900
2026-02-28T12:00:00+00:00,0.000650,900
2026-02-28T12:15:00+00:00,0.001230,900
2026-02-28T12:30:00+00:00,0.000200,900
2026-02-28T12:45:00+00:00,0.000090,900
2026-02-28T13:00:00+00:00,0.000000,900
2026-02-28T13:15:00+00:00,-0.000010,900
2026-02-28T13:30:00+00:00,0.000000,900
2026-02-28T13:45:00+00:00,0.000030,900
2026-02-28T14:00:00+00:00,0.000000,900
2026-02-28T14:15:00+00:00,0.000070,900
2026-02-28T14:30:00+00:00,0.009990,900
2026-02-28T14:45:00+00:00,0.042970,900
2026-02-28T15:00:00+00:00,0.029800,900
2026-02-28T15:15:00+00:00,0.051320,900
2026-02-28T15:30:00+00:00,0.080220,900
2026-02-28T15:45:00+00:00,0.089890,900
2026-02-28T16:00:00+00:00,0.075050,900
2026-02-28T16:15:00+00:00,0.083100,900
2026-02-28T16:30:00+00:00,0.096590,900
2026-02-28T16:45:00+00:00,0.105140,900
2026-02-28T17:00:00+00:00,0.097210,900
2026-02-28T17:15:00+00:00,0.098180,900
2026-02-28T17:30:00+00:00,0.101580,900
2026-02-28T17:45:00+00:00,0.110010,900
2026-02-28T18:00:00+00:00,0.109910,900
2026-02-28T18:15:00+00:00,0.103640,900
2026-02-28T18:30:00+00:00,0.103440,900
2026-02-28T18:45:00+00:00,0.108000,900
2026-02-28T19:00:00+00:00,0.091500,900
2026-02-28T19:15:00+00:00,0.089780,900
2026-02-28T19:30:00+00:00,0.088980,900
2026-02-28T19:45:00+00:00,0.099990,900
2026-02-28T20:00:00+00:00,0.087060,900
2026-02-28T20:15:00+00:00,0.103450,900
2026-02-28T20:30:00+00:00,0.099480,900
2026-02-28T20:45:00+00:00,0.100100,900
2026-02-28T21:00:00+00:00,0.104200,900
2026-02-28T21:15:00+00:00,0.103950,900
2026-02-28T21:30:00+00:00,0.097420,900
2026-02-28T21:45:00+00:00,0.100030,900
2026-02-28T22:00:00+00:00,0.115010,900
2026-02-28T22:15:00+00:00,0.116000,900
2026-02-28T22:30:00+00:00,0.083250,900
2026-02-28T22:45:00+00:00,0.079970,900
2026-02-28T23:00:00+00:00,0.120280,900
2026-02-28T23:15:00+00:00,0.122160,900
2026-02-28T23:30:00+00:00,0.122060,900
2026-02-28T23:45:00+00:00,0.091490,900
2026-03-01T00:00:00+00:00,0.150060,900
2026-03-01T00:15:00+00:00,0.110550,900
2026-03-01T00:30:00+00:00,0.091480,900
2026-03-01T00:45:00+00:00,0.080100,900
2026-03-01T01:00:00+00:00,0.122170,900
2026-03-01T01:15:00+00:00,0.098830,900
2026-03-01T01:30:00+00:00,0.087530,900
2026-03-01T01:45:00+00:00,0.091480,900
2026-03-01T02:00:00+00:00,0.084930,900
2026-03-01T02:15:00+00:00,0.087200,900
2026-03-01T02:30:00+00:00,0.086320,900
2026-03-01T02:45:00+00:00,0.093830,900
2026-03-01T03:00:00+00:00,0.074910,900
2026-03-01T03:15:00+00:00,0.078590,900
2026-03-01T03:30:00+00:00,0.089530,900
2026-03-01T03:45:00+00:00,0.081030,900
2026-03-01T04:00:00+00:00,0.069050,900
2026-03-01T04:15:00+00:00,0.068460,900
2026-03-01T04:30:00+00:00,0.068780,900
2026-03-01T04:45:00+00:00,0.068520,900
2026-03-01T05:00:00+00:00,0.066610,900
2026-03-01T05:15:00+00:00,0.066750,900
2026-03-01T05:30:00+00:00,0.068750,900
2026-03-01T05:45:00+00:00,0.068570,900
2026-03-01T06:00:00+00:00,0.068470,900
2026-03-01T06:15:00+00:00,0.068790,900
2026-03-01T06:30:00+00:00,0.067350,900
2026-03-01T06:45:00+00:00,0.055380,900
2026-03-01T07:00:00+00:00,0.066890,900
2026-03-01T07:15:00+00:00,0.056240,900
2026-03-01T07:30:00+00:00,0.042970,900
2026-03-01T07:45:00+00:00,0.036470,900
2026-03-01T08:00:00+00:00,0.041740,900
2026-03-01T08:15:00+00:00,0.021060,900
2026-03-01T08:30:00+00:00,0.008480,900
2026-03-01T08:45:00+00:00,0.000090,900
2026-03-01T09:00:00+00:00,0.000870,900
2026-03-01T09:15:00+00:00,0.000000,900
2026-03-01T09:30:00+00:00,-0.000060,900
2026-03-01T09:45:00+00:00,-0.000810,900
2026-03-01T10:00:00+00:00,0.000010,900
2026-03-01T10:15:00+00:00,0.000000,900
2026-03-01T10:30:00+00:00,-0.000010,900
2026-03-01T10:45:00+00:00,-0.000100,900
2026-03-01T11:00:00+00:00,-0.000100,900
2026-03-01T11:15:00+00:00,-0.000110,900
2026-03-01T11:30:00+00:00,-0.000250,900
2026-03-01T11:45:00+00:00,-0.001000,900
2026-03-01T12:00:00+00:00,-0.001010,900
2026-03-01T12:15:00+00:00,-0.001030,900
2026-03-01T12:30:00+00:00,-0.001000,900
2026-03-01T12:45:00+00:00,-0.000110,900
2026-03-01T13:00:00+00:00,-0.001000,900
2026-03-01T13:15:00+00:00,-0.000060,900
2026-03-01T13:30:00+00:00,0.000000,900
2026-03-01T13:45:00+00:00,0.001040,900
2026-03-01T14:00:00+00:00,-0.000010,900
2026-03-01T14:15:00+00:00,0.000100,900
2026-03-01T14:30:00+00:00,0.029140,900
2026-03-01T14:45:00+00:00,0.060860,900
2026-03-01T15:00:00+00:00,0.032600,900
2026-03-01T15:15:00+00:00,0.055240,900
2026-03-01T15:30:00+00:00,0.082960,900
2026-03-01T15:45:00+00:00,0.103600,900
2026-03-01T16:00:00+00:00,0.081670,900
2026-03-01T16:15:00+00:00,0.099340,900
2026-03-01T16:30:00+00:00,0.110000,900
2026-03-01T16:45:00+00:00,0.113000,900
2026-03-01T17:00:00+00:00,0.097600,900
2026-03-01T17:15:00+00:00,0.097860,900
2026-03-01T17:30:00+00:00,0.103610,900
2026-03-01T17:45:00+00:00,0.104460,900
2026-03-01T18:00:00+00:00,0.099040,900
2026-03-01T18:15:00+00:00,0.098460,900
2026-03-01T18:30:00+00:00,0.095200,900
2026-03-01T18:45:00+00:00,0.097050,900
2026-03-01T19:00:00+00:00,0.094510,900
2026-03-01T19:15:00+00:00,0.094200,900
2026-03-01T19:30:00+00:00,0.089010,900
2026-03-01T19:45:00+00:00,0.082930,900
2026-03-01T20:00:00+00:00,0.086770,900
2026-03-01T20:15:00+00:00,0.082170,900
2026-03-01T20:30:00+00:00,0.080260,900
2026-03-01T20:45:00+00:00,0.076060,900
2026-03-01T21:00:00+00:00,0.081000,900
2026-03-01T21:15:00+00:00,0.077700,900
2026-03-01T21:30:00+00:00,0.073520,900
2026-03-01T21:45:00+00:00,0.066090,900
2026-03-01T22:00:00+00:00,0.070100,900
2026-03-01T22:15:00+00:00,0.065790,900
2026-03-01T22:30:00+00:00,0.063090,900
2026-03-01T22:45:00+00:00,0.053020,900
2026-03-01T23:00:00+00:00,0.063240,900
2026-03-01T23:15:00+00:00,0.060140,900
2026-03-01T23:30:00+00:00,0.059460,900
2026-03-01T23:45:00+00:00,0.057150,900
2026-03-02T00:00:00+00:00,0.059130,900
2026-03-02T00:15:00+00:00,0.058430,900
2026-03-02T00:30:00+00:00,0.060560,900
2026-03-02T00:45:00+00:00,0.061880,900
2026-03-02T01:00:00+00:00,0.066770,900
2026-03-02T01:15:00+00:00,0.064690,900
2026-03-02T01:30:00+00:00,0.064690,900
2026-03-02T01:45:00+00:00,0.064690,900
2026-03-02T02:00:00+00:00,0.065050,900
2026-03-02T02:15:00+00:00,0.061160,900
2026-03-02T02:30:00+00:00,0.060970,900
2026-03-02T02:45:00+00:00,0.064320,900
2026-03-02T03:00:00+00:00,0.061550,900
2026-03-02T03:15:00+00:00,0.063050,900
2026-03-02T03:30:00+00:00,0.068560,900
2026-03-02T03:45:00+00:00,0.072740,900
2026-03-02T04:00:00+00:00,0.069080,900
2026-03-02T04:15:00+00:00,0.072850,900
2026-03-02T04:30:00+00:00,0.078930,900
2026-03-02T04:45:00+00:00,0.087990,900
2026-03-02T05:00:00+00:00,0.080100,900
2026-03-02T05:15:00+00:00,0.085210,900
2026-03-02T05:30:00+00:00,0.098610,900
2026-03-02T05:45:00+00:00,0.104860,900
2026-03-02T06:00:00+00:00,0.113890,900
2026-03-02T06:15:00+00:00,0.147740,900
2026-03-02T06:30:00+00:00,0.128960,900
2026-03-02T06:45:00+00:00,0.113830,900
2026-03-02T07:00:00+00:00,0.169990,900
2026-03-02T07:15:00+00:00,0.113640,900
2026-03-02T07:30:00+00:00,0.099370,900
2026-03-02T07:45:00+00:00,0.077400,900
2026-03-02T08:00:00+00:00,0.104560,900
2026-03-02T08:15:00+00:00,0.091570,900
2026-03-02T08:30:00+00:00,0.078480,900
2026-03-02T08:45:00+00:00,0.054210,900
2026-03-02T09:00:00+00:00,0.077080,900
2026-03-02T09:15:00+00:00,0.066430,900
2026-03-02T09:30:00+00:00,0.060620,900
2026-03-02T09:45:00+00:00,0.046210,900
2026-03-02T10:00:00+00:00,0.072370,900
2026-03-02T10:15:00+00:00,0.057820,900
2026-03-02T10:30:00+00:00,0.042330,900
2026-03-02T10:45:00+00:00,0.017510,900
2026-03-02T11:00:00+00:00,0.037150,900
2026-03-02T11:15:00+00:00,0.031100,900
2026-03-02T11:30:00+00:00,0.022380,900
2026-03-02T11:45:00+00:00,0.014670,900
2026-03-02T12:00:00+00:00,0.016060,900
2026-03-02T12:15:00+00:00,0.027320,900
2026-03-02T12:30:00+00:00,0.040100,900
2026-03-02T12:45:00+00:00,0.056520,900
2026-03-02T13:00:00+00:00,0.013240,900
2026-03-02T13:15:00+00:00,0.059560,900
2026-03-02T13:30:00+00:00,0.075040,900
2026-03-02T13:45:00+00:00,0.081820,900
2026-03-02T14:00:00+00:00,0.060360,900
2026-03-02T14:15:00+00:00,0.066430,900
2026-03-02T14:30:00+00:00,0.078150,900
2026-03-02T14:45:00+00:00,0.097050,900
2026-03-02T15:00:00+00:00,0.067480,900
2026-03-02T15:15:00+00:00,0.090490,900
2026-03-02T15:30:00+00:00,0.104810,900
2026-03-02T15:45:00+00:00,0.136020,900
2026-03-02T16:00:00+00:00,0.096980,900
2026-03-02T16:15:00+00:00,0.110710,900
2026-03-02T16:30:00+00:00,0.159300,900
2026-03-02T16:45:00+00:00,0.265120,900
2026-03-02T17:00:00+00:00,0.209470,900
2026-03-02T17:15:00+00:00,0.202540,900
2026-03-02T17:30:00+00:00,0.156210,900
2026-03-02T17:45:00+00:00,0.139450,900
2026-03-02T18:00:00+00:00,0.206170,900
2026-03-02T18:15:00+00:00,0.138530,900
2026-03-02T18:30:00+00:00,0.118550,900
2026-03-02T18:45:00+00:00,0.105080,900
2026-03-02T19:00:00+00:00,0.118290,900
2026-03-02T19:15:00+00:00,0.109610,900
2026-03-02T19:30:00+00:00,0.100340,900
2026-03-02T19:45:00+00:00,0.098100,900
2026-03-02T20:00:00+00:00,0.103200,900
2026-03-02T20:15:00+00:00,0.098990,900
2026-03-02T20:30:00+00:00,0.094810,900
2026-03-02T20:45:00+00:00,0.088870,900
2026-03-02T21:00:00+00:00,0.105000,900
2026-03-02T21:15:00+00:00,0.099210,900
2026-03-02T21:30:00+00:00,0.093990,900
2026-03-02T21:45:00+00:00,0.089000,900
2026-03-02T22:00:00+00:00,0.095750,900
2026-03-02T22:15:00+00:00,0.094470,900
2026-03-02T22:30:00+00:00,0.093020,900
2026-03-02T22:45:00+00:00,0.085700,900
2026-03-02T23:00:00+00:00,0.093280,900
2026-03-02T23:15:00+00:00,0.089950,900
2026-03-02T23:30:00+00:00,0.090100,900
2026-03-02T23:45:00+00:00,0.088080,900
2026-03-03T00:00:00+00:00,0.094700,900
2026-03-03T00:15:00+00:00,0.094400,900
2026-03-03T00:30:00+00:00,0.094400,900
2026-03-03T00:45:00+00:00,0.094440,900
2026-03-03T01:00:00+00:00,0.098740,900
2026-03-03T01:15:00+00:00,0.100100,900
2026-03-03T01:30:00+00:00,0.100830,900
2026-03-03T01:45:00+00:00,0.100330,900
2026-03-03T02:00:00+00:00,0.103320,900
2026-03-03T02:15:00+00:00,0.097600,900
2026-03-03T02:30:00+00:00,0.094920,900
2026-03-03T02:45:00+00:00,0.094960,900
2026-03-03T03:00:00+00:00,0.095000,900
2026-03-03T03:15:00+00:00,0.095180,900
2026-03-03T03:30:00+00:00,0.095800,900
2026-03-03T03:45:00+00:00,0.121950,900
2026-03-03T04:00:00+00:00,0.092800,900
2026-03-03T04:15:00+00:00,0.098950,900
2026-03-03T04:30:00+00:00,0.105070,900
2026-03-03T04:45:00+00:00,0.126340,900
2026-03-03T05:00:00+00:00,0.105840,900
2026-03-03T05:15:00+00:00,0.116000,900
2026-03-03T05:30:00+00:00,0.124320,900
2026-03-03T05:45:00+00:00,0.175000,900
2026-03-03T06:00:00+00:00,0.163660,900
2026-03-03T06:15:00+00:00,0.161810,900
2026-03-03T06:30:00+00:00,0.160840,900
2026-03-03T06:45:00+00:00,0.132930,900
2026-03-03T07:00:00+00:00,0.193150,900
2026-03-03T07:15:00+00:00,0.154830,900
2026-03-03T07:30:00+00:00,0.130510,900
2026-03-03T07:45:00+00:00,0.091680,900
2026-03-03T08:00:00+00:00,0.129000,900
2026-03-03T08:15:00+00:00,0.098480,900
2026-03-03T08:30:00+00:00,0.088250,900
2026-03-03T08:45:00+00:00,0.077890,900
2026-03-03T09:00:00+00:00,0.102080,900
2026-03-03T09:15:00+00:00,0.087190,900
2026-03-03T09:30:00+00:00,0.079460,900
2026-03-03T09:45:00+00:00,0.051270,900
2026-03-03T10:00:00+00:00,0.076450,900
2026-03-03T10:15:00+00:00,0.060900,900
2026-03-03T10:30:00+00:00,0.041630,900
2026-03-03T10:45:00+00:00,0.026870,900
2026-03-03T11:00:00+00:00,0.046180,900
2026-03-03T11:15:00+00:00,0.034120,900
2026-03-03T11:30:00+00:00,0.025700,900
2026-03-03T11:45:00+00:00,0.019050,900
2026-03-03T12:00:00+00:00,0.021290,900
2026-03-03T12:15:00+00:00,0.020900,900
2026-03-03T12:30:00+00:00,0.035080,900
2026-03-03T12:45:00+00:00,0.049390,900
2026-03-03T13:00:00+00:00,0.029870,900
2026-03-03T13:15:00+00:00,0.048500,900
2026-03-03T13:30:00+00:00,0.069260,900
2026-03-03T13:45:00+00:00,0.082240,900
2026-03-03T14:00:00+00:00,0.055720,900
2026-03-03T14:15:00+00:00,0.074560,900
2026-03-03T14:30:00+00:00,0.084810,900
2026-03-03T14:45:00+00:00,0.106040,900
2026-03-03T15:00:00+00:00,0.075440,900
2026-03-03T15:15:00+00:00,0.092960,900
2026-03-03T15:30:00+00:00,0.104990,900
2026-03-03T15:45:00+00:00,0.148260,900
2026-03-03T16:00:00+00:00,0.093700,900
2026-03-03T16:15:00+00:00,0.125570,900
2026-03-03T16:30:00+00:00,0.177720,900
2026-03-03T16:45:00+00:00,0.250480,900
2026-03-03T17:00:00+00:00,0.196300,900
2026-03-03T17:15:00+00:00,0.202650,900
2026-03-03T17:30:00+00:00,0.221070,900
2026-03-03T17:45:00+00:00,0.197460,900
2026-03-03T18:00:00+00:00,0.224200,900
2026-03-03T18:15:00+00:00,0.180400,900
2026-03-03T18:30:00+00:00,0.157910,900
2026-03-03T18:45:00+00:00,0.123260,900
2026-03-03T19:00:00+00:00,0.145670,900
2026-03-03T19:15:00+00:00,0.132840,900
2026-03-03T19:30:00+00:00,0.117730,900
2026-03-03T19:45:00+00:00,0.108740,900
2026-03-03T20:00:00+00:00,0.117240,900
2026-03-03T20:15:00+00:00,0.112040,900
2026-03-03T20:30:00+00:00,0.108230,900
2026-03-03T20:45:00+00:00,0.095300,900
2026-03-03T21:00:00+00:00,0.113380,900
2026-03-03T21:15:00+00:00,0.102950,900
2026-03-03T21:30:00+00:00,0.102050,900
2026-03-03T21:45:00+00:00,0.093100,900
2026-03-03T22:00:00+00:00,0.103470,900
2026-03-03T22:15:00+00:00,0.094490,900
2026-03-03T22:30:00+00:00,0.098470,900
2026-03-03T22:45:00+00:00,0.088890,900
2026-03-03T23:00:00+00:00,0.135260,900
2026-03-03T23:15:00+00:00,0.127630,900
2026-03-03T23:30:00+00:00,0.122880,900
2026-03-03T23:45:00+00:00,0.110420,900
2026-03-04T00:00:00+00:00,0.130860,900
2026-03-04T00:15:00+00:00,0.122280,900
2026-03-04T00:30:00+00:00,0.120070,900
2026-03-04T00:45:00+00:00,0.117990,900
2026-03-04T01:00:00+00:00,0.122460,900
2026-03-04T01:15:00+00:00,0.121030,900
2026-03-04T01:30:00+00:00,0.120330,900
2026-03-04T01:45:00+00:00,0.117870,900
2026-03-04T02:00:00+00:00,0.119600,900
2026-03-04T02:15:00+00:00,0.119020,900
2026-03-04T02:30:00+00:00,0.118780,900
2026-03-04T02:45:00+00:00,0.118700,900
2026-03-04T03:00:00+00:00,0.118960,900
2026-03-04T03:15:00+00:00,0.119220,900
2026-03-04T03:30:00+00:00,0.123940,900
2026-03-04T03:45:00+00:00,0.125570,900
2026-03-04T04:00:00+00:00,0.113900,900
2026-03-04T04:15:00+00:00,0.119630,900
2026-03-04T04:30:00+00:00,0.126840,900
2026-03-04T04:45:00+00:00,0.152640,900
2026-03-04T05:00:00+00:00,0.124440,900
2026-03-04T05:15:00+00:00,0.137560,900
2026-03-04T05:30:00+00:00,0.190000,900
2026-03-04T05:45:00+00:00,0.273350,900
2026-03-04T06:00:00+00:00,0.308700,900
2026-03-04T06:15:00+00:00,0.318300,900
2026-03-04T06:30:00+00:00,0.226140,900
2026-03-04T06:45:00+00:00,0.177700,900
2026-03-04T07:00:00+00:00,0.292480,900
2026-03-04T07:15:00+00:00,0.209520,900
2026-03-04T07:30:00+00:00,0.153980,900
2026-03-04T07:45:00+00:00,0.126290,900
2026-03-04T08:00:00+00:00,0.200200,900
2026-03-04T08:15:00+00:00,0.144020,900
2026-03-04T08:30:00+00:00,0.128340,900
2026-03-04T08:45:00+00:00,0.108880,900
2026-03-04T09:00:00+00:00,0.137610,900
2026-03-04T09:15:00+00:00,0.117470,900
2026-03-04T09:30:00+00:00,0.106320,900
2026-03-04T09:45:00+00:00,0.083450,900
2026-03-04T10:00:00+00:00,0.102480,900
2026-03-04T10:15:00+00:00,0.080070,900
2026-03-04T10:30:00+00:00,0.079850,900
2026-03-04T10:45:00+00:00,0.053870,900
2026-03-04T11:00:00+00:00,0.069970,900
2026-03-04T11:15:00+00:00,0.039990,900
2026-03-04T11:30:00+00:00,0.035010,900
2026-03-04T11:45:00+00:00,0.023030,900
2026-03-04T12:00:00+00:00,0.028950,900
2026-03-04T12:15:00+00:00,0.024490,900
2026-03-04T12:30:00+00:00,0.029770,900
2026-03-04T12:45:00+00:00,0.035190,900
2026-03-04T13:00:00+00:00,0.023900,900
2026-03-04T13:15:00+00:00,0.051610,900
2026-03-04T13:30:00+00:00,0.070550,900
2026-03-04T13:45:00+00:00,0.086690,900
2026-03-04T14:00:00+00:00,0.064490,900
2026-03-04T14:15:00+00:00,0.083940,900
2026-03-04T14:30:00+00:00,0.091940,900
2026-03-04T14:45:00+00:00,0.123190,900
2026-03-04T15:00:00+00:00,0.087850,900
2026-03-04T15:15:00+00:00,0.110010,900
2026-03-04T15:30:00+00:00,0.128340,900
2026-03-04T15:45:00+00:00,0.189460,900
2026-03-04T16:00:00+00:00,0.130710,900
2026-03-04T16:15:00+00:00,0.173910,900
2026-03-04T16:30:00+00:00,0.253930,900
2026-03-04T16:45:00+00:00,0.449460,900
2026-03-04T17:00:00+00:00,0.280310,900
2026-03-04T17:15:00+00:00,0.337190,900
2026-03-04T17:30:00+00:00,0.343650,900
2026-03-04T17:45:00+00:00,0.277170,900
2026-03-04T18:00:00+00:00,0.316510,900
2026-03-04T18:15:00+00:00,0.223200,900
2026-03-04T18:30:00+00:00,0.208880,900
2026-03-04T18:45:00+00:00,0.185680,900
2026-03-04T19:00:00+00:00,0.193140,900
2026-03-04T19:15:00+00:00,0.172000,900
2026-03-04T19:30:00+00:00,0.159290,900
2026-03-04T19:45:00+00:00,0.150080,900
2026-03-04T20:00:00+00:00,0.161000,900
2026-03-04T20:15:00+00:00,0.150000,900
2026-03-04T20:30:00+00:00,0.137060,900
2026-03-04T20:45:00+00:00,0.120920,900
2026-03-04T21:00:00+00:00,0.146350,900
2026-03-04T21:15:00+00:00,0.139630,900
2026-03-04T21:30:00+00:00,0.130960,900
2026-03-04T21:45:00+00:00,0.117330,900
2026-03-04T22:00:00+00:00,0.132430,900
2026-03-04T22:15:00+00:00,0.125070,900
2026-03-04T22:30:00+00:00,0.113080,900
2026-03-04T22:45:00+00:00,0.105430,900
2026-03-04T23:00:00+00:00,0.128310,900
2026-03-04T23:15:00+00:00,0.112940,900
2026-03-04T23:30:00+00:00,0.107980,900
2026-03-04T23:45:00+00:00,0.105900,900
2026-03-05T00:00:00+00:00,0.111790,900
2026-03-05T00:15:00+00:00,0.109930,900
2026-03-05T00:30:00+00:00,0.109200,900
2026-03-05T00:45:00+00:00,0.108810,900
2026-03-05T01:00:00+00:00,0.109510,900
2026-03-05T01:15:00+00:00,0.109440,900
2026-03-05T01:30:00+00:00,0.109260,900
2026-03-05T01:45:00+00:00,0.108840,900
2026-03-05T02:00:00+00:00,0.105100,900
2026-03-05T02:15:00+00:00,0.108500,900
2026-03-05T02:30:00+00:00,0.108810,900
2026-03-05T02:45:00+00:00,0.109040,900
2026-03-05T03:00:00+00:00,0.109690,900
2026-03-05T03:15:00+00:00,0.110230,900
2026-03-05T03:30:00+00:00,0.109950,900
2026-03-05T03:45:00+00:00,0.113680,900
2026-03-05T04:00:00+00:00,0.104570,900
2026-03-05T04:15:00+00:00,0.108320,900
2026-03-05T04:30:00+00:00,0.130610,900
2026-03-05T04:45:00+00:00,0.141540,900
2026-03-05T05:00:00+00:00,0.123760,900
2026-03-05T05:15:00+00:00,0.146770,900
2026-03-05T05:30:00+00:00,0.157310,900
2026-03-05T05:45:00+00:00,0.162830,900
2026-03-05T06:00:00+00:00,0.189990,900
2026-03-05T06:15:00+00:00,0.181530,900
2026-03-05T06:30:00+00:00,0.160000,900
2026-03-05T06:45:00+00:00,0.146500,900
2026-03-05T07:00:00+00:00,0.176430,900
2026-03-05T07:15:00+00:00,0.149940,900
2026-03-05T07:30:00+00:00,0.130800,900
2026-03-05T07:45:00+00:00,0.100440,900
2026-03-05T08:00:00+00:00,0.129520,900
2026-03-05T08:15:00+00:00,0.099110,900
2026-03-05T08:30:00+00:00,0.089300,900
2026-03-05T08:45:00+00:00,0.070850,900
2026-03-05T09:00:00+00:00,0.094820,900
2026-03-05T09:15:00+00:00,0.070580,900
2026-03-05T09:30:00+00:00,0.060840,900
2026-03-05T09:45:00+00:00,0.033230,900
2026-03-05T10:00:00+00:00,0.058890,900
2026-03-05T10:15:00+00:00,0.027680,900
2026-03-05T10:30:00+00:00,0.010830,900
2026-03-05T10:45:00+00:00,0.000720,900
2026-03-05T11:00:00+00:00,0.008760,900
2026-03-05T11:15:00+00:00,0.000700,900
2026-03-05T11:30:00+00:00,0.000640,900
2026-03-05T11:45:00+00:00,0.000640,900
2026-03-05T12:00:00+00:00,0.000050,900
2026-03-05T12:15:00+00:00,0.000150,900
2026-03-05T12:30:00+00:00,0.001280,900
2026-03-05T12:45:00+00:00,0.010010,900
2026-03-05T13:00:00+00:00,0.010050,900
2026-03-05T13:15:00+00:00,0.032280,900
2026-03-05T13:30:00+00:00,0.039860,900
2026-03-05T13:45:00+00:00,0.070170,900
2026-03-05T14:00:00+00:00,0.056080,900
2026-03-05T14:15:00+00:00,0.081940,900
2026-03-05T14:30:00+00:00,0.090950,900
2026-03-05T14:45:00+00:00,0.112080,900
2026-03-05T15:00:00+00:00,0.084830,900
2026-03-05T15:15:00+00:00,0.113990,900
2026-03-05T15:30:00+00:00,0.135930,900
2026-03-05T15:45:00+00:00,0.185680,900
2026-03-05T16:00:00+00:00,0.121310,900
2026-03-05T16:15:00+00:00,0.162140,900
2026-03-05T16:30:00+00:00,0.190360,900
2026-03-05T16:45:00+00:00,0.255080,900
2026-03-05T17:00:00+00:00,0.230090,900
2026-03-05T17:15:00+00:00,0.202270,900
2026-03-05T17:30:00+00:00,0.182070,900
2026-03-05T17:45:00+00:00,0.163070,900
2026-03-05T18:00:00+00:00,0.201970,900
2026-03-05T18:15:00+00:00,0.168120,900
2026-03-05T18:30:00+00:00,0.155340,900
2026-03-05T18:45:00+00:00,0.144980,900
2026-03-05T19:00:00+00:00,0.149720,900
2026-03-05T19:15:00+00:00,0.137290,900
2026-03-05T19:30:00+00:00,0.130380,900
2026-03-05T19:45:00+00:00,0.122730,900
2026-03-05T20:00:00+00:00,0.145900,900
2026-03-05T20:15:00+00:00,0.138090,900
2026-03-05T20:30:00+00:00,0.126680,900
2026-03-05T20:45:00+00:00,0.111690,900
2026-03-05T21:00:00+00:00,0.136580,900
2026-03-05T21:15:00+00:00,0.130340,900
2026-03-05T21:30:00+00:00,0.128270,900
2026-03-05T21:45:00+00:00,0.125380,900
2026-03-05T22:00:00+00:00,0.142170,900
2026-03-05T22:15:00+00:00,0.121790,900
2026-03-05T22:30:00+00:00,0.118330,900
2026-03-05T22:45:00+00:00,0.110130,900
2026-03-05T23:00:00+00:00,0.099740,900
2026-03-05T23:15:00+00:00,0.104490,900
2026-03-05T23:30:00+00:00,0.104440,900
2026-03-05T23:45:00+00:00,0.100100,900
2026-03-06T00:00:00+00:00,0.107790,900
2026-03-06T00:15:00+00:00,0.105850,900
2026-03-06T00:30:00+00:00,0.106920,900
2026-03-06T00:45:00+00:00,0.105000,900
2026-03-06T01:00:00+00:00,0.109380,900
2026-03-06T01:15:00+00:00,0.108040,900
2026-03-06T01:30:00+00:00,0.108570,900
2026-03-06T01:45:00+00:00,0.108100,900
2026-03-06T02:00:00+00:00,0.108830,900
2026-03-06T02:15:00+00:00,0.108900,900
2026-03-06T02:30:00+00:00,0.109540,900
2026-03-06T02:45:00+00:00,0.110830,900
2026-03-06T03:00:00+00:00,0.110740,900
2026-03-06T03:15:00+00:00,0.109970,900
2026-03-06T03:30:00+00:00,0.118000,900
2026-03-06T03:45:00+00:00,0.123290,900
2026-03-06T04:00:00+00:00,0.106250,900
2026-03-06T04:15:00+00:00,0.113720,900
2026-03-06T04:30:00+00:00,0.123350,900
2026-03-06T04:45:00+00:00,0.137960,900
2026-03-06T05:00:00+00:00,0.115520,900
2026-03-06T05:15:00+00:00,0.133720,900
2026-03-06T05:30:00+00:00,0.148560,900
2026-03-06T05:45:00+00:00,0.193430,900
2026-03-06T06:00:00+00:00,0.199960,900
2026-03-06T06:15:00+00:00,0.195180,900
2026-03-06T06:30:00+00:00,0.172970,900
2026-03-06T06:45:00+00:00,0.133490,900
2026-03-06T07:00:00+00:00,0.180820,900
2026-03-06T07:15:00+00:00,0.147740,900
2026-03-06T07:30:00+00:00,0.120360,900
2026-03-06T07:45:00+00:00,0.098800,900
2026-03-06T08:00:00+00:00,0.143860,900
2026-03-06T08:15:00+00:00,0.108610,900
2026-03-06T08:30:00+00:00,0.103170,900
2026-03-06T08:45:00+00:00,0.093910,900
2026-03-06T09:00:00+00:00,0.111980,900
2026-03-06T09:15:00+00:00,0.100690,900
2026-03-06T09:30:00+00:00,0.096140,900
2026-03-06T09:45:00+00:00,0.077190,900
2026-03-06T10:00:00+00:00,0.090300,900
2026-03-06T10:15:00+00:00,0.072770,900
2026-03-06T10:30:00+00:00,0.068060,900
2026-03-06T10:45:00+00:00,0.054590,900
2026-03-06T11:00:00+00:00,0.068020,900
2026-03-06T11:15:00+00:00,0.053230,900
2026-03-06T11:30:00+00:00,0.055960,900
2026-03-06T11:45:00+00:00,0.050610,900
2026-03-06T12:00:00+00:00,0.050680,900
2026-03-06T12:15:00+00:00,0.049690,900
2026-03-06T12:30:00+00:00,0.049020,900
2026-03-06T12:45:00+00:00,0.054940,900
2026-03-06T13:00:00+00:00,0.048040,900
2026-03-06T13:15:00+00:00,0.067050,900
2026-03-06T13:30:00+00:00,0.084760,900
2026-03-06T13:45:00+00:00,0.098920,900
2026-03-06T14:00:00+00:00,0.085460,900
2026-03-06T14:15:00+00:00,0.101700,900
2026-03-06T14:30:00+00:00,0.099830,900
2026-03-06T14:45:00+00:00,0.126240,900
2026-03-06T15:00:00+00:00,0.088860,900
2026-03-06T15:15:00+00:00,0.114670,900
2026-03-06T15:30:00+00:00,0.133470,900
2026-03-06T15:45:00+00:00,0.162710,900
2026-03-06T16:00:00+00:00,0.115480,900
2026-03-06T16:15:00+00:00,0.153930,900
2026-03-06T16:30:00+00:00,0.187670,900
2026-03-06T16:45:00+00:00,0.248910,900
2026-03-06T17:00:00+00:00,0.218300,900
2026-03-06T17:15:00+00:00,0.235820,900
2026-03-06T17:30:00+00:00,0.228700,900
2026-03-06T17:45:00+00:00,0.215100,900
2026-03-06T18:00:00+00:00,0.238110,900
2026-03-06T18:15:00+00:00,0.181530,900
2026-03-06T18:30:00+00:00,0.166220,900
2026-03-06T18:45:00+00:00,0.160660,900
2026-03-06T19:00:00+00:00,0.161980,900
2026-03-06T19:15:00+00:00,0.152830,900
2026-03-06T19:30:00+00:00,0.146800,900
2026-03-06T19:45:00+00:00,0.125570,900
2026-03-06T20:00:00+00:00,0.143410,900
2026-03-06T20:15:00+00:00,0.138290,900
2026-03-06T20:30:00+00:00,0.125370,900
2026-03-06T20:45:00+00:00,0.114740,900
2026-03-06T21:00:00+00:00,0.129720,900
2026-03-06T21:15:00+00:00,0.121980,900
2026-03-06T21:30:00+00:00,0.121790,900
2026-03-06T21:45:00+00:00,0.115990,900
2026-03-06T22:00:00+00:00,0.130170,900
2026-03-06T22:15:00+00:00,0.120990,900
2026-03-06T22:30:00+00:00,0.119510,900
2026-03-06T22:45:00+00:00,0.109330,900
2026-03-06T23:00:00+00:00,0.135230,900
2026-03-06T23:15:00+00:00,0.130620,900
2026-03-06T23:30:00+00:00,0.126020,900
2026-03-06T23:45:00+00:00,0.122880,900
2026-03-07T00:00:00+00:00,0.129380,900
2026-03-07T00:15:00+00:00,0.123790,900
2026-03-07T00:30:00+00:00,0.121570,900
2026-03-07T00:45:00+00:00,0.118430,900
2026-03-07T01:00:00+00:00,0.121820,900
2026-03-07T01:15:00+00:00,0.118750,900
2026-03-07T01:30:00+00:00,0.116330,900
2026-03-07T01:45:00+00:00,0.115270,900
2026-03-07T02:00:00+00:00,0.117700,900
2026-03-07T02:15:00+00:00,0.116060,900
2026-03-07T02:30:00+00:00,0.114670,900
2026-03-07T02:45:00+00:00,0.113880,900
2026-03-07T03:00:00+00:00,0.113970,900
2026-03-07T03:15:00+00:00,0.114980,900
2026-03-07T03:30:00+00:00,0.115320,900
2026-03-07T03:45:00+00:00,0.117850,900
2026-03-07T04:00:00+00:00,0.115540,900
2026-03-07T04:15:00+00:00,0.119180,900
2026-03-07T04:30:00+00:00,0.120500,900
2026-03-07T04:45:00+00:00,0.124930,900
2026-03-07T05:00:00+00:00,0.121910,900
2026-03-07T05:15:00+00:00,0.128980,900
2026-03-07T05:30:00+00:00,0.131190,900
2026-03-07T05:45:00+00:00,0.122240,900
2026-03-07T06:00:00+00:00,0.137230,900
2026-03-07T06:15:00+00:00,0.129790,900
2026-03-07T06:30:00+00:00,0.123500,900
2026-03-07T06:45:00+00:00,0.103040,900
2026-03-07T07:00:00+00:00,0.135980,900
2026-03-07T07:15:00+00:00,0.122100,900
2026-03-07T07:30:00+00:00,0.103790,900
2026-03-07T07:45:00+00:00,0.086640,900
2026-03-07T08:00:00+00:00,0.129970,900
2026-03-07T08:15:00+00:00,0.109400,900
2026-03-07T08:30:00+00:00,0.096460,900
2026-03-07T08:45:00+00:00,0.080530,900
2026-03-07T09:00:00+00:00,0.104380,900
2026-03-07T09:15:00+00:00,0.086250,900
2026-03-07T09:30:00+00:00,0.075730,900
2026-03-07T09:45:00+00:00,0.040280,900
2026-03-07T10:00:00+00:00,0.059000,900
2026-03-07T10:15:00+00:00,0.030420,900
2026-03-07T10:30:00+00:00,0.021910,900
2026-03-07T10:45:00+00:00,0.020270,900
2026-03-07T11:00:00+00:00,0.020530,900
2026-03-07T11:15:00+00:00,0.016380,900
2026-03-07T11:30:00+00:00,0.012310,900
2026-03-07T11:45:00+00:00,0.009140,900
2026-03-07T12:00:00+00:00,0.005590,900
2026-03-07T12:15:00+00:00,0.000640,900
2026-03-07T12:30:00+00:00,0.000000,900
2026-03-07T12:45:00+00:00,0.000090,900
2026-03-07T13:00:00+00:00,0.003050,900
2026-03-07T13:15:00+00:00,0.013590,900
2026-03-07T13:30:00+00:00,0.023120,900
2026-03-07T13:45:00+00:00,0.034250,900
2026-03-07T14:00:00+00:00,0.034970,900
2026-03-07T14:15:00+00:00,0.071100,900
2026-03-07T14:30:00+00:00,0.087600,900
2026-03-07T14:45:00+00:00,0.113880,900
2026-03-07T15:00:00+00:00,0.075660,900
2026-03-07T15:15:00+00:00,0.105140,900
2026-03-07T15:30:00+00:00,0.132630,900
2026-03-07T15:45:00+00:00,0.151120,900
2026-03-07T16:00:00+00:00,0.104800,900
2026-03-07T16:15:00+00:00,0.120730,900
2026-03-07T16:30:00+00:00,0.137960,900
2026-03-07T16:45:00+00:00,0.189190,900
2026-03-07T17:00:00+00:00,0.162950,900
2026-03-07T17:15:00+00:00,0.175570,900
2026-03-07T17:30:00+00:00,0.193950,900
2026-03-07T17:45:00+00:00,0.184340,900
2026-03-07T18:00:00+00:00,0.188110,900
2026-03-07T18:15:00+00:00,0.171640,900
2026-03-07T18:30:00+00:00,0.164160,900
2026-03-07T18:45:00+00:00,0.148900,900
2026-03-07T19:00:00+00:00,0.155740,900
2026-03-07T19:15:00+00:00,0.150010,900
2026-03-07T19:30:00+00:00,0.143570,900
2026-03-07T19:45:00+00:00,0.135390,900
2026-03-07T20:00:00+00:00,0.141200,900
2026-03-07T20:15:00+00:00,0.133180,900
2026-03-07T20:30:00+00:00,0.128450,900
2026-03-07T20:45:00+00:00,0.122680,900
2026-03-07T21:00:00+00:00,0.136490,900
2026-03-07T21:15:00+00:00,0.128520,900
2026-03-07T21:30:00+00:00,0.126790,900
2026-03-07T21:45:00+00:00,0.125540,900
2026-03-07T22:00:00+00:00,0.138180,900
2026-03-07T22:15:00+00:00,0.125780,900
2026-03-07T22:30:00+00:00,0.122170,900
2026-03-07T22:45:00+00:00,0.116840,900
2026-03-07T23:00:00+00:00,0.141850,900
2026-03-07T23:15:00+00:00,0.133560,900
2026-03-07T23:30:00+00:00,0.128590,900
2026-03-07T23:45:00+00:00,0.125190,900
2026-03-08T00:00:00+00:00,0.134660,900
2026-03-08T00:15:00+00:00,0.130460,900
2026-03-08T00:30:00+00:00,0.125680,900
2026-03-08T00:45:00+00:00,0.122610,900
2026-03-08T01:00:00+00:00,0.128970,900
2026-03-08T01:15:00+00:00,0.128260,900
2026-03-08T01:30:00+00:00,0.125160,900
2026-03-08T01:45:00+00:00,0.122570,900
2026-03-08T02:00:00+00:00,0.126890,900
2026-03-08T02:15:00+00:00,0.124440,900
2026-03-08T02:30:00+00:00,0.124700,900
2026-03-08T02:45:00+00:00,0.122070,900
2026-03-08T03:00:00+00:00,0.123540,900
2026-03-08T03:15:00+00:00,0.122640,900
2026-03-08T03:30:00+00:00,0.123070,900
2026-03-08T03:45:00+00:00,0.123680,900
2026-03-08T04:00:00+00:00,0.124000,900
2026-03-08T04:15:00+00:00,0.122000,900
2026-03-08T04:30:00+00:00,0.124380,900
2026-03-08T04:45:00+00:00,0.125270,900
2026-03-08T05:00:00+00:00,0.124430,900
2026-03-08T05:15:00+00:00,0.128740,900
2026-03-08T05:30:00+00:00,0.127570,900
2026-03-08T05:45:00+00:00,0.125100,900
2026-03-08T06:00:00+00:00,0.135260,900
2026-03-08T06:15:00+00:00,0.125180,900
2026-03-08T06:30:00+00:00,0.108410,900
2026-03-08T06:45:00+00:00,0.091770,900
2026-03-08T07:00:00+00:00,0.132120,900
2026-03-08T07:15:00+00:00,0.113130,900
2026-03-08T07:30:00+00:00,0.112890,900
2026-03-08T07:45:00+00:00,0.101450,900
2026-03-08T08:00:00+00:00,0.127580,900
2026-03-08T08:15:00+00:00,0.114770,900
2026-03-08T08:30:00+00:00,0.110620,900
2026-03-08T08:45:00+00:00,0.090340,900
2026-03-08T09:00:00+00:00,0.109100,900
2026-03-08T09:15:00+00:00,0.097110,900
2026-03-08T09:30:00+00:00,0.093150,900
2026-03-08T09:45:00+00:00,0.080000,900
2026-03-08T10:00:00+00:00,0.034580,900
2026-03-08T10:15:00+00:00,0.023780,900
2026-03-08T10:30:00+00:00,0.017250,900
2026-03-08T10:45:00+00:00,0.010430,900
2026-03-08T11:00:00+00:00,0.014960,900
2026-03-08T11:15:00+00:00,0.011050,900
2026-03-08T11:30:00+00:00,0.011150,900
2026-03-08T11:45:00+00:00,0.001960,900
2026-03-08T12:00:00+00:00,0.000050,900
2026-03-08T12:15:00+00:00,0.000000,900
2026-03-08T12:30:00+00:00,-0.000010,900
2026-03-08T12:45:00+00:00,0.000000,900
2026-03-08T13:00:00+00:00,0.000000,900
2026-03-08T13:15:00+00:00,0.000000,900
2026-03-08T13:30:00+00:00,0.007700,900
2026-03-08T13:45:00+00:00,0.018460,900
2026-03-08T14:00:00+00:00,0.015570,900
2026-03-08T14:15:00+00:00,0.037550,900
2026-03-08T14:30:00+00:00,0.077120,900
2026-03-08T14:45:00+00:00,0.103560,900
2026-03-08T15:00:00+00:00,0.064810,900
2026-03-08T15:15:00+00:00,0.098920,900
2026-03-08T15:30:00+00:00,0.123540,900
2026-03-08T15:45:00+00:00,0.140950,900
2026-03-08T16:00:00+00:00,0.114370,900
2026-03-08T16:15:00+00:00,0.130050,900
2026-03-08T16:30:00+00:00,0.141910,900
2026-03-08T16:45:00+00:00,0.205120,900
2026-03-08T17:00:00+00:00,0.161300,900
2026-03-08T17:15:00+00:00,0.174000,900
2026-03-08T17:30:00+00:00,0.165410,900
2026-03-08T17:45:00+00:00,0.170790,900
2026-03-08T18:00:00+00:00,0.160200,900
2026-03-08T18:15:00+00:00,0.150870,900
2026-03-08T18:30:00+00:00,0.155140,900
2026-03-08T18:45:00+00:00,0.150000,900
2026-03-08T19:00:00+00:00,0.169090,900
2026-03-08T19:15:00+00:00,0.156610,900
2026-03-08T19:30:00+00:00,0.145310,900
2026-03-08T19:45:00+00:00,0.129010,900
2026-03-08T20:00:00+00:00,0.138530,900
2026-03-08T20:15:00+00:00,0.131480,900
2026-03-08T20:30:00+00:00,0.125400,900
2026-03-08T20:45:00+00:00,0.117090,900
2026-03-08T21:00:00+00:00,0.132270,900
2026-03-08T21:15:00+00:00,0.121510,900
2026-03-08T21:30:00+00:00,0.121100,900
2026-03-08T21:45:00+00:00,0.130100,900
2026-03-08T22:00:00+00:00,0.140100,900
2026-03-08T22:15:00+00:00,0.132900,900
2026-03-08T22:30:00+00:00,0.130920,900
2026-03-08T22:45:00+00:00,0.120100,900
2026-03-08T23:00:00+00:00,0.122720,900
2026-03-08T23:15:00+00:00,0.115030,900
2026-03-08T23:30:00+00:00,0.113260,900
2026-03-08T23:45:00+00:00,0.107970,900
2026-03-09T00:00:00+00:00,0.111960,900
2026-03-09T00:15:00+00:00,0.110020,900
2026-03-09T00:30:00+00:00,0.109390,900
2026-03-09T00:45:00+00:00,0.108070,900
2026-03-09T01:00:00+00:00,0.109770,900
2026-03-09T01:15:00+00:00,0.107820,900
2026-03-09T01:30:00+00:00,0.109870,900
2026-03-09T01:45:00+00:00,0.109960,900
2026-03-09T02:00:00+00:00,0.110030,900
2026-03-09T02:15:00+00:00,0.110410,900
2026-03-09T02:30:00+00:00,0.110400,900
2026-03-09T02:45:00+00:00,0.111120,900
2026-03-09T03:00:00+00:00,0.113000,900
2026-03-09T03:15:00+00:00,0.112600,900
2026-03-09T03:30:00+00:00,0.116120,900
2026-03-09T03:45:00+00:00,0.121140,900
2026-03-09T04:00:00+00:00,0.110990,900
2026-03-09T04:15:00+00:00,0.122320,900
2026-03-09T04:30:00+00:00,0.137300,900
2026-03-09T04:45:00+00:00,0.162780,900
2026-03-09T05:00:00+00:00,0.140920,900
2026-03-09T05:15:00+00:00,0.146570,900
2026-03-09T05:30:00+00:00,0.170160,900
2026-03-09T05:45:00+00:00,0.177250,900
2026-03-09T06:00:00+00:00,0.222460,900
2026-03-09T06:15:00+00:00,0.221840,900
2026-03-09T06:30:00+00:00,0.180470,900
2026-03-09T06:45:00+00:00,0.150000,900
2026-03-09T07:00:00+00:00,0.245770,900
2026-03-09T07:15:00+00:00,0.159160,900
2026-03-09T07:30:00+00:00,0.155610,900
2026-03-09T07:45:00+00:00,0.124970,900
2026-03-09T08:00:00+00:00,0.164870,900
2026-03-09T08:15:00+00:00,0.142220,900
2026-03-09T08:30:00+00:00,0.134350,900
2026-03-09T08:45:00+00:00,0.109390,900
2026-03-09T09:00:00+00:00,0.130700,900
2026-03-09T09:15:00+00:00,0.120140,900
2026-03-09T09:30:00+00:00,0.107630,900
2026-03-09T09:45:00+00:00,0.100240,900
2026-03-09T10:00:00+00:00,0.100870,900
2026-03-09T10:15:00+00:00,0.097180,900
2026-03-09T10:30:00+00:00,0.091490,900
2026-03-09T10:45:00+00:00,0.078210,900
2026-03-09T11:00:00+00:00,0.076190,900
2026-03-09T11:15:00+00:00,0.074280,900
2026-03-09T11:30:00+00:00,0.073650,900
2026-03-09T11:45:00+00:00,0.072310,900
2026-03-09T12:00:00+00:00,0.069890,900
2026-03-09T12:15:00+00:00,0.070800,900
2026-03-09T12:30:00+00:00,0.072730,900
2026-03-09T12:45:00+00:00,0.076490,900
2026-03-09T13:00:00+00:00,0.072420,900
2026-03-09T13:15:00+00:00,0.081230,900
2026-03-09T13:30:00+00:00,0.085900,900
2026-03-09T13:45:00+00:00,0.095480,900
2026-03-09T14:00:00+00:00,0.091330,900
2026-03-09T14:15:00+00:00,0.101410,900
2026-03-09T14:30:00+00:00,0.113640,900
2026-03-09T14:45:00+00:00,0.137990,900
2026-03-09T15:00:00+00:00,0.100480,900
2026-03-09T15:15:00+00:00,0.131610,900
2026-03-09T15:30:00+00:00,0.144550,900
2026-03-09T15:45:00+00:00,0.176170,900
2026-03-09T16:00:00+00:00,0.127140,900
2026-03-09T16:15:00+00:00,0.161820,900
2026-03-09T16:30:00+00:00,0.199530,900
2026-03-09T16:45:00+00:00,0.259610,900
2026-03-09T17:00:00+00:00,0.223390,900
2026-03-09T17:15:00+00:00,0.246650,900
2026-03-09T17:30:00+00:00,0.250100,900
2026-03-09T17:45:00+00:00,0.250100,900
2026-03-09T18:00:00+00:00,0.247900,900
2026-03-09T18:15:00+00:00,0.218080,900
2026-03-09T18:30:00+00:00,0.217770,900
2026-03-09T18:45:00+00:00,0.205650,900
2026-03-09T19:00:00+00:00,0.217770,900
2026-03-09T19:15:00+00:00,0.195180,900
2026-03-09T19:30:00+00:00,0.160560,900
2026-03-09T19:45:00+00:00,0.146490,900
2026-03-09T20:00:00+00:00,0.170630,900
2026-03-09T20:15:00+00:00,0.157450,900
2026-03-09T20:30:00+00:00,0.144850,900
2026-03-09T20:45:00+00:00,0.135150,900
2026-03-09T21:00:00+00:00,0.155400,900
2026-03-09T21:15:00+00:00,0.145450,900
2026-03-09T21:30:00+00:00,0.144860,900
2026-03-09T21:45:00+00:00,0.130630,900
2026-03-09T22:00:00+00:00,0.139820,900
2026-03-09T22:15:00+00:00,0.134850,900
2026-03-09T22:30:00+00:00,0.128830,900
2026-03-09T22:45:00+00:00,0.131730,900
2026-03-09T23:00:00+00:00,0.151810,900
2026-03-09T23:15:00+00:00,0.140100,900
2026-03-09T23:30:00+00:00,0.136980,900
2026-03-09T23:45:00+00:00,0.130770,900
2026-03-10T00:00:00+00:00,0.136450,900
2026-03-10T00:15:00+00:00,0.130270,900
2026-03-10T00:30:00+00:00,0.128790,900
2026-03-10T00:45:00+00:00,0.128210,900
2026-03-10T01:00:00+00:00,0.129780,900
2026-03-10T01:15:00+00:00,0.128230,900
2026-03-10T01:30:00+00:00,0.127850,900
2026-03-10T01:45:00+00:00,0.125600,900
2026-03-10T02:00:00+00:00,0.124770,900
2026-03-10T02:15:00+00:00,0.124450,900
2026-03-10T02:30:00+00:00,0.125370,900
2026-03-10T02:45:00+00:00,0.127990,900
2026-03-10T03:00:00+00:00,0.122110,900
2026-03-10T03:15:00+00:00,0.124250,900
2026-03-10T03:30:00+00:00,0.128560,900
2026-03-10T03:45:00+00:00,0.132780,900
2026-03-10T04:00:00+00:00,0.125970,900
2026-03-10T04:15:00+00:00,0.132070,900
2026-03-10T04:30:00+00:00,0.140530,900
2026-03-10T04:45:00+00:00,0.155620,900
2026-03-10T05:00:00+00:00,0.139130,900
2026-03-10T05:15:00+00:00,0.163610,900
2026-03-10T05:30:00+00:00,0.171270,900
2026-03-10T05:45:00+00:00,0.187050,900
2026-03-10T06:00:00+00:00,0.192180,900
2026-03-10T06:15:00+00:00,0.199920,900
2026-03-10T06:30:00+00:00,0.174030,900
2026-03-10T06:45:00+00:00,0.152520,900
2026-03-10T07:00:00+00:00,0.236200,900
2026-03-10T07:15:00+00:00,0.179670,900
2026-03-10T07:30:00+00:00,0.159000,900
2026-03-10T07:45:00+00:00,0.138300,900
2026-03-10T08:00:00+00:00,0.197320,900
2026-03-10T08:15:00+00:00,0.149960,900
2026-03-10T08:30:00+00:00,0.134850,900
2026-03-10T08:45:00+00:00,0.122870,900
2026-03-10T09:00:00+00:00,0.168210,900
2026-03-10T09:15:00+00:00,0.125930,900
2026-03-10T09:30:00+00:00,0.126160,900
2026-03-10T09:45:00+00:00,0.119630,900
2026-03-10T10:00:00+00:00,0.138630,900
2026-03-10T10:15:00+00:00,0.130710,900
2026-03-10T10:30:00+00:00,0.118290,900
2026-03-10T10:45:00+00:00,0.109640,900
2026-03-10T11:00:00+00:00,0.122470,900
2026-03-10T11:15:00+00:00,0.116510,900
2026-03-10T11:30:00+00:00,0.116230,900
2026-03-10T11:45:00+00:00,0.115630,900
2026-03-10T12:00:00+00:00,0.115140,900
2026-03-10T12:15:00+00:00,0.114990,900
2026-03-10T12:30:00+00:00,0.108400,900
2026-03-10T12:45:00+00:00,0.113080,900
2026-03-10T13:00:00+00:00,0.115020,900
2026-03-10T13:15:00+00:00,0.115880,900
2026-03-10T13:30:00+00:00,0.109020,900
2026-03-10T13:45:00+00:00,0.130000,900
2026-03-10T14:00:00+00:00,0.115970,900
2026-03-10T14:15:00+00:00,0.114980,900
2026-03-10T14:30:00+00:00,0.116270,900
2026-03-10T14:45:00+00:00,0.150670,900
2026-03-10T15:00:00+00:00,0.107760,900
2026-03-10T15:15:00+00:00,0.138490,900
2026-03-10T15:30:00+00:00,0.154150,900
2026-03-10T15:45:00+00:00,0.182760,900
2026-03-10T16:00:00+00:00,0.134500,900
2026-03-10T16:15:00+00:00,0.162700,900
2026-03-10T16:30:00+00:00,0.194750,900
2026-03-10T16:45:00+00:00,0.242910,900
2026-03-10T17:00:00+00:00,0.188840,900
2026-03-10T17:15:00+00:00,0.212200,900
2026-03-10T17:30:00+00:00,0.215960,900
2026-03-10T17:45:00+00:00,0.211000,900
2026-03-10T18:00:00+00:00,0.233260,900
2026-03-10T18:15:00+00:00,0.204300,900
2026-03-10T18:30:00+00:00,0.195060,900
2026-03-10T18:45:00+00:00,0.167020,900
2026-03-10T19:00:00+00:00,0.175590,900
2026-03-10T19:15:00+00:00,0.155730,900
2026-03-10T19:30:00+00:00,0.149910,900
2026-03-10T19:45:00+00:00,0.150910,900
2026-03-10T20:00:00+00:00,0.154710,900
2026-03-10T20:15:00+00:00,0.149930,900
2026-03-10T20:30:00+00:00,0.138790,900
2026-03-10T20:45:00+00:00,0.117810,900
2026-03-10T21:00:00+00:00,0.140660,900
2026-03-10T21:15:00+00:00,0.130150,900
2026-03-10T21:30:00+00:00,0.119540,900
2026-03-10T21:45:00+00:00,0.105650,900
2026-03-10T22:00:00+00:00,0.117760,900
2026-03-10T22:15:00+00:00,0.102140,900
2026-03-10T22:30:00+00:00,0.095520,900
2026-03-10T22:45:00+00:00,0.076280,900
2026-03-10T23:00:00+00:00,0.084230,900
2026-03-10T23:15:00+00:00,0.080130,900
2026-03-10T23:30:00+00:00,0.074460,900
2026-03-10T23:45:00+00:00,0.061570,900
2026-03-11T00:00:00+00:00,0.077980,900
2026-03-11T00:15:00+00:00,0.068190,900
2026-03-11T00:30:00+00:00,0.066020,900
2026-03-11T00:45:00+00:00,0.054000,900
2026-03-11T01:00:00+00:00,0.064770,900
2026-03-11T01:15:00+00:00,0.061440,900
2026-03-11T01:30:00+00:00,0.058160,900
2026-03-11T01:45:00+00:00,0.055550,900
2026-03-11T02:00:00+00:00,0.059920,900
2026-03-11T02:15:00+00:00,0.057930,900
2026-03-11T02:30:00+00:00,0.055250,900
2026-03-11T02:45:00+00:00,0.053500,900
2026-03-11T03:00:00+00:00,0.050420,900
2026-03-11T03:15:00+00:00,0.046130,900
2026-03-11T03:30:00+00:00,0.047110,900
2026-03-11T03:45:00+00:00,0.052960,900
2026-03-11T04:00:00+00:00,0.052900,900
2026-03-11T04:15:00+00:00,0.052770,900
2026-03-11T04:30:00+00:00,0.059730,900
2026-03-11T04:45:00+00:00,0.065410,900
2026-03-11T05:00:00+00:00,0.056970,900
2026-03-11T05:15:00+00:00,0.067920,900
2026-03-11T05:30:00+00:00,0.079590,900
2026-03-11T05:45:00+00:00,0.073520,900
2026-03-11T06:00:00+00:00,0.087480,900
2026-03-11T06:15:00+00:00,0.082940,900
2026-03-11T06:30:00+00:00,0.078490,900
2026-03-11T06:45:00+00:00,0.062890,900
2026-03-11T07:00:00+00:00,0.089850,900
2026-03-11T07:15:00+00:00,0.078700,900
2026-03-11T07:30:00+00:00,0.074890,900
2026-03-11T07:45:00+00:00,0.059500,900
2026-03-11T08:00:00+00:00,0.081710,900
2026-03-11T08:15:00+00:00,0.072150,900
2026-03-11T08:30:00+00:00,0.073450,900
2026-03-11T08:45:00+00:00,0.068360,900
2026-03-11T09:00:00+00:00,0.056650,900
2026-03-11T09:15:00+00:00,0.035630,900
2026-03-11T09:30:00+00:00,0.059750,900
2026-03-11T09:45:00+00:00,0.056370,900
2026-03-11T10:00:00+00:00,0.038470,900
2026-03-11T10:15:00+00:00,0.040100,900
2026-03-11T10:30:00+00:00,0.054270,900
2026-03-11T10:45:00+00:00,0.050000,900
2026-03-11T11:00:00+00:00,0.047030,900
2026-03-11T11:15:00+00:00,0.034990,900
2026-03-11T11:30:00+00:00,0.035470,900
2026-03-11T11:45:00+00:00,0.026570,900
2026-03-11T12:00:00+00:00,0.062480,900
2026-03-11T12:15:00+00:00,0.038300,900
2026-03-11T12:30:00+00:00,0.026640,900
2026-03-11T12:45:00+00:00,0.030100,900
2026-03-11T13:00:00+00:00,0.024340,900
2026-03-11T13:15:00+00:00,0.034270,900
2026-03-11T13:30:00+00:00,0.048910,900
2026-03-11T13:45:00+00:00,0.074660,900
2026-03-11T14:00:00+00:00,0.050370,900
2026-03-11T14:15:00+00:00,0.069130,900
2026-03-11T14:30:00+00:00,0.085660,900
2026-03-11T14:45:00+00:00,0.105580,900
2026-03-11T15:00:00+00:00,0.069920,900
2026-03-11T15:15:00+00:00,0.093710,900
2026-03-11T15:30:00+00:00,0.111030,900
2026-03-11T15:45:00+00:00,0.122140,900
2026-03-11T16:00:00+00:00,0.101630,900
2026-03-11T16:15:00+00:00,0.122820,900
2026-03-11T16:30:00+00:00,0.126330,900
2026-03-11T16:45:00+00:00,0.150820,900
2026-03-11T17:00:00+00:00,0.131830,900
2026-03-11T17:15:00+00:00,0.143620,900
2026-03-11T17:30:00+00:00,0.155330,900
2026-03-11T17:45:00+00:00,0.169020,900
2026-03-11T18:00:00+00:00,0.155550,900
2026-03-11T18:15:00+00:00,0.160180,900
2026-03-11T18:30:00+00:00,0.160340,900
2026-03-11T18:45:00+00:00,0.153150,900
2026-03-11T19:00:00+00:00,0.150660,900
2026-03-11T19:15:00+00:00,0.137220,900
2026-03-11T19:30:00+00:00,0.124030,900
2026-03-11T19:45:00+00:00,0.121100,900
2026-03-11T20:00:00+00:00,0.123880,900
2026-03-11T20:15:00+00:00,0.121800,900
2026-03-11T20:30:00+00:00,0.116840,900
2026-03-11T20:45:00+00:00,0.113480,900
2026-03-11T21:00:00+00:00,0.116600,900
2026-03-11T21:15:00+00:00,0.115780,900
2026-03-11T21:30:00+00:00,0.120600,900
2026-03-11T21:45:00+00:00,0.112280,900
2026-03-11T22:00:00+00:00,0.121870,900
2026-03-11T22:15:00+00:00,0.102620,900
2026-03-11T22:30:00+00:00,0.100100,900
2026-03-11T22:45:00+00:00,0.091980,900
2026-03-11T23:00:00+00:00,0.110830,900
2026-03-11T23:15:00+00:00,0.102440,900
2026-03-11T23:30:00+00:00,0.097930,900
2026-03-11T23:45:00+00:00,0.088480,900
2026-03-12T00:00:00+00:00,0.100590,900
2026-03-12T00:15:00+00:00,0.090830,900
2026-03-12T00:30:00+00:00,0.091310,900
2026-03-12T00:45:00+00:00,0.087370,900
2026-03-12T01:00:00+00:00,0.090280,900
2026-03-12T01:15:00+00:00,0.085250,900
2026-03-12T01:30:00+00:00,0.089440,900
2026-03-12T01:45:00+00:00,0.088830,900
2026-03-12T02:00:00+00:00,0.089570,900
2026-03-12T02:15:00+00:00,0.087380,900
2026-03-12T02:30:00+00:00,0.085760,900
2026-03-12T02:45:00+00:00,0.084130,900
2026-03-12T03:00:00+00:00,0.091290,900
2026-03-12T03:15:00+00:00,0.086850,900
2026-03-12T03:30:00+00:00,0.086940,900
2026-03-12T03:45:00+00:00,0.088320,900
2026-03-12T04:00:00+00:00,0.090540,900
2026-03-12T04:15:00+00:00,0.087450,900
2026-03-12T04:30:00+00:00,0.099940,900
2026-03-12T04:45:00+00:00,0.111960,900
2026-03-12T05:00:00+00:00,0.106090,900
2026-03-12T05:15:00+00:00,0.121080,900
2026-03-12T05:30:00+00:00,0.135570,900
2026-03-12T05:45:00+00:00,0.142560,900
2026-03-12T06:00:00+00:00,0.140870,900
2026-03-12T06:15:00+00:00,0.139090,900
2026-03-12T06:30:00+00:00,0.136300,900
2026-03-12T06:45:00+00:00,0.113080,900
2026-03-12T07:00:00+00:00,0.133500,900
2026-03-12T07:15:00+00:00,0.109160,900
2026-03-12T07:30:00+00:00,0.100480,900
2026-03-12T07:45:00+00:00,0.073760,900
2026-03-12T08:00:00+00:00,0.112020,900
2026-03-12T08:15:00+00:00,0.085780,900
2026-03-12T08:30:00+00:00,0.061970,900
2026-03-12T08:45:00+00:00,0.046180,900
2026-03-12T09:00:00+00:00,0.067230,900
2026-03-12T09:15:00+00:00,0.026060,900
2026-03-12T09:30:00+00:00,0.007600,900
2026-03-12T09:45:00+00:00,0.001200,900
2026-03-12T10:00:00+00:00,0.003250,900
2026-03-12T10:15:00+00:00,0.000000,900
2026-03-12T10:30:00+00:00,-0.000010,900
2026-03-12T10:45:00+00:00,-0.000190,900
2026-03-12T11:00:00+00:00,-0.000020,900
2026-03-12T11:15:00+00:00,-0.000350,900
2026-03-12T11:30:00+00:00,-0.000270,900
2026-03-12T11:45:00+00:00,-0.000420,900
2026-03-12T12:00:00+00:00,-0.000140,900
2026-03-12T12:15:00+00:00,0.000000,900
2026-03-12T12:30:00+00:00,0.000000,900
2026-03-12T12:45:00+00:00,0.000100,900
2026-03-12T13:00:00+00:00,-0.000110,900
2026-03-12T13:15:00+00:00,0.001120,900
2026-03-12T13:30:00+00:00,0.000070,900
2026-03-12T13:45:00+00:00,0.002510,900
2026-03-12T14:00:00+00:00,0.000500,900
2026-03-12T14:15:00+00:00,0.000920,900
2026-03-12T14:30:00+00:00,0.005590,900
2026-03-12T14:45:00+00:00,0.009860,900
2026-03-12T15:00:00+00:00,0.011370,900
2026-03-12T15:15:00+00:00,0.033250,900
2026-03-12T15:30:00+00:00,0.057350,900
2026-03-12T15:45:00+00:00,0.098030,900
2026-03-12T16:00:00+00:00,0.061580,900
2026-03-12T16:15:00+00:00,0.084010,900
2026-03-12T16:30:00+00:00,0.099200,900
2026-03-12T16:45:00+00:00,0.149220,900
2026-03-12T17:00:00+00:00,0.111500,900
2026-03-12T17:15:00+00:00,0.115350,900
2026-03-12T17:30:00+00:00,0.113180,900
2026-03-12T17:45:00+00:00,0.113450,900
2026-03-12T18:00:00+00:00,0.122270,900
2026-03-12T18:15:00+00:00,0.114770,900
2026-03-12T18:30:00+00:00,0.104400,900
2026-03-12T18:45:00+00:00,0.098560,900
2026-03-12T19:00:00+00:00,0.102820,900
2026-03-12T19:15:00+00:00,0.090030,900
2026-03-12T19:30:00+00:00,0.084980,900
2026-03-12T19:45:00+00:00,0.080470,900
2026-03-12T20:00:00+00:00,0.082460,900
2026-03-12T20:15:00+00:00,0.083050,900
2026-03-12T20:30:00+00:00,0.071590,900
2026-03-12T20:45:00+00:00,0.059400,900
2026-03-12T21:00:00+00:00,0.082840,900
2026-03-12T21:15:00+00:00,0.067070,900
2026-03-12T21:30:00+00:00,0.061760,900
2026-03-12T21:45:00+00:00,0.043020,900
2026-03-12T22:00:00+00:00,0.028570,900
2026-03-12T22:15:00+00:00,0.019880,900
2026-03-12T22:30:00+00:00,0.019690,900
2026-03-12T22:45:00+00:00,0.012040,900
2026-03-12T23:00:00+00:00,0.010870,900
2026-03-12T23:15:00+00:00,0.010000,900
2026-03-12T23:30:00+00:00,0.005070,900
2026-03-12T23:45:00+00:00,0.003480,900
2026-03-13T00:00:00+00:00,0.007330,900
2026-03-13T00:15:00+00:00,0.004540,900
2026-03-13T00:30:00+00:00,0.003380,900
2026-03-13T00:45:00+00:00,0.004500,900
2026-03-13T01:00:00+00:00,0.005300,900
2026-03-13T01:15:00+00:00,0.002810,900
2026-03-13T01:30:00+00:00,0.002720,900
2026-03-13T01:45:00+00:00,0.002530,900
2026-03-13T02:00:00+00:00,0.002480,900
2026-03-13T02:15:00+00:00,0.001770,900
2026-03-13T02:30:00+00:00,0.000680,900
2026-03-13T02:45:00+00:00,0.000240,900
2026-03-13T03:00:00+00:00,0.002140,900
2026-03-13T03:15:00+00:00,0.001460,900
2026-03-13T03:30:00+00:00,0.002060,900
2026-03-13T03:45:00+00:00,0.002210,900
2026-03-13T04:00:00+00:00,0.001610,900
2026-03-13T04:15:00+00:00,0.001630,900
2026-03-13T04:30:00+00:00,0.004090,900
2026-03-13T04:45:00+00:00,0.004300,900
2026-03-13T05:00:00+00:00,0.007940,900
2026-03-13T05:15:00+00:00,0.013670,900
2026-03-13T05:30:00+00:00,0.015370,900
2026-03-13T05:45:00+00:00,0.015720,900
2026-03-13T06:00:00+00:00,0.026810,900
2026-03-13T06:15:00+00:00,0.033440,900
2026-03-13T06:30:00+00:00,0.035450,900
2026-03-13T06:45:00+00:00,0.068300,900
2026-03-13T07:00:00+00:00,0.095680,900
2026-03-13T07:15:00+00:00,0.098550,900
2026-03-13T07:30:00+00:00,0.107990,900
2026-03-13T07:45:00+00:00,0.080000,900
2026-03-13T08:00:00+00:00,0.098830,900
2026-03-13T08:15:00+00:00,0.092300,900
2026-03-13T08:30:00+00:00,0.092290,900
2026-03-13T08:45:00+00:00,0.092180,900
2026-03-13T09:00:00+00:00,0.090430,900
2026-03-13T09:15:00+00:00,0.080810,900
2026-03-13T09:30:00+00:00,0.096310,900
2026-03-13T09:45:00+00:00,0.088560,900
2026-03-13T10:00:00+00:00,0.085810,900
2026-03-13T10:15:00+00:00,0.079160,900
2026-03-13T10:30:00+00:00,0.078120,900
2026-03-13T10:45:00+00:00,0.058110,900
2026-03-13T11:00:00+00:00,0.083500,900
2026-03-13T11:15:00+00:00,0.062270,900
2026-03-13T11:30:00+00:00,0.060860,900
2026-03-13T11:45:00+00:00,0.061380,900
2026-03-13T12:00:00+00:00,0.072500,900
2026-03-13T12:15:00+00:00,0.054590,900
2026-03-13T12:30:00+00:00,0.045610,900
2026-03-13T12:45:00+00:00,0.047300,900
2026-03-13T13:00:00+00:00,0.056600,900
2026-03-13T13:15:00+00:00,0.060380,900
2026-03-13T13:30:00+00:00,0.065690,900
2026-03-13T13:45:00+00:00,0.074930,900
2026-03-13T14:00:00+00:00,0.064780,900
2026-03-13T14:15:00+00:00,0.073670,900
2026-03-13T14:30:00+00:00,0.072210,900
2026-03-13T14:45:00+00:00,0.116800,900
2026-03-13T15:00:00+00:00,0.056020,900
2026-03-13T15:15:00+00:00,0.101830,900
2026-03-13T15:30:00+00:00,0.128810,900
2026-03-13T15:45:00+00:00,0.152660,900
2026-03-13T16:00:00+00:00,0.107240,900
2026-03-13T16:15:00+00:00,0.122190,900
2026-03-13T16:30:00+00:00,0.143140,900
2026-03-13T16:45:00+00:00,0.163470,900
2026-03-13T17:00:00+00:00,0.124880,900
2026-03-13T17:15:00+00:00,0.147480,900
2026-03-13T17:30:00+00:00,0.159890,900
2026-03-13T17:45:00+00:00,0.176120,900
2026-03-13T18:00:00+00:00,0.172110,900
2026-03-13T18:15:00+00:00,0.172280,900
2026-03-13T18:30:00+00:00,0.165340,900
2026-03-13T18:45:00+00:00,0.148680,900
2026-03-13T19:00:00+00:00,0.164090,900
2026-03-13T19:15:00+00:00,0.148560,900
2026-03-13T19:30:00+00:00,0.132430,900
2026-03-13T19:45:00+00:00,0.124030,900
2026-03-13T20:00:00+00:00,0.143460,900
2026-03-13T20:15:00+00:00,0.130440,900
2026-03-13T20:30:00+00:00,0.119730,900
2026-03-13T20:45:00+00:00,0.116100,900
2026-03-13T21:00:00+00:00,0.131670,900
2026-03-13T21:15:00+00:00,0.123420,900
2026-03-13T21:30:00+00:00,0.124500,900
2026-03-13T21:45:00+00:00,0.117070,900
2026-03-13T22:00:00+00:00,0.133690,900
2026-03-13T22:15:00+00:00,0.113230,900
2026-03-13T22:30:00+00:00,0.113240,900
2026-03-13T22:45:00+00:00,0.103350,900
2026-03-13T23:00:00+00:00,0.152490,900
2026-03-13T23:15:00+00:00,0.144560,900
2026-03-13T23:30:00+00:00,0.116640,900
2026-03-13T23:45:00+00:00,0.109120,900
2026-03-14T00:00:00+00:00,0.150220,900
2026-03-14T00:15:00+00:00,0.133260,900
2026-03-14T00:30:00+00:00,0.119600,900
2026-03-14T00:45:00+00:00,0.106920,900
2026-03-14T01:00:00+00:00,0.133900,900
2026-03-14T01:15:00+00:00,0.121240,900
2026-03-14T01:30:00+00:00,0.108520,900
2026-03-14T01:45:00+00:00,0.104900,900
2026-03-14T02:00:00+00:00,0.119780,900
2026-03-14T02:15:00+00:00,0.126160,900
2026-03-14T02:30:00+00:00,0.120100,900
2026-03-14T02:45:00+00:00,0.122000,900
2026-03-14T03:00:00+00:00,0.116080,900
2026-03-14T03:15:00+00:00,0.115000,900
2026-03-14T03:30:00+00:00,0.116980,900
2026-03-14T03:45:00+00:00,0.116400,900
2026-03-14T04:00:00+00:00,0.106820,900
2026-03-14T04:15:00+00:00,0.107540,900
2026-03-14T04:30:00+00:00,0.112220,900
2026-03-14T04:45:00+00:00,0.124220,900
2026-03-14T05:00:00+00:00,0.106270,900
2026-03-14T05:15:00+00:00,0.111570,900
2026-03-14T05:30:00+00:00,0.113710,900
2026-03-14T05:45:00+00:00,0.115190,900
2026-03-14T06:00:00+00:00,0.119900,900
2026-03-14T06:15:00+00:00,0.120400,900
2026-03-14T06:30:00+00:00,0.119590,900
2026-03-14T06:45:00+00:00,0.118530,900
2026-03-14T07:00:00+00:00,0.128090,900
2026-03-14T07:15:00+00:00,0.134770,900
2026-03-14T07:30:00+00:00,0.137990,900
2026-03-14T07:45:00+00:00,0.139390,900
2026-03-14T08:00:00+00:00,0.124750,900
2026-03-14T08:15:00+00:00,0.125950,900
2026-03-14T08:30:00+00:00,0.120990,900
2026-03-14T08:45:00+00:00,0.111900,900
2026-03-14T09:00:00+00:00,0.118170,900
2026-03-14T09:15:00+00:00,0.113850,900
2026-03-14T09:30:00+00:00,0.109130,900
2026-03-14T09:45:00+00:00,0.103270,900
2026-03-14T10:00:00+00:00,0.104480,900
2026-03-14T10:15:00+00:00,0.101620,900
2026-03-14T10:30:00+00:00,0.104850,900
2026-03-14T10:45:00+00:00,0.107470,900
2026-03-14T11:00:00+00:00,0.106910,900
2026-03-14T11:15:00+00:00,0.106280,900
2026-03-14T11:30:00+00:00,0.109440,900
2026-03-14T11:45:00+00:00,0.105170,900
2026-03-14T12:00:00+00:00,0.106450,900
2026-03-14T12:15:00+00:00,0.104580,900
2026-03-14T12:30:00+00:00,0.101300,900
2026-03-14T12:45:00+00:00,0.098920,900
2026-03-14T13:00:00+00:00,0.105500,900
2026-03-14T13:15:00+00:00,0.104820,900
2026-03-14T13:30:00+00:00,0.103470,900
2026-03-14T13:45:00+00:00,0.107700,900
2026-03-14T14:00:00+00:00,0.097810,900
2026-03-14T14:15:00+00:00,0.115310,900
2026-03-14T14:30:00+00:00,0.111490,900
2026-03-14T14:45:00+00:00,0.115080,900
2026-03-14T15:00:00+00:00,0.108170,900
2026-03-14T15:15:00+00:00,0.116820,900
2026-03-14T15:30:00+00:00,0.128360,900
2026-03-14T15:45:00+00:00,0.134040,900
2026-03-14T16:00:00+00:00,0.109760,900
2026-03-14T16:15:00+00:00,0.130210,900
2026-03-14T16:30:00+00:00,0.137680,900
2026-03-14T16:45:00+00:00,0.159320,900
2026-03-14T17:00:00+00:00,0.140000,900
2026-03-14T17:15:00+00:00,0.148410,900
2026-03-14T17:30:00+00:00,0.172560,900
2026-03-14T17:45:00+00:00,0.183430,900
2026-03-14T18:00:00+00:00,0.183480,900
2026-03-14T18:15:00+00:00,0.178340,900
2026-03-14T18:30:00+00:00,0.165510,900
2026-03-14T18:45:00+00:00,0.152010,900
2026-03-14T19:00:00+00:00,0.176360,900
2026-03-14T19:15:00+00:00,0.156190,900
2026-03-14T19:30:00+00:00,0.139970,900
2026-03-14T19:45:00+00:00,0.128540,900
2026-03-14T20:00:00+00:00,0.140000,900
2026-03-14T20:15:00+00:00,0.133540,900
2026-03-14T20:30:00+00:00,0.140400,900
2026-03-14T20:45:00+00:00,0.135870,900
2026-03-14T21:00:00+00:00,0.139530,900
2026-03-14T21:15:00+00:00,0.132990,900
2026-03-14T21:30:00+00:00,0.139810,900
2026-03-14T21:45:00+00:00,0.128620,900
2026-03-14T22:00:00+00:00,0.139610,900
2026-03-14T22:15:00+00:00,0.128820,900
2026-03-14T22:30:00+00:00,0.127350,900
2026-03-14T22:45:00+00:00,0.116400,900
2026-03-14T23:00:00+00:00,0.147170,900
2026-03-14T23:15:00+00:00,0.147660,900
2026-03-14T23:30:00+00:00,0.139780,900
2026-03-14T23:45:00+00:00,0.127070,900
2026-03-15T00:00:00+00:00,0.146450,900
2026-03-15T00:15:00+00:00,0.138010,900
2026-03-15T00:30:00+00:00,0.135100,900
2026-03-15T00:45:00+00:00,0.127230,900
2026-03-15T01:00:00+00:00,0.135800,900
2026-03-15T01:15:00+00:00,0.128530,900
2026-03-15T01:30:00+00:00,0.120290,900
2026-03-15T01:45:00+00:00,0.119170,900
2026-03-15T02:00:00+00:00,0.120090,900
2026-03-15T02:15:00+00:00,0.120450,900
2026-03-15T02:30:00+00:00,0.123850,900
2026-03-15T02:45:00+00:00,0.125850,900
2026-03-15T03:00:00+00:00,0.120000,900
2026-03-15T03:15:00+00:00,0.120450,900
2026-03-15T03:30:00+00:00,0.120470,900
2026-03-15T03:45:00+00:00,0.122970,900
2026-03-15T04:00:00+00:00,0.118030,900
2026-03-15T04:15:00+00:00,0.120020,900
2026-03-15T04:30:00+00:00,0.124020,900
2026-03-15T04:45:00+00:00,0.127730,900
2026-03-15T05:00:00+00:00,0.118460,900
2026-03-15T05:15:00+00:00,0.122970,900
2026-03-15T05:30:00+00:00,0.123740,900
2026-03-15T05:45:00+00:00,0.119760,900
2026-03-15T06:00:00+00:00,0.127800,900
2026-03-15T06:15:00+00:00,0.117600,900
2026-03-15T06:30:00+00:00,0.117610,900
2026-03-15T06:45:00+00:00,0.104110,900
2026-03-15T07:00:00+00:00,0.139510,900
2026-03-15T07:15:00+00:00,0.114390,900
2026-03-15T07:30:00+00:00,0.100000,900
2026-03-15T07:45:00+00:00,0.081680,900
2026-03-15T08:00:00+00:00,0.102590,900
2026-03-15T08:15:00+00:00,0.091570,900
2026-03-15T08:30:00+00:00,0.081840,900
2026-03-15T08:45:00+00:00,0.076740,900
2026-03-15T09:00:00+00:00,0.084190,900
2026-03-15T09:15:00+00:00,0.077740,900
2026-03-15T09:30:00+00:00,0.075160,900
2026-03-15T09:45:00+00:00,0.065100,900
2026-03-15T10:00:00+00:00,0.079620,900
2026-03-15T10:15:00+00:00,0.073010,900
2026-03-15T10:30:00+00:00,0.058450,900
2026-03-15T10:45:00+00:00,0.044020,900
2026-03-15T11:00:00+00:00,0.067220,900
2026-03-15T11:15:00+00:00,0.050770,900
2026-03-15T11:30:00+00:00,0.038260,900
2026-03-15T11:45:00+00:00,0.030990,900
2026-03-15T12:00:00+00:00,0.040440,900
2026-03-15T12:15:00+00:00,0.035430,900
2026-03-15T12:30:00+00:00,0.027150,900
2026-03-15T12:45:00+00:00,0.024400,900
2026-03-15T13:00:00+00:00,0.022290,900
2026-03-15T13:15:00+00:00,0.027010,900
2026-03-15T13:30:00+00:00,0.034530,900
2026-03-15T13:45:00+00:00,0.044540,900
2026-03-15T14:00:00+00:00,0.042300,900
2026-03-15T14:15:00+00:00,0.044620,900
2026-03-15T14:30:00+00:00,0.056480,900
2026-03-15T14:45:00+00:00,0.071490,900
2026-03-15T15:00:00+00:00,0.047200,900
2026-03-15T15:15:00+00:00,0.072300,900
2026-03-15T15:30:00+00:00,0.085680,900
2026-03-15T15:45:00+00:00,0.105010,900
2026-03-15T16:00:00+00:00,0.088790,900
2026-03-15T16:15:00+00:00,0.110310,900
2026-03-15T16:30:00+00:00,0.123690,900
2026-03-15T16:45:00+00:00,0.138560,900
2026-03-15T17:00:00+00:00,0.132190,900
2026-03-15T17:15:00+00:00,0.133930,900
2026-03-15T17:30:00+00:00,0.147680,900
2026-03-15T17:45:00+00:00,0.149630,900
2026-03-15T18:00:00+00:00,0.147000,900
2026-03-15T18:15:00+00:00,0.134950,900
2026-03-15T18:30:00+00:00,0.125010,900
2026-03-15T18:45:00+00:00,0.116250,900
2026-03-15T19:00:00+00:00,0.116310,900
2026-03-15T19:15:00+00:00,0.108890,900
2026-03-15T19:30:00+00:00,0.109090,900
2026-03-15T19:45:00+00:00,0.086040,900
2026-03-15T20:00:00+00:00,0.104070,900
2026-03-15T20:15:00+00:00,0.087530,900
2026-03-15T20:30:00+00:00,0.087840,900
2026-03-15T20:45:00+00:00,0.073280,900
2026-03-15T21:00:00+00:00,0.086840,900
2026-03-15T21:15:00+00:00,0.083840,900
2026-03-15T21:30:00+00:00,0.081560,900
2026-03-15T21:45:00+00:00,0.071990,900
2026-03-15T22:00:00+00:00,0.078510,900
2026-03-15T22:15:00+00:00,0.065460,900
2026-03-15T22:30:00+00:00,0.063600,900
2026-03-15T22:45:00+00:00,0.040390,900
2026-03-15T23:00:00+00:00,0.060510,900
2026-03-15T23:15:00+00:00,0.040400,900
2026-03-15T23:30:00+00:00,0.020080,900
2026-03-15T23:45:00+00:00,0.011560,900
2026-03-16T00:00:00+00:00,0.035490,900
2026-03-16T00:15:00+00:00,0.022970,900
2026-03-16T00:30:00+00:00,0.016810,900
2026-03-16T00:45:00+00:00,0.016950,900
2026-03-16T01:00:00+00:00,0.023220,900
2026-03-16T01:15:00+00:00,0.017580,900
2026-03-16T01:30:00+00:00,0.014240,900
2026-03-16T01:45:00+00:00,0.011380,900
2026-03-16T02:00:00+00:00,0.012440,900
2026-03-16T02:15:00+00:00,0.010920,900
2026-03-16T02:30:00+00:00,0.015270,900
2026-03-16T02:45:00+00:00,0.016410,900
2026-03-16T03:00:00+00:00,0.012300,900
2026-03-16T03:15:00+00:00,0.015130,900
2026-03-16T03:30:00+00:00,0.020160,900
2026-03-16T03:45:00+00:00,0.025630,900
2026-03-16T04:00:00+00:00,0.023270,900
2026-03-16T04:15:00+00:00,0.034140,900
2026-03-16T04:30:00+00:00,0.045450,900
2026-03-16T04:45:00+00:00,0.060020,900
2026-03-16T05:00:00+00:00,0.040700,900
2026-03-16T05:15:00+00:00,0.066340,900
2026-03-16T05:30:00+00:00,0.085130,900
2026-03-16T05:45:00+00:00,0.087830,900
2026-03-16T06:00:00+00:00,0.100510,900
2026-03-16T06:15:00+00:00,0.098670,900
2026-03-16T06:30:00+00:00,0.098340,900
2026-03-16T06:45:00+00:00,0.092180,900
2026-03-16T07:00:00+00:00,0.118480,900
2026-03-16T07:15:00+00:00,0.100000,900
2026-03-16T07:30:00+00:00,0.089390,900
2026-03-16T07:45:00+00:00,0.076850,900
2026-03-16T08:00:00+00:00,0.099640,900
2026-03-16T08:15:00+00:00,0.082830,900
2026-03-16T08:30:00+00:00,0.064000,900
2026-03-16T08:45:00+00:00,0.045560,900
2026-03-16T09:00:00+00:00,0.062390,900
2026-03-16T09:15:00+00:00,0.051870,900
2026-03-16T09:30:00+00:00,0.035770,900
2026-03-16T09:45:00+00:00,0.019970,900
2026-03-16T10:00:00+00:00,0.022490,900
2026-03-16T10:15:00+00:00,0.015620,900
2026-03-16T10:30:00+00:00,0.014360,900
2026-03-16T10:45:00+00:00,0.016960,900
2026-03-16T11:00:00+00:00,0.015260,900
2026-03-16T11:15:00+00:00,0.011490,900
2026-03-16T11:30:00+00:00,0.012650,900
2026-03-16T11:45:00+00:00,0.012180,900
2026-03-16T12:00:00+00:00,0.010690,900
2026-03-16T12:15:00+00:00,0.011870,900
2026-03-16T12:30:00+00:00,0.016910,900
2026-03-16T12:45:00+00:00,0.024540,900
2026-03-16T13:00:00+00:00,0.018470,900
2026-03-16T13:15:00+00:00,0.028520,900
2026-03-16T13:30:00+00:00,0.051790,900
2026-03-16T13:45:00+00:00,0.058560,900
2026-03-16T14:00:00+00:00,0.027240,900
2026-03-16T14:15:00+00:00,0.039350,900
2026-03-16T14:30:00+00:00,0.070860,900
2026-03-16T14:45:00+00:00,0.105860,900
2026-03-16T15:00:00+00:00,0.053720,900
2026-03-16T15:15:00+00:00,0.087990,900
2026-03-16T15:30:00+00:00,0.130870,900
2026-03-16T15:45:00+00:00,0.153800,900
2026-03-16T16:00:00+00:00,0.096610,900
2026-03-16T16:15:00+00:00,0.121880,900
2026-03-16T16:30:00+00:00,0.145100,900
2026-03-16T16:45:00+00:00,0.175060,900
2026-03-16T17:00:00+00:00,0.145820,900
2026-03-16T17:15:00+00:00,0.157940,900
2026-03-16T17:30:00+00:00,0.174100,900
2026-03-16T17:45:00+00:00,0.185100,900
2026-03-16T18:00:00+00:00,0.179850,900
2026-03-16T18:15:00+00:00,0.180010,900
2026-03-16T18:30:00+00:00,0.180000,900
2026-03-16T18:45:00+00:00,0.179910,900
2026-03-16T19:00:00+00:00,0.182490,900
2026-03-16T19:15:00+00:00,0.163220,900
2026-03-16T19:30:00+00:00,0.143600,900
2026-03-16T19:45:00+00:00,0.129970,900
2026-03-16T20:00:00+00:00,0.142550,900
2026-03-16T20:15:00+00:00,0.128340,900
2026-03-16T20:30:00+00:00,0.120540,900
2026-03-16T20:45:00+00:00,0.111660,900
2026-03-16T21:00:00+00:00,0.130480,900
2026-03-16T21:15:00+00:00,0.124290,900
2026-03-16T21:30:00+00:00,0.123910,900
2026-03-16T21:45:00+00:00,0.109320,900
2026-03-16T22:00:00+00:00,0.111670,900
2026-03-16T22:15:00+00:00,0.102810,900
2026-03-16T22:30:00+00:00,0.095000,900
2026-03-16T22:45:00+00:00,0.088350,900
2026-03-16T23:00:00+00:00,0.132740,900
2026-03-16T23:15:00+00:00,0.113400,900
2026-03-16T23:30:00+00:00,0.105540,900
2026-03-16T23:45:00+00:00,0.101220,900
2026-03-17T00:00:00+00:00,0.106310,900
2026-03-17T00:15:00+00:00,0.105310,900
2026-03-17T00:30:00+00:00,0.106040,900
2026-03-17T00:45:00+00:00,0.101540,900
2026-03-17T01:00:00+00:00,0.107470,900
2026-03-17T01:15:00+00:00,0.107300,900
2026-03-17T01:30:00+00:00,0.103930,900
2026-03-17T01:45:00+00:00,0.102120,900
2026-03-17T02:00:00+00:00,0.104840,900
2026-03-17T02:15:00+00:00,0.102790,900
2026-03-17T02:30:00+00:00,0.104370,900
2026-03-17T02:45:00+00:00,0.104300,900
2026-03-17T03:00:00+00:00,0.109820,900
2026-03-17T03:15:00+00:00,0.106980,900
2026-03-17T03:30:00+00:00,0.106630,900
2026-03-17T03:45:00+00:00,0.109850,900
2026-03-17T04:00:00+00:00,0.105080,900
2026-03-17T04:15:00+00:00,0.104560,900
2026-03-17T04:30:00+00:00,0.119720,900
2026-03-17T04:45:00+00:00,0.138200,900
2026-03-17T05:00:00+00:00,0.123560,900
2026-03-17T05:15:00+00:00,0.137770,900
2026-03-17T05:30:00+00:00,0.149750,900
2026-03-17T05:45:00+00:00,0.162350,900
2026-03-17T06:00:00+00:00,0.173620,900
2026-03-17T06:15:00+00:00,0.169810,900
2026-03-17T06:30:00+00:00,0.174010,900
2026-03-17T06:45:00+00:00,0.147200,900
2026-03-17T07:00:00+00:00,0.192660,900
2026-03-17T07:15:00+00:00,0.160130,900
2026-03-17T07:30:00+00:00,0.140110,900
2026-03-17T07:45:00+00:00,0.113710,900
2026-03-17T08:00:00+00:00,0.149950,900
2026-03-17T08:15:00+00:00,0.124940,900
2026-03-17T08:30:00+00:00,0.106810,900
2026-03-17T08:45:00+00:00,0.101040,900
2026-03-17T09:00:00+00:00,0.125760,900
2026-03-17T09:15:00+00:00,0.098920,900
2026-03-17T09:30:00+00:00,0.097310,900
2026-03-17T09:45:00+00:00,0.089100,900
2026-03-17T10:00:00+00:00,0.096830,900
2026-03-17T10:15:00+00:00,0.086400,900
2026-03-17T10:30:00+00:00,0.085110,900
2026-03-17T10:45:00+00:00,0.089690,900
2026-03-17T11:00:00+00:00,0.082890,900
2026-03-17T11:15:00+00:00,0.082850,900
2026-03-17T11:30:00+00:00,0.082870,900
2026-03-17T11:45:00+00:00,0.082530,900
2026-03-17T12:00:00+00:00,0.084120,900
2026-03-17T12:15:00+00:00,0.084220,900
2026-03-17T12:30:00+00:00,0.083240,900
2026-03-17T12:45:00+00:00,0.084090,900
2026-03-17T13:00:00+00:00,0.084670,900
2026-03-17T13:15:00+00:00,0.087860,900
2026-03-17T13:30:00+00:00,0.086440,900
2026-03-17T13:45:00+00:00,0.089200,900
2026-03-17T14:00:00+00:00,0.087750,900
2026-03-17T14:15:00+00:00,0.092920,900
2026-03-17T14:30:00+00:00,0.101990,900
2026-03-17T14:45:00+00:00,0.113270,900
2026-03-17T15:00:00+00:00,0.099240,900
2026-03-17T15:15:00+00:00,0.110540,900
2026-03-17T15:30:00+00:00,0.121230,900
2026-03-17T15:45:00+00:00,0.140220,900
2026-03-17T16:00:00+00:00,0.111060,900
2026-03-17T16:15:00+00:00,0.133020,900
2026-03-17T16:30:00+00:00,0.148980,900
2026-03-17T16:45:00+00:00,0.204450,900
2026-03-17T17:00:00+00:00,0.182390,900
2026-03-17T17:15:00+00:00,0.217070,900
2026-03-17T17:30:00+00:00,0.222630,900
2026-03-17T17:45:00+00:00,0.213820,900
2026-03-17T18:00:00+00:00,0.209880,900
2026-03-17T18:15:00+00:00,0.179920,900
2026-03-17T18:30:00+00:00,0.147860,900
2026-03-17T18:45:00+00:00,0.144010,900
2026-03-17T19:00:00+00:00,0.160510,900
2026-03-17T19:15:00+00:00,0.144650,900
2026-03-17T19:30:00+00:00,0.135360,900
2026-03-17T19:45:00+00:00,0.127470,900
2026-03-17T20:00:00+00:00,0.139590,900
2026-03-17T20:15:00+00:00,0.129430,900
2026-03-17T20:30:00+00:00,0.118760,900
2026-03-17T20:45:00+00:00,0.102580,900
2026-03-17T21:00:00+00:00,0.129170,900
2026-03-17T21:15:00+00:00,0.119280,900
2026-03-17T21:30:00+00:00,0.105700,900
2026-03-17T21:45:00+00:00,0.098250,900
2026-03-17T22:00:00+00:00,0.121300,900
2026-03-17T22:15:00+00:00,0.104230,900
2026-03-17T22:30:00+00:00,0.104430,900
2026-03-17T22:45:00+00:00,0.096370,900
2026-03-17T23:00:00+00:00,0.120580,900
2026-03-17T23:15:00+00:00,0.106730,900
2026-03-17T23:30:00+00:00,0.104900,900
2026-03-17T23:45:00+00:00,0.095300,900
2026-03-18T00:00:00+00:00,0.113580,900
2026-03-18T00:15:00+00:00,0.104900,900
2026-03-18T00:30:00+00:00,0.098350,900
2026-03-18T00:45:00+00:00,0.101160,900
2026-03-18T01:00:00+00:00,0.106310,900
2026-03-18T01:15:00+00:00,0.106340,900
2026-03-18T01:30:00+00:00,0.103490,900
2026-03-18T01:45:00+00:00,0.102600,900
2026-03-18T02:00:00+00:00,0.107720,900
2026-03-18T02:15:00+00:00,0.104420,900
2026-03-18T02:30:00+00:00,0.105040,900
2026-03-18T02:45:00+00:00,0.105340,900
2026-03-18T03:00:00+00:00,0.103550,900
2026-03-18T03:15:00+00:00,0.109140,900
2026-03-18T03:30:00+00:00,0.114500,900
2026-03-18T03:45:00+00:00,0.118410,900
2026-03-18T04:00:00+00:00,0.099480,900
2026-03-18T04:15:00+00:00,0.104830,900
2026-03-18T04:30:00+00:00,0.124100,900
2026-03-18T04:45:00+00:00,0.159990,900
2026-03-18T05:00:00+00:00,0.106280,900
2026-03-18T05:15:00+00:00,0.130680,900
2026-03-18T05:30:00+00:00,0.137420,900
2026-03-18T05:45:00+00:00,0.142280,900
2026-03-18T06:00:00+00:00,0.150200,900
2026-03-18T06:15:00+00:00,0.158800,900
2026-03-18T06:30:00+00:00,0.142820,900
2026-03-18T06:45:00+00:00,0.106910,900
2026-03-18T07:00:00+00:00,0.131430,900
2026-03-18T07:15:00+00:00,0.106900,900
2026-03-18T07:30:00+00:00,0.087690,900
2026-03-18T07:45:00+00:00,0.073730,900
2026-03-18T08:00:00+00:00,0.099910,900
2026-03-18T08:15:00+00:00,0.081060,900
2026-03-18T08:30:00+00:00,0.057310,900
2026-03-18T08:45:00+00:00,0.013520,900
2026-03-18T09:00:00+00:00,0.037560,900
2026-03-18T09:15:00+00:00,0.003540,900
2026-03-18T09:30:00+00:00,0.000440,900
2026-03-18T09:45:00+00:00,-0.000440,900
2026-03-18T10:00:00+00:00,0.000220,900
2026-03-18T10:15:00+00:00,-0.001350,900
2026-03-18T10:30:00+00:00,-0.001620,900
2026-03-18T10:45:00+00:00,-0.001740,900
2026-03-18T11:00:00+00:00,-0.001570,900
2026-03-18T11:15:00+00:00,-0.001910,900
2026-03-18T11:30:00+00:00,-0.001830,900
2026-03-18T11:45:00+00:00,-0.001890,900
2026-03-18T12:00:00+00:00,-0.002280,900
2026-03-18T12:15:00+00:00,-0.002080,900
2026-03-18T12:30:00+00:00,-0.001920,900
2026-03-18T12:45:00+00:00,-0.000460,900
2026-03-18T13:00:00+00:00,-0.000730,900
2026-03-18T13:15:00+00:00,0.000000,900
2026-03-18T13:30:00+00:00,0.000810,900
2026-03-18T13:45:00+00:00,0.006250,900
2026-03-18T14:00:00+00:00,0.002990,900
2026-03-18T14:15:00+00:00,0.013980,900
2026-03-18T14:30:00+00:00,0.063120,900
2026-03-18T14:45:00+00:00,0.088090,900
2026-03-18T15:00:00+00:00,0.057360,900
2026-03-18T15:15:00+00:00,0.082260,900
2026-03-18T15:30:00+00:00,0.109590,900
2026-03-18T15:45:00+00:00,0.135290,900
2026-03-18T16:00:00+00:00,0.094680,900
2026-03-18T16:15:00+00:00,0.127940,900
2026-03-18T16:30:00+00:00,0.150140,900
2026-03-18T16:45:00+00:00,0.174190,900
2026-03-18T17:00:00+00:00,0.154410,900
2026-03-18T17:15:00+00:00,0.171390,900
2026-03-18T17:30:00+00:00,0.180920,900
2026-03-18T17:45:00+00:00,0.178930,900
2026-03-18T18:00:00+00:00,0.183790,900
2026-03-18T18:15:00+00:00,0.172970,900
2026-03-18T18:30:00+00:00,0.159300,900
2026-03-18T18:45:00+00:00,0.138110,900
2026-03-18T19:00:00+00:00,0.151730,900
2026-03-18T19:15:00+00:00,0.139490,900
2026-03-18T19:30:00+00:00,0.128090,900
2026-03-18T19:45:00+00:00,0.120330,900
2026-03-18T20:00:00+00:00,0.130090,900
2026-03-18T20:15:00+00:00,0.125290,900
2026-03-18T20:30:00+00:00,0.118280,900
2026-03-18T20:45:00+00:00,0.104690,900
2026-03-18T21:00:00+00:00,0.125740,900
2026-03-18T21:15:00+00:00,0.115170,900
2026-03-18T21:30:00+00:00,0.109470,900
2026-03-18T21:45:00+00:00,0.109620,900
2026-03-18T22:00:00+00:00,0.117090,900
2026-03-18T22:15:00+00:00,0.106550,900
2026-03-18T22:30:00+00:00,0.105740,900
2026-03-18T22:45:00+00:00,0.101210,900
2026-03-18T23:00:00+00:00,0.108570,900
2026-03-18T23:15:00+00:00,0.104540,900
2026-03-18T23:30:00+00:00,0.103310,900
2026-03-18T23:45:00+00:00,0.102000,900
2026-03-19T00:00:00+00:00,0.108450,900
2026-03-19T00:15:00+00:00,0.106960,900
2026-03-19T00:30:00+00:00,0.108040,900
2026-03-19T00:45:00+00:00,0.108210,900
2026-03-19T01:00:00+00:00,0.108720,900
2026-03-19T01:15:00+00:00,0.107660,900
2026-03-19T01:30:00+00:00,0.108720,900
2026-03-19T01:45:00+00:00,0.110150,900
2026-03-19T02:00:00+00:00,0.105200,900
2026-03-19T02:15:00+00:00,0.107500,900
2026-03-19T02:30:00+00:00,0.112410,900
2026-03-19T02:45:00+00:00,0.115500,900
2026-03-19T03:00:00+00:00,0.114340,900
2026-03-19T03:15:00+00:00,0.115770,900
2026-03-19T03:30:00+00:00,0.117750,900
2026-03-19T03:45:00+00:00,0.121000,900
2026-03-19T04:00:00+00:00,0.116380,900
2026-03-19T04:15:00+00:00,0.121830,900
2026-03-19T04:30:00+00:00,0.125910,900
2026-03-19T04:45:00+00:00,0.141440,900
2026-03-19T05:00:00+00:00,0.121600,900
2026-03-19T05:15:00+00:00,0.150240,900
2026-03-19T05:30:00+00:00,0.162700,900
2026-03-19T05:45:00+00:00,0.168890,900
2026-03-19T06:00:00+00:00,0.199940,900
2026-03-19T06:15:00+00:00,0.175510,900
2026-03-19T06:30:00+00:00,0.150210,900
2026-03-19T06:45:00+00:00,0.115770,900
2026-03-19T07:00:00+00:00,0.180000,900
2026-03-19T07:15:00+00:00,0.150820,900
2026-03-19T07:30:00+00:00,0.115760,900
2026-03-19T07:45:00+00:00,0.101610,900
2026-03-19T08:00:00+00:00,0.117220,900
2026-03-19T08:15:00+00:00,0.096230,900
2026-03-19T08:30:00+00:00,0.080340,900
2026-03-19T08:45:00+00:00,0.053880,900
2026-03-19T09:00:00+00:00,0.093940,900
2026-03-19T09:15:00+00:00,0.057560,900
2026-03-19T09:30:00+00:00,0.035450,900
2026-03-19T09:45:00+00:00,0.018940,900
2026-03-19T10:00:00+00:00,0.018060,900
2026-03-19T10:15:00+00:00,0.008410,900
2026-03-19T10:30:00+00:00,0.001310,900
2026-03-19T10:45:00+00:00,0.000220,900
2026-03-19T11:00:00+00:00,0.000250,900
2026-03-19T11:15:00+00:00,0.000320,900
2026-03-19T11:30:00+00:00,0.000420,900
2026-03-19T11:45:00+00:00,0.000460,900
2026-03-19T12:00:00+00:00,0.000620,900
2026-03-19T12:15:00+00:00,0.000800,900
2026-03-19T12:30:00+00:00,0.002170,900
2026-03-19T12:45:00+00:00,0.009520,900
2026-03-19T13:00:00+00:00,0.009370,900
2026-03-19T13:15:00+00:00,0.025500,900
2026-03-19T13:30:00+00:00,0.052310,900
2026-03-19T13:45:00+00:00,0.070540,900
2026-03-19T14:00:00+00:00,0.038260,900
2026-03-19T14:15:00+00:00,0.073140,900
2026-03-19T14:30:00+00:00,0.088300,900
2026-03-19T14:45:00+00:00,0.107700,900
2026-03-19T15:00:00+00:00,0.086850,900
2026-03-19T15:15:00+00:00,0.097950,900
2026-03-19T15:30:00+00:00,0.110010,900
2026-03-19T15:45:00+00:00,0.143560,900
2026-03-19T16:00:00+00:00,0.086110,900
2026-03-19T16:15:00+00:00,0.122850,900
2026-03-19T16:30:00+00:00,0.155960,900
2026-03-19T16:45:00+00:00,0.198200,900
2026-03-19T17:00:00+00:00,0.165410,900
2026-03-19T17:15:00+00:00,0.202300,900
2026-03-19T17:30:00+00:00,0.223210,900
2026-03-19T17:45:00+00:00,0.236580,900
2026-03-19T18:00:00+00:00,0.229230,900
2026-03-19T18:15:00+00:00,0.207450,900
2026-03-19T18:30:00+00:00,0.191600,900
2026-03-19T18:45:00+00:00,0.180480,900
2026-03-19T19:00:00+00:00,0.175310,900
2026-03-19T19:15:00+00:00,0.156750,900
2026-03-19T19:30:00+00:00,0.146200,900
2026-03-19T19:45:00+00:00,0.134630,900
2026-03-19T20:00:00+00:00,0.148710,900
2026-03-19T20:15:00+00:00,0.143900,900
2026-03-19T20:30:00+00:00,0.138560,900
2026-03-19T20:45:00+00:00,0.125780,900
2026-03-19T21:00:00+00:00,0.137560,900
2026-03-19T21:15:00+00:00,0.133220,900
2026-03-19T21:30:00+00:00,0.125670,900
2026-03-19T21:45:00+00:00,0.117450,900
2026-03-19T22:00:00+00:00,0.131310,900
2026-03-19T22:15:00+00:00,0.122400,900
2026-03-19T22:30:00+00:00,0.126040,900
2026-03-19T22:45:00+00:00,0.113140,900
2026-03-19T23:00:00+00:00,0.150200,900
2026-03-19T23:15:00+00:00,0.136010,900
2026-03-19T23:30:00+00:00,0.126260,900
2026-03-19T23:45:00+00:00,0.121720,900
2026-03-20T00:00:00+00:00,0.131430,900
2026-03-20T00:15:00+00:00,0.127750,900
2026-03-20T00:30:00+00:00,0.128010,900
2026-03-20T00:45:00+00:00,0.127440,900
2026-03-20T01:00:00+00:00,0.127890,900
2026-03-20T01:15:00+00:00,0.124880,900
2026-03-20T01:30:00+00:00,0.125120,900
2026-03-20T01:45:00+00:00,0.123320,900
2026-03-20T02:00:00+00:00,0.126990,900
2026-03-20T02:15:00+00:00,0.125360,900
2026-03-20T02:30:00+00:00,0.127580,900
2026-03-20T02:45:00+00:00,0.131710,900
2026-03-20T03:00:00+00:00,0.119030,900
2026-03-20T03:15:00+00:00,0.122720,900
2026-03-20T03:30:00+00:00,0.125110,900
2026-03-20T03:45:00+00:00,0.136830,900
2026-03-20T04:00:00+00:00,0.126020,900
2026-03-20T04:15:00+00:00,0.133850,900
2026-03-20T04:30:00+00:00,0.150820,900
2026-03-20T04:45:00+00:00,0.155950,900
2026-03-20T05:00:00+00:00,0.149260,900
2026-03-20T05:15:00+00:00,0.176860,900
2026-03-20T05:30:00+00:00,0.186420,900
2026-03-20T05:45:00+00:00,0.191280,900
2026-03-20T06:00:00+00:00,0.219160,900
2026-03-20T06:15:00+00:00,0.199130,900
2026-03-20T06:30:00+00:00,0.183840,900
2026-03-20T06:45:00+00:00,0.151870,900
2026-03-20T07:00:00+00:00,0.203550,900
2026-03-20T07:15:00+00:00,0.161750,900
2026-03-20T07:30:00+00:00,0.145970,900
2026-03-20T07:45:00+00:00,0.110990,900
2026-03-20T08:00:00+00:00,0.161870,900
2026-03-20T08:15:00+00:00,0.138810,900
2026-03-20T08:30:00+00:00,0.101990,900
2026-03-20T08:45:00+00:00,0.098090,900
2026-03-20T09:00:00+00:00,0.111260,900
2026-03-20T09:15:00+00:00,0.098490,900
2026-03-20T09:30:00+00:00,0.081400,900
2026-03-20T09:45:00+00:00,0.074630,900
2026-03-20T10:00:00+00:00,0.084110,900
2026-03-20T10:15:00+00:00,0.074870,900
2026-03-20T10:30:00+00:00,0.062250,900
2026-03-20T10:45:00+00:00,0.055090,900
2026-03-20T11:00:00+00:00,0.063070,900
2026-03-20T11:15:00+00:00,0.058780,900
2026-03-20T11:30:00+00:00,0.057910,900
2026-03-20T11:45:00+00:00,0.052290,900
2026-03-20T12:00:00+00:00,0.048990,900
2026-03-20T12:15:00+00:00,0.052100,900
2026-03-20T12:30:00+00:00,0.060110,900
2026-03-20T12:45:00+00:00,0.066840,900
2026-03-20T13:00:00+00:00,0.052200,900
2026-03-20T13:15:00+00:00,0.070670,900
2026-03-20T13:30:00+00:00,0.083180,900
2026-03-20T13:45:00+00:00,0.098480,900
2026-03-20T14:00:00+00:00,0.087740,900
2026-03-20T14:15:00+00:00,0.100670,900
2026-03-20T14:30:00+00:00,0.104050,900
2026-03-20T14:45:00+00:00,0.117920,900
2026-03-20T15:00:00+00:00,0.091420,900
2026-03-20T15:15:00+00:00,0.121650,900
2026-03-20T15:30:00+00:00,0.138120,900
2026-03-20T15:45:00+00:00,0.158070,900
2026-03-20T16:00:00+00:00,0.121060,900
2026-03-20T16:15:00+00:00,0.145360,900
2026-03-20T16:30:00+00:00,0.156080,900
2026-03-20T16:45:00+00:00,0.195060,900
2026-03-20T17:00:00+00:00,0.156870,900
2026-03-20T17:15:00+00:00,0.201320,900
2026-03-20T17:30:00+00:00,0.215000,900
2026-03-20T17:45:00+00:00,0.207900,900
2026-03-20T18:00:00+00:00,0.217050,900
2026-03-20T18:15:00+00:00,0.203040,900
2026-03-20T18:30:00+00:00,0.199690,900
2026-03-20T18:45:00+00:00,0.178330,900
2026-03-20T19:00:00+00:00,0.184140,900
2026-03-20T19:15:00+00:00,0.168990,900
2026-03-20T19:30:00+00:00,0.159920,900
2026-03-20T19:45:00+00:00,0.151330,900
2026-03-20T20:00:00+00:00,0.161050,900
2026-03-20T20:15:00+00:00,0.156770,900
2026-03-20T20:30:00+00:00,0.145910,900
2026-03-20T20:45:00+00:00,0.135710,900
2026-03-20T21:00:00+00:00,0.150820,900
2026-03-20T21:15:00+00:00,0.150790,900
2026-03-20T21:30:00+00:00,0.135090,900
2026-03-20T21:45:00+00:00,0.127030,900
2026-03-20T22:00:00+00:00,0.150120,900
2026-03-20T22:15:00+00:00,0.142350,900
2026-03-20T22:30:00+00:00,0.131440,900
2026-03-20T22:45:00+00:00,0.123940,900
2026-03-20T23:00:00+00:00,0.139340,900
2026-03-20T23:15:00+00:00,0.134560,900
2026-03-20T23:30:00+00:00,0.126670,900
2026-03-20T23:45:00+00:00,0.123480,900
2026-03-21T00:00:00+00:00,0.137160,900
2026-03-21T00:15:00+00:00,0.126790,900
2026-03-21T00:30:00+00:00,0.126120,900
2026-03-21T00:45:00+00:00,0.125930,900
2026-03-21T01:00:00+00:00,0.132310,900
2026-03-21T01:15:00+00:00,0.125580,900
2026-03-21T01:30:00+00:00,0.125570,900
2026-03-21T01:45:00+00:00,0.125700,900
2026-03-21T02:00:00+00:00,0.125640,900
2026-03-21T02:15:00+00:00,0.125540,900
2026-03-21T02:30:00+00:00,0.125590,900
2026-03-21T02:45:00+00:00,0.125490,900
2026-03-21T03:00:00+00:00,0.123850,900
2026-03-21T03:15:00+00:00,0.123020,900
2026-03-21T03:30:00+00:00,0.123760,900
2026-03-21T03:45:00+00:00,0.123810,900
2026-03-21T04:00:00+00:00,0.123300,900
2026-03-21T04:15:00+00:00,0.123870,900
2026-03-21T04:30:00+00:00,0.124100,900
2026-03-21T04:45:00+00:00,0.131020,900
2026-03-21T05:00:00+00:00,0.128900,900
2026-03-21T05:15:00+00:00,0.137300,900
2026-03-21T05:30:00+00:00,0.133780,900
2026-03-21T05:45:00+00:00,0.133820,900
2026-03-21T06:00:00+00:00,0.142280,900
2026-03-21T06:15:00+00:00,0.138670,900
2026-03-21T06:30:00+00:00,0.131800,900
2026-03-21T06:45:00+00:00,0.115760,900
2026-03-21T07:00:00+00:00,0.139590,900
2026-03-21T07:15:00+00:00,0.129910,900
2026-03-21T07:30:00+00:00,0.113160,900
2026-03-21T07:45:00+00:00,0.097960,900
2026-03-21T08:00:00+00:00,0.100400,900
2026-03-21T08:15:00+00:00,0.094090,900
2026-03-21T08:30:00+00:00,0.086370,900
2026-03-21T08:45:00+00:00,0.081860,900
2026-03-21T09:00:00+00:00,0.088880,900
2026-03-21T09:15:00+00:00,0.072220,900
2026-03-21T09:30:00+00:00,0.060550,900
2026-03-21T09:45:00+00:00,0.050500,900
2026-03-21T10:00:00+00:00,0.054900,900
2026-03-21T10:15:00+00:00,0.041210,900
2026-03-21T10:30:00+00:00,0.035740,900
2026-03-21T10:45:00+00:00,0.030270,900
2026-03-21T11:00:00+00:00,0.030230,900
2026-03-21T11:15:00+00:00,0.019800,900
2026-03-21T11:30:00+00:00,0.018580,900
2026-03-21T11:45:00+00:00,0.018220,900
2026-03-21T12:00:00+00:00,0.018050,900
2026-03-21T12:15:00+00:00,0.019170,900
2026-03-21T12:30:00+00:00,0.021520,900
2026-03-21T12:45:00+00:00,0.026670,900
2026-03-21T13:00:00+00:00,0.037230,900
2026-03-21T13:15:00+00:00,0.053620,900
2026-03-21T13:30:00+00:00,0.058900,900
2026-03-21T13:45:00+00:00,0.067910,900
2026-03-21T14:00:00+00:00,0.067200,900
2026-03-21T14:15:00+00:00,0.077600,900
2026-03-21T14:30:00+00:00,0.078770,900
2026-03-21T14:45:00+00:00,0.090540,900
2026-03-21T15:00:00+00:00,0.084390,900
2026-03-21T15:15:00+00:00,0.090830,900
2026-03-21T15:30:00+00:00,0.108480,900
2026-03-21T15:45:00+00:00,0.121940,900
2026-03-21T16:00:00+00:00,0.105600,900
2026-03-21T16:15:00+00:00,0.122270,900
2026-03-21T16:30:00+00:00,0.142390,900
2026-03-21T16:45:00+00:00,0.144500,900
2026-03-21T17:00:00+00:00,0.149890,900
2026-03-21T17:15:00+00:00,0.174380,900
2026-03-21T17:30:00+00:00,0.177450,900
2026-03-21T17:45:00+00:00,0.173160,900
2026-03-21T18:00:00+00:00,0.189710,900
2026-03-21T18:15:00+00:00,0.168190,900
2026-03-21T18:30:00+00:00,0.153550,900
2026-03-21T18:45:00+00:00,0.139200,900
2026-03-21T19:00:00+00:00,0.150030,900
2026-03-21T19:15:00+00:00,0.140330,900
2026-03-21T19:30:00+00:00,0.130000,900
2026-03-21T19:45:00+00:00,0.124520,900
2026-03-21T20:00:00+00:00,0.126650,900
2026-03-21T20:15:00+00:00,0.125010,900
2026-03-21T20:30:00+00:00,0.121150,900
2026-03-21T20:45:00+00:00,0.114990,900
2026-03-21T21:00:00+00:00,0.123350,900
2026-03-21T21:15:00+00:00,0.122010,900
2026-03-21T21:30:00+00:00,0.113570,900
2026-03-21T21:45:00+00:00,0.104670,900
2026-03-21T22:00:00+00:00,0.117360,900
2026-03-21T22:15:00+00:00,0.106200,900
2026-03-21T22:30:00+00:00,0.100170,900
2026-03-21T22:45:00+00:00,0.092770,900
2026-03-21T23:00:00+00:00,0.103750,900
2026-03-21T23:15:00+00:00,0.100180,900
2026-03-21T23:30:00+00:00,0.097190,900
2026-03-21T23:45:00+00:00,0.091680,900
2026-03-22T00:00:00+00:00,0.096910,900
2026-03-22T00:15:00+00:00,0.093890,900
2026-03-22T00:30:00+00:00,0.091710,900
2026-03-22T00:45:00+00:00,0.089200,900
2026-03-22T01:00:00+00:00,0.092650,900
2026-03-22T01:15:00+00:00,0.090460,900
2026-03-22T01:30:00+00:00,0.090030,900
2026-03-22T01:45:00+00:00,0.086460,900
2026-03-22T02:00:00+00:00,0.088170,900
2026-03-22T02:15:00+00:00,0.086830,900
2026-03-22T02:30:00+00:00,0.087450,900
2026-03-22T02:45:00+00:00,0.087520,900
2026-03-22T03:00:00+00:00,0.089800,900
2026-03-22T03:15:00+00:00,0.089350,900
2026-03-22T03:30:00+00:00,0.090410,900
2026-03-22T03:45:00+00:00,0.091430,900
2026-03-22T04:00:00+00:00,0.090740,900
2026-03-22T04:15:00+00:00,0.092100,900
2026-03-22T04:30:00+00:00,0.092950,900
2026-03-22T04:45:00+00:00,0.091980,900
2026-03-22T05:00:00+00:00,0.093510,900
2026-03-22T05:15:00+00:00,0.094250,900
2026-03-22T05:30:00+00:00,0.097130,900
2026-03-22T05:45:00+00:00,0.087520,900
2026-03-22T06:00:00+00:00,0.112400,900
2026-03-22T06:15:00+00:00,0.088670,900
2026-03-22T06:30:00+00:00,0.076000,900
2026-03-22T06:45:00+00:00,0.048850,900
2026-03-22T07:00:00+00:00,0.080750,900
2026-03-22T07:15:00+00:00,0.044670,900
2026-03-22T07:30:00+00:00,0.026370,900
2026-03-22T07:45:00+00:00,0.012000,900
2026-03-22T08:00:00+00:00,0.019900,900
2026-03-22T08:15:00+00:00,0.006860,900
2026-03-22T08:30:00+00:00,0.000570,900
2026-03-22T08:45:00+00:00,-0.000060,900
2026-03-22T09:00:00+00:00,0.000000,900
2026-03-22T09:15:00+00:00,-0.000010,900
2026-03-22T09:30:00+00:00,-0.000570,900
2026-03-22T09:45:00+00:00,-0.000980,900
2026-03-22T10:00:00+00:00,-0.002100,900
2026-03-22T10:15:00+00:00,-0.002950,900
2026-03-22T10:30:00+00:00,-0.004340,900
2026-03-22T10:45:00+00:00,-0.007000,900
2026-03-22T11:00:00+00:00,-0.011800,900
2026-03-22T11:15:00+00:00,-0.017650,900
2026-03-22T11:30:00+00:00,-0.015620,900
2026-03-22T11:45:00+00:00,-0.017840,900
2026-03-22T12:00:00+00:00,-0.011070,900
2026-03-22T12:15:00+00:00,-0.009970,900
2026-03-22T12:30:00+00:00,-0.008690,900
2026-03-22T12:45:00+00:00,-0.006520,900
2026-03-22T13:00:00+00:00,-0.003500,900
2026-03-22T13:15:00+00:00,-0.002020,900
2026-03-22T13:30:00+00:00,-0.001220,900
2026-03-22T13:45:00+00:00,0.000420,900
2026-03-22T14:00:00+00:00,-0.000020,900
2026-03-22T14:15:00+00:00,0.000800,900
2026-03-22T14:30:00+00:00,0.012470,900
2026-03-22T14:45:00+00:00,0.030690,900
2026-03-22T15:00:00+00:00,0.028560,900
2026-03-22T15:15:00+00:00,0.070630,900
2026-03-22T15:30:00+00:00,0.094850,900
2026-03-22T15:45:00+00:00,0.132260,900
2026-03-22T16:00:00+00:00,0.089800,900
2026-03-22T16:15:00+00:00,0.124500,900
2026-03-22T16:30:00+00:00,0.139040,900
2026-03-22T16:45:00+00:00,0.168290,900
2026-03-22T17:00:00+00:00,0.144490,900
2026-03-22T17:15:00+00:00,0.174260,900
2026-03-22T17:30:00+00:00,0.159830,900
2026-03-22T17:45:00+00:00,0.173430,900
2026-03-22T18:00:00+00:00,0.177750,900
2026-03-22T18:15:00+00:00,0.176500,900
2026-03-22T18:30:00+00:00,0.166380,900
2026-03-22T18:45:00+00:00,0.155590,900
2026-03-22T19:00:00+00:00,0.177310,900
2026-03-22T19:15:00+00:00,0.159900,900
2026-03-22T19:30:00+00:00,0.153060,900
2026-03-22T19:45:00+00:00,0.137170,900
2026-03-22T20:00:00+00:00,0.153300,900
2026-03-22T20:15:00+00:00,0.146380,900
2026-03-22T20:30:00+00:00,0.139920,900
2026-03-22T20:45:00+00:00,0.134830,900
2026-03-22T21:00:00+00:00,0.146030,900
2026-03-22T21:15:00+00:00,0.139390,900
2026-03-22T21:30:00+00:00,0.135470,900
2026-03-22T21:45:00+00:00,0.128470,900
2026-03-22T22:00:00+00:00,0.145920,900
2026-03-22T22:15:00+00:00,0.133780,900
2026-03-22T22:30:00+00:00,0.130020,900
2026-03-22T22:45:00+00:00,0.119600,900
2026-03-22T23:00:00+00:00,0.132410,900
2026-03-22T23:15:00+00:00,0.125840,900
2026-03-22T23:30:00+00:00,0.117710,900
2026-03-22T23:45:00+00:00,0.114060,900
2026-03-23T00:00:00+00:00,0.118570,900
2026-03-23T00:15:00+00:00,0.118700,900
2026-03-23T00:30:00+00:00,0.124930,900
2026-03-23T00:45:00+00:00,0.121140,900
2026-03-23T01:00:00+00:00,0.127330,900
2026-03-23T01:15:00+00:00,0.119440,900
2026-03-23T01:30:00+00:00,0.120260,900
2026-03-23T01:45:00+00:00,0.116850,900
2026-03-23T02:00:00+00:00,0.123210,900
2026-03-23T02:15:00+00:00,0.117930,900
2026-03-23T02:30:00+00:00,0.117740,900
2026-03-23T02:45:00+00:00,0.119750,900
2026-03-23T03:00:00+00:00,0.119420,900
2026-03-23T03:15:00+00:00,0.123130,900
2026-03-23T03:30:00+00:00,0.128950,900
2026-03-23T03:45:00+00:00,0.130200,900
2026-03-23T04:00:00+00:00,0.127530,900
2026-03-23T04:15:00+00:00,0.133290,900
2026-03-23T04:30:00+00:00,0.151350,900
2026-03-23T04:45:00+00:00,0.157900,900
2026-03-23T05:00:00+00:00,0.149270,900
2026-03-23T05:15:00+00:00,0.171920,900
2026-03-23T05:30:00+00:00,0.187760,900
2026-03-23T05:45:00+00:00,0.190350,900
2026-03-23T06:00:00+00:00,0.224860,900
2026-03-23T06:15:00+00:00,0.190090,900
2026-03-23T06:30:00+00:00,0.181570,900
2026-03-23T06:45:00+00:00,0.142440,900
2026-03-23T07:00:00+00:00,0.199990,900
2026-03-23T07:15:00+00:00,0.160470,900
2026-03-23T07:30:00+00:00,0.129250,900
2026-03-23T07:45:00+00:00,0.101660,900
2026-03-23T08:00:00+00:00,0.132840,900
2026-03-23T08:15:00+00:00,0.103350,900
2026-03-23T08:30:00+00:00,0.109830,900
2026-03-23T08:45:00+00:00,0.081230,900
2026-03-23T09:00:00+00:00,0.103170,900
2026-03-23T09:15:00+00:00,0.080110,900
2026-03-23T09:30:00+00:00,0.070770,900
2026-03-23T09:45:00+00:00,0.049770,900
2026-03-23T10:00:00+00:00,0.061180,900
2026-03-23T10:15:00+00:00,0.048640,900
2026-03-23T10:30:00+00:00,0.037980,900
2026-03-23T10:45:00+00:00,0.033010,900
2026-03-23T11:00:00+00:00,0.034470,900
2026-03-23T11:15:00+00:00,0.042920,900
2026-03-23T11:30:00+00:00,0.050500,900
2026-03-23T11:45:00+00:00,0.058930,900
2026-03-23T12:00:00+00:00,0.050790,900
2026-03-23T12:15:00+00:00,0.061460,900
2026-03-23T12:30:00+00:00,0.073220,900
2026-03-23T12:45:00+00:00,0.080000,900
2026-03-23T13:00:00+00:00,0.075500,900
2026-03-23T13:15:00+00:00,0.081110,900
2026-03-23T13:30:00+00:00,0.090440,900
2026-03-23T13:45:00+00:00,0.094590,900
2026-03-23T14:00:00+00:00,0.083460,900
2026-03-23T14:15:00+00:00,0.095770,900
2026-03-23T14:30:00+00:00,0.106080,900
2026-03-23T14:45:00+00:00,0.122690,900
2026-03-23T15:00:00+00:00,0.088930,900
2026-03-23T15:15:00+00:00,0.117980,900
2026-03-23T15:30:00+00:00,0.132670,900
2026-03-23T15:45:00+00:00,0.154260,900
2026-03-23T16:00:00+00:00,0.118910,900
2026-03-23T16:15:00+00:00,0.154260,900
2026-03-23T16:30:00+00:00,0.177780,900
2026-03-23T16:45:00+00:00,0.240640,900
2026-03-23T17:00:00+00:00,0.180320,900
2026-03-23T17:15:00+00:00,0.245000,900
2026-03-23T17:30:00+00:00,0.269760,900
2026-03-23T17:45:00+00:00,0.302920,900
2026-03-23T18:00:00+00:00,0.259870,900
2026-03-23T18:15:00+00:00,0.242890,900
2026-03-23T18:30:00+00:00,0.235450,900
2026-03-23T18:45:00+00:00,0.217400,900
2026-03-23T19:00:00+00:00,0.242140,900
2026-03-23T19:15:00+00:00,0.206890,900
2026-03-23T19:30:00+00:00,0.180620,900
2026-03-23T19:45:00+00:00,0.168330,900
2026-03-23T20:00:00+00:00,0.206190,900
2026-03-23T20:15:00+00:00,0.173810,900
2026-03-23T20:30:00+00:00,0.151990,900
2026-03-23T20:45:00+00:00,0.140350,900
2026-03-23T21:00:00+00:00,0.161990,900
2026-03-23T21:15:00+00:00,0.147060,900
2026-03-23T21:30:00+00:00,0.151990,900
2026-03-23T21:45:00+00:00,0.147720,900
2026-03-23T22:00:00+00:00,0.152940,900
2026-03-23T22:15:00+00:00,0.137910,900
2026-03-23T22:30:00+00:00,0.135960,900
2026-03-23T22:45:00+00:00,0.121420,900
2026-03-23T23:00:00+00:00,0.147970,900
2026-03-23T23:15:00+00:00,0.138060,900
2026-03-23T23:30:00+00:00,0.126350,900
2026-03-23T23:45:00+00:00,0.122890,900
2026-03-24T00:00:00+00:00,0.132260,900
2026-03-24T00:15:00+00:00,0.122200,900
2026-03-24T00:30:00+00:00,0.111050,900
2026-03-24T00:45:00+00:00,0.104330,900
2026-03-24T01:00:00+00:00,0.112240,900
2026-03-24T01:15:00+00:00,0.105350,900
2026-03-24T01:30:00+00:00,0.099830,900
2026-03-24T01:45:00+00:00,0.096870,900
2026-03-24T02:00:00+00:00,0.100820,900
2026-03-24T02:15:00+00:00,0.095920,900
2026-03-24T02:30:00+00:00,0.094010,900
2026-03-24T02:45:00+00:00,0.093300,900
2026-03-24T03:00:00+00:00,0.094870,900
2026-03-24T03:15:00+00:00,0.093750,900
2026-03-24T03:30:00+00:00,0.095870,900
2026-03-24T03:45:00+00:00,0.094860,900
2026-03-24T04:00:00+00:00,0.092940,900
2026-03-24T04:15:00+00:00,0.091340,900
2026-03-24T04:30:00+00:00,0.094830,900
2026-03-24T04:45:00+00:00,0.105220,900
2026-03-24T05:00:00+00:00,0.100130,900
2026-03-24T05:15:00+00:00,0.106680,900
2026-03-24T05:30:00+00:00,0.109790,900
2026-03-24T05:45:00+00:00,0.111320,900
2026-03-24T06:00:00+00:00,0.134350,900
2026-03-24T06:15:00+00:00,0.120500,900
2026-03-24T06:30:00+00:00,0.106600,900
2026-03-24T06:45:00+00:00,0.091070,900
2026-03-24T07:00:00+00:00,0.132770,900
2026-03-24T07:15:00+00:00,0.103510,900
2026-03-24T07:30:00+00:00,0.089900,900
2026-03-24T07:45:00+00:00,0.064390,900
2026-03-24T08:00:00+00:00,0.099550,900
2026-03-24T08:15:00+00:00,0.080220,900
2026-03-24T08:30:00+00:00,0.064770,900
2026-03-24T08:45:00+00:00,0.039130,900
2026-03-24T09:00:00+00:00,0.060100,900
2026-03-24T09:15:00+00:00,0.023680,900
2026-03-24T09:30:00+00:00,0.010210,900
2026-03-24T09:45:00+00:00,0.004010,900
2026-03-24T10:00:00+00:00,0.008780,900
2026-03-24T10:15:00+00:00,0.005030,900
2026-03-24T10:30:00+00:00,0.004100,900
2026-03-24T10:45:00+00:00,0.001960,900
2026-03-24T11:00:00+00:00,0.000920,900
2026-03-24T11:15:00+00:00,0.001610,900
2026-03-24T11:30:00+00:00,0.001610,900
2026-03-24T11:45:00+00:00,0.001150,900
2026-03-24T12:00:00+00:00,0.001610,900
2026-03-24T12:15:00+00:00,0.002650,900
2026-03-24T12:30:00+00:00,0.003500,900
2026-03-24T12:45:00+00:00,0.003600,900
2026-03-24T13:00:00+00:00,0.002500,900
2026-03-24T13:15:00+00:00,0.002770,900
2026-03-24T13:30:00+00:00,0.003530,900
2026-03-24T13:45:00+00:00,0.005490,900
2026-03-24T14:00:00+00:00,0.003290,900
2026-03-24T14:15:00+00:00,0.009620,900
2026-03-24T14:30:00+00:00,0.015480,900
2026-03-24T14:45:00+00:00,0.056210,900
2026-03-24T15:00:00+00:00,0.033930,900
2026-03-24T15:15:00+00:00,0.066790,900
2026-03-24T15:30:00+00:00,0.101010,900
2026-03-24T15:45:00+00:00,0.108000,900
2026-03-24T16:00:00+00:00,0.091310,900
2026-03-24T16:15:00+00:00,0.101010,900
2026-03-24T16:30:00+00:00,0.118700,900
2026-03-24T16:45:00+00:00,0.140520,900
2026-03-24T17:00:00+00:00,0.130160,900
2026-03-24T17:15:00+00:00,0.141000,900
2026-03-24T17:30:00+00:00,0.131360,900
2026-03-24T17:45:00+00:00,0.141010,900
2026-03-24T18:00:00+00:00,0.158080,900
2026-03-24T18:15:00+00:00,0.136190,900
2026-03-24T18:30:00+00:00,0.139770,900
2026-03-24T18:45:00+00:00,0.132860,900
2026-03-24T19:00:00+00:00,0.129930,900
2026-03-24T19:15:00+00:00,0.113720,900
2026-03-24T19:30:00+00:00,0.097390,900
2026-03-24T19:45:00+00:00,0.103380,900
2026-03-24T20:00:00+00:00,0.108250,900
2026-03-24T20:15:00+00:00,0.106980,900
2026-03-24T20:30:00+00:00,0.097870,900
2026-03-24T20:45:00+00:00,0.083020,900
2026-03-24T21:00:00+00:00,0.108100,900
2026-03-24T21:15:00+00:00,0.097460,900
2026-03-24T21:30:00+00:00,0.076200,900
2026-03-24T21:45:00+00:00,0.048950,900
2026-03-24T22:00:00+00:00,0.062970,900
2026-03-24T22:15:00+00:00,0.033580,900
2026-03-24T22:30:00+00:00,0.020000,900
2026-03-24T22:45:00+00:00,0.011040,900
2026-03-24T23:00:00+00:00,0.003000,900
2026-03-24T23:15:00+00:00,0.002400,900
2026-03-24T23:30:00+00:00,0.001780,900
2026-03-24T23:45:00+00:00,0.000060,900
2026-03-25T00:00:00+00:00,0.001360,900
2026-03-25T00:15:00+00:00,0.000100,900
2026-03-25T00:30:00+00:00,0.000010,900
2026-03-25T00:45:00+00:00,0.000000,900
2026-03-25T01:00:00+00:00,0.000000,900
2026-03-25T01:15:00+00:00,0.000000,900
2026-03-25T01:30:00+00:00,0.000000,900
2026-03-25T01:45:00+00:00,-0.000010,900
2026-03-25T02:00:00+00:00,-0.000010,900
2026-03-25T02:15:00+00:00,-0.000010,900
2026-03-25T02:30:00+00:00,-0.000010,900
2026-03-25T02:45:00+00:00,-0.000010,900
2026-03-25T03:00:00+00:00,-0.000010,900
2026-03-25T03:15:00+00:00,-0.000010,900
2026-03-25T03:30:00+00:00,0.000000,900
2026-03-25T03:45:00+00:00,0.000000,900
2026-03-25T04:00:00+00:00,0.000000,900
2026-03-25T04:15:00+00:00,0.000400,900
2026-03-25T04:30:00+00:00,0.000260,900
2026-03-25T04:45:00+00:00,0.001360,900
2026-03-25T05:00:00+00:00,0.002450,900
2026-03-25T05:15:00+00:00,0.004630,900
2026-03-25T05:30:00+00:00,0.006740,900
2026-03-25T05:45:00+00:00,0.005280,900
2026-03-25T06:00:00+00:00,0.016340,900
2026-03-25T06:15:00+00:00,0.018990,900
2026-03-25T06:30:00+00:00,0.015930,900
2026-03-25T06:45:00+00:00,0.025010,900
2026-03-25T07:00:00+00:00,0.035400,900
2026-03-25T07:15:00+00:00,0.023310,900
2026-03-25T07:30:00+00:00,0.066600,900
2026-03-25T07:45:00+00:00,0.074680,900
2026-03-25T08:00:00+00:00,0.045560,900
2026-03-25T08:15:00+00:00,0.020000,900
2026-03-25T08:30:00+00:00,0.017080,900
2026-03-25T08:45:00+00:00,0.010000,900
2026-03-25T09:00:00+00:00,0.009470,900
2026-03-25T09:15:00+00:00,0.006510,900
2026-03-25T09:30:00+00:00,0.005470,900
2026-03-25T09:45:00+00:00,0.004260,900
2026-03-25T10:00:00+00:00,0.003610,900
2026-03-25T10:15:00+00:00,0.000110,900
2026-03-25T10:30:00+00:00,0.000060,900
2026-03-25T10:45:00+00:00,0.000030,900
2026-03-25T11:00:00+00:00,0.000080,900
2026-03-25T11:15:00+00:00,0.000030,900
2026-03-25T11:30:00+00:00,0.000090,900
2026-03-25T11:45:00+00:00,0.000130,900
2026-03-25T12:00:00+00:00,0.000260,900
2026-03-25T12:15:00+00:00,0.000210,900
2026-03-25T12:30:00+00:00,0.000290,900
2026-03-25T12:45:00+00:00,0.000890,900
2026-03-25T13:00:00+00:00,0.000480,900
2026-03-25T13:15:00+00:00,0.002330,900
2026-03-25T13:30:00+00:00,0.001450,900
2026-03-25T13:45:00+00:00,0.004840,900
2026-03-25T14:00:00+00:00,0.001080,900
2026-03-25T14:15:00+00:00,0.006300,900
2026-03-25T14:30:00+00:00,0.010610,900
2026-03-25T14:45:00+00:00,0.016620,900
2026-03-25T15:00:00+00:00,0.011330,900
2026-03-25T15:15:00+00:00,0.021150,900
2026-03-25T15:30:00+00:00,0.049640,900
2026-03-25T15:45:00+00:00,0.087440,900
2026-03-25T16:00:00+00:00,0.071410,900
2026-03-25T16:15:00+00:00,0.092720,900
2026-03-25T16:30:00+00:00,0.108520,900
2026-03-25T16:45:00+00:00,0.122900,900
2026-03-25T17:00:00+00:00,0.110820,900
2026-03-25T17:15:00+00:00,0.115810,900
2026-03-25T17:30:00+00:00,0.132820,900
2026-03-25T17:45:00+00:00,0.163500,900
2026-03-25T18:00:00+00:00,0.160070,900
2026-03-25T18:15:00+00:00,0.155660,900
2026-03-25T18:30:00+00:00,0.144300,900
2026-03-25T18:45:00+00:00,0.143270,900
2026-03-25T19:00:00+00:00,0.172820,900
2026-03-25T19:15:00+00:00,0.149030,900
2026-03-25T19:30:00+00:00,0.140100,900
2026-03-25T19:45:00+00:00,0.120880,900
2026-03-25T20:00:00+00:00,0.140000,900
2026-03-25T20:15:00+00:00,0.125490,900
2026-03-25T20:30:00+00:00,0.117470,900
2026-03-25T20:45:00+00:00,0.109130,900
2026-03-25T21:00:00+00:00,0.120100,900
2026-03-25T21:15:00+00:00,0.115100,900
2026-03-25T21:30:00+00:00,0.113410,900
2026-03-25T21:45:00+00:00,0.102140,900
2026-03-25T22:00:00+00:00,0.106950,900
2026-03-25T22:15:00+00:00,0.092000,900
2026-03-25T22:30:00+00:00,0.090430,900
2026-03-25T22:45:00+00:00,0.075160,900
2026-03-25T23:00:00+00:00,0.106800,900
2026-03-25T23:15:00+00:00,0.099630,900
2026-03-25T23:30:00+00:00,0.090640,900
2026-03-25T23:45:00+00:00,0.085020,900
2026-03-26T00:00:00+00:00,0.095980,900
2026-03-26T00:15:00+00:00,0.091770,900
2026-03-26T00:30:00+00:00,0.089550,900
2026-03-26T00:45:00+00:00,0.086450,900
2026-03-26T01:00:00+00:00,0.091210,900
2026-03-26T01:15:00+00:00,0.087010,900
2026-03-26T01:30:00+00:00,0.085990,900
2026-03-26T01:45:00+00:00,0.085390,900
2026-03-26T02:00:00+00:00,0.088920,900
2026-03-26T02:15:00+00:00,0.085920,900
2026-03-26T02:30:00+00:00,0.091140,900
2026-03-26T02:45:00+00:00,0.089330,900
2026-03-26T03:00:00+00:00,0.089110,900
2026-03-26T03:15:00+00:00,0.091140,900
2026-03-26T03:30:00+00:00,0.093910,900
2026-03-26T03:45:00+00:00,0.093440,900
2026-03-26T04:00:00+00:00,0.097350,900
2026-03-26T04:15:00+00:00,0.092030,900
2026-03-26T04:30:00+00:00,0.105170,900
2026-03-26T04:45:00+00:00,0.112250,900
2026-03-26T05:00:00+00:00,0.097850,900
2026-03-26T05:15:00+00:00,0.122130,900
2026-03-26T05:30:00+00:00,0.127620,900
2026-03-26T05:45:00+00:00,0.127080,900
2026-03-26T06:00:00+00:00,0.145760,900
2026-03-26T06:15:00+00:00,0.148440,900
2026-03-26T06:30:00+00:00,0.134230,900
2026-03-26T06:45:00+00:00,0.122370,900
2026-03-26T07:00:00+00:00,0.151650,900
2026-03-26T07:15:00+00:00,0.139760,900
2026-03-26T07:30:00+00:00,0.116510,900
2026-03-26T07:45:00+00:00,0.095690,900
2026-03-26T08:00:00+00:00,0.113010,900
2026-03-26T08:15:00+00:00,0.089800,900
2026-03-26T08:30:00+00:00,0.077060,900
2026-03-26T08:45:00+00:00,0.065620,900
2026-03-26T09:00:00+00:00,0.075690,900
2026-03-26T09:15:00+00:00,0.047550,900
2026-03-26T09:30:00+00:00,0.023780,900
2026-03-26T09:45:00+00:00,0.015860,900
2026-03-26T10:00:00+00:00,0.020070,900
2026-03-26T10:15:00+00:00,0.015850,900
2026-03-26T10:30:00+00:00,0.012820,900
2026-03-26T10:45:00+00:00,0.013640,900
2026-03-26T11:00:00+00:00,0.009700,900
2026-03-26T11:15:00+00:00,0.007880,900
2026-03-26T11:30:00+00:00,0.004540,900
2026-03-26T11:45:00+00:00,0.003930,900
2026-03-26T12:00:00+00:00,0.004550,900
2026-03-26T12:15:00+00:00,0.003210,900
2026-03-26T12:30:00+00:00,0.003010,900
2026-03-26T12:45:00+00:00,0.002910,900
2026-03-26T13:00:00+00:00,0.004040,900
2026-03-26T13:15:00+00:00,0.006690,900
2026-03-26T13:30:00+00:00,0.012450,900
2026-03-26T13:45:00+00:00,0.014780,900
2026-03-26T14:00:00+00:00,0.011900,900
2026-03-26T14:15:00+00:00,0.020620,900
2026-03-26T14:30:00+00:00,0.037210,900
2026-03-26T14:45:00+00:00,0.071390,900
2026-03-26T15:00:00+00:00,0.036980,900
2026-03-26T15:15:00+00:00,0.072270,900
2026-03-26T15:30:00+00:00,0.079980,900
2026-03-26T15:45:00+00:00,0.110770,900
2026-03-26T16:00:00+00:00,0.076860,900
2026-03-26T16:15:00+00:00,0.109090,900
2026-03-26T16:30:00+00:00,0.128170,900
2026-03-26T16:45:00+00:00,0.149560,900
2026-03-26T17:00:00+00:00,0.123130,900
2026-03-26T17:15:00+00:00,0.143760,900
2026-03-26T17:30:00+00:00,0.160320,900
2026-03-26T17:45:00+00:00,0.181190,900
2026-03-26T18:00:00+00:00,0.163920,900
2026-03-26T18:15:00+00:00,0.167460,900
2026-03-26T18:30:00+00:00,0.169000,900
2026-03-26T18:45:00+00:00,0.165820,900
2026-03-26T19:00:00+00:00,0.170440,900
2026-03-26T19:15:00+00:00,0.155280,900
2026-03-26T19:30:00+00:00,0.147350,900
2026-03-26T19:45:00+00:00,0.140360,900
2026-03-26T20:00:00+00:00,0.146710,900
2026-03-26T20:15:00+00:00,0.132720,900
2026-03-26T20:30:00+00:00,0.123790,900
2026-03-26T20:45:00+00:00,0.118380,900
2026-03-26T21:00:00+00:00,0.131080,900
2026-03-26T21:15:00+00:00,0.121790,900
2026-03-26T21:30:00+00:00,0.124140,900
2026-03-26T21:45:00+00:00,0.121230,900
2026-03-26T22:00:00+00:00,0.123950,900
2026-03-26T22:15:00+00:00,0.121100,900
2026-03-26T22:30:00+00:00,0.139080,900
2026-03-26T22:45:00+00:00,0.120960,900
2026-03-26T23:00:00+00:00,0.124510,900
2026-03-26T23:15:00+00:00,0.120500,900
2026-03-26T23:30:00+00:00,0.117330,900
2026-03-26T23:45:00+00:00,0.115820,900
2026-03-27T00:00:00+00:00,0.122340,900
2026-03-27T00:15:00+00:00,0.119580,900
2026-03-27T00:30:00+00:00,0.119390,900
2026-03-27T00:45:00+00:00,0.117340,900
2026-03-27T01:00:00+00:00,0.120920,900
2026-03-27T01:15:00+00:00,0.118140,900
2026-03-27T01:30:00+00:00,0.115300,900
2026-03-27T01:45:00+00:00,0.115010,900
2026-03-27T02:00:00+00:00,0.116500,900
2026-03-27T02:15:00+00:00,0.119490,900
2026-03-27T02:30:00+00:00,0.117000,900
2026-03-27T02:45:00+00:00,0.118340,900
2026-03-27T03:00:00+00:00,0.117670,900
2026-03-27T03:15:00+00:00,0.118730,900
2026-03-27T03:30:00+00:00,0.120930,900
2026-03-27T03:45:00+00:00,0.123660,900
2026-03-27T04:00:00+00:00,0.119850,900
2026-03-27T04:15:00+00:00,0.129040,900
2026-03-27T04:30:00+00:00,0.144010,900
2026-03-27T04:45:00+00:00,0.153060,900
2026-03-27T05:00:00+00:00,0.152200,900
2026-03-27T05:15:00+00:00,0.168890,900
2026-03-27T05:30:00+00:00,0.178980,900
2026-03-27T05:45:00+00:00,0.190060,900
2026-03-27T06:00:00+00:00,0.203620,900
2026-03-27T06:15:00+00:00,0.191250,900
2026-03-27T06:30:00+00:00,0.170830,900
2026-03-27T06:45:00+00:00,0.139510,900
2026-03-27T07:00:00+00:00,0.194110,900
2026-03-27T07:15:00+00:00,0.151770,900
2026-03-27T07:30:00+00:00,0.137160,900
2026-03-27T07:45:00+00:00,0.108090,900
2026-03-27T08:00:00+00:00,0.137010,900
2026-03-27T08:15:00+00:00,0.122720,900
2026-03-27T08:30:00+00:00,0.110100,900
2026-03-27T08:45:00+00:00,0.088450,900
2026-03-27T09:00:00+00:00,0.103050,900
2026-03-27T09:15:00+00:00,0.090860,900
2026-03-27T09:30:00+00:00,0.087880,900
2026-03-27T09:45:00+00:00,0.071620,900
2026-03-27T10:00:00+00:00,0.085800,900
2026-03-27T10:15:00+00:00,0.079440,900
2026-03-27T10:30:00+00:00,0.070670,900
2026-03-27T10:45:00+00:00,0.061580,900
2026-03-27T11:00:00+00:00,0.073060,900
2026-03-27T11:15:00+00:00,0.066790,900
2026-03-27T11:30:00+00:00,0.062360,900
2026-03-27T11:45:00+00:00,0.057070,900
2026-03-27T12:00:00+00:00,0.061770,900
2026-03-27T12:15:00+00:00,0.059070,900
2026-03-27T12:30:00+00:00,0.056970,900
2026-03-27T12:45:00+00:00,0.059800,900
2026-03-27T13:00:00+00:00,0.058270,900
2026-03-27T13:15:00+00:00,0.066700,900
2026-03-27T13:30:00+00:00,0.078750,900
2026-03-27T13:45:00+00:00,0.084580,900
2026-03-27T14:00:00+00:00,0.078810,900
2026-03-27T14:15:00+00:00,0.092010,900
2026-03-27T14:30:00+00:00,0.095370,900
2026-03-27T14:45:00+00:00,0.103470,900
2026-03-27T15:00:00+00:00,0.090700,900
2026-03-27T15:15:00+00:00,0.100100,900
2026-03-27T15:30:00+00:00,0.100730,900
2026-03-27T15:45:00+00:00,0.120100,900
2026-03-27T16:00:00+00:00,0.097760,900
2026-03-27T16:15:00+00:00,0.122130,900
2026-03-27T16:30:00+00:00,0.138800,900
2026-03-27T16:45:00+00:00,0.172680,900
2026-03-27T17:00:00+00:00,0.140410,900
2026-03-27T17:15:00+00:00,0.152960,900
2026-03-27T17:30:00+00:00,0.162750,900
2026-03-27T17:45:00+00:00,0.166780,900
2026-03-27T18:00:00+00:00,0.192420,900
2026-03-27T18:15:00+00:00,0.177090,900
2026-03-27T18:30:00+00:00,0.157810,900
2026-03-27T18:45:00+00:00,0.143660,900
2026-03-27T19:00:00+00:00,0.174520,900
2026-03-27T19:15:00+00:00,0.149820,900
2026-03-27T19:30:00+00:00,0.126740,900
2026-03-27T19:45:00+00:00,0.118900,900
2026-03-27T20:00:00+00:00,0.123500,900
2026-03-27T20:15:00+00:00,0.122150,900
2026-03-27T20:30:00+00:00,0.119630,900
2026-03-27T20:45:00+00:00,0.109550,900
2026-03-27T21:00:00+00:00,0.123100,900
2026-03-27T21:15:00+00:00,0.117900,900
2026-03-27T21:30:00+00:00,0.117590,900
2026-03-27T21:45:00+00:00,0.108050,900
2026-03-27T22:00:00+00:00,0.113650,900
2026-03-27T22:15:00+00:00,0.106890,900
2026-03-27T22:30:00+00:00,0.105250,900
2026-03-27T22:45:00+00:00,0.098260,900
2026-03-27T23:00:00+00:00,0.097610,900
2026-03-27T23:15:00+00:00,0.099040,900
2026-03-27T23:30:00+00:00,0.094250,900
2026-03-27T23:45:00+00:00,0.089640,900
2026-03-28T00:00:00+00:00,0.096000,900
2026-03-28T00:15:00+00:00,0.093300,900
2026-03-28T00:30:00+00:00,0.091640,900
2026-03-28T00:45:00+00:00,0.089720,900
2026-03-28T01:00:00+00:00,0.092090,900
2026-03-28T01:15:00+00:00,0.089740,900
2026-03-28T01:30:00+00:00,0.088600,900
2026-03-28T01:45:00+00:00,0.087760,900
2026-03-28T02:00:00+00:00,0.087560,900
2026-03-28T02:15:00+00:00,0.087430,900
2026-03-28T02:30:00+00:00,0.087110,900
2026-03-28T02:45:00+00:00,0.086950,900
2026-03-28T03:00:00+00:00,0.087530,900
2026-03-28T03:15:00+00:00,0.087940,900
2026-03-28T03:30:00+00:00,0.088180,900
2026-03-28T03:45:00+00:00,0.088820,900
2026-03-28T04:00:00+00:00,0.087680,900
2026-03-28T04:15:00+00:00,0.087590,900
2026-03-28T04:30:00+00:00,0.088280,900
2026-03-28T04:45:00+00:00,0.088930,900
2026-03-28T05:00:00+00:00,0.090750,900
2026-03-28T05:15:00+00:00,0.087580,900
2026-03-28T05:30:00+00:00,0.083740,900
2026-03-28T05:45:00+00:00,0.076460,900
2026-03-28T06:00:00+00:00,0.088810,900
2026-03-28T06:15:00+00:00,0.078100,900
2026-03-28T06:30:00+00:00,0.078490,900
2026-03-28T06:45:00+00:00,0.066610,900
2026-03-28T07:00:00+00:00,0.080690,900
2026-03-28T07:15:00+00:00,0.075520,900
2026-03-28T07:30:00+00:00,0.067460,900
2026-03-28T07:45:00+00:00,0.049530,900
2026-03-28T08:00:00+00:00,0.076160,900
2026-03-28T08:15:00+00:00,0.049190,900
2026-03-28T08:30:00+00:00,0.040890,900
2026-03-28T08:45:00+00:00,0.012700,900
2026-03-28T09:00:00+00:00,0.036940,900
2026-03-28T09:15:00+00:00,0.016790,900
2026-03-28T09:30:00+00:00,0.009900,900
2026-03-28T09:45:00+00:00,0.006700,900
2026-03-28T10:00:00+00:00,0.009050,900
2026-03-28T10:15:00+00:00,0.007450,900
2026-03-28T10:30:00+00:00,0.006580,900
2026-03-28T10:45:00+00:00,0.005430,900
2026-03-28T11:00:00+00:00,0.007000,900
2026-03-28T11:15:00+00:00,0.004770,900
2026-03-28T11:30:00+00:00,0.006430,900
2026-03-28T11:45:00+00:00,0.008430,900
2026-03-28T12:00:00+00:00,0.006400,900
2026-03-28T12:15:00+00:00,0.006700,900
2026-03-28T12:30:00+00:00,0.003040,900
2026-03-28T12:45:00+00:00,0.003860,900
2026-03-28T13:00:00+00:00,0.000000,900
2026-03-28T13:15:00+00:00,0.002500,900
2026-03-28T13:30:00+00:00,0.008200,900
2026-03-28T13:45:00+00:00,0.030180,900
2026-03-28T14:00:00+00:00,-0.002010,900
2026-03-28T14:15:00+00:00,0.009990,900
2026-03-28T14:30:00+00:00,0.055020,900
2026-03-28T14:45:00+00:00,0.072990,900
2026-03-28T15:00:00+00:00,0.053810,900
2026-03-28T15:15:00+00:00,0.064520,900
2026-03-28T15:30:00+00:00,0.076440,900
2026-03-28T15:45:00+00:00,0.089800,900
2026-03-28T16:00:00+00:00,0.076640,900
2026-03-28T16:15:00+00:00,0.089020,900
2026-03-28T16:30:00+00:00,0.109630,900
2026-03-28T16:45:00+00:00,0.122890,900
2026-03-28T17:00:00+00:00,0.116840,900
2026-03-28T17:15:00+00:00,0.133930,900
2026-03-28T17:30:00+00:00,0.136870,900
2026-03-28T17:45:00+00:00,0.155150,900
2026-03-28T18:00:00+00:00,0.158000,900
2026-03-28T18:15:00+00:00,0.156340,900
2026-03-28T18:30:00+00:00,0.154960,900
2026-03-28T18:45:00+00:00,0.146980,900
2026-03-28T19:00:00+00:00,0.161790,900
2026-03-28T19:15:00+00:00,0.148900,900
2026-03-28T19:30:00+00:00,0.137340,900
2026-03-28T19:45:00+00:00,0.127770,900
2026-03-28T20:00:00+00:00,0.141120,900
2026-03-28T20:15:00+00:00,0.132190,900
2026-03-28T20:30:00+00:00,0.128260,900
2026-03-28T20:45:00+00:00,0.124790,900
2026-03-28T21:00:00+00:00,0.127510,900
2026-03-28T21:15:00+00:00,0.126870,900
2026-03-28T21:30:00+00:00,0.126010,900
2026-03-28T21:45:00+00:00,0.120930,900
2026-03-28T22:00:00+00:00,0.130000,900
2026-03-28T22:15:00+00:00,0.118050,900
2026-03-28T22:30:00+00:00,0.120920,900
2026-03-28T22:45:00+00:00,0.109350,900
2026-03-28T23:00:00+00:00,0.125880,900
2026-03-28T23:15:00+00:00,0.120230,900
2026-03-28T23:30:00+00:00,0.106110,900
2026-03-28T23:45:00+00:00,0.103770,900
2026-03-29T00:00:00+00:00,0.112000,900
2026-03-29T00:15:00+00:00,0.107450,900
2026-03-29T00:30:00+00:00,0.106950,900
2026-03-29T00:45:00+00:00,0.104220,900
2026-03-29T01:00:00+00:00,0.102110,900
2026-03-29T01:15:00+00:00,0.100260,900
2026-03-29T01:30:00+00:00,0.101180,900
2026-03-29T01:45:00+00:00,0.101110,900
2026-03-29T02:00:00+00:00,0.109410,900
2026-03-29T02:15:00+00:00,0.103350,900
2026-03-29T02:30:00+00:00,0.104320,900
2026-03-29T02:45:00+00:00,0.103820,900
2026-03-29T03:00:00+00:00,0.103570,900
2026-03-29T03:15:00+00:00,0.103680,900
2026-03-29T03:30:00+00:00,0.105240,900
2026-03-29T03:45:00+00:00,0.105930,900
2026-03-29T04:00:00+00:00,0.102330,900
2026-03-29T04:15:00+00:00,0.105300,900
2026-03-29T04:30:00+00:00,0.113590,900
2026-03-29T04:45:00+00:00,0.117800,900
2026-03-29T05:00:00+00:00,0.119670,900
2026-03-29T05:15:00+00:00,0.115240,900
2026-03-29T05:30:00+00:00,0.113000,900
2026-03-29T05:45:00+00:00,0.112260,900
2026-03-29T06:00:00+00:00,0.122470,900
2026-03-29T06:15:00+00:00,0.125000,900
2026-03-29T06:30:00+00:00,0.108990,900
2026-03-29T06:45:00+00:00,0.102890,900
2026-03-29T07:00:00+00:00,0.112140,900
2026-03-29T07:15:00+00:00,0.094760,900
2026-03-29T07:30:00+00:00,0.085620,900
2026-03-29T07:45:00+00:00,0.072340,900
2026-03-29T08:00:00+00:00,0.092210,900
2026-03-29T08:15:00+00:00,0.076150,900
2026-03-29T08:30:00+00:00,0.063330,900
2026-03-29T08:45:00+00:00,0.040230,900
2026-03-29T09:00:00+00:00,0.064700,900
2026-03-29T09:15:00+00:00,0.049440,900
2026-03-29T09:30:00+00:00,0.037570,900
2026-03-29T09:45:00+00:00,0.010900,900
2026-03-29T10:00:00+00:00,0.027550,900
2026-03-29T10:15:00+00:00,0.009880,900
2026-03-29T10:30:00+00:00,0.005870,900
2026-03-29T10:45:00+00:00,0.001340,900
2026-03-29T11:00:00+00:00,0.003570,900
2026-03-29T11:15:00+00:00,0.001570,900
2026-03-29T11:30:00+00:00,0.000660,900
2026-03-29T11:45:00+00:00,-0.000420,900
2026-03-29T12:00:00+00:00,-0.000490,900
2026-03-29T12:15:00+00:00,-0.000680,900
2026-03-29T12:30:00+00:00,-0.001520,900
2026-03-29T12:45:00+00:00,-0.002060,900
2026-03-29T13:00:00+00:00,-0.002060,900
2026-03-29T13:15:00+00:00,-0.002050,900
2026-03-29T13:30:00+00:00,-0.002040,900
2026-03-29T13:45:00+00:00,-0.002000,900
2026-03-29T14:00:00+00:00,-0.002040,900
2026-03-29T14:15:00+00:00,-0.002030,900
2026-03-29T14:30:00+00:00,0.000000,900
2026-03-29T14:45:00+00:00,0.003570,900
2026-03-29T15:00:00+00:00,0.002500,900
2026-03-29T15:15:00+00:00,0.013340,900
2026-03-29T15:30:00+00:00,0.031040,900
2026-03-29T15:45:00+00:00,0.074980,900
2026-03-29T16:00:00+00:00,0.050110,900
2026-03-29T16:15:00+00:00,0.071250,900
2026-03-29T16:30:00+00:00,0.093050,900
2026-03-29T16:45:00+00:00,0.120000,900
2026-03-29T17:00:00+00:00,0.099450,900
2026-03-29T17:15:00+00:00,0.109440,900
2026-03-29T17:30:00+00:00,0.109210,900
2026-03-29T17:45:00+00:00,0.106690,900
2026-03-29T18:00:00+00:00,0.120180,900
2026-03-29T18:15:00+00:00,0.108740,900
2026-03-29T18:30:00+00:00,0.080000,900
2026-03-29T18:45:00+00:00,0.071280,900
2026-03-29T19:00:00+00:00,0.095660,900
2026-03-29T19:15:00+00:00,0.080310,900
2026-03-29T19:30:00+00:00,0.060100,900
2026-03-29T19:45:00+00:00,0.048570,900
2026-03-29T20:00:00+00:00,0.089670,900
2026-03-29T20:15:00+00:00,0.069960,900
2026-03-29T20:30:00+00:00,0.063300,900
2026-03-29T20:45:00+00:00,0.030870,900
2026-03-29T21:00:00+00:00,0.056210,900
2026-03-29T21:15:00+00:00,0.026950,900
2026-03-29T21:30:00+00:00,0.020470,900
2026-03-29T21:45:00+00:00,0.007690,900
2026-03-29T22:00:00+00:00,0.017800,900
2026-03-29T22:15:00+00:00,0.009960,900
2026-03-29T22:30:00+00:00,0.005170,900
2026-03-29T22:45:00+00:00,0.005490,900
2026-03-29T23:00:00+00:00,0.005830,900
2026-03-29T23:15:00+00:00,0.003950,900
2026-03-29T23:30:00+00:00,0.003500,900
2026-03-29T23:45:00+00:00,0.002480,900
2026-03-30T00:00:00+00:00,0.005090,900
2026-03-30T00:15:00+00:00,0.004260,900
2026-03-30T00:30:00+00:00,0.004480,900
2026-03-30T00:45:00+00:00,0.004350,900
2026-03-30T01:00:00+00:00,0.002580,900
2026-03-30T01:15:00+00:00,0.003100,900
2026-03-30T01:30:00+00:00,0.003380,900
2026-03-30T01:45:00+00:00,0.003510,900
2026-03-30T02:00:00+00:00,0.001990,900
2026-03-30T02:15:00+00:00,0.002970,900
2026-03-30T02:30:00+00:00,0.003440,900
2026-03-30T02:45:00+00:00,0.005960,900
2026-03-30T03:00:00+00:00,0.005170,900
2026-03-30T03:15:00+00:00,0.007000,900
2026-03-30T03:30:00+00:00,0.014110,900
2026-03-30T03:45:00+00:00,0.041480,900
2026-03-30T04:00:00+00:00,0.026150,900
2026-03-30T04:15:00+00:00,0.060700,900
2026-03-30T04:30:00+00:00,0.079780,900
2026-03-30T04:45:00+00:00,0.087460,900
2026-03-30T05:00:00+00:00,0.075630,900
2026-03-30T05:15:00+00:00,0.092360,900
2026-03-30T05:30:00+00:00,0.103820,900
2026-03-30T05:45:00+00:00,0.100160,900
2026-03-30T06:00:00+00:00,0.120090,900
2026-03-30T06:15:00+00:00,0.111940,900
2026-03-30T06:30:00+00:00,0.111040,900
2026-03-30T06:45:00+00:00,0.104930,900
2026-03-30T07:00:00+00:00,0.115690,900
2026-03-30T07:15:00+00:00,0.103700,900
2026-03-30T07:30:00+00:00,0.097780,900
2026-03-30T07:45:00+00:00,0.078230,900
2026-03-30T08:00:00+00:00,0.087570,900
2026-03-30T08:15:00+00:00,0.073270,900
2026-03-30T08:30:00+00:00,0.083870,900
2026-03-30T08:45:00+00:00,0.055620,900
2026-03-30T09:00:00+00:00,0.071280,900
2026-03-30T09:15:00+00:00,0.050300,900
2026-03-30T09:30:00+00:00,0.039170,900
2026-03-30T09:45:00+00:00,0.023240,900
2026-03-30T10:00:00+00:00,0.040100,900
2026-03-30T10:15:00+00:00,0.026110,900
2026-03-30T10:30:00+00:00,0.020000,900
2026-03-30T10:45:00+00:00,0.011310,900
2026-03-30T11:00:00+00:00,0.016240,900
2026-03-30T11:15:00+00:00,0.015550,900
2026-03-30T11:30:00+00:00,0.009910,900
2026-03-30T11:45:00+00:00,0.000850,900
2026-03-30T12:00:00+00:00,0.009400,900
2026-03-30T12:15:00+00:00,0.008670,900
2026-03-30T12:30:00+00:00,0.007600,900
2026-03-30T12:45:00+00:00,0.004540,900
2026-03-30T13:00:00+00:00,0.009380,900
2026-03-30T13:15:00+00:00,0.010730,900
2026-03-30T13:30:00+00:00,0.011660,900
2026-03-30T13:45:00+00:00,0.019980,900
2026-03-30T14:00:00+00:00,0.009980,900
2026-03-30T14:15:00+00:00,0.023340,900
2026-03-30T14:30:00+00:00,0.042820,900
2026-03-30T14:45:00+00:00,0.058610,900
2026-03-30T15:00:00+00:00,0.041710,900
2026-03-30T15:15:00+00:00,0.058980,900
2026-03-30T15:30:00+00:00,0.077800,900
2026-03-30T15:45:00+00:00,0.100950,900
2026-03-30T16:00:00+00:00,0.076120,900
2026-03-30T16:15:00+00:00,0.098790,900
2026-03-30T16:30:00+00:00,0.103810,900
2026-03-30T16:45:00+00:00,0.121280,900
2026-03-30T17:00:00+00:00,0.115300,900
2026-03-30T17:15:00+00:00,0.121230,900
2026-03-30T17:30:00+00:00,0.127030,900
2026-03-30T17:45:00+00:00,0.136720,900
2026-03-30T18:00:00+00:00,0.130280,900
2026-03-30T18:15:00+00:00,0.129270,900
2026-03-30T18:30:00+00:00,0.130720,900
2026-03-30T18:45:00+00:00,0.127800,900
2026-03-30T19:00:00+00:00,0.141860,900
2026-03-30T19:15:00+00:00,0.131060,900
2026-03-30T19:30:00+00:00,0.129630,900
2026-03-30T19:45:00+00:00,0.117050,900
2026-03-30T20:00:00+00:00,0.149810,900
2026-03-30T20:15:00+00:00,0.142630,900
2026-03-30T20:30:00+00:00,0.130020,900
2026-03-30T20:45:00+00:00,0.120640,900
2026-03-30T21:00:00+00:00,0.121470,900
2026-03-30T21:15:00+00:00,0.117500,900
2026-03-30T21:30:00+00:00,0.114730,900
2026-03-30T21:45:00+00:00,0.109310,900
2026-03-30T22:00:00+00:00,0.137440,900
2026-03-30T22:15:00+00:00,0.121630,900
2026-03-30T22:30:00+00:00,0.114220,900
2026-03-30T22:45:00+00:00,0.117380,900
2026-03-30T23:00:00+00:00,0.110300,900
2026-03-30T23:15:00+00:00,0.112620,900
2026-03-30T23:30:00+00:00,0.109910,900
2026-03-30T23:45:00+00:00,0.109900,900
2026-03-31T00:00:00+00:00,0.108340,900
2026-03-31T00:15:00+00:00,0.107870,900
2026-03-31T00:30:00+00:00,0.107860,900
2026-03-31T00:45:00+00:00,0.107940,900
2026-03-31T01:00:00+00:00,0.107320,900
2026-03-31T01:15:00+00:00,0.107870,900
2026-03-31T01:30:00+00:00,0.110210,900
2026-03-31T01:45:00+00:00,0.111990,900
2026-03-31T02:00:00+00:00,0.107060,900
2026-03-31T02:15:00+00:00,0.112230,900
2026-03-31T02:30:00+00:00,0.108350,900
2026-03-31T02:45:00+00:00,0.112370,900
2026-03-31T03:00:00+00:00,0.098540,900
2026-03-31T03:15:00+00:00,0.104640,900
2026-03-31T03:30:00+00:00,0.113080,900
2026-03-31T03:45:00+00:00,0.125070,900
2026-03-31T04:00:00+00:00,0.113880,900
2026-03-31T04:15:00+00:00,0.129090,900
2026-03-31T04:30:00+00:00,0.152440,900
2026-03-31T04:45:00+00:00,0.158260,900
2026-03-31T05:00:00+00:00,0.153490,900
2026-03-31T05:15:00+00:00,0.153730,900
2026-03-31T05:30:00+00:00,0.155190,900
2026-03-31T05:45:00+00:00,0.149190,900
2026-03-31T06:00:00+00:00,0.203230,900
2026-03-31T06:15:00+00:00,0.180930,900
2026-03-31T06:30:00+00:00,0.146650,900
2026-03-31T06:45:00+00:00,0.126820,900
2026-03-31T07:00:00+00:00,0.165710,900
2026-03-31T07:15:00+00:00,0.136580,900
2026-03-31T07:30:00+00:00,0.126500,900
2026-03-31T07:45:00+00:00,0.119000,900
2026-03-31T08:00:00+00:00,0.119880,900
2026-03-31T08:15:00+00:00,0.110390,900
2026-03-31T08:30:00+00:00,0.100000,900
2026-03-31T08:45:00+00:00,0.093730,900
2026-03-31T09:00:00+00:00,0.099960,900
2026-03-31T09:15:00+00:00,0.093240,900
2026-03-31T09:30:00+00:00,0.086000,900
2026-03-31T09:45:00+00:00,0.075330,900
2026-03-31T10:00:00+00:00,0.090000,900
2026-03-31T10:15:00+00:00,0.083850,900
2026-03-31T10:30:00+00:00,0.080320,900
2026-03-31T10:45:00+00:00,0.067530,900
2026-03-31T11:00:00+00:00,0.076760,900
2026-03-31T11:15:00+00:00,0.064170,900
2026-03-31T11:30:00+00:00,0.048200,900
2026-03-31T11:45:00+00:00,0.041340,900
2026-03-31T12:00:00+00:00,0.053230,900
2026-03-31T12:15:00+00:00,0.055000,900
2026-03-31T12:30:00+00:00,0.058580,900
2026-03-31T12:45:00+00:00,0.061820,900
2026-03-31T13:00:00+00:00,0.056650,900
2026-03-31T13:15:00+00:00,0.065240,900
2026-03-31T13:30:00+00:00,0.079910,900
2026-03-31T13:45:00+00:00,0.091540,900
2026-03-31T14:00:00+00:00,0.066500,900
2026-03-31T14:15:00+00:00,0.086970,900
2026-03-31T14:30:00+00:00,0.096640,900
2026-03-31T14:45:00+00:00,0.113840,900
2026-03-31T15:00:00+00:00,0.100960,900
2026-03-31T15:15:00+00:00,0.108080,900
2026-03-31T15:30:00+00:00,0.121040,900
2026-03-31T15:45:00+00:00,0.160000,900
2026-03-31T16:00:00+00:00,0.108170,900
2026-03-31T16:15:00+00:00,0.141830,900
2026-03-31T16:30:00+00:00,0.158300,900
2026-03-31T16:45:00+00:00,0.192740,900
2026-03-31T17:00:00+00:00,0.153480,900
2026-03-31T17:15:00+00:00,0.176290,900
2026-03-31T17:30:00+00:00,0.180550,900
2026-03-31T17:45:00+00:00,0.186730,900
2026-03-31T18:00:00+00:00,0.188140,900
2026-03-31T18:15:00+00:00,0.179340,900
2026-03-31T18:30:00+00:00,0.172620,900
2026-03-31T18:45:00+00:00,0.159990,900
2026-03-31T19:00:00+00:00,0.193810,900
2026-03-31T19:15:00+00:00,0.167670,900
2026-03-31T19:30:00+00:00,0.157960,900
2026-03-31T19:45:00+00:00,0.141810,900
2026-03-31T20:00:00+00:00,0.166170,900
2026-03-31T20:15:00+00:00,0.161300,900
2026-03-31T20:30:00+00:00,0.152950,900
2026-03-31T20:45:00+00:00,0.149930,900
2026-03-31T21:00:00+00:00,0.150840,900
2026-03-31T21:15:00+00:00,0.146000,900
2026-03-31T21:30:00+00:00,0.149960,900
2026-03-31T21:45:00+00:00,0.140460,900
2026-03-31T22:00:00+00:00,0.155630,900
2026-03-31T22:15:00+00:00,0.144270,900
2026-03-31T22:30:00+00:00,0.142270,900
2026-03-31T22:45:00+00:00,0.133380,900
2026-03-31T23:00:00+00:00,0.137410,900
2026-03-31T23:15:00+00:00,0.129200,900
2026-03-31T23:30:00+00:00,0.129210,900
2026-03-31T23:45:00+00:00,0.121220,900
2026-04-01T00:00:00+00:00,0.125680,900
2026-04-01T00:15:00+00:00,0.121610,900
2026-04-01T00:30:00+00:00,0.122900,900
2026-04-01T00:45:00+00:00,0.125100,900
2026-04-01T01:00:00+00:00,0.123680,900
2026-04-01T01:15:00+00:00,0.128000,900
2026-04-01T01:30:00+00:00,0.132120,900
2026-04-01T01:45:00+00:00,0.133910,900
2026-04-01T02:00:00+00:00,0.128280,900
2026-04-01T02:15:00+00:00,0.130760,900
2026-04-01T02:30:00+00:00,0.136620,900
2026-04-01T02:45:00+00:00,0.142480,900
2026-04-01T03:00:00+00:00,0.130970,900
2026-04-01T03:15:00+00:00,0.141750,900
2026-04-01T03:30:00+00:00,0.141980,900
2026-04-01T03:45:00+00:00,0.159640,900
2026-04-01T04:00:00+00:00,0.149080,900
2026-04-01T04:15:00+00:00,0.170170,900
2026-04-01T04:30:00+00:00,0.184950,900
2026-04-01T04:45:00+00:00,0.187730,900
2026-04-01T05:00:00+00:00,0.225000,900
2026-04-01T05:15:00+00:00,0.228010,900
2026-04-01T05:30:00+00:00,0.212100,900
2026-04-01T05:45:00+00:00,0.208000,900
2026-04-01T06:00:00+00:00,0.239120,900
2026-04-01T06:15:00+00:00,0.214590,900
2026-04-01T06:30:00+00:00,0.184150,900
2026-04-01T06:45:00+00:00,0.162050,900
2026-04-01T07:00:00+00:00,0.209000,900
2026-04-01T07:15:00+00:00,0.185810,900
2026-04-01T07:30:00+00:00,0.161380,900
2026-04-01T07:45:00+00:00,0.129870,900
2026-04-01T08:00:00+00:00,0.163800,900
2026-04-01T08:15:00+00:00,0.143570,900
2026-04-01T08:30:00+00:00,0.131130,900
2026-04-01T08:45:00+00:00,0.124120,900
2026-04-01T09:00:00+00:00,0.139980,900
2026-04-01T09:15:00+00:00,0.131640,900
2026-04-01T09:30:00+00:00,0.122930,900
2026-04-01T09:45:00+00:00,0.121690,900
2026-04-01T10:00:00+00:00,0.131480,900
2026-04-01T10:15:00+00:00,0.114520,900
2026-04-01T10:30:00+00:00,0.112440,900
2026-04-01T10:45:00+00:00,0.105620,900
2026-04-01T11:00:00+00:00,0.109220,900
2026-04-01T11:15:00+00:00,0.101730,900
2026-04-01T11:30:00+00:00,0.093170,900
2026-04-01T11:45:00+00:00,0.084170,900
2026-04-01T12:00:00+00:00,0.092240,900
2026-04-01T12:15:00+00:00,0.088830,900
2026-04-01T12:30:00+00:00,0.088510,900
2026-04-01T12:45:00+00:00,0.088740,900
2026-04-01T13:00:00+00:00,0.086260,900
2026-04-01T13:15:00+00:00,0.090500,900
2026-04-01T13:30:00+00:00,0.099110,900
2026-04-01T13:45:00+00:00,0.107660,900
2026-04-01T14:00:00+00:00,0.085040,900
2026-04-01T14:15:00+00:00,0.098300,900
2026-04-01T14:30:00+00:00,0.110060,900
2026-04-01T14:45:00+00:00,0.131630,900
2026-04-01T15:00:00+00:00,0.119970,900
2026-04-01T15:15:00+00:00,0.120030,900
2026-04-01T15:30:00+00:00,0.128730,900
2026-04-01T15:45:00+00:00,0.152270,900
2026-04-01T16:00:00+00:00,0.111250,900
2026-04-01T16:15:00+00:00,0.142020,900
2026-04-01T16:30:00+00:00,0.153840,900
2026-04-01T16:45:00+00:00,0.197480,900
2026-04-01T17:00:00+00:00,0.158880,900
2026-04-01T17:15:00+00:00,0.185390,900
2026-04-01T17:30:00+00:00,0.198560,900
2026-04-01T17:45:00+00:00,0.203820,900
2026-04-01T18:00:00+00:00,0.194550,900
2026-04-01T18:15:00+00:00,0.186910,900
2026-04-01T18:30:00+00:00,0.180000,900
2026-04-01T18:45:00+00:00,0.156440,900
2026-04-01T19:00:00+00:00,0.178680,900
2026-04-01T19:15:00+00:00,0.168210,900
2026-04-01T19:30:00+00:00,0.163930,900
2026-04-01T19:45:00+00:00,0.152100,900
2026-04-01T20:00:00+00:00,0.167640,900
2026-04-01T20:15:00+00:00,0.150790,900
2026-04-01T20:30:00+00:00,0.150890,900
2026-04-01T20:45:00+00:00,0.138430,900
2026-04-01T21:00:00+00:00,0.146660,900
2026-04-01T21:15:00+00:00,0.135130,900
2026-04-01T21:30:00+00:00,0.130580,900
2026-04-01T21:45:00+00:00,0.119180,900
2026-04-01T22:00:00+00:00,0.136660,900
2026-04-01T22:15:00+00:00,0.127800,900
2026-04-01T22:30:00+00:00,0.121550,900
2026-04-01T22:45:00+00:00,0.119300,900
2026-04-01T23:00:00+00:00,0.125430,900
2026-04-01T23:15:00+00:00,0.119360,900
2026-04-01T23:30:00+00:00,0.116610,900
2026-04-01T23:45:00+00:00,0.114580,900
2026-04-02T00:00:00+00:00,0.116900,900
2026-04-02T00:15:00+00:00,0.114440,900
2026-04-02T00:30:00+00:00,0.113750,900
2026-04-02T00:45:00+00:00,0.111430,900
2026-04-02T01:00:00+00:00,0.110220,900
2026-04-02T01:15:00+00:00,0.106760,900
2026-04-02T01:30:00+00:00,0.107320,900
2026-04-02T01:45:00+00:00,0.106970,900
2026-04-02T02:00:00+00:00,0.105170,900
2026-04-02T02:15:00+00:00,0.104380,900
2026-04-02T02:30:00+00:00,0.107980,900
2026-04-02T02:45:00+00:00,0.108840,900
2026-04-02T03:00:00+00:00,0.108290,900
2026-04-02T03:15:00+00:00,0.113170,900
2026-04-02T03:30:00+00:00,0.119300,900
2026-04-02T03:45:00+00:00,0.135370,900
2026-04-02T04:00:00+00:00,0.130620,900
2026-04-02T04:15:00+00:00,0.147430,900
2026-04-02T04:30:00+00:00,0.157760,900
2026-04-02T04:45:00+00:00,0.162150,900
2026-04-02T05:00:00+00:00,0.163620,900
2026-04-02T05:15:00+00:00,0.166680,900
2026-04-02T05:30:00+00:00,0.161520,900
2026-04-02T05:45:00+00:00,0.148210,900
2026-04-02T06:00:00+00:00,0.196930,900
2026-04-02T06:15:00+00:00,0.173460,900
2026-04-02T06:30:00+00:00,0.154050,900
2026-04-02T06:45:00+00:00,0.106160,900
2026-04-02T07:00:00+00:00,0.129740,900
2026-04-02T07:15:00+00:00,0.120840,900
2026-04-02T07:30:00+00:00,0.122110,900
2026-04-02T07:45:00+00:00,0.113250,900
2026-04-02T08:00:00+00:00,0.116540,900
2026-04-02T08:15:00+00:00,0.117040,900
2026-04-02T08:30:00+00:00,0.106390,900
2026-04-02T08:45:00+00:00,0.125130,900
2026-04-02T09:00:00+00:00,0.130000,900
2026-04-02T09:15:00+00:00,0.133450,900
2026-04-02T09:30:00+00:00,0.116270,900
2026-04-02T09:45:00+00:00,0.096290,900
2026-04-02T10:00:00+00:00,0.146690,900
2026-04-02T10:15:00+00:00,0.109740,900
2026-04-02T10:30:00+00:00,0.094260,900
2026-04-02T10:45:00+00:00,0.090520,900
2026-04-02T11:00:00+00:00,0.098500,900
2026-04-02T11:15:00+00:00,0.093760,900
2026-04-02T11:30:00+00:00,0.093690,900
2026-04-02T11:45:00+00:00,0.090960,900
2026-04-02T12:00:00+00:00,0.090080,900
2026-04-02T12:15:00+00:00,0.083570,900
2026-04-02T12:30:00+00:00,0.082970,900
2026-04-02T12:45:00+00:00,0.082970,900
2026-04-02T13:00:00+00:00,0.088520,900
2026-04-02T13:15:00+00:00,0.088340,900
2026-04-02T13:30:00+00:00,0.090100,900
2026-04-02T13:45:00+00:00,0.096160,900
2026-04-02T14:00:00+00:00,0.094250,900
2026-04-02T14:15:00+00:00,0.099340,900
2026-04-02T14:30:00+00:00,0.105610,900
2026-04-02T14:45:00+00:00,0.130000,900
2026-04-02T15:00:00+00:00,0.116790,900
2026-04-02T15:15:00+00:00,0.109970,900
2026-04-02T15:30:00+00:00,0.123200,900
2026-04-02T15:45:00+00:00,0.120900,900
2026-04-02T16:00:00+00:00,0.111540,900
2026-04-02T16:15:00+00:00,0.120600,900
2026-04-02T16:30:00+00:00,0.132050,900
2026-04-02T16:45:00+00:00,0.151810,900
2026-04-02T17:00:00+00:00,0.136930,900
2026-04-02T17:15:00+00:00,0.154450,900
2026-04-02T17:30:00+00:00,0.165570,900
2026-04-02T17:45:00+00:00,0.178570,900
2026-04-02T18:00:00+00:00,0.168090,900
2026-04-02T18:15:00+00:00,0.157790,900
2026-04-02T18:30:00+00:00,0.154310,900
2026-04-02T18:45:00+00:00,0.144790,900
2026-04-02T19:00:00+00:00,0.160460,900
2026-04-02T19:15:00+00:00,0.144020,900
2026-04-02T19:30:00+00:00,0.142620,900
2026-04-02T19:45:00+00:00,0.130580,900
2026-04-02T20:00:00+00:00,0.145690,900
2026-04-02T20:15:00+00:00,0.134590,900
2026-04-02T20:30:00+00:00,0.130160,900
2026-04-02T20:45:00+00:00,0.124500,900
2026-04-02T21:00:00+00:00,0.130100,900
2026-04-02T21:15:00+00:00,0.121950,900
2026-04-02T21:30:00+00:00,0.127810,900
2026-04-02T21:45:00+00:00,0.114510,900
2026-04-02T22:00:00+00:00,0.141270,900
2026-04-02T22:15:00+00:00,0.136520,900
2026-04-02T22:30:00+00:00,0.127910,900
2026-04-02T22:45:00+00:00,0.123920,900
2026-04-02T23:00:00+00:00,0.124530,900
2026-04-02T23:15:00+00:00,0.124100,900
2026-04-02T23:30:00+00:00,0.124410,900
2026-04-02T23:45:00+00:00,0.114910,900
2026-04-03T00:00:00+00:00,0.127530,900
2026-04-03T00:15:00+00:00,0.120000,900
2026-04-03T00:30:00+00:00,0.114560,900
2026-04-03T00:45:00+00:00,0.113960,900
2026-04-03T01:00:00+00:00,0.119280,900
2026-04-03T01:15:00+00:00,0.117160,900
2026-04-03T01:30:00+00:00,0.113480,900
2026-04-03T01:45:00+00:00,0.115610,900
2026-04-03T02:00:00+00:00,0.118070,900
2026-04-03T02:15:00+00:00,0.117950,900
2026-04-03T02:30:00+00:00,0.118370,900
2026-04-03T02:45:00+00:00,0.117240,900
2026-04-03T03:00:00+00:00,0.117270,900
2026-04-03T03:15:00+00:00,0.118850,900
2026-04-03T03:30:00+00:00,0.115380,900
2026-04-03T03:45:00+00:00,0.122490,900
2026-04-03T04:00:00+00:00,0.116210,900
2026-04-03T04:15:00+00:00,0.127490,900
2026-04-03T04:30:00+00:00,0.140020,900
2026-04-03T04:45:00+00:00,0.138900,900
2026-04-03T05:00:00+00:00,0.139590,900
2026-04-03T05:15:00+00:00,0.139130,900
2026-04-03T05:30:00+00:00,0.135720,900
2026-04-03T05:45:00+00:00,0.129800,900
2026-04-03T06:00:00+00:00,0.156580,900
2026-04-03T06:15:00+00:00,0.135590,900
2026-04-03T06:30:00+00:00,0.128150,900
2026-04-03T06:45:00+00:00,0.103880,900
2026-04-03T07:00:00+00:00,0.143320,900
2026-04-03T07:15:00+00:00,0.122080,900
2026-04-03T07:30:00+00:00,0.103710,900
2026-04-03T07:45:00+00:00,0.084410,900
2026-04-03T08:00:00+00:00,0.126780,900
2026-04-03T08:15:00+00:00,0.096550,900
2026-04-03T08:30:00+00:00,0.064950,900
2026-04-03T08:45:00+00:00,0.055190,900
2026-04-03T09:00:00+00:00,0.072150,900
2026-04-03T09:15:00+00:00,0.060080,900
2026-04-03T09:30:00+00:00,0.049170,900
2026-04-03T09:45:00+00:00,0.030830,900
2026-04-03T10:00:00+00:00,0.048700,900
2026-04-03T10:15:00+00:00,0.031130,900
2026-04-03T10:30:00+00:00,0.019960,900
2026-04-03T10:45:00+00:00,0.008790,900
2026-04-03T11:00:00+00:00,0.019260,900
2026-04-03T11:15:00+00:00,0.011830,900
2026-04-03T11:30:00+00:00,0.007900,900
2026-04-03T11:45:00+00:00,0.001680,900
2026-04-03T12:00:00+00:00,0.004640,900
2026-04-03T12:15:00+00:00,0.002160,900
2026-04-03T12:30:00+00:00,0.000660,900
2026-04-03T12:45:00+00:00,0.000920,900
2026-04-03T13:00:00+00:00,0.000930,900
2026-04-03T13:15:00+00:00,0.000700,900
2026-04-03T13:30:00+00:00,0.003660,900
2026-04-03T13:45:00+00:00,0.009970,900
2026-04-03T14:00:00+00:00,0.002770,900
2026-04-03T14:15:00+00:00,0.012340,900
2026-04-03T14:30:00+00:00,0.032640,900
2026-04-03T14:45:00+00:00,0.048700,900
2026-04-03T15:00:00+00:00,0.043690,900
2026-04-03T15:15:00+00:00,0.062670,900
2026-04-03T15:30:00+00:00,0.078980,900
2026-04-03T15:45:00+00:00,0.093100,900
2026-04-03T16:00:00+00:00,0.082240,900
2026-04-03T16:15:00+00:00,0.099380,900
2026-04-03T16:30:00+00:00,0.107730,900
2026-04-03T16:45:00+00:00,0.110650,900
2026-04-03T17:00:00+00:00,0.129970,900
2026-04-03T17:15:00+00:00,0.120100,900
2026-04-03T17:30:00+00:00,0.124530,900
2026-04-03T17:45:00+00:00,0.124200,900
2026-04-03T18:00:00+00:00,0.133840,900
2026-04-03T18:15:00+00:00,0.122300,900
2026-04-03T18:30:00+00:00,0.117250,900
2026-04-03T18:45:00+00:00,0.112860,900
2026-04-03T19:00:00+00:00,0.119050,900
2026-04-03T19:15:00+00:00,0.108900,900
2026-04-03T19:30:00+00:00,0.104720,900
2026-04-03T19:45:00+00:00,0.104130,900
2026-04-03T20:00:00+00:00,0.106270,900
2026-04-03T20:15:00+00:00,0.101520,900
2026-04-03T20:30:00+00:00,0.100050,900
2026-04-03T20:45:00+00:00,0.094560,900
2026-04-03T21:00:00+00:00,0.094700,900
2026-04-03T21:15:00+00:00,0.088700,900
2026-04-03T21:30:00+00:00,0.075960,900
2026-04-03T21:45:00+00:00,0.063840,900
2026-04-03T22:00:00+00:00,0.027580,900
2026-04-03T22:15:00+00:00,0.017790,900
2026-04-03T22:30:00+00:00,0.013510,900
2026-04-03T22:45:00+00:00,0.009900,900
2026-04-03T23:00:00+00:00,0.023840,900
2026-04-03T23:15:00+00:00,0.018080,900
2026-04-03T23:30:00+00:00,0.016830,900
2026-04-03T23:45:00+00:00,0.013380,900
2026-04-04T00:00:00+00:00,0.018010,900
2026-04-04T00:15:00+00:00,0.020000,900
2026-04-04T00:30:00+00:00,0.019790,900
2026-04-04T00:45:00+00:00,0.017420,900
2026-04-04T01:00:00+00:00,0.027370,900
2026-04-04T01:15:00+00:00,0.047230,900
2026-04-04T01:30:00+00:00,0.050100,900
2026-04-04T01:45:00+00:00,0.052920,900
2026-04-04T02:00:00+00:00,0.043690,900
2026-04-04T02:15:00+00:00,0.059910,900
2026-04-04T02:30:00+00:00,0.061500,900
2026-04-04T02:45:00+00:00,0.071460,900
2026-04-04T03:00:00+00:00,0.047360,900
2026-04-04T03:15:00+00:00,0.066840,900
2026-04-04T03:30:00+00:00,0.074930,900
2026-04-04T03:45:00+00:00,0.135100,900
2026-04-04T04:00:00+00:00,0.065550,900
2026-04-04T04:15:00+00:00,0.093400,900
2026-04-04T04:30:00+00:00,0.118360,900
2026-04-04T04:45:00+00:00,0.230100,900
2026-04-04T05:00:00+00:00,0.139180,900
2026-04-04T05:15:00+00:00,0.210430,900
2026-04-04T05:30:00+00:00,0.250570,900
2026-04-04T05:45:00+00:00,0.259820,900
2026-04-04T06:00:00+00:00,0.301180,900
2026-04-04T06:15:00+00:00,0.157150,900
2026-04-04T06:30:00+00:00,0.128830,900
2026-04-04T06:45:00+00:00,0.097230,900
2026-04-04T07:00:00+00:00,0.262040,900
2026-04-04T07:15:00+00:00,0.148240,900
2026-04-04T07:30:00+00:00,0.104670,900
2026-04-04T07:45:00+00:00,0.069050,900
2026-04-04T08:00:00+00:00,0.167480,900
2026-04-04T08:15:00+00:00,0.100000,900
2026-04-04T08:30:00+00:00,0.080100,900
2026-04-04T08:45:00+00:00,0.065620,900
2026-04-04T09:00:00+00:00,0.075100,900
2026-04-04T09:15:00+00:00,0.063600,900
2026-04-04T09:30:00+00:00,0.039590,900
2026-04-04T09:45:00+00:00,0.011350,900
2026-04-04T10:00:00+00:00,0.034600,900
2026-04-04T10:15:00+00:00,0.020000,900
2026-04-04T10:30:00+00:00,0.005610,900
2026-04-04T10:45:00+00:00,0.000820,900
2026-04-04T11:00:00+00:00,0.000230,900
2026-04-04T11:15:00+00:00,0.000150,900
2026-04-04T11:30:00+00:00,0.000090,900
2026-04-04T11:45:00+00:00,0.000040,900
2026-04-04T12:00:00+00:00,0.000110,900
2026-04-04T12:15:00+00:00,0.000100,900
2026-04-04T12:30:00+00:00,0.000100,900
2026-04-04T12:45:00+00:00,0.000100,900
2026-04-04T13:00:00+00:00,0.000000,900
2026-04-04T13:15:00+00:00,0.000000,900
2026-04-04T13:30:00+00:00,0.000000,900
2026-04-04T13:45:00+00:00,0.000110,900
2026-04-04T14:00:00+00:00,-0.000440,900
2026-04-04T14:15:00+00:00,0.002330,900
2026-04-04T14:30:00+00:00,0.005560,900
2026-04-04T14:45:00+00:00,0.033390,900
2026-04-04T15:00:00+00:00,0.011620,900
2026-04-04T15:15:00+00:00,0.041640,900
2026-04-04T15:30:00+00:00,0.079160,900
2026-04-04T15:45:00+00:00,0.085780,900
2026-04-04T16:00:00+00:00,0.052850,900
2026-04-04T16:15:00+00:00,0.080100,900
2026-04-04T16:30:00+00:00,0.103590,900
2026-04-04T16:45:00+00:00,0.140310,900
2026-04-04T17:00:00+00:00,0.110300,900
2026-04-04T17:15:00+00:00,0.120110,900
2026-04-04T17:30:00+00:00,0.147160,900
2026-04-04T17:45:00+00:00,0.150000,900
2026-04-04T18:00:00+00:00,0.155950,900
2026-04-04T18:15:00+00:00,0.122430,900
2026-04-04T18:30:00+00:00,0.115860,900
2026-04-04T18:45:00+00:00,0.097040,900
2026-04-04T19:00:00+00:00,0.121890,900
2026-04-04T19:15:00+00:00,0.095350,900
2026-04-04T19:30:00+00:00,0.088390,900
2026-04-04T19:45:00+00:00,0.068730,900
2026-04-04T20:00:00+00:00,0.100480,900
2026-04-04T20:15:00+00:00,0.070960,900
2026-04-04T20:30:00+00:00,0.063600,900
2026-04-04T20:45:00+00:00,0.052470,900
2026-04-04T21:00:00+00:00,0.064970,900
2026-04-04T21:15:00+00:00,0.042400,900
2026-04-04T21:30:00+00:00,0.035100,900
2026-04-04T21:45:00+00:00,0.022050,900
2026-04-04T22:00:00+00:00,0.000620,900
2026-04-04T22:15:00+00:00,0.001220,900
2026-04-04T22:30:00+00:00,-0.000740,900
2026-04-04T22:45:00+00:00,-0.000070,900
2026-04-04T23:00:00+00:00,0.000100,900
2026-04-04T23:15:00+00:00,0.000000,900
2026-04-04T23:30:00+00:00,-0.000020,900
2026-04-04T23:45:00+00:00,-0.000320,900
2026-04-05T00:00:00+00:00,-0.001420,900
2026-04-05T00:15:00+00:00,-0.000780,900
2026-04-05T00:30:00+00:00,-0.000370,900
2026-04-05T00:45:00+00:00,-0.001050,900
2026-04-05T01:00:00+00:00,-0.000710,900
2026-04-05T01:15:00+00:00,-0.001150,900
2026-04-05T01:30:00+00:00,-0.001680,900
2026-04-05T01:45:00+00:00,-0.002010,900
2026-04-05T02:00:00+00:00,-0.001050,900
2026-04-05T02:15:00+00:00,-0.001990,900
2026-04-05T02:30:00+00:00,-0.001400,900
2026-04-05T02:45:00+00:00,-0.001950,900
2026-04-05T03:00:00+00:00,-0.001910,900
2026-04-05T03:15:00+00:00,-0.001970,900
2026-04-05T03:30:00+00:00,-0.002020,900
2026-04-05T03:45:00+00:00,-0.002040,900
2026-04-05T04:00:00+00:00,-0.002040,900
2026-04-05T04:15:00+00:00,-0.002040,900
2026-04-05T04:30:00+00:00,-0.002050,900
2026-04-05T04:45:00+00:00,-0.001900,900
2026-04-05T05:00:00+00:00,-0.000100,900
2026-04-05T05:15:00+00:00,-0.000750,900
2026-04-05T05:30:00+00:00,-0.000440,900
2026-04-05T05:45:00+00:00,-0.001520,900
2026-04-05T06:00:00+00:00,0.000070,900
2026-04-05T06:15:00+00:00,-0.000760,900
2026-04-05T06:30:00+00:00,-0.001000,900
2026-04-05T06:45:00+00:00,-0.001520,900
2026-04-05T07:00:00+00:00,-0.000100,900
2026-04-05T07:15:00+00:00,-0.001400,900
2026-04-05T07:30:00+00:00,-0.002000,900
2026-04-05T07:45:00+00:00,-0.002040,900
2026-04-05T08:00:00+00:00,-0.002070,900
2026-04-05T08:15:00+00:00,-0.002510,900
2026-04-05T08:30:00+00:00,-0.003720,900
2026-04-05T08:45:00+00:00,-0.007700,900
2026-04-05T09:00:00+00:00,-0.003490,900
2026-04-05T09:15:00+00:00,-0.007910,900
2026-04-05T09:30:00+00:00,-0.009900,900
2026-04-05T09:45:00+00:00,-0.010700,900
2026-04-05T10:00:00+00:00,-0.011800,900
2026-04-05T10:15:00+00:00,-0.011800,900
2026-04-05T10:30:00+00:00,-0.012010,900
2026-04-05T10:45:00+00:00,-0.022370,900
2026-04-05T11:00:00+00:00,-0.015120,900
2026-04-05T11:15:00+00:00,-0.023040,900
2026-04-05T11:30:00+00:00,-0.030120,900
2026-04-05T11:45:00+00:00,-0.040520,900
2026-04-05T12:00:00+00:00,-0.047010,900
2026-04-05T12:15:00+00:00,-0.051000,900
2026-04-05T12:30:00+00:00,-0.052040,900
2026-04-05T12:45:00+00:00,-0.051670,900
2026-04-05T13:00:00+00:00,-0.053170,900
2026-04-05T13:15:00+00:00,-0.052620,900
2026-04-05T13:30:00+00:00,-0.050000,900
2026-04-05T13:45:00+00:00,-0.044010,900
2026-04-05T14:00:00+00:00,-0.049540,900
2026-04-05T14:15:00+00:00,-0.029620,900
2026-04-05T14:30:00+00:00,-0.024630,900
2026-04-05T14:45:00+00:00,-0.014220,900
2026-04-05T15:00:00+00:00,-0.011090,900
2026-04-05T15:15:00+00:00,-0.005000,900
2026-04-05T15:30:00+00:00,-0.002350,900
2026-04-05T15:45:00+00:00,-0.000210,900
2026-04-05T16:00:00+00:00,-0.002040,900
2026-04-05T16:15:00+00:00,-0.000140,900
2026-04-05T16:30:00+00:00,0.001150,900
2026-04-05T16:45:00+00:00,0.004080,900
2026-04-05T17:00:00+00:00,0.009990,900
2026-04-05T17:15:00+00:00,0.053950,900
2026-04-05T17:30:00+00:00,0.079490,900
2026-04-05T17:45:00+00:00,0.112790,900
2026-04-05T18:00:00+00:00,0.100830,900
2026-04-05T18:15:00+00:00,0.116670,900
2026-04-05T18:30:00+00:00,0.109200,900
2026-04-05T18:45:00+00:00,0.130100,900
2026-04-05T19:00:00+00:00,0.144890,900
2026-04-05T19:15:00+00:00,0.129720,900
2026-04-05T19:30:00+00:00,0.125930,900
2026-04-05T19:45:00+00:00,0.119460,900
2026-04-05T20:00:00+00:00,0.126530,900
2026-04-05T20:15:00+00:00,0.125480,900
2026-04-05T20:30:00+00:00,0.122590,900
2026-04-05T20:45:00+00:00,0.118230,900
2026-04-05T21:00:00+00:00,0.123680,900
2026-04-05T21:15:00+00:00,0.113560,900
2026-04-05T21:30:00+00:00,0.115000,900
2026-04-05T21:45:00+00:00,0.102200,900
2026-04-05T22:00:00+00:00,0.116520,900
2026-04-05T22:15:00+00:00,0.110560,900
2026-04-05T22:30:00+00:00,0.093980,900
2026-04-05T22:45:00+00:00,0.090770,900
2026-04-05T23:00:00+00:00,0.110770,900
2026-04-05T23:15:00+00:00,0.090910,900
2026-04-05T23:30:00+00:00,0.081790,900
2026-04-05T23:45:00+00:00,0.079550,900
2026-04-06T00:00:00+00:00,0.096770,900
2026-04-06T00:15:00+00:00,0.094610,900
2026-04-06T00:30:00+00:00,0.105300,900
2026-04-06T00:45:00+00:00,0.108000,900
2026-04-06T01:00:00+00:00,0.097800,900
2026-04-06T01:15:00+00:00,0.109470,900
2026-04-06T01:30:00+00:00,0.114400,900
2026-04-06T01:45:00+00:00,0.146890,900
2026-04-06T02:00:00+00:00,0.120350,900
2026-04-06T02:15:00+00:00,0.152250,900
2026-04-06T02:30:00+00:00,0.163400,900
2026-04-06T02:45:00+00:00,0.169410,900
2026-04-06T03:00:00+00:00,0.111530,900
2026-04-06T03:15:00+00:00,0.127240,900
2026-04-06T03:30:00+00:00,0.153190,900
2026-04-06T03:45:00+00:00,0.169000,900
2026-04-06T04:00:00+00:00,0.114000,900
2026-04-06T04:15:00+00:00,0.135600,900
2026-04-06T04:30:00+00:00,0.149940,900
2026-04-06T04:45:00+00:00,0.148460,900
2026-04-06T05:00:00+00:00,0.134830,900
2026-04-06T05:15:00+00:00,0.156010,900
2026-04-06T05:30:00+00:00,0.172880,900
2026-04-06T05:45:00+00:00,0.136290,900
2026-04-06T06:00:00+00:00,0.243590,900
2026-04-06T06:15:00+00:00,0.131340,900
2026-04-06T06:30:00+00:00,0.102630,900
2026-04-06T06:45:00+00:00,0.062870,900
2026-04-06T07:00:00+00:00,0.117890,900
2026-04-06T07:15:00+00:00,0.086260,900
2026-04-06T07:30:00+00:00,0.041630,900
2026-04-06T07:45:00+00:00,0.027230,900
2026-04-06T08:00:00+00:00,0.033730,900
2026-04-06T08:15:00+00:00,0.001110,900
2026-04-06T08:30:00+00:00,-0.000100,900
2026-04-06T08:45:00+00:00,-0.002080,900
2026-04-06T09:00:00+00:00,-0.005080,900
2026-04-06T09:15:00+00:00,-0.008000,900
2026-04-06T09:30:00+00:00,-0.009900,900
2026-04-06T09:45:00+00:00,-0.017020,900
2026-04-06T10:00:00+00:00,-0.025000,900
2026-04-06T10:15:00+00:00,-0.029940,900
2026-04-06T10:30:00+00:00,-0.030000,900
2026-04-06T10:45:00+00:00,-0.035060,900
2026-04-06T11:00:00+00:00,-0.051400,900
2026-04-06T11:15:00+00:00,-0.053800,900
2026-04-06T11:30:00+00:00,-0.059990,900
2026-04-06T11:45:00+00:00,-0.056080,900
2026-04-06T12:00:00+00:00,-0.063000,900
2026-04-06T12:15:00+00:00,-0.057170,900
2026-04-06T12:30:00+00:00,-0.056000,900
2026-04-06T12:45:00+00:00,-0.051230,900
2026-04-06T13:00:00+00:00,-0.065000,900
2026-04-06T13:15:00+00:00,-0.055000,900
2026-04-06T13:30:00+00:00,-0.050000,900
2026-04-06T13:45:00+00:00,-0.030000,900
2026-04-06T14:00:00+00:00,-0.008000,900
2026-04-06T14:15:00+00:00,-0.003400,900
2026-04-06T14:30:00+00:00,-0.000100,900
2026-04-06T14:45:00+00:00,0.001520,900
2026-04-06T15:00:00+00:00,0.000000,900
2026-04-06T15:15:00+00:00,0.020080,900
2026-04-06T15:30:00+00:00,0.070100,900
2026-04-06T15:45:00+00:00,0.169820,900
2026-04-06T16:00:00+00:00,0.049980,900
2026-04-06T16:15:00+00:00,0.097600,900
2026-04-06T16:30:00+00:00,0.137340,900
2026-04-06T16:45:00+00:00,0.224000,900
2026-04-06T17:00:00+00:00,0.106300,900
2026-04-06T17:15:00+00:00,0.161460,900
2026-04-06T17:30:00+00:00,0.149770,900
2026-04-06T17:45:00+00:00,0.247110,900
2026-04-06T18:00:00+00:00,0.149350,900
2026-04-06T18:15:00+00:00,0.164390,900
2026-04-06T18:30:00+00:00,0.160930,900
2026-04-06T18:45:00+00:00,0.150100,900
2026-04-06T19:00:00+00:00,0.193750,900
2026-04-06T19:15:00+00:00,0.155960,900
2026-04-06T19:30:00+00:00,0.137200,900
2026-04-06T19:45:00+00:00,0.113080,900
2026-04-06T20:00:00+00:00,0.125050,900
2026-04-06T20:15:00+00:00,0.117520,900
2026-04-06T20:30:00+00:00,0.115700,900
2026-04-06T20:45:00+00:00,0.111740,900
2026-04-06T21:00:00+00:00,0.116880,900
2026-04-06T21:15:00+00:00,0.115150,900
2026-04-06T21:30:00+00:00,0.107180,900
2026-04-06T21:45:00+00:00,0.101190,900
2026-04-06T22:00:00+00:00,0.107540,900
2026-04-06T22:15:00+00:00,0.107230,900
2026-04-06T22:30:00+00:00,0.107190,900
2026-04-06T22:45:00+00:00,0.103640,900
2026-04-06T23:00:00+00:00,0.104280,900
2026-04-06T23:15:00+00:00,0.101650,900
2026-04-06T23:30:00+00:00,0.100290,900
2026-04-06T23:45:00+00:00,0.098230,900
2026-04-07T00:00:00+00:00,0.102060,900
2026-04-07T00:15:00+00:00,0.101610,900
2026-04-07T00:30:00+00:00,0.100910,900
2026-04-07T00:45:00+00:00,0.100600,900
2026-04-07T01:00:00+00:00,0.101580,900
2026-04-07T01:15:00+00:00,0.101270,900
2026-04-07T01:30:00+00:00,0.101870,900
2026-04-07T01:45:00+00:00,0.100860,900
2026-04-07T02:00:00+00:00,0.102710,900
2026-04-07T02:15:00+00:00,0.103310,900
2026-04-07T02:30:00+00:00,0.103500,900
2026-04-07T02:45:00+00:00,0.108490,900
2026-04-07T03:00:00+00:00,0.103010,900
2026-04-07T03:15:00+00:00,0.103500,900
2026-04-07T03:30:00+00:00,0.117030,900
2026-04-07T03:45:00+00:00,0.121770,900
2026-04-07T04:00:00+00:00,0.111500,900
2026-04-07T04:15:00+00:00,0.127680,900
2026-04-07T04:30:00+00:00,0.137100,900
2026-04-07T04:45:00+00:00,0.154200,900
2026-04-07T05:00:00+00:00,0.195210,900
2026-04-07T05:15:00+00:00,0.210260,900
2026-04-07T05:30:00+00:00,0.173160,900
2026-04-07T05:45:00+00:00,0.130700,900
2026-04-07T06:00:00+00:00,0.230870,900
2026-04-07T06:15:00+00:00,0.147570,900
2026-04-07T06:30:00+00:00,0.106300,900
2026-04-07T06:45:00+00:00,0.072990,900
2026-04-07T07:00:00+00:00,0.158450,900
2026-04-07T07:15:00+00:00,0.111360,900
2026-04-07T07:30:00+00:00,0.086540,900
2026-04-07T07:45:00+00:00,0.054770,900
2026-04-07T08:00:00+00:00,0.101500,900
2026-04-07T08:15:00+00:00,0.044240,900
2026-04-07T08:30:00+00:00,0.003790,900
2026-04-07T08:45:00+00:00,-0.000010,900
2026-04-07T09:00:00+00:00,0.001060,900
2026-04-07T09:15:00+00:00,0.000000,900
2026-04-07T09:30:00+00:00,-0.000090,900
2026-04-07T09:45:00+00:00,-0.001000,900
2026-04-07T10:00:00+00:00,-0.000200,900
2026-04-07T10:15:00+00:00,-0.001990,900
2026-04-07T10:30:00+00:00,-0.004740,900
2026-04-07T10:45:00+00:00,-0.005110,900
2026-04-07T11:00:00+00:00,-0.006100,900
2026-04-07T11:15:00+00:00,-0.009900,900
2026-04-07T11:30:00+00:00,-0.013820,900
2026-04-07T11:45:00+00:00,-0.014770,900
2026-04-07T12:00:00+00:00,-0.014750,900
2026-04-07T12:15:00+00:00,-0.014340,900
2026-04-07T12:30:00+00:00,-0.009900,900
2026-04-07T12:45:00+00:00,-0.005080,900
2026-04-07T13:00:00+00:00,-0.011510,900
2026-04-07T13:15:00+00:00,-0.004240,900
2026-04-07T13:30:00+00:00,-0.000240,900
2026-04-07T13:45:00+00:00,-0.000010,900
2026-04-07T14:00:00+00:00,-0.001300,900
2026-04-07T14:15:00+00:00,-0.000010,900
2026-04-07T14:30:00+00:00,0.000010,900
2026-04-07T14:45:00+00:00,0.014900,900
2026-04-07T15:00:00+00:00,0.010520,900
2026-04-07T15:15:00+00:00,0.063080,900
2026-04-07T15:30:00+00:00,0.092860,900
2026-04-07T15:45:00+00:00,0.127140,900
2026-04-07T16:00:00+00:00,0.085650,900
2026-04-07T16:15:00+00:00,0.117960,900
2026-04-07T16:30:00+00:00,0.133460,900
2026-04-07T16:45:00+00:00,0.185340,900
2026-04-07T17:00:00+00:00,0.140610,900
2026-04-07T17:15:00+00:00,0.170680,900
2026-04-07T17:30:00+00:00,0.208620,900
2026-04-07T17:45:00+00:00,0.219820,900
2026-04-07T18:00:00+00:00,0.218570,900
2026-04-07T18:15:00+00:00,0.205470,900
2026-04-07T18:30:00+00:00,0.166160,900
2026-04-07T18:45:00+00:00,0.140020,900
2026-04-07T19:00:00+00:00,0.166960,900
2026-04-07T19:15:00+00:00,0.144320,900
2026-04-07T19:30:00+00:00,0.135590,900
2026-04-07T19:45:00+00:00,0.118450,900
2026-04-07T20:00:00+00:00,0.130770,900
2026-04-07T20:15:00+00:00,0.124550,900
2026-04-07T20:30:00+00:00,0.126030,900
2026-04-07T20:45:00+00:00,0.116970,900
2026-04-07T21:00:00+00:00,0.123570,900
2026-04-07T21:15:00+00:00,0.113830,900
2026-04-07T21:30:00+00:00,0.111000,900
2026-04-07T21:45:00+00:00,0.108830,900
2026-04-07T22:00:00+00:00,0.111990,900
2026-04-07T22:15:00+00:00,0.104560,900
2026-04-07T22:30:00+00:00,0.099110,900
2026-04-07T22:45:00+00:00,0.094490,900
2026-04-07T23:00:00+00:00,0.099390,900
2026-04-07T23:15:00+00:00,0.098510,900
2026-04-07T23:30:00+00:00,0.097410,900
2026-04-07T23:45:00+00:00,0.095980,900
2026-04-08T00:00:00+00:00,0.098110,900
2026-04-08T00:15:00+00:00,0.096110,900
2026-04-08T00:30:00+00:00,0.096070,900
2026-04-08T00:45:00+00:00,0.096100,900
2026-04-08T01:00:00+00:00,0.097580,900
2026-04-08T01:15:00+00:00,0.098010,900
2026-04-08T01:30:00+00:00,0.098640,900
2026-04-08T01:45:00+00:00,0.099670,900
2026-04-08T02:00:00+00:00,0.097080,900
2026-04-08T02:15:00+00:00,0.099190,900
2026-04-08T02:30:00+00:00,0.103720,900
2026-04-08T02:45:00+00:00,0.109000,900
2026-04-08T03:00:00+00:00,0.099670,900
2026-04-08T03:15:00+00:00,0.106670,900
2026-04-08T03:30:00+00:00,0.112690,900
2026-04-08T03:45:00+00:00,0.129530,900
2026-04-08T04:00:00+00:00,0.118900,900
2026-04-08T04:15:00+00:00,0.135750,900
2026-04-08T04:30:00+00:00,0.157620,900
2026-04-08T04:45:00+00:00,0.162850,900
2026-04-08T05:00:00+00:00,0.186790,900
2026-04-08T05:15:00+00:00,0.184810,900
2026-04-08T05:30:00+00:00,0.168000,900
2026-04-08T05:45:00+00:00,0.135590,900
2026-04-08T06:00:00+00:00,0.186510,900
2026-04-08T06:15:00+00:00,0.145740,900
2026-04-08T06:30:00+00:00,0.135540,900
2026-04-08T06:45:00+00:00,0.099400,900
2026-04-08T07:00:00+00:00,0.149030,900
2026-04-08T07:15:00+00:00,0.117750,900
2026-04-08T07:30:00+00:00,0.098400,900
2026-04-08T07:45:00+00:00,0.072420,900
2026-04-08T08:00:00+00:00,0.103630,900
2026-04-08T08:15:00+00:00,0.077590,900
2026-04-08T08:30:00+00:00,0.026130,900
2026-04-08T08:45:00+00:00,0.000000,900
2026-04-08T09:00:00+00:00,0.005900,900
2026-04-08T09:15:00+00:00,-0.000010,900
2026-04-08T09:30:00+00:00,-0.001090,900
2026-04-08T09:45:00+00:00,-0.005000,900
2026-04-08T10:00:00+00:00,-0.005300,900
2026-04-08T10:15:00+00:00,-0.018300,900
2026-04-08T10:30:00+00:00,-0.021440,900
2026-04-08T10:45:00+00:00,-0.029220,900
2026-04-08T11:00:00+00:00,-0.025930,900
2026-04-08T11:15:00+00:00,-0.030030,900
2026-04-08T11:30:00+00:00,-0.032610,900
2026-04-08T11:45:00+00:00,-0.038810,900
2026-04-08T12:00:00+00:00,-0.033030,900
2026-04-08T12:15:00+00:00,-0.032050,900
2026-04-08T12:30:00+00:00,-0.029120,900
2026-04-08T12:45:00+00:00,-0.021280,900
2026-04-08T13:00:00+00:00,-0.022200,900
2026-04-08T13:15:00+00:00,-0.017400,900
2026-04-08T13:30:00+00:00,-0.009990,900
2026-04-08T13:45:00+00:00,-0.001050,900
2026-04-08T14:00:00+00:00,-0.005790,900
2026-04-08T14:15:00+00:00,-0.000010,900
2026-04-08T14:30:00+00:00,0.001360,900
2026-04-08T14:45:00+00:00,0.059470,900
2026-04-08T15:00:00+00:00,0.027800,900
2026-04-08T15:15:00+00:00,0.080450,900
2026-04-08T15:30:00+00:00,0.113240,900
2026-04-08T15:45:00+00:00,0.154370,900
2026-04-08T16:00:00+00:00,0.104440,900
2026-04-08T16:15:00+00:00,0.121420,900
2026-04-08T16:30:00+00:00,0.132400,900
2026-04-08T16:45:00+00:00,0.159990,900
2026-04-08T17:00:00+00:00,0.146000,900
2026-04-08T17:15:00+00:00,0.168640,900
2026-04-08T17:30:00+00:00,0.183670,900
2026-04-08T17:45:00+00:00,0.186890,900
2026-04-08T18:00:00+00:00,0.203220,900
2026-04-08T18:15:00+00:00,0.164120,900
2026-04-08T18:30:00+00:00,0.142340,900
2026-04-08T18:45:00+00:00,0.135270,900
2026-04-08T19:00:00+00:00,0.154930,900
2026-04-08T19:15:00+00:00,0.142080,900
2026-04-08T19:30:00+00:00,0.135160,900
2026-04-08T19:45:00+00:00,0.117000,900
2026-04-08T20:00:00+00:00,0.127450,900
2026-04-08T20:15:00+00:00,0.122590,900
2026-04-08T20:30:00+00:00,0.121540,900
2026-04-08T20:45:00+00:00,0.114530,900
2026-04-08T21:00:00+00:00,0.118810,900
2026-04-08T21:15:00+00:00,0.118200,900
2026-04-08T21:30:00+00:00,0.107750,900
2026-04-08T21:45:00+00:00,0.101830,900
2026-04-08T22:00:00+00:00,0.109490,900
2026-04-08T22:15:00+00:00,0.105360,900
2026-04-08T22:30:00+00:00,0.102910,900
2026-04-08T22:45:00+00:00,0.101400,900
2026-04-08T23:00:00+00:00,0.101740,900
2026-04-08T23:15:00+00:00,0.100710,900
2026-04-08T23:30:00+00:00,0.100080,900
2026-04-08T23:45:00+00:00,0.099280,900
2026-04-09T00:00:00+00:00,0.099460,900
2026-04-09T00:15:00+00:00,0.099220,900
2026-04-09T00:30:00+00:00,0.099410,900
2026-04-09T00:45:00+00:00,0.099110,900
2026-04-09T01:00:00+00:00,0.098650,900
2026-04-09T01:15:00+00:00,0.099800,900
2026-04-09T01:30:00+00:00,0.099600,900
2026-04-09T01:45:00+00:00,0.100320,900
2026-04-09T02:00:00+00:00,0.097130,900
2026-04-09T02:15:00+00:00,0.099250,900
2026-04-09T02:30:00+00:00,0.102060,900
2026-04-09T02:45:00+00:00,0.108950,900
2026-04-09T03:00:00+00:00,0.101850,900
2026-04-09T03:15:00+00:00,0.107190,900
2026-04-09T03:30:00+00:00,0.115850,900
2026-04-09T03:45:00+00:00,0.123980,900
2026-04-09T04:00:00+00:00,0.116330,900
2026-04-09T04:15:00+00:00,0.127940,900
2026-04-09T04:30:00+00:00,0.138820,900
2026-04-09T04:45:00+00:00,0.145300,900
2026-04-09T05:00:00+00:00,0.153880,900
2026-04-09T05:15:00+00:00,0.152840,900
2026-04-09T05:30:00+00:00,0.145890,900
2026-04-09T05:45:00+00:00,0.128930,900
2026-04-09T06:00:00+00:00,0.158750,900
2026-04-09T06:15:00+00:00,0.135800,900
2026-04-09T06:30:00+00:00,0.121290,900
2026-04-09T06:45:00+00:00,0.103540,900
2026-04-09T07:00:00+00:00,0.146290,900
2026-04-09T07:15:00+00:00,0.119960,900
2026-04-09T07:30:00+00:00,0.098710,900
2026-04-09T07:45:00+00:00,0.076730,900
2026-04-09T08:00:00+00:00,0.088290,900
2026-04-09T08:15:00+00:00,0.074850,900
2026-04-09T08:30:00+00:00,0.047090,900
2026-04-09T08:45:00+00:00,0.009100,900
2026-04-09T09:00:00+00:00,0.004630,900
2026-04-09T09:15:00+00:00,0.000010,900
2026-04-09T09:30:00+00:00,0.000000,900
2026-04-09T09:45:00+00:00,-0.000010,900
2026-04-09T10:00:00+00:00,-0.000010,900
2026-04-09T10:15:00+00:00,-0.000100,900
2026-04-09T10:30:00+00:00,-0.001070,900
2026-04-09T10:45:00+00:00,-0.002900,900
2026-04-09T11:00:00+00:00,-0.002980,900
2026-04-09T11:15:00+00:00,-0.005100,900
2026-04-09T11:30:00+00:00,-0.009820,900
2026-04-09T11:45:00+00:00,-0.013140,900
2026-04-09T12:00:00+00:00,-0.010060,900
2026-04-09T12:15:00+00:00,-0.009840,900
2026-04-09T12:30:00+00:00,-0.007040,900
2026-04-09T12:45:00+00:00,-0.005060,900
2026-04-09T13:00:00+00:00,-0.002880,900
2026-04-09T13:15:00+00:00,-0.001120,900
2026-04-09T13:30:00+00:00,-0.000870,900
2026-04-09T13:45:00+00:00,-0.000140,900
2026-04-09T14:00:00+00:00,-0.000020,900
2026-04-09T14:15:00+00:00,0.003240,900
2026-04-09T14:30:00+00:00,0.030050,900
2026-04-09T14:45:00+00:00,0.063840,900
2026-04-09T15:00:00+00:00,0.024520,900
2026-04-09T15:15:00+00:00,0.069970,900
2026-04-09T15:30:00+00:00,0.091910,900
2026-04-09T15:45:00+00:00,0.113630,900
2026-04-09T16:00:00+00:00,0.085370,900
2026-04-09T16:15:00+00:00,0.105690,900
2026-04-09T16:30:00+00:00,0.120340,900
2026-04-09T16:45:00+00:00,0.127790,900
2026-04-09T17:00:00+00:00,0.119630,900
2026-04-09T17:15:00+00:00,0.124820,900
2026-04-09T17:30:00+00:00,0.136530,900
2026-04-09T17:45:00+00:00,0.138360,900
2026-04-09T18:00:00+00:00,0.145830,900
2026-04-09T18:15:00+00:00,0.126050,900
2026-04-09T18:30:00+00:00,0.117130,900
2026-04-09T18:45:00+00:00,0.104880,900
2026-04-09T19:00:00+00:00,0.126760,900
2026-04-09T19:15:00+00:00,0.115860,900
2026-04-09T19:30:00+00:00,0.100410,900
2026-04-09T19:45:00+00:00,0.080300,900
2026-04-09T20:00:00+00:00,0.104720,900
2026-04-09T20:15:00+00:00,0.097510,900
2026-04-09T20:30:00+00:00,0.095430,900
2026-04-09T20:45:00+00:00,0.086530,900
2026-04-09T21:00:00+00:00,0.089450,900
2026-04-09T21:15:00+00:00,0.084310,900
2026-04-09T21:30:00+00:00,0.079250,900
2026-04-09T21:45:00+00:00,0.068780,900
2026-04-09T22:00:00+00:00,0.081500,900
2026-04-09T22:15:00+00:00,0.079250,900
2026-04-09T22:30:00+00:00,0.073460,900
2026-04-09T22:45:00+00:00,0.072050,900
2026-04-09T23:00:00+00:00,0.075230,900
2026-04-09T23:15:00+00:00,0.073050,900
2026-04-09T23:30:00+00:00,0.073620,900
2026-04-09T23:45:00+00:00,0.071640,900
2026-04-10T00:00:00+00:00,0.076400,900
2026-04-10T00:15:00+00:00,0.072140,900
2026-04-10T00:30:00+00:00,0.071920,900
2026-04-10T00:45:00+00:00,0.070420,900
2026-04-10T01:00:00+00:00,0.071140,900
2026-04-10T01:15:00+00:00,0.072300,900
2026-04-10T01:30:00+00:00,0.072990,900
2026-04-10T01:45:00+00:00,0.071630,900
2026-04-10T02:00:00+00:00,0.071720,900
2026-04-10T02:15:00+00:00,0.073850,900
2026-04-10T02:30:00+00:00,0.073710,900
2026-04-10T02:45:00+00:00,0.076820,900
2026-04-10T03:00:00+00:00,0.074460,900
2026-04-10T03:15:00+00:00,0.081690,900
2026-04-10T03:30:00+00:00,0.079160,900
2026-04-10T03:45:00+00:00,0.091580,900
2026-04-10T04:00:00+00:00,0.082490,900
2026-04-10T04:15:00+00:00,0.110160,900
2026-04-10T04:30:00+00:00,0.111200,900
2026-04-10T04:45:00+00:00,0.118280,900
2026-04-10T05:00:00+00:00,0.121350,900
2026-04-10T05:15:00+00:00,0.124310,900
2026-04-10T05:30:00+00:00,0.122430,900
2026-04-10T05:45:00+00:00,0.121620,900
2026-04-10T06:00:00+00:00,0.130730,900
2026-04-10T06:15:00+00:00,0.127200,900
2026-04-10T06:30:00+00:00,0.123050,900
2026-04-10T06:45:00+00:00,0.119390,900
2026-04-10T07:00:00+00:00,0.144030,900
2026-04-10T07:15:00+00:00,0.131300,900
2026-04-10T07:30:00+00:00,0.132080,900
2026-04-10T07:45:00+00:00,0.116100,900
2026-04-10T08:00:00+00:00,0.150000,900
2026-04-10T08:15:00+00:00,0.110780,900
2026-04-10T08:30:00+00:00,0.133660,900
2026-04-10T08:45:00+00:00,0.108020,900
2026-04-10T09:00:00+00:00,0.125380,900
2026-04-10T09:15:00+00:00,0.104240,900
2026-04-10T09:30:00+00:00,0.100180,900
2026-04-10T09:45:00+00:00,0.099000,900
2026-04-10T10:00:00+00:00,0.098170,900
2026-04-10T10:15:00+00:00,0.088480,900
2026-04-10T10:30:00+00:00,0.110830,900
2026-04-10T10:45:00+00:00,0.117140,900
2026-04-10T11:00:00+00:00,0.096570,900
2026-04-10T11:15:00+00:00,0.092800,900
2026-04-10T11:30:00+00:00,0.089380,900
2026-04-10T11:45:00+00:00,0.086810,900
2026-04-10T12:00:00+00:00,0.093530,900
2026-04-10T12:15:00+00:00,0.095930,900
2026-04-10T12:30:00+00:00,0.094900,900
2026-04-10T12:45:00+00:00,0.097340,900
2026-04-10T13:00:00+00:00,0.077810,900
2026-04-10T13:15:00+00:00,0.084570,900
2026-04-10T13:30:00+00:00,0.087350,900
2026-04-10T13:45:00+00:00,0.088490,900
2026-04-10T14:00:00+00:00,0.088050,900
2026-04-10T14:15:00+00:00,0.096830,900
2026-04-10T14:30:00+00:00,0.105030,900
2026-04-10T14:45:00+00:00,0.115140,900
2026-04-10T15:00:00+00:00,0.101840,900
2026-04-10T15:15:00+00:00,0.113990,900
2026-04-10T15:30:00+00:00,0.121420,900
2026-04-10T15:45:00+00:00,0.145620,900
2026-04-10T16:00:00+00:00,0.125690,900
2026-04-10T16:15:00+00:00,0.131110,900
2026-04-10T16:30:00+00:00,0.144800,900
2026-04-10T16:45:00+00:00,0.200000,900
2026-04-10T17:00:00+00:00,0.153470,900
2026-04-10T17:15:00+00:00,0.191170,900
2026-04-10T17:30:00+00:00,0.237770,900
2026-04-10T17:45:00+00:00,0.317600,900
2026-04-10T18:00:00+00:00,0.261900,900
2026-04-10T18:15:00+00:00,0.250300,900
2026-04-10T18:30:00+00:00,0.234220,900
2026-04-10T18:45:00+00:00,0.206150,900
2026-04-10T19:00:00+00:00,0.211790,900
2026-04-10T19:15:00+00:00,0.169330,900
2026-04-10T19:30:00+00:00,0.161000,900
2026-04-10T19:45:00+00:00,0.140400,900
2026-04-10T20:00:00+00:00,0.159480,900
2026-04-10T20:15:00+00:00,0.144430,900
2026-04-10T20:30:00+00:00,0.137520,900
2026-04-10T20:45:00+00:00,0.126870,900
2026-04-10T21:00:00+00:00,0.131600,900
2026-04-10T21:15:00+00:00,0.126060,900
2026-04-10T21:30:00+00:00,0.126070,900
2026-04-10T21:45:00+00:00,0.119150,900
2026-04-10T22:00:00+00:00,0.141510,900
2026-04-10T22:15:00+00:00,0.131190,900
2026-04-10T22:30:00+00:00,0.119600,900
2026-04-10T22:45:00+00:00,0.111400,900
2026-04-10T23:00:00+00:00,0.120740,900
2026-04-10T23:15:00+00:00,0.115410,900
2026-04-10T23:30:00+00:00,0.108460,900
2026-04-10T23:45:00+00:00,0.103600,900
2026-04-11T00:00:00+00:00,0.110040,900
2026-04-11T00:15:00+00:00,0.103900,900
2026-04-11T00:30:00+00:00,0.103430,900
2026-04-11T00:45:00+00:00,0.100890,900
2026-04-11T01:00:00+00:00,0.103620,900
2026-04-11T01:15:00+00:00,0.101530,900
2026-04-11T01:30:00+00:00,0.101240,900
2026-04-11T01:45:00+00:00,0.097800,900
2026-04-11T02:00:00+00:00,0.102090,900
2026-04-11T02:15:00+00:00,0.100780,900
2026-04-11T02:30:00+00:00,0.099830,900
2026-04-11T02:45:00+00:00,0.096110,900
2026-04-11T03:00:00+00:00,0.100160,900
2026-04-11T03:15:00+00:00,0.095970,900
2026-04-11T03:30:00+00:00,0.096060,900
2026-04-11T03:45:00+00:00,0.095380,900
2026-04-11T04:00:00+00:00,0.097380,900
2026-04-11T04:15:00+00:00,0.098230,900
2026-04-11T04:30:00+00:00,0.098440,900
2026-04-11T04:45:00+00:00,0.091460,900
2026-04-11T05:00:00+00:00,0.101070,900
2026-04-11T05:15:00+00:00,0.094910,900
2026-04-11T05:30:00+00:00,0.081570,900
2026-04-11T05:45:00+00:00,0.060110,900
2026-04-11T06:00:00+00:00,0.095110,900
2026-04-11T06:15:00+00:00,0.079020,900
2026-04-11T06:30:00+00:00,0.058940,900
2026-04-11T06:45:00+00:00,0.023140,900
2026-04-11T07:00:00+00:00,0.052590,900
2026-04-11T07:15:00+00:00,0.022460,900
2026-04-11T07:30:00+00:00,0.008000,900
2026-04-11T07:45:00+00:00,0.000010,900
2026-04-11T08:00:00+00:00,0.007730,900
2026-04-11T08:15:00+00:00,0.000000,900
2026-04-11T08:30:00+00:00,-0.000990,900
2026-04-11T08:45:00+00:00,-0.007180,900
2026-04-11T09:00:00+00:00,-0.000980,900
2026-04-11T09:15:00+00:00,-0.002060,900
2026-04-11T09:30:00+00:00,-0.006580,900
2026-04-11T09:45:00+00:00,-0.009750,900
2026-04-11T10:00:00+00:00,-0.011800,900
2026-04-11T10:15:00+00:00,-0.020000,900
2026-04-11T10:30:00+00:00,-0.025000,900
2026-04-11T10:45:00+00:00,-0.030120,900
2026-04-11T11:00:00+00:00,-0.025500,900
2026-04-11T11:15:00+00:00,-0.030120,900
2026-04-11T11:30:00+00:00,-0.030120,900
2026-04-11T11:45:00+00:00,-0.030120,900
2026-04-11T12:00:00+00:00,-0.030120,900
2026-04-11T12:15:00+00:00,-0.027110,900
2026-04-11T12:30:00+00:00,-0.023080,900
2026-04-11T12:45:00+00:00,-0.017100,900
2026-04-11T13:00:00+00:00,-0.011800,900
2026-04-11T13:15:00+00:00,-0.007050,900
2026-04-11T13:30:00+00:00,-0.002090,900
2026-04-11T13:45:00+00:00,-0.002040,900
2026-04-11T14:00:00+00:00,-0.000100,900
2026-04-11T14:15:00+00:00,0.005410,900
2026-04-11T14:30:00+00:00,0.011860,900
2026-04-11T14:45:00+00:00,0.005900,900
2026-04-11T15:00:00+00:00,-0.001650,900
2026-04-11T15:15:00+00:00,-0.001400,900
2026-04-11T15:30:00+00:00,0.015300,900
2026-04-11T15:45:00+00:00,0.064950,900
2026-04-11T16:00:00+00:00,0.005070,900
2026-04-11T16:15:00+00:00,0.054970,900
2026-04-11T16:30:00+00:00,0.091400,900
2026-04-11T16:45:00+00:00,0.128550,900
2026-04-11T17:00:00+00:00,0.072930,900
2026-04-11T17:15:00+00:00,0.080500,900
2026-04-11T17:30:00+00:00,0.090100,900
2026-04-11T17:45:00+00:00,0.120100,900
2026-04-11T18:00:00+00:00,0.110940,900
2026-04-11T18:15:00+00:00,0.108000,900
2026-04-11T18:30:00+00:00,0.106720,900
2026-04-11T18:45:00+00:00,0.103270,900
2026-04-11T19:00:00+00:00,0.118400,900
2026-04-11T19:15:00+00:00,0.108540,900
2026-04-11T19:30:00+00:00,0.097830,900
2026-04-11T19:45:00+00:00,0.087100,900
2026-04-11T20:00:00+00:00,0.132610,900
2026-04-11T20:15:00+00:00,0.136950,900
2026-04-11T20:30:00+00:00,0.120750,900
2026-04-11T20:45:00+00:00,0.089290,900
2026-04-11T21:00:00+00:00,0.100000,900
2026-04-11T21:15:00+00:00,0.086100,900
2026-04-11T21:30:00+00:00,0.073740,900
2026-04-11T21:45:00+00:00,0.069700,900
2026-04-11T22:00:00+00:00,0.065770,900
2026-04-11T22:15:00+00:00,0.066650,900
2026-04-11T22:30:00+00:00,0.069950,900
2026-04-11T22:45:00+00:00,0.068500,900
2026-04-11T23:00:00+00:00,0.071040,900
2026-04-11T23:15:00+00:00,0.066840,900
2026-04-11T23:30:00+00:00,0.069220,900
2026-04-11T23:45:00+00:00,0.071670,900
2026-04-12T00:00:00+00:00,0.070750,900
2026-04-12T00:15:00+00:00,0.072680,900
2026-04-12T00:30:00+00:00,0.073430,900
2026-04-12T00:45:00+00:00,0.075920,900
2026-04-12T01:00:00+00:00,0.074740,900
2026-04-12T01:15:00+00:00,0.077310,900
2026-04-12T01:30:00+00:00,0.076400,900
2026-04-12T01:45:00+00:00,0.079080,900
2026-04-12T02:00:00+00:00,0.082260,900
2026-04-12T02:15:00+00:00,0.083960,900
2026-04-12T02:30:00+00:00,0.086470,900
2026-04-12T02:45:00+00:00,0.090040,900
2026-04-12T03:00:00+00:00,0.086320,900
2026-04-12T03:15:00+00:00,0.089640,900
2026-04-12T03:30:00+00:00,0.089540,900
2026-04-12T03:45:00+00:00,0.088410,900
2026-04-12T04:00:00+00:00,0.090940,900
2026-04-12T04:15:00+00:00,0.090460,900
2026-04-12T04:30:00+00:00,0.087110,900
2026-04-12T04:45:00+00:00,0.084910,900
2026-04-12T05:00:00+00:00,0.094150,900
2026-04-12T05:15:00+00:00,0.085540,900
2026-04-12T05:30:00+00:00,0.079670,900
2026-04-12T05:45:00+00:00,0.077320,900
2026-04-12T06:00:00+00:00,0.079550,900
2026-04-12T06:15:00+00:00,0.073260,900
2026-04-12T06:30:00+00:00,0.068930,900
2026-04-12T06:45:00+00:00,0.051790,900
2026-04-12T07:00:00+00:00,0.056470,900
2026-04-12T07:15:00+00:00,0.048910,900
2026-04-12T07:30:00+00:00,0.041510,900
2026-04-12T07:45:00+00:00,0.037860,900
2026-04-12T08:00:00+00:00,0.044670,900
2026-04-12T08:15:00+00:00,0.023210,900
2026-04-12T08:30:00+00:00,-0.002010,900
2026-04-12T08:45:00+00:00,-0.002030,900
2026-04-12T09:00:00+00:00,-0.002050,900
2026-04-12T09:15:00+00:00,-0.002070,900
2026-04-12T09:30:00+00:00,-0.002080,900
2026-04-12T09:45:00+00:00,-0.002090,900
2026-04-12T10:00:00+00:00,-0.002020,900
2026-04-12T10:15:00+00:00,-0.002020,900
2026-04-12T10:30:00+00:00,-0.002030,900
2026-04-12T10:45:00+00:00,-0.002020,900
2026-04-12T11:00:00+00:00,-0.002010,900
2026-04-12T11:15:00+00:00,-0.002000,900
2026-04-12T11:30:00+00:00,-0.000310,900
2026-04-12T11:45:00+00:00,-0.000200,900
2026-04-12T12:00:00+00:00,0.000000,900
2026-04-12T12:15:00+00:00,0.003240,900
2026-04-12T12:30:00+00:00,0.008020,900
2026-04-12T12:45:00+00:00,0.007040,900
2026-04-12T13:00:00+00:00,0.005970,900
2026-04-12T13:15:00+00:00,0.010040,900
2026-04-12T13:30:00+00:00,0.017240,900
2026-04-12T13:45:00+00:00,0.030430,900
2026-04-12T14:00:00+00:00,0.032240,900
2026-04-12T14:15:00+00:00,0.057800,900
2026-04-12T14:30:00+00:00,0.060430,900
2026-04-12T14:45:00+00:00,0.095950,900
2026-04-12T15:00:00+00:00,0.060430,900
2026-04-12T15:15:00+00:00,0.090780,900
2026-04-12T15:30:00+00:00,0.122980,900
2026-04-12T15:45:00+00:00,0.136480,900
2026-04-12T16:00:00+00:00,0.117650,900
2026-04-12T16:15:00+00:00,0.126490,900
2026-04-12T16:30:00+00:00,0.137930,900
2026-04-12T16:45:00+00:00,0.147400,900
2026-04-12T17:00:00+00:00,0.136970,900
2026-04-12T17:15:00+00:00,0.136590,900
2026-04-12T17:30:00+00:00,0.145460,900
2026-04-12T17:45:00+00:00,0.157050,900
2026-04-12T18:00:00+00:00,0.148880,900
2026-04-12T18:15:00+00:00,0.147830,900
2026-04-12T18:30:00+00:00,0.146090,900
2026-04-12T18:45:00+00:00,0.140230,900
2026-04-12T19:00:00+00:00,0.140920,900
2026-04-12T19:15:00+00:00,0.135300,900
2026-04-12T19:30:00+00:00,0.137300,900
2026-04-12T19:45:00+00:00,0.133410,900
2026-04-12T20:00:00+00:00,0.139590,900
2026-04-12T20:15:00+00:00,0.134700,900
2026-04-12T20:30:00+00:00,0.128720,900
2026-04-12T20:45:00+00:00,0.119420,900
2026-04-12T21:00:00+00:00,0.135050,900
2026-04-12T21:15:00+00:00,0.119330,900
2026-04-12T21:30:00+00:00,0.119420,900
2026-04-12T21:45:00+00:00,0.110230,900
2026-04-12T22:00:00+00:00,0.123330,900
2026-04-12T22:15:00+00:00,0.119380,900
2026-04-12T22:30:00+00:00,0.111990,900
2026-04-12T22:45:00+00:00,0.108390,900
2026-04-12T23:00:00+00:00,0.113290,900
2026-04-12T23:15:00+00:00,0.110600,900
2026-04-12T23:30:00+00:00,0.110000,900
2026-04-12T23:45:00+00:00,0.105290,900
2026-04-13T00:00:00+00:00,0.109200,900
2026-04-13T00:15:00+00:00,0.102680,900
2026-04-13T00:30:00+00:00,0.106990,900
2026-04-13T00:45:00+00:00,0.105980,900
2026-04-13T01:00:00+00:00,0.109280,900
2026-04-13T01:15:00+00:00,0.104840,900
2026-04-13T01:30:00+00:00,0.106920,900
2026-04-13T01:45:00+00:00,0.103810,900
2026-04-13T02:00:00+00:00,0.109160,900
2026-04-13T02:15:00+00:00,0.109530,900
2026-04-13T02:30:00+00:00,0.106400,900
2026-04-13T02:45:00+00:00,0.111100,900
2026-04-13T03:00:00+00:00,0.112640,900
2026-04-13T03:15:00+00:00,0.113800,900
2026-04-13T03:30:00+00:00,0.117490,900
2026-04-13T03:45:00+00:00,0.124080,900
2026-04-13T04:00:00+00:00,0.123400,900
2026-04-13T04:15:00+00:00,0.134100,900
2026-04-13T04:30:00+00:00,0.141820,900
2026-04-13T04:45:00+00:00,0.140380,900
2026-04-13T05:00:00+00:00,0.145160,900
2026-04-13T05:15:00+00:00,0.143420,900
2026-04-13T05:30:00+00:00,0.144220,900
2026-04-13T05:45:00+00:00,0.144550,900
2026-04-13T06:00:00+00:00,0.213310,900
2026-04-13T06:15:00+00:00,0.172100,900
2026-04-13T06:30:00+00:00,0.157430,900
2026-04-13T06:45:00+00:00,0.150620,900
2026-04-13T07:00:00+00:00,0.194220,900
2026-04-13T07:15:00+00:00,0.178660,900
2026-04-13T07:30:00+00:00,0.147570,900
2026-04-13T07:45:00+00:00,0.133770,900
2026-04-13T08:00:00+00:00,0.181690,900
2026-04-13T08:15:00+00:00,0.136350,900
2026-04-13T08:30:00+00:00,0.127530,900
2026-04-13T08:45:00+00:00,0.122060,900
2026-04-13T09:00:00+00:00,0.127950,900
2026-04-13T09:15:00+00:00,0.118750,900
2026-04-13T09:30:00+00:00,0.117660,900
2026-04-13T09:45:00+00:00,0.123300,900
2026-04-13T10:00:00+00:00,0.120340,900
2026-04-13T10:15:00+00:00,0.109040,900
2026-04-13T10:30:00+00:00,0.112480,900
2026-04-13T10:45:00+00:00,0.105450,900
2026-04-13T11:00:00+00:00,0.108240,900
2026-04-13T11:15:00+00:00,0.107170,900
2026-04-13T11:30:00+00:00,0.106540,900
2026-04-13T11:45:00+00:00,0.103740,900
2026-04-13T12:00:00+00:00,0.110310,900
2026-04-13T12:15:00+00:00,0.117620,900
2026-04-13T12:30:00+00:00,0.112920,900
2026-04-13T12:45:00+00:00,0.116190,900
2026-04-13T13:00:00+00:00,0.119420,900
2026-04-13T13:15:00+00:00,0.119010,900
2026-04-13T13:30:00+00:00,0.111150,900
2026-04-13T13:45:00+00:00,0.118190,900
2026-04-13T14:00:00+00:00,0.102050,900
2026-04-13T14:15:00+00:00,0.104310,900
2026-04-13T14:30:00+00:00,0.116890,900
2026-04-13T14:45:00+00:00,0.131430,900
2026-04-13T15:00:00+00:00,0.095200,900
2026-04-13T15:15:00+00:00,0.117500,900
2026-04-13T15:30:00+00:00,0.135790,900
2026-04-13T15:45:00+00:00,0.153400,900
2026-04-13T16:00:00+00:00,0.125690,900
2026-04-13T16:15:00+00:00,0.140260,900
2026-04-13T16:30:00+00:00,0.147070,900
2026-04-13T16:45:00+00:00,0.165480,900
2026-04-13T17:00:00+00:00,0.152450,900
2026-04-13T17:15:00+00:00,0.159190,900
2026-04-13T17:30:00+00:00,0.165030,900
2026-04-13T17:45:00+00:00,0.183120,900
2026-04-13T18:00:00+00:00,0.160370,900
2026-04-13T18:15:00+00:00,0.160100,900
2026-04-13T18:30:00+00:00,0.150590,900
2026-04-13T18:45:00+00:00,0.144000,900
2026-04-13T19:00:00+00:00,0.162500,900
2026-04-13T19:15:00+00:00,0.147300,900
2026-04-13T19:30:00+00:00,0.136180,900
2026-04-13T19:45:00+00:00,0.127150,900
2026-04-13T20:00:00+00:00,0.136870,900
2026-04-13T20:15:00+00:00,0.130970,900
2026-04-13T20:30:00+00:00,0.128560,900
2026-04-13T20:45:00+00:00,0.126390,900
2026-04-13T21:00:00+00:00,0.130980,900
2026-04-13T21:15:00+00:00,0.124460,900
2026-04-13T21:30:00+00:00,0.122100,900
2026-04-13T21:45:00+00:00,0.113380,900
2026-04-13T22:00:00+00:00,0.124130,900
2026-04-13T22:15:00+00:00,0.116690,900
2026-04-13T22:30:00+00:00,0.113720,900
2026-04-13T22:45:00+00:00,0.111440,900
2026-04-13T23:00:00+00:00,0.114130,900
2026-04-13T23:15:00+00:00,0.113800,900
2026-04-13T23:30:00+00:00,0.113320,900
2026-04-13T23:45:00+00:00,0.115670,900
2026-04-14T00:00:00+00:00,0.115600,900
2026-04-14T00:15:00+00:00,0.115530,900
2026-04-14T00:30:00+00:00,0.114930,900
2026-04-14T00:45:00+00:00,0.115960,900
2026-04-14T01:00:00+00:00,0.113530,900
2026-04-14T01:15:00+00:00,0.112590,900
2026-04-14T01:30:00+00:00,0.114260,900
2026-04-14T01:45:00+00:00,0.113840,900
2026-04-14T02:00:00+00:00,0.113330,900
2026-04-14T02:15:00+00:00,0.113630,900
2026-04-14T02:30:00+00:00,0.115400,900
2026-04-14T02:45:00+00:00,0.116240,900
2026-04-14T03:00:00+00:00,0.114650,900
2026-04-14T03:15:00+00:00,0.116730,900
2026-04-14T03:30:00+00:00,0.118000,900
2026-04-14T03:45:00+00:00,0.122800,900
2026-04-14T04:00:00+00:00,0.120100,900
2026-04-14T04:15:00+00:00,0.135530,900
2026-04-14T04:30:00+00:00,0.140710,900
2026-04-14T04:45:00+00:00,0.156820,900
2026-04-14T05:00:00+00:00,0.155570,900
2026-04-14T05:15:00+00:00,0.167620,900
2026-04-14T05:30:00+00:00,0.171860,900
2026-04-14T05:45:00+00:00,0.155560,900
2026-04-14T06:00:00+00:00,0.197950,900
2026-04-14T06:15:00+00:00,0.180780,900
2026-04-14T06:30:00+00:00,0.150380,900
2026-04-14T06:45:00+00:00,0.132020,900
2026-04-14T07:00:00+00:00,0.172430,900
2026-04-14T07:15:00+00:00,0.134760,900
2026-04-14T07:30:00+00:00,0.139920,900
2026-04-14T07:45:00+00:00,0.119350,900
2026-04-14T08:00:00+00:00,0.139300,900
2026-04-14T08:15:00+00:00,0.123920,900
2026-04-14T08:30:00+00:00,0.119000,900
2026-04-14T08:45:00+00:00,0.111140,900
2026-04-14T09:00:00+00:00,0.113340,900
2026-04-14T09:15:00+00:00,0.110600,900
2026-04-14T09:30:00+00:00,0.102910,900
2026-04-14T09:45:00+00:00,0.100300,900
2026-04-14T10:00:00+00:00,0.105790,900
2026-04-14T10:15:00+00:00,0.099660,900
2026-04-14T10:30:00+00:00,0.100220,900
2026-04-14T10:45:00+00:00,0.096250,900
2026-04-14T11:00:00+00:00,0.094220,900
2026-04-14T11:15:00+00:00,0.094020,900
2026-04-14T11:30:00+00:00,0.094780,900
2026-04-14T11:45:00+00:00,0.092960,900
2026-04-14T12:00:00+00:00,0.083510,900
2026-04-14T12:15:00+00:00,0.087620,900
2026-04-14T12:30:00+00:00,0.092690,900
2026-04-14T12:45:00+00:00,0.102820,900
2026-04-14T13:00:00+00:00,0.091230,900
2026-04-14T13:15:00+00:00,0.099510,900
2026-04-14T13:30:00+00:00,0.105660,900
2026-04-14T13:45:00+00:00,0.113250,900
2026-04-14T14:00:00+00:00,0.097950,900
2026-04-14T14:15:00+00:00,0.101390,900
2026-04-14T14:30:00+00:00,0.112790,900
2026-04-14T14:45:00+00:00,0.120190,900
2026-04-14T15:00:00+00:00,0.105200,900
2026-04-14T15:15:00+00:00,0.124550,900
2026-04-14T15:30:00+00:00,0.135470,900
2026-04-14T15:45:00+00:00,0.140960,900
2026-04-14T16:00:00+00:00,0.125580,900
2026-04-14T16:15:00+00:00,0.143350,900
2026-04-14T16:30:00+00:00,0.152570,900
2026-04-14T16:45:00+00:00,0.189580,900
2026-04-14T17:00:00+00:00,0.163970,900
2026-04-14T17:15:00+00:00,0.185470,900
2026-04-14T17:30:00+00:00,0.222100,900
2026-04-14T17:45:00+00:00,0.279060,900
2026-04-14T18:00:00+00:00,0.245920,900
2026-04-14T18:15:00+00:00,0.241180,900
2026-04-14T18:30:00+00:00,0.218780,900
2026-04-14T18:45:00+00:00,0.191450,900
2026-04-14T19:00:00+00:00,0.180180,900
2026-04-14T19:15:00+00:00,0.163960,900
2026-04-14T19:30:00+00:00,0.151290,900
2026-04-14T19:45:00+00:00,0.144520,900
2026-04-14T20:00:00+00:00,0.153040,900
2026-04-14T20:15:00+00:00,0.145310,900
2026-04-14T20:30:00+00:00,0.142180,900
2026-04-14T20:45:00+00:00,0.134470,900
2026-04-14T21:00:00+00:00,0.145040,900
2026-04-14T21:15:00+00:00,0.135870,900
2026-04-14T21:30:00+00:00,0.129500,900
2026-04-14T21:45:00+00:00,0.116680,900
2026-04-14T22:00:00+00:00,0.124500,900
2026-04-14T22:15:00+00:00,0.121690,900
2026-04-14T22:30:00+00:00,0.117750,900
2026-04-14T22:45:00+00:00,0.113980,900
2026-04-14T23:00:00+00:00,0.116860,900
2026-04-14T23:15:00+00:00,0.114910,900
2026-04-14T23:30:00+00:00,0.112010,900
2026-04-14T23:45:00+00:00,0.109460,900
2026-04-15T00:00:00+00:00,0.110760,900
2026-04-15T00:15:00+00:00,0.109190,900
2026-04-15T00:30:00+00:00,0.107400,900
2026-04-15T00:45:00+00:00,0.106700,900
2026-04-15T01:00:00+00:00,0.105920,900
2026-04-15T01:15:00+00:00,0.105810,900
2026-04-15T01:30:00+00:00,0.105790,900
2026-04-15T01:45:00+00:00,0.105770,900
2026-04-15T02:00:00+00:00,0.105910,900
2026-04-15T02:15:00+00:00,0.104960,900
2026-04-15T02:30:00+00:00,0.107020,900
2026-04-15T02:45:00+00:00,0.108600,900
2026-04-15T03:00:00+00:00,0.109780,900
2026-04-15T03:15:00+00:00,0.114250,900
2026-04-15T03:30:00+00:00,0.119020,900
2026-04-15T03:45:00+00:00,0.127430,900
2026-04-15T04:00:00+00:00,0.130750,900
2026-04-15T04:15:00+00:00,0.139900,900
2026-04-15T04:30:00+00:00,0.144060,900
2026-04-15T04:45:00+00:00,0.148610,900
2026-04-15T05:00:00+00:00,0.160130,900
2026-04-15T05:15:00+00:00,0.159890,900
2026-04-15T05:30:00+00:00,0.157170,900
2026-04-15T05:45:00+00:00,0.142450,900
2026-04-15T06:00:00+00:00,0.164500,900
2026-04-15T06:15:00+00:00,0.141880,900
2026-04-15T06:30:00+00:00,0.135770,900
2026-04-15T06:45:00+00:00,0.114250,900
2026-04-15T07:00:00+00:00,0.130000,900
2026-04-15T07:15:00+00:00,0.121940,900
2026-04-15T07:30:00+00:00,0.108940,900
2026-04-15T07:45:00+00:00,0.103110,900
2026-04-15T08:00:00+00:00,0.126000,900
2026-04-15T08:15:00+00:00,0.095080,900
2026-04-15T08:30:00+00:00,0.084380,900
2026-04-15T08:45:00+00:00,0.073590,900
2026-04-15T09:00:00+00:00,0.088070,900
2026-04-15T09:15:00+00:00,0.075120,900
2026-04-15T09:30:00+00:00,0.063850,900
2026-04-15T09:45:00+00:00,0.048710,900
2026-04-15T10:00:00+00:00,0.060260,900
2026-04-15T10:15:00+00:00,0.050050,900
2026-04-15T10:30:00+00:00,0.047500,900
2026-04-15T10:45:00+00:00,0.042190,900
2026-04-15T11:00:00+00:00,0.041060,900
2026-04-15T11:15:00+00:00,0.040660,900
2026-04-15T11:30:00+00:00,0.041960,900
2026-04-15T11:45:00+00:00,0.045910,900
2026-04-15T12:00:00+00:00,0.034980,900
2026-04-15T12:15:00+00:00,0.053490,900
2026-04-15T12:30:00+00:00,0.063970,900
2026-04-15T12:45:00+00:00,0.075370,900
2026-04-15T13:00:00+00:00,0.056710,900
2026-04-15T13:15:00+00:00,0.066190,900
2026-04-15T13:30:00+00:00,0.074890,900
2026-04-15T13:45:00+00:00,0.084440,900
2026-04-15T14:00:00+00:00,0.074770,900
2026-04-15T14:15:00+00:00,0.085250,900
2026-04-15T14:30:00+00:00,0.092430,900
2026-04-15T14:45:00+00:00,0.098260,900
2026-04-15T15:00:00+00:00,0.096340,900
2026-04-15T15:15:00+00:00,0.104660,900
2026-04-15T15:30:00+00:00,0.116600,900
2026-04-15T15:45:00+00:00,0.126830,900
2026-04-15T16:00:00+00:00,0.114660,900
2026-04-15T16:15:00+00:00,0.121600,900
2026-04-15T16:30:00+00:00,0.133690,900
2026-04-15T16:45:00+00:00,0.148650,900
2026-04-15T17:00:00+00:00,0.146490,900
2026-04-15T17:15:00+00:00,0.161090,900
2026-04-15T17:30:00+00:00,0.165320,900
2026-04-15T17:45:00+00:00,0.190210,900
2026-04-15T18:00:00+00:00,0.188660,900
2026-04-15T18:15:00+00:00,0.177520,900
2026-04-15T18:30:00+00:00,0.172380,900
2026-04-15T18:45:00+00:00,0.152240,900
2026-04-15T19:00:00+00:00,0.166070,900
2026-04-15T19:15:00+00:00,0.146890,900
2026-04-15T19:30:00+00:00,0.139970,900
2026-04-15T19:45:00+00:00,0.125730,900
2026-04-15T20:00:00+00:00,0.140370,900
2026-04-15T20:15:00+00:00,0.132580,900
2026-04-15T20:30:00+00:00,0.126760,900
2026-04-15T20:45:00+00:00,0.123150,900
2026-04-15T21:00:00+00:00,0.130110,900
2026-04-15T21:15:00+00:00,0.120710,900
2026-04-15T21:30:00+00:00,0.112290,900
2026-04-15T21:45:00+00:00,0.103400,900
2026-04-15T22:00:00+00:00,0.111260,900
2026-04-15T22:15:00+00:00,0.107130,900
2026-04-15T22:30:00+00:00,0.102380,900
2026-04-15T22:45:00+00:00,0.099010,900
2026-04-15T23:00:00+00:00,0.103080,900
2026-04-15T23:15:00+00:00,0.099690,900
2026-04-15T23:30:00+00:00,0.099190,900
2026-04-15T23:45:00+00:00,0.098450,900
2026-04-16T00:00:00+00:00,0.098640,900
2026-04-16T00:15:00+00:00,0.097970,900
2026-04-16T00:30:00+00:00,0.097890,900
2026-04-16T00:45:00+00:00,0.095760,900
2026-04-16T01:00:00+00:00,0.096050,900
2026-04-16T01:15:00+00:00,0.096300,900
2026-04-16T01:30:00+00:00,0.098010,900
2026-04-16T01:45:00+00:00,0.096200,900
2026-04-16T02:00:00+00:00,0.095110,900
2026-04-16T02:15:00+00:00,0.097290,900
2026-04-16T02:30:00+00:00,0.100980,900
2026-04-16T02:45:00+00:00,0.104100,900
2026-04-16T03:00:00+00:00,0.098120,900
2026-04-16T03:15:00+00:00,0.101690,900
2026-04-16T03:30:00+00:00,0.109220,900
2026-04-16T03:45:00+00:00,0.120510,900
2026-04-16T04:00:00+00:00,0.121150,900
2026-04-16T04:15:00+00:00,0.130870,900
2026-04-16T04:30:00+00:00,0.137940,900
2026-04-16T04:45:00+00:00,0.149640,900
2026-04-16T05:00:00+00:00,0.146070,900
2026-04-16T05:15:00+00:00,0.146400,900
2026-04-16T05:30:00+00:00,0.141410,900
2026-04-16T05:45:00+00:00,0.133420,900
2026-04-16T06:00:00+00:00,0.159650,900
2026-04-16T06:15:00+00:00,0.139510,900
2026-04-16T06:30:00+00:00,0.128530,900
2026-04-16T06:45:00+00:00,0.101970,900
2026-04-16T07:00:00+00:00,0.123460,900
2026-04-16T07:15:00+00:00,0.109990,900
2026-04-16T07:30:00+00:00,0.102590,900
2026-04-16T07:45:00+00:00,0.102400,900
2026-04-16T08:00:00+00:00,0.120190,900
2026-04-16T08:15:00+00:00,0.097500,900
2026-04-16T08:30:00+00:00,0.086160,900
2026-04-16T08:45:00+00:00,0.060870,900
2026-04-16T09:00:00+00:00,0.086950,900
2026-04-16T09:15:00+00:00,0.074140,900
2026-04-16T09:30:00+00:00,0.058530,900
2026-04-16T09:45:00+00:00,0.045620,900
2026-04-16T10:00:00+00:00,0.072150,900
2026-04-16T10:15:00+00:00,0.056290,900
2026-04-16T10:30:00+00:00,0.048470,900
2026-04-16T10:45:00+00:00,0.037940,900
2026-04-16T11:00:00+00:00,0.050000,900
2026-04-16T11:15:00+00:00,0.043710,900
2026-04-16T11:30:00+00:00,0.036660,900
2026-04-16T11:45:00+00:00,0.029640,900
2026-04-16T12:00:00+00:00,0.031580,900
2026-04-16T12:15:00+00:00,0.043000,900
2026-04-16T12:30:00+00:00,0.052080,900
2026-04-16T12:45:00+00:00,0.058990,900
2026-04-16T13:00:00+00:00,0.046050,900
2026-04-16T13:15:00+00:00,0.056010,900
2026-04-16T13:30:00+00:00,0.066190,900
2026-04-16T13:45:00+00:00,0.079000,900
2026-04-16T14:00:00+00:00,0.057180,900
2026-04-16T14:15:00+00:00,0.076040,900
2026-04-16T14:30:00+00:00,0.088520,900
2026-04-16T14:45:00+00:00,0.094260,900
2026-04-16T15:00:00+00:00,0.085140,900
2026-04-16T15:15:00+00:00,0.100010,900
2026-04-16T15:30:00+00:00,0.117350,900
2026-04-16T15:45:00+00:00,0.121660,900
2026-04-16T16:00:00+00:00,0.095440,900
2026-04-16T16:15:00+00:00,0.120680,900
2026-04-16T16:30:00+00:00,0.132310,900
2026-04-16T16:45:00+00:00,0.147570,900
2026-04-16T17:00:00+00:00,0.130600,900
2026-04-16T17:15:00+00:00,0.148390,900
2026-04-16T17:30:00+00:00,0.162590,900
2026-04-16T17:45:00+00:00,0.197380,900
2026-04-16T18:00:00+00:00,0.185170,900
2026-04-16T18:15:00+00:00,0.187930,900
2026-04-16T18:30:00+00:00,0.179490,900
2026-04-16T18:45:00+00:00,0.170060,900
2026-04-16T19:00:00+00:00,0.169500,900
2026-04-16T19:15:00+00:00,0.157550,900
2026-04-16T19:30:00+00:00,0.144540,900
2026-04-16T19:45:00+00:00,0.135200,900
2026-04-16T20:00:00+00:00,0.148670,900
2026-04-16T20:15:00+00:00,0.139510,900
2026-04-16T20:30:00+00:00,0.134870,900
2026-04-16T20:45:00+00:00,0.125990,900
2026-04-16T21:00:00+00:00,0.132570,900
2026-04-16T21:15:00+00:00,0.127050,900
2026-04-16T21:30:00+00:00,0.124580,900
2026-04-16T21:45:00+00:00,0.118460,900
2026-04-16T22:00:00+00:00,0.128480,900
2026-04-16T22:15:00+00:00,0.123410,900
2026-04-16T22:30:00+00:00,0.118370,900
2026-04-16T22:45:00+00:00,0.115940,900
2026-04-16T23:00:00+00:00,0.118000,900
2026-04-16T23:15:00+00:00,0.117060,900
2026-04-16T23:30:00+00:00,0.113960,900
2026-04-16T23:45:00+00:00,0.112770,900
2026-04-17T00:00:00+00:00,0.113040,900
2026-04-17T00:15:00+00:00,0.112770,900
2026-04-17T00:30:00+00:00,0.112310,900
2026-04-17T00:45:00+00:00,0.112010,900
2026-04-17T01:00:00+00:00,0.109220,900
2026-04-17T01:15:00+00:00,0.107670,900
2026-04-17T01:30:00+00:00,0.108100,900
2026-04-17T01:45:00+00:00,0.107910,900
2026-04-17T02:00:00+00:00,0.109710,900
2026-04-17T02:15:00+00:00,0.109580,900
2026-04-17T02:30:00+00:00,0.110750,900
2026-04-17T02:45:00+00:00,0.112650,900
2026-04-17T03:00:00+00:00,0.108150,900
2026-04-17T03:15:00+00:00,0.112690,900
2026-04-17T03:30:00+00:00,0.118940,900
2026-04-17T03:45:00+00:00,0.135960,900
2026-04-17T04:00:00+00:00,0.128340,900
2026-04-17T04:15:00+00:00,0.147960,900
2026-04-17T04:30:00+00:00,0.146540,900
2026-04-17T04:45:00+00:00,0.151700,900
2026-04-17T05:00:00+00:00,0.154950,900
2026-04-17T05:15:00+00:00,0.149010,900
2026-04-17T05:30:00+00:00,0.146020,900
2026-04-17T05:45:00+00:00,0.133950,900
2026-04-17T06:00:00+00:00,0.153450,900
2026-04-17T06:15:00+00:00,0.134120,900
2026-04-17T06:30:00+00:00,0.118750,900
2026-04-17T06:45:00+00:00,0.097330,900
2026-04-17T07:00:00+00:00,0.123020,900
2026-04-17T07:15:00+00:00,0.106600,900
2026-04-17T07:30:00+00:00,0.093680,900
2026-04-17T07:45:00+00:00,0.092890,900
2026-04-17T08:00:00+00:00,0.116370,900
2026-04-17T08:15:00+00:00,0.107300,900
2026-04-17T08:30:00+00:00,0.097160,900
2026-04-17T08:45:00+00:00,0.061090,900
2026-04-17T09:00:00+00:00,0.106010,900
2026-04-17T09:15:00+00:00,0.079270,900
2026-04-17T09:30:00+00:00,0.059760,900
2026-04-17T09:45:00+00:00,0.037980,900
2026-04-17T10:00:00+00:00,0.066620,900
2026-04-17T10:15:00+00:00,0.047330,900
2026-04-17T10:30:00+00:00,0.034460,900
2026-04-17T10:45:00+00:00,0.033960,900
2026-04-17T11:00:00+00:00,0.036720,900
2026-04-17T11:15:00+00:00,0.036840,900
2026-04-17T11:30:00+00:00,0.038570,900
2026-04-17T11:45:00+00:00,0.043490,900
2026-04-17T12:00:00+00:00,0.030620,900
2026-04-17T12:15:00+00:00,0.038200,900
2026-04-17T12:30:00+00:00,0.050100,900
2026-04-17T12:45:00+00:00,0.068920,900
2026-04-17T13:00:00+00:00,0.028390,900
2026-04-17T13:15:00+00:00,0.051460,900
2026-04-17T13:30:00+00:00,0.080570,900
2026-04-17T13:45:00+00:00,0.100000,900
2026-04-17T14:00:00+00:00,0.058690,900
2026-04-17T14:15:00+00:00,0.078310,900
2026-04-17T14:30:00+00:00,0.088130,900
2026-04-17T14:45:00+00:00,0.100840,900
2026-04-17T15:00:00+00:00,0.102280,900
2026-04-17T15:15:00+00:00,0.099910,900
2026-04-17T15:30:00+00:00,0.104960,900
2026-04-17T15:45:00+00:00,0.106930,900
2026-04-17T16:00:00+00:00,0.112180,900
2026-04-17T16:15:00+00:00,0.111870,900
2026-04-17T16:30:00+00:00,0.124590,900
2026-04-17T16:45:00+00:00,0.132400,900
2026-04-17T17:00:00+00:00,0.131640,900
2026-04-17T17:15:00+00:00,0.139780,900
2026-04-17T17:30:00+00:00,0.152460,900
2026-04-17T17:45:00+00:00,0.178160,900
2026-04-17T18:00:00+00:00,0.161830,900
2026-04-17T18:15:00+00:00,0.157940,900
2026-04-17T18:30:00+00:00,0.150100,900
2026-04-17T18:45:00+00:00,0.143240,900
2026-04-17T19:00:00+00:00,0.152700,900
2026-04-17T19:15:00+00:00,0.139560,900
2026-04-17T19:30:00+00:00,0.134030,900
2026-04-17T19:45:00+00:00,0.121050,900
2026-04-17T20:00:00+00:00,0.134380,900
2026-04-17T20:15:00+00:00,0.123950,900
2026-04-17T20:30:00+00:00,0.118760,900
2026-04-17T20:45:00+00:00,0.113290,900
2026-04-17T21:00:00+00:00,0.115480,900
2026-04-17T21:15:00+00:00,0.112630,900
2026-04-17T21:30:00+00:00,0.109670,900
2026-04-17T21:45:00+00:00,0.108080,900
2026-04-17T22:00:00+00:00,0.121220,900
2026-04-17T22:15:00+00:00,0.116600,900
2026-04-17T22:30:00+00:00,0.109670,900
2026-04-17T22:45:00+00:00,0.107610,900
2026-04-17T23:00:00+00:00,0.111460,900
2026-04-17T23:15:00+00:00,0.108860,900
2026-04-17T23:30:00+00:00,0.108090,900
2026-04-17T23:45:00+00:00,0.104870,900
2026-04-18T00:00:00+00:00,0.107010,900
2026-04-18T00:15:00+00:00,0.105910,900
2026-04-18T00:30:00+00:00,0.106440,900
2026-04-18T00:45:00+00:00,0.105810,900
2026-04-18T01:00:00+00:00,0.104640,900
2026-04-18T01:15:00+00:00,0.103460,900
2026-04-18T01:30:00+00:00,0.103500,900
2026-04-18T01:45:00+00:00,0.103470,900
2026-04-18T02:00:00+00:00,0.103630,900
2026-04-18T02:15:00+00:00,0.104200,900
2026-04-18T02:30:00+00:00,0.104420,900
2026-04-18T02:45:00+00:00,0.105750,900
2026-04-18T03:00:00+00:00,0.106100,900
2026-04-18T03:15:00+00:00,0.105840,900
2026-04-18T03:30:00+00:00,0.107300,900
2026-04-18T03:45:00+00:00,0.106900,900
2026-04-18T04:00:00+00:00,0.108180,900
2026-04-18T04:15:00+00:00,0.107720,900
2026-04-18T04:30:00+00:00,0.109800,900
2026-04-18T04:45:00+00:00,0.102620,900
2026-04-18T05:00:00+00:00,0.106250,900
2026-04-18T05:15:00+00:00,0.107900,900
2026-04-18T05:30:00+00:00,0.107580,900
2026-04-18T05:45:00+00:00,0.094210,900
2026-04-18T06:00:00+00:00,0.105820,900
2026-04-18T06:15:00+00:00,0.104260,900
2026-04-18T06:30:00+00:00,0.102410,900
2026-04-18T06:45:00+00:00,0.094160,900
2026-04-18T07:00:00+00:00,0.101670,900
2026-04-18T07:15:00+00:00,0.100000,900
2026-04-18T07:30:00+00:00,0.085950,900
2026-04-18T07:45:00+00:00,0.060100,900
2026-04-18T08:00:00+00:00,0.117970,900
2026-04-18T08:15:00+00:00,0.065140,900
2026-04-18T08:30:00+00:00,0.036110,900
2026-04-18T08:45:00+00:00,0.033060,900
2026-04-18T09:00:00+00:00,0.041400,900
2026-04-18T09:15:00+00:00,0.040940,900
2026-04-18T09:30:00+00:00,0.041430,900
2026-04-18T09:45:00+00:00,0.040100,900
2026-04-18T10:00:00+00:00,0.033020,900
2026-04-18T10:15:00+00:00,0.033090,900
2026-04-18T10:30:00+00:00,0.030870,900
2026-04-18T10:45:00+00:00,0.031420,900
2026-04-18T11:00:00+00:00,0.033640,900
2026-04-18T11:15:00+00:00,0.033010,900
2026-04-18T11:30:00+00:00,0.034840,900
2026-04-18T11:45:00+00:00,0.034670,900
2026-04-18T12:00:00+00:00,0.033500,900
2026-04-18T12:15:00+00:00,0.033600,900
2026-04-18T12:30:00+00:00,0.034780,900
2026-04-18T12:45:00+00:00,0.037150,900
2026-04-18T13:00:00+00:00,0.019980,900
2026-04-18T13:15:00+00:00,0.028550,900
2026-04-18T13:30:00+00:00,0.043920,900
2026-04-18T13:45:00+00:00,0.041840,900
2026-04-18T14:00:00+00:00,0.025050,900
2026-04-18T14:15:00+00:00,0.050170,900
2026-04-18T14:30:00+00:00,0.084140,900
2026-04-18T14:45:00+00:00,0.105840,900
2026-04-18T15:00:00+00:00,0.070620,900
2026-04-18T15:15:00+00:00,0.085810,900
2026-04-18T15:30:00+00:00,0.102380,900
2026-04-18T15:45:00+00:00,0.110000,900
2026-04-18T16:00:00+00:00,0.106070,900
2026-04-18T16:15:00+00:00,0.111950,900
2026-04-18T16:30:00+00:00,0.122360,900
2026-04-18T16:45:00+00:00,0.129990,900
2026-04-18T17:00:00+00:00,0.114850,900
2026-04-18T17:15:00+00:00,0.128170,900
2026-04-18T17:30:00+00:00,0.138390,900
2026-04-18T17:45:00+00:00,0.143220,900
2026-04-18T18:00:00+00:00,0.140100,900
2026-04-18T18:15:00+00:00,0.146710,900
2026-04-18T18:30:00+00:00,0.146890,900
2026-04-18T18:45:00+00:00,0.143010,900
2026-04-18T19:00:00+00:00,0.150270,900
2026-04-18T19:15:00+00:00,0.140940,900
2026-04-18T19:30:00+00:00,0.130750,900
2026-04-18T19:45:00+00:00,0.128980,900
2026-04-18T20:00:00+00:00,0.126920,900
2026-04-18T20:15:00+00:00,0.126190,900
2026-04-18T20:30:00+00:00,0.123080,900
2026-04-18T20:45:00+00:00,0.122520,900
2026-04-18T21:00:00+00:00,0.126490,900
2026-04-18T21:15:00+00:00,0.122860,900
2026-04-18T21:30:00+00:00,0.121910,900
2026-04-18T21:45:00+00:00,0.114600,900
2026-04-18T22:00:00+00:00,0.122020,900
2026-04-18T22:15:00+00:00,0.114640,900
2026-04-18T22:30:00+00:00,0.113390,900
2026-04-18T22:45:00+00:00,0.111920,900
2026-04-18T23:00:00+00:00,0.112280,900
2026-04-18T23:15:00+00:00,0.103570,900
2026-04-18T23:30:00+00:00,0.104140,900
2026-04-18T23:45:00+00:00,0.100900,900
2026-04-19T00:00:00+00:00,0.111680,900
2026-04-19T00:15:00+00:00,0.109980,900
2026-04-19T00:30:00+00:00,0.108860,900
2026-04-19T00:45:00+00:00,0.106270,900
2026-04-19T01:00:00+00:00,0.108360,900
2026-04-19T01:15:00+00:00,0.105390,900
2026-04-19T01:30:00+00:00,0.100870,900
2026-04-19T01:45:00+00:00,0.098370,900
2026-04-19T02:00:00+00:00,0.105540,900
2026-04-19T02:15:00+00:00,0.105400,900
2026-04-19T02:30:00+00:00,0.102200,900
2026-04-19T02:45:00+00:00,0.100710,900
2026-04-19T03:00:00+00:00,0.097410,900
2026-04-19T03:15:00+00:00,0.096870,900
2026-04-19T03:30:00+00:00,0.097910,900
2026-04-19T03:45:00+00:00,0.099610,900
2026-04-19T04:00:00+00:00,0.099200,900
2026-04-19T04:15:00+00:00,0.098820,900
2026-04-19T04:30:00+00:00,0.103890,900
2026-04-19T04:45:00+00:00,0.100920,900
2026-04-19T05:00:00+00:00,0.104690,900
2026-04-19T05:15:00+00:00,0.100440,900
2026-04-19T05:30:00+00:00,0.096070,900
2026-04-19T05:45:00+00:00,0.090530,900
2026-04-19T06:00:00+00:00,0.112550,900
2026-04-19T06:15:00+00:00,0.100220,900
2026-04-19T06:30:00+00:00,0.092150,900
2026-04-19T06:45:00+00:00,0.084090,900
2026-04-19T07:00:00+00:00,0.099070,900
2026-04-19T07:15:00+00:00,0.086440,900
2026-04-19T07:30:00+00:00,0.086370,900
2026-04-19T07:45:00+00:00,0.078760,900
2026-04-19T08:00:00+00:00,0.078270,900
2026-04-19T08:15:00+00:00,0.066850,900
2026-04-19T08:30:00+00:00,0.058010,900
2026-04-19T08:45:00+00:00,0.042140,900
2026-04-19T09:00:00+00:00,0.045750,900
2026-04-19T09:15:00+00:00,0.036120,900
2026-04-19T09:30:00+00:00,0.021710,900
2026-04-19T09:45:00+00:00,0.009680,900
2026-04-19T10:00:00+00:00,0.030910,900
2026-04-19T10:15:00+00:00,0.001320,900
2026-04-19T10:30:00+00:00,0.000000,900
2026-04-19T10:45:00+00:00,-0.000010,900
2026-04-19T11:00:00+00:00,0.000000,900
2026-04-19T11:15:00+00:00,-0.000090,900
2026-04-19T11:30:00+00:00,-0.001200,900
2026-04-19T11:45:00+00:00,-0.002100,900
2026-04-19T12:00:00+00:00,-0.002100,900
2026-04-19T12:15:00+00:00,-0.002490,900
2026-04-19T12:30:00+00:00,-0.003040,900
2026-04-19T12:45:00+00:00,-0.004390,900
2026-04-19T13:00:00+00:00,-0.003210,900
2026-04-19T13:15:00+00:00,-0.002800,900
2026-04-19T13:30:00+00:00,-0.002010,900
2026-04-19T13:45:00+00:00,-0.001000,900
2026-04-19T14:00:00+00:00,-0.001310,900
2026-04-19T14:15:00+00:00,-0.000630,900
2026-04-19T14:30:00+00:00,0.011500,900
2026-04-19T14:45:00+00:00,0.044360,900
2026-04-19T15:00:00+00:00,0.024750,900
2026-04-19T15:15:00+00:00,0.059450,900
2026-04-19T15:30:00+00:00,0.078220,900
2026-04-19T15:45:00+00:00,0.098900,900
2026-04-19T16:00:00+00:00,0.085350,900
2026-04-19T16:15:00+00:00,0.097520,900
2026-04-19T16:30:00+00:00,0.110050,900
2026-04-19T16:45:00+00:00,0.122500,900
2026-04-19T17:00:00+00:00,0.110730,900
2026-04-19T17:15:00+00:00,0.115840,900
2026-04-19T17:30:00+00:00,0.118780,900
2026-04-19T17:45:00+00:00,0.121880,900
2026-04-19T18:00:00+00:00,0.120370,900
2026-04-19T18:15:00+00:00,0.124470,900
2026-04-19T18:30:00+00:00,0.126330,900
2026-04-19T18:45:00+00:00,0.127400,900
2026-04-19T19:00:00+00:00,0.129600,900
2026-04-19T19:15:00+00:00,0.121480,900
2026-04-19T19:30:00+00:00,0.119120,900
2026-04-19T19:45:00+00:00,0.118360,900
2026-04-19T20:00:00+00:00,0.121740,900
2026-04-19T20:15:00+00:00,0.119480,900
2026-04-19T20:30:00+00:00,0.119940,900
2026-04-19T20:45:00+00:00,0.115090,900
2026-04-19T21:00:00+00:00,0.115610,900
2026-04-19T21:15:00+00:00,0.111970,900
2026-04-19T21:30:00+00:00,0.110860,900
2026-04-19T21:45:00+00:00,0.106760,900
2026-04-19T22:00:00+00:00,0.125000,900
2026-04-19T22:15:00+00:00,0.110800,900
2026-04-19T22:30:00+00:00,0.106840,900
2026-04-19T22:45:00+00:00,0.107090,900
2026-04-19T23:00:00+00:00,0.107280,900
2026-04-19T23:15:00+00:00,0.104140,900
2026-04-19T23:30:00+00:00,0.104100,900
2026-04-19T23:45:00+00:00,0.100900,900
2026-04-20T00:00:00+00:00,0.107780,900
2026-04-20T00:15:00+00:00,0.103590,900
2026-04-20T00:30:00+00:00,0.103570,900
2026-04-20T00:45:00+00:00,0.102680,900
2026-04-20T01:00:00+00:00,0.102790,900
2026-04-20T01:15:00+00:00,0.102130,900
2026-04-20T01:30:00+00:00,0.102860,900
2026-04-20T01:45:00+00:00,0.101160,900
2026-04-20T02:00:00+00:00,0.101110,900
2026-04-20T02:15:00+00:00,0.101320,900
2026-04-20T02:30:00+00:00,0.102260,900
2026-04-20T02:45:00+00:00,0.109380,900
2026-04-20T03:00:00+00:00,0.093630,900
2026-04-20T03:15:00+00:00,0.103200,900
2026-04-20T03:30:00+00:00,0.111100,900
2026-04-20T03:45:00+00:00,0.125870,900
2026-04-20T04:00:00+00:00,0.109010,900
2026-04-20T04:15:00+00:00,0.122210,900
2026-04-20T04:30:00+00:00,0.135210,900
2026-04-20T04:45:00+00:00,0.129570,900
2026-04-20T05:00:00+00:00,0.157470,900
2026-04-20T05:15:00+00:00,0.171700,900
2026-04-20T05:30:00+00:00,0.159540,900
2026-04-20T05:45:00+00:00,0.136390,900
2026-04-20T06:00:00+00:00,0.200950,900
2026-04-20T06:15:00+00:00,0.152520,900
2026-04-20T06:30:00+00:00,0.127170,900
2026-04-20T06:45:00+00:00,0.114100,900
2026-04-20T07:00:00+00:00,0.173270,900
2026-04-20T07:15:00+00:00,0.121670,900
2026-04-20T07:30:00+00:00,0.102310,900
2026-04-20T07:45:00+00:00,0.080680,900
2026-04-20T08:00:00+00:00,0.123370,900
2026-04-20T08:15:00+00:00,0.094780,900
2026-04-20T08:30:00+00:00,0.090630,900
2026-04-20T08:45:00+00:00,0.079730,900
2026-04-20T09:00:00+00:00,0.101490,900
2026-04-20T09:15:00+00:00,0.087430,900
2026-04-20T09:30:00+00:00,0.076730,900
2026-04-20T09:45:00+00:00,0.056910,900
2026-04-20T10:00:00+00:00,0.073640,900
2026-04-20T10:15:00+00:00,0.051710,900
2026-04-20T10:30:00+00:00,0.045130,900
2026-04-20T10:45:00+00:00,0.034250,900
2026-04-20T11:00:00+00:00,0.047140,900
2026-04-20T11:15:00+00:00,0.040000,900
2026-04-20T11:30:00+00:00,0.034600,900
2026-04-20T11:45:00+00:00,0.029590,900
2026-04-20T12:00:00+00:00,0.022940,900
2026-04-20T12:15:00+00:00,0.029900,900
2026-04-20T12:30:00+00:00,0.040810,900
2026-04-20T12:45:00+00:00,0.053780,900
2026-04-20T13:00:00+00:00,0.042560,900
2026-04-20T13:15:00+00:00,0.058300,900
2026-04-20T13:30:00+00:00,0.071300,900
2026-04-20T13:45:00+00:00,0.083330,900
2026-04-20T14:00:00+00:00,0.061170,900
2026-04-20T14:15:00+00:00,0.068400,900
2026-04-20T14:30:00+00:00,0.078930,900
2026-04-20T14:45:00+00:00,0.091640,900
2026-04-20T15:00:00+00:00,0.081590,900
2026-04-20T15:15:00+00:00,0.087730,900
2026-04-20T15:30:00+00:00,0.107990,900
2026-04-20T15:45:00+00:00,0.125360,900
2026-04-20T16:00:00+00:00,0.103640,900
2026-04-20T16:15:00+00:00,0.119180,900
2026-04-20T16:30:00+00:00,0.118170,900
2026-04-20T16:45:00+00:00,0.130010,900
2026-04-20T17:00:00+00:00,0.118480,900
2026-04-20T17:15:00+00:00,0.122560,900
2026-04-20T17:30:00+00:00,0.132710,900
2026-04-20T17:45:00+00:00,0.157610,900
2026-04-20T18:00:00+00:00,0.129230,900
2026-04-20T18:15:00+00:00,0.130080,900
2026-04-20T18:30:00+00:00,0.128380,900
2026-04-20T18:45:00+00:00,0.129730,900
2026-04-20T19:00:00+00:00,0.130050,900
2026-04-20T19:15:00+00:00,0.123020,900
2026-04-20T19:30:00+00:00,0.121270,900
2026-04-20T19:45:00+00:00,0.118980,900
2026-04-20T20:00:00+00:00,0.119280,900
2026-04-20T20:15:00+00:00,0.113850,900
2026-04-20T20:30:00+00:00,0.116120,900
2026-04-20T20:45:00+00:00,0.105800,900
2026-04-20T21:00:00+00:00,0.109900,900
2026-04-20T21:15:00+00:00,0.100130,900
2026-04-20T21:30:00+00:00,0.097310,900
2026-04-20T21:45:00+00:00,0.089090,900
2026-04-20T22:00:00+00:00,0.101590,900
2026-04-20T22:15:00+00:00,0.099820,900
2026-04-20T22:30:00+00:00,0.098600,900
2026-04-20T22:45:00+00:00,0.091670,900
2026-04-20T23:00:00+00:00,0.095870,900
2026-04-20T23:15:00+00:00,0.092300,900
2026-04-20T23:30:00+00:00,0.096270,900
2026-04-20T23:45:00+00:00,0.092060,900
2026-04-21T00:00:00+00:00,0.091980,900
2026-04-21T00:15:00+00:00,0.091980,900
2026-04-21T00:30:00+00:00,0.093220,900
2026-04-21T00:45:00+00:00,0.092930,900
2026-04-21T01:00:00+00:00,0.092300,900
2026-04-21T01:15:00+00:00,0.092550,900
2026-04-21T01:30:00+00:00,0.092870,900
2026-04-21T01:45:00+00:00,0.101710,900
2026-04-21T02:00:00+00:00,0.091580,900
2026-04-21T02:15:00+00:00,0.095100,900
2026-04-21T02:30:00+00:00,0.094770,900
2026-04-21T02:45:00+00:00,0.098640,900
2026-04-21T03:00:00+00:00,0.088410,900
2026-04-21T03:15:00+00:00,0.091450,900
2026-04-21T03:30:00+00:00,0.097880,900
2026-04-21T03:45:00+00:00,0.103640,900
2026-04-21T04:00:00+00:00,0.105560,900
2026-04-21T04:15:00+00:00,0.116480,900
2026-04-21T04:30:00+00:00,0.119100,900
2026-04-21T04:45:00+00:00,0.126900,900
2026-04-21T05:00:00+00:00,0.140930,900
2026-04-21T05:15:00+00:00,0.139140,900
2026-04-21T05:30:00+00:00,0.128510,900
2026-04-21T05:45:00+00:00,0.117320,900
2026-04-21T06:00:00+00:00,0.141140,900
2026-04-21T06:15:00+00:00,0.124120,900
2026-04-21T06:30:00+00:00,0.115070,900
2026-04-21T06:45:00+00:00,0.095460,900
2026-04-21T07:00:00+00:00,0.132480,900
2026-04-21T07:15:00+00:00,0.111000,900
2026-04-21T07:30:00+00:00,0.085830,900
2026-04-21T07:45:00+00:00,0.053980,900
2026-04-21T08:00:00+00:00,0.081070,900
2026-04-21T08:15:00+00:00,0.071460,900
2026-04-21T08:30:00+00:00,0.048180,900
2026-04-21T08:45:00+00:00,0.015730,900
2026-04-21T09:00:00+00:00,0.038810,900
2026-04-21T09:15:00+00:00,0.022210,900
2026-04-21T09:30:00+00:00,0.010750,900
2026-04-21T09:45:00+00:00,0.000010,900
2026-04-21T10:00:00+00:00,0.000000,900
2026-04-21T10:15:00+00:00,-0.002030,900
2026-04-21T10:30:00+00:00,-0.002050,900
2026-04-21T10:45:00+00:00,-0.002310,900
2026-04-21T11:00:00+00:00,-0.004000,900
2026-04-21T11:15:00+00:00,-0.007040,900
2026-04-21T11:30:00+00:00,-0.007040,900
2026-04-21T11:45:00+00:00,-0.007040,900
2026-04-21T12:00:00+00:00,-0.009900,900
2026-04-21T12:15:00+00:00,-0.009020,900
2026-04-21T12:30:00+00:00,-0.007050,900
2026-04-21T12:45:00+00:00,-0.006520,900
2026-04-21T13:00:00+00:00,-0.005100,900
2026-04-21T13:15:00+00:00,-0.004000,900
2026-04-21T13:30:00+00:00,-0.002080,900
2026-04-21T13:45:00+00:00,-0.002040,900
2026-04-21T14:00:00+00:00,-0.002060,900
2026-04-21T14:15:00+00:00,-0.001400,900
2026-04-21T14:30:00+00:00,0.000000,900
2026-04-21T14:45:00+00:00,0.037040,900
2026-04-21T15:00:00+00:00,0.024210,900
2026-04-21T15:15:00+00:00,0.053690,900
2026-04-21T15:30:00+00:00,0.075560,900
2026-04-21T15:45:00+00:00,0.091160,900
2026-04-21T16:00:00+00:00,0.072460,900
2026-04-21T16:15:00+00:00,0.082840,900
2026-04-21T16:30:00+00:00,0.105940,900
2026-04-21T16:45:00+00:00,0.121290,900
2026-04-21T17:00:00+00:00,0.102410,900
2026-04-21T17:15:00+00:00,0.117210,900
2026-04-21T17:30:00+00:00,0.125170,900
2026-04-21T17:45:00+00:00,0.140650,900
2026-04-21T18:00:00+00:00,0.137130,900
2026-04-21T18:15:00+00:00,0.134020,900
2026-04-21T18:30:00+00:00,0.129700,900
2026-04-21T18:45:00+00:00,0.121540,900
2026-04-21T19:00:00+00:00,0.132960,900
2026-04-21T19:15:00+00:00,0.122150,900
2026-04-21T19:30:00+00:00,0.115270,900
2026-04-21T19:45:00+00:00,0.113500,900
2026-04-21T20:00:00+00:00,0.118530,900
2026-04-21T20:15:00+00:00,0.113930,900
2026-04-21T20:30:00+00:00,0.113230,900
2026-04-21T20:45:00+00:00,0.108900,900
2026-04-21T21:00:00+00:00,0.106050,900
2026-04-21T21:15:00+00:00,0.105540,900
2026-04-21T21:30:00+00:00,0.100190,900
2026-04-21T21:45:00+00:00,0.095740,900
2026-04-21T22:00:00+00:00,0.100460,900
2026-04-21T22:15:00+00:00,0.098740,900
2026-04-21T22:30:00+00:00,0.098080,900
2026-04-21T22:45:00+00:00,0.094440,900
2026-04-21T23:00:00+00:00,0.098000,900
2026-04-21T23:15:00+00:00,0.096230,900
2026-04-21T23:30:00+00:00,0.094890,900
2026-04-21T23:45:00+00:00,0.094180,900
2026-04-22T00:00:00+00:00,0.101020,900
2026-04-22T00:15:00+00:00,0.095580,900
2026-04-22T00:30:00+00:00,0.096280,900
2026-04-22T00:45:00+00:00,0.092280,900
2026-04-22T01:00:00+00:00,0.094190,900
2026-04-22T01:15:00+00:00,0.094300,900
2026-04-22T01:30:00+00:00,0.098600,900
2026-04-22T01:45:00+00:00,0.099370,900
2026-04-22T02:00:00+00:00,0.093980,900
2026-04-22T02:15:00+00:00,0.094090,900
2026-04-22T02:30:00+00:00,0.095900,900
2026-04-22T02:45:00+00:00,0.101690,900
2026-04-22T03:00:00+00:00,0.093040,900
2026-04-22T03:15:00+00:00,0.101100,900
2026-04-22T03:30:00+00:00,0.107740,900
2026-04-22T03:45:00+00:00,0.120900,900
2026-04-22T04:00:00+00:00,0.111510,900
2026-04-22T04:15:00+00:00,0.120880,900
2026-04-22T04:30:00+00:00,0.132150,900
2026-04-22T04:45:00+00:00,0.131930,900
2026-04-22T05:00:00+00:00,0.154980,900
2026-04-22T05:15:00+00:00,0.143220,900
2026-04-22T05:30:00+00:00,0.128920,900
2026-04-22T05:45:00+00:00,0.110890,900
2026-04-22T06:00:00+00:00,0.135480,900
2026-04-22T06:15:00+00:00,0.129400,900
2026-04-22T06:30:00+00:00,0.116010,900
2026-04-22T06:45:00+00:00,0.073410,900
2026-04-22T07:00:00+00:00,0.130000,900
2026-04-22T07:15:00+00:00,0.098870,900
2026-04-22T07:30:00+00:00,0.070040,900
2026-04-22T07:45:00+00:00,0.034610,900
2026-04-22T08:00:00+00:00,0.057790,900
2026-04-22T08:15:00+00:00,0.015880,900
2026-04-22T08:30:00+00:00,0.000480,900
2026-04-22T08:45:00+00:00,-0.001540,900
2026-04-22T09:00:00+00:00,-0.000140,900
2026-04-22T09:15:00+00:00,-0.000700,900
2026-04-22T09:30:00+00:00,-0.000830,900
2026-04-22T09:45:00+00:00,-0.004790,900
2026-04-22T10:00:00+00:00,-0.002210,900
2026-04-22T10:15:00+00:00,-0.005000,900
2026-04-22T10:30:00+00:00,-0.007040,900
2026-04-22T10:45:00+00:00,-0.011800,900
2026-04-22T11:00:00+00:00,-0.012690,900
2026-04-22T11:15:00+00:00,-0.017490,900
2026-04-22T11:30:00+00:00,-0.023830,900
2026-04-22T11:45:00+00:00,-0.024380,900
2026-04-22T12:00:00+00:00,-0.027150,900
2026-04-22T12:15:00+00:00,-0.021290,900
2026-04-22T12:30:00+00:00,-0.014420,900
2026-04-22T12:45:00+00:00,-0.009900,900
2026-04-22T13:00:00+00:00,-0.009340,900
2026-04-22T13:15:00+00:00,-0.005090,900
2026-04-22T13:30:00+00:00,-0.002090,900
2026-04-22T13:45:00+00:00,-0.001210,900
2026-04-22T14:00:00+00:00,-0.001330,900
2026-04-22T14:15:00+00:00,-0.001370,900
2026-04-22T14:30:00+00:00,0.000000,900
2026-04-22T14:45:00+00:00,0.003490,900
2026-04-22T15:00:00+00:00,0.004230,900
2026-04-22T15:15:00+00:00,0.026240,900
2026-04-22T15:30:00+00:00,0.072700,900
2026-04-22T15:45:00+00:00,0.100100,900
2026-04-22T16:00:00+00:00,0.065710,900
2026-04-22T16:15:00+00:00,0.083550,900
2026-04-22T16:30:00+00:00,0.104900,900
2026-04-22T16:45:00+00:00,0.118780,900
2026-04-22T17:00:00+00:00,0.099670,900
2026-04-22T17:15:00+00:00,0.120200,900
2026-04-22T17:30:00+00:00,0.131320,900
2026-04-22T17:45:00+00:00,0.168850,900
2026-04-22T18:00:00+00:00,0.157490,900
2026-04-22T18:15:00+00:00,0.148130,900
2026-04-22T18:30:00+00:00,0.147710,900
2026-04-22T18:45:00+00:00,0.138160,900
2026-04-22T19:00:00+00:00,0.137570,900
2026-04-22T19:15:00+00:00,0.114650,900
2026-04-22T19:30:00+00:00,0.110850,900
2026-04-22T19:45:00+00:00,0.107630,900
2026-04-22T20:00:00+00:00,0.114100,900
2026-04-22T20:15:00+00:00,0.112140,900
2026-04-22T20:30:00+00:00,0.110480,900
2026-04-22T20:45:00+00:00,0.104080,900
2026-04-22T21:00:00+00:00,0.109470,900
2026-04-22T21:15:00+00:00,0.107140,900
2026-04-22T21:30:00+00:00,0.103770,900
2026-04-22T21:45:00+00:00,0.099930,900
2026-04-22T22:00:00+00:00,0.118520,900
2026-04-22T22:15:00+00:00,0.101570,900
2026-04-22T22:30:00+00:00,0.099620,900
2026-04-22T22:45:00+00:00,0.096290,900
2026-04-22T23:00:00+00:00,0.100730,900
2026-04-22T23:15:00+00:00,0.098520,900
2026-04-22T23:30:00+00:00,0.097300,900
2026-04-22T23:45:00+00:00,0.097520,900
2026-04-23T00:00:00+00:00,0.099190,900
2026-04-23T00:15:00+00:00,0.108810,900
2026-04-23T00:30:00+00:00,0.109200,900
2026-04-23T00:45:00+00:00,0.107600,900
2026-04-23T01:00:00+00:00,0.110100,900
2026-04-23T01:15:00+00:00,0.110130,900
2026-04-23T01:30:00+00:00,0.108400,900
2026-04-23T01:45:00+00:00,0.110230,900
2026-04-23T02:00:00+00:00,0.108970,900
2026-04-23T02:15:00+00:00,0.108260,900
2026-04-23T02:30:00+00:00,0.110630,900
2026-04-23T02:45:00+00:00,0.115420,900
2026-04-23T03:00:00+00:00,0.098020,900
2026-04-23T03:15:00+00:00,0.108900,900
2026-04-23T03:30:00+00:00,0.119420,900
2026-04-23T03:45:00+00:00,0.142740,900
2026-04-23T04:00:00+00:00,0.114590,900
2026-04-23T04:15:00+00:00,0.125600,900
2026-04-23T04:30:00+00:00,0.148280,900
2026-04-23T04:45:00+00:00,0.167170,900
2026-04-23T05:00:00+00:00,0.160000,900
2026-04-23T05:15:00+00:00,0.153300,900
2026-04-23T05:30:00+00:00,0.148360,900
2026-04-23T05:45:00+00:00,0.119900,900
2026-04-23T06:00:00+00:00,0.136830,900
2026-04-23T06:15:00+00:00,0.137970,900
2026-04-23T06:30:00+00:00,0.121170,900
2026-04-23T06:45:00+00:00,0.079300,900
2026-04-23T07:00:00+00:00,0.145360,900
2026-04-23T07:15:00+00:00,0.103500,900
2026-04-23T07:30:00+00:00,0.067220,900
2026-04-23T07:45:00+00:00,0.006760,900
2026-04-23T08:00:00+00:00,0.055840,900
2026-04-23T08:15:00+00:00,0.007530,900
2026-04-23T08:30:00+00:00,0.002170,900
2026-04-23T08:45:00+00:00,0.002380,900
2026-04-23T09:00:00+00:00,0.003900,900
2026-04-23T09:15:00+00:00,0.005130,900
2026-04-23T09:30:00+00:00,-0.001030,900
2026-04-23T09:45:00+00:00,-0.008000,900
2026-04-23T10:00:00+00:00,-0.009900,900
2026-04-23T10:15:00+00:00,-0.023520,900
2026-04-23T10:30:00+00:00,-0.031840,900
2026-04-23T10:45:00+00:00,-0.045720,900
2026-04-23T11:00:00+00:00,-0.039810,900
2026-04-23T11:15:00+00:00,-0.049510,900
2026-04-23T11:30:00+00:00,-0.051400,900
2026-04-23T11:45:00+00:00,-0.056740,900
2026-04-23T12:00:00+00:00,-0.056070,900
2026-04-23T12:15:00+00:00,-0.050790,900
2026-04-23T12:30:00+00:00,-0.048000,900
2026-04-23T12:45:00+00:00,-0.039390,900
2026-04-23T13:00:00+00:00,-0.038650,900
2026-04-23T13:15:00+00:00,-0.028050,900
2026-04-23T13:30:00+00:00,-0.014840,900
2026-04-23T13:45:00+00:00,-0.009010,900
2026-04-23T14:00:00+00:00,-0.006440,900
2026-04-23T14:15:00+00:00,-0.001220,900
2026-04-23T14:30:00+00:00,-0.000100,900
2026-04-23T14:45:00+00:00,0.000000,900
2026-04-23T15:00:00+00:00,-0.000010,900
2026-04-23T15:15:00+00:00,0.000130,900
2026-04-23T15:30:00+00:00,0.007350,900
2026-04-23T15:45:00+00:00,0.080480,900
2026-04-23T16:00:00+00:00,0.047570,900
2026-04-23T16:15:00+00:00,0.084000,900
2026-04-23T16:30:00+00:00,0.113530,900
2026-04-23T16:45:00+00:00,0.146900,900
2026-04-23T17:00:00+00:00,0.094590,900
2026-04-23T17:15:00+00:00,0.116760,900
2026-04-23T17:30:00+00:00,0.128240,900
2026-04-23T17:45:00+00:00,0.153480,900
2026-04-23T18:00:00+00:00,0.131120,900
2026-04-23T18:15:00+00:00,0.142320,900
2026-04-23T18:30:00+00:00,0.137300,900
2026-04-23T18:45:00+00:00,0.129100,900
2026-04-23T19:00:00+00:00,0.164890,900
2026-04-23T19:15:00+00:00,0.170220,900
2026-04-23T19:30:00+00:00,0.147930,900
2026-04-23T19:45:00+00:00,0.124760,900
2026-04-23T20:00:00+00:00,0.178290,900
2026-04-23T20:15:00+00:00,0.152310,900
2026-04-23T20:30:00+00:00,0.126300,900
2026-04-23T20:45:00+00:00,0.119900,900
2026-04-23T21:00:00+00:00,0.154500,900
2026-04-23T21:15:00+00:00,0.125420,900
2026-04-23T21:30:00+00:00,0.115380,900
2026-04-23T21:45:00+00:00,0.107500,900
2026-04-23T22:00:00+00:00,0.101670,900
2026-04-23T22:15:00+00:00,0.101270,900
2026-04-23T22:30:00+00:00,0.098270,900
2026-04-23T22:45:00+00:00,0.099250,900
2026-04-23T23:00:00+00:00,0.101390,900
2026-04-23T23:15:00+00:00,0.099960,900
2026-04-23T23:30:00+00:00,0.099650,900
2026-04-23T23:45:00+00:00,0.099520,900
2026-04-24T00:00:00+00:00,0.101700,900
2026-04-24T00:15:00+00:00,0.100450,900
2026-04-24T00:30:00+00:00,0.100360,900
2026-04-24T00:45:00+00:00,0.100330,900
2026-04-24T01:00:00+00:00,0.100570,900
2026-04-24T01:15:00+00:00,0.101380,900
2026-04-24T01:30:00+00:00,0.102280,900
2026-04-24T01:45:00+00:00,0.102530,900
2026-04-24T02:00:00+00:00,0.101980,900
2026-04-24T02:15:00+00:00,0.097850,900
2026-04-24T02:30:00+00:00,0.102160,900
2026-04-24T02:45:00+00:00,0.103940,900
2026-04-24T03:00:00+00:00,0.103750,900
2026-04-24T03:15:00+00:00,0.108350,900
2026-04-24T03:30:00+00:00,0.111770,900
2026-04-24T03:45:00+00:00,0.114730,900
2026-04-24T04:00:00+00:00,0.115000,900
2026-04-24T04:15:00+00:00,0.132160,900
2026-04-24T04:30:00+00:00,0.129950,900
2026-04-24T04:45:00+00:00,0.134890,900
2026-04-24T05:00:00+00:00,0.157900,900
2026-04-24T05:15:00+00:00,0.150100,900
2026-04-24T05:30:00+00:00,0.135960,900
2026-04-24T05:45:00+00:00,0.124700,900
2026-04-24T06:00:00+00:00,0.182560,900
2026-04-24T06:15:00+00:00,0.139940,900
2026-04-24T06:30:00+00:00,0.125070,900
2026-04-24T06:45:00+00:00,0.090230,900
2026-04-24T07:00:00+00:00,0.160970,900
2026-04-24T07:15:00+00:00,0.101530,900
2026-04-24T07:30:00+00:00,0.087500,900
2026-04-24T07:45:00+00:00,0.060720,900
2026-04-24T08:00:00+00:00,0.080000,900
2026-04-24T08:15:00+00:00,0.022460,900
2026-04-24T08:30:00+00:00,0.001230,900
2026-04-24T08:45:00+00:00,0.000000,900
2026-04-24T09:00:00+00:00,0.000090,900
2026-04-24T09:15:00+00:00,0.000000,900
2026-04-24T09:30:00+00:00,-0.000030,900
2026-04-24T09:45:00+00:00,-0.000200,900
2026-04-24T10:00:00+00:00,-0.001500,900
2026-04-24T10:15:00+00:00,-0.004510,900
2026-04-24T10:30:00+00:00,-0.007050,900
2026-04-24T10:45:00+00:00,-0.014570,900
2026-04-24T11:00:00+00:00,-0.015000,900
2026-04-24T11:15:00+00:00,-0.020050,900
2026-04-24T11:30:00+00:00,-0.029950,900
2026-04-24T11:45:00+00:00,-0.039430,900
2026-04-24T12:00:00+00:00,-0.032630,900
2026-04-24T12:15:00+00:00,-0.031210,900
2026-04-24T12:30:00+00:00,-0.029930,900
2026-04-24T12:45:00+00:00,-0.026000,900
2026-04-24T13:00:00+00:00,-0.026650,900
2026-04-24T13:15:00+00:00,-0.019680,900
2026-04-24T13:30:00+00:00,-0.012810,900
2026-04-24T13:45:00+00:00,-0.007000,900
2026-04-24T14:00:00+00:00,-0.005370,900
2026-04-24T14:15:00+00:00,-0.001000,900
2026-04-24T14:30:00+00:00,-0.000020,900
2026-04-24T14:45:00+00:00,0.000010,900
2026-04-24T15:00:00+00:00,0.000000,900
2026-04-24T15:15:00+00:00,0.015350,900
2026-04-24T15:30:00+00:00,0.071750,900
2026-04-24T15:45:00+00:00,0.098820,900
2026-04-24T16:00:00+00:00,0.055470,900
2026-04-24T16:15:00+00:00,0.095300,900
2026-04-24T16:30:00+00:00,0.119060,900
2026-04-24T16:45:00+00:00,0.146060,900
2026-04-24T17:00:00+00:00,0.108360,900
2026-04-24T17:15:00+00:00,0.123900,900
2026-04-24T17:30:00+00:00,0.134050,900
2026-04-24T17:45:00+00:00,0.179960,900
2026-04-24T18:00:00+00:00,0.141600,900
2026-04-24T18:15:00+00:00,0.149900,900
2026-04-24T18:30:00+00:00,0.166970,900
2026-04-24T18:45:00+00:00,0.164140,900
2026-04-24T19:00:00+00:00,0.204890,900
2026-04-24T19:15:00+00:00,0.147460,900
2026-04-24T19:30:00+00:00,0.132900,900
2026-04-24T19:45:00+00:00,0.122380,900
2026-04-24T20:00:00+00:00,0.142420,900
2026-04-24T20:15:00+00:00,0.134490,900
2026-04-24T20:30:00+00:00,0.128110,900
2026-04-24T20:45:00+00:00,0.120410,900
2026-04-24T21:00:00+00:00,0.128290,900
2026-04-24T21:15:00+00:00,0.123020,900
2026-04-24T21:30:00+00:00,0.117900,900
2026-04-24T21:45:00+00:00,0.110790,900
2026-04-24T22:00:00+00:00,0.138750,900
2026-04-24T22:15:00+00:00,0.147960,900
2026-04-24T22:30:00+00:00,0.126520,900
2026-04-24T22:45:00+00:00,0.123030,900
2026-04-24T23:00:00+00:00,0.130100,900
2026-04-24T23:15:00+00:00,0.131050,900
2026-04-24T23:30:00+00:00,0.123640,900
2026-04-24T23:45:00+00:00,0.116800,900
2026-04-25T00:00:00+00:00,0.120200,900
2026-04-25T00:15:00+00:00,0.119160,900
2026-04-25T00:30:00+00:00,0.115360,900
2026-04-25T00:45:00+00:00,0.110100,900
2026-04-25T01:00:00+00:00,0.111230,900
2026-04-25T01:15:00+00:00,0.105730,900
2026-04-25T01:30:00+00:00,0.104270,900
2026-04-25T01:45:00+00:00,0.099860,900
2026-04-25T02:00:00+00:00,0.110100,900
2026-04-25T02:15:00+00:00,0.112700,900
2026-04-25T02:30:00+00:00,0.110100,900
2026-04-25T02:45:00+00:00,0.107300,900
2026-04-25T03:00:00+00:00,0.100450,900
2026-04-25T03:15:00+00:00,0.103100,900
2026-04-25T03:30:00+00:00,0.104890,900
2026-04-25T03:45:00+00:00,0.115710,900
2026-04-25T04:00:00+00:00,0.105300,900
2026-04-25T04:15:00+00:00,0.119930,900
2026-04-25T04:30:00+00:00,0.132910,900
2026-04-25T04:45:00+00:00,0.178660,900
2026-04-25T05:00:00+00:00,0.200100,900
2026-04-25T05:15:00+00:00,0.136000,900
2026-04-25T05:30:00+00:00,0.097900,900
2026-04-25T05:45:00+00:00,0.066000,900
2026-04-25T06:00:00+00:00,0.284790,900
2026-04-25T06:15:00+00:00,0.139930,900
2026-04-25T06:30:00+00:00,0.090100,900
2026-04-25T06:45:00+00:00,0.014130,900
2026-04-25T07:00:00+00:00,0.164810,900
2026-04-25T07:15:00+00:00,0.055010,900
2026-04-25T07:30:00+00:00,0.000190,900
2026-04-25T07:45:00+00:00,0.000000,900
2026-04-25T08:00:00+00:00,0.000180,900
2026-04-25T08:15:00+00:00,-0.000090,900
2026-04-25T08:30:00+00:00,-0.001080,900
2026-04-25T08:45:00+00:00,-0.004290,900
2026-04-25T09:00:00+00:00,-0.015030,900
2026-04-25T09:15:00+00:00,-0.030000,900
2026-04-25T09:30:00+00:00,-0.051400,900
2026-04-25T09:45:00+00:00,-0.072020,900
2026-04-25T10:00:00+00:00,-0.070210,900
2026-04-25T10:15:00+00:00,-0.089810,900
2026-04-25T10:30:00+00:00,-0.109710,900
2026-04-25T10:45:00+00:00,-0.131520,900
2026-04-25T11:00:00+00:00,-0.129770,900
2026-04-25T11:15:00+00:00,-0.183090,900
2026-04-25T11:30:00+00:00,-0.189950,900
2026-04-25T11:45:00+00:00,-0.201270,900
2026-04-25T12:00:00+00:00,-0.195300,900
2026-04-25T12:15:00+00:00,-0.193000,900
2026-04-25T12:30:00+00:00,-0.190390,900
2026-04-25T12:45:00+00:00,-0.182670,900
2026-04-25T13:00:00+00:00,-0.166700,900
2026-04-25T13:15:00+00:00,-0.153680,900
2026-04-25T13:30:00+00:00,-0.120190,900
2026-04-25T13:45:00+00:00,-0.093630,900
2026-04-25T14:00:00+00:00,-0.093570,900
2026-04-25T14:15:00+00:00,-0.066920,900
2026-04-25T14:30:00+00:00,-0.038720,900
2026-04-25T14:45:00+00:00,-0.015880,900
2026-04-25T15:00:00+00:00,-0.007040,900
2026-04-25T15:15:00+00:00,-0.000180,900
2026-04-25T15:30:00+00:00,0.000000,900
2026-04-25T15:45:00+00:00,0.001330,900
2026-04-25T16:00:00+00:00,0.001500,900
2026-04-25T16:15:00+00:00,0.031060,900
2026-04-25T16:30:00+00:00,0.099970,900
2026-04-25T16:45:00+00:00,0.207860,900
2026-04-25T17:00:00+00:00,0.076180,900
2026-04-25T17:15:00+00:00,0.124030,900
2026-04-25T17:30:00+00:00,0.122920,900
2026-04-25T17:45:00+00:00,0.184870,900
2026-04-25T18:00:00+00:00,0.102800,900
2026-04-25T18:15:00+00:00,0.131870,900
2026-04-25T18:30:00+00:00,0.165970,900
2026-04-25T18:45:00+00:00,0.205000,900
2026-04-25T19:00:00+00:00,0.206510,900
2026-04-25T19:15:00+00:00,0.158290,900
2026-04-25T19:30:00+00:00,0.146990,900
2026-04-25T19:45:00+00:00,0.112700,900
2026-04-25T20:00:00+00:00,0.183570,900
2026-04-25T20:15:00+00:00,0.143160,900
2026-04-25T20:30:00+00:00,0.140190,900
2026-04-25T20:45:00+00:00,0.110120,900
2026-04-25T21:00:00+00:00,0.177480,900
2026-04-25T21:15:00+00:00,0.155090,900
2026-04-25T21:30:00+00:00,0.120100,900
2026-04-25T21:45:00+00:00,0.104920,900
2026-04-25T22:00:00+00:00,0.100400,900
2026-04-25T22:15:00+00:00,0.116450,900
2026-04-25T22:30:00+00:00,0.131180,900
2026-04-25T22:45:00+00:00,0.131980,900
2026-04-25T23:00:00+00:00,0.099280,900
2026-04-25T23:15:00+00:00,0.099280,900
2026-04-25T23:30:00+00:00,0.102160,900
2026-04-25T23:45:00+00:00,0.099280,900
2026-04-26T00:00:00+00:00,0.100100,900
2026-04-26T00:15:00+00:00,0.096010,900
2026-04-26T00:30:00+00:00,0.096700,900
2026-04-26T00:45:00+00:00,0.100150,900
2026-04-26T01:00:00+00:00,0.106320,900
2026-04-26T01:15:00+00:00,0.106980,900
2026-04-26T01:30:00+00:00,0.110550,900
2026-04-26T01:45:00+00:00,0.124440,900
2026-04-26T02:00:00+00:00,0.108580,900
2026-04-26T02:15:00+00:00,0.110930,900
2026-04-26T02:30:00+00:00,0.126720,900
2026-04-26T02:45:00+00:00,0.129530,900
2026-04-26T03:00:00+00:00,0.109800,900
2026-04-26T03:15:00+00:00,0.111860,900
2026-04-26T03:30:00+00:00,0.114160,900
2026-04-26T03:45:00+00:00,0.114450,900
2026-04-26T04:00:00+00:00,0.122720,900
2026-04-26T04:15:00+00:00,0.123330,900
2026-04-26T04:30:00+00:00,0.121850,900
2026-04-26T04:45:00+00:00,0.113080,900
2026-04-26T05:00:00+00:00,0.118420,900
2026-04-26T05:15:00+00:00,0.128760,900
2026-04-26T05:30:00+00:00,0.118050,900
2026-04-26T05:45:00+00:00,0.098760,900
2026-04-26T06:00:00+00:00,0.129720,900
2026-04-26T06:15:00+00:00,0.108170,900
2026-04-26T06:30:00+00:00,0.066970,900
2026-04-26T06:45:00+00:00,0.014100,900
2026-04-26T07:00:00+00:00,0.005390,900
2026-04-26T07:15:00+00:00,0.000140,900
2026-04-26T07:30:00+00:00,-0.000510,900
2026-04-26T07:45:00+00:00,-0.003240,900
2026-04-26T08:00:00+00:00,-0.005010,900
2026-04-26T08:15:00+00:00,-0.019640,900
2026-04-26T08:30:00+00:00,-0.038000,900
2026-04-26T08:45:00+00:00,-0.050090,900
2026-04-26T09:00:00+00:00,-0.072000,900
2026-04-26T09:15:00+00:00,-0.086910,900
2026-04-26T09:30:00+00:00,-0.136900,900
2026-04-26T09:45:00+00:00,-0.213010,900
2026-04-26T10:00:00+00:00,-0.213360,900
2026-04-26T10:15:00+00:00,-0.247560,900
2026-04-26T10:30:00+00:00,-0.255960,900
2026-04-26T10:45:00+00:00,-0.322100,900
2026-04-26T11:00:00+00:00,-0.360000,900
2026-04-26T11:15:00+00:00,-0.375720,900
2026-04-26T11:30:00+00:00,-0.450880,900
2026-04-26T11:45:00+00:00,-0.466760,900
2026-04-26T12:00:00+00:00,-0.479590,900
2026-04-26T12:15:00+00:00,-0.450730,900
2026-04-26T12:30:00+00:00,-0.392490,900
2026-04-26T12:45:00+00:00,-0.328790,900
2026-04-26T13:00:00+00:00,-0.320520,900
2026-04-26T13:15:00+00:00,-0.276130,900
2026-04-26T13:30:00+00:00,-0.225550,900
2026-04-26T13:45:00+00:00,-0.119770,900
2026-04-26T14:00:00+00:00,-0.089010,900
2026-04-26T14:15:00+00:00,-0.044990,900
2026-04-26T14:30:00+00:00,-0.012000,900
2026-04-26T14:45:00+00:00,-0.003010,900
2026-04-26T15:00:00+00:00,-0.002100,900
2026-04-26T15:15:00+00:00,-0.000130,900
2026-04-26T15:30:00+00:00,0.000410,900
2026-04-26T15:45:00+00:00,0.048810,900
2026-04-26T16:00:00+00:00,0.044640,900
2026-04-26T16:15:00+00:00,0.105480,900
2026-04-26T16:30:00+00:00,0.150710,900
2026-04-26T16:45:00+00:00,0.171710,900
2026-04-26T17:00:00+00:00,0.122570,900
2026-04-26T17:15:00+00:00,0.140250,900
2026-04-26T17:30:00+00:00,0.173680,900
2026-04-26T17:45:00+00:00,0.199130,900
2026-04-26T18:00:00+00:00,0.158990,900
2026-04-26T18:15:00+00:00,0.169200,900
2026-04-26T18:30:00+00:00,0.174820,900
2026-04-26T18:45:00+00:00,0.159840,900
2026-04-26T19:00:00+00:00,0.153950,900
2026-04-26T19:15:00+00:00,0.145850,900
2026-04-26T19:30:00+00:00,0.139910,900
2026-04-26T19:45:00+00:00,0.140500,900
2026-04-26T20:00:00+00:00,0.136640,900
2026-04-26T20:15:00+00:00,0.129960,900
2026-04-26T20:30:00+00:00,0.123910,900
2026-04-26T20:45:00+00:00,0.119830,900
2026-04-26T21:00:00+00:00,0.121680,900
2026-04-26T21:15:00+00:00,0.123700,900
2026-04-26T21:30:00+00:00,0.117710,900
2026-04-26T21:45:00+00:00,0.114660,900
2026-04-26T22:00:00+00:00,0.120990,900
2026-04-26T22:15:00+00:00,0.113090,900
2026-04-26T22:30:00+00:00,0.107270,900
2026-04-26T22:45:00+00:00,0.104500,900
2026-04-26T23:00:00+00:00,0.107360,900
2026-04-26T23:15:00+00:00,0.106100,900
2026-04-26T23:30:00+00:00,0.106650,900
2026-04-26T23:45:00+00:00,0.104740,900
2026-04-27T00:00:00+00:00,0.106790,900
2026-04-27T00:15:00+00:00,0.105940,900
2026-04-27T00:30:00+00:00,0.105820,900
2026-04-27T00:45:00+00:00,0.105220,900
2026-04-27T01:00:00+00:00,0.104930,900
2026-04-27T01:15:00+00:00,0.102950,900
2026-04-27T01:30:00+00:00,0.104460,900
2026-04-27T01:45:00+00:00,0.105120,900
2026-04-27T02:00:00+00:00,0.105520,900
2026-04-27T02:15:00+00:00,0.107000,900
2026-04-27T02:30:00+00:00,0.109610,900
2026-04-27T02:45:00+00:00,0.112690,900
2026-04-27T03:00:00+00:00,0.110840,900
2026-04-27T03:15:00+00:00,0.116940,900
2026-04-27T03:30:00+00:00,0.122990,900
2026-04-27T03:45:00+00:00,0.125370,900
2026-04-27T04:00:00+00:00,0.150100,900
2026-04-27T04:15:00+00:00,0.166400,900
2026-04-27T04:30:00+00:00,0.169980,900
2026-04-27T04:45:00+00:00,0.175790,900
2026-04-27T05:00:00+00:00,0.185210,900
2026-04-27T05:15:00+00:00,0.171270,900
2026-04-27T05:30:00+00:00,0.143410,900
2026-04-27T05:45:00+00:00,0.114870,900
2026-04-27T06:00:00+00:00,0.173800,900
2026-04-27T06:15:00+00:00,0.135010,900
2026-04-27T06:30:00+00:00,0.109380,900
2026-04-27T06:45:00+00:00,0.089610,900
2026-04-27T07:00:00+00:00,0.152110,900
2026-04-27T07:15:00+00:00,0.124770,900
2026-04-27T07:30:00+00:00,0.122340,900
2026-04-27T07:45:00+00:00,0.087550,900
2026-04-27T08:00:00+00:00,0.130720,900
2026-04-27T08:15:00+00:00,0.099550,900
2026-04-27T08:30:00+00:00,0.075900,900
2026-04-27T08:45:00+00:00,0.033830,900
2026-04-27T09:00:00+00:00,0.023930,900
2026-04-27T09:15:00+00:00,0.000010,900
2026-04-27T09:30:00+00:00,-0.000010,900
2026-04-27T09:45:00+00:00,-0.000020,900
2026-04-27T10:00:00+00:00,-0.000010,900
2026-04-27T10:15:00+00:00,-0.000050,900
2026-04-27T10:30:00+00:00,-0.000100,900
2026-04-27T10:45:00+00:00,-0.000230,900
2026-04-27T11:00:00+00:00,-0.000500,900
2026-04-27T11:15:00+00:00,-0.000820,900
2026-04-27T11:30:00+00:00,-0.001000,900
2026-04-27T11:45:00+00:00,-0.001000,900
2026-04-27T12:00:00+00:00,-0.000500,900
2026-04-27T12:15:00+00:00,-0.000100,900
2026-04-27T12:30:00+00:00,-0.000050,900
2026-04-27T12:45:00+00:00,0.000000,900
2026-04-27T13:00:00+00:00,-0.000010,900
2026-04-27T13:15:00+00:00,0.000000,900
2026-04-27T13:30:00+00:00,0.000010,900
2026-04-27T13:45:00+00:00,0.019640,900
2026-04-27T14:00:00+00:00,0.016020,900
2026-04-27T14:15:00+00:00,0.046110,900
2026-04-27T14:30:00+00:00,0.076210,900
2026-04-27T14:45:00+00:00,0.097870,900
2026-04-27T15:00:00+00:00,0.062950,900
2026-04-27T15:15:00+00:00,0.097250,900
2026-04-27T15:30:00+00:00,0.114620,900
2026-04-27T15:45:00+00:00,0.122870,900
2026-04-27T16:00:00+00:00,0.100580,900
2026-04-27T16:15:00+00:00,0.115150,900
2026-04-27T16:30:00+00:00,0.131390,900
2026-04-27T16:45:00+00:00,0.138540,900
2026-04-27T17:00:00+00:00,0.132910,900
2026-04-27T17:15:00+00:00,0.156540,900
2026-04-27T17:30:00+00:00,0.175420,900
2026-04-27T17:45:00+00:00,0.234420,900
2026-04-27T18:00:00+00:00,0.149510,900
2026-04-27T18:15:00+00:00,0.168740,900
2026-04-27T18:30:00+00:00,0.167890,900
2026-04-27T18:45:00+00:00,0.149050,900
2026-04-27T19:00:00+00:00,0.197780,900
2026-04-27T19:15:00+00:00,0.148400,900
2026-04-27T19:30:00+00:00,0.127850,900
2026-04-27T19:45:00+00:00,0.114450,900
2026-04-27T20:00:00+00:00,0.132930,900
2026-04-27T20:15:00+00:00,0.123380,900
2026-04-27T20:30:00+00:00,0.119880,900
2026-04-27T20:45:00+00:00,0.107240,900
2026-04-27T21:00:00+00:00,0.114750,900
2026-04-27T21:15:00+00:00,0.106470,900
2026-04-27T21:30:00+00:00,0.105870,900
2026-04-27T21:45:00+00:00,0.099170,900
2026-04-27T22:00:00+00:00,0.116180,900
2026-04-27T22:15:00+00:00,0.110300,900
2026-04-27T22:30:00+00:00,0.109910,900
2026-04-27T22:45:00+00:00,0.107120,900
2026-04-27T23:00:00+00:00,0.110830,900
2026-04-27T23:15:00+00:00,0.107610,900
2026-04-27T23:30:00+00:00,0.106260,900
2026-04-27T23:45:00+00:00,0.102910,900
2026-04-28T00:00:00+00:00,0.104020,900
2026-04-28T00:15:00+00:00,0.102510,900
2026-04-28T00:30:00+00:00,0.102640,900
2026-04-28T00:45:00+00:00,0.102750,900
2026-04-28T01:00:00+00:00,0.102360,900
2026-04-28T01:15:00+00:00,0.099600,900
2026-04-28T01:30:00+00:00,0.100370,900
2026-04-28T01:45:00+00:00,0.097680,900
2026-04-28T02:00:00+00:00,0.096360,900
2026-04-28T02:15:00+00:00,0.097060,900
2026-04-28T02:30:00+00:00,0.097750,900
2026-04-28T02:45:00+00:00,0.100790,900
2026-04-28T03:00:00+00:00,0.094180,900
2026-04-28T03:15:00+00:00,0.099030,900
2026-04-28T03:30:00+00:00,0.104720,900
2026-04-28T03:45:00+00:00,0.108290,900
2026-04-28T04:00:00+00:00,0.108940,900
2026-04-28T04:15:00+00:00,0.110070,900
2026-04-28T04:30:00+00:00,0.111320,900
2026-04-28T04:45:00+00:00,0.109920,900
2026-04-28T05:00:00+00:00,0.124400,900
2026-04-28T05:15:00+00:00,0.117540,900
2026-04-28T05:30:00+00:00,0.109210,900
2026-04-28T05:45:00+00:00,0.102550,900
2026-04-28T06:00:00+00:00,0.125230,900
2026-04-28T06:15:00+00:00,0.115930,900
2026-04-28T06:30:00+00:00,0.107760,900
2026-04-28T06:45:00+00:00,0.086700,900
2026-04-28T07:00:00+00:00,0.110750,900
2026-04-28T07:15:00+00:00,0.094460,900
2026-04-28T07:30:00+00:00,0.065920,900
2026-04-28T07:45:00+00:00,0.035770,900
2026-04-28T08:00:00+00:00,0.064650,900
2026-04-28T08:15:00+00:00,0.024470,900
2026-04-28T08:30:00+00:00,0.001980,900
2026-04-28T08:45:00+00:00,-0.002940,900
2026-04-28T09:00:00+00:00,-0.000040,900
2026-04-28T09:15:00+00:00,-0.002010,900
2026-04-28T09:30:00+00:00,-0.003540,900
2026-04-28T09:45:00+00:00,-0.010000,900
2026-04-28T10:00:00+00:00,-0.015000,900
2026-04-28T10:15:00+00:00,-0.025000,900
2026-04-28T10:30:00+00:00,-0.039990,900
2026-04-28T10:45:00+00:00,-0.048000,900
2026-04-28T11:00:00+00:00,-0.032390,900
2026-04-28T11:15:00+00:00,-0.041720,900
2026-04-28T11:30:00+00:00,-0.050000,900
2026-04-28T11:45:00+00:00,-0.051100,900
2026-04-28T12:00:00+00:00,-0.050000,900
2026-04-28T12:15:00+00:00,-0.048980,900
2026-04-28T12:30:00+00:00,-0.048540,900
2026-04-28T12:45:00+00:00,-0.044480,900
2026-04-28T13:00:00+00:00,-0.049510,900
2026-04-28T13:15:00+00:00,-0.045000,900
2026-04-28T13:30:00+00:00,-0.035000,900
2026-04-28T13:45:00+00:00,-0.030120,900
2026-04-28T14:00:00+00:00,-0.015120,900
2026-04-28T14:15:00+00:00,-0.010460,900
2026-04-28T14:30:00+00:00,-0.003050,900
2026-04-28T14:45:00+00:00,-0.002090,900
2026-04-28T15:00:00+00:00,-0.002080,900
2026-04-28T15:15:00+00:00,-0.002030,900
2026-04-28T15:30:00+00:00,0.027360,900
2026-04-28T15:45:00+00:00,0.067310,900
2026-04-28T16:00:00+00:00,0.055200,900
2026-04-28T16:15:00+00:00,0.076100,900
2026-04-28T16:30:00+00:00,0.095080,900
2026-04-28T16:45:00+00:00,0.108870,900
2026-04-28T17:00:00+00:00,0.097710,900
2026-04-28T17:15:00+00:00,0.106810,900
2026-04-28T17:30:00+00:00,0.111580,900
2026-04-28T17:45:00+00:00,0.120070,900
2026-04-28T18:00:00+00:00,0.117030,900
2026-04-28T18:15:00+00:00,0.111760,900
2026-04-28T18:30:00+00:00,0.109780,900
2026-04-28T18:45:00+00:00,0.106920,900
2026-04-28T19:00:00+00:00,0.112200,900
2026-04-28T19:15:00+00:00,0.108430,900
2026-04-28T19:30:00+00:00,0.102330,900
2026-04-28T19:45:00+00:00,0.096640,900
2026-04-28T20:00:00+00:00,0.106370,900
2026-04-28T20:15:00+00:00,0.098850,900
2026-04-28T20:30:00+00:00,0.101080,900
2026-04-28T20:45:00+00:00,0.093700,900
2026-04-28T21:00:00+00:00,0.099630,900
2026-04-28T21:15:00+00:00,0.089990,900
2026-04-28T21:30:00+00:00,0.088490,900
2026-04-28T21:45:00+00:00,0.085890,900
2026-04-28T22:00:00+00:00,0.097570,900
2026-04-28T22:15:00+00:00,0.089130,900
2026-04-28T22:30:00+00:00,0.088460,900
2026-04-28T22:45:00+00:00,0.084310,900
2026-04-28T23:00:00+00:00,0.088360,900
2026-04-28T23:15:00+00:00,0.087740,900
2026-04-28T23:30:00+00:00,0.088870,900
2026-04-28T23:45:00+00:00,0.087270,900
2026-04-29T00:00:00+00:00,0.087440,900
2026-04-29T00:15:00+00:00,0.087650,900
2026-04-29T00:30:00+00:00,0.087320,900
2026-04-29T00:45:00+00:00,0.086720,900
2026-04-29T01:00:00+00:00,0.085680,900
2026-04-29T01:15:00+00:00,0.086060,900
2026-04-29T01:30:00+00:00,0.086640,900
2026-04-29T01:45:00+00:00,0.087580,900
2026-04-29T02:00:00+00:00,0.086120,900
2026-04-29T02:15:00+00:00,0.087080,900
2026-04-29T02:30:00+00:00,0.087950,900
2026-04-29T02:45:00+00:00,0.090200,900
2026-04-29T03:00:00+00:00,0.089420,900
2026-04-29T03:15:00+00:00,0.092120,900
2026-04-29T03:30:00+00:00,0.097190,900
2026-04-29T03:45:00+00:00,0.102090,900
2026-04-29T04:00:00+00:00,0.116370,900
2026-04-29T04:15:00+00:00,0.131130,900
2026-04-29T04:30:00+00:00,0.144470,900
2026-04-29T04:45:00+00:00,0.146060,900
2026-04-29T05:00:00+00:00,0.142030,900
2026-04-29T05:15:00+00:00,0.119100,900
2026-04-29T05:30:00+00:00,0.108070,900
2026-04-29T05:45:00+00:00,0.096010,900
2026-04-29T06:00:00+00:00,0.122850,900
2026-04-29T06:15:00+00:00,0.110380,900
2026-04-29T06:30:00+00:00,0.093260,900
2026-04-29T06:45:00+00:00,0.078700,900
2026-04-29T07:00:00+00:00,0.103200,900
2026-04-29T07:15:00+00:00,0.084850,900
2026-04-29T07:30:00+00:00,0.044390,900
2026-04-29T07:45:00+00:00,0.000470,900
2026-04-29T08:00:00+00:00,0.010800,900
2026-04-29T08:15:00+00:00,0.000380,900
2026-04-29T08:30:00+00:00,-0.002040,900
2026-04-29T08:45:00+00:00,-0.009190,900
2026-04-29T09:00:00+00:00,-0.005670,900
2026-04-29T09:15:00+00:00,-0.005740,900
2026-04-29T09:30:00+00:00,-0.009290,900
2026-04-29T09:45:00+00:00,-0.018110,900
2026-04-29T10:00:00+00:00,-0.018240,900
2026-04-29T10:15:00+00:00,-0.029550,900
2026-04-29T10:30:00+00:00,-0.034010,900
2026-04-29T10:45:00+00:00,-0.046250,900
2026-04-29T11:00:00+00:00,-0.046760,900
2026-04-29T11:15:00+00:00,-0.054190,900
2026-04-29T11:30:00+00:00,-0.060000,900
2026-04-29T11:45:00+00:00,-0.066080,900
2026-04-29T12:00:00+00:00,-0.060000,900
2026-04-29T12:15:00+00:00,-0.054540,900
2026-04-29T12:30:00+00:00,-0.049220,900
2026-04-29T12:45:00+00:00,-0.045900,900
2026-04-29T13:00:00+00:00,-0.047010,900
2026-04-29T13:15:00+00:00,-0.036720,900
2026-04-29T13:30:00+00:00,-0.030120,900
2026-04-29T13:45:00+00:00,-0.019560,900
2026-04-29T14:00:00+00:00,-0.025520,900
2026-04-29T14:15:00+00:00,-0.012000,900
2026-04-29T14:30:00+00:00,-0.004480,900
2026-04-29T14:45:00+00:00,-0.000100,900
2026-04-29T15:00:00+00:00,-0.005000,900
2026-04-29T15:15:00+00:00,-0.000100,900
2026-04-29T15:30:00+00:00,0.008050,900
2026-04-29T15:45:00+00:00,0.068940,900
2026-04-29T16:00:00+00:00,0.037570,900
2026-04-29T16:15:00+00:00,0.075250,900
2026-04-29T16:30:00+00:00,0.097630,900
2026-04-29T16:45:00+00:00,0.113610,900
2026-04-29T17:00:00+00:00,0.097750,900
2026-04-29T17:15:00+00:00,0.101610,900
2026-04-29T17:30:00+00:00,0.115450,900
2026-04-29T17:45:00+00:00,0.153220,900
2026-04-29T18:00:00+00:00,0.144880,900
2026-04-29T18:15:00+00:00,0.143940,900
2026-04-29T18:30:00+00:00,0.149250,900
2026-04-29T18:45:00+00:00,0.144490,900
2026-04-29T19:00:00+00:00,0.158500,900
2026-04-29T19:15:00+00:00,0.131320,900
2026-04-29T19:30:00+00:00,0.118720,900
2026-04-29T19:45:00+00:00,0.111420,900
2026-04-29T20:00:00+00:00,0.111590,900
2026-04-29T20:15:00+00:00,0.106880,900
2026-04-29T20:30:00+00:00,0.105810,900
2026-04-29T20:45:00+00:00,0.098090,900
2026-04-29T21:00:00+00:00,0.100910,900
2026-04-29T21:15:00+00:00,0.095320,900
2026-04-29T21:30:00+00:00,0.095060,900
2026-04-29T21:45:00+00:00,0.090110,900
2026-04-29T22:00:00+00:00,0.092970,900
2026-04-29T22:15:00+00:00,0.092420,900
2026-04-29T22:30:00+00:00,0.090900,900
2026-04-29T22:45:00+00:00,0.087920,900
2026-04-29T23:00:00+00:00,0.090380,900
2026-04-29T23:15:00+00:00,0.088800,900
2026-04-29T23:30:00+00:00,0.089540,900
2026-04-29T23:45:00+00:00,0.091030,900
2026-04-30T00:00:00+00:00,0.088660,900
2026-04-30T00:15:00+00:00,0.088100,900
2026-04-30T00:30:00+00:00,0.089290,900
2026-04-30T00:45:00+00:00,0.088900,900
2026-04-30T01:00:00+00:00,0.087510,900
2026-04-30T01:15:00+00:00,0.087270,900
2026-04-30T01:30:00+00:00,0.087510,900
2026-04-30T01:45:00+00:00,0.088890,900
2026-04-30T02:00:00+00:00,0.086860,900
2026-04-30T02:15:00+00:00,0.089620,900
2026-04-30T02:30:00+00:00,0.094980,900
2026-04-30T02:45:00+00:00,0.097740,900
2026-04-30T03:00:00+00:00,0.095740,900
2026-04-30T03:15:00+00:00,0.098750,900
2026-04-30T03:30:00+00:00,0.102670,900
2026-04-30T03:45:00+00:00,0.108110,900
2026-04-30T04:00:00+00:00,0.114370,900
2026-04-30T04:15:00+00:00,0.141100,900
2026-04-30T04:30:00+00:00,0.143260,900
2026-04-30T04:45:00+00:00,0.131100,900
2026-04-30T05:00:00+00:00,0.141580,900
2026-04-30T05:15:00+00:00,0.118770,900
2026-04-30T05:30:00+00:00,0.103710,900
2026-04-30T05:45:00+00:00,0.081430,900
2026-04-30T06:00:00+00:00,0.113880,900
2026-04-30T06:15:00+00:00,0.101420,900
2026-04-30T06:30:00+00:00,0.081680,900
2026-04-30T06:45:00+00:00,0.043210,900
2026-04-30T07:00:00+00:00,0.094520,900
2026-04-30T07:15:00+00:00,0.054820,900
2026-04-30T07:30:00+00:00,0.014660,900
2026-04-30T07:45:00+00:00,0.000010,900
2026-04-30T08:00:00+00:00,0.001960,900
2026-04-30T08:15:00+00:00,0.000000,900
2026-04-30T08:30:00+00:00,-0.000080,900
2026-04-30T08:45:00+00:00,-0.001940,900
2026-04-30T09:00:00+00:00,-0.000340,900
2026-04-30T09:15:00+00:00,-0.001050,900
2026-04-30T09:30:00+00:00,-0.003600,900
2026-04-30T09:45:00+00:00,-0.008920,900
2026-04-30T10:00:00+00:00,-0.009080,900
2026-04-30T10:15:00+00:00,-0.014340,900
2026-04-30T10:30:00+00:00,-0.019090,900
2026-04-30T10:45:00+00:00,-0.024270,900
2026-04-30T11:00:00+00:00,-0.025630,900
2026-04-30T11:15:00+00:00,-0.029560,900
2026-04-30T11:30:00+00:00,-0.034130,900
2026-04-30T11:45:00+00:00,-0.036880,900
2026-04-30T12:00:00+00:00,-0.035100,900
2026-04-30T12:15:00+00:00,-0.029010,900
2026-04-30T12:30:00+00:00,-0.027380,900
2026-04-30T12:45:00+00:00,-0.020490,900
2026-04-30T13:00:00+00:00,-0.020090,900
2026-04-30T13:15:00+00:00,-0.014510,900
2026-04-30T13:30:00+00:00,-0.009140,900
2026-04-30T13:45:00+00:00,-0.002820,900
2026-04-30T14:00:00+00:00,-0.005660,900
2026-04-30T14:15:00+00:00,-0.001440,900
2026-04-30T14:30:00+00:00,-0.000750,900
2026-04-30T14:45:00+00:00,-0.000100,900
2026-04-30T15:00:00+00:00,-0.001680,900
2026-04-30T15:15:00+00:00,-0.000010,900
2026-04-30T15:30:00+00:00,0.014040,900
2026-04-30T15:45:00+00:00,0.063710,900
2026-04-30T16:00:00+00:00,0.029720,900
2026-04-30T16:15:00+00:00,0.080720,900
2026-04-30T16:30:00+00:00,0.101490,900
2026-04-30T16:45:00+00:00,0.125580,900
2026-04-30T17:00:00+00:00,0.100100,900
2026-04-30T17:15:00+00:00,0.113820,900
2026-04-30T17:30:00+00:00,0.134400,900
2026-04-30T17:45:00+00:00,0.183230,900
2026-04-30T18:00:00+00:00,0.166030,900
2026-04-30T18:15:00+00:00,0.182080,900
2026-04-30T18:30:00+00:00,0.181090,900
2026-04-30T18:45:00+00:00,0.169620,900
2026-04-30T19:00:00+00:00,0.176370,900
2026-04-30T19:15:00+00:00,0.153320,900
2026-04-30T19:30:00+00:00,0.128450,900
2026-04-30T19:45:00+00:00,0.115060,900
2026-04-30T20:00:00+00:00,0.124870,900
2026-04-30T20:15:00+00:00,0.112300,900
2026-04-30T20:30:00+00:00,0.111010,900
2026-04-30T20:45:00+00:00,0.105100,900
2026-04-30T21:00:00+00:00,0.112190,900
2026-04-30T21:15:00+00:00,0.105740,900
2026-04-30T21:30:00+00:00,0.104050,900
2026-04-30T21:45:00+00:00,0.097410,900
2026-04-30T22:00:00+00:00,0.115990,900
2026-04-30T22:15:00+00:00,0.108860,900
2026-04-30T22:30:00+00:00,0.103480,900
2026-04-30T22:45:00+00:00,0.100580,900
2026-04-30T23:00:00+00:00,0.104920,900
2026-04-30T23:15:00+00:00,0.103160,900
2026-04-30T23:30:00+00:00,0.103160,900
2026-04-30T23:45:00+00:00,0.101100,900
2026-05-01T00:00:00+00:00,0.102840,900
2026-05-01T00:15:00+00:00,0.100510,900
2026-05-01T00:30:00+00:00,0.101090,900
2026-05-01T00:45:00+00:00,0.101100,900
2026-05-01T01:00:00+00:00,0.099010,900
2026-05-01T01:15:00+00:00,0.098960,900
2026-05-01T01:30:00+00:00,0.099780,900
2026-05-01T01:45:00+00:00,0.099540,900
2026-05-01T02:00:00+00:00,0.097010,900
2026-05-01T02:15:00+00:00,0.098210,900
2026-05-01T02:30:00+00:00,0.097000,900
2026-05-01T02:45:00+00:00,0.098910,900
2026-05-01T03:00:00+00:00,0.097350,900
2026-05-01T03:15:00+00:00,0.097870,900
2026-05-01T03:30:00+00:00,0.099370,900
2026-05-01T03:45:00+00:00,0.095390,900
2026-05-01T04:00:00+00:00,0.112680,900
2026-05-01T04:15:00+00:00,0.110660,900
2026-05-01T04:30:00+00:00,0.109220,900
2026-05-01T04:45:00+00:00,0.087350,900
2026-05-01T05:00:00+00:00,0.139500,900
2026-05-01T05:15:00+00:00,0.105430,900
2026-05-01T05:30:00+00:00,0.074890,900
2026-05-01T05:45:00+00:00,0.045180,900
2026-05-01T06:00:00+00:00,0.092930,900
2026-05-01T06:15:00+00:00,0.034990,900
2026-05-01T06:30:00+00:00,0.007660,900
2026-05-01T06:45:00+00:00,0.000030,900
2026-05-01T07:00:00+00:00,0.001160,900
2026-05-01T07:15:00+00:00,0.000000,900
2026-05-01T07:30:00+00:00,-0.000010,900
2026-05-01T07:45:00+00:00,-0.001260,900
2026-05-01T08:00:00+00:00,-0.001370,900
2026-05-01T08:15:00+00:00,-0.007970,900
2026-05-01T08:30:00+00:00,-0.024890,900
2026-05-01T08:45:00+00:00,-0.050140,900
2026-05-01T09:00:00+00:00,-0.069520,900
2026-05-01T09:15:00+00:00,-0.090200,900
2026-05-01T09:30:00+00:00,-0.119130,900
2026-05-01T09:45:00+00:00,-0.152900,900
2026-05-01T10:00:00+00:00,-0.158820,900
2026-05-01T10:15:00+00:00,-0.280130,900
2026-05-01T10:30:00+00:00,-0.337650,900
2026-05-01T10:45:00+00:00,-0.492670,900
2026-05-01T11:00:00+00:00,-0.495410,900
2026-05-01T11:15:00+00:00,-0.499370,900
2026-05-01T11:30:00+00:00,-0.499620,900
2026-05-01T11:45:00+00:00,-0.499370,900
2026-05-01T12:00:00+00:00,-0.499430,900
2026-05-01T12:15:00+00:00,-0.499430,900
2026-05-01T12:30:00+00:00,-0.498300,900
2026-05-01T12:45:00+00:00,-0.398730,900
2026-05-01T13:00:00+00:00,-0.398750,900
2026-05-01T13:15:00+00:00,-0.214970,900
2026-05-01T13:30:00+00:00,-0.129540,900
2026-05-01T13:45:00+00:00,-0.077660,900
2026-05-01T14:00:00+00:00,-0.063670,900
2026-05-01T14:15:00+00:00,-0.029880,900
2026-05-01T14:30:00+00:00,-0.009900,900
2026-05-01T14:45:00+00:00,-0.001190,900
2026-05-01T15:00:00+00:00,-0.001540,900
2026-05-01T15:15:00+00:00,-0.000180,900
2026-05-01T15:30:00+00:00,0.000170,900
2026-05-01T15:45:00+00:00,0.021930,900
2026-05-01T16:00:00+00:00,0.007150,900
2026-05-01T16:15:00+00:00,0.084480,900
2026-05-01T16:30:00+00:00,0.116240,900
2026-05-01T16:45:00+00:00,0.185150,900
2026-05-01T17:00:00+00:00,0.110980,900
2026-05-01T17:15:00+00:00,0.128240,900
2026-05-01T17:30:00+00:00,0.158770,900
2026-05-01T17:45:00+00:00,0.242020,900
2026-05-01T18:00:00+00:00,0.186000,900
2026-05-01T18:15:00+00:00,0.184730,900
2026-05-01T18:30:00+00:00,0.185880,900
2026-05-01T18:45:00+00:00,0.154830,900
2026-05-01T19:00:00+00:00,0.210000,900
2026-05-01T19:15:00+00:00,0.135320,900
2026-05-01T19:30:00+00:00,0.116650,900
2026-05-01T19:45:00+00:00,0.109830,900
2026-05-01T20:00:00+00:00,0.156700,900
2026-05-01T20:15:00+00:00,0.135360,900
2026-05-01T20:30:00+00:00,0.124980,900
2026-05-01T20:45:00+00:00,0.119070,900
2026-05-01T21:00:00+00:00,0.144700,900
2026-05-01T21:15:00+00:00,0.127500,900
2026-05-01T21:30:00+00:00,0.120100,900
2026-05-01T21:45:00+00:00,0.109190,900
2026-05-01T22:00:00+00:00,0.138000,900
2026-05-01T22:15:00+00:00,0.123310,900
2026-05-01T22:30:00+00:00,0.112400,900
2026-05-01T22:45:00+00:00,0.119800,900
2026-05-01T23:00:00+00:00,0.147620,900
2026-05-01T23:15:00+00:00,0.111100,900
2026-05-01T23:30:00+00:00,0.103500,900
2026-05-01T23:45:00+00:00,0.098250,900
2026-05-02T00:00:00+00:00,0.117740,900
2026-05-02T00:15:00+00:00,0.128190,900
2026-05-02T00:30:00+00:00,0.124770,900
2026-05-02T00:45:00+00:00,0.108900,900
2026-05-02T01:00:00+00:00,0.113400,900
2026-05-02T01:15:00+00:00,0.108890,900
2026-05-02T01:30:00+00:00,0.106300,900
2026-05-02T01:45:00+00:00,0.106250,900
2026-05-02T02:00:00+00:00,0.104200,900
2026-05-02T02:15:00+00:00,0.108850,900
2026-05-02T02:30:00+00:00,0.110100,900
2026-05-02T02:45:00+00:00,0.110450,900
2026-05-02T03:00:00+00:00,0.104700,900
2026-05-02T03:15:00+00:00,0.107590,900
2026-05-02T03:30:00+00:00,0.108900,900
2026-05-02T03:45:00+00:00,0.109170,900
2026-05-02T04:00:00+00:00,0.105000,900
2026-05-02T04:15:00+00:00,0.113300,900
2026-05-02T04:30:00+00:00,0.110750,900
2026-05-02T04:45:00+00:00,0.100100,900
2026-05-02T05:00:00+00:00,0.159790,900
2026-05-02T05:15:00+00:00,0.105120,900
2026-05-02T05:30:00+00:00,0.082570,900
2026-05-02T05:45:00+00:00,0.056920,900
2026-05-02T06:00:00+00:00,0.150000,900
2026-05-02T06:15:00+00:00,0.080000,900
2026-05-02T06:30:00+00:00,0.052740,900
2026-05-02T06:45:00+00:00,0.010930,900
2026-05-02T07:00:00+00:00,0.022200,900
2026-05-02T07:15:00+00:00,0.001080,900
2026-05-02T07:30:00+00:00,0.000000,900
2026-05-02T07:45:00+00:00,0.000000,900
2026-05-02T08:00:00+00:00,-0.000010,900
2026-05-02T08:15:00+00:00,-0.000070,900
2026-05-02T08:30:00+00:00,-0.000490,900
2026-05-02T08:45:00+00:00,-0.001510,900
2026-05-02T09:00:00+00:00,-0.007040,900
2026-05-02T09:15:00+00:00,-0.007050,900
2026-05-02T09:30:00+00:00,-0.010710,900
2026-05-02T09:45:00+00:00,-0.012100,900
2026-05-02T10:00:00+00:00,-0.012100,900
2026-05-02T10:15:00+00:00,-0.016570,900
2026-05-02T10:30:00+00:00,-0.019690,900
2026-05-02T10:45:00+00:00,-0.025160,900
2026-05-02T11:00:00+00:00,-0.052920,900
2026-05-02T11:15:00+00:00,-0.059810,900
2026-05-02T11:30:00+00:00,-0.065000,900
2026-05-02T11:45:00+00:00,-0.060000,900
2026-05-02T12:00:00+00:00,-0.055290,900
2026-05-02T12:15:00+00:00,-0.044000,900
2026-05-02T12:30:00+00:00,-0.034090,900
2026-05-02T12:45:00+00:00,-0.026660,900
2026-05-02T13:00:00+00:00,-0.017240,900
2026-05-02T13:15:00+00:00,-0.012100,900
2026-05-02T13:30:00+00:00,-0.004770,900
2026-05-02T13:45:00+00:00,-0.001080,900
2026-05-02T14:00:00+00:00,-0.000110,900
2026-05-02T14:15:00+00:00,-0.000010,900
2026-05-02T14:30:00+00:00,0.000000,900
2026-05-02T14:45:00+00:00,0.000360,900
2026-05-02T15:00:00+00:00,0.000410,900
2026-05-02T15:15:00+00:00,0.008060,900
2026-05-02T15:30:00+00:00,0.092330,900
2026-05-02T15:45:00+00:00,0.193140,900
2026-05-02T16:00:00+00:00,0.110030,900
2026-05-02T16:15:00+00:00,0.126110,900
2026-05-02T16:30:00+00:00,0.136630,900
2026-05-02T16:45:00+00:00,0.180030,900
2026-05-02T17:00:00+00:00,0.120250,900
2026-05-02T17:15:00+00:00,0.147540,900
2026-05-02T17:30:00+00:00,0.155770,900
2026-05-02T17:45:00+00:00,0.253080,900
2026-05-02T18:00:00+00:00,0.185230,900
2026-05-02T18:15:00+00:00,0.208340,900
2026-05-02T18:30:00+00:00,0.226130,900
2026-05-02T18:45:00+00:00,0.194940,900
2026-05-02T19:00:00+00:00,0.210760,900
2026-05-02T19:15:00+00:00,0.155510,900
2026-05-02T19:30:00+00:00,0.138110,900
2026-05-02T19:45:00+00:00,0.140260,900
2026-05-02T20:00:00+00:00,0.174800,900
2026-05-02T20:15:00+00:00,0.137800,900
2026-05-02T20:30:00+00:00,0.130000,900
2026-05-02T20:45:00+00:00,0.126560,900
2026-05-02T21:00:00+00:00,0.130840,900
2026-05-02T21:15:00+00:00,0.125520,900
2026-05-02T21:30:00+00:00,0.117740,900
2026-05-02T21:45:00+00:00,0.111160,900
2026-05-02T22:00:00+00:00,0.126370,900
2026-05-02T22:15:00+00:00,0.118970,900
2026-05-02T22:30:00+00:00,0.119660,900
2026-05-02T22:45:00+00:00,0.115510,900
2026-05-02T23:00:00+00:00,0.118260,900
2026-05-02T23:15:00+00:00,0.117910,900
2026-05-02T23:30:00+00:00,0.115950,900
2026-05-02T23:45:00+00:00,0.112010,900
2026-05-03T00:00:00+00:00,0.111490,900
2026-05-03T00:15:00+00:00,0.112830,900
2026-05-03T00:30:00+00:00,0.117050,900
2026-05-03T00:45:00+00:00,0.114860,900
2026-05-03T01:00:00+00:00,0.111840,900
2026-05-03T01:15:00+00:00,0.110480,900
2026-05-03T01:30:00+00:00,0.109000,900
2026-05-03T01:45:00+00:00,0.111730,900
2026-05-03T02:00:00+00:00,0.106860,900
2026-05-03T02:15:00+00:00,0.105750,900
2026-05-03T02:30:00+00:00,0.106170,900
2026-05-03T02:45:00+00:00,0.106720,900
2026-05-03T03:00:00+00:00,0.104810,900
2026-05-03T03:15:00+00:00,0.107270,900
2026-05-03T03:30:00+00:00,0.107140,900
2026-05-03T03:45:00+00:00,0.109290,900
2026-05-03T04:00:00+00:00,0.107940,900
2026-05-03T04:15:00+00:00,0.104050,900
2026-05-03T04:30:00+00:00,0.104970,900
2026-05-03T04:45:00+00:00,0.095870,900
2026-05-03T05:00:00+00:00,0.123070,900
2026-05-03T05:15:00+00:00,0.099280,900
2026-05-03T05:30:00+00:00,0.081660,900
2026-05-03T05:45:00+00:00,0.078330,900
2026-05-03T06:00:00+00:00,0.093110,900
2026-05-03T06:15:00+00:00,0.084370,900
2026-05-03T06:30:00+00:00,0.076690,900
2026-05-03T06:45:00+00:00,0.068610,900
2026-05-03T07:00:00+00:00,0.087560,900
2026-05-03T07:15:00+00:00,0.046980,900
2026-05-03T07:30:00+00:00,0.035410,900
2026-05-03T07:45:00+00:00,0.019960,900
2026-05-03T08:00:00+00:00,0.035050,900
2026-05-03T08:15:00+00:00,0.028970,900
2026-05-03T08:30:00+00:00,0.020540,900
2026-05-03T08:45:00+00:00,0.015430,900
2026-05-03T09:00:00+00:00,0.027830,900
2026-05-03T09:15:00+00:00,0.023330,900
2026-05-03T09:30:00+00:00,0.023040,900
2026-05-03T09:45:00+00:00,0.022630,900
2026-05-03T10:00:00+00:00,0.022730,900
2026-05-03T10:15:00+00:00,0.027650,900
2026-05-03T10:30:00+00:00,0.030100,900
2026-05-03T10:45:00+00:00,0.033770,900
2026-05-03T11:00:00+00:00,0.027880,900
2026-05-03T11:15:00+00:00,0.033830,900
2026-05-03T11:30:00+00:00,0.035410,900
2026-05-03T11:45:00+00:00,0.035470,900
2026-05-03T12:00:00+00:00,0.042510,900
2026-05-03T12:15:00+00:00,0.046620,900
2026-05-03T12:30:00+00:00,0.035450,900
2026-05-03T12:45:00+00:00,0.035410,900
2026-05-03T13:00:00+00:00,0.035310,900
2026-05-03T13:15:00+00:00,0.037330,900
2026-05-03T13:30:00+00:00,0.047810,900
2026-05-03T13:45:00+00:00,0.059580,900
2026-05-03T14:00:00+00:00,0.053450,900
2026-05-03T14:15:00+00:00,0.061890,900
2026-05-03T14:30:00+00:00,0.066890,900
2026-05-03T14:45:00+00:00,0.078780,900
2026-05-03T15:00:00+00:00,0.029260,900
2026-05-03T15:15:00+00:00,0.093600,900
2026-05-03T15:30:00+00:00,0.135860,900
2026-05-03T15:45:00+00:00,0.163790,900
2026-05-03T16:00:00+00:00,0.101640,900
2026-05-03T16:15:00+00:00,0.114990,900
2026-05-03T16:30:00+00:00,0.124100,900
2026-05-03T16:45:00+00:00,0.130400,900
2026-05-03T17:00:00+00:00,0.130740,900
2026-05-03T17:15:00+00:00,0.127990,900
2026-05-03T17:30:00+00:00,0.140600,900
2026-05-03T17:45:00+00:00,0.156490,900
2026-05-03T18:00:00+00:00,0.142170,900
2026-05-03T18:15:00+00:00,0.144300,900
2026-05-03T18:30:00+00:00,0.145900,900
2026-05-03T18:45:00+00:00,0.148110,900
2026-05-03T19:00:00+00:00,0.144060,900
2026-05-03T19:15:00+00:00,0.138680,900
2026-05-03T19:30:00+00:00,0.133940,900
2026-05-03T19:45:00+00:00,0.128690,900
2026-05-03T20:00:00+00:00,0.137320,900
2026-05-03T20:15:00+00:00,0.137750,900
2026-05-03T20:30:00+00:00,0.124870,900
2026-05-03T20:45:00+00:00,0.118820,900
2026-05-03T21:00:00+00:00,0.131890,900
2026-05-03T21:15:00+00:00,0.119660,900
2026-05-03T21:30:00+00:00,0.114500,900
2026-05-03T21:45:00+00:00,0.111670,900
2026-05-03T22:00:00+00:00,0.126310,900
2026-05-03T22:15:00+00:00,0.120090,900
2026-05-03T22:30:00+00:00,0.112470,900
2026-05-03T22:45:00+00:00,0.109840,900
2026-05-03T23:00:00+00:00,0.110650,900
2026-05-03T23:15:00+00:00,0.109420,900
2026-05-03T23:30:00+00:00,0.108350,900
2026-05-03T23:45:00+00:00,0.105350,900
2026-05-04T00:00:00+00:00,0.113140,900
2026-05-04T00:15:00+00:00,0.110640,900
2026-05-04T00:30:00+00:00,0.110100,900
2026-05-04T00:45:00+00:00,0.108230,900
2026-05-04T01:00:00+00:00,0.106550,900
2026-05-04T01:15:00+00:00,0.105450,900
2026-05-04T01:30:00+00:00,0.105930,900
2026-05-04T01:45:00+00:00,0.107460,900
2026-05-04T02:00:00+00:00,0.105980,900
2026-05-04T02:15:00+00:00,0.107620,900
2026-05-04T02:30:00+00:00,0.109630,900
2026-05-04T02:45:00+00:00,0.111420,900
2026-05-04T03:00:00+00:00,0.110540,900
2026-05-04T03:15:00+00:00,0.117800,900
2026-05-04T03:30:00+00:00,0.132110,900
2026-05-04T03:45:00+00:00,0.147100,900
2026-05-04T04:00:00+00:00,0.140070,900
2026-05-04T04:15:00+00:00,0.151840,900
2026-05-04T04:30:00+00:00,0.150750,900
2026-05-04T04:45:00+00:00,0.152330,900
2026-05-04T05:00:00+00:00,0.165760,900
2026-05-04T05:15:00+00:00,0.155770,900
2026-05-04T05:30:00+00:00,0.147970,900
2026-05-04T05:45:00+00:00,0.140760,900
2026-05-04T06:00:00+00:00,0.155510,900
2026-05-04T06:15:00+00:00,0.145620,900
2026-05-04T06:30:00+00:00,0.131180,900
2026-05-04T06:45:00+00:00,0.109450,900
2026-05-04T07:00:00+00:00,0.130130,900
2026-05-04T07:15:00+00:00,0.114600,900
2026-05-04T07:30:00+00:00,0.117100,900
2026-05-04T07:45:00+00:00,0.110750,900
2026-05-04T08:00:00+00:00,0.128210,900
2026-05-04T08:15:00+00:00,0.106840,900
2026-05-04T08:30:00+00:00,0.105800,900
2026-05-04T08:45:00+00:00,0.093730,900
2026-05-04T09:00:00+00:00,0.106390,900
2026-05-04T09:15:00+00:00,0.102100,900
2026-05-04T09:30:00+00:00,0.102080,900
2026-05-04T09:45:00+00:00,0.096170,900
2026-05-04T10:00:00+00:00,0.103160,900
2026-05-04T10:15:00+00:00,0.088320,900
2026-05-04T10:30:00+00:00,0.083550,900
2026-05-04T10:45:00+00:00,0.079820,900
2026-05-04T11:00:00+00:00,0.086090,900
2026-05-04T11:15:00+00:00,0.080990,900
2026-05-04T11:30:00+00:00,0.074380,900
2026-05-04T11:45:00+00:00,0.087480,900
2026-05-04T12:00:00+00:00,0.086780,900
2026-05-04T12:15:00+00:00,0.094120,900
2026-05-04T12:30:00+00:00,0.096670,900
2026-05-04T12:45:00+00:00,0.099650,900
2026-05-04T13:00:00+00:00,0.093210,900
2026-05-04T13:15:00+00:00,0.098230,900
2026-05-04T13:30:00+00:00,0.101880,900
2026-05-04T13:45:00+00:00,0.111230,900
2026-05-04T14:00:00+00:00,0.089160,900
2026-05-04T14:15:00+00:00,0.098500,900
2026-05-04T14:30:00+00:00,0.110460,900
2026-05-04T14:45:00+00:00,0.128980,900
2026-05-04T15:00:00+00:00,0.090820,900
2026-05-04T15:15:00+00:00,0.121250,900
2026-05-04T15:30:00+00:00,0.133680,900
2026-05-04T15:45:00+00:00,0.145510,900
2026-05-04T16:00:00+00:00,0.119170,900
2026-05-04T16:15:00+00:00,0.123310,900
2026-05-04T16:30:00+00:00,0.124220,900
2026-05-04T16:45:00+00:00,0.133710,900
2026-05-04T17:00:00+00:00,0.153170,900
2026-05-04T17:15:00+00:00,0.155300,900
2026-05-04T17:30:00+00:00,0.202980,900
2026-05-04T17:45:00+00:00,0.310000,900
2026-05-04T18:00:00+00:00,0.201180,900
2026-05-04T18:15:00+00:00,0.240860,900
2026-05-04T18:30:00+00:00,0.234820,900
2026-05-04T18:45:00+00:00,0.204580,900
2026-05-04T19:00:00+00:00,0.247000,900
2026-05-04T19:15:00+00:00,0.196790,900
2026-05-04T19:30:00+00:00,0.157540,900
2026-05-04T19:45:00+00:00,0.142270,900
2026-05-04T20:00:00+00:00,0.178640,900
2026-05-04T20:15:00+00:00,0.149710,900
2026-05-04T20:30:00+00:00,0.141360,900
2026-05-04T20:45:00+00:00,0.136340,900
2026-05-04T21:00:00+00:00,0.150370,900
2026-05-04T21:15:00+00:00,0.137050,900
2026-05-04T21:30:00+00:00,0.130620,900
2026-05-04T21:45:00+00:00,0.123800,900
2026-05-04T22:00:00+00:00,0.140420,900
2026-05-04T22:15:00+00:00,0.130100,900
2026-05-04T22:30:00+00:00,0.124060,900
2026-05-04T22:45:00+00:00,0.121020,900
2026-05-04T23:00:00+00:00,0.128890,900
2026-05-04T23:15:00+00:00,0.123390,900
2026-05-04T23:30:00+00:00,0.122670,900
2026-05-04T23:45:00+00:00,0.119110,900
2026-05-05T00:00:00+00:00,0.120750,900
2026-05-05T00:15:00+00:00,0.117900,900
2026-05-05T00:30:00+00:00,0.117520,900
2026-05-05T00:45:00+00:00,0.117850,900
2026-05-05T01:00:00+00:00,0.118490,900
2026-05-05T01:15:00+00:00,0.118230,900
2026-05-05T01:30:00+00:00,0.119860,900
2026-05-05T01:45:00+00:00,0.116820,900
2026-05-05T02:00:00+00:00,0.117300,900
2026-05-05T02:15:00+00:00,0.117380,900
2026-05-05T02:30:00+00:00,0.122290,900
2026-05-05T02:45:00+00:00,0.123310,900
2026-05-05T03:00:00+00:00,0.121510,900
2026-05-05T03:15:00+00:00,0.124530,900
2026-05-05T03:30:00+00:00,0.130770,900
2026-05-05T03:45:00+00:00,0.141220,900
2026-05-05T04:00:00+00:00,0.140050,900
2026-05-05T04:15:00+00:00,0.148460,900
2026-05-05T04:30:00+00:00,0.155990,900
2026-05-05T04:45:00+00:00,0.163530,900
2026-05-05T05:00:00+00:00,0.173590,900
2026-05-05T05:15:00+00:00,0.161880,900
2026-05-05T05:30:00+00:00,0.149000,900
2026-05-05T05:45:00+00:00,0.146470,900
2026-05-05T06:00:00+00:00,0.161510,900
2026-05-05T06:15:00+00:00,0.142990,900
2026-05-05T06:30:00+00:00,0.140140,900
2026-05-05T06:45:00+00:00,0.127890,900
2026-05-05T07:00:00+00:00,0.138770,900
2026-05-05T07:15:00+00:00,0.129000,900
2026-05-05T07:30:00+00:00,0.125000,900
2026-05-05T07:45:00+00:00,0.122000,900
2026-05-05T08:00:00+00:00,0.125220,900
2026-05-05T08:15:00+00:00,0.116390,900
2026-05-05T08:30:00+00:00,0.108720,900
2026-05-05T08:45:00+00:00,0.107440,900
2026-05-05T09:00:00+00:00,0.114030,900
2026-05-05T09:15:00+00:00,0.111370,900
2026-05-05T09:30:00+00:00,0.108280,900
2026-05-05T09:45:00+00:00,0.104120,900
2026-05-05T10:00:00+00:00,0.108160,900
2026-05-05T10:15:00+00:00,0.098160,900
2026-05-05T10:30:00+00:00,0.098070,900
2026-05-05T10:45:00+00:00,0.100010,900
2026-05-05T11:00:00+00:00,0.101320,900
2026-05-05T11:15:00+00:00,0.099690,900
2026-05-05T11:30:00+00:00,0.098060,900
2026-05-05T11:45:00+00:00,0.097610,900
2026-05-05T12:00:00+00:00,0.095090,900
2026-05-05T12:15:00+00:00,0.098810,900
2026-05-05T12:30:00+00:00,0.102460,900
2026-05-05T12:45:00+00:00,0.101330,900
2026-05-05T13:00:00+00:00,0.111110,900
2026-05-05T13:15:00+00:00,0.103310,900
2026-05-05T13:30:00+00:00,0.099190,900
2026-05-05T13:45:00+00:00,0.098330,900
2026-05-05T14:00:00+00:00,0.104200,900
2026-05-05T14:15:00+00:00,0.100000,900
2026-05-05T14:30:00+00:00,0.098730,900
2026-05-05T14:45:00+00:00,0.115960,900
2026-05-05T15:00:00+00:00,0.107640,900
2026-05-05T15:15:00+00:00,0.114900,900
2026-05-05T15:30:00+00:00,0.124950,900
2026-05-05T15:45:00+00:00,0.118790,900
2026-05-05T16:00:00+00:00,0.121240,900
2026-05-05T16:15:00+00:00,0.121120,900
2026-05-05T16:30:00+00:00,0.133440,900
2026-05-05T16:45:00+00:00,0.128030,900
2026-05-05T17:00:00+00:00,0.135240,900
2026-05-05T17:15:00+00:00,0.142170,900
2026-05-05T17:30:00+00:00,0.132490,900
2026-05-05T17:45:00+00:00,0.140100,900
2026-05-05T18:00:00+00:00,0.140390,900
2026-05-05T18:15:00+00:00,0.146310,900
2026-05-05T18:30:00+00:00,0.147420,900
2026-05-05T18:45:00+00:00,0.141630,900
2026-05-05T19:00:00+00:00,0.150550,900
2026-05-05T19:15:00+00:00,0.146480,900
2026-05-05T19:30:00+00:00,0.140080,900
2026-05-05T19:45:00+00:00,0.125950,900
2026-05-05T20:00:00+00:00,0.137000,900
2026-05-05T20:15:00+00:00,0.129220,900
2026-05-05T20:30:00+00:00,0.122090,900
2026-05-05T20:45:00+00:00,0.111280,900
2026-05-05T21:00:00+00:00,0.122400,900
2026-05-05T21:15:00+00:00,0.113610,900
2026-05-05T21:30:00+00:00,0.104120,900
2026-05-05T21:45:00+00:00,0.103580,900
2026-05-05T22:00:00+00:00,0.127320,900
2026-05-05T22:15:00+00:00,0.119790,900
2026-05-05T22:30:00+00:00,0.117830,900
2026-05-05T22:45:00+00:00,0.114000,900
2026-05-05T23:00:00+00:00,0.117440,900
2026-05-05T23:15:00+00:00,0.113560,900
2026-05-05T23:30:00+00:00,0.112600,900
2026-05-05T23:45:00+00:00,0.111490,900
2026-05-06T00:00:00+00:00,0.113320,900
2026-05-06T00:15:00+00:00,0.111950,900
2026-05-06T00:30:00+00:00,0.110790,900
2026-05-06T00:45:00+00:00,0.111530,900
2026-05-06T01:00:00+00:00,0.112180,900
2026-05-06T01:15:00+00:00,0.111290,900
2026-05-06T01:30:00+00:00,0.112190,900
2026-05-06T01:45:00+00:00,0.110860,900
2026-05-06T02:00:00+00:00,0.110560,900
2026-05-06T02:15:00+00:00,0.110500,900
2026-05-06T02:30:00+00:00,0.112580,900
2026-05-06T02:45:00+00:00,0.112690,900
2026-05-06T03:00:00+00:00,0.110240,900
2026-05-06T03:15:00+00:00,0.113070,900
2026-05-06T03:30:00+00:00,0.118320,900
2026-05-06T03:45:00+00:00,0.120810,900
2026-05-06T04:00:00+00:00,0.120100,900
2026-05-06T04:15:00+00:00,0.128260,900
2026-05-06T04:30:00+00:00,0.134130,900
2026-05-06T04:45:00+00:00,0.135990,900
2026-05-06T05:00:00+00:00,0.146750,900
2026-05-06T05:15:00+00:00,0.146990,900
2026-05-06T05:30:00+00:00,0.139370,900
2026-05-06T05:45:00+00:00,0.128010,900
2026-05-06T06:00:00+00:00,0.173090,900
2026-05-06T06:15:00+00:00,0.142500,900
2026-05-06T06:30:00+00:00,0.130450,900
2026-05-06T06:45:00+00:00,0.113020,900
2026-05-06T07:00:00+00:00,0.136860,900
2026-05-06T07:15:00+00:00,0.125490,900
2026-05-06T07:30:00+00:00,0.116530,900
2026-05-06T07:45:00+00:00,0.107900,900
2026-05-06T08:00:00+00:00,0.120280,900
2026-05-06T08:15:00+00:00,0.111170,900
2026-05-06T08:30:00+00:00,0.104840,900
2026-05-06T08:45:00+00:00,0.104510,900
2026-05-06T09:00:00+00:00,0.112930,900
2026-05-06T09:15:00+00:00,0.103530,900
2026-05-06T09:30:00+00:00,0.103660,900
2026-05-06T09:45:00+00:00,0.103350,900
2026-05-06T10:00:00+00:00,0.100810,900
2026-05-06T10:15:00+00:00,0.101450,900
2026-05-06T10:30:00+00:00,0.106700,900
2026-05-06T10:45:00+00:00,0.101300,900
2026-05-06T11:00:00+00:00,0.097570,900
2026-05-06T11:15:00+00:00,0.092950,900
2026-05-06T11:30:00+00:00,0.088750,900
2026-05-06T11:45:00+00:00,0.088540,900
2026-05-06T12:00:00+00:00,0.086450,900
2026-05-06T12:15:00+00:00,0.088970,900
2026-05-06T12:30:00+00:00,0.093250,900
2026-05-06T12:45:00+00:00,0.097850,900
2026-05-06T13:00:00+00:00,0.103610,900
2026-05-06T13:15:00+00:00,0.100650,900
2026-05-06T13:30:00+00:00,0.101510,900
2026-05-06T13:45:00+00:00,0.107680,900
2026-05-06T14:00:00+00:00,0.103380,900
2026-05-06T14:15:00+00:00,0.103130,900
2026-05-06T14:30:00+00:00,0.112250,900
2026-05-06T14:45:00+00:00,0.121230,900
2026-05-06T15:00:00+00:00,0.107740,900
2026-05-06T15:15:00+00:00,0.116470,900
2026-05-06T15:30:00+00:00,0.121410,900
2026-05-06T15:45:00+00:00,0.134970,900
2026-05-06T16:00:00+00:00,0.119740,900
2026-05-06T16:15:00+00:00,0.131200,900
2026-05-06T16:30:00+00:00,0.136220,900
2026-05-06T16:45:00+00:00,0.155000,900
2026-05-06T17:00:00+00:00,0.139210,900
2026-05-06T17:15:00+00:00,0.147830,900
2026-05-06T17:30:00+00:00,0.155840,900
2026-05-06T17:45:00+00:00,0.169120,900
2026-05-06T18:00:00+00:00,0.143940,900
2026-05-06T18:15:00+00:00,0.151240,900
2026-05-06T18:30:00+00:00,0.160190,900
2026-05-06T18:45:00+00:00,0.170230,900
2026-05-06T19:00:00+00:00,0.163720,900
2026-05-06T19:15:00+00:00,0.162300,900
2026-05-06T19:30:00+00:00,0.153000,900
2026-05-06T19:45:00+00:00,0.139420,900
2026-05-06T20:00:00+00:00,0.155830,900
2026-05-06T20:15:00+00:00,0.148440,900
2026-05-06T20:30:00+00:00,0.139950,900
2026-05-06T20:45:00+00:00,0.129430,900
2026-05-06T21:00:00+00:00,0.137180,900
2026-05-06T21:15:00+00:00,0.129730,900
2026-05-06T21:30:00+00:00,0.126270,900
2026-05-06T21:45:00+00:00,0.120540,900
2026-05-06T22:00:00+00:00,0.132630,900
2026-05-06T22:15:00+00:00,0.126000,900
2026-05-06T22:30:00+00:00,0.123090,900
2026-05-06T22:45:00+00:00,0.118960,900
2026-05-06T23:00:00+00:00,0.118190,900
2026-05-06T23:15:00+00:00,0.116530,900
2026-05-06T23:30:00+00:00,0.115970,900
2026-05-06T23:45:00+00:00,0.115320,900
2026-05-07T00:00:00+00:00,0.114480,900
2026-05-07T00:15:00+00:00,0.115060,900
2026-05-07T00:30:00+00:00,0.114780,900
2026-05-07T00:45:00+00:00,0.116020,900
2026-05-07T01:00:00+00:00,0.115340,900
2026-05-07T01:15:00+00:00,0.114320,900
2026-05-07T01:30:00+00:00,0.115230,900
2026-05-07T01:45:00+00:00,0.117400,900
2026-05-07T02:00:00+00:00,0.113020,900
2026-05-07T02:15:00+00:00,0.115320,900
2026-05-07T02:30:00+00:00,0.118150,900
2026-05-07T02:45:00+00:00,0.121640,900
2026-05-07T03:00:00+00:00,0.117080,900
2026-05-07T03:15:00+00:00,0.121170,900
2026-05-07T03:30:00+00:00,0.125920,900
2026-05-07T03:45:00+00:00,0.133420,900
2026-05-07T04:00:00+00:00,0.136050,900
2026-05-07T04:15:00+00:00,0.147010,900
2026-05-07T04:30:00+00:00,0.149840,900
2026-05-07T04:45:00+00:00,0.155980,900
2026-05-07T05:00:00+00:00,0.165800,900
2026-05-07T05:15:00+00:00,0.166770,900
2026-05-07T05:30:00+00:00,0.162430,900
2026-05-07T05:45:00+00:00,0.155910,900
2026-05-07T06:00:00+00:00,0.186150,900
2026-05-07T06:15:00+00:00,0.152570,900
2026-05-07T06:30:00+00:00,0.148930,900
2026-05-07T06:45:00+00:00,0.129360,900
2026-05-07T07:00:00+00:00,0.132200,900
2026-05-07T07:15:00+00:00,0.120100,900
2026-05-07T07:30:00+00:00,0.125660,900
2026-05-07T07:45:00+00:00,0.117150,900
2026-05-07T08:00:00+00:00,0.131070,900
2026-05-07T08:15:00+00:00,0.116750,900
2026-05-07T08:30:00+00:00,0.107600,900
2026-05-07T08:45:00+00:00,0.072680,900
2026-05-07T09:00:00+00:00,0.112250,900
2026-05-07T09:15:00+00:00,0.100000,900
2026-05-07T09:30:00+00:00,0.088300,900
2026-05-07T09:45:00+00:00,0.088780,900
2026-05-07T10:00:00+00:00,0.101700,900
2026-05-07T10:15:00+00:00,0.096070,900
2026-05-07T10:30:00+00:00,0.095900,900
2026-05-07T10:45:00+00:00,0.093410,900
2026-05-07T11:00:00+00:00,0.098990,900
2026-05-07T11:15:00+00:00,0.097090,900
2026-05-07T11:30:00+00:00,0.092680,900
2026-05-07T11:45:00+00:00,0.091400,900
2026-05-07T12:00:00+00:00,0.094260,900
2026-05-07T12:15:00+00:00,0.095000,900
2026-05-07T12:30:00+00:00,0.096550,900
2026-05-07T12:45:00+00:00,0.097810,900
2026-05-07T13:00:00+00:00,0.099700,900
2026-05-07T13:15:00+00:00,0.100210,900
2026-05-07T13:30:00+00:00,0.099500,900
2026-05-07T13:45:00+00:00,0.104200,900
2026-05-07T14:00:00+00:00,0.101840,900
2026-05-07T14:15:00+00:00,0.103460,900
2026-05-07T14:30:00+00:00,0.109320,900
2026-05-07T14:45:00+00:00,0.122390,900
2026-05-07T15:00:00+00:00,0.105620,900
2026-05-07T15:15:00+00:00,0.114030,900
2026-05-07T15:30:00+00:00,0.129830,900
2026-05-07T15:45:00+00:00,0.144470,900
2026-05-07T16:00:00+00:00,0.123150,900
2026-05-07T16:15:00+00:00,0.135510,900
2026-05-07T16:30:00+00:00,0.147810,900
2026-05-07T16:45:00+00:00,0.163050,900
2026-05-07T17:00:00+00:00,0.148270,900
2026-05-07T17:15:00+00:00,0.158910,900
2026-05-07T17:30:00+00:00,0.188890,900
2026-05-07T17:45:00+00:00,0.219700,900
2026-05-07T18:00:00+00:00,0.208960,900
2026-05-07T18:15:00+00:00,0.215600,900
2026-05-07T18:30:00+00:00,0.215420,900
2026-05-07T18:45:00+00:00,0.208560,900
2026-05-07T19:00:00+00:00,0.208380,900
2026-05-07T19:15:00+00:00,0.182410,900
2026-05-07T19:30:00+00:00,0.166380,900
2026-05-07T19:45:00+00:00,0.153770,900
2026-05-07T20:00:00+00:00,0.163280,900
2026-05-07T20:15:00+00:00,0.152430,900
2026-05-07T20:30:00+00:00,0.154160,900
2026-05-07T20:45:00+00:00,0.142770,900
2026-05-07T21:00:00+00:00,0.153530,900
2026-05-07T21:15:00+00:00,0.144000,900
2026-05-07T21:30:00+00:00,0.135460,900
2026-05-07T21:45:00+00:00,0.129220,900
2026-05-07T22:00:00+00:00,0.134860,900
2026-05-07T22:15:00+00:00,0.131440,900
2026-05-07T22:30:00+00:00,0.124810,900
2026-05-07T22:45:00+00:00,0.119970,900
2026-05-07T23:00:00+00:00,0.122740,900
2026-05-07T23:15:00+00:00,0.119440,900
2026-05-07T23:30:00+00:00,0.117980,900
2026-05-07T23:45:00+00:00,0.114620,900
2026-05-08T00:00:00+00:00,0.117770,900
2026-05-08T00:15:00+00:00,0.116790,900
2026-05-08T00:30:00+00:00,0.116690,900
2026-05-08T00:45:00+00:00,0.112590,900
2026-05-08T01:00:00+00:00,0.113740,900
2026-05-08T01:15:00+00:00,0.112500,900
2026-05-08T01:30:00+00:00,0.111210,900
2026-05-08T01:45:00+00:00,0.110730,900
2026-05-08T02:00:00+00:00,0.109850,900
2026-05-08T02:15:00+00:00,0.109840,900
2026-05-08T02:30:00+00:00,0.111920,900
2026-05-08T02:45:00+00:00,0.113700,900
2026-05-08T03:00:00+00:00,0.112210,900
2026-05-08T03:15:00+00:00,0.113940,900
2026-05-08T03:30:00+00:00,0.119360,900
2026-05-08T03:45:00+00:00,0.128620,900
2026-05-08T04:00:00+00:00,0.131060,900
2026-05-08T04:15:00+00:00,0.139070,900
2026-05-08T04:30:00+00:00,0.140890,900
2026-05-08T04:45:00+00:00,0.141050,900
2026-05-08T05:00:00+00:00,0.149180,900
2026-05-08T05:15:00+00:00,0.145380,900
2026-05-08T05:30:00+00:00,0.136550,900
2026-05-08T05:45:00+00:00,0.122210,900
2026-05-08T06:00:00+00:00,0.151890,900
2026-05-08T06:15:00+00:00,0.132400,900
2026-05-08T06:30:00+00:00,0.124470,900
2026-05-08T06:45:00+00:00,0.105500,900
2026-05-08T07:00:00+00:00,0.126690,900
2026-05-08T07:15:00+00:00,0.113700,900
2026-05-08T07:30:00+00:00,0.108250,900
2026-05-08T07:45:00+00:00,0.099040,900
2026-05-08T08:00:00+00:00,0.108030,900
2026-05-08T08:15:00+00:00,0.094690,900
2026-05-08T08:30:00+00:00,0.085310,900
2026-05-08T08:45:00+00:00,0.076710,900
2026-05-08T09:00:00+00:00,0.087670,900
2026-05-08T09:15:00+00:00,0.079290,900
2026-05-08T09:30:00+00:00,0.062730,900
2026-05-08T09:45:00+00:00,0.053160,900
2026-05-08T10:00:00+00:00,0.069350,900
2026-05-08T10:15:00+00:00,0.061060,900
2026-05-08T10:30:00+00:00,0.056230,900
2026-05-08T10:45:00+00:00,0.050660,900
2026-05-08T11:00:00+00:00,0.061200,900
2026-05-08T11:15:00+00:00,0.055640,900
2026-05-08T11:30:00+00:00,0.051580,900
2026-05-08T11:45:00+00:00,0.047090,900
2026-05-08T12:00:00+00:00,0.050350,900
2026-05-08T12:15:00+00:00,0.055990,900
2026-05-08T12:30:00+00:00,0.068830,900
2026-05-08T12:45:00+00:00,0.063910,900
2026-05-08T13:00:00+00:00,0.064330,900
2026-05-08T13:15:00+00:00,0.069310,900
2026-05-08T13:30:00+00:00,0.084530,900
2026-05-08T13:45:00+00:00,0.085710,900
2026-05-08T14:00:00+00:00,0.077300,900
2026-05-08T14:15:00+00:00,0.089780,900
2026-05-08T14:30:00+00:00,0.096120,900
2026-05-08T14:45:00+00:00,0.106570,900
2026-05-08T15:00:00+00:00,0.096710,900
2026-05-08T15:15:00+00:00,0.102420,900
2026-05-08T15:30:00+00:00,0.107490,900
2026-05-08T15:45:00+00:00,0.124090,900
2026-05-08T16:00:00+00:00,0.103000,900
2026-05-08T16:15:00+00:00,0.114950,900
2026-05-08T16:30:00+00:00,0.124860,900
2026-05-08T16:45:00+00:00,0.136670,900
2026-05-08T17:00:00+00:00,0.123940,900
2026-05-08T17:15:00+00:00,0.130990,900
2026-05-08T17:30:00+00:00,0.141760,900
2026-05-08T17:45:00+00:00,0.153270,900
2026-05-08T18:00:00+00:00,0.146080,900
2026-05-08T18:15:00+00:00,0.148080,900
2026-05-08T18:30:00+00:00,0.147970,900
2026-05-08T18:45:00+00:00,0.145130,900
2026-05-08T19:00:00+00:00,0.148660,900
2026-05-08T19:15:00+00:00,0.141220,900
2026-05-08T19:30:00+00:00,0.129270,900
2026-05-08T19:45:00+00:00,0.120690,900
2026-05-08T20:00:00+00:00,0.135500,900
2026-05-08T20:15:00+00:00,0.124210,900
2026-05-08T20:30:00+00:00,0.122860,900
2026-05-08T20:45:00+00:00,0.117430,900
2026-05-08T21:00:00+00:00,0.121660,900
2026-05-08T21:15:00+00:00,0.118790,900
2026-05-08T21:30:00+00:00,0.115550,900
2026-05-08T21:45:00+00:00,0.102600,900
2026-05-08T22:00:00+00:00,0.127880,900
2026-05-08T22:15:00+00:00,0.122210,900
2026-05-08T22:30:00+00:00,0.118010,900
2026-05-08T22:45:00+00:00,0.111910,900
2026-05-08T23:00:00+00:00,0.120700,900
2026-05-08T23:15:00+00:00,0.117040,900
2026-05-08T23:30:00+00:00,0.115780,900
2026-05-08T23:45:00+00:00,0.113720,900
2026-05-09T00:00:00+00:00,0.115380,900
2026-05-09T00:15:00+00:00,0.114840,900
2026-05-09T00:30:00+00:00,0.112710,900
2026-05-09T00:45:00+00:00,0.112640,900
2026-05-09T01:00:00+00:00,0.112380,900
2026-05-09T01:15:00+00:00,0.112390,900
2026-05-09T01:30:00+00:00,0.113560,900
2026-05-09T01:45:00+00:00,0.113420,900
2026-05-09T02:00:00+00:00,0.112650,900
2026-05-09T02:15:00+00:00,0.113120,900
2026-05-09T02:30:00+00:00,0.114460,900
2026-05-09T02:45:00+00:00,0.115120,900
2026-05-09T03:00:00+00:00,0.113230,900
2026-05-09T03:15:00+00:00,0.113440,900
2026-05-09T03:30:00+00:00,0.117770,900
2026-05-09T03:45:00+00:00,0.124190,900
2026-05-09T04:00:00+00:00,0.121100,900
2026-05-09T04:15:00+00:00,0.119790,900
2026-05-09T04:30:00+00:00,0.118710,900
2026-05-09T04:45:00+00:00,0.113280,900
2026-05-09T05:00:00+00:00,0.119440,900
2026-05-09T05:15:00+00:00,0.115910,900
2026-05-09T05:30:00+00:00,0.112100,900
2026-05-09T05:45:00+00:00,0.097080,900
2026-05-09T06:00:00+00:00,0.125740,900
2026-05-09T06:15:00+00:00,0.109580,900
2026-05-09T06:30:00+00:00,0.097740,900
2026-05-09T06:45:00+00:00,0.071640,900
2026-05-09T07:00:00+00:00,0.114940,900
2026-05-09T07:15:00+00:00,0.078980,900
2026-05-09T07:30:00+00:00,0.042970,900
2026-05-09T07:45:00+00:00,0.015080,900
2026-05-09T08:00:00+00:00,0.031720,900
2026-05-09T08:15:00+00:00,0.007930,900
2026-05-09T08:30:00+00:00,0.000080,900
2026-05-09T08:45:00+00:00,0.000000,900
2026-05-09T09:00:00+00:00,0.000000,900
2026-05-09T09:15:00+00:00,-0.000010,900
2026-05-09T09:30:00+00:00,-0.000010,900
2026-05-09T09:45:00+00:00,-0.000030,900
2026-05-09T10:00:00+00:00,-0.000030,900
2026-05-09T10:15:00+00:00,-0.000070,900
2026-05-09T10:30:00+00:00,-0.000030,900
2026-05-09T10:45:00+00:00,-0.000070,900
2026-05-09T11:00:00+00:00,-0.000090,900
2026-05-09T11:15:00+00:00,-0.000090,900
2026-05-09T11:30:00+00:00,-0.000090,900
2026-05-09T11:45:00+00:00,-0.000090,900
2026-05-09T12:00:00+00:00,-0.000020,900
2026-05-09T12:15:00+00:00,-0.000010,900
2026-05-09T12:30:00+00:00,-0.000010,900
2026-05-09T12:45:00+00:00,-0.000010,900
2026-05-09T13:00:00+00:00,0.000000,900
2026-05-09T13:15:00+00:00,0.000000,900
2026-05-09T13:30:00+00:00,0.000000,900
2026-05-09T13:45:00+00:00,0.000010,900
2026-05-09T14:00:00+00:00,0.000090,900
2026-05-09T14:15:00+00:00,0.006560,900
2026-05-09T14:30:00+00:00,0.030760,900
2026-05-09T14:45:00+00:00,0.059710,900
2026-05-09T15:00:00+00:00,0.032230,900
2026-05-09T15:15:00+00:00,0.078100,900
2026-05-09T15:30:00+00:00,0.100100,900
2026-05-09T15:45:00+00:00,0.116920,900
2026-05-09T16:00:00+00:00,0.097620,900
2026-05-09T16:15:00+00:00,0.111680,900
2026-05-09T16:30:00+00:00,0.119100,900
2026-05-09T16:45:00+00:00,0.129200,900
2026-05-09T17:00:00+00:00,0.117400,900
2026-05-09T17:15:00+00:00,0.122160,900
2026-05-09T17:30:00+00:00,0.129400,900
2026-05-09T17:45:00+00:00,0.145640,900
2026-05-09T18:00:00+00:00,0.134780,900
2026-05-09T18:15:00+00:00,0.139580,900
2026-05-09T18:30:00+00:00,0.143790,900
2026-05-09T18:45:00+00:00,0.145740,900
2026-05-09T19:00:00+00:00,0.150360,900
2026-05-09T19:15:00+00:00,0.139740,900
2026-05-09T19:30:00+00:00,0.132920,900
2026-05-09T19:45:00+00:00,0.121200,900
2026-05-09T20:00:00+00:00,0.139520,900
2026-05-09T20:15:00+00:00,0.131900,900
2026-05-09T20:30:00+00:00,0.126790,900
2026-05-09T20:45:00+00:00,0.121630,900
2026-05-09T21:00:00+00:00,0.125660,900
2026-05-09T21:15:00+00:00,0.121380,900
2026-05-09T21:30:00+00:00,0.120100,900
2026-05-09T21:45:00+00:00,0.116100,900
2026-05-09T22:00:00+00:00,0.125630,900
2026-05-09T22:15:00+00:00,0.119890,900
2026-05-09T22:30:00+00:00,0.117900,900
2026-05-09T22:45:00+00:00,0.117340,900
2026-05-09T23:00:00+00:00,0.119720,900
2026-05-09T23:15:00+00:00,0.118620,900
2026-05-09T23:30:00+00:00,0.116960,900
2026-05-09T23:45:00+00:00,0.114940,900
2026-05-10T00:00:00+00:00,0.118230,900
2026-05-10T00:15:00+00:00,0.115620,900
2026-05-10T00:30:00+00:00,0.115000,900
2026-05-10T00:45:00+00:00,0.111130,900
2026-05-10T01:00:00+00:00,0.114980,900
2026-05-10T01:15:00+00:00,0.113240,900
2026-05-10T01:30:00+00:00,0.111500,900
2026-05-10T01:45:00+00:00,0.111340,900
2026-05-10T02:00:00+00:00,0.107960,900
2026-05-10T02:15:00+00:00,0.113130,900
2026-05-10T02:30:00+00:00,0.111900,900
2026-05-10T02:45:00+00:00,0.110090,900
2026-05-10T03:00:00+00:00,0.109750,900
2026-05-10T03:15:00+00:00,0.112530,900
2026-05-10T03:30:00+00:00,0.112620,900
2026-05-10T03:45:00+00:00,0.106590,900
2026-05-10T04:00:00+00:00,0.120100,900
2026-05-10T04:15:00+00:00,0.110640,900
2026-05-10T04:30:00+00:00,0.100480,900
2026-05-10T04:45:00+00:00,0.094220,900
2026-05-10T05:00:00+00:00,0.113420,900
2026-05-10T05:15:00+00:00,0.096610,900
2026-05-10T05:30:00+00:00,0.089960,900
2026-05-10T05:45:00+00:00,0.075960,900
2026-05-10T06:00:00+00:00,0.100820,900
2026-05-10T06:15:00+00:00,0.085040,900
2026-05-10T06:30:00+00:00,0.056830,900
2026-05-10T06:45:00+00:00,0.011880,900
2026-05-10T07:00:00+00:00,0.033590,900
2026-05-10T07:15:00+00:00,0.009960,900
2026-05-10T07:30:00+00:00,0.001150,900
2026-05-10T07:45:00+00:00,0.000020,900
2026-05-10T08:00:00+00:00,0.000070,900
2026-05-10T08:15:00+00:00,0.000000,900
2026-05-10T08:30:00+00:00,-0.000010,900
2026-05-10T08:45:00+00:00,-0.000100,900
2026-05-10T09:00:00+00:00,-0.000100,900
2026-05-10T09:15:00+00:00,-0.001160,900
2026-05-10T09:30:00+00:00,-0.002070,900
2026-05-10T09:45:00+00:00,-0.003040,900
2026-05-10T10:00:00+00:00,-0.002100,900
2026-05-10T10:15:00+00:00,-0.003040,900
2026-05-10T10:30:00+00:00,-0.004250,900
2026-05-10T10:45:00+00:00,-0.006610,900
2026-05-10T11:00:00+00:00,-0.004570,900
2026-05-10T11:15:00+00:00,-0.003820,900
2026-05-10T11:30:00+00:00,-0.004220,900
2026-05-10T11:45:00+00:00,-0.003390,900
2026-05-10T12:00:00+00:00,-0.003410,900
2026-05-10T12:15:00+00:00,-0.002090,900
2026-05-10T12:30:00+00:00,-0.002050,900
2026-05-10T12:45:00+00:00,-0.002010,900
2026-05-10T13:00:00+00:00,-0.000820,900
2026-05-10T13:15:00+00:00,-0.000110,900
2026-05-10T13:30:00+00:00,-0.000070,900
2026-05-10T13:45:00+00:00,-0.000010,900
2026-05-10T14:00:00+00:00,-0.000060,900
2026-05-10T14:15:00+00:00,-0.000030,900
2026-05-10T14:30:00+00:00,0.000300,900
2026-05-10T14:45:00+00:00,0.007970,900
2026-05-10T15:00:00+00:00,0.008620,900
2026-05-10T15:15:00+00:00,0.050900,900
2026-05-10T15:30:00+00:00,0.081800,900
2026-05-10T15:45:00+00:00,0.102520,900
2026-05-10T16:00:00+00:00,0.079710,900
2026-05-10T16:15:00+00:00,0.097380,900
2026-05-10T16:30:00+00:00,0.108470,900
2026-05-10T16:45:00+00:00,0.111990,900
2026-05-10T17:00:00+00:00,0.102220,900
2026-05-10T17:15:00+00:00,0.109250,900
2026-05-10T17:30:00+00:00,0.112600,900
2026-05-10T17:45:00+00:00,0.118570,900
2026-05-10T18:00:00+00:00,0.118030,900
2026-05-10T18:15:00+00:00,0.121920,900
2026-05-10T18:30:00+00:00,0.124490,900
2026-05-10T18:45:00+00:00,0.130720,900
2026-05-10T19:00:00+00:00,0.124630,900
2026-05-10T19:15:00+00:00,0.124790,900
2026-05-10T19:30:00+00:00,0.123040,900
2026-05-10T19:45:00+00:00,0.121140,900
2026-05-10T20:00:00+00:00,0.122180,900
2026-05-10T20:15:00+00:00,0.119240,900
2026-05-10T20:30:00+00:00,0.120150,900
2026-05-10T20:45:00+00:00,0.116580,900
2026-05-10T21:00:00+00:00,0.117750,900
2026-05-10T21:15:00+00:00,0.114050,900
2026-05-10T21:30:00+00:00,0.113840,900
2026-05-10T21:45:00+00:00,0.107080,900
2026-05-10T22:00:00+00:00,0.117550,900
2026-05-10T22:15:00+00:00,0.106600,900
2026-05-10T22:30:00+00:00,0.107320,900
2026-05-10T22:45:00+00:00,0.103510,900
2026-05-10T23:00:00+00:00,0.108420,900
2026-05-10T23:15:00+00:00,0.103200,900
2026-05-10T23:30:00+00:00,0.101060,900
2026-05-10T23:45:00+00:00,0.097420,900
2026-05-11T00:00:00+00:00,0.099860,900
2026-05-11T00:15:00+00:00,0.100820,900
2026-05-11T00:30:00+00:00,0.100470,900
2026-05-11T00:45:00+00:00,0.102970,900
2026-05-11T01:00:00+00:00,0.101160,900
2026-05-11T01:15:00+00:00,0.102950,900
2026-05-11T01:30:00+00:00,0.106440,900
2026-05-11T01:45:00+00:00,0.107730,900
2026-05-11T02:00:00+00:00,0.101470,900
2026-05-11T02:15:00+00:00,0.102900,900
2026-05-11T02:30:00+00:00,0.108360,900
2026-05-11T02:45:00+00:00,0.112830,900
2026-05-11T03:00:00+00:00,0.112410,900
2026-05-11T03:15:00+00:00,0.120080,900
2026-05-11T03:30:00+00:00,0.123750,900
2026-05-11T03:45:00+00:00,0.118020,900
2026-05-11T04:00:00+00:00,0.134130,900
2026-05-11T04:15:00+00:00,0.133620,900
2026-05-11T04:30:00+00:00,0.140200,900
2026-05-11T04:45:00+00:00,0.146640,900
2026-05-11T05:00:00+00:00,0.164940,900
2026-05-11T05:15:00+00:00,0.192100,900
2026-05-11T05:30:00+00:00,0.158270,900
2026-05-11T05:45:00+00:00,0.148190,900
2026-05-11T06:00:00+00:00,0.203670,900
2026-05-11T06:15:00+00:00,0.152670,900
2026-05-11T06:30:00+00:00,0.142040,900
2026-05-11T06:45:00+00:00,0.129040,900
2026-05-11T07:00:00+00:00,0.151870,900
2026-05-11T07:15:00+00:00,0.126950,900
2026-05-11T07:30:00+00:00,0.124020,900
2026-05-11T07:45:00+00:00,0.117800,900
2026-05-11T08:00:00+00:00,0.130270,900
2026-05-11T08:15:00+00:00,0.118130,900
2026-05-11T08:30:00+00:00,0.112970,900
2026-05-11T08:45:00+00:00,0.105850,900
2026-05-11T09:00:00+00:00,0.117370,900
2026-05-11T09:15:00+00:00,0.105710,900
2026-05-11T09:30:00+00:00,0.096140,900
2026-05-11T09:45:00+00:00,0.095150,900
2026-05-11T10:00:00+00:00,0.099030,900
2026-05-11T10:15:00+00:00,0.096070,900
2026-05-11T10:30:00+00:00,0.096050,900
2026-05-11T10:45:00+00:00,0.091460,900
2026-05-11T11:00:00+00:00,0.091820,900
2026-05-11T11:15:00+00:00,0.091400,900
2026-05-11T11:30:00+00:00,0.089140,900
2026-05-11T11:45:00+00:00,0.084440,900
2026-05-11T12:00:00+00:00,0.088090,900
2026-05-11T12:15:00+00:00,0.088090,900
2026-05-11T12:30:00+00:00,0.085070,900
2026-05-11T12:45:00+00:00,0.063540,900
2026-05-11T13:00:00+00:00,0.085000,900
2026-05-11T13:15:00+00:00,0.085870,900
2026-05-11T13:30:00+00:00,0.063300,900
2026-05-11T13:45:00+00:00,0.045830,900
2026-05-11T14:00:00+00:00,0.035550,900
2026-05-11T14:15:00+00:00,0.042690,900
2026-05-11T14:30:00+00:00,0.068820,900
2026-05-11T14:45:00+00:00,0.097040,900
2026-05-11T15:00:00+00:00,0.070940,900
2026-05-11T15:15:00+00:00,0.100100,900
2026-05-11T15:30:00+00:00,0.107490,900
2026-05-11T15:45:00+00:00,0.113080,900
2026-05-11T16:00:00+00:00,0.108200,900
2026-05-11T16:15:00+00:00,0.111190,900
2026-05-11T16:30:00+00:00,0.112750,900
2026-05-11T16:45:00+00:00,0.119130,900
2026-05-11T17:00:00+00:00,0.116320,900
2026-05-11T17:15:00+00:00,0.121810,900
2026-05-11T17:30:00+00:00,0.127390,900
2026-05-11T17:45:00+00:00,0.135310,900
2026-05-11T18:00:00+00:00,0.126960,900
2026-05-11T18:15:00+00:00,0.127290,900
2026-05-11T18:30:00+00:00,0.133050,900
2026-05-11T18:45:00+00:00,0.133740,900
2026-05-11T19:00:00+00:00,0.135280,900
2026-05-11T19:15:00+00:00,0.129990,900
2026-05-11T19:30:00+00:00,0.127270,900
2026-05-11T19:45:00+00:00,0.116730,900
2026-05-11T20:00:00+00:00,0.126870,900
2026-05-11T20:15:00+00:00,0.121010,900
2026-05-11T20:30:00+00:00,0.121860,900
2026-05-11T20:45:00+00:00,0.113480,900
2026-05-11T21:00:00+00:00,0.119670,900
2026-05-11T21:15:00+00:00,0.108800,900
2026-05-11T21:30:00+00:00,0.106600,900
2026-05-11T21:45:00+00:00,0.101060,900
2026-05-11T22:00:00+00:00,0.106020,900
2026-05-11T22:15:00+00:00,0.100990,900
2026-05-11T22:30:00+00:00,0.096810,900
2026-05-11T22:45:00+00:00,0.092860,900
2026-05-11T23:00:00+00:00,0.099330,900
2026-05-11T23:15:00+00:00,0.094250,900
2026-05-11T23:30:00+00:00,0.094430,900
2026-05-11T23:45:00+00:00,0.090100,900
2026-05-12T00:00:00+00:00,0.090390,900
2026-05-12T00:15:00+00:00,0.091590,900
2026-05-12T00:30:00+00:00,0.089700,900
2026-05-12T00:45:00+00:00,0.085960,900
2026-05-12T01:00:00+00:00,0.091320,900
2026-05-12T01:15:00+00:00,0.088380,900
2026-05-12T01:30:00+00:00,0.087540,900
2026-05-12T01:45:00+00:00,0.085560,900
2026-05-12T02:00:00+00:00,0.084120,900
2026-05-12T02:15:00+00:00,0.089700,900
2026-05-12T02:30:00+00:00,0.092280,900
2026-05-12T02:45:00+00:00,0.096100,900
2026-05-12T03:00:00+00:00,0.085640,900
2026-05-12T03:15:00+00:00,0.090100,900
2026-05-12T03:30:00+00:00,0.098380,900
2026-05-12T03:45:00+00:00,0.101010,900
2026-05-12T04:00:00+00:00,0.099990,900
2026-05-12T04:15:00+00:00,0.110780,900
2026-05-12T04:30:00+00:00,0.114800,900
2026-05-12T04:45:00+00:00,0.119890,900
2026-05-12T05:00:00+00:00,0.125610,900
2026-05-12T05:15:00+00:00,0.125010,900
2026-05-12T05:30:00+00:00,0.122850,900
2026-05-12T05:45:00+00:00,0.117000,900
2026-05-12T06:00:00+00:00,0.125050,900
2026-05-12T06:15:00+00:00,0.118000,900
2026-05-12T06:30:00+00:00,0.108530,900
2026-05-12T06:45:00+00:00,0.097000,900
2026-05-12T07:00:00+00:00,0.108530,900
2026-05-12T07:15:00+00:00,0.100000,900
2026-05-12T07:30:00+00:00,0.092780,900
2026-05-12T07:45:00+00:00,0.074990,900
2026-05-12T08:00:00+00:00,0.096040,900
2026-05-12T08:15:00+00:00,0.085190,900
2026-05-12T08:30:00+00:00,0.070890,900
2026-05-12T08:45:00+00:00,0.057590,900
2026-05-12T09:00:00+00:00,0.069500,900
2026-05-12T09:15:00+00:00,0.062970,900
2026-05-12T09:30:00+00:00,0.057990,900
2026-05-12T09:45:00+00:00,0.054380,900
2026-05-12T10:00:00+00:00,0.053750,900
2026-05-12T10:15:00+00:00,0.044110,900
2026-05-12T10:30:00+00:00,0.039260,900
2026-05-12T10:45:00+00:00,0.038930,900
2026-05-12T11:00:00+00:00,0.032310,900
2026-05-12T11:15:00+00:00,0.030010,900
2026-05-12T11:30:00+00:00,0.024480,900
2026-05-12T11:45:00+00:00,0.022520,900
2026-05-12T12:00:00+00:00,0.021900,900
2026-05-12T12:15:00+00:00,0.022200,900
2026-05-12T12:30:00+00:00,0.025250,900
2026-05-12T12:45:00+00:00,0.032650,900
2026-05-12T13:00:00+00:00,0.030360,900
2026-05-12T13:15:00+00:00,0.037770,900
2026-05-12T13:30:00+00:00,0.050100,900
2026-05-12T13:45:00+00:00,0.061250,900
2026-05-12T14:00:00+00:00,0.041140,900
2026-05-12T14:15:00+00:00,0.060800,900
2026-05-12T14:30:00+00:00,0.087410,900
2026-05-12T14:45:00+00:00,0.096170,900
2026-05-12T15:00:00+00:00,0.070100,900
2026-05-12T15:15:00+00:00,0.094800,900
2026-05-12T15:30:00+00:00,0.102620,900
2026-05-12T15:45:00+00:00,0.116480,900
2026-05-12T16:00:00+00:00,0.097390,900
2026-05-12T16:15:00+00:00,0.111210,900
2026-05-12T16:30:00+00:00,0.121080,900
2026-05-12T16:45:00+00:00,0.129840,900
2026-05-12T17:00:00+00:00,0.116900,900
2026-05-12T17:15:00+00:00,0.129650,900
2026-05-12T17:30:00+00:00,0.140450,900
2026-05-12T17:45:00+00:00,0.153460,900
2026-05-12T18:00:00+00:00,0.137860,900
2026-05-12T18:15:00+00:00,0.143010,900
2026-05-12T18:30:00+00:00,0.146490,900
2026-05-12T18:45:00+00:00,0.144150,900
2026-05-12T19:00:00+00:00,0.151780,900
2026-05-12T19:15:00+00:00,0.147320,900
2026-05-12T19:30:00+00:00,0.139610,900
2026-05-12T19:45:00+00:00,0.132260,900
2026-05-12T20:00:00+00:00,0.138160,900
2026-05-12T20:15:00+00:00,0.132890,900
2026-05-12T20:30:00+00:00,0.129450,900
2026-05-12T20:45:00+00:00,0.124400,900
2026-05-12T21:00:00+00:00,0.127140,900
2026-05-12T21:15:00+00:00,0.120330,900
2026-05-12T21:30:00+00:00,0.115170,900
2026-05-12T21:45:00+00:00,0.110740,900
2026-05-12T22:00:00+00:00,0.122900,900
2026-05-12T22:15:00+00:00,0.112250,900
2026-05-12T22:30:00+00:00,0.103920,900
2026-05-12T22:45:00+00:00,0.099680,900
2026-05-12T23:00:00+00:00,0.107740,900
2026-05-12T23:15:00+00:00,0.102930,900
2026-05-12T23:30:00+00:00,0.102880,900
2026-05-12T23:45:00+00:00,0.101290,900
2026-05-13T00:00:00+00:00,0.102250,900
2026-05-13T00:15:00+00:00,0.101550,900
2026-05-13T00:30:00+00:00,0.095950,900
2026-05-13T00:45:00+00:00,0.097560,900
2026-05-13T01:00:00+00:00,0.097520,900
2026-05-13T01:15:00+00:00,0.098880,900
2026-05-13T01:30:00+00:00,0.101780,900
2026-05-13T01:45:00+00:00,0.101820,900
2026-05-13T02:00:00+00:00,0.102590,900
2026-05-13T02:15:00+00:00,0.104030,900
2026-05-13T02:30:00+00:00,0.103800,900
2026-05-13T02:45:00+00:00,0.109100,900
2026-05-13T03:00:00+00:00,0.108540,900
2026-05-13T03:15:00+00:00,0.107700,900
2026-05-13T03:30:00+00:00,0.114100,900
2026-05-13T03:45:00+00:00,0.121010,900
2026-05-13T04:00:00+00:00,0.117800,900
2026-05-13T04:15:00+00:00,0.126750,900
2026-05-13T04:30:00+00:00,0.132200,900
2026-05-13T04:45:00+00:00,0.129650,900
2026-05-13T05:00:00+00:00,0.137480,900
2026-05-13T05:15:00+00:00,0.135450,900
2026-05-13T05:30:00+00:00,0.135750,900
2026-05-13T05:45:00+00:00,0.126310,900
2026-05-13T06:00:00+00:00,0.138060,900
2026-05-13T06:15:00+00:00,0.126370,900
2026-05-13T06:30:00+00:00,0.118570,900
2026-05-13T06:45:00+00:00,0.101120,900
2026-05-13T07:00:00+00:00,0.114170,900
2026-05-13T07:15:00+00:00,0.092610,900
2026-05-13T07:30:00+00:00,0.086250,900
2026-05-13T07:45:00+00:00,0.076630,900
2026-05-13T08:00:00+00:00,0.086340,900
2026-05-13T08:15:00+00:00,0.078900,900
2026-05-13T08:30:00+00:00,0.074520,900
2026-05-13T08:45:00+00:00,0.065590,900
2026-05-13T09:00:00+00:00,0.078520,900
2026-05-13T09:15:00+00:00,0.073360,900
2026-05-13T09:30:00+00:00,0.073290,900
2026-05-13T09:45:00+00:00,0.070600,900
2026-05-13T10:00:00+00:00,0.073210,900
2026-05-13T10:15:00+00:00,0.068380,900
2026-05-13T10:30:00+00:00,0.063670,900
2026-05-13T10:45:00+00:00,0.060380,900
2026-05-13T11:00:00+00:00,0.066550,900
2026-05-13T11:15:00+00:00,0.065920,900
2026-05-13T11:30:00+00:00,0.063270,900
2026-05-13T11:45:00+00:00,0.059070,900
2026-05-13T12:00:00+00:00,0.056370,900
2026-05-13T12:15:00+00:00,0.058500,900
2026-05-13T12:30:00+00:00,0.063970,900
2026-05-13T12:45:00+00:00,0.068490,900
2026-05-13T13:00:00+00:00,0.060860,900
2026-05-13T13:15:00+00:00,0.068070,900
2026-05-13T13:30:00+00:00,0.075320,900
2026-05-13T13:45:00+00:00,0.085400,900
2026-05-13T14:00:00+00:00,0.066570,900
2026-05-13T14:15:00+00:00,0.077370,900
2026-05-13T14:30:00+00:00,0.083780,900
2026-05-13T14:45:00+00:00,0.096940,900
2026-05-13T15:00:00+00:00,0.080590,900
2026-05-13T15:15:00+00:00,0.090420,900
2026-05-13T15:30:00+00:00,0.104160,900
2026-05-13T15:45:00+00:00,0.112670,900
2026-05-13T16:00:00+00:00,0.105080,900
2026-05-13T16:15:00+00:00,0.116580,900
2026-05-13T16:30:00+00:00,0.121710,900
2026-05-13T16:45:00+00:00,0.132710,900
2026-05-13T17:00:00+00:00,0.122410,900
2026-05-13T17:15:00+00:00,0.132270,900
2026-05-13T17:30:00+00:00,0.142020,900
2026-05-13T17:45:00+00:00,0.166150,900
2026-05-13T18:00:00+00:00,0.154890,900
2026-05-13T18:15:00+00:00,0.161060,900
2026-05-13T18:30:00+00:00,0.164820,900
2026-05-13T18:45:00+00:00,0.165730,900
2026-05-13T19:00:00+00:00,0.166730,900
2026-05-13T19:15:00+00:00,0.153050,900
2026-05-13T19:30:00+00:00,0.143240,900
2026-05-13T19:45:00+00:00,0.138010,900
2026-05-13T20:00:00+00:00,0.144350,900
2026-05-13T20:15:00+00:00,0.133490,900
2026-05-13T20:30:00+00:00,0.131380,900
2026-05-13T20:45:00+00:00,0.127220,900
2026-05-13T21:00:00+00:00,0.126830,900
2026-05-13T21:15:00+00:00,0.121510,900
2026-05-13T21:30:00+00:00,0.115920,900
2026-05-13T21:45:00+00:00,0.112410,900
2026-05-13T22:00:00+00:00,0.127310,900
2026-05-13T22:15:00+00:00,0.123510,900
2026-05-13T22:30:00+00:00,0.114740,900
2026-05-13T22:45:00+00:00,0.109450,900
2026-05-13T23:00:00+00:00,0.119290,900
2026-05-13T23:15:00+00:00,0.114700,900
2026-05-13T23:30:00+00:00,0.113010,900
2026-05-13T23:45:00+00:00,0.103890,900
2026-05-14T00:00:00+00:00,0.115180,900
2026-05-14T00:15:00+00:00,0.110100,900
2026-05-14T00:30:00+00:00,0.106930,900
2026-05-14T00:45:00+00:00,0.103340,900
2026-05-14T01:00:00+00:00,0.109490,900
2026-05-14T01:15:00+00:00,0.108000,900
2026-05-14T01:30:00+00:00,0.106850,900
2026-05-14T01:45:00+00:00,0.105790,900
2026-05-14T02:00:00+00:00,0.105590,900
2026-05-14T02:15:00+00:00,0.104550,900
2026-05-14T02:30:00+00:00,0.104370,900
2026-05-14T02:45:00+00:00,0.106510,900
2026-05-14T03:00:00+00:00,0.106330,900
2026-05-14T03:15:00+00:00,0.104100,900
2026-05-14T03:30:00+00:00,0.104980,900
2026-05-14T03:45:00+00:00,0.103280,900
2026-05-14T04:00:00+00:00,0.105070,900
2026-05-14T04:15:00+00:00,0.104990,900
2026-05-14T04:30:00+00:00,0.102860,900
2026-05-14T04:45:00+00:00,0.094710,900
2026-05-14T05:00:00+00:00,0.119250,900
2026-05-14T05:15:00+00:00,0.103860,900
2026-05-14T05:30:00+00:00,0.098290,900
2026-05-14T05:45:00+00:00,0.092750,900
2026-05-14T06:00:00+00:00,0.104320,900
2026-05-14T06:15:00+00:00,0.099670,900
2026-05-14T06:30:00+00:00,0.093160,900
2026-05-14T06:45:00+00:00,0.078650,900
2026-05-14T07:00:00+00:00,0.094550,900
2026-05-14T07:15:00+00:00,0.090000,900
2026-05-14T07:30:00+00:00,0.075400,900
2026-05-14T07:45:00+00:00,0.063990,900
2026-05-14T08:00:00+00:00,0.076490,900
2026-05-14T08:15:00+00:00,0.059060,900
2026-05-14T08:30:00+00:00,0.046140,900
2026-05-14T08:45:00+00:00,0.034830,900
2026-05-14T09:00:00+00:00,0.039220,900
2026-05-14T09:15:00+00:00,0.036180,900
2026-05-14T09:30:00+00:00,0.030430,900
2026-05-14T09:45:00+00:00,0.021990,900
2026-05-14T10:00:00+00:00,0.031300,900
2026-05-14T10:15:00+00:00,0.019510,900
2026-05-14T10:30:00+00:00,0.014220,900
2026-05-14T10:45:00+00:00,0.010250,900
2026-05-14T11:00:00+00:00,0.010210,900
2026-05-14T11:15:00+00:00,0.008250,900
2026-05-14T11:30:00+00:00,0.006510,900
2026-05-14T11:45:00+00:00,0.004760,900
2026-05-14T12:00:00+00:00,0.003140,900
2026-05-14T12:15:00+00:00,0.004230,900
2026-05-14T12:30:00+00:00,0.004410,900
2026-05-14T12:45:00+00:00,0.005200,900
2026-05-14T13:00:00+00:00,0.004370,900
2026-05-14T13:15:00+00:00,0.006900,900
2026-05-14T13:30:00+00:00,0.015970,900
2026-05-14T13:45:00+00:00,0.036150,900
2026-05-14T14:00:00+00:00,0.021210,900
2026-05-14T14:15:00+00:00,0.049650,900
2026-05-14T14:30:00+00:00,0.072270,900
2026-05-14T14:45:00+00:00,0.093190,900
2026-05-14T15:00:00+00:00,0.053940,900
2026-05-14T15:15:00+00:00,0.080750,900
2026-05-14T15:30:00+00:00,0.091840,900
2026-05-14T15:45:00+00:00,0.111640,900
2026-05-14T16:00:00+00:00,0.096720,900
2026-05-14T16:15:00+00:00,0.111600,900
2026-05-14T16:30:00+00:00,0.122450,900
2026-05-14T16:45:00+00:00,0.135430,900
2026-05-14T17:00:00+00:00,0.122680,900
2026-05-14T17:15:00+00:00,0.131110,900
2026-05-14T17:30:00+00:00,0.139660,900
2026-05-14T17:45:00+00:00,0.147000,900
2026-05-14T18:00:00+00:00,0.143030,900
2026-05-14T18:15:00+00:00,0.148370,900
2026-05-14T18:30:00+00:00,0.153060,900
2026-05-14T18:45:00+00:00,0.181460,900
2026-05-14T19:00:00+00:00,0.149250,900
2026-05-14T19:15:00+00:00,0.154470,900
2026-05-14T19:30:00+00:00,0.152760,900
2026-05-14T19:45:00+00:00,0.153610,900
2026-05-14T20:00:00+00:00,0.159080,900
2026-05-14T20:15:00+00:00,0.143700,900
2026-05-14T20:30:00+00:00,0.139110,900
2026-05-14T20:45:00+00:00,0.133660,900
2026-05-14T21:00:00+00:00,0.137620,900
2026-05-14T21:15:00+00:00,0.131500,900
2026-05-14T21:30:00+00:00,0.128040,900
2026-05-14T21:45:00+00:00,0.123910,900
2026-05-14T22:00:00+00:00,0.139000,900
2026-05-14T22:15:00+00:00,0.132650,900
2026-05-14T22:30:00+00:00,0.129560,900
2026-05-14T22:45:00+00:00,0.120750,900
2026-05-14T23:00:00+00:00,0.133420,900
2026-05-14T23:15:00+00:00,0.125910,900
2026-05-14T23:30:00+00:00,0.121060,900
2026-05-14T23:45:00+00:00,0.115160,900
2026-05-15T00:00:00+00:00,0.123920,900
2026-05-15T00:15:00+00:00,0.119310,900
2026-05-15T00:30:00+00:00,0.116470,900
2026-05-15T00:45:00+00:00,0.114820,900
2026-05-15T01:00:00+00:00,0.114400,900
2026-05-15T01:15:00+00:00,0.112340,900
2026-05-15T01:30:00+00:00,0.113370,900
2026-05-15T01:45:00+00:00,0.111670,900
2026-05-15T02:00:00+00:00,0.111310,900
2026-05-15T02:15:00+00:00,0.112480,900
2026-05-15T02:30:00+00:00,0.113690,900
2026-05-15T02:45:00+00:00,0.116520,900
2026-05-15T03:00:00+00:00,0.113970,900
2026-05-15T03:15:00+00:00,0.115100,900
2026-05-15T03:30:00+00:00,0.117960,900
2026-05-15T03:45:00+00:00,0.120790,900
2026-05-15T04:00:00+00:00,0.123760,900
2026-05-15T04:15:00+00:00,0.128120,900
2026-05-15T04:30:00+00:00,0.127980,900
2026-05-15T04:45:00+00:00,0.128120,900
2026-05-15T05:00:00+00:00,0.133310,900
2026-05-15T05:15:00+00:00,0.130650,900
2026-05-15T05:30:00+00:00,0.127550,900
2026-05-15T05:45:00+00:00,0.108520,900
2026-05-15T06:00:00+00:00,0.128370,900
2026-05-15T06:15:00+00:00,0.120660,900
2026-05-15T06:30:00+00:00,0.111700,900
2026-05-15T06:45:00+00:00,0.101840,900
2026-05-15T07:00:00+00:00,0.114940,900
2026-05-15T07:15:00+00:00,0.103670,900
2026-05-15T07:30:00+00:00,0.091300,900
2026-05-15T07:45:00+00:00,0.079010,900
2026-05-15T08:00:00+00:00,0.092430,900
2026-05-15T08:15:00+00:00,0.073420,900
2026-05-15T08:30:00+00:00,0.069290,900
2026-05-15T08:45:00+00:00,0.058470,900
2026-05-15T09:00:00+00:00,0.073170,900
2026-05-15T09:15:00+00:00,0.066060,900
2026-05-15T09:30:00+00:00,0.052990,900
2026-05-15T09:45:00+00:00,0.042480,900
2026-05-15T10:00:00+00:00,0.063670,900
2026-05-15T10:15:00+00:00,0.053580,900
2026-05-15T10:30:00+00:00,0.043100,900
2026-05-15T10:45:00+00:00,0.034890,900
2026-05-15T11:00:00+00:00,0.043960,900
2026-05-15T11:15:00+00:00,0.036890,900
2026-05-15T11:30:00+00:00,0.033170,900
2026-05-15T11:45:00+00:00,0.027350,900
2026-05-15T12:00:00+00:00,0.029400,900
2026-05-15T12:15:00+00:00,0.032840,900
2026-05-15T12:30:00+00:00,0.037680,900
2026-05-15T12:45:00+00:00,0.041610,900
2026-05-15T13:00:00+00:00,0.024590,900
2026-05-15T13:15:00+00:00,0.038370,900
2026-05-15T13:30:00+00:00,0.049580,900
2026-05-15T13:45:00+00:00,0.065160,900
2026-05-15T14:00:00+00:00,0.037560,900
2026-05-15T14:15:00+00:00,0.060000,900
2026-05-15T14:30:00+00:00,0.081190,900
2026-05-15T14:45:00+00:00,0.088790,900
2026-05-15T15:00:00+00:00,0.076960,900
2026-05-15T15:15:00+00:00,0.088450,900
2026-05-15T15:30:00+00:00,0.100750,900
2026-05-15T15:45:00+00:00,0.108360,900
2026-05-15T16:00:00+00:00,0.105350,900
2026-05-15T16:15:00+00:00,0.109100,900
2026-05-15T16:30:00+00:00,0.116440,900
2026-05-15T16:45:00+00:00,0.123740,900
2026-05-15T17:00:00+00:00,0.124710,900
2026-05-15T17:15:00+00:00,0.129050,900
2026-05-15T17:30:00+00:00,0.135500,900
2026-05-15T17:45:00+00:00,0.142720,900
2026-05-15T18:00:00+00:00,0.140730,900
2026-05-15T18:15:00+00:00,0.142760,900
2026-05-15T18:30:00+00:00,0.145500,900
2026-05-15T18:45:00+00:00,0.149790,900
2026-05-15T19:00:00+00:00,0.154150,900
2026-05-15T19:15:00+00:00,0.146930,900
2026-05-15T19:30:00+00:00,0.141090,900
2026-05-15T19:45:00+00:00,0.137010,900
2026-05-15T20:00:00+00:00,0.145260,900
2026-05-15T20:15:00+00:00,0.139200,900
2026-05-15T20:30:00+00:00,0.139150,900
2026-05-15T20:45:00+00:00,0.134210,900
2026-05-15T21:00:00+00:00,0.139360,900
2026-05-15T21:15:00+00:00,0.132090,900
2026-05-15T21:30:00+00:00,0.126740,900
2026-05-15T21:45:00+00:00,0.124390,900
2026-05-15T22:00:00+00:00,0.139320,900
2026-05-15T22:15:00+00:00,0.129380,900
2026-05-15T22:30:00+00:00,0.119470,900
2026-05-15T22:45:00+00:00,0.115830,900
2026-05-15T23:00:00+00:00,0.120860,900
2026-05-15T23:15:00+00:00,0.115990,900
2026-05-15T23:30:00+00:00,0.117630,900
2026-05-15T23:45:00+00:00,0.115430,900
2026-05-16T00:00:00+00:00,0.119590,900
2026-05-16T00:15:00+00:00,0.117670,900
2026-05-16T00:30:00+00:00,0.117210,900
2026-05-16T00:45:00+00:00,0.111530,900
2026-05-16T01:00:00+00:00,0.117850,900
2026-05-16T01:15:00+00:00,0.116090,900
2026-05-16T01:30:00+00:00,0.115220,900
2026-05-16T01:45:00+00:00,0.114850,900
2026-05-16T02:00:00+00:00,0.114730,900
2026-05-16T02:15:00+00:00,0.113610,900
2026-05-16T02:30:00+00:00,0.112760,900
2026-05-16T02:45:00+00:00,0.114980,900
2026-05-16T03:00:00+00:00,0.114820,900
2026-05-16T03:15:00+00:00,0.110190,900
2026-05-16T03:30:00+00:00,0.106800,900
2026-05-16T03:45:00+00:00,0.105560,900
2026-05-16T04:00:00+00:00,0.110470,900
2026-05-16T04:15:00+00:00,0.106470,900
2026-05-16T04:30:00+00:00,0.105100,900
2026-05-16T04:45:00+00:00,0.100790,900
2026-05-16T05:00:00+00:00,0.107970,900
2026-05-16T05:15:00+00:00,0.103280,900
2026-05-16T05:30:00+00:00,0.098640,900
2026-05-16T05:45:00+00:00,0.090290,900
2026-05-16T06:00:00+00:00,0.100000,900
2026-05-16T06:15:00+00:00,0.090520,900
2026-05-16T06:30:00+00:00,0.079950,900
2026-05-16T06:45:00+00:00,0.065720,900
2026-05-16T07:00:00+00:00,0.081790,900
2026-05-16T07:15:00+00:00,0.057880,900
2026-05-16T07:30:00+00:00,0.017160,900
2026-05-16T07:45:00+00:00,0.007170,900
2026-05-16T08:00:00+00:00,0.013120,900
2026-05-16T08:15:00+00:00,0.003030,900
2026-05-16T08:30:00+00:00,0.000270,900
2026-05-16T08:45:00+00:00,0.000110,900
2026-05-16T09:00:00+00:00,0.000350,900
2026-05-16T09:15:00+00:00,0.000340,900
2026-05-16T09:30:00+00:00,0.000310,900
2026-05-16T09:45:00+00:00,0.000360,900
2026-05-16T10:00:00+00:00,-0.000290,900
2026-05-16T10:15:00+00:00,-0.000350,900
2026-05-16T10:30:00+00:00,-0.000630,900
2026-05-16T10:45:00+00:00,-0.000980,900
2026-05-16T11:00:00+00:00,-0.001510,900
2026-05-16T11:15:00+00:00,-0.001450,900
2026-05-16T11:30:00+00:00,-0.001450,900
2026-05-16T11:45:00+00:00,-0.001330,900
2026-05-16T12:00:00+00:00,-0.001330,900
2026-05-16T12:15:00+00:00,-0.001310,900
2026-05-16T12:30:00+00:00,-0.001290,900
2026-05-16T12:45:00+00:00,-0.001080,900
2026-05-16T13:00:00+00:00,-0.001080,900
2026-05-16T13:15:00+00:00,-0.000710,900
2026-05-16T13:30:00+00:00,-0.000600,900
2026-05-16T13:45:00+00:00,-0.000240,900
2026-05-16T14:00:00+00:00,-0.000120,900
2026-05-16T14:15:00+00:00,0.000030,900
2026-05-16T14:30:00+00:00,0.000290,900
2026-05-16T14:45:00+00:00,0.017290,900
2026-05-16T15:00:00+00:00,0.005560,900
2026-05-16T15:15:00+00:00,0.038520,900
2026-05-16T15:30:00+00:00,0.078120,900
2026-05-16T15:45:00+00:00,0.100690,900
2026-05-16T16:00:00+00:00,0.065610,900
2026-05-16T16:15:00+00:00,0.089730,900
2026-05-16T16:30:00+00:00,0.114520,900
2026-05-16T16:45:00+00:00,0.121800,900
2026-05-16T17:00:00+00:00,0.106980,900
2026-05-16T17:15:00+00:00,0.118470,900
2026-05-16T17:30:00+00:00,0.128680,900
2026-05-16T17:45:00+00:00,0.135950,900
2026-05-16T18:00:00+00:00,0.133700,900
2026-05-16T18:15:00+00:00,0.138500,900
2026-05-16T18:30:00+00:00,0.141440,900
2026-05-16T18:45:00+00:00,0.146070,900
2026-05-16T19:00:00+00:00,0.143760,900
2026-05-16T19:15:00+00:00,0.141350,900
2026-05-16T19:30:00+00:00,0.139260,900
2026-05-16T19:45:00+00:00,0.141050,900
2026-05-16T20:00:00+00:00,0.139350,900
2026-05-16T20:15:00+00:00,0.136440,900
2026-05-16T20:30:00+00:00,0.134310,900
2026-05-16T20:45:00+00:00,0.130870,900
2026-05-16T21:00:00+00:00,0.130410,900
2026-05-16T21:15:00+00:00,0.126200,900
2026-05-16T21:30:00+00:00,0.125360,900
2026-05-16T21:45:00+00:00,0.116870,900
2026-05-16T22:00:00+00:00,0.132900,900
2026-05-16T22:15:00+00:00,0.125940,900
2026-05-16T22:30:00+00:00,0.118500,900
2026-05-16T22:45:00+00:00,0.116070,900
2026-05-16T23:00:00+00:00,0.122670,900
2026-05-16T23:15:00+00:00,0.116020,900
2026-05-16T23:30:00+00:00,0.113820,900
2026-05-16T23:45:00+00:00,0.112410,900
2026-05-17T00:00:00+00:00,0.115560,900
2026-05-17T00:15:00+00:00,0.113470,900
2026-05-17T00:30:00+00:00,0.110040,900
2026-05-17T00:45:00+00:00,0.109010,900
2026-05-17T01:00:00+00:00,0.107880,900
2026-05-17T01:15:00+00:00,0.109740,900
2026-05-17T01:30:00+00:00,0.110200,900
2026-05-17T01:45:00+00:00,0.111840,900
2026-05-17T02:00:00+00:00,0.106910,900
2026-05-17T02:15:00+00:00,0.106460,900
2026-05-17T02:30:00+00:00,0.104420,900
2026-05-17T02:45:00+00:00,0.104700,900
2026-05-17T03:00:00+00:00,0.104170,900
2026-05-17T03:15:00+00:00,0.103770,900
2026-05-17T03:30:00+00:00,0.102350,900
2026-05-17T03:45:00+00:00,0.099670,900
2026-05-17T04:00:00+00:00,0.102560,900
2026-05-17T04:15:00+00:00,0.099810,900
2026-05-17T04:30:00+00:00,0.093640,900
2026-05-17T04:45:00+00:00,0.089270,900
2026-05-17T05:00:00+00:00,0.097710,900
2026-05-17T05:15:00+00:00,0.086800,900
2026-05-17T05:30:00+00:00,0.069120,900
2026-05-17T05:45:00+00:00,0.062140,900
2026-05-17T06:00:00+00:00,0.081900,900
2026-05-17T06:15:00+00:00,0.063350,900
2026-05-17T06:30:00+00:00,0.049180,900
2026-05-17T06:45:00+00:00,0.016960,900
2026-05-17T07:00:00+00:00,0.038610,900
2026-05-17T07:15:00+00:00,0.022200,900
2026-05-17T07:30:00+00:00,0.009990,900
2026-05-17T07:45:00+00:00,0.006230,900
2026-05-17T08:00:00+00:00,0.008070,900
2026-05-17T08:15:00+00:00,0.004510,900
2026-05-17T08:30:00+00:00,0.001340,900
2026-05-17T08:45:00+00:00,0.000040,900
2026-05-17T09:00:00+00:00,0.002010,900
2026-05-17T09:15:00+00:00,0.000190,900
2026-05-17T09:30:00+00:00,0.000050,900
2026-05-17T09:45:00+00:00,0.000010,900
2026-05-17T10:00:00+00:00,0.001350,900
2026-05-17T10:15:00+00:00,0.002500,900
2026-05-17T10:30:00+00:00,0.002490,900
2026-05-17T10:45:00+00:00,0.000100,900
2026-05-17T11:00:00+00:00,0.000000,900
2026-05-17T11:15:00+00:00,0.000000,900
2026-05-17T11:30:00+00:00,0.000000,900
2026-05-17T11:45:00+00:00,0.000000,900
2026-05-17T12:00:00+00:00,0.000000,900
2026-05-17T12:15:00+00:00,0.000000,900
2026-05-17T12:30:00+00:00,0.000070,900
2026-05-17T12:45:00+00:00,0.005800,900
2026-05-17T13:00:00+00:00,0.005210,900
2026-05-17T13:15:00+00:00,0.007450,900
2026-05-17T13:30:00+00:00,0.015820,900
2026-05-17T13:45:00+00:00,0.039360,900
2026-05-17T14:00:00+00:00,0.013350,900
2026-05-17T14:15:00+00:00,0.034620,900
2026-05-17T14:30:00+00:00,0.070530,900
2026-05-17T14:45:00+00:00,0.103900,900
2026-05-17T15:00:00+00:00,0.069080,900
2026-05-17T15:15:00+00:00,0.091450,900
2026-05-17T15:30:00+00:00,0.112760,900
2026-05-17T15:45:00+00:00,0.130120,900
2026-05-17T16:00:00+00:00,0.108300,900
2026-05-17T16:15:00+00:00,0.126540,900
2026-05-17T16:30:00+00:00,0.138180,900
2026-05-17T16:45:00+00:00,0.144800,900
2026-05-17T17:00:00+00:00,0.135200,900
2026-05-17T17:15:00+00:00,0.142230,900
2026-05-17T17:30:00+00:00,0.146870,900
2026-05-17T17:45:00+00:00,0.147970,900
2026-05-17T18:00:00+00:00,0.146570,900
2026-05-17T18:15:00+00:00,0.153100,900
2026-05-17T18:30:00+00:00,0.154170,900
2026-05-17T18:45:00+00:00,0.150180,900
2026-05-17T19:00:00+00:00,0.159700,900
2026-05-17T19:15:00+00:00,0.153770,900
2026-05-17T19:30:00+00:00,0.150120,900
2026-05-17T19:45:00+00:00,0.148580,900
2026-05-17T20:00:00+00:00,0.154710,900
2026-05-17T20:15:00+00:00,0.147950,900
2026-05-17T20:30:00+00:00,0.146510,900
2026-05-17T20:45:00+00:00,0.144420,900
2026-05-17T21:00:00+00:00,0.145200,900
2026-05-17T21:15:00+00:00,0.140980,900
2026-05-17T21:30:00+00:00,0.141260,900
2026-05-17T21:45:00+00:00,0.131310,900
2026-05-17T22:00:00+00:00,0.140280,900
2026-05-17T22:15:00+00:00,0.132450,900
2026-05-17T22:30:00+00:00,0.126320,900
2026-05-17T22:45:00+00:00,0.121940,900
2026-05-17T23:00:00+00:00,0.126300,900
2026-05-17T23:15:00+00:00,0.121760,900
2026-05-17T23:30:00+00:00,0.121190,900
2026-05-17T23:45:00+00:00,0.120330,900
2026-05-18T00:00:00+00:00,0.121530,900
2026-05-18T00:15:00+00:00,0.122470,900
2026-05-18T00:30:00+00:00,0.122400,900
2026-05-18T00:45:00+00:00,0.122290,900
2026-05-18T01:00:00+00:00,0.122790,900
2026-05-18T01:15:00+00:00,0.121520,900
2026-05-18T01:30:00+00:00,0.122270,900
2026-05-18T01:45:00+00:00,0.122410,900
2026-05-18T02:00:00+00:00,0.122540,900
2026-05-18T02:15:00+00:00,0.124020,900
2026-05-18T02:30:00+00:00,0.124770,900
2026-05-18T02:45:00+00:00,0.129360,900
2026-05-18T03:00:00+00:00,0.122540,900
2026-05-18T03:15:00+00:00,0.129800,900
2026-05-18T03:30:00+00:00,0.134720,900
2026-05-18T03:45:00+00:00,0.142920,900
2026-05-18T04:00:00+00:00,0.139830,900
2026-05-18T04:15:00+00:00,0.145400,900
2026-05-18T04:30:00+00:00,0.149080,900
2026-05-18T04:45:00+00:00,0.157290,900
2026-05-18T05:00:00+00:00,0.175450,900
2026-05-18T05:15:00+00:00,0.161720,900
2026-05-18T05:30:00+00:00,0.159090,900
2026-05-18T05:45:00+00:00,0.148760,900
2026-05-18T06:00:00+00:00,0.185440,900
2026-05-18T06:15:00+00:00,0.187130,900
2026-05-18T06:30:00+00:00,0.170350,900
2026-05-18T06:45:00+00:00,0.144280,900
2026-05-18T07:00:00+00:00,0.145140,900
2026-05-18T07:15:00+00:00,0.156050,900
2026-05-18T07:30:00+00:00,0.132300,900
2026-05-18T07:45:00+00:00,0.126520,900
2026-05-18T08:00:00+00:00,0.131160,900
2026-05-18T08:15:00+00:00,0.133900,900
2026-05-18T08:30:00+00:00,0.115490,900
2026-05-18T08:45:00+00:00,0.107870,900
2026-05-18T09:00:00+00:00,0.108370,900
2026-05-18T09:15:00+00:00,0.112020,900
2026-05-18T09:30:00+00:00,0.104460,900
2026-05-18T09:45:00+00:00,0.099140,900
2026-05-18T10:00:00+00:00,0.111700,900
2026-05-18T10:15:00+00:00,0.097750,900
2026-05-18T10:30:00+00:00,0.094540,900
2026-05-18T10:45:00+00:00,0.089990,900
2026-05-18T11:00:00+00:00,0.094960,900
2026-05-18T11:15:00+00:00,0.090650,900
2026-05-18T11:30:00+00:00,0.091330,900
2026-05-18T11:45:00+00:00,0.085350,900
2026-05-18T12:00:00+00:00,0.085110,900
2026-05-18T12:15:00+00:00,0.091260,900
2026-05-18T12:30:00+00:00,0.094480,900
2026-05-18T12:45:00+00:00,0.096070,900
2026-05-18T13:00:00+00:00,0.090000,900
2026-05-18T13:15:00+00:00,0.096980,900
2026-05-18T13:30:00+00:00,0.106830,900
2026-05-18T13:45:00+00:00,0.100630,900
2026-05-18T14:00:00+00:00,0.093420,900
2026-05-18T14:15:00+00:00,0.099380,900
2026-05-18T14:30:00+00:00,0.108270,900
2026-05-18T14:45:00+00:00,0.119940,900
2026-05-18T15:00:00+00:00,0.107470,900
2026-05-18T15:15:00+00:00,0.116760,900
2026-05-18T15:30:00+00:00,0.130230,900
2026-05-18T15:45:00+00:00,0.146560,900
2026-05-18T16:00:00+00:00,0.124780,900
2026-05-18T16:15:00+00:00,0.134400,900
2026-05-18T16:30:00+00:00,0.144810,900
2026-05-18T16:45:00+00:00,0.168050,900
2026-05-18T17:00:00+00:00,0.136350,900
2026-05-18T17:15:00+00:00,0.155990,900
2026-05-18T17:30:00+00:00,0.183700,900
2026-05-18T17:45:00+00:00,0.243200,900
2026-05-18T18:00:00+00:00,0.210280,900
2026-05-18T18:15:00+00:00,0.224680,900
2026-05-18T18:30:00+00:00,0.246340,900
2026-05-18T18:45:00+00:00,0.236340,900
2026-05-18T19:00:00+00:00,0.255350,900
2026-05-18T19:15:00+00:00,0.210510,900
2026-05-18T19:30:00+00:00,0.184040,900
2026-05-18T19:45:00+00:00,0.156670,900
2026-05-18T20:00:00+00:00,0.169880,900
2026-05-18T20:15:00+00:00,0.155810,900
2026-05-18T20:30:00+00:00,0.151880,900
2026-05-18T20:45:00+00:00,0.144830,900
2026-05-18T21:00:00+00:00,0.152410,900
2026-05-18T21:15:00+00:00,0.142900,900
2026-05-18T21:30:00+00:00,0.142420,900
2026-05-18T21:45:00+00:00,0.134270,900
2026-05-18T22:00:00+00:00,0.152570,900
2026-05-18T22:15:00+00:00,0.142000,900
2026-05-18T22:30:00+00:00,0.136740,900
2026-05-18T22:45:00+00:00,0.133580,900
2026-05-18T23:00:00+00:00,0.141040,900
2026-05-18T23:15:00+00:00,0.132390,900
2026-05-18T23:30:00+00:00,0.130530,900
2026-05-18T23:45:00+00:00,0.129180,900
2026-05-19T00:00:00+00:00,0.131920,900
2026-05-19T00:15:00+00:00,0.128450,900
2026-05-19T00:30:00+00:00,0.129530,900
2026-05-19T00:45:00+00:00,0.129270,900
2026-05-19T01:00:00+00:00,0.128840,900
2026-05-19T01:15:00+00:00,0.127430,900
2026-05-19T01:30:00+00:00,0.128450,900
2026-05-19T01:45:00+00:00,0.129040,900
2026-05-19T02:00:00+00:00,0.125000,900
2026-05-19T02:15:00+00:00,0.125430,900
2026-05-19T02:30:00+00:00,0.131500,900
2026-05-19T02:45:00+00:00,0.136510,900
2026-05-19T03:00:00+00:00,0.129390,900
2026-05-19T03:15:00+00:00,0.133420,900
2026-05-19T03:30:00+00:00,0.136940,900
2026-05-19T03:45:00+00:00,0.141980,900
2026-05-19T04:00:00+00:00,0.144680,900
2026-05-19T04:15:00+00:00,0.157040,900
2026-05-19T04:30:00+00:00,0.156070,900
2026-05-19T04:45:00+00:00,0.144220,900
2026-05-19T05:00:00+00:00,0.161310,900
2026-05-19T05:15:00+00:00,0.145920,900
2026-05-19T05:30:00+00:00,0.140440,900
2026-05-19T05:45:00+00:00,0.124390,900
2026-05-19T06:00:00+00:00,0.145140,900
2026-05-19T06:15:00+00:00,0.132190,900
2026-05-19T06:30:00+00:00,0.117860,900
2026-05-19T06:45:00+00:00,0.103060,900
2026-05-19T07:00:00+00:00,0.124530,900
2026-05-19T07:15:00+00:00,0.114200,900
2026-05-19T07:30:00+00:00,0.099110,900
2026-05-19T07:45:00+00:00,0.084930,900
2026-05-19T08:00:00+00:00,0.098360,900
2026-05-19T08:15:00+00:00,0.092350,900
2026-05-19T08:30:00+00:00,0.082390,900
2026-05-19T08:45:00+00:00,0.076870,900
2026-05-19T09:00:00+00:00,0.081930,900
2026-05-19T09:15:00+00:00,0.076740,900
2026-05-19T09:30:00+00:00,0.072570,900
2026-05-19T09:45:00+00:00,0.067450,900
2026-05-19T10:00:00+00:00,0.070210,900
2026-05-19T10:15:00+00:00,0.068260,900
2026-05-19T10:30:00+00:00,0.062700,900
2026-05-19T10:45:00+00:00,0.061120,900
2026-05-19T11:00:00+00:00,0.067700,900
2026-05-19T11:15:00+00:00,0.067270,900
2026-05-19T11:30:00+00:00,0.067610,900
2026-05-19T11:45:00+00:00,0.065100,900
2026-05-19T12:00:00+00:00,0.059370,900
2026-05-19T12:15:00+00:00,0.067190,900
2026-05-19T12:30:00+00:00,0.071920,900
2026-05-19T12:45:00+00:00,0.076200,900
2026-05-19T13:00:00+00:00,0.068620,900
2026-05-19T13:15:00+00:00,0.074520,900
2026-05-19T13:30:00+00:00,0.082250,900
2026-05-19T13:45:00+00:00,0.087920,900
2026-05-19T14:00:00+00:00,0.078520,900
2026-05-19T14:15:00+00:00,0.086370,900
2026-05-19T14:30:00+00:00,0.092880,900
2026-05-19T14:45:00+00:00,0.101150,900
2026-05-19T15:00:00+00:00,0.097980,900
2026-05-19T15:15:00+00:00,0.105310,900
2026-05-19T15:30:00+00:00,0.121560,900
2026-05-19T15:45:00+00:00,0.128300,900
2026-05-19T16:00:00+00:00,0.115350,900
2026-05-19T16:15:00+00:00,0.123930,900
2026-05-19T16:30:00+00:00,0.133240,900
2026-05-19T16:45:00+00:00,0.144900,900
2026-05-19T17:00:00+00:00,0.133090,900
2026-05-19T17:15:00+00:00,0.143040,900
2026-05-19T17:30:00+00:00,0.156980,900
2026-05-19T17:45:00+00:00,0.191890,900
2026-05-19T18:00:00+00:00,0.168430,900
2026-05-19T18:15:00+00:00,0.169450,900
2026-05-19T18:30:00+00:00,0.167810,900
2026-05-19T18:45:00+00:00,0.163540,900
2026-05-19T19:00:00+00:00,0.170880,900
2026-05-19T19:15:00+00:00,0.150160,900
2026-05-19T19:30:00+00:00,0.145140,900
2026-05-19T19:45:00+00:00,0.134820,900
2026-05-19T20:00:00+00:00,0.152430,900
2026-05-19T20:15:00+00:00,0.139820,900
2026-05-19T20:30:00+00:00,0.134740,900
2026-05-19T20:45:00+00:00,0.125220,900
2026-05-19T21:00:00+00:00,0.135750,900
2026-05-19T21:15:00+00:00,0.125410,900
2026-05-19T21:30:00+00:00,0.124140,900
2026-05-19T21:45:00+00:00,0.116230,900
2026-05-19T22:00:00+00:00,0.131280,900
2026-05-19T22:15:00+00:00,0.121760,900
2026-05-19T22:30:00+00:00,0.110980,900
2026-05-19T22:45:00+00:00,0.102100,900
2026-05-19T23:00:00+00:00,0.116420,900
2026-05-19T23:15:00+00:00,0.111290,900
2026-05-19T23:30:00+00:00,0.107390,900
2026-05-19T23:45:00+00:00,0.101510,900
2026-05-20T00:00:00+00:00,0.106690,900
2026-05-20T00:15:00+00:00,0.101630,900
2026-05-20T00:30:00+00:00,0.099320,900
2026-05-20T00:45:00+00:00,0.098010,900
2026-05-20T01:00:00+00:00,0.101570,900
2026-05-20T01:15:00+00:00,0.100020,900
2026-05-20T01:30:00+00:00,0.096860,900
2026-05-20T01:45:00+00:00,0.094810,900
2026-05-20T02:00:00+00:00,0.097280,900
2026-05-20T02:15:00+00:00,0.095190,900
2026-05-20T02:30:00+00:00,0.096670,900
2026-05-20T02:45:00+00:00,0.100350,900
2026-05-20T03:00:00+00:00,0.097730,900
2026-05-20T03:15:00+00:00,0.103060,900
2026-05-20T03:30:00+00:00,0.108680,900
2026-05-20T03:45:00+00:00,0.118840,900
2026-05-20T04:00:00+00:00,0.114600,900
2026-05-20T04:15:00+00:00,0.127450,900
2026-05-20T04:30:00+00:00,0.127590,900
2026-05-20T04:45:00+00:00,0.123720,900
2026-05-20T05:00:00+00:00,0.137880,900
2026-05-20T05:15:00+00:00,0.135240,900
2026-05-20T05:30:00+00:00,0.125180,900
2026-05-20T05:45:00+00:00,0.117510,900
2026-05-20T06:00:00+00:00,0.135610,900
2026-05-20T06:15:00+00:00,0.126730,900
2026-05-20T06:30:00+00:00,0.115700,900
2026-05-20T06:45:00+00:00,0.101150,900
2026-05-20T07:00:00+00:00,0.112820,900
2026-05-20T07:15:00+00:00,0.102720,900
2026-05-20T07:30:00+00:00,0.096310,900
2026-05-20T07:45:00+00:00,0.084660,900
2026-05-20T08:00:00+00:00,0.083120,900
2026-05-20T08:15:00+00:00,0.078400,900
2026-05-20T08:30:00+00:00,0.076720,900
2026-05-20T08:45:00+00:00,0.069460,900
2026-05-20T09:00:00+00:00,0.074710,900
2026-05-20T09:15:00+00:00,0.063000,900
2026-05-20T09:30:00+00:00,0.064110,900
2026-05-20T09:45:00+00:00,0.053940,900
2026-05-20T10:00:00+00:00,0.070500,900
2026-05-20T10:15:00+00:00,0.055800,900
2026-05-20T10:30:00+00:00,0.050100,900
2026-05-20T10:45:00+00:00,0.040000,900
2026-05-20T11:00:00+00:00,0.050550,900
2026-05-20T11:15:00+00:00,0.041400,900
2026-05-20T11:30:00+00:00,0.035510,900
2026-05-20T11:45:00+00:00,0.024520,900
2026-05-20T12:00:00+00:00,0.023230,900
2026-05-20T12:15:00+00:00,0.025530,900
2026-05-20T12:30:00+00:00,0.030510,900
2026-05-20T12:45:00+00:00,0.034540,900
2026-05-20T13:00:00+00:00,0.026760,900
2026-05-20T13:15:00+00:00,0.032840,900
2026-05-20T13:30:00+00:00,0.041500,900
2026-05-20T13:45:00+00:00,0.053900,900
2026-05-20T14:00:00+00:00,0.015280,900
2026-05-20T14:15:00+00:00,0.050920,900
2026-05-20T14:30:00+00:00,0.071900,900
2026-05-20T14:45:00+00:00,0.082630,900
2026-05-20T15:00:00+00:00,0.062040,900
2026-05-20T15:15:00+00:00,0.082120,900
2026-05-20T15:30:00+00:00,0.091250,900
2026-05-20T15:45:00+00:00,0.103930,900
2026-05-20T16:00:00+00:00,0.090100,900
2026-05-20T16:15:00+00:00,0.105320,900
2026-05-20T16:30:00+00:00,0.124740,900
2026-05-20T16:45:00+00:00,0.140460,900
2026-05-20T17:00:00+00:00,0.114180,900
2026-05-20T17:15:00+00:00,0.133580,900
2026-05-20T17:30:00+00:00,0.142490,900
2026-05-20T17:45:00+00:00,0.163510,900
2026-05-20T18:00:00+00:00,0.139110,900
2026-05-20T18:15:00+00:00,0.155280,900
2026-05-20T18:30:00+00:00,0.166800,900
2026-05-20T18:45:00+00:00,0.177390,900
2026-05-20T19:00:00+00:00,0.176840,900
2026-05-20T19:15:00+00:00,0.166740,900
2026-05-20T19:30:00+00:00,0.157990,900
2026-05-20T19:45:00+00:00,0.144300,900
2026-05-20T20:00:00+00:00,0.165480,900
2026-05-20T20:15:00+00:00,0.150100,900
2026-05-20T20:30:00+00:00,0.143540,900
2026-05-20T20:45:00+00:00,0.133940,900
2026-05-20T21:00:00+00:00,0.142170,900
2026-05-20T21:15:00+00:00,0.138850,900
2026-05-20T21:30:00+00:00,0.133700,900
2026-05-20T21:45:00+00:00,0.128680,900
2026-05-20T22:00:00+00:00,0.140720,900
2026-05-20T22:15:00+00:00,0.134070,900
2026-05-20T22:30:00+00:00,0.126420,900
2026-05-20T22:45:00+00:00,0.119580,900
2026-05-20T23:00:00+00:00,0.125920,900
2026-05-20T23:15:00+00:00,0.120250,900
2026-05-20T23:30:00+00:00,0.116610,900
2026-05-20T23:45:00+00:00,0.113340,900
2026-05-21T00:00:00+00:00,0.115190,900
2026-05-21T00:15:00+00:00,0.113030,900
2026-05-21T00:30:00+00:00,0.112510,900
2026-05-21T00:45:00+00:00,0.112410,900
2026-05-21T01:00:00+00:00,0.111150,900
2026-05-21T01:15:00+00:00,0.110760,900
2026-05-21T01:30:00+00:00,0.111350,900
2026-05-21T01:45:00+00:00,0.111750,900
2026-05-21T02:00:00+00:00,0.107880,900
2026-05-21T02:15:00+00:00,0.110630,900
2026-05-21T02:30:00+00:00,0.114560,900
2026-05-21T02:45:00+00:00,0.119320,900
2026-05-21T03:00:00+00:00,0.116120,900
2026-05-21T03:15:00+00:00,0.120100,900
2026-05-21T03:30:00+00:00,0.128970,900
2026-05-21T03:45:00+00:00,0.132230,900
2026-05-21T04:00:00+00:00,0.131610,900
2026-05-21T04:15:00+00:00,0.140430,900
2026-05-21T04:30:00+00:00,0.141380,900
2026-05-21T04:45:00+00:00,0.141130,900
2026-05-21T05:00:00+00:00,0.151420,900
2026-05-21T05:15:00+00:00,0.144940,900
2026-05-21T05:30:00+00:00,0.137800,900
2026-05-21T05:45:00+00:00,0.129840,900
2026-05-21T06:00:00+00:00,0.157710,900
2026-05-21T06:15:00+00:00,0.137550,900
2026-05-21T06:30:00+00:00,0.124150,900
2026-05-21T06:45:00+00:00,0.114020,900
2026-05-21T07:00:00+00:00,0.148060,900
2026-05-21T07:15:00+00:00,0.105870,900
2026-05-21T07:30:00+00:00,0.100820,900
2026-05-21T07:45:00+00:00,0.097210,900
2026-05-21T08:00:00+00:00,0.093320,900
2026-05-21T08:15:00+00:00,0.089890,900
2026-05-21T08:30:00+00:00,0.078010,900
2026-05-21T08:45:00+00:00,0.054410,900
2026-05-21T09:00:00+00:00,0.065110,900
2026-05-21T09:15:00+00:00,0.049040,900
2026-05-21T09:30:00+00:00,0.027430,900
2026-05-21T09:45:00+00:00,0.013530,900
2026-05-21T10:00:00+00:00,0.013600,900
2026-05-21T10:15:00+00:00,0.010290,900
2026-05-21T10:30:00+00:00,0.010290,900
2026-05-21T10:45:00+00:00,0.008550,900
2026-05-21T11:00:00+00:00,0.008800,900
2026-05-21T11:15:00+00:00,0.007360,900
2026-05-21T11:30:00+00:00,0.005320,900
2026-05-21T11:45:00+00:00,0.003950,900
2026-05-21T12:00:00+00:00,0.004230,900
2026-05-21T12:15:00+00:00,0.007710,900
2026-05-21T12:30:00+00:00,0.007910,900
2026-05-21T12:45:00+00:00,0.010000,900
2026-05-21T13:00:00+00:00,0.007960,900
2026-05-21T13:15:00+00:00,0.017560,900
2026-05-21T13:30:00+00:00,0.040860,900
2026-05-21T13:45:00+00:00,0.056750,900
2026-05-21T14:00:00+00:00,0.024950,900
2026-05-21T14:15:00+00:00,0.060940,900
2026-05-21T14:30:00+00:00,0.082060,900
2026-05-21T14:45:00+00:00,0.091670,900
2026-05-21T15:00:00+00:00,0.074600,900
2026-05-21T15:15:00+00:00,0.099920,900
2026-05-21T15:30:00+00:00,0.110970,900
2026-05-21T15:45:00+00:00,0.140510,900
2026-05-21T16:00:00+00:00,0.107620,900
2026-05-21T16:15:00+00:00,0.129200,900
2026-05-21T16:30:00+00:00,0.137590,900
2026-05-21T16:45:00+00:00,0.147360,900
2026-05-21T17:00:00+00:00,0.135910,900
2026-05-21T17:15:00+00:00,0.146510,900
2026-05-21T17:30:00+00:00,0.156270,900
2026-05-21T17:45:00+00:00,0.186670,900
2026-05-21T18:00:00+00:00,0.166750,900
2026-05-21T18:15:00+00:00,0.182870,900
2026-05-21T18:30:00+00:00,0.208690,900
2026-05-21T18:45:00+00:00,0.219090,900
2026-05-21T19:00:00+00:00,0.207400,900
2026-05-21T19:15:00+00:00,0.187950,900
2026-05-21T19:30:00+00:00,0.174480,900
2026-05-21T19:45:00+00:00,0.158850,900
2026-05-21T20:00:00+00:00,0.188710,900
2026-05-21T20:15:00+00:00,0.160010,900
2026-05-21T20:30:00+00:00,0.151950,900
2026-05-21T20:45:00+00:00,0.146400,900
2026-05-21T21:00:00+00:00,0.149540,900
2026-05-21T21:15:00+00:00,0.144850,900
2026-05-21T21:30:00+00:00,0.141880,900
2026-05-21T21:45:00+00:00,0.138700,900
2026-05-21T22:00:00+00:00,0.152070,900
2026-05-21T22:15:00+00:00,0.145190,900
2026-05-21T22:30:00+00:00,0.137430,900
2026-05-21T22:45:00+00:00,0.131730,900
2026-05-21T23:00:00+00:00,0.144130,900
2026-05-21T23:15:00+00:00,0.132160,900
2026-05-21T23:30:00+00:00,0.129370,900
2026-05-21T23:45:00+00:00,0.126100,900
2026-05-22T00:00:00+00:00,0.128460,900
2026-05-22T00:15:00+00:00,0.127240,900
2026-05-22T00:30:00+00:00,0.125810,900
2026-05-22T00:45:00+00:00,0.125880,900
2026-05-22T01:00:00+00:00,0.125920,900
2026-05-22T01:15:00+00:00,0.124880,900
2026-05-22T01:30:00+00:00,0.123070,900
2026-05-22T01:45:00+00:00,0.122620,900
2026-05-22T02:00:00+00:00,0.121170,900
2026-05-22T02:15:00+00:00,0.122720,900
2026-05-22T02:30:00+00:00,0.126680,900
2026-05-22T02:45:00+00:00,0.127850,900
2026-05-22T03:00:00+00:00,0.124670,900
2026-05-22T03:15:00+00:00,0.129570,900
2026-05-22T03:30:00+00:00,0.132050,900
2026-05-22T03:45:00+00:00,0.135720,900
2026-05-22T04:00:00+00:00,0.137030,900
2026-05-22T04:15:00+00:00,0.141540,900
2026-05-22T04:30:00+00:00,0.140160,900
2026-05-22T04:45:00+00:00,0.136880,900
2026-05-22T05:00:00+00:00,0.152210,900
2026-05-22T05:15:00+00:00,0.143060,900
2026-05-22T05:30:00+00:00,0.130580,900
2026-05-22T05:45:00+00:00,0.112190,900
2026-05-22T06:00:00+00:00,0.137490,900
2026-05-22T06:15:00+00:00,0.125690,900
2026-05-22T06:30:00+00:00,0.118840,900
2026-05-22T06:45:00+00:00,0.102460,900
2026-05-22T07:00:00+00:00,0.126520,900
2026-05-22T07:15:00+00:00,0.096470,900
2026-05-22T07:30:00+00:00,0.076060,900
2026-05-22T07:45:00+00:00,0.049530,900
2026-05-22T08:00:00+00:00,0.081050,900
2026-05-22T08:15:00+00:00,0.052650,900
2026-05-22T08:30:00+00:00,0.012740,900
2026-05-22T08:45:00+00:00,0.001130,900
2026-05-22T09:00:00+00:00,0.011860,900
2026-05-22T09:15:00+00:00,0.001640,900
2026-05-22T09:30:00+00:00,0.000080,900
2026-05-22T09:45:00+00:00,0.000010,900
2026-05-22T10:00:00+00:00,0.000010,900
2026-05-22T10:15:00+00:00,0.000000,900
2026-05-22T10:30:00+00:00,0.000000,900
2026-05-22T10:45:00+00:00,0.000000,900
2026-05-22T11:00:00+00:00,0.000000,900
2026-05-22T11:15:00+00:00,0.000000,900
2026-05-22T11:30:00+00:00,0.000000,900
2026-05-22T11:45:00+00:00,0.000000,900
2026-05-22T12:00:00+00:00,0.000000,900
2026-05-22T12:15:00+00:00,0.000000,900
2026-05-22T12:30:00+00:00,0.000070,900
2026-05-22T12:45:00+00:00,0.003320,900
2026-05-22T13:00:00+00:00,0.001030,900
2026-05-22T13:15:00+00:00,0.007740,900
2026-05-22T13:30:00+00:00,0.019020,900
2026-05-22T13:45:00+00:00,0.041280,900
2026-05-22T14:00:00+00:00,0.013060,900
2026-05-22T14:15:00+00:00,0.051440,900
2026-05-22T14:30:00+00:00,0.078080,900
2026-05-22T14:45:00+00:00,0.098360,900
2026-05-22T15:00:00+00:00,0.065220,900
2026-05-22T15:15:00+00:00,0.082370,900
2026-05-22T15:30:00+00:00,0.102910,900
2026-05-22T15:45:00+00:00,0.126740,900
2026-05-22T16:00:00+00:00,0.099010,900
2026-05-22T16:15:00+00:00,0.121620,900
2026-05-22T16:30:00+00:00,0.132910,900
2026-05-22T16:45:00+00:00,0.151040,900
2026-05-22T17:00:00+00:00,0.121010,900
2026-05-22T17:15:00+00:00,0.136040,900
2026-05-22T17:30:00+00:00,0.155180,900
2026-05-22T17:45:00+00:00,0.209390,900
2026-05-22T18:00:00+00:00,0.181740,900
2026-05-22T18:15:00+00:00,0.196210,900
2026-05-22T18:30:00+00:00,0.220290,900
2026-05-22T18:45:00+00:00,0.232130,900
2026-05-22T19:00:00+00:00,0.215440,900
2026-05-22T19:15:00+00:00,0.201560,900
2026-05-22T19:30:00+00:00,0.174970,900
2026-05-22T19:45:00+00:00,0.161740,900
2026-05-22T20:00:00+00:00,0.175350,900
2026-05-22T20:15:00+00:00,0.154750,900
2026-05-22T20:30:00+00:00,0.143000,900
2026-05-22T20:45:00+00:00,0.130940,900
2026-05-22T21:00:00+00:00,0.147760,900
2026-05-22T21:15:00+00:00,0.139920,900
2026-05-22T21:30:00+00:00,0.133260,900
2026-05-22T21:45:00+00:00,0.125690,900
2026-05-22T22:00:00+00:00,0.152450,900
2026-05-22T22:15:00+00:00,0.137360,900
2026-05-22T22:30:00+00:00,0.124320,900
2026-05-22T22:45:00+00:00,0.115400,900
2026-05-22T23:00:00+00:00,0.130100,900
2026-05-22T23:15:00+00:00,0.125860,900
2026-05-22T23:30:00+00:00,0.126270,900
2026-05-22T23:45:00+00:00,0.117890,900
2026-05-23T00:00:00+00:00,0.125910,900
2026-05-23T00:15:00+00:00,0.122480,900
2026-05-23T00:30:00+00:00,0.115840,900
2026-05-23T00:45:00+00:00,0.116580,900
2026-05-23T01:00:00+00:00,0.119770,900
2026-05-23T01:15:00+00:00,0.119420,900
2026-05-23T01:30:00+00:00,0.119400,900
2026-05-23T01:45:00+00:00,0.115390,900
2026-05-23T02:00:00+00:00,0.115400,900
2026-05-23T02:15:00+00:00,0.113720,900
2026-05-23T02:30:00+00:00,0.115150,900
2026-05-23T02:45:00+00:00,0.117390,900
2026-05-23T03:00:00+00:00,0.119500,900
2026-05-23T03:15:00+00:00,0.115060,900
2026-05-23T03:30:00+00:00,0.111590,900
2026-05-23T03:45:00+00:00,0.105390,900
2026-05-23T04:00:00+00:00,0.123000,900
2026-05-23T04:15:00+00:00,0.115060,900
2026-05-23T04:30:00+00:00,0.109000,900
2026-05-23T04:45:00+00:00,0.103200,900
2026-05-23T05:00:00+00:00,0.129010,900
2026-05-23T05:15:00+00:00,0.102580,900
2026-05-23T05:30:00+00:00,0.090860,900
2026-05-23T05:45:00+00:00,0.059820,900
2026-05-23T06:00:00+00:00,0.098660,900
2026-05-23T06:15:00+00:00,0.060710,900
2026-05-23T06:30:00+00:00,0.022640,900
2026-05-23T06:45:00+00:00,0.006830,900
2026-05-23T07:00:00+00:00,0.005400,900
2026-05-23T07:15:00+00:00,0.001000,900
2026-05-23T07:30:00+00:00,0.000000,900
2026-05-23T07:45:00+00:00,0.000000,900
2026-05-23T08:00:00+00:00,-0.000010,900
2026-05-23T08:15:00+00:00,-0.000020,900
2026-05-23T08:30:00+00:00,-0.000300,900
2026-05-23T08:45:00+00:00,-0.001000,900
2026-05-23T09:00:00+00:00,-0.002010,900
2026-05-23T09:15:00+00:00,-0.002100,900
2026-05-23T09:30:00+00:00,-0.005980,900
2026-05-23T09:45:00+00:00,-0.005470,900
2026-05-23T10:00:00+00:00,-0.005990,900
2026-05-23T10:15:00+00:00,-0.010000,900
2026-05-23T10:30:00+00:00,-0.013500,900
2026-05-23T10:45:00+00:00,-0.019940,900
2026-05-23T11:00:00+00:00,-0.024930,900
2026-05-23T11:15:00+00:00,-0.029910,900
2026-05-23T11:30:00+00:00,-0.036550,900
2026-05-23T11:45:00+00:00,-0.035520,900
2026-05-23T12:00:00+00:00,-0.026960,900
2026-05-23T12:15:00+00:00,-0.020000,900
2026-05-23T12:30:00+00:00,-0.013500,900
2026-05-23T12:45:00+00:00,-0.013020,900
2026-05-23T13:00:00+00:00,-0.008670,900
2026-05-23T13:15:00+00:00,-0.003230,900
2026-05-23T13:30:00+00:00,-0.002100,900
2026-05-23T13:45:00+00:00,-0.002000,900
2026-05-23T14:00:00+00:00,-0.001070,900
2026-05-23T14:15:00+00:00,-0.000090,900
2026-05-23T14:30:00+00:00,0.000000,900
2026-05-23T14:45:00+00:00,0.000010,900
2026-05-23T15:00:00+00:00,0.000090,900
2026-05-23T15:15:00+00:00,0.003440,900
2026-05-23T15:30:00+00:00,0.050250,900
2026-05-23T15:45:00+00:00,0.107170,900
2026-05-23T16:00:00+00:00,0.075140,900
2026-05-23T16:15:00+00:00,0.103610,900
2026-05-23T16:30:00+00:00,0.122030,900
2026-05-23T16:45:00+00:00,0.143270,900
2026-05-23T17:00:00+00:00,0.114110,900
2026-05-23T17:15:00+00:00,0.130100,900
2026-05-23T17:30:00+00:00,0.144210,900
2026-05-23T17:45:00+00:00,0.166920,900
2026-05-23T18:00:00+00:00,0.145920,900
2026-05-23T18:15:00+00:00,0.154520,900
2026-05-23T18:30:00+00:00,0.172500,900
2026-05-23T18:45:00+00:00,0.179360,900
2026-05-23T19:00:00+00:00,0.180880,900
2026-05-23T19:15:00+00:00,0.173800,900
2026-05-23T19:30:00+00:00,0.171970,900
2026-05-23T19:45:00+00:00,0.163460,900
2026-05-23T20:00:00+00:00,0.173520,900
2026-05-23T20:15:00+00:00,0.152910,900
2026-05-23T20:30:00+00:00,0.144780,900
2026-05-23T20:45:00+00:00,0.133800,900
2026-05-23T21:00:00+00:00,0.147470,900
2026-05-23T21:15:00+00:00,0.142240,900
2026-05-23T21:30:00+00:00,0.133140,900
2026-05-23T21:45:00+00:00,0.129920,900
2026-05-23T22:00:00+00:00,0.145130,900
2026-05-23T22:15:00+00:00,0.141820,900
2026-05-23T22:30:00+00:00,0.131830,900
2026-05-23T22:45:00+00:00,0.126420,900
2026-05-23T23:00:00+00:00,0.137140,900
2026-05-23T23:15:00+00:00,0.136380,900
2026-05-23T23:30:00+00:00,0.130530,900
2026-05-23T23:45:00+00:00,0.127940,900
2026-05-24T00:00:00+00:00,0.132000,900
2026-05-24T00:15:00+00:00,0.128880,900
2026-05-24T00:30:00+00:00,0.128170,900
2026-05-24T00:45:00+00:00,0.123680,900
2026-05-24T01:00:00+00:00,0.126410,900
2026-05-24T01:15:00+00:00,0.125790,900
2026-05-24T01:30:00+00:00,0.124760,900
2026-05-24T01:45:00+00:00,0.121640,900
2026-05-24T02:00:00+00:00,0.120710,900
2026-05-24T02:15:00+00:00,0.121150,900
2026-05-24T02:30:00+00:00,0.125000,900
2026-05-24T02:45:00+00:00,0.124110,900
2026-05-24T03:00:00+00:00,0.124690,900
2026-05-24T03:15:00+00:00,0.120330,900
2026-05-24T03:30:00+00:00,0.115470,900
2026-05-24T03:45:00+00:00,0.112900,900
2026-05-24T04:00:00+00:00,0.119520,900
2026-05-24T04:15:00+00:00,0.119350,900
2026-05-24T04:30:00+00:00,0.110500,900
2026-05-24T04:45:00+00:00,0.117570,900
2026-05-24T05:00:00+00:00,0.129780,900
2026-05-24T05:15:00+00:00,0.113460,900
2026-05-24T05:30:00+00:00,0.090880,900
2026-05-24T05:45:00+00:00,0.058790,900
2026-05-24T06:00:00+00:00,0.079040,900
2026-05-24T06:15:00+00:00,0.007960,900
2026-05-24T06:30:00+00:00,0.000490,900
2026-05-24T06:45:00+00:00,0.000000,900
2026-05-24T07:00:00+00:00,0.000010,900
2026-05-24T07:15:00+00:00,0.000000,900
2026-05-24T07:30:00+00:00,-0.000010,900
2026-05-24T07:45:00+00:00,-0.000110,900
2026-05-24T08:00:00+00:00,-0.000110,900
2026-05-24T08:15:00+00:00,-0.000900,900
2026-05-24T08:30:00+00:00,-0.003000,900
2026-05-24T08:45:00+00:00,-0.006000,900
2026-05-24T09:00:00+00:00,-0.005990,900
2026-05-24T09:15:00+00:00,-0.011290,900
2026-05-24T09:30:00+00:00,-0.014370,900
2026-05-24T09:45:00+00:00,-0.023580,900
2026-05-24T10:00:00+00:00,-0.019560,900
2026-05-24T10:15:00+00:00,-0.029930,900
2026-05-24T10:30:00+00:00,-0.041970,900
2026-05-24T10:45:00+00:00,-0.058650,900
2026-05-24T11:00:00+00:00,-0.059880,900
2026-05-24T11:15:00+00:00,-0.071830,900
2026-05-24T11:30:00+00:00,-0.084780,900
2026-05-24T11:45:00+00:00,-0.086500,900
2026-05-24T12:00:00+00:00,-0.077710,900
2026-05-24T12:15:00+00:00,-0.069830,900
2026-05-24T12:30:00+00:00,-0.058850,900
2026-05-24T12:45:00+00:00,-0.040000,900
2026-05-24T13:00:00+00:00,-0.046210,900
2026-05-24T13:15:00+00:00,-0.027210,900
2026-05-24T13:30:00+00:00,-0.014340,900
2026-05-24T13:45:00+00:00,-0.006000,900
2026-05-24T14:00:00+00:00,-0.006000,900
2026-05-24T14:15:00+00:00,-0.001520,900
2026-05-24T14:30:00+00:00,-0.000270,900
2026-05-24T14:45:00+00:00,-0.000040,900
2026-05-24T15:00:00+00:00,-0.000010,900
2026-05-24T15:15:00+00:00,0.000000,900
2026-05-24T15:30:00+00:00,0.001720,900
2026-05-24T15:45:00+00:00,0.048720,900
2026-05-24T16:00:00+00:00,0.022690,900
2026-05-24T16:15:00+00:00,0.082730,900
2026-05-24T16:30:00+00:00,0.120040,900
2026-05-24T16:45:00+00:00,0.132210,900
2026-05-24T17:00:00+00:00,0.120260,900
2026-05-24T17:15:00+00:00,0.126090,900
2026-05-24T17:30:00+00:00,0.134390,900
2026-05-24T17:45:00+00:00,0.152130,900
2026-05-24T18:00:00+00:00,0.133120,900
2026-05-24T18:15:00+00:00,0.147840,900
2026-05-24T18:30:00+00:00,0.159960,900
2026-05-24T18:45:00+00:00,0.169170,900
2026-05-24T19:00:00+00:00,0.153900,900
2026-05-24T19:15:00+00:00,0.159130,900
2026-05-24T19:30:00+00:00,0.151620,900
2026-05-24T19:45:00+00:00,0.143340,900
2026-05-24T20:00:00+00:00,0.152220,900
2026-05-24T20:15:00+00:00,0.143670,900
2026-05-24T20:30:00+00:00,0.137990,900
2026-05-24T20:45:00+00:00,0.125720,900
2026-05-24T21:00:00+00:00,0.131790,900
2026-05-24T21:15:00+00:00,0.132350,900
2026-05-24T21:30:00+00:00,0.130310,900
2026-05-24T21:45:00+00:00,0.127350,900
2026-05-24T22:00:00+00:00,0.129550,900
2026-05-24T22:15:00+00:00,0.125280,900
2026-05-24T22:30:00+00:00,0.125320,900
2026-05-24T22:45:00+00:00,0.120900,900
2026-05-24T23:00:00+00:00,0.122850,900
2026-05-24T23:15:00+00:00,0.117130,900
2026-05-24T23:30:00+00:00,0.114860,900
2026-05-24T23:45:00+00:00,0.115330,900
2026-05-25T00:00:00+00:00,0.116410,900
2026-05-25T00:15:00+00:00,0.116240,900
2026-05-25T00:30:00+00:00,0.115710,900
2026-05-25T00:45:00+00:00,0.115440,900
2026-05-25T01:00:00+00:00,0.111940,900
2026-05-25T01:15:00+00:00,0.114680,900
2026-05-25T01:30:00+00:00,0.117230,900
2026-05-25T01:45:00+00:00,0.122390,900
2026-05-25T02:00:00+00:00,0.117220,900
2026-05-25T02:15:00+00:00,0.118820,900
2026-05-25T02:30:00+00:00,0.119210,900
2026-05-25T02:45:00+00:00,0.123780,900
2026-05-25T03:00:00+00:00,0.119000,900
2026-05-25T03:15:00+00:00,0.121890,900
2026-05-25T03:30:00+00:00,0.123620,900
2026-05-25T03:45:00+00:00,0.125340,900
2026-05-25T04:00:00+00:00,0.129940,900
2026-05-25T04:15:00+00:00,0.126420,900
2026-05-25T04:30:00+00:00,0.121390,900
2026-05-25T04:45:00+00:00,0.110960,900
2026-05-25T05:00:00+00:00,0.130980,900
2026-05-25T05:15:00+00:00,0.118960,900
2026-05-25T05:30:00+00:00,0.113370,900
2026-05-25T05:45:00+00:00,0.092660,900
2026-05-25T06:00:00+00:00,0.126020,900
2026-05-25T06:15:00+00:00,0.095560,900
2026-05-25T06:30:00+00:00,0.061100,900
2026-05-25T06:45:00+00:00,0.006180,900
2026-05-25T07:00:00+00:00,0.016730,900
2026-05-25T07:15:00+00:00,0.003080,900
2026-05-25T07:30:00+00:00,0.000190,900
2026-05-25T07:45:00+00:00,0.000000,900
2026-05-25T08:00:00+00:00,0.000000,900
2026-05-25T08:15:00+00:00,-0.000010,900
2026-05-25T08:30:00+00:00,-0.000070,900
2026-05-25T08:45:00+00:00,-0.000550,900
2026-05-25T09:00:00+00:00,-0.001870,900
2026-05-25T09:15:00+00:00,-0.003040,900
2026-05-25T09:30:00+00:00,-0.006010,900
2026-05-25T09:45:00+00:00,-0.009990,900
2026-05-25T10:00:00+00:00,-0.013500,900
2026-05-25T10:15:00+00:00,-0.019520,900
2026-05-25T10:30:00+00:00,-0.024500,900
2026-05-25T10:45:00+00:00,-0.030000,900
2026-05-25T11:00:00+00:00,-0.034120,900
2026-05-25T11:15:00+00:00,-0.042480,900
2026-05-25T11:30:00+00:00,-0.044600,900
2026-05-25T11:45:00+00:00,-0.046800,900
2026-05-25T12:00:00+00:00,-0.033950,900
2026-05-25T12:15:00+00:00,-0.031550,900
2026-05-25T12:30:00+00:00,-0.026490,900
2026-05-25T12:45:00+00:00,-0.022770,900
2026-05-25T13:00:00+00:00,-0.018270,900
2026-05-25T13:15:00+00:00,-0.010870,900
2026-05-25T13:30:00+00:00,-0.007050,900
2026-05-25T13:45:00+00:00,-0.003740,900
2026-05-25T14:00:00+00:00,-0.003650,900
2026-05-25T14:15:00+00:00,-0.001960,900
2026-05-25T14:30:00+00:00,-0.002890,900
2026-05-25T14:45:00+00:00,0.001760,900
2026-05-25T15:00:00+00:00,0.000190,900
2026-05-25T15:15:00+00:00,0.003320,900
2026-05-25T15:30:00+00:00,0.017150,900
2026-05-25T15:45:00+00:00,0.101180,900
2026-05-25T16:00:00+00:00,0.064220,900
2026-05-25T16:15:00+00:00,0.094270,900
2026-05-25T16:30:00+00:00,0.129230,900
2026-05-25T16:45:00+00:00,0.146750,900
2026-05-25T17:00:00+00:00,0.118000,900
2026-05-25T17:15:00+00:00,0.133700,900
2026-05-25T17:30:00+00:00,0.143300,900
2026-05-25T17:45:00+00:00,0.171500,900
2026-05-25T18:00:00+00:00,0.140630,900
2026-05-25T18:15:00+00:00,0.160420,900
2026-05-25T18:30:00+00:00,0.172960,900
2026-05-25T18:45:00+00:00,0.177710,900
2026-05-25T19:00:00+00:00,0.180130,900
2026-05-25T19:15:00+00:00,0.176680,900
2026-05-25T19:30:00+00:00,0.164590,900
2026-05-25T19:45:00+00:00,0.154600,900
2026-05-25T20:00:00+00:00,0.171790,900
2026-05-25T20:15:00+00:00,0.156680,900
2026-05-25T20:30:00+00:00,0.144560,900
2026-05-25T20:45:00+00:00,0.140850,900
2026-05-25T21:00:00+00:00,0.144320,900
2026-05-25T21:15:00+00:00,0.137710,900
2026-05-25T21:30:00+00:00,0.136150,900
2026-05-25T21:45:00+00:00,0.127000,900
2026-05-25T22:00:00+00:00,0.148630,900
2026-05-25T22:15:00+00:00,0.136520,900
2026-05-25T22:30:00+00:00,0.126500,900
2026-05-25T22:45:00+00:00,0.118700,900
2026-05-25T23:00:00+00:00,0.130490,900
2026-05-25T23:15:00+00:00,0.123340,900
2026-05-25T23:30:00+00:00,0.119880,900
2026-05-25T23:45:00+00:00,0.115850,900
2026-05-26T00:00:00+00:00,0.120570,900
2026-05-26T00:15:00+00:00,0.116230,900
2026-05-26T00:30:00+00:00,0.116970,900
2026-05-26T00:45:00+00:00,0.112930,900
2026-05-26T01:00:00+00:00,0.118800,900
2026-05-26T01:15:00+00:00,0.116750,900
2026-05-26T01:30:00+00:00,0.116670,900
2026-05-26T01:45:00+00:00,0.115520,900
2026-05-26T02:00:00+00:00,0.113880,900
2026-05-26T02:15:00+00:00,0.114370,900
2026-05-26T02:30:00+00:00,0.116520,900
2026-05-26T02:45:00+00:00,0.119230,900
2026-05-26T03:00:00+00:00,0.118710,900
2026-05-26T03:15:00+00:00,0.121340,900
2026-05-26T03:30:00+00:00,0.127000,900
2026-05-26T03:45:00+00:00,0.133580,900
2026-05-26T04:00:00+00:00,0.134870,900
2026-05-26T04:15:00+00:00,0.143020,900
2026-05-26T04:30:00+00:00,0.140530,900
2026-05-26T04:45:00+00:00,0.140210,900
2026-05-26T05:00:00+00:00,0.157700,900
2026-05-26T05:15:00+00:00,0.142240,900
2026-05-26T05:30:00+00:00,0.137080,900
2026-05-26T05:45:00+00:00,0.116650,900
2026-05-26T06:00:00+00:00,0.155830,900
2026-05-26T06:15:00+00:00,0.126340,900
2026-05-26T06:30:00+00:00,0.106230,900
2026-05-26T06:45:00+00:00,0.089690,900
2026-05-26T07:00:00+00:00,0.130520,900
2026-05-26T07:15:00+00:00,0.085600,900
2026-05-26T07:30:00+00:00,0.063050,900
2026-05-26T07:45:00+00:00,0.014080,900
2026-05-26T08:00:00+00:00,0.020500,900
2026-05-26T08:15:00+00:00,0.003460,900
2026-05-26T08:30:00+00:00,0.000060,900
2026-05-26T08:45:00+00:00,-0.000010,900
2026-05-26T09:00:00+00:00,0.000000,900
2026-05-26T09:15:00+00:00,0.000000,900
2026-05-26T09:30:00+00:00,-0.000010,900
2026-05-26T09:45:00+00:00,-0.000020,900
2026-05-26T10:00:00+00:00,-0.001270,900
2026-05-26T10:15:00+00:00,-0.002640,900
2026-05-26T10:30:00+00:00,-0.004640,900
2026-05-26T10:45:00+00:00,-0.007740,900
2026-05-26T11:00:00+00:00,-0.004050,900
2026-05-26T11:15:00+00:00,-0.004050,900
2026-05-26T11:30:00+00:00,-0.006010,900
2026-05-26T11:45:00+00:00,-0.006070,900
2026-05-26T12:00:00+00:00,-0.001820,900
2026-05-26T12:15:00+00:00,-0.001520,900
2026-05-26T12:30:00+00:00,-0.001090,900
2026-05-26T12:45:00+00:00,-0.000130,900
2026-05-26T13:00:00+00:00,-0.000040,900
2026-05-26T13:15:00+00:00,-0.000010,900
2026-05-26T13:30:00+00:00,-0.000010,900
2026-05-26T13:45:00+00:00,0.000000,900
2026-05-26T14:00:00+00:00,0.000000,900
2026-05-26T14:15:00+00:00,0.000940,900
2026-05-26T14:30:00+00:00,0.005430,900
2026-05-26T14:45:00+00:00,0.045020,900
2026-05-26T15:00:00+00:00,0.008360,900
2026-05-26T15:15:00+00:00,0.077080,900
2026-05-26T15:30:00+00:00,0.117280,900
2026-05-26T15:45:00+00:00,0.134760,900
2026-05-26T16:00:00+00:00,0.088790,900
2026-05-26T16:15:00+00:00,0.118240,900
2026-05-26T16:30:00+00:00,0.143090,900
2026-05-26T16:45:00+00:00,0.174820,900
2026-05-26T17:00:00+00:00,0.122400,900
2026-05-26T17:15:00+00:00,0.147880,900
2026-05-26T17:30:00+00:00,0.182350,900
2026-05-26T17:45:00+00:00,0.259930,900
2026-05-26T18:00:00+00:00,0.191590,900
2026-05-26T18:15:00+00:00,0.218020,900
2026-05-26T18:30:00+00:00,0.218140,900
2026-05-26T18:45:00+00:00,0.207350,900
2026-05-26T19:00:00+00:00,0.213410,900
2026-05-26T19:15:00+00:00,0.185080,900
2026-05-26T19:30:00+00:00,0.172360,900
2026-05-26T19:45:00+00:00,0.152720,900
2026-05-26T20:00:00+00:00,0.179960,900
2026-05-26T20:15:00+00:00,0.154190,900
2026-05-26T20:30:00+00:00,0.147730,900
2026-05-26T20:45:00+00:00,0.134460,900
2026-05-26T21:00:00+00:00,0.143540,900
2026-05-26T21:15:00+00:00,0.138470,900
2026-05-26T21:30:00+00:00,0.129900,900
2026-05-26T21:45:00+00:00,0.115320,900
2026-05-26T22:00:00+00:00,0.140430,900
2026-05-26T22:15:00+00:00,0.135650,900
2026-05-26T22:30:00+00:00,0.133440,900
2026-05-26T22:45:00+00:00,0.130500,900
2026-05-26T23:00:00+00:00,0.134500,900
2026-05-26T23:15:00+00:00,0.129110,900
2026-05-26T23:30:00+00:00,0.127620,900
2026-05-26T23:45:00+00:00,0.121870,900
2026-05-27T00:00:00+00:00,0.122790,900
2026-05-27T00:15:00+00:00,0.121070,900
2026-05-27T00:30:00+00:00,0.119750,900
2026-05-27T00:45:00+00:00,0.117890,900
2026-05-27T01:00:00+00:00,0.118550,900
2026-05-27T01:15:00+00:00,0.117590,900
2026-05-27T01:30:00+00:00,0.117370,900
2026-05-27T01:45:00+00:00,0.115050,900
2026-05-27T02:00:00+00:00,0.114910,900
2026-05-27T02:15:00+00:00,0.116730,900
2026-05-27T02:30:00+00:00,0.117280,900
2026-05-27T02:45:00+00:00,0.118910,900
2026-05-27T03:00:00+00:00,0.114160,900
2026-05-27T03:15:00+00:00,0.116080,900
2026-05-27T03:30:00+00:00,0.122110,900
2026-05-27T03:45:00+00:00,0.127650,900
2026-05-27T04:00:00+00:00,0.126880,900
2026-05-27T04:15:00+00:00,0.135470,900
2026-05-27T04:30:00+00:00,0.135620,900
2026-05-27T04:45:00+00:00,0.130790,900
2026-05-27T05:00:00+00:00,0.145510,900
2026-05-27T05:15:00+00:00,0.138150,900
2026-05-27T05:30:00+00:00,0.126030,900
2026-05-27T05:45:00+00:00,0.111710,900
2026-05-27T06:00:00+00:00,0.141430,900
2026-05-27T06:15:00+00:00,0.114800,900
2026-05-27T06:30:00+00:00,0.098320,900
2026-05-27T06:45:00+00:00,0.069990,900
2026-05-27T07:00:00+00:00,0.103840,900
2026-05-27T07:15:00+00:00,0.068000,900
2026-05-27T07:30:00+00:00,0.017800,900
2026-05-27T07:45:00+00:00,0.003770,900
2026-05-27T08:00:00+00:00,0.011000,900
2026-05-27T08:15:00+00:00,0.002850,900
2026-05-27T08:30:00+00:00,0.000450,900
2026-05-27T08:45:00+00:00,0.000360,900
2026-05-27T09:00:00+00:00,0.000310,900
2026-05-27T09:15:00+00:00,0.000170,900
2026-05-27T09:30:00+00:00,0.000000,900
2026-05-27T09:45:00+00:00,-0.000400,900
2026-05-27T10:00:00+00:00,-0.000400,900
2026-05-27T10:15:00+00:00,-0.000570,900
2026-05-27T10:30:00+00:00,-0.001030,900
2026-05-27T10:45:00+00:00,-0.001210,900
2026-05-27T11:00:00+00:00,-0.000920,900
2026-05-27T11:15:00+00:00,-0.001180,900
2026-05-27T11:30:00+00:00,-0.002000,900
2026-05-27T11:45:00+00:00,-0.002020,900
2026-05-27T12:00:00+00:00,-0.001410,900
2026-05-27T12:15:00+00:00,-0.001030,900
2026-05-27T12:30:00+00:00,-0.000840,900
2026-05-27T12:45:00+00:00,-0.000910,900
2026-05-27T13:00:00+00:00,-0.000930,900
2026-05-27T13:15:00+00:00,-0.001040,900
2026-05-27T13:30:00+00:00,-0.000970,900
2026-05-27T13:45:00+00:00,-0.000140,900
2026-05-27T14:00:00+00:00,-0.001040,900
2026-05-27T14:15:00+00:00,0.000570,900
2026-05-27T14:30:00+00:00,0.002110,900
2026-05-27T14:45:00+00:00,0.007520,900
2026-05-27T15:00:00+00:00,0.002610,900
2026-05-27T15:15:00+00:00,0.008920,900
2026-05-27T15:30:00+00:00,0.040100,900
2026-05-27T15:45:00+00:00,0.082660,900
2026-05-27T16:00:00+00:00,0.038620,900
2026-05-27T16:15:00+00:00,0.086370,900
2026-05-27T16:30:00+00:00,0.116430,900
2026-05-27T16:45:00+00:00,0.141400,900
2026-05-27T17:00:00+00:00,0.106820,900
2026-05-27T17:15:00+00:00,0.133800,900
2026-05-27T17:30:00+00:00,0.145490,900
2026-05-27T17:45:00+00:00,0.152990,900
2026-05-27T18:00:00+00:00,0.138320,900
2026-05-27T18:15:00+00:00,0.147150,900
2026-05-27T18:30:00+00:00,0.159890,900
2026-05-27T18:45:00+00:00,0.166040,900
2026-05-27T19:00:00+00:00,0.164530,900
2026-05-27T19:15:00+00:00,0.159610,900
2026-05-27T19:30:00+00:00,0.153610,900
2026-05-27T19:45:00+00:00,0.143920,900
2026-05-27T20:00:00+00:00,0.152920,900
2026-05-27T20:15:00+00:00,0.144300,900
2026-05-27T20:30:00+00:00,0.140630,900
2026-05-27T20:45:00+00:00,0.134540,900
2026-05-27T21:00:00+00:00,0.138650,900
2026-05-27T21:15:00+00:00,0.132620,900
2026-05-27T21:30:00+00:00,0.129360,900
2026-05-27T21:45:00+00:00,0.127000,900
2026-05-27T22:00:00+00:00,0.135860,900
2026-05-27T22:15:00+00:00,0.130000,900
2026-05-27T22:30:00+00:00,0.127930,900
2026-05-27T22:45:00+00:00,0.127150,900
2026-05-27T23:00:00+00:00,0.132710,900
2026-05-27T23:15:00+00:00,0.126120,900
2026-05-27T23:30:00+00:00,0.125470,900
2026-05-27T23:45:00+00:00,0.123330,900
2026-05-28T00:00:00+00:00,0.125480,900
2026-05-28T00:15:00+00:00,0.123390,900
2026-05-28T00:30:00+00:00,0.123970,900
2026-05-28T00:45:00+00:00,0.121460,900
2026-05-28T01:00:00+00:00,0.121440,900
2026-05-28T01:15:00+00:00,0.122180,900
2026-05-28T01:30:00+00:00,0.123230,900
2026-05-28T01:45:00+00:00,0.123040,900
2026-05-28T02:00:00+00:00,0.121990,900
2026-05-28T02:15:00+00:00,0.124300,900
2026-05-28T02:30:00+00:00,0.127990,900
2026-05-28T02:45:00+00:00,0.132230,900
2026-05-28T03:00:00+00:00,0.128520,900
2026-05-28T03:15:00+00:00,0.131960,900
2026-05-28T03:30:00+00:00,0.135750,900
2026-05-28T03:45:00+00:00,0.135650,900
2026-05-28T04:00:00+00:00,0.143790,900
2026-05-28T04:15:00+00:00,0.149260,900
2026-05-28T04:30:00+00:00,0.146150,900
2026-05-28T04:45:00+00:00,0.144090,900
2026-05-28T05:00:00+00:00,0.150410,900
2026-05-28T05:15:00+00:00,0.143820,900
2026-05-28T05:30:00+00:00,0.135260,900
2026-05-28T05:45:00+00:00,0.117170,900
2026-05-28T06:00:00+00:00,0.142380,900
2026-05-28T06:15:00+00:00,0.129970,900
2026-05-28T06:30:00+00:00,0.119340,900
2026-05-28T06:45:00+00:00,0.096110,900
2026-05-28T07:00:00+00:00,0.123440,900
2026-05-28T07:15:00+00:00,0.091740,900
2026-05-28T07:30:00+00:00,0.075980,900
2026-05-28T07:45:00+00:00,0.053220,900
2026-05-28T08:00:00+00:00,0.051570,900
2026-05-28T08:15:00+00:00,0.018180,900
2026-05-28T08:30:00+00:00,0.006320,900
2026-05-28T08:45:00+00:00,0.002510,900
2026-05-28T09:00:00+00:00,0.001560,900
2026-05-28T09:15:00+00:00,0.000700,900
2026-05-28T09:30:00+00:00,0.000010,900
2026-05-28T09:45:00+00:00,0.000000,900
2026-05-28T10:00:00+00:00,0.000000,900
2026-05-28T10:15:00+00:00,-0.000010,900
2026-05-28T10:30:00+00:00,-0.000010,900
2026-05-28T10:45:00+00:00,-0.000020,900
2026-05-28T11:00:00+00:00,-0.000020,900
2026-05-28T11:15:00+00:00,-0.000020,900
2026-05-28T11:30:00+00:00,-0.000020,900
2026-05-28T11:45:00+00:00,-0.000060,900
2026-05-28T12:00:00+00:00,-0.000040,900
2026-05-28T12:15:00+00:00,-0.000010,900
2026-05-28T12:30:00+00:00,-0.000010,900
2026-05-28T12:45:00+00:00,0.000020,900
2026-05-28T13:00:00+00:00,0.000000,900
2026-05-28T13:15:00+00:00,0.000010,900
2026-05-28T13:30:00+00:00,0.000840,900
2026-05-28T13:45:00+00:00,0.004340,900
2026-05-28T14:00:00+00:00,0.002840,900
2026-05-28T14:15:00+00:00,0.010000,900
2026-05-28T14:30:00+00:00,0.048200,900
2026-05-28T14:45:00+00:00,0.088700,900
2026-05-28T15:00:00+00:00,0.061750,900
2026-05-28T15:15:00+00:00,0.086380,900
2026-05-28T15:30:00+00:00,0.105270,900
2026-05-28T15:45:00+00:00,0.131040,900
2026-05-28T16:00:00+00:00,0.106130,900
2026-05-28T16:15:00+00:00,0.125720,900
2026-05-28T16:30:00+00:00,0.147280,900
2026-05-28T16:45:00+00:00,0.165300,900
2026-05-28T17:00:00+00:00,0.147320,900
2026-05-28T17:15:00+00:00,0.170290,900
2026-05-28T17:30:00+00:00,0.201150,900
2026-05-28T17:45:00+00:00,0.334630,900
2026-05-28T18:00:00+00:00,0.255430,900
2026-05-28T18:15:00+00:00,0.354570,900
2026-05-28T18:30:00+00:00,0.445640,900
2026-05-28T18:45:00+00:00,0.445580,900
2026-05-28T19:00:00+00:00,0.419230,900
2026-05-28T19:15:00+00:00,0.426590,900
2026-05-28T19:30:00+00:00,0.351530,900
2026-05-28T19:45:00+00:00,0.230020,900
2026-05-28T20:00:00+00:00,0.319030,900
2026-05-28T20:15:00+00:00,0.210820,900
2026-05-28T20:30:00+00:00,0.170900,900
2026-05-28T20:45:00+00:00,0.157970,900
2026-05-28T21:00:00+00:00,0.170940,900
2026-05-28T21:15:00+00:00,0.163100,900
2026-05-28T21:30:00+00:00,0.153700,900
2026-05-28T21:45:00+00:00,0.142690,900
2026-05-28T22:00:00+00:00,0.159820,900
2026-05-28T22:15:00+00:00,0.150100,900
2026-05-28T22:30:00+00:00,0.135960,900
2026-05-28T22:45:00+00:00,0.126840,900
2026-05-28T23:00:00+00:00,0.143010,900
2026-05-28T23:15:00+00:00,0.135880,900
2026-05-28T23:30:00+00:00,0.129400,900
2026-05-28T23:45:00+00:00,0.123940,900
2026-05-29T00:00:00+00:00,0.128910,900
2026-05-29T00:15:00+00:00,0.127120,900
2026-05-29T00:30:00+00:00,0.126850,900
2026-05-29T00:45:00+00:00,0.125560,900
2026-05-29T01:00:00+00:00,0.126720,900
2026-05-29T01:15:00+00:00,0.125640,900
2026-05-29T01:30:00+00:00,0.124650,900
2026-05-29T01:45:00+00:00,0.122180,900
2026-05-29T02:00:00+00:00,0.122690,900
2026-05-29T02:15:00+00:00,0.123310,900
2026-05-29T02:30:00+00:00,0.123670,900
2026-05-29T02:45:00+00:00,0.124760,900
2026-05-29T03:00:00+00:00,0.123800,900
2026-05-29T03:15:00+00:00,0.123920,900
2026-05-29T03:30:00+00:00,0.123780,900
2026-05-29T03:45:00+00:00,0.126890,900
2026-05-29T04:00:00+00:00,0.131030,900
2026-05-29T04:15:00+00:00,0.135780,900
2026-05-29T04:30:00+00:00,0.131770,900
2026-05-29T04:45:00+00:00,0.126360,900
2026-05-29T05:00:00+00:00,0.136960,900
2026-05-29T05:15:00+00:00,0.130100,900
2026-05-29T05:30:00+00:00,0.124970,900
2026-05-29T05:45:00+00:00,0.111950,900
2026-05-29T06:00:00+00:00,0.134470,900
2026-05-29T06:15:00+00:00,0.120190,900
2026-05-29T06:30:00+00:00,0.107000,900
2026-05-29T06:45:00+00:00,0.098410,900
2026-05-29T07:00:00+00:00,0.114940,900
2026-05-29T07:15:00+00:00,0.094570,900
2026-05-29T07:30:00+00:00,0.074250,900
2026-05-29T07:45:00+00:00,0.037000,900
2026-05-29T08:00:00+00:00,0.048470,900
2026-05-29T08:15:00+00:00,0.018060,900
2026-05-29T08:30:00+00:00,0.009220,900
2026-05-29T08:45:00+00:00,0.004250,900
2026-05-29T09:00:00+00:00,0.002640,900
2026-05-29T09:15:00+00:00,0.000530,900
2026-05-29T09:30:00+00:00,0.000000,900
2026-05-29T09:45:00+00:00,-0.000010,900
2026-05-29T10:00:00+00:00,0.000000,900
2026-05-29T10:15:00+00:00,0.000000,900
2026-05-29T10:30:00+00:00,-0.000010,900
2026-05-29T10:45:00+00:00,-0.000010,900
2026-05-29T11:00:00+00:00,0.000110,900
2026-05-29T11:15:00+00:00,0.000030,900
2026-05-29T11:30:00+00:00,0.000020,900
2026-05-29T11:45:00+00:00,0.000000,900
2026-05-29T12:00:00+00:00,0.000120,900
2026-05-29T12:15:00+00:00,0.000200,900
2026-05-29T12:30:00+00:00,0.000260,900
2026-05-29T12:45:00+00:00,0.000470,900
2026-05-29T13:00:00+00:00,0.000840,900
2026-05-29T13:15:00+00:00,0.002110,900
2026-05-29T13:30:00+00:00,0.013160,900
2026-05-29T13:45:00+00:00,0.042370,900
2026-05-29T14:00:00+00:00,0.005270,900
2026-05-29T14:15:00+00:00,0.042650,900
2026-05-29T14:30:00+00:00,0.092200,900
2026-05-29T14:45:00+00:00,0.123740,900
2026-05-29T15:00:00+00:00,0.079060,900
2026-05-29T15:15:00+00:00,0.090630,900
2026-05-29T15:30:00+00:00,0.108160,900
2026-05-29T15:45:00+00:00,0.135740,900
2026-05-29T16:00:00+00:00,0.107690,900
2026-05-29T16:15:00+00:00,0.125770,900
2026-05-29T16:30:00+00:00,0.140800,900
2026-05-29T16:45:00+00:00,0.160630,900
2026-05-29T17:00:00+00:00,0.142550,900
2026-05-29T17:15:00+00:00,0.161430,900
2026-05-29T17:30:00+00:00,0.179630,900
2026-05-29T17:45:00+00:00,0.201130,900
2026-05-29T18:00:00+00:00,0.200000,900
2026-05-29T18:15:00+00:00,0.219140,900
2026-05-29T18:30:00+00:00,0.233000,900
2026-05-29T18:45:00+00:00,0.250010,900
2026-05-29T19:00:00+00:00,0.229210,900
2026-05-29T19:15:00+00:00,0.202490,900
2026-05-29T19:30:00+00:00,0.189420,900
2026-05-29T19:45:00+00:00,0.166570,900
2026-05-29T20:00:00+00:00,0.180590,900
2026-05-29T20:15:00+00:00,0.163210,900
2026-05-29T20:30:00+00:00,0.155270,900
2026-05-29T20:45:00+00:00,0.143740,900
2026-05-29T21:00:00+00:00,0.152470,900
2026-05-29T21:15:00+00:00,0.149660,900
2026-05-29T21:30:00+00:00,0.142760,900
2026-05-29T21:45:00+00:00,0.134310,900
2026-05-29T22:00:00+00:00,0.145990,900
2026-05-29T22:15:00+00:00,0.136850,900
2026-05-29T22:30:00+00:00,0.131970,900
2026-05-29T22:45:00+00:00,0.127240,900
2026-05-29T23:00:00+00:00,0.131720,900
2026-05-29T23:15:00+00:00,0.127620,900
2026-05-29T23:30:00+00:00,0.125420,900
2026-05-29T23:45:00+00:00,0.123550,900
2026-05-30T00:00:00+00:00,0.124070,900
2026-05-30T00:15:00+00:00,0.122540,900
2026-05-30T00:30:00+00:00,0.122300,900
2026-05-30T00:45:00+00:00,0.118020,900
2026-05-30T01:00:00+00:00,0.120820,900
2026-05-30T01:15:00+00:00,0.117410,900
2026-05-30T01:30:00+00:00,0.116810,900
2026-05-30T01:45:00+00:00,0.118520,900
2026-05-30T02:00:00+00:00,0.120310,900
2026-05-30T02:15:00+00:00,0.121160,900
2026-05-30T02:30:00+00:00,0.122260,900
2026-05-30T02:45:00+00:00,0.123590,900
2026-05-30T03:00:00+00:00,0.125990,900
2026-05-30T03:15:00+00:00,0.122390,900
2026-05-30T03:30:00+00:00,0.121190,900
2026-05-30T03:45:00+00:00,0.118230,900
2026-05-30T04:00:00+00:00,0.121800,900
2026-05-30T04:15:00+00:00,0.118630,900
2026-05-30T04:30:00+00:00,0.117360,900
2026-05-30T04:45:00+00:00,0.109760,900
2026-05-30T05:00:00+00:00,0.116780,900
2026-05-30T05:15:00+00:00,0.111470,900
2026-05-30T05:30:00+00:00,0.108480,900
2026-05-30T05:45:00+00:00,0.093130,900
2026-05-30T06:00:00+00:00,0.117090,900
2026-05-30T06:15:00+00:00,0.096740,900
2026-05-30T06:30:00+00:00,0.079310,900
2026-05-30T06:45:00+00:00,0.059830,900
2026-05-30T07:00:00+00:00,0.075590,900
2026-05-30T07:15:00+00:00,0.044820,900
2026-05-30T07:30:00+00:00,0.016310,900
2026-05-30T07:45:00+00:00,0.007600,900
2026-05-30T08:00:00+00:00,0.009990,900
2026-05-30T08:15:00+00:00,0.001750,900
2026-05-30T08:30:00+00:00,0.000100,900
2026-05-30T08:45:00+00:00,0.000000,900
2026-05-30T09:00:00+00:00,0.000000,900
2026-05-30T09:15:00+00:00,0.000000,900
2026-05-30T09:30:00+00:00,-0.000010,900
2026-05-30T09:45:00+00:00,-0.000010,900
2026-05-30T10:00:00+00:00,-0.000010,900
2026-05-30T10:15:00+00:00,-0.000100,900
2026-05-30T10:30:00+00:00,-0.000110,900
2026-05-30T10:45:00+00:00,-0.000230,900
2026-05-30T11:00:00+00:00,-0.002470,900
2026-05-30T11:15:00+00:00,-0.003040,900
2026-05-30T11:30:00+00:00,-0.003380,900
2026-05-30T11:45:00+00:00,-0.004850,900
2026-05-30T12:00:00+00:00,-0.002530,900
2026-05-30T12:15:00+00:00,-0.002100,900
2026-05-30T12:30:00+00:00,-0.001520,900
2026-05-30T12:45:00+00:00,-0.000310,900
2026-05-30T13:00:00+00:00,-0.000020,900
2026-05-30T13:15:00+00:00,-0.000010,900
2026-05-30T13:30:00+00:00,-0.000010,900
2026-05-30T13:45:00+00:00,0.000000,900
2026-05-30T14:00:00+00:00,0.000000,900
2026-05-30T14:15:00+00:00,0.000000,900
2026-05-30T14:30:00+00:00,0.000510,900
2026-05-30T14:45:00+00:00,0.011520,900
2026-05-30T15:00:00+00:00,0.008440,900
2026-05-30T15:15:00+00:00,0.045030,900
2026-05-30T15:30:00+00:00,0.079930,900
2026-05-30T15:45:00+00:00,0.094370,900
2026-05-30T16:00:00+00:00,0.078970,900
2026-05-30T16:15:00+00:00,0.095390,900
2026-05-30T16:30:00+00:00,0.113230,900
2026-05-30T16:45:00+00:00,0.123840,900
2026-05-30T17:00:00+00:00,0.117690,900
2026-05-30T17:15:00+00:00,0.128040,900
2026-05-30T17:30:00+00:00,0.140920,900
2026-05-30T17:45:00+00:00,0.151790,900
2026-05-30T18:00:00+00:00,0.136110,900
2026-05-30T18:15:00+00:00,0.149350,900
2026-05-30T18:30:00+00:00,0.161510,900
2026-05-30T18:45:00+00:00,0.170080,900
2026-05-30T19:00:00+00:00,0.162510,900
2026-05-30T19:15:00+00:00,0.164320,900
2026-05-30T19:30:00+00:00,0.171300,900
2026-05-30T19:45:00+00:00,0.164340,900
2026-05-30T20:00:00+00:00,0.169400,900
2026-05-30T20:15:00+00:00,0.158330,900
2026-05-30T20:30:00+00:00,0.153460,900
2026-05-30T20:45:00+00:00,0.143820,900
2026-05-30T21:00:00+00:00,0.145000,900
2026-05-30T21:15:00+00:00,0.138260,900
2026-05-30T21:30:00+00:00,0.137640,900
2026-05-30T21:45:00+00:00,0.134820,900
2026-05-30T22:00:00+00:00,0.142510,900
2026-05-30T22:15:00+00:00,0.135290,900
2026-05-30T22:30:00+00:00,0.130860,900
2026-05-30T22:45:00+00:00,0.123080,900
2026-05-30T23:00:00+00:00,0.129620,900
2026-05-30T23:15:00+00:00,0.126420,900
2026-05-30T23:30:00+00:00,0.125030,900
2026-05-30T23:45:00+00:00,0.122570,900
2026-05-31T00:00:00+00:00,0.123850,900
2026-05-31T00:15:00+00:00,0.121170,900
2026-05-31T00:30:00+00:00,0.121180,900
2026-05-31T00:45:00+00:00,0.116200,900
2026-05-31T01:00:00+00:00,0.118190,900
2026-05-31T01:15:00+00:00,0.115550,900
2026-05-31T01:30:00+00:00,0.117960,900
2026-05-31T01:45:00+00:00,0.118480,900
2026-05-31T02:00:00+00:00,0.119400,900
2026-05-31T02:15:00+00:00,0.119750,900
2026-05-31T02:30:00+00:00,0.119700,900
2026-05-31T02:45:00+00:00,0.115490,900
2026-05-31T03:00:00+00:00,0.120140,900
2026-05-31T03:15:00+00:00,0.116890,900
2026-05-31T03:30:00+00:00,0.114570,900
2026-05-31T03:45:00+00:00,0.111520,900
2026-05-31T04:00:00+00:00,0.122360,900
2026-05-31T04:15:00+00:00,0.115610,900
2026-05-31T04:30:00+00:00,0.112080,900
2026-05-31T04:45:00+00:00,0.101850,900
2026-05-31T05:00:00+00:00,0.111870,900
2026-05-31T05:15:00+00:00,0.105720,900
2026-05-31T05:30:00+00:00,0.099240,900
2026-05-31T05:45:00+00:00,0.085410,900
2026-05-31T06:00:00+00:00,0.098640,900
2026-05-31T06:15:00+00:00,0.088660,900
2026-05-31T06:30:00+00:00,0.078460,900
2026-05-31T06:45:00+00:00,0.075310,900
2026-05-31T07:00:00+00:00,0.071420,900
2026-05-31T07:15:00+00:00,0.057320,900
2026-05-31T07:30:00+00:00,0.046450,900
2026-05-31T07:45:00+00:00,0.030800,900
2026-05-31T08:00:00+00:00,0.023180,900
2026-05-31T08:15:00+00:00,0.004060,900
2026-05-31T08:30:00+00:00,0.000010,900
2026-05-31T08:45:00+00:00,0.000000,900
2026-05-31T09:00:00+00:00,0.000000,900
2026-05-31T09:15:00+00:00,0.000000,900
2026-05-31T09:30:00+00:00,0.000000,900
2026-05-31T09:45:00+00:00,0.000000,900
2026-05-31T10:00:00+00:00,0.000000,900
2026-05-31T10:15:00+00:00,0.000000,900
2026-05-31T10:30:00+00:00,-0.000010,900
2026-05-31T10:45:00+00:00,-0.000010,900
2026-05-31T11:00:00+00:00,-0.000010,900
2026-05-31T11:15:00+00:00,-0.000010,900
2026-05-31T11:30:00+00:00,-0.000010,900
2026-05-31T11:45:00+00:00,-0.000010,900
2026-05-31T12:00:00+00:00,-0.000010,900
2026-05-31T12:15:00+00:00,-0.000010,900
2026-05-31T12:30:00+00:00,-0.000010,900
2026-05-31T12:45:00+00:00,-0.000010,900
2026-05-31T13:00:00+00:00,-0.000010,900
2026-05-31T13:15:00+00:00,0.000000,900
2026-05-31T13:30:00+00:00,0.000000,900
2026-05-31T13:45:00+00:00,0.000010,900
2026-05-31T14:00:00+00:00,0.006680,900
2026-05-31T14:15:00+00:00,0.032890,900
2026-05-31T14:30:00+00:00,0.055200,900
2026-05-31T14:45:00+00:00,0.074620,900
2026-05-31T15:00:00+00:00,0.058470,900
2026-05-31T15:15:00+00:00,0.079280,900
2026-05-31T15:30:00+00:00,0.092230,900
2026-05-31T15:45:00+00:00,0.110740,900
2026-05-31T16:00:00+00:00,0.094430,900
2026-05-31T16:15:00+00:00,0.108140,900
2026-05-31T16:30:00+00:00,0.124050,900
2026-05-31T16:45:00+00:00,0.137040,900
2026-05-31T17:00:00+00:00,0.120150,900
2026-05-31T17:15:00+00:00,0.127520,900
2026-05-31T17:30:00+00:00,0.135620,900
2026-05-31T17:45:00+00:00,0.141850,900
2026-05-31T18:00:00+00:00,0.131230,900
2026-05-31T18:15:00+00:00,0.137530,900
2026-05-31T18:30:00+00:00,0.146930,900
2026-05-31T18:45:00+00:00,0.154260,900
2026-05-31T19:00:00+00:00,0.151500,900
2026-05-31T19:15:00+00:00,0.148320,900
2026-05-31T19:30:00+00:00,0.148760,900
2026-05-31T19:45:00+00:00,0.151010,900
2026-05-31T20:00:00+00:00,0.156350,900
2026-05-31T20:15:00+00:00,0.149750,900
2026-05-31T20:30:00+00:00,0.146560,900
2026-05-31T20:45:00+00:00,0.140370,900
2026-05-31T21:00:00+00:00,0.146860,900
2026-05-31T21:15:00+00:00,0.141950,900
2026-05-31T21:30:00+00:00,0.138580,900
2026-05-31T21:45:00+00:00,0.135160,900
2026-05-31T22:00:00+00:00,0.149180,900
2026-05-31T22:15:00+00:00,0.136850,900
2026-05-31T22:30:00+00:00,0.139280,900
2026-05-31T22:45:00+00:00,0.129090,900
2026-05-31T23:00:00+00:00,0.131610,900
2026-05-31T23:15:00+00:00,0.123660,900
2026-05-31T23:30:00+00:00,0.120620,900
2026-05-31T23:45:00+00:00,0.115300,900
2026-06-01T00:00:00+00:00,0.117390,900
2026-06-01T00:15:00+00:00,0.119810,900
2026-06-01T00:30:00+00:00,0.117860,900
2026-06-01T00:45:00+00:00,0.114460,900
2026-06-01T01:00:00+00:00,0.115000,900
2026-06-01T01:15:00+00:00,0.115400,900
2026-06-01T01:30:00+00:00,0.113160,900
2026-06-01T01:45:00+00:00,0.113990,900
2026-06-01T02:00:00+00:00,0.114950,900
2026-06-01T02:15:00+00:00,0.116320,900
2026-06-01T02:30:00+00:00,0.119980,900
2026-06-01T02:45:00+00:00,0.124590,900
2026-06-01T03:00:00+00:00,0.118550,900
2026-06-01T03:15:00+00:00,0.124640,900
2026-06-01T03:30:00+00:00,0.133500,900
2026-06-01T03:45:00+00:00,0.140220,900
2026-06-01T04:00:00+00:00,0.151540,900
2026-06-01T04:15:00+00:00,0.162270,900
2026-06-01T04:30:00+00:00,0.162830,900
2026-06-01T04:45:00+00:00,0.161360,900
2026-06-01T05:00:00+00:00,0.167790,900
2026-06-01T05:15:00+00:00,0.158300,900
2026-06-01T05:30:00+00:00,0.150520,900
2026-06-01T05:45:00+00:00,0.144450,900
2026-06-01T06:00:00+00:00,0.172320,900
2026-06-01T06:15:00+00:00,0.160760,900
2026-06-01T06:30:00+00:00,0.137560,900
2026-06-01T06:45:00+00:00,0.118700,900
2026-06-01T07:00:00+00:00,0.153230,900
2026-06-01T07:15:00+00:00,0.128780,900
2026-06-01T07:30:00+00:00,0.111430,900
2026-06-01T07:45:00+00:00,0.100880,900
2026-06-01T08:00:00+00:00,0.120510,900
2026-06-01T08:15:00+00:00,0.107490,900
2026-06-01T08:30:00+00:00,0.104820,900
2026-06-01T08:45:00+00:00,0.102040,900
2026-06-01T09:00:00+00:00,0.104760,900
2026-06-01T09:15:00+00:00,0.099950,900
2026-06-01T09:30:00+00:00,0.095380,900
2026-06-01T09:45:00+00:00,0.087620,900
2026-06-01T10:00:00+00:00,0.089760,900
2026-06-01T10:15:00+00:00,0.083780,900
2026-06-01T10:30:00+00:00,0.082210,900
2026-06-01T10:45:00+00:00,0.078110,900
2026-06-01T11:00:00+00:00,0.082060,900
2026-06-01T11:15:00+00:00,0.081700,900
2026-06-01T11:30:00+00:00,0.078370,900
2026-06-01T11:45:00+00:00,0.076510,900
2026-06-01T12:00:00+00:00,0.086350,900
2026-06-01T12:15:00+00:00,0.088950,900
2026-06-01T12:30:00+00:00,0.097120,900
2026-06-01T12:45:00+00:00,0.103650,900
2026-06-01T13:00:00+00:00,0.094570,900
2026-06-01T13:15:00+00:00,0.112180,900
2026-06-01T13:30:00+00:00,0.088110,900
2026-06-01T13:45:00+00:00,0.100000,900
2026-06-01T14:00:00+00:00,0.088990,900
2026-06-01T14:15:00+00:00,0.097440,900
2026-06-01T14:30:00+00:00,0.110480,900
2026-06-01T14:45:00+00:00,0.127100,900
2026-06-01T15:00:00+00:00,0.105540,900
2026-06-01T15:15:00+00:00,0.106540,900
2026-06-01T15:30:00+00:00,0.123200,900
2026-06-01T15:45:00+00:00,0.141640,900
2026-06-01T16:00:00+00:00,0.106400,900
2026-06-01T16:15:00+00:00,0.125040,900
2026-06-01T16:30:00+00:00,0.142920,900
2026-06-01T16:45:00+00:00,0.175450,900
2026-06-01T17:00:00+00:00,0.163940,900
2026-06-01T17:15:00+00:00,0.179860,900
2026-06-01T17:30:00+00:00,0.215460,900
2026-06-01T17:45:00+00:00,0.303830,900
2026-06-01T18:00:00+00:00,0.253560,900
2026-06-01T18:15:00+00:00,0.304070,900
2026-06-01T18:30:00+00:00,0.339590,900
2026-06-01T18:45:00+00:00,0.387020,900
2026-06-01T19:00:00+00:00,0.356580,900
2026-06-01T19:15:00+00:00,0.322880,900
2026-06-01T19:30:00+00:00,0.284370,900
2026-06-01T19:45:00+00:00,0.244410,900
2026-06-01T20:00:00+00:00,0.290430,900
2026-06-01T20:15:00+00:00,0.219510,900
2026-06-01T20:30:00+00:00,0.180070,900
2026-06-01T20:45:00+00:00,0.159420,900
2026-06-01T21:00:00+00:00,0.174360,900
2026-06-01T21:15:00+00:00,0.163450,900
2026-06-01T21:30:00+00:00,0.156080,900
2026-06-01T21:45:00+00:00,0.146110,900
2026-06-01T22:00:00+00:00,0.150510,900
2026-06-01T22:15:00+00:00,0.140620,900
2026-06-01T22:30:00+00:00,0.140100,900
2026-06-01T22:45:00+00:00,0.129470,900
2026-06-01T23:00:00+00:00,0.141570,900
2026-06-01T23:15:00+00:00,0.126750,900
2026-06-01T23:30:00+00:00,0.123080,900
2026-06-01T23:45:00+00:00,0.116790,900
2026-06-02T00:00:00+00:00,0.124630,900
2026-06-02T00:15:00+00:00,0.117920,900
2026-06-02T00:30:00+00:00,0.117730,900
2026-06-02T00:45:00+00:00,0.114380,900
2026-06-02T01:00:00+00:00,0.116650,900
2026-06-02T01:15:00+00:00,0.113980,900
2026-06-02T01:30:00+00:00,0.114190,900
2026-06-02T01:45:00+00:00,0.111930,900
2026-06-02T02:00:00+00:00,0.113130,900
2026-06-02T02:15:00+00:00,0.112000,900
2026-06-02T02:30:00+00:00,0.113380,900
2026-06-02T02:45:00+00:00,0.116870,900
2026-06-02T03:00:00+00:00,0.112950,900
2026-06-02T03:15:00+00:00,0.113490,900
2026-06-02T03:30:00+00:00,0.118300,900
2026-06-02T03:45:00+00:00,0.121150,900
2026-06-02T04:00:00+00:00,0.120660,900
2026-06-02T04:15:00+00:00,0.128240,900
2026-06-02T04:30:00+00:00,0.126680,900
2026-06-02T04:45:00+00:00,0.119450,900
2026-06-02T05:00:00+00:00,0.130530,900
2026-06-02T05:15:00+00:00,0.129030,900
2026-06-02T05:30:00+00:00,0.130290,900
2026-06-02T05:45:00+00:00,0.126780,900
2026-06-02T06:00:00+00:00,0.128320,900
2026-06-02T06:15:00+00:00,0.129530,900
2026-06-02T06:30:00+00:00,0.132030,900
2026-06-02T06:45:00+00:00,0.132320,900
2026-06-02T07:00:00+00:00,0.130100,900
2026-06-02T07:15:00+00:00,0.132850,900
2026-06-02T07:30:00+00:00,0.123870,900
2026-06-02T07:45:00+00:00,0.116360,900
2026-06-02T08:00:00+00:00,0.144920,900
2026-06-02T08:15:00+00:00,0.120720,900
2026-06-02T08:30:00+00:00,0.101390,900
2026-06-02T08:45:00+00:00,0.088890,900
2026-06-02T09:00:00+00:00,0.127740,900
2026-06-02T09:15:00+00:00,0.106520,900
2026-06-02T09:30:00+00:00,0.097530,900
2026-06-02T09:45:00+00:00,0.083770,900
2026-06-02T10:00:00+00:00,0.102710,900
2026-06-02T10:15:00+00:00,0.102070,900
2026-06-02T10:30:00+00:00,0.094950,900
2026-06-02T10:45:00+00:00,0.094900,900
2026-06-02T11:00:00+00:00,0.094790,900
2026-06-02T11:15:00+00:00,0.096690,900
2026-06-02T11:30:00+00:00,0.091250,900
2026-06-02T11:45:00+00:00,0.089470,900
2026-06-02T12:00:00+00:00,0.096570,900
2026-06-02T12:15:00+00:00,0.093700,900
2026-06-02T12:30:00+00:00,0.097620,900
2026-06-02T12:45:00+00:00,0.098510,900
2026-06-02T13:00:00+00:00,0.098520,900
2026-06-02T13:15:00+00:00,0.096800,900
2026-06-02T13:30:00+00:00,0.101840,900
2026-06-02T13:45:00+00:00,0.108750,900
2026-06-02T14:00:00+00:00,0.101250,900
2026-06-02T14:15:00+00:00,0.104160,900
2026-06-02T14:30:00+00:00,0.110340,900
2026-06-02T14:45:00+00:00,0.122700,900
2026-06-02T15:00:00+00:00,0.120580,900
2026-06-02T15:15:00+00:00,0.119780,900
2026-06-02T15:30:00+00:00,0.122630,900
2026-06-02T15:45:00+00:00,0.133850,900
2026-06-02T16:00:00+00:00,0.135460,900
2026-06-02T16:15:00+00:00,0.137220,900
2026-06-02T16:30:00+00:00,0.130070,900
2026-06-02T16:45:00+00:00,0.142240,900
2026-06-02T17:00:00+00:00,0.141890,900
2026-06-02T17:15:00+00:00,0.151900,900
2026-06-02T17:30:00+00:00,0.162890,900
2026-06-02T17:45:00+00:00,0.174360,900
2026-06-02T18:00:00+00:00,0.164330,900
2026-06-02T18:15:00+00:00,0.160090,900
2026-06-02T18:30:00+00:00,0.159360,900
2026-06-02T18:45:00+00:00,0.155270,900
2026-06-02T19:00:00+00:00,0.160400,900
2026-06-02T19:15:00+00:00,0.148750,900
2026-06-02T19:30:00+00:00,0.148790,900
2026-06-02T19:45:00+00:00,0.140160,900
2026-06-02T20:00:00+00:00,0.136320,900
2026-06-02T20:15:00+00:00,0.138430,900
2026-06-02T20:30:00+00:00,0.137940,900
2026-06-02T20:45:00+00:00,0.132630,900
2026-06-02T21:00:00+00:00,0.128780,900
2026-06-02T21:15:00+00:00,0.117150,900
2026-06-02T21:30:00+00:00,0.118830,900
2026-06-02T21:45:00+00:00,0.106350,900
2026-06-02T22:00:00+00:00,0.109430,900
2026-06-02T22:15:00+00:00,0.108510,900
2026-06-02T22:30:00+00:00,0.105670,900
2026-06-02T22:45:00+00:00,0.107890,900
2026-06-02T23:00:00+00:00,0.113280,900
2026-06-02T23:15:00+00:00,0.113200,900
2026-06-02T23:30:00+00:00,0.105610,900
2026-06-02T23:45:00+00:00,0.102310,900
2026-06-03T00:00:00+00:00,0.102900,900
2026-06-03T00:15:00+00:00,0.100200,900
2026-06-03T00:30:00+00:00,0.101410,900
2026-06-03T00:45:00+00:00,0.099390,900
2026-06-03T01:00:00+00:00,0.105470,900
2026-06-03T01:15:00+00:00,0.101660,900
2026-06-03T01:30:00+00:00,0.100900,900
2026-06-03T01:45:00+00:00,0.100100,900
2026-06-03T02:00:00+00:00,0.100900,900
2026-06-03T02:15:00+00:00,0.100390,900
2026-06-03T02:30:00+00:00,0.101210,900
2026-06-03T02:45:00+00:00,0.102450,900
2026-06-03T03:00:00+00:00,0.101120,900
2026-06-03T03:15:00+00:00,0.104760,900
2026-06-03T03:30:00+00:00,0.106050,900
2026-06-03T03:45:00+00:00,0.114700,900
2026-06-03T04:00:00+00:00,0.118510,900
2026-06-03T04:15:00+00:00,0.120830,900
2026-06-03T04:30:00+00:00,0.127060,900
2026-06-03T04:45:00+00:00,0.133200,900
2026-06-03T05:00:00+00:00,0.137590,900
2026-06-03T05:15:00+00:00,0.137700,900
2026-06-03T05:30:00+00:00,0.134020,900
2026-06-03T05:45:00+00:00,0.129340,900
2026-06-03T06:00:00+00:00,0.146410,900
2026-06-03T06:15:00+00:00,0.135320,900
2026-06-03T06:30:00+00:00,0.128240,900
2026-06-03T06:45:00+00:00,0.105670,900
2026-06-03T07:00:00+00:00,0.122550,900
2026-06-03T07:15:00+00:00,0.107340,900
2026-06-03T07:30:00+00:00,0.097590,900
2026-06-03T07:45:00+00:00,0.084640,900
2026-06-03T08:00:00+00:00,0.094350,900
2026-06-03T08:15:00+00:00,0.083580,900
2026-06-03T08:30:00+00:00,0.081180,900
2026-06-03T08:45:00+00:00,0.074920,900
2026-06-03T09:00:00+00:00,0.077300,900
2026-06-03T09:15:00+00:00,0.070820,900
2026-06-03T09:30:00+00:00,0.070570,900
2026-06-03T09:45:00+00:00,0.057270,900
2026-06-03T10:00:00+00:00,0.066910,900
2026-06-03T10:15:00+00:00,0.055930,900
2026-06-03T10:30:00+00:00,0.045520,900
2026-06-03T10:45:00+00:00,0.032810,900
2026-06-03T11:00:00+00:00,0.043550,900
2026-06-03T11:15:00+00:00,0.035080,900
2026-06-03T11:30:00+00:00,0.031460,900
2026-06-03T11:45:00+00:00,0.023170,900
2026-06-03T12:00:00+00:00,0.025710,900
2026-06-03T12:15:00+00:00,0.031440,900
2026-06-03T12:30:00+00:00,0.032940,900
2026-06-03T12:45:00+00:00,0.042350,900
2026-06-03T13:00:00+00:00,0.025780,900
2026-06-03T13:15:00+00:00,0.038710,900
2026-06-03T13:30:00+00:00,0.043320,900
2026-06-03T13:45:00+00:00,0.057740,900
2026-06-03T14:00:00+00:00,0.039330,900
2026-06-03T14:15:00+00:00,0.061230,900
2026-06-03T14:30:00+00:00,0.072590,900
2026-06-03T14:45:00+00:00,0.093090,900
2026-06-03T15:00:00+00:00,0.060130,900
2026-06-03T15:15:00+00:00,0.079050,900
2026-06-03T15:30:00+00:00,0.097660,900
2026-06-03T15:45:00+00:00,0.111900,900
2026-06-03T16:00:00+00:00,0.091050,900
2026-06-03T16:15:00+00:00,0.102300,900
2026-06-03T16:30:00+00:00,0.115460,900
2026-06-03T16:45:00+00:00,0.122680,900
2026-06-03T17:00:00+00:00,0.111690,900
2026-06-03T17:15:00+00:00,0.119230,900
2026-06-03T17:30:00+00:00,0.125170,900
2026-06-03T17:45:00+00:00,0.136670,900
2026-06-03T18:00:00+00:00,0.127720,900
2026-06-03T18:15:00+00:00,0.130330,900
2026-06-03T18:30:00+00:00,0.128690,900
2026-06-03T18:45:00+00:00,0.127700,900
2026-06-03T19:00:00+00:00,0.129960,900
2026-06-03T19:15:00+00:00,0.118010,900
2026-06-03T19:30:00+00:00,0.111620,900
2026-06-03T19:45:00+00:00,0.103190,900
2026-06-03T20:00:00+00:00,0.120620,900
2026-06-03T20:15:00+00:00,0.109570,900
2026-06-03T20:30:00+00:00,0.108840,900
2026-06-03T20:45:00+00:00,0.093220,900
2026-06-03T21:00:00+00:00,0.100700,900
2026-06-03T21:15:00+00:00,0.089920,900
2026-06-03T21:30:00+00:00,0.089020,900
2026-06-03T21:45:00+00:00,0.071420,900
2026-06-03T22:00:00+00:00,0.090820,900
2026-06-03T22:15:00+00:00,0.081060,900
2026-06-03T22:30:00+00:00,0.076300,900
2026-06-03T22:45:00+00:00,0.060920,900
2026-06-03T23:00:00+00:00,0.072570,900
2026-06-03T23:15:00+00:00,0.071220,900
2026-06-03T23:30:00+00:00,0.065940,900
2026-06-03T23:45:00+00:00,0.062110,900
2026-06-04T00:00:00+00:00,0.061670,900
2026-06-04T00:15:00+00:00,0.061160,900
2026-06-04T00:30:00+00:00,0.060730,900
2026-06-04T00:45:00+00:00,0.056440,900
2026-06-04T01:00:00+00:00,0.060780,900
2026-06-04T01:15:00+00:00,0.058610,900
2026-06-04T01:30:00+00:00,0.059530,900
2026-06-04T01:45:00+00:00,0.060910,900
2026-06-04T02:00:00+00:00,0.058210,900
2026-06-04T02:15:00+00:00,0.058140,900
2026-06-04T02:30:00+00:00,0.058930,900
2026-06-04T02:45:00+00:00,0.064720,900
2026-06-04T03:00:00+00:00,0.059630,900
2026-06-04T03:15:00+00:00,0.060880,900
2026-06-04T03:30:00+00:00,0.064190,900
2026-06-04T03:45:00+00:00,0.063470,900
2026-06-04T04:00:00+00:00,0.064470,900
2026-06-04T04:15:00+00:00,0.067970,900
2026-06-04T04:30:00+00:00,0.069570,900
2026-06-04T04:45:00+00:00,0.066200,900
2026-06-04T05:00:00+00:00,0.083910,900
2026-06-04T05:15:00+00:00,0.081070,900
2026-06-04T05:30:00+00:00,0.076680,900
2026-06-04T05:45:00+00:00,0.070660,900
2026-06-04T06:00:00+00:00,0.096600,900
2026-06-04T06:15:00+00:00,0.079870,900
2026-06-04T06:30:00+00:00,0.065420,900
2026-06-04T06:45:00+00:00,0.044750,900
2026-06-04T07:00:00+00:00,0.062400,900
2026-06-04T07:15:00+00:00,0.047670,900
2026-06-04T07:30:00+00:00,0.022810,900
2026-06-04T07:45:00+00:00,0.009790,900
2026-06-04T08:00:00+00:00,0.012920,900
2026-06-04T08:15:00+00:00,0.004550,900
2026-06-04T08:30:00+00:00,0.000020,900
2026-06-04T08:45:00+00:00,0.000000,900
2026-06-04T09:00:00+00:00,0.000010,900
2026-06-04T09:15:00+00:00,0.000000,900
2026-06-04T09:30:00+00:00,0.000000,900
2026-06-04T09:45:00+00:00,0.000000,900
2026-06-04T10:00:00+00:00,0.000000,900
2026-06-04T10:15:00+00:00,-0.000020,900
2026-06-04T10:30:00+00:00,-0.000020,900
2026-06-04T10:45:00+00:00,-0.000020,900
2026-06-04T11:00:00+00:00,-0.000020,900
2026-06-04T11:15:00+00:00,-0.000040,900
2026-06-04T11:30:00+00:00,-0.000020,900
2026-06-04T11:45:00+00:00,-0.000050,900
2026-06-04T12:00:00+00:00,-0.000030,900
2026-06-04T12:15:00+00:00,-0.000030,900
2026-06-04T12:30:00+00:00,-0.000010,900
2026-06-04T12:45:00+00:00,0.000000,900
2026-06-04T13:00:00+00:00,-0.000010,900
2026-06-04T13:15:00+00:00,0.000000,900
2026-06-04T13:30:00+00:00,0.000030,900
2026-06-04T13:45:00+00:00,0.005530,900
2026-06-04T14:00:00+00:00,0.005380,900
2026-06-04T14:15:00+00:00,0.012540,900
2026-06-04T14:30:00+00:00,0.029900,900
2026-06-04T14:45:00+00:00,0.050100,900
2026-06-04T15:00:00+00:00,0.031860,900
2026-06-04T15:15:00+00:00,0.052400,900
2026-06-04T15:30:00+00:00,0.072640,900
2026-06-04T15:45:00+00:00,0.085250,900
2026-06-04T16:00:00+00:00,0.064290,900
2026-06-04T16:15:00+00:00,0.085080,900
2026-06-04T16:30:00+00:00,0.103270,900
2026-06-04T16:45:00+00:00,0.103130,900
2026-06-04T17:00:00+00:00,0.092370,900
2026-06-04T17:15:00+00:00,0.098530,900
2026-06-04T17:30:00+00:00,0.103190,900
2026-06-04T17:45:00+00:00,0.107450,900
2026-06-04T18:00:00+00:00,0.100450,900
2026-06-04T18:15:00+00:00,0.105280,900
2026-06-04T18:30:00+00:00,0.105550,900
2026-06-04T18:45:00+00:00,0.109120,900
2026-06-04T19:00:00+00:00,0.106480,900
2026-06-04T19:15:00+00:00,0.106910,900
2026-06-04T19:30:00+00:00,0.106480,900
2026-06-04T19:45:00+00:00,0.104500,900
2026-06-04T20:00:00+00:00,0.105010,900
2026-06-04T20:15:00+00:00,0.101830,900
2026-06-04T20:30:00+00:00,0.104370,900
2026-06-04T20:45:00+00:00,0.100740,900
2026-06-04T21:00:00+00:00,0.098080,900
2026-06-04T21:15:00+00:00,0.096190,900
2026-06-04T21:30:00+00:00,0.095930,900
2026-06-04T21:45:00+00:00,0.089770,900
2026-06-04T22:00:00+00:00,0.085010,900
2026-06-04T22:15:00+00:00,0.073830,900
2026-06-04T22:30:00+00:00,0.069950,900
2026-06-04T22:45:00+00:00,0.065440,900
2026-06-04T23:00:00+00:00,0.076030,900
2026-06-04T23:15:00+00:00,0.072200,900
2026-06-04T23:30:00+00:00,0.074220,900
2026-06-04T23:45:00+00:00,0.067240,900
2026-06-05T00:00:00+00:00,0.065330,900
2026-06-05T00:15:00+00:00,0.073950,900
2026-06-05T00:30:00+00:00,0.078700,900
2026-06-05T00:45:00+00:00,0.081000,900
2026-06-05T01:00:00+00:00,0.081900,900
2026-06-05T01:15:00+00:00,0.074230,900
2026-06-05T01:30:00+00:00,0.073800,900
2026-06-05T01:45:00+00:00,0.070830,900
2026-06-05T02:00:00+00:00,0.071030,900
2026-06-05T02:15:00+00:00,0.076290,900
2026-06-05T02:30:00+00:00,0.080610,900
2026-06-05T02:45:00+00:00,0.087770,900
2026-06-05T03:00:00+00:00,0.080530,900
2026-06-05T03:15:00+00:00,0.082120,900
2026-06-05T03:30:00+00:00,0.087830,900
2026-06-05T03:45:00+00:00,0.098320,900
2026-06-05T04:00:00+00:00,0.103750,900
2026-06-05T04:15:00+00:00,0.103310,900
2026-06-05T04:30:00+00:00,0.101600,900
2026-06-05T04:45:00+00:00,0.102600,900
2026-06-05T05:00:00+00:00,0.117080,900
2026-06-05T05:15:00+00:00,0.112270,900
2026-06-05T05:30:00+00:00,0.112260,900
2026-06-05T05:45:00+00:00,0.107240,900
2026-06-05T06:00:00+00:00,0.120060,900
2026-06-05T06:15:00+00:00,0.119630,900
2026-06-05T06:30:00+00:00,0.115570,900
2026-06-05T06:45:00+00:00,0.110360,900
2026-06-05T07:00:00+00:00,0.129200,900
2026-06-05T07:15:00+00:00,0.118970,900
2026-06-05T07:30:00+00:00,0.096220,900
2026-06-05T07:45:00+00:00,0.079940,900
2026-06-05T08:00:00+00:00,0.112550,900
2026-06-05T08:15:00+00:00,0.092640,900
2026-06-05T08:30:00+00:00,0.075660,900
2026-06-05T08:45:00+00:00,0.071080,900
2026-06-05T09:00:00+00:00,0.081910,900
2026-06-05T09:15:00+00:00,0.087990,900
2026-06-05T09:30:00+00:00,0.082560,900
2026-06-05T09:45:00+00:00,0.073760,900
2026-06-05T10:00:00+00:00,0.070550,900
2026-06-05T10:15:00+00:00,0.056840,900
2026-06-05T10:30:00+00:00,0.051120,900
2026-06-05T10:45:00+00:00,0.044780,900
2026-06-05T11:00:00+00:00,0.042040,900
2026-06-05T11:15:00+00:00,0.036350,900
2026-06-05T11:30:00+00:00,0.033730,900
2026-06-05T11:45:00+00:00,0.024590,900
2026-06-05T12:00:00+00:00,0.023710,900
2026-06-05T12:15:00+00:00,0.022640,900
2026-06-05T12:30:00+00:00,0.024930,900
2026-06-05T12:45:00+00:00,0.028710,900
2026-06-05T13:00:00+00:00,0.014560,900
2026-06-05T13:15:00+00:00,0.025040,900
2026-06-05T13:30:00+00:00,0.040740,900
2026-06-05T13:45:00+00:00,0.059660,900
2026-06-05T14:00:00+00:00,0.041810,900
2026-06-05T14:15:00+00:00,0.055700,900
2026-06-05T14:30:00+00:00,0.072240,900
2026-06-05T14:45:00+00:00,0.094170,900
2026-06-05T15:00:00+00:00,0.066550,900
2026-06-05T15:15:00+00:00,0.089190,900
2026-06-05T15:30:00+00:00,0.106110,900
2026-06-05T15:45:00+00:00,0.123060,900
2026-06-05T16:00:00+00:00,0.093580,900
2026-06-05T16:15:00+00:00,0.113420,900
2026-06-05T16:30:00+00:00,0.127880,900
2026-06-05T16:45:00+00:00,0.148540,900
2026-06-05T17:00:00+00:00,0.120060,900
2026-06-05T17:15:00+00:00,0.137010,900
2026-06-05T17:30:00+00:00,0.154790,900
2026-06-05T17:45:00+00:00,0.171000,900
2026-06-05T18:00:00+00:00,0.164880,900
2026-06-05T18:15:00+00:00,0.172400,900
2026-06-05T18:30:00+00:00,0.188890,900
2026-06-05T18:45:00+00:00,0.189970,900
2026-06-05T19:00:00+00:00,0.194750,900
2026-06-05T19:15:00+00:00,0.192470,900
2026-06-05T19:30:00+00:00,0.189890,900
2026-06-05T19:45:00+00:00,0.180530,900
2026-06-05T20:00:00+00:00,0.182580,900
2026-06-05T20:15:00+00:00,0.173620,900
2026-06-05T20:30:00+00:00,0.164240,900
2026-06-05T20:45:00+00:00,0.158730,900
2026-06-05T21:00:00+00:00,0.163270,900
2026-06-05T21:15:00+00:00,0.155790,900
2026-06-05T21:30:00+00:00,0.150120,900
2026-06-05T21:45:00+00:00,0.144180,900
2026-06-05T22:00:00+00:00,0.165580,900
2026-06-05T22:15:00+00:00,0.149850,900
2026-06-05T22:30:00+00:00,0.144010,900
2026-06-05T22:45:00+00:00,0.130230,900
2026-06-05T23:00:00+00:00,0.136170,900
2026-06-05T23:15:00+00:00,0.133920,900
2026-06-05T23:30:00+00:00,0.131710,900
2026-06-05T23:45:00+00:00,0.133560,900
2026-06-06T00:00:00+00:00,0.132600,900
2026-06-06T00:15:00+00:00,0.131380,900
2026-06-06T00:30:00+00:00,0.127390,900
2026-06-06T00:45:00+00:00,0.125240,900
2026-06-06T01:00:00+00:00,0.124900,900
2026-06-06T01:15:00+00:00,0.116170,900
2026-06-06T01:30:00+00:00,0.115390,900
2026-06-06T01:45:00+00:00,0.120100,900
2026-06-06T02:00:00+00:00,0.120100,900
2026-06-06T02:15:00+00:00,0.121080,900
2026-06-06T02:30:00+00:00,0.121490,900
2026-06-06T02:45:00+00:00,0.122550,900
2026-06-06T03:00:00+00:00,0.127460,900
2026-06-06T03:15:00+00:00,0.121100,900
2026-06-06T03:30:00+00:00,0.117560,900
2026-06-06T03:45:00+00:00,0.114700,900
2026-06-06T04:00:00+00:00,0.124730,900
2026-06-06T04:15:00+00:00,0.120460,900
2026-06-06T04:30:00+00:00,0.115350,900
2026-06-06T04:45:00+00:00,0.110100,900
2026-06-06T05:00:00+00:00,0.126740,900
2026-06-06T05:15:00+00:00,0.116700,900
2026-06-06T05:30:00+00:00,0.101910,900
2026-06-06T05:45:00+00:00,0.080530,900
2026-06-06T06:00:00+00:00,0.108390,900
2026-06-06T06:15:00+00:00,0.096550,900
2026-06-06T06:30:00+00:00,0.082700,900
2026-06-06T06:45:00+00:00,0.065270,900
2026-06-06T07:00:00+00:00,0.092230,900
2026-06-06T07:15:00+00:00,0.075650,900
2026-06-06T07:30:00+00:00,0.057750,900
2026-06-06T07:45:00+00:00,0.025910,900
2026-06-06T08:00:00+00:00,0.057220,900
2026-06-06T08:15:00+00:00,0.033570,900
2026-06-06T08:30:00+00:00,0.016610,900
2026-06-06T08:45:00+00:00,0.000050,900
2026-06-06T09:00:00+00:00,0.000180,900
2026-06-06T09:15:00+00:00,0.000110,900
2026-06-06T09:30:00+00:00,0.000100,900
2026-06-06T09:45:00+00:00,0.000050,900
2026-06-06T10:00:00+00:00,0.000040,900
2026-06-06T10:15:00+00:00,0.000000,900
2026-06-06T10:30:00+00:00,-0.000020,900
2026-06-06T10:45:00+00:00,-0.000060,900
2026-06-06T11:00:00+00:00,-0.000010,900
2026-06-06T11:15:00+00:00,0.000000,900
2026-06-06T11:30:00+00:00,-0.000020,900
2026-06-06T11:45:00+00:00,-0.000010,900
2026-06-06T12:00:00+00:00,0.000000,900
2026-06-06T12:15:00+00:00,0.000060,900
2026-06-06T12:30:00+00:00,0.000100,900
2026-06-06T12:45:00+00:00,0.000200,900
2026-06-06T13:00:00+00:00,0.002880,900
2026-06-06T13:15:00+00:00,0.010140,900
2026-06-06T13:30:00+00:00,0.014100,900
2026-06-06T13:45:00+00:00,0.032870,900
2026-06-06T14:00:00+00:00,0.012180,900
2026-06-06T14:15:00+00:00,0.038150,900
2026-06-06T14:30:00+00:00,0.052150,900
2026-06-06T14:45:00+00:00,0.066140,900
2026-06-06T15:00:00+00:00,0.067340,900
2026-06-06T15:15:00+00:00,0.085080,900
2026-06-06T15:30:00+00:00,0.102370,900
2026-06-06T15:45:00+00:00,0.121920,900
2026-06-06T16:00:00+00:00,0.113110,900
2026-06-06T16:15:00+00:00,0.119700,900
2026-06-06T16:30:00+00:00,0.126720,900
2026-06-06T16:45:00+00:00,0.116870,900
2026-06-06T17:00:00+00:00,0.116960,900
2026-06-06T17:15:00+00:00,0.126690,900
2026-06-06T17:30:00+00:00,0.130790,900
2026-06-06T17:45:00+00:00,0.146080,900
2026-06-06T18:00:00+00:00,0.138680,900
2026-06-06T18:15:00+00:00,0.142600,900
2026-06-06T18:30:00+00:00,0.152610,900
2026-06-06T18:45:00+00:00,0.156430,900
2026-06-06T19:00:00+00:00,0.150090,900
2026-06-06T19:15:00+00:00,0.141280,900
2026-06-06T19:30:00+00:00,0.139770,900
2026-06-06T19:45:00+00:00,0.137820,900
2026-06-06T20:00:00+00:00,0.130810,900
2026-06-06T20:15:00+00:00,0.122380,900
2026-06-06T20:30:00+00:00,0.130100,900
2026-06-06T20:45:00+00:00,0.122550,900
2026-06-06T21:00:00+00:00,0.115190,900
2026-06-06T21:15:00+00:00,0.110120,900
2026-06-06T21:30:00+00:00,0.109500,900
2026-06-06T21:45:00+00:00,0.102990,900
2026-06-06T22:00:00+00:00,0.107900,900
2026-06-06T22:15:00+00:00,0.097920,900
2026-06-06T22:30:00+00:00,0.095100,900
2026-06-06T22:45:00+00:00,0.091470,900
2026-06-06T23:00:00+00:00,0.095490,900
2026-06-06T23:15:00+00:00,0.088420,900
2026-06-06T23:30:00+00:00,0.089400,900
2026-06-06T23:45:00+00:00,0.081720,900
2026-06-07T00:00:00+00:00,0.087440,900
2026-06-07T00:15:00+00:00,0.083620,900
2026-06-07T00:30:00+00:00,0.082430,900
2026-06-07T00:45:00+00:00,0.074950,900
2026-06-07T01:00:00+00:00,0.081480,900
2026-06-07T01:15:00+00:00,0.073130,900
2026-06-07T01:30:00+00:00,0.070570,900
2026-06-07T01:45:00+00:00,0.062750,900
2026-06-07T02:00:00+00:00,0.066660,900
2026-06-07T02:15:00+00:00,0.061670,900
2026-06-07T02:30:00+00:00,0.057190,900
2026-06-07T02:45:00+00:00,0.050610,900
2026-06-07T03:00:00+00:00,0.053510,900
2026-06-07T03:15:00+00:00,0.043060,900
2026-06-07T03:30:00+00:00,0.032970,900
2026-06-07T03:45:00+00:00,0.010730,900
2026-06-07T04:00:00+00:00,0.008620,900
2026-06-07T04:15:00+00:00,0.005110,900
2026-06-07T04:30:00+00:00,0.004430,900
2026-06-07T04:45:00+00:00,0.002100,900
2026-06-07T05:00:00+00:00,0.001840,900
2026-06-07T05:15:00+00:00,0.000010,900
2026-06-07T05:30:00+00:00,0.000000,900
2026-06-07T05:45:00+00:00,-0.000010,900
2026-06-07T06:00:00+00:00,-0.000010,900
2026-06-07T06:15:00+00:00,-0.000050,900
2026-06-07T06:30:00+00:00,-0.000110,900
2026-06-07T06:45:00+00:00,-0.002040,900
2026-06-07T07:00:00+00:00,-0.001300,900
2026-06-07T07:15:00+00:00,-0.003400,900
2026-06-07T07:30:00+00:00,-0.005490,900
2026-06-07T07:45:00+00:00,-0.009990,900
2026-06-07T08:00:00+00:00,-0.004990,900
2026-06-07T08:15:00+00:00,-0.005460,900
2026-06-07T08:30:00+00:00,-0.009880,900
2026-06-07T08:45:00+00:00,-0.011670,900
2026-06-07T09:00:00+00:00,-0.012730,900
2026-06-07T09:15:00+00:00,-0.014600,900
2026-06-07T09:30:00+00:00,-0.014300,900
2026-06-07T09:45:00+00:00,-0.014570,900
2026-06-07T10:00:00+00:00,-0.014990,900
2026-06-07T10:15:00+00:00,-0.019000,900
2026-06-07T10:30:00+00:00,-0.019000,900
2026-06-07T10:45:00+00:00,-0.020060,900
2026-06-07T11:00:00+00:00,-0.023400,900
2026-06-07T11:15:00+00:00,-0.029990,900
2026-06-07T11:30:00+00:00,-0.040080,900
2026-06-07T11:45:00+00:00,-0.050200,900
2026-06-07T12:00:00+00:00,-0.044010,900
2026-06-07T12:15:00+00:00,-0.045410,900
2026-06-07T12:30:00+00:00,-0.044430,900
2026-06-07T12:45:00+00:00,-0.045000,900
2026-06-07T13:00:00+00:00,-0.050000,900
2026-06-07T13:15:00+00:00,-0.040100,900
2026-06-07T13:30:00+00:00,-0.031740,900
2026-06-07T13:45:00+00:00,-0.023830,900
2026-06-07T14:00:00+00:00,-0.028040,900
2026-06-07T14:15:00+00:00,-0.017940,900
2026-06-07T14:30:00+00:00,-0.012780,900
2026-06-07T14:45:00+00:00,-0.005030,900
2026-06-07T15:00:00+00:00,-0.003410,900
2026-06-07T15:15:00+00:00,-0.001000,900
2026-06-07T15:30:00+00:00,-0.000100,900
2026-06-07T15:45:00+00:00,0.000080,900
2026-06-07T16:00:00+00:00,0.000220,900
2026-06-07T16:15:00+00:00,0.018940,900
2026-06-07T16:30:00+00:00,0.069800,900
2026-06-07T16:45:00+00:00,0.106580,900
2026-06-07T17:00:00+00:00,0.073020,900
2026-06-07T17:15:00+00:00,0.100870,900
2026-06-07T17:30:00+00:00,0.115390,900
2026-06-07T17:45:00+00:00,0.120800,900
2026-06-07T18:00:00+00:00,0.125900,900
2026-06-07T18:15:00+00:00,0.127570,900
2026-06-07T18:30:00+00:00,0.129280,900
2026-06-07T18:45:00+00:00,0.136200,900
2026-06-07T19:00:00+00:00,0.132750,900
2026-06-07T19:15:00+00:00,0.134880,900
2026-06-07T19:30:00+00:00,0.139900,900
2026-06-07T19:45:00+00:00,0.144020,900
2026-06-07T20:00:00+00:00,0.146120,900
2026-06-07T20:15:00+00:00,0.145870,900
2026-06-07T20:30:00+00:00,0.139530,900
2026-06-07T20:45:00+00:00,0.137840,900
2026-06-07T21:00:00+00:00,0.149630,900
2026-06-07T21:15:00+00:00,0.139100,900
2026-06-07T21:30:00+00:00,0.136200,900
2026-06-07T21:45:00+00:00,0.141770,900
2026-06-07T22:00:00+00:00,0.151590,900
2026-06-07T22:15:00+00:00,0.137780,900
2026-06-07T22:30:00+00:00,0.133380,900
2026-06-07T22:45:00+00:00,0.129300,900
2026-06-07T23:00:00+00:00,0.140090,900
2026-06-07T23:15:00+00:00,0.130350,900
2026-06-07T23:30:00+00:00,0.129620,900
2026-06-07T23:45:00+00:00,0.124860,900
2026-06-08T00:00:00+00:00,0.133580,900
2026-06-08T00:15:00+00:00,0.128870,900
2026-06-08T00:30:00+00:00,0.130800,900
2026-06-08T00:45:00+00:00,0.130800,900
2026-06-08T01:00:00+00:00,0.127570,900
2026-06-08T01:15:00+00:00,0.125300,900
2026-06-08T01:30:00+00:00,0.124600,900
2026-06-08T01:45:00+00:00,0.125850,900
2026-06-08T02:00:00+00:00,0.130240,900
2026-06-08T02:15:00+00:00,0.129120,900
2026-06-08T02:30:00+00:00,0.128880,900
2026-06-08T02:45:00+00:00,0.131760,900
2026-06-08T03:00:00+00:00,0.133610,900
2026-06-08T03:15:00+00:00,0.135240,900
2026-06-08T03:30:00+00:00,0.143420,900
2026-06-08T03:45:00+00:00,0.150040,900
2026-06-08T04:00:00+00:00,0.155100,900
2026-06-08T04:15:00+00:00,0.158230,900
2026-06-08T04:30:00+00:00,0.157780,900
2026-06-08T04:45:00+00:00,0.149950,900
2026-06-08T05:00:00+00:00,0.171510,900
2026-06-08T05:15:00+00:00,0.151730,900
2026-06-08T05:30:00+00:00,0.144170,900
2026-06-08T05:45:00+00:00,0.132100,900
2026-06-08T06:00:00+00:00,0.146880,900
2026-06-08T06:15:00+00:00,0.132220,900
2026-06-08T06:30:00+00:00,0.120980,900
2026-06-08T06:45:00+00:00,0.114850,900
2026-06-08T07:00:00+00:00,0.130240,900
2026-06-08T07:15:00+00:00,0.120130,900
2026-06-08T07:30:00+00:00,0.115790,900
2026-06-08T07:45:00+00:00,0.102700,900
2026-06-08T08:00:00+00:00,0.134270,900
2026-06-08T08:15:00+00:00,0.117190,900
2026-06-08T08:30:00+00:00,0.095860,900
2026-06-08T08:45:00+00:00,0.077010,900
2026-06-08T09:00:00+00:00,0.092080,900
2026-06-08T09:15:00+00:00,0.081590,900
2026-06-08T09:30:00+00:00,0.071020,900
2026-06-08T09:45:00+00:00,0.062990,900
2026-06-08T10:00:00+00:00,0.084210,900
2026-06-08T10:15:00+00:00,0.079460,900
2026-06-08T10:30:00+00:00,0.073650,900
2026-06-08T10:45:00+00:00,0.075070,900
2026-06-08T11:00:00+00:00,0.081960,900
2026-06-08T11:15:00+00:00,0.082710,900
2026-06-08T11:30:00+00:00,0.080570,900
2026-06-08T11:45:00+00:00,0.072280,900
2026-06-08T12:00:00+00:00,0.079210,900
2026-06-08T12:15:00+00:00,0.080010,900
2026-06-08T12:30:00+00:00,0.083330,900
2026-06-08T12:45:00+00:00,0.088810,900
2026-06-08T13:00:00+00:00,0.080130,900
2026-06-08T13:15:00+00:00,0.087110,900
2026-06-08T13:30:00+00:00,0.097220,900
2026-06-08T13:45:00+00:00,0.113940,900
2026-06-08T14:00:00+00:00,0.090630,900
2026-06-08T14:15:00+00:00,0.098680,900
2026-06-08T14:30:00+00:00,0.107510,900
2026-06-08T14:45:00+00:00,0.111970,900
2026-06-08T15:00:00+00:00,0.112140,900
2026-06-08T15:15:00+00:00,0.117310,900
2026-06-08T15:30:00+00:00,0.123530,900
2026-06-08T15:45:00+00:00,0.146400,900
2026-06-08T16:00:00+00:00,0.127790,900
2026-06-08T16:15:00+00:00,0.130100,900
2026-06-08T16:30:00+00:00,0.145490,900
2026-06-08T16:45:00+00:00,0.175020,900
2026-06-08T17:00:00+00:00,0.160750,900
2026-06-08T17:15:00+00:00,0.181640,900
2026-06-08T17:30:00+00:00,0.186430,900
2026-06-08T17:45:00+00:00,0.227300,900
2026-06-08T18:00:00+00:00,0.198630,900
2026-06-08T18:15:00+00:00,0.207390,900
2026-06-08T18:30:00+00:00,0.211540,900
2026-06-08T18:45:00+00:00,0.208970,900
2026-06-08T19:00:00+00:00,0.217860,900
2026-06-08T19:15:00+00:00,0.195250,900
2026-06-08T19:30:00+00:00,0.175820,900
2026-06-08T19:45:00+00:00,0.158010,900
2026-06-08T20:00:00+00:00,0.184090,900
2026-06-08T20:15:00+00:00,0.160000,900
2026-06-08T20:30:00+00:00,0.141400,900
2026-06-08T20:45:00+00:00,0.137380,900
2026-06-08T21:00:00+00:00,0.129690,900
2026-06-08T21:15:00+00:00,0.121410,900
2026-06-08T21:30:00+00:00,0.124760,900
2026-06-08T21:45:00+00:00,0.115670,900
2026-06-08T22:00:00+00:00,0.135540,900
2026-06-08T22:15:00+00:00,0.121440,900
2026-06-08T22:30:00+00:00,0.118140,900
2026-06-08T22:45:00+00:00,0.109630,900
2026-06-08T23:00:00+00:00,0.118070,900
2026-06-08T23:15:00+00:00,0.113910,900
2026-06-08T23:30:00+00:00,0.114410,900
2026-06-08T23:45:00+00:00,0.111590,900
2026-06-09T00:00:00+00:00,0.111130,900
2026-06-09T00:15:00+00:00,0.106610,900
2026-06-09T00:30:00+00:00,0.107360,900
2026-06-09T00:45:00+00:00,0.103480,900
2026-06-09T01:00:00+00:00,0.106010,900
2026-06-09T01:15:00+00:00,0.102550,900
2026-06-09T01:30:00+00:00,0.102420,900
2026-06-09T01:45:00+00:00,0.100950,900
2026-06-09T02:00:00+00:00,0.101020,900
2026-06-09T02:15:00+00:00,0.099990,900
2026-06-09T02:30:00+00:00,0.102450,900
2026-06-09T02:45:00+00:00,0.102570,900
2026-06-09T03:00:00+00:00,0.104760,900
2026-06-09T03:15:00+00:00,0.105960,900
2026-06-09T03:30:00+00:00,0.105980,900
2026-06-09T03:45:00+00:00,0.109610,900
2026-06-09T04:00:00+00:00,0.115490,900
2026-06-09T04:15:00+00:00,0.121540,900
2026-06-09T04:30:00+00:00,0.126280,900
2026-06-09T04:45:00+00:00,0.124020,900
2026-06-09T05:00:00+00:00,0.132690,900
2026-06-09T05:15:00+00:00,0.128930,900
2026-06-09T05:30:00+00:00,0.127880,900
2026-06-09T05:45:00+00:00,0.121930,900
2026-06-09T06:00:00+00:00,0.133020,900
2026-06-09T06:15:00+00:00,0.121020,900
2026-06-09T06:30:00+00:00,0.116410,900
2026-06-09T06:45:00+00:00,0.104510,900
2026-06-09T07:00:00+00:00,0.115470,900
2026-06-09T07:15:00+00:00,0.098950,900
2026-06-09T07:30:00+00:00,0.092580,900
2026-06-09T07:45:00+00:00,0.075360,900
2026-06-09T08:00:00+00:00,0.085400,900
2026-06-09T08:15:00+00:00,0.073300,900
2026-06-09T08:30:00+00:00,0.067240,900
2026-06-09T08:45:00+00:00,0.054960,900
2026-06-09T09:00:00+00:00,0.069730,900
2026-06-09T09:15:00+00:00,0.055470,900
2026-06-09T09:30:00+00:00,0.046970,900
2026-06-09T09:45:00+00:00,0.033700,900
2026-06-09T10:00:00+00:00,0.042500,900
2026-06-09T10:15:00+00:00,0.024100,900
2026-06-09T10:30:00+00:00,0.013040,900
2026-06-09T10:45:00+00:00,0.006370,900
2026-06-09T11:00:00+00:00,0.006290,900
2026-06-09T11:15:00+00:00,0.003830,900
2026-06-09T11:30:00+00:00,0.002100,900
2026-06-09T11:45:00+00:00,0.000000,900
2026-06-09T12:00:00+00:00,0.000100,900
2026-06-09T12:15:00+00:00,0.000000,900
2026-06-09T12:30:00+00:00,-0.000140,900
2026-06-09T12:45:00+00:00,0.000000,900
2026-06-09T13:00:00+00:00,-0.000940,900
2026-06-09T13:15:00+00:00,-0.000260,900
2026-06-09T13:30:00+00:00,0.000370,900
2026-06-09T13:45:00+00:00,0.003130,900
2026-06-09T14:00:00+00:00,0.000000,900
2026-06-09T14:15:00+00:00,0.007730,900
2026-06-09T14:30:00+00:00,0.035380,900
2026-06-09T14:45:00+00:00,0.056910,900
2026-06-09T15:00:00+00:00,0.024450,900
2026-06-09T15:15:00+00:00,0.062010,900
2026-06-09T15:30:00+00:00,0.080500,900
2026-06-09T15:45:00+00:00,0.092870,900
2026-06-09T16:00:00+00:00,0.080730,900
2026-06-09T16:15:00+00:00,0.096760,900
2026-06-09T16:30:00+00:00,0.112100,900
2026-06-09T16:45:00+00:00,0.125240,900
2026-06-09T17:00:00+00:00,0.109540,900
2026-06-09T17:15:00+00:00,0.126060,900
2026-06-09T17:30:00+00:00,0.132720,900
2026-06-09T17:45:00+00:00,0.131630,900
2026-06-09T18:00:00+00:00,0.130080,900
2026-06-09T18:15:00+00:00,0.142470,900
2026-06-09T18:30:00+00:00,0.152880,900
2026-06-09T18:45:00+00:00,0.164120,900
2026-06-09T19:00:00+00:00,0.149610,900
2026-06-09T19:15:00+00:00,0.155000,900
2026-06-09T19:30:00+00:00,0.157700,900
2026-06-09T19:45:00+00:00,0.151680,900
2026-06-09T20:00:00+00:00,0.150690,900
2026-06-09T20:15:00+00:00,0.149990,900
2026-06-09T20:30:00+00:00,0.143950,900
2026-06-09T20:45:00+00:00,0.133370,900
2026-06-09T21:00:00+00:00,0.136460,900
2026-06-09T21:15:00+00:00,0.127450,900
2026-06-09T21:30:00+00:00,0.126670,900
2026-06-09T21:45:00+00:00,0.119210,900
2026-06-09T22:00:00+00:00,0.123760,900
2026-06-09T22:15:00+00:00,0.120680,900
2026-06-09T22:30:00+00:00,0.117510,900
2026-06-09T22:45:00+00:00,0.111220,900
2026-06-09T23:00:00+00:00,0.116990,900
2026-06-09T23:15:00+00:00,0.112900,900
2026-06-09T23:30:00+00:00,0.110100,900
2026-06-09T23:45:00+00:00,0.106200,900
2026-06-10T00:00:00+00:00,0.108450,900
2026-06-10T00:15:00+00:00,0.104340,900
2026-06-10T00:30:00+00:00,0.103900,900
2026-06-10T00:45:00+00:00,0.100280,900
2026-06-10T01:00:00+00:00,0.100560,900
2026-06-10T01:15:00+00:00,0.102030,900
2026-06-10T01:30:00+00:00,0.102050,900
2026-06-10T01:45:00+00:00,0.102090,900
2026-06-10T02:00:00+00:00,0.099250,900
2026-06-10T02:15:00+00:00,0.101000,900
2026-06-10T02:30:00+00:00,0.105450,900
2026-06-10T02:45:00+00:00,0.106630,900
2026-06-10T03:00:00+00:00,0.104690,900
2026-06-10T03:15:00+00:00,0.109870,900
2026-06-10T03:30:00+00:00,0.111060,900
2026-06-10T03:45:00+00:00,0.118120,900
2026-06-10T04:00:00+00:00,0.119210,900
2026-06-10T04:15:00+00:00,0.126150,900
2026-06-10T04:30:00+00:00,0.126550,900
2026-06-10T04:45:00+00:00,0.124690,900
2026-06-10T05:00:00+00:00,0.132520,900
2026-06-10T05:15:00+00:00,0.131220,900
2026-06-10T05:30:00+00:00,0.129400,900
2026-06-10T05:45:00+00:00,0.126480,900
2026-06-10T06:00:00+00:00,0.134820,900
2026-06-10T06:15:00+00:00,0.124490,900
2026-06-10T06:30:00+00:00,0.117830,900
2026-06-10T06:45:00+00:00,0.097090,900
2026-06-10T07:00:00+00:00,0.113620,900
2026-06-10T07:15:00+00:00,0.098160,900
2026-06-10T07:30:00+00:00,0.085940,900
2026-06-10T07:45:00+00:00,0.082150,900
2026-06-10T08:00:00+00:00,0.089580,900
2026-06-10T08:15:00+00:00,0.079770,900
2026-06-10T08:30:00+00:00,0.078520,900
2026-06-10T08:45:00+00:00,0.064930,900
2026-06-10T09:00:00+00:00,0.071590,900
2026-06-10T09:15:00+00:00,0.066200,900
2026-06-10T09:30:00+00:00,0.061100,900
2026-06-10T09:45:00+00:00,0.055860,900
2026-06-10T10:00:00+00:00,0.060350,900
2026-06-10T10:15:00+00:00,0.055640,900
2026-06-10T10:30:00+00:00,0.059760,900
2026-06-10T10:45:00+00:00,0.061360,900
2026-06-10T11:00:00+00:00,0.062640,900
2026-06-10T11:15:00+00:00,0.062380,900
2026-06-10T11:30:00+00:00,0.062200,900
2026-06-10T11:45:00+00:00,0.060480,900
2026-06-10T12:00:00+00:00,0.060560,900
2026-06-10T12:15:00+00:00,0.062320,900
2026-06-10T12:30:00+00:00,0.071140,900
2026-06-10T12:45:00+00:00,0.080070,900
2026-06-10T13:00:00+00:00,0.064260,900
2026-06-10T13:15:00+00:00,0.078440,900
2026-06-10T13:30:00+00:00,0.080000,900
2026-06-10T13:45:00+00:00,0.089530,900
2026-06-10T14:00:00+00:00,0.076980,900
2026-06-10T14:15:00+00:00,0.086680,900
2026-06-10T14:30:00+00:00,0.097790,900
2026-06-10T14:45:00+00:00,0.111010,900
2026-06-10T15:00:00+00:00,0.095610,900
2026-06-10T15:15:00+00:00,0.108060,900
2026-06-10T15:30:00+00:00,0.119510,900
2026-06-10T15:45:00+00:00,0.131300,900
2026-06-10T16:00:00+00:00,0.111410,900
2026-06-10T16:15:00+00:00,0.125300,900
2026-06-10T16:30:00+00:00,0.135310,900
2026-06-10T16:45:00+00:00,0.137000,900
2026-06-10T17:00:00+00:00,0.132200,900
2026-06-10T17:15:00+00:00,0.149500,900
2026-06-10T17:30:00+00:00,0.158540,900
2026-06-10T17:45:00+00:00,0.194990,900
2026-06-10T18:00:00+00:00,0.162760,900
2026-06-10T18:15:00+00:00,0.184480,900
2026-06-10T18:30:00+00:00,0.211430,900
2026-06-10T18:45:00+00:00,0.239680,900
2026-06-10T19:00:00+00:00,0.224000,900
2026-06-10T19:15:00+00:00,0.208850,900
2026-06-10T19:30:00+00:00,0.195640,900
2026-06-10T19:45:00+00:00,0.186320,900
2026-06-10T20:00:00+00:00,0.192370,900
2026-06-10T20:15:00+00:00,0.177950,900
2026-06-10T20:30:00+00:00,0.162820,900
2026-06-10T20:45:00+00:00,0.147090,900
2026-06-10T21:00:00+00:00,0.169800,900
2026-06-10T21:15:00+00:00,0.149990,900
2026-06-10T21:30:00+00:00,0.146650,900
2026-06-10T21:45:00+00:00,0.136520,900
2026-06-10T22:00:00+00:00,0.150780,900
2026-06-10T22:15:00+00:00,0.143170,900
2026-06-10T22:30:00+00:00,0.143660,900
2026-06-10T22:45:00+00:00,0.139230,900
2026-06-10T23:00:00+00:00,0.138470,900
2026-06-10T23:15:00+00:00,0.133630,900
2026-06-10T23:30:00+00:00,0.130860,900
2026-06-10T23:45:00+00:00,0.127570,900
2026-06-11T00:00:00+00:00,0.128340,900
2026-06-11T00:15:00+00:00,0.124680,900
2026-06-11T00:30:00+00:00,0.122990,900
2026-06-11T00:45:00+00:00,0.121860,900
2026-06-11T01:00:00+00:00,0.125310,900
2026-06-11T01:15:00+00:00,0.121900,900
2026-06-11T01:30:00+00:00,0.122470,900
2026-06-11T01:45:00+00:00,0.120420,900
2026-06-11T02:00:00+00:00,0.123090,900
2026-06-11T02:15:00+00:00,0.122480,900
2026-06-11T02:30:00+00:00,0.121840,900
2026-06-11T02:45:00+00:00,0.123550,900
2026-06-11T03:00:00+00:00,0.123050,900
2026-06-11T03:15:00+00:00,0.122140,900
2026-06-11T03:30:00+00:00,0.125900,900
2026-06-11T03:45:00+00:00,0.128350,900
2026-06-11T04:00:00+00:00,0.138790,900
2026-06-11T04:15:00+00:00,0.142510,900
2026-06-11T04:30:00+00:00,0.140430,900
2026-06-11T04:45:00+00:00,0.140180,900
2026-06-11T05:00:00+00:00,0.159200,900
2026-06-11T05:15:00+00:00,0.143830,900
2026-06-11T05:30:00+00:00,0.139030,900
2026-06-11T05:45:00+00:00,0.130670,900
2026-06-11T06:00:00+00:00,0.146130,900
2026-06-11T06:15:00+00:00,0.138390,900
2026-06-11T06:30:00+00:00,0.126970,900
2026-06-11T06:45:00+00:00,0.111620,900
2026-06-11T07:00:00+00:00,0.119660,900
2026-06-11T07:15:00+00:00,0.119060,900
2026-06-11T07:30:00+00:00,0.115240,900
2026-06-11T07:45:00+00:00,0.098840,900
2026-06-11T08:00:00+00:00,0.100440,900
2026-06-11T08:15:00+00:00,0.093010,900
2026-06-11T08:30:00+00:00,0.092180,900
2026-06-11T08:45:00+00:00,0.088050,900
2026-06-11T09:00:00+00:00,0.090000,900
2026-06-11T09:15:00+00:00,0.079830,900
2026-06-11T09:30:00+00:00,0.070640,900
2026-06-11T09:45:00+00:00,0.060550,900
2026-06-11T10:00:00+00:00,0.076620,900
2026-06-11T10:15:00+00:00,0.064210,900
2026-06-11T10:30:00+00:00,0.057200,900
2026-06-11T10:45:00+00:00,0.058220,900
2026-06-11T11:00:00+00:00,0.056280,900
2026-06-11T11:15:00+00:00,0.067700,900
2026-06-11T11:30:00+00:00,0.055890,900
2026-06-11T11:45:00+00:00,0.044970,900
2026-06-11T12:00:00+00:00,0.047370,900
2026-06-11T12:15:00+00:00,0.050400,900
2026-06-11T12:30:00+00:00,0.046920,900
2026-06-11T12:45:00+00:00,0.046870,900
2026-06-11T13:00:00+00:00,0.058780,900
2026-06-11T13:15:00+00:00,0.070100,900
2026-06-11T13:30:00+00:00,0.065320,900
2026-06-11T13:45:00+00:00,0.076400,900
2026-06-11T14:00:00+00:00,0.064740,900
2026-06-11T14:15:00+00:00,0.072040,900
2026-06-11T14:30:00+00:00,0.085100,900
2026-06-11T14:45:00+00:00,0.098370,900
2026-06-11T15:00:00+00:00,0.086030,900
2026-06-11T15:15:00+00:00,0.100100,900
2026-06-11T15:30:00+00:00,0.108050,900
2026-06-11T15:45:00+00:00,0.114150,900
2026-06-11T16:00:00+00:00,0.113940,900
2026-06-11T16:15:00+00:00,0.118670,900
2026-06-11T16:30:00+00:00,0.128050,900
2026-06-11T16:45:00+00:00,0.145350,900
2026-06-11T17:00:00+00:00,0.124430,900
2026-06-11T17:15:00+00:00,0.135350,900
2026-06-11T17:30:00+00:00,0.148090,900
2026-06-11T17:45:00+00:00,0.154440,900
2026-06-11T18:00:00+00:00,0.146220,900
2026-06-11T18:15:00+00:00,0.154910,900
2026-06-11T18:30:00+00:00,0.158970,900
2026-06-11T18:45:00+00:00,0.162980,900
2026-06-11T19:00:00+00:00,0.162070,900
2026-06-11T19:15:00+00:00,0.154100,900
2026-06-11T19:30:00+00:00,0.144420,900
2026-06-11T19:45:00+00:00,0.126650,900
2026-06-11T20:00:00+00:00,0.137550,900
2026-06-11T20:15:00+00:00,0.128750,900
2026-06-11T20:30:00+00:00,0.120100,900
2026-06-11T20:45:00+00:00,0.107710,900
2026-06-11T21:00:00+00:00,0.120100,900
2026-06-11T21:15:00+00:00,0.109270,900
2026-06-11T21:30:00+00:00,0.103430,900
2026-06-11T21:45:00+00:00,0.090430,900
2026-06-11T22:00:00+00:00,0.117990,900
2026-06-11T22:15:00+00:00,0.113370,900
2026-06-11T22:30:00+00:00,0.107300,900
2026-06-11T22:45:00+00:00,0.098210,900
2026-06-11T23:00:00+00:00,0.106750,900
2026-06-11T23:15:00+00:00,0.100710,900
2026-06-11T23:30:00+00:00,0.093350,900
2026-06-11T23:45:00+00:00,0.083730,900
2026-06-12T00:00:00+00:00,0.095110,900
2026-06-12T00:15:00+00:00,0.089500,900
2026-06-12T00:30:00+00:00,0.087270,900
2026-06-12T00:45:00+00:00,0.080230,900
2026-06-12T01:00:00+00:00,0.084430,900
2026-06-12T01:15:00+00:00,0.082300,900
2026-06-12T01:30:00+00:00,0.081000,900
2026-06-12T01:45:00+00:00,0.081370,900
2026-06-12T02:00:00+00:00,0.080100,900
2026-06-12T02:15:00+00:00,0.082150,900
2026-06-12T02:30:00+00:00,0.083060,900
2026-06-12T02:45:00+00:00,0.086040,900
2026-06-12T03:00:00+00:00,0.079040,900
2026-06-12T03:15:00+00:00,0.082000,900
2026-06-12T03:30:00+00:00,0.087090,900
2026-06-12T03:45:00+00:00,0.095650,900
2026-06-12T04:00:00+00:00,0.097200,900
2026-06-12T04:15:00+00:00,0.108530,900
2026-06-12T04:30:00+00:00,0.108270,900
2026-06-12T04:45:00+00:00,0.111290,900
2026-06-12T05:00:00+00:00,0.113730,900
2026-06-12T05:15:00+00:00,0.115230,900
2026-06-12T05:30:00+00:00,0.113880,900
2026-06-12T05:45:00+00:00,0.113500,900
2026-06-12T06:00:00+00:00,0.125710,900
2026-06-12T06:15:00+00:00,0.119520,900
2026-06-12T06:30:00+00:00,0.114580,900
2026-06-12T06:45:00+00:00,0.113010,900
2026-06-12T07:00:00+00:00,0.123190,900
2026-06-12T07:15:00+00:00,0.114350,900
2026-06-12T07:30:00+00:00,0.108130,900
2026-06-12T07:45:00+00:00,0.101520,900
2026-06-12T08:00:00+00:00,0.105090,900
2026-06-12T08:15:00+00:00,0.095150,900
2026-06-12T08:30:00+00:00,0.089840,900
2026-06-12T08:45:00+00:00,0.086610,900
2026-06-12T09:00:00+00:00,0.087160,900
2026-06-12T09:15:00+00:00,0.083820,900
2026-06-12T09:30:00+00:00,0.082030,900
2026-06-12T09:45:00+00:00,0.077700,900
2026-06-12T10:00:00+00:00,0.076000,900
2026-06-12T10:15:00+00:00,0.072150,900
2026-06-12T10:30:00+00:00,0.075330,900
2026-06-12T10:45:00+00:00,0.072580,900
2026-06-12T11:00:00+00:00,0.064250,900
2026-06-12T11:15:00+00:00,0.063200,900
2026-06-12T11:30:00+00:00,0.061250,900
2026-06-12T11:45:00+00:00,0.057100,900
2026-06-12T12:00:00+00:00,0.034510,900
2026-06-12T12:15:00+00:00,0.036210,900
2026-06-12T12:30:00+00:00,0.041100,900
2026-06-12T12:45:00+00:00,0.049310,900
2026-06-12T13:00:00+00:00,0.045050,900
2026-06-12T13:15:00+00:00,0.043980,900
2026-06-12T13:30:00+00:00,0.049710,900
2026-06-12T13:45:00+00:00,0.053600,900
2026-06-12T14:00:00+00:00,0.046060,900
2026-06-12T14:15:00+00:00,0.055020,900
2026-06-12T14:30:00+00:00,0.062330,900
2026-06-12T14:45:00+00:00,0.075090,900
2026-06-12T15:00:00+00:00,0.052900,900
2026-06-12T15:15:00+00:00,0.064740,900
2026-06-12T15:30:00+00:00,0.072600,900
2026-06-12T15:45:00+00:00,0.084420,900
2026-06-12T16:00:00+00:00,0.075080,900
2026-06-12T16:15:00+00:00,0.084570,900
2026-06-12T16:30:00+00:00,0.100350,900
2026-06-12T16:45:00+00:00,0.104790,900
2026-06-12T17:00:00+00:00,0.097070,900
2026-06-12T17:15:00+00:00,0.104390,900
2026-06-12T17:30:00+00:00,0.108560,900
2026-06-12T17:45:00+00:00,0.111710,900
2026-06-12T18:00:00+00:00,0.104810,900
2026-06-12T18:15:00+00:00,0.106010,900
2026-06-12T18:30:00+00:00,0.106770,900
2026-06-12T18:45:00+00:00,0.109790,900
2026-06-12T19:00:00+00:00,0.109690,900
2026-06-12T19:15:00+00:00,0.109990,900
2026-06-12T19:30:00+00:00,0.109640,900
2026-06-12T19:45:00+00:00,0.108310,900
2026-06-12T20:00:00+00:00,0.113120,900
2026-06-12T20:15:00+00:00,0.112730,900
2026-06-12T20:30:00+00:00,0.112370,900
2026-06-12T20:45:00+00:00,0.106300,900
2026-06-12T21:00:00+00:00,0.107780,900
2026-06-12T21:15:00+00:00,0.101690,900
2026-06-12T21:30:00+00:00,0.100100,900
2026-06-12T21:45:00+00:00,0.093650,900
2026-06-12T22:00:00+00:00,0.108990,900
2026-06-12T22:15:00+00:00,0.089950,900
2026-06-12T22:30:00+00:00,0.078440,900
2026-06-12T22:45:00+00:00,0.066980,900
2026-06-12T23:00:00+00:00,0.085890,900
2026-06-12T23:15:00+00:00,0.077710,900
2026-06-12T23:30:00+00:00,0.071890,900
2026-06-12T23:45:00+00:00,0.060100,900
2026-06-13T00:00:00+00:00,0.071220,900
2026-06-13T00:15:00+00:00,0.063960,900
2026-06-13T00:30:00+00:00,0.060980,900
2026-06-13T00:45:00+00:00,0.058270,900
2026-06-13T01:00:00+00:00,0.064590,900
2026-06-13T01:15:00+00:00,0.059900,900
2026-06-13T01:30:00+00:00,0.060100,900
2026-06-13T01:45:00+00:00,0.056260,900
2026-06-13T02:00:00+00:00,0.066310,900
2026-06-13T02:15:00+00:00,0.063630,900
2026-06-13T02:30:00+00:00,0.059090,900
2026-06-13T02:45:00+00:00,0.058000,900
2026-06-13T03:00:00+00:00,0.066790,900
2026-06-13T03:15:00+00:00,0.057490,900
2026-06-13T03:30:00+00:00,0.044310,900
2026-06-13T03:45:00+00:00,0.036710,900
2026-06-13T04:00:00+00:00,0.045660,900
2026-06-13T04:15:00+00:00,0.034340,900
2026-06-13T04:30:00+00:00,0.026790,900
2026-06-13T04:45:00+00:00,0.015360,900
2026-06-13T05:00:00+00:00,0.030680,900
2026-06-13T05:15:00+00:00,0.014840,900
2026-06-13T05:30:00+00:00,0.007000,900
2026-06-13T05:45:00+00:00,0.002100,900
2026-06-13T06:00:00+00:00,0.001400,900
2026-06-13T06:15:00+00:00,0.000000,900
2026-06-13T06:30:00+00:00,-0.000010,900
2026-06-13T06:45:00+00:00,-0.000080,900
2026-06-13T07:00:00+00:00,-0.000080,900
2026-06-13T07:15:00+00:00,-0.000280,900
2026-06-13T07:30:00+00:00,-0.002000,900
2026-06-13T07:45:00+00:00,-0.002070,900
2026-06-13T08:00:00+00:00,-0.002010,900
2026-06-13T08:15:00+00:00,-0.003240,900
2026-06-13T08:30:00+00:00,-0.005010,900
2026-06-13T08:45:00+00:00,-0.009410,900
2026-06-13T09:00:00+00:00,-0.009980,900
2026-06-13T09:15:00+00:00,-0.014900,900
2026-06-13T09:30:00+00:00,-0.017900,900
2026-06-13T09:45:00+00:00,-0.019950,900
2026-06-13T10:00:00+00:00,-0.019940,900
2026-06-13T10:15:00+00:00,-0.024810,900
2026-06-13T10:30:00+00:00,-0.029940,900
2026-06-13T10:45:00+00:00,-0.035000,900
2026-06-13T11:00:00+00:00,-0.035490,900
2026-06-13T11:15:00+00:00,-0.045010,900
2026-06-13T11:30:00+00:00,-0.049980,900
2026-06-13T11:45:00+00:00,-0.052990,900
2026-06-13T12:00:00+00:00,-0.046520,900
2026-06-13T12:15:00+00:00,-0.046520,900
2026-06-13T12:30:00+00:00,-0.045000,900
2026-06-13T12:45:00+00:00,-0.041950,900
2026-06-13T13:00:00+00:00,-0.036790,900
2026-06-13T13:15:00+00:00,-0.034000,900
2026-06-13T13:30:00+00:00,-0.029970,900
2026-06-13T13:45:00+00:00,-0.025320,900
2026-06-13T14:00:00+00:00,-0.024940,900
2026-06-13T14:15:00+00:00,-0.019860,900
2026-06-13T14:30:00+00:00,-0.017810,900
2026-06-13T14:45:00+00:00,-0.013500,900
2026-06-13T15:00:00+00:00,-0.008900,900
2026-06-13T15:15:00+00:00,-0.004760,900
2026-06-13T15:30:00+00:00,-0.001860,900
2026-06-13T15:45:00+00:00,-0.000800,900
2026-06-13T16:00:00+00:00,-0.000610,900
2026-06-13T16:15:00+00:00,-0.000750,900
2026-06-13T16:30:00+00:00,0.000640,900
2026-06-13T16:45:00+00:00,0.003330,900
2026-06-13T17:00:00+00:00,0.005000,900
2026-06-13T17:15:00+00:00,0.022050,900
2026-06-13T17:30:00+00:00,0.050350,900
2026-06-13T17:45:00+00:00,0.063280,900
2026-06-13T18:00:00+00:00,0.047390,900
2026-06-13T18:15:00+00:00,0.080100,900
2026-06-13T18:30:00+00:00,0.107370,900
2026-06-13T18:45:00+00:00,0.130620,900
2026-06-13T19:00:00+00:00,0.094880,900
2026-06-13T19:15:00+00:00,0.100100,900
2026-06-13T19:30:00+00:00,0.110000,900
2026-06-13T19:45:00+00:00,0.126700,900
2026-06-13T20:00:00+00:00,0.115300,900
2026-06-13T20:15:00+00:00,0.121300,900
2026-06-13T20:30:00+00:00,0.123950,900
2026-06-13T20:45:00+00:00,0.104410,900
2026-06-13T21:00:00+00:00,0.125110,900
2026-06-13T21:15:00+00:00,0.107290,900
2026-06-13T21:30:00+00:00,0.100100,900
2026-06-13T21:45:00+00:00,0.100100,900
2026-06-13T22:00:00+00:00,0.114820,900
2026-06-13T22:15:00+00:00,0.090830,900
2026-06-13T22:30:00+00:00,0.062800,900
2026-06-13T22:45:00+00:00,0.046140,900
2026-06-13T23:00:00+00:00,0.064000,900
2026-06-13T23:15:00+00:00,0.053570,900
2026-06-13T23:30:00+00:00,0.047360,900
2026-06-13T23:45:00+00:00,0.039440,900
2026-06-14T00:00:00+00:00,0.046000,900
2026-06-14T00:15:00+00:00,0.035370,900
2026-06-14T00:30:00+00:00,0.029360,900
2026-06-14T00:45:00+00:00,0.030150,900
2026-06-14T01:00:00+00:00,0.030810,900
2026-06-14T01:15:00+00:00,0.027320,900
2026-06-14T01:30:00+00:00,0.029880,900
2026-06-14T01:45:00+00:00,0.028710,900
2026-06-14T02:00:00+00:00,0.026810,900
2026-06-14T02:15:00+00:00,0.025800,900
2026-06-14T02:30:00+00:00,0.028080,900
2026-06-14T02:45:00+00:00,0.029520,900
2026-06-14T03:00:00+00:00,0.025700,900
2026-06-14T03:15:00+00:00,0.020750,900
2026-06-14T03:30:00+00:00,0.021750,900
2026-06-14T03:45:00+00:00,0.018560,900
2026-06-14T04:00:00+00:00,0.013860,900
2026-06-14T04:15:00+00:00,0.009900,900
2026-06-14T04:30:00+00:00,0.005480,900
2026-06-14T04:45:00+00:00,0.001780,900
2026-06-14T05:00:00+00:00,0.001880,900
2026-06-14T05:15:00+00:00,0.000000,900
2026-06-14T05:30:00+00:00,-0.000010,900
2026-06-14T05:45:00+00:00,-0.000030,900
2026-06-14T06:00:00+00:00,-0.000010,900
2026-06-14T06:15:00+00:00,-0.000090,900
2026-06-14T06:30:00+00:00,-0.000190,900
2026-06-14T06:45:00+00:00,-0.001100,900
2026-06-14T07:00:00+00:00,-0.001270,900
2026-06-14T07:15:00+00:00,-0.002010,900
2026-06-14T07:30:00+00:00,-0.003050,900
2026-06-14T07:45:00+00:00,-0.005000,900
2026-06-14T08:00:00+00:00,-0.003470,900
2026-06-14T08:15:00+00:00,-0.005000,900
2026-06-14T08:30:00+00:00,-0.007010,900
2026-06-14T08:45:00+00:00,-0.010000,900
2026-06-14T09:00:00+00:00,-0.007300,900
2026-06-14T09:15:00+00:00,-0.008010,900
2026-06-14T09:30:00+00:00,-0.010010,900
2026-06-14T09:45:00+00:00,-0.011830,900
2026-06-14T10:00:00+00:00,-0.011870,900
2026-06-14T10:15:00+00:00,-0.014100,900
2026-06-14T10:30:00+00:00,-0.015000,900
2026-06-14T10:45:00+00:00,-0.019000,900
2026-06-14T11:00:00+00:00,-0.017010,900
2026-06-14T11:15:00+00:00,-0.020020,900
2026-06-14T11:30:00+00:00,-0.026700,900
2026-06-14T11:45:00+00:00,-0.029960,900
2026-06-14T12:00:00+00:00,-0.026080,900
2026-06-14T12:15:00+00:00,-0.025820,900
2026-06-14T12:30:00+00:00,-0.024040,900
2026-06-14T12:45:00+00:00,-0.023890,900
2026-06-14T13:00:00+00:00,-0.021740,900
2026-06-14T13:15:00+00:00,-0.019780,900
2026-06-14T13:30:00+00:00,-0.019710,900
2026-06-14T13:45:00+00:00,-0.017900,900
2026-06-14T14:00:00+00:00,-0.014720,900
2026-06-14T14:15:00+00:00,-0.009970,900
2026-06-14T14:30:00+00:00,-0.007370,900
2026-06-14T14:45:00+00:00,-0.004290,900
2026-06-14T15:00:00+00:00,-0.004840,900
2026-06-14T15:15:00+00:00,-0.001290,900
2026-06-14T15:30:00+00:00,-0.000100,900
2026-06-14T15:45:00+00:00,-0.000470,900
2026-06-14T16:00:00+00:00,-0.000010,900
2026-06-14T16:15:00+00:00,0.000140,900
2026-06-14T16:30:00+00:00,0.004090,900
2026-06-14T16:45:00+00:00,0.018480,900
2026-06-14T17:00:00+00:00,0.031990,900
2026-06-14T17:15:00+00:00,0.054980,900
2026-06-14T17:30:00+00:00,0.089540,900
2026-06-14T17:45:00+00:00,0.103070,900
2026-06-14T18:00:00+00:00,0.088950,900
2026-06-14T18:15:00+00:00,0.108860,900
2026-06-14T18:30:00+00:00,0.140030,900
2026-06-14T18:45:00+00:00,0.177250,900
2026-06-14T19:00:00+00:00,0.113760,900
2026-06-14T19:15:00+00:00,0.127910,900
2026-06-14T19:30:00+00:00,0.137740,900
2026-06-14T19:45:00+00:00,0.146690,900
2026-06-14T20:00:00+00:00,0.126990,900
2026-06-14T20:15:00+00:00,0.122300,900
2026-06-14T20:30:00+00:00,0.139540,900
2026-06-14T20:45:00+00:00,0.119460,900
2026-06-14T21:00:00+00:00,0.123920,900
2026-06-14T21:15:00+00:00,0.112940,900
2026-06-14T21:30:00+00:00,0.127540,900
2026-06-14T21:45:00+00:00,0.112600,900
2026-06-14T22:00:00+00:00,0.124540,900
2026-06-14T22:15:00+00:00,0.109360,900
2026-06-14T22:30:00+00:00,0.102540,900
2026-06-14T22:45:00+00:00,0.092180,900
2026-06-14T23:00:00+00:00,0.106370,900
2026-06-14T23:15:00+00:00,0.099950,900
2026-06-14T23:30:00+00:00,0.093810,900
2026-06-14T23:45:00+00:00,0.082670,900
2026-06-15T00:00:00+00:00,0.090850,900
2026-06-15T00:15:00+00:00,0.081850,900
2026-06-15T00:30:00+00:00,0.091830,900
2026-06-15T00:45:00+00:00,0.093670,900
2026-06-15T01:00:00+00:00,0.092360,900
2026-06-15T01:15:00+00:00,0.093880,900
2026-06-15T01:30:00+00:00,0.093030,900
2026-06-15T01:45:00+00:00,0.088310,900
2026-06-15T02:00:00+00:00,0.088480,900
2026-06-15T02:15:00+00:00,0.086400,900
2026-06-15T02:30:00+00:00,0.088580,900
2026-06-15T02:45:00+00:00,0.094150,900
2026-06-15T03:00:00+00:00,0.081800,900
2026-06-15T03:15:00+00:00,0.093150,900
2026-06-15T03:30:00+00:00,0.098760,900
2026-06-15T03:45:00+00:00,0.106290,900
2026-06-15T04:00:00+00:00,0.105910,900
2026-06-15T04:15:00+00:00,0.112650,900
2026-06-15T04:30:00+00:00,0.113460,900
2026-06-15T04:45:00+00:00,0.109750,900
2026-06-15T05:00:00+00:00,0.123910,900
2026-06-15T05:15:00+00:00,0.123900,900
2026-06-15T05:30:00+00:00,0.118800,900
2026-06-15T05:45:00+00:00,0.103000,900
2026-06-15T06:00:00+00:00,0.143040,900
2026-06-15T06:15:00+00:00,0.118670,900
2026-06-15T06:30:00+00:00,0.122670,900
2026-06-15T06:45:00+00:00,0.106300,900
2026-06-15T07:00:00+00:00,0.175100,900
2026-06-15T07:15:00+00:00,0.110300,900
2026-06-15T07:30:00+00:00,0.084820,900
2026-06-15T07:45:00+00:00,0.043980,900
2026-06-15T08:00:00+00:00,0.088150,900
2026-06-15T08:15:00+00:00,0.050010,900
2026-06-15T08:30:00+00:00,0.030140,900
2026-06-15T08:45:00+00:00,0.005060,900
2026-06-15T09:00:00+00:00,0.009980,900
2026-06-15T09:15:00+00:00,0.004030,900
2026-06-15T09:30:00+00:00,0.001570,900
2026-06-15T09:45:00+00:00,0.006310,900
2026-06-15T10:00:00+00:00,0.000750,900
2026-06-15T10:15:00+00:00,0.000700,900
2026-06-15T10:30:00+00:00,0.000790,900
2026-06-15T10:45:00+00:00,0.000180,900
2026-06-15T11:00:00+00:00,-0.000400,900
2026-06-15T11:15:00+00:00,-0.000450,900
2026-06-15T11:30:00+00:00,-0.001210,900
2026-06-15T11:45:00+00:00,-0.001350,900
2026-06-15T12:00:00+00:00,-0.001470,900
2026-06-15T12:15:00+00:00,-0.001680,900
2026-06-15T12:30:00+00:00,-0.001600,900
2026-06-15T12:45:00+00:00,-0.001650,900
2026-06-15T13:00:00+00:00,-0.000660,900
2026-06-15T13:15:00+00:00,-0.000560,900
2026-06-15T13:30:00+00:00,-0.000240,900
2026-06-15T13:45:00+00:00,-0.000010,900
2026-06-15T14:00:00+00:00,0.000300,900
2026-06-15T14:15:00+00:00,0.001220,900
2026-06-15T14:30:00+00:00,0.003850,900
2026-06-15T14:45:00+00:00,0.012470,900
2026-06-15T15:00:00+00:00,0.008440,900
2026-06-15T15:15:00+00:00,0.033980,900
2026-06-15T15:30:00+00:00,0.051930,900
2026-06-15T15:45:00+00:00,0.093500,900
2026-06-15T16:00:00+00:00,0.054830,900
2026-06-15T16:15:00+00:00,0.084660,900
2026-06-15T16:30:00+00:00,0.115840,900
2026-06-15T16:45:00+00:00,0.135170,900
2026-06-15T17:00:00+00:00,0.114170,900
2026-06-15T17:15:00+00:00,0.124260,900
2026-06-15T17:30:00+00:00,0.137230,900
2026-06-15T17:45:00+00:00,0.150350,900
2026-06-15T18:00:00+00:00,0.131060,900
2026-06-15T18:15:00+00:00,0.137590,900
2026-06-15T18:30:00+00:00,0.154090,900
2026-06-15T18:45:00+00:00,0.175200,900
2026-06-15T19:00:00+00:00,0.156850,900
2026-06-15T19:15:00+00:00,0.157770,900
2026-06-15T19:30:00+00:00,0.159940,900
2026-06-15T19:45:00+00:00,0.152610,900
2026-06-15T20:00:00+00:00,0.162700,900
2026-06-15T20:15:00+00:00,0.155890,900
2026-06-15T20:30:00+00:00,0.155080,900
2026-06-15T20:45:00+00:00,0.141500,900
2026-06-15T21:00:00+00:00,0.147150,900
2026-06-15T21:15:00+00:00,0.133330,900
2026-06-15T21:30:00+00:00,0.131770,900
2026-06-15T21:45:00+00:00,0.127390,900
2026-06-15T22:00:00+00:00,0.132240,900
2026-06-15T22:15:00+00:00,0.127260,900
2026-06-15T22:30:00+00:00,0.119800,900
2026-06-15T22:45:00+00:00,0.118640,900
2026-06-15T23:00:00+00:00,0.121590,900
2026-06-15T23:15:00+00:00,0.117910,900
2026-06-15T23:30:00+00:00,0.116620,900
2026-06-15T23:45:00+00:00,0.115370,900
2026-06-16T00:00:00+00:00,0.116430,900
2026-06-16T00:15:00+00:00,0.115130,900
2026-06-16T00:30:00+00:00,0.113740,900
2026-06-16T00:45:00+00:00,0.110120,900
2026-06-16T01:00:00+00:00,0.113010,900
2026-06-16T01:15:00+00:00,0.112800,900
2026-06-16T01:30:00+00:00,0.108490,900
2026-06-16T01:45:00+00:00,0.106840,900
2026-06-16T02:00:00+00:00,0.109170,900
2026-06-16T02:15:00+00:00,0.108800,900
2026-06-16T02:30:00+00:00,0.109310,900
2026-06-16T02:45:00+00:00,0.111210,900
2026-06-16T03:00:00+00:00,0.111330,900
2026-06-16T03:15:00+00:00,0.112020,900
2026-06-16T03:30:00+00:00,0.116810,900
2026-06-16T03:45:00+00:00,0.118140,900
2026-06-16T04:00:00+00:00,0.125000,900
2026-06-16T04:15:00+00:00,0.127700,900
2026-06-16T04:30:00+00:00,0.129270,900
2026-06-16T04:45:00+00:00,0.130000,900
2026-06-16T05:00:00+00:00,0.138990,900
2026-06-16T05:15:00+00:00,0.133310,900
2026-06-16T05:30:00+00:00,0.131480,900
2026-06-16T05:45:00+00:00,0.123000,900
2026-06-16T06:00:00+00:00,0.149900,900
2026-06-16T06:15:00+00:00,0.135840,900
2026-06-16T06:30:00+00:00,0.133610,900
2026-06-16T06:45:00+00:00,0.132760,900
2026-06-16T07:00:00+00:00,0.119780,900
2026-06-16T07:15:00+00:00,0.126660,900
2026-06-16T07:30:00+00:00,0.122950,900
2026-06-16T07:45:00+00:00,0.123390,900
2026-06-16T08:00:00+00:00,0.127810,900
2026-06-16T08:15:00+00:00,0.122270,900
2026-06-16T08:30:00+00:00,0.114310,900
2026-06-16T08:45:00+00:00,0.101310,900
2026-06-16T09:00:00+00:00,0.120560,900
2026-06-16T09:15:00+00:00,0.112260,900
2026-06-16T09:30:00+00:00,0.090100,900
2026-06-16T09:45:00+00:00,0.078230,900
2026-06-16T10:00:00+00:00,0.093680,900
2026-06-16T10:15:00+00:00,0.082030,900
2026-06-16T10:30:00+00:00,0.072660,900
2026-06-16T10:45:00+00:00,0.069710,900
2026-06-16T11:00:00+00:00,0.081940,900
2026-06-16T11:15:00+00:00,0.074920,900
2026-06-16T11:30:00+00:00,0.065100,900
2026-06-16T11:45:00+00:00,0.050380,900
2026-06-16T12:00:00+00:00,0.059480,900
2026-06-16T12:15:00+00:00,0.060100,900
2026-06-16T12:30:00+00:00,0.062460,900
2026-06-16T12:45:00+00:00,0.070310,900
2026-06-16T13:00:00+00:00,0.060170,900
2026-06-16T13:15:00+00:00,0.071070,900
2026-06-16T13:30:00+00:00,0.074480,900
2026-06-16T13:45:00+00:00,0.088270,900
2026-06-16T14:00:00+00:00,0.071470,900
2026-06-16T14:15:00+00:00,0.086440,900
2026-06-16T14:30:00+00:00,0.092880,900
2026-06-16T14:45:00+00:00,0.100290,900
2026-06-16T15:00:00+00:00,0.093470,900
2026-06-16T15:15:00+00:00,0.101170,900
2026-06-16T15:30:00+00:00,0.111690,900
2026-06-16T15:45:00+00:00,0.122130,900
2026-06-16T16:00:00+00:00,0.111660,900
2026-06-16T16:15:00+00:00,0.120390,900
2026-06-16T16:30:00+00:00,0.127440,900
2026-06-16T16:45:00+00:00,0.142730,900
2026-06-16T17:00:00+00:00,0.126250,900
2026-06-16T17:15:00+00:00,0.140670,900
2026-06-16T17:30:00+00:00,0.154110,900
2026-06-16T17:45:00+00:00,0.169990,900
2026-06-16T18:00:00+00:00,0.151210,900
2026-06-16T18:15:00+00:00,0.170310,900
2026-06-16T18:30:00+00:00,0.182080,900
2026-06-16T18:45:00+00:00,0.198920,900
2026-06-16T19:00:00+00:00,0.189760,900
2026-06-16T19:15:00+00:00,0.195690,900
2026-06-16T19:30:00+00:00,0.183960,900
2026-06-16T19:45:00+00:00,0.165470,900
2026-06-16T20:00:00+00:00,0.194290,900
2026-06-16T20:15:00+00:00,0.163530,900
2026-06-16T20:30:00+00:00,0.153990,900
2026-06-16T20:45:00+00:00,0.147400,900
2026-06-16T21:00:00+00:00,0.152970,900
2026-06-16T21:15:00+00:00,0.146480,900
2026-06-16T21:30:00+00:00,0.140400,900
2026-06-16T21:45:00+00:00,0.134230,900
2026-06-16T22:00:00+00:00,0.148550,900
2026-06-16T22:15:00+00:00,0.142420,900
2026-06-16T22:30:00+00:00,0.138280,900
2026-06-16T22:45:00+00:00,0.133330,900
2026-06-16T23:00:00+00:00,0.142820,900
2026-06-16T23:15:00+00:00,0.133760,900
2026-06-16T23:30:00+00:00,0.132630,900
2026-06-16T23:45:00+00:00,0.129760,900
2026-06-17T00:00:00+00:00,0.131040,900
2026-06-17T00:15:00+00:00,0.128270,900
2026-06-17T00:30:00+00:00,0.128160,900
2026-06-17T00:45:00+00:00,0.126850,900
2026-06-17T01:00:00+00:00,0.127910,900
2026-06-17T01:15:00+00:00,0.126610,900
2026-06-17T01:30:00+00:00,0.126490,900
2026-06-17T01:45:00+00:00,0.125270,900
2026-06-17T02:00:00+00:00,0.125370,900
2026-06-17T02:15:00+00:00,0.124850,900
2026-06-17T02:30:00+00:00,0.126040,900
2026-06-17T02:45:00+00:00,0.127860,900
2026-06-17T03:00:00+00:00,0.124370,900
2026-06-17T03:15:00+00:00,0.125970,900
2026-06-17T03:30:00+00:00,0.127880,900
2026-06-17T03:45:00+00:00,0.130320,900
2026-06-17T04:00:00+00:00,0.133510,900
2026-06-17T04:15:00+00:00,0.138480,900
2026-06-17T04:30:00+00:00,0.141010,900
2026-06-17T04:45:00+00:00,0.134210,900
2026-06-17T05:00:00+00:00,0.144400,900
2026-06-17T05:15:00+00:00,0.135940,900
2026-06-17T05:30:00+00:00,0.133600,900
2026-06-17T05:45:00+00:00,0.122310,900
2026-06-17T06:00:00+00:00,0.132010,900
2026-06-17T06:15:00+00:00,0.124940,900
2026-06-17T06:30:00+00:00,0.116300,900
2026-06-17T06:45:00+00:00,0.108480,900
2026-06-17T07:00:00+00:00,0.119580,900
2026-06-17T07:15:00+00:00,0.105290,900
2026-06-17T07:30:00+00:00,0.103610,900
2026-06-17T07:45:00+00:00,0.110200,900
2026-06-17T08:00:00+00:00,0.116150,900
2026-06-17T08:15:00+00:00,0.105980,900
2026-06-17T08:30:00+00:00,0.100330,900
2026-06-17T08:45:00+00:00,0.086270,900
2026-06-17T09:00:00+00:00,0.105470,900
2026-06-17T09:15:00+00:00,0.093830,900
2026-06-17T09:30:00+00:00,0.084720,900
2026-06-17T09:45:00+00:00,0.085870,900
2026-06-17T10:00:00+00:00,0.091000,900
2026-06-17T10:15:00+00:00,0.088100,900
2026-06-17T10:30:00+00:00,0.082280,900
2026-06-17T10:45:00+00:00,0.087160,900
2026-06-17T11:00:00+00:00,0.096780,900
2026-06-17T11:15:00+00:00,0.090770,900
2026-06-17T11:30:00+00:00,0.086600,900
2026-06-17T11:45:00+00:00,0.080450,900
2026-06-17T12:00:00+00:00,0.078110,900
2026-06-17T12:15:00+00:00,0.078930,900
2026-06-17T12:30:00+00:00,0.074570,900
2026-06-17T12:45:00+00:00,0.070300,900
2026-06-17T13:00:00+00:00,0.082130,900
2026-06-17T13:15:00+00:00,0.074940,900
2026-06-17T13:30:00+00:00,0.078380,900
2026-06-17T13:45:00+00:00,0.081220,900
2026-06-17T14:00:00+00:00,0.072640,900
2026-06-17T14:15:00+00:00,0.079940,900
2026-06-17T14:30:00+00:00,0.090700,900
2026-06-17T14:45:00+00:00,0.098390,900
2026-06-17T15:00:00+00:00,0.084550,900
2026-06-17T15:15:00+00:00,0.100340,900
2026-06-17T15:30:00+00:00,0.109230,900
2026-06-17T15:45:00+00:00,0.120790,900
2026-06-17T16:00:00+00:00,0.105500,900
2026-06-17T16:15:00+00:00,0.114760,900
2026-06-17T16:30:00+00:00,0.122090,900
2026-06-17T16:45:00+00:00,0.128420,900
2026-06-17T17:00:00+00:00,0.126120,900
2026-06-17T17:15:00+00:00,0.135290,900
2026-06-17T17:30:00+00:00,0.147780,900
2026-06-17T17:45:00+00:00,0.156040,900
2026-06-17T18:00:00+00:00,0.145170,900
2026-06-17T18:15:00+00:00,0.153060,900
2026-06-17T18:30:00+00:00,0.168180,900
2026-06-17T18:45:00+00:00,0.171210,900
2026-06-17T19:00:00+00:00,0.169560,900
2026-06-17T19:15:00+00:00,0.166660,900
2026-06-17T19:30:00+00:00,0.160820,900
2026-06-17T19:45:00+00:00,0.152400,900
2026-06-17T20:00:00+00:00,0.171810,900
2026-06-17T20:15:00+00:00,0.159190,900
2026-06-17T20:30:00+00:00,0.154540,900
2026-06-17T20:45:00+00:00,0.146830,900
2026-06-17T21:00:00+00:00,0.151360,900
2026-06-17T21:15:00+00:00,0.144470,900
2026-06-17T21:30:00+00:00,0.138510,900
2026-06-17T21:45:00+00:00,0.134060,900
2026-06-17T22:00:00+00:00,0.140980,900
2026-06-17T22:15:00+00:00,0.133900,900
2026-06-17T22:30:00+00:00,0.132870,900
2026-06-17T22:45:00+00:00,0.125230,900
2026-06-17T23:00:00+00:00,0.128100,900
2026-06-17T23:15:00+00:00,0.124650,900
2026-06-17T23:30:00+00:00,0.123570,900
2026-06-17T23:45:00+00:00,0.121410,900
2026-06-18T00:00:00+00:00,0.123300,900
2026-06-18T00:15:00+00:00,0.120770,900
2026-06-18T00:30:00+00:00,0.120080,900
2026-06-18T00:45:00+00:00,0.119260,900
2026-06-18T01:00:00+00:00,0.120090,900
2026-06-18T01:15:00+00:00,0.117320,900
2026-06-18T01:30:00+00:00,0.117560,900
2026-06-18T01:45:00+00:00,0.117830,900
2026-06-18T02:00:00+00:00,0.116380,900
2026-06-18T02:15:00+00:00,0.116770,900
2026-06-18T02:30:00+00:00,0.118370,900
2026-06-18T02:45:00+00:00,0.119620,900
2026-06-18T03:00:00+00:00,0.122200,900
2026-06-18T03:15:00+00:00,0.123370,900
2026-06-18T03:30:00+00:00,0.126620,900
2026-06-18T03:45:00+00:00,0.129730,900
2026-06-18T04:00:00+00:00,0.134900,900
2026-06-18T04:15:00+00:00,0.135860,900
2026-06-18T04:30:00+00:00,0.135540,900
2026-06-18T04:45:00+00:00,0.133170,900
2026-06-18T05:00:00+00:00,0.143560,900
2026-06-18T05:15:00+00:00,0.137460,900
2026-06-18T05:30:00+00:00,0.134660,900
2026-06-18T05:45:00+00:00,0.122380,900
2026-06-18T06:00:00+00:00,0.131000,900
2026-06-18T06:15:00+00:00,0.123600,900
2026-06-18T06:30:00+00:00,0.117220,900
2026-06-18T06:45:00+00:00,0.102770,900
2026-06-18T07:00:00+00:00,0.117000,900
2026-06-18T07:15:00+00:00,0.106020,900
2026-06-18T07:30:00+00:00,0.105890,900
2026-06-18T07:45:00+00:00,0.092570,900
2026-06-18T08:00:00+00:00,0.112060,900
2026-06-18T08:15:00+00:00,0.091150,900
2026-06-18T08:30:00+00:00,0.077790,900
2026-06-18T08:45:00+00:00,0.047500,900
2026-06-18T09:00:00+00:00,0.079870,900
2026-06-18T09:15:00+00:00,0.064190,900
2026-06-18T09:30:00+00:00,0.042000,900
2026-06-18T09:45:00+00:00,0.029620,900
2026-06-18T10:00:00+00:00,0.039950,900
2026-06-18T10:15:00+00:00,0.028680,900
2026-06-18T10:30:00+00:00,0.024990,900
2026-06-18T10:45:00+00:00,0.019370,900
2026-06-18T11:00:00+00:00,0.026700,900
2026-06-18T11:15:00+00:00,0.021890,900
2026-06-18T11:30:00+00:00,0.015970,900
2026-06-18T11:45:00+00:00,0.011010,900
2026-06-18T12:00:00+00:00,0.021130,900
2026-06-18T12:15:00+00:00,0.023760,900
2026-06-18T12:30:00+00:00,0.026270,900
2026-06-18T12:45:00+00:00,0.032440,900
2026-06-18T13:00:00+00:00,0.025000,900
2026-06-18T13:15:00+00:00,0.042000,900
2026-06-18T13:30:00+00:00,0.054100,900
2026-06-18T13:45:00+00:00,0.071290,900
2026-06-18T14:00:00+00:00,0.046780,900
2026-06-18T14:15:00+00:00,0.085190,900
2026-06-18T14:30:00+00:00,0.096790,900
2026-06-18T14:45:00+00:00,0.104520,900
2026-06-18T15:00:00+00:00,0.082990,900
2026-06-18T15:15:00+00:00,0.101600,900
2026-06-18T15:30:00+00:00,0.116630,900
2026-06-18T15:45:00+00:00,0.132000,900
2026-06-18T16:00:00+00:00,0.101220,900
2026-06-18T16:15:00+00:00,0.125940,900
2026-06-18T16:30:00+00:00,0.142500,900
2026-06-18T16:45:00+00:00,0.169290,900
2026-06-18T17:00:00+00:00,0.150430,900
2026-06-18T17:15:00+00:00,0.177920,900
2026-06-18T17:30:00+00:00,0.289610,900
2026-06-18T17:45:00+00:00,0.435440,900
2026-06-18T18:00:00+00:00,0.334940,900
2026-06-18T18:15:00+00:00,0.402110,900
2026-06-18T18:30:00+00:00,0.522880,900
2026-06-18T18:45:00+00:00,0.576890,900
2026-06-18T19:00:00+00:00,0.562600,900
2026-06-18T19:15:00+00:00,0.531280,900
2026-06-18T19:30:00+00:00,0.410950,900
2026-06-18T19:45:00+00:00,0.364220,900
2026-06-18T20:00:00+00:00,0.421580,900
2026-06-18T20:15:00+00:00,0.309760,900
2026-06-18T20:30:00+00:00,0.201390,900
2026-06-18T20:45:00+00:00,0.166600,900
2026-06-18T21:00:00+00:00,0.191700,900
2026-06-18T21:15:00+00:00,0.165770,900
2026-06-18T21:30:00+00:00,0.157130,900
2026-06-18T21:45:00+00:00,0.147810,900
2026-06-18T22:00:00+00:00,0.156560,900
2026-06-18T22:15:00+00:00,0.150090,900
2026-06-18T22:30:00+00:00,0.145860,900
2026-06-18T22:45:00+00:00,0.142540,900
2026-06-18T23:00:00+00:00,0.143500,900
2026-06-18T23:15:00+00:00,0.137030,900
2026-06-18T23:30:00+00:00,0.129050,900
2026-06-18T23:45:00+00:00,0.124520,900
2026-06-19T00:00:00+00:00,0.129560,900
2026-06-19T00:15:00+00:00,0.123260,900
2026-06-19T00:30:00+00:00,0.121180,900
2026-06-19T00:45:00+00:00,0.119670,900
2026-06-19T01:00:00+00:00,0.120980,900
2026-06-19T01:15:00+00:00,0.119690,900
2026-06-19T01:30:00+00:00,0.119020,900
2026-06-19T01:45:00+00:00,0.117630,900
2026-06-19T02:00:00+00:00,0.115910,900
2026-06-19T02:15:00+00:00,0.115930,900
2026-06-19T02:30:00+00:00,0.116010,900
2026-06-19T02:45:00+00:00,0.116540,900
2026-06-19T03:00:00+00:00,0.116460,900
2026-06-19T03:15:00+00:00,0.118260,900
2026-06-19T03:30:00+00:00,0.118700,900
2026-06-19T03:45:00+00:00,0.123460,900
2026-06-19T04:00:00+00:00,0.147700,900
2026-06-19T04:15:00+00:00,0.140580,900
2026-06-19T04:30:00+00:00,0.139410,900
2026-06-19T04:45:00+00:00,0.131570,900
2026-06-19T05:00:00+00:00,0.140640,900
2026-06-19T05:15:00+00:00,0.136910,900
2026-06-19T05:30:00+00:00,0.123300,900
2026-06-19T05:45:00+00:00,0.110600,900
2026-06-19T06:00:00+00:00,0.124520,900
2026-06-19T06:15:00+00:00,0.115400,900
2026-06-19T06:30:00+00:00,0.115050,900
2026-06-19T06:45:00+00:00,0.106710,900
2026-06-19T07:00:00+00:00,0.117870,900
2026-06-19T07:15:00+00:00,0.113780,900
2026-06-19T07:30:00+00:00,0.097590,900
2026-06-19T07:45:00+00:00,0.091090,900
2026-06-19T08:00:00+00:00,0.103680,900
2026-06-19T08:15:00+00:00,0.098290,900
2026-06-19T08:30:00+00:00,0.079920,900
2026-06-19T08:45:00+00:00,0.055690,900
2026-06-19T09:00:00+00:00,0.060100,900
2026-06-19T09:15:00+00:00,0.039880,900
2026-06-19T09:30:00+00:00,0.027130,900
2026-06-19T09:45:00+00:00,0.011000,900
2026-06-19T10:00:00+00:00,0.021800,900
2026-06-19T10:15:00+00:00,0.014010,900
2026-06-19T10:30:00+00:00,0.014200,900
2026-06-19T10:45:00+00:00,0.009990,900
2026-06-19T11:00:00+00:00,0.012970,900
2026-06-19T11:15:00+00:00,0.010310,900
2026-06-19T11:30:00+00:00,0.016570,900
2026-06-19T11:45:00+00:00,0.013900,900
2026-06-19T12:00:00+00:00,0.011040,900
2026-06-19T12:15:00+00:00,0.014180,900
2026-06-19T12:30:00+00:00,0.017230,900
2026-06-19T12:45:00+00:00,0.030970,900
2026-06-19T13:00:00+00:00,0.018740,900
2026-06-19T13:15:00+00:00,0.036820,900
2026-06-19T13:30:00+00:00,0.068800,900
2026-06-19T13:45:00+00:00,0.096200,900
2026-06-19T14:00:00+00:00,0.070290,900
2026-06-19T14:15:00+00:00,0.093750,900
2026-06-19T14:30:00+00:00,0.102300,900
2026-06-19T14:45:00+00:00,0.114750,900
2026-06-19T15:00:00+00:00,0.099860,900
2026-06-19T15:15:00+00:00,0.107380,900
2026-06-19T15:30:00+00:00,0.116000,900
2026-06-19T15:45:00+00:00,0.124760,900
2026-06-19T16:00:00+00:00,0.107790,900
2026-06-19T16:15:00+00:00,0.119290,900
2026-06-19T16:30:00+00:00,0.132700,900
2026-06-19T16:45:00+00:00,0.151450,900
2026-06-19T17:00:00+00:00,0.139670,900
2026-06-19T17:15:00+00:00,0.150290,900
2026-06-19T17:30:00+00:00,0.175540,900
2026-06-19T17:45:00+00:00,0.199300,900
2026-06-19T18:00:00+00:00,0.194290,900
2026-06-19T18:15:00+00:00,0.207110,900
2026-06-19T18:30:00+00:00,0.215390,900
2026-06-19T18:45:00+00:00,0.220070,900
2026-06-19T19:00:00+00:00,0.208310,900
2026-06-19T19:15:00+00:00,0.201340,900
2026-06-19T19:30:00+00:00,0.188250,900
2026-06-19T19:45:00+00:00,0.170100,900
2026-06-19T20:00:00+00:00,0.175800,900
2026-06-19T20:15:00+00:00,0.164090,900
2026-06-19T20:30:00+00:00,0.150100,900
2026-06-19T20:45:00+00:00,0.146410,900
2026-06-19T21:00:00+00:00,0.148220,900
2026-06-19T21:15:00+00:00,0.141850,900
2026-06-19T21:30:00+00:00,0.133720,900
2026-06-19T21:45:00+00:00,0.126600,900
2026-06-19T22:00:00+00:00,0.141650,900
2026-06-19T22:15:00+00:00,0.132730,900
2026-06-19T22:30:00+00:00,0.123610,900
2026-06-19T22:45:00+00:00,0.121060,900
2026-06-19T23:00:00+00:00,0.123600,900
2026-06-19T23:15:00+00:00,0.120160,900
2026-06-19T23:30:00+00:00,0.120110,900
2026-06-19T23:45:00+00:00,0.120520,900
2026-06-20T00:00:00+00:00,0.120550,900
2026-06-20T00:15:00+00:00,0.119450,900
2026-06-20T00:30:00+00:00,0.117950,900
2026-06-20T00:45:00+00:00,0.116450,900
2026-06-20T01:00:00+00:00,0.118240,900
2026-06-20T01:15:00+00:00,0.115990,900
2026-06-20T01:30:00+00:00,0.116410,900
2026-06-20T01:45:00+00:00,0.114260,900
2026-06-20T02:00:00+00:00,0.113880,900
2026-06-20T02:15:00+00:00,0.114950,900
2026-06-20T02:30:00+00:00,0.113940,900
2026-06-20T02:45:00+00:00,0.114750,900
2026-06-20T03:00:00+00:00,0.114960,900
2026-06-20T03:15:00+00:00,0.114830,900
2026-06-20T03:30:00+00:00,0.112700,900
2026-06-20T03:45:00+00:00,0.110730,900
2026-06-20T04:00:00+00:00,0.116120,900
2026-06-20T04:15:00+00:00,0.112450,900
2026-06-20T04:30:00+00:00,0.109160,900
2026-06-20T04:45:00+00:00,0.100420,900
2026-06-20T05:00:00+00:00,0.114300,900
2026-06-20T05:15:00+00:00,0.108420,900
2026-06-20T05:30:00+00:00,0.099290,900
2026-06-20T05:45:00+00:00,0.090790,900
2026-06-20T06:00:00+00:00,0.125280,900
2026-06-20T06:15:00+00:00,0.112320,900
2026-06-20T06:30:00+00:00,0.088800,900
2026-06-20T06:45:00+00:00,0.071540,900
2026-06-20T07:00:00+00:00,0.101790,900
2026-06-20T07:15:00+00:00,0.067250,900
2026-06-20T07:30:00+00:00,0.030730,900
2026-06-20T07:45:00+00:00,0.004230,900
2026-06-20T08:00:00+00:00,0.011790,900
2026-06-20T08:15:00+00:00,0.003990,900
2026-06-20T08:30:00+00:00,0.000710,900
2026-06-20T08:45:00+00:00,0.000010,900
2026-06-20T09:00:00+00:00,0.000000,900
2026-06-20T09:15:00+00:00,0.000000,900
2026-06-20T09:30:00+00:00,0.000000,900
2026-06-20T09:45:00+00:00,-0.000010,900
2026-06-20T10:00:00+00:00,-0.000010,900
2026-06-20T10:15:00+00:00,-0.000010,900
2026-06-20T10:30:00+00:00,-0.000010,900
2026-06-20T10:45:00+00:00,-0.000030,900
2026-06-20T11:00:00+00:00,-0.000010,900
2026-06-20T11:15:00+00:00,-0.000020,900
2026-06-20T11:30:00+00:00,-0.000020,900
2026-06-20T11:45:00+00:00,-0.000020,900
2026-06-20T12:00:00+00:00,-0.000040,900
2026-06-20T12:15:00+00:00,-0.000020,900
2026-06-20T12:30:00+00:00,-0.000010,900
2026-06-20T12:45:00+00:00,-0.000010,900
2026-06-20T13:00:00+00:00,0.000000,900
2026-06-20T13:15:00+00:00,0.000000,900
2026-06-20T13:30:00+00:00,0.000000,900
2026-06-20T13:45:00+00:00,0.001000,900
2026-06-20T14:00:00+00:00,0.000150,900
2026-06-20T14:15:00+00:00,0.005110,900
2026-06-20T14:30:00+00:00,0.016180,900
2026-06-20T14:45:00+00:00,0.050040,900
2026-06-20T15:00:00+00:00,0.013650,900
2026-06-20T15:15:00+00:00,0.077390,900
2026-06-20T15:30:00+00:00,0.105040,900
2026-06-20T15:45:00+00:00,0.132220,900
2026-06-20T16:00:00+00:00,0.100000,900
2026-06-20T16:15:00+00:00,0.115640,900
2026-06-20T16:30:00+00:00,0.125320,900
2026-06-20T16:45:00+00:00,0.134930,900
2026-06-20T17:00:00+00:00,0.117340,900
2026-06-20T17:15:00+00:00,0.139270,900
2026-06-20T17:30:00+00:00,0.149190,900
2026-06-20T17:45:00+00:00,0.168100,900
2026-06-20T18:00:00+00:00,0.148480,900
2026-06-20T18:15:00+00:00,0.167600,900
2026-06-20T18:30:00+00:00,0.184440,900
2026-06-20T18:45:00+00:00,0.200410,900
2026-06-20T19:00:00+00:00,0.184320,900
2026-06-20T19:15:00+00:00,0.182770,900
2026-06-20T19:30:00+00:00,0.193500,900
2026-06-20T19:45:00+00:00,0.183440,900
2026-06-20T20:00:00+00:00,0.188850,900
2026-06-20T20:15:00+00:00,0.168070,900
2026-06-20T20:30:00+00:00,0.164470,900
2026-06-20T20:45:00+00:00,0.151910,900
2026-06-20T21:00:00+00:00,0.154650,900
2026-06-20T21:15:00+00:00,0.147500,900
2026-06-20T21:30:00+00:00,0.142000,900
2026-06-20T21:45:00+00:00,0.137760,900
2026-06-20T22:00:00+00:00,0.151400,900
2026-06-20T22:15:00+00:00,0.139580,900
2026-06-20T22:30:00+00:00,0.135160,900
2026-06-20T22:45:00+00:00,0.129550,900
2026-06-20T23:00:00+00:00,0.130470,900
2026-06-20T23:15:00+00:00,0.128240,900
2026-06-20T23:30:00+00:00,0.126770,900
2026-06-20T23:45:00+00:00,0.124600,900
2026-06-21T00:00:00+00:00,0.127900,900
2026-06-21T00:15:00+00:00,0.124980,900
2026-06-21T00:30:00+00:00,0.124310,900
2026-06-21T00:45:00+00:00,0.123010,900
2026-06-21T01:00:00+00:00,0.123920,900
2026-06-21T01:15:00+00:00,0.122470,900
2026-06-21T01:30:00+00:00,0.121380,900
2026-06-21T01:45:00+00:00,0.118500,900
2026-06-21T02:00:00+00:00,0.119830,900
2026-06-21T02:15:00+00:00,0.119030,900
2026-06-21T02:30:00+00:00,0.120080,900
2026-06-21T02:45:00+00:00,0.118790,900
2026-06-21T03:00:00+00:00,0.119920,900
2026-06-21T03:15:00+00:00,0.116750,900
2026-06-21T03:30:00+00:00,0.116000,900
2026-06-21T03:45:00+00:00,0.109760,900
2026-06-21T04:00:00+00:00,0.116780,900
2026-06-21T04:15:00+00:00,0.113560,900
2026-06-21T04:30:00+00:00,0.113240,900
2026-06-21T04:45:00+00:00,0.120220,900
2026-06-21T05:00:00+00:00,0.127210,900
2026-06-21T05:15:00+00:00,0.113780,900
2026-06-21T05:30:00+00:00,0.107340,900
2026-06-21T05:45:00+00:00,0.098610,900
2026-06-21T06:00:00+00:00,0.131070,900
2026-06-21T06:15:00+00:00,0.110510,900
2026-06-21T06:30:00+00:00,0.090010,900
2026-06-21T06:45:00+00:00,0.043490,900
2026-06-21T07:00:00+00:00,0.098860,900
2026-06-21T07:15:00+00:00,0.066990,900
2026-06-21T07:30:00+00:00,0.024360,900
2026-06-21T07:45:00+00:00,0.005760,900
2026-06-21T08:00:00+00:00,0.004100,900
2026-06-21T08:15:00+00:00,0.001310,900
2026-06-21T08:30:00+00:00,0.000040,900
2026-06-21T08:45:00+00:00,0.000000,900
2026-06-21T09:00:00+00:00,0.000000,900
2026-06-21T09:15:00+00:00,0.000000,900
2026-06-21T09:30:00+00:00,0.000000,900
2026-06-21T09:45:00+00:00,-0.000010,900
2026-06-21T10:00:00+00:00,0.000000,900
2026-06-21T10:15:00+00:00,-0.000010,900
2026-06-21T10:30:00+00:00,-0.000010,900
2026-06-21T10:45:00+00:00,-0.000010,900
2026-06-21T11:00:00+00:00,-0.000010,900
2026-06-21T11:15:00+00:00,-0.000010,900
2026-06-21T11:30:00+00:00,-0.000010,900
2026-06-21T11:45:00+00:00,-0.000010,900
2026-06-21T12:00:00+00:00,-0.000010,900
2026-06-21T12:15:00+00:00,-0.000010,900
2026-06-21T12:30:00+00:00,0.000000,900
2026-06-21T12:45:00+00:00,0.000000,900
2026-06-21T13:00:00+00:00,0.000000,900
2026-06-21T13:15:00+00:00,0.000000,900
2026-06-21T13:30:00+00:00,0.000000,900
2026-06-21T13:45:00+00:00,0.000030,900
2026-06-21T14:00:00+00:00,0.000110,900
2026-06-21T14:15:00+00:00,0.002050,900
2026-06-21T14:30:00+00:00,0.006850,900
2026-06-21T14:45:00+00:00,0.040570,900
2026-06-21T15:00:00+00:00,0.018880,900
2026-06-21T15:15:00+00:00,0.066880,900
2026-06-21T15:30:00+00:00,0.091370,900
2026-06-21T15:45:00+00:00,0.117870,900
2026-06-21T16:00:00+00:00,0.095990,900
2026-06-21T16:15:00+00:00,0.110150,900
2026-06-21T16:30:00+00:00,0.116880,900
2026-06-21T16:45:00+00:00,0.132830,900
2026-06-21T17:00:00+00:00,0.114900,900
2026-06-21T17:15:00+00:00,0.133460,900
2026-06-21T17:30:00+00:00,0.138540,900
2026-06-21T17:45:00+00:00,0.141830,900
2026-06-21T18:00:00+00:00,0.141260,900
2026-06-21T18:15:00+00:00,0.147800,900
2026-06-21T18:30:00+00:00,0.150290,900
2026-06-21T18:45:00+00:00,0.152210,900
2026-06-21T19:00:00+00:00,0.150760,900
2026-06-21T19:15:00+00:00,0.150140,900
2026-06-21T19:30:00+00:00,0.151120,900
2026-06-21T19:45:00+00:00,0.149140,900
2026-06-21T20:00:00+00:00,0.149500,900
2026-06-21T20:15:00+00:00,0.148840,900
2026-06-21T20:30:00+00:00,0.145540,900
2026-06-21T20:45:00+00:00,0.138410,900
2026-06-21T21:00:00+00:00,0.142580,900
2026-06-21T21:15:00+00:00,0.135680,900
2026-06-21T21:30:00+00:00,0.132300,900
2026-06-21T21:45:00+00:00,0.122580,900
2026-06-21T22:00:00+00:00,0.136240,900
2026-06-21T22:15:00+00:00,0.128100,900
2026-06-21T22:30:00+00:00,0.123370,900
2026-06-21T22:45:00+00:00,0.119820,900
2026-06-21T23:00:00+00:00,0.122260,900
2026-06-21T23:15:00+00:00,0.120580,900
2026-06-21T23:30:00+00:00,0.118570,900
2026-06-21T23:45:00+00:00,0.116690,900
2026-06-22T00:00:00+00:00,0.118590,900
2026-06-22T00:15:00+00:00,0.113890,900
2026-06-22T00:30:00+00:00,0.110140,900
2026-06-22T00:45:00+00:00,0.106580,900
2026-06-22T01:00:00+00:00,0.112150,900
2026-06-22T01:15:00+00:00,0.111320,900
2026-06-22T01:30:00+00:00,0.110690,900
2026-06-22T01:45:00+00:00,0.111330,900
2026-06-22T02:00:00+00:00,0.110740,900
2026-06-22T02:15:00+00:00,0.113260,900
2026-06-22T02:30:00+00:00,0.113080,900
2026-06-22T02:45:00+00:00,0.116630,900
2026-06-22T03:00:00+00:00,0.115410,900
2026-06-22T03:15:00+00:00,0.118480,900
2026-06-22T03:30:00+00:00,0.120680,900
2026-06-22T03:45:00+00:00,0.129710,900
2026-06-22T04:00:00+00:00,0.132750,900
2026-06-22T04:15:00+00:00,0.138040,900
2026-06-22T04:30:00+00:00,0.139210,900
2026-06-22T04:45:00+00:00,0.139460,900
2026-06-22T05:00:00+00:00,0.152110,900
2026-06-22T05:15:00+00:00,0.147610,900
2026-06-22T05:30:00+00:00,0.145600,900
2026-06-22T05:45:00+00:00,0.134060,900
2026-06-22T06:00:00+00:00,0.146350,900
2026-06-22T06:15:00+00:00,0.133500,900
2026-06-22T06:30:00+00:00,0.124960,900
2026-06-22T06:45:00+00:00,0.107760,900
2026-06-22T07:00:00+00:00,0.124550,900
2026-06-22T07:15:00+00:00,0.119060,900
2026-06-22T07:30:00+00:00,0.106350,900
2026-06-22T07:45:00+00:00,0.094210,900
2026-06-22T08:00:00+00:00,0.111730,900
2026-06-22T08:15:00+00:00,0.092130,900
2026-06-22T08:30:00+00:00,0.081320,900
2026-06-22T08:45:00+00:00,0.065000,900
2026-06-22T09:00:00+00:00,0.071010,900
2026-06-22T09:15:00+00:00,0.061200,900
2026-06-22T09:30:00+00:00,0.051000,900
2026-06-22T09:45:00+00:00,0.046000,900
2026-06-22T10:00:00+00:00,0.049660,900
2026-06-22T10:15:00+00:00,0.040500,900
2026-06-22T10:30:00+00:00,0.037900,900
2026-06-22T10:45:00+00:00,0.030010,900
2026-06-22T11:00:00+00:00,0.035680,900
2026-06-22T11:15:00+00:00,0.033190,900
2026-06-22T11:30:00+00:00,0.030240,900
2026-06-22T11:45:00+00:00,0.030110,900
2026-06-22T12:00:00+00:00,0.017600,900
2026-06-22T12:15:00+00:00,0.033050,900
2026-06-22T12:30:00+00:00,0.037030,900
2026-06-22T12:45:00+00:00,0.040000,900
2026-06-22T13:00:00+00:00,0.047380,900
2026-06-22T13:15:00+00:00,0.056600,900
2026-06-22T13:30:00+00:00,0.065510,900
2026-06-22T13:45:00+00:00,0.081120,900
2026-06-22T14:00:00+00:00,0.072300,900
2026-06-22T14:15:00+00:00,0.084330,900
2026-06-22T14:30:00+00:00,0.094000,900
2026-06-22T14:45:00+00:00,0.112920,900
2026-06-22T15:00:00+00:00,0.092070,900
2026-06-22T15:15:00+00:00,0.111250,900
2026-06-22T15:30:00+00:00,0.119740,900
2026-06-22T15:45:00+00:00,0.132080,900
2026-06-22T16:00:00+00:00,0.114900,900
2026-06-22T16:15:00+00:00,0.130110,900
2026-06-22T16:30:00+00:00,0.149140,900
2026-06-22T16:45:00+00:00,0.181610,900
2026-06-22T17:00:00+00:00,0.150060,900
2026-06-22T17:15:00+00:00,0.165890,900
2026-06-22T17:30:00+00:00,0.207200,900
2026-06-22T17:45:00+00:00,0.261190,900
2026-06-22T18:00:00+00:00,0.219850,900
2026-06-22T18:15:00+00:00,0.258510,900
2026-06-22T18:30:00+00:00,0.292530,900
2026-06-22T18:45:00+00:00,0.300070,900
2026-06-22T19:00:00+00:00,0.300040,900
2026-06-22T19:15:00+00:00,0.280210,900
2026-06-22T19:30:00+00:00,0.248710,900
2026-06-22T19:45:00+00:00,0.206830,900
2026-06-22T20:00:00+00:00,0.234420,900
2026-06-22T20:15:00+00:00,0.208450,900
2026-06-22T20:30:00+00:00,0.170600,900
2026-06-22T20:45:00+00:00,0.153460,900
2026-06-22T21:00:00+00:00,0.164490,900
2026-06-22T21:15:00+00:00,0.167450,900
2026-06-22T21:30:00+00:00,0.160210,900
2026-06-22T21:45:00+00:00,0.148290,900
2026-06-22T22:00:00+00:00,0.154130,900
2026-06-22T22:15:00+00:00,0.148530,900
2026-06-22T22:30:00+00:00,0.142360,900
2026-06-22T22:45:00+00:00,0.137830,900
2026-06-22T23:00:00+00:00,0.142290,900
2026-06-22T23:15:00+00:00,0.137860,900
2026-06-22T23:30:00+00:00,0.136720,900
2026-06-22T23:45:00+00:00,0.134500,900
2026-06-23T00:00:00+00:00,0.136120,900
2026-06-23T00:15:00+00:00,0.134170,900
2026-06-23T00:30:00+00:00,0.132910,900
2026-06-23T00:45:00+00:00,0.133500,900
2026-06-23T01:00:00+00:00,0.133870,900
2026-06-23T01:15:00+00:00,0.135180,900
2026-06-23T01:30:00+00:00,0.133450,900
2026-06-23T01:45:00+00:00,0.135350,900
2026-06-23T02:00:00+00:00,0.135290,900
2026-06-23T02:15:00+00:00,0.134870,900
2026-06-23T02:30:00+00:00,0.136230,900
2026-06-23T02:45:00+00:00,0.140780,900
2026-06-23T03:00:00+00:00,0.134490,900
2026-06-23T03:15:00+00:00,0.135580,900
2026-06-23T03:30:00+00:00,0.142000,900
2026-06-23T03:45:00+00:00,0.152080,900
2026-06-23T04:00:00+00:00,0.155020,900
2026-06-23T04:15:00+00:00,0.166510,900
2026-06-23T04:30:00+00:00,0.177600,900
2026-06-23T04:45:00+00:00,0.192220,900
2026-06-23T05:00:00+00:00,0.190660,900
2026-06-23T05:15:00+00:00,0.173430,900
2026-06-23T05:30:00+00:00,0.161950,900
2026-06-23T05:45:00+00:00,0.140600,900
2026-06-23T06:00:00+00:00,0.172510,900
2026-06-23T06:15:00+00:00,0.150300,900
2026-06-23T06:30:00+00:00,0.123000,900
2026-06-23T06:45:00+00:00,0.112570,900
2026-06-23T07:00:00+00:00,0.125910,900
2026-06-23T07:15:00+00:00,0.116260,900
2026-06-23T07:30:00+00:00,0.108110,900
2026-06-23T07:45:00+00:00,0.100930,900
2026-06-23T08:00:00+00:00,0.113910,900
2026-06-23T08:15:00+00:00,0.099870,900
2026-06-23T08:30:00+00:00,0.089950,900
2026-06-23T08:45:00+00:00,0.082390,900
2026-06-23T09:00:00+00:00,0.086570,900
2026-06-23T09:15:00+00:00,0.079480,900
2026-06-23T09:30:00+00:00,0.070230,900
2026-06-23T09:45:00+00:00,0.068670,900
2026-06-23T10:00:00+00:00,0.076720,900
2026-06-23T10:15:00+00:00,0.060900,900
2026-06-23T10:30:00+00:00,0.052410,900
2026-06-23T10:45:00+00:00,0.048150,900
2026-06-23T11:00:00+00:00,0.046650,900
2026-06-23T11:15:00+00:00,0.046300,900
2026-06-23T11:30:00+00:00,0.040000,900
2026-06-23T11:45:00+00:00,0.041170,900
2026-06-23T12:00:00+00:00,0.031530,900
2026-06-23T12:15:00+00:00,0.036170,900
2026-06-23T12:30:00+00:00,0.040000,900
2026-06-23T12:45:00+00:00,0.057130,900
2026-06-23T13:00:00+00:00,0.000000,900
2026-06-23T13:15:00+00:00,0.054320,900
2026-06-23T13:30:00+00:00,0.071800,900
2026-06-23T13:45:00+00:00,0.093470,900
2026-06-23T14:00:00+00:00,0.077180,900
2026-06-23T14:15:00+00:00,0.092110,900
2026-06-23T14:30:00+00:00,0.108510,900
2026-06-23T14:45:00+00:00,0.120790,900
2026-06-23T15:00:00+00:00,0.103770,900
2026-06-23T15:15:00+00:00,0.117860,900
2026-06-23T15:30:00+00:00,0.124070,900
2026-06-23T15:45:00+00:00,0.142130,900
2026-06-23T16:00:00+00:00,0.120250,900
2026-06-23T16:15:00+00:00,0.147230,900
2026-06-23T16:30:00+00:00,0.178520,900
2026-06-23T16:45:00+00:00,0.233120,900
2026-06-23T17:00:00+00:00,0.180970,900
2026-06-23T17:15:00+00:00,0.243870,900
2026-06-23T17:30:00+00:00,0.423570,900
2026-06-23T17:45:00+00:00,0.500030,900
2026-06-23T18:00:00+00:00,0.481440,900
2026-06-23T18:15:00+00:00,0.560610,900
2026-06-23T18:30:00+00:00,0.614450,900
2026-06-23T18:45:00+00:00,0.657270,900
2026-06-23T19:00:00+00:00,0.599340,900
2026-06-23T19:15:00+00:00,0.590690,900
2026-06-23T19:30:00+00:00,0.585770,900
2026-06-23T19:45:00+00:00,0.477800,900
2026-06-23T20:00:00+00:00,0.487440,900
2026-06-23T20:15:00+00:00,0.444500,900
2026-06-23T20:30:00+00:00,0.270880,900
2026-06-23T20:45:00+00:00,0.197180,900
2026-06-23T21:00:00+00:00,0.219480,900
2026-06-23T21:15:00+00:00,0.248220,900
2026-06-23T21:30:00+00:00,0.196420,900
2026-06-23T21:45:00+00:00,0.171240,900
2026-06-23T22:00:00+00:00,0.230760,900
2026-06-23T22:15:00+00:00,0.189140,900
2026-06-23T22:30:00+00:00,0.175300,900
2026-06-23T22:45:00+00:00,0.164140,900
2026-06-23T23:00:00+00:00,0.194380,900
2026-06-23T23:15:00+00:00,0.173920,900
2026-06-23T23:30:00+00:00,0.163600,900
2026-06-23T23:45:00+00:00,0.154510,900
2026-06-24T00:00:00+00:00,0.153610,900
2026-06-24T00:15:00+00:00,0.149930,900
2026-06-24T00:30:00+00:00,0.151800,900
2026-06-24T00:45:00+00:00,0.149650,900
2026-06-24T01:00:00+00:00,0.148130,900
2026-06-24T01:15:00+00:00,0.148170,900
2026-06-24T01:30:00+00:00,0.151430,900
2026-06-24T01:45:00+00:00,0.151230,900
2026-06-24T02:00:00+00:00,0.153840,900
2026-06-24T02:15:00+00:00,0.155600,900
2026-06-24T02:30:00+00:00,0.154700,900
2026-06-24T02:45:00+00:00,0.155500,900
2026-06-24T03:00:00+00:00,0.155910,900
2026-06-24T03:15:00+00:00,0.155000,900
2026-06-24T03:30:00+00:00,0.162540,900
2026-06-24T03:45:00+00:00,0.170100,900
2026-06-24T04:00:00+00:00,0.181090,900
2026-06-24T04:15:00+00:00,0.176740,900
2026-06-24T04:30:00+00:00,0.189480,900
2026-06-24T04:45:00+00:00,0.208630,900
2026-06-24T05:00:00+00:00,0.240880,900
2026-06-24T05:15:00+00:00,0.191830,900
2026-06-24T05:30:00+00:00,0.162410,900
2026-06-24T05:45:00+00:00,0.141110,900
2026-06-24T06:00:00+00:00,0.206530,900
2026-06-24T06:15:00+00:00,0.151070,900
2026-06-24T06:30:00+00:00,0.141120,900
2026-06-24T06:45:00+00:00,0.115000,900
2026-06-24T07:00:00+00:00,0.140110,900
2026-06-24T07:15:00+00:00,0.126510,900
2026-06-24T07:30:00+00:00,0.110390,900
2026-06-24T07:45:00+00:00,0.105860,900
2026-06-24T08:00:00+00:00,0.123910,900
2026-06-24T08:15:00+00:00,0.114920,900
2026-06-24T08:30:00+00:00,0.100160,900
2026-06-24T08:45:00+00:00,0.079070,900
2026-06-24T09:00:00+00:00,0.100310,900
2026-06-24T09:15:00+00:00,0.089990,900
2026-06-24T09:30:00+00:00,0.073530,900
2026-06-24T09:45:00+00:00,0.066970,900
2026-06-24T10:00:00+00:00,0.086630,900
2026-06-24T10:15:00+00:00,0.073120,900
2026-06-24T10:30:00+00:00,0.056650,900
2026-06-24T10:45:00+00:00,0.054660,900
2026-06-24T11:00:00+00:00,0.068740,900
2026-06-24T11:15:00+00:00,0.070100,900
2026-06-24T11:30:00+00:00,0.064300,900
2026-06-24T11:45:00+00:00,0.063010,900
2026-06-24T12:00:00+00:00,0.048430,900
2026-06-24T12:15:00+00:00,0.051240,900
2026-06-24T12:30:00+00:00,0.067560,900
2026-06-24T12:45:00+00:00,0.082330,900
2026-06-24T13:00:00+00:00,0.030710,900
2026-06-24T13:15:00+00:00,0.066530,900
2026-06-24T13:30:00+00:00,0.074470,900
2026-06-24T13:45:00+00:00,0.091090,900
2026-06-24T14:00:00+00:00,0.095190,900
2026-06-24T14:15:00+00:00,0.107070,900
2026-06-24T14:30:00+00:00,0.110890,900
2026-06-24T14:45:00+00:00,0.123290,900
2026-06-24T15:00:00+00:00,0.109910,900
2026-06-24T15:15:00+00:00,0.120770,900
2026-06-24T15:30:00+00:00,0.137000,900
2026-06-24T15:45:00+00:00,0.151440,900
2026-06-24T16:00:00+00:00,0.138420,900
2026-06-24T16:15:00+00:00,0.155210,900
2026-06-24T16:30:00+00:00,0.205260,900
2026-06-24T16:45:00+00:00,0.294230,900
2026-06-24T17:00:00+00:00,0.240000,900
2026-06-24T17:15:00+00:00,0.334460,900
2026-06-24T17:30:00+00:00,0.660790,900
2026-06-24T17:45:00+00:00,0.789320,900
2026-06-24T18:00:00+00:00,0.641240,900
2026-06-24T18:15:00+00:00,0.758960,900
2026-06-24T18:30:00+00:00,0.833330,900
2026-06-24T18:45:00+00:00,0.902470,900
2026-06-24T19:00:00+00:00,0.826970,900
2026-06-24T19:15:00+00:00,0.812990,900
2026-06-24T19:30:00+00:00,0.800000,900
2026-06-24T19:45:00+00:00,0.757460,900
2026-06-24T20:00:00+00:00,0.800000,900
2026-06-24T20:15:00+00:00,0.643670,900
2026-06-24T20:30:00+00:00,0.487490,900
2026-06-24T20:45:00+00:00,0.340390,900
2026-06-24T21:00:00+00:00,0.408110,900
2026-06-24T21:15:00+00:00,0.338460,900
2026-06-24T21:30:00+00:00,0.263030,900
2026-06-24T21:45:00+00:00,0.199140,900
2026-06-24T22:00:00+00:00,0.200100,900
2026-06-24T22:15:00+00:00,0.171000,900
2026-06-24T22:30:00+00:00,0.153770,900
2026-06-24T22:45:00+00:00,0.151750,900
2026-06-24T23:00:00+00:00,0.162610,900
2026-06-24T23:15:00+00:00,0.155680,900
2026-06-24T23:30:00+00:00,0.150040,900
2026-06-24T23:45:00+00:00,0.143370,900
2026-06-25T00:00:00+00:00,0.149450,900
2026-06-25T00:15:00+00:00,0.140710,900
2026-06-25T00:30:00+00:00,0.139130,900
2026-06-25T00:45:00+00:00,0.137500,900
2026-06-25T01:00:00+00:00,0.142530,900
2026-06-25T01:15:00+00:00,0.139520,900
2026-06-25T01:30:00+00:00,0.137950,900
2026-06-25T01:45:00+00:00,0.137910,900
2026-06-25T02:00:00+00:00,0.136460,900
2026-06-25T02:15:00+00:00,0.139960,900
2026-06-25T02:30:00+00:00,0.139380,900
2026-06-25T02:45:00+00:00,0.138250,900
2026-06-25T03:00:00+00:00,0.137390,900
2026-06-25T03:15:00+00:00,0.137820,900
2026-06-25T03:30:00+00:00,0.141100,900
2026-06-25T03:45:00+00:00,0.145620,900
2026-06-25T04:00:00+00:00,0.160900,900
2026-06-25T04:15:00+00:00,0.169720,900
2026-06-25T04:30:00+00:00,0.161200,900
2026-06-25T04:45:00+00:00,0.153190,900
2026-06-25T05:00:00+00:00,0.174660,900
2026-06-25T05:15:00+00:00,0.155200,900
2026-06-25T05:30:00+00:00,0.139970,900
2026-06-25T05:45:00+00:00,0.116830,900
2026-06-25T06:00:00+00:00,0.141280,900
2026-06-25T06:15:00+00:00,0.126450,900
2026-06-25T06:30:00+00:00,0.112540,900
2026-06-25T06:45:00+00:00,0.097940,900
2026-06-25T07:00:00+00:00,0.121260,900
2026-06-25T07:15:00+00:00,0.112250,900
2026-06-25T07:30:00+00:00,0.103770,900
2026-06-25T07:45:00+00:00,0.082750,900
2026-06-25T08:00:00+00:00,0.110500,900
2026-06-25T08:15:00+00:00,0.096930,900
2026-06-25T08:30:00+00:00,0.080010,900
2026-06-25T08:45:00+00:00,0.057000,900
2026-06-25T09:00:00+00:00,0.088490,900
2026-06-25T09:15:00+00:00,0.058410,900
2026-06-25T09:30:00+00:00,0.034120,900
2026-06-25T09:45:00+00:00,0.024780,900
2026-06-25T10:00:00+00:00,0.027680,900
2026-06-25T10:15:00+00:00,0.024910,900
2026-06-25T10:30:00+00:00,0.010200,900
2026-06-25T10:45:00+00:00,0.024050,900
2026-06-25T11:00:00+00:00,0.022240,900
2026-06-25T11:15:00+00:00,0.014540,900
2026-06-25T11:30:00+00:00,0.005830,900
2026-06-25T11:45:00+00:00,0.001140,900
2026-06-25T12:00:00+00:00,0.012200,900
2026-06-25T12:15:00+00:00,0.006300,900
2026-06-25T12:30:00+00:00,0.012990,900
2026-06-25T12:45:00+00:00,0.015330,900
2026-06-25T13:00:00+00:00,0.021260,900
2026-06-25T13:15:00+00:00,0.049790,900
2026-06-25T13:30:00+00:00,0.064700,900
2026-06-25T13:45:00+00:00,0.084290,900
2026-06-25T14:00:00+00:00,0.063160,900
2026-06-25T14:15:00+00:00,0.078100,900
2026-06-25T14:30:00+00:00,0.092510,900
2026-06-25T14:45:00+00:00,0.113090,900
2026-06-25T15:00:00+00:00,0.078560,900
2026-06-25T15:15:00+00:00,0.107210,900
2026-06-25T15:30:00+00:00,0.109690,900
2026-06-25T15:45:00+00:00,0.123800,900
2026-06-25T16:00:00+00:00,0.091520,900
2026-06-25T16:15:00+00:00,0.113540,900
2026-06-25T16:30:00+00:00,0.141340,900
2026-06-25T16:45:00+00:00,0.192450,900
2026-06-25T17:00:00+00:00,0.138140,900
2026-06-25T17:15:00+00:00,0.171540,900
2026-06-25T17:30:00+00:00,0.210610,900
2026-06-25T17:45:00+00:00,0.297800,900
2026-06-25T18:00:00+00:00,0.241880,900
2026-06-25T18:15:00+00:00,0.295810,900
2026-06-25T18:30:00+00:00,0.321880,900
2026-06-25T18:45:00+00:00,0.332560,900
2026-06-25T19:00:00+00:00,0.295120,900
2026-06-25T19:15:00+00:00,0.264520,900
2026-06-25T19:30:00+00:00,0.250100,900
2026-06-25T19:45:00+00:00,0.196840,900
2026-06-25T20:00:00+00:00,0.221510,900
2026-06-25T20:15:00+00:00,0.202950,900
2026-06-25T20:30:00+00:00,0.172850,900
2026-06-25T20:45:00+00:00,0.159490,900
2026-06-25T21:00:00+00:00,0.175710,900
2026-06-25T21:15:00+00:00,0.168640,900
2026-06-25T21:30:00+00:00,0.148750,900
2026-06-25T21:45:00+00:00,0.146500,900
2026-06-25T22:00:00+00:00,0.151220,900
2026-06-25T22:15:00+00:00,0.148760,900
2026-06-25T22:30:00+00:00,0.141360,900
2026-06-25T22:45:00+00:00,0.131410,900
2026-06-25T23:00:00+00:00,0.136230,900
2026-06-25T23:15:00+00:00,0.130860,900
2026-06-25T23:30:00+00:00,0.128920,900
2026-06-25T23:45:00+00:00,0.121570,900
2026-06-26T00:00:00+00:00,0.125380,900
2026-06-26T00:15:00+00:00,0.119030,900
2026-06-26T00:30:00+00:00,0.119180,900
2026-06-26T00:45:00+00:00,0.118820,900
2026-06-26T01:00:00+00:00,0.124030,900
2026-06-26T01:15:00+00:00,0.118780,900
2026-06-26T01:30:00+00:00,0.118450,900
2026-06-26T01:45:00+00:00,0.118740,900
2026-06-26T02:00:00+00:00,0.122400,900
2026-06-26T02:15:00+00:00,0.121020,900
2026-06-26T02:30:00+00:00,0.119480,900
2026-06-26T02:45:00+00:00,0.122830,900
2026-06-26T03:00:00+00:00,0.125070,900
2026-06-26T03:15:00+00:00,0.125300,900
2026-06-26T03:30:00+00:00,0.129580,900
2026-06-26T03:45:00+00:00,0.134300,900
2026-06-26T04:00:00+00:00,0.143560,900
2026-06-26T04:15:00+00:00,0.152720,900
2026-06-26T04:30:00+00:00,0.151630,900
2026-06-26T04:45:00+00:00,0.141450,900
2026-06-26T05:00:00+00:00,0.156790,900
2026-06-26T05:15:00+00:00,0.147130,900
2026-06-26T05:30:00+00:00,0.127110,900
2026-06-26T05:45:00+00:00,0.119200,900
2026-06-26T06:00:00+00:00,0.137700,900
2026-06-26T06:15:00+00:00,0.122170,900
2026-06-26T06:30:00+00:00,0.111960,900
2026-06-26T06:45:00+00:00,0.100000,900
2026-06-26T07:00:00+00:00,0.118180,900
2026-06-26T07:15:00+00:00,0.105310,900
2026-06-26T07:30:00+00:00,0.103980,900
2026-06-26T07:45:00+00:00,0.094930,900
2026-06-26T08:00:00+00:00,0.112040,900
2026-06-26T08:15:00+00:00,0.104440,900
2026-06-26T08:30:00+00:00,0.087980,900
2026-06-26T08:45:00+00:00,0.069680,900
2026-06-26T09:00:00+00:00,0.088780,900
2026-06-26T09:15:00+00:00,0.074700,900
2026-06-26T09:30:00+00:00,0.063690,900
2026-06-26T09:45:00+00:00,0.049800,900
2026-06-26T10:00:00+00:00,0.033810,900
2026-06-26T10:15:00+00:00,0.025100,900
2026-06-26T10:30:00+00:00,0.021490,900
2026-06-26T10:45:00+00:00,0.034430,900
2026-06-26T11:00:00+00:00,0.005610,900
2026-06-26T11:15:00+00:00,0.012710,900
2026-06-26T11:30:00+00:00,0.009980,900
2026-06-26T11:45:00+00:00,0.011700,900
2026-06-26T12:00:00+00:00,0.023100,900
2026-06-26T12:15:00+00:00,0.033040,900
2026-06-26T12:30:00+00:00,0.040000,900
2026-06-26T12:45:00+00:00,0.040090,900
2026-06-26T13:00:00+00:00,0.050190,900
2026-06-26T13:15:00+00:00,0.065540,900
2026-06-26T13:30:00+00:00,0.080450,900
2026-06-26T13:45:00+00:00,0.093060,900
2026-06-26T14:00:00+00:00,0.068950,900
2026-06-26T14:15:00+00:00,0.083350,900
2026-06-26T14:30:00+00:00,0.101420,900
2026-06-26T14:45:00+00:00,0.120850,900
2026-06-26T15:00:00+00:00,0.085990,900
2026-06-26T15:15:00+00:00,0.109070,900
2026-06-26T15:30:00+00:00,0.117950,900
2026-06-26T15:45:00+00:00,0.133970,900
2026-06-26T16:00:00+00:00,0.093810,900
2026-06-26T16:15:00+00:00,0.135280,900
2026-06-26T16:30:00+00:00,0.160920,900
2026-06-26T16:45:00+00:00,0.212140,900
2026-06-26T17:00:00+00:00,0.159920,900
2026-06-26T17:15:00+00:00,0.193130,900
2026-06-26T17:30:00+00:00,0.249330,900
2026-06-26T17:45:00+00:00,0.377370,900
2026-06-26T18:00:00+00:00,0.259750,900
2026-06-26T18:15:00+00:00,0.342290,900
2026-06-26T18:30:00+00:00,0.407400,900
2026-06-26T18:45:00+00:00,0.414560,900
2026-06-26T19:00:00+00:00,0.412740,900
2026-06-26T19:15:00+00:00,0.340090,900
2026-06-26T19:30:00+00:00,0.250100,900
2026-06-26T19:45:00+00:00,0.194740,900
2026-06-26T20:00:00+00:00,0.258550,900
2026-06-26T20:15:00+00:00,0.205880,900
2026-06-26T20:30:00+00:00,0.185020,900
2026-06-26T20:45:00+00:00,0.161320,900
2026-06-26T21:00:00+00:00,0.176480,900
2026-06-26T21:15:00+00:00,0.157470,900
2026-06-26T21:30:00+00:00,0.145870,900
2026-06-26T21:45:00+00:00,0.139620,900
2026-06-26T22:00:00+00:00,0.145560,900
2026-06-26T22:15:00+00:00,0.134100,900
2026-06-26T22:30:00+00:00,0.127890,900
2026-06-26T22:45:00+00:00,0.121670,900
2026-06-26T23:00:00+00:00,0.130550,900
2026-06-26T23:15:00+00:00,0.126000,900
2026-06-26T23:30:00+00:00,0.122650,900
2026-06-26T23:45:00+00:00,0.119130,900
2026-06-27T00:00:00+00:00,0.120180,900
2026-06-27T00:15:00+00:00,0.119080,900
2026-06-27T00:30:00+00:00,0.116400,900
2026-06-27T00:45:00+00:00,0.116620,900
2026-06-27T01:00:00+00:00,0.117890,900
2026-06-27T01:15:00+00:00,0.114320,900
2026-06-27T01:30:00+00:00,0.116110,900
2026-06-27T01:45:00+00:00,0.115000,900
2026-06-27T02:00:00+00:00,0.114770,900
2026-06-27T02:15:00+00:00,0.116110,900
2026-06-27T02:30:00+00:00,0.116100,900
2026-06-27T02:45:00+00:00,0.114320,900
2026-06-27T03:00:00+00:00,0.115400,900
2026-06-27T03:15:00+00:00,0.113850,900
2026-06-27T03:30:00+00:00,0.113840,900
2026-06-27T03:45:00+00:00,0.112910,900
2026-06-27T04:00:00+00:00,0.115010,900
2026-06-27T04:15:00+00:00,0.112910,900
2026-06-27T04:30:00+00:00,0.112010,900
2026-06-27T04:45:00+00:00,0.110970,900
2026-06-27T05:00:00+00:00,0.115330,900
2026-06-27T05:15:00+00:00,0.113840,900
2026-06-27T05:30:00+00:00,0.112910,900
2026-06-27T05:45:00+00:00,0.095010,900
2026-06-27T06:00:00+00:00,0.118850,900
2026-06-27T06:15:00+00:00,0.112610,900
2026-06-27T06:30:00+00:00,0.108040,900
2026-06-27T06:45:00+00:00,0.084020,900
2026-06-27T07:00:00+00:00,0.109870,900
2026-06-27T07:15:00+00:00,0.086720,900
2026-06-27T07:30:00+00:00,0.072380,900
2026-06-27T07:45:00+00:00,0.033000,900
2026-06-27T08:00:00+00:00,0.064420,900
2026-06-27T08:15:00+00:00,0.042820,900
2026-06-27T08:30:00+00:00,0.022430,900
2026-06-27T08:45:00+00:00,0.014430,900
2026-06-27T09:00:00+00:00,0.022170,900
2026-06-27T09:15:00+00:00,0.013870,900
2026-06-27T09:30:00+00:00,0.008680,900
2026-06-27T09:45:00+00:00,0.004470,900
2026-06-27T10:00:00+00:00,0.003330,900
2026-06-27T10:15:00+00:00,0.000820,900
2026-06-27T10:30:00+00:00,0.001420,900
2026-06-27T10:45:00+00:00,0.002480,900
2026-06-27T11:00:00+00:00,0.000120,900
2026-06-27T11:15:00+00:00,0.000010,900
2026-06-27T11:30:00+00:00,0.000000,900
2026-06-27T11:45:00+00:00,0.000010,900
2026-06-27T12:00:00+00:00,0.000100,900
2026-06-27T12:15:00+00:00,0.001400,900
2026-06-27T12:30:00+00:00,0.004080,900
2026-06-27T12:45:00+00:00,0.007990,900
2026-06-27T13:00:00+00:00,0.002140,900
2026-06-27T13:15:00+00:00,0.004000,900
2026-06-27T13:30:00+00:00,0.012860,900
2026-06-27T13:45:00+00:00,0.032070,900
2026-06-27T14:00:00+00:00,0.009100,900
2026-06-27T14:15:00+00:00,0.035000,900
2026-06-27T14:30:00+00:00,0.065320,900
2026-06-27T14:45:00+00:00,0.088910,900
2026-06-27T15:00:00+00:00,0.061970,900
2026-06-27T15:15:00+00:00,0.097070,900
2026-06-27T15:30:00+00:00,0.107700,900
2026-06-27T15:45:00+00:00,0.126900,900
2026-06-27T16:00:00+00:00,0.107810,900
2026-06-27T16:15:00+00:00,0.115000,900
2026-06-27T16:30:00+00:00,0.130060,900
2026-06-27T16:45:00+00:00,0.147040,900
2026-06-27T17:00:00+00:00,0.135930,900
2026-06-27T17:15:00+00:00,0.150710,900
2026-06-27T17:30:00+00:00,0.183220,900
2026-06-27T17:45:00+00:00,0.223330,900
2026-06-27T18:00:00+00:00,0.204230,900
2026-06-27T18:15:00+00:00,0.211300,900
2026-06-27T18:30:00+00:00,0.232640,900
2026-06-27T18:45:00+00:00,0.282040,900
2026-06-27T19:00:00+00:00,0.228970,900
2026-06-27T19:15:00+00:00,0.243440,900
2026-06-27T19:30:00+00:00,0.239020,900
2026-06-27T19:45:00+00:00,0.240250,900
2026-06-27T20:00:00+00:00,0.207740,900
2026-06-27T20:15:00+00:00,0.182000,900
2026-06-27T20:30:00+00:00,0.170090,900
2026-06-27T20:45:00+00:00,0.157810,900
2026-06-27T21:00:00+00:00,0.161120,900
2026-06-27T21:15:00+00:00,0.150100,900
2026-06-27T21:30:00+00:00,0.141120,900
2026-06-27T21:45:00+00:00,0.138290,900
2026-06-27T22:00:00+00:00,0.145170,900
2026-06-27T22:15:00+00:00,0.144240,900
2026-06-27T22:30:00+00:00,0.134700,900
2026-06-27T22:45:00+00:00,0.124370,900
2026-06-27T23:00:00+00:00,0.132260,900
2026-06-27T23:15:00+00:00,0.130760,900
2026-06-27T23:30:00+00:00,0.125050,900
2026-06-27T23:45:00+00:00,0.122040,900
2026-06-28T00:00:00+00:00,0.122790,900
2026-06-28T00:15:00+00:00,0.120620,900
2026-06-28T00:30:00+00:00,0.118820,900
2026-06-28T00:45:00+00:00,0.116500,900
2026-06-28T01:00:00+00:00,0.116180,900
2026-06-28T01:15:00+00:00,0.115590,900
2026-06-28T01:30:00+00:00,0.115980,900
2026-06-28T01:45:00+00:00,0.115000,900
2026-06-28T02:00:00+00:00,0.114600,900
2026-06-28T02:15:00+00:00,0.114570,900
2026-06-28T02:30:00+00:00,0.115000,900
2026-06-28T02:45:00+00:00,0.114770,900
2026-06-28T03:00:00+00:00,0.115540,900
2026-06-28T03:15:00+00:00,0.115090,900
2026-06-28T03:30:00+00:00,0.115000,900
2026-06-28T03:45:00+00:00,0.114860,900
2026-06-28T04:00:00+00:00,0.116000,900
2026-06-28T04:15:00+00:00,0.115000,900
2026-06-28T04:30:00+00:00,0.110690,900
2026-06-28T04:45:00+00:00,0.106560,900
2026-06-28T05:00:00+00:00,0.114600,900
2026-06-28T05:15:00+00:00,0.112360,900
2026-06-28T05:30:00+00:00,0.104860,900
2026-06-28T05:45:00+00:00,0.085900,900
2026-06-28T06:00:00+00:00,0.108470,900
2026-06-28T06:15:00+00:00,0.082990,900
2026-06-28T06:30:00+00:00,0.070440,900
2026-06-28T06:45:00+00:00,0.044840,900
2026-06-28T07:00:00+00:00,0.067550,900
2026-06-28T07:15:00+00:00,0.037960,900
2026-06-28T07:30:00+00:00,0.018080,900
2026-06-28T07:45:00+00:00,0.007660,900
2026-06-28T08:00:00+00:00,0.014430,900
2026-06-28T08:15:00+00:00,0.004990,900
2026-06-28T08:30:00+00:00,0.000840,900
2026-06-28T08:45:00+00:00,0.000000,900
2026-06-28T09:00:00+00:00,0.000540,900
2026-06-28T09:15:00+00:00,-0.000010,900
2026-06-28T09:30:00+00:00,-0.000010,900
2026-06-28T09:45:00+00:00,-0.001170,900
2026-06-28T10:00:00+00:00,-0.000010,900
2026-06-28T10:15:00+00:00,-0.000010,900
2026-06-28T10:30:00+00:00,-0.000120,900
2026-06-28T10:45:00+00:00,-0.000160,900
2026-06-28T11:00:00+00:00,-0.002070,900
2026-06-28T11:15:00+00:00,-0.002060,900
2026-06-28T11:30:00+00:00,-0.002040,900
2026-06-28T11:45:00+00:00,-0.002000,900
2026-06-28T12:00:00+00:00,-0.000230,900
2026-06-28T12:15:00+00:00,-0.000030,900
2026-06-28T12:30:00+00:00,-0.000010,900
2026-06-28T12:45:00+00:00,0.000000,900
2026-06-28T13:00:00+00:00,0.000000,900
2026-06-28T13:15:00+00:00,0.000010,900
2026-06-28T13:30:00+00:00,0.000990,900
2026-06-28T13:45:00+00:00,0.005480,900
2026-06-28T14:00:00+00:00,0.000450,900
2026-06-28T14:15:00+00:00,0.008430,900
2026-06-28T14:30:00+00:00,0.026190,900
2026-06-28T14:45:00+00:00,0.064240,900
2026-06-28T15:00:00+00:00,0.027730,900
2026-06-28T15:15:00+00:00,0.073170,900
2026-06-28T15:30:00+00:00,0.101650,900
2026-06-28T15:45:00+00:00,0.123280,900
2026-06-28T16:00:00+00:00,0.105260,900
2026-06-28T16:15:00+00:00,0.110950,900
2026-06-28T16:30:00+00:00,0.113290,900
2026-06-28T16:45:00+00:00,0.124810,900
2026-06-28T17:00:00+00:00,0.107590,900
2026-06-28T17:15:00+00:00,0.129100,900
2026-06-28T17:30:00+00:00,0.128560,900
2026-06-28T17:45:00+00:00,0.142860,900
2026-06-28T18:00:00+00:00,0.133900,900
2026-06-28T18:15:00+00:00,0.149940,900
2026-06-28T18:30:00+00:00,0.153370,900
2026-06-28T18:45:00+00:00,0.154190,900
2026-06-28T19:00:00+00:00,0.158720,900
2026-06-28T19:15:00+00:00,0.156900,900
2026-06-28T19:30:00+00:00,0.153680,900
2026-06-28T19:45:00+00:00,0.163400,900
2026-06-28T20:00:00+00:00,0.159360,900
2026-06-28T20:15:00+00:00,0.159220,900
2026-06-28T20:30:00+00:00,0.153310,900
2026-06-28T20:45:00+00:00,0.149760,900
2026-06-28T21:00:00+00:00,0.150620,900
2026-06-28T21:15:00+00:00,0.143430,900
2026-06-28T21:30:00+00:00,0.141540,900
2026-06-28T21:45:00+00:00,0.134970,900
2026-06-28T22:00:00+00:00,0.132750,900
2026-06-28T22:15:00+00:00,0.125890,900
2026-06-28T22:30:00+00:00,0.119830,900
2026-06-28T22:45:00+00:00,0.114000,900
2026-06-28T23:00:00+00:00,0.115990,900
2026-06-28T23:15:00+00:00,0.113240,900
2026-06-28T23:30:00+00:00,0.114000,900
2026-06-28T23:45:00+00:00,0.111430,900
2026-06-29T00:00:00+00:00,0.115500,900
2026-06-29T00:15:00+00:00,0.114000,900
2026-06-29T00:30:00+00:00,0.111970,900
2026-06-29T00:45:00+00:00,0.110400,900
2026-06-29T01:00:00+00:00,0.110000,900
2026-06-29T01:15:00+00:00,0.109590,900
2026-06-29T01:30:00+00:00,0.109450,900
2026-06-29T01:45:00+00:00,0.109150,900
2026-06-29T02:00:00+00:00,0.110530,900
2026-06-29T02:15:00+00:00,0.110560,900
2026-06-29T02:30:00+00:00,0.114540,900
2026-06-29T02:45:00+00:00,0.118760,900
2026-06-29T03:00:00+00:00,0.117130,900
2026-06-29T03:15:00+00:00,0.123410,900
2026-06-29T03:30:00+00:00,0.128340,900
2026-06-29T03:45:00+00:00,0.132830,900
2026-06-29T04:00:00+00:00,0.148000,900
2026-06-29T04:15:00+00:00,0.153210,900
2026-06-29T04:30:00+00:00,0.147880,900
2026-06-29T04:45:00+00:00,0.146670,900
2026-06-29T05:00:00+00:00,0.162400,900
2026-06-29T05:15:00+00:00,0.154430,900
2026-06-29T05:30:00+00:00,0.156170,900
2026-06-29T05:45:00+00:00,0.143610,900
2026-06-29T06:00:00+00:00,0.160310,900
2026-06-29T06:15:00+00:00,0.150260,900
2026-06-29T06:30:00+00:00,0.139600,900
2026-06-29T06:45:00+00:00,0.122000,900
2026-06-29T07:00:00+00:00,0.132000,900
2026-06-29T07:15:00+00:00,0.124700,900
2026-06-29T07:30:00+00:00,0.117060,900
2026-06-29T07:45:00+00:00,0.110030,900
2026-06-29T08:00:00+00:00,0.117050,900
2026-06-29T08:15:00+00:00,0.108980,900
2026-06-29T08:30:00+00:00,0.104210,900
2026-06-29T08:45:00+00:00,0.097460,900
2026-06-29T09:00:00+00:00,0.108630,900
2026-06-29T09:15:00+00:00,0.099860,900
2026-06-29T09:30:00+00:00,0.097450,900
2026-06-29T09:45:00+00:00,0.090460,900
2026-06-29T10:00:00+00:00,0.093000,900
2026-06-29T10:15:00+00:00,0.092220,900
2026-06-29T10:30:00+00:00,0.090000,900
2026-06-29T10:45:00+00:00,0.082810,900
2026-06-29T11:00:00+00:00,0.089000,900
2026-06-29T11:15:00+00:00,0.082770,900
2026-06-29T11:30:00+00:00,0.079080,900
2026-06-29T11:45:00+00:00,0.077260,900
2026-06-29T12:00:00+00:00,0.081000,900
2026-06-29T12:15:00+00:00,0.084990,900
2026-06-29T12:30:00+00:00,0.088000,900
2026-06-29T12:45:00+00:00,0.091550,900
2026-06-29T13:00:00+00:00,0.088800,900
2026-06-29T13:15:00+00:00,0.092600,900
2026-06-29T13:30:00+00:00,0.098880,900
2026-06-29T13:45:00+00:00,0.106960,900
2026-06-29T14:00:00+00:00,0.093500,900
2026-06-29T14:15:00+00:00,0.102350,900
2026-06-29T14:30:00+00:00,0.105590,900
2026-06-29T14:45:00+00:00,0.112910,900
2026-06-29T15:00:00+00:00,0.089900,900
2026-06-29T15:15:00+00:00,0.106600,900
2026-06-29T15:30:00+00:00,0.123590,900
2026-06-29T15:45:00+00:00,0.137600,900
2026-06-29T16:00:00+00:00,0.100380,900
2026-06-29T16:15:00+00:00,0.123240,900
2026-06-29T16:30:00+00:00,0.148060,900
2026-06-29T16:45:00+00:00,0.185820,900
2026-06-29T17:00:00+00:00,0.147100,900
2026-06-29T17:15:00+00:00,0.175850,900
2026-06-29T17:30:00+00:00,0.206740,900
2026-06-29T17:45:00+00:00,0.285250,900
2026-06-29T18:00:00+00:00,0.217000,900
2026-06-29T18:15:00+00:00,0.295390,900
2026-06-29T18:30:00+00:00,0.368790,900
2026-06-29T18:45:00+00:00,0.420000,900
2026-06-29T19:00:00+00:00,0.364280,900
2026-06-29T19:15:00+00:00,0.357510,900
2026-06-29T19:30:00+00:00,0.365820,900
2026-06-29T19:45:00+00:00,0.317460,900
2026-06-29T20:00:00+00:00,0.324280,900
2026-06-29T20:15:00+00:00,0.291290,900
2026-06-29T20:30:00+00:00,0.209200,900
2026-06-29T20:45:00+00:00,0.170850,900
2026-06-29T21:00:00+00:00,0.218940,900
2026-06-29T21:15:00+00:00,0.175040,900
2026-06-29T21:30:00+00:00,0.166440,900
2026-06-29T21:45:00+00:00,0.165720,900
2026-06-29T22:00:00+00:00,0.197610,900
2026-06-29T22:15:00+00:00,0.178150,900
2026-06-29T22:30:00+00:00,0.174790,900
2026-06-29T22:45:00+00:00,0.171770,900
2026-06-29T23:00:00+00:00,0.171570,900
2026-06-29T23:15:00+00:00,0.162810,900
2026-06-29T23:30:00+00:00,0.150720,900
2026-06-29T23:45:00+00:00,0.146680,900
2026-06-30T00:00:00+00:00,0.153110,900
2026-06-30T00:15:00+00:00,0.150060,900
2026-06-30T00:30:00+00:00,0.150920,900
2026-06-30T00:45:00+00:00,0.150070,900
2026-06-30T01:00:00+00:00,0.158730,900
2026-06-30T01:15:00+00:00,0.152240,900
2026-06-30T01:30:00+00:00,0.150070,900
2026-06-30T01:45:00+00:00,0.149100,900
2026-06-30T02:00:00+00:00,0.155790,900
2026-06-30T02:15:00+00:00,0.150190,900
2026-06-30T02:30:00+00:00,0.151800,900
2026-06-30T02:45:00+00:00,0.153790,900
2026-06-30T03:00:00+00:00,0.153130,900
2026-06-30T03:15:00+00:00,0.163810,900
2026-06-30T03:30:00+00:00,0.166660,900
2026-06-30T03:45:00+00:00,0.180270,900
2026-06-30T04:00:00+00:00,0.183350,900
2026-06-30T04:15:00+00:00,0.198980,900
2026-06-30T04:30:00+00:00,0.197940,900
2026-06-30T04:45:00+00:00,0.203300,900
2026-06-30T05:00:00+00:00,0.219900,900
2026-06-30T05:15:00+00:00,0.201170,900
2026-06-30T05:30:00+00:00,0.190840,900
2026-06-30T05:45:00+00:00,0.168880,900
2026-06-30T06:00:00+00:00,0.206660,900
2026-06-30T06:15:00+00:00,0.174110,900
2026-06-30T06:30:00+00:00,0.144990,900
2026-06-30T06:45:00+00:00,0.118720,900
2026-06-30T07:00:00+00:00,0.163500,900
2026-06-30T07:15:00+00:00,0.124170,900
2026-06-30T07:30:00+00:00,0.111010,900
2026-06-30T07:45:00+00:00,0.105100,900
2026-06-30T08:00:00+00:00,0.118380,900
2026-06-30T08:15:00+00:00,0.109580,900
2026-06-30T08:30:00+00:00,0.107710,900
2026-06-30T08:45:00+00:00,0.100000,900
2026-06-30T09:00:00+00:00,0.110690,900
2026-06-30T09:15:00+00:00,0.104850,900
2026-06-30T09:30:00+00:00,0.098490,900
2026-06-30T09:45:00+00:00,0.091350,900
2026-06-30T10:00:00+00:00,0.099710,900
2026-06-30T10:15:00+00:00,0.098860,900
2026-06-30T10:30:00+00:00,0.099280,900
2026-06-30T10:45:00+00:00,0.097160,900
2026-06-30T11:00:00+00:00,0.096820,900
2026-06-30T11:15:00+00:00,0.100300,900
2026-06-30T11:30:00+00:00,0.100490,900
2026-06-30T11:45:00+00:00,0.103130,900
2026-06-30T12:00:00+00:00,0.097140,900
2026-06-30T12:15:00+00:00,0.101870,900
2026-06-30T12:30:00+00:00,0.107820,900
2026-06-30T12:45:00+00:00,0.115610,900
2026-06-30T13:00:00+00:00,0.108460,900
2026-06-30T13:15:00+00:00,0.115220,900
2026-06-30T13:30:00+00:00,0.119400,900
2026-06-30T13:45:00+00:00,0.117320,900
2026-06-30T14:00:00+00:00,0.115240,900
2026-06-30T14:15:00+00:00,0.120420,900
2026-06-30T14:30:00+00:00,0.126330,900
2026-06-30T14:45:00+00:00,0.144680,900
2026-06-30T15:00:00+00:00,0.129650,900
2026-06-30T15:15:00+00:00,0.129600,900
2026-06-30T15:30:00+00:00,0.180300,900
2026-06-30T15:45:00+00:00,0.262810,900
2026-06-30T16:00:00+00:00,0.167030,900
2026-06-30T16:15:00+00:00,0.194060,900
2026-06-30T16:30:00+00:00,0.288720,900
2026-06-30T16:45:00+00:00,0.415650,900
2026-06-30T17:00:00+00:00,0.394210,900
2026-06-30T17:15:00+00:00,0.488330,900
2026-06-30T17:30:00+00:00,0.515510,900
2026-06-30T17:45:00+00:00,0.557010,900
2026-06-30T18:00:00+00:00,0.508230,900
2026-06-30T18:15:00+00:00,0.533920,900
2026-06-30T18:30:00+00:00,0.582110,900
2026-06-30T18:45:00+00:00,0.589780,900
2026-06-30T19:00:00+00:00,0.503890,900
2026-06-30T19:15:00+00:00,0.463040,900
2026-06-30T19:30:00+00:00,0.421320,900
2026-06-30T19:45:00+00:00,0.323340,900
2026-06-30T20:00:00+00:00,0.374660,900
2026-06-30T20:15:00+00:00,0.300940,900
2026-06-30T20:30:00+00:00,0.258560,900
2026-06-30T20:45:00+00:00,0.256470,900
2026-06-30T21:00:00+00:00,0.220230,900
2026-06-30T21:15:00+00:00,0.215020,900
2026-06-30T21:30:00+00:00,0.199140,900
2026-06-30T21:45:00+00:00,0.180260,900
2026-06-30T22:00:00+00:00,0.179650,900
2026-06-30T22:15:00+00:00,0.163420,900
2026-06-30T22:30:00+00:00,0.156230,900
2026-06-30T22:45:00+00:00,0.147300,900
2026-06-30T23:00:00+00:00,0.160450,900
2026-06-30T23:15:00+00:00,0.152000,900
2026-06-30T23:30:00+00:00,0.144380,900
2026-06-30T23:45:00+00:00,0.141130,900
2026-07-01T00:00:00+00:00,0.143660,900
2026-07-01T00:15:00+00:00,0.144590,900
2026-07-01T00:30:00+00:00,0.145690,900
2026-07-01T00:45:00+00:00,0.142190,900
2026-07-01T01:00:00+00:00,0.147430,900
2026-07-01T01:15:00+00:00,0.148080,900
2026-07-01T01:30:00+00:00,0.145530,900
2026-07-01T01:45:00+00:00,0.140760,900
2026-07-01T02:00:00+00:00,0.146260,900
2026-07-01T02:15:00+00:00,0.149370,900
2026-07-01T02:30:00+00:00,0.149340,900
2026-07-01T02:45:00+00:00,0.151910,900
2026-07-01T03:00:00+00:00,0.150420,900
2026-07-01T03:15:00+00:00,0.152550,900
2026-07-01T03:30:00+00:00,0.157650,900
2026-07-01T03:45:00+00:00,0.161820,900
2026-07-01T04:00:00+00:00,0.183570,900
2026-07-01T04:15:00+00:00,0.189000,900
2026-07-01T04:30:00+00:00,0.189590,900
2026-07-01T04:45:00+00:00,0.189590,900
2026-07-01T05:00:00+00:00,0.201430,900
2026-07-01T05:15:00+00:00,0.200520,900
2026-07-01T05:30:00+00:00,0.192840,900
2026-07-01T05:45:00+00:00,0.195910,900
2026-07-01T06:00:00+00:00,0.195320,900
2026-07-01T06:15:00+00:00,0.189740,900
2026-07-01T06:30:00+00:00,0.166480,900
2026-07-01T06:45:00+00:00,0.145180,900
2026-07-01T07:00:00+00:00,0.176810,900
2026-07-01T07:15:00+00:00,0.151620,900
2026-07-01T07:30:00+00:00,0.130570,900
2026-07-01T07:45:00+00:00,0.119510,900
2026-07-01T08:00:00+00:00,0.139390,900
2026-07-01T08:15:00+00:00,0.123000,900
2026-07-01T08:30:00+00:00,0.120640,900
2026-07-01T08:45:00+00:00,0.111010,900
2026-07-01T09:00:00+00:00,0.125880,900
2026-07-01T09:15:00+00:00,0.116050,900
2026-07-01T09:30:00+00:00,0.113640,900
2026-07-01T09:45:00+00:00,0.109770,900
2026-07-01T10:00:00+00:00,0.117520,900
2026-07-01T10:15:00+00:00,0.111020,900
2026-07-01T10:30:00+00:00,0.114850,900
2026-07-01T10:45:00+00:00,0.106430,900
2026-07-01T11:00:00+00:00,0.113940,900
2026-07-01T11:15:00+00:00,0.102770,900
2026-07-01T11:30:00+00:00,0.097260,900
2026-07-01T11:45:00+00:00,0.095050,900
2026-07-01T12:00:00+00:00,0.098430,900
2026-07-01T12:15:00+00:00,0.096580,900
2026-07-01T12:30:00+00:00,0.095830,900
2026-07-01T12:45:00+00:00,0.094440,900
2026-07-01T13:00:00+00:00,0.091540,900
2026-07-01T13:15:00+00:00,0.090790,900
2026-07-01T13:30:00+00:00,0.091160,900
2026-07-01T13:45:00+00:00,0.093800,900
2026-07-01T14:00:00+00:00,0.085440,900
2026-07-01T14:15:00+00:00,0.085670,900
2026-07-01T14:30:00+00:00,0.095120,900
2026-07-01T14:45:00+00:00,0.104250,900
2026-07-01T15:00:00+00:00,0.092890,900
2026-07-01T15:15:00+00:00,0.105060,900
2026-07-01T15:30:00+00:00,0.106380,900
2026-07-01T15:45:00+00:00,0.111570,900
2026-07-01T16:00:00+00:00,0.104930,900
2026-07-01T16:15:00+00:00,0.108620,900
2026-07-01T16:30:00+00:00,0.131520,900
2026-07-01T16:45:00+00:00,0.139930,900
2026-07-01T17:00:00+00:00,0.123410,900
2026-07-01T17:15:00+00:00,0.151490,900
2026-07-01T17:30:00+00:00,0.183620,900
2026-07-01T17:45:00+00:00,0.209680,900
2026-07-01T18:00:00+00:00,0.179590,900
2026-07-01T18:15:00+00:00,0.211220,900
2026-07-01T18:30:00+00:00,0.239710,900
2026-07-01T18:45:00+00:00,0.280400,900
2026-07-01T19:00:00+00:00,0.247800,900
2026-07-01T19:15:00+00:00,0.253600,900
2026-07-01T19:30:00+00:00,0.252890,900
2026-07-01T19:45:00+00:00,0.222030,900
2026-07-01T20:00:00+00:00,0.238790,900
2026-07-01T20:15:00+00:00,0.204140,900
2026-07-01T20:30:00+00:00,0.182400,900
2026-07-01T20:45:00+00:00,0.170190,900
2026-07-01T21:00:00+00:00,0.183230,900
2026-07-01T21:15:00+00:00,0.168370,900
2026-07-01T21:30:00+00:00,0.145710,900
2026-07-01T21:45:00+00:00,0.132320,900
2026-07-01T22:00:00+00:00,0.163170,900
2026-07-01T22:15:00+00:00,0.159440,900
2026-07-01T22:30:00+00:00,0.160400,900
2026-07-01T22:45:00+00:00,0.150200,900
2026-07-01T23:00:00+00:00,0.163460,900
2026-07-01T23:15:00+00:00,0.142940,900
2026-07-01T23:30:00+00:00,0.131720,900
2026-07-01T23:45:00+00:00,0.130220,900
2026-07-02T00:00:00+00:00,0.140000,900
2026-07-02T00:15:00+00:00,0.133660,900
2026-07-02T00:30:00+00:00,0.133220,900
2026-07-02T00:45:00+00:00,0.126400,900
2026-07-02T01:00:00+00:00,0.122240,900
2026-07-02T01:15:00+00:00,0.119640,900
2026-07-02T01:30:00+00:00,0.115920,900
2026-07-02T01:45:00+00:00,0.109160,900
2026-07-02T02:00:00+00:00,0.109950,900
2026-07-02T02:15:00+00:00,0.112070,900
2026-07-02T02:30:00+00:00,0.106820,900
2026-07-02T02:45:00+00:00,0.106410,900
2026-07-02T03:00:00+00:00,0.110150,900
2026-07-02T03:15:00+00:00,0.110490,900
2026-07-02T03:30:00+00:00,0.109160,900
2026-07-02T03:45:00+00:00,0.111610,900
2026-07-02T04:00:00+00:00,0.125280,900
2026-07-02T04:15:00+00:00,0.119520,900
2026-07-02T04:30:00+00:00,0.113270,900
2026-07-02T04:45:00+00:00,0.107080,900
2026-07-02T05:00:00+00:00,0.127390,900
2026-07-02T05:15:00+00:00,0.116850,900
2026-07-02T05:30:00+00:00,0.106290,900
2026-07-02T05:45:00+00:00,0.090980,900
2026-07-02T06:00:00+00:00,0.116000,900
2026-07-02T06:15:00+00:00,0.100960,900
2026-07-02T06:30:00+00:00,0.086320,900
2026-07-02T06:45:00+00:00,0.041470,900
2026-07-02T07:00:00+00:00,0.080530,900
2026-07-02T07:15:00+00:00,0.061110,900
2026-07-02T07:30:00+00:00,0.023940,900
2026-07-02T07:45:00+00:00,0.000520,900
2026-07-02T08:00:00+00:00,0.017300,900
2026-07-02T08:15:00+00:00,0.004900,900
2026-07-02T08:30:00+00:00,0.000640,900
2026-07-02T08:45:00+00:00,0.001040,900
2026-07-02T09:00:00+00:00,0.002060,900
2026-07-02T09:15:00+00:00,0.004480,900
2026-07-02T09:30:00+00:00,0.008480,900
2026-07-02T09:45:00+00:00,0.009670,900
2026-07-02T10:00:00+00:00,0.002930,900
2026-07-02T10:15:00+00:00,0.007630,900
2026-07-02T10:30:00+00:00,0.007710,900
2026-07-02T10:45:00+00:00,0.006800,900
2026-07-02T11:00:00+00:00,0.007080,900
2026-07-02T11:15:00+00:00,0.007310,900
2026-07-02T11:30:00+00:00,0.005410,900
2026-07-02T11:45:00+00:00,0.005400,900
2026-07-02T12:00:00+00:00,0.002090,900
2026-07-02T12:15:00+00:00,0.002040,900
2026-07-02T12:30:00+00:00,0.002550,900
2026-07-02T12:45:00+00:00,0.002240,900
2026-07-02T13:00:00+00:00,-0.000010,900
2026-07-02T13:15:00+00:00,-0.000570,900
2026-07-02T13:30:00+00:00,-0.000340,900
2026-07-02T13:45:00+00:00,0.000000,900
2026-07-02T14:00:00+00:00,0.000160,900
2026-07-02T14:15:00+00:00,0.000440,900
2026-07-02T14:30:00+00:00,0.001640,900
2026-07-02T14:45:00+00:00,0.001710,900
2026-07-02T15:00:00+00:00,0.002650,900
2026-07-02T15:15:00+00:00,0.001530,900
2026-07-02T15:30:00+00:00,0.002930,900
2026-07-02T15:45:00+00:00,0.012900,900
2026-07-02T16:00:00+00:00,0.016920,900
2026-07-02T16:15:00+00:00,0.027950,900
2026-07-02T16:30:00+00:00,0.068530,900
2026-07-02T16:45:00+00:00,0.088940,900
2026-07-02T17:00:00+00:00,0.067220,900
2026-07-02T17:15:00+00:00,0.088590,900
2026-07-02T17:30:00+00:00,0.096220,900
2026-07-02T17:45:00+00:00,0.114810,900
2026-07-02T18:00:00+00:00,0.093510,900
2026-07-02T18:15:00+00:00,0.109000,900
2026-07-02T18:30:00+00:00,0.127290,900
2026-07-02T18:45:00+00:00,0.142610,900
2026-07-02T19:00:00+00:00,0.114080,900
2026-07-02T19:15:00+00:00,0.121490,900
2026-07-02T19:30:00+00:00,0.139990,900
2026-07-02T19:45:00+00:00,0.146730,900
2026-07-02T20:00:00+00:00,0.144800,900
2026-07-02T20:15:00+00:00,0.144540,900
2026-07-02T20:30:00+00:00,0.147900,900
2026-07-02T20:45:00+00:00,0.129400,900
2026-07-02T21:00:00+00:00,0.141230,900
2026-07-02T21:15:00+00:00,0.124650,900
2026-07-02T21:30:00+00:00,0.135180,900
2026-07-02T21:45:00+00:00,0.126730,900
2026-07-02T22:00:00+00:00,0.144700,900
2026-07-02T22:15:00+00:00,0.127280,900
2026-07-02T22:30:00+00:00,0.107100,900
2026-07-02T22:45:00+00:00,0.100100,900
2026-07-02T23:00:00+00:00,0.133500,900
2026-07-02T23:15:00+00:00,0.117280,900
2026-07-02T23:30:00+00:00,0.100390,900
2026-07-02T23:45:00+00:00,0.094970,900
2026-07-03T00:00:00+00:00,0.103300,900
2026-07-03T00:15:00+00:00,0.109350,900
2026-07-03T00:30:00+00:00,0.107800,900
2026-07-03T00:45:00+00:00,0.105230,900
2026-07-03T01:00:00+00:00,0.104710,900
2026-07-03T01:15:00+00:00,0.101970,900
2026-07-03T01:30:00+00:00,0.098240,900
2026-07-03T01:45:00+00:00,0.093070,900
2026-07-03T02:00:00+00:00,0.101980,900
2026-07-03T02:15:00+00:00,0.098840,900
2026-07-03T02:30:00+00:00,0.093950,900
2026-07-03T02:45:00+00:00,0.095880,900
2026-07-03T03:00:00+00:00,0.094770,900
2026-07-03T03:15:00+00:00,0.094420,900
2026-07-03T03:30:00+00:00,0.096800,900
2026-07-03T03:45:00+00:00,0.099950,900
2026-07-03T04:00:00+00:00,0.109740,900
2026-07-03T04:15:00+00:00,0.113800,900
2026-07-03T04:30:00+00:00,0.111700,900
2026-07-03T04:45:00+00:00,0.109790,900
2026-07-03T05:00:00+00:00,0.131260,900
2026-07-03T05:15:00+00:00,0.117400,900
2026-07-03T05:30:00+00:00,0.106640,900
2026-07-03T05:45:00+00:00,0.088020,900
2026-07-03T06:00:00+00:00,0.191090,900
2026-07-03T06:15:00+00:00,0.103410,900
2026-07-03T06:30:00+00:00,0.076820,900
2026-07-03T06:45:00+00:00,0.052880,900
2026-07-03T07:00:00+00:00,0.072320,900
2026-07-03T07:15:00+00:00,0.049950,900
2026-07-03T07:30:00+00:00,0.018520,900
2026-07-03T07:45:00+00:00,0.000490,900
2026-07-03T08:00:00+00:00,0.000550,900
2026-07-03T08:15:00+00:00,0.000390,900
2026-07-03T08:30:00+00:00,0.000360,900
2026-07-03T08:45:00+00:00,0.000000,900
2026-07-03T09:00:00+00:00,-0.000010,900
2026-07-03T09:15:00+00:00,-0.000420,900
2026-07-03T09:30:00+00:00,-0.000550,900
2026-07-03T09:45:00+00:00,-0.001140,900
2026-07-03T10:00:00+00:00,-0.001280,900
2026-07-03T10:15:00+00:00,-0.001470,900
2026-07-03T10:30:00+00:00,-0.001440,900
2026-07-03T10:45:00+00:00,-0.001570,900
2026-07-03T11:00:00+00:00,-0.002050,900
2026-07-03T11:15:00+00:00,-0.002410,900
2026-07-03T11:30:00+00:00,-0.003000,900
2026-07-03T11:45:00+00:00,-0.004000,900
2026-07-03T12:00:00+00:00,-0.003740,900
2026-07-03T12:15:00+00:00,-0.003960,900
2026-07-03T12:30:00+00:00,-0.003660,900
2026-07-03T12:45:00+00:00,-0.004030,900
2026-07-03T13:00:00+00:00,-0.003500,900
2026-07-03T13:15:00+00:00,-0.003550,900
2026-07-03T13:30:00+00:00,-0.001440,900
2026-07-03T13:45:00+00:00,-0.002440,900
2026-07-03T14:00:00+00:00,-0.000810,900
2026-07-03T14:15:00+00:00,-0.001470,900
2026-07-03T14:30:00+00:00,-0.000010,900
2026-07-03T14:45:00+00:00,0.000730,900
2026-07-03T15:00:00+00:00,0.000760,900
2026-07-03T15:15:00+00:00,0.002700,900
2026-07-03T15:30:00+00:00,0.006400,900
2026-07-03T15:45:00+00:00,0.009900,900
2026-07-03T16:00:00+00:00,0.002450,900
2026-07-03T16:15:00+00:00,0.023420,900
2026-07-03T16:30:00+00:00,0.070100,900
2026-07-03T16:45:00+00:00,0.092050,900
2026-07-03T17:00:00+00:00,0.077000,900
2026-07-03T17:15:00+00:00,0.107400,900
2026-07-03T17:30:00+00:00,0.122310,900
2026-07-03T17:45:00+00:00,0.130270,900
2026-07-03T18:00:00+00:00,0.112150,900
2026-07-03T18:15:00+00:00,0.119910,900
2026-07-03T18:30:00+00:00,0.128930,900
2026-07-03T18:45:00+00:00,0.152500,900
2026-07-03T19:00:00+00:00,0.127550,900
2026-07-03T19:15:00+00:00,0.135440,900
2026-07-03T19:30:00+00:00,0.139350,900
2026-07-03T19:45:00+00:00,0.142200,900
2026-07-03T20:00:00+00:00,0.143400,900
2026-07-03T20:15:00+00:00,0.139430,900
2026-07-03T20:30:00+00:00,0.136280,900
2026-07-03T20:45:00+00:00,0.131270,900
2026-07-03T21:00:00+00:00,0.133440,900
2026-07-03T21:15:00+00:00,0.129360,900
2026-07-03T21:30:00+00:00,0.128320,900
2026-07-03T21:45:00+00:00,0.120470,900
2026-07-03T22:00:00+00:00,0.142500,900
2026-07-03T22:15:00+00:00,0.129610,900
2026-07-03T22:30:00+00:00,0.123980,900
2026-07-03T22:45:00+00:00,0.114970,900
2026-07-03T23:00:00+00:00,0.129580,900
2026-07-03T23:15:00+00:00,0.119750,900
2026-07-03T23:30:00+00:00,0.116500,900
2026-07-03T23:45:00+00:00,0.114870,900
2026-07-04T00:00:00+00:00,0.115850,900
2026-07-04T00:15:00+00:00,0.114320,900
2026-07-04T00:30:00+00:00,0.114290,900
2026-07-04T00:45:00+00:00,0.112710,900
2026-07-04T01:00:00+00:00,0.114370,900
2026-07-04T01:15:00+00:00,0.111770,900
2026-07-04T01:30:00+00:00,0.107400,900
2026-07-04T01:45:00+00:00,0.104990,900
2026-07-04T02:00:00+00:00,0.102420,900
2026-07-04T02:15:00+00:00,0.104070,900
2026-07-04T02:30:00+00:00,0.101010,900
2026-07-04T02:45:00+00:00,0.101710,900
2026-07-04T03:00:00+00:00,0.101000,900
2026-07-04T03:15:00+00:00,0.101680,900
2026-07-04T03:30:00+00:00,0.097010,900
2026-07-04T03:45:00+00:00,0.090970,900
2026-07-04T04:00:00+00:00,0.102450,900
2026-07-04T04:15:00+00:00,0.098000,900
2026-07-04T04:30:00+00:00,0.087730,900
2026-07-04T04:45:00+00:00,0.073020,900
2026-07-04T05:00:00+00:00,0.098030,900
2026-07-04T05:15:00+00:00,0.077620,900
2026-07-04T05:30:00+00:00,0.058720,900
2026-07-04T05:45:00+00:00,0.044760,900
2026-07-04T06:00:00+00:00,0.061820,900
2026-07-04T06:15:00+00:00,0.032530,900
2026-07-04T06:30:00+00:00,0.013890,900
2026-07-04T06:45:00+00:00,0.004480,900
2026-07-04T07:00:00+00:00,0.003600,900
2026-07-04T07:15:00+00:00,0.000050,900
2026-07-04T07:30:00+00:00,0.000000,900
2026-07-04T07:45:00+00:00,0.000000,900
2026-07-04T08:00:00+00:00,0.000000,900
2026-07-04T08:15:00+00:00,0.000000,900
2026-07-04T08:30:00+00:00,-0.000010,900
2026-07-04T08:45:00+00:00,-0.000040,900
2026-07-04T09:00:00+00:00,-0.000110,900
2026-07-04T09:15:00+00:00,-0.000120,900
2026-07-04T09:30:00+00:00,-0.000930,900
2026-07-04T09:45:00+00:00,-0.001790,900
2026-07-04T10:00:00+00:00,-0.001510,900
2026-07-04T10:15:00+00:00,-0.002160,900
2026-07-04T10:30:00+00:00,-0.003150,900
2026-07-04T10:45:00+00:00,-0.004590,900
2026-07-04T11:00:00+00:00,-0.005910,900
2026-07-04T11:15:00+00:00,-0.007300,900
2026-07-04T11:30:00+00:00,-0.008000,900
2026-07-04T11:45:00+00:00,-0.009230,900
2026-07-04T12:00:00+00:00,-0.010950,900
2026-07-04T12:15:00+00:00,-0.010020,900
2026-07-04T12:30:00+00:00,-0.009260,900
2026-07-04T12:45:00+00:00,-0.008000,900
2026-07-04T13:00:00+00:00,-0.005570,900
2026-07-04T13:15:00+00:00,-0.004640,900
2026-07-04T13:30:00+00:00,-0.003430,900
2026-07-04T13:45:00+00:00,-0.002230,900
2026-07-04T14:00:00+00:00,-0.000940,900
2026-07-04T14:15:00+00:00,-0.000130,900
2026-07-04T14:30:00+00:00,-0.000110,900
2026-07-04T14:45:00+00:00,-0.000010,900
2026-07-04T15:00:00+00:00,0.000000,900
2026-07-04T15:15:00+00:00,0.000220,900
2026-07-04T15:30:00+00:00,0.001160,900
2026-07-04T15:45:00+00:00,0.016640,900
2026-07-04T16:00:00+00:00,0.010680,900
2026-07-04T16:15:00+00:00,0.044260,900
2026-07-04T16:30:00+00:00,0.067210,900
2026-07-04T16:45:00+00:00,0.085900,900
2026-07-04T17:00:00+00:00,0.077370,900
2026-07-04T17:15:00+00:00,0.093380,900
2026-07-04T17:30:00+00:00,0.115030,900
2026-07-04T17:45:00+00:00,0.123980,900
2026-07-04T18:00:00+00:00,0.110610,900
2026-07-04T18:15:00+00:00,0.117410,900
2026-07-04T18:30:00+00:00,0.125540,900
2026-07-04T18:45:00+00:00,0.137380,900
2026-07-04T19:00:00+00:00,0.127970,900
2026-07-04T19:15:00+00:00,0.129860,900
2026-07-04T19:30:00+00:00,0.133490,900
2026-07-04T19:45:00+00:00,0.131170,900
2026-07-04T20:00:00+00:00,0.138250,900
2026-07-04T20:15:00+00:00,0.129410,900
2026-07-04T20:30:00+00:00,0.129200,900
2026-07-04T20:45:00+00:00,0.119080,900
2026-07-04T21:00:00+00:00,0.131410,900
2026-07-04T21:15:00+00:00,0.120100,900
2026-07-04T21:30:00+00:00,0.117460,900
2026-07-04T21:45:00+00:00,0.119950,900
2026-07-04T22:00:00+00:00,0.144910,900
2026-07-04T22:15:00+00:00,0.141130,900
2026-07-04T22:30:00+00:00,0.125560,900
2026-07-04T22:45:00+00:00,0.114040,900
2026-07-04T23:00:00+00:00,0.138900,900
2026-07-04T23:15:00+00:00,0.117210,900
2026-07-04T23:30:00+00:00,0.110850,900
2026-07-04T23:45:00+00:00,0.101630,900
2026-07-05T00:00:00+00:00,0.116860,900
2026-07-05T00:15:00+00:00,0.124320,900
2026-07-05T00:30:00+00:00,0.115540,900
2026-07-05T00:45:00+00:00,0.103330,900
2026-07-05T01:00:00+00:00,0.114550,900
2026-07-05T01:15:00+00:00,0.108380,900
2026-07-05T01:30:00+00:00,0.106000,900
2026-07-05T01:45:00+00:00,0.096670,900
2026-07-05T02:00:00+00:00,0.106060,900
2026-07-05T02:15:00+00:00,0.101910,900
2026-07-05T02:30:00+00:00,0.101640,900
2026-07-05T02:45:00+00:00,0.101730,900
2026-07-05T03:00:00+00:00,0.102520,900
2026-07-05T03:15:00+00:00,0.102950,900
2026-07-05T03:30:00+00:00,0.098470,900
2026-07-05T03:45:00+00:00,0.090100,900
2026-07-05T04:00:00+00:00,0.108910,900
2026-07-05T04:15:00+00:00,0.094510,900
2026-07-05T04:30:00+00:00,0.080000,900
2026-07-05T04:45:00+00:00,0.065020,900
2026-07-05T05:00:00+00:00,0.092730,900
2026-07-05T05:15:00+00:00,0.065750,900
2026-07-05T05:30:00+00:00,0.040020,900
2026-07-05T05:45:00+00:00,0.029580,900
2026-07-05T06:00:00+00:00,0.043580,900
2026-07-05T06:15:00+00:00,0.023150,900
2026-07-05T06:30:00+00:00,0.010130,900
2026-07-05T06:45:00+00:00,0.005910,900
2026-07-05T07:00:00+00:00,0.005990,900
2026-07-05T07:15:00+00:00,0.001770,900
2026-07-05T07:30:00+00:00,0.000030,900
2026-07-05T07:45:00+00:00,0.000010,900
2026-07-05T08:00:00+00:00,0.000000,900
2026-07-05T08:15:00+00:00,0.000000,900
2026-07-05T08:30:00+00:00,0.000020,900
2026-07-05T08:45:00+00:00,0.000010,900
2026-07-05T09:00:00+00:00,0.000000,900
2026-07-05T09:15:00+00:00,0.000010,900
2026-07-05T09:30:00+00:00,0.000000,900
2026-07-05T09:45:00+00:00,-0.000010,900
2026-07-05T10:00:00+00:00,-0.000080,900
2026-07-05T10:15:00+00:00,-0.000090,900
2026-07-05T10:30:00+00:00,-0.000110,900
2026-07-05T10:45:00+00:00,-0.000120,900
2026-07-05T11:00:00+00:00,-0.000160,900
2026-07-05T11:15:00+00:00,-0.000210,900
2026-07-05T11:30:00+00:00,-0.000970,900
2026-07-05T11:45:00+00:00,-0.001040,900
2026-07-05T12:00:00+00:00,-0.001270,900
2026-07-05T12:15:00+00:00,-0.001160,900
2026-07-05T12:30:00+00:00,-0.001060,900
2026-07-05T12:45:00+00:00,-0.001010,900
2026-07-05T13:00:00+00:00,-0.000990,900
2026-07-05T13:15:00+00:00,-0.001020,900
2026-07-05T13:30:00+00:00,-0.000980,900
2026-07-05T13:45:00+00:00,-0.000970,900
2026-07-05T14:00:00+00:00,-0.000060,900
2026-07-05T14:15:00+00:00,-0.000060,900
2026-07-05T14:30:00+00:00,-0.000010,900
2026-07-05T14:45:00+00:00,0.000700,900
2026-07-05T15:00:00+00:00,0.000000,900
2026-07-05T15:15:00+00:00,0.000950,900
2026-07-05T15:30:00+00:00,0.013070,900
2026-07-05T15:45:00+00:00,0.032400,900
2026-07-05T16:00:00+00:00,0.033670,900
2026-07-05T16:15:00+00:00,0.062900,900
2026-07-05T16:30:00+00:00,0.106620,900
2026-07-05T16:45:00+00:00,0.133880,900
2026-07-05T17:00:00+00:00,0.083650,900
2026-07-05T17:15:00+00:00,0.119310,900
2026-07-05T17:30:00+00:00,0.143510,900
2026-07-05T17:45:00+00:00,0.147650,900
2026-07-05T18:00:00+00:00,0.126180,900
2026-07-05T18:15:00+00:00,0.126610,900
2026-07-05T18:30:00+00:00,0.138410,900
2026-07-05T18:45:00+00:00,0.150020,900
2026-07-05T19:00:00+00:00,0.130870,900
2026-07-05T19:15:00+00:00,0.134320,900
2026-07-05T19:30:00+00:00,0.145040,900
2026-07-05T19:45:00+00:00,0.164000,900
2026-07-05T20:00:00+00:00,0.148680,900
2026-07-05T20:15:00+00:00,0.154730,900
2026-07-05T20:30:00+00:00,0.140100,900
2026-07-05T20:45:00+00:00,0.142220,900
2026-07-05T21:00:00+00:00,0.135910,900
2026-07-05T21:15:00+00:00,0.128690,900
2026-07-05T21:30:00+00:00,0.135150,900
2026-07-05T21:45:00+00:00,0.127510,900
2026-07-05T22:00:00+00:00,0.151910,900
2026-07-05T22:15:00+00:00,0.151860,900
2026-07-05T22:30:00+00:00,0.135800,900
2026-07-05T22:45:00+00:00,0.124820,900
2026-07-05T23:00:00+00:00,0.131270,900
2026-07-05T23:15:00+00:00,0.126350,900
2026-07-05T23:30:00+00:00,0.124100,900
2026-07-05T23:45:00+00:00,0.120680,900
2026-07-06T00:00:00+00:00,0.125220,900
2026-07-06T00:15:00+00:00,0.118810,900
2026-07-06T00:30:00+00:00,0.116790,900
2026-07-06T00:45:00+00:00,0.112300,900
2026-07-06T01:00:00+00:00,0.113560,900
2026-07-06T01:15:00+00:00,0.112150,900
2026-07-06T01:30:00+00:00,0.113610,900
2026-07-06T01:45:00+00:00,0.113660,900
2026-07-06T02:00:00+00:00,0.111800,900
2026-07-06T02:15:00+00:00,0.112130,900
2026-07-06T02:30:00+00:00,0.114190,900
2026-07-06T02:45:00+00:00,0.115050,900
2026-07-06T03:00:00+00:00,0.114380,900
2026-07-06T03:15:00+00:00,0.115590,900
2026-07-06T03:30:00+00:00,0.119430,900
2026-07-06T03:45:00+00:00,0.130190,900
2026-07-06T04:00:00+00:00,0.128060,900
2026-07-06T04:15:00+00:00,0.138470,900
2026-07-06T04:30:00+00:00,0.138730,900
2026-07-06T04:45:00+00:00,0.136630,900
2026-07-06T05:00:00+00:00,0.155690,900
2026-07-06T05:15:00+00:00,0.151150,900
2026-07-06T05:30:00+00:00,0.139150,900
2026-07-06T05:45:00+00:00,0.155150,900
2026-07-06T06:00:00+00:00,0.164960,900
2026-07-06T06:15:00+00:00,0.143720,900
2026-07-06T06:30:00+00:00,0.138850,900
2026-07-06T06:45:00+00:00,0.132300,900
2026-07-06T07:00:00+00:00,0.135930,900
2026-07-06T07:15:00+00:00,0.128570,900
2026-07-06T07:30:00+00:00,0.116360,900
2026-07-06T07:45:00+00:00,0.104800,900
2026-07-06T08:00:00+00:00,0.136610,900
2026-07-06T08:15:00+00:00,0.110410,900
2026-07-06T08:30:00+00:00,0.095180,900
2026-07-06T08:45:00+00:00,0.082690,900
2026-07-06T09:00:00+00:00,0.106050,900
2026-07-06T09:15:00+00:00,0.093450,900
2026-07-06T09:30:00+00:00,0.064800,900
2026-07-06T09:45:00+00:00,0.064660,900
2026-07-06T10:00:00+00:00,0.066790,900
2026-07-06T10:15:00+00:00,0.045430,900
2026-07-06T10:30:00+00:00,0.037110,900
2026-07-06T10:45:00+00:00,0.025520,900
2026-07-06T11:00:00+00:00,0.039280,900
2026-07-06T11:15:00+00:00,0.025020,900
2026-07-06T11:30:00+00:00,0.014160,900
2026-07-06T11:45:00+00:00,0.003880,900
2026-07-06T12:00:00+00:00,0.019260,900
2026-07-06T12:15:00+00:00,0.010470,900
2026-07-06T12:30:00+00:00,0.009480,900
2026-07-06T12:45:00+00:00,0.002030,900
2026-07-06T13:00:00+00:00,0.004640,900
2026-07-06T13:15:00+00:00,0.003460,900
2026-07-06T13:30:00+00:00,0.005920,900
2026-07-06T13:45:00+00:00,0.012590,900
2026-07-06T14:00:00+00:00,0.004720,900
2026-07-06T14:15:00+00:00,0.018200,900
2026-07-06T14:30:00+00:00,0.037720,900
2026-07-06T14:45:00+00:00,0.056710,900
2026-07-06T15:00:00+00:00,0.034680,900
2026-07-06T15:15:00+00:00,0.073730,900
2026-07-06T15:30:00+00:00,0.086900,900
2026-07-06T15:45:00+00:00,0.102700,900
2026-07-06T16:00:00+00:00,0.083730,900
2026-07-06T16:15:00+00:00,0.100010,900
2026-07-06T16:30:00+00:00,0.118260,900
2026-07-06T16:45:00+00:00,0.123670,900
2026-07-06T17:00:00+00:00,0.105740,900
2026-07-06T17:15:00+00:00,0.112810,900
2026-07-06T17:30:00+00:00,0.126680,900
2026-07-06T17:45:00+00:00,0.136220,900
2026-07-06T18:00:00+00:00,0.125090,900
2026-07-06T18:15:00+00:00,0.136270,900
2026-07-06T18:30:00+00:00,0.142430,900
2026-07-06T18:45:00+00:00,0.156800,900
2026-07-06T19:00:00+00:00,0.155240,900
2026-07-06T19:15:00+00:00,0.159980,900
2026-07-06T19:30:00+00:00,0.157590,900
2026-07-06T19:45:00+00:00,0.147460,900
2026-07-06T20:00:00+00:00,0.156990,900
2026-07-06T20:15:00+00:00,0.146820,900
2026-07-06T20:30:00+00:00,0.155150,900
2026-07-06T20:45:00+00:00,0.146090,900
2026-07-06T21:00:00+00:00,0.150000,900
2026-07-06T21:15:00+00:00,0.139270,900
2026-07-06T21:30:00+00:00,0.135410,900
2026-07-06T21:45:00+00:00,0.131150,900
2026-07-06T22:00:00+00:00,0.131570,900
2026-07-06T22:15:00+00:00,0.129420,900
2026-07-06T22:30:00+00:00,0.116670,900
2026-07-06T22:45:00+00:00,0.111910,900
2026-07-06T23:00:00+00:00,0.124100,900
2026-07-06T23:15:00+00:00,0.115150,900
2026-07-06T23:30:00+00:00,0.113960,900
2026-07-06T23:45:00+00:00,0.110670,900
2026-07-07T00:00:00+00:00,0.114380,900
2026-07-07T00:15:00+00:00,0.109990,900
2026-07-07T00:30:00+00:00,0.106480,900
2026-07-07T00:45:00+00:00,0.110510,900
2026-07-07T01:00:00+00:00,0.104570,900
2026-07-07T01:15:00+00:00,0.102210,900
2026-07-07T01:30:00+00:00,0.104930,900
2026-07-07T01:45:00+00:00,0.106970,900
2026-07-07T02:00:00+00:00,0.099370,900
2026-07-07T02:15:00+00:00,0.102090,900
2026-07-07T02:30:00+00:00,0.105240,900
2026-07-07T02:45:00+00:00,0.106270,900
2026-07-07T03:00:00+00:00,0.107760,900
2026-07-07T03:15:00+00:00,0.106350,900
2026-07-07T03:30:00+00:00,0.107420,900
2026-07-07T03:45:00+00:00,0.112340,900
2026-07-07T04:00:00+00:00,0.121800,900
2026-07-07T04:15:00+00:00,0.125140,900
2026-07-07T04:30:00+00:00,0.122710,900
2026-07-07T04:45:00+00:00,0.121280,900
2026-07-07T05:00:00+00:00,0.130030,900
2026-07-07T05:15:00+00:00,0.125360,900
2026-07-07T05:30:00+00:00,0.118470,900
2026-07-07T05:45:00+00:00,0.116660,900
2026-07-07T06:00:00+00:00,0.129070,900
2026-07-07T06:15:00+00:00,0.114450,900
2026-07-07T06:30:00+00:00,0.115220,900
2026-07-07T06:45:00+00:00,0.112870,900
2026-07-07T07:00:00+00:00,0.121940,900
2026-07-07T07:15:00+00:00,0.111220,900
2026-07-07T07:30:00+00:00,0.112930,900
2026-07-07T07:45:00+00:00,0.078150,900
2026-07-07T08:00:00+00:00,0.102810,900
2026-07-07T08:15:00+00:00,0.073470,900
2026-07-07T08:30:00+00:00,0.046970,900
2026-07-07T08:45:00+00:00,0.007250,900
2026-07-07T09:00:00+00:00,0.028180,900
2026-07-07T09:15:00+00:00,0.003820,900
2026-07-07T09:30:00+00:00,0.001130,900
2026-07-07T09:45:00+00:00,0.001120,900
2026-07-07T10:00:00+00:00,0.001960,900
2026-07-07T10:15:00+00:00,0.001350,900
2026-07-07T10:30:00+00:00,0.001400,900
2026-07-07T10:45:00+00:00,-0.000010,900
2026-07-07T11:00:00+00:00,0.000000,900
2026-07-07T11:15:00+00:00,-0.001030,900
2026-07-07T11:30:00+00:00,-0.001680,900
2026-07-07T11:45:00+00:00,-0.002440,900
2026-07-07T12:00:00+00:00,-0.002340,900
2026-07-07T12:15:00+00:00,-0.002190,900
2026-07-07T12:30:00+00:00,-0.002040,900
2026-07-07T12:45:00+00:00,-0.002020,900
2026-07-07T13:00:00+00:00,-0.001480,900
2026-07-07T13:15:00+00:00,-0.000010,900
2026-07-07T13:30:00+00:00,0.002010,900
2026-07-07T13:45:00+00:00,0.004840,900
2026-07-07T14:00:00+00:00,0.003050,900
2026-07-07T14:15:00+00:00,0.005450,900
2026-07-07T14:30:00+00:00,0.008290,900
2026-07-07T14:45:00+00:00,0.021100,900
2026-07-07T15:00:00+00:00,0.006620,900
2026-07-07T15:15:00+00:00,0.016600,900
2026-07-07T15:30:00+00:00,0.081590,900
2026-07-07T15:45:00+00:00,0.163080,900
2026-07-07T16:00:00+00:00,0.077780,900
2026-07-07T16:15:00+00:00,0.110100,900
2026-07-07T16:30:00+00:00,0.126850,900
2026-07-07T16:45:00+00:00,0.150720,900
2026-07-07T17:00:00+00:00,0.087930,900
2026-07-07T17:15:00+00:00,0.110000,900
2026-07-07T17:30:00+00:00,0.135270,900
2026-07-07T17:45:00+00:00,0.150480,900
2026-07-07T18:00:00+00:00,0.115230,900
2026-07-07T18:15:00+00:00,0.125640,900
2026-07-07T18:30:00+00:00,0.141850,900
2026-07-07T18:45:00+00:00,0.182970,900
2026-07-07T19:00:00+00:00,0.127580,900
2026-07-07T19:15:00+00:00,0.138730,900
2026-07-07T19:30:00+00:00,0.158960,900
2026-07-07T19:45:00+00:00,0.174470,900
2026-07-07T20:00:00+00:00,0.148250,900
2026-07-07T20:15:00+00:00,0.150900,900
2026-07-07T20:30:00+00:00,0.149750,900
2026-07-07T20:45:00+00:00,0.144860,900
2026-07-07T21:00:00+00:00,0.149340,900
2026-07-07T21:15:00+00:00,0.140100,900
2026-07-07T21:30:00+00:00,0.130770,900
2026-07-07T21:45:00+00:00,0.138100,900
2026-07-07T22:00:00+00:00,0.137630,900
2026-07-07T22:15:00+00:00,0.126480,900
2026-07-07T22:30:00+00:00,0.120660,900
2026-07-07T22:45:00+00:00,0.115620,900
2026-07-07T23:00:00+00:00,0.127010,900
2026-07-07T23:15:00+00:00,0.120230,900
2026-07-07T23:30:00+00:00,0.118560,900
2026-07-07T23:45:00+00:00,0.111680,900
2026-07-08T00:00:00+00:00,0.120560,900
2026-07-08T00:15:00+00:00,0.114480,900
2026-07-08T00:30:00+00:00,0.114080,900
2026-07-08T00:45:00+00:00,0.110510,900
2026-07-08T01:00:00+00:00,0.108760,900
2026-07-08T01:15:00+00:00,0.111670,900
2026-07-08T01:30:00+00:00,0.113550,900
2026-07-08T01:45:00+00:00,0.115840,900
2026-07-08T02:00:00+00:00,0.112400,900
2026-07-08T02:15:00+00:00,0.120500,900
2026-07-08T02:30:00+00:00,0.121150,900
2026-07-08T02:45:00+00:00,0.125960,900
2026-07-08T03:00:00+00:00,0.119880,900
2026-07-08T03:15:00+00:00,0.124010,900
2026-07-08T03:30:00+00:00,0.125760,900
2026-07-08T03:45:00+00:00,0.126350,900
2026-07-08T04:00:00+00:00,0.134220,900
2026-07-08T04:15:00+00:00,0.137290,900
2026-07-08T04:30:00+00:00,0.139640,900
2026-07-08T04:45:00+00:00,0.139060,900
2026-07-08T05:00:00+00:00,0.140710,900
2026-07-08T05:15:00+00:00,0.138660,900
2026-07-08T05:30:00+00:00,0.136230,900
2026-07-08T05:45:00+00:00,0.129790,900
2026-07-08T06:00:00+00:00,0.148880,900
2026-07-08T06:15:00+00:00,0.140710,900
2026-07-08T06:30:00+00:00,0.128890,900
2026-07-08T06:45:00+00:00,0.126440,900
2026-07-08T07:00:00+00:00,0.138280,900
2026-07-08T07:15:00+00:00,0.131830,900
2026-07-08T07:30:00+00:00,0.101830,900
2026-07-08T07:45:00+00:00,0.093720,900
2026-07-08T08:00:00+00:00,0.107660,900
2026-07-08T08:15:00+00:00,0.100320,900
2026-07-08T08:30:00+00:00,0.098570,900
2026-07-08T08:45:00+00:00,0.095300,900
2026-07-08T09:00:00+00:00,0.102510,900
2026-07-08T09:15:00+00:00,0.094180,900
2026-07-08T09:30:00+00:00,0.091960,900
2026-07-08T09:45:00+00:00,0.077390,900
2026-07-08T10:00:00+00:00,0.070170,900
2026-07-08T10:15:00+00:00,0.080100,900
2026-07-08T10:30:00+00:00,0.070040,900
2026-07-08T10:45:00+00:00,0.056920,900
2026-07-08T11:00:00+00:00,0.062710,900
2026-07-08T11:15:00+00:00,0.050400,900
2026-07-08T11:30:00+00:00,0.059300,900
2026-07-08T11:45:00+00:00,0.055230,900
2026-07-08T12:00:00+00:00,0.065900,900
2026-07-08T12:15:00+00:00,0.056890,900
2026-07-08T12:30:00+00:00,0.057300,900
2026-07-08T12:45:00+00:00,0.055910,900
2026-07-08T13:00:00+00:00,0.044030,900
2026-07-08T13:15:00+00:00,0.053020,900
2026-07-08T13:30:00+00:00,0.060080,900
2026-07-08T13:45:00+00:00,0.066470,900
2026-07-08T14:00:00+00:00,0.059150,900
2026-07-08T14:15:00+00:00,0.051090,900
2026-07-08T14:30:00+00:00,0.077130,900
2026-07-08T14:45:00+00:00,0.099560,900
2026-07-08T15:00:00+00:00,0.078760,900
2026-07-08T15:15:00+00:00,0.088180,900
2026-07-08T15:30:00+00:00,0.085900,900
2026-07-08T15:45:00+00:00,0.090190,900
2026-07-08T16:00:00+00:00,0.087720,900
2026-07-08T16:15:00+00:00,0.095990,900
2026-07-08T16:30:00+00:00,0.114320,900
2026-07-08T16:45:00+00:00,0.132810,900
2026-07-08T17:00:00+00:00,0.120160,900
2026-07-08T17:15:00+00:00,0.135440,900
2026-07-08T17:30:00+00:00,0.139440,900
2026-07-08T17:45:00+00:00,0.153710,900
2026-07-08T18:00:00+00:00,0.133660,900
2026-07-08T18:15:00+00:00,0.147820,900
2026-07-08T18:30:00+00:00,0.158860,900
2026-07-08T18:45:00+00:00,0.174840,900
2026-07-08T19:00:00+00:00,0.164780,900
2026-07-08T19:15:00+00:00,0.161070,900
2026-07-08T19:30:00+00:00,0.163170,900
2026-07-08T19:45:00+00:00,0.159730,900
2026-07-08T20:00:00+00:00,0.167110,900
2026-07-08T20:15:00+00:00,0.163150,900
2026-07-08T20:30:00+00:00,0.159660,900
2026-07-08T20:45:00+00:00,0.147100,900
2026-07-08T21:00:00+00:00,0.154210,900
2026-07-08T21:15:00+00:00,0.145520,900
2026-07-08T21:30:00+00:00,0.144530,900
2026-07-08T21:45:00+00:00,0.137900,900
2026-07-08T22:00:00+00:00,0.152040,900
2026-07-08T22:15:00+00:00,0.145000,900
2026-07-08T22:30:00+00:00,0.137090,900
2026-07-08T22:45:00+00:00,0.131510,900
2026-07-08T23:00:00+00:00,0.141660,900
2026-07-08T23:15:00+00:00,0.134280,900
2026-07-08T23:30:00+00:00,0.130980,900
2026-07-08T23:45:00+00:00,0.129240,900
2026-07-09T00:00:00+00:00,0.128530,900
2026-07-09T00:15:00+00:00,0.127560,900
2026-07-09T00:30:00+00:00,0.127060,900
2026-07-09T00:45:00+00:00,0.127850,900
2026-07-09T01:00:00+00:00,0.123440,900
2026-07-09T01:15:00+00:00,0.123410,900
2026-07-09T01:30:00+00:00,0.124610,900
2026-07-09T01:45:00+00:00,0.124950,900
2026-07-09T02:00:00+00:00,0.119420,900
2026-07-09T02:15:00+00:00,0.123370,900
2026-07-09T02:30:00+00:00,0.125940,900
2026-07-09T02:45:00+00:00,0.129330,900
2026-07-09T03:00:00+00:00,0.127790,900
2026-07-09T03:15:00+00:00,0.131660,900
2026-07-09T03:30:00+00:00,0.135000,900
2026-07-09T03:45:00+00:00,0.141300,900
2026-07-09T04:00:00+00:00,0.149160,900
2026-07-09T04:15:00+00:00,0.156510,900
2026-07-09T04:30:00+00:00,0.162550,900
2026-07-09T04:45:00+00:00,0.152530,900
2026-07-09T05:00:00+00:00,0.169870,900
2026-07-09T05:15:00+00:00,0.151650,900
2026-07-09T05:30:00+00:00,0.143060,900
2026-07-09T05:45:00+00:00,0.132170,900
2026-07-09T06:00:00+00:00,0.154080,900
2026-07-09T06:15:00+00:00,0.139930,900
2026-07-09T06:30:00+00:00,0.134850,900
2026-07-09T06:45:00+00:00,0.125620,900
2026-07-09T07:00:00+00:00,0.132560,900
2026-07-09T07:15:00+00:00,0.123240,900
2026-07-09T07:30:00+00:00,0.123480,900
2026-07-09T07:45:00+00:00,0.117340,900
2026-07-09T08:00:00+00:00,0.120640,900
2026-07-09T08:15:00+00:00,0.116100,900
2026-07-09T08:30:00+00:00,0.110490,900
2026-07-09T08:45:00+00:00,0.101990,900
2026-07-09T09:00:00+00:00,0.122830,900
2026-07-09T09:15:00+00:00,0.099600,900
2026-07-09T09:30:00+00:00,0.094540,900
2026-07-09T09:45:00+00:00,0.092990,900
2026-07-09T10:00:00+00:00,0.102270,900
2026-07-09T10:15:00+00:00,0.083360,900
2026-07-09T10:30:00+00:00,0.071430,900
2026-07-09T10:45:00+00:00,0.065960,900
2026-07-09T11:00:00+00:00,0.070790,900
2026-07-09T11:15:00+00:00,0.063340,900
2026-07-09T11:30:00+00:00,0.048280,900
2026-07-09T11:45:00+00:00,0.029550,900
2026-07-09T12:00:00+00:00,0.037540,900
2026-07-09T12:15:00+00:00,0.039770,900
2026-07-09T12:30:00+00:00,0.039100,900
2026-07-09T12:45:00+00:00,0.047950,900
2026-07-09T13:00:00+00:00,0.035390,900
2026-07-09T13:15:00+00:00,0.050100,900
2026-07-09T13:30:00+00:00,0.067270,900
2026-07-09T13:45:00+00:00,0.091530,900
2026-07-09T14:00:00+00:00,0.073290,900
2026-07-09T14:15:00+00:00,0.091390,900
2026-07-09T14:30:00+00:00,0.098990,900
2026-07-09T14:45:00+00:00,0.109400,900
2026-07-09T15:00:00+00:00,0.089720,900
2026-07-09T15:15:00+00:00,0.110090,900
2026-07-09T15:30:00+00:00,0.114440,900
2026-07-09T15:45:00+00:00,0.130180,900
2026-07-09T16:00:00+00:00,0.122730,900
2026-07-09T16:15:00+00:00,0.123580,900
2026-07-09T16:30:00+00:00,0.137310,900
2026-07-09T16:45:00+00:00,0.147830,900
2026-07-09T17:00:00+00:00,0.144060,900
2026-07-09T17:15:00+00:00,0.156640,900
2026-07-09T17:30:00+00:00,0.174120,900
2026-07-09T17:45:00+00:00,0.200920,900
2026-07-09T18:00:00+00:00,0.190970,900
2026-07-09T18:15:00+00:00,0.210860,900
2026-07-09T18:30:00+00:00,0.239060,900
2026-07-09T18:45:00+00:00,0.261080,900
2026-07-09T19:00:00+00:00,0.257590,900
2026-07-09T19:15:00+00:00,0.245490,900
2026-07-09T19:30:00+00:00,0.221810,900
2026-07-09T19:45:00+00:00,0.200100,900
2026-07-09T20:00:00+00:00,0.221020,900
2026-07-09T20:15:00+00:00,0.195240,900
2026-07-09T20:30:00+00:00,0.174800,900
2026-07-09T20:45:00+00:00,0.164710,900
2026-07-09T21:00:00+00:00,0.175620,900
2026-07-09T21:15:00+00:00,0.169910,900
2026-07-09T21:30:00+00:00,0.157230,900
2026-07-09T21:45:00+00:00,0.160100,900
2026-07-09T22:00:00+00:00,0.171310,900
2026-07-09T22:15:00+00:00,0.154650,900
2026-07-09T22:30:00+00:00,0.149740,900
2026-07-09T22:45:00+00:00,0.148190,900
2026-07-09T23:00:00+00:00,0.149610,900
2026-07-09T23:15:00+00:00,0.144160,900
2026-07-09T23:30:00+00:00,0.142300,900
2026-07-09T23:45:00+00:00,0.140340,900
2026-07-10T00:00:00+00:00,0.141980,900
2026-07-10T00:15:00+00:00,0.141160,900
2026-07-10T00:30:00+00:00,0.138370,900
2026-07-10T00:45:00+00:00,0.141910,900
2026-07-10T01:00:00+00:00,0.138550,900
2026-07-10T01:15:00+00:00,0.138430,900
2026-07-10T01:30:00+00:00,0.137700,900
2026-07-10T01:45:00+00:00,0.138930,900
2026-07-10T02:00:00+00:00,0.136940,900
2026-07-10T02:15:00+00:00,0.137090,900
2026-07-10T02:30:00+00:00,0.136860,900
2026-07-10T02:45:00+00:00,0.139500,900
2026-07-10T03:00:00+00:00,0.141890,900
2026-07-10T03:15:00+00:00,0.142160,900
2026-07-10T03:30:00+00:00,0.142440,900
2026-07-10T03:45:00+00:00,0.145960,900
2026-07-10T04:00:00+00:00,0.147300,900
2026-07-10T04:15:00+00:00,0.156450,900
2026-07-10T04:30:00+00:00,0.152310,900
2026-07-10T04:45:00+00:00,0.150080,900
2026-07-10T05:00:00+00:00,0.162520,900
2026-07-10T05:15:00+00:00,0.153350,900
2026-07-10T05:30:00+00:00,0.144960,900
2026-07-10T05:45:00+00:00,0.131920,900
2026-07-10T06:00:00+00:00,0.155020,900
2026-07-10T06:15:00+00:00,0.141880,900
2026-07-10T06:30:00+00:00,0.132320,900
2026-07-10T06:45:00+00:00,0.113410,900
2026-07-10T07:00:00+00:00,0.138600,900
2026-07-10T07:15:00+00:00,0.130900,900
2026-07-10T07:30:00+00:00,0.115470,900
2026-07-10T07:45:00+00:00,0.108770,900
2026-07-10T08:00:00+00:00,0.116580,900
2026-07-10T08:15:00+00:00,0.114200,900
2026-07-10T08:30:00+00:00,0.095240,900
2026-07-10T08:45:00+00:00,0.084390,900
2026-07-10T09:00:00+00:00,0.089700,900
2026-07-10T09:15:00+00:00,0.082550,900
2026-07-10T09:30:00+00:00,0.075000,900
2026-07-10T09:45:00+00:00,0.066610,900
2026-07-10T10:00:00+00:00,0.076690,900
2026-07-10T10:15:00+00:00,0.066610,900
2026-07-10T10:30:00+00:00,0.052740,900
2026-07-10T10:45:00+00:00,0.040010,900
2026-07-10T11:00:00+00:00,0.043440,900
2026-07-10T11:15:00+00:00,0.039000,900
2026-07-10T11:30:00+00:00,0.037000,900
2026-07-10T11:45:00+00:00,0.030000,900
2026-07-10T12:00:00+00:00,0.038900,900
2026-07-10T12:15:00+00:00,0.040000,900
2026-07-10T12:30:00+00:00,0.042910,900
2026-07-10T12:45:00+00:00,0.041990,900
2026-07-10T13:00:00+00:00,0.046230,900
2026-07-10T13:15:00+00:00,0.055830,900
2026-07-10T13:30:00+00:00,0.065810,900
2026-07-10T13:45:00+00:00,0.080530,900
2026-07-10T14:00:00+00:00,0.061200,900
2026-07-10T14:15:00+00:00,0.083110,900
2026-07-10T14:30:00+00:00,0.097100,900
2026-07-10T14:45:00+00:00,0.111000,900
2026-07-10T15:00:00+00:00,0.103640,900
2026-07-10T15:15:00+00:00,0.106720,900
2026-07-10T15:30:00+00:00,0.117760,900
2026-07-10T15:45:00+00:00,0.128860,900
2026-07-10T16:00:00+00:00,0.109280,900
2026-07-10T16:15:00+00:00,0.121080,900
2026-07-10T16:30:00+00:00,0.138910,900
2026-07-10T16:45:00+00:00,0.145390,900
2026-07-10T17:00:00+00:00,0.140950,900
2026-07-10T17:15:00+00:00,0.149540,900
2026-07-10T17:30:00+00:00,0.170740,900
2026-07-10T17:45:00+00:00,0.186350,900
2026-07-10T18:00:00+00:00,0.169180,900
2026-07-10T18:15:00+00:00,0.177110,900
2026-07-10T18:30:00+00:00,0.186970,900
2026-07-10T18:45:00+00:00,0.189200,900
2026-07-10T19:00:00+00:00,0.185140,900
2026-07-10T19:15:00+00:00,0.176860,900
2026-07-10T19:30:00+00:00,0.170000,900
2026-07-10T19:45:00+00:00,0.168560,900
2026-07-10T20:00:00+00:00,0.172700,900
2026-07-10T20:15:00+00:00,0.169160,900
2026-07-10T20:30:00+00:00,0.168550,900
2026-07-10T20:45:00+00:00,0.161590,900
2026-07-10T21:00:00+00:00,0.162260,900
2026-07-10T21:15:00+00:00,0.156320,900
2026-07-10T21:30:00+00:00,0.153370,900
2026-07-10T21:45:00+00:00,0.145900,900
2026-07-10T22:00:00+00:00,0.160310,900
2026-07-10T22:15:00+00:00,0.154020,900
2026-07-10T22:30:00+00:00,0.146500,900
2026-07-10T22:45:00+00:00,0.141810,900
2026-07-10T23:00:00+00:00,0.145620,900
2026-07-10T23:15:00+00:00,0.145000,900
2026-07-10T23:30:00+00:00,0.144980,900
2026-07-10T23:45:00+00:00,0.140410,900
2026-07-11T00:00:00+00:00,0.143470,900
2026-07-11T00:15:00+00:00,0.140710,900
2026-07-11T00:30:00+00:00,0.139230,900
2026-07-11T00:45:00+00:00,0.138360,900
2026-07-11T01:00:00+00:00,0.140690,900
2026-07-11T01:15:00+00:00,0.138950,900
2026-07-11T01:30:00+00:00,0.138080,900
2026-07-11T01:45:00+00:00,0.138010,900
2026-07-11T02:00:00+00:00,0.139540,900
2026-07-11T02:15:00+00:00,0.141770,900
2026-07-11T02:30:00+00:00,0.136570,900
2026-07-11T02:45:00+00:00,0.136680,900
2026-07-11T03:00:00+00:00,0.138710,900
2026-07-11T03:15:00+00:00,0.136700,900
2026-07-11T03:30:00+00:00,0.136430,900
2026-07-11T03:45:00+00:00,0.132930,900
2026-07-11T04:00:00+00:00,0.142130,900
2026-07-11T04:15:00+00:00,0.138980,900
2026-07-11T04:30:00+00:00,0.131600,900
2026-07-11T04:45:00+00:00,0.125180,900
2026-07-11T05:00:00+00:00,0.131740,900
2026-07-11T05:15:00+00:00,0.126980,900
2026-07-11T05:30:00+00:00,0.122420,900
2026-07-11T05:45:00+00:00,0.117690,900
2026-07-11T06:00:00+00:00,0.142160,900
2026-07-11T06:15:00+00:00,0.123950,900
2026-07-11T06:30:00+00:00,0.105580,900
2026-07-11T06:45:00+00:00,0.090490,900
2026-07-11T07:00:00+00:00,0.107070,900
2026-07-11T07:15:00+00:00,0.094450,900
2026-07-11T07:30:00+00:00,0.067220,900
2026-07-11T07:45:00+00:00,0.029410,900
2026-07-11T08:00:00+00:00,0.040000,900
2026-07-11T08:15:00+00:00,0.018090,900
2026-07-11T08:30:00+00:00,0.005180,900
2026-07-11T08:45:00+00:00,0.001080,900
2026-07-11T09:00:00+00:00,0.001000,900
2026-07-11T09:15:00+00:00,0.000290,900
2026-07-11T09:30:00+00:00,0.000020,900
2026-07-11T09:45:00+00:00,0.000000,900
2026-07-11T10:00:00+00:00,0.000000,900
2026-07-11T10:15:00+00:00,0.000000,900
2026-07-11T10:30:00+00:00,-0.000010,900
2026-07-11T10:45:00+00:00,-0.000030,900
2026-07-11T11:00:00+00:00,-0.000150,900
2026-07-11T11:15:00+00:00,-0.001850,900
2026-07-11T11:30:00+00:00,-0.002070,900
2026-07-11T11:45:00+00:00,-0.002320,900
2026-07-11T12:00:00+00:00,-0.002320,900
2026-07-11T12:15:00+00:00,-0.002320,900
2026-07-11T12:30:00+00:00,-0.002300,900
2026-07-11T12:45:00+00:00,-0.002020,900
2026-07-11T13:00:00+00:00,-0.002010,900
2026-07-11T13:15:00+00:00,-0.000950,900
2026-07-11T13:30:00+00:00,-0.000080,900
2026-07-11T13:45:00+00:00,-0.000310,900
2026-07-11T14:00:00+00:00,-0.000010,900
2026-07-11T14:15:00+00:00,0.000270,900
2026-07-11T14:30:00+00:00,0.000440,900
2026-07-11T14:45:00+00:00,0.025230,900
2026-07-11T15:00:00+00:00,0.014580,900
2026-07-11T15:15:00+00:00,0.067130,900
2026-07-11T15:30:00+00:00,0.094750,900
2026-07-11T15:45:00+00:00,0.123630,900
2026-07-11T16:00:00+00:00,0.098020,900
2026-07-11T16:15:00+00:00,0.113680,900
2026-07-11T16:30:00+00:00,0.131180,900
2026-07-11T16:45:00+00:00,0.140070,900
2026-07-11T17:00:00+00:00,0.130170,900
2026-07-11T17:15:00+00:00,0.141020,900
2026-07-11T17:30:00+00:00,0.144140,900
2026-07-11T17:45:00+00:00,0.148740,900
2026-07-11T18:00:00+00:00,0.148180,900
2026-07-11T18:15:00+00:00,0.151270,900
2026-07-11T18:30:00+00:00,0.153140,900
2026-07-11T18:45:00+00:00,0.154470,900
2026-07-11T19:00:00+00:00,0.155980,900
2026-07-11T19:15:00+00:00,0.154630,900
2026-07-11T19:30:00+00:00,0.157950,900
2026-07-11T19:45:00+00:00,0.156540,900
2026-07-11T20:00:00+00:00,0.160010,900
2026-07-11T20:15:00+00:00,0.155310,900
2026-07-11T20:30:00+00:00,0.155280,900
2026-07-11T20:45:00+00:00,0.148950,900
2026-07-11T21:00:00+00:00,0.151360,900
2026-07-11T21:15:00+00:00,0.145210,900
2026-07-11T21:30:00+00:00,0.145000,900
2026-07-11T21:45:00+00:00,0.140780,900
2026-07-11T22:00:00+00:00,0.140510,900
2026-07-11T22:15:00+00:00,0.140000,900
2026-07-11T22:30:00+00:00,0.138760,900
2026-07-11T22:45:00+00:00,0.130500,900
2026-07-11T23:00:00+00:00,0.135200,900
2026-07-11T23:15:00+00:00,0.135000,900
2026-07-11T23:30:00+00:00,0.131340,900
2026-07-11T23:45:00+00:00,0.126000,900
2026-07-12T00:00:00+00:00,0.127940,900
2026-07-12T00:15:00+00:00,0.126040,900
2026-07-12T00:30:00+00:00,0.124800,900
2026-07-12T00:45:00+00:00,0.123500,900
2026-07-12T01:00:00+00:00,0.127930,900
2026-07-12T01:15:00+00:00,0.127920,900
2026-07-12T01:30:00+00:00,0.122850,900
2026-07-12T01:45:00+00:00,0.121700,900
2026-07-12T02:00:00+00:00,0.127000,900
2026-07-12T02:15:00+00:00,0.123230,900
2026-07-12T02:30:00+00:00,0.121110,900
2026-07-12T02:45:00+00:00,0.120190,900
2026-07-12T03:00:00+00:00,0.124000,900
2026-07-12T03:15:00+00:00,0.122180,900
2026-07-12T03:30:00+00:00,0.120540,900
2026-07-12T03:45:00+00:00,0.114200,900
2026-07-12T04:00:00+00:00,0.118640,900
2026-07-12T04:15:00+00:00,0.112330,900
2026-07-12T04:30:00+00:00,0.110000,900
2026-07-12T04:45:00+00:00,0.105480,900
2026-07-12T05:00:00+00:00,0.112310,900
2026-07-12T05:15:00+00:00,0.108300,900
2026-07-12T05:30:00+00:00,0.101210,900
2026-07-12T05:45:00+00:00,0.077280,900
2026-07-12T06:00:00+00:00,0.103560,900
2026-07-12T06:15:00+00:00,0.079190,900
2026-07-12T06:30:00+00:00,0.052090,900
2026-07-12T06:45:00+00:00,0.013170,900
2026-07-12T07:00:00+00:00,0.020000,900
2026-07-12T07:15:00+00:00,0.001540,900
2026-07-12T07:30:00+00:00,0.000000,900
2026-07-12T07:45:00+00:00,0.000000,900
2026-07-12T08:00:00+00:00,-0.000010,900
2026-07-12T08:15:00+00:00,-0.000010,900
2026-07-12T08:30:00+00:00,-0.000050,900
2026-07-12T08:45:00+00:00,-0.000110,900
2026-07-12T09:00:00+00:00,-0.002050,900
2026-07-12T09:15:00+00:00,-0.003050,900
2026-07-12T09:30:00+00:00,-0.004110,900
2026-07-12T09:45:00+00:00,-0.007040,900
2026-07-12T10:00:00+00:00,-0.010350,900
2026-07-12T10:15:00+00:00,-0.013200,900
2026-07-12T10:30:00+00:00,-0.017320,900
2026-07-12T10:45:00+00:00,-0.020000,900
2026-07-12T11:00:00+00:00,-0.020390,900
2026-07-12T11:15:00+00:00,-0.021560,900
2026-07-12T11:30:00+00:00,-0.025000,900
2026-07-12T11:45:00+00:00,-0.025100,900
2026-07-12T12:00:00+00:00,-0.022220,900
2026-07-12T12:15:00+00:00,-0.021740,900
2026-07-12T12:30:00+00:00,-0.021250,900
2026-07-12T12:45:00+00:00,-0.020000,900
2026-07-12T13:00:00+00:00,-0.018570,900
2026-07-12T13:15:00+00:00,-0.013200,900
2026-07-12T13:30:00+00:00,-0.009960,900
2026-07-12T13:45:00+00:00,-0.006000,900
2026-07-12T14:00:00+00:00,-0.003040,900
2026-07-12T14:15:00+00:00,-0.002040,900
2026-07-12T14:30:00+00:00,-0.002000,900
2026-07-12T14:45:00+00:00,-0.003690,900
2026-07-12T15:00:00+00:00,-0.001160,900
2026-07-12T15:15:00+00:00,-0.000010,900
2026-07-12T15:30:00+00:00,0.000970,900
2026-07-12T15:45:00+00:00,0.029100,900
2026-07-12T16:00:00+00:00,0.025640,900
2026-07-12T16:15:00+00:00,0.090670,900
2026-07-12T16:30:00+00:00,0.116120,900
2026-07-12T16:45:00+00:00,0.132010,900
2026-07-12T17:00:00+00:00,0.111420,900
2026-07-12T17:15:00+00:00,0.133750,900
2026-07-12T17:30:00+00:00,0.136100,900
2026-07-12T17:45:00+00:00,0.145000,900
2026-07-12T18:00:00+00:00,0.135560,900
2026-07-12T18:15:00+00:00,0.137930,900
2026-07-12T18:30:00+00:00,0.140920,900
2026-07-12T18:45:00+00:00,0.144120,900
2026-07-12T19:00:00+00:00,0.140100,900
2026-07-12T19:15:00+00:00,0.144940,900
2026-07-12T19:30:00+00:00,0.145930,900
2026-07-12T19:45:00+00:00,0.146980,900
2026-07-12T20:00:00+00:00,0.149700,900
2026-07-12T20:15:00+00:00,0.145000,900
2026-07-12T20:30:00+00:00,0.144940,900
2026-07-12T20:45:00+00:00,0.140080,900
2026-07-12T21:00:00+00:00,0.144970,900
2026-07-12T21:15:00+00:00,0.137900,900
2026-07-12T21:30:00+00:00,0.138470,900
2026-07-12T21:45:00+00:00,0.135930,900
2026-07-12T22:00:00+00:00,0.131940,900
2026-07-12T22:15:00+00:00,0.130000,900
2026-07-12T22:30:00+00:00,0.129410,900
2026-07-12T22:45:00+00:00,0.127570,900
2026-07-12T23:00:00+00:00,0.128420,900
2026-07-12T23:15:00+00:00,0.124170,900
2026-07-12T23:30:00+00:00,0.123700,900
2026-07-12T23:45:00+00:00,0.119030,900
2026-07-13T00:00:00+00:00,0.122930,900
2026-07-13T00:15:00+00:00,0.118680,900
2026-07-13T00:30:00+00:00,0.116930,900
2026-07-13T00:45:00+00:00,0.120490,900
2026-07-13T01:00:00+00:00,0.118520,900
2026-07-13T01:15:00+00:00,0.118830,900
2026-07-13T01:30:00+00:00,0.121920,900
2026-07-13T01:45:00+00:00,0.122700,900
2026-07-13T02:00:00+00:00,0.118680,900
2026-07-13T02:15:00+00:00,0.122740,900
2026-07-13T02:30:00+00:00,0.125750,900
2026-07-13T02:45:00+00:00,0.126200,900
2026-07-13T03:00:00+00:00,0.124980,900
2026-07-13T03:15:00+00:00,0.128580,900
2026-07-13T03:30:00+00:00,0.135140,900
2026-07-13T03:45:00+00:00,0.141070,900
2026-07-13T04:00:00+00:00,0.143740,900
2026-07-13T04:15:00+00:00,0.151220,900
2026-07-13T04:30:00+00:00,0.149600,900
2026-07-13T04:45:00+00:00,0.150520,900
2026-07-13T05:00:00+00:00,0.160310,900
2026-07-13T05:15:00+00:00,0.159680,900
2026-07-13T05:30:00+00:00,0.149990,900
2026-07-13T05:45:00+00:00,0.143050,900
2026-07-13T06:00:00+00:00,0.149550,900
2026-07-13T06:15:00+00:00,0.145850,900
2026-07-13T06:30:00+00:00,0.130100,900
2026-07-13T06:45:00+00:00,0.126300,900
2026-07-13T07:00:00+00:00,0.142850,900
2026-07-13T07:15:00+00:00,0.129420,900
2026-07-13T07:30:00+00:00,0.113880,900
2026-07-13T07:45:00+00:00,0.101260,900
2026-07-13T08:00:00+00:00,0.118350,900
2026-07-13T08:15:00+00:00,0.101960,900
2026-07-13T08:30:00+00:00,0.094500,900
2026-07-13T08:45:00+00:00,0.080980,900
2026-07-13T09:00:00+00:00,0.087280,900
2026-07-13T09:15:00+00:00,0.078660,900
2026-07-13T09:30:00+00:00,0.070000,900
2026-07-13T09:45:00+00:00,0.056470,900
2026-07-13T10:00:00+00:00,0.058790,900
2026-07-13T10:15:00+00:00,0.042700,900
2026-07-13T10:30:00+00:00,0.031430,900
2026-07-13T10:45:00+00:00,0.023080,900
2026-07-13T11:00:00+00:00,0.029260,900
2026-07-13T11:15:00+00:00,0.023290,900
2026-07-13T11:30:00+00:00,0.014800,900
2026-07-13T11:45:00+00:00,0.000010,900
2026-07-13T12:00:00+00:00,0.006830,900
2026-07-13T12:15:00+00:00,0.007240,900
2026-07-13T12:30:00+00:00,0.011260,900
2026-07-13T12:45:00+00:00,0.020770,900
2026-07-13T13:00:00+00:00,0.018630,900
2026-07-13T13:15:00+00:00,0.040000,900
2026-07-13T13:30:00+00:00,0.047230,900
2026-07-13T13:45:00+00:00,0.061500,900
2026-07-13T14:00:00+00:00,0.066200,900
2026-07-13T14:15:00+00:00,0.089220,900
2026-07-13T14:30:00+00:00,0.087970,900
2026-07-13T14:45:00+00:00,0.092450,900
2026-07-13T15:00:00+00:00,0.093140,900
2026-07-13T15:15:00+00:00,0.107780,900
2026-07-13T15:30:00+00:00,0.122880,900
2026-07-13T15:45:00+00:00,0.131220,900
2026-07-13T16:00:00+00:00,0.116430,900
2026-07-13T16:15:00+00:00,0.120440,900
2026-07-13T16:30:00+00:00,0.126170,900
2026-07-13T16:45:00+00:00,0.136520,900
2026-07-13T17:00:00+00:00,0.121540,900
2026-07-13T17:15:00+00:00,0.147120,900
2026-07-13T17:30:00+00:00,0.153580,900
2026-07-13T17:45:00+00:00,0.170330,900
2026-07-13T18:00:00+00:00,0.154360,900
2026-07-13T18:15:00+00:00,0.166930,900
2026-07-13T18:30:00+00:00,0.177160,900
2026-07-13T18:45:00+00:00,0.179290,900
2026-07-13T19:00:00+00:00,0.178800,900
2026-07-13T19:15:00+00:00,0.176150,900
2026-07-13T19:30:00+00:00,0.163000,900
2026-07-13T19:45:00+00:00,0.153310,900
2026-07-13T20:00:00+00:00,0.172840,900
2026-07-13T20:15:00+00:00,0.155980,900
2026-07-13T20:30:00+00:00,0.157000,900
2026-07-13T20:45:00+00:00,0.150470,900
2026-07-13T21:00:00+00:00,0.149640,900
2026-07-13T21:15:00+00:00,0.144400,900
2026-07-13T21:30:00+00:00,0.142740,900
2026-07-13T21:45:00+00:00,0.138990,900
2026-07-13T22:00:00+00:00,0.148150,900
2026-07-13T22:15:00+00:00,0.140990,900
2026-07-13T22:30:00+00:00,0.136970,900
2026-07-13T22:45:00+00:00,0.131910,900
2026-07-13T23:00:00+00:00,0.138790,900
2026-07-13T23:15:00+00:00,0.134500,900
2026-07-13T23:30:00+00:00,0.132990,900
2026-07-13T23:45:00+00:00,0.129270,900
2026-07-14T00:00:00+00:00,0.129550,900
2026-07-14T00:15:00+00:00,0.126710,900
2026-07-14T00:30:00+00:00,0.127440,900
2026-07-14T00:45:00+00:00,0.125700,900
2026-07-14T01:00:00+00:00,0.128000,900
2026-07-14T01:15:00+00:00,0.127280,900
2026-07-14T01:30:00+00:00,0.127090,900
2026-07-14T01:45:00+00:00,0.126500,900
2026-07-14T02:00:00+00:00,0.125620,900
2026-07-14T02:15:00+00:00,0.125870,900
2026-07-14T02:30:00+00:00,0.128230,900
2026-07-14T02:45:00+00:00,0.130880,900
2026-07-14T03:00:00+00:00,0.130270,900
2026-07-14T03:15:00+00:00,0.133280,900
2026-07-14T03:30:00+00:00,0.136930,900
2026-07-14T03:45:00+00:00,0.139600,900
2026-07-14T04:00:00+00:00,0.142860,900
2026-07-14T04:15:00+00:00,0.139950,900
2026-07-14T04:30:00+00:00,0.145420,900
2026-07-14T04:45:00+00:00,0.144200,900
2026-07-14T05:00:00+00:00,0.148410,900
2026-07-14T05:15:00+00:00,0.143800,900
2026-07-14T05:30:00+00:00,0.141530,900
2026-07-14T05:45:00+00:00,0.137900,900
2026-07-14T06:00:00+00:00,0.148370,900
2026-07-14T06:15:00+00:00,0.138640,900
2026-07-14T06:30:00+00:00,0.131700,900
2026-07-14T06:45:00+00:00,0.120920,900
2026-07-14T07:00:00+00:00,0.134580,900
2026-07-14T07:15:00+00:00,0.124660,900
2026-07-14T07:30:00+00:00,0.115130,900
2026-07-14T07:45:00+00:00,0.108060,900
2026-07-14T08:00:00+00:00,0.118220,900
2026-07-14T08:15:00+00:00,0.104520,900
2026-07-14T08:30:00+00:00,0.097590,900
2026-07-14T08:45:00+00:00,0.092150,900
2026-07-14T09:00:00+00:00,0.095490,900
2026-07-14T09:15:00+00:00,0.085800,900
2026-07-14T09:30:00+00:00,0.058230,900
2026-07-14T09:45:00+00:00,0.010000,900
2026-07-14T10:00:00+00:00,0.042500,900
2026-07-14T10:15:00+00:00,0.024400,900
2026-07-14T10:30:00+00:00,0.020700,900
2026-07-14T10:45:00+00:00,0.007400,900
2026-07-14T11:00:00+00:00,0.000000,900
2026-07-14T11:15:00+00:00,0.000000,900
2026-07-14T11:30:00+00:00,-0.000010,900
2026-07-14T11:45:00+00:00,-0.000010,900
2026-07-14T12:00:00+00:00,0.000000,900
2026-07-14T12:15:00+00:00,0.000000,900
2026-07-14T12:30:00+00:00,0.000000,900
2026-07-14T12:45:00+00:00,0.000000,900
2026-07-14T13:00:00+00:00,0.005000,900
2026-07-14T13:15:00+00:00,0.018810,900
2026-07-14T13:30:00+00:00,0.025000,900
2026-07-14T13:45:00+00:00,0.040930,900
2026-07-14T14:00:00+00:00,0.052710,900
2026-07-14T14:15:00+00:00,0.067800,900
2026-07-14T14:30:00+00:00,0.084370,900
2026-07-14T14:45:00+00:00,0.080100,900
2026-07-14T15:00:00+00:00,0.094460,900
2026-07-14T15:15:00+00:00,0.094710,900
2026-07-14T15:30:00+00:00,0.100000,900
2026-07-14T15:45:00+00:00,0.109200,900
2026-07-14T16:00:00+00:00,0.120200,900
2026-07-14T16:15:00+00:00,0.104790,900
2026-07-14T16:30:00+00:00,0.102250,900
2026-07-14T16:45:00+00:00,0.115230,900
2026-07-14T17:00:00+00:00,0.117890,900
2026-07-14T17:15:00+00:00,0.135030,900
2026-07-14T17:30:00+00:00,0.157210,900
2026-07-14T17:45:00+00:00,0.160100,900
2026-07-14T18:00:00+00:00,0.126370,900
2026-07-14T18:15:00+00:00,0.154520,900
2026-07-14T18:30:00+00:00,0.176470,900
2026-07-14T18:45:00+00:00,0.182760,900
2026-07-14T19:00:00+00:00,0.174450,900
2026-07-14T19:15:00+00:00,0.174320,900
2026-07-14T19:30:00+00:00,0.174020,900
2026-07-14T19:45:00+00:00,0.171960,900
2026-07-14T20:00:00+00:00,0.178440,900
2026-07-14T20:15:00+00:00,0.170580,900
2026-07-14T20:30:00+00:00,0.167110,900
2026-07-14T20:45:00+00:00,0.158930,900
2026-07-14T21:00:00+00:00,0.158510,900
2026-07-14T21:15:00+00:00,0.153000,900
2026-07-14T21:30:00+00:00,0.150310,900
2026-07-14T21:45:00+00:00,0.144260,900
2026-07-14T22:00:00+00:00,0.158340,900
2026-07-14T22:15:00+00:00,0.154500,900
2026-07-14T22:30:00+00:00,0.148540,900
2026-07-14T22:45:00+00:00,0.142290,900
2026-07-14T23:00:00+00:00,0.150450,900
2026-07-14T23:15:00+00:00,0.145000,900
2026-07-14T23:30:00+00:00,0.142900,900
2026-07-14T23:45:00+00:00,0.139440,900
2026-07-15T00:00:00+00:00,0.141390,900
2026-07-15T00:15:00+00:00,0.138280,900
2026-07-15T00:30:00+00:00,0.138730,900
2026-07-15T00:45:00+00:00,0.134210,900
2026-07-15T01:00:00+00:00,0.136500,900
2026-07-15T01:15:00+00:00,0.124230,900
2026-07-15T01:30:00+00:00,0.135030,900
2026-07-15T01:45:00+00:00,0.131280,900
2026-07-15T02:00:00+00:00,0.136500,900
2026-07-15T02:15:00+00:00,0.134000,900
2026-07-15T02:30:00+00:00,0.132180,900
2026-07-15T02:45:00+00:00,0.136960,900
2026-07-15T03:00:00+00:00,0.127020,900
2026-07-15T03:15:00+00:00,0.138800,900
2026-07-15T03:30:00+00:00,0.147690,900
2026-07-15T03:45:00+00:00,0.154070,900
2026-07-15T04:00:00+00:00,0.144300,900
2026-07-15T04:15:00+00:00,0.155000,900
2026-07-15T04:30:00+00:00,0.154990,900
2026-07-15T04:45:00+00:00,0.152530,900
2026-07-15T05:00:00+00:00,0.162620,900
2026-07-15T05:15:00+00:00,0.163970,900
2026-07-15T05:30:00+00:00,0.164390,900
2026-07-15T05:45:00+00:00,0.159040,900
2026-07-15T06:00:00+00:00,0.167280,900
2026-07-15T06:15:00+00:00,0.159170,900
2026-07-15T06:30:00+00:00,0.152050,900
2026-07-15T06:45:00+00:00,0.139880,900
2026-07-15T07:00:00+00:00,0.149730,900
2026-07-15T07:15:00+00:00,0.139480,900
2026-07-15T07:30:00+00:00,0.130180,900
2026-07-15T07:45:00+00:00,0.120370,900
2026-07-15T08:00:00+00:00,0.118960,900
2026-07-15T08:15:00+00:00,0.105020,900
2026-07-15T08:30:00+00:00,0.101950,900
2026-07-15T08:45:00+00:00,0.098070,900
2026-07-15T09:00:00+00:00,0.089060,900
2026-07-15T09:15:00+00:00,0.090010,900
2026-07-15T09:30:00+00:00,0.093690,900
2026-07-15T09:45:00+00:00,0.064910,900
2026-07-15T10:00:00+00:00,0.067130,900
2026-07-15T10:15:00+00:00,0.049390,900
2026-07-15T10:30:00+00:00,0.034920,900
2026-07-15T10:45:00+00:00,0.028280,900
2026-07-15T11:00:00+00:00,0.035870,900
2026-07-15T11:15:00+00:00,0.035290,900
2026-07-15T11:30:00+00:00,0.025320,900
2026-07-15T11:45:00+00:00,0.023530,900
2026-07-15T12:00:00+00:00,0.023950,900
2026-07-15T12:15:00+00:00,0.020550,900
2026-07-15T12:30:00+00:00,0.017210,900
2026-07-15T12:45:00+00:00,0.014590,900
2026-07-15T13:00:00+00:00,0.018960,900
2026-07-15T13:15:00+00:00,0.033470,900
2026-07-15T13:30:00+00:00,0.046700,900
2026-07-15T13:45:00+00:00,0.050380,900
2026-07-15T14:00:00+00:00,0.072370,900
2026-07-15T14:15:00+00:00,0.080650,900
2026-07-15T14:30:00+00:00,0.089700,900
2026-07-15T14:45:00+00:00,0.092600,900
2026-07-15T15:00:00+00:00,0.100000,900
2026-07-15T15:15:00+00:00,0.099100,900
2026-07-15T15:30:00+00:00,0.113770,900
2026-07-15T15:45:00+00:00,0.126660,900
2026-07-15T16:00:00+00:00,0.128210,900
2026-07-15T16:15:00+00:00,0.130010,900
2026-07-15T16:30:00+00:00,0.130550,900
2026-07-15T16:45:00+00:00,0.140660,900
2026-07-15T17:00:00+00:00,0.098360,900
2026-07-15T17:15:00+00:00,0.130510,900
2026-07-15T17:30:00+00:00,0.153390,900
2026-07-15T17:45:00+00:00,0.180620,900
2026-07-15T18:00:00+00:00,0.166530,900
2026-07-15T18:15:00+00:00,0.183910,900
2026-07-15T18:30:00+00:00,0.180430,900
2026-07-15T18:45:00+00:00,0.187250,900
2026-07-15T19:00:00+00:00,0.170830,900
2026-07-15T19:15:00+00:00,0.196120,900
2026-07-15T19:30:00+00:00,0.197130,900
2026-07-15T19:45:00+00:00,0.192330,900
2026-07-15T20:00:00+00:00,0.199990,900
2026-07-15T20:15:00+00:00,0.190000,900
2026-07-15T20:30:00+00:00,0.187900,900
2026-07-15T20:45:00+00:00,0.175630,900
2026-07-15T21:00:00+00:00,0.179140,900
2026-07-15T21:15:00+00:00,0.171940,900
2026-07-15T21:30:00+00:00,0.169620,900
2026-07-15T21:45:00+00:00,0.164960,900
2026-07-15T22:00:00+00:00,0.173580,900
2026-07-15T22:15:00+00:00,0.169040,900
2026-07-15T22:30:00+00:00,0.163510,900
2026-07-15T22:45:00+00:00,0.158000,900
2026-07-15T23:00:00+00:00,0.162030,900
2026-07-15T23:15:00+00:00,0.158000,900
2026-07-15T23:30:00+00:00,0.158970,900
2026-07-15T23:45:00+00:00,0.157800,900
2026-07-16T00:00:00+00:00,0.157620,900
2026-07-16T00:15:00+00:00,0.154670,900
2026-07-16T00:30:00+00:00,0.150180,900
2026-07-16T00:45:00+00:00,0.147320,900
2026-07-16T01:00:00+00:00,0.150390,900
2026-07-16T01:15:00+00:00,0.147230,900
2026-07-16T01:30:00+00:00,0.148080,900
2026-07-16T01:45:00+00:00,0.147920,900
2026-07-16T02:00:00+00:00,0.138970,900
2026-07-16T02:15:00+00:00,0.143830,900
2026-07-16T02:30:00+00:00,0.143850,900
2026-07-16T02:45:00+00:00,0.149470,900
2026-07-16T03:00:00+00:00,0.124950,900
2026-07-16T03:15:00+00:00,0.147710,900
2026-07-16T03:30:00+00:00,0.160100,900
2026-07-16T03:45:00+00:00,0.163280,900
2026-07-16T04:00:00+00:00,0.148560,900
2026-07-16T04:15:00+00:00,0.162870,900
2026-07-16T04:30:00+00:00,0.163520,900
2026-07-16T04:45:00+00:00,0.165640,900
2026-07-16T05:00:00+00:00,0.166090,900
2026-07-16T05:15:00+00:00,0.169110,900
2026-07-16T05:30:00+00:00,0.168210,900
2026-07-16T05:45:00+00:00,0.161150,900
2026-07-16T06:00:00+00:00,0.169390,900
2026-07-16T06:15:00+00:00,0.166080,900
2026-07-16T06:30:00+00:00,0.157190,900
2026-07-16T06:45:00+00:00,0.138050,900
2026-07-16T07:00:00+00:00,0.152980,900
2026-07-16T07:15:00+00:00,0.138240,900
2026-07-16T07:30:00+00:00,0.132720,900
2026-07-16T07:45:00+00:00,0.123740,900
2026-07-16T08:00:00+00:00,0.140340,900
2026-07-16T08:15:00+00:00,0.122620,900
2026-07-16T08:30:00+00:00,0.110340,900
2026-07-16T08:45:00+00:00,0.100210,900
2026-07-16T09:00:00+00:00,0.113130,900
2026-07-16T09:15:00+00:00,0.109090,900
2026-07-16T09:30:00+00:00,0.105980,900
2026-07-16T09:45:00+00:00,0.100360,900
2026-07-16T10:00:00+00:00,0.100370,900
2026-07-16T10:15:00+00:00,0.094650,900
2026-07-16T10:30:00+00:00,0.094090,900
2026-07-16T10:45:00+00:00,0.092850,900
2026-07-16T11:00:00+00:00,0.093790,900
2026-07-16T11:15:00+00:00,0.092690,900
2026-07-16T11:30:00+00:00,0.085220,900
2026-07-16T11:45:00+00:00,0.083380,900
2026-07-16T12:00:00+00:00,0.092150,900
2026-07-16T12:15:00+00:00,0.094010,900
2026-07-16T12:30:00+00:00,0.097050,900
2026-07-16T12:45:00+00:00,0.103010,900
2026-07-16T13:00:00+00:00,0.105290,900
2026-07-16T13:15:00+00:00,0.107460,900
2026-07-16T13:30:00+00:00,0.109360,900
2026-07-16T13:45:00+00:00,0.112440,900
2026-07-16T14:00:00+00:00,0.105780,900
2026-07-16T14:15:00+00:00,0.112670,900
2026-07-16T14:30:00+00:00,0.127740,900
2026-07-16T14:45:00+00:00,0.129470,900
2026-07-16T15:00:00+00:00,0.124590,900
2026-07-16T15:15:00+00:00,0.135370,900
2026-07-16T15:30:00+00:00,0.139370,900
2026-07-16T15:45:00+00:00,0.148060,900
2026-07-16T16:00:00+00:00,0.135420,900
2026-07-16T16:15:00+00:00,0.159960,900
2026-07-16T16:30:00+00:00,0.146980,900
2026-07-16T16:45:00+00:00,0.177630,900
2026-07-16T17:00:00+00:00,0.155170,900
2026-07-16T17:15:00+00:00,0.184620,900
2026-07-16T17:30:00+00:00,0.210630,900
2026-07-16T17:45:00+00:00,0.229750,900
2026-07-16T18:00:00+00:00,0.186050,900
2026-07-16T18:15:00+00:00,0.198690,900
2026-07-16T18:30:00+00:00,0.263480,900
2026-07-16T18:45:00+00:00,0.300070,900
2026-07-16T19:00:00+00:00,0.275330,900
2026-07-16T19:15:00+00:00,0.245580,900
2026-07-16T19:30:00+00:00,0.217060,900
2026-07-16T19:45:00+00:00,0.203750,900
2026-07-16T20:00:00+00:00,0.228770,900
2026-07-16T20:15:00+00:00,0.203750,900
2026-07-16T20:30:00+00:00,0.205000,900
2026-07-16T20:45:00+00:00,0.189840,900
2026-07-16T21:00:00+00:00,0.196030,900
2026-07-16T21:15:00+00:00,0.180600,900
2026-07-16T21:30:00+00:00,0.175100,900
2026-07-16T21:45:00+00:00,0.169520,900
2026-07-16T22:00:00+00:00,0.175000,900
2026-07-16T22:15:00+00:00,0.171310,900
2026-07-16T22:30:00+00:00,0.169450,900
2026-07-16T22:45:00+00:00,0.166500,900
2026-07-16T23:00:00+00:00,0.167000,900
2026-07-16T23:15:00+00:00,0.162880,900
2026-07-16T23:30:00+00:00,0.160640,900
2026-07-16T23:45:00+00:00,0.155280,900
2026-07-17T00:00:00+00:00,0.156970,900
2026-07-17T00:15:00+00:00,0.153000,900
2026-07-17T00:30:00+00:00,0.151910,900
2026-07-17T00:45:00+00:00,0.146020,900
2026-07-17T01:00:00+00:00,0.148000,900
2026-07-17T01:15:00+00:00,0.145000,900
2026-07-17T01:30:00+00:00,0.142000,900
2026-07-17T01:45:00+00:00,0.140760,900
2026-07-17T02:00:00+00:00,0.141040,900
2026-07-17T02:15:00+00:00,0.142200,900
2026-07-17T02:30:00+00:00,0.142350,900
2026-07-17T02:45:00+00:00,0.146010,900
2026-07-17T03:00:00+00:00,0.145400,900
2026-07-17T03:15:00+00:00,0.143120,900
2026-07-17T03:30:00+00:00,0.149420,900
2026-07-17T03:45:00+00:00,0.157480,900
2026-07-17T04:00:00+00:00,0.151020,900
2026-07-17T04:15:00+00:00,0.153490,900
2026-07-17T04:30:00+00:00,0.153920,900
2026-07-17T04:45:00+00:00,0.154480,900
2026-07-17T05:00:00+00:00,0.156740,900
2026-07-17T05:15:00+00:00,0.154130,900
2026-07-17T05:30:00+00:00,0.160730,900
2026-07-17T05:45:00+00:00,0.150960,900
2026-07-17T06:00:00+00:00,0.155190,900
2026-07-17T06:15:00+00:00,0.158830,900
2026-07-17T06:30:00+00:00,0.152040,900
2026-07-17T06:45:00+00:00,0.124860,900
2026-07-17T07:00:00+00:00,0.150000,900
2026-07-17T07:15:00+00:00,0.138600,900
2026-07-17T07:30:00+00:00,0.134230,900
2026-07-17T07:45:00+00:00,0.118810,900
2026-07-17T08:00:00+00:00,0.148620,900
2026-07-17T08:15:00+00:00,0.131900,900
2026-07-17T08:30:00+00:00,0.120670,900
2026-07-17T08:45:00+00:00,0.112410,900
2026-07-17T09:00:00+00:00,0.121750,900
2026-07-17T09:15:00+00:00,0.112470,900
2026-07-17T09:30:00+00:00,0.112070,900
2026-07-17T09:45:00+00:00,0.110910,900
2026-07-17T10:00:00+00:00,0.113070,900
2026-07-17T10:15:00+00:00,0.105000,900
2026-07-17T10:30:00+00:00,0.100000,900
2026-07-17T10:45:00+00:00,0.098300,900
2026-07-17T11:00:00+00:00,0.098960,900
2026-07-17T11:15:00+00:00,0.098350,900
2026-07-17T11:30:00+00:00,0.097810,900
2026-07-17T11:45:00+00:00,0.097680,900
2026-07-17T12:00:00+00:00,0.097940,900
2026-07-17T12:15:00+00:00,0.098090,900
2026-07-17T12:30:00+00:00,0.098410,900
2026-07-17T12:45:00+00:00,0.099360,900
2026-07-17T13:00:00+00:00,0.099700,900
2026-07-17T13:15:00+00:00,0.105300,900
2026-07-17T13:30:00+00:00,0.106060,900
2026-07-17T13:45:00+00:00,0.103180,900
2026-07-17T14:00:00+00:00,0.105000,900
2026-07-17T14:15:00+00:00,0.111550,900
2026-07-17T14:30:00+00:00,0.116860,900
2026-07-17T14:45:00+00:00,0.124790,900
2026-07-17T15:00:00+00:00,0.114730,900
2026-07-17T15:15:00+00:00,0.122570,900
2026-07-17T15:30:00+00:00,0.130500,900
2026-07-17T15:45:00+00:00,0.141790,900
2026-07-17T16:00:00+00:00,0.122920,900
2026-07-17T16:15:00+00:00,0.137900,900
2026-07-17T16:30:00+00:00,0.142410,900
2026-07-17T16:45:00+00:00,0.149330,900
2026-07-17T17:00:00+00:00,0.145650,900
2026-07-17T17:15:00+00:00,0.153840,900
2026-07-17T17:30:00+00:00,0.149760,900
2026-07-17T17:45:00+00:00,0.157940,900
2026-07-17T18:00:00+00:00,0.150900,900
2026-07-17T18:15:00+00:00,0.157880,900
2026-07-17T18:30:00+00:00,0.163660,900
2026-07-17T18:45:00+00:00,0.171470,900
2026-07-17T19:00:00+00:00,0.166010,900
2026-07-17T19:15:00+00:00,0.166340,900
2026-07-17T19:30:00+00:00,0.169090,900
2026-07-17T19:45:00+00:00,0.168390,900
2026-07-17T20:00:00+00:00,0.168980,900
2026-07-17T20:15:00+00:00,0.165610,900
2026-07-17T20:30:00+00:00,0.164610,900
2026-07-17T20:45:00+00:00,0.160030,900
2026-07-17T21:00:00+00:00,0.163180,900
2026-07-17T21:15:00+00:00,0.160780,900
2026-07-17T21:30:00+00:00,0.159040,900
2026-07-17T21:45:00+00:00,0.150480,900
2026-07-17T22:00:00+00:00,0.168410,900
2026-07-17T22:15:00+00:00,0.160220,900
2026-07-17T22:30:00+00:00,0.151240,900
2026-07-17T22:45:00+00:00,0.145000,900
2026-07-17T23:00:00+00:00,0.152940,900
2026-07-17T23:15:00+00:00,0.146810,900
2026-07-17T23:30:00+00:00,0.143430,900
2026-07-17T23:45:00+00:00,0.138390,900
2026-07-18T00:00:00+00:00,0.146130,900
2026-07-18T00:15:00+00:00,0.142610,900
2026-07-18T00:30:00+00:00,0.139090,900
2026-07-18T00:45:00+00:00,0.140170,900
2026-07-18T01:00:00+00:00,0.137210,900
2026-07-18T01:15:00+00:00,0.135550,900
2026-07-18T01:30:00+00:00,0.135000,900
2026-07-18T01:45:00+00:00,0.133440,900
2026-07-18T02:00:00+00:00,0.137600,900
2026-07-18T02:15:00+00:00,0.137710,900
2026-07-18T02:30:00+00:00,0.135120,900
2026-07-18T02:45:00+00:00,0.130390,900
2026-07-18T03:00:00+00:00,0.143050,900
2026-07-18T03:15:00+00:00,0.135170,900
2026-07-18T03:30:00+00:00,0.131340,900
2026-07-18T03:45:00+00:00,0.123550,900
2026-07-18T04:00:00+00:00,0.133000,900
2026-07-18T04:15:00+00:00,0.130400,900
2026-07-18T04:30:00+00:00,0.127990,900
2026-07-18T04:45:00+00:00,0.118010,900
2026-07-18T05:00:00+00:00,0.154460,900
2026-07-18T05:15:00+00:00,0.120870,900
2026-07-18T05:30:00+00:00,0.109520,900
2026-07-18T05:45:00+00:00,0.096880,900
2026-07-18T06:00:00+00:00,0.122730,900
2026-07-18T06:15:00+00:00,0.106870,900
2026-07-18T06:30:00+00:00,0.091030,900
2026-07-18T06:45:00+00:00,0.073250,900
2026-07-18T07:00:00+00:00,0.082670,900
2026-07-18T07:15:00+00:00,0.060830,900
2026-07-18T07:30:00+00:00,0.027970,900
2026-07-18T07:45:00+00:00,0.011000,900
2026-07-18T08:00:00+00:00,0.023150,900
2026-07-18T08:15:00+00:00,0.011960,900
2026-07-18T08:30:00+00:00,0.004990,900
2026-07-18T08:45:00+00:00,0.001860,900
2026-07-18T09:00:00+00:00,0.000870,900
2026-07-18T09:15:00+00:00,0.000850,900
2026-07-18T09:30:00+00:00,0.000330,900
2026-07-18T09:45:00+00:00,0.000290,900
2026-07-18T10:00:00+00:00,0.000050,900
2026-07-18T10:15:00+00:00,0.000010,900
2026-07-18T10:30:00+00:00,-0.000010,900
2026-07-18T10:45:00+00:00,-0.000100,900
2026-07-18T11:00:00+00:00,-0.000650,900
2026-07-18T11:15:00+00:00,-0.000880,900
2026-07-18T11:30:00+00:00,-0.000960,900
2026-07-18T11:45:00+00:00,-0.001400,900
2026-07-18T12:00:00+00:00,-0.001370,900
2026-07-18T12:15:00+00:00,-0.001480,900
2026-07-18T12:30:00+00:00,-0.001510,900
2026-07-18T12:45:00+00:00,-0.001850,900
2026-07-18T13:00:00+00:00,-0.001680,900
2026-07-18T13:15:00+00:00,-0.001910,900
2026-07-18T13:30:00+00:00,-0.002350,900
2026-07-18T13:45:00+00:00,-0.004000,900
2026-07-18T14:00:00+00:00,-0.001680,900
2026-07-18T14:15:00+00:00,-0.000890,900
2026-07-18T14:30:00+00:00,-0.000530,900
2026-07-18T14:45:00+00:00,0.000250,900
2026-07-18T15:00:00+00:00,-0.000190,900
2026-07-18T15:15:00+00:00,0.000220,900
2026-07-18T15:30:00+00:00,0.000220,900
2026-07-18T15:45:00+00:00,0.003200,900
2026-07-18T16:00:00+00:00,0.003530,900
2026-07-18T16:15:00+00:00,0.041540,900
2026-07-18T16:30:00+00:00,0.084430,900
2026-07-18T16:45:00+00:00,0.101890,900
2026-07-18T17:00:00+00:00,0.090230,900
2026-07-18T17:15:00+00:00,0.111960,900
2026-07-18T17:30:00+00:00,0.119020,900
2026-07-18T17:45:00+00:00,0.126990,900
2026-07-18T18:00:00+00:00,0.121920,900
2026-07-18T18:15:00+00:00,0.131320,900
2026-07-18T18:30:00+00:00,0.138060,900
2026-07-18T18:45:00+00:00,0.145480,900
2026-07-18T19:00:00+00:00,0.144950,900
2026-07-18T19:15:00+00:00,0.144400,900
2026-07-18T19:30:00+00:00,0.147280,900
2026-07-18T19:45:00+00:00,0.155170,900
2026-07-18T20:00:00+00:00,0.155510,900
2026-07-18T20:15:00+00:00,0.155130,900
2026-07-18T20:30:00+00:00,0.154960,900
2026-07-18T20:45:00+00:00,0.151840,900
2026-07-18T21:00:00+00:00,0.151990,900
2026-07-18T21:15:00+00:00,0.150190,900
2026-07-18T21:30:00+00:00,0.147810,900
2026-07-18T21:45:00+00:00,0.137060,900
2026-07-18T22:00:00+00:00,0.145590,900
2026-07-18T22:15:00+00:00,0.142600,900
2026-07-18T22:30:00+00:00,0.135630,900
2026-07-18T22:45:00+00:00,0.130970,900
2026-07-18T23:00:00+00:00,0.135000,900
2026-07-18T23:15:00+00:00,0.132230,900
2026-07-18T23:30:00+00:00,0.130060,900
2026-07-18T23:45:00+00:00,0.125680,900
2026-07-19T00:00:00+00:00,0.127550,900
2026-07-19T00:15:00+00:00,0.122310,900
2026-07-19T00:30:00+00:00,0.120850,900
2026-07-19T00:45:00+00:00,0.116840,900
2026-07-19T01:00:00+00:00,0.121070,900
2026-07-19T01:15:00+00:00,0.120090,900
2026-07-19T01:30:00+00:00,0.118880,900
2026-07-19T01:45:00+00:00,0.114780,900
2026-07-19T02:00:00+00:00,0.116880,900
2026-07-19T02:15:00+00:00,0.112600,900
2026-07-19T02:30:00+00:00,0.112520,900
2026-07-19T02:45:00+00:00,0.111120,900
2026-07-19T03:00:00+00:00,0.107590,900
2026-07-19T03:15:00+00:00,0.105920,900
2026-07-19T03:30:00+00:00,0.106420,900
2026-07-19T03:45:00+00:00,0.104810,900
2026-07-19T04:00:00+00:00,0.105130,900
2026-07-19T04:15:00+00:00,0.097110,900
2026-07-19T04:30:00+00:00,0.093810,900
2026-07-19T04:45:00+00:00,0.082400,900
2026-07-19T05:00:00+00:00,0.088400,900
2026-07-19T05:15:00+00:00,0.081330,900
2026-07-19T05:30:00+00:00,0.076830,900
2026-07-19T05:45:00+00:00,0.063630,900
2026-07-19T06:00:00+00:00,0.066470,900
2026-07-19T06:15:00+00:00,0.049430,900
2026-07-19T06:30:00+00:00,0.026750,900
2026-07-19T06:45:00+00:00,0.009070,900
2026-07-19T07:00:00+00:00,0.008930,900
2026-07-19T07:15:00+00:00,0.003760,900
2026-07-19T07:30:00+00:00,0.001230,900
2026-07-19T07:45:00+00:00,0.000220,900
2026-07-19T08:00:00+00:00,0.000050,900
2026-07-19T08:15:00+00:00,0.000000,900
2026-07-19T08:30:00+00:00,0.000000,900
2026-07-19T08:45:00+00:00,0.000000,900
2026-07-19T09:00:00+00:00,-0.000010,900
2026-07-19T09:15:00+00:00,-0.000020,900
2026-07-19T09:30:00+00:00,-0.000040,900
2026-07-19T09:45:00+00:00,-0.000090,900
2026-07-19T10:00:00+00:00,-0.000400,900
2026-07-19T10:15:00+00:00,-0.000660,900
2026-07-19T10:30:00+00:00,-0.000720,900
2026-07-19T10:45:00+00:00,-0.001190,900
2026-07-19T11:00:00+00:00,-0.001700,900
2026-07-19T11:15:00+00:00,-0.002300,900
2026-07-19T11:30:00+00:00,-0.003020,900
2026-07-19T11:45:00+00:00,-0.004000,900
2026-07-19T12:00:00+00:00,-0.004470,900
2026-07-19T12:15:00+00:00,-0.004820,900
2026-07-19T12:30:00+00:00,-0.004810,900
2026-07-19T12:45:00+00:00,-0.005190,900
2026-07-19T13:00:00+00:00,-0.005430,900
2026-07-19T13:15:00+00:00,-0.005000,900
2026-07-19T13:30:00+00:00,-0.004490,900
2026-07-19T13:45:00+00:00,-0.003600,900
2026-07-19T14:00:00+00:00,-0.002000,900
2026-07-19T14:15:00+00:00,-0.002450,900
2026-07-19T14:30:00+00:00,-0.003030,900
2026-07-19T14:45:00+00:00,-0.001300,900
2026-07-19T15:00:00+00:00,-0.000970,900
2026-07-19T15:15:00+00:00,-0.000600,900
2026-07-19T15:30:00+00:00,0.000080,900
2026-07-19T15:45:00+00:00,0.000600,900
2026-07-19T16:00:00+00:00,0.001000,900
2026-07-19T16:15:00+00:00,0.025870,900
2026-07-19T16:30:00+00:00,0.056740,900
2026-07-19T16:45:00+00:00,0.092020,900
2026-07-19T17:00:00+00:00,0.086320,900
2026-07-19T17:15:00+00:00,0.108050,900
2026-07-19T17:30:00+00:00,0.128730,900
2026-07-19T17:45:00+00:00,0.137910,900
2026-07-19T18:00:00+00:00,0.132270,900
2026-07-19T18:15:00+00:00,0.140120,900
2026-07-19T18:30:00+00:00,0.151630,900
2026-07-19T18:45:00+00:00,0.158070,900
2026-07-19T19:00:00+00:00,0.153250,900
2026-07-19T19:15:00+00:00,0.150920,900
2026-07-19T19:30:00+00:00,0.150040,900
2026-07-19T19:45:00+00:00,0.146460,900
2026-07-19T20:00:00+00:00,0.160470,900
2026-07-19T20:15:00+00:00,0.151690,900
2026-07-19T20:30:00+00:00,0.148840,900
2026-07-19T20:45:00+00:00,0.140430,900
2026-07-19T21:00:00+00:00,0.152500,900
2026-07-19T21:15:00+00:00,0.137020,900
2026-07-19T21:30:00+00:00,0.135650,900
2026-07-19T21:45:00+00:00,0.128430,900
2026-07-19T22:00:00+00:00,0.167330,900
2026-07-19T22:15:00+00:00,0.150110,900
2026-07-19T22:30:00+00:00,0.140740,900
2026-07-19T22:45:00+00:00,0.131630,900
2026-07-19T23:00:00+00:00,0.148250,900
2026-07-19T23:15:00+00:00,0.140010,900
2026-07-19T23:30:00+00:00,0.135680,900
2026-07-19T23:45:00+00:00,0.129990,900
2026-07-20T00:00:00+00:00,0.132560,900
2026-07-20T00:15:00+00:00,0.131300,900
2026-07-20T00:30:00+00:00,0.130390,900
2026-07-20T00:45:00+00:00,0.134360,900
2026-07-20T01:00:00+00:00,0.129400,900
2026-07-20T01:15:00+00:00,0.127500,900
2026-07-20T01:30:00+00:00,0.126370,900
2026-07-20T01:45:00+00:00,0.126670,900
2026-07-20T02:00:00+00:00,0.124050,900
2026-07-20T02:15:00+00:00,0.129310,900
2026-07-20T02:30:00+00:00,0.130660,900
2026-07-20T02:45:00+00:00,0.133990,900
2026-07-20T03:00:00+00:00,0.137250,900
2026-07-20T03:15:00+00:00,0.139280,900
2026-07-20T03:30:00+00:00,0.141190,900
2026-07-20T03:45:00+00:00,0.145480,900
2026-07-20T04:00:00+00:00,0.147730,900
2026-07-20T04:15:00+00:00,0.150030,900
2026-07-20T04:30:00+00:00,0.150460,900
2026-07-20T04:45:00+00:00,0.149190,900
2026-07-20T05:00:00+00:00,0.159920,900
2026-07-20T05:15:00+00:00,0.152960,900
2026-07-20T05:30:00+00:00,0.148990,900
2026-07-20T05:45:00+00:00,0.141830,900
2026-07-20T06:00:00+00:00,0.159000,900
2026-07-20T06:15:00+00:00,0.140000,900
2026-07-20T06:30:00+00:00,0.120700,900
2026-07-20T06:45:00+00:00,0.104290,900
2026-07-20T07:00:00+00:00,0.113720,900
2026-07-20T07:15:00+00:00,0.102000,900
2026-07-20T07:30:00+00:00,0.089330,900
2026-07-20T07:45:00+00:00,0.065820,900
2026-07-20T08:00:00+00:00,0.083100,900
2026-07-20T08:15:00+00:00,0.073360,900
2026-07-20T08:30:00+00:00,0.059540,900
2026-07-20T08:45:00+00:00,0.033160,900
2026-07-20T09:00:00+00:00,0.031910,900
2026-07-20T09:15:00+00:00,0.028910,900
2026-07-20T09:30:00+00:00,0.015000,900
2026-07-20T09:45:00+00:00,0.010270,900
2026-07-20T10:00:00+00:00,0.030620,900
2026-07-20T10:15:00+00:00,0.015820,900
2026-07-20T10:30:00+00:00,0.019200,900
2026-07-20T10:45:00+00:00,0.014900,900
2026-07-20T11:00:00+00:00,0.005470,900
2026-07-20T11:15:00+00:00,0.005440,900
2026-07-20T11:30:00+00:00,0.003540,900
2026-07-20T11:45:00+00:00,0.003360,900
2026-07-20T12:00:00+00:00,0.008720,900
2026-07-20T12:15:00+00:00,0.008900,900
2026-07-20T12:30:00+00:00,0.009270,900
2026-07-20T12:45:00+00:00,0.011180,900
2026-07-20T13:00:00+00:00,0.003560,900
2026-07-20T13:15:00+00:00,0.004850,900
2026-07-20T13:30:00+00:00,0.010240,900
2026-07-20T13:45:00+00:00,0.010000,900
2026-07-20T14:00:00+00:00,0.011210,900
2026-07-20T14:15:00+00:00,0.011380,900
2026-07-20T14:30:00+00:00,0.023410,900
2026-07-20T14:45:00+00:00,0.062150,900
2026-07-20T15:00:00+00:00,0.026740,900
2026-07-20T15:15:00+00:00,0.080000,900
2026-07-20T15:30:00+00:00,0.092320,900
2026-07-20T15:45:00+00:00,0.108170,900
2026-07-20T16:00:00+00:00,0.101960,900
2026-07-20T16:15:00+00:00,0.111940,900
2026-07-20T16:30:00+00:00,0.133440,900
2026-07-20T16:45:00+00:00,0.144850,900
2026-07-20T17:00:00+00:00,0.142450,900
2026-07-20T17:15:00+00:00,0.152970,900
2026-07-20T17:30:00+00:00,0.162060,900
2026-07-20T17:45:00+00:00,0.177880,900
2026-07-20T18:00:00+00:00,0.161950,900
2026-07-20T18:15:00+00:00,0.169820,900
2026-07-20T18:30:00+00:00,0.180140,900
2026-07-20T18:45:00+00:00,0.192150,900
2026-07-20T19:00:00+00:00,0.180000,900
2026-07-20T19:15:00+00:00,0.180290,900
2026-07-20T19:30:00+00:00,0.179920,900
2026-07-20T19:45:00+00:00,0.178000,900
2026-07-20T20:00:00+00:00,0.186340,900
2026-07-20T20:15:00+00:00,0.175980,900
2026-07-20T20:30:00+00:00,0.171940,900
2026-07-20T20:45:00+00:00,0.165000,900
2026-07-20T21:00:00+00:00,0.168430,900
2026-07-20T21:15:00+00:00,0.162060,900
2026-07-20T21:30:00+00:00,0.158480,900
2026-07-20T21:45:00+00:00,0.149460,900
2026-07-20T22:00:00+00:00,0.154740,900
2026-07-20T22:15:00+00:00,0.150890,900
2026-07-20T22:30:00+00:00,0.146950,900
2026-07-20T22:45:00+00:00,0.145530,900
2026-07-20T23:00:00+00:00,0.152200,900
2026-07-20T23:15:00+00:00,0.150900,900
2026-07-20T23:30:00+00:00,0.149780,900
2026-07-20T23:45:00+00:00,0.146970,900
2026-07-21T00:00:00+00:00,0.147170,900
2026-07-21T00:15:00+00:00,0.144640,900
2026-07-21T00:30:00+00:00,0.143660,900
2026-07-21T00:45:00+00:00,0.140350,900
2026-07-21T01:00:00+00:00,0.140620,900
2026-07-21T01:15:00+00:00,0.138450,900
2026-07-21T01:30:00+00:00,0.138560,900
2026-07-21T01:45:00+00:00,0.139320,900
2026-07-21T02:00:00+00:00,0.135030,900
2026-07-21T02:15:00+00:00,0.137530,900
2026-07-21T02:30:00+00:00,0.141440,900
2026-07-21T02:45:00+00:00,0.144180,900
2026-07-21T03:00:00+00:00,0.141190,900
2026-07-21T03:15:00+00:00,0.144000,900
2026-07-21T03:30:00+00:00,0.147400,900
2026-07-21T03:45:00+00:00,0.149650,900
2026-07-21T04:00:00+00:00,0.155030,900
2026-07-21T04:15:00+00:00,0.159690,900
2026-07-21T04:30:00+00:00,0.159860,900
2026-07-21T04:45:00+00:00,0.156520,900
2026-07-21T05:00:00+00:00,0.167000,900
2026-07-21T05:15:00+00:00,0.159350,900
2026-07-21T05:30:00+00:00,0.155010,900
2026-07-21T05:45:00+00:00,0.136350,900
2026-07-21T06:00:00+00:00,0.164780,900
2026-07-21T06:15:00+00:00,0.149000,900
2026-07-21T06:30:00+00:00,0.142160,900
2026-07-21T06:45:00+00:00,0.125570,900
2026-07-21T07:00:00+00:00,0.153010,900
2026-07-21T07:15:00+00:00,0.120130,900
2026-07-21T07:30:00+00:00,0.107370,900
2026-07-21T07:45:00+00:00,0.077850,900
2026-07-21T08:00:00+00:00,0.100550,900
2026-07-21T08:15:00+00:00,0.082910,900
2026-07-21T08:30:00+00:00,0.071830,900
2026-07-21T08:45:00+00:00,0.057460,900
2026-07-21T09:00:00+00:00,0.058400,900
2026-07-21T09:15:00+00:00,0.053700,900
2026-07-21T09:30:00+00:00,0.034230,900
2026-07-21T09:45:00+00:00,0.014880,900
2026-07-21T10:00:00+00:00,0.017270,900
2026-07-21T10:15:00+00:00,0.009030,900
2026-07-21T10:30:00+00:00,0.007450,900
2026-07-21T10:45:00+00:00,0.006260,900
2026-07-21T11:00:00+00:00,0.004970,900
2026-07-21T11:15:00+00:00,0.004230,900
2026-07-21T11:30:00+00:00,0.004350,900
2026-07-21T11:45:00+00:00,0.003100,900
2026-07-21T12:00:00+00:00,0.000410,900
2026-07-21T12:15:00+00:00,0.000580,900
2026-07-21T12:30:00+00:00,0.000620,900
2026-07-21T12:45:00+00:00,0.003940,900
2026-07-21T13:00:00+00:00,0.002960,900
2026-07-21T13:15:00+00:00,0.006110,900
2026-07-21T13:30:00+00:00,0.010080,900
2026-07-21T13:45:00+00:00,0.028850,900
2026-07-21T14:00:00+00:00,0.026250,900
2026-07-21T14:15:00+00:00,0.056220,900
2026-07-21T14:30:00+00:00,0.063560,900
2026-07-21T14:45:00+00:00,0.074120,900
2026-07-21T15:00:00+00:00,0.067560,900
2026-07-21T15:15:00+00:00,0.084760,900
2026-07-21T15:30:00+00:00,0.106500,900
2026-07-21T15:45:00+00:00,0.124300,900
2026-07-21T16:00:00+00:00,0.113170,900
2026-07-21T16:15:00+00:00,0.129490,900
2026-07-21T16:30:00+00:00,0.141340,900
2026-07-21T16:45:00+00:00,0.153020,900
2026-07-21T17:00:00+00:00,0.141530,900
2026-07-21T17:15:00+00:00,0.150920,900
2026-07-21T17:30:00+00:00,0.158370,900
2026-07-21T17:45:00+00:00,0.164880,900
2026-07-21T18:00:00+00:00,0.165440,900
2026-07-21T18:15:00+00:00,0.171310,900
2026-07-21T18:30:00+00:00,0.174100,900
2026-07-21T18:45:00+00:00,0.174860,900
2026-07-21T19:00:00+00:00,0.176890,900
2026-07-21T19:15:00+00:00,0.175930,900
2026-07-21T19:30:00+00:00,0.174820,900
2026-07-21T19:45:00+00:00,0.169920,900
2026-07-21T20:00:00+00:00,0.176260,900
2026-07-21T20:15:00+00:00,0.169060,900
2026-07-21T20:30:00+00:00,0.171610,900
2026-07-21T20:45:00+00:00,0.159380,900
2026-07-21T21:00:00+00:00,0.165980,900
2026-07-21T21:15:00+00:00,0.156190,900
2026-07-21T21:30:00+00:00,0.154170,900
2026-07-21T21:45:00+00:00,0.146360,900
2026-07-21T22:00:00+00:00,0.158850,900
2026-07-21T22:15:00+00:00,0.157760,900
2026-07-21T22:30:00+00:00,0.153250,900
2026-07-21T22:45:00+00:00,0.147160,900
2026-07-21T23:00:00+00:00,0.159720,900
2026-07-21T23:15:00+00:00,0.151150,900
2026-07-21T23:30:00+00:00,0.148000,900
2026-07-21T23:45:00+00:00,0.144410,900
2026-07-22T00:00:00+00:00,0.150110,900
2026-07-22T00:15:00+00:00,0.147760,900
2026-07-22T00:30:00+00:00,0.145560,900
2026-07-22T00:45:00+00:00,0.139920,900
2026-07-22T01:00:00+00:00,0.144970,900
2026-07-22T01:15:00+00:00,0.136710,900
2026-07-22T01:30:00+00:00,0.133760,900
2026-07-22T01:45:00+00:00,0.132410,900
2026-07-22T02:00:00+00:00,0.132020,900
2026-07-22T02:15:00+00:00,0.131510,900
2026-07-22T02:30:00+00:00,0.132930,900
2026-07-22T02:45:00+00:00,0.133560,900
2026-07-22T03:00:00+00:00,0.130540,900
2026-07-22T03:15:00+00:00,0.136850,900
2026-07-22T03:30:00+00:00,0.142660,900
2026-07-22T03:45:00+00:00,0.148210,900
2026-07-22T04:00:00+00:00,0.148280,900
2026-07-22T04:15:00+00:00,0.154360,900
2026-07-22T04:30:00+00:00,0.160980,900
2026-07-22T04:45:00+00:00,0.150740,900
2026-07-22T05:00:00+00:00,0.162240,900
2026-07-22T05:15:00+00:00,0.154320,900
2026-07-22T05:30:00+00:00,0.148790,900
2026-07-22T05:45:00+00:00,0.130610,900
2026-07-22T06:00:00+00:00,0.163150,900
2026-07-22T06:15:00+00:00,0.143940,900
2026-07-22T06:30:00+00:00,0.123180,900
2026-07-22T06:45:00+00:00,0.107790,900
2026-07-22T07:00:00+00:00,0.122400,900
2026-07-22T07:15:00+00:00,0.105050,900
2026-07-22T07:30:00+00:00,0.090590,900
2026-07-22T07:45:00+00:00,0.085380,900
2026-07-22T08:00:00+00:00,0.098760,900
2026-07-22T08:15:00+00:00,0.083710,900
2026-07-22T08:30:00+00:00,0.066460,900
2026-07-22T08:45:00+00:00,0.053870,900
2026-07-22T09:00:00+00:00,0.053310,900
2026-07-22T09:15:00+00:00,0.048150,900
2026-07-22T09:30:00+00:00,0.040180,900
2026-07-22T09:45:00+00:00,0.031270,900
2026-07-22T10:00:00+00:00,0.028970,900
2026-07-22T10:15:00+00:00,0.027370,900
2026-07-22T10:30:00+00:00,0.022530,900
2026-07-22T10:45:00+00:00,0.017130,900
2026-07-22T11:00:00+00:00,0.018680,900
2026-07-22T11:15:00+00:00,0.014450,900
2026-07-22T11:30:00+00:00,0.013030,900
2026-07-22T11:45:00+00:00,0.010440,900
2026-07-22T12:00:00+00:00,0.003360,900
2026-07-22T12:15:00+00:00,0.003230,900
2026-07-22T12:30:00+00:00,0.003990,900
2026-07-22T12:45:00+00:00,0.005000,900
2026-07-22T13:00:00+00:00,0.002880,900
2026-07-22T13:15:00+00:00,0.002630,900
2026-07-22T13:30:00+00:00,0.003560,900
2026-07-22T13:45:00+00:00,0.008410,900
2026-07-22T14:00:00+00:00,0.005110,900
2026-07-22T14:15:00+00:00,0.012420,900
2026-07-22T14:30:00+00:00,0.013880,900
2026-07-22T14:45:00+00:00,0.038640,900
2026-07-22T15:00:00+00:00,0.024990,900
2026-07-22T15:15:00+00:00,0.060680,900
2026-07-22T15:30:00+00:00,0.077670,900
2026-07-22T15:45:00+00:00,0.100470,900
2026-07-22T16:00:00+00:00,0.088080,900
2026-07-22T16:15:00+00:00,0.103280,900
2026-07-22T16:30:00+00:00,0.115880,900
2026-07-22T16:45:00+00:00,0.133860,900
2026-07-22T17:00:00+00:00,0.124070,900
2026-07-22T17:15:00+00:00,0.139330,900
2026-07-22T17:30:00+00:00,0.148970,900
2026-07-22T17:45:00+00:00,0.149010,900
2026-07-22T18:00:00+00:00,0.155020,900
2026-07-22T18:15:00+00:00,0.158780,900
2026-07-22T18:30:00+00:00,0.162780,900
2026-07-22T18:45:00+00:00,0.169290,900
2026-07-22T19:00:00+00:00,0.170340,900
2026-07-22T19:15:00+00:00,0.165770,900
2026-07-22T19:30:00+00:00,0.165440,900
2026-07-22T19:45:00+00:00,0.159120,900
2026-07-22T20:00:00+00:00,0.171410,900
2026-07-22T20:15:00+00:00,0.162650,900
2026-07-22T20:30:00+00:00,0.158820,900
2026-07-22T20:45:00+00:00,0.149970,900
2026-07-22T21:00:00+00:00,0.157410,900
2026-07-22T21:15:00+00:00,0.153170,900
2026-07-22T21:30:00+00:00,0.152420,900
2026-07-22T21:45:00+00:00,0.139650,900
2026-07-22T22:00:00+00:00,0.160460,900
2026-07-22T22:15:00+00:00,0.151450,900
2026-07-22T22:30:00+00:00,0.142500,900
2026-07-22T22:45:00+00:00,0.132390,900
2026-07-22T23:00:00+00:00,0.144260,900
2026-07-22T23:15:00+00:00,0.141540,900
2026-07-22T23:30:00+00:00,0.140320,900
2026-07-22T23:45:00+00:00,0.133360,900
2026-07-23T00:00:00+00:00,0.139200,900
2026-07-23T00:15:00+00:00,0.135400,900
2026-07-23T00:30:00+00:00,0.134850,900
2026-07-23T00:45:00+00:00,0.133160,900
2026-07-23T01:00:00+00:00,0.133060,900
2026-07-23T01:15:00+00:00,0.135760,900
2026-07-23T01:30:00+00:00,0.133240,900
2026-07-23T01:45:00+00:00,0.133250,900
2026-07-23T02:00:00+00:00,0.133610,900
2026-07-23T02:15:00+00:00,0.134700,900
2026-07-23T02:30:00+00:00,0.138310,900
2026-07-23T02:45:00+00:00,0.141850,900
2026-07-23T03:00:00+00:00,0.133450,900
2026-07-23T03:15:00+00:00,0.139080,900
2026-07-23T03:30:00+00:00,0.149350,900
2026-07-23T03:45:00+00:00,0.155950,900
2026-07-23T04:00:00+00:00,0.150270,900
2026-07-23T04:15:00+00:00,0.162550,900
2026-07-23T04:30:00+00:00,0.161790,900
2026-07-23T04:45:00+00:00,0.164010,900
2026-07-23T05:00:00+00:00,0.173160,900
2026-07-23T05:15:00+00:00,0.173720,900
2026-07-23T05:30:00+00:00,0.163920,900
2026-07-23T05:45:00+00:00,0.161230,900
2026-07-23T06:00:00+00:00,0.174010,900
2026-07-23T06:15:00+00:00,0.162800,900
2026-07-23T06:30:00+00:00,0.159670,900
2026-07-23T06:45:00+00:00,0.142300,900
2026-07-23T07:00:00+00:00,0.161810,900
2026-07-23T07:15:00+00:00,0.143880,900
2026-07-23T07:30:00+00:00,0.118380,900
2026-07-23T07:45:00+00:00,0.111430,900
2026-07-23T08:00:00+00:00,0.116740,900
2026-07-23T08:15:00+00:00,0.112180,900
2026-07-23T08:30:00+00:00,0.107850,900
2026-07-23T08:45:00+00:00,0.093220,900
2026-07-23T09:00:00+00:00,0.108650,900
2026-07-23T09:15:00+00:00,0.087810,900
2026-07-23T09:30:00+00:00,0.078920,900
2026-07-23T09:45:00+00:00,0.080070,900
2026-07-23T10:00:00+00:00,0.079010,900
2026-07-23T10:15:00+00:00,0.042720,900
2026-07-23T10:30:00+00:00,0.022210,900
2026-07-23T10:45:00+00:00,0.009500,900
2026-07-23T11:00:00+00:00,0.020440,900
2026-07-23T11:15:00+00:00,0.010350,900
2026-07-23T11:30:00+00:00,0.004940,900
2026-07-23T11:45:00+00:00,0.003690,900
2026-07-23T12:00:00+00:00,0.001420,900
2026-07-23T12:15:00+00:00,0.001630,900
2026-07-23T12:30:00+00:00,0.005140,900
2026-07-23T12:45:00+00:00,0.003890,900
2026-07-23T13:00:00+00:00,0.001140,900
2026-07-23T13:15:00+00:00,0.002790,900
2026-07-23T13:30:00+00:00,0.002840,900
2026-07-23T13:45:00+00:00,0.013230,900
2026-07-23T14:00:00+00:00,0.004180,900
2026-07-23T14:15:00+00:00,0.015970,900
2026-07-23T14:30:00+00:00,0.027440,900
2026-07-23T14:45:00+00:00,0.060090,900
2026-07-23T15:00:00+00:00,0.051540,900
2026-07-23T15:15:00+00:00,0.093750,900
2026-07-23T15:30:00+00:00,0.112130,900
2026-07-23T15:45:00+00:00,0.125180,900
2026-07-23T16:00:00+00:00,0.111540,900
2026-07-23T16:15:00+00:00,0.138770,900
2026-07-23T16:30:00+00:00,0.153500,900
2026-07-23T16:45:00+00:00,0.165000,900
2026-07-23T17:00:00+00:00,0.152770,900
2026-07-23T17:15:00+00:00,0.164670,900
2026-07-23T17:30:00+00:00,0.168270,900
2026-07-23T17:45:00+00:00,0.178690,900
2026-07-23T18:00:00+00:00,0.172790,900
2026-07-23T18:15:00+00:00,0.184530,900
2026-07-23T18:30:00+00:00,0.185800,900
2026-07-23T18:45:00+00:00,0.197500,900
2026-07-23T19:00:00+00:00,0.192840,900
2026-07-23T19:15:00+00:00,0.191790,900
2026-07-23T19:30:00+00:00,0.189700,900
2026-07-23T19:45:00+00:00,0.185670,900
2026-07-23T20:00:00+00:00,0.195920,900
2026-07-23T20:15:00+00:00,0.188960,900
2026-07-23T20:30:00+00:00,0.184290,900
2026-07-23T20:45:00+00:00,0.177000,900
2026-07-23T21:00:00+00:00,0.181680,900
2026-07-23T21:15:00+00:00,0.170660,900
2026-07-23T21:30:00+00:00,0.166940,900
2026-07-23T21:45:00+00:00,0.162400,900
2026-07-23T22:00:00+00:00,0.168220,900
2026-07-23T22:15:00+00:00,0.163650,900
2026-07-23T22:30:00+00:00,0.160580,900
2026-07-23T22:45:00+00:00,0.151560,900
2026-07-23T23:00:00+00:00,0.162540,900
2026-07-23T23:15:00+00:00,0.157950,900
2026-07-23T23:30:00+00:00,0.155890,900
2026-07-23T23:45:00+00:00,0.151940,900
2026-07-24T00:00:00+00:00,0.155260,900
2026-07-24T00:15:00+00:00,0.151690,900
2026-07-24T00:30:00+00:00,0.148430,900
2026-07-24T00:45:00+00:00,0.145730,900
2026-07-24T01:00:00+00:00,0.154450,900
2026-07-24T01:15:00+00:00,0.151850,900
2026-07-24T01:30:00+00:00,0.151690,900
2026-07-24T01:45:00+00:00,0.152130,900
2026-07-24T02:00:00+00:00,0.149730,900
2026-07-24T02:15:00+00:00,0.150330,900
2026-07-24T02:30:00+00:00,0.151000,900
2026-07-24T02:45:00+00:00,0.163060,900
2026-07-24T03:00:00+00:00,0.153150,900
2026-07-24T03:15:00+00:00,0.158680,900
2026-07-24T03:30:00+00:00,0.165850,900
2026-07-24T03:45:00+00:00,0.169860,900
2026-07-24T04:00:00+00:00,0.168450,900
2026-07-24T04:15:00+00:00,0.177730,900
2026-07-24T04:30:00+00:00,0.175310,900
2026-07-24T04:45:00+00:00,0.172120,900
2026-07-24T05:00:00+00:00,0.178280,900
2026-07-24T05:15:00+00:00,0.172390,900
2026-07-24T05:30:00+00:00,0.167430,900
2026-07-24T05:45:00+00:00,0.152730,900
2026-07-24T06:00:00+00:00,0.173990,900
2026-07-24T06:15:00+00:00,0.166760,900
2026-07-24T06:30:00+00:00,0.159080,900
2026-07-24T06:45:00+00:00,0.139840,900
2026-07-24T07:00:00+00:00,0.169740,900
2026-07-24T07:15:00+00:00,0.133750,900
2026-07-24T07:30:00+00:00,0.118550,900
2026-07-24T07:45:00+00:00,0.119670,900
2026-07-24T08:00:00+00:00,0.124140,900
2026-07-24T08:15:00+00:00,0.115250,900
2026-07-24T08:30:00+00:00,0.109250,900
2026-07-24T08:45:00+00:00,0.102120,900
2026-07-24T09:00:00+00:00,0.104000,900
2026-07-24T09:15:00+00:00,0.096220,900
2026-07-24T09:30:00+00:00,0.080490,900
2026-07-24T09:45:00+00:00,0.064930,900
2026-07-24T10:00:00+00:00,0.070410,900
2026-07-24T10:15:00+00:00,0.073870,900
2026-07-24T10:30:00+00:00,0.054760,900
2026-07-24T10:45:00+00:00,0.036140,900
2026-07-24T11:00:00+00:00,0.053070,900
2026-07-24T11:15:00+00:00,0.033670,900
2026-07-24T11:30:00+00:00,0.024840,900
2026-07-24T11:45:00+00:00,0.012220,900
2026-07-24T12:00:00+00:00,0.009170,900
2026-07-24T12:15:00+00:00,0.008600,900
2026-07-24T12:30:00+00:00,0.009350,900
2026-07-24T12:45:00+00:00,0.014340,900
2026-07-24T13:00:00+00:00,0.003860,900
2026-07-24T13:15:00+00:00,0.007150,900
2026-07-24T13:30:00+00:00,0.020110,900
2026-07-24T13:45:00+00:00,0.039910,900
2026-07-24T14:00:00+00:00,0.029700,900
2026-07-24T14:15:00+00:00,0.055160,900
2026-07-24T14:30:00+00:00,0.074310,900
2026-07-24T14:45:00+00:00,0.092830,900
2026-07-24T15:00:00+00:00,0.070430,900
2026-07-24T15:15:00+00:00,0.103170,900
2026-07-24T15:30:00+00:00,0.120130,900
2026-07-24T15:45:00+00:00,0.140870,900
2026-07-24T16:00:00+00:00,0.123260,900
2026-07-24T16:15:00+00:00,0.145400,900
2026-07-24T16:30:00+00:00,0.160020,900
2026-07-24T16:45:00+00:00,0.179820,900
2026-07-24T17:00:00+00:00,0.149310,900
2026-07-24T17:15:00+00:00,0.173610,900
2026-07-24T17:30:00+00:00,0.190230,900
2026-07-24T17:45:00+00:00,0.204950,900
2026-07-24T18:00:00+00:00,0.188540,900
2026-07-24T18:15:00+00:00,0.194590,900
2026-07-24T18:30:00+00:00,0.207210,900
2026-07-24T18:45:00+00:00,0.213380,900
2026-07-24T19:00:00+00:00,0.210530,900
2026-07-24T19:15:00+00:00,0.207800,900
2026-07-24T19:30:00+00:00,0.201880,900
2026-07-24T19:45:00+00:00,0.195720,900
2026-07-24T20:00:00+00:00,0.208260,900
2026-07-24T20:15:00+00:00,0.197900,900
2026-07-24T20:30:00+00:00,0.188640,900
2026-07-24T20:45:00+00:00,0.184500,900
2026-07-24T21:00:00+00:00,0.185480,900
2026-07-24T21:15:00+00:00,0.183000,900
2026-07-24T21:30:00+00:00,0.181310,900
2026-07-24T21:45:00+00:00,0.170670,900
2026-07-24T22:00:00+00:00,0.175920,900
2026-07-24T22:15:00+00:00,0.168630,900
2026-07-24T22:30:00+00:00,0.164660,900
2026-07-24T22:45:00+00:00,0.154180,900
2026-07-24T23:00:00+00:00,0.170010,900
2026-07-24T23:15:00+00:00,0.156890,900
2026-07-24T23:30:00+00:00,0.161640,900
2026-07-24T23:45:00+00:00,0.158100,900
2026-07-25T00:00:00+00:00,0.162000,900
2026-07-25T00:15:00+00:00,0.157830,900
2026-07-25T00:30:00+00:00,0.159060,900
2026-07-25T00:45:00+00:00,0.154490,900
2026-07-25T01:00:00+00:00,0.156420,900
2026-07-25T01:15:00+00:00,0.156850,900
2026-07-25T01:30:00+00:00,0.156230,900
2026-07-25T01:45:00+00:00,0.152000,900
2026-07-25T02:00:00+00:00,0.149290,900
2026-07-25T02:15:00+00:00,0.146880,900
2026-07-25T02:30:00+00:00,0.146580,900
2026-07-25T02:45:00+00:00,0.149170,900
2026-07-25T03:00:00+00:00,0.145760,900
2026-07-25T03:15:00+00:00,0.145600,900
2026-07-25T03:30:00+00:00,0.147970,900
2026-07-25T03:45:00+00:00,0.140760,900
2026-07-25T04:00:00+00:00,0.155340,900
2026-07-25T04:15:00+00:00,0.135920,900
2026-07-25T04:30:00+00:00,0.129100,900
2026-07-25T04:45:00+00:00,0.117460,900
2026-07-25T05:00:00+00:00,0.135550,900
2026-07-25T05:15:00+00:00,0.119850,900
2026-07-25T05:30:00+00:00,0.107520,900
2026-07-25T05:45:00+00:00,0.097310,900
2026-07-25T06:00:00+00:00,0.123360,900
2026-07-25T06:15:00+00:00,0.103020,900
2026-07-25T06:30:00+00:00,0.080290,900
2026-07-25T06:45:00+00:00,0.029080,900
2026-07-25T07:00:00+00:00,0.039420,900
2026-07-25T07:15:00+00:00,0.005030,900
2026-07-25T07:30:00+00:00,0.000010,900
2026-07-25T07:45:00+00:00,0.000000,900
2026-07-25T08:00:00+00:00,0.000000,900
2026-07-25T08:15:00+00:00,-0.000010,900
2026-07-25T08:30:00+00:00,-0.000070,900
2026-07-25T08:45:00+00:00,-0.000390,900
2026-07-25T09:00:00+00:00,-0.000820,900
2026-07-25T09:15:00+00:00,-0.001190,900
2026-07-25T09:30:00+00:00,-0.003410,900
2026-07-25T09:45:00+00:00,-0.005010,900
2026-07-25T10:00:00+00:00,-0.004820,900
2026-07-25T10:15:00+00:00,-0.005000,900
2026-07-25T10:30:00+00:00,-0.005540,900
2026-07-25T10:45:00+00:00,-0.008460,900
2026-07-25T11:00:00+00:00,-0.007920,900
2026-07-25T11:15:00+00:00,-0.009900,900
2026-07-25T11:30:00+00:00,-0.010430,900
2026-07-25T11:45:00+00:00,-0.011360,900
2026-07-25T12:00:00+00:00,-0.013240,900
2026-07-25T12:15:00+00:00,-0.012340,900
2026-07-25T12:30:00+00:00,-0.009900,900
2026-07-25T12:45:00+00:00,-0.007040,900
2026-07-25T13:00:00+00:00,-0.005600,900
2026-07-25T13:15:00+00:00,-0.003280,900
2026-07-25T13:30:00+00:00,-0.002320,900
2026-07-25T13:45:00+00:00,-0.001310,900
2026-07-25T14:00:00+00:00,-0.001360,900
2026-07-25T14:15:00+00:00,-0.000120,900
2026-07-25T14:30:00+00:00,-0.000090,900
2026-07-25T14:45:00+00:00,-0.000010,900
2026-07-25T15:00:00+00:00,-0.000010,900
2026-07-25T15:15:00+00:00,0.000000,900
2026-07-25T15:30:00+00:00,0.002420,900
2026-07-25T15:45:00+00:00,0.040000,900
2026-07-25T16:00:00+00:00,0.021840,900
2026-07-25T16:15:00+00:00,0.096270,900
2026-07-25T16:30:00+00:00,0.118410,900
2026-07-25T16:45:00+00:00,0.139980,900
2026-07-25T17:00:00+00:00,0.138920,900
2026-07-25T17:15:00+00:00,0.150860,900
2026-07-25T17:30:00+00:00,0.163440,900
2026-07-25T17:45:00+00:00,0.174910,900
2026-07-25T18:00:00+00:00,0.163370,900
2026-07-25T18:15:00+00:00,0.174820,900
2026-07-25T18:30:00+00:00,0.173610,900
2026-07-25T18:45:00+00:00,0.171170,900
2026-07-25T19:00:00+00:00,0.174860,900
2026-07-25T19:15:00+00:00,0.171940,900
2026-07-25T19:30:00+00:00,0.165500,900
2026-07-25T19:45:00+00:00,0.164780,900
2026-07-25T20:00:00+00:00,0.173220,900
2026-07-25T20:15:00+00:00,0.165160,900
2026-07-25T20:30:00+00:00,0.164990,900
2026-07-25T20:45:00+00:00,0.158560,900
2026-07-25T21:00:00+00:00,0.166840,900
2026-07-25T21:15:00+00:00,0.160330,900
2026-07-25T21:30:00+00:00,0.160640,900
2026-07-25T21:45:00+00:00,0.152190,900
2026-07-25T22:00:00+00:00,0.147950,900
2026-07-25T22:15:00+00:00,0.153860,900
2026-07-25T22:30:00+00:00,0.156170,900
2026-07-25T22:45:00+00:00,0.156250,900
2026-07-25T23:00:00+00:00,0.158130,900
2026-07-25T23:15:00+00:00,0.157760,900
2026-07-25T23:30:00+00:00,0.149730,900
2026-07-25T23:45:00+00:00,0.149780,900
2026-07-26T00:00:00+00:00,0.142920,900
2026-07-26T00:15:00+00:00,0.143480,900
2026-07-26T00:30:00+00:00,0.145730,900
2026-07-26T00:45:00+00:00,0.151320,900
2026-07-26T01:00:00+00:00,0.145710,900
2026-07-26T01:15:00+00:00,0.150820,900
2026-07-26T01:30:00+00:00,0.148400,900
2026-07-26T01:45:00+00:00,0.146240,900
2026-07-26T02:00:00+00:00,0.150980,900
2026-07-26T02:15:00+00:00,0.142380,900
2026-07-26T02:30:00+00:00,0.140480,900
2026-07-26T02:45:00+00:00,0.138230,900
2026-07-26T03:00:00+00:00,0.136760,900
2026-07-26T03:15:00+00:00,0.135560,900
2026-07-26T03:30:00+00:00,0.134380,900
2026-07-26T03:45:00+00:00,0.133540,900
2026-07-26T04:00:00+00:00,0.126640,900
2026-07-26T04:15:00+00:00,0.120230,900
2026-07-26T04:30:00+00:00,0.114600,900
2026-07-26T04:45:00+00:00,0.112700,900
2026-07-26T05:00:00+00:00,0.112300,900
2026-07-26T05:15:00+00:00,0.106010,900
2026-07-26T05:30:00+00:00,0.103620,900
2026-07-26T05:45:00+00:00,0.099920,900
2026-07-26T06:00:00+00:00,0.104330,900
2026-07-26T06:15:00+00:00,0.106890,900
2026-07-26T06:30:00+00:00,0.094370,900
2026-07-26T06:45:00+00:00,0.084440,900
2026-07-26T07:00:00+00:00,0.100340,900
2026-07-26T07:15:00+00:00,0.079130,900
2026-07-26T07:30:00+00:00,0.051150,900
2026-07-26T07:45:00+00:00,0.012100,900
2026-07-26T08:00:00+00:00,0.038190,900
2026-07-26T08:15:00+00:00,0.009450,900
2026-07-26T08:30:00+00:00,0.000170,900
2026-07-26T08:45:00+00:00,0.000000,900
2026-07-26T09:00:00+00:00,0.000000,900
2026-07-26T09:15:00+00:00,-0.000010,900
2026-07-26T09:30:00+00:00,-0.000010,900
2026-07-26T09:45:00+00:00,0.000010,900
2026-07-26T10:00:00+00:00,-0.000030,900
2026-07-26T10:15:00+00:00,-0.000040,900
2026-07-26T10:30:00+00:00,-0.000080,900
2026-07-26T10:45:00+00:00,-0.000110,900
2026-07-26T11:00:00+00:00,-0.000120,900
2026-07-26T11:15:00+00:00,-0.000120,900
2026-07-26T11:30:00+00:00,-0.000120,900
2026-07-26T11:45:00+00:00,-0.000720,900
2026-07-26T12:00:00+00:00,-0.000710,900
2026-07-26T12:15:00+00:00,-0.000670,900
2026-07-26T12:30:00+00:00,-0.000670,900
2026-07-26T12:45:00+00:00,-0.000670,900
2026-07-26T13:00:00+00:00,-0.000850,900
2026-07-26T13:15:00+00:00,-0.000880,900
2026-07-26T13:30:00+00:00,-0.000930,900
2026-07-26T13:45:00+00:00,-0.000930,900
2026-07-26T14:00:00+00:00,-0.000230,900
2026-07-26T14:15:00+00:00,-0.000190,900
2026-07-26T14:30:00+00:00,-0.000360,900
2026-07-26T14:45:00+00:00,0.001800,900
2026-07-26T15:00:00+00:00,0.004320,900
2026-07-26T15:15:00+00:00,0.030100,900
2026-07-26T15:30:00+00:00,0.056920,900
2026-07-26T15:45:00+00:00,0.093010,900
2026-07-26T16:00:00+00:00,0.067800,900
2026-07-26T16:15:00+00:00,0.094280,900
2026-07-26T16:30:00+00:00,0.108220,900
2026-07-26T16:45:00+00:00,0.114630,900
2026-07-26T17:00:00+00:00,0.117660,900
2026-07-26T17:15:00+00:00,0.126200,900
2026-07-26T17:30:00+00:00,0.132760,900
2026-07-26T17:45:00+00:00,0.140100,900
2026-07-26T18:00:00+00:00,0.148190,900
2026-07-26T18:15:00+00:00,0.155580,900
2026-07-26T18:30:00+00:00,0.154850,900
2026-07-26T18:45:00+00:00,0.156780,900
2026-07-26T19:00:00+00:00,0.158590,900
2026-07-26T19:15:00+00:00,0.156170,900
2026-07-26T19:30:00+00:00,0.152210,900
2026-07-26T19:45:00+00:00,0.149990,900
2026-07-26T20:00:00+00:00,0.160070,900
2026-07-26T20:15:00+00:00,0.150260,900
2026-07-26T20:30:00+00:00,0.147980,900
2026-07-26T20:45:00+00:00,0.139840,900
2026-07-26T21:00:00+00:00,0.145350,900
2026-07-26T21:15:00+00:00,0.138090,900
2026-07-26T21:30:00+00:00,0.136730,900
2026-07-26T21:45:00+00:00,0.127010,900
