timestamp,price_eur_kwh,resolution_s
2025-01-01T00:00:00+00:00,0.006240,3600
2025-01-01T01:00:00+00:00,0.004160,3600
2025-01-01T02:00:00+00:00,0.003280,3600
2025-01-01T03:00:00+00:00,0.000680,3600
2025-01-01T04:00:00+00:00,0.000000,3600
2025-01-01T05:00:00+00:00,0.000760,3600
2025-01-01T06:00:00+00:00,0.000790,3600
2025-01-01T07:00:00+00:00,0.001890,3600
2025-01-01T08:00:00+00:00,0.007500,3600
2025-01-01T09:00:00+00:00,0.027320,3600
2025-01-01T10:00:00+00:00,0.037490,3600
2025-01-01T11:00:00+00:00,0.060100,3600
2025-01-01T12:00:00+00:00,0.063320,3600
2025-01-01T13:00:00+00:00,0.047000,3600
2025-01-01T14:00:00+00:00,0.050100,3600
2025-01-01T15:00:00+00:00,0.027640,3600
2025-01-01T16:00:00+00:00,0.079970,3600
2025-01-01T17:00:00+00:00,0.095000,3600
2025-01-01T18:00:00+00:00,0.095000,3600
2025-01-01T19:00:00+00:00,0.081490,3600
2025-01-01T20:00:00+00:00,0.068960,3600
2025-01-01T21:00:00+00:00,0.046370,3600
2025-01-01T22:00:00+00:00,0.038000,3600
2025-01-01T23:00:00+00:00,0.101940,3600
2025-01-02T00:00:00+00:00,0.146950,3600
2025-01-02T01:00:00+00:00,0.148440,3600
2025-01-02T02:00:00+00:00,0.138000,3600
2025-01-02T03:00:00+00:00,0.100100,3600
2025-01-02T04:00:00+00:00,0.107470,3600
2025-01-02T05:00:00+00:00,0.154680,3600
2025-01-02T06:00:00+00:00,0.174700,3600
2025-01-02T07:00:00+00:00,0.175070,3600
2025-01-02T08:00:00+00:00,0.165370,3600
2025-01-02T09:00:00+00:00,0.136000,3600
2025-01-02T10:00:00+00:00,0.111930,3600
2025-01-02T11:00:00+00:00,0.101520,3600
2025-01-02T12:00:00+00:00,0.105600,3600
2025-01-02T13:00:00+00:00,0.118950,3600
2025-01-02T14:00:00+00:00,0.130110,3600
2025-01-02T15:00:00+00:00,0.138810,3600
2025-01-02T16:00:00+00:00,0.153000,3600
2025-01-02T17:00:00+00:00,0.152990,3600
2025-01-02T18:00:00+00:00,0.128000,3600
2025-01-02T19:00:00+00:00,0.129170,3600
2025-01-02T20:00:00+00:00,0.120000,3600
2025-01-02T21:00:00+00:00,0.119900,3600
2025-01-02T22:00:00+00:00,0.116070,3600
2025-01-02T23:00:00+00:00,0.114320,3600
2025-01-03T00:00:00+00:00,0.115000,3600
2025-01-03T01:00:00+00:00,0.103000,3600
2025-01-03T02:00:00+00:00,0.098000,3600
2025-01-03T03:00:00+00:00,0.078150,3600
2025-01-03T04:00:00+00:00,0.071000,3600
2025-01-03T05:00:00+00:00,0.068960,3600
2025-01-03T06:00:00+00:00,0.086000,3600
2025-01-03T07:00:00+00:00,0.112640,3600
2025-01-03T08:00:00+00:00,0.134510,3600
2025-01-03T09:00:00+00:00,0.100000,3600
2025-01-03T10:00:00+00:00,0.086600,3600
2025-01-03T11:00:00+00:00,0.083800,3600
2025-01-03T12:00:00+00:00,0.097200,3600
2025-01-03T13:00:00+00:00,0.117050,3600
2025-01-03T14:00:00+00:00,0.149990,3600
2025-01-03T15:00:00+00:00,0.125800,3600
2025-01-03T16:00:00+00:00,0.149930,3600
2025-01-03T17:00:00+00:00,0.133200,3600
2025-01-03T18:00:00+00:00,0.124300,3600
2025-01-03T19:00:00+00:00,0.125000,3600
2025-01-03T20:00:00+00:00,0.155200,3600
2025-01-03T21:00:00+00:00,0.133200,3600
2025-01-03T22:00:00+00:00,0.192700,3600
2025-01-03T23:00:00+00:00,0.136400,3600
2025-01-04T00:00:00+00:00,0.130390,3600
2025-01-04T01:00:00+00:00,0.106700,3600
2025-01-04T02:00:00+00:00,0.099000,3600
2025-01-04T03:00:00+00:00,0.096090,3600
2025-01-04T04:00:00+00:00,0.102220,3600
2025-01-04T05:00:00+00:00,0.110700,3600
2025-01-04T06:00:00+00:00,0.120020,3600
2025-01-04T07:00:00+00:00,0.128390,3600
2025-01-04T08:00:00+00:00,0.130750,3600
2025-01-04T09:00:00+00:00,0.130340,3600
2025-01-04T10:00:00+00:00,0.128290,3600
2025-01-04T11:00:00+00:00,0.130030,3600
2025-01-04T12:00:00+00:00,0.129850,3600
2025-01-04T13:00:00+00:00,0.136400,3600
2025-01-04T14:00:00+00:00,0.138760,3600
2025-01-04T15:00:00+00:00,0.141200,3600
2025-01-04T16:00:00+00:00,0.149830,3600
2025-01-04T17:00:00+00:00,0.144170,3600
2025-01-04T18:00:00+00:00,0.138380,3600
2025-01-04T19:00:00+00:00,0.129730,3600
2025-01-04T20:00:00+00:00,0.123070,3600
2025-01-04T21:00:00+00:00,0.118540,3600
2025-01-04T22:00:00+00:00,0.109610,3600
2025-01-04T23:00:00+00:00,0.111610,3600
2025-01-05T00:00:00+00:00,0.094760,3600
2025-01-05T01:00:00+00:00,0.085620,3600
2025-01-05T02:00:00+00:00,0.082940,3600
2025-01-05T03:00:00+00:00,0.074730,3600
2025-01-05T04:00:00+00:00,0.067000,3600
2025-01-05T05:00:00+00:00,0.065670,3600
2025-01-05T06:00:00+00:00,0.064220,3600
2025-01-05T07:00:00+00:00,0.075500,3600
2025-01-05T08:00:00+00:00,0.075700,3600
2025-01-05T09:00:00+00:00,0.082950,3600
2025-01-05T10:00:00+00:00,0.080020,3600
2025-01-05T11:00:00+00:00,0.081660,3600
2025-01-05T12:00:00+00:00,0.065320,3600
2025-01-05T13:00:00+00:00,0.059670,3600
2025-01-05T14:00:00+00:00,0.049980,3600
2025-01-05T15:00:00+00:00,0.049910,3600
2025-01-05T16:00:00+00:00,0.063230,3600
2025-01-05T17:00:00+00:00,0.061130,3600
2025-01-05T18:00:00+00:00,0.052080,3600
2025-01-05T19:00:00+00:00,0.040880,3600
2025-01-05T20:00:00+00:00,0.039000,3600
2025-01-05T21:00:00+00:00,0.032480,3600
2025-01-05T22:00:00+00:00,0.020360,3600
2025-01-05T23:00:00+00:00,0.025990,3600
2025-01-06T00:00:00+00:00,0.009650,3600
2025-01-06T01:00:00+00:00,0.006200,3600
2025-01-06T02:00:00+00:00,0.002770,3600
2025-01-06T03:00:00+00:00,0.001970,3600
2025-01-06T04:00:00+00:00,0.003690,3600
2025-01-06T05:00:00+00:00,0.010000,3600
2025-01-06T06:00:00+00:00,0.045540,3600
2025-01-06T07:00:00+00:00,0.072000,3600
2025-01-06T08:00:00+00:00,0.077030,3600
2025-01-06T09:00:00+00:00,0.060000,3600
2025-01-06T10:00:00+00:00,0.040280,3600
2025-01-06T11:00:00+00:00,0.042060,3600
2025-01-06T12:00:00+00:00,0.045060,3600
2025-01-06T13:00:00+00:00,0.064570,3600
2025-01-06T14:00:00+00:00,0.077940,3600
2025-01-06T15:00:00+00:00,0.077920,3600
2025-01-06T16:00:00+00:00,0.102910,3600
2025-01-06T17:00:00+00:00,0.126660,3600
2025-01-06T18:00:00+00:00,0.119950,3600
2025-01-06T19:00:00+00:00,0.099900,3600
2025-01-06T20:00:00+00:00,0.079940,3600
2025-01-06T21:00:00+00:00,0.073430,3600
2025-01-06T22:00:00+00:00,0.050960,3600
2025-01-06T23:00:00+00:00,0.019510,3600
2025-01-07T00:00:00+00:00,0.008710,3600
2025-01-07T01:00:00+00:00,0.008900,3600
2025-01-07T02:00:00+00:00,0.005010,3600
2025-01-07T03:00:00+00:00,0.005130,3600
2025-01-07T04:00:00+00:00,0.005800,3600
2025-01-07T05:00:00+00:00,0.060000,3600
2025-01-07T06:00:00+00:00,0.116560,3600
2025-01-07T07:00:00+00:00,0.165980,3600
2025-01-07T08:00:00+00:00,0.138500,3600
2025-01-07T09:00:00+00:00,0.110740,3600
2025-01-07T10:00:00+00:00,0.079950,3600
2025-01-07T11:00:00+00:00,0.070100,3600
2025-01-07T12:00:00+00:00,0.067330,3600
2025-01-07T13:00:00+00:00,0.075000,3600
2025-01-07T14:00:00+00:00,0.084900,3600
2025-01-07T15:00:00+00:00,0.125580,3600
2025-01-07T16:00:00+00:00,0.160700,3600
2025-01-07T17:00:00+00:00,0.173860,3600
2025-01-07T18:00:00+00:00,0.127500,3600
2025-01-07T19:00:00+00:00,0.102900,3600
2025-01-07T20:00:00+00:00,0.097600,3600
2025-01-07T21:00:00+00:00,0.082200,3600
2025-01-07T22:00:00+00:00,0.080010,3600
2025-01-07T23:00:00+00:00,0.066190,3600
2025-01-08T00:00:00+00:00,0.052960,3600
2025-01-08T01:00:00+00:00,0.050170,3600
2025-01-08T02:00:00+00:00,0.049900,3600
2025-01-08T03:00:00+00:00,0.052800,3600
2025-01-08T04:00:00+00:00,0.068930,3600
2025-01-08T05:00:00+00:00,0.075100,3600
2025-01-08T06:00:00+00:00,0.120460,3600
2025-01-08T07:00:00+00:00,0.141040,3600
2025-01-08T08:00:00+00:00,0.146770,3600
2025-01-08T09:00:00+00:00,0.125600,3600
2025-01-08T10:00:00+00:00,0.108630,3600
2025-01-08T11:00:00+00:00,0.105870,3600
2025-01-08T12:00:00+00:00,0.102370,3600
2025-01-08T13:00:00+00:00,0.110280,3600
2025-01-08T14:00:00+00:00,0.127970,3600
2025-01-08T15:00:00+00:00,0.137310,3600
2025-01-08T16:00:00+00:00,0.157350,3600
2025-01-08T17:00:00+00:00,0.162000,3600
2025-01-08T18:00:00+00:00,0.146660,3600
2025-01-08T19:00:00+00:00,0.134870,3600
2025-01-08T20:00:00+00:00,0.125110,3600
2025-01-08T21:00:00+00:00,0.114400,3600
2025-01-08T22:00:00+00:00,0.100500,3600
2025-01-08T23:00:00+00:00,0.099980,3600
2025-01-09T00:00:00+00:00,0.100000,3600
2025-01-09T01:00:00+00:00,0.092460,3600
2025-01-09T02:00:00+00:00,0.085100,3600
2025-01-09T03:00:00+00:00,0.084640,3600
2025-01-09T04:00:00+00:00,0.090770,3600
2025-01-09T05:00:00+00:00,0.121040,3600
2025-01-09T06:00:00+00:00,0.141900,3600
2025-01-09T07:00:00+00:00,0.152280,3600
2025-01-09T08:00:00+00:00,0.145410,3600
2025-01-09T09:00:00+00:00,0.138910,3600
2025-01-09T10:00:00+00:00,0.131910,3600
2025-01-09T11:00:00+00:00,0.122390,3600
2025-01-09T12:00:00+00:00,0.114850,3600
2025-01-09T13:00:00+00:00,0.116270,3600
2025-01-09T14:00:00+00:00,0.121290,3600
2025-01-09T15:00:00+00:00,0.122000,3600
2025-01-09T16:00:00+00:00,0.131070,3600
2025-01-09T17:00:00+00:00,0.134520,3600
2025-01-09T18:00:00+00:00,0.112950,3600
2025-01-09T19:00:00+00:00,0.119230,3600
2025-01-09T20:00:00+00:00,0.105170,3600
2025-01-09T21:00:00+00:00,0.100920,3600
2025-01-09T22:00:00+00:00,0.080010,3600
2025-01-09T23:00:00+00:00,0.090970,3600
2025-01-10T00:00:00+00:00,0.080230,3600
2025-01-10T01:00:00+00:00,0.071400,3600
2025-01-10T02:00:00+00:00,0.069200,3600
2025-01-10T03:00:00+00:00,0.069920,3600
2025-01-10T04:00:00+00:00,0.084170,3600
2025-01-10T05:00:00+00:00,0.099090,3600
2025-01-10T06:00:00+00:00,0.123920,3600
2025-01-10T07:00:00+00:00,0.139690,3600
2025-01-10T08:00:00+00:00,0.136980,3600
2025-01-10T09:00:00+00:00,0.123570,3600
2025-01-10T10:00:00+00:00,0.113590,3600
2025-01-10T11:00:00+00:00,0.107430,3600
2025-01-10T12:00:00+00:00,0.105010,3600
2025-01-10T13:00:00+00:00,0.110010,3600
2025-01-10T14:00:00+00:00,0.128690,3600
2025-01-10T15:00:00+00:00,0.135010,3600
2025-01-10T16:00:00+00:00,0.142600,3600
2025-01-10T17:00:00+00:00,0.144150,3600
2025-01-10T18:00:00+00:00,0.141100,3600
2025-01-10T19:00:00+00:00,0.134820,3600
2025-01-10T20:00:00+00:00,0.122510,3600
2025-01-10T21:00:00+00:00,0.119770,3600
2025-01-10T22:00:00+00:00,0.111740,3600
2025-01-10T23:00:00+00:00,0.118880,3600
2025-01-11T00:00:00+00:00,0.104090,3600
2025-01-11T01:00:00+00:00,0.097400,3600
2025-01-11T02:00:00+00:00,0.095800,3600
2025-01-11T03:00:00+00:00,0.095000,3600
2025-01-11T04:00:00+00:00,0.098610,3600
2025-01-11T05:00:00+00:00,0.105100,3600
2025-01-11T06:00:00+00:00,0.119900,3600
2025-01-11T07:00:00+00:00,0.128340,3600
2025-01-11T08:00:00+00:00,0.141930,3600
2025-01-11T09:00:00+00:00,0.127810,3600
2025-01-11T10:00:00+00:00,0.101610,3600
2025-01-11T11:00:00+00:00,0.097570,3600
2025-01-11T12:00:00+00:00,0.093150,3600
2025-01-11T13:00:00+00:00,0.095740,3600
2025-01-11T14:00:00+00:00,0.105230,3600
2025-01-11T15:00:00+00:00,0.112460,3600
2025-01-11T16:00:00+00:00,0.120120,3600
2025-01-11T17:00:00+00:00,0.124100,3600
2025-01-11T18:00:00+00:00,0.135000,3600
2025-01-11T19:00:00+00:00,0.131400,3600
2025-01-11T20:00:00+00:00,0.124200,3600
2025-01-11T21:00:00+00:00,0.124190,3600
2025-01-11T22:00:00+00:00,0.105940,3600
2025-01-11T23:00:00+00:00,0.140600,3600
2025-01-12T00:00:00+00:00,0.115000,3600
2025-01-12T01:00:00+00:00,0.100000,3600
2025-01-12T02:00:00+00:00,0.090000,3600
2025-01-12T03:00:00+00:00,0.085000,3600
2025-01-12T04:00:00+00:00,0.089900,3600
2025-01-12T05:00:00+00:00,0.097000,3600
2025-01-12T06:00:00+00:00,0.101750,3600
2025-01-12T07:00:00+00:00,0.114760,3600
2025-01-12T08:00:00+00:00,0.120070,3600
2025-01-12T09:00:00+00:00,0.117770,3600
2025-01-12T10:00:00+00:00,0.105610,3600
2025-01-12T11:00:00+00:00,0.102990,3600
2025-01-12T12:00:00+00:00,0.099610,3600
2025-01-12T13:00:00+00:00,0.103230,3600
2025-01-12T14:00:00+00:00,0.116320,3600
2025-01-12T15:00:00+00:00,0.129520,3600
2025-01-12T16:00:00+00:00,0.138120,3600
2025-01-12T17:00:00+00:00,0.146660,3600
2025-01-12T18:00:00+00:00,0.142790,3600
2025-01-12T19:00:00+00:00,0.133110,3600
2025-01-12T20:00:00+00:00,0.126850,3600
2025-01-12T21:00:00+00:00,0.120450,3600
2025-01-12T22:00:00+00:00,0.114900,3600
2025-01-12T23:00:00+00:00,0.112390,3600
2025-01-13T00:00:00+00:00,0.105070,3600
2025-01-13T01:00:00+00:00,0.104460,3600
2025-01-13T02:00:00+00:00,0.100370,3600
2025-01-13T03:00:00+00:00,0.100000,3600
2025-01-13T04:00:00+00:00,0.109970,3600
2025-01-13T05:00:00+00:00,0.138670,3600
2025-01-13T06:00:00+00:00,0.177830,3600
2025-01-13T07:00:00+00:00,0.218800,3600
2025-01-13T08:00:00+00:00,0.171000,3600
2025-01-13T09:00:00+00:00,0.139970,3600
2025-01-13T10:00:00+00:00,0.115580,3600
2025-01-13T11:00:00+00:00,0.104830,3600
2025-01-13T12:00:00+00:00,0.103110,3600
2025-01-13T13:00:00+00:00,0.105550,3600
2025-01-13T14:00:00+00:00,0.135340,3600
2025-01-13T15:00:00+00:00,0.140820,3600
2025-01-13T16:00:00+00:00,0.149000,3600
2025-01-13T17:00:00+00:00,0.140410,3600
2025-01-13T18:00:00+00:00,0.119600,3600
2025-01-13T19:00:00+00:00,0.105000,3600
2025-01-13T20:00:00+00:00,0.118270,3600
2025-01-13T21:00:00+00:00,0.109000,3600
2025-01-13T22:00:00+00:00,0.095800,3600
2025-01-13T23:00:00+00:00,0.089370,3600
2025-01-14T00:00:00+00:00,0.088750,3600
2025-01-14T01:00:00+00:00,0.082610,3600
2025-01-14T02:00:00+00:00,0.082060,3600
2025-01-14T03:00:00+00:00,0.091090,3600
2025-01-14T04:00:00+00:00,0.100550,3600
2025-01-14T05:00:00+00:00,0.109900,3600
2025-01-14T06:00:00+00:00,0.152420,3600
2025-01-14T07:00:00+00:00,0.181310,3600
2025-01-14T08:00:00+00:00,0.151120,3600
2025-01-14T09:00:00+00:00,0.100400,3600
2025-01-14T10:00:00+00:00,0.104450,3600
2025-01-14T11:00:00+00:00,0.093720,3600
2025-01-14T12:00:00+00:00,0.105000,3600
2025-01-14T13:00:00+00:00,0.115560,3600
2025-01-14T14:00:00+00:00,0.126140,3600
2025-01-14T15:00:00+00:00,0.142580,3600
2025-01-14T16:00:00+00:00,0.166540,3600
2025-01-14T17:00:00+00:00,0.154140,3600
2025-01-14T18:00:00+00:00,0.127500,3600
2025-01-14T19:00:00+00:00,0.117000,3600
2025-01-14T20:00:00+00:00,0.111000,3600
2025-01-14T21:00:00+00:00,0.108430,3600
2025-01-14T22:00:00+00:00,0.121870,3600
2025-01-14T23:00:00+00:00,0.097170,3600
2025-01-15T00:00:00+00:00,0.099930,3600
2025-01-15T01:00:00+00:00,0.100000,3600
2025-01-15T02:00:00+00:00,0.106000,3600
2025-01-15T03:00:00+00:00,0.105350,3600
2025-01-15T04:00:00+00:00,0.112070,3600
2025-01-15T05:00:00+00:00,0.134680,3600
2025-01-15T06:00:00+00:00,0.191860,3600
2025-01-15T07:00:00+00:00,0.300710,3600
2025-01-15T08:00:00+00:00,0.306660,3600
2025-01-15T09:00:00+00:00,0.300000,3600
2025-01-15T10:00:00+00:00,0.282600,3600
2025-01-15T11:00:00+00:00,0.244270,3600
2025-01-15T12:00:00+00:00,0.230340,3600
2025-01-15T13:00:00+00:00,0.264580,3600
2025-01-15T14:00:00+00:00,0.272730,3600
2025-01-15T15:00:00+00:00,0.298920,3600
2025-01-15T16:00:00+00:00,0.350480,3600
2025-01-15T17:00:00+00:00,0.309560,3600
2025-01-15T18:00:00+00:00,0.262420,3600
2025-01-15T19:00:00+00:00,0.179450,3600
2025-01-15T20:00:00+00:00,0.150940,3600
2025-01-15T21:00:00+00:00,0.140850,3600
2025-01-15T22:00:00+00:00,0.123900,3600
2025-01-15T23:00:00+00:00,0.126060,3600
2025-01-16T00:00:00+00:00,0.118870,3600
2025-01-16T01:00:00+00:00,0.111300,3600
2025-01-16T02:00:00+00:00,0.104400,3600
2025-01-16T03:00:00+00:00,0.103120,3600
2025-01-16T04:00:00+00:00,0.114900,3600
2025-01-16T05:00:00+00:00,0.129900,3600
2025-01-16T06:00:00+00:00,0.169610,3600
2025-01-16T07:00:00+00:00,0.199730,3600
2025-01-16T08:00:00+00:00,0.175000,3600
2025-01-16T09:00:00+00:00,0.151900,3600
2025-01-16T10:00:00+00:00,0.140640,3600
2025-01-16T11:00:00+00:00,0.130560,3600
2025-01-16T12:00:00+00:00,0.128710,3600
2025-01-16T13:00:00+00:00,0.135050,3600
2025-01-16T14:00:00+00:00,0.156740,3600
2025-01-16T15:00:00+00:00,0.173170,3600
2025-01-16T16:00:00+00:00,0.187350,3600
2025-01-16T17:00:00+00:00,0.184320,3600
2025-01-16T18:00:00+00:00,0.179970,3600
2025-01-16T19:00:00+00:00,0.159600,3600
2025-01-16T20:00:00+00:00,0.141760,3600
2025-01-16T21:00:00+00:00,0.135450,3600
2025-01-16T22:00:00+00:00,0.123900,3600
2025-01-16T23:00:00+00:00,0.100000,3600
2025-01-17T00:00:00+00:00,0.110000,3600
2025-01-17T01:00:00+00:00,0.106350,3600
2025-01-17T02:00:00+00:00,0.105900,3600
2025-01-17T03:00:00+00:00,0.106060,3600
2025-01-17T04:00:00+00:00,0.112000,3600
2025-01-17T05:00:00+00:00,0.140800,3600
2025-01-17T06:00:00+00:00,0.175010,3600
2025-01-17T07:00:00+00:00,0.208130,3600
2025-01-17T08:00:00+00:00,0.175340,3600
2025-01-17T09:00:00+00:00,0.156830,3600
2025-01-17T10:00:00+00:00,0.140100,3600
2025-01-17T11:00:00+00:00,0.126440,3600
2025-01-17T12:00:00+00:00,0.124030,3600
2025-01-17T13:00:00+00:00,0.131200,3600
2025-01-17T14:00:00+00:00,0.147690,3600
2025-01-17T15:00:00+00:00,0.165020,3600
2025-01-17T16:00:00+00:00,0.177750,3600
2025-01-17T17:00:00+00:00,0.179920,3600
2025-01-17T18:00:00+00:00,0.174220,3600
2025-01-17T19:00:00+00:00,0.157910,3600
2025-01-17T20:00:00+00:00,0.145000,3600
2025-01-17T21:00:00+00:00,0.139970,3600
2025-01-17T22:00:00+00:00,0.126890,3600
2025-01-17T23:00:00+00:00,0.125340,3600
2025-01-18T00:00:00+00:00,0.121060,3600
2025-01-18T01:00:00+00:00,0.121000,3600
2025-01-18T02:00:00+00:00,0.118850,3600
2025-01-18T03:00:00+00:00,0.116490,3600
2025-01-18T04:00:00+00:00,0.119780,3600
2025-01-18T05:00:00+00:00,0.119810,3600
2025-01-18T06:00:00+00:00,0.133490,3600
2025-01-18T07:00:00+00:00,0.145650,3600
2025-01-18T08:00:00+00:00,0.144100,3600
2025-01-18T09:00:00+00:00,0.131370,3600
2025-01-18T10:00:00+00:00,0.121570,3600
2025-01-18T11:00:00+00:00,0.118870,3600
2025-01-18T12:00:00+00:00,0.115010,3600
2025-01-18T13:00:00+00:00,0.119030,3600
2025-01-18T14:00:00+00:00,0.130560,3600
2025-01-18T15:00:00+00:00,0.145500,3600
2025-01-18T16:00:00+00:00,0.161910,3600
2025-01-18T17:00:00+00:00,0.167570,3600
2025-01-18T18:00:00+00:00,0.167850,3600
2025-01-18T19:00:00+00:00,0.156120,3600
2025-01-18T20:00:00+00:00,0.143420,3600
2025-01-18T21:00:00+00:00,0.136400,3600
2025-01-18T22:00:00+00:00,0.129360,3600
2025-01-18T23:00:00+00:00,0.129750,3600
2025-01-19T00:00:00+00:00,0.124260,3600
2025-01-19T01:00:00+00:00,0.123100,3600
2025-01-19T02:00:00+00:00,0.121240,3600
2025-01-19T03:00:00+00:00,0.120180,3600
2025-01-19T04:00:00+00:00,0.120000,3600
2025-01-19T05:00:00+00:00,0.121580,3600
2025-01-19T06:00:00+00:00,0.123370,3600
2025-01-19T07:00:00+00:00,0.123600,3600
2025-01-19T08:00:00+00:00,0.125210,3600
2025-01-19T09:00:00+00:00,0.125270,3600
2025-01-19T10:00:00+00:00,0.121560,3600
2025-01-19T11:00:00+00:00,0.112250,3600
2025-01-19T12:00:00+00:00,0.107510,3600
2025-01-19T13:00:00+00:00,0.116810,3600
2025-01-19T14:00:00+00:00,0.124360,3600
2025-01-19T15:00:00+00:00,0.137570,3600
2025-01-19T16:00:00+00:00,0.148810,3600
2025-01-19T17:00:00+00:00,0.159190,3600
2025-01-19T18:00:00+00:00,0.156790,3600
2025-01-19T19:00:00+00:00,0.149310,3600
2025-01-19T20:00:00+00:00,0.139520,3600
2025-01-19T21:00:00+00:00,0.131140,3600
2025-01-19T22:00:00+00:00,0.122990,3600
2025-01-19T23:00:00+00:00,0.122270,3600
2025-01-20T00:00:00+00:00,0.119450,3600
2025-01-20T01:00:00+00:00,0.116560,3600
2025-01-20T02:00:00+00:00,0.114410,3600
2025-01-20T03:00:00+00:00,0.115450,3600
2025-01-20T04:00:00+00:00,0.125820,3600
2025-01-20T05:00:00+00:00,0.157700,3600
2025-01-20T06:00:00+00:00,0.260240,3600
2025-01-20T07:00:00+00:00,0.404110,3600
2025-01-20T08:00:00+00:00,0.291180,3600
2025-01-20T09:00:00+00:00,0.236290,3600
2025-01-20T10:00:00+00:00,0.187690,3600
2025-01-20T11:00:00+00:00,0.176130,3600
2025-01-20T12:00:00+00:00,0.171390,3600
2025-01-20T13:00:00+00:00,0.190300,3600
2025-01-20T14:00:00+00:00,0.262810,3600
2025-01-20T15:00:00+00:00,0.370280,3600
2025-01-20T16:00:00+00:00,0.523470,3600
2025-01-20T17:00:00+00:00,0.473280,3600
2025-01-20T18:00:00+00:00,0.295570,3600
2025-01-20T19:00:00+00:00,0.220000,3600
2025-01-20T20:00:00+00:00,0.170000,3600
2025-01-20T21:00:00+00:00,0.152740,3600
2025-01-20T22:00:00+00:00,0.137740,3600
2025-01-20T23:00:00+00:00,0.113000,3600
2025-01-21T00:00:00+00:00,0.106760,3600
2025-01-21T01:00:00+00:00,0.103800,3600
2025-01-21T02:00:00+00:00,0.109680,3600
2025-01-21T03:00:00+00:00,0.113000,3600
2025-01-21T04:00:00+00:00,0.120730,3600
2025-01-21T05:00:00+00:00,0.141780,3600
2025-01-21T06:00:00+00:00,0.166900,3600
2025-01-21T07:00:00+00:00,0.248320,3600
2025-01-21T08:00:00+00:00,0.212000,3600
2025-01-21T09:00:00+00:00,0.198050,3600
2025-01-21T10:00:00+00:00,0.162000,3600
2025-01-21T11:00:00+00:00,0.148370,3600
2025-01-21T12:00:00+00:00,0.143540,3600
2025-01-21T13:00:00+00:00,0.150480,3600
2025-01-21T14:00:00+00:00,0.171010,3600
2025-01-21T15:00:00+00:00,0.202770,3600
2025-01-21T16:00:00+00:00,0.282520,3600
2025-01-21T17:00:00+00:00,0.243960,3600
2025-01-21T18:00:00+00:00,0.199940,3600
2025-01-21T19:00:00+00:00,0.172160,3600
2025-01-21T20:00:00+00:00,0.153720,3600
2025-01-21T21:00:00+00:00,0.138310,3600
2025-01-21T22:00:00+00:00,0.125400,3600
2025-01-21T23:00:00+00:00,0.127300,3600
2025-01-22T00:00:00+00:00,0.123690,3600
2025-01-22T01:00:00+00:00,0.117430,3600
2025-01-22T02:00:00+00:00,0.114120,3600
2025-01-22T03:00:00+00:00,0.114620,3600
2025-01-22T04:00:00+00:00,0.125030,3600
2025-01-22T05:00:00+00:00,0.145000,3600
2025-01-22T06:00:00+00:00,0.195470,3600
2025-01-22T07:00:00+00:00,0.231360,3600
2025-01-22T08:00:00+00:00,0.199410,3600
2025-01-22T09:00:00+00:00,0.179060,3600
2025-01-22T10:00:00+00:00,0.172940,3600
2025-01-22T11:00:00+00:00,0.165000,3600
2025-01-22T12:00:00+00:00,0.170000,3600
2025-01-22T13:00:00+00:00,0.179400,3600
2025-01-22T14:00:00+00:00,0.193680,3600
2025-01-22T15:00:00+00:00,0.193010,3600
2025-01-22T16:00:00+00:00,0.197660,3600
2025-01-22T17:00:00+00:00,0.176520,3600
2025-01-22T18:00:00+00:00,0.167400,3600
2025-01-22T19:00:00+00:00,0.135820,3600
2025-01-22T20:00:00+00:00,0.127910,3600
2025-01-22T21:00:00+00:00,0.128510,3600
2025-01-22T22:00:00+00:00,0.115060,3600
2025-01-22T23:00:00+00:00,0.113920,3600
2025-01-23T00:00:00+00:00,0.109100,3600
2025-01-23T01:00:00+00:00,0.105620,3600
2025-01-23T02:00:00+00:00,0.100080,3600
2025-01-23T03:00:00+00:00,0.097770,3600
2025-01-23T04:00:00+00:00,0.100430,3600
2025-01-23T05:00:00+00:00,0.108560,3600
2025-01-23T06:00:00+00:00,0.138140,3600
2025-01-23T07:00:00+00:00,0.159350,3600
2025-01-23T08:00:00+00:00,0.155930,3600
2025-01-23T09:00:00+00:00,0.128000,3600
2025-01-23T10:00:00+00:00,0.111420,3600
2025-01-23T11:00:00+00:00,0.091400,3600
2025-01-23T12:00:00+00:00,0.088320,3600
2025-01-23T13:00:00+00:00,0.085860,3600
2025-01-23T14:00:00+00:00,0.092770,3600
2025-01-23T15:00:00+00:00,0.092550,3600
2025-01-23T16:00:00+00:00,0.109000,3600
2025-01-23T17:00:00+00:00,0.112000,3600
2025-01-23T18:00:00+00:00,0.099900,3600
2025-01-23T19:00:00+00:00,0.089500,3600
2025-01-23T20:00:00+00:00,0.077230,3600
2025-01-23T21:00:00+00:00,0.078490,3600
2025-01-23T22:00:00+00:00,0.060090,3600
2025-01-23T23:00:00+00:00,0.070330,3600
2025-01-24T00:00:00+00:00,0.058530,3600
2025-01-24T01:00:00+00:00,0.044240,3600
2025-01-24T02:00:00+00:00,0.039580,3600
2025-01-24T03:00:00+00:00,0.043810,3600
2025-01-24T04:00:00+00:00,0.066660,3600
2025-01-24T05:00:00+00:00,0.081400,3600
2025-01-24T06:00:00+00:00,0.109020,3600
2025-01-24T07:00:00+00:00,0.115240,3600
2025-01-24T08:00:00+00:00,0.096930,3600
2025-01-24T09:00:00+00:00,0.090000,3600
2025-01-24T10:00:00+00:00,0.079160,3600
2025-01-24T11:00:00+00:00,0.077240,3600
2025-01-24T12:00:00+00:00,0.075270,3600
2025-01-24T13:00:00+00:00,0.074880,3600
2025-01-24T14:00:00+00:00,0.078800,3600
2025-01-24T15:00:00+00:00,0.079900,3600
2025-01-24T16:00:00+00:00,0.090170,3600
2025-01-24T17:00:00+00:00,0.091970,3600
2025-01-24T18:00:00+00:00,0.093270,3600
2025-01-24T19:00:00+00:00,0.086740,3600
2025-01-24T20:00:00+00:00,0.082300,3600
2025-01-24T21:00:00+00:00,0.092930,3600
2025-01-24T22:00:00+00:00,0.087040,3600
2025-01-24T23:00:00+00:00,0.057360,3600
2025-01-25T00:00:00+00:00,0.077870,3600
2025-01-25T01:00:00+00:00,0.092000,3600
2025-01-25T02:00:00+00:00,0.105190,3600
2025-01-25T03:00:00+00:00,0.066810,3600
2025-01-25T04:00:00+00:00,0.067060,3600
2025-01-25T05:00:00+00:00,0.070620,3600
2025-01-25T06:00:00+00:00,0.072060,3600
2025-01-25T07:00:00+00:00,0.085020,3600
2025-01-25T08:00:00+00:00,0.085550,3600
2025-01-25T09:00:00+00:00,0.083360,3600
2025-01-25T10:00:00+00:00,0.087730,3600
2025-01-25T11:00:00+00:00,0.081820,3600
2025-01-25T12:00:00+00:00,0.081980,3600
2025-01-25T13:00:00+00:00,0.085090,3600
2025-01-25T14:00:00+00:00,0.103540,3600
2025-01-25T15:00:00+00:00,0.124110,3600
2025-01-25T16:00:00+00:00,0.138600,3600
2025-01-25T17:00:00+00:00,0.147100,3600
2025-01-25T18:00:00+00:00,0.144350,3600
2025-01-25T19:00:00+00:00,0.130750,3600
2025-01-25T20:00:00+00:00,0.126750,3600
2025-01-25T21:00:00+00:00,0.124500,3600
2025-01-25T22:00:00+00:00,0.114990,3600
2025-01-25T23:00:00+00:00,0.116400,3600
2025-01-26T00:00:00+00:00,0.107470,3600
2025-01-26T01:00:00+00:00,0.098130,3600
2025-01-26T02:00:00+00:00,0.097070,3600
2025-01-26T03:00:00+00:00,0.091710,3600
2025-01-26T04:00:00+00:00,0.094960,3600
2025-01-26T05:00:00+00:00,0.099430,3600
2025-01-26T06:00:00+00:00,0.105820,3600
2025-01-26T07:00:00+00:00,0.108360,3600
2025-01-26T08:00:00+00:00,0.106200,3600
2025-01-26T09:00:00+00:00,0.092440,3600
2025-01-26T10:00:00+00:00,0.098760,3600
2025-01-26T11:00:00+00:00,0.094820,3600
2025-01-26T12:00:00+00:00,0.080000,3600
2025-01-26T13:00:00+00:00,0.080100,3600
2025-01-26T14:00:00+00:00,0.095960,3600
2025-01-26T15:00:00+00:00,0.107680,3600
2025-01-26T16:00:00+00:00,0.115490,3600
2025-01-26T17:00:00+00:00,0.108020,3600
2025-01-26T18:00:00+00:00,0.081380,3600
2025-01-26T19:00:00+00:00,0.070640,3600
2025-01-26T20:00:00+00:00,0.060750,3600
2025-01-26T21:00:00+00:00,0.044340,3600
2025-01-26T22:00:00+00:00,0.022840,3600
2025-01-26T23:00:00+00:00,0.036100,3600
2025-01-27T00:00:00+00:00,0.030350,3600
2025-01-27T01:00:00+00:00,0.015770,3600
2025-01-27T02:00:00+00:00,0.012380,3600
2025-01-27T03:00:00+00:00,0.009100,3600
2025-01-27T04:00:00+00:00,0.019400,3600
2025-01-27T05:00:00+00:00,0.034270,3600
2025-01-27T06:00:00+00:00,0.054910,3600
2025-01-27T07:00:00+00:00,0.068000,3600
2025-01-27T08:00:00+00:00,0.062960,3600
2025-01-27T09:00:00+00:00,0.045000,3600
2025-01-27T10:00:00+00:00,0.038840,3600
2025-01-27T11:00:00+00:00,0.036190,3600
2025-01-27T12:00:00+00:00,0.037610,3600
2025-01-27T13:00:00+00:00,0.044520,3600
2025-01-27T14:00:00+00:00,0.074370,3600
2025-01-27T15:00:00+00:00,0.087720,3600
2025-01-27T16:00:00+00:00,0.107200,3600
2025-01-27T17:00:00+00:00,0.107670,3600
2025-01-27T18:00:00+00:00,0.093300,3600
2025-01-27T19:00:00+00:00,0.085100,3600
2025-01-27T20:00:00+00:00,0.076640,3600
2025-01-27T21:00:00+00:00,0.073450,3600
2025-01-27T22:00:00+00:00,0.060000,3600
2025-01-27T23:00:00+00:00,0.061600,3600
2025-01-28T00:00:00+00:00,0.055730,3600
2025-01-28T01:00:00+00:00,0.042950,3600
2025-01-28T02:00:00+00:00,0.051380,3600
2025-01-28T03:00:00+00:00,0.057770,3600
2025-01-28T04:00:00+00:00,0.057070,3600
2025-01-28T05:00:00+00:00,0.077820,3600
2025-01-28T06:00:00+00:00,0.103550,3600
2025-01-28T07:00:00+00:00,0.127600,3600
2025-01-28T08:00:00+00:00,0.117470,3600
2025-01-28T09:00:00+00:00,0.100200,3600
2025-01-28T10:00:00+00:00,0.098040,3600
2025-01-28T11:00:00+00:00,0.099620,3600
2025-01-28T12:00:00+00:00,0.098310,3600
2025-01-28T13:00:00+00:00,0.101220,3600
2025-01-28T14:00:00+00:00,0.113930,3600
2025-01-28T15:00:00+00:00,0.122460,3600
2025-01-28T16:00:00+00:00,0.125000,3600
2025-01-28T17:00:00+00:00,0.120500,3600
2025-01-28T18:00:00+00:00,0.117340,3600
2025-01-28T19:00:00+00:00,0.087840,3600
2025-01-28T20:00:00+00:00,0.078310,3600
2025-01-28T21:00:00+00:00,0.069000,3600
2025-01-28T22:00:00+00:00,0.055500,3600
2025-01-28T23:00:00+00:00,0.075790,3600
2025-01-29T00:00:00+00:00,0.071910,3600
2025-01-29T01:00:00+00:00,0.065740,3600
2025-01-29T02:00:00+00:00,0.059940,3600
2025-01-29T03:00:00+00:00,0.064010,3600
2025-01-29T04:00:00+00:00,0.070230,3600
2025-01-29T05:00:00+00:00,0.081160,3600
2025-01-29T06:00:00+00:00,0.126950,3600
2025-01-29T07:00:00+00:00,0.136200,3600
2025-01-29T08:00:00+00:00,0.130450,3600
2025-01-29T09:00:00+00:00,0.105050,3600
2025-01-29T10:00:00+00:00,0.089250,3600
2025-01-29T11:00:00+00:00,0.085000,3600
2025-01-29T12:00:00+00:00,0.085530,3600
2025-01-29T13:00:00+00:00,0.087670,3600
2025-01-29T14:00:00+00:00,0.102750,3600
2025-01-29T15:00:00+00:00,0.132720,3600
2025-01-29T16:00:00+00:00,0.149570,3600
2025-01-29T17:00:00+00:00,0.165000,3600
2025-01-29T18:00:00+00:00,0.148600,3600
2025-01-29T19:00:00+00:00,0.135300,3600
2025-01-29T20:00:00+00:00,0.122100,3600
2025-01-29T21:00:00+00:00,0.122350,3600
2025-01-29T22:00:00+00:00,0.100100,3600
2025-01-29T23:00:00+00:00,0.131340,3600
2025-01-30T00:00:00+00:00,0.125790,3600
2025-01-30T01:00:00+00:00,0.111900,3600
2025-01-30T02:00:00+00:00,0.104480,3600
2025-01-30T03:00:00+00:00,0.100000,3600
2025-01-30T04:00:00+00:00,0.101090,3600
2025-01-30T05:00:00+00:00,0.131360,3600
2025-01-30T06:00:00+00:00,0.149650,3600
2025-01-30T07:00:00+00:00,0.160300,3600
2025-01-30T08:00:00+00:00,0.151490,3600
2025-01-30T09:00:00+00:00,0.134900,3600
2025-01-30T10:00:00+00:00,0.123250,3600
2025-01-30T11:00:00+00:00,0.115740,3600
2025-01-30T12:00:00+00:00,0.113300,3600
2025-01-30T13:00:00+00:00,0.125740,3600
2025-01-30T14:00:00+00:00,0.142670,3600
2025-01-30T15:00:00+00:00,0.151050,3600
2025-01-30T16:00:00+00:00,0.178090,3600
2025-01-30T17:00:00+00:00,0.179930,3600
2025-01-30T18:00:00+00:00,0.161240,3600
2025-01-30T19:00:00+00:00,0.148490,3600
2025-01-30T20:00:00+00:00,0.132590,3600
2025-01-30T21:00:00+00:00,0.125730,3600
2025-01-30T22:00:00+00:00,0.120200,3600
2025-01-30T23:00:00+00:00,0.120000,3600
2025-01-31T00:00:00+00:00,0.116490,3600
2025-01-31T01:00:00+00:00,0.113600,3600
2025-01-31T02:00:00+00:00,0.111060,3600
2025-01-31T03:00:00+00:00,0.113480,3600
2025-01-31T04:00:00+00:00,0.119200,3600
2025-01-31T05:00:00+00:00,0.130000,3600
2025-01-31T06:00:00+00:00,0.155820,3600
2025-01-31T07:00:00+00:00,0.163700,3600
2025-01-31T08:00:00+00:00,0.154820,3600
2025-01-31T09:00:00+00:00,0.130100,3600
2025-01-31T10:00:00+00:00,0.126200,3600
2025-01-31T11:00:00+00:00,0.120060,3600
2025-01-31T12:00:00+00:00,0.121190,3600
2025-01-31T13:00:00+00:00,0.119300,3600
2025-01-31T14:00:00+00:00,0.144110,3600
2025-01-31T15:00:00+00:00,0.160460,3600
2025-01-31T16:00:00+00:00,0.177130,3600
2025-01-31T17:00:00+00:00,0.184480,3600
2025-01-31T18:00:00+00:00,0.178990,3600
2025-01-31T19:00:00+00:00,0.162660,3600
2025-01-31T20:00:00+00:00,0.152700,3600
2025-01-31T21:00:00+00:00,0.144410,3600
2025-01-31T22:00:00+00:00,0.131400,3600
2025-01-31T23:00:00+00:00,0.137000,3600
2025-02-01T00:00:00+00:00,0.129480,3600
2025-02-01T01:00:00+00:00,0.124280,3600
2025-02-01T02:00:00+00:00,0.118720,3600
2025-02-01T03:00:00+00:00,0.116200,3600
2025-02-01T04:00:00+00:00,0.118220,3600
2025-02-01T05:00:00+00:00,0.126610,3600
2025-02-01T06:00:00+00:00,0.144740,3600
2025-02-01T07:00:00+00:00,0.153460,3600
2025-02-01T08:00:00+00:00,0.142440,3600
2025-02-01T09:00:00+00:00,0.128400,3600
2025-02-01T10:00:00+00:00,0.120080,3600
2025-02-01T11:00:00+00:00,0.110290,3600
2025-02-01T12:00:00+00:00,0.103400,3600
2025-02-01T13:00:00+00:00,0.113700,3600
2025-02-01T14:00:00+00:00,0.126730,3600
2025-02-01T15:00:00+00:00,0.149460,3600
2025-02-01T16:00:00+00:00,0.163390,3600
2025-02-01T17:00:00+00:00,0.165770,3600
2025-02-01T18:00:00+00:00,0.162980,3600
2025-02-01T19:00:00+00:00,0.156600,3600
2025-02-01T20:00:00+00:00,0.145240,3600
2025-02-01T21:00:00+00:00,0.141730,3600
2025-02-01T22:00:00+00:00,0.131740,3600
2025-02-01T23:00:00+00:00,0.133260,3600
2025-02-02T00:00:00+00:00,0.126910,3600
2025-02-02T01:00:00+00:00,0.122990,3600
2025-02-02T02:00:00+00:00,0.120660,3600
2025-02-02T03:00:00+00:00,0.122340,3600
2025-02-02T04:00:00+00:00,0.123410,3600
2025-02-02T05:00:00+00:00,0.128090,3600
2025-02-02T06:00:00+00:00,0.135900,3600
2025-02-02T07:00:00+00:00,0.137300,3600
2025-02-02T08:00:00+00:00,0.137700,3600
2025-02-02T09:00:00+00:00,0.130040,3600
2025-02-02T10:00:00+00:00,0.129330,3600
2025-02-02T11:00:00+00:00,0.122240,3600
2025-02-02T12:00:00+00:00,0.111880,3600
2025-02-02T13:00:00+00:00,0.115360,3600
2025-02-02T14:00:00+00:00,0.124010,3600
2025-02-02T15:00:00+00:00,0.143940,3600
2025-02-02T16:00:00+00:00,0.159440,3600
2025-02-02T17:00:00+00:00,0.171200,3600
2025-02-02T18:00:00+00:00,0.173950,3600
2025-02-02T19:00:00+00:00,0.165500,3600
2025-02-02T20:00:00+00:00,0.155770,3600
2025-02-02T21:00:00+00:00,0.148440,3600
2025-02-02T22:00:00+00:00,0.133240,3600
2025-02-02T23:00:00+00:00,0.129540,3600
2025-02-03T00:00:00+00:00,0.126630,3600
2025-02-03T01:00:00+00:00,0.124720,3600
2025-02-03T02:00:00+00:00,0.120040,3600
2025-02-03T03:00:00+00:00,0.123240,3600
2025-02-03T04:00:00+00:00,0.127770,3600
2025-02-03T05:00:00+00:00,0.159180,3600
2025-02-03T06:00:00+00:00,0.207880,3600
2025-02-03T07:00:00+00:00,0.243230,3600
2025-02-03T08:00:00+00:00,0.178040,3600
2025-02-03T09:00:00+00:00,0.149950,3600
2025-02-03T10:00:00+00:00,0.125020,3600
2025-02-03T11:00:00+00:00,0.117270,3600
2025-02-03T12:00:00+00:00,0.114930,3600
2025-02-03T13:00:00+00:00,0.120000,3600
2025-02-03T14:00:00+00:00,0.127100,3600
2025-02-03T15:00:00+00:00,0.160000,3600
2025-02-03T16:00:00+00:00,0.204710,3600
2025-02-03T17:00:00+00:00,0.200730,3600
2025-02-03T18:00:00+00:00,0.201100,3600
2025-02-03T19:00:00+00:00,0.167740,3600
2025-02-03T20:00:00+00:00,0.153000,3600
2025-02-03T21:00:00+00:00,0.139500,3600
2025-02-03T22:00:00+00:00,0.135810,3600
2025-02-03T23:00:00+00:00,0.132400,3600
2025-02-04T00:00:00+00:00,0.125540,3600
2025-02-04T01:00:00+00:00,0.123180,3600
2025-02-04T02:00:00+00:00,0.123990,3600
2025-02-04T03:00:00+00:00,0.123250,3600
2025-02-04T04:00:00+00:00,0.127630,3600
2025-02-04T05:00:00+00:00,0.154790,3600
2025-02-04T06:00:00+00:00,0.149500,3600
2025-02-04T07:00:00+00:00,0.211990,3600
2025-02-04T08:00:00+00:00,0.163310,3600
2025-02-04T09:00:00+00:00,0.136530,3600
2025-02-04T10:00:00+00:00,0.125000,3600
2025-02-04T11:00:00+00:00,0.109450,3600
2025-02-04T12:00:00+00:00,0.113060,3600
2025-02-04T13:00:00+00:00,0.120090,3600
2025-02-04T14:00:00+00:00,0.119150,3600
2025-02-04T15:00:00+00:00,0.117000,3600
2025-02-04T16:00:00+00:00,0.149600,3600
2025-02-04T17:00:00+00:00,0.175000,3600
2025-02-04T18:00:00+00:00,0.140000,3600
2025-02-04T19:00:00+00:00,0.132540,3600
2025-02-04T20:00:00+00:00,0.131960,3600
2025-02-04T21:00:00+00:00,0.115000,3600
2025-02-04T22:00:00+00:00,0.094900,3600
2025-02-04T23:00:00+00:00,0.094840,3600
2025-02-05T00:00:00+00:00,0.098840,3600
2025-02-05T01:00:00+00:00,0.101450,3600
2025-02-05T02:00:00+00:00,0.099900,3600
2025-02-05T03:00:00+00:00,0.112800,3600
2025-02-05T04:00:00+00:00,0.121710,3600
2025-02-05T05:00:00+00:00,0.139800,3600
2025-02-05T06:00:00+00:00,0.161700,3600
2025-02-05T07:00:00+00:00,0.180810,3600
2025-02-05T08:00:00+00:00,0.159330,3600
2025-02-05T09:00:00+00:00,0.119540,3600
2025-02-05T10:00:00+00:00,0.100950,3600
2025-02-05T11:00:00+00:00,0.100000,3600
2025-02-05T12:00:00+00:00,0.111850,3600
2025-02-05T13:00:00+00:00,0.128850,3600
2025-02-05T14:00:00+00:00,0.144120,3600
2025-02-05T15:00:00+00:00,0.159080,3600
2025-02-05T16:00:00+00:00,0.176770,3600
2025-02-05T17:00:00+00:00,0.189900,3600
2025-02-05T18:00:00+00:00,0.189630,3600
2025-02-05T19:00:00+00:00,0.170000,3600
2025-02-05T20:00:00+00:00,0.155420,3600
2025-02-05T21:00:00+00:00,0.143700,3600
2025-02-05T22:00:00+00:00,0.128570,3600
2025-02-05T23:00:00+00:00,0.133670,3600
2025-02-06T00:00:00+00:00,0.126840,3600
2025-02-06T01:00:00+00:00,0.125000,3600
2025-02-06T02:00:00+00:00,0.125000,3600
2025-02-06T03:00:00+00:00,0.125010,3600
2025-02-06T04:00:00+00:00,0.120090,3600
2025-02-06T05:00:00+00:00,0.135250,3600
2025-02-06T06:00:00+00:00,0.180090,3600
2025-02-06T07:00:00+00:00,0.216650,3600
2025-02-06T08:00:00+00:00,0.178620,3600
2025-02-06T09:00:00+00:00,0.156300,3600
2025-02-06T10:00:00+00:00,0.122000,3600
2025-02-06T11:00:00+00:00,0.111200,3600
2025-02-06T12:00:00+00:00,0.099900,3600
2025-02-06T13:00:00+00:00,0.119290,3600
2025-02-06T14:00:00+00:00,0.117790,3600
2025-02-06T15:00:00+00:00,0.127000,3600
2025-02-06T16:00:00+00:00,0.167430,3600
2025-02-06T17:00:00+00:00,0.170480,3600
2025-02-06T18:00:00+00:00,0.162950,3600
2025-02-06T19:00:00+00:00,0.140380,3600
2025-02-06T20:00:00+00:00,0.129750,3600
2025-02-06T21:00:00+00:00,0.132900,3600
2025-02-06T22:00:00+00:00,0.121950,3600
2025-02-06T23:00:00+00:00,0.126050,3600
2025-02-07T00:00:00+00:00,0.112700,3600
2025-02-07T01:00:00+00:00,0.108820,3600
2025-02-07T02:00:00+00:00,0.105000,3600
2025-02-07T03:00:00+00:00,0.104670,3600
2025-02-07T04:00:00+00:00,0.105310,3600
2025-02-07T05:00:00+00:00,0.113290,3600
2025-02-07T06:00:00+00:00,0.141930,3600
2025-02-07T07:00:00+00:00,0.164200,3600
2025-02-07T08:00:00+00:00,0.150350,3600
2025-02-07T09:00:00+00:00,0.127000,3600
2025-02-07T10:00:00+00:00,0.091630,3600
2025-02-07T11:00:00+00:00,0.085100,3600
2025-02-07T12:00:00+00:00,0.089190,3600
2025-02-07T13:00:00+00:00,0.089550,3600
2025-02-07T14:00:00+00:00,0.102100,3600
2025-02-07T15:00:00+00:00,0.126990,3600
2025-02-07T16:00:00+00:00,0.143000,3600
2025-02-07T17:00:00+00:00,0.149360,3600
2025-02-07T18:00:00+00:00,0.134000,3600
2025-02-07T19:00:00+00:00,0.113820,3600
2025-02-07T20:00:00+00:00,0.095000,3600
2025-02-07T21:00:00+00:00,0.083000,3600
2025-02-07T22:00:00+00:00,0.089500,3600
2025-02-07T23:00:00+00:00,0.078400,3600
2025-02-08T00:00:00+00:00,0.072500,3600
2025-02-08T01:00:00+00:00,0.089900,3600
2025-02-08T02:00:00+00:00,0.090000,3600
2025-02-08T03:00:00+00:00,0.089690,3600
2025-02-08T04:00:00+00:00,0.090990,3600
2025-02-08T05:00:00+00:00,0.090820,3600
2025-02-08T06:00:00+00:00,0.096000,3600
2025-02-08T07:00:00+00:00,0.123000,3600
2025-02-08T08:00:00+00:00,0.133350,3600
2025-02-08T09:00:00+00:00,0.125000,3600
2025-02-08T10:00:00+00:00,0.111700,3600
2025-02-08T11:00:00+00:00,0.120320,3600
2025-02-08T12:00:00+00:00,0.149900,3600
2025-02-08T13:00:00+00:00,0.125000,3600
2025-02-08T14:00:00+00:00,0.118000,3600
2025-02-08T15:00:00+00:00,0.141000,3600
2025-02-08T16:00:00+00:00,0.150190,3600
2025-02-08T17:00:00+00:00,0.160490,3600
2025-02-08T18:00:00+00:00,0.165360,3600
2025-02-08T19:00:00+00:00,0.162000,3600
2025-02-08T20:00:00+00:00,0.149000,3600
2025-02-08T21:00:00+00:00,0.147380,3600
2025-02-08T22:00:00+00:00,0.142300,3600
2025-02-08T23:00:00+00:00,0.135000,3600
2025-02-09T00:00:00+00:00,0.135700,3600
2025-02-09T01:00:00+00:00,0.134300,3600
2025-02-09T02:00:00+00:00,0.119300,3600
2025-02-09T03:00:00+00:00,0.117000,3600
2025-02-09T04:00:00+00:00,0.117000,3600
2025-02-09T05:00:00+00:00,0.117000,3600
2025-02-09T06:00:00+00:00,0.133430,3600
2025-02-09T07:00:00+00:00,0.136770,3600
2025-02-09T08:00:00+00:00,0.124870,3600
2025-02-09T09:00:00+00:00,0.117000,3600
2025-02-09T10:00:00+00:00,0.104300,3600
2025-02-09T11:00:00+00:00,0.100000,3600
2025-02-09T12:00:00+00:00,0.096860,3600
2025-02-09T13:00:00+00:00,0.109900,3600
2025-02-09T14:00:00+00:00,0.120400,3600
2025-02-09T15:00:00+00:00,0.142110,3600
2025-02-09T16:00:00+00:00,0.148790,3600
2025-02-09T17:00:00+00:00,0.162170,3600
2025-02-09T18:00:00+00:00,0.132000,3600
2025-02-09T19:00:00+00:00,0.144570,3600
2025-02-09T20:00:00+00:00,0.142950,3600
2025-02-09T21:00:00+00:00,0.143000,3600
2025-02-09T22:00:00+00:00,0.119080,3600
2025-02-09T23:00:00+00:00,0.107500,3600
2025-02-10T00:00:00+00:00,0.086320,3600
2025-02-10T01:00:00+00:00,0.085000,3600
2025-02-10T02:00:00+00:00,0.089300,3600
2025-02-10T03:00:00+00:00,0.088260,3600
2025-02-10T04:00:00+00:00,0.096940,3600
2025-02-10T05:00:00+00:00,0.145500,3600
2025-02-10T06:00:00+00:00,0.154000,3600
2025-02-10T07:00:00+00:00,0.181360,3600
2025-02-10T08:00:00+00:00,0.163180,3600
2025-02-10T09:00:00+00:00,0.130000,3600
2025-02-10T10:00:00+00:00,0.120270,3600
2025-02-10T11:00:00+00:00,0.114440,3600
2025-02-10T12:00:00+00:00,0.115020,3600
2025-02-10T13:00:00+00:00,0.130000,3600
2025-02-10T14:00:00+00:00,0.128540,3600
2025-02-10T15:00:00+00:00,0.135000,3600
2025-02-10T16:00:00+00:00,0.140900,3600
2025-02-10T17:00:00+00:00,0.150000,3600
2025-02-10T18:00:00+00:00,0.120480,3600
2025-02-10T19:00:00+00:00,0.100000,3600
2025-02-10T20:00:00+00:00,0.095170,3600
2025-02-10T21:00:00+00:00,0.092100,3600
2025-02-10T22:00:00+00:00,0.090500,3600
2025-02-10T23:00:00+00:00,0.063000,3600
2025-02-11T00:00:00+00:00,0.065000,3600
2025-02-11T01:00:00+00:00,0.074080,3600
2025-02-11T02:00:00+00:00,0.077750,3600
2025-02-11T03:00:00+00:00,0.077500,3600
2025-02-11T04:00:00+00:00,0.091550,3600
2025-02-11T05:00:00+00:00,0.116500,3600
2025-02-11T06:00:00+00:00,0.143110,3600
2025-02-11T07:00:00+00:00,0.159060,3600
2025-02-11T08:00:00+00:00,0.163760,3600
2025-02-11T09:00:00+00:00,0.152800,3600
2025-02-11T10:00:00+00:00,0.140000,3600
2025-02-11T11:00:00+00:00,0.137200,3600
2025-02-11T12:00:00+00:00,0.132800,3600
2025-02-11T13:00:00+00:00,0.135000,3600
2025-02-11T14:00:00+00:00,0.143920,3600
2025-02-11T15:00:00+00:00,0.144410,3600
2025-02-11T16:00:00+00:00,0.160480,3600
2025-02-11T17:00:00+00:00,0.177860,3600
2025-02-11T18:00:00+00:00,0.167450,3600
2025-02-11T19:00:00+00:00,0.144580,3600
2025-02-11T20:00:00+00:00,0.140100,3600
2025-02-11T21:00:00+00:00,0.150000,3600
2025-02-11T22:00:00+00:00,0.136160,3600
2025-02-11T23:00:00+00:00,0.130550,3600
2025-02-12T00:00:00+00:00,0.128130,3600
2025-02-12T01:00:00+00:00,0.126820,3600
2025-02-12T02:00:00+00:00,0.126590,3600
2025-02-12T03:00:00+00:00,0.128740,3600
2025-02-12T04:00:00+00:00,0.131300,3600
2025-02-12T05:00:00+00:00,0.150390,3600
2025-02-12T06:00:00+00:00,0.163200,3600
2025-02-12T07:00:00+00:00,0.180000,3600
2025-02-12T08:00:00+00:00,0.174920,3600
2025-02-12T09:00:00+00:00,0.161000,3600
2025-02-12T10:00:00+00:00,0.136000,3600
2025-02-12T11:00:00+00:00,0.134500,3600
2025-02-12T12:00:00+00:00,0.142300,3600
2025-02-12T13:00:00+00:00,0.149660,3600
2025-02-12T14:00:00+00:00,0.159990,3600
2025-02-12T15:00:00+00:00,0.172390,3600
2025-02-12T16:00:00+00:00,0.183010,3600
2025-02-12T17:00:00+00:00,0.197640,3600
2025-02-12T18:00:00+00:00,0.192860,3600
2025-02-12T19:00:00+00:00,0.174460,3600
2025-02-12T20:00:00+00:00,0.156060,3600
2025-02-12T21:00:00+00:00,0.150540,3600
2025-02-12T22:00:00+00:00,0.142040,3600
2025-02-12T23:00:00+00:00,0.138580,3600
2025-02-13T00:00:00+00:00,0.135120,3600
2025-02-13T01:00:00+00:00,0.139370,3600
2025-02-13T02:00:00+00:00,0.133750,3600
2025-02-13T03:00:00+00:00,0.135850,3600
2025-02-13T04:00:00+00:00,0.135000,3600
2025-02-13T05:00:00+00:00,0.148360,3600
2025-02-13T06:00:00+00:00,0.188550,3600
2025-02-13T07:00:00+00:00,0.219520,3600
2025-02-13T08:00:00+00:00,0.214100,3600
2025-02-13T09:00:00+00:00,0.197480,3600
2025-02-13T10:00:00+00:00,0.180070,3600
2025-02-13T11:00:00+00:00,0.166670,3600
2025-02-13T12:00:00+00:00,0.164140,3600
2025-02-13T13:00:00+00:00,0.162540,3600
2025-02-13T14:00:00+00:00,0.164500,3600
2025-02-13T15:00:00+00:00,0.174970,3600
2025-02-13T16:00:00+00:00,0.205160,3600
2025-02-13T17:00:00+00:00,0.204230,3600
2025-02-13T18:00:00+00:00,0.196520,3600
2025-02-13T19:00:00+00:00,0.177050,3600
2025-02-13T20:00:00+00:00,0.162920,3600
2025-02-13T21:00:00+00:00,0.153120,3600
2025-02-13T22:00:00+00:00,0.138970,3600
2025-02-13T23:00:00+00:00,0.137570,3600
2025-02-14T00:00:00+00:00,0.132760,3600
2025-02-14T01:00:00+00:00,0.127900,3600
2025-02-14T02:00:00+00:00,0.125550,3600
2025-02-14T03:00:00+00:00,0.127270,3600
2025-02-14T04:00:00+00:00,0.137630,3600
2025-02-14T05:00:00+00:00,0.157630,3600
2025-02-14T06:00:00+00:00,0.216190,3600
2025-02-14T07:00:00+00:00,0.253550,3600
2025-02-14T08:00:00+00:00,0.209390,3600
2025-02-14T09:00:00+00:00,0.178790,3600
2025-02-14T10:00:00+00:00,0.160000,3600
2025-02-14T11:00:00+00:00,0.149030,3600
2025-02-14T12:00:00+00:00,0.145280,3600
2025-02-14T13:00:00+00:00,0.150610,3600
2025-02-14T14:00:00+00:00,0.167110,3600
2025-02-14T15:00:00+00:00,0.190460,3600
2025-02-14T16:00:00+00:00,0.275260,3600
2025-02-14T17:00:00+00:00,0.275770,3600
2025-02-14T18:00:00+00:00,0.221860,3600
2025-02-14T19:00:00+00:00,0.183550,3600
2025-02-14T20:00:00+00:00,0.163200,3600
2025-02-14T21:00:00+00:00,0.153000,3600
2025-02-14T22:00:00+00:00,0.140030,3600
2025-02-14T23:00:00+00:00,0.132900,3600
2025-02-15T00:00:00+00:00,0.128040,3600
2025-02-15T01:00:00+00:00,0.118380,3600
2025-02-15T02:00:00+00:00,0.115190,3600
2025-02-15T03:00:00+00:00,0.115000,3600
2025-02-15T04:00:00+00:00,0.117080,3600
2025-02-15T05:00:00+00:00,0.129540,3600
2025-02-15T06:00:00+00:00,0.145070,3600
2025-02-15T07:00:00+00:00,0.148580,3600
2025-02-15T08:00:00+00:00,0.136830,3600
2025-02-15T09:00:00+00:00,0.124590,3600
2025-02-15T10:00:00+00:00,0.118360,3600
2025-02-15T11:00:00+00:00,0.112390,3600
2025-02-15T12:00:00+00:00,0.110010,3600
2025-02-15T13:00:00+00:00,0.114640,3600
2025-02-15T14:00:00+00:00,0.124720,3600
2025-02-15T15:00:00+00:00,0.140000,3600
2025-02-15T16:00:00+00:00,0.158660,3600
2025-02-15T17:00:00+00:00,0.170530,3600
2025-02-15T18:00:00+00:00,0.163910,3600
2025-02-15T19:00:00+00:00,0.147290,3600
2025-02-15T20:00:00+00:00,0.128060,3600
2025-02-15T21:00:00+00:00,0.131630,3600
2025-02-15T22:00:00+00:00,0.124710,3600
2025-02-15T23:00:00+00:00,0.134110,3600
2025-02-16T00:00:00+00:00,0.128900,3600
2025-02-16T01:00:00+00:00,0.123570,3600
2025-02-16T02:00:00+00:00,0.119900,3600
2025-02-16T03:00:00+00:00,0.119570,3600
2025-02-16T04:00:00+00:00,0.120190,3600
2025-02-16T05:00:00+00:00,0.120000,3600
2025-02-16T06:00:00+00:00,0.127640,3600
2025-02-16T07:00:00+00:00,0.129600,3600
2025-02-16T08:00:00+00:00,0.130400,3600
2025-02-16T09:00:00+00:00,0.124110,3600
2025-02-16T10:00:00+00:00,0.117250,3600
2025-02-16T11:00:00+00:00,0.121300,3600
2025-02-16T12:00:00+00:00,0.108210,3600
2025-02-16T13:00:00+00:00,0.109840,3600
2025-02-16T14:00:00+00:00,0.124450,3600
2025-02-16T15:00:00+00:00,0.132950,3600
2025-02-16T16:00:00+00:00,0.149080,3600
2025-02-16T17:00:00+00:00,0.165010,3600
2025-02-16T18:00:00+00:00,0.160890,3600
2025-02-16T19:00:00+00:00,0.153720,3600
2025-02-16T20:00:00+00:00,0.139350,3600
2025-02-16T21:00:00+00:00,0.137600,3600
2025-02-16T22:00:00+00:00,0.131510,3600
2025-02-16T23:00:00+00:00,0.128050,3600
2025-02-17T00:00:00+00:00,0.121060,3600
2025-02-17T01:00:00+00:00,0.120340,3600
2025-02-17T02:00:00+00:00,0.123940,3600
2025-02-17T03:00:00+00:00,0.126740,3600
2025-02-17T04:00:00+00:00,0.129910,3600
2025-02-17T05:00:00+00:00,0.149220,3600
2025-02-17T06:00:00+00:00,0.204740,3600
2025-02-17T07:00:00+00:00,0.209790,3600
2025-02-17T08:00:00+00:00,0.171300,3600
2025-02-17T09:00:00+00:00,0.139670,3600
2025-02-17T10:00:00+00:00,0.117200,3600
2025-02-17T11:00:00+00:00,0.109540,3600
2025-02-17T12:00:00+00:00,0.106790,3600
2025-02-17T13:00:00+00:00,0.111750,3600
2025-02-17T14:00:00+00:00,0.130000,3600
2025-02-17T15:00:00+00:00,0.155430,3600
2025-02-17T16:00:00+00:00,0.213000,3600
2025-02-17T17:00:00+00:00,0.262370,3600
2025-02-17T18:00:00+00:00,0.215430,3600
2025-02-17T19:00:00+00:00,0.177930,3600
2025-02-17T20:00:00+00:00,0.155300,3600
2025-02-17T21:00:00+00:00,0.139390,3600
2025-02-17T22:00:00+00:00,0.129720,3600
2025-02-17T23:00:00+00:00,0.133010,3600
2025-02-18T00:00:00+00:00,0.125060,3600
2025-02-18T01:00:00+00:00,0.123620,3600
2025-02-18T02:00:00+00:00,0.116620,3600
2025-02-18T03:00:00+00:00,0.115080,3600
2025-02-18T04:00:00+00:00,0.121520,3600
2025-02-18T05:00:00+00:00,0.139100,3600
2025-02-18T06:00:00+00:00,0.179870,3600
2025-02-18T07:00:00+00:00,0.193800,3600
2025-02-18T08:00:00+00:00,0.143230,3600
2025-02-18T09:00:00+00:00,0.124540,3600
2025-02-18T10:00:00+00:00,0.110100,3600
2025-02-18T11:00:00+00:00,0.094540,3600
2025-02-18T12:00:00+00:00,0.090000,3600
2025-02-18T13:00:00+00:00,0.098350,3600
2025-02-18T14:00:00+00:00,0.110000,3600
2025-02-18T15:00:00+00:00,0.126000,3600
2025-02-18T16:00:00+00:00,0.172380,3600
2025-02-18T17:00:00+00:00,0.173280,3600
2025-02-18T18:00:00+00:00,0.155330,3600
2025-02-18T19:00:00+00:00,0.141960,3600
2025-02-18T20:00:00+00:00,0.130160,3600
2025-02-18T21:00:00+00:00,0.121920,3600
2025-02-18T22:00:00+00:00,0.114860,3600
2025-02-18T23:00:00+00:00,0.104950,3600
2025-02-19T00:00:00+00:00,0.099700,3600
2025-02-19T01:00:00+00:00,0.099700,3600
2025-02-19T02:00:00+00:00,0.097670,3600
2025-02-19T03:00:00+00:00,0.094860,3600
2025-02-19T04:00:00+00:00,0.098630,3600
2025-02-19T05:00:00+00:00,0.115000,3600
2025-02-19T06:00:00+00:00,0.149500,3600
2025-02-19T07:00:00+00:00,0.166710,3600
2025-02-19T08:00:00+00:00,0.123300,3600
2025-02-19T09:00:00+00:00,0.095100,3600
2025-02-19T10:00:00+00:00,0.073420,3600
2025-02-19T11:00:00+00:00,0.075000,3600
2025-02-19T12:00:00+00:00,0.078300,3600
2025-02-19T13:00:00+00:00,0.080000,3600
2025-02-19T14:00:00+00:00,0.090630,3600
2025-02-19T15:00:00+00:00,0.113390,3600
2025-02-19T16:00:00+00:00,0.132000,3600
2025-02-19T17:00:00+00:00,0.145730,3600
2025-02-19T18:00:00+00:00,0.146430,3600
2025-02-19T19:00:00+00:00,0.122810,3600
2025-02-19T20:00:00+00:00,0.115160,3600
2025-02-19T21:00:00+00:00,0.120930,3600
2025-02-19T22:00:00+00:00,0.100000,3600
2025-02-19T23:00:00+00:00,0.087650,3600
2025-02-20T00:00:00+00:00,0.086670,3600
2025-02-20T01:00:00+00:00,0.085980,3600
2025-02-20T02:00:00+00:00,0.084590,3600
2025-02-20T03:00:00+00:00,0.082950,3600
2025-02-20T04:00:00+00:00,0.083730,3600
2025-02-20T05:00:00+00:00,0.090530,3600
2025-02-20T06:00:00+00:00,0.111170,3600
2025-02-20T07:00:00+00:00,0.130700,3600
2025-02-20T08:00:00+00:00,0.127710,3600
2025-02-20T09:00:00+00:00,0.103580,3600
2025-02-20T10:00:00+00:00,0.087390,3600
2025-02-20T11:00:00+00:00,0.087060,3600
2025-02-20T12:00:00+00:00,0.084450,3600
2025-02-20T13:00:00+00:00,0.084780,3600
2025-02-20T14:00:00+00:00,0.089430,3600
2025-02-20T15:00:00+00:00,0.096130,3600
2025-02-20T16:00:00+00:00,0.110090,3600
2025-02-20T17:00:00+00:00,0.116050,3600
2025-02-20T18:00:00+00:00,0.125840,3600
2025-02-20T19:00:00+00:00,0.102700,3600
2025-02-20T20:00:00+00:00,0.092780,3600
2025-02-20T21:00:00+00:00,0.093040,3600
2025-02-20T22:00:00+00:00,0.084310,3600
2025-02-20T23:00:00+00:00,0.074030,3600
2025-02-21T00:00:00+00:00,0.070090,3600
2025-02-21T01:00:00+00:00,0.074990,3600
2025-02-21T02:00:00+00:00,0.076250,3600
2025-02-21T03:00:00+00:00,0.074000,3600
2025-02-21T04:00:00+00:00,0.072970,3600
2025-02-21T05:00:00+00:00,0.096870,3600
2025-02-21T06:00:00+00:00,0.140240,3600
2025-02-21T07:00:00+00:00,0.135020,3600
2025-02-21T08:00:00+00:00,0.112200,3600
2025-02-21T09:00:00+00:00,0.092010,3600
2025-02-21T10:00:00+00:00,0.076440,3600
2025-02-21T11:00:00+00:00,0.065000,3600
2025-02-21T12:00:00+00:00,0.063200,3600
2025-02-21T13:00:00+00:00,0.069470,3600
2025-02-21T14:00:00+00:00,0.075490,3600
2025-02-21T15:00:00+00:00,0.093090,3600
2025-02-21T16:00:00+00:00,0.098770,3600
2025-02-21T17:00:00+00:00,0.101130,3600
2025-02-21T18:00:00+00:00,0.085010,3600
2025-02-21T19:00:00+00:00,0.082010,3600
2025-02-21T20:00:00+00:00,0.071330,3600
2025-02-21T21:00:00+00:00,0.070890,3600
2025-02-21T22:00:00+00:00,0.066090,3600
2025-02-21T23:00:00+00:00,0.053830,3600
2025-02-22T00:00:00+00:00,0.049160,3600
2025-02-22T01:00:00+00:00,0.047700,3600
2025-02-22T02:00:00+00:00,0.041340,3600
2025-02-22T03:00:00+00:00,0.039790,3600
2025-02-22T04:00:00+00:00,0.050140,3600
2025-02-22T05:00:00+00:00,0.053310,3600
2025-02-22T06:00:00+00:00,0.064900,3600
2025-02-22T07:00:00+00:00,0.070000,3600
2025-02-22T08:00:00+00:00,0.080000,3600
2025-02-22T09:00:00+00:00,0.082750,3600
2025-02-22T10:00:00+00:00,0.085000,3600
2025-02-22T11:00:00+00:00,0.090250,3600
2025-02-22T12:00:00+00:00,0.066610,3600
2025-02-22T13:00:00+00:00,0.067450,3600
2025-02-22T14:00:00+00:00,0.081680,3600
2025-02-22T15:00:00+00:00,0.097750,3600
2025-02-22T16:00:00+00:00,0.131800,3600
2025-02-22T17:00:00+00:00,0.146000,3600
2025-02-22T18:00:00+00:00,0.153650,3600
2025-02-22T19:00:00+00:00,0.147210,3600
2025-02-22T20:00:00+00:00,0.116180,3600
2025-02-22T21:00:00+00:00,0.122000,3600
2025-02-22T22:00:00+00:00,0.119480,3600
2025-02-22T23:00:00+00:00,0.106000,3600
2025-02-23T00:00:00+00:00,0.092600,3600
2025-02-23T01:00:00+00:00,0.087020,3600
2025-02-23T02:00:00+00:00,0.083630,3600
2025-02-23T03:00:00+00:00,0.084300,3600
2025-02-23T04:00:00+00:00,0.085790,3600
2025-02-23T05:00:00+00:00,0.086620,3600
2025-02-23T06:00:00+00:00,0.103350,3600
2025-02-23T07:00:00+00:00,0.106220,3600
2025-02-23T08:00:00+00:00,0.093000,3600
2025-02-23T09:00:00+00:00,0.076130,3600
2025-02-23T10:00:00+00:00,0.060460,3600
2025-02-23T11:00:00+00:00,0.049810,3600
2025-02-23T12:00:00+00:00,0.033350,3600
2025-02-23T13:00:00+00:00,0.030790,3600
2025-02-23T14:00:00+00:00,0.043810,3600
2025-02-23T15:00:00+00:00,0.075700,3600
2025-02-23T16:00:00+00:00,0.135590,3600
2025-02-23T17:00:00+00:00,0.143390,3600
2025-02-23T18:00:00+00:00,0.117550,3600
2025-02-23T19:00:00+00:00,0.095610,3600
2025-02-23T20:00:00+00:00,0.077190,3600
2025-02-23T21:00:00+00:00,0.067970,3600
2025-02-23T22:00:00+00:00,0.060100,3600
2025-02-23T23:00:00+00:00,0.010000,3600
2025-02-24T00:00:00+00:00,0.011890,3600
2025-02-24T01:00:00+00:00,0.012430,3600
2025-02-24T02:00:00+00:00,0.007680,3600
2025-02-24T03:00:00+00:00,0.003930,3600
2025-02-24T04:00:00+00:00,0.007000,3600
2025-02-24T05:00:00+00:00,0.052000,3600
2025-02-24T06:00:00+00:00,0.089290,3600
2025-02-24T07:00:00+00:00,0.110330,3600
2025-02-24T08:00:00+00:00,0.095500,3600
2025-02-24T09:00:00+00:00,0.081860,3600
2025-02-24T10:00:00+00:00,0.085000,3600
2025-02-24T11:00:00+00:00,0.083040,3600
2025-02-24T12:00:00+00:00,0.084190,3600
2025-02-24T13:00:00+00:00,0.087360,3600
2025-02-24T14:00:00+00:00,0.093200,3600
2025-02-24T15:00:00+00:00,0.103550,3600
2025-02-24T16:00:00+00:00,0.114530,3600
2025-02-24T17:00:00+00:00,0.140700,3600
2025-02-24T18:00:00+00:00,0.150710,3600
2025-02-24T19:00:00+00:00,0.130660,3600
2025-02-24T20:00:00+00:00,0.113000,3600
2025-02-24T21:00:00+00:00,0.111960,3600
2025-02-24T22:00:00+00:00,0.106850,3600
2025-02-24T23:00:00+00:00,0.090580,3600
2025-02-25T00:00:00+00:00,0.089970,3600
2025-02-25T01:00:00+00:00,0.092420,3600
2025-02-25T02:00:00+00:00,0.092440,3600
2025-02-25T03:00:00+00:00,0.094320,3600
2025-02-25T04:00:00+00:00,0.103500,3600
2025-02-25T05:00:00+00:00,0.140000,3600
2025-02-25T06:00:00+00:00,0.159410,3600
2025-02-25T07:00:00+00:00,0.166480,3600
2025-02-25T08:00:00+00:00,0.149610,3600
2025-02-25T09:00:00+00:00,0.134880,3600
2025-02-25T10:00:00+00:00,0.121830,3600
2025-02-25T11:00:00+00:00,0.118500,3600
2025-02-25T12:00:00+00:00,0.117560,3600
2025-02-25T13:00:00+00:00,0.124390,3600
2025-02-25T14:00:00+00:00,0.134670,3600
2025-02-25T15:00:00+00:00,0.157960,3600
2025-02-25T16:00:00+00:00,0.194930,3600
2025-02-25T17:00:00+00:00,0.215800,3600
2025-02-25T18:00:00+00:00,0.179450,3600
2025-02-25T19:00:00+00:00,0.154280,3600
2025-02-25T20:00:00+00:00,0.138970,3600
2025-02-25T21:00:00+00:00,0.126410,3600
2025-02-25T22:00:00+00:00,0.112090,3600
2025-02-25T23:00:00+00:00,0.119080,3600
2025-02-26T00:00:00+00:00,0.113540,3600
2025-02-26T01:00:00+00:00,0.112780,3600
2025-02-26T02:00:00+00:00,0.110850,3600
2025-02-26T03:00:00+00:00,0.111690,3600
2025-02-26T04:00:00+00:00,0.113890,3600
2025-02-26T05:00:00+00:00,0.128450,3600
2025-02-26T06:00:00+00:00,0.156720,3600
2025-02-26T07:00:00+00:00,0.168150,3600
2025-02-26T08:00:00+00:00,0.154850,3600
2025-02-26T09:00:00+00:00,0.133110,3600
2025-02-26T10:00:00+00:00,0.100000,3600
2025-02-26T11:00:00+00:00,0.085490,3600
2025-02-26T12:00:00+00:00,0.080000,3600
2025-02-26T13:00:00+00:00,0.086200,3600
2025-02-26T14:00:00+00:00,0.115800,3600
2025-02-26T15:00:00+00:00,0.109630,3600
2025-02-26T16:00:00+00:00,0.145960,3600
2025-02-26T17:00:00+00:00,0.159050,3600
2025-02-26T18:00:00+00:00,0.152120,3600
2025-02-26T19:00:00+00:00,0.141560,3600
2025-02-26T20:00:00+00:00,0.118440,3600
2025-02-26T21:00:00+00:00,0.120940,3600
2025-02-26T22:00:00+00:00,0.112580,3600
2025-02-26T23:00:00+00:00,0.101650,3600
2025-02-27T00:00:00+00:00,0.103810,3600
2025-02-27T01:00:00+00:00,0.101240,3600
2025-02-27T02:00:00+00:00,0.099600,3600
2025-02-27T03:00:00+00:00,0.100410,3600
2025-02-27T04:00:00+00:00,0.105620,3600
2025-02-27T05:00:00+00:00,0.115150,3600
2025-02-27T06:00:00+00:00,0.151240,3600
2025-02-27T07:00:00+00:00,0.159150,3600
2025-02-27T08:00:00+00:00,0.140000,3600
2025-02-27T09:00:00+00:00,0.126010,3600
2025-02-27T10:00:00+00:00,0.108120,3600
2025-02-27T11:00:00+00:00,0.099950,3600
2025-02-27T12:00:00+00:00,0.097500,3600
2025-02-27T13:00:00+00:00,0.099800,3600
2025-02-27T14:00:00+00:00,0.100000,3600
2025-02-27T15:00:00+00:00,0.116470,3600
2025-02-27T16:00:00+00:00,0.144510,3600
2025-02-27T17:00:00+00:00,0.168870,3600
2025-02-27T18:00:00+00:00,0.146000,3600
2025-02-27T19:00:00+00:00,0.129250,3600
2025-02-27T20:00:00+00:00,0.104900,3600
2025-02-27T21:00:00+00:00,0.104200,3600
2025-02-27T22:00:00+00:00,0.105260,3600
2025-02-27T23:00:00+00:00,0.097100,3600
2025-02-28T00:00:00+00:00,0.110540,3600
2025-02-28T01:00:00+00:00,0.109380,3600
2025-02-28T02:00:00+00:00,0.106580,3600
2025-02-28T03:00:00+00:00,0.110530,3600
2025-02-28T04:00:00+00:00,0.111120,3600
2025-02-28T05:00:00+00:00,0.116860,3600
2025-02-28T06:00:00+00:00,0.148830,3600
2025-02-28T07:00:00+00:00,0.160450,3600
2025-02-28T08:00:00+00:00,0.141070,3600
2025-02-28T09:00:00+00:00,0.123190,3600
2025-02-28T10:00:00+00:00,0.110000,3600
2025-02-28T11:00:00+00:00,0.096400,3600
2025-02-28T12:00:00+00:00,0.091500,3600
2025-02-28T13:00:00+00:00,0.092000,3600
2025-02-28T14:00:00+00:00,0.101150,3600
2025-02-28T15:00:00+00:00,0.124100,3600
2025-02-28T16:00:00+00:00,0.147720,3600
2025-02-28T17:00:00+00:00,0.156630,3600
2025-02-28T18:00:00+00:00,0.158000,3600
2025-02-28T19:00:00+00:00,0.142690,3600
2025-02-28T20:00:00+00:00,0.131310,3600
2025-02-28T21:00:00+00:00,0.125540,3600
2025-02-28T22:00:00+00:00,0.117210,3600
2025-02-28T23:00:00+00:00,0.126470,3600
2025-03-01T00:00:00+00:00,0.119470,3600
2025-03-01T01:00:00+00:00,0.116610,3600
2025-03-01T02:00:00+00:00,0.109900,3600
2025-03-01T03:00:00+00:00,0.108050,3600
2025-03-01T04:00:00+00:00,0.111880,3600
2025-03-01T05:00:00+00:00,0.117100,3600
2025-03-01T06:00:00+00:00,0.133820,3600
2025-03-01T07:00:00+00:00,0.136250,3600
2025-03-01T08:00:00+00:00,0.133480,3600
2025-03-01T09:00:00+00:00,0.119440,3600
2025-03-01T10:00:00+00:00,0.106430,3600
2025-03-01T11:00:00+00:00,0.098630,3600
2025-03-01T12:00:00+00:00,0.091410,3600
2025-03-01T13:00:00+00:00,0.089100,3600
2025-03-01T14:00:00+00:00,0.096400,3600
2025-03-01T15:00:00+00:00,0.113540,3600
2025-03-01T16:00:00+00:00,0.134810,3600
2025-03-01T17:00:00+00:00,0.152000,3600
2025-03-01T18:00:00+00:00,0.146760,3600
2025-03-01T19:00:00+00:00,0.133410,3600
2025-03-01T20:00:00+00:00,0.125430,3600
2025-03-01T21:00:00+00:00,0.122030,3600
2025-03-01T22:00:00+00:00,0.119920,3600
2025-03-01T23:00:00+00:00,0.123970,3600
2025-03-02T00:00:00+00:00,0.107720,3600
2025-03-02T01:00:00+00:00,0.099410,3600
2025-03-02T02:00:00+00:00,0.093190,3600
2025-03-02T03:00:00+00:00,0.094490,3600
2025-03-02T04:00:00+00:00,0.094300,3600
2025-03-02T05:00:00+00:00,0.096430,3600
2025-03-02T06:00:00+00:00,0.103000,3600
2025-03-02T07:00:00+00:00,0.103230,3600
2025-03-02T08:00:00+00:00,0.089000,3600
2025-03-02T09:00:00+00:00,0.068300,3600
2025-03-02T10:00:00+00:00,0.049000,3600
2025-03-02T11:00:00+00:00,0.027500,3600
2025-03-02T12:00:00+00:00,-0.003000,3600
2025-03-02T13:00:00+00:00,-0.003860,3600
2025-03-02T14:00:00+00:00,0.050700,3600
2025-03-02T15:00:00+00:00,0.079900,3600
2025-03-02T16:00:00+00:00,0.122020,3600
2025-03-02T17:00:00+00:00,0.141050,3600
2025-03-02T18:00:00+00:00,0.146380,3600
2025-03-02T19:00:00+00:00,0.133350,3600
2025-03-02T20:00:00+00:00,0.120440,3600
2025-03-02T21:00:00+00:00,0.120860,3600
2025-03-02T22:00:00+00:00,0.112830,3600
2025-03-02T23:00:00+00:00,0.108280,3600
2025-03-03T00:00:00+00:00,0.103850,3600
2025-03-03T01:00:00+00:00,0.102930,3600
2025-03-03T02:00:00+00:00,0.099800,3600
2025-03-03T03:00:00+00:00,0.103470,3600
2025-03-03T04:00:00+00:00,0.116810,3600
2025-03-03T05:00:00+00:00,0.137550,3600
2025-03-03T06:00:00+00:00,0.163000,3600
2025-03-03T07:00:00+00:00,0.146000,3600
2025-03-03T08:00:00+00:00,0.090000,3600
2025-03-03T09:00:00+00:00,0.080000,3600
2025-03-03T10:00:00+00:00,0.006400,3600
2025-03-03T11:00:00+00:00,0.000330,3600
2025-03-03T12:00:00+00:00,-0.001760,3600
2025-03-03T13:00:00+00:00,0.060470,3600
2025-03-03T14:00:00+00:00,0.083470,3600
2025-03-03T15:00:00+00:00,0.106300,3600
2025-03-03T16:00:00+00:00,0.142750,3600
2025-03-03T17:00:00+00:00,0.180050,3600
2025-03-03T18:00:00+00:00,0.175820,3600
2025-03-03T19:00:00+00:00,0.150280,3600
2025-03-03T20:00:00+00:00,0.127390,3600
2025-03-03T21:00:00+00:00,0.125100,3600
2025-03-03T22:00:00+00:00,0.122790,3600
2025-03-03T23:00:00+00:00,0.121290,3600
2025-03-04T00:00:00+00:00,0.109760,3600
2025-03-04T01:00:00+00:00,0.103990,3600
2025-03-04T02:00:00+00:00,0.104950,3600
2025-03-04T03:00:00+00:00,0.100620,3600
2025-03-04T04:00:00+00:00,0.110390,3600
2025-03-04T05:00:00+00:00,0.138110,3600
2025-03-04T06:00:00+00:00,0.169620,3600
2025-03-04T07:00:00+00:00,0.141950,3600
2025-03-04T08:00:00+00:00,0.122000,3600
2025-03-04T09:00:00+00:00,0.089970,3600
2025-03-04T10:00:00+00:00,0.030000,3600
2025-03-04T11:00:00+00:00,-0.003000,3600
2025-03-04T12:00:00+00:00,0.004040,3600
2025-03-04T13:00:00+00:00,0.051780,3600
2025-03-04T14:00:00+00:00,0.081520,3600
2025-03-04T15:00:00+00:00,0.109000,3600
2025-03-04T16:00:00+00:00,0.142580,3600
2025-03-04T17:00:00+00:00,0.173930,3600
2025-03-04T18:00:00+00:00,0.163950,3600
2025-03-04T19:00:00+00:00,0.133400,3600
2025-03-04T20:00:00+00:00,0.114850,3600
2025-03-04T21:00:00+00:00,0.114290,3600
2025-03-04T22:00:00+00:00,0.107290,3600
2025-03-04T23:00:00+00:00,0.092000,3600
2025-03-05T00:00:00+00:00,0.092900,3600
2025-03-05T01:00:00+00:00,0.084600,3600
2025-03-05T02:00:00+00:00,0.080320,3600
2025-03-05T03:00:00+00:00,0.082230,3600
2025-03-05T04:00:00+00:00,0.092370,3600
2025-03-05T05:00:00+00:00,0.116080,3600
2025-03-05T06:00:00+00:00,0.140490,3600
2025-03-05T07:00:00+00:00,0.141520,3600
2025-03-05T08:00:00+00:00,0.044230,3600
2025-03-05T09:00:00+00:00,-0.006240,3600
2025-03-05T10:00:00+00:00,-0.011000,3600
2025-03-05T11:00:00+00:00,-0.020350,3600
2025-03-05T12:00:00+00:00,-0.008850,3600
2025-03-05T13:00:00+00:00,-0.002000,3600
2025-03-05T14:00:00+00:00,0.048380,3600
2025-03-05T15:00:00+00:00,0.086100,3600
2025-03-05T16:00:00+00:00,0.127090,3600
2025-03-05T17:00:00+00:00,0.143780,3600
2025-03-05T18:00:00+00:00,0.146160,3600
2025-03-05T19:00:00+00:00,0.122310,3600
2025-03-05T20:00:00+00:00,0.107920,3600
2025-03-05T21:00:00+00:00,0.108780,3600
2025-03-05T22:00:00+00:00,0.097390,3600
2025-03-05T23:00:00+00:00,0.084100,3600
2025-03-06T00:00:00+00:00,0.084140,3600
2025-03-06T01:00:00+00:00,0.084830,3600
2025-03-06T02:00:00+00:00,0.084590,3600
2025-03-06T03:00:00+00:00,0.090100,3600
2025-03-06T04:00:00+00:00,0.093530,3600
2025-03-06T05:00:00+00:00,0.132870,3600
2025-03-06T06:00:00+00:00,0.147240,3600
2025-03-06T07:00:00+00:00,0.108500,3600
2025-03-06T08:00:00+00:00,0.078720,3600
2025-03-06T09:00:00+00:00,0.050620,3600
2025-03-06T10:00:00+00:00,0.001580,3600
2025-03-06T11:00:00+00:00,-0.004470,3600
2025-03-06T12:00:00+00:00,-0.002040,3600
2025-03-06T13:00:00+00:00,0.013160,3600
2025-03-06T14:00:00+00:00,0.063610,3600
2025-03-06T15:00:00+00:00,0.100560,3600
2025-03-06T16:00:00+00:00,0.136820,3600
2025-03-06T17:00:00+00:00,0.155730,3600
2025-03-06T18:00:00+00:00,0.132330,3600
2025-03-06T19:00:00+00:00,0.110700,3600
2025-03-06T20:00:00+00:00,0.103370,3600
2025-03-06T21:00:00+00:00,0.096400,3600
2025-03-06T22:00:00+00:00,0.086000,3600
2025-03-06T23:00:00+00:00,0.084580,3600
2025-03-07T00:00:00+00:00,0.086000,3600
2025-03-07T01:00:00+00:00,0.087000,3600
2025-03-07T02:00:00+00:00,0.085880,3600
2025-03-07T03:00:00+00:00,0.090000,3600
2025-03-07T04:00:00+00:00,0.101300,3600
2025-03-07T05:00:00+00:00,0.107200,3600
2025-03-07T06:00:00+00:00,0.136590,3600
2025-03-07T07:00:00+00:00,0.117010,3600
2025-03-07T08:00:00+00:00,0.082110,3600
2025-03-07T09:00:00+00:00,0.063370,3600
2025-03-07T10:00:00+00:00,0.031810,3600
2025-03-07T11:00:00+00:00,0.012790,3600
2025-03-07T12:00:00+00:00,0.006790,3600
2025-03-07T13:00:00+00:00,0.032920,3600
2025-03-07T14:00:00+00:00,0.069980,3600
2025-03-07T15:00:00+00:00,0.110000,3600
2025-03-07T16:00:00+00:00,0.134830,3600
2025-03-07T17:00:00+00:00,0.195470,3600
2025-03-07T18:00:00+00:00,0.165800,3600
2025-03-07T19:00:00+00:00,0.136110,3600
2025-03-07T20:00:00+00:00,0.118550,3600
2025-03-07T21:00:00+00:00,0.109120,3600
2025-03-07T22:00:00+00:00,0.102420,3600
2025-03-07T23:00:00+00:00,0.117570,3600
2025-03-08T00:00:00+00:00,0.102510,3600
2025-03-08T01:00:00+00:00,0.097000,3600
2025-03-08T02:00:00+00:00,0.099360,3600
2025-03-08T03:00:00+00:00,0.100710,3600
2025-03-08T04:00:00+00:00,0.103410,3600
2025-03-08T05:00:00+00:00,0.114900,3600
2025-03-08T06:00:00+00:00,0.110000,3600
2025-03-08T07:00:00+00:00,0.098040,3600
2025-03-08T08:00:00+00:00,0.072540,3600
2025-03-08T09:00:00+00:00,0.018050,3600
2025-03-08T10:00:00+00:00,0.001520,3600
2025-03-08T11:00:00+00:00,-0.003660,3600
2025-03-08T12:00:00+00:00,-0.000510,3600
2025-03-08T13:00:00+00:00,0.000070,3600
2025-03-08T14:00:00+00:00,0.045360,3600
2025-03-08T15:00:00+00:00,0.084590,3600
2025-03-08T16:00:00+00:00,0.130420,3600
2025-03-08T17:00:00+00:00,0.150900,3600
2025-03-08T18:00:00+00:00,0.122350,3600
2025-03-08T19:00:00+00:00,0.099060,3600
2025-03-08T20:00:00+00:00,0.090180,3600
2025-03-08T21:00:00+00:00,0.088060,3600
2025-03-08T22:00:00+00:00,0.086480,3600
2025-03-08T23:00:00+00:00,0.084970,3600
2025-03-09T00:00:00+00:00,0.086800,3600
2025-03-09T01:00:00+00:00,0.085700,3600
2025-03-09T02:00:00+00:00,0.095860,3600
2025-03-09T03:00:00+00:00,0.097720,3600
2025-03-09T04:00:00+00:00,0.099850,3600
2025-03-09T05:00:00+00:00,0.100000,3600
2025-03-09T06:00:00+00:00,0.087340,3600
2025-03-09T07:00:00+00:00,0.062210,3600
2025-03-09T08:00:00+00:00,0.029270,3600
2025-03-09T09:00:00+00:00,0.010100,3600
2025-03-09T10:00:00+00:00,-0.006550,3600
2025-03-09T11:00:00+00:00,-0.012770,3600
2025-03-09T12:00:00+00:00,-0.008060,3600
2025-03-09T13:00:00+00:00,-0.002210,3600
2025-03-09T14:00:00+00:00,0.017390,3600
2025-03-09T15:00:00+00:00,0.081000,3600
2025-03-09T16:00:00+00:00,0.112060,3600
2025-03-09T17:00:00+00:00,0.127460,3600
2025-03-09T18:00:00+00:00,0.134630,3600
2025-03-09T19:00:00+00:00,0.129780,3600
2025-03-09T20:00:00+00:00,0.121440,3600
2025-03-09T21:00:00+00:00,0.110010,3600
2025-03-09T22:00:00+00:00,0.103640,3600
2025-03-09T23:00:00+00:00,0.094940,3600
2025-03-10T00:00:00+00:00,0.091980,3600
2025-03-10T01:00:00+00:00,0.092640,3600
2025-03-10T02:00:00+00:00,0.092560,3600
2025-03-10T03:00:00+00:00,0.089980,3600
2025-03-10T04:00:00+00:00,0.101140,3600
2025-03-10T05:00:00+00:00,0.141760,3600
2025-03-10T06:00:00+00:00,0.149920,3600
2025-03-10T07:00:00+00:00,0.133320,3600
2025-03-10T08:00:00+00:00,0.098220,3600
2025-03-10T09:00:00+00:00,0.084120,3600
2025-03-10T10:00:00+00:00,0.077880,3600
2025-03-10T11:00:00+00:00,0.076020,3600
2025-03-10T12:00:00+00:00,0.077320,3600
2025-03-10T13:00:00+00:00,0.081900,3600
2025-03-10T14:00:00+00:00,0.090540,3600
2025-03-10T15:00:00+00:00,0.109400,3600
2025-03-10T16:00:00+00:00,0.136200,3600
2025-03-10T17:00:00+00:00,0.165350,3600
2025-03-10T18:00:00+00:00,0.156890,3600
2025-03-10T19:00:00+00:00,0.123200,3600
2025-03-10T20:00:00+00:00,0.108600,3600
2025-03-10T21:00:00+00:00,0.105160,3600
2025-03-10T22:00:00+00:00,0.096320,3600
2025-03-10T23:00:00+00:00,0.100640,3600
2025-03-11T00:00:00+00:00,0.097610,3600
2025-03-11T01:00:00+00:00,0.097560,3600
2025-03-11T02:00:00+00:00,0.097430,3600
2025-03-11T03:00:00+00:00,0.097110,3600
2025-03-11T04:00:00+00:00,0.103490,3600
2025-03-11T05:00:00+00:00,0.091880,3600
2025-03-11T06:00:00+00:00,0.139020,3600
2025-03-11T07:00:00+00:00,0.138580,3600
2025-03-11T08:00:00+00:00,0.125400,3600
2025-03-11T09:00:00+00:00,0.101520,3600
2025-03-11T10:00:00+00:00,0.096230,3600
2025-03-11T11:00:00+00:00,0.094160,3600
2025-03-11T12:00:00+00:00,0.094780,3600
2025-03-11T13:00:00+00:00,0.098050,3600
2025-03-11T14:00:00+00:00,0.106490,3600
2025-03-11T15:00:00+00:00,0.119510,3600
2025-03-11T16:00:00+00:00,0.139370,3600
2025-03-11T17:00:00+00:00,0.170880,3600
2025-03-11T18:00:00+00:00,0.169670,3600
2025-03-11T19:00:00+00:00,0.144930,3600
2025-03-11T20:00:00+00:00,0.130840,3600
2025-03-11T21:00:00+00:00,0.117400,3600
2025-03-11T22:00:00+00:00,0.106830,3600
2025-03-11T23:00:00+00:00,0.100930,3600
2025-03-12T00:00:00+00:00,0.098680,3600
2025-03-12T01:00:00+00:00,0.096970,3600
2025-03-12T02:00:00+00:00,0.095360,3600
2025-03-12T03:00:00+00:00,0.097700,3600
2025-03-12T04:00:00+00:00,0.103920,3600
2025-03-12T05:00:00+00:00,0.130430,3600
2025-03-12T06:00:00+00:00,0.142010,3600
2025-03-12T07:00:00+00:00,0.140100,3600
2025-03-12T08:00:00+00:00,0.125000,3600
2025-03-12T09:00:00+00:00,0.102650,3600
2025-03-12T10:00:00+00:00,0.098930,3600
2025-03-12T11:00:00+00:00,0.097740,3600
2025-03-12T12:00:00+00:00,0.092620,3600
2025-03-12T13:00:00+00:00,0.096800,3600
2025-03-12T14:00:00+00:00,0.100100,3600
2025-03-12T15:00:00+00:00,0.113000,3600
2025-03-12T16:00:00+00:00,0.138060,3600
2025-03-12T17:00:00+00:00,0.189380,3600
2025-03-12T18:00:00+00:00,0.179120,3600
2025-03-12T19:00:00+00:00,0.147800,3600
2025-03-12T20:00:00+00:00,0.132200,3600
2025-03-12T21:00:00+00:00,0.120000,3600
2025-03-12T22:00:00+00:00,0.109910,3600
2025-03-12T23:00:00+00:00,0.108520,3600
2025-03-13T00:00:00+00:00,0.102510,3600
2025-03-13T01:00:00+00:00,0.099590,3600
2025-03-13T02:00:00+00:00,0.096650,3600
2025-03-13T03:00:00+00:00,0.097190,3600
2025-03-13T04:00:00+00:00,0.105110,3600
2025-03-13T05:00:00+00:00,0.131270,3600
2025-03-13T06:00:00+00:00,0.155960,3600
2025-03-13T07:00:00+00:00,0.155100,3600
2025-03-13T08:00:00+00:00,0.130680,3600
2025-03-13T09:00:00+00:00,0.120400,3600
2025-03-13T10:00:00+00:00,0.103000,3600
2025-03-13T11:00:00+00:00,0.095620,3600
2025-03-13T12:00:00+00:00,0.096900,3600
2025-03-13T13:00:00+00:00,0.104000,3600
2025-03-13T14:00:00+00:00,0.104000,3600
2025-03-13T15:00:00+00:00,0.108810,3600
2025-03-13T16:00:00+00:00,0.138190,3600
2025-03-13T17:00:00+00:00,0.166050,3600
2025-03-13T18:00:00+00:00,0.173470,3600
2025-03-13T19:00:00+00:00,0.149000,3600
2025-03-13T20:00:00+00:00,0.135690,3600
2025-03-13T21:00:00+00:00,0.123480,3600
2025-03-13T22:00:00+00:00,0.111630,3600
2025-03-13T23:00:00+00:00,0.109090,3600
2025-03-14T00:00:00+00:00,0.106000,3600
2025-03-14T01:00:00+00:00,0.105900,3600
2025-03-14T02:00:00+00:00,0.103830,3600
2025-03-14T03:00:00+00:00,0.105300,3600
2025-03-14T04:00:00+00:00,0.113610,3600
2025-03-14T05:00:00+00:00,0.140970,3600
2025-03-14T06:00:00+00:00,0.155020,3600
2025-03-14T07:00:00+00:00,0.153050,3600
2025-03-14T08:00:00+00:00,0.131900,3600
2025-03-14T09:00:00+00:00,0.111810,3600
2025-03-14T10:00:00+00:00,0.101200,3600
2025-03-14T11:00:00+00:00,0.098640,3600
2025-03-14T12:00:00+00:00,0.100000,3600
2025-03-14T13:00:00+00:00,0.091120,3600
2025-03-14T14:00:00+00:00,0.106500,3600
2025-03-14T15:00:00+00:00,0.115600,3600
2025-03-14T16:00:00+00:00,0.133740,3600
2025-03-14T17:00:00+00:00,0.145690,3600
2025-03-14T18:00:00+00:00,0.150850,3600
2025-03-14T19:00:00+00:00,0.130010,3600
2025-03-14T20:00:00+00:00,0.111390,3600
2025-03-14T21:00:00+00:00,0.114000,3600
2025-03-14T22:00:00+00:00,0.105170,3600
2025-03-14T23:00:00+00:00,0.112150,3600
2025-03-15T00:00:00+00:00,0.103140,3600
2025-03-15T01:00:00+00:00,0.096000,3600
2025-03-15T02:00:00+00:00,0.089900,3600
2025-03-15T03:00:00+00:00,0.086900,3600
2025-03-15T04:00:00+00:00,0.090550,3600
2025-03-15T05:00:00+00:00,0.097010,3600
2025-03-15T06:00:00+00:00,0.099420,3600
2025-03-15T07:00:00+00:00,0.098740,3600
2025-03-15T08:00:00+00:00,0.086360,3600
2025-03-15T09:00:00+00:00,0.072480,3600
2025-03-15T10:00:00+00:00,0.066730,3600
2025-03-15T11:00:00+00:00,0.057220,3600
2025-03-15T12:00:00+00:00,0.048000,3600
2025-03-15T13:00:00+00:00,0.054510,3600
2025-03-15T14:00:00+00:00,0.064630,3600
2025-03-15T15:00:00+00:00,0.079760,3600
2025-03-15T16:00:00+00:00,0.115650,3600
2025-03-15T17:00:00+00:00,0.127480,3600
2025-03-15T18:00:00+00:00,0.132960,3600
2025-03-15T19:00:00+00:00,0.121460,3600
2025-03-15T20:00:00+00:00,0.108500,3600
2025-03-15T21:00:00+00:00,0.105020,3600
2025-03-15T22:00:00+00:00,0.095250,3600
2025-03-15T23:00:00+00:00,0.090010,3600
2025-03-16T00:00:00+00:00,0.085790,3600
2025-03-16T01:00:00+00:00,0.079620,3600
2025-03-16T02:00:00+00:00,0.078180,3600
2025-03-16T03:00:00+00:00,0.078600,3600
2025-03-16T04:00:00+00:00,0.080510,3600
2025-03-16T05:00:00+00:00,0.085140,3600
2025-03-16T06:00:00+00:00,0.082070,3600
2025-03-16T07:00:00+00:00,0.077950,3600
2025-03-16T08:00:00+00:00,0.057400,3600
2025-03-16T09:00:00+00:00,0.024190,3600
2025-03-16T10:00:00+00:00,-0.000770,3600
2025-03-16T11:00:00+00:00,-0.010010,3600
2025-03-16T12:00:00+00:00,-0.003160,3600
2025-03-16T13:00:00+00:00,0.000700,3600
2025-03-16T14:00:00+00:00,0.031000,3600
2025-03-16T15:00:00+00:00,0.070200,3600
2025-03-16T16:00:00+00:00,0.111700,3600
2025-03-16T17:00:00+00:00,0.127270,3600
2025-03-16T18:00:00+00:00,0.140000,3600
2025-03-16T19:00:00+00:00,0.118000,3600
2025-03-16T20:00:00+00:00,0.099900,3600
2025-03-16T21:00:00+00:00,0.092000,3600
2025-03-16T22:00:00+00:00,0.080700,3600
2025-03-16T23:00:00+00:00,0.104600,3600
2025-03-17T00:00:00+00:00,0.106800,3600
2025-03-17T01:00:00+00:00,0.096740,3600
2025-03-17T02:00:00+00:00,0.080910,3600
2025-03-17T03:00:00+00:00,0.085850,3600
2025-03-17T04:00:00+00:00,0.103300,3600
2025-03-17T05:00:00+00:00,0.135180,3600
2025-03-17T06:00:00+00:00,0.152870,3600
2025-03-17T07:00:00+00:00,0.126560,3600
2025-03-17T08:00:00+00:00,0.087120,3600
2025-03-17T09:00:00+00:00,0.054210,3600
2025-03-17T10:00:00+00:00,0.030000,3600
2025-03-17T11:00:00+00:00,-0.002000,3600
2025-03-17T12:00:00+00:00,-0.002000,3600
2025-03-17T13:00:00+00:00,0.050000,3600
2025-03-17T14:00:00+00:00,0.067120,3600
2025-03-17T15:00:00+00:00,0.093920,3600
2025-03-17T16:00:00+00:00,0.127870,3600
2025-03-17T17:00:00+00:00,0.156650,3600
2025-03-17T18:00:00+00:00,0.170000,3600
2025-03-17T19:00:00+00:00,0.141500,3600
2025-03-17T20:00:00+00:00,0.113530,3600
2025-03-17T21:00:00+00:00,0.106450,3600
2025-03-17T22:00:00+00:00,0.093500,3600
2025-03-17T23:00:00+00:00,0.092200,3600
2025-03-18T00:00:00+00:00,0.089990,3600
2025-03-18T01:00:00+00:00,0.091400,3600
2025-03-18T02:00:00+00:00,0.087230,3600
2025-03-18T03:00:00+00:00,0.091240,3600
2025-03-18T04:00:00+00:00,0.103730,3600
2025-03-18T05:00:00+00:00,0.132520,3600
2025-03-18T06:00:00+00:00,0.136680,3600
2025-03-18T07:00:00+00:00,0.106010,3600
2025-03-18T08:00:00+00:00,0.071530,3600
2025-03-18T09:00:00+00:00,0.021230,3600
2025-03-18T10:00:00+00:00,-0.005130,3600
2025-03-18T11:00:00+00:00,-0.011680,3600
2025-03-18T12:00:00+00:00,-0.002610,3600
2025-03-18T13:00:00+00:00,0.005290,3600
2025-03-18T14:00:00+00:00,0.043230,3600
2025-03-18T15:00:00+00:00,0.082710,3600
2025-03-18T16:00:00+00:00,0.124280,3600
2025-03-18T17:00:00+00:00,0.149970,3600
2025-03-18T18:00:00+00:00,0.159730,3600
2025-03-18T19:00:00+00:00,0.141490,3600
2025-03-18T20:00:00+00:00,0.117670,3600
2025-03-18T21:00:00+00:00,0.107370,3600
2025-03-18T22:00:00+00:00,0.100420,3600
2025-03-18T23:00:00+00:00,0.098680,3600
2025-03-19T00:00:00+00:00,0.094370,3600
2025-03-19T01:00:00+00:00,0.094900,3600
2025-03-19T02:00:00+00:00,0.096100,3600
2025-03-19T03:00:00+00:00,0.099680,3600
2025-03-19T04:00:00+00:00,0.109870,3600
2025-03-19T05:00:00+00:00,0.145370,3600
2025-03-19T06:00:00+00:00,0.146210,3600
2025-03-19T07:00:00+00:00,0.108140,3600
2025-03-19T08:00:00+00:00,0.075950,3600
2025-03-19T09:00:00+00:00,0.025870,3600
2025-03-19T10:00:00+00:00,0.000030,3600
2025-03-19T11:00:00+00:00,-0.000640,3600
2025-03-19T12:00:00+00:00,-0.000180,3600
2025-03-19T13:00:00+00:00,0.001110,3600
2025-03-19T14:00:00+00:00,0.059820,3600
2025-03-19T15:00:00+00:00,0.099290,3600
2025-03-19T16:00:00+00:00,0.136970,3600
2025-03-19T17:00:00+00:00,0.225810,3600
2025-03-19T18:00:00+00:00,0.209830,3600
2025-03-19T19:00:00+00:00,0.164400,3600
2025-03-19T20:00:00+00:00,0.129460,3600
2025-03-19T21:00:00+00:00,0.117390,3600
2025-03-19T22:00:00+00:00,0.106440,3600
2025-03-19T23:00:00+00:00,0.108740,3600
2025-03-20T00:00:00+00:00,0.095110,3600
2025-03-20T01:00:00+00:00,0.093690,3600
2025-03-20T02:00:00+00:00,0.093000,3600
2025-03-20T03:00:00+00:00,0.091370,3600
2025-03-20T04:00:00+00:00,0.109000,3600
2025-03-20T05:00:00+00:00,0.132240,3600
2025-03-20T06:00:00+00:00,0.135150,3600
2025-03-20T07:00:00+00:00,0.099060,3600
2025-03-20T08:00:00+00:00,0.075000,3600
2025-03-20T09:00:00+00:00,0.034970,3600
2025-03-20T10:00:00+00:00,0.003420,3600
2025-03-20T11:00:00+00:00,0.000430,3600
2025-03-20T12:00:00+00:00,0.000650,3600
2025-03-20T13:00:00+00:00,0.014560,3600
2025-03-20T14:00:00+00:00,0.068250,3600
2025-03-20T15:00:00+00:00,0.104800,3600
2025-03-20T16:00:00+00:00,0.138130,3600
2025-03-20T17:00:00+00:00,0.246890,3600
2025-03-20T18:00:00+00:00,0.230350,3600
2025-03-20T19:00:00+00:00,0.153390,3600
2025-03-20T20:00:00+00:00,0.126070,3600
2025-03-20T21:00:00+00:00,0.110710,3600
2025-03-20T22:00:00+00:00,0.106640,3600
2025-03-20T23:00:00+00:00,0.108010,3600
2025-03-21T00:00:00+00:00,0.100100,3600
2025-03-21T01:00:00+00:00,0.097500,3600
2025-03-21T02:00:00+00:00,0.093380,3600
2025-03-21T03:00:00+00:00,0.090280,3600
2025-03-21T04:00:00+00:00,0.104490,3600
2025-03-21T05:00:00+00:00,0.125650,3600
2025-03-21T06:00:00+00:00,0.132120,3600
2025-03-21T07:00:00+00:00,0.099210,3600
2025-03-21T08:00:00+00:00,0.068800,3600
2025-03-21T09:00:00+00:00,0.040490,3600
2025-03-21T10:00:00+00:00,0.006400,3600
2025-03-21T11:00:00+00:00,-0.002000,3600
2025-03-21T12:00:00+00:00,-0.002000,3600
2025-03-21T13:00:00+00:00,-0.002000,3600
2025-03-21T14:00:00+00:00,-0.001590,3600
2025-03-21T15:00:00+00:00,0.042930,3600
2025-03-21T16:00:00+00:00,0.089730,3600
2025-03-21T17:00:00+00:00,0.111500,3600
2025-03-21T18:00:00+00:00,0.082000,3600
2025-03-21T19:00:00+00:00,0.068420,3600
2025-03-21T20:00:00+00:00,0.045690,3600
2025-03-21T21:00:00+00:00,0.029230,3600
2025-03-21T22:00:00+00:00,0.021080,3600
2025-03-21T23:00:00+00:00,0.026930,3600
2025-03-22T00:00:00+00:00,0.013870,3600
2025-03-22T01:00:00+00:00,0.010710,3600
2025-03-22T02:00:00+00:00,0.008400,3600
2025-03-22T03:00:00+00:00,0.011170,3600
2025-03-22T04:00:00+00:00,0.013530,3600
2025-03-22T05:00:00+00:00,0.013070,3600
2025-03-22T06:00:00+00:00,0.019880,3600
2025-03-22T07:00:00+00:00,0.003110,3600
2025-03-22T08:00:00+00:00,0.000000,3600
2025-03-22T09:00:00+00:00,-0.002000,3600
2025-03-22T10:00:00+00:00,-0.006000,3600
2025-03-22T11:00:00+00:00,-0.016840,3600
2025-03-22T12:00:00+00:00,-0.012000,3600
2025-03-22T13:00:00+00:00,-0.006790,3600
2025-03-22T14:00:00+00:00,-0.001510,3600
2025-03-22T15:00:00+00:00,0.040000,3600
2025-03-22T16:00:00+00:00,0.126750,3600
2025-03-22T17:00:00+00:00,0.154000,3600
2025-03-22T18:00:00+00:00,0.156000,3600
2025-03-22T19:00:00+00:00,0.108300,3600
2025-03-22T20:00:00+00:00,0.099900,3600
2025-03-22T21:00:00+00:00,0.100100,3600
2025-03-22T22:00:00+00:00,0.098000,3600
2025-03-22T23:00:00+00:00,0.091000,3600
2025-03-23T00:00:00+00:00,0.080000,3600
2025-03-23T01:00:00+00:00,0.090000,3600
2025-03-23T02:00:00+00:00,0.092810,3600
2025-03-23T03:00:00+00:00,0.092790,3600
2025-03-23T04:00:00+00:00,0.090000,3600
2025-03-23T05:00:00+00:00,0.094000,3600
2025-03-23T06:00:00+00:00,0.101910,3600
2025-03-23T07:00:00+00:00,0.079730,3600
2025-03-23T08:00:00+00:00,0.023140,3600
2025-03-23T09:00:00+00:00,0.013780,3600
2025-03-23T10:00:00+00:00,0.009600,3600
2025-03-23T11:00:00+00:00,0.013490,3600
2025-03-23T12:00:00+00:00,0.005010,3600
2025-03-23T13:00:00+00:00,0.011460,3600
2025-03-23T14:00:00+00:00,0.041770,3600
2025-03-23T15:00:00+00:00,0.093520,3600
2025-03-23T16:00:00+00:00,0.117080,3600
2025-03-23T17:00:00+00:00,0.140000,3600
2025-03-23T18:00:00+00:00,0.140960,3600
2025-03-23T19:00:00+00:00,0.139700,3600
2025-03-23T20:00:00+00:00,0.128120,3600
2025-03-23T21:00:00+00:00,0.123520,3600
2025-03-23T22:00:00+00:00,0.114240,3600
2025-03-23T23:00:00+00:00,0.108500,3600
2025-03-24T00:00:00+00:00,0.102810,3600
2025-03-24T01:00:00+00:00,0.099110,3600
2025-03-24T02:00:00+00:00,0.096300,3600
2025-03-24T03:00:00+00:00,0.098640,3600
2025-03-24T04:00:00+00:00,0.114900,3600
2025-03-24T05:00:00+00:00,0.137410,3600
2025-03-24T06:00:00+00:00,0.161620,3600
2025-03-24T07:00:00+00:00,0.159090,3600
2025-03-24T08:00:00+00:00,0.132840,3600
2025-03-24T09:00:00+00:00,0.110250,3600
2025-03-24T10:00:00+00:00,0.101160,3600
2025-03-24T11:00:00+00:00,0.094430,3600
2025-03-24T12:00:00+00:00,0.091500,3600
2025-03-24T13:00:00+00:00,0.092910,3600
2025-03-24T14:00:00+00:00,0.099590,3600
2025-03-24T15:00:00+00:00,0.119910,3600
2025-03-24T16:00:00+00:00,0.146430,3600
2025-03-24T17:00:00+00:00,0.200610,3600
2025-03-24T18:00:00+00:00,0.190850,3600
2025-03-24T19:00:00+00:00,0.161300,3600
2025-03-24T20:00:00+00:00,0.135780,3600
2025-03-24T21:00:00+00:00,0.122960,3600
2025-03-24T22:00:00+00:00,0.113300,3600
2025-03-24T23:00:00+00:00,0.100620,3600
2025-03-25T00:00:00+00:00,0.099000,3600
2025-03-25T01:00:00+00:00,0.097150,3600
2025-03-25T02:00:00+00:00,0.096400,3600
2025-03-25T03:00:00+00:00,0.095640,3600
2025-03-25T04:00:00+00:00,0.101600,3600
2025-03-25T05:00:00+00:00,0.127850,3600
2025-03-25T06:00:00+00:00,0.139100,3600
2025-03-25T07:00:00+00:00,0.130060,3600
2025-03-25T08:00:00+00:00,0.106040,3600
2025-03-25T09:00:00+00:00,0.090650,3600
2025-03-25T10:00:00+00:00,0.078190,3600
2025-03-25T11:00:00+00:00,0.068610,3600
2025-03-25T12:00:00+00:00,0.068290,3600
2025-03-25T13:00:00+00:00,0.077430,3600
2025-03-25T14:00:00+00:00,0.088820,3600
2025-03-25T15:00:00+00:00,0.101890,3600
2025-03-25T16:00:00+00:00,0.130980,3600
2025-03-25T17:00:00+00:00,0.154560,3600
2025-03-25T18:00:00+00:00,0.165400,3600
2025-03-25T19:00:00+00:00,0.148600,3600
2025-03-25T20:00:00+00:00,0.122500,3600
2025-03-25T21:00:00+00:00,0.113450,3600
2025-03-25T22:00:00+00:00,0.102050,3600
2025-03-25T23:00:00+00:00,0.101020,3600
2025-03-26T00:00:00+00:00,0.097950,3600
2025-03-26T01:00:00+00:00,0.097340,3600
2025-03-26T02:00:00+00:00,0.097390,3600
2025-03-26T03:00:00+00:00,0.095720,3600
2025-03-26T04:00:00+00:00,0.096970,3600
2025-03-26T05:00:00+00:00,0.124470,3600
2025-03-26T06:00:00+00:00,0.139460,3600
2025-03-26T07:00:00+00:00,0.136440,3600
2025-03-26T08:00:00+00:00,0.111030,3600
2025-03-26T09:00:00+00:00,0.098990,3600
2025-03-26T10:00:00+00:00,0.095130,3600
2025-03-26T11:00:00+00:00,0.094170,3600
2025-03-26T12:00:00+00:00,0.083570,3600
2025-03-26T13:00:00+00:00,0.088000,3600
2025-03-26T14:00:00+00:00,0.091170,3600
2025-03-26T15:00:00+00:00,0.099050,3600
2025-03-26T16:00:00+00:00,0.129630,3600
2025-03-26T17:00:00+00:00,0.157320,3600
2025-03-26T18:00:00+00:00,0.167560,3600
2025-03-26T19:00:00+00:00,0.150000,3600
2025-03-26T20:00:00+00:00,0.126330,3600
2025-03-26T21:00:00+00:00,0.117480,3600
2025-03-26T22:00:00+00:00,0.106890,3600
2025-03-26T23:00:00+00:00,0.103910,3600
2025-03-27T00:00:00+00:00,0.097390,3600
2025-03-27T01:00:00+00:00,0.096610,3600
2025-03-27T02:00:00+00:00,0.095840,3600
2025-03-27T03:00:00+00:00,0.092160,3600
2025-03-27T04:00:00+00:00,0.102010,3600
2025-03-27T05:00:00+00:00,0.125050,3600
2025-03-27T06:00:00+00:00,0.137790,3600
2025-03-27T07:00:00+00:00,0.123500,3600
2025-03-27T08:00:00+00:00,0.089920,3600
2025-03-27T09:00:00+00:00,0.070780,3600
2025-03-27T10:00:00+00:00,0.044900,3600
2025-03-27T11:00:00+00:00,0.012000,3600
2025-03-27T12:00:00+00:00,0.004120,3600
2025-03-27T13:00:00+00:00,0.029030,3600
2025-03-27T14:00:00+00:00,0.068800,3600
2025-03-27T15:00:00+00:00,0.087080,3600
2025-03-27T16:00:00+00:00,0.116620,3600
2025-03-27T17:00:00+00:00,0.151070,3600
2025-03-27T18:00:00+00:00,0.167440,3600
2025-03-27T19:00:00+00:00,0.140710,3600
2025-03-27T20:00:00+00:00,0.122740,3600
2025-03-27T21:00:00+00:00,0.111600,3600
2025-03-27T22:00:00+00:00,0.099580,3600
2025-03-27T23:00:00+00:00,0.085210,3600
2025-03-28T00:00:00+00:00,0.079050,3600
2025-03-28T01:00:00+00:00,0.078990,3600
2025-03-28T02:00:00+00:00,0.077890,3600
2025-03-28T03:00:00+00:00,0.078470,3600
2025-03-28T04:00:00+00:00,0.092340,3600
2025-03-28T05:00:00+00:00,0.122800,3600
2025-03-28T06:00:00+00:00,0.122200,3600
2025-03-28T07:00:00+00:00,0.102080,3600
2025-03-28T08:00:00+00:00,0.071600,3600
2025-03-28T09:00:00+00:00,0.020470,3600
2025-03-28T10:00:00+00:00,-0.002000,3600
2025-03-28T11:00:00+00:00,-0.002000,3600
2025-03-28T12:00:00+00:00,-0.000030,3600
2025-03-28T13:00:00+00:00,0.013430,3600
2025-03-28T14:00:00+00:00,0.066410,3600
2025-03-28T15:00:00+00:00,0.099850,3600
2025-03-28T16:00:00+00:00,0.120840,3600
2025-03-28T17:00:00+00:00,0.153590,3600
2025-03-28T18:00:00+00:00,0.158280,3600
2025-03-28T19:00:00+00:00,0.143180,3600
2025-03-28T20:00:00+00:00,0.118600,3600
2025-03-28T21:00:00+00:00,0.112500,3600
2025-03-28T22:00:00+00:00,0.107340,3600
2025-03-28T23:00:00+00:00,0.104320,3600
2025-03-29T00:00:00+00:00,0.096170,3600
2025-03-29T01:00:00+00:00,0.089100,3600
2025-03-29T02:00:00+00:00,0.088040,3600
2025-03-29T03:00:00+00:00,0.089270,3600
2025-03-29T04:00:00+00:00,0.087070,3600
2025-03-29T05:00:00+00:00,0.091000,3600
2025-03-29T06:00:00+00:00,0.092930,3600
2025-03-29T07:00:00+00:00,0.085670,3600
2025-03-29T08:00:00+00:00,0.070620,3600
2025-03-29T09:00:00+00:00,0.059250,3600
2025-03-29T10:00:00+00:00,0.059460,3600
2025-03-29T11:00:00+00:00,0.059920,3600
2025-03-29T12:00:00+00:00,0.000880,3600
2025-03-29T13:00:00+00:00,0.002340,3600
2025-03-29T14:00:00+00:00,0.023640,3600
2025-03-29T15:00:00+00:00,0.058000,3600
2025-03-29T16:00:00+00:00,0.090490,3600
2025-03-29T17:00:00+00:00,0.136700,3600
2025-03-29T18:00:00+00:00,0.143960,3600
2025-03-29T19:00:00+00:00,0.114770,3600
2025-03-29T20:00:00+00:00,0.093810,3600
2025-03-29T21:00:00+00:00,0.076650,3600
2025-03-29T22:00:00+00:00,0.061950,3600
2025-03-29T23:00:00+00:00,0.017500,3600
2025-03-30T00:00:00+00:00,0.012200,3600
2025-03-30T01:00:00+00:00,0.002310,3600
2025-03-30T02:00:00+00:00,0.001200,3600
2025-03-30T03:00:00+00:00,0.000090,3600
2025-03-30T04:00:00+00:00,0.000000,3600
2025-03-30T05:00:00+00:00,-0.000030,3600
2025-03-30T06:00:00+00:00,-0.000010,3600
2025-03-30T07:00:00+00:00,-0.000040,3600
2025-03-30T08:00:00+00:00,-0.003470,3600
2025-03-30T09:00:00+00:00,-0.015000,3600
2025-03-30T10:00:00+00:00,-0.033000,3600
2025-03-30T11:00:00+00:00,-0.033000,3600
2025-03-30T12:00:00+00:00,-0.033000,3600
2025-03-30T13:00:00+00:00,-0.015340,3600
2025-03-30T14:00:00+00:00,-0.004010,3600
2025-03-30T15:00:00+00:00,0.000070,3600
2025-03-30T16:00:00+00:00,0.014410,3600
2025-03-30T17:00:00+00:00,0.060830,3600
2025-03-30T18:00:00+00:00,0.062700,3600
2025-03-30T19:00:00+00:00,0.065000,3600
2025-03-30T20:00:00+00:00,0.061710,3600
2025-03-30T21:00:00+00:00,0.056440,3600
2025-03-30T22:00:00+00:00,0.065410,3600
2025-03-30T23:00:00+00:00,0.063250,3600
2025-03-31T00:00:00+00:00,0.064410,3600
2025-03-31T01:00:00+00:00,0.067220,3600
2025-03-31T02:00:00+00:00,0.068970,3600
2025-03-31T03:00:00+00:00,0.088000,3600
2025-03-31T04:00:00+00:00,0.104900,3600
2025-03-31T05:00:00+00:00,0.142670,3600
2025-03-31T06:00:00+00:00,0.174160,3600
2025-03-31T07:00:00+00:00,0.118630,3600
2025-03-31T08:00:00+00:00,0.099350,3600
2025-03-31T09:00:00+00:00,0.074760,3600
2025-03-31T10:00:00+00:00,0.025000,3600
2025-03-31T11:00:00+00:00,-0.003000,3600
2025-03-31T12:00:00+00:00,-0.003000,3600
2025-03-31T13:00:00+00:00,0.049900,3600
2025-03-31T14:00:00+00:00,0.063310,3600
2025-03-31T15:00:00+00:00,0.087270,3600
2025-03-31T16:00:00+00:00,0.116650,3600
2025-03-31T17:00:00+00:00,0.166500,3600
2025-03-31T18:00:00+00:00,0.168670,3600
2025-03-31T19:00:00+00:00,0.129710,3600
2025-03-31T20:00:00+00:00,0.112540,3600
2025-03-31T21:00:00+00:00,0.101300,3600
2025-03-31T22:00:00+00:00,0.100360,3600
2025-03-31T23:00:00+00:00,0.093070,3600
2025-04-01T00:00:00+00:00,0.090840,3600
2025-04-01T01:00:00+00:00,0.090500,3600
2025-04-01T02:00:00+00:00,0.088710,3600
2025-04-01T03:00:00+00:00,0.097550,3600
2025-04-01T04:00:00+00:00,0.121830,3600
2025-04-01T05:00:00+00:00,0.175740,3600
2025-04-01T06:00:00+00:00,0.159370,3600
2025-04-01T07:00:00+00:00,0.106420,3600
2025-04-01T08:00:00+00:00,0.077500,3600
2025-04-01T09:00:00+00:00,0.052720,3600
2025-04-01T10:00:00+00:00,0.010000,3600
2025-04-01T11:00:00+00:00,-0.020000,3600
2025-04-01T12:00:00+00:00,-0.030000,3600
2025-04-01T13:00:00+00:00,-0.003000,3600
2025-04-01T14:00:00+00:00,0.041100,3600
2025-04-01T15:00:00+00:00,0.068670,3600
2025-04-01T16:00:00+00:00,0.105780,3600
2025-04-01T17:00:00+00:00,0.139720,3600
2025-04-01T18:00:00+00:00,0.131180,3600
2025-04-01T19:00:00+00:00,0.104260,3600
2025-04-01T20:00:00+00:00,0.092670,3600
2025-04-01T21:00:00+00:00,0.077650,3600
2025-04-01T22:00:00+00:00,0.065630,3600
2025-04-01T23:00:00+00:00,0.063040,3600
2025-04-02T00:00:00+00:00,0.062750,3600
2025-04-02T01:00:00+00:00,0.063520,3600
2025-04-02T02:00:00+00:00,0.064130,3600
2025-04-02T03:00:00+00:00,0.077410,3600
2025-04-02T04:00:00+00:00,0.107620,3600
2025-04-02T05:00:00+00:00,0.145000,3600
2025-04-02T06:00:00+00:00,0.122960,3600
2025-04-02T07:00:00+00:00,0.079700,3600
2025-04-02T08:00:00+00:00,0.041350,3600
2025-04-02T09:00:00+00:00,-0.009900,3600
2025-04-02T10:00:00+00:00,-0.030000,3600
2025-04-02T11:00:00+00:00,-0.050000,3600
2025-04-02T12:00:00+00:00,-0.054000,3600
2025-04-02T13:00:00+00:00,-0.048010,3600
2025-04-02T14:00:00+00:00,-0.025370,3600
2025-04-02T15:00:00+00:00,-0.000010,3600
2025-04-02T16:00:00+00:00,0.076580,3600
2025-04-02T17:00:00+00:00,0.114000,3600
2025-04-02T18:00:00+00:00,0.114000,3600
2025-04-02T19:00:00+00:00,0.096070,3600
2025-04-02T20:00:00+00:00,0.082630,3600
2025-04-02T21:00:00+00:00,0.071430,3600
2025-04-02T22:00:00+00:00,0.062830,3600
2025-04-02T23:00:00+00:00,0.059200,3600
2025-04-03T00:00:00+00:00,0.058700,3600
2025-04-03T01:00:00+00:00,0.059490,3600
2025-04-03T02:00:00+00:00,0.061360,3600
2025-04-03T03:00:00+00:00,0.075000,3600
2025-04-03T04:00:00+00:00,0.118900,3600
2025-04-03T05:00:00+00:00,0.153810,3600
2025-04-03T06:00:00+00:00,0.133300,3600
2025-04-03T07:00:00+00:00,0.079110,3600
2025-04-03T08:00:00+00:00,0.037370,3600
2025-04-03T09:00:00+00:00,-0.000160,3600
2025-04-03T10:00:00+00:00,-0.002000,3600
2025-04-03T11:00:00+00:00,-0.014600,3600
2025-04-03T12:00:00+00:00,-0.009820,3600
2025-04-03T13:00:00+00:00,-0.001590,3600
2025-04-03T14:00:00+00:00,0.000080,3600
2025-04-03T15:00:00+00:00,0.068830,3600
2025-04-03T16:00:00+00:00,0.130360,3600
2025-04-03T17:00:00+00:00,0.160910,3600
2025-04-03T18:00:00+00:00,0.153310,3600
2025-04-03T19:00:00+00:00,0.131470,3600
2025-04-03T20:00:00+00:00,0.111370,3600
2025-04-03T21:00:00+00:00,0.102680,3600
2025-04-03T22:00:00+00:00,0.104970,3600
2025-04-03T23:00:00+00:00,0.098880,3600
2025-04-04T00:00:00+00:00,0.098870,3600
2025-04-04T01:00:00+00:00,0.098950,3600
2025-04-04T02:00:00+00:00,0.100300,3600
2025-04-04T03:00:00+00:00,0.105370,3600
2025-04-04T04:00:00+00:00,0.135160,3600
2025-04-04T05:00:00+00:00,0.166830,3600
2025-04-04T06:00:00+00:00,0.136730,3600
2025-04-04T07:00:00+00:00,0.094480,3600
2025-04-04T08:00:00+00:00,0.060910,3600
2025-04-04T09:00:00+00:00,0.007820,3600
2025-04-04T10:00:00+00:00,0.000000,3600
2025-04-04T11:00:00+00:00,-0.002270,3600
2025-04-04T12:00:00+00:00,-0.002140,3600
2025-04-04T13:00:00+00:00,-0.000110,3600
2025-04-04T14:00:00+00:00,0.024780,3600
2025-04-04T15:00:00+00:00,0.070730,3600
2025-04-04T16:00:00+00:00,0.111030,3600
2025-04-04T17:00:00+00:00,0.132990,3600
2025-04-04T18:00:00+00:00,0.140060,3600
2025-04-04T19:00:00+00:00,0.109000,3600
2025-04-04T20:00:00+00:00,0.098100,3600
2025-04-04T21:00:00+00:00,0.091060,3600
2025-04-04T22:00:00+00:00,0.098800,3600
2025-04-04T23:00:00+00:00,0.094270,3600
2025-04-05T00:00:00+00:00,0.092430,3600
2025-04-05T01:00:00+00:00,0.092150,3600
2025-04-05T02:00:00+00:00,0.090380,3600
2025-04-05T03:00:00+00:00,0.089310,3600
2025-04-05T04:00:00+00:00,0.092490,3600
2025-04-05T05:00:00+00:00,0.098600,3600
2025-04-05T06:00:00+00:00,0.093750,3600
2025-04-05T07:00:00+00:00,0.055850,3600
2025-04-05T08:00:00+00:00,0.000660,3600
2025-04-05T09:00:00+00:00,-0.002000,3600
2025-04-05T10:00:00+00:00,-0.060000,3600
2025-04-05T11:00:00+00:00,-0.054710,3600
2025-04-05T12:00:00+00:00,-0.052880,3600
2025-04-05T13:00:00+00:00,-0.029900,3600
2025-04-05T14:00:00+00:00,-0.004230,3600
2025-04-05T15:00:00+00:00,0.000270,3600
2025-04-05T16:00:00+00:00,0.064510,3600
2025-04-05T17:00:00+00:00,0.098300,3600
2025-04-05T18:00:00+00:00,0.100000,3600
2025-04-05T19:00:00+00:00,0.084360,3600
2025-04-05T20:00:00+00:00,0.078990,3600
2025-04-05T21:00:00+00:00,0.068750,3600
2025-04-05T22:00:00+00:00,0.070450,3600
2025-04-05T23:00:00+00:00,0.061000,3600
2025-04-06T00:00:00+00:00,0.060220,3600
2025-04-06T01:00:00+00:00,0.064530,3600
2025-04-06T02:00:00+00:00,0.065910,3600
2025-04-06T03:00:00+00:00,0.072780,3600
2025-04-06T04:00:00+00:00,0.073390,3600
2025-04-06T05:00:00+00:00,0.075000,3600
2025-04-06T06:00:00+00:00,0.040520,3600
2025-04-06T07:00:00+00:00,0.000100,3600
2025-04-06T08:00:00+00:00,-0.002000,3600
2025-04-06T09:00:00+00:00,-0.027540,3600
2025-04-06T10:00:00+00:00,-0.060000,3600
2025-04-06T11:00:00+00:00,-0.106240,3600
2025-04-06T12:00:00+00:00,-0.114540,3600
2025-04-06T13:00:00+00:00,-0.069880,3600
2025-04-06T14:00:00+00:00,-0.018940,3600
2025-04-06T15:00:00+00:00,0.001620,3600
2025-04-06T16:00:00+00:00,0.096580,3600
2025-04-06T17:00:00+00:00,0.120250,3600
2025-04-06T18:00:00+00:00,0.128010,3600
2025-04-06T19:00:00+00:00,0.117150,3600
2025-04-06T20:00:00+00:00,0.108190,3600
2025-04-06T21:00:00+00:00,0.097380,3600
2025-04-06T22:00:00+00:00,0.083640,3600
2025-04-06T23:00:00+00:00,0.081660,3600
2025-04-07T00:00:00+00:00,0.078690,3600
2025-04-07T01:00:00+00:00,0.079970,3600
2025-04-07T02:00:00+00:00,0.082800,3600
2025-04-07T03:00:00+00:00,0.093450,3600
2025-04-07T04:00:00+00:00,0.124040,3600
2025-04-07T05:00:00+00:00,0.179140,3600
2025-04-07T06:00:00+00:00,0.144610,3600
2025-04-07T07:00:00+00:00,0.105100,3600
2025-04-07T08:00:00+00:00,0.079030,3600
2025-04-07T09:00:00+00:00,0.060850,3600
2025-04-07T10:00:00+00:00,0.011800,3600
2025-04-07T11:00:00+00:00,0.002190,3600
2025-04-07T12:00:00+00:00,0.002200,3600
2025-04-07T13:00:00+00:00,0.054530,3600
2025-04-07T14:00:00+00:00,0.062610,3600
2025-04-07T15:00:00+00:00,0.092540,3600
2025-04-07T16:00:00+00:00,0.115740,3600
2025-04-07T17:00:00+00:00,0.151000,3600
2025-04-07T18:00:00+00:00,0.152260,3600
2025-04-07T19:00:00+00:00,0.137970,3600
2025-04-07T20:00:00+00:00,0.107500,3600
2025-04-07T21:00:00+00:00,0.104450,3600
2025-04-07T22:00:00+00:00,0.081780,3600
2025-04-07T23:00:00+00:00,0.084140,3600
2025-04-08T00:00:00+00:00,0.080420,3600
2025-04-08T01:00:00+00:00,0.079530,3600
2025-04-08T02:00:00+00:00,0.084110,3600
2025-04-08T03:00:00+00:00,0.091600,3600
2025-04-08T04:00:00+00:00,0.132000,3600
2025-04-08T05:00:00+00:00,0.165300,3600
2025-04-08T06:00:00+00:00,0.136770,3600
2025-04-08T07:00:00+00:00,0.091260,3600
2025-04-08T08:00:00+00:00,0.072120,3600
2025-04-08T09:00:00+00:00,0.052780,3600
2025-04-08T10:00:00+00:00,0.018360,3600
2025-04-08T11:00:00+00:00,0.014120,3600
2025-04-08T12:00:00+00:00,0.022670,3600
2025-04-08T13:00:00+00:00,0.045940,3600
2025-04-08T14:00:00+00:00,0.063050,3600
2025-04-08T15:00:00+00:00,0.081550,3600
2025-04-08T16:00:00+00:00,0.109010,3600
2025-04-08T17:00:00+00:00,0.135710,3600
2025-04-08T18:00:00+00:00,0.167370,3600
2025-04-08T19:00:00+00:00,0.137580,3600
2025-04-08T20:00:00+00:00,0.115350,3600
2025-04-08T21:00:00+00:00,0.097200,3600
2025-04-08T22:00:00+00:00,0.095000,3600
2025-04-08T23:00:00+00:00,0.085000,3600
2025-04-09T00:00:00+00:00,0.085600,3600
2025-04-09T01:00:00+00:00,0.084150,3600
2025-04-09T02:00:00+00:00,0.086450,3600
2025-04-09T03:00:00+00:00,0.095640,3600
2025-04-09T04:00:00+00:00,0.123400,3600
2025-04-09T05:00:00+00:00,0.153410,3600
2025-04-09T06:00:00+00:00,0.128060,3600
2025-04-09T07:00:00+00:00,0.095000,3600
2025-04-09T08:00:00+00:00,0.077390,3600
2025-04-09T09:00:00+00:00,0.050590,3600
2025-04-09T10:00:00+00:00,0.011300,3600
2025-04-09T11:00:00+00:00,0.000000,3600
2025-04-09T12:00:00+00:00,-0.001590,3600
2025-04-09T13:00:00+00:00,0.015000,3600
2025-04-09T14:00:00+00:00,0.045790,3600
2025-04-09T15:00:00+00:00,0.070920,3600
2025-04-09T16:00:00+00:00,0.093510,3600
2025-04-09T17:00:00+00:00,0.118890,3600
2025-04-09T18:00:00+00:00,0.129190,3600
2025-04-09T19:00:00+00:00,0.104170,3600
2025-04-09T20:00:00+00:00,0.094800,3600
2025-04-09T21:00:00+00:00,0.089510,3600
2025-04-09T22:00:00+00:00,0.085000,3600
2025-04-09T23:00:00+00:00,0.083950,3600
2025-04-10T00:00:00+00:00,0.083950,3600
2025-04-10T01:00:00+00:00,0.082640,3600
2025-04-10T02:00:00+00:00,0.082240,3600
2025-04-10T03:00:00+00:00,0.087820,3600
2025-04-10T04:00:00+00:00,0.115690,3600
2025-04-10T05:00:00+00:00,0.149040,3600
2025-04-10T06:00:00+00:00,0.130590,3600
2025-04-10T07:00:00+00:00,0.099430,3600
2025-04-10T08:00:00+00:00,0.085710,3600
2025-04-10T09:00:00+00:00,0.062590,3600
2025-04-10T10:00:00+00:00,0.027020,3600
2025-04-10T11:00:00+00:00,0.001670,3600
2025-04-10T12:00:00+00:00,0.000060,3600
2025-04-10T13:00:00+00:00,0.001000,3600
2025-04-10T14:00:00+00:00,0.044830,3600
2025-04-10T15:00:00+00:00,0.064890,3600
2025-04-10T16:00:00+00:00,0.092130,3600
2025-04-10T17:00:00+00:00,0.132000,3600
2025-04-10T18:00:00+00:00,0.132310,3600
2025-04-10T19:00:00+00:00,0.094700,3600
2025-04-10T20:00:00+00:00,0.088450,3600
2025-04-10T21:00:00+00:00,0.087130,3600
2025-04-10T22:00:00+00:00,0.096000,3600
2025-04-10T23:00:00+00:00,0.085100,3600
2025-04-11T00:00:00+00:00,0.089000,3600
2025-04-11T01:00:00+00:00,0.075300,3600
2025-04-11T02:00:00+00:00,0.075000,3600
2025-04-11T03:00:00+00:00,0.085100,3600
2025-04-11T04:00:00+00:00,0.091920,3600
2025-04-11T05:00:00+00:00,0.116080,3600
2025-04-11T06:00:00+00:00,0.131180,3600
2025-04-11T07:00:00+00:00,0.112000,3600
2025-04-11T08:00:00+00:00,0.020050,3600
2025-04-11T09:00:00+00:00,-0.002000,3600
2025-04-11T10:00:00+00:00,-0.005740,3600
2025-04-11T11:00:00+00:00,-0.008820,3600
2025-04-11T12:00:00+00:00,-0.005090,3600
2025-04-11T13:00:00+00:00,-0.000100,3600
2025-04-11T14:00:00+00:00,-0.000480,3600
2025-04-11T15:00:00+00:00,0.063440,3600
2025-04-11T16:00:00+00:00,0.102700,3600
2025-04-11T17:00:00+00:00,0.127300,3600
2025-04-11T18:00:00+00:00,0.147450,3600
2025-04-11T19:00:00+00:00,0.125000,3600
2025-04-11T20:00:00+00:00,0.112710,3600
2025-04-11T21:00:00+00:00,0.100640,3600
2025-04-11T22:00:00+00:00,0.101930,3600
2025-04-11T23:00:00+00:00,0.098430,3600
2025-04-12T00:00:00+00:00,0.095380,3600
2025-04-12T01:00:00+00:00,0.089090,3600
2025-04-12T02:00:00+00:00,0.089130,3600
2025-04-12T03:00:00+00:00,0.089110,3600
2025-04-12T04:00:00+00:00,0.093510,3600
2025-04-12T05:00:00+00:00,0.090130,3600
2025-04-12T06:00:00+00:00,0.090290,3600
2025-04-12T07:00:00+00:00,0.062040,3600
2025-04-12T08:00:00+00:00,0.020190,3600
2025-04-12T09:00:00+00:00,0.000000,3600
2025-04-12T10:00:00+00:00,-0.018550,3600
2025-04-12T11:00:00+00:00,-0.051540,3600
2025-04-12T12:00:00+00:00,-0.063790,3600
2025-04-12T13:00:00+00:00,-0.031310,3600
2025-04-12T14:00:00+00:00,-0.000060,3600
2025-04-12T15:00:00+00:00,0.053340,3600
2025-04-12T16:00:00+00:00,0.098850,3600
2025-04-12T17:00:00+00:00,0.134200,3600
2025-04-12T18:00:00+00:00,0.117460,3600
2025-04-12T19:00:00+00:00,0.089240,3600
2025-04-12T20:00:00+00:00,0.082000,3600
2025-04-12T21:00:00+00:00,0.069900,3600
2025-04-12T22:00:00+00:00,0.063990,3600
2025-04-12T23:00:00+00:00,0.056000,3600
2025-04-13T00:00:00+00:00,0.042360,3600
2025-04-13T01:00:00+00:00,0.029500,3600
2025-04-13T02:00:00+00:00,0.034900,3600
2025-04-13T03:00:00+00:00,0.034900,3600
2025-04-13T04:00:00+00:00,0.032250,3600
2025-04-13T05:00:00+00:00,0.027750,3600
2025-04-13T06:00:00+00:00,0.034500,3600
2025-04-13T07:00:00+00:00,0.008430,3600
2025-04-13T08:00:00+00:00,0.000000,3600
2025-04-13T09:00:00+00:00,-0.000020,3600
2025-04-13T10:00:00+00:00,-0.002000,3600
2025-04-13T11:00:00+00:00,-0.018840,3600
2025-04-13T12:00:00+00:00,-0.025380,3600
2025-04-13T13:00:00+00:00,-0.009930,3600
2025-04-13T14:00:00+00:00,-0.000010,3600
2025-04-13T15:00:00+00:00,0.016350,3600
2025-04-13T16:00:00+00:00,0.090020,3600
2025-04-13T17:00:00+00:00,0.109570,3600
2025-04-13T18:00:00+00:00,0.112740,3600
2025-04-13T19:00:00+00:00,0.106960,3600
2025-04-13T20:00:00+00:00,0.097650,3600
2025-04-13T21:00:00+00:00,0.090000,3600
2025-04-13T22:00:00+00:00,0.081610,3600
2025-04-13T23:00:00+00:00,0.077990,3600
2025-04-14T00:00:00+00:00,0.077510,3600
2025-04-14T01:00:00+00:00,0.077550,3600
2025-04-14T02:00:00+00:00,0.079250,3600
2025-04-14T03:00:00+00:00,0.088680,3600
2025-04-14T04:00:00+00:00,0.114590,3600
2025-04-14T05:00:00+00:00,0.150520,3600
2025-04-14T06:00:00+00:00,0.143700,3600
2025-04-14T07:00:00+00:00,0.100060,3600
2025-04-14T08:00:00+00:00,0.085100,3600
2025-04-14T09:00:00+00:00,0.070000,3600
2025-04-14T10:00:00+00:00,0.060840,3600
2025-04-14T11:00:00+00:00,0.056560,3600
2025-04-14T12:00:00+00:00,0.056520,3600
2025-04-14T13:00:00+00:00,0.066440,3600
2025-04-14T14:00:00+00:00,0.076560,3600
2025-04-14T15:00:00+00:00,0.088880,3600
2025-04-14T16:00:00+00:00,0.108300,3600
2025-04-14T17:00:00+00:00,0.180000,3600
2025-04-14T18:00:00+00:00,0.148660,3600
2025-04-14T19:00:00+00:00,0.097810,3600
2025-04-14T20:00:00+00:00,0.077690,3600
2025-04-14T21:00:00+00:00,0.076000,3600
2025-04-14T22:00:00+00:00,0.078900,3600
2025-04-14T23:00:00+00:00,0.074000,3600
2025-04-15T00:00:00+00:00,0.069900,3600
2025-04-15T01:00:00+00:00,0.070000,3600
2025-04-15T02:00:00+00:00,0.066300,3600
2025-04-15T03:00:00+00:00,0.065000,3600
2025-04-15T04:00:00+00:00,0.077380,3600
2025-04-15T05:00:00+00:00,0.092600,3600
2025-04-15T06:00:00+00:00,0.097000,3600
2025-04-15T07:00:00+00:00,0.067970,3600
2025-04-15T08:00:00+00:00,0.048930,3600
2025-04-15T09:00:00+00:00,0.002920,3600
2025-04-15T10:00:00+00:00,0.001570,3600
2025-04-15T11:00:00+00:00,0.000000,3600
2025-04-15T12:00:00+00:00,0.002710,3600
2025-04-15T13:00:00+00:00,0.044860,3600
2025-04-15T14:00:00+00:00,0.078000,3600
2025-04-15T15:00:00+00:00,0.092000,3600
2025-04-15T16:00:00+00:00,0.100370,3600
2025-04-15T17:00:00+00:00,0.125880,3600
2025-04-15T18:00:00+00:00,0.133170,3600
2025-04-15T19:00:00+00:00,0.105960,3600
2025-04-15T20:00:00+00:00,0.096520,3600
2025-04-15T21:00:00+00:00,0.088820,3600
2025-04-15T22:00:00+00:00,0.085400,3600
2025-04-15T23:00:00+00:00,0.078480,3600
2025-04-16T00:00:00+00:00,0.078300,3600
2025-04-16T01:00:00+00:00,0.070570,3600
2025-04-16T02:00:00+00:00,0.069970,3600
2025-04-16T03:00:00+00:00,0.078960,3600
2025-04-16T04:00:00+00:00,0.101500,3600
2025-04-16T05:00:00+00:00,0.124470,3600
2025-04-16T06:00:00+00:00,0.109940,3600
2025-04-16T07:00:00+00:00,0.093350,3600
2025-04-16T08:00:00+00:00,0.077980,3600
2025-04-16T09:00:00+00:00,0.061700,3600
2025-04-16T10:00:00+00:00,0.033470,3600
2025-04-16T11:00:00+00:00,0.021340,3600
2025-04-16T12:00:00+00:00,0.025090,3600
2025-04-16T13:00:00+00:00,0.055000,3600
2025-04-16T14:00:00+00:00,0.068000,3600
2025-04-16T15:00:00+00:00,0.089000,3600
2025-04-16T16:00:00+00:00,0.114870,3600
2025-04-16T17:00:00+00:00,0.146000,3600
2025-04-16T18:00:00+00:00,0.136920,3600
2025-04-16T19:00:00+00:00,0.119820,3600
2025-04-16T20:00:00+00:00,0.109260,3600
2025-04-16T21:00:00+00:00,0.098590,3600
2025-04-16T22:00:00+00:00,0.088990,3600
2025-04-16T23:00:00+00:00,0.083990,3600
2025-04-17T00:00:00+00:00,0.081670,3600
2025-04-17T01:00:00+00:00,0.080070,3600
2025-04-17T02:00:00+00:00,0.081280,3600
2025-04-17T03:00:00+00:00,0.087430,3600
2025-04-17T04:00:00+00:00,0.105060,3600
2025-04-17T05:00:00+00:00,0.122330,3600
2025-04-17T06:00:00+00:00,0.130900,3600
2025-04-17T07:00:00+00:00,0.120100,3600
2025-04-17T08:00:00+00:00,0.105690,3600
2025-04-17T09:00:00+00:00,0.083130,3600
2025-04-17T10:00:00+00:00,0.080040,3600
2025-04-17T11:00:00+00:00,0.079360,3600
2025-04-17T12:00:00+00:00,0.078100,3600
2025-04-17T13:00:00+00:00,0.077650,3600
2025-04-17T14:00:00+00:00,0.087000,3600
2025-04-17T15:00:00+00:00,0.094550,3600
2025-04-17T16:00:00+00:00,0.110760,3600
2025-04-17T17:00:00+00:00,0.125970,3600
2025-04-17T18:00:00+00:00,0.120370,3600
2025-04-17T19:00:00+00:00,0.117800,3600
2025-04-17T20:00:00+00:00,0.098900,3600
2025-04-17T21:00:00+00:00,0.096270,3600
2025-04-17T22:00:00+00:00,0.099410,3600
2025-04-17T23:00:00+00:00,0.088000,3600
2025-04-18T00:00:00+00:00,0.088000,3600
2025-04-18T01:00:00+00:00,0.084000,3600
2025-04-18T02:00:00+00:00,0.079680,3600
2025-04-18T03:00:00+00:00,0.074900,3600
2025-04-18T04:00:00+00:00,0.080000,3600
2025-04-18T05:00:00+00:00,0.096700,3600
2025-04-18T06:00:00+00:00,0.108000,3600
2025-04-18T07:00:00+00:00,0.102590,3600
2025-04-18T08:00:00+00:00,0.092880,3600
2025-04-18T09:00:00+00:00,0.077990,3600
2025-04-18T10:00:00+00:00,0.069930,3600
2025-04-18T11:00:00+00:00,0.055480,3600
2025-04-18T12:00:00+00:00,0.052980,3600
2025-04-18T13:00:00+00:00,0.055020,3600
2025-04-18T14:00:00+00:00,0.065810,3600
2025-04-18T15:00:00+00:00,0.083350,3600
2025-04-18T16:00:00+00:00,0.099240,3600
2025-04-18T17:00:00+00:00,0.118930,3600
2025-04-18T18:00:00+00:00,0.121590,3600
2025-04-18T19:00:00+00:00,0.111760,3600
2025-04-18T20:00:00+00:00,0.099550,3600
2025-04-18T21:00:00+00:00,0.090000,3600
2025-04-18T22:00:00+00:00,0.081450,3600
2025-04-18T23:00:00+00:00,0.074380,3600
2025-04-19T00:00:00+00:00,0.078600,3600
2025-04-19T01:00:00+00:00,0.076210,3600
2025-04-19T02:00:00+00:00,0.078920,3600
2025-04-19T03:00:00+00:00,0.083050,3600
2025-04-19T04:00:00+00:00,0.088350,3600
2025-04-19T05:00:00+00:00,0.084930,3600
2025-04-19T06:00:00+00:00,0.078390,3600
2025-04-19T07:00:00+00:00,0.070560,3600
2025-04-19T08:00:00+00:00,0.028510,3600
2025-04-19T09:00:00+00:00,0.004540,3600
2025-04-19T10:00:00+00:00,0.000000,3600
2025-04-19T11:00:00+00:00,-0.005640,3600
2025-04-19T12:00:00+00:00,-0.011770,3600
2025-04-19T13:00:00+00:00,-0.001600,3600
2025-04-19T14:00:00+00:00,0.000200,3600
2025-04-19T15:00:00+00:00,0.056150,3600
2025-04-19T16:00:00+00:00,0.092910,3600
2025-04-19T17:00:00+00:00,0.113980,3600
2025-04-19T18:00:00+00:00,0.126680,3600
2025-04-19T19:00:00+00:00,0.119900,3600
2025-04-19T20:00:00+00:00,0.103900,3600
2025-04-19T21:00:00+00:00,0.094410,3600
2025-04-19T22:00:00+00:00,0.098000,3600
2025-04-19T23:00:00+00:00,0.090750,3600
2025-04-20T00:00:00+00:00,0.103340,3600
2025-04-20T01:00:00+00:00,0.096000,3600
2025-04-20T02:00:00+00:00,0.100300,3600
2025-04-20T03:00:00+00:00,0.123790,3600
2025-04-20T04:00:00+00:00,0.123460,3600
2025-04-20T05:00:00+00:00,0.105990,3600
2025-04-20T06:00:00+00:00,0.093180,3600
2025-04-20T07:00:00+00:00,0.019500,3600
2025-04-20T08:00:00+00:00,-0.000020,3600
2025-04-20T09:00:00+00:00,-0.009080,3600
2025-04-20T10:00:00+00:00,-0.030000,3600
2025-04-20T11:00:00+00:00,-0.057900,3600
2025-04-20T12:00:00+00:00,-0.027400,3600
2025-04-20T13:00:00+00:00,-0.005150,3600
2025-04-20T14:00:00+00:00,0.000000,3600
2025-04-20T15:00:00+00:00,0.081360,3600
2025-04-20T16:00:00+00:00,0.106810,3600
2025-04-20T17:00:00+00:00,0.126920,3600
2025-04-20T18:00:00+00:00,0.144950,3600
2025-04-20T19:00:00+00:00,0.145990,3600
2025-04-20T20:00:00+00:00,0.122490,3600
2025-04-20T21:00:00+00:00,0.110010,3600
2025-04-20T22:00:00+00:00,0.110630,3600
2025-04-20T23:00:00+00:00,0.095430,3600
2025-04-21T00:00:00+00:00,0.098620,3600
2025-04-21T01:00:00+00:00,0.100000,3600
2025-04-21T02:00:00+00:00,0.097980,3600
2025-04-21T03:00:00+00:00,0.100000,3600
2025-04-21T04:00:00+00:00,0.100650,3600
2025-04-21T05:00:00+00:00,0.094650,3600
2025-04-21T06:00:00+00:00,0.091300,3600
2025-04-21T07:00:00+00:00,0.092710,3600
2025-04-21T08:00:00+00:00,0.068080,3600
2025-04-21T09:00:00+00:00,0.040000,3600
2025-04-21T10:00:00+00:00,0.015520,3600
2025-04-21T11:00:00+00:00,0.008910,3600
2025-04-21T12:00:00+00:00,0.008360,3600
2025-04-21T13:00:00+00:00,0.010370,3600
2025-04-21T14:00:00+00:00,0.056360,3600
2025-04-21T15:00:00+00:00,0.100170,3600
2025-04-21T16:00:00+00:00,0.104370,3600
2025-04-21T17:00:00+00:00,0.123110,3600
2025-04-21T18:00:00+00:00,0.140000,3600
2025-04-21T19:00:00+00:00,0.132100,3600
2025-04-21T20:00:00+00:00,0.122770,3600
2025-04-21T21:00:00+00:00,0.107130,3600
2025-04-21T22:00:00+00:00,0.095670,3600
2025-04-21T23:00:00+00:00,0.088400,3600
2025-04-22T00:00:00+00:00,0.086980,3600
2025-04-22T01:00:00+00:00,0.084620,3600
2025-04-22T02:00:00+00:00,0.083890,3600
2025-04-22T03:00:00+00:00,0.095090,3600
2025-04-22T04:00:00+00:00,0.117400,3600
2025-04-22T05:00:00+00:00,0.146140,3600
2025-04-22T06:00:00+00:00,0.147000,3600
2025-04-22T07:00:00+00:00,0.112520,3600
2025-04-22T08:00:00+00:00,0.098320,3600
2025-04-22T09:00:00+00:00,0.090810,3600
2025-04-22T10:00:00+00:00,0.081420,3600
2025-04-22T11:00:00+00:00,0.069760,3600
2025-04-22T12:00:00+00:00,0.070340,3600
2025-04-22T13:00:00+00:00,0.078450,3600
2025-04-22T14:00:00+00:00,0.082000,3600
2025-04-22T15:00:00+00:00,0.096300,3600
2025-04-22T16:00:00+00:00,0.114900,3600
2025-04-22T17:00:00+00:00,0.178720,3600
2025-04-22T18:00:00+00:00,0.253350,3600
2025-04-22T19:00:00+00:00,0.157730,3600
2025-04-22T20:00:00+00:00,0.121000,3600
2025-04-22T21:00:00+00:00,0.107490,3600
2025-04-22T22:00:00+00:00,0.101720,3600
2025-04-22T23:00:00+00:00,0.094180,3600
2025-04-23T00:00:00+00:00,0.091720,3600
2025-04-23T01:00:00+00:00,0.090320,3600
2025-04-23T02:00:00+00:00,0.093910,3600
2025-04-23T03:00:00+00:00,0.099800,3600
2025-04-23T04:00:00+00:00,0.131810,3600
2025-04-23T05:00:00+00:00,0.150100,3600
2025-04-23T06:00:00+00:00,0.130740,3600
2025-04-23T07:00:00+00:00,0.103410,3600
2025-04-23T08:00:00+00:00,0.092000,3600
2025-04-23T09:00:00+00:00,0.094390,3600
2025-04-23T10:00:00+00:00,0.081040,3600
2025-04-23T11:00:00+00:00,0.083230,3600
2025-04-23T12:00:00+00:00,0.085070,3600
2025-04-23T13:00:00+00:00,0.091300,3600
2025-04-23T14:00:00+00:00,0.094000,3600
2025-04-23T15:00:00+00:00,0.102880,3600
2025-04-23T16:00:00+00:00,0.121900,3600
2025-04-23T17:00:00+00:00,0.147990,3600
2025-04-23T18:00:00+00:00,0.144530,3600
2025-04-23T19:00:00+00:00,0.124560,3600
2025-04-23T20:00:00+00:00,0.107770,3600
2025-04-23T21:00:00+00:00,0.094400,3600
2025-04-23T22:00:00+00:00,0.092400,3600
2025-04-23T23:00:00+00:00,0.086890,3600
2025-04-24T00:00:00+00:00,0.085060,3600
2025-04-24T01:00:00+00:00,0.084540,3600
2025-04-24T02:00:00+00:00,0.081660,3600
2025-04-24T03:00:00+00:00,0.087890,3600
2025-04-24T04:00:00+00:00,0.100000,3600
2025-04-24T05:00:00+00:00,0.114070,3600
2025-04-24T06:00:00+00:00,0.117460,3600
2025-04-24T07:00:00+00:00,0.109090,3600
2025-04-24T08:00:00+00:00,0.096670,3600
2025-04-24T09:00:00+00:00,0.093550,3600
2025-04-24T10:00:00+00:00,0.081510,3600
2025-04-24T11:00:00+00:00,0.078720,3600
2025-04-24T12:00:00+00:00,0.077050,3600
2025-04-24T13:00:00+00:00,0.076570,3600
2025-04-24T14:00:00+00:00,0.080200,3600
2025-04-24T15:00:00+00:00,0.089960,3600
2025-04-24T16:00:00+00:00,0.098170,3600
2025-04-24T17:00:00+00:00,0.110900,3600
2025-04-24T18:00:00+00:00,0.119400,3600
2025-04-24T19:00:00+00:00,0.114480,3600
2025-04-24T20:00:00+00:00,0.106530,3600
2025-04-24T21:00:00+00:00,0.093100,3600
2025-04-24T22:00:00+00:00,0.088630,3600
2025-04-24T23:00:00+00:00,0.080550,3600
2025-04-25T00:00:00+00:00,0.080560,3600
2025-04-25T01:00:00+00:00,0.080450,3600
2025-04-25T02:00:00+00:00,0.082310,3600
2025-04-25T03:00:00+00:00,0.091610,3600
2025-04-25T04:00:00+00:00,0.102940,3600
2025-04-25T05:00:00+00:00,0.113390,3600
2025-04-25T06:00:00+00:00,0.113050,3600
2025-04-25T07:00:00+00:00,0.099410,3600
2025-04-25T08:00:00+00:00,0.093330,3600
2025-04-25T09:00:00+00:00,0.081650,3600
2025-04-25T10:00:00+00:00,0.064990,3600
2025-04-25T11:00:00+00:00,0.045980,3600
2025-04-25T12:00:00+00:00,0.037750,3600
2025-04-25T13:00:00+00:00,0.052760,3600
2025-04-25T14:00:00+00:00,0.064900,3600
2025-04-25T15:00:00+00:00,0.082000,3600
2025-04-25T16:00:00+00:00,0.096700,3600
2025-04-25T17:00:00+00:00,0.114950,3600
2025-04-25T18:00:00+00:00,0.125990,3600
2025-04-25T19:00:00+00:00,0.109630,3600
2025-04-25T20:00:00+00:00,0.100370,3600
2025-04-25T21:00:00+00:00,0.092090,3600
2025-04-25T22:00:00+00:00,0.095770,3600
2025-04-25T23:00:00+00:00,0.087770,3600
2025-04-26T00:00:00+00:00,0.085550,3600
2025-04-26T01:00:00+00:00,0.084780,3600
2025-04-26T02:00:00+00:00,0.084070,3600
2025-04-26T03:00:00+00:00,0.086590,3600
2025-04-26T04:00:00+00:00,0.090750,3600
2025-04-26T05:00:00+00:00,0.088590,3600
2025-04-26T06:00:00+00:00,0.086210,3600
2025-04-26T07:00:00+00:00,0.034450,3600
2025-04-26T08:00:00+00:00,0.002550,3600
2025-04-26T09:00:00+00:00,-0.000010,3600
2025-04-26T10:00:00+00:00,-0.013370,3600
2025-04-26T11:00:00+00:00,-0.026200,3600
2025-04-26T12:00:00+00:00,-0.016790,3600
2025-04-26T13:00:00+00:00,-0.002160,3600
2025-04-26T14:00:00+00:00,-0.000020,3600
2025-04-26T15:00:00+00:00,0.030990,3600
2025-04-26T16:00:00+00:00,0.078860,3600
2025-04-26T17:00:00+00:00,0.099950,3600
2025-04-26T18:00:00+00:00,0.114880,3600
2025-04-26T19:00:00+00:00,0.105590,3600
2025-04-26T20:00:00+00:00,0.100000,3600
2025-04-26T21:00:00+00:00,0.101540,3600
2025-04-26T22:00:00+00:00,0.111820,3600
2025-04-26T23:00:00+00:00,0.095600,3600
2025-04-27T00:00:00+00:00,0.095600,3600
2025-04-27T01:00:00+00:00,0.095600,3600
2025-04-27T02:00:00+00:00,0.095600,3600
2025-04-27T03:00:00+00:00,0.085000,3600
2025-04-27T04:00:00+00:00,0.079770,3600
2025-04-27T05:00:00+00:00,0.069900,3600
2025-04-27T06:00:00+00:00,0.039900,3600
2025-04-27T07:00:00+00:00,0.000040,3600
2025-04-27T08:00:00+00:00,-0.003000,3600
2025-04-27T09:00:00+00:00,-0.054000,3600
2025-04-27T10:00:00+00:00,-0.147220,3600
2025-04-27T11:00:00+00:00,-0.189900,3600
2025-04-27T12:00:00+00:00,-0.150000,3600
2025-04-27T13:00:00+00:00,-0.049980,3600
2025-04-27T14:00:00+00:00,-0.005170,3600
2025-04-27T15:00:00+00:00,0.018350,3600
2025-04-27T16:00:00+00:00,0.089730,3600
2025-04-27T17:00:00+00:00,0.111390,3600
2025-04-27T18:00:00+00:00,0.126000,3600
2025-04-27T19:00:00+00:00,0.110000,3600
2025-04-27T20:00:00+00:00,0.099000,3600
2025-04-27T21:00:00+00:00,0.093560,3600
2025-04-27T22:00:00+00:00,0.091100,3600
2025-04-27T23:00:00+00:00,0.085100,3600
2025-04-28T00:00:00+00:00,0.083100,3600
2025-04-28T01:00:00+00:00,0.084290,3600
2025-04-28T02:00:00+00:00,0.090820,3600
2025-04-28T03:00:00+00:00,0.097090,3600
2025-04-28T04:00:00+00:00,0.140000,3600
2025-04-28T05:00:00+00:00,0.131090,3600
2025-04-28T06:00:00+00:00,0.096790,3600
2025-04-28T07:00:00+00:00,0.067370,3600
2025-04-28T08:00:00+00:00,0.010000,3600
2025-04-28T09:00:00+00:00,-0.000010,3600
2025-04-28T10:00:00+00:00,-0.006810,3600
2025-04-28T11:00:00+00:00,-0.005900,3600
2025-04-28T12:00:00+00:00,-0.006180,3600
2025-04-28T13:00:00+00:00,-0.001540,3600
2025-04-28T14:00:00+00:00,0.001740,3600
2025-04-28T15:00:00+00:00,0.068670,3600
2025-04-28T16:00:00+00:00,0.095000,3600
2025-04-28T17:00:00+00:00,0.139750,3600
2025-04-28T18:00:00+00:00,0.192440,3600
2025-04-28T19:00:00+00:00,0.128830,3600
2025-04-28T20:00:00+00:00,0.106000,3600
2025-04-28T21:00:00+00:00,0.096160,3600
2025-04-28T22:00:00+00:00,0.089470,3600
2025-04-28T23:00:00+00:00,0.085080,3600
2025-04-29T00:00:00+00:00,0.080310,3600
2025-04-29T01:00:00+00:00,0.077640,3600
2025-04-29T02:00:00+00:00,0.076770,3600
2025-04-29T03:00:00+00:00,0.085180,3600
2025-04-29T04:00:00+00:00,0.106240,3600
2025-04-29T05:00:00+00:00,0.112470,3600
2025-04-29T06:00:00+00:00,0.099980,3600
2025-04-29T07:00:00+00:00,0.078000,3600
2025-04-29T08:00:00+00:00,0.008900,3600
2025-04-29T09:00:00+00:00,0.000000,3600
2025-04-29T10:00:00+00:00,-0.000760,3600
2025-04-29T11:00:00+00:00,-0.001900,3600
2025-04-29T12:00:00+00:00,-0.001670,3600
2025-04-29T13:00:00+00:00,-0.000010,3600
2025-04-29T14:00:00+00:00,0.012870,3600
2025-04-29T15:00:00+00:00,0.073800,3600
2025-04-29T16:00:00+00:00,0.097330,3600
2025-04-29T17:00:00+00:00,0.125000,3600
2025-04-29T18:00:00+00:00,0.157860,3600
2025-04-29T19:00:00+00:00,0.129110,3600
2025-04-29T20:00:00+00:00,0.106530,3600
2025-04-29T21:00:00+00:00,0.096500,3600
2025-04-29T22:00:00+00:00,0.095000,3600
2025-04-29T23:00:00+00:00,0.089910,3600
2025-04-30T00:00:00+00:00,0.085490,3600
2025-04-30T01:00:00+00:00,0.086770,3600
2025-04-30T02:00:00+00:00,0.088680,3600
2025-04-30T03:00:00+00:00,0.093780,3600
2025-04-30T04:00:00+00:00,0.115270,3600
2025-04-30T05:00:00+00:00,0.120300,3600
2025-04-30T06:00:00+00:00,0.099900,3600
2025-04-30T07:00:00+00:00,0.087810,3600
2025-04-30T08:00:00+00:00,0.007080,3600
2025-04-30T09:00:00+00:00,0.000000,3600
2025-04-30T10:00:00+00:00,-0.001000,3600
2025-04-30T11:00:00+00:00,-0.006210,3600
2025-04-30T12:00:00+00:00,-0.003000,3600
2025-04-30T13:00:00+00:00,-0.000020,3600
2025-04-30T14:00:00+00:00,0.017270,3600
2025-04-30T15:00:00+00:00,0.076180,3600
2025-04-30T16:00:00+00:00,0.099000,3600
2025-04-30T17:00:00+00:00,0.125400,3600
2025-04-30T18:00:00+00:00,0.176430,3600
2025-04-30T19:00:00+00:00,0.128000,3600
2025-04-30T20:00:00+00:00,0.108010,3600
2025-04-30T21:00:00+00:00,0.097530,3600
2025-04-30T22:00:00+00:00,0.092950,3600
2025-04-30T23:00:00+00:00,0.087450,3600
2025-05-01T00:00:00+00:00,0.085930,3600
2025-05-01T01:00:00+00:00,0.086640,3600
2025-05-01T02:00:00+00:00,0.085900,3600
2025-05-01T03:00:00+00:00,0.080700,3600
2025-05-01T04:00:00+00:00,0.087250,3600
2025-05-01T05:00:00+00:00,0.087410,3600
2025-05-01T06:00:00+00:00,0.085180,3600
2025-05-01T07:00:00+00:00,0.000000,3600
2025-05-01T08:00:00+00:00,-0.003000,3600
2025-05-01T09:00:00+00:00,-0.040100,3600
2025-05-01T10:00:00+00:00,-0.108070,3600
2025-05-01T11:00:00+00:00,-0.142420,3600
2025-05-01T12:00:00+00:00,-0.118100,3600
2025-05-01T13:00:00+00:00,-0.049990,3600
2025-05-01T14:00:00+00:00,-0.005170,3600
2025-05-01T15:00:00+00:00,0.046240,3600
2025-05-01T16:00:00+00:00,0.096170,3600
2025-05-01T17:00:00+00:00,0.129870,3600
2025-05-01T18:00:00+00:00,0.165080,3600
2025-05-01T19:00:00+00:00,0.126700,3600
2025-05-01T20:00:00+00:00,0.104860,3600
2025-05-01T21:00:00+00:00,0.090890,3600
2025-05-01T22:00:00+00:00,0.096000,3600
2025-05-01T23:00:00+00:00,0.092200,3600
2025-05-02T00:00:00+00:00,0.082000,3600
2025-05-02T01:00:00+00:00,0.071540,3600
2025-05-02T02:00:00+00:00,0.068680,3600
2025-05-02T03:00:00+00:00,0.070000,3600
2025-05-02T04:00:00+00:00,0.088400,3600
2025-05-02T05:00:00+00:00,0.102900,3600
2025-05-02T06:00:00+00:00,0.093750,3600
2025-05-02T07:00:00+00:00,0.076390,3600
2025-05-02T08:00:00+00:00,0.000850,3600
2025-05-02T09:00:00+00:00,-0.000010,3600
2025-05-02T10:00:00+00:00,-0.000800,3600
2025-05-02T11:00:00+00:00,-0.003000,3600
2025-05-02T12:00:00+00:00,-0.004000,3600
2025-05-02T13:00:00+00:00,-0.000080,3600
2025-05-02T14:00:00+00:00,0.000300,3600
2025-05-02T15:00:00+00:00,0.061440,3600
2025-05-02T16:00:00+00:00,0.095180,3600
2025-05-02T17:00:00+00:00,0.107980,3600
2025-05-02T18:00:00+00:00,0.140350,3600
2025-05-02T19:00:00+00:00,0.117730,3600
2025-05-02T20:00:00+00:00,0.103260,3600
2025-05-02T21:00:00+00:00,0.092800,3600
2025-05-02T22:00:00+00:00,0.093740,3600
2025-05-02T23:00:00+00:00,0.089000,3600
2025-05-03T00:00:00+00:00,0.088720,3600
2025-05-03T01:00:00+00:00,0.092450,3600
2025-05-03T02:00:00+00:00,0.095440,3600
2025-05-03T03:00:00+00:00,0.097200,3600
2025-05-03T04:00:00+00:00,0.101640,3600
2025-05-03T05:00:00+00:00,0.097360,3600
2025-05-03T06:00:00+00:00,0.085860,3600
2025-05-03T07:00:00+00:00,0.013530,3600
2025-05-03T08:00:00+00:00,0.000010,3600
2025-05-03T09:00:00+00:00,-0.000010,3600
2025-05-03T10:00:00+00:00,-0.001160,3600
2025-05-03T11:00:00+00:00,-0.003040,3600
2025-05-03T12:00:00+00:00,-0.002690,3600
2025-05-03T13:00:00+00:00,-0.000030,3600
2025-05-03T14:00:00+00:00,0.000000,3600
2025-05-03T15:00:00+00:00,0.026910,3600
2025-05-03T16:00:00+00:00,0.060100,3600
2025-05-03T17:00:00+00:00,0.074220,3600
2025-05-03T18:00:00+00:00,0.086280,3600
2025-05-03T19:00:00+00:00,0.085370,3600
2025-05-03T20:00:00+00:00,0.092950,3600
2025-05-03T21:00:00+00:00,0.086000,3600
2025-05-03T22:00:00+00:00,0.059950,3600
2025-05-03T23:00:00+00:00,0.044900,3600
2025-05-04T00:00:00+00:00,0.033400,3600
2025-05-04T01:00:00+00:00,0.021610,3600
2025-05-04T02:00:00+00:00,0.020020,3600
2025-05-04T03:00:00+00:00,0.015580,3600
2025-05-04T04:00:00+00:00,0.013620,3600
2025-05-04T05:00:00+00:00,0.007830,3600
2025-05-04T06:00:00+00:00,0.002930,3600
2025-05-04T07:00:00+00:00,0.000000,3600
2025-05-04T08:00:00+00:00,-0.000010,3600
2025-05-04T09:00:00+00:00,-0.000010,3600
2025-05-04T10:00:00+00:00,-0.000020,3600
2025-05-04T11:00:00+00:00,-0.002000,3600
2025-05-04T12:00:00+00:00,-0.005010,3600
2025-05-04T13:00:00+00:00,-0.001590,3600
2025-05-04T14:00:00+00:00,-0.000010,3600
2025-05-04T15:00:00+00:00,0.008940,3600
2025-05-04T16:00:00+00:00,0.073240,3600
2025-05-04T17:00:00+00:00,0.090000,3600
2025-05-04T18:00:00+00:00,0.104970,3600
2025-05-04T19:00:00+00:00,0.118200,3600
2025-05-04T20:00:00+00:00,0.104790,3600
2025-05-04T21:00:00+00:00,0.084360,3600
2025-05-04T22:00:00+00:00,0.083550,3600
2025-05-04T23:00:00+00:00,0.070710,3600
2025-05-05T00:00:00+00:00,0.081600,3600
2025-05-05T01:00:00+00:00,0.085610,3600
2025-05-05T02:00:00+00:00,0.082000,3600
2025-05-05T03:00:00+00:00,0.089800,3600
2025-05-05T04:00:00+00:00,0.117140,3600
2025-05-05T05:00:00+00:00,0.116950,3600
2025-05-05T06:00:00+00:00,0.099500,3600
2025-05-05T07:00:00+00:00,0.080930,3600
2025-05-05T08:00:00+00:00,0.070130,3600
2025-05-05T09:00:00+00:00,0.053870,3600
2025-05-05T10:00:00+00:00,0.004900,3600
2025-05-05T11:00:00+00:00,-0.002000,3600
2025-05-05T12:00:00+00:00,-0.002000,3600
2025-05-05T13:00:00+00:00,-0.001600,3600
2025-05-05T14:00:00+00:00,0.001000,3600
2025-05-05T15:00:00+00:00,0.076560,3600
2025-05-05T16:00:00+00:00,0.086530,3600
2025-05-05T17:00:00+00:00,0.111550,3600
2025-05-05T18:00:00+00:00,0.100000,3600
2025-05-05T19:00:00+00:00,0.119000,3600
2025-05-05T20:00:00+00:00,0.103130,3600
2025-05-05T21:00:00+00:00,0.089430,3600
2025-05-05T22:00:00+00:00,0.082460,3600
2025-05-05T23:00:00+00:00,0.081410,3600
2025-05-06T00:00:00+00:00,0.086000,3600
2025-05-06T01:00:00+00:00,0.084860,3600
2025-05-06T02:00:00+00:00,0.082190,3600
2025-05-06T03:00:00+00:00,0.091660,3600
2025-05-06T04:00:00+00:00,0.110200,3600
2025-05-06T05:00:00+00:00,0.125380,3600
2025-05-06T06:00:00+00:00,0.106750,3600
2025-05-06T07:00:00+00:00,0.092000,3600
2025-05-06T08:00:00+00:00,0.066000,3600
2025-05-06T09:00:00+00:00,0.052130,3600
2025-05-06T10:00:00+00:00,0.037340,3600
2025-05-06T11:00:00+00:00,0.032160,3600
2025-05-06T12:00:00+00:00,0.038770,3600
2025-05-06T13:00:00+00:00,0.056240,3600
2025-05-06T14:00:00+00:00,0.063820,3600
2025-05-06T15:00:00+00:00,0.078580,3600
2025-05-06T16:00:00+00:00,0.093340,3600
2025-05-06T17:00:00+00:00,0.123550,3600
2025-05-06T18:00:00+00:00,0.167690,3600
2025-05-06T19:00:00+00:00,0.140100,3600
2025-05-06T20:00:00+00:00,0.122800,3600
2025-05-06T21:00:00+00:00,0.102040,3600
2025-05-06T22:00:00+00:00,0.088200,3600
2025-05-06T23:00:00+00:00,0.082640,3600
2025-05-07T00:00:00+00:00,0.081780,3600
2025-05-07T01:00:00+00:00,0.085330,3600
2025-05-07T02:00:00+00:00,0.097270,3600
2025-05-07T03:00:00+00:00,0.112500,3600
2025-05-07T04:00:00+00:00,0.137520,3600
2025-05-07T05:00:00+00:00,0.143950,3600
2025-05-07T06:00:00+00:00,0.130160,3600
2025-05-07T07:00:00+00:00,0.096860,3600
2025-05-07T08:00:00+00:00,0.078610,3600
2025-05-07T09:00:00+00:00,0.066360,3600
2025-05-07T10:00:00+00:00,0.057200,3600
2025-05-07T11:00:00+00:00,0.056380,3600
2025-05-07T12:00:00+00:00,0.059900,3600
2025-05-07T13:00:00+00:00,0.066840,3600
2025-05-07T14:00:00+00:00,0.072960,3600
2025-05-07T15:00:00+00:00,0.084700,3600
2025-05-07T16:00:00+00:00,0.099920,3600
2025-05-07T17:00:00+00:00,0.119570,3600
2025-05-07T18:00:00+00:00,0.151000,3600
2025-05-07T19:00:00+00:00,0.127040,3600
2025-05-07T20:00:00+00:00,0.105590,3600
2025-05-07T21:00:00+00:00,0.093110,3600
2025-05-07T22:00:00+00:00,0.091590,3600
2025-05-07T23:00:00+00:00,0.087590,3600
2025-05-08T00:00:00+00:00,0.087400,3600
2025-05-08T01:00:00+00:00,0.088320,3600
2025-05-08T02:00:00+00:00,0.096090,3600
2025-05-08T03:00:00+00:00,0.108870,3600
2025-05-08T04:00:00+00:00,0.124060,3600
2025-05-08T05:00:00+00:00,0.138930,3600
2025-05-08T06:00:00+00:00,0.128390,3600
2025-05-08T07:00:00+00:00,0.096290,3600
2025-05-08T08:00:00+00:00,0.081950,3600
2025-05-08T09:00:00+00:00,0.062990,3600
2025-05-08T10:00:00+00:00,0.054050,3600
2025-05-08T11:00:00+00:00,0.050000,3600
2025-05-08T12:00:00+00:00,0.056000,3600
2025-05-08T13:00:00+00:00,0.065970,3600
2025-05-08T14:00:00+00:00,0.075550,3600
2025-05-08T15:00:00+00:00,0.081260,3600
2025-05-08T16:00:00+00:00,0.096760,3600
2025-05-08T17:00:00+00:00,0.127200,3600
2025-05-08T18:00:00+00:00,0.185690,3600
2025-05-08T19:00:00+00:00,0.147870,3600
2025-05-08T20:00:00+00:00,0.110720,3600
2025-05-08T21:00:00+00:00,0.102390,3600
2025-05-08T22:00:00+00:00,0.103650,3600
2025-05-08T23:00:00+00:00,0.090880,3600
2025-05-09T00:00:00+00:00,0.088330,3600
2025-05-09T01:00:00+00:00,0.089660,3600
2025-05-09T02:00:00+00:00,0.099000,3600
2025-05-09T03:00:00+00:00,0.109070,3600
2025-05-09T04:00:00+00:00,0.141000,3600
2025-05-09T05:00:00+00:00,0.137880,3600
2025-05-09T06:00:00+00:00,0.107220,3600
2025-05-09T07:00:00+00:00,0.077530,3600
2025-05-09T08:00:00+00:00,0.046180,3600
2025-05-09T09:00:00+00:00,0.000100,3600
2025-05-09T10:00:00+00:00,-0.000540,3600
2025-05-09T11:00:00+00:00,-0.000030,3600
2025-05-09T12:00:00+00:00,-0.000010,3600
2025-05-09T13:00:00+00:00,-0.000200,3600
2025-05-09T14:00:00+00:00,0.046010,3600
2025-05-09T15:00:00+00:00,0.070040,3600
2025-05-09T16:00:00+00:00,0.093250,3600
2025-05-09T17:00:00+00:00,0.119690,3600
2025-05-09T18:00:00+00:00,0.152560,3600
2025-05-09T19:00:00+00:00,0.138830,3600
2025-05-09T20:00:00+00:00,0.112990,3600
2025-05-09T21:00:00+00:00,0.098060,3600
2025-05-09T22:00:00+00:00,0.116000,3600
2025-05-09T23:00:00+00:00,0.096920,3600
2025-05-10T00:00:00+00:00,0.092870,3600
2025-05-10T01:00:00+00:00,0.095700,3600
2025-05-10T02:00:00+00:00,0.101480,3600
2025-05-10T03:00:00+00:00,0.100470,3600
2025-05-10T04:00:00+00:00,0.097820,3600
2025-05-10T05:00:00+00:00,0.096480,3600
2025-05-10T06:00:00+00:00,0.074990,3600
2025-05-10T07:00:00+00:00,0.008290,3600
2025-05-10T08:00:00+00:00,-0.000070,3600
2025-05-10T09:00:00+00:00,-0.022910,3600
2025-05-10T10:00:00+00:00,-0.070000,3600
2025-05-10T11:00:00+00:00,-0.127100,3600
2025-05-10T12:00:00+00:00,-0.110610,3600
2025-05-10T13:00:00+00:00,-0.049500,3600
2025-05-10T14:00:00+00:00,-0.005910,3600
2025-05-10T15:00:00+00:00,0.020170,3600
2025-05-10T16:00:00+00:00,0.084000,3600
2025-05-10T17:00:00+00:00,0.113200,3600
2025-05-10T18:00:00+00:00,0.145140,3600
2025-05-10T19:00:00+00:00,0.131240,3600
2025-05-10T20:00:00+00:00,0.102400,3600
2025-05-10T21:00:00+00:00,0.089560,3600
2025-05-10T22:00:00+00:00,0.097800,3600
2025-05-10T23:00:00+00:00,0.089920,3600
2025-05-11T00:00:00+00:00,0.090060,3600
2025-05-11T01:00:00+00:00,0.089720,3600
2025-05-11T02:00:00+00:00,0.089490,3600
2025-05-11T03:00:00+00:00,0.089460,3600
2025-05-11T04:00:00+00:00,0.082340,3600
2025-05-11T05:00:00+00:00,0.062220,3600
2025-05-11T06:00:00+00:00,0.004960,3600
2025-05-11T07:00:00+00:00,-0.000100,3600
2025-05-11T08:00:00+00:00,-0.012010,3600
2025-05-11T09:00:00+00:00,-0.067420,3600
2025-05-11T10:00:00+00:00,-0.319120,3600
2025-05-11T11:00:00+00:00,-0.350000,3600
2025-05-11T12:00:00+00:00,-0.299930,3600
2025-05-11T13:00:00+00:00,-0.109960,3600
2025-05-11T14:00:00+00:00,-0.018450,3600
2025-05-11T15:00:00+00:00,-0.000120,3600
2025-05-11T16:00:00+00:00,0.077010,3600
2025-05-11T17:00:00+00:00,0.111950,3600
2025-05-11T18:00:00+00:00,0.124860,3600
2025-05-11T19:00:00+00:00,0.115300,3600
2025-05-11T20:00:00+00:00,0.098450,3600
2025-05-11T21:00:00+00:00,0.084680,3600
2025-05-11T22:00:00+00:00,0.081700,3600
2025-05-11T23:00:00+00:00,0.077250,3600
2025-05-12T00:00:00+00:00,0.077020,3600
2025-05-12T01:00:00+00:00,0.077440,3600
2025-05-12T02:00:00+00:00,0.080330,3600
2025-05-12T03:00:00+00:00,0.091150,3600
2025-05-12T04:00:00+00:00,0.123150,3600
2025-05-12T05:00:00+00:00,0.127710,3600
2025-05-12T06:00:00+00:00,0.106210,3600
2025-05-12T07:00:00+00:00,0.062260,3600
2025-05-12T08:00:00+00:00,-0.002000,3600
2025-05-12T09:00:00+00:00,-0.006020,3600
2025-05-12T10:00:00+00:00,-0.044180,3600
2025-05-12T11:00:00+00:00,-0.056960,3600
2025-05-12T12:00:00+00:00,-0.048230,3600
2025-05-12T13:00:00+00:00,-0.010890,3600
2025-05-12T14:00:00+00:00,-0.003720,3600
2025-05-12T15:00:00+00:00,0.064470,3600
2025-05-12T16:00:00+00:00,0.095570,3600
2025-05-12T17:00:00+00:00,0.130010,3600
2025-05-12T18:00:00+00:00,0.169420,3600
2025-05-12T19:00:00+00:00,0.117580,3600
2025-05-12T20:00:00+00:00,0.101140,3600
2025-05-12T21:00:00+00:00,0.090440,3600
2025-05-12T22:00:00+00:00,0.087180,3600
2025-05-12T23:00:00+00:00,0.085000,3600
2025-05-13T00:00:00+00:00,0.085030,3600
2025-05-13T01:00:00+00:00,0.091120,3600
2025-05-13T02:00:00+00:00,0.093620,3600
2025-05-13T03:00:00+00:00,0.097930,3600
2025-05-13T04:00:00+00:00,0.130310,3600
2025-05-13T05:00:00+00:00,0.126430,3600
2025-05-13T06:00:00+00:00,0.101900,3600
2025-05-13T07:00:00+00:00,0.075510,3600
2025-05-13T08:00:00+00:00,0.016000,3600
2025-05-13T09:00:00+00:00,-0.001080,3600
2025-05-13T10:00:00+00:00,-0.009900,3600
2025-05-13T11:00:00+00:00,-0.021620,3600
2025-05-13T12:00:00+00:00,-0.007330,3600
2025-05-13T13:00:00+00:00,-0.004160,3600
2025-05-13T14:00:00+00:00,0.000100,3600
2025-05-13T15:00:00+00:00,0.069250,3600
2025-05-13T16:00:00+00:00,0.097000,3600
2025-05-13T17:00:00+00:00,0.124570,3600
2025-05-13T18:00:00+00:00,0.212920,3600
2025-05-13T19:00:00+00:00,0.148370,3600
2025-05-13T20:00:00+00:00,0.112230,3600
2025-05-13T21:00:00+00:00,0.099210,3600
2025-05-13T22:00:00+00:00,0.097480,3600
2025-05-13T23:00:00+00:00,0.089860,3600
2025-05-14T00:00:00+00:00,0.087780,3600
2025-05-14T01:00:00+00:00,0.088500,3600
2025-05-14T02:00:00+00:00,0.094520,3600
2025-05-14T03:00:00+00:00,0.102220,3600
2025-05-14T04:00:00+00:00,0.128580,3600
2025-05-14T05:00:00+00:00,0.122430,3600
2025-05-14T06:00:00+00:00,0.101620,3600
2025-05-14T07:00:00+00:00,0.068170,3600
2025-05-14T08:00:00+00:00,0.000100,3600
2025-05-14T09:00:00+00:00,-0.002630,3600
2025-05-14T10:00:00+00:00,-0.027770,3600
2025-05-14T11:00:00+00:00,-0.042870,3600
2025-05-14T12:00:00+00:00,-0.046000,3600
2025-05-14T13:00:00+00:00,-0.017750,3600
2025-05-14T14:00:00+00:00,-0.002000,3600
2025-05-14T15:00:00+00:00,0.028790,3600
2025-05-14T16:00:00+00:00,0.084560,3600
2025-05-14T17:00:00+00:00,0.106710,3600
2025-05-14T18:00:00+00:00,0.162710,3600
2025-05-14T19:00:00+00:00,0.133110,3600
2025-05-14T20:00:00+00:00,0.108560,3600
2025-05-14T21:00:00+00:00,0.095300,3600
2025-05-14T22:00:00+00:00,0.097020,3600
2025-05-14T23:00:00+00:00,0.088000,3600
2025-05-15T00:00:00+00:00,0.082240,3600
2025-05-15T01:00:00+00:00,0.081670,3600
2025-05-15T02:00:00+00:00,0.085010,3600
2025-05-15T03:00:00+00:00,0.094830,3600
2025-05-15T04:00:00+00:00,0.119900,3600
2025-05-15T05:00:00+00:00,0.127850,3600
2025-05-15T06:00:00+00:00,0.112740,3600
2025-05-15T07:00:00+00:00,0.094100,3600
2025-05-15T08:00:00+00:00,0.008860,3600
2025-05-15T09:00:00+00:00,-0.000080,3600
2025-05-15T10:00:00+00:00,-0.009090,3600
2025-05-15T11:00:00+00:00,-0.030120,3600
2025-05-15T12:00:00+00:00,-0.030000,3600
2025-05-15T13:00:00+00:00,-0.018600,3600
2025-05-15T14:00:00+00:00,-0.002000,3600
2025-05-15T15:00:00+00:00,0.000000,3600
2025-05-15T16:00:00+00:00,0.068910,3600
2025-05-15T17:00:00+00:00,0.099270,3600
2025-05-15T18:00:00+00:00,0.130740,3600
2025-05-15T19:00:00+00:00,0.125130,3600
2025-05-15T20:00:00+00:00,0.114350,3600
2025-05-15T21:00:00+00:00,0.100210,3600
2025-05-15T22:00:00+00:00,0.094500,3600
2025-05-15T23:00:00+00:00,0.088470,3600
2025-05-16T00:00:00+00:00,0.084910,3600
2025-05-16T01:00:00+00:00,0.085000,3600
2025-05-16T02:00:00+00:00,0.088760,3600
2025-05-16T03:00:00+00:00,0.105400,3600
2025-05-16T04:00:00+00:00,0.118420,3600
2025-05-16T05:00:00+00:00,0.121170,3600
2025-05-16T06:00:00+00:00,0.111280,3600
2025-05-16T07:00:00+00:00,0.070100,3600
2025-05-16T08:00:00+00:00,0.008170,3600
2025-05-16T09:00:00+00:00,-0.000780,3600
2025-05-16T10:00:00+00:00,-0.003510,3600
2025-05-16T11:00:00+00:00,-0.009900,3600
2025-05-16T12:00:00+00:00,-0.020000,3600
2025-05-16T13:00:00+00:00,-0.014910,3600
2025-05-16T14:00:00+00:00,-0.003000,3600
2025-05-16T15:00:00+00:00,0.061400,3600
2025-05-16T16:00:00+00:00,0.088510,3600
2025-05-16T17:00:00+00:00,0.101520,3600
2025-05-16T18:00:00+00:00,0.153450,3600
2025-05-16T19:00:00+00:00,0.149050,3600
2025-05-16T20:00:00+00:00,0.117900,3600
2025-05-16T21:00:00+00:00,0.104550,3600
2025-05-16T22:00:00+00:00,0.092500,3600
2025-05-16T23:00:00+00:00,0.094940,3600
2025-05-17T00:00:00+00:00,0.092170,3600
2025-05-17T01:00:00+00:00,0.090000,3600
2025-05-17T02:00:00+00:00,0.089900,3600
2025-05-17T03:00:00+00:00,0.090000,3600
2025-05-17T04:00:00+00:00,0.091560,3600
2025-05-17T05:00:00+00:00,0.091670,3600
2025-05-17T06:00:00+00:00,0.055690,3600
2025-05-17T07:00:00+00:00,0.000730,3600
2025-05-17T08:00:00+00:00,-0.000060,3600
2025-05-17T09:00:00+00:00,-0.004260,3600
2025-05-17T10:00:00+00:00,-0.004900,3600
2025-05-17T11:00:00+00:00,-0.010020,3600
2025-05-17T12:00:00+00:00,-0.011260,3600
2025-05-17T13:00:00+00:00,-0.005790,3600
2025-05-17T14:00:00+00:00,-0.001090,3600
2025-05-17T15:00:00+00:00,0.004500,3600
2025-05-17T16:00:00+00:00,0.068320,3600
2025-05-17T17:00:00+00:00,0.098320,3600
2025-05-17T18:00:00+00:00,0.113960,3600
2025-05-17T19:00:00+00:00,0.137630,3600
2025-05-17T20:00:00+00:00,0.132000,3600
2025-05-17T21:00:00+00:00,0.101380,3600
2025-05-17T22:00:00+00:00,0.106730,3600
2025-05-17T23:00:00+00:00,0.101490,3600
2025-05-18T00:00:00+00:00,0.098570,3600
2025-05-18T01:00:00+00:00,0.097400,3600
2025-05-18T02:00:00+00:00,0.098410,3600
2025-05-18T03:00:00+00:00,0.097800,3600
2025-05-18T04:00:00+00:00,0.091950,3600
2025-05-18T05:00:00+00:00,0.087480,3600
2025-05-18T06:00:00+00:00,0.085560,3600
2025-05-18T07:00:00+00:00,0.016020,3600
2025-05-18T08:00:00+00:00,0.000020,3600
2025-05-18T09:00:00+00:00,-0.000200,3600
2025-05-18T10:00:00+00:00,-0.002000,3600
2025-05-18T11:00:00+00:00,-0.007370,3600
2025-05-18T12:00:00+00:00,-0.015000,3600
2025-05-18T13:00:00+00:00,-0.008970,3600
2025-05-18T14:00:00+00:00,-0.000200,3600
2025-05-18T15:00:00+00:00,0.009630,3600
2025-05-18T16:00:00+00:00,0.085650,3600
2025-05-18T17:00:00+00:00,0.097520,3600
2025-05-18T18:00:00+00:00,0.117790,3600
2025-05-18T19:00:00+00:00,0.128000,3600
2025-05-18T20:00:00+00:00,0.115400,3600
2025-05-18T21:00:00+00:00,0.100000,3600
2025-05-18T22:00:00+00:00,0.110480,3600
2025-05-18T23:00:00+00:00,0.099030,3600
2025-05-19T00:00:00+00:00,0.093370,3600
2025-05-19T01:00:00+00:00,0.090100,3600
2025-05-19T02:00:00+00:00,0.090750,3600
2025-05-19T03:00:00+00:00,0.102400,3600
2025-05-19T04:00:00+00:00,0.128000,3600
2025-05-19T05:00:00+00:00,0.137530,3600
2025-05-19T06:00:00+00:00,0.115740,3600
2025-05-19T07:00:00+00:00,0.090390,3600
2025-05-19T08:00:00+00:00,0.064330,3600
2025-05-19T09:00:00+00:00,0.027570,3600
2025-05-19T10:00:00+00:00,0.012770,3600
2025-05-19T11:00:00+00:00,0.005000,3600
2025-05-19T12:00:00+00:00,0.008000,3600
2025-05-19T13:00:00+00:00,0.025940,3600
2025-05-19T14:00:00+00:00,0.066040,3600
2025-05-19T15:00:00+00:00,0.088990,3600
2025-05-19T16:00:00+00:00,0.106160,3600
2025-05-19T17:00:00+00:00,0.134880,3600
2025-05-19T18:00:00+00:00,0.193350,3600
2025-05-19T19:00:00+00:00,0.150000,3600
2025-05-19T20:00:00+00:00,0.117090,3600
2025-05-19T21:00:00+00:00,0.103100,3600
2025-05-19T22:00:00+00:00,0.109030,3600
2025-05-19T23:00:00+00:00,0.102120,3600
2025-05-20T00:00:00+00:00,0.097410,3600
2025-05-20T01:00:00+00:00,0.097100,3600
2025-05-20T02:00:00+00:00,0.096620,3600
2025-05-20T03:00:00+00:00,0.107900,3600
2025-05-20T04:00:00+00:00,0.139270,3600
2025-05-20T05:00:00+00:00,0.126000,3600
2025-05-20T06:00:00+00:00,0.108200,3600
2025-05-20T07:00:00+00:00,0.090510,3600
2025-05-20T08:00:00+00:00,0.057070,3600
2025-05-20T09:00:00+00:00,0.015950,3600
2025-05-20T10:00:00+00:00,0.000000,3600
2025-05-20T11:00:00+00:00,-0.000290,3600
2025-05-20T12:00:00+00:00,-0.000520,3600
2025-05-20T13:00:00+00:00,0.006000,3600
2025-05-20T14:00:00+00:00,0.057520,3600
2025-05-20T15:00:00+00:00,0.087160,3600
2025-05-20T16:00:00+00:00,0.101190,3600
2025-05-20T17:00:00+00:00,0.128480,3600
2025-05-20T18:00:00+00:00,0.171830,3600
2025-05-20T19:00:00+00:00,0.137050,3600
2025-05-20T20:00:00+00:00,0.111760,3600
2025-05-20T21:00:00+00:00,0.098820,3600
2025-05-20T22:00:00+00:00,0.107930,3600
2025-05-20T23:00:00+00:00,0.102330,3600
2025-05-21T00:00:00+00:00,0.097900,3600
2025-05-21T01:00:00+00:00,0.094900,3600
2025-05-21T02:00:00+00:00,0.093700,3600
2025-05-21T03:00:00+00:00,0.095000,3600
2025-05-21T04:00:00+00:00,0.105540,3600
2025-05-21T05:00:00+00:00,0.113000,3600
2025-05-21T06:00:00+00:00,0.107820,3600
2025-05-21T07:00:00+00:00,0.084820,3600
2025-05-21T08:00:00+00:00,0.042220,3600
2025-05-21T09:00:00+00:00,0.000150,3600
2025-05-21T10:00:00+00:00,-0.002000,3600
2025-05-21T11:00:00+00:00,-0.006000,3600
2025-05-21T12:00:00+00:00,-0.006040,3600
2025-05-21T13:00:00+00:00,-0.003400,3600
2025-05-21T14:00:00+00:00,0.000000,3600
2025-05-21T15:00:00+00:00,0.049080,3600
2025-05-21T16:00:00+00:00,0.086320,3600
2025-05-21T17:00:00+00:00,0.100100,3600
2025-05-21T18:00:00+00:00,0.114350,3600
2025-05-21T19:00:00+00:00,0.130000,3600
2025-05-21T20:00:00+00:00,0.122270,3600
2025-05-21T21:00:00+00:00,0.114900,3600
2025-05-21T22:00:00+00:00,0.116700,3600
2025-05-21T23:00:00+00:00,0.108150,3600
2025-05-22T00:00:00+00:00,0.115000,3600
2025-05-22T01:00:00+00:00,0.099200,3600
2025-05-22T02:00:00+00:00,0.083340,3600
2025-05-22T03:00:00+00:00,0.090000,3600
2025-05-22T04:00:00+00:00,0.100000,3600
2025-05-22T05:00:00+00:00,0.106010,3600
2025-05-22T06:00:00+00:00,0.098160,3600
2025-05-22T07:00:00+00:00,0.054540,3600
2025-05-22T08:00:00+00:00,-0.002000,3600
2025-05-22T09:00:00+00:00,-0.003000,3600
2025-05-22T10:00:00+00:00,-0.007010,3600
2025-05-22T11:00:00+00:00,-0.014000,3600
2025-05-22T12:00:00+00:00,-0.017500,3600
2025-05-22T13:00:00+00:00,-0.010900,3600
2025-05-22T14:00:00+00:00,-0.002990,3600
2025-05-22T15:00:00+00:00,-0.000750,3600
2025-05-22T16:00:00+00:00,0.045660,3600
2025-05-22T17:00:00+00:00,0.097320,3600
2025-05-22T18:00:00+00:00,0.115720,3600
2025-05-22T19:00:00+00:00,0.127250,3600
2025-05-22T20:00:00+00:00,0.124200,3600
2025-05-22T21:00:00+00:00,0.108520,3600
2025-05-22T22:00:00+00:00,0.090150,3600
2025-05-22T23:00:00+00:00,0.093160,3600
2025-05-23T00:00:00+00:00,0.087120,3600
2025-05-23T01:00:00+00:00,0.086530,3600
2025-05-23T02:00:00+00:00,0.083000,3600
2025-05-23T03:00:00+00:00,0.095890,3600
2025-05-23T04:00:00+00:00,0.115490,3600
2025-05-23T05:00:00+00:00,0.120910,3600
2025-05-23T06:00:00+00:00,0.103480,3600
2025-05-23T07:00:00+00:00,0.076790,3600
2025-05-23T08:00:00+00:00,0.061960,3600
2025-05-23T09:00:00+00:00,0.047450,3600
2025-05-23T10:00:00+00:00,0.013030,3600
2025-05-23T11:00:00+00:00,-0.000010,3600
2025-05-23T12:00:00+00:00,-0.000860,3600
2025-05-23T13:00:00+00:00,-0.001050,3600
2025-05-23T14:00:00+00:00,0.020860,3600
2025-05-23T15:00:00+00:00,0.062860,3600
2025-05-23T16:00:00+00:00,0.087700,3600
2025-05-23T17:00:00+00:00,0.107600,3600
2025-05-23T18:00:00+00:00,0.119800,3600
2025-05-23T19:00:00+00:00,0.131500,3600
2025-05-23T20:00:00+00:00,0.123430,3600
2025-05-23T21:00:00+00:00,0.102870,3600
2025-05-23T22:00:00+00:00,0.097600,3600
2025-05-23T23:00:00+00:00,0.094760,3600
2025-05-24T00:00:00+00:00,0.088740,3600
2025-05-24T01:00:00+00:00,0.082600,3600
2025-05-24T02:00:00+00:00,0.076430,3600
2025-05-24T03:00:00+00:00,0.071790,3600
2025-05-24T04:00:00+00:00,0.071700,3600
2025-05-24T05:00:00+00:00,0.069180,3600
2025-05-24T06:00:00+00:00,0.053450,3600
2025-05-24T07:00:00+00:00,0.012260,3600
2025-05-24T08:00:00+00:00,-0.000010,3600
2025-05-24T09:00:00+00:00,-0.000090,3600
2025-05-24T10:00:00+00:00,-0.000120,3600
2025-05-24T11:00:00+00:00,-0.000160,3600
2025-05-24T12:00:00+00:00,0.000230,3600
2025-05-24T13:00:00+00:00,0.005970,3600
2025-05-24T14:00:00+00:00,0.020000,3600
2025-05-24T15:00:00+00:00,0.066000,3600
2025-05-24T16:00:00+00:00,0.088000,3600
2025-05-24T17:00:00+00:00,0.106420,3600
2025-05-24T18:00:00+00:00,0.104350,3600
2025-05-24T19:00:00+00:00,0.102220,3600
2025-05-24T20:00:00+00:00,0.089090,3600
2025-05-24T21:00:00+00:00,0.073220,3600
2025-05-24T22:00:00+00:00,0.020210,3600
2025-05-24T23:00:00+00:00,0.020840,3600
2025-05-25T00:00:00+00:00,0.014100,3600
2025-05-25T01:00:00+00:00,0.008380,3600
2025-05-25T02:00:00+00:00,0.003900,3600
2025-05-25T03:00:00+00:00,0.002040,3600
2025-05-25T04:00:00+00:00,0.000990,3600
2025-05-25T05:00:00+00:00,0.001030,3600
2025-05-25T06:00:00+00:00,0.000030,3600
2025-05-25T07:00:00+00:00,-0.000160,3600
2025-05-25T08:00:00+00:00,-0.002000,3600
2025-05-25T09:00:00+00:00,-0.009130,3600
2025-05-25T10:00:00+00:00,-0.017090,3600
2025-05-25T11:00:00+00:00,-0.030000,3600
2025-05-25T12:00:00+00:00,-0.031800,3600
2025-05-25T13:00:00+00:00,-0.025750,3600
2025-05-25T14:00:00+00:00,-0.011970,3600
2025-05-25T15:00:00+00:00,-0.000070,3600
2025-05-25T16:00:00+00:00,0.009290,3600
2025-05-25T17:00:00+00:00,0.082960,3600
2025-05-25T18:00:00+00:00,0.100000,3600
2025-05-25T19:00:00+00:00,0.115000,3600
2025-05-25T20:00:00+00:00,0.102230,3600
2025-05-25T21:00:00+00:00,0.092920,3600
2025-05-25T22:00:00+00:00,0.082970,3600
2025-05-25T23:00:00+00:00,0.074740,3600
2025-05-26T00:00:00+00:00,0.065100,3600
2025-05-26T01:00:00+00:00,0.063500,3600
2025-05-26T02:00:00+00:00,0.067980,3600
2025-05-26T03:00:00+00:00,0.076000,3600
2025-05-26T04:00:00+00:00,0.104470,3600
2025-05-26T05:00:00+00:00,0.134180,3600
2025-05-26T06:00:00+00:00,0.113220,3600
2025-05-26T07:00:00+00:00,0.076590,3600
2025-05-26T08:00:00+00:00,0.002200,3600
2025-05-26T09:00:00+00:00,-0.000810,3600
2025-05-26T10:00:00+00:00,-0.003000,3600
2025-05-26T11:00:00+00:00,-0.003000,3600
2025-05-26T12:00:00+00:00,-0.002140,3600
2025-05-26T13:00:00+00:00,-0.003000,3600
2025-05-26T14:00:00+00:00,-0.002000,3600
2025-05-26T15:00:00+00:00,0.015100,3600
2025-05-26T16:00:00+00:00,0.086000,3600
2025-05-26T17:00:00+00:00,0.106050,3600
2025-05-26T18:00:00+00:00,0.150000,3600
2025-05-26T19:00:00+00:00,0.148070,3600
2025-05-26T20:00:00+00:00,0.112000,3600
2025-05-26T21:00:00+00:00,0.090680,3600
2025-05-26T22:00:00+00:00,0.076770,3600
2025-05-26T23:00:00+00:00,0.065690,3600
2025-05-27T00:00:00+00:00,0.044900,3600
2025-05-27T01:00:00+00:00,0.020000,3600
2025-05-27T02:00:00+00:00,0.016400,3600
2025-05-27T03:00:00+00:00,0.045500,3600
2025-05-27T04:00:00+00:00,0.051400,3600
2025-05-27T05:00:00+00:00,0.065230,3600
2025-05-27T06:00:00+00:00,0.065770,3600
2025-05-27T07:00:00+00:00,0.050170,3600
2025-05-27T08:00:00+00:00,0.004260,3600
2025-05-27T09:00:00+00:00,0.002940,3600
2025-05-27T10:00:00+00:00,0.000020,3600
2025-05-27T11:00:00+00:00,-0.000080,3600
2025-05-27T12:00:00+00:00,-0.000190,3600
2025-05-27T13:00:00+00:00,0.002190,3600
2025-05-27T14:00:00+00:00,0.049150,3600
2025-05-27T15:00:00+00:00,0.099180,3600
2025-05-27T16:00:00+00:00,0.107500,3600
2025-05-27T17:00:00+00:00,0.119100,3600
2025-05-27T18:00:00+00:00,0.141140,3600
2025-05-27T19:00:00+00:00,0.111800,3600
2025-05-27T20:00:00+00:00,0.100590,3600
2025-05-27T21:00:00+00:00,0.082160,3600
2025-05-27T22:00:00+00:00,0.070280,3600
2025-05-27T23:00:00+00:00,0.061540,3600
2025-05-28T00:00:00+00:00,0.060250,3600
2025-05-28T01:00:00+00:00,0.053540,3600
2025-05-28T02:00:00+00:00,0.057390,3600
2025-05-28T03:00:00+00:00,0.065210,3600
2025-05-28T04:00:00+00:00,0.085970,3600
2025-05-28T05:00:00+00:00,0.102720,3600
2025-05-28T06:00:00+00:00,0.128000,3600
2025-05-28T07:00:00+00:00,0.100000,3600
2025-05-28T08:00:00+00:00,0.069780,3600
2025-05-28T09:00:00+00:00,0.061230,3600
2025-05-28T10:00:00+00:00,0.056190,3600
2025-05-28T11:00:00+00:00,0.049740,3600
2025-05-28T12:00:00+00:00,0.045710,3600
2025-05-28T13:00:00+00:00,0.036730,3600
2025-05-28T14:00:00+00:00,0.057900,3600
2025-05-28T15:00:00+00:00,0.074140,3600
2025-05-28T16:00:00+00:00,0.094990,3600
2025-05-28T17:00:00+00:00,0.117360,3600
2025-05-28T18:00:00+00:00,0.127560,3600
2025-05-28T19:00:00+00:00,0.166830,3600
2025-05-28T20:00:00+00:00,0.138860,3600
2025-05-28T21:00:00+00:00,0.104900,3600
2025-05-28T22:00:00+00:00,0.112240,3600
2025-05-28T23:00:00+00:00,0.108800,3600
2025-05-29T00:00:00+00:00,0.102100,3600
2025-05-29T01:00:00+00:00,0.101640,3600
2025-05-29T02:00:00+00:00,0.102510,3600
2025-05-29T03:00:00+00:00,0.099800,3600
2025-05-29T04:00:00+00:00,0.098180,3600
2025-05-29T05:00:00+00:00,0.093820,3600
2025-05-29T06:00:00+00:00,0.090170,3600
2025-05-29T07:00:00+00:00,0.073450,3600
2025-05-29T08:00:00+00:00,0.028130,3600
2025-05-29T09:00:00+00:00,0.002330,3600
2025-05-29T10:00:00+00:00,0.000000,3600
2025-05-29T11:00:00+00:00,-0.002000,3600
2025-05-29T12:00:00+00:00,-0.002000,3600
2025-05-29T13:00:00+00:00,-0.002760,3600
2025-05-29T14:00:00+00:00,-0.001590,3600
2025-05-29T15:00:00+00:00,0.020000,3600
2025-05-29T16:00:00+00:00,0.059620,3600
2025-05-29T17:00:00+00:00,0.073510,3600
2025-05-29T18:00:00+00:00,0.075200,3600
2025-05-29T19:00:00+00:00,0.073400,3600
2025-05-29T20:00:00+00:00,0.076300,3600
2025-05-29T21:00:00+00:00,0.057000,3600
2025-05-29T22:00:00+00:00,0.044900,3600
2025-05-29T23:00:00+00:00,0.027460,3600
2025-05-30T00:00:00+00:00,0.033480,3600
2025-05-30T01:00:00+00:00,0.033950,3600
2025-05-30T02:00:00+00:00,0.037390,3600
2025-05-30T03:00:00+00:00,0.055080,3600
2025-05-30T04:00:00+00:00,0.067730,3600
2025-05-30T05:00:00+00:00,0.068380,3600
2025-05-30T06:00:00+00:00,0.053010,3600
2025-05-30T07:00:00+00:00,0.029130,3600
2025-05-30T08:00:00+00:00,0.001830,3600
2025-05-30T09:00:00+00:00,-0.000050,3600
2025-05-30T10:00:00+00:00,-0.000710,3600
2025-05-30T11:00:00+00:00,-0.002820,3600
2025-05-30T12:00:00+00:00,-0.003190,3600
2025-05-30T13:00:00+00:00,-0.001720,3600
2025-05-30T14:00:00+00:00,-0.000030,3600
2025-05-30T15:00:00+00:00,0.007000,3600
2025-05-30T16:00:00+00:00,0.070040,3600
2025-05-30T17:00:00+00:00,0.110000,3600
2025-05-30T18:00:00+00:00,0.135270,3600
2025-05-30T19:00:00+00:00,0.150180,3600
2025-05-30T20:00:00+00:00,0.130190,3600
2025-05-30T21:00:00+00:00,0.108150,3600
2025-05-30T22:00:00+00:00,0.107000,3600
2025-05-30T23:00:00+00:00,0.097700,3600
2025-05-31T00:00:00+00:00,0.094810,3600
2025-05-31T01:00:00+00:00,0.093630,3600
2025-05-31T02:00:00+00:00,0.094130,3600
2025-05-31T03:00:00+00:00,0.092580,3600
2025-05-31T04:00:00+00:00,0.094790,3600
2025-05-31T05:00:00+00:00,0.085800,3600
2025-05-31T06:00:00+00:00,0.053810,3600
2025-05-31T07:00:00+00:00,0.001000,3600
2025-05-31T08:00:00+00:00,-0.000020,3600
2025-05-31T09:00:00+00:00,-0.001000,3600
2025-05-31T10:00:00+00:00,-0.003070,3600
2025-05-31T11:00:00+00:00,-0.013170,3600
2025-05-31T12:00:00+00:00,-0.007750,3600
2025-05-31T13:00:00+00:00,-0.003000,3600
2025-05-31T14:00:00+00:00,-0.000050,3600
2025-05-31T15:00:00+00:00,0.036500,3600
2025-05-31T16:00:00+00:00,0.088850,3600
2025-05-31T17:00:00+00:00,0.131410,3600
2025-05-31T18:00:00+00:00,0.192350,3600
2025-05-31T19:00:00+00:00,0.192370,3600
2025-05-31T20:00:00+00:00,0.135760,3600
2025-05-31T21:00:00+00:00,0.099790,3600
2025-05-31T22:00:00+00:00,0.098400,3600
2025-05-31T23:00:00+00:00,0.085220,3600
2025-06-01T00:00:00+00:00,0.086560,3600
2025-06-01T01:00:00+00:00,0.080600,3600
2025-06-01T02:00:00+00:00,0.078530,3600
2025-06-01T03:00:00+00:00,0.070660,3600
2025-06-01T04:00:00+00:00,0.037450,3600
2025-06-01T05:00:00+00:00,0.013000,3600
2025-06-01T06:00:00+00:00,0.002400,3600
2025-06-01T07:00:00+00:00,-0.000010,3600
2025-06-01T08:00:00+00:00,-0.000600,3600
2025-06-01T09:00:00+00:00,-0.002110,3600
2025-06-01T10:00:00+00:00,-0.005480,3600
2025-06-01T11:00:00+00:00,-0.012930,3600
2025-06-01T12:00:00+00:00,-0.020410,3600
2025-06-01T13:00:00+00:00,-0.015610,3600
2025-06-01T14:00:00+00:00,-0.006000,3600
2025-06-01T15:00:00+00:00,-0.000910,3600
2025-06-01T16:00:00+00:00,0.017000,3600
2025-06-01T17:00:00+00:00,0.071810,3600
2025-06-01T18:00:00+00:00,0.089660,3600
2025-06-01T19:00:00+00:00,0.114900,3600
2025-06-01T20:00:00+00:00,0.101980,3600
2025-06-01T21:00:00+00:00,0.083540,3600
2025-06-01T22:00:00+00:00,0.075300,3600
2025-06-01T23:00:00+00:00,0.070000,3600
2025-06-02T00:00:00+00:00,0.071650,3600
2025-06-02T01:00:00+00:00,0.073710,3600
2025-06-02T02:00:00+00:00,0.076600,3600
2025-06-02T03:00:00+00:00,0.082570,3600
2025-06-02T04:00:00+00:00,0.105100,3600
2025-06-02T05:00:00+00:00,0.123860,3600
2025-06-02T06:00:00+00:00,0.105400,3600
2025-06-02T07:00:00+00:00,0.082560,3600
2025-06-02T08:00:00+00:00,0.054190,3600
2025-06-02T09:00:00+00:00,0.033210,3600
2025-06-02T10:00:00+00:00,0.020000,3600
2025-06-02T11:00:00+00:00,0.012780,3600
2025-06-02T12:00:00+00:00,0.011000,3600
2025-06-02T13:00:00+00:00,0.019750,3600
2025-06-02T14:00:00+00:00,0.048310,3600
2025-06-02T15:00:00+00:00,0.071980,3600
2025-06-02T16:00:00+00:00,0.086780,3600
2025-06-02T17:00:00+00:00,0.109660,3600
2025-06-02T18:00:00+00:00,0.189360,3600
2025-06-02T19:00:00+00:00,0.239260,3600
2025-06-02T20:00:00+00:00,0.143110,3600
2025-06-02T21:00:00+00:00,0.106360,3600
2025-06-02T22:00:00+00:00,0.100730,3600
2025-06-02T23:00:00+00:00,0.096000,3600
2025-06-03T00:00:00+00:00,0.094030,3600
2025-06-03T01:00:00+00:00,0.085440,3600
2025-06-03T02:00:00+00:00,0.081580,3600
2025-06-03T03:00:00+00:00,0.091830,3600
2025-06-03T04:00:00+00:00,0.112330,3600
2025-06-03T05:00:00+00:00,0.101210,3600
2025-06-03T06:00:00+00:00,0.077400,3600
2025-06-03T07:00:00+00:00,0.032200,3600
2025-06-03T08:00:00+00:00,0.000000,3600
2025-06-03T09:00:00+00:00,-0.002000,3600
2025-06-03T10:00:00+00:00,-0.002000,3600
2025-06-03T11:00:00+00:00,-0.003000,3600
2025-06-03T12:00:00+00:00,-0.010000,3600
2025-06-03T13:00:00+00:00,-0.005000,3600
2025-06-03T14:00:00+00:00,-0.002000,3600
2025-06-03T15:00:00+00:00,0.000100,3600
2025-06-03T16:00:00+00:00,0.069900,3600
2025-06-03T17:00:00+00:00,0.094910,3600
2025-06-03T18:00:00+00:00,0.123790,3600
2025-06-03T19:00:00+00:00,0.105610,3600
2025-06-03T20:00:00+00:00,0.103980,3600
2025-06-03T21:00:00+00:00,0.093370,3600
2025-06-03T22:00:00+00:00,0.071270,3600
2025-06-03T23:00:00+00:00,0.062770,3600
2025-06-04T00:00:00+00:00,0.060930,3600
2025-06-04T01:00:00+00:00,0.061320,3600
2025-06-04T02:00:00+00:00,0.064110,3600
2025-06-04T03:00:00+00:00,0.075170,3600
2025-06-04T04:00:00+00:00,0.108320,3600
2025-06-04T05:00:00+00:00,0.115780,3600
2025-06-04T06:00:00+00:00,0.112400,3600
2025-06-04T07:00:00+00:00,0.102950,3600
2025-06-04T08:00:00+00:00,0.070680,3600
2025-06-04T09:00:00+00:00,0.045000,3600
2025-06-04T10:00:00+00:00,0.019960,3600
2025-06-04T11:00:00+00:00,0.009690,3600
2025-06-04T12:00:00+00:00,0.016000,3600
2025-06-04T13:00:00+00:00,0.034610,3600
2025-06-04T14:00:00+00:00,0.046910,3600
2025-06-04T15:00:00+00:00,0.073100,3600
2025-06-04T16:00:00+00:00,0.095000,3600
2025-06-04T17:00:00+00:00,0.108000,3600
2025-06-04T18:00:00+00:00,0.137570,3600
2025-06-04T19:00:00+00:00,0.136000,3600
2025-06-04T20:00:00+00:00,0.117890,3600
2025-06-04T21:00:00+00:00,0.100520,3600
2025-06-04T22:00:00+00:00,0.095820,3600
2025-06-04T23:00:00+00:00,0.085970,3600
2025-06-05T00:00:00+00:00,0.080480,3600
2025-06-05T01:00:00+00:00,0.079790,3600
2025-06-05T02:00:00+00:00,0.080570,3600
2025-06-05T03:00:00+00:00,0.081000,3600
2025-06-05T04:00:00+00:00,0.113780,3600
2025-06-05T05:00:00+00:00,0.116850,3600
2025-06-05T06:00:00+00:00,0.112780,3600
2025-06-05T07:00:00+00:00,0.092200,3600
2025-06-05T08:00:00+00:00,0.065010,3600
2025-06-05T09:00:00+00:00,0.045030,3600
2025-06-05T10:00:00+00:00,0.021150,3600
2025-06-05T11:00:00+00:00,0.011030,3600
2025-06-05T12:00:00+00:00,0.007600,3600
2025-06-05T13:00:00+00:00,0.019870,3600
2025-06-05T14:00:00+00:00,0.057500,3600
2025-06-05T15:00:00+00:00,0.072980,3600
2025-06-05T16:00:00+00:00,0.094440,3600
2025-06-05T17:00:00+00:00,0.107130,3600
2025-06-05T18:00:00+00:00,0.126200,3600
2025-06-05T19:00:00+00:00,0.120370,3600
2025-06-05T20:00:00+00:00,0.103390,3600
2025-06-05T21:00:00+00:00,0.081900,3600
2025-06-05T22:00:00+00:00,0.070210,3600
2025-06-05T23:00:00+00:00,0.058350,3600
2025-06-06T00:00:00+00:00,0.059900,3600
2025-06-06T01:00:00+00:00,0.055270,3600
2025-06-06T02:00:00+00:00,0.048140,3600
2025-06-06T03:00:00+00:00,0.054480,3600
2025-06-06T04:00:00+00:00,0.064190,3600
2025-06-06T05:00:00+00:00,0.068970,3600
2025-06-06T06:00:00+00:00,0.056560,3600
2025-06-06T07:00:00+00:00,0.004070,3600
2025-06-06T08:00:00+00:00,-0.000010,3600
2025-06-06T09:00:00+00:00,-0.000200,3600
2025-06-06T10:00:00+00:00,-0.002000,3600
2025-06-06T11:00:00+00:00,-0.003940,3600
2025-06-06T12:00:00+00:00,-0.004200,3600
2025-06-06T13:00:00+00:00,-0.003690,3600
2025-06-06T14:00:00+00:00,-0.000030,3600
2025-06-06T15:00:00+00:00,0.001000,3600
2025-06-06T16:00:00+00:00,0.046290,3600
2025-06-06T17:00:00+00:00,0.082760,3600
2025-06-06T18:00:00+00:00,0.111050,3600
2025-06-06T19:00:00+00:00,0.129290,3600
2025-06-06T20:00:00+00:00,0.127720,3600
2025-06-06T21:00:00+00:00,0.103410,3600
2025-06-06T22:00:00+00:00,0.100460,3600
2025-06-06T23:00:00+00:00,0.094600,3600
2025-06-07T00:00:00+00:00,0.087660,3600
2025-06-07T01:00:00+00:00,0.094000,3600
2025-06-07T02:00:00+00:00,0.094750,3600
2025-06-07T03:00:00+00:00,0.094490,3600
2025-06-07T04:00:00+00:00,0.095000,3600
2025-06-07T05:00:00+00:00,0.098690,3600
2025-06-07T06:00:00+00:00,0.090410,3600
2025-06-07T07:00:00+00:00,0.075250,3600
2025-06-07T08:00:00+00:00,0.034050,3600
2025-06-07T09:00:00+00:00,0.009440,3600
2025-06-07T10:00:00+00:00,0.001190,3600
2025-06-07T11:00:00+00:00,-0.000010,3600
2025-06-07T12:00:00+00:00,-0.000020,3600
2025-06-07T13:00:00+00:00,-0.000020,3600
2025-06-07T14:00:00+00:00,-0.000610,3600
2025-06-07T15:00:00+00:00,0.023240,3600
2025-06-07T16:00:00+00:00,0.065040,3600
2025-06-07T17:00:00+00:00,0.082000,3600
2025-06-07T18:00:00+00:00,0.126530,3600
2025-06-07T19:00:00+00:00,0.128000,3600
2025-06-07T20:00:00+00:00,0.111560,3600
2025-06-07T21:00:00+00:00,0.082000,3600
2025-06-07T22:00:00+00:00,0.095020,3600
2025-06-07T23:00:00+00:00,0.081820,3600
2025-06-08T00:00:00+00:00,0.073870,3600
2025-06-08T01:00:00+00:00,0.063390,3600
2025-06-08T02:00:00+00:00,0.057170,3600
2025-06-08T03:00:00+00:00,0.047320,3600
2025-06-08T04:00:00+00:00,0.033070,3600
2025-06-08T05:00:00+00:00,0.003090,3600
2025-06-08T06:00:00+00:00,0.000000,3600
2025-06-08T07:00:00+00:00,-0.000500,3600
2025-06-08T08:00:00+00:00,-0.002000,3600
2025-06-08T09:00:00+00:00,-0.008100,3600
2025-06-08T10:00:00+00:00,-0.019850,3600
2025-06-08T11:00:00+00:00,-0.039920,3600
2025-06-08T12:00:00+00:00,-0.052830,3600
2025-06-08T13:00:00+00:00,-0.052990,3600
2025-06-08T14:00:00+00:00,-0.035970,3600
2025-06-08T15:00:00+00:00,-0.014060,3600
2025-06-08T16:00:00+00:00,0.000010,3600
2025-06-08T17:00:00+00:00,0.039990,3600
2025-06-08T18:00:00+00:00,0.082700,3600
2025-06-08T19:00:00+00:00,0.094680,3600
2025-06-08T20:00:00+00:00,0.130130,3600
2025-06-08T21:00:00+00:00,0.113400,3600
2025-06-08T22:00:00+00:00,0.110910,3600
2025-06-08T23:00:00+00:00,0.086000,3600
2025-06-09T00:00:00+00:00,0.065000,3600
2025-06-09T01:00:00+00:00,0.060900,3600
2025-06-09T02:00:00+00:00,0.069900,3600
2025-06-09T03:00:00+00:00,0.070000,3600
2025-06-09T04:00:00+00:00,0.059820,3600
2025-06-09T05:00:00+00:00,0.054780,3600
2025-06-09T06:00:00+00:00,0.005130,3600
2025-06-09T07:00:00+00:00,0.000000,3600
2025-06-09T08:00:00+00:00,-0.000970,3600
2025-06-09T09:00:00+00:00,-0.003400,3600
2025-06-09T10:00:00+00:00,-0.009030,3600
2025-06-09T11:00:00+00:00,-0.018450,3600
2025-06-09T12:00:00+00:00,-0.015660,3600
2025-06-09T13:00:00+00:00,-0.004160,3600
2025-06-09T14:00:00+00:00,-0.000850,3600
2025-06-09T15:00:00+00:00,0.002160,3600
2025-06-09T16:00:00+00:00,0.065850,3600
2025-06-09T17:00:00+00:00,0.111280,3600
2025-06-09T18:00:00+00:00,0.134270,3600
2025-06-09T19:00:00+00:00,0.146690,3600
2025-06-09T20:00:00+00:00,0.130000,3600
2025-06-09T21:00:00+00:00,0.096120,3600
2025-06-09T22:00:00+00:00,0.082960,3600
2025-06-09T23:00:00+00:00,0.074700,3600
2025-06-10T00:00:00+00:00,0.067800,3600
2025-06-10T01:00:00+00:00,0.057710,3600
2025-06-10T02:00:00+00:00,0.051920,3600
2025-06-10T03:00:00+00:00,0.056040,3600
2025-06-10T04:00:00+00:00,0.067710,3600
2025-06-10T05:00:00+00:00,0.080220,3600
2025-06-10T06:00:00+00:00,0.080000,3600
2025-06-10T07:00:00+00:00,0.065090,3600
2025-06-10T08:00:00+00:00,0.021250,3600
2025-06-10T09:00:00+00:00,0.013800,3600
2025-06-10T10:00:00+00:00,0.000100,3600
2025-06-10T11:00:00+00:00,0.005050,3600
2025-06-10T12:00:00+00:00,0.005000,3600
2025-06-10T13:00:00+00:00,0.000990,3600
2025-06-10T14:00:00+00:00,0.010000,3600
2025-06-10T15:00:00+00:00,0.059660,3600
2025-06-10T16:00:00+00:00,0.087180,3600
2025-06-10T17:00:00+00:00,0.102430,3600
2025-06-10T18:00:00+00:00,0.113330,3600
2025-06-10T19:00:00+00:00,0.123300,3600
2025-06-10T20:00:00+00:00,0.113370,3600
2025-06-10T21:00:00+00:00,0.104950,3600
2025-06-10T22:00:00+00:00,0.114310,3600
2025-06-10T23:00:00+00:00,0.092000,3600
2025-06-11T00:00:00+00:00,0.083750,3600
2025-06-11T01:00:00+00:00,0.095000,3600
2025-06-11T02:00:00+00:00,0.086000,3600
2025-06-11T03:00:00+00:00,0.090000,3600
2025-06-11T04:00:00+00:00,0.112190,3600
2025-06-11T05:00:00+00:00,0.120200,3600
2025-06-11T06:00:00+00:00,0.100000,3600
2025-06-11T07:00:00+00:00,0.085390,3600
2025-06-11T08:00:00+00:00,0.031910,3600
2025-06-11T09:00:00+00:00,0.001200,3600
2025-06-11T10:00:00+00:00,-0.000200,3600
2025-06-11T11:00:00+00:00,-0.000640,3600
2025-06-11T12:00:00+00:00,-0.003000,3600
2025-06-11T13:00:00+00:00,-0.001590,3600
2025-06-11T14:00:00+00:00,0.002000,3600
2025-06-11T15:00:00+00:00,0.064040,3600
2025-06-11T16:00:00+00:00,0.099700,3600
2025-06-11T17:00:00+00:00,0.130320,3600
2025-06-11T18:00:00+00:00,0.208380,3600
2025-06-11T19:00:00+00:00,0.180000,3600
2025-06-11T20:00:00+00:00,0.119340,3600
2025-06-11T21:00:00+00:00,0.096680,3600
2025-06-11T22:00:00+00:00,0.092970,3600
2025-06-11T23:00:00+00:00,0.087060,3600
2025-06-12T00:00:00+00:00,0.080000,3600
2025-06-12T01:00:00+00:00,0.080000,3600
2025-06-12T02:00:00+00:00,0.082370,3600
2025-06-12T03:00:00+00:00,0.087360,3600
2025-06-12T04:00:00+00:00,0.105730,3600
2025-06-12T05:00:00+00:00,0.098720,3600
2025-06-12T06:00:00+00:00,0.078930,3600
2025-06-12T07:00:00+00:00,0.036090,3600
2025-06-12T08:00:00+00:00,0.000000,3600
2025-06-12T09:00:00+00:00,-0.002000,3600
2025-06-12T10:00:00+00:00,-0.017660,3600
2025-06-12T11:00:00+00:00,-0.030960,3600
2025-06-12T12:00:00+00:00,-0.031290,3600
2025-06-12T13:00:00+00:00,-0.014000,3600
2025-06-12T14:00:00+00:00,-0.002780,3600
2025-06-12T15:00:00+00:00,0.014900,3600
2025-06-12T16:00:00+00:00,0.079960,3600
2025-06-12T17:00:00+00:00,0.112390,3600
2025-06-12T18:00:00+00:00,0.132000,3600
2025-06-12T19:00:00+00:00,0.113330,3600
2025-06-12T20:00:00+00:00,0.105940,3600
2025-06-12T21:00:00+00:00,0.094900,3600
2025-06-12T22:00:00+00:00,0.087710,3600
2025-06-12T23:00:00+00:00,0.087000,3600
2025-06-13T00:00:00+00:00,0.089900,3600
2025-06-13T01:00:00+00:00,0.091000,3600
2025-06-13T02:00:00+00:00,0.097540,3600
2025-06-13T03:00:00+00:00,0.100000,3600
2025-06-13T04:00:00+00:00,0.109250,3600
2025-06-13T05:00:00+00:00,0.121600,3600
2025-06-13T06:00:00+00:00,0.115000,3600
2025-06-13T07:00:00+00:00,0.080000,3600
2025-06-13T08:00:00+00:00,0.023000,3600
2025-06-13T09:00:00+00:00,0.000690,3600
2025-06-13T10:00:00+00:00,-0.000080,3600
2025-06-13T11:00:00+00:00,-0.000290,3600
2025-06-13T12:00:00+00:00,-0.001450,3600
2025-06-13T13:00:00+00:00,-0.001380,3600
2025-06-13T14:00:00+00:00,0.001030,3600
2025-06-13T15:00:00+00:00,0.068900,3600
2025-06-13T16:00:00+00:00,0.095000,3600
2025-06-13T17:00:00+00:00,0.122390,3600
2025-06-13T18:00:00+00:00,0.123000,3600
2025-06-13T19:00:00+00:00,0.121000,3600
2025-06-13T20:00:00+00:00,0.108600,3600
2025-06-13T21:00:00+00:00,0.093900,3600
2025-06-13T22:00:00+00:00,0.096000,3600
2025-06-13T23:00:00+00:00,0.078500,3600
2025-06-14T00:00:00+00:00,0.091100,3600
2025-06-14T01:00:00+00:00,0.083210,3600
2025-06-14T02:00:00+00:00,0.096000,3600
2025-06-14T03:00:00+00:00,0.097500,3600
2025-06-14T04:00:00+00:00,0.084000,3600
2025-06-14T05:00:00+00:00,0.085890,3600
2025-06-14T06:00:00+00:00,0.024000,3600
2025-06-14T07:00:00+00:00,0.000000,3600
2025-06-14T08:00:00+00:00,-0.000810,3600
2025-06-14T09:00:00+00:00,-0.004990,3600
2025-06-14T10:00:00+00:00,-0.014560,3600
2025-06-14T11:00:00+00:00,-0.019500,3600
2025-06-14T12:00:00+00:00,-0.024370,3600
2025-06-14T13:00:00+00:00,-0.006700,3600
2025-06-14T14:00:00+00:00,-0.000370,3600
2025-06-14T15:00:00+00:00,0.008860,3600
2025-06-14T16:00:00+00:00,0.072390,3600
2025-06-14T17:00:00+00:00,0.112820,3600
2025-06-14T18:00:00+00:00,0.121770,3600
2025-06-14T19:00:00+00:00,0.126800,3600
2025-06-14T20:00:00+00:00,0.120100,3600
2025-06-14T21:00:00+00:00,0.111210,3600
2025-06-14T22:00:00+00:00,0.097100,3600
2025-06-14T23:00:00+00:00,0.099400,3600
2025-06-15T00:00:00+00:00,0.095100,3600
2025-06-15T01:00:00+00:00,0.094860,3600
2025-06-15T02:00:00+00:00,0.094350,3600
2025-06-15T03:00:00+00:00,0.094380,3600
2025-06-15T04:00:00+00:00,0.089100,3600
2025-06-15T05:00:00+00:00,0.073000,3600
2025-06-15T06:00:00+00:00,0.053860,3600
2025-06-15T07:00:00+00:00,0.005550,3600
2025-06-15T08:00:00+00:00,0.000000,3600
2025-06-15T09:00:00+00:00,-0.000020,3600
2025-06-15T10:00:00+00:00,-0.001240,3600
2025-06-15T11:00:00+00:00,-0.005630,3600
2025-06-15T12:00:00+00:00,-0.005000,3600
2025-06-15T13:00:00+00:00,-0.002000,3600
2025-06-15T14:00:00+00:00,-0.000010,3600
2025-06-15T15:00:00+00:00,0.045020,3600
2025-06-15T16:00:00+00:00,0.086670,3600
2025-06-15T17:00:00+00:00,0.101480,3600
2025-06-15T18:00:00+00:00,0.125000,3600
2025-06-15T19:00:00+00:00,0.140320,3600
2025-06-15T20:00:00+00:00,0.135620,3600
2025-06-15T21:00:00+00:00,0.106540,3600
2025-06-15T22:00:00+00:00,0.117100,3600
2025-06-15T23:00:00+00:00,0.097790,3600
2025-06-16T00:00:00+00:00,0.097570,3600
2025-06-16T01:00:00+00:00,0.084000,3600
2025-06-16T02:00:00+00:00,0.083210,3600
2025-06-16T03:00:00+00:00,0.099040,3600
2025-06-16T04:00:00+00:00,0.115570,3600
2025-06-16T05:00:00+00:00,0.125000,3600
2025-06-16T06:00:00+00:00,0.119240,3600
2025-06-16T07:00:00+00:00,0.095040,3600
2025-06-16T08:00:00+00:00,0.057110,3600
2025-06-16T09:00:00+00:00,0.013830,3600
2025-06-16T10:00:00+00:00,0.002110,3600
2025-06-16T11:00:00+00:00,0.000790,3600
2025-06-16T12:00:00+00:00,0.000700,3600
2025-06-16T13:00:00+00:00,0.001150,3600
2025-06-16T14:00:00+00:00,0.013610,3600
2025-06-16T15:00:00+00:00,0.069080,3600
2025-06-16T16:00:00+00:00,0.098700,3600
2025-06-16T17:00:00+00:00,0.117930,3600
2025-06-16T18:00:00+00:00,0.186100,3600
2025-06-16T19:00:00+00:00,0.190000,3600
2025-06-16T20:00:00+00:00,0.133670,3600
2025-06-16T21:00:00+00:00,0.112000,3600
2025-06-16T22:00:00+00:00,0.106000,3600
2025-06-16T23:00:00+00:00,0.101770,3600
2025-06-17T00:00:00+00:00,0.097120,3600
2025-06-17T01:00:00+00:00,0.095820,3600
2025-06-17T02:00:00+00:00,0.097330,3600
2025-06-17T03:00:00+00:00,0.103830,3600
2025-06-17T04:00:00+00:00,0.120900,3600
2025-06-17T05:00:00+00:00,0.108450,3600
2025-06-17T06:00:00+00:00,0.101000,3600
2025-06-17T07:00:00+00:00,0.086520,3600
2025-06-17T08:00:00+00:00,0.004380,3600
2025-06-17T09:00:00+00:00,-0.000360,3600
2025-06-17T10:00:00+00:00,-0.000550,3600
2025-06-17T11:00:00+00:00,-0.002430,3600
2025-06-17T12:00:00+00:00,-0.002740,3600
2025-06-17T13:00:00+00:00,-0.001630,3600
2025-06-17T14:00:00+00:00,0.010000,3600
2025-06-17T15:00:00+00:00,0.080100,3600
2025-06-17T16:00:00+00:00,0.105000,3600
2025-06-17T17:00:00+00:00,0.128000,3600
2025-06-17T18:00:00+00:00,0.237600,3600
2025-06-17T19:00:00+00:00,0.235690,3600
2025-06-17T20:00:00+00:00,0.140390,3600
2025-06-17T21:00:00+00:00,0.116580,3600
2025-06-17T22:00:00+00:00,0.113000,3600
2025-06-17T23:00:00+00:00,0.107080,3600
2025-06-18T00:00:00+00:00,0.101610,3600
2025-06-18T01:00:00+00:00,0.096340,3600
2025-06-18T02:00:00+00:00,0.097330,3600
2025-06-18T03:00:00+00:00,0.104430,3600
2025-06-18T04:00:00+00:00,0.113150,3600
2025-06-18T05:00:00+00:00,0.115620,3600
2025-06-18T06:00:00+00:00,0.115300,3600
2025-06-18T07:00:00+00:00,0.089640,3600
2025-06-18T08:00:00+00:00,0.021780,3600
2025-06-18T09:00:00+00:00,0.001170,3600
2025-06-18T10:00:00+00:00,-0.000130,3600
2025-06-18T11:00:00+00:00,-0.000480,3600
2025-06-18T12:00:00+00:00,-0.001040,3600
2025-06-18T13:00:00+00:00,-0.000300,3600
2025-06-18T14:00:00+00:00,0.002220,3600
2025-06-18T15:00:00+00:00,0.073120,3600
2025-06-18T16:00:00+00:00,0.105380,3600
2025-06-18T17:00:00+00:00,0.116890,3600
2025-06-18T18:00:00+00:00,0.141390,3600
2025-06-18T19:00:00+00:00,0.175320,3600
2025-06-18T20:00:00+00:00,0.136070,3600
2025-06-18T21:00:00+00:00,0.120000,3600
2025-06-18T22:00:00+00:00,0.111790,3600
2025-06-18T23:00:00+00:00,0.109080,3600
2025-06-19T00:00:00+00:00,0.107400,3600
2025-06-19T01:00:00+00:00,0.104270,3600
2025-06-19T02:00:00+00:00,0.104230,3600
2025-06-19T03:00:00+00:00,0.107600,3600
2025-06-19T04:00:00+00:00,0.104900,3600
2025-06-19T05:00:00+00:00,0.100470,3600
2025-06-19T06:00:00+00:00,0.089560,3600
2025-06-19T07:00:00+00:00,0.009750,3600
2025-06-19T08:00:00+00:00,-0.000580,3600
2025-06-19T09:00:00+00:00,-0.009020,3600
2025-06-19T10:00:00+00:00,-0.006020,3600
2025-06-19T11:00:00+00:00,-0.006070,3600
2025-06-19T12:00:00+00:00,-0.005090,3600
2025-06-19T13:00:00+00:00,-0.007840,3600
2025-06-19T14:00:00+00:00,-0.003120,3600
2025-06-19T15:00:00+00:00,0.006590,3600
2025-06-19T16:00:00+00:00,0.084410,3600
2025-06-19T17:00:00+00:00,0.118780,3600
2025-06-19T18:00:00+00:00,0.141560,3600
2025-06-19T19:00:00+00:00,0.146970,3600
2025-06-19T20:00:00+00:00,0.130800,3600
2025-06-19T21:00:00+00:00,0.110000,3600
2025-06-19T22:00:00+00:00,0.109010,3600
2025-06-19T23:00:00+00:00,0.104570,3600
2025-06-20T00:00:00+00:00,0.100560,3600
2025-06-20T01:00:00+00:00,0.104000,3600
2025-06-20T02:00:00+00:00,0.099480,3600
2025-06-20T03:00:00+00:00,0.109040,3600
2025-06-20T04:00:00+00:00,0.120900,3600
2025-06-20T05:00:00+00:00,0.118660,3600
2025-06-20T06:00:00+00:00,0.111000,3600
2025-06-20T07:00:00+00:00,0.081690,3600
2025-06-20T08:00:00+00:00,0.021440,3600
2025-06-20T09:00:00+00:00,0.005990,3600
2025-06-20T10:00:00+00:00,0.001880,3600
2025-06-20T11:00:00+00:00,-0.000510,3600
2025-06-20T12:00:00+00:00,-0.000080,3600
2025-06-20T13:00:00+00:00,0.000780,3600
2025-06-20T14:00:00+00:00,0.029610,3600
2025-06-20T15:00:00+00:00,0.087730,3600
2025-06-20T16:00:00+00:00,0.111230,3600
2025-06-20T17:00:00+00:00,0.135400,3600
2025-06-20T18:00:00+00:00,0.194780,3600
2025-06-20T19:00:00+00:00,0.178630,3600
2025-06-20T20:00:00+00:00,0.137050,3600
2025-06-20T21:00:00+00:00,0.121380,3600
2025-06-20T22:00:00+00:00,0.118520,3600
2025-06-20T23:00:00+00:00,0.110480,3600
2025-06-21T00:00:00+00:00,0.108150,3600
2025-06-21T01:00:00+00:00,0.106300,3600
2025-06-21T02:00:00+00:00,0.110000,3600
2025-06-21T03:00:00+00:00,0.104940,3600
2025-06-21T04:00:00+00:00,0.100750,3600
2025-06-21T05:00:00+00:00,0.090740,3600
2025-06-21T06:00:00+00:00,0.075930,3600
2025-06-21T07:00:00+00:00,0.023400,3600
2025-06-21T08:00:00+00:00,0.000490,3600
2025-06-21T09:00:00+00:00,-0.002010,3600
2025-06-21T10:00:00+00:00,-0.012400,3600
2025-06-21T11:00:00+00:00,-0.026060,3600
2025-06-21T12:00:00+00:00,-0.027780,3600
2025-06-21T13:00:00+00:00,-0.003000,3600
2025-06-21T14:00:00+00:00,0.000090,3600
2025-06-21T15:00:00+00:00,0.060200,3600
2025-06-21T16:00:00+00:00,0.100890,3600
2025-06-21T17:00:00+00:00,0.127900,3600
2025-06-21T18:00:00+00:00,0.156740,3600
2025-06-21T19:00:00+00:00,0.165850,3600
2025-06-21T20:00:00+00:00,0.141040,3600
2025-06-21T21:00:00+00:00,0.119320,3600
2025-06-21T22:00:00+00:00,0.106900,3600
2025-06-21T23:00:00+00:00,0.101070,3600
2025-06-22T00:00:00+00:00,0.099000,3600
2025-06-22T01:00:00+00:00,0.090580,3600
2025-06-22T02:00:00+00:00,0.087820,3600
2025-06-22T03:00:00+00:00,0.080080,3600
2025-06-22T04:00:00+00:00,0.067560,3600
2025-06-22T05:00:00+00:00,0.026440,3600
2025-06-22T06:00:00+00:00,0.000000,3600
2025-06-22T07:00:00+00:00,-0.000090,3600
2025-06-22T08:00:00+00:00,-0.011110,3600
2025-06-22T09:00:00+00:00,-0.018720,3600
2025-06-22T10:00:00+00:00,-0.006000,3600
2025-06-22T11:00:00+00:00,-0.006050,3600
2025-06-22T12:00:00+00:00,-0.009730,3600
2025-06-22T13:00:00+00:00,-0.006780,3600
2025-06-22T14:00:00+00:00,-0.007560,3600
2025-06-22T15:00:00+00:00,-0.000100,3600
2025-06-22T16:00:00+00:00,0.059380,3600
2025-06-22T17:00:00+00:00,0.102800,3600
2025-06-22T18:00:00+00:00,0.121770,3600
2025-06-22T19:00:00+00:00,0.131980,3600
2025-06-22T20:00:00+00:00,0.124250,3600
2025-06-22T21:00:00+00:00,0.101630,3600
2025-06-22T22:00:00+00:00,0.066020,3600
2025-06-22T23:00:00+00:00,0.058020,3600
2025-06-23T00:00:00+00:00,0.056770,3600
2025-06-23T01:00:00+00:00,0.056810,3600
2025-06-23T02:00:00+00:00,0.063600,3600
2025-06-23T03:00:00+00:00,0.073780,3600
2025-06-23T04:00:00+00:00,0.080740,3600
2025-06-23T05:00:00+00:00,0.083630,3600
2025-06-23T06:00:00+00:00,0.073200,3600
2025-06-23T07:00:00+00:00,0.018640,3600
2025-06-23T08:00:00+00:00,0.000510,3600
2025-06-23T09:00:00+00:00,-0.004480,3600
2025-06-23T10:00:00+00:00,-0.009900,3600
2025-06-23T11:00:00+00:00,-0.020350,3600
2025-06-23T12:00:00+00:00,-0.030000,3600
2025-06-23T13:00:00+00:00,-0.032690,3600
2025-06-23T14:00:00+00:00,-0.023000,3600
2025-06-23T15:00:00+00:00,-0.009900,3600
2025-06-23T16:00:00+00:00,0.003790,3600
2025-06-23T17:00:00+00:00,0.055070,3600
2025-06-23T18:00:00+00:00,0.100000,3600
2025-06-23T19:00:00+00:00,0.111000,3600
2025-06-23T20:00:00+00:00,0.127000,3600
2025-06-23T21:00:00+00:00,0.103870,3600
2025-06-23T22:00:00+00:00,0.082840,3600
2025-06-23T23:00:00+00:00,0.071670,3600
2025-06-24T00:00:00+00:00,0.065080,3600
2025-06-24T01:00:00+00:00,0.070000,3600
2025-06-24T02:00:00+00:00,0.066520,3600
2025-06-24T03:00:00+00:00,0.070430,3600
2025-06-24T04:00:00+00:00,0.093470,3600
2025-06-24T05:00:00+00:00,0.089900,3600
2025-06-24T06:00:00+00:00,0.086860,3600
2025-06-24T07:00:00+00:00,0.059200,3600
2025-06-24T08:00:00+00:00,0.000000,3600
2025-06-24T09:00:00+00:00,-0.000400,3600
2025-06-24T10:00:00+00:00,-0.002000,3600
2025-06-24T11:00:00+00:00,-0.002680,3600
2025-06-24T12:00:00+00:00,-0.002020,3600
2025-06-24T13:00:00+00:00,-0.002000,3600
2025-06-24T14:00:00+00:00,-0.000390,3600
2025-06-24T15:00:00+00:00,0.006720,3600
2025-06-24T16:00:00+00:00,0.064390,3600
2025-06-24T17:00:00+00:00,0.099110,3600
2025-06-24T18:00:00+00:00,0.124850,3600
2025-06-24T19:00:00+00:00,0.123490,3600
2025-06-24T20:00:00+00:00,0.118970,3600
2025-06-24T21:00:00+00:00,0.099190,3600
2025-06-24T22:00:00+00:00,0.085600,3600
2025-06-24T23:00:00+00:00,0.080200,3600
2025-06-25T00:00:00+00:00,0.080200,3600
2025-06-25T01:00:00+00:00,0.082900,3600
2025-06-25T02:00:00+00:00,0.088000,3600
2025-06-25T03:00:00+00:00,0.097000,3600
2025-06-25T04:00:00+00:00,0.109100,3600
2025-06-25T05:00:00+00:00,0.122600,3600
2025-06-25T06:00:00+00:00,0.136000,3600
2025-06-25T07:00:00+00:00,0.124300,3600
2025-06-25T08:00:00+00:00,0.125000,3600
2025-06-25T09:00:00+00:00,0.069550,3600
2025-06-25T10:00:00+00:00,0.025100,3600
2025-06-25T11:00:00+00:00,0.004270,3600
2025-06-25T12:00:00+00:00,0.004590,3600
2025-06-25T13:00:00+00:00,0.008880,3600
2025-06-25T14:00:00+00:00,0.025270,3600
2025-06-25T15:00:00+00:00,0.085070,3600
2025-06-25T16:00:00+00:00,0.106290,3600
2025-06-25T17:00:00+00:00,0.134820,3600
2025-06-25T18:00:00+00:00,0.200000,3600
2025-06-25T19:00:00+00:00,0.247020,3600
2025-06-25T20:00:00+00:00,0.173620,3600
2025-06-25T21:00:00+00:00,0.123780,3600
2025-06-25T22:00:00+00:00,0.119950,3600
2025-06-25T23:00:00+00:00,0.106370,3600
2025-06-26T00:00:00+00:00,0.101310,3600
2025-06-26T01:00:00+00:00,0.095180,3600
2025-06-26T02:00:00+00:00,0.095620,3600
2025-06-26T03:00:00+00:00,0.099430,3600
2025-06-26T04:00:00+00:00,0.116120,3600
2025-06-26T05:00:00+00:00,0.120190,3600
2025-06-26T06:00:00+00:00,0.106790,3600
2025-06-26T07:00:00+00:00,0.095700,3600
2025-06-26T08:00:00+00:00,0.093030,3600
2025-06-26T09:00:00+00:00,0.077890,3600
2025-06-26T10:00:00+00:00,0.069800,3600
2025-06-26T11:00:00+00:00,0.057380,3600
2025-06-26T12:00:00+00:00,0.049160,3600
2025-06-26T13:00:00+00:00,0.046730,3600
2025-06-26T14:00:00+00:00,0.050000,3600
2025-06-26T15:00:00+00:00,0.069660,3600
2025-06-26T16:00:00+00:00,0.087740,3600
2025-06-26T17:00:00+00:00,0.099000,3600
2025-06-26T18:00:00+00:00,0.106860,3600
2025-06-26T19:00:00+00:00,0.105160,3600
2025-06-26T20:00:00+00:00,0.109900,3600
2025-06-26T21:00:00+00:00,0.098000,3600
2025-06-26T22:00:00+00:00,0.085410,3600
2025-06-26T23:00:00+00:00,0.089240,3600
2025-06-27T00:00:00+00:00,0.096050,3600
2025-06-27T01:00:00+00:00,0.090100,3600
2025-06-27T02:00:00+00:00,0.083190,3600
2025-06-27T03:00:00+00:00,0.089240,3600
2025-06-27T04:00:00+00:00,0.105540,3600
2025-06-27T05:00:00+00:00,0.113200,3600
2025-06-27T06:00:00+00:00,0.107700,3600
2025-06-27T07:00:00+00:00,0.098420,3600
2025-06-27T08:00:00+00:00,0.081250,3600
2025-06-27T09:00:00+00:00,0.067450,3600
2025-06-27T10:00:00+00:00,0.054550,3600
2025-06-27T11:00:00+00:00,0.028300,3600
2025-06-27T12:00:00+00:00,0.005300,3600
2025-06-27T13:00:00+00:00,0.011550,3600
2025-06-27T14:00:00+00:00,0.030000,3600
2025-06-27T15:00:00+00:00,0.070680,3600
2025-06-27T16:00:00+00:00,0.091630,3600
2025-06-27T17:00:00+00:00,0.107670,3600
2025-06-27T18:00:00+00:00,0.124480,3600
2025-06-27T19:00:00+00:00,0.135050,3600
2025-06-27T20:00:00+00:00,0.121860,3600
2025-06-27T21:00:00+00:00,0.107620,3600
2025-06-27T22:00:00+00:00,0.094830,3600
2025-06-27T23:00:00+00:00,0.088240,3600
2025-06-28T00:00:00+00:00,0.079980,3600
2025-06-28T01:00:00+00:00,0.071510,3600
2025-06-28T02:00:00+00:00,0.068000,3600
2025-06-28T03:00:00+00:00,0.071680,3600
2025-06-28T04:00:00+00:00,0.068720,3600
2025-06-28T05:00:00+00:00,0.057350,3600
2025-06-28T06:00:00+00:00,0.027800,3600
2025-06-28T07:00:00+00:00,0.002340,3600
2025-06-28T08:00:00+00:00,0.000010,3600
2025-06-28T09:00:00+00:00,-0.000030,3600
2025-06-28T10:00:00+00:00,-0.000570,3600
2025-06-28T11:00:00+00:00,-0.002000,3600
2025-06-28T12:00:00+00:00,-0.002770,3600
2025-06-28T13:00:00+00:00,-0.001500,3600
2025-06-28T14:00:00+00:00,-0.000500,3600
2025-06-28T15:00:00+00:00,0.002730,3600
2025-06-28T16:00:00+00:00,0.061730,3600
2025-06-28T17:00:00+00:00,0.094830,3600
2025-06-28T18:00:00+00:00,0.109000,3600
2025-06-28T19:00:00+00:00,0.122400,3600
2025-06-28T20:00:00+00:00,0.119670,3600
2025-06-28T21:00:00+00:00,0.103500,3600
2025-06-28T22:00:00+00:00,0.095070,3600
2025-06-28T23:00:00+00:00,0.089420,3600
2025-06-29T00:00:00+00:00,0.089660,3600
2025-06-29T01:00:00+00:00,0.086820,3600
2025-06-29T02:00:00+00:00,0.085500,3600
2025-06-29T03:00:00+00:00,0.085300,3600
2025-06-29T04:00:00+00:00,0.086460,3600
2025-06-29T05:00:00+00:00,0.075130,3600
2025-06-29T06:00:00+00:00,0.047570,3600
2025-06-29T07:00:00+00:00,0.005340,3600
2025-06-29T08:00:00+00:00,0.000000,3600
2025-06-29T09:00:00+00:00,-0.000260,3600
2025-06-29T10:00:00+00:00,-0.008390,3600
2025-06-29T11:00:00+00:00,-0.025000,3600
2025-06-29T12:00:00+00:00,-0.029550,3600
2025-06-29T13:00:00+00:00,-0.009900,3600
2025-06-29T14:00:00+00:00,-0.001500,3600
2025-06-29T15:00:00+00:00,0.007990,3600
2025-06-29T16:00:00+00:00,0.078000,3600
2025-06-29T17:00:00+00:00,0.102140,3600
2025-06-29T18:00:00+00:00,0.111980,3600
2025-06-29T19:00:00+00:00,0.118070,3600
2025-06-29T20:00:00+00:00,0.113730,3600
2025-06-29T21:00:00+00:00,0.101000,3600
2025-06-29T22:00:00+00:00,0.098730,3600
2025-06-29T23:00:00+00:00,0.089030,3600
2025-06-30T00:00:00+00:00,0.085030,3600
2025-06-30T01:00:00+00:00,0.084130,3600
2025-06-30T02:00:00+00:00,0.086110,3600
2025-06-30T03:00:00+00:00,0.096000,3600
2025-06-30T04:00:00+00:00,0.114900,3600
2025-06-30T05:00:00+00:00,0.111700,3600
2025-06-30T06:00:00+00:00,0.108170,3600
2025-06-30T07:00:00+00:00,0.091940,3600
2025-06-30T08:00:00+00:00,0.077410,3600
2025-06-30T09:00:00+00:00,0.049860,3600
2025-06-30T10:00:00+00:00,0.004770,3600
2025-06-30T11:00:00+00:00,-0.002000,3600
2025-06-30T12:00:00+00:00,0.000100,3600
2025-06-30T13:00:00+00:00,0.061200,3600
2025-06-30T14:00:00+00:00,0.080500,3600
2025-06-30T15:00:00+00:00,0.091770,3600
2025-06-30T16:00:00+00:00,0.110010,3600
2025-06-30T17:00:00+00:00,0.178940,3600
2025-06-30T18:00:00+00:00,0.289450,3600
2025-06-30T19:00:00+00:00,0.236000,3600
2025-06-30T20:00:00+00:00,0.157000,3600
2025-06-30T21:00:00+00:00,0.122650,3600
2025-06-30T22:00:00+00:00,0.111280,3600
2025-06-30T23:00:00+00:00,0.095390,3600
2025-07-01T00:00:00+00:00,0.089100,3600
2025-07-01T01:00:00+00:00,0.088060,3600
2025-07-01T02:00:00+00:00,0.090010,3600
2025-07-01T03:00:00+00:00,0.096620,3600
2025-07-01T04:00:00+00:00,0.114970,3600
2025-07-01T05:00:00+00:00,0.120100,3600
2025-07-01T06:00:00+00:00,0.114280,3600
2025-07-01T07:00:00+00:00,0.091700,3600
2025-07-01T08:00:00+00:00,0.090110,3600
2025-07-01T09:00:00+00:00,0.073790,3600
2025-07-01T10:00:00+00:00,0.040300,3600
2025-07-01T11:00:00+00:00,0.042470,3600
2025-07-01T12:00:00+00:00,0.047540,3600
2025-07-01T13:00:00+00:00,0.078150,3600
2025-07-01T14:00:00+00:00,0.090800,3600
2025-07-01T15:00:00+00:00,0.102250,3600
2025-07-01T16:00:00+00:00,0.152440,3600
2025-07-01T17:00:00+00:00,0.320000,3600
2025-07-01T18:00:00+00:00,0.517570,3600
2025-07-01T19:00:00+00:00,0.470160,3600
2025-07-01T20:00:00+00:00,0.278180,3600
2025-07-01T21:00:00+00:00,0.161350,3600
2025-07-01T22:00:00+00:00,0.119290,3600
2025-07-01T23:00:00+00:00,0.102700,3600
2025-07-02T00:00:00+00:00,0.092540,3600
2025-07-02T01:00:00+00:00,0.092080,3600
2025-07-02T02:00:00+00:00,0.095770,3600
2025-07-02T03:00:00+00:00,0.104860,3600
2025-07-02T04:00:00+00:00,0.123690,3600
2025-07-02T05:00:00+00:00,0.112000,3600
2025-07-02T06:00:00+00:00,0.104520,3600
2025-07-02T07:00:00+00:00,0.092490,3600
2025-07-02T08:00:00+00:00,0.081060,3600
2025-07-02T09:00:00+00:00,0.072780,3600
2025-07-02T10:00:00+00:00,0.025000,3600
2025-07-02T11:00:00+00:00,0.032590,3600
2025-07-02T12:00:00+00:00,0.046580,3600
2025-07-02T13:00:00+00:00,0.071510,3600
2025-07-02T14:00:00+00:00,0.079610,3600
2025-07-02T15:00:00+00:00,0.091140,3600
2025-07-02T16:00:00+00:00,0.131900,3600
2025-07-02T17:00:00+00:00,0.231190,3600
2025-07-02T18:00:00+00:00,0.316120,3600
2025-07-02T19:00:00+00:00,0.213590,3600
2025-07-02T20:00:00+00:00,0.140800,3600
2025-07-02T21:00:00+00:00,0.108590,3600
2025-07-02T22:00:00+00:00,0.083920,3600
2025-07-02T23:00:00+00:00,0.080910,3600
2025-07-03T00:00:00+00:00,0.079000,3600
2025-07-03T01:00:00+00:00,0.078930,3600
2025-07-03T02:00:00+00:00,0.080880,3600
2025-07-03T03:00:00+00:00,0.086450,3600
2025-07-03T04:00:00+00:00,0.106960,3600
2025-07-03T05:00:00+00:00,0.112000,3600
2025-07-03T06:00:00+00:00,0.104900,3600
2025-07-03T07:00:00+00:00,0.090450,3600
2025-07-03T08:00:00+00:00,0.075060,3600
2025-07-03T09:00:00+00:00,0.057350,3600
2025-07-03T10:00:00+00:00,0.042160,3600
2025-07-03T11:00:00+00:00,0.034120,3600
2025-07-03T12:00:00+00:00,0.007210,3600
2025-07-03T13:00:00+00:00,0.016380,3600
2025-07-03T14:00:00+00:00,0.055680,3600
2025-07-03T15:00:00+00:00,0.080990,3600
2025-07-03T16:00:00+00:00,0.095740,3600
2025-07-03T17:00:00+00:00,0.108710,3600
2025-07-03T18:00:00+00:00,0.154160,3600
2025-07-03T19:00:00+00:00,0.179220,3600
2025-07-03T20:00:00+00:00,0.146430,3600
2025-07-03T21:00:00+00:00,0.130000,3600
2025-07-03T22:00:00+00:00,0.110000,3600
2025-07-03T23:00:00+00:00,0.103460,3600
2025-07-04T00:00:00+00:00,0.099980,3600
2025-07-04T01:00:00+00:00,0.096380,3600
2025-07-04T02:00:00+00:00,0.099920,3600
2025-07-04T03:00:00+00:00,0.104070,3600
2025-07-04T04:00:00+00:00,0.107220,3600
2025-07-04T05:00:00+00:00,0.111290,3600
2025-07-04T06:00:00+00:00,0.100000,3600
2025-07-04T07:00:00+00:00,0.091150,3600
2025-07-04T08:00:00+00:00,0.070010,3600
2025-07-04T09:00:00+00:00,0.002000,3600
2025-07-04T10:00:00+00:00,-0.000050,3600
2025-07-04T11:00:00+00:00,-0.001560,3600
2025-07-04T12:00:00+00:00,-0.001370,3600
2025-07-04T13:00:00+00:00,-0.000610,3600
2025-07-04T14:00:00+00:00,0.002330,3600
2025-07-04T15:00:00+00:00,0.061430,3600
2025-07-04T16:00:00+00:00,0.089070,3600
2025-07-04T17:00:00+00:00,0.097510,3600
2025-07-04T18:00:00+00:00,0.127670,3600
2025-07-04T19:00:00+00:00,0.145020,3600
2025-07-04T20:00:00+00:00,0.122960,3600
2025-07-04T21:00:00+00:00,0.103000,3600
2025-07-04T22:00:00+00:00,0.095380,3600
2025-07-04T23:00:00+00:00,0.088360,3600
2025-07-05T00:00:00+00:00,0.090280,3600
2025-07-05T01:00:00+00:00,0.087910,3600
2025-07-05T02:00:00+00:00,0.089260,3600
2025-07-05T03:00:00+00:00,0.078800,3600
2025-07-05T04:00:00+00:00,0.079400,3600
2025-07-05T05:00:00+00:00,0.043310,3600
2025-07-05T06:00:00+00:00,0.017860,3600
2025-07-05T07:00:00+00:00,0.003340,3600
2025-07-05T08:00:00+00:00,0.000000,3600
2025-07-05T09:00:00+00:00,-0.000040,3600
2025-07-05T10:00:00+00:00,-0.000490,3600
2025-07-05T11:00:00+00:00,-0.002000,3600
2025-07-05T12:00:00+00:00,-0.001490,3600
2025-07-05T13:00:00+00:00,-0.000900,3600
2025-07-05T14:00:00+00:00,-0.002000,3600
2025-07-05T15:00:00+00:00,0.000000,3600
2025-07-05T16:00:00+00:00,0.041430,3600
2025-07-05T17:00:00+00:00,0.084930,3600
2025-07-05T18:00:00+00:00,0.109810,3600
2025-07-05T19:00:00+00:00,0.116000,3600
2025-07-05T20:00:00+00:00,0.116000,3600
2025-07-05T21:00:00+00:00,0.107230,3600
2025-07-05T22:00:00+00:00,0.094270,3600
2025-07-05T23:00:00+00:00,0.087710,3600
2025-07-06T00:00:00+00:00,0.082980,3600
2025-07-06T01:00:00+00:00,0.080200,3600
2025-07-06T02:00:00+00:00,0.080880,3600
2025-07-06T03:00:00+00:00,0.085930,3600
2025-07-06T04:00:00+00:00,0.084730,3600
2025-07-06T05:00:00+00:00,0.083960,3600
2025-07-06T06:00:00+00:00,0.075630,3600
2025-07-06T07:00:00+00:00,0.054810,3600
2025-07-06T08:00:00+00:00,0.027650,3600
2025-07-06T09:00:00+00:00,0.020000,3600
2025-07-06T10:00:00+00:00,0.020100,3600
2025-07-06T11:00:00+00:00,0.032020,3600
2025-07-06T12:00:00+00:00,0.017000,3600
2025-07-06T13:00:00+00:00,0.058020,3600
2025-07-06T14:00:00+00:00,0.080000,3600
2025-07-06T15:00:00+00:00,0.107020,3600
2025-07-06T16:00:00+00:00,0.112310,3600
2025-07-06T17:00:00+00:00,0.124300,3600
2025-07-06T18:00:00+00:00,0.135410,3600
2025-07-06T19:00:00+00:00,0.139410,3600
2025-07-06T20:00:00+00:00,0.128100,3600
2025-07-06T21:00:00+00:00,0.115330,3600
2025-07-06T22:00:00+00:00,0.125880,3600
2025-07-06T23:00:00+00:00,0.114370,3600
2025-07-07T00:00:00+00:00,0.108060,3600
2025-07-07T01:00:00+00:00,0.101000,3600
2025-07-07T02:00:00+00:00,0.101000,3600
2025-07-07T03:00:00+00:00,0.100900,3600
2025-07-07T04:00:00+00:00,0.119750,3600
2025-07-07T05:00:00+00:00,0.123580,3600
2025-07-07T06:00:00+00:00,0.142810,3600
2025-07-07T07:00:00+00:00,0.123290,3600
2025-07-07T08:00:00+00:00,0.098340,3600
2025-07-07T09:00:00+00:00,0.092370,3600
2025-07-07T10:00:00+00:00,0.078720,3600
2025-07-07T11:00:00+00:00,0.060780,3600
2025-07-07T12:00:00+00:00,0.029090,3600
2025-07-07T13:00:00+00:00,0.006160,3600
2025-07-07T14:00:00+00:00,0.011000,3600
2025-07-07T15:00:00+00:00,0.060310,3600
2025-07-07T16:00:00+00:00,0.077980,3600
2025-07-07T17:00:00+00:00,0.089350,3600
2025-07-07T18:00:00+00:00,0.100200,3600
2025-07-07T19:00:00+00:00,0.116670,3600
2025-07-07T20:00:00+00:00,0.118740,3600
2025-07-07T21:00:00+00:00,0.100000,3600
2025-07-07T22:00:00+00:00,0.107820,3600
2025-07-07T23:00:00+00:00,0.096770,3600
2025-07-08T00:00:00+00:00,0.081490,3600
2025-07-08T01:00:00+00:00,0.085000,3600
2025-07-08T02:00:00+00:00,0.085880,3600
2025-07-08T03:00:00+00:00,0.091140,3600
2025-07-08T04:00:00+00:00,0.107990,3600
2025-07-08T05:00:00+00:00,0.118650,3600
2025-07-08T06:00:00+00:00,0.117760,3600
2025-07-08T07:00:00+00:00,0.098830,3600
2025-07-08T08:00:00+00:00,0.077010,3600
2025-07-08T09:00:00+00:00,0.068950,3600
2025-07-08T10:00:00+00:00,0.055160,3600
2025-07-08T11:00:00+00:00,0.048350,3600
2025-07-08T12:00:00+00:00,0.046050,3600
2025-07-08T13:00:00+00:00,0.047580,3600
2025-07-08T14:00:00+00:00,0.060320,3600
2025-07-08T15:00:00+00:00,0.084350,3600
2025-07-08T16:00:00+00:00,0.087410,3600
2025-07-08T17:00:00+00:00,0.107000,3600
2025-07-08T18:00:00+00:00,0.126490,3600
2025-07-08T19:00:00+00:00,0.127500,3600
2025-07-08T20:00:00+00:00,0.118120,3600
2025-07-08T21:00:00+00:00,0.102190,3600
2025-07-08T22:00:00+00:00,0.099510,3600
2025-07-08T23:00:00+00:00,0.091290,3600
2025-07-09T00:00:00+00:00,0.088570,3600
2025-07-09T01:00:00+00:00,0.090420,3600
2025-07-09T02:00:00+00:00,0.091560,3600
2025-07-09T03:00:00+00:00,0.100000,3600
2025-07-09T04:00:00+00:00,0.113660,3600
2025-07-09T05:00:00+00:00,0.116460,3600
2025-07-09T06:00:00+00:00,0.119370,3600
2025-07-09T07:00:00+00:00,0.099010,3600
2025-07-09T08:00:00+00:00,0.090970,3600
2025-07-09T09:00:00+00:00,0.083910,3600
2025-07-09T10:00:00+00:00,0.069900,3600
2025-07-09T11:00:00+00:00,0.042460,3600
2025-07-09T12:00:00+00:00,0.036000,3600
2025-07-09T13:00:00+00:00,0.041540,3600
2025-07-09T14:00:00+00:00,0.076830,3600
2025-07-09T15:00:00+00:00,0.091490,3600
2025-07-09T16:00:00+00:00,0.103700,3600
2025-07-09T17:00:00+00:00,0.117720,3600
2025-07-09T18:00:00+00:00,0.140600,3600
2025-07-09T19:00:00+00:00,0.146610,3600
2025-07-09T20:00:00+00:00,0.122000,3600
2025-07-09T21:00:00+00:00,0.106060,3600
2025-07-09T22:00:00+00:00,0.100910,3600
2025-07-09T23:00:00+00:00,0.095730,3600
2025-07-10T00:00:00+00:00,0.089100,3600
2025-07-10T01:00:00+00:00,0.086450,3600
2025-07-10T02:00:00+00:00,0.087970,3600
2025-07-10T03:00:00+00:00,0.098240,3600
2025-07-10T04:00:00+00:00,0.108110,3600
2025-07-10T05:00:00+00:00,0.107540,3600
2025-07-10T06:00:00+00:00,0.107230,3600
2025-07-10T07:00:00+00:00,0.093700,3600
2025-07-10T08:00:00+00:00,0.087770,3600
2025-07-10T09:00:00+00:00,0.069540,3600
2025-07-10T10:00:00+00:00,0.045390,3600
2025-07-10T11:00:00+00:00,0.040070,3600
2025-07-10T12:00:00+00:00,0.039900,3600
2025-07-10T13:00:00+00:00,0.056880,3600
2025-07-10T14:00:00+00:00,0.076800,3600
2025-07-10T15:00:00+00:00,0.089960,3600
2025-07-10T16:00:00+00:00,0.100200,3600
2025-07-10T17:00:00+00:00,0.115880,3600
2025-07-10T18:00:00+00:00,0.137200,3600
2025-07-10T19:00:00+00:00,0.135960,3600
2025-07-10T20:00:00+00:00,0.121830,3600
2025-07-10T21:00:00+00:00,0.108870,3600
2025-07-10T22:00:00+00:00,0.108810,3600
2025-07-10T23:00:00+00:00,0.103380,3600
2025-07-11T00:00:00+00:00,0.099280,3600
2025-07-11T01:00:00+00:00,0.093640,3600
2025-07-11T02:00:00+00:00,0.094160,3600
2025-07-11T03:00:00+00:00,0.100590,3600
2025-07-11T04:00:00+00:00,0.109990,3600
2025-07-11T05:00:00+00:00,0.109900,3600
2025-07-11T06:00:00+00:00,0.112430,3600
2025-07-11T07:00:00+00:00,0.098000,3600
2025-07-11T08:00:00+00:00,0.090140,3600
2025-07-11T09:00:00+00:00,0.080200,3600
2025-07-11T10:00:00+00:00,0.075430,3600
2025-07-11T11:00:00+00:00,0.048020,3600
2025-07-11T12:00:00+00:00,0.032040,3600
2025-07-11T13:00:00+00:00,0.038100,3600
2025-07-11T14:00:00+00:00,0.063970,3600
2025-07-11T15:00:00+00:00,0.089560,3600
2025-07-11T16:00:00+00:00,0.090760,3600
2025-07-11T17:00:00+00:00,0.106800,3600
2025-07-11T18:00:00+00:00,0.125550,3600
2025-07-11T19:00:00+00:00,0.127690,3600
2025-07-11T20:00:00+00:00,0.116280,3600
2025-07-11T21:00:00+00:00,0.106290,3600
2025-07-11T22:00:00+00:00,0.114790,3600
2025-07-11T23:00:00+00:00,0.107650,3600
2025-07-12T00:00:00+00:00,0.107890,3600
2025-07-12T01:00:00+00:00,0.101120,3600
2025-07-12T02:00:00+00:00,0.097430,3600
2025-07-12T03:00:00+00:00,0.093750,3600
2025-07-12T04:00:00+00:00,0.088460,3600
2025-07-12T05:00:00+00:00,0.091430,3600
2025-07-12T06:00:00+00:00,0.093690,3600
2025-07-12T07:00:00+00:00,0.059850,3600
2025-07-12T08:00:00+00:00,0.018190,3600
2025-07-12T09:00:00+00:00,0.003000,3600
2025-07-12T10:00:00+00:00,0.000220,3600
2025-07-12T11:00:00+00:00,0.000000,3600
2025-07-12T12:00:00+00:00,0.000000,3600
2025-07-12T13:00:00+00:00,0.000220,3600
2025-07-12T14:00:00+00:00,0.016770,3600
2025-07-12T15:00:00+00:00,0.071270,3600
2025-07-12T16:00:00+00:00,0.102000,3600
2025-07-12T17:00:00+00:00,0.106850,3600
2025-07-12T18:00:00+00:00,0.120000,3600
2025-07-12T19:00:00+00:00,0.128520,3600
2025-07-12T20:00:00+00:00,0.126140,3600
2025-07-12T21:00:00+00:00,0.117560,3600
2025-07-12T22:00:00+00:00,0.118350,3600
2025-07-12T23:00:00+00:00,0.112920,3600
2025-07-13T00:00:00+00:00,0.114530,3600
2025-07-13T01:00:00+00:00,0.111490,3600
2025-07-13T02:00:00+00:00,0.110370,3600
2025-07-13T03:00:00+00:00,0.106410,3600
2025-07-13T04:00:00+00:00,0.099900,3600
2025-07-13T05:00:00+00:00,0.097470,3600
2025-07-13T06:00:00+00:00,0.092270,3600
2025-07-13T07:00:00+00:00,0.060000,3600
2025-07-13T08:00:00+00:00,0.004280,3600
2025-07-13T09:00:00+00:00,0.000050,3600
2025-07-13T10:00:00+00:00,0.000000,3600
2025-07-13T11:00:00+00:00,0.000000,3600
2025-07-13T12:00:00+00:00,0.000000,3600
2025-07-13T13:00:00+00:00,0.000000,3600
2025-07-13T14:00:00+00:00,0.002590,3600
2025-07-13T15:00:00+00:00,0.085060,3600
2025-07-13T16:00:00+00:00,0.101650,3600
2025-07-13T17:00:00+00:00,0.115620,3600
2025-07-13T18:00:00+00:00,0.120210,3600
2025-07-13T19:00:00+00:00,0.128020,3600
2025-07-13T20:00:00+00:00,0.126940,3600
2025-07-13T21:00:00+00:00,0.115410,3600
2025-07-13T22:00:00+00:00,0.117100,3600
2025-07-13T23:00:00+00:00,0.104010,3600
2025-07-14T00:00:00+00:00,0.098170,3600
2025-07-14T01:00:00+00:00,0.094940,3600
2025-07-14T02:00:00+00:00,0.099110,3600
2025-07-14T03:00:00+00:00,0.107180,3600
2025-07-14T04:00:00+00:00,0.119150,3600
2025-07-14T05:00:00+00:00,0.124000,3600
2025-07-14T06:00:00+00:00,0.112210,3600
2025-07-14T07:00:00+00:00,0.099690,3600
2025-07-14T08:00:00+00:00,0.094580,3600
2025-07-14T09:00:00+00:00,0.084020,3600
2025-07-14T10:00:00+00:00,0.068000,3600
2025-07-14T11:00:00+00:00,0.061210,3600
2025-07-14T12:00:00+00:00,0.054220,3600
2025-07-14T13:00:00+00:00,0.051100,3600
2025-07-14T14:00:00+00:00,0.066000,3600
2025-07-14T15:00:00+00:00,0.080890,3600
2025-07-14T16:00:00+00:00,0.096100,3600
2025-07-14T17:00:00+00:00,0.098000,3600
2025-07-14T18:00:00+00:00,0.116130,3600
2025-07-14T19:00:00+00:00,0.138760,3600
2025-07-14T20:00:00+00:00,0.125120,3600
2025-07-14T21:00:00+00:00,0.111170,3600
2025-07-14T22:00:00+00:00,0.099900,3600
2025-07-14T23:00:00+00:00,0.096790,3600
2025-07-15T00:00:00+00:00,0.090240,3600
2025-07-15T01:00:00+00:00,0.086450,3600
2025-07-15T02:00:00+00:00,0.085100,3600
2025-07-15T03:00:00+00:00,0.091070,3600
2025-07-15T04:00:00+00:00,0.103520,3600
2025-07-15T05:00:00+00:00,0.110000,3600
2025-07-15T06:00:00+00:00,0.105550,3600
2025-07-15T07:00:00+00:00,0.088670,3600
2025-07-15T08:00:00+00:00,0.071530,3600
2025-07-15T09:00:00+00:00,0.061470,3600
2025-07-15T10:00:00+00:00,0.017000,3600
2025-07-15T11:00:00+00:00,0.007220,3600
2025-07-15T12:00:00+00:00,0.013150,3600
2025-07-15T13:00:00+00:00,0.031220,3600
2025-07-15T14:00:00+00:00,0.058140,3600
2025-07-15T15:00:00+00:00,0.080280,3600
2025-07-15T16:00:00+00:00,0.096910,3600
2025-07-15T17:00:00+00:00,0.106450,3600
2025-07-15T18:00:00+00:00,0.119660,3600
2025-07-15T19:00:00+00:00,0.119900,3600
2025-07-15T20:00:00+00:00,0.115710,3600
2025-07-15T21:00:00+00:00,0.098700,3600
2025-07-15T22:00:00+00:00,0.095830,3600
2025-07-15T23:00:00+00:00,0.091040,3600
2025-07-16T00:00:00+00:00,0.084000,3600
2025-07-16T01:00:00+00:00,0.080430,3600
2025-07-16T02:00:00+00:00,0.080960,3600
2025-07-16T03:00:00+00:00,0.086650,3600
2025-07-16T04:00:00+00:00,0.101120,3600
2025-07-16T05:00:00+00:00,0.109080,3600
2025-07-16T06:00:00+00:00,0.109090,3600
2025-07-16T07:00:00+00:00,0.099900,3600
2025-07-16T08:00:00+00:00,0.082650,3600
2025-07-16T09:00:00+00:00,0.075640,3600
2025-07-16T10:00:00+00:00,0.078010,3600
2025-07-16T11:00:00+00:00,0.072430,3600
2025-07-16T12:00:00+00:00,0.062850,3600
2025-07-16T13:00:00+00:00,0.063250,3600
2025-07-16T14:00:00+00:00,0.073510,3600
2025-07-16T15:00:00+00:00,0.084430,3600
2025-07-16T16:00:00+00:00,0.098650,3600
2025-07-16T17:00:00+00:00,0.109680,3600
2025-07-16T18:00:00+00:00,0.120800,3600
2025-07-16T19:00:00+00:00,0.132700,3600
2025-07-16T20:00:00+00:00,0.121280,3600
2025-07-16T21:00:00+00:00,0.110750,3600
2025-07-16T22:00:00+00:00,0.103910,3600
2025-07-16T23:00:00+00:00,0.098420,3600
2025-07-17T00:00:00+00:00,0.090040,3600
2025-07-17T01:00:00+00:00,0.085200,3600
2025-07-17T02:00:00+00:00,0.086490,3600
2025-07-17T03:00:00+00:00,0.089240,3600
2025-07-17T04:00:00+00:00,0.104360,3600
2025-07-17T05:00:00+00:00,0.109940,3600
2025-07-17T06:00:00+00:00,0.105920,3600
2025-07-17T07:00:00+00:00,0.093100,3600
2025-07-17T08:00:00+00:00,0.085000,3600
2025-07-17T09:00:00+00:00,0.077070,3600
2025-07-17T10:00:00+00:00,0.070170,3600
2025-07-17T11:00:00+00:00,0.055480,3600
2025-07-17T12:00:00+00:00,0.050230,3600
2025-07-17T13:00:00+00:00,0.066290,3600
2025-07-17T14:00:00+00:00,0.075290,3600
2025-07-17T15:00:00+00:00,0.082930,3600
2025-07-17T16:00:00+00:00,0.096590,3600
2025-07-17T17:00:00+00:00,0.111170,3600
2025-07-17T18:00:00+00:00,0.122010,3600
2025-07-17T19:00:00+00:00,0.133120,3600
2025-07-17T20:00:00+00:00,0.125070,3600
2025-07-17T21:00:00+00:00,0.114180,3600
2025-07-17T22:00:00+00:00,0.107740,3600
2025-07-17T23:00:00+00:00,0.098620,3600
2025-07-18T00:00:00+00:00,0.095720,3600
2025-07-18T01:00:00+00:00,0.095300,3600
2025-07-18T02:00:00+00:00,0.097060,3600
2025-07-18T03:00:00+00:00,0.106470,3600
2025-07-18T04:00:00+00:00,0.112660,3600
2025-07-18T05:00:00+00:00,0.113600,3600
2025-07-18T06:00:00+00:00,0.109390,3600
2025-07-18T07:00:00+00:00,0.099210,3600
2025-07-18T08:00:00+00:00,0.085630,3600
2025-07-18T09:00:00+00:00,0.082080,3600
2025-07-18T10:00:00+00:00,0.080000,3600
2025-07-18T11:00:00+00:00,0.073020,3600
2025-07-18T12:00:00+00:00,0.071200,3600
2025-07-18T13:00:00+00:00,0.072680,3600
2025-07-18T14:00:00+00:00,0.080550,3600
2025-07-18T15:00:00+00:00,0.084680,3600
2025-07-18T16:00:00+00:00,0.099780,3600
2025-07-18T17:00:00+00:00,0.120280,3600
2025-07-18T18:00:00+00:00,0.146550,3600
2025-07-18T19:00:00+00:00,0.147000,3600
2025-07-18T20:00:00+00:00,0.126880,3600
2025-07-18T21:00:00+00:00,0.113930,3600
2025-07-18T22:00:00+00:00,0.107600,3600
2025-07-18T23:00:00+00:00,0.105350,3600
2025-07-19T00:00:00+00:00,0.102660,3600
2025-07-19T01:00:00+00:00,0.101630,3600
2025-07-19T02:00:00+00:00,0.098380,3600
2025-07-19T03:00:00+00:00,0.093690,3600
2025-07-19T04:00:00+00:00,0.096290,3600
2025-07-19T05:00:00+00:00,0.087910,3600
2025-07-19T06:00:00+00:00,0.082520,3600
2025-07-19T07:00:00+00:00,0.056000,3600
2025-07-19T08:00:00+00:00,0.010000,3600
2025-07-19T09:00:00+00:00,0.000650,3600
2025-07-19T10:00:00+00:00,0.000000,3600
2025-07-19T11:00:00+00:00,-0.000010,3600
2025-07-19T12:00:00+00:00,0.000000,3600
2025-07-19T13:00:00+00:00,0.002190,3600
2025-07-19T14:00:00+00:00,0.031840,3600
2025-07-19T15:00:00+00:00,0.086980,3600
2025-07-19T16:00:00+00:00,0.098400,3600
2025-07-19T17:00:00+00:00,0.115820,3600
2025-07-19T18:00:00+00:00,0.121260,3600
2025-07-19T19:00:00+00:00,0.112150,3600
2025-07-19T20:00:00+00:00,0.106270,3600
2025-07-19T21:00:00+00:00,0.099380,3600
2025-07-19T22:00:00+00:00,0.083760,3600
2025-07-19T23:00:00+00:00,0.088940,3600
2025-07-20T00:00:00+00:00,0.098530,3600
2025-07-20T01:00:00+00:00,0.094180,3600
2025-07-20T02:00:00+00:00,0.101700,3600
2025-07-20T03:00:00+00:00,0.098440,3600
2025-07-20T04:00:00+00:00,0.097200,3600
2025-07-20T05:00:00+00:00,0.088440,3600
2025-07-20T06:00:00+00:00,0.088200,3600
2025-07-20T07:00:00+00:00,0.062860,3600
2025-07-20T08:00:00+00:00,0.014470,3600
2025-07-20T09:00:00+00:00,0.003300,3600
2025-07-20T10:00:00+00:00,0.000000,3600
2025-07-20T11:00:00+00:00,-0.000010,3600
2025-07-20T12:00:00+00:00,0.000000,3600
2025-07-20T13:00:00+00:00,0.014630,3600
2025-07-20T14:00:00+00:00,0.069330,3600
2025-07-20T15:00:00+00:00,0.085960,3600
2025-07-20T16:00:00+00:00,0.107030,3600
2025-07-20T17:00:00+00:00,0.112000,3600
2025-07-20T18:00:00+00:00,0.116000,3600
2025-07-20T19:00:00+00:00,0.124900,3600
2025-07-20T20:00:00+00:00,0.120880,3600
2025-07-20T21:00:00+00:00,0.109050,3600
2025-07-20T22:00:00+00:00,0.092000,3600
2025-07-20T23:00:00+00:00,0.085710,3600
2025-07-21T00:00:00+00:00,0.087710,3600
2025-07-21T01:00:00+00:00,0.087200,3600
2025-07-21T02:00:00+00:00,0.084120,3600
2025-07-21T03:00:00+00:00,0.092860,3600
2025-07-21T04:00:00+00:00,0.103880,3600
2025-07-21T05:00:00+00:00,0.100100,3600
2025-07-21T06:00:00+00:00,0.095290,3600
2025-07-21T07:00:00+00:00,0.090850,3600
2025-07-21T08:00:00+00:00,0.069950,3600
2025-07-21T09:00:00+00:00,0.067060,3600
2025-07-21T10:00:00+00:00,0.074010,3600
2025-07-21T11:00:00+00:00,0.074960,3600
2025-07-21T12:00:00+00:00,0.078620,3600
2025-07-21T13:00:00+00:00,0.077700,3600
2025-07-21T14:00:00+00:00,0.083100,3600
2025-07-21T15:00:00+00:00,0.096870,3600
2025-07-21T16:00:00+00:00,0.103440,3600
2025-07-21T17:00:00+00:00,0.129290,3600
2025-07-21T18:00:00+00:00,0.135430,3600
2025-07-21T19:00:00+00:00,0.129630,3600
2025-07-21T20:00:00+00:00,0.111070,3600
2025-07-21T21:00:00+00:00,0.100040,3600
2025-07-21T22:00:00+00:00,0.094740,3600
2025-07-21T23:00:00+00:00,0.087200,3600
2025-07-22T00:00:00+00:00,0.085480,3600
2025-07-22T01:00:00+00:00,0.082000,3600
2025-07-22T02:00:00+00:00,0.081000,3600
2025-07-22T03:00:00+00:00,0.086710,3600
2025-07-22T04:00:00+00:00,0.105690,3600
2025-07-22T05:00:00+00:00,0.106400,3600
2025-07-22T06:00:00+00:00,0.106300,3600
2025-07-22T07:00:00+00:00,0.088900,3600
2025-07-22T08:00:00+00:00,0.078320,3600
2025-07-22T09:00:00+00:00,0.063370,3600
2025-07-22T10:00:00+00:00,0.038260,3600
2025-07-22T11:00:00+00:00,0.010710,3600
2025-07-22T12:00:00+00:00,0.000450,3600
2025-07-22T13:00:00+00:00,0.004540,3600
2025-07-22T14:00:00+00:00,0.036990,3600
2025-07-22T15:00:00+00:00,0.075790,3600
2025-07-22T16:00:00+00:00,0.087550,3600
2025-07-22T17:00:00+00:00,0.107810,3600
2025-07-22T18:00:00+00:00,0.113330,3600
2025-07-22T19:00:00+00:00,0.113620,3600
2025-07-22T20:00:00+00:00,0.108630,3600
2025-07-22T21:00:00+00:00,0.103110,3600
2025-07-22T22:00:00+00:00,0.087960,3600
2025-07-22T23:00:00+00:00,0.080160,3600
2025-07-23T00:00:00+00:00,0.078660,3600
2025-07-23T01:00:00+00:00,0.076700,3600
2025-07-23T02:00:00+00:00,0.078000,3600
2025-07-23T03:00:00+00:00,0.079800,3600
2025-07-23T04:00:00+00:00,0.091820,3600
2025-07-23T05:00:00+00:00,0.099890,3600
2025-07-23T06:00:00+00:00,0.096500,3600
2025-07-23T07:00:00+00:00,0.086530,3600
2025-07-23T08:00:00+00:00,0.085070,3600
2025-07-23T09:00:00+00:00,0.081700,3600
2025-07-23T10:00:00+00:00,0.071470,3600
2025-07-23T11:00:00+00:00,0.052810,3600
2025-07-23T12:00:00+00:00,0.054000,3600
2025-07-23T13:00:00+00:00,0.053730,3600
2025-07-23T14:00:00+00:00,0.068820,3600
2025-07-23T15:00:00+00:00,0.079500,3600
2025-07-23T16:00:00+00:00,0.088560,3600
2025-07-23T17:00:00+00:00,0.106760,3600
2025-07-23T18:00:00+00:00,0.114700,3600
2025-07-23T19:00:00+00:00,0.120000,3600
2025-07-23T20:00:00+00:00,0.110720,3600
2025-07-23T21:00:00+00:00,0.103060,3600
2025-07-23T22:00:00+00:00,0.097500,3600
2025-07-23T23:00:00+00:00,0.092970,3600
2025-07-24T00:00:00+00:00,0.088060,3600
2025-07-24T01:00:00+00:00,0.087010,3600
2025-07-24T02:00:00+00:00,0.089830,3600
2025-07-24T03:00:00+00:00,0.099900,3600
2025-07-24T04:00:00+00:00,0.109220,3600
2025-07-24T05:00:00+00:00,0.091480,3600
2025-07-24T06:00:00+00:00,0.094900,3600
2025-07-24T07:00:00+00:00,0.095470,3600
2025-07-24T08:00:00+00:00,0.086580,3600
2025-07-24T09:00:00+00:00,0.081720,3600
2025-07-24T10:00:00+00:00,0.080600,3600
2025-07-24T11:00:00+00:00,0.074000,3600
2025-07-24T12:00:00+00:00,0.074420,3600
2025-07-24T13:00:00+00:00,0.077930,3600
2025-07-24T14:00:00+00:00,0.083810,3600
2025-07-24T15:00:00+00:00,0.093660,3600
2025-07-24T16:00:00+00:00,0.104000,3600
2025-07-24T17:00:00+00:00,0.110070,3600
2025-07-24T18:00:00+00:00,0.147560,3600
2025-07-24T19:00:00+00:00,0.135610,3600
2025-07-24T20:00:00+00:00,0.117400,3600
2025-07-24T21:00:00+00:00,0.108600,3600
2025-07-24T22:00:00+00:00,0.109210,3600
2025-07-24T23:00:00+00:00,0.102900,3600
2025-07-25T00:00:00+00:00,0.094900,3600
2025-07-25T01:00:00+00:00,0.088930,3600
2025-07-25T02:00:00+00:00,0.091710,3600
2025-07-25T03:00:00+00:00,0.094220,3600
2025-07-25T04:00:00+00:00,0.106100,3600
2025-07-25T05:00:00+00:00,0.108000,3600
2025-07-25T06:00:00+00:00,0.110110,3600
2025-07-25T07:00:00+00:00,0.096790,3600
2025-07-25T08:00:00+00:00,0.090100,3600
2025-07-25T09:00:00+00:00,0.083650,3600
2025-07-25T10:00:00+00:00,0.081350,3600
2025-07-25T11:00:00+00:00,0.072680,3600
2025-07-25T12:00:00+00:00,0.068320,3600
2025-07-25T13:00:00+00:00,0.074540,3600
2025-07-25T14:00:00+00:00,0.076920,3600
2025-07-25T15:00:00+00:00,0.081520,3600
2025-07-25T16:00:00+00:00,0.088850,3600
2025-07-25T17:00:00+00:00,0.104110,3600
2025-07-25T18:00:00+00:00,0.117440,3600
2025-07-25T19:00:00+00:00,0.120700,3600
2025-07-25T20:00:00+00:00,0.114000,3600
2025-07-25T21:00:00+00:00,0.109540,3600
2025-07-25T22:00:00+00:00,0.109170,3600
2025-07-25T23:00:00+00:00,0.099270,3600
2025-07-26T00:00:00+00:00,0.093730,3600
2025-07-26T01:00:00+00:00,0.091600,3600
2025-07-26T02:00:00+00:00,0.090080,3600
2025-07-26T03:00:00+00:00,0.089360,3600
2025-07-26T04:00:00+00:00,0.092390,3600
2025-07-26T05:00:00+00:00,0.090910,3600
2025-07-26T06:00:00+00:00,0.084680,3600
2025-07-26T07:00:00+00:00,0.079160,3600
2025-07-26T08:00:00+00:00,0.071410,3600
2025-07-26T09:00:00+00:00,0.066220,3600
2025-07-26T10:00:00+00:00,0.059220,3600
2025-07-26T11:00:00+00:00,0.044580,3600
2025-07-26T12:00:00+00:00,0.044020,3600
2025-07-26T13:00:00+00:00,0.060140,3600
2025-07-26T14:00:00+00:00,0.066370,3600
2025-07-26T15:00:00+00:00,0.076210,3600
2025-07-26T16:00:00+00:00,0.089440,3600
2025-07-26T17:00:00+00:00,0.110780,3600
2025-07-26T18:00:00+00:00,0.121950,3600
2025-07-26T19:00:00+00:00,0.128230,3600
2025-07-26T20:00:00+00:00,0.119760,3600
2025-07-26T21:00:00+00:00,0.110400,3600
2025-07-26T22:00:00+00:00,0.106280,3600
2025-07-26T23:00:00+00:00,0.102120,3600
2025-07-27T00:00:00+00:00,0.099900,3600
2025-07-27T01:00:00+00:00,0.092070,3600
2025-07-27T02:00:00+00:00,0.091990,3600
2025-07-27T03:00:00+00:00,0.089880,3600
2025-07-27T04:00:00+00:00,0.088790,3600
2025-07-27T05:00:00+00:00,0.086200,3600
2025-07-27T06:00:00+00:00,0.086450,3600
2025-07-27T07:00:00+00:00,0.085640,3600
2025-07-27T08:00:00+00:00,0.071980,3600
2025-07-27T09:00:00+00:00,0.068000,3600
2025-07-27T10:00:00+00:00,0.044940,3600
2025-07-27T11:00:00+00:00,0.015040,3600
2025-07-27T12:00:00+00:00,0.008850,3600
2025-07-27T13:00:00+00:00,0.017300,3600
2025-07-27T14:00:00+00:00,0.048100,3600
2025-07-27T15:00:00+00:00,0.080000,3600
2025-07-27T16:00:00+00:00,0.092680,3600
2025-07-27T17:00:00+00:00,0.104670,3600
2025-07-27T18:00:00+00:00,0.109900,3600
2025-07-27T19:00:00+00:00,0.114710,3600
2025-07-27T20:00:00+00:00,0.107330,3600
2025-07-27T21:00:00+00:00,0.104270,3600
2025-07-27T22:00:00+00:00,0.100000,3600
2025-07-27T23:00:00+00:00,0.088770,3600
2025-07-28T00:00:00+00:00,0.083730,3600
2025-07-28T01:00:00+00:00,0.077390,3600
2025-07-28T02:00:00+00:00,0.076000,3600
2025-07-28T03:00:00+00:00,0.084340,3600
2025-07-28T04:00:00+00:00,0.098620,3600
2025-07-28T05:00:00+00:00,0.108910,3600
2025-07-28T06:00:00+00:00,0.112000,3600
2025-07-28T07:00:00+00:00,0.092970,3600
2025-07-28T08:00:00+00:00,0.085340,3600
2025-07-28T09:00:00+00:00,0.079410,3600
2025-07-28T10:00:00+00:00,0.071490,3600
2025-07-28T11:00:00+00:00,0.067240,3600
2025-07-28T12:00:00+00:00,0.058000,3600
2025-07-28T13:00:00+00:00,0.062840,3600
2025-07-28T14:00:00+00:00,0.066030,3600
2025-07-28T15:00:00+00:00,0.077310,3600
2025-07-28T16:00:00+00:00,0.089330,3600
2025-07-28T17:00:00+00:00,0.099900,3600
2025-07-28T18:00:00+00:00,0.120000,3600
2025-07-28T19:00:00+00:00,0.119900,3600
2025-07-28T20:00:00+00:00,0.107550,3600
2025-07-28T21:00:00+00:00,0.090000,3600
2025-07-28T22:00:00+00:00,0.085210,3600
2025-07-28T23:00:00+00:00,0.080480,3600
2025-07-29T00:00:00+00:00,0.079360,3600
2025-07-29T01:00:00+00:00,0.078220,3600
2025-07-29T02:00:00+00:00,0.079290,3600
2025-07-29T03:00:00+00:00,0.088360,3600
2025-07-29T04:00:00+00:00,0.100600,3600
2025-07-29T05:00:00+00:00,0.110000,3600
2025-07-29T06:00:00+00:00,0.103200,3600
2025-07-29T07:00:00+00:00,0.076720,3600
2025-07-29T08:00:00+00:00,0.061660,3600
2025-07-29T09:00:00+00:00,0.050590,3600
2025-07-29T10:00:00+00:00,0.025700,3600
2025-07-29T11:00:00+00:00,0.004320,3600
2025-07-29T12:00:00+00:00,0.001490,3600
2025-07-29T13:00:00+00:00,0.006740,3600
2025-07-29T14:00:00+00:00,0.042500,3600
2025-07-29T15:00:00+00:00,0.076000,3600
2025-07-29T16:00:00+00:00,0.091400,3600
2025-07-29T17:00:00+00:00,0.111180,3600
2025-07-29T18:00:00+00:00,0.134860,3600
2025-07-29T19:00:00+00:00,0.129900,3600
2025-07-29T20:00:00+00:00,0.113120,3600
2025-07-29T21:00:00+00:00,0.104590,3600
2025-07-29T22:00:00+00:00,0.092160,3600
2025-07-29T23:00:00+00:00,0.087990,3600
2025-07-30T00:00:00+00:00,0.086000,3600
2025-07-30T01:00:00+00:00,0.077180,3600
2025-07-30T02:00:00+00:00,0.078250,3600
2025-07-30T03:00:00+00:00,0.087650,3600
2025-07-30T04:00:00+00:00,0.096460,3600
2025-07-30T05:00:00+00:00,0.095050,3600
2025-07-30T06:00:00+00:00,0.098310,3600
2025-07-30T07:00:00+00:00,0.082550,3600
2025-07-30T08:00:00+00:00,0.063290,3600
2025-07-30T09:00:00+00:00,0.040370,3600
2025-07-30T10:00:00+00:00,0.024790,3600
2025-07-30T11:00:00+00:00,0.017690,3600
2025-07-30T12:00:00+00:00,0.010700,3600
2025-07-30T13:00:00+00:00,0.027400,3600
2025-07-30T14:00:00+00:00,0.041310,3600
2025-07-30T15:00:00+00:00,0.069190,3600
2025-07-30T16:00:00+00:00,0.087180,3600
2025-07-30T17:00:00+00:00,0.105000,3600
2025-07-30T18:00:00+00:00,0.115550,3600
2025-07-30T19:00:00+00:00,0.111060,3600
2025-07-30T20:00:00+00:00,0.104150,3600
2025-07-30T21:00:00+00:00,0.093030,3600
2025-07-30T22:00:00+00:00,0.089470,3600
2025-07-30T23:00:00+00:00,0.083480,3600
2025-07-31T00:00:00+00:00,0.079950,3600
2025-07-31T01:00:00+00:00,0.079520,3600
2025-07-31T02:00:00+00:00,0.078510,3600
2025-07-31T03:00:00+00:00,0.083240,3600
2025-07-31T04:00:00+00:00,0.100750,3600
2025-07-31T05:00:00+00:00,0.100510,3600
2025-07-31T06:00:00+00:00,0.094290,3600
2025-07-31T07:00:00+00:00,0.093900,3600
2025-07-31T08:00:00+00:00,0.074170,3600
2025-07-31T09:00:00+00:00,0.065840,3600
2025-07-31T10:00:00+00:00,0.058000,3600
2025-07-31T11:00:00+00:00,0.043550,3600
2025-07-31T12:00:00+00:00,0.033400,3600
2025-07-31T13:00:00+00:00,0.050580,3600
2025-07-31T14:00:00+00:00,0.068300,3600
2025-07-31T15:00:00+00:00,0.084560,3600
2025-07-31T16:00:00+00:00,0.096820,3600
2025-07-31T17:00:00+00:00,0.116170,3600
2025-07-31T18:00:00+00:00,0.131930,3600
2025-07-31T19:00:00+00:00,0.126710,3600
2025-07-31T20:00:00+00:00,0.114770,3600
2025-07-31T21:00:00+00:00,0.103410,3600
2025-07-31T22:00:00+00:00,0.105470,3600
2025-07-31T23:00:00+00:00,0.098540,3600
2025-08-01T00:00:00+00:00,0.092150,3600
2025-08-01T01:00:00+00:00,0.089010,3600
2025-08-01T02:00:00+00:00,0.090670,3600
2025-08-01T03:00:00+00:00,0.097560,3600
2025-08-01T04:00:00+00:00,0.104300,3600
2025-08-01T05:00:00+00:00,0.108000,3600
2025-08-01T06:00:00+00:00,0.106640,3600
2025-08-01T07:00:00+00:00,0.103670,3600
2025-08-01T08:00:00+00:00,0.097950,3600
2025-08-01T09:00:00+00:00,0.084100,3600
2025-08-01T10:00:00+00:00,0.069760,3600
2025-08-01T11:00:00+00:00,0.055760,3600
2025-08-01T12:00:00+00:00,0.044250,3600
2025-08-01T13:00:00+00:00,0.043210,3600
2025-08-01T14:00:00+00:00,0.062230,3600
2025-08-01T15:00:00+00:00,0.076580,3600
2025-08-01T16:00:00+00:00,0.090100,3600
2025-08-01T17:00:00+00:00,0.109510,3600
2025-08-01T18:00:00+00:00,0.118130,3600
2025-08-01T19:00:00+00:00,0.117510,3600
2025-08-01T20:00:00+00:00,0.110720,3600
2025-08-01T21:00:00+00:00,0.102730,3600
2025-08-01T22:00:00+00:00,0.104060,3600
2025-08-01T23:00:00+00:00,0.098540,3600
2025-08-02T00:00:00+00:00,0.094880,3600
2025-08-02T01:00:00+00:00,0.087940,3600
2025-08-02T02:00:00+00:00,0.087030,3600
2025-08-02T03:00:00+00:00,0.086400,3600
2025-08-02T04:00:00+00:00,0.086960,3600
2025-08-02T05:00:00+00:00,0.080780,3600
2025-08-02T06:00:00+00:00,0.075510,3600
2025-08-02T07:00:00+00:00,0.059760,3600
2025-08-02T08:00:00+00:00,0.028590,3600
2025-08-02T09:00:00+00:00,0.005680,3600
2025-08-02T10:00:00+00:00,0.002950,3600
2025-08-02T11:00:00+00:00,0.000000,3600
2025-08-02T12:00:00+00:00,0.000000,3600
2025-08-02T13:00:00+00:00,0.000000,3600
2025-08-02T14:00:00+00:00,0.004440,3600
2025-08-02T15:00:00+00:00,0.052460,3600
2025-08-02T16:00:00+00:00,0.083080,3600
2025-08-02T17:00:00+00:00,0.108910,3600
2025-08-02T18:00:00+00:00,0.116150,3600
2025-08-02T19:00:00+00:00,0.110000,3600
2025-08-02T20:00:00+00:00,0.105220,3600
2025-08-02T21:00:00+00:00,0.097580,3600
2025-08-02T22:00:00+00:00,0.085820,3600
2025-08-02T23:00:00+00:00,0.077520,3600
2025-08-03T00:00:00+00:00,0.073530,3600
2025-08-03T01:00:00+00:00,0.065970,3600
2025-08-03T02:00:00+00:00,0.062720,3600
2025-08-03T03:00:00+00:00,0.059980,3600
2025-08-03T04:00:00+00:00,0.046800,3600
2025-08-03T05:00:00+00:00,0.032000,3600
2025-08-03T06:00:00+00:00,0.006160,3600
2025-08-03T07:00:00+00:00,0.000000,3600
2025-08-03T08:00:00+00:00,-0.001010,3600
2025-08-03T09:00:00+00:00,-0.002100,3600
2025-08-03T10:00:00+00:00,-0.003000,3600
2025-08-03T11:00:00+00:00,-0.009900,3600
2025-08-03T12:00:00+00:00,-0.010080,3600
2025-08-03T13:00:00+00:00,-0.004980,3600
2025-08-03T14:00:00+00:00,-0.001500,3600
2025-08-03T15:00:00+00:00,0.003160,3600
2025-08-03T16:00:00+00:00,0.066200,3600
2025-08-03T17:00:00+00:00,0.093060,3600
2025-08-03T18:00:00+00:00,0.100860,3600
2025-08-03T19:00:00+00:00,0.096070,3600
2025-08-03T20:00:00+00:00,0.097340,3600
2025-08-03T21:00:00+00:00,0.085090,3600
2025-08-03T22:00:00+00:00,0.081050,3600
2025-08-03T23:00:00+00:00,0.070070,3600
2025-08-04T00:00:00+00:00,0.069970,3600
2025-08-04T01:00:00+00:00,0.074220,3600
2025-08-04T02:00:00+00:00,0.075690,3600
2025-08-04T03:00:00+00:00,0.085450,3600
2025-08-04T04:00:00+00:00,0.098080,3600
2025-08-04T05:00:00+00:00,0.106760,3600
2025-08-04T06:00:00+00:00,0.105060,3600
2025-08-04T07:00:00+00:00,0.100920,3600
2025-08-04T08:00:00+00:00,0.078360,3600
2025-08-04T09:00:00+00:00,0.049540,3600
2025-08-04T10:00:00+00:00,0.013410,3600
2025-08-04T11:00:00+00:00,0.004050,3600
2025-08-04T12:00:00+00:00,0.000650,3600
2025-08-04T13:00:00+00:00,0.000020,3600
2025-08-04T14:00:00+00:00,0.011190,3600
2025-08-04T15:00:00+00:00,0.038280,3600
2025-08-04T16:00:00+00:00,0.065080,3600
2025-08-04T17:00:00+00:00,0.083640,3600
2025-08-04T18:00:00+00:00,0.080560,3600
2025-08-04T19:00:00+00:00,0.073790,3600
2025-08-04T20:00:00+00:00,0.067050,3600
2025-08-04T21:00:00+00:00,0.048590,3600
2025-08-04T22:00:00+00:00,0.020000,3600
2025-08-04T23:00:00+00:00,0.013150,3600
2025-08-05T00:00:00+00:00,0.013620,3600
2025-08-05T01:00:00+00:00,0.020460,3600
2025-08-05T02:00:00+00:00,0.046560,3600
2025-08-05T03:00:00+00:00,0.067840,3600
2025-08-05T04:00:00+00:00,0.082810,3600
2025-08-05T05:00:00+00:00,0.082720,3600
2025-08-05T06:00:00+00:00,0.063040,3600
2025-08-05T07:00:00+00:00,0.003510,3600
2025-08-05T08:00:00+00:00,-0.001500,3600
2025-08-05T09:00:00+00:00,-0.006000,3600
2025-08-05T10:00:00+00:00,-0.012220,3600
2025-08-05T11:00:00+00:00,-0.029090,3600
2025-08-05T12:00:00+00:00,-0.021970,3600
2025-08-05T13:00:00+00:00,-0.012660,3600
2025-08-05T14:00:00+00:00,-0.011200,3600
2025-08-05T15:00:00+00:00,-0.001730,3600
2025-08-05T16:00:00+00:00,0.000870,3600
2025-08-05T17:00:00+00:00,0.071040,3600
2025-08-05T18:00:00+00:00,0.089240,3600
2025-08-05T19:00:00+00:00,0.104270,3600
2025-08-05T20:00:00+00:00,0.097250,3600
2025-08-05T21:00:00+00:00,0.084000,3600
2025-08-05T22:00:00+00:00,0.081000,3600
2025-08-05T23:00:00+00:00,0.058070,3600
2025-08-06T00:00:00+00:00,0.058360,3600
2025-08-06T01:00:00+00:00,0.058430,3600
2025-08-06T02:00:00+00:00,0.058650,3600
2025-08-06T03:00:00+00:00,0.093410,3600
2025-08-06T04:00:00+00:00,0.109900,3600
2025-08-06T05:00:00+00:00,0.105900,3600
2025-08-06T06:00:00+00:00,0.093460,3600
2025-08-06T07:00:00+00:00,0.032030,3600
2025-08-06T08:00:00+00:00,-0.000010,3600
2025-08-06T09:00:00+00:00,-0.002000,3600
2025-08-06T10:00:00+00:00,-0.006830,3600
2025-08-06T11:00:00+00:00,-0.011000,3600
2025-08-06T12:00:00+00:00,-0.006000,3600
2025-08-06T13:00:00+00:00,-0.003080,3600
2025-08-06T14:00:00+00:00,0.002130,3600
2025-08-06T15:00:00+00:00,0.052120,3600
2025-08-06T16:00:00+00:00,0.097370,3600
2025-08-06T17:00:00+00:00,0.112910,3600
2025-08-06T18:00:00+00:00,0.165360,3600
2025-08-06T19:00:00+00:00,0.158210,3600
2025-08-06T20:00:00+00:00,0.110000,3600
2025-08-06T21:00:00+00:00,0.101600,3600
2025-08-06T22:00:00+00:00,0.097580,3600
2025-08-06T23:00:00+00:00,0.094000,3600
2025-08-07T00:00:00+00:00,0.088130,3600
2025-08-07T01:00:00+00:00,0.083380,3600
2025-08-07T02:00:00+00:00,0.082070,3600
2025-08-07T03:00:00+00:00,0.084870,3600
2025-08-07T04:00:00+00:00,0.099450,3600
2025-08-07T05:00:00+00:00,0.101920,3600
2025-08-07T06:00:00+00:00,0.094670,3600
2025-08-07T07:00:00+00:00,0.074530,3600
2025-08-07T08:00:00+00:00,0.022220,3600
2025-08-07T09:00:00+00:00,0.000000,3600
2025-08-07T10:00:00+00:00,-0.000100,3600
2025-08-07T11:00:00+00:00,-0.001890,3600
2025-08-07T12:00:00+00:00,-0.000210,3600
2025-08-07T13:00:00+00:00,-0.000010,3600
2025-08-07T14:00:00+00:00,0.002050,3600
2025-08-07T15:00:00+00:00,0.064080,3600
2025-08-07T16:00:00+00:00,0.091580,3600
2025-08-07T17:00:00+00:00,0.106000,3600
2025-08-07T18:00:00+00:00,0.112340,3600
2025-08-07T19:00:00+00:00,0.126340,3600
2025-08-07T20:00:00+00:00,0.110000,3600
2025-08-07T21:00:00+00:00,0.101280,3600
2025-08-07T22:00:00+00:00,0.091000,3600
2025-08-07T23:00:00+00:00,0.087920,3600
2025-08-08T00:00:00+00:00,0.084640,3600
2025-08-08T01:00:00+00:00,0.081000,3600
2025-08-08T02:00:00+00:00,0.080880,3600
2025-08-08T03:00:00+00:00,0.089550,3600
2025-08-08T04:00:00+00:00,0.100430,3600
2025-08-08T05:00:00+00:00,0.103050,3600
2025-08-08T06:00:00+00:00,0.108110,3600
2025-08-08T07:00:00+00:00,0.089900,3600
2025-08-08T08:00:00+00:00,0.066000,3600
2025-08-08T09:00:00+00:00,0.008390,3600
2025-08-08T10:00:00+00:00,0.000000,3600
2025-08-08T11:00:00+00:00,-0.000010,3600
2025-08-08T12:00:00+00:00,-0.000020,3600
2025-08-08T13:00:00+00:00,-0.000010,3600
2025-08-08T14:00:00+00:00,0.010490,3600
2025-08-08T15:00:00+00:00,0.070100,3600
2025-08-08T16:00:00+00:00,0.101440,3600
2025-08-08T17:00:00+00:00,0.113560,3600
2025-08-08T18:00:00+00:00,0.144620,3600
2025-08-08T19:00:00+00:00,0.151510,3600
2025-08-08T20:00:00+00:00,0.121590,3600
2025-08-08T21:00:00+00:00,0.108460,3600
2025-08-08T22:00:00+00:00,0.101080,3600
2025-08-08T23:00:00+00:00,0.097980,3600
2025-08-09T00:00:00+00:00,0.096160,3600
2025-08-09T01:00:00+00:00,0.092930,3600
2025-08-09T02:00:00+00:00,0.092050,3600
2025-08-09T03:00:00+00:00,0.092630,3600
2025-08-09T04:00:00+00:00,0.096100,3600
2025-08-09T05:00:00+00:00,0.090060,3600
2025-08-09T06:00:00+00:00,0.069750,3600
2025-08-09T07:00:00+00:00,0.015340,3600
2025-08-09T08:00:00+00:00,-0.000020,3600
2025-08-09T09:00:00+00:00,-0.001000,3600
2025-08-09T10:00:00+00:00,-0.006000,3600
2025-08-09T11:00:00+00:00,-0.020000,3600
2025-08-09T12:00:00+00:00,-0.020140,3600
2025-08-09T13:00:00+00:00,-0.004290,3600
2025-08-09T14:00:00+00:00,-0.000050,3600
2025-08-09T15:00:00+00:00,0.003550,3600
2025-08-09T16:00:00+00:00,0.081000,3600
2025-08-09T17:00:00+00:00,0.101430,3600
2025-08-09T18:00:00+00:00,0.123360,3600
2025-08-09T19:00:00+00:00,0.116410,3600
2025-08-09T20:00:00+00:00,0.106230,3600
2025-08-09T21:00:00+00:00,0.096630,3600
2025-08-09T22:00:00+00:00,0.085870,3600
2025-08-09T23:00:00+00:00,0.085690,3600
2025-08-10T00:00:00+00:00,0.086970,3600
2025-08-10T01:00:00+00:00,0.082390,3600
2025-08-10T02:00:00+00:00,0.086000,3600
2025-08-10T03:00:00+00:00,0.089510,3600
2025-08-10T04:00:00+00:00,0.088110,3600
2025-08-10T05:00:00+00:00,0.078550,3600
2025-08-10T06:00:00+00:00,0.028800,3600
2025-08-10T07:00:00+00:00,-0.000010,3600
2025-08-10T08:00:00+00:00,-0.002640,3600
2025-08-10T09:00:00+00:00,-0.015600,3600
2025-08-10T10:00:00+00:00,-0.055670,3600
2025-08-10T11:00:00+00:00,-0.064790,3600
2025-08-10T12:00:00+00:00,-0.051020,3600
2025-08-10T13:00:00+00:00,-0.020570,3600
2025-08-10T14:00:00+00:00,-0.001200,3600
2025-08-10T15:00:00+00:00,0.002130,3600
2025-08-10T16:00:00+00:00,0.077790,3600
2025-08-10T17:00:00+00:00,0.105490,3600
2025-08-10T18:00:00+00:00,0.121510,3600
2025-08-10T19:00:00+00:00,0.122450,3600
2025-08-10T20:00:00+00:00,0.106430,3600
2025-08-10T21:00:00+00:00,0.099450,3600
2025-08-10T22:00:00+00:00,0.096000,3600
2025-08-10T23:00:00+00:00,0.090580,3600
2025-08-11T00:00:00+00:00,0.086000,3600
2025-08-11T01:00:00+00:00,0.085020,3600
2025-08-11T02:00:00+00:00,0.089440,3600
2025-08-11T03:00:00+00:00,0.097240,3600
2025-08-11T04:00:00+00:00,0.128950,3600
2025-08-11T05:00:00+00:00,0.132650,3600
2025-08-11T06:00:00+00:00,0.106190,3600
2025-08-11T07:00:00+00:00,0.091130,3600
2025-08-11T08:00:00+00:00,0.049620,3600
2025-08-11T09:00:00+00:00,0.002540,3600
2025-08-11T10:00:00+00:00,0.000000,3600
2025-08-11T11:00:00+00:00,0.000000,3600
2025-08-11T12:00:00+00:00,0.000000,3600
2025-08-11T13:00:00+00:00,0.009000,3600
2025-08-11T14:00:00+00:00,0.054550,3600
2025-08-11T15:00:00+00:00,0.088650,3600
2025-08-11T16:00:00+00:00,0.106260,3600
2025-08-11T17:00:00+00:00,0.149820,3600
2025-08-11T18:00:00+00:00,0.185000,3600
2025-08-11T19:00:00+00:00,0.138860,3600
2025-08-11T20:00:00+00:00,0.108870,3600
2025-08-11T21:00:00+00:00,0.096000,3600
2025-08-11T22:00:00+00:00,0.093000,3600
2025-08-11T23:00:00+00:00,0.089670,3600
2025-08-12T00:00:00+00:00,0.085410,3600
2025-08-12T01:00:00+00:00,0.084090,3600
2025-08-12T02:00:00+00:00,0.083480,3600
2025-08-12T03:00:00+00:00,0.088870,3600
2025-08-12T04:00:00+00:00,0.101510,3600
2025-08-12T05:00:00+00:00,0.101960,3600
2025-08-12T06:00:00+00:00,0.098640,3600
2025-08-12T07:00:00+00:00,0.092740,3600
2025-08-12T08:00:00+00:00,0.079350,3600
2025-08-12T09:00:00+00:00,0.040000,3600
2025-08-12T10:00:00+00:00,0.008380,3600
2025-08-12T11:00:00+00:00,0.003000,3600
2025-08-12T12:00:00+00:00,0.005150,3600
2025-08-12T13:00:00+00:00,0.035050,3600
2025-08-12T14:00:00+00:00,0.071890,3600
2025-08-12T15:00:00+00:00,0.095000,3600
2025-08-12T16:00:00+00:00,0.101030,3600
2025-08-12T17:00:00+00:00,0.149440,3600
2025-08-12T18:00:00+00:00,0.155650,3600
2025-08-12T19:00:00+00:00,0.140350,3600
2025-08-12T20:00:00+00:00,0.114070,3600
2025-08-12T21:00:00+00:00,0.094000,3600
2025-08-12T22:00:00+00:00,0.091760,3600
2025-08-12T23:00:00+00:00,0.090000,3600
2025-08-13T00:00:00+00:00,0.086890,3600
2025-08-13T01:00:00+00:00,0.084710,3600
2025-08-13T02:00:00+00:00,0.087070,3600
2025-08-13T03:00:00+00:00,0.093240,3600
2025-08-13T04:00:00+00:00,0.108010,3600
2025-08-13T05:00:00+00:00,0.106990,3600
2025-08-13T06:00:00+00:00,0.105950,3600
2025-08-13T07:00:00+00:00,0.092800,3600
2025-08-13T08:00:00+00:00,0.087770,3600
2025-08-13T09:00:00+00:00,0.067970,3600
2025-08-13T10:00:00+00:00,0.044520,3600
2025-08-13T11:00:00+00:00,0.029180,3600
2025-08-13T12:00:00+00:00,0.040370,3600
2025-08-13T13:00:00+00:00,0.070900,3600
2025-08-13T14:00:00+00:00,0.084300,3600
2025-08-13T15:00:00+00:00,0.096640,3600
2025-08-13T16:00:00+00:00,0.115310,3600
2025-08-13T17:00:00+00:00,0.186980,3600
2025-08-13T18:00:00+00:00,0.226460,3600
2025-08-13T19:00:00+00:00,0.154690,3600
2025-08-13T20:00:00+00:00,0.123210,3600
2025-08-13T21:00:00+00:00,0.106270,3600
2025-08-13T22:00:00+00:00,0.098100,3600
2025-08-13T23:00:00+00:00,0.092000,3600
2025-08-14T00:00:00+00:00,0.088450,3600
2025-08-14T01:00:00+00:00,0.087340,3600
2025-08-14T02:00:00+00:00,0.087840,3600
2025-08-14T03:00:00+00:00,0.095080,3600
2025-08-14T04:00:00+00:00,0.104940,3600
2025-08-14T05:00:00+00:00,0.107530,3600
2025-08-14T06:00:00+00:00,0.099470,3600
2025-08-14T07:00:00+00:00,0.091060,3600
2025-08-14T08:00:00+00:00,0.081220,3600
2025-08-14T09:00:00+00:00,0.067410,3600
2025-08-14T10:00:00+00:00,0.053870,3600
2025-08-14T11:00:00+00:00,0.040990,3600
2025-08-14T12:00:00+00:00,0.054900,3600
2025-08-14T13:00:00+00:00,0.069430,3600
2025-08-14T14:00:00+00:00,0.078990,3600
2025-08-14T15:00:00+00:00,0.095790,3600
2025-08-14T16:00:00+00:00,0.114100,3600
2025-08-14T17:00:00+00:00,0.220270,3600
2025-08-14T18:00:00+00:00,0.275260,3600
2025-08-14T19:00:00+00:00,0.157560,3600
2025-08-14T20:00:00+00:00,0.120720,3600
2025-08-14T21:00:00+00:00,0.105950,3600
2025-08-14T22:00:00+00:00,0.098420,3600
2025-08-14T23:00:00+00:00,0.096460,3600
2025-08-15T00:00:00+00:00,0.093820,3600
2025-08-15T01:00:00+00:00,0.090420,3600
2025-08-15T02:00:00+00:00,0.092860,3600
2025-08-15T03:00:00+00:00,0.094910,3600
2025-08-15T04:00:00+00:00,0.098990,3600
2025-08-15T05:00:00+00:00,0.098090,3600
2025-08-15T06:00:00+00:00,0.099810,3600
2025-08-15T07:00:00+00:00,0.087820,3600
2025-08-15T08:00:00+00:00,0.043900,3600
2025-08-15T09:00:00+00:00,0.003000,3600
2025-08-15T10:00:00+00:00,0.000080,3600
2025-08-15T11:00:00+00:00,0.000000,3600
2025-08-15T12:00:00+00:00,0.000000,3600
2025-08-15T13:00:00+00:00,0.001720,3600
2025-08-15T14:00:00+00:00,0.026830,3600
2025-08-15T15:00:00+00:00,0.073060,3600
2025-08-15T16:00:00+00:00,0.099530,3600
2025-08-15T17:00:00+00:00,0.116080,3600
2025-08-15T18:00:00+00:00,0.125630,3600
2025-08-15T19:00:00+00:00,0.112730,3600
2025-08-15T20:00:00+00:00,0.106330,3600
2025-08-15T21:00:00+00:00,0.096280,3600
2025-08-15T22:00:00+00:00,0.099020,3600
2025-08-15T23:00:00+00:00,0.093330,3600
2025-08-16T00:00:00+00:00,0.090740,3600
2025-08-16T01:00:00+00:00,0.085030,3600
2025-08-16T02:00:00+00:00,0.082730,3600
2025-08-16T03:00:00+00:00,0.087090,3600
2025-08-16T04:00:00+00:00,0.090680,3600
2025-08-16T05:00:00+00:00,0.088000,3600
2025-08-16T06:00:00+00:00,0.084750,3600
2025-08-16T07:00:00+00:00,0.080000,3600
2025-08-16T08:00:00+00:00,0.030000,3600
2025-08-16T09:00:00+00:00,0.003800,3600
2025-08-16T10:00:00+00:00,0.000170,3600
2025-08-16T11:00:00+00:00,-0.000010,3600
2025-08-16T12:00:00+00:00,-0.000010,3600
2025-08-16T13:00:00+00:00,-0.000010,3600
2025-08-16T14:00:00+00:00,0.000910,3600
2025-08-16T15:00:00+00:00,0.016360,3600
2025-08-16T16:00:00+00:00,0.070200,3600
2025-08-16T17:00:00+00:00,0.095000,3600
2025-08-16T18:00:00+00:00,0.105940,3600
2025-08-16T19:00:00+00:00,0.101980,3600
2025-08-16T20:00:00+00:00,0.095040,3600
2025-08-16T21:00:00+00:00,0.089960,3600
2025-08-16T22:00:00+00:00,0.094400,3600
2025-08-16T23:00:00+00:00,0.088650,3600
2025-08-17T00:00:00+00:00,0.088000,3600
2025-08-17T01:00:00+00:00,0.086630,3600
2025-08-17T02:00:00+00:00,0.090000,3600
2025-08-17T03:00:00+00:00,0.092000,3600
2025-08-17T04:00:00+00:00,0.089570,3600
2025-08-17T05:00:00+00:00,0.084560,3600
2025-08-17T06:00:00+00:00,0.081930,3600
2025-08-17T07:00:00+00:00,0.048040,3600
2025-08-17T08:00:00+00:00,0.009860,3600
2025-08-17T09:00:00+00:00,0.004380,3600
2025-08-17T10:00:00+00:00,0.003000,3600
2025-08-17T11:00:00+00:00,0.002020,3600
2025-08-17T12:00:00+00:00,0.002680,3600
2025-08-17T13:00:00+00:00,0.000650,3600
2025-08-17T14:00:00+00:00,0.012420,3600
2025-08-17T15:00:00+00:00,0.077750,3600
2025-08-17T16:00:00+00:00,0.093600,3600
2025-08-17T17:00:00+00:00,0.110000,3600
2025-08-17T18:00:00+00:00,0.110660,3600
2025-08-17T19:00:00+00:00,0.110150,3600
2025-08-17T20:00:00+00:00,0.105090,3600
2025-08-17T21:00:00+00:00,0.102540,3600
2025-08-17T22:00:00+00:00,0.091990,3600
2025-08-17T23:00:00+00:00,0.087130,3600
2025-08-18T00:00:00+00:00,0.083070,3600
2025-08-18T01:00:00+00:00,0.081630,3600
2025-08-18T02:00:00+00:00,0.088440,3600
2025-08-18T03:00:00+00:00,0.092320,3600
2025-08-18T04:00:00+00:00,0.113000,3600
2025-08-18T05:00:00+00:00,0.130130,3600
2025-08-18T06:00:00+00:00,0.108820,3600
2025-08-18T07:00:00+00:00,0.089890,3600
2025-08-18T08:00:00+00:00,0.078800,3600
2025-08-18T09:00:00+00:00,0.045930,3600
2025-08-18T10:00:00+00:00,0.020040,3600
2025-08-18T11:00:00+00:00,0.014230,3600
2025-08-18T12:00:00+00:00,0.018340,3600
2025-08-18T13:00:00+00:00,0.054560,3600
2025-08-18T14:00:00+00:00,0.071060,3600
2025-08-18T15:00:00+00:00,0.089380,3600
2025-08-18T16:00:00+00:00,0.095700,3600
2025-08-18T17:00:00+00:00,0.128200,3600
2025-08-18T18:00:00+00:00,0.190150,3600
2025-08-18T19:00:00+00:00,0.124670,3600
2025-08-18T20:00:00+00:00,0.104900,3600
2025-08-18T21:00:00+00:00,0.091100,3600
2025-08-18T22:00:00+00:00,0.098910,3600
2025-08-18T23:00:00+00:00,0.090000,3600
2025-08-19T00:00:00+00:00,0.084550,3600
2025-08-19T01:00:00+00:00,0.081940,3600
2025-08-19T02:00:00+00:00,0.083400,3600
2025-08-19T03:00:00+00:00,0.094570,3600
2025-08-19T04:00:00+00:00,0.104510,3600
2025-08-19T05:00:00+00:00,0.108860,3600
2025-08-19T06:00:00+00:00,0.098050,3600
2025-08-19T07:00:00+00:00,0.088570,3600
2025-08-19T08:00:00+00:00,0.069640,3600
2025-08-19T09:00:00+00:00,0.043230,3600
2025-08-19T10:00:00+00:00,0.022850,3600
2025-08-19T11:00:00+00:00,0.003000,3600
2025-08-19T12:00:00+00:00,0.000500,3600
2025-08-19T13:00:00+00:00,0.014700,3600
2025-08-19T14:00:00+00:00,0.059050,3600
2025-08-19T15:00:00+00:00,0.087770,3600
2025-08-19T16:00:00+00:00,0.092410,3600
2025-08-19T17:00:00+00:00,0.110100,3600
2025-08-19T18:00:00+00:00,0.124620,3600
2025-08-19T19:00:00+00:00,0.109250,3600
2025-08-19T20:00:00+00:00,0.103670,3600
2025-08-19T21:00:00+00:00,0.095060,3600
2025-08-19T22:00:00+00:00,0.094140,3600
2025-08-19T23:00:00+00:00,0.088230,3600
2025-08-20T00:00:00+00:00,0.082890,3600
2025-08-20T01:00:00+00:00,0.080670,3600
2025-08-20T02:00:00+00:00,0.079370,3600
2025-08-20T03:00:00+00:00,0.088360,3600
2025-08-20T04:00:00+00:00,0.101360,3600
2025-08-20T05:00:00+00:00,0.104460,3600
2025-08-20T06:00:00+00:00,0.105690,3600
2025-08-20T07:00:00+00:00,0.091000,3600
2025-08-20T08:00:00+00:00,0.083890,3600
2025-08-20T09:00:00+00:00,0.067970,3600
2025-08-20T10:00:00+00:00,0.049060,3600
2025-08-20T11:00:00+00:00,0.035000,3600
2025-08-20T12:00:00+00:00,0.040090,3600
2025-08-20T13:00:00+00:00,0.064520,3600
2025-08-20T14:00:00+00:00,0.073510,3600
2025-08-20T15:00:00+00:00,0.093020,3600
2025-08-20T16:00:00+00:00,0.095100,3600
2025-08-20T17:00:00+00:00,0.102330,3600
2025-08-20T18:00:00+00:00,0.129900,3600
2025-08-20T19:00:00+00:00,0.115000,3600
2025-08-20T20:00:00+00:00,0.103440,3600
2025-08-20T21:00:00+00:00,0.096120,3600
2025-08-20T22:00:00+00:00,0.094500,3600
2025-08-20T23:00:00+00:00,0.088860,3600
2025-08-21T00:00:00+00:00,0.087520,3600
2025-08-21T01:00:00+00:00,0.090880,3600
2025-08-21T02:00:00+00:00,0.092370,3600
2025-08-21T03:00:00+00:00,0.097960,3600
2025-08-21T04:00:00+00:00,0.105900,3600
2025-08-21T05:00:00+00:00,0.111000,3600
2025-08-21T06:00:00+00:00,0.106910,3600
2025-08-21T07:00:00+00:00,0.089340,3600
2025-08-21T08:00:00+00:00,0.075200,3600
2025-08-21T09:00:00+00:00,0.066480,3600
2025-08-21T10:00:00+00:00,0.057690,3600
2025-08-21T11:00:00+00:00,0.042900,3600
2025-08-21T12:00:00+00:00,0.037000,3600
2025-08-21T13:00:00+00:00,0.048200,3600
2025-08-21T14:00:00+00:00,0.060100,3600
2025-08-21T15:00:00+00:00,0.081550,3600
2025-08-21T16:00:00+00:00,0.094000,3600
2025-08-21T17:00:00+00:00,0.100560,3600
2025-08-21T18:00:00+00:00,0.116560,3600
2025-08-21T19:00:00+00:00,0.114480,3600
2025-08-21T20:00:00+00:00,0.111000,3600
2025-08-21T21:00:00+00:00,0.100910,3600
2025-08-21T22:00:00+00:00,0.091990,3600
2025-08-21T23:00:00+00:00,0.085590,3600
2025-08-22T00:00:00+00:00,0.082130,3600
2025-08-22T01:00:00+00:00,0.081690,3600
2025-08-22T02:00:00+00:00,0.082880,3600
2025-08-22T03:00:00+00:00,0.087760,3600
2025-08-22T04:00:00+00:00,0.105910,3600
2025-08-22T05:00:00+00:00,0.110000,3600
2025-08-22T06:00:00+00:00,0.105690,3600
2025-08-22T07:00:00+00:00,0.093960,3600
2025-08-22T08:00:00+00:00,0.085630,3600
2025-08-22T09:00:00+00:00,0.082500,3600
2025-08-22T10:00:00+00:00,0.068000,3600
2025-08-22T11:00:00+00:00,0.048000,3600
2025-08-22T12:00:00+00:00,0.033550,3600
2025-08-22T13:00:00+00:00,0.033130,3600
2025-08-22T14:00:00+00:00,0.060000,3600
2025-08-22T15:00:00+00:00,0.079900,3600
2025-08-22T16:00:00+00:00,0.098100,3600
2025-08-22T17:00:00+00:00,0.109240,3600
2025-08-22T18:00:00+00:00,0.114200,3600
2025-08-22T19:00:00+00:00,0.108040,3600
2025-08-22T20:00:00+00:00,0.103300,3600
2025-08-22T21:00:00+00:00,0.094370,3600
2025-08-22T22:00:00+00:00,0.095330,3600
2025-08-22T23:00:00+00:00,0.089320,3600
2025-08-23T00:00:00+00:00,0.089080,3600
2025-08-23T01:00:00+00:00,0.086570,3600
2025-08-23T02:00:00+00:00,0.087410,3600
2025-08-23T03:00:00+00:00,0.086870,3600
2025-08-23T04:00:00+00:00,0.087110,3600
2025-08-23T05:00:00+00:00,0.086840,3600
2025-08-23T06:00:00+00:00,0.086550,3600
2025-08-23T07:00:00+00:00,0.070100,3600
2025-08-23T08:00:00+00:00,0.023660,3600
2025-08-23T09:00:00+00:00,0.004010,3600
2025-08-23T10:00:00+00:00,0.003000,3600
2025-08-23T11:00:00+00:00,0.002010,3600
2025-08-23T12:00:00+00:00,0.001830,3600
2025-08-23T13:00:00+00:00,0.003520,3600
2025-08-23T14:00:00+00:00,0.012100,3600
2025-08-23T15:00:00+00:00,0.072000,3600
2025-08-23T16:00:00+00:00,0.098230,3600
2025-08-23T17:00:00+00:00,0.113120,3600
2025-08-23T18:00:00+00:00,0.124010,3600
2025-08-23T19:00:00+00:00,0.121000,3600
2025-08-23T20:00:00+00:00,0.111160,3600
2025-08-23T21:00:00+00:00,0.105290,3600
2025-08-23T22:00:00+00:00,0.100500,3600
2025-08-23T23:00:00+00:00,0.095150,3600
2025-08-24T00:00:00+00:00,0.095330,3600
2025-08-24T01:00:00+00:00,0.093220,3600
2025-08-24T02:00:00+00:00,0.092480,3600
2025-08-24T03:00:00+00:00,0.091720,3600
2025-08-24T04:00:00+00:00,0.090000,3600
2025-08-24T05:00:00+00:00,0.085420,3600
2025-08-24T06:00:00+00:00,0.086710,3600
2025-08-24T07:00:00+00:00,0.005110,3600
2025-08-24T08:00:00+00:00,-0.000010,3600
2025-08-24T09:00:00+00:00,-0.000070,3600
2025-08-24T10:00:00+00:00,-0.001980,3600
2025-08-24T11:00:00+00:00,-0.007450,3600
2025-08-24T12:00:00+00:00,-0.007400,3600
2025-08-24T13:00:00+00:00,-0.000100,3600
2025-08-24T14:00:00+00:00,0.000000,3600
2025-08-24T15:00:00+00:00,0.056760,3600
2025-08-24T16:00:00+00:00,0.096350,3600
2025-08-24T17:00:00+00:00,0.112480,3600
2025-08-24T18:00:00+00:00,0.117570,3600
2025-08-24T19:00:00+00:00,0.114320,3600
2025-08-24T20:00:00+00:00,0.107500,3600
2025-08-24T21:00:00+00:00,0.100520,3600
2025-08-24T22:00:00+00:00,0.095280,3600
2025-08-24T23:00:00+00:00,0.087030,3600
2025-08-25T00:00:00+00:00,0.085440,3600
2025-08-25T01:00:00+00:00,0.084830,3600
2025-08-25T02:00:00+00:00,0.083550,3600
2025-08-25T03:00:00+00:00,0.100120,3600
2025-08-25T04:00:00+00:00,0.115380,3600
2025-08-25T05:00:00+00:00,0.125000,3600
2025-08-25T06:00:00+00:00,0.110040,3600
2025-08-25T07:00:00+00:00,0.091970,3600
2025-08-25T08:00:00+00:00,0.072980,3600
2025-08-25T09:00:00+00:00,0.035020,3600
2025-08-25T10:00:00+00:00,0.010000,3600
2025-08-25T11:00:00+00:00,0.005930,3600
2025-08-25T12:00:00+00:00,0.006780,3600
2025-08-25T13:00:00+00:00,0.025200,3600
2025-08-25T14:00:00+00:00,0.056390,3600
2025-08-25T15:00:00+00:00,0.084900,3600
2025-08-25T16:00:00+00:00,0.107690,3600
2025-08-25T17:00:00+00:00,0.144850,3600
2025-08-25T18:00:00+00:00,0.189870,3600
2025-08-25T19:00:00+00:00,0.136070,3600
2025-08-25T20:00:00+00:00,0.115040,3600
2025-08-25T21:00:00+00:00,0.105150,3600
2025-08-25T22:00:00+00:00,0.104560,3600
2025-08-25T23:00:00+00:00,0.096930,3600
2025-08-26T00:00:00+00:00,0.086000,3600
2025-08-26T01:00:00+00:00,0.080620,3600
2025-08-26T02:00:00+00:00,0.082580,3600
2025-08-26T03:00:00+00:00,0.094250,3600
2025-08-26T04:00:00+00:00,0.092000,3600
2025-08-26T05:00:00+00:00,0.106200,3600
2025-08-26T06:00:00+00:00,0.104620,3600
2025-08-26T07:00:00+00:00,0.090000,3600
2025-08-26T08:00:00+00:00,0.077800,3600
2025-08-26T09:00:00+00:00,0.061350,3600
2025-08-26T10:00:00+00:00,0.041750,3600
2025-08-26T11:00:00+00:00,0.026280,3600
2025-08-26T12:00:00+00:00,0.038050,3600
2025-08-26T13:00:00+00:00,0.070100,3600
2025-08-26T14:00:00+00:00,0.083820,3600
2025-08-26T15:00:00+00:00,0.098440,3600
2025-08-26T16:00:00+00:00,0.116030,3600
2025-08-26T17:00:00+00:00,0.152520,3600
2025-08-26T18:00:00+00:00,0.170010,3600
2025-08-26T19:00:00+00:00,0.123300,3600
2025-08-26T20:00:00+00:00,0.109470,3600
2025-08-26T21:00:00+00:00,0.097670,3600
2025-08-26T22:00:00+00:00,0.095400,3600
2025-08-26T23:00:00+00:00,0.089980,3600
2025-08-27T00:00:00+00:00,0.086520,3600
2025-08-27T01:00:00+00:00,0.083800,3600
2025-08-27T02:00:00+00:00,0.084490,3600
2025-08-27T03:00:00+00:00,0.091230,3600
2025-08-27T04:00:00+00:00,0.099900,3600
2025-08-27T05:00:00+00:00,0.108170,3600
2025-08-27T06:00:00+00:00,0.113640,3600
2025-08-27T07:00:00+00:00,0.101630,3600
2025-08-27T08:00:00+00:00,0.085450,3600
2025-08-27T09:00:00+00:00,0.079010,3600
2025-08-27T10:00:00+00:00,0.064160,3600
2025-08-27T11:00:00+00:00,0.050420,3600
2025-08-27T12:00:00+00:00,0.050890,3600
2025-08-27T13:00:00+00:00,0.074090,3600
2025-08-27T14:00:00+00:00,0.081320,3600
2025-08-27T15:00:00+00:00,0.100930,3600
2025-08-27T16:00:00+00:00,0.122720,3600
2025-08-27T17:00:00+00:00,0.184980,3600
2025-08-27T18:00:00+00:00,0.197160,3600
2025-08-27T19:00:00+00:00,0.121260,3600
2025-08-27T20:00:00+00:00,0.113630,3600
2025-08-27T21:00:00+00:00,0.103570,3600
2025-08-27T22:00:00+00:00,0.097150,3600
2025-08-27T23:00:00+00:00,0.091620,3600
2025-08-28T00:00:00+00:00,0.087580,3600
2025-08-28T01:00:00+00:00,0.084770,3600
2025-08-28T02:00:00+00:00,0.086720,3600
2025-08-28T03:00:00+00:00,0.095490,3600
2025-08-28T04:00:00+00:00,0.112320,3600
2025-08-28T05:00:00+00:00,0.128900,3600
2025-08-28T06:00:00+00:00,0.135030,3600
2025-08-28T07:00:00+00:00,0.119390,3600
2025-08-28T08:00:00+00:00,0.103630,3600
2025-08-28T09:00:00+00:00,0.096120,3600
2025-08-28T10:00:00+00:00,0.088190,3600
2025-08-28T11:00:00+00:00,0.086120,3600
2025-08-28T12:00:00+00:00,0.084870,3600
2025-08-28T13:00:00+00:00,0.085270,3600
2025-08-28T14:00:00+00:00,0.081750,3600
2025-08-28T15:00:00+00:00,0.098990,3600
2025-08-28T16:00:00+00:00,0.098300,3600
2025-08-28T17:00:00+00:00,0.117270,3600
2025-08-28T18:00:00+00:00,0.124000,3600
2025-08-28T19:00:00+00:00,0.108000,3600
2025-08-28T20:00:00+00:00,0.101400,3600
2025-08-28T21:00:00+00:00,0.080620,3600
2025-08-28T22:00:00+00:00,0.084590,3600
2025-08-28T23:00:00+00:00,0.077330,3600
2025-08-29T00:00:00+00:00,0.077120,3600
2025-08-29T01:00:00+00:00,0.070730,3600
2025-08-29T02:00:00+00:00,0.070420,3600
2025-08-29T03:00:00+00:00,0.078110,3600
2025-08-29T04:00:00+00:00,0.098320,3600
2025-08-29T05:00:00+00:00,0.104800,3600
2025-08-29T06:00:00+00:00,0.105080,3600
2025-08-29T07:00:00+00:00,0.096360,3600
2025-08-29T08:00:00+00:00,0.070410,3600
2025-08-29T09:00:00+00:00,0.064320,3600
2025-08-29T10:00:00+00:00,0.056470,3600
2025-08-29T11:00:00+00:00,0.045210,3600
2025-08-29T12:00:00+00:00,0.050000,3600
2025-08-29T13:00:00+00:00,0.073000,3600
2025-08-29T14:00:00+00:00,0.071540,3600
2025-08-29T15:00:00+00:00,0.089230,3600
2025-08-29T16:00:00+00:00,0.109300,3600
2025-08-29T17:00:00+00:00,0.123000,3600
2025-08-29T18:00:00+00:00,0.113330,3600
2025-08-29T19:00:00+00:00,0.106060,3600
2025-08-29T20:00:00+00:00,0.095550,3600
2025-08-29T21:00:00+00:00,0.086220,3600
2025-08-29T22:00:00+00:00,0.088290,3600
2025-08-29T23:00:00+00:00,0.080630,3600
2025-08-30T00:00:00+00:00,0.079100,3600
2025-08-30T01:00:00+00:00,0.081510,3600
2025-08-30T02:00:00+00:00,0.075770,3600
2025-08-30T03:00:00+00:00,0.076980,3600
2025-08-30T04:00:00+00:00,0.092720,3600
2025-08-30T05:00:00+00:00,0.094170,3600
2025-08-30T06:00:00+00:00,0.087970,3600
2025-08-30T07:00:00+00:00,0.071550,3600
2025-08-30T08:00:00+00:00,0.032990,3600
2025-08-30T09:00:00+00:00,0.005230,3600
2025-08-30T10:00:00+00:00,0.000000,3600
2025-08-30T11:00:00+00:00,-0.000010,3600
2025-08-30T12:00:00+00:00,-0.000010,3600
2025-08-30T13:00:00+00:00,-0.000500,3600
2025-08-30T14:00:00+00:00,0.007570,3600
2025-08-30T15:00:00+00:00,0.068860,3600
2025-08-30T16:00:00+00:00,0.089820,3600
2025-08-30T17:00:00+00:00,0.105520,3600
2025-08-30T18:00:00+00:00,0.125400,3600
2025-08-30T19:00:00+00:00,0.104980,3600
2025-08-30T20:00:00+00:00,0.096080,3600
2025-08-30T21:00:00+00:00,0.086380,3600
2025-08-30T22:00:00+00:00,0.083600,3600
2025-08-30T23:00:00+00:00,0.072910,3600
2025-08-31T00:00:00+00:00,0.064700,3600
2025-08-31T01:00:00+00:00,0.060330,3600
2025-08-31T02:00:00+00:00,0.058490,3600
2025-08-31T03:00:00+00:00,0.054870,3600
2025-08-31T04:00:00+00:00,0.056060,3600
2025-08-31T05:00:00+00:00,0.054280,3600
2025-08-31T06:00:00+00:00,0.022270,3600
2025-08-31T07:00:00+00:00,0.005220,3600
2025-08-31T08:00:00+00:00,0.000130,3600
2025-08-31T09:00:00+00:00,0.000090,3600
2025-08-31T10:00:00+00:00,0.000030,3600
2025-08-31T11:00:00+00:00,-0.000810,3600
2025-08-31T12:00:00+00:00,-0.000570,3600
2025-08-31T13:00:00+00:00,0.000000,3600
2025-08-31T14:00:00+00:00,0.021980,3600
2025-08-31T15:00:00+00:00,0.068200,3600
2025-08-31T16:00:00+00:00,0.103750,3600
2025-08-31T17:00:00+00:00,0.129180,3600
2025-08-31T18:00:00+00:00,0.126370,3600
2025-08-31T19:00:00+00:00,0.110840,3600
2025-08-31T20:00:00+00:00,0.100860,3600
2025-08-31T21:00:00+00:00,0.088260,3600
2025-08-31T22:00:00+00:00,0.076110,3600
2025-08-31T23:00:00+00:00,0.080080,3600
2025-09-01T00:00:00+00:00,0.077840,3600
2025-09-01T01:00:00+00:00,0.069750,3600
2025-09-01T02:00:00+00:00,0.070320,3600
2025-09-01T03:00:00+00:00,0.081880,3600
2025-09-01T04:00:00+00:00,0.110290,3600
2025-09-01T05:00:00+00:00,0.121080,3600
2025-09-01T06:00:00+00:00,0.112640,3600
2025-09-01T07:00:00+00:00,0.090660,3600
2025-09-01T08:00:00+00:00,0.072780,3600
2025-09-01T09:00:00+00:00,0.058460,3600
2025-09-01T10:00:00+00:00,0.034690,3600
2025-09-01T11:00:00+00:00,0.021140,3600
2025-09-01T12:00:00+00:00,0.019700,3600
2025-09-01T13:00:00+00:00,0.035000,3600
2025-09-01T14:00:00+00:00,0.062500,3600
2025-09-01T15:00:00+00:00,0.095080,3600
2025-09-01T16:00:00+00:00,0.094900,3600
2025-09-01T17:00:00+00:00,0.165410,3600
2025-09-01T18:00:00+00:00,0.176370,3600
2025-09-01T19:00:00+00:00,0.115570,3600
2025-09-01T20:00:00+00:00,0.098400,3600
2025-09-01T21:00:00+00:00,0.084250,3600
2025-09-01T22:00:00+00:00,0.086000,3600
2025-09-01T23:00:00+00:00,0.080920,3600
2025-09-02T00:00:00+00:00,0.083680,3600
2025-09-02T01:00:00+00:00,0.080900,3600
2025-09-02T02:00:00+00:00,0.083300,3600
2025-09-02T03:00:00+00:00,0.094010,3600
2025-09-02T04:00:00+00:00,0.088660,3600
2025-09-02T05:00:00+00:00,0.113660,3600
2025-09-02T06:00:00+00:00,0.097450,3600
2025-09-02T07:00:00+00:00,0.090000,3600
2025-09-02T08:00:00+00:00,0.088150,3600
2025-09-02T09:00:00+00:00,0.072520,3600
2025-09-02T10:00:00+00:00,0.067530,3600
2025-09-02T11:00:00+00:00,0.065820,3600
2025-09-02T12:00:00+00:00,0.064800,3600
2025-09-02T13:00:00+00:00,0.070970,3600
2025-09-02T14:00:00+00:00,0.081480,3600
2025-09-02T15:00:00+00:00,0.098480,3600
2025-09-02T16:00:00+00:00,0.123230,3600
2025-09-02T17:00:00+00:00,0.151000,3600
2025-09-02T18:00:00+00:00,0.126400,3600
2025-09-02T19:00:00+00:00,0.098810,3600
2025-09-02T20:00:00+00:00,0.090000,3600
2025-09-02T21:00:00+00:00,0.085860,3600
2025-09-02T22:00:00+00:00,0.086940,3600
2025-09-02T23:00:00+00:00,0.082600,3600
2025-09-03T00:00:00+00:00,0.076460,3600
2025-09-03T01:00:00+00:00,0.072310,3600
2025-09-03T02:00:00+00:00,0.071000,3600
2025-09-03T03:00:00+00:00,0.076620,3600
2025-09-03T04:00:00+00:00,0.096330,3600
2025-09-03T05:00:00+00:00,0.102000,3600
2025-09-03T06:00:00+00:00,0.104900,3600
2025-09-03T07:00:00+00:00,0.081540,3600
2025-09-03T08:00:00+00:00,0.028930,3600
2025-09-03T09:00:00+00:00,0.000030,3600
2025-09-03T10:00:00+00:00,-0.000100,3600
2025-09-03T11:00:00+00:00,-0.000100,3600
2025-09-03T12:00:00+00:00,-0.000130,3600
2025-09-03T13:00:00+00:00,0.000000,3600
2025-09-03T14:00:00+00:00,0.003890,3600
2025-09-03T15:00:00+00:00,0.058290,3600
2025-09-03T16:00:00+00:00,0.096900,3600
2025-09-03T17:00:00+00:00,0.107780,3600
2025-09-03T18:00:00+00:00,0.100100,3600
2025-09-03T19:00:00+00:00,0.091780,3600
2025-09-03T20:00:00+00:00,0.080000,3600
2025-09-03T21:00:00+00:00,0.054300,3600
2025-09-03T22:00:00+00:00,0.021650,3600
2025-09-03T23:00:00+00:00,0.015040,3600
2025-09-04T00:00:00+00:00,0.014920,3600
2025-09-04T01:00:00+00:00,0.021990,3600
2025-09-04T02:00:00+00:00,0.048000,3600
2025-09-04T03:00:00+00:00,0.068000,3600
2025-09-04T04:00:00+00:00,0.097470,3600
2025-09-04T05:00:00+00:00,0.109240,3600
2025-09-04T06:00:00+00:00,0.101090,3600
2025-09-04T07:00:00+00:00,0.074720,3600
2025-09-04T08:00:00+00:00,0.038500,3600
2025-09-04T09:00:00+00:00,0.005790,3600
2025-09-04T10:00:00+00:00,0.003200,3600
2025-09-04T11:00:00+00:00,0.003200,3600
2025-09-04T12:00:00+00:00,0.032660,3600
2025-09-04T13:00:00+00:00,0.062280,3600
2025-09-04T14:00:00+00:00,0.081290,3600
2025-09-04T15:00:00+00:00,0.101880,3600
2025-09-04T16:00:00+00:00,0.104900,3600
2025-09-04T17:00:00+00:00,0.151180,3600
2025-09-04T18:00:00+00:00,0.198000,3600
2025-09-04T19:00:00+00:00,0.118430,3600
2025-09-04T20:00:00+00:00,0.105000,3600
2025-09-04T21:00:00+00:00,0.092000,3600
2025-09-04T22:00:00+00:00,0.077800,3600
2025-09-04T23:00:00+00:00,0.081780,3600
2025-09-05T00:00:00+00:00,0.079970,3600
2025-09-05T01:00:00+00:00,0.080700,3600
2025-09-05T02:00:00+00:00,0.081670,3600
2025-09-05T03:00:00+00:00,0.089700,3600
2025-09-05T04:00:00+00:00,0.106000,3600
2025-09-05T05:00:00+00:00,0.118910,3600
2025-09-05T06:00:00+00:00,0.113470,3600
2025-09-05T07:00:00+00:00,0.097590,3600
2025-09-05T08:00:00+00:00,0.081120,3600
2025-09-05T09:00:00+00:00,0.074310,3600
2025-09-05T10:00:00+00:00,0.070290,3600
2025-09-05T11:00:00+00:00,0.065230,3600
2025-09-05T12:00:00+00:00,0.061830,3600
2025-09-05T13:00:00+00:00,0.069680,3600
2025-09-05T14:00:00+00:00,0.077050,3600
2025-09-05T15:00:00+00:00,0.082110,3600
2025-09-05T16:00:00+00:00,0.106110,3600
2025-09-05T17:00:00+00:00,0.150000,3600
2025-09-05T18:00:00+00:00,0.147020,3600
2025-09-05T19:00:00+00:00,0.116330,3600
2025-09-05T20:00:00+00:00,0.106810,3600
2025-09-05T21:00:00+00:00,0.099940,3600
2025-09-05T22:00:00+00:00,0.097070,3600
2025-09-05T23:00:00+00:00,0.093560,3600
2025-09-06T00:00:00+00:00,0.089950,3600
2025-09-06T01:00:00+00:00,0.085830,3600
2025-09-06T02:00:00+00:00,0.084320,3600
2025-09-06T03:00:00+00:00,0.086040,3600
2025-09-06T04:00:00+00:00,0.097870,3600
2025-09-06T05:00:00+00:00,0.100590,3600
2025-09-06T06:00:00+00:00,0.088400,3600
2025-09-06T07:00:00+00:00,0.068890,3600
2025-09-06T08:00:00+00:00,0.009750,3600
2025-09-06T09:00:00+00:00,0.000000,3600
2025-09-06T10:00:00+00:00,-0.000020,3600
2025-09-06T11:00:00+00:00,-0.000860,3600
2025-09-06T12:00:00+00:00,-0.000990,3600
2025-09-06T13:00:00+00:00,-0.000010,3600
2025-09-06T14:00:00+00:00,0.034440,3600
2025-09-06T15:00:00+00:00,0.073590,3600
2025-09-06T16:00:00+00:00,0.108810,3600
2025-09-06T17:00:00+00:00,0.147290,3600
2025-09-06T18:00:00+00:00,0.130420,3600
2025-09-06T19:00:00+00:00,0.101570,3600
2025-09-06T20:00:00+00:00,0.090100,3600
2025-09-06T21:00:00+00:00,0.076320,3600
2025-09-06T22:00:00+00:00,0.079730,3600
2025-09-06T23:00:00+00:00,0.074870,3600
2025-09-07T00:00:00+00:00,0.072640,3600
2025-09-07T01:00:00+00:00,0.075000,3600
2025-09-07T02:00:00+00:00,0.074550,3600
2025-09-07T03:00:00+00:00,0.074350,3600
2025-09-07T04:00:00+00:00,0.072950,3600
2025-09-07T05:00:00+00:00,0.050100,3600
2025-09-07T06:00:00+00:00,0.000000,3600
2025-09-07T07:00:00+00:00,-0.000090,3600
2025-09-07T08:00:00+00:00,-0.004000,3600
2025-09-07T09:00:00+00:00,-0.020090,3600
2025-09-07T10:00:00+00:00,-0.040020,3600
2025-09-07T11:00:00+00:00,-0.053400,3600
2025-09-07T12:00:00+00:00,-0.063400,3600
2025-09-07T13:00:00+00:00,-0.023000,3600
2025-09-07T14:00:00+00:00,-0.002460,3600
2025-09-07T15:00:00+00:00,0.003000,3600
2025-09-07T16:00:00+00:00,0.091250,3600
2025-09-07T17:00:00+00:00,0.108110,3600
2025-09-07T18:00:00+00:00,0.097810,3600
2025-09-07T19:00:00+00:00,0.087360,3600
2025-09-07T20:00:00+00:00,0.086020,3600
2025-09-07T21:00:00+00:00,0.086470,3600
2025-09-07T22:00:00+00:00,0.077880,3600
2025-09-07T23:00:00+00:00,0.082320,3600
2025-09-08T00:00:00+00:00,0.086880,3600
2025-09-08T01:00:00+00:00,0.090000,3600
2025-09-08T02:00:00+00:00,0.084000,3600
2025-09-08T03:00:00+00:00,0.089670,3600
2025-09-08T04:00:00+00:00,0.107910,3600
2025-09-08T05:00:00+00:00,0.132690,3600
2025-09-08T06:00:00+00:00,0.124670,3600
2025-09-08T07:00:00+00:00,0.101850,3600
2025-09-08T08:00:00+00:00,0.085830,3600
2025-09-08T09:00:00+00:00,0.074510,3600
2025-09-08T10:00:00+00:00,0.063620,3600
2025-09-08T11:00:00+00:00,0.058020,3600
2025-09-08T12:00:00+00:00,0.065610,3600
2025-09-08T13:00:00+00:00,0.072160,3600
2025-09-08T14:00:00+00:00,0.092500,3600
2025-09-08T15:00:00+00:00,0.121860,3600
2025-09-08T16:00:00+00:00,0.186960,3600
2025-09-08T17:00:00+00:00,0.383230,3600
2025-09-08T18:00:00+00:00,0.289220,3600
2025-09-08T19:00:00+00:00,0.152000,3600
2025-09-08T20:00:00+00:00,0.121800,3600
2025-09-08T21:00:00+00:00,0.110620,3600
2025-09-08T22:00:00+00:00,0.109190,3600
2025-09-08T23:00:00+00:00,0.107240,3600
2025-09-09T00:00:00+00:00,0.105330,3600
2025-09-09T01:00:00+00:00,0.103850,3600
2025-09-09T02:00:00+00:00,0.105180,3600
2025-09-09T03:00:00+00:00,0.112470,3600
2025-09-09T04:00:00+00:00,0.166810,3600
2025-09-09T05:00:00+00:00,0.276330,3600
2025-09-09T06:00:00+00:00,0.196980,3600
2025-09-09T07:00:00+00:00,0.129910,3600
2025-09-09T08:00:00+00:00,0.098520,3600
2025-09-09T09:00:00+00:00,0.089990,3600
2025-09-09T10:00:00+00:00,0.078780,3600
2025-09-09T11:00:00+00:00,0.076730,3600
2025-09-09T12:00:00+00:00,0.076750,3600
2025-09-09T13:00:00+00:00,0.082580,3600
2025-09-09T14:00:00+00:00,0.091890,3600
2025-09-09T15:00:00+00:00,0.118730,3600
2025-09-09T16:00:00+00:00,0.180160,3600
2025-09-09T17:00:00+00:00,0.367070,3600
2025-09-09T18:00:00+00:00,0.212580,3600
2025-09-09T19:00:00+00:00,0.130850,3600
2025-09-09T20:00:00+00:00,0.113710,3600
2025-09-09T21:00:00+00:00,0.106000,3600
2025-09-09T22:00:00+00:00,0.100720,3600
2025-09-09T23:00:00+00:00,0.101160,3600
2025-09-10T00:00:00+00:00,0.098480,3600
2025-09-10T01:00:00+00:00,0.099170,3600
2025-09-10T02:00:00+00:00,0.100140,3600
2025-09-10T03:00:00+00:00,0.107640,3600
2025-09-10T04:00:00+00:00,0.129690,3600
2025-09-10T05:00:00+00:00,0.217640,3600
2025-09-10T06:00:00+00:00,0.167760,3600
2025-09-10T07:00:00+00:00,0.125000,3600
2025-09-10T08:00:00+00:00,0.095470,3600
2025-09-10T09:00:00+00:00,0.089870,3600
2025-09-10T10:00:00+00:00,0.078120,3600
2025-09-10T11:00:00+00:00,0.075930,3600
2025-09-10T12:00:00+00:00,0.074600,3600
2025-09-10T13:00:00+00:00,0.079160,3600
2025-09-10T14:00:00+00:00,0.091700,3600
2025-09-10T15:00:00+00:00,0.121110,3600
2025-09-10T16:00:00+00:00,0.152600,3600
2025-09-10T17:00:00+00:00,0.232410,3600
2025-09-10T18:00:00+00:00,0.156920,3600
2025-09-10T19:00:00+00:00,0.105480,3600
2025-09-10T20:00:00+00:00,0.091780,3600
2025-09-10T21:00:00+00:00,0.078200,3600
2025-09-10T22:00:00+00:00,0.079110,3600
2025-09-10T23:00:00+00:00,0.075960,3600
2025-09-11T00:00:00+00:00,0.068360,3600
2025-09-11T01:00:00+00:00,0.062140,3600
2025-09-11T02:00:00+00:00,0.062030,3600
2025-09-11T03:00:00+00:00,0.070170,3600
2025-09-11T04:00:00+00:00,0.102590,3600
2025-09-11T05:00:00+00:00,0.109900,3600
2025-09-11T06:00:00+00:00,0.118200,3600
2025-09-11T07:00:00+00:00,0.090000,3600
2025-09-11T08:00:00+00:00,0.063400,3600
2025-09-11T09:00:00+00:00,0.003860,3600
2025-09-11T10:00:00+00:00,-0.000190,3600
2025-09-11T11:00:00+00:00,-0.000070,3600
2025-09-11T12:00:00+00:00,-0.000740,3600
2025-09-11T13:00:00+00:00,-0.000010,3600
2025-09-11T14:00:00+00:00,0.003000,3600
2025-09-11T15:00:00+00:00,0.068000,3600
2025-09-11T16:00:00+00:00,0.109370,3600
2025-09-11T17:00:00+00:00,0.125760,3600
2025-09-11T18:00:00+00:00,0.121750,3600
2025-09-11T19:00:00+00:00,0.103190,3600
2025-09-11T20:00:00+00:00,0.081200,3600
2025-09-11T21:00:00+00:00,0.059980,3600
2025-09-11T22:00:00+00:00,0.024200,3600
2025-09-11T23:00:00+00:00,0.025240,3600
2025-09-12T00:00:00+00:00,0.015190,3600
2025-09-12T01:00:00+00:00,0.011130,3600
2025-09-12T02:00:00+00:00,0.022000,3600
2025-09-12T03:00:00+00:00,0.041820,3600
2025-09-12T04:00:00+00:00,0.079880,3600
2025-09-12T05:00:00+00:00,0.090300,3600
2025-09-12T06:00:00+00:00,0.093280,3600
2025-09-12T07:00:00+00:00,0.044420,3600
2025-09-12T08:00:00+00:00,-0.000010,3600
2025-09-12T09:00:00+00:00,-0.002000,3600
2025-09-12T10:00:00+00:00,-0.004790,3600
2025-09-12T11:00:00+00:00,-0.008270,3600
2025-09-12T12:00:00+00:00,-0.006190,3600
2025-09-12T13:00:00+00:00,-0.004000,3600
2025-09-12T14:00:00+00:00,-0.000010,3600
2025-09-12T15:00:00+00:00,0.051630,3600
2025-09-12T16:00:00+00:00,0.099480,3600
2025-09-12T17:00:00+00:00,0.140780,3600
2025-09-12T18:00:00+00:00,0.139450,3600
2025-09-12T19:00:00+00:00,0.102990,3600
2025-09-12T20:00:00+00:00,0.094850,3600
2025-09-12T21:00:00+00:00,0.086160,3600
2025-09-12T22:00:00+00:00,0.075060,3600
2025-09-12T23:00:00+00:00,0.064060,3600
2025-09-13T00:00:00+00:00,0.064240,3600
2025-09-13T01:00:00+00:00,0.063860,3600
2025-09-13T02:00:00+00:00,0.060830,3600
2025-09-13T03:00:00+00:00,0.063680,3600
2025-09-13T04:00:00+00:00,0.065040,3600
2025-09-13T05:00:00+00:00,0.064870,3600
2025-09-13T06:00:00+00:00,0.063790,3600
2025-09-13T07:00:00+00:00,0.047950,3600
2025-09-13T08:00:00+00:00,0.013670,3600
2025-09-13T09:00:00+00:00,0.002370,3600
2025-09-13T10:00:00+00:00,0.000000,3600
2025-09-13T11:00:00+00:00,-0.000010,3600
2025-09-13T12:00:00+00:00,-0.000010,3600
2025-09-13T13:00:00+00:00,-0.000010,3600
2025-09-13T14:00:00+00:00,0.002330,3600
2025-09-13T15:00:00+00:00,0.065350,3600
2025-09-13T16:00:00+00:00,0.097510,3600
2025-09-13T17:00:00+00:00,0.107790,3600
2025-09-13T18:00:00+00:00,0.111990,3600
2025-09-13T19:00:00+00:00,0.103280,3600
2025-09-13T20:00:00+00:00,0.090160,3600
2025-09-13T21:00:00+00:00,0.081840,3600
2025-09-13T22:00:00+00:00,0.081490,3600
2025-09-13T23:00:00+00:00,0.068650,3600
2025-09-14T00:00:00+00:00,0.074820,3600
2025-09-14T01:00:00+00:00,0.079730,3600
2025-09-14T02:00:00+00:00,0.086290,3600
2025-09-14T03:00:00+00:00,0.085500,3600
2025-09-14T04:00:00+00:00,0.092000,3600
2025-09-14T05:00:00+00:00,0.096890,3600
2025-09-14T06:00:00+00:00,0.099030,3600
2025-09-14T07:00:00+00:00,0.076130,3600
2025-09-14T08:00:00+00:00,0.054050,3600
2025-09-14T09:00:00+00:00,0.017530,3600
2025-09-14T10:00:00+00:00,0.006510,3600
2025-09-14T11:00:00+00:00,0.000000,3600
2025-09-14T12:00:00+00:00,-0.000010,3600
2025-09-14T13:00:00+00:00,0.000000,3600
2025-09-14T14:00:00+00:00,0.017430,3600
2025-09-14T15:00:00+00:00,0.088410,3600
2025-09-14T16:00:00+00:00,0.115890,3600
2025-09-14T17:00:00+00:00,0.134250,3600
2025-09-14T18:00:00+00:00,0.104050,3600
2025-09-14T19:00:00+00:00,0.085290,3600
2025-09-14T20:00:00+00:00,0.068420,3600
2025-09-14T21:00:00+00:00,0.014270,3600
2025-09-14T22:00:00+00:00,0.015620,3600
2025-09-14T23:00:00+00:00,0.001630,3600
2025-09-15T00:00:00+00:00,-0.000810,3600
2025-09-15T01:00:00+00:00,-0.001500,3600
2025-09-15T02:00:00+00:00,-0.002040,3600
2025-09-15T03:00:00+00:00,-0.000990,3600
2025-09-15T04:00:00+00:00,0.019690,3600
2025-09-15T05:00:00+00:00,0.050000,3600
2025-09-15T06:00:00+00:00,0.038750,3600
2025-09-15T07:00:00+00:00,0.000900,3600
2025-09-15T08:00:00+00:00,-0.000290,3600
2025-09-15T09:00:00+00:00,-0.002440,3600
2025-09-15T10:00:00+00:00,-0.006000,3600
2025-09-15T11:00:00+00:00,-0.010650,3600
2025-09-15T12:00:00+00:00,-0.006000,3600
2025-09-15T13:00:00+00:00,-0.006900,3600
2025-09-15T14:00:00+00:00,-0.003020,3600
2025-09-15T15:00:00+00:00,0.000970,3600
2025-09-15T16:00:00+00:00,0.015000,3600
2025-09-15T17:00:00+00:00,0.055450,3600
2025-09-15T18:00:00+00:00,0.050000,3600
2025-09-15T19:00:00+00:00,0.005480,3600
2025-09-15T20:00:00+00:00,0.002910,3600
2025-09-15T21:00:00+00:00,0.000060,3600
2025-09-15T22:00:00+00:00,-0.000010,3600
2025-09-15T23:00:00+00:00,-0.000090,3600
2025-09-16T00:00:00+00:00,-0.000230,3600
2025-09-16T01:00:00+00:00,-0.001050,3600
2025-09-16T02:00:00+00:00,-0.001330,3600
2025-09-16T03:00:00+00:00,-0.000010,3600
2025-09-16T04:00:00+00:00,0.002330,3600
2025-09-16T05:00:00+00:00,0.018780,3600
2025-09-16T06:00:00+00:00,0.024000,3600
2025-09-16T07:00:00+00:00,0.010000,3600
2025-09-16T08:00:00+00:00,-0.000010,3600
2025-09-16T09:00:00+00:00,-0.001200,3600
2025-09-16T10:00:00+00:00,-0.002040,3600
2025-09-16T11:00:00+00:00,-0.002030,3600
2025-09-16T12:00:00+00:00,-0.000010,3600
2025-09-16T13:00:00+00:00,-0.001500,3600
2025-09-16T14:00:00+00:00,-0.001490,3600
2025-09-16T15:00:00+00:00,0.006470,3600
2025-09-16T16:00:00+00:00,0.074030,3600
2025-09-16T17:00:00+00:00,0.121210,3600
2025-09-16T18:00:00+00:00,0.120790,3600
2025-09-16T19:00:00+00:00,0.098780,3600
2025-09-16T20:00:00+00:00,0.090100,3600
2025-09-16T21:00:00+00:00,0.092060,3600
2025-09-16T22:00:00+00:00,0.074780,3600
2025-09-16T23:00:00+00:00,0.066860,3600
2025-09-17T00:00:00+00:00,0.052140,3600
2025-09-17T01:00:00+00:00,0.053000,3600
2025-09-17T02:00:00+00:00,0.069400,3600
2025-09-17T03:00:00+00:00,0.081260,3600
2025-09-17T04:00:00+00:00,0.097800,3600
2025-09-17T05:00:00+00:00,0.118750,3600
2025-09-17T06:00:00+00:00,0.112960,3600
2025-09-17T07:00:00+00:00,0.099880,3600
2025-09-17T08:00:00+00:00,0.094900,3600
2025-09-17T09:00:00+00:00,0.100000,3600
2025-09-17T10:00:00+00:00,0.071000,3600
2025-09-17T11:00:00+00:00,0.040100,3600
2025-09-17T12:00:00+00:00,0.025000,3600
2025-09-17T13:00:00+00:00,0.059300,3600
2025-09-17T14:00:00+00:00,0.071400,3600
2025-09-17T15:00:00+00:00,0.101710,3600
2025-09-17T16:00:00+00:00,0.117750,3600
2025-09-17T17:00:00+00:00,0.116210,3600
2025-09-17T18:00:00+00:00,0.110790,3600
2025-09-17T19:00:00+00:00,0.090820,3600
2025-09-17T20:00:00+00:00,0.086500,3600
2025-09-17T21:00:00+00:00,0.071430,3600
2025-09-17T22:00:00+00:00,0.049690,3600
2025-09-17T23:00:00+00:00,0.045190,3600
2025-09-18T00:00:00+00:00,0.036880,3600
2025-09-18T01:00:00+00:00,0.034770,3600
2025-09-18T02:00:00+00:00,0.043680,3600
2025-09-18T03:00:00+00:00,0.067410,3600
2025-09-18T04:00:00+00:00,0.096150,3600
2025-09-18T05:00:00+00:00,0.115130,3600
2025-09-18T06:00:00+00:00,0.110460,3600
2025-09-18T07:00:00+00:00,0.089490,3600
2025-09-18T08:00:00+00:00,0.063860,3600
2025-09-18T09:00:00+00:00,0.005880,3600
2025-09-18T10:00:00+00:00,0.000200,3600
2025-09-18T11:00:00+00:00,0.000000,3600
2025-09-18T12:00:00+00:00,0.000000,3600
2025-09-18T13:00:00+00:00,0.000520,3600
2025-09-18T14:00:00+00:00,0.015040,3600
2025-09-18T15:00:00+00:00,0.080840,3600
2025-09-18T16:00:00+00:00,0.111120,3600
2025-09-18T17:00:00+00:00,0.125760,3600
2025-09-18T18:00:00+00:00,0.127600,3600
2025-09-18T19:00:00+00:00,0.110000,3600
2025-09-18T20:00:00+00:00,0.098360,3600
2025-09-18T21:00:00+00:00,0.088200,3600
2025-09-18T22:00:00+00:00,0.074090,3600
2025-09-18T23:00:00+00:00,0.074900,3600
2025-09-19T00:00:00+00:00,0.080000,3600
2025-09-19T01:00:00+00:00,0.077970,3600
2025-09-19T02:00:00+00:00,0.078930,3600
2025-09-19T03:00:00+00:00,0.093390,3600
2025-09-19T04:00:00+00:00,0.119990,3600
2025-09-19T05:00:00+00:00,0.149430,3600
2025-09-19T06:00:00+00:00,0.120770,3600
2025-09-19T07:00:00+00:00,0.106960,3600
2025-09-19T08:00:00+00:00,0.051610,3600
2025-09-19T09:00:00+00:00,0.013020,3600
2025-09-19T10:00:00+00:00,0.000990,3600
2025-09-19T11:00:00+00:00,0.000000,3600
2025-09-19T12:00:00+00:00,0.000000,3600
2025-09-19T13:00:00+00:00,0.011970,3600
2025-09-19T14:00:00+00:00,0.068860,3600
2025-09-19T15:00:00+00:00,0.113370,3600
2025-09-19T16:00:00+00:00,0.230300,3600
2025-09-19T17:00:00+00:00,0.373710,3600
2025-09-19T18:00:00+00:00,0.163360,3600
2025-09-19T19:00:00+00:00,0.110050,3600
2025-09-19T20:00:00+00:00,0.085600,3600
2025-09-19T21:00:00+00:00,0.079020,3600
2025-09-19T22:00:00+00:00,0.077910,3600
2025-09-19T23:00:00+00:00,0.077910,3600
2025-09-20T00:00:00+00:00,0.074990,3600
2025-09-20T01:00:00+00:00,0.074800,3600
2025-09-20T02:00:00+00:00,0.074790,3600
2025-09-20T03:00:00+00:00,0.080210,3600
2025-09-20T04:00:00+00:00,0.088510,3600
2025-09-20T05:00:00+00:00,0.086970,3600
2025-09-20T06:00:00+00:00,0.075290,3600
2025-09-20T07:00:00+00:00,0.024940,3600
2025-09-20T08:00:00+00:00,0.002980,3600
2025-09-20T09:00:00+00:00,0.002000,3600
2025-09-20T10:00:00+00:00,-0.001490,3600
2025-09-20T11:00:00+00:00,-0.000050,3600
2025-09-20T12:00:00+00:00,-0.001490,3600
2025-09-20T13:00:00+00:00,0.003000,3600
2025-09-20T14:00:00+00:00,0.050360,3600
2025-09-20T15:00:00+00:00,0.081440,3600
2025-09-20T16:00:00+00:00,0.113910,3600
2025-09-20T17:00:00+00:00,0.125740,3600
2025-09-20T18:00:00+00:00,0.094320,3600
2025-09-20T19:00:00+00:00,0.079790,3600
2025-09-20T20:00:00+00:00,0.070060,3600
2025-09-20T21:00:00+00:00,0.043660,3600
2025-09-20T22:00:00+00:00,0.008420,3600
2025-09-20T23:00:00+00:00,0.003810,3600
2025-09-21T00:00:00+00:00,0.003490,3600
2025-09-21T01:00:00+00:00,0.001700,3600
2025-09-21T02:00:00+00:00,0.002110,3600
2025-09-21T03:00:00+00:00,0.003420,3600
2025-09-21T04:00:00+00:00,0.004410,3600
2025-09-21T05:00:00+00:00,0.005230,3600
2025-09-21T06:00:00+00:00,0.003250,3600
2025-09-21T07:00:00+00:00,0.001860,3600
2025-09-21T08:00:00+00:00,0.000000,3600
2025-09-21T09:00:00+00:00,-0.000010,3600
2025-09-21T10:00:00+00:00,-0.000010,3600
2025-09-21T11:00:00+00:00,0.002270,3600
2025-09-21T12:00:00+00:00,0.005980,3600
2025-09-21T13:00:00+00:00,0.000890,3600
2025-09-21T14:00:00+00:00,0.009490,3600
2025-09-21T15:00:00+00:00,0.090090,3600
2025-09-21T16:00:00+00:00,0.110000,3600
2025-09-21T17:00:00+00:00,0.116090,3600
2025-09-21T18:00:00+00:00,0.115990,3600
2025-09-21T19:00:00+00:00,0.101810,3600
2025-09-21T20:00:00+00:00,0.090280,3600
2025-09-21T21:00:00+00:00,0.087260,3600
2025-09-21T22:00:00+00:00,0.086000,3600
2025-09-21T23:00:00+00:00,0.079160,3600
2025-09-22T00:00:00+00:00,0.072650,3600
2025-09-22T01:00:00+00:00,0.071500,3600
2025-09-22T02:00:00+00:00,0.073530,3600
2025-09-22T03:00:00+00:00,0.081970,3600
2025-09-22T04:00:00+00:00,0.105460,3600
2025-09-22T05:00:00+00:00,0.130000,3600
2025-09-22T06:00:00+00:00,0.130000,3600
2025-09-22T07:00:00+00:00,0.099570,3600
2025-09-22T08:00:00+00:00,0.078450,3600
2025-09-22T09:00:00+00:00,0.067650,3600
2025-09-22T10:00:00+00:00,0.064070,3600
2025-09-22T11:00:00+00:00,0.050300,3600
2025-09-22T12:00:00+00:00,0.061680,3600
2025-09-22T13:00:00+00:00,0.068250,3600
2025-09-22T14:00:00+00:00,0.072930,3600
2025-09-22T15:00:00+00:00,0.088120,3600
2025-09-22T16:00:00+00:00,0.119450,3600
2025-09-22T17:00:00+00:00,0.158420,3600
2025-09-22T18:00:00+00:00,0.134430,3600
2025-09-22T19:00:00+00:00,0.111830,3600
2025-09-22T20:00:00+00:00,0.104640,3600
2025-09-22T21:00:00+00:00,0.093620,3600
2025-09-22T22:00:00+00:00,0.090410,3600
2025-09-22T23:00:00+00:00,0.090000,3600
2025-09-23T00:00:00+00:00,0.091350,3600
2025-09-23T01:00:00+00:00,0.091390,3600
2025-09-23T02:00:00+00:00,0.091550,3600
2025-09-23T03:00:00+00:00,0.094760,3600
2025-09-23T04:00:00+00:00,0.127540,3600
2025-09-23T05:00:00+00:00,0.172360,3600
2025-09-23T06:00:00+00:00,0.170330,3600
2025-09-23T07:00:00+00:00,0.131000,3600
2025-09-23T08:00:00+00:00,0.102350,3600
2025-09-23T09:00:00+00:00,0.077080,3600
2025-09-23T10:00:00+00:00,0.069210,3600
2025-09-23T11:00:00+00:00,0.064850,3600
2025-09-23T12:00:00+00:00,0.064900,3600
2025-09-23T13:00:00+00:00,0.074540,3600
2025-09-23T14:00:00+00:00,0.085760,3600
2025-09-23T15:00:00+00:00,0.102900,3600
2025-09-23T16:00:00+00:00,0.136830,3600
2025-09-23T17:00:00+00:00,0.156690,3600
2025-09-23T18:00:00+00:00,0.117400,3600
2025-09-23T19:00:00+00:00,0.096970,3600
2025-09-23T20:00:00+00:00,0.083590,3600
2025-09-23T21:00:00+00:00,0.082740,3600
2025-09-23T22:00:00+00:00,0.082080,3600
2025-09-23T23:00:00+00:00,0.080320,3600
2025-09-24T00:00:00+00:00,0.080100,3600
2025-09-24T01:00:00+00:00,0.080100,3600
2025-09-24T02:00:00+00:00,0.077680,3600
2025-09-24T03:00:00+00:00,0.074990,3600
2025-09-24T04:00:00+00:00,0.093740,3600
2025-09-24T05:00:00+00:00,0.109130,3600
2025-09-24T06:00:00+00:00,0.120450,3600
2025-09-24T07:00:00+00:00,0.100750,3600
2025-09-24T08:00:00+00:00,0.076270,3600
2025-09-24T09:00:00+00:00,0.063020,3600
2025-09-24T10:00:00+00:00,0.017640,3600
2025-09-24T11:00:00+00:00,0.000000,3600
2025-09-24T12:00:00+00:00,-0.000010,3600
2025-09-24T13:00:00+00:00,0.011870,3600
2025-09-24T14:00:00+00:00,0.058030,3600
2025-09-24T15:00:00+00:00,0.085180,3600
2025-09-24T16:00:00+00:00,0.110000,3600
2025-09-24T17:00:00+00:00,0.114090,3600
2025-09-24T18:00:00+00:00,0.116910,3600
2025-09-24T19:00:00+00:00,0.091820,3600
2025-09-24T20:00:00+00:00,0.085650,3600
2025-09-24T21:00:00+00:00,0.069770,3600
2025-09-24T22:00:00+00:00,0.072800,3600
2025-09-24T23:00:00+00:00,0.067880,3600
2025-09-25T00:00:00+00:00,0.070410,3600
2025-09-25T01:00:00+00:00,0.073190,3600
2025-09-25T02:00:00+00:00,0.074760,3600
2025-09-25T03:00:00+00:00,0.075580,3600
2025-09-25T04:00:00+00:00,0.097950,3600
2025-09-25T05:00:00+00:00,0.111250,3600
2025-09-25T06:00:00+00:00,0.124880,3600
2025-09-25T07:00:00+00:00,0.104020,3600
2025-09-25T08:00:00+00:00,0.076630,3600
2025-09-25T09:00:00+00:00,0.010000,3600
2025-09-25T10:00:00+00:00,-0.002040,3600
2025-09-25T11:00:00+00:00,0.010000,3600
2025-09-25T12:00:00+00:00,0.015420,3600
2025-09-25T13:00:00+00:00,0.040960,3600
2025-09-25T14:00:00+00:00,0.068070,3600
2025-09-25T15:00:00+00:00,0.084830,3600
2025-09-25T16:00:00+00:00,0.114050,3600
2025-09-25T17:00:00+00:00,0.120930,3600
2025-09-25T18:00:00+00:00,0.124280,3600
2025-09-25T19:00:00+00:00,0.107120,3600
2025-09-25T20:00:00+00:00,0.097510,3600
2025-09-25T21:00:00+00:00,0.081090,3600
2025-09-25T22:00:00+00:00,0.078480,3600
2025-09-25T23:00:00+00:00,0.074580,3600
2025-09-26T00:00:00+00:00,0.073180,3600
2025-09-26T01:00:00+00:00,0.073180,3600
2025-09-26T02:00:00+00:00,0.074150,3600
2025-09-26T03:00:00+00:00,0.080520,3600
2025-09-26T04:00:00+00:00,0.102010,3600
2025-09-26T05:00:00+00:00,0.117100,3600
2025-09-26T06:00:00+00:00,0.123560,3600
2025-09-26T07:00:00+00:00,0.111450,3600
2025-09-26T08:00:00+00:00,0.089900,3600
2025-09-26T09:00:00+00:00,0.085280,3600
2025-09-26T10:00:00+00:00,0.079250,3600
2025-09-26T11:00:00+00:00,0.073590,3600
2025-09-26T12:00:00+00:00,0.074710,3600
2025-09-26T13:00:00+00:00,0.084130,3600
2025-09-26T14:00:00+00:00,0.093840,3600
2025-09-26T15:00:00+00:00,0.103620,3600
2025-09-26T16:00:00+00:00,0.120560,3600
2025-09-26T17:00:00+00:00,0.132790,3600
2025-09-26T18:00:00+00:00,0.119610,3600
2025-09-26T19:00:00+00:00,0.106210,3600
2025-09-26T20:00:00+00:00,0.096900,3600
2025-09-26T21:00:00+00:00,0.089900,3600
2025-09-26T22:00:00+00:00,0.084800,3600
2025-09-26T23:00:00+00:00,0.083260,3600
2025-09-27T00:00:00+00:00,0.080000,3600
2025-09-27T01:00:00+00:00,0.080000,3600
2025-09-27T02:00:00+00:00,0.078110,3600
2025-09-27T03:00:00+00:00,0.081620,3600
2025-09-27T04:00:00+00:00,0.088010,3600
2025-09-27T05:00:00+00:00,0.100990,3600
2025-09-27T06:00:00+00:00,0.106540,3600
2025-09-27T07:00:00+00:00,0.094440,3600
2025-09-27T08:00:00+00:00,0.087050,3600
2025-09-27T09:00:00+00:00,0.065670,3600
2025-09-27T10:00:00+00:00,0.052590,3600
2025-09-27T11:00:00+00:00,0.032400,3600
2025-09-27T12:00:00+00:00,0.042260,3600
2025-09-27T13:00:00+00:00,0.067100,3600
2025-09-27T14:00:00+00:00,0.079280,3600
2025-09-27T15:00:00+00:00,0.102800,3600
2025-09-27T16:00:00+00:00,0.130000,3600
2025-09-27T17:00:00+00:00,0.145920,3600
2025-09-27T18:00:00+00:00,0.119150,3600
2025-09-27T19:00:00+00:00,0.109740,3600
2025-09-27T20:00:00+00:00,0.104640,3600
2025-09-27T21:00:00+00:00,0.096520,3600
2025-09-27T22:00:00+00:00,0.091670,3600
2025-09-27T23:00:00+00:00,0.089290,3600
2025-09-28T00:00:00+00:00,0.089620,3600
2025-09-28T01:00:00+00:00,0.091470,3600
2025-09-28T02:00:00+00:00,0.090600,3600
2025-09-28T03:00:00+00:00,0.092280,3600
2025-09-28T04:00:00+00:00,0.100910,3600
2025-09-28T05:00:00+00:00,0.099480,3600
2025-09-28T06:00:00+00:00,0.093930,3600
2025-09-28T07:00:00+00:00,0.089900,3600
2025-09-28T08:00:00+00:00,0.074120,3600
2025-09-28T09:00:00+00:00,0.036150,3600
2025-09-28T10:00:00+00:00,0.017110,3600
2025-09-28T11:00:00+00:00,0.008530,3600
2025-09-28T12:00:00+00:00,0.013000,3600
2025-09-28T13:00:00+00:00,0.054040,3600
2025-09-28T14:00:00+00:00,0.075680,3600
2025-09-28T15:00:00+00:00,0.094660,3600
2025-09-28T16:00:00+00:00,0.128070,3600
2025-09-28T17:00:00+00:00,0.139000,3600
2025-09-28T18:00:00+00:00,0.125930,3600
2025-09-28T19:00:00+00:00,0.113510,3600
2025-09-28T20:00:00+00:00,0.098170,3600
2025-09-28T21:00:00+00:00,0.089790,3600
2025-09-28T22:00:00+00:00,0.084930,3600
2025-09-28T23:00:00+00:00,0.082330,3600
2025-09-29T00:00:00+00:00,0.080960,3600
2025-09-29T01:00:00+00:00,0.080650,3600
2025-09-29T02:00:00+00:00,0.082780,3600
2025-09-29T03:00:00+00:00,0.092000,3600
2025-09-29T04:00:00+00:00,0.117890,3600
2025-09-29T05:00:00+00:00,0.193510,3600
2025-09-29T06:00:00+00:00,0.160430,3600
2025-09-29T07:00:00+00:00,0.121080,3600
2025-09-29T08:00:00+00:00,0.086180,3600
2025-09-29T09:00:00+00:00,0.078840,3600
2025-09-29T10:00:00+00:00,0.073260,3600
2025-09-29T11:00:00+00:00,0.070750,3600
2025-09-29T12:00:00+00:00,0.074570,3600
2025-09-29T13:00:00+00:00,0.079230,3600
2025-09-29T14:00:00+00:00,0.088000,3600
2025-09-29T15:00:00+00:00,0.125000,3600
2025-09-29T16:00:00+00:00,0.263000,3600
2025-09-29T17:00:00+00:00,0.353650,3600
2025-09-29T18:00:00+00:00,0.164240,3600
2025-09-29T19:00:00+00:00,0.117610,3600
2025-09-29T20:00:00+00:00,0.103800,3600
2025-09-29T21:00:00+00:00,0.092740,3600
2025-09-29T22:00:00+00:00,0.095370,3600
2025-09-29T23:00:00+00:00,0.091360,3600
2025-09-30T00:00:00+00:00,0.092570,3600
2025-09-30T01:00:00+00:00,0.087180,3600
2025-09-30T02:00:00+00:00,0.089010,3600
2025-09-30T03:00:00+00:00,0.096600,3600
2025-09-30T04:00:00+00:00,0.127380,3600
2025-09-30T05:00:00+00:00,0.216060,3600
2025-09-30T06:00:00+00:00,0.192510,3600
2025-09-30T07:00:00+00:00,0.135820,3600
2025-09-30T08:00:00+00:00,0.107440,3600
2025-09-30T09:00:00+00:00,0.087570,3600
2025-09-30T10:00:00+00:00,0.079220,3600
2025-09-30T11:00:00+00:00,0.077130,3600
2025-09-30T12:00:00+00:00,0.076150,3600
2025-09-30T13:00:00+00:00,0.086000,3600
2025-09-30T14:00:00+00:00,0.092400,3600
2025-09-30T15:00:00+00:00,0.124020,3600
2025-09-30T16:00:00+00:00,0.254960,3600
2025-09-30T17:00:00+00:00,0.312000,3600
2025-09-30T18:00:00+00:00,0.139560,3600
2025-09-30T19:00:00+00:00,0.110000,3600
2025-09-30T20:00:00+00:00,0.098000,3600
2025-09-30T21:00:00+00:00,0.090000,3600
2025-09-30T22:00:00+00:00,0.102550,900
2025-09-30T22:15:00+00:00,0.092170,900
2025-09-30T22:30:00+00:00,0.082690,900
2025-09-30T22:45:00+00:00,0.081860,900
2025-09-30T23:00:00+00:00,0.089540,900
2025-09-30T23:15:00+00:00,0.084930,900
2025-09-30T23:30:00+00:00,0.083560,900
2025-09-30T23:45:00+00:00,0.081690,900
2025-10-01T00:00:00+00:00,0.081870,900
2025-10-01T00:15:00+00:00,0.081510,900
2025-10-01T00:30:00+00:00,0.077420,900
2025-10-01T00:45:00+00:00,0.076450,900
2025-10-01T01:00:00+00:00,0.079320,900
2025-10-01T01:15:00+00:00,0.079240,900
2025-10-01T01:30:00+00:00,0.080050,900
2025-10-01T01:45:00+00:00,0.079520,900
2025-10-01T02:00:00+00:00,0.079940,900
2025-10-01T02:15:00+00:00,0.085020,900
2025-10-01T02:30:00+00:00,0.083890,900
2025-10-01T02:45:00+00:00,0.075830,900
2025-10-01T03:00:00+00:00,0.075010,900
2025-10-01T03:15:00+00:00,0.080880,900
2025-10-01T03:30:00+00:00,0.088180,900
2025-10-01T03:45:00+00:00,0.097340,900
2025-10-01T04:00:00+00:00,0.087650,900
2025-10-01T04:15:00+00:00,0.107930,900
2025-10-01T04:30:00+00:00,0.123950,900
2025-10-01T04:45:00+00:00,0.143660,900
2025-10-01T05:00:00+00:00,0.150660,900
2025-10-01T05:15:00+00:00,0.171480,900
2025-10-01T05:30:00+00:00,0.172010,900
2025-10-01T05:45:00+00:00,0.163350,900
2025-10-01T06:00:00+00:00,0.198330,900
2025-10-01T06:15:00+00:00,0.142860,900
2025-10-01T06:30:00+00:00,0.117230,900
2025-10-01T06:45:00+00:00,0.095250,900
2025-10-01T07:00:00+00:00,0.139010,900
2025-10-01T07:15:00+00:00,0.105010,900
2025-10-01T07:30:00+00:00,0.093480,900
2025-10-01T07:45:00+00:00,0.079960,900
2025-10-01T08:00:00+00:00,0.102820,900
2025-10-01T08:15:00+00:00,0.089230,900
2025-10-01T08:30:00+00:00,0.078160,900
2025-10-01T08:45:00+00:00,0.063700,900
2025-10-01T09:00:00+00:00,0.079970,900
2025-10-01T09:15:00+00:00,0.068060,900
2025-10-01T09:30:00+00:00,0.061130,900
2025-10-01T09:45:00+00:00,0.056190,900
2025-10-01T10:00:00+00:00,0.061690,900
2025-10-01T10:15:00+00:00,0.057420,900
2025-10-01T10:30:00+00:00,0.057860,900
2025-10-01T10:45:00+00:00,0.057420,900
2025-10-01T11:00:00+00:00,0.057090,900
2025-10-01T11:15:00+00:00,0.058780,900
2025-10-01T11:30:00+00:00,0.060070,900
2025-10-01T11:45:00+00:00,0.061140,900
2025-10-01T12:00:00+00:00,0.054350,900
2025-10-01T12:15:00+00:00,0.060620,900
2025-10-01T12:30:00+00:00,0.064400,900
2025-10-01T12:45:00+00:00,0.071900,900
2025-10-01T13:00:00+00:00,0.057550,900
2025-10-01T13:15:00+00:00,0.066280,900
2025-10-01T13:30:00+00:00,0.077910,900
2025-10-01T13:45:00+00:00,0.088620,900
2025-10-01T14:00:00+00:00,0.055070,900
2025-10-01T14:15:00+00:00,0.080770,900
2025-10-01T14:30:00+00:00,0.095160,900
2025-10-01T14:45:00+00:00,0.109000,900
2025-10-01T15:00:00+00:00,0.076450,900
2025-10-01T15:15:00+00:00,0.106420,900
2025-10-01T15:30:00+00:00,0.139350,900
2025-10-01T15:45:00+00:00,0.190180,900
2025-10-01T16:00:00+00:00,0.141680,900
2025-10-01T16:15:00+00:00,0.192840,900
2025-10-01T16:30:00+00:00,0.285000,900
2025-10-01T16:45:00+00:00,0.381000,900
2025-10-01T17:00:00+00:00,0.408500,900
2025-10-01T17:15:00+00:00,0.376390,900
2025-10-01T17:30:00+00:00,0.321940,900
2025-10-01T17:45:00+00:00,0.253140,900
2025-10-01T18:00:00+00:00,0.217500,900
2025-10-01T18:15:00+00:00,0.154560,900
2025-10-01T18:30:00+00:00,0.123110,900
2025-10-01T18:45:00+00:00,0.104830,900
2025-10-01T19:00:00+00:00,0.125760,900
2025-10-01T19:15:00+00:00,0.115820,900
2025-10-01T19:30:00+00:00,0.097540,900
2025-10-01T19:45:00+00:00,0.087960,900
2025-10-01T20:00:00+00:00,0.106690,900
2025-10-01T20:15:00+00:00,0.098760,900
2025-10-01T20:30:00+00:00,0.095320,900
2025-10-01T20:45:00+00:00,0.088020,900
2025-10-01T21:00:00+00:00,0.093530,900
2025-10-01T21:15:00+00:00,0.088750,900
2025-10-01T21:30:00+00:00,0.090620,900
2025-10-01T21:45:00+00:00,0.082600,900
2025-10-01T22:00:00+00:00,0.099170,900
2025-10-01T22:15:00+00:00,0.088520,900
2025-10-01T22:30:00+00:00,0.082450,900
2025-10-01T22:45:00+00:00,0.079710,900
2025-10-01T23:00:00+00:00,0.091190,900
2025-10-01T23:15:00+00:00,0.085750,900
2025-10-01T23:30:00+00:00,0.081410,900
2025-10-01T23:45:00+00:00,0.080930,900
2025-10-02T00:00:00+00:00,0.085440,900
2025-10-02T00:15:00+00:00,0.080360,900
2025-10-02T00:30:00+00:00,0.080190,900
2025-10-02T00:45:00+00:00,0.079400,900
2025-10-02T01:00:00+00:00,0.082240,900
2025-10-02T01:15:00+00:00,0.079770,900
2025-10-02T01:30:00+00:00,0.079770,900
2025-10-02T01:45:00+00:00,0.076550,900
2025-10-02T02:00:00+00:00,0.079390,900
2025-10-02T02:15:00+00:00,0.081450,900
2025-10-02T02:30:00+00:00,0.085080,900
2025-10-02T02:45:00+00:00,0.085820,900
2025-10-02T03:00:00+00:00,0.079400,900
2025-10-02T03:15:00+00:00,0.085570,900
2025-10-02T03:30:00+00:00,0.092720,900
2025-10-02T03:45:00+00:00,0.107830,900
2025-10-02T04:00:00+00:00,0.086230,900
2025-10-02T04:15:00+00:00,0.109510,900
2025-10-02T04:30:00+00:00,0.119710,900
2025-10-02T04:45:00+00:00,0.151570,900
2025-10-02T05:00:00+00:00,0.116730,900
2025-10-02T05:15:00+00:00,0.158780,900
2025-10-02T05:30:00+00:00,0.167220,900
2025-10-02T05:45:00+00:00,0.155990,900
2025-10-02T06:00:00+00:00,0.174650,900
2025-10-02T06:15:00+00:00,0.149660,900
2025-10-02T06:30:00+00:00,0.115250,900
2025-10-02T06:45:00+00:00,0.089290,900
2025-10-02T07:00:00+00:00,0.122860,900
2025-10-02T07:15:00+00:00,0.111580,900
2025-10-02T07:30:00+00:00,0.092030,900
2025-10-02T07:45:00+00:00,0.071770,900
2025-10-02T08:00:00+00:00,0.099800,900
2025-10-02T08:15:00+00:00,0.096030,900
2025-10-02T08:30:00+00:00,0.083190,900
2025-10-02T08:45:00+00:00,0.073960,900
2025-10-02T09:00:00+00:00,0.095710,900
2025-10-02T09:15:00+00:00,0.083310,900
2025-10-02T09:30:00+00:00,0.072080,900
2025-10-02T09:45:00+00:00,0.065990,900
2025-10-02T10:00:00+00:00,0.070250,900
2025-10-02T10:15:00+00:00,0.064350,900
2025-10-02T10:30:00+00:00,0.064440,900
2025-10-02T10:45:00+00:00,0.060330,900
2025-10-02T11:00:00+00:00,0.054550,900
2025-10-02T11:15:00+00:00,0.056730,900
2025-10-02T11:30:00+00:00,0.057660,900
2025-10-02T11:45:00+00:00,0.055480,900
2025-10-02T12:00:00+00:00,0.054880,900
2025-10-02T12:15:00+00:00,0.058920,900
2025-10-02T12:30:00+00:00,0.066160,900
2025-10-02T12:45:00+00:00,0.072980,900
2025-10-02T13:00:00+00:00,0.055320,900
2025-10-02T13:15:00+00:00,0.066490,900
2025-10-02T13:30:00+00:00,0.076710,900
2025-10-02T13:45:00+00:00,0.087480,900
2025-10-02T14:00:00+00:00,0.064330,900
2025-10-02T14:15:00+00:00,0.075770,900
2025-10-02T14:30:00+00:00,0.088530,900
2025-10-02T14:45:00+00:00,0.102580,900
2025-10-02T15:00:00+00:00,0.069800,900
2025-10-02T15:15:00+00:00,0.081140,900
2025-10-02T15:30:00+00:00,0.106990,900
2025-10-02T15:45:00+00:00,0.169370,900
2025-10-02T16:00:00+00:00,0.105400,900
2025-10-02T16:15:00+00:00,0.128830,900
2025-10-02T16:30:00+00:00,0.168310,900
2025-10-02T16:45:00+00:00,0.219430,900
2025-10-02T17:00:00+00:00,0.198480,900
2025-10-02T17:15:00+00:00,0.183320,900
2025-10-02T17:30:00+00:00,0.152960,900
2025-10-02T17:45:00+00:00,0.122820,900
2025-10-02T18:00:00+00:00,0.135960,900
2025-10-02T18:15:00+00:00,0.108690,900
2025-10-02T18:30:00+00:00,0.095050,900
2025-10-02T18:45:00+00:00,0.080400,900
2025-10-02T19:00:00+00:00,0.098420,900
2025-10-02T19:15:00+00:00,0.086090,900
2025-10-02T19:30:00+00:00,0.078590,900
2025-10-02T19:45:00+00:00,0.075570,900
2025-10-02T20:00:00+00:00,0.095960,900
2025-10-02T20:15:00+00:00,0.089940,900
2025-10-02T20:30:00+00:00,0.090610,900
2025-10-02T20:45:00+00:00,0.075230,900
2025-10-02T21:00:00+00:00,0.090810,900
2025-10-02T21:15:00+00:00,0.079510,900
2025-10-02T21:30:00+00:00,0.068890,900
2025-10-02T21:45:00+00:00,0.050080,900
2025-10-02T22:00:00+00:00,0.089650,900
2025-10-02T22:15:00+00:00,0.079560,900
2025-10-02T22:30:00+00:00,0.071180,900
2025-10-02T22:45:00+00:00,0.062270,900
2025-10-02T23:00:00+00:00,0.079310,900
2025-10-02T23:15:00+00:00,0.072790,900
2025-10-02T23:30:00+00:00,0.065870,900
2025-10-02T23:45:00+00:00,0.056580,900
2025-10-03T00:00:00+00:00,0.071330,900
2025-10-03T00:15:00+00:00,0.062800,900
2025-10-03T00:30:00+00:00,0.058340,900
2025-10-03T00:45:00+00:00,0.057120,900
2025-10-03T01:00:00+00:00,0.056440,900
2025-10-03T01:15:00+00:00,0.069490,900
2025-10-03T01:30:00+00:00,0.069950,900
2025-10-03T01:45:00+00:00,0.067310,900
2025-10-03T02:00:00+00:00,0.063440,900
2025-10-03T02:15:00+00:00,0.064540,900
2025-10-03T02:30:00+00:00,0.070490,900
2025-10-03T02:45:00+00:00,0.072080,900
2025-10-03T03:00:00+00:00,0.058280,900
2025-10-03T03:15:00+00:00,0.065100,900
2025-10-03T03:30:00+00:00,0.074390,900
2025-10-03T03:45:00+00:00,0.072850,900
2025-10-03T04:00:00+00:00,0.077160,900
2025-10-03T04:15:00+00:00,0.080160,900
2025-10-03T04:30:00+00:00,0.097380,900
2025-10-03T04:45:00+00:00,0.084720,900
2025-10-03T05:00:00+00:00,0.090430,900
2025-10-03T05:15:00+00:00,0.099500,900
2025-10-03T05:30:00+00:00,0.095100,900
2025-10-03T05:45:00+00:00,0.102160,900
2025-10-03T06:00:00+00:00,0.123300,900
2025-10-03T06:15:00+00:00,0.114240,900
2025-10-03T06:30:00+00:00,0.103140,900
2025-10-03T06:45:00+00:00,0.074750,900
2025-10-03T07:00:00+00:00,0.136710,900
2025-10-03T07:15:00+00:00,0.119990,900
2025-10-03T07:30:00+00:00,0.091340,900
2025-10-03T07:45:00+00:00,0.067930,900
2025-10-03T08:00:00+00:00,0.125990,900
2025-10-03T08:15:00+00:00,0.108210,900
2025-10-03T08:30:00+00:00,0.090100,900
2025-10-03T08:45:00+00:00,0.075300,900
2025-10-03T09:00:00+00:00,0.103820,900
2025-10-03T09:15:00+00:00,0.092140,900
2025-10-03T09:30:00+00:00,0.073940,900
2025-10-03T09:45:00+00:00,0.070100,900
2025-10-03T10:00:00+00:00,0.084630,900
2025-10-03T10:15:00+00:00,0.084290,900
2025-10-03T10:30:00+00:00,0.076380,900
2025-10-03T10:45:00+00:00,0.067950,900
2025-10-03T11:00:00+00:00,0.074880,900
2025-10-03T11:15:00+00:00,0.071440,900
2025-10-03T11:30:00+00:00,0.070850,900
2025-10-03T11:45:00+00:00,0.067210,900
2025-10-03T12:00:00+00:00,0.065000,900
2025-10-03T12:15:00+00:00,0.050860,900
2025-10-03T12:30:00+00:00,0.042680,900
2025-10-03T12:45:00+00:00,0.040950,900
2025-10-03T13:00:00+00:00,0.033200,900
2025-10-03T13:15:00+00:00,0.041520,900
2025-10-03T13:30:00+00:00,0.061700,900
2025-10-03T13:45:00+00:00,0.073970,900
2025-10-03T14:00:00+00:00,0.038300,900
2025-10-03T14:15:00+00:00,0.048740,900
2025-10-03T14:30:00+00:00,0.074280,900
2025-10-03T14:45:00+00:00,0.091000,900
2025-10-03T15:00:00+00:00,0.048720,900
2025-10-03T15:15:00+00:00,0.074720,900
2025-10-03T15:30:00+00:00,0.095380,900
2025-10-03T15:45:00+00:00,0.120780,900
2025-10-03T16:00:00+00:00,0.100000,900
2025-10-03T16:15:00+00:00,0.105960,900
2025-10-03T16:30:00+00:00,0.117600,900
2025-10-03T16:45:00+00:00,0.116450,900
2025-10-03T17:00:00+00:00,0.110460,900
2025-10-03T17:15:00+00:00,0.102880,900
2025-10-03T17:30:00+00:00,0.093900,900
2025-10-03T17:45:00+00:00,0.091950,900
2025-10-03T18:00:00+00:00,0.102850,900
2025-10-03T18:15:00+00:00,0.074610,900
2025-10-03T18:30:00+00:00,0.056010,900
2025-10-03T18:45:00+00:00,0.047440,900
2025-10-03T19:00:00+00:00,0.070120,900
2025-10-03T19:15:00+00:00,0.043520,900
2025-10-03T19:30:00+00:00,0.035920,900
2025-10-03T19:45:00+00:00,0.016210,900
2025-10-03T20:00:00+00:00,0.035070,900
2025-10-03T20:15:00+00:00,0.020040,900
2025-10-03T20:30:00+00:00,0.020510,900
2025-10-03T20:45:00+00:00,0.017120,900
2025-10-03T21:00:00+00:00,0.022290,900
2025-10-03T21:15:00+00:00,0.007280,900
2025-10-03T21:30:00+00:00,0.007490,900
2025-10-03T21:45:00+00:00,0.001970,900
2025-10-03T22:00:00+00:00,0.002930,900
2025-10-03T22:15:00+00:00,0.000100,900
2025-10-03T22:30:00+00:00,-0.001890,900
2025-10-03T22:45:00+00:00,-0.002040,900
2025-10-03T23:00:00+00:00,-0.002350,900
2025-10-03T23:15:00+00:00,-0.002080,900
2025-10-03T23:30:00+00:00,-0.002720,900
2025-10-03T23:45:00+00:00,-0.004010,900
2025-10-04T00:00:00+00:00,-0.003550,900
2025-10-04T00:15:00+00:00,-0.004070,900
2025-10-04T00:30:00+00:00,-0.004080,900
2025-10-04T00:45:00+00:00,-0.004090,900
2025-10-04T01:00:00+00:00,-0.004080,900
2025-10-04T01:15:00+00:00,-0.004090,900
2025-10-04T01:30:00+00:00,-0.004640,900
2025-10-04T01:45:00+00:00,-0.004680,900
2025-10-04T02:00:00+00:00,-0.004030,900
2025-10-04T02:15:00+00:00,-0.004040,900
2025-10-04T02:30:00+00:00,-0.004040,900
2025-10-04T02:45:00+00:00,-0.004040,900
2025-10-04T03:00:00+00:00,-0.004650,900
2025-10-04T03:15:00+00:00,-0.004100,900
2025-10-04T03:30:00+00:00,-0.004080,900
2025-10-04T03:45:00+00:00,-0.004100,900
2025-10-04T04:00:00+00:00,-0.003290,900
2025-10-04T04:15:00+00:00,-0.004030,900
2025-10-04T04:30:00+00:00,-0.004050,900
2025-10-04T04:45:00+00:00,-0.004000,900
2025-10-04T05:00:00+00:00,-0.003120,900
2025-10-04T05:15:00+00:00,-0.002080,900
2025-10-04T05:30:00+00:00,-0.002000,900
2025-10-04T05:45:00+00:00,-0.001680,900
2025-10-04T06:00:00+00:00,-0.002710,900
2025-10-04T06:15:00+00:00,-0.000090,900
2025-10-04T06:30:00+00:00,-0.000080,900
2025-10-04T06:45:00+00:00,-0.000330,900
2025-10-04T07:00:00+00:00,0.000550,900
2025-10-04T07:15:00+00:00,0.002790,900
2025-10-04T07:30:00+00:00,0.003790,900
2025-10-04T07:45:00+00:00,0.000770,900
2025-10-04T08:00:00+00:00,0.003650,900
2025-10-04T08:15:00+00:00,0.000610,900
2025-10-04T08:30:00+00:00,0.000500,900
2025-10-04T08:45:00+00:00,-0.000060,900
2025-10-04T09:00:00+00:00,0.000090,900
2025-10-04T09:15:00+00:00,-0.000160,900
2025-10-04T09:30:00+00:00,-0.000050,900
2025-10-04T09:45:00+00:00,-0.000030,900
2025-10-04T10:00:00+00:00,-0.000120,900
2025-10-04T10:15:00+00:00,-0.000040,900
2025-10-04T10:30:00+00:00,-0.000020,900
2025-10-04T10:45:00+00:00,-0.000100,900
2025-10-04T11:00:00+00:00,-0.000300,900
2025-10-04T11:15:00+00:00,-0.000290,900
2025-10-04T11:30:00+00:00,-0.000330,900
2025-10-04T11:45:00+00:00,-0.000630,900
2025-10-04T12:00:00+00:00,-0.001600,900
2025-10-04T12:15:00+00:00,-0.002130,900
2025-10-04T12:30:00+00:00,-0.004040,900
2025-10-04T12:45:00+00:00,-0.008790,900
2025-10-04T13:00:00+00:00,-0.002340,900
2025-10-04T13:15:00+00:00,-0.006500,900
2025-10-04T13:30:00+00:00,-0.004730,900
2025-10-04T13:45:00+00:00,-0.004870,900
2025-10-04T14:00:00+00:00,-0.001760,900
2025-10-04T14:15:00+00:00,-0.003080,900
2025-10-04T14:30:00+00:00,-0.002070,900
2025-10-04T14:45:00+00:00,-0.002040,900
2025-10-04T15:00:00+00:00,-0.001080,900
2025-10-04T15:15:00+00:00,-0.000010,900
2025-10-04T15:30:00+00:00,0.000020,900
2025-10-04T15:45:00+00:00,0.000910,900
2025-10-04T16:00:00+00:00,-0.000030,900
2025-10-04T16:15:00+00:00,0.000060,900
2025-10-04T16:30:00+00:00,0.002200,900
2025-10-04T16:45:00+00:00,0.002600,900
2025-10-04T17:00:00+00:00,0.004390,900
2025-10-04T17:15:00+00:00,0.005730,900
2025-10-04T17:30:00+00:00,0.006960,900
2025-10-04T17:45:00+00:00,0.006170,900
2025-10-04T18:00:00+00:00,0.001570,900
2025-10-04T18:15:00+00:00,0.002090,900
2025-10-04T18:30:00+00:00,0.002000,900
2025-10-04T18:45:00+00:00,0.001660,900
2025-10-04T19:00:00+00:00,0.000100,900
2025-10-04T19:15:00+00:00,0.000160,900
2025-10-04T19:30:00+00:00,0.000000,900
2025-10-04T19:45:00+00:00,-0.000300,900
2025-10-04T20:00:00+00:00,-0.000050,900
2025-10-04T20:15:00+00:00,0.000000,900
2025-10-04T20:30:00+00:00,0.000070,900
2025-10-04T20:45:00+00:00,-0.000060,900
2025-10-04T21:00:00+00:00,-0.000010,900
2025-10-04T21:15:00+00:00,-0.000030,900
2025-10-04T21:30:00+00:00,-0.000080,900
2025-10-04T21:45:00+00:00,-0.001960,900
2025-10-04T22:00:00+00:00,-0.000010,900
2025-10-04T22:15:00+00:00,-0.000070,900
2025-10-04T22:30:00+00:00,-0.001450,900
2025-10-04T22:45:00+00:00,-0.001100,900
2025-10-04T23:00:00+00:00,-0.001050,900
2025-10-04T23:15:00+00:00,-0.001980,900
2025-10-04T23:30:00+00:00,-0.001460,900
2025-10-04T23:45:00+00:00,-0.001010,900
2025-10-05T00:00:00+00:00,-0.004060,900
2025-10-05T00:15:00+00:00,-0.004070,900
2025-10-05T00:30:00+00:00,-0.004060,900
2025-10-05T00:45:00+00:00,-0.004060,900
2025-10-05T01:00:00+00:00,-0.004080,900
2025-10-05T01:15:00+00:00,-0.004070,900
2025-10-05T01:30:00+00:00,-0.004060,900
2025-10-05T01:45:00+00:00,-0.004090,900
2025-10-05T02:00:00+00:00,-0.004680,900
2025-10-05T02:15:00+00:00,-0.004880,900
2025-10-05T02:30:00+00:00,-0.004910,900
2025-10-05T02:45:00+00:00,-0.004880,900
2025-10-05T03:00:00+00:00,-0.004090,900
2025-10-05T03:15:00+00:00,-0.004090,900
2025-10-05T03:30:00+00:00,-0.004010,900
2025-10-05T03:45:00+00:00,-0.004010,900
2025-10-05T04:00:00+00:00,-0.004060,900
2025-10-05T04:15:00+00:00,-0.004050,900
2025-10-05T04:30:00+00:00,-0.003800,900
2025-10-05T04:45:00+00:00,-0.003080,900
2025-10-05T05:00:00+00:00,-0.002020,900
2025-10-05T05:15:00+00:00,-0.001780,900
2025-10-05T05:30:00+00:00,-0.001420,900
2025-10-05T05:45:00+00:00,-0.000780,900
2025-10-05T06:00:00+00:00,-0.000100,900
2025-10-05T06:15:00+00:00,-0.000090,900
2025-10-05T06:30:00+00:00,-0.000050,900
2025-10-05T06:45:00+00:00,-0.000110,900
2025-10-05T07:00:00+00:00,0.000030,900
2025-10-05T07:15:00+00:00,-0.000060,900
2025-10-05T07:30:00+00:00,-0.001950,900
2025-10-05T07:45:00+00:00,-0.003370,900
2025-10-05T08:00:00+00:00,-0.001760,900
2025-10-05T08:15:00+00:00,-0.004010,900
2025-10-05T08:30:00+00:00,-0.004060,900
2025-10-05T08:45:00+00:00,-0.004880,900
2025-10-05T09:00:00+00:00,-0.002020,900
2025-10-05T09:15:00+00:00,-0.002020,900
2025-10-05T09:30:00+00:00,-0.002010,900
2025-10-05T09:45:00+00:00,-0.002020,900
2025-10-05T10:00:00+00:00,-0.004040,900
2025-10-05T10:15:00+00:00,-0.003170,900
2025-10-05T10:30:00+00:00,-0.003130,900
2025-10-05T10:45:00+00:00,-0.003630,900
2025-10-05T11:00:00+00:00,-0.003200,900
2025-10-05T11:15:00+00:00,-0.003380,900
2025-10-05T11:30:00+00:00,-0.003020,900
2025-10-05T11:45:00+00:00,-0.003330,900
2025-10-05T12:00:00+00:00,-0.003020,900
2025-10-05T12:15:00+00:00,-0.002940,900
2025-10-05T12:30:00+00:00,-0.002920,900
2025-10-05T12:45:00+00:00,-0.002540,900
2025-10-05T13:00:00+00:00,-0.002430,900
2025-10-05T13:15:00+00:00,-0.002130,900
2025-10-05T13:30:00+00:00,-0.002020,900
2025-10-05T13:45:00+00:00,-0.003020,900
2025-10-05T14:00:00+00:00,-0.001590,900
2025-10-05T14:15:00+00:00,-0.001020,900
2025-10-05T14:30:00+00:00,-0.000100,900
2025-10-05T14:45:00+00:00,-0.000040,900
2025-10-05T15:00:00+00:00,-0.002880,900
2025-10-05T15:15:00+00:00,0.000070,900
2025-10-05T15:30:00+00:00,0.001760,900
2025-10-05T15:45:00+00:00,0.009610,900
2025-10-05T16:00:00+00:00,0.005370,900
2025-10-05T16:15:00+00:00,0.011370,900
2025-10-05T16:30:00+00:00,0.020870,900
2025-10-05T16:45:00+00:00,0.030560,900
2025-10-05T17:00:00+00:00,0.023220,900
2025-10-05T17:15:00+00:00,0.032040,900
2025-10-05T17:30:00+00:00,0.048010,900
2025-10-05T17:45:00+00:00,0.056730,900
2025-10-05T18:00:00+00:00,0.070100,900
2025-10-05T18:15:00+00:00,0.062240,900
2025-10-05T18:30:00+00:00,0.045100,900
2025-10-05T18:45:00+00:00,0.022530,900
2025-10-05T19:00:00+00:00,0.077950,900
2025-10-05T19:15:00+00:00,0.050100,900
2025-10-05T19:30:00+00:00,0.032910,900
2025-10-05T19:45:00+00:00,0.030100,900
2025-10-05T20:00:00+00:00,0.052420,900
2025-10-05T20:15:00+00:00,0.032090,900
2025-10-05T20:30:00+00:00,0.050100,900
2025-10-05T20:45:00+00:00,0.024990,900
2025-10-05T21:00:00+00:00,0.055710,900
2025-10-05T21:15:00+00:00,0.030230,900
2025-10-05T21:30:00+00:00,0.020000,900
2025-10-05T21:45:00+00:00,0.003580,900
2025-10-05T22:00:00+00:00,0.030840,900
2025-10-05T22:15:00+00:00,0.024530,900
2025-10-05T22:30:00+00:00,0.015340,900
2025-10-05T22:45:00+00:00,0.013290,900
2025-10-05T23:00:00+00:00,0.014320,900
2025-10-05T23:15:00+00:00,0.011050,900
2025-10-05T23:30:00+00:00,0.010300,900
2025-10-05T23:45:00+00:00,0.008090,900
2025-10-06T00:00:00+00:00,0.007620,900
2025-10-06T00:15:00+00:00,0.009510,900
2025-10-06T00:30:00+00:00,0.011050,900
2025-10-06T00:45:00+00:00,0.010550,900
2025-10-06T01:00:00+00:00,0.011080,900
2025-10-06T01:15:00+00:00,0.010870,900
2025-10-06T01:30:00+00:00,0.011030,900
2025-10-06T01:45:00+00:00,0.011010,900
2025-10-06T02:00:00+00:00,0.010860,900
2025-10-06T02:15:00+00:00,0.018030,900
2025-10-06T02:30:00+00:00,0.017850,900
2025-10-06T02:45:00+00:00,0.020000,900
2025-10-06T03:00:00+00:00,0.007810,900
2025-10-06T03:15:00+00:00,0.009900,900
2025-10-06T03:30:00+00:00,0.022800,900
2025-10-06T03:45:00+00:00,0.049580,900
2025-10-06T04:00:00+00:00,0.018710,900
2025-10-06T04:15:00+00:00,0.076860,900
2025-10-06T04:30:00+00:00,0.080550,900
2025-10-06T04:45:00+00:00,0.102610,900
2025-10-06T05:00:00+00:00,0.093120,900
2025-10-06T05:15:00+00:00,0.107660,900
2025-10-06T05:30:00+00:00,0.110750,900
2025-10-06T05:45:00+00:00,0.117230,900
2025-10-06T06:00:00+00:00,0.127720,900
2025-10-06T06:15:00+00:00,0.128540,900
2025-10-06T06:30:00+00:00,0.121330,900
2025-10-06T06:45:00+00:00,0.112180,900
2025-10-06T07:00:00+00:00,0.135960,900
2025-10-06T07:15:00+00:00,0.121970,900
2025-10-06T07:30:00+00:00,0.116440,900
2025-10-06T07:45:00+00:00,0.104240,900
2025-10-06T08:00:00+00:00,0.114520,900
2025-10-06T08:15:00+00:00,0.101230,900
2025-10-06T08:30:00+00:00,0.090340,900
2025-10-06T08:45:00+00:00,0.082960,900
2025-10-06T09:00:00+00:00,0.092710,900
2025-10-06T09:15:00+00:00,0.086930,900
2025-10-06T09:30:00+00:00,0.081040,900
2025-10-06T09:45:00+00:00,0.078190,900
2025-10-06T10:00:00+00:00,0.082580,900
2025-10-06T10:15:00+00:00,0.080660,900
2025-10-06T10:30:00+00:00,0.082100,900
2025-10-06T10:45:00+00:00,0.085970,900
2025-10-06T11:00:00+00:00,0.081670,900
2025-10-06T11:15:00+00:00,0.088050,900
2025-10-06T11:30:00+00:00,0.083880,900
2025-10-06T11:45:00+00:00,0.082400,900
2025-10-06T12:00:00+00:00,0.076550,900
2025-10-06T12:15:00+00:00,0.083420,900
2025-10-06T12:30:00+00:00,0.090880,900
2025-10-06T12:45:00+00:00,0.089150,900
2025-10-06T13:00:00+00:00,0.080650,900
2025-10-06T13:15:00+00:00,0.083470,900
2025-10-06T13:30:00+00:00,0.086550,900
2025-10-06T13:45:00+00:00,0.091830,900
2025-10-06T14:00:00+00:00,0.078380,900
2025-10-06T14:15:00+00:00,0.088900,900
2025-10-06T14:30:00+00:00,0.099930,900
2025-10-06T14:45:00+00:00,0.115200,900
2025-10-06T15:00:00+00:00,0.086240,900
2025-10-06T15:15:00+00:00,0.106700,900
2025-10-06T15:30:00+00:00,0.114970,900
2025-10-06T15:45:00+00:00,0.142560,900
2025-10-06T16:00:00+00:00,0.103730,900
2025-10-06T16:15:00+00:00,0.114280,900
2025-10-06T16:30:00+00:00,0.142960,900
2025-10-06T16:45:00+00:00,0.182000,900
2025-10-06T17:00:00+00:00,0.161310,900
2025-10-06T17:15:00+00:00,0.169590,900
2025-10-06T17:30:00+00:00,0.167480,900
2025-10-06T17:45:00+00:00,0.159990,900
2025-10-06T18:00:00+00:00,0.157340,900
2025-10-06T18:15:00+00:00,0.131580,900
2025-10-06T18:30:00+00:00,0.126110,900
2025-10-06T18:45:00+00:00,0.120890,900
2025-10-06T19:00:00+00:00,0.127990,900
2025-10-06T19:15:00+00:00,0.122200,900
2025-10-06T19:30:00+00:00,0.112810,900
2025-10-06T19:45:00+00:00,0.111410,900
2025-10-06T20:00:00+00:00,0.127630,900
2025-10-06T20:15:00+00:00,0.111720,900
2025-10-06T20:30:00+00:00,0.115200,900
2025-10-06T20:45:00+00:00,0.109620,900
2025-10-06T21:00:00+00:00,0.112330,900
2025-10-06T21:15:00+00:00,0.102580,900
2025-10-06T21:30:00+00:00,0.103050,900
2025-10-06T21:45:00+00:00,0.098460,900
2025-10-06T22:00:00+00:00,0.105510,900
2025-10-06T22:15:00+00:00,0.102600,900
2025-10-06T22:30:00+00:00,0.095600,900
2025-10-06T22:45:00+00:00,0.088460,900
2025-10-06T23:00:00+00:00,0.100000,900
2025-10-06T23:15:00+00:00,0.093600,900
2025-10-06T23:30:00+00:00,0.092680,900
2025-10-06T23:45:00+00:00,0.085440,900
2025-10-07T00:00:00+00:00,0.089980,900
2025-10-07T00:15:00+00:00,0.085600,900
2025-10-07T00:30:00+00:00,0.087710,900
2025-10-07T00:45:00+00:00,0.085240,900
2025-10-07T01:00:00+00:00,0.088040,900
2025-10-07T01:15:00+00:00,0.086190,900
2025-10-07T01:30:00+00:00,0.087090,900
2025-10-07T01:45:00+00:00,0.086590,900
2025-10-07T02:00:00+00:00,0.084010,900
2025-10-07T02:15:00+00:00,0.085210,900
2025-10-07T02:30:00+00:00,0.091610,900
2025-10-07T02:45:00+00:00,0.095460,900
2025-10-07T03:00:00+00:00,0.084540,900
2025-10-07T03:15:00+00:00,0.090890,900
2025-10-07T03:30:00+00:00,0.097130,900
2025-10-07T03:45:00+00:00,0.106530,900
2025-10-07T04:00:00+00:00,0.105890,900
2025-10-07T04:15:00+00:00,0.118300,900
2025-10-07T04:30:00+00:00,0.121910,900
2025-10-07T04:45:00+00:00,0.139430,900
2025-10-07T05:00:00+00:00,0.138600,900
2025-10-07T05:15:00+00:00,0.190200,900
2025-10-07T05:30:00+00:00,0.241650,900
2025-10-07T05:45:00+00:00,0.248890,900
2025-10-07T06:00:00+00:00,0.271110,900
2025-10-07T06:15:00+00:00,0.257140,900
2025-10-07T06:30:00+00:00,0.251510,900
2025-10-07T06:45:00+00:00,0.251580,900
2025-10-07T07:00:00+00:00,0.277010,900
2025-10-07T07:15:00+00:00,0.232550,900
2025-10-07T07:30:00+00:00,0.159970,900
2025-10-07T07:45:00+00:00,0.130470,900
2025-10-07T08:00:00+00:00,0.192360,900
2025-10-07T08:15:00+00:00,0.157780,900
2025-10-07T08:30:00+00:00,0.131030,900
2025-10-07T08:45:00+00:00,0.113310,900
2025-10-07T09:00:00+00:00,0.138910,900
2025-10-07T09:15:00+00:00,0.123060,900
2025-10-07T09:30:00+00:00,0.106840,900
2025-10-07T09:45:00+00:00,0.099560,900
2025-10-07T10:00:00+00:00,0.112450,900
2025-10-07T10:15:00+00:00,0.099750,900
2025-10-07T10:30:00+00:00,0.096560,900
2025-10-07T10:45:00+00:00,0.095520,900
2025-10-07T11:00:00+00:00,0.101120,900
2025-10-07T11:15:00+00:00,0.095430,900
2025-10-07T11:30:00+00:00,0.094060,900
2025-10-07T11:45:00+00:00,0.091460,900
2025-10-07T12:00:00+00:00,0.092220,900
2025-10-07T12:15:00+00:00,0.093390,900
2025-10-07T12:30:00+00:00,0.094530,900
2025-10-07T12:45:00+00:00,0.096440,900
2025-10-07T13:00:00+00:00,0.090500,900
2025-10-07T13:15:00+00:00,0.094730,900
2025-10-07T13:30:00+00:00,0.104280,900
2025-10-07T13:45:00+00:00,0.116090,900
2025-10-07T14:00:00+00:00,0.093530,900
2025-10-07T14:15:00+00:00,0.099880,900
2025-10-07T14:30:00+00:00,0.115300,900
2025-10-07T14:45:00+00:00,0.132970,900
2025-10-07T15:00:00+00:00,0.107810,900
2025-10-07T15:15:00+00:00,0.120950,900
2025-10-07T15:30:00+00:00,0.146010,900
2025-10-07T15:45:00+00:00,0.193610,900
2025-10-07T16:00:00+00:00,0.143570,900
2025-10-07T16:15:00+00:00,0.150100,900
2025-10-07T16:30:00+00:00,0.211700,900
2025-10-07T16:45:00+00:00,0.272860,900
2025-10-07T17:00:00+00:00,0.242630,900
2025-10-07T17:15:00+00:00,0.212780,900
2025-10-07T17:30:00+00:00,0.194020,900
2025-10-07T17:45:00+00:00,0.180810,900
2025-10-07T18:00:00+00:00,0.178090,900
2025-10-07T18:15:00+00:00,0.158890,900
2025-10-07T18:30:00+00:00,0.131010,900
2025-10-07T18:45:00+00:00,0.117000,900
2025-10-07T19:00:00+00:00,0.147220,900
2025-10-07T19:15:00+00:00,0.129010,900
2025-10-07T19:30:00+00:00,0.112790,900
2025-10-07T19:45:00+00:00,0.103950,900
2025-10-07T20:00:00+00:00,0.116350,900
2025-10-07T20:15:00+00:00,0.111870,900
2025-10-07T20:30:00+00:00,0.106100,900
2025-10-07T20:45:00+00:00,0.095370,900
2025-10-07T21:00:00+00:00,0.107820,900
2025-10-07T21:15:00+00:00,0.098430,900
2025-10-07T21:30:00+00:00,0.093570,900
2025-10-07T21:45:00+00:00,0.090110,900
2025-10-07T22:00:00+00:00,0.101740,900
2025-10-07T22:15:00+00:00,0.091400,900
2025-10-07T22:30:00+00:00,0.091470,900
2025-10-07T22:45:00+00:00,0.089200,900
2025-10-07T23:00:00+00:00,0.091850,900
2025-10-07T23:15:00+00:00,0.089070,900
2025-10-07T23:30:00+00:00,0.087330,900
2025-10-07T23:45:00+00:00,0.085500,900
2025-10-08T00:00:00+00:00,0.089210,900
2025-10-08T00:15:00+00:00,0.088140,900
2025-10-08T00:30:00+00:00,0.086990,900
2025-10-08T00:45:00+00:00,0.085900,900
2025-10-08T01:00:00+00:00,0.086710,900
2025-10-08T01:15:00+00:00,0.084170,900
2025-10-08T01:30:00+00:00,0.086980,900
2025-10-08T01:45:00+00:00,0.086170,900
2025-10-08T02:00:00+00:00,0.085660,900
2025-10-08T02:15:00+00:00,0.084480,900
2025-10-08T02:30:00+00:00,0.087110,900
2025-10-08T02:45:00+00:00,0.091670,900
2025-10-08T03:00:00+00:00,0.086980,900
2025-10-08T03:15:00+00:00,0.093280,900
2025-10-08T03:30:00+00:00,0.092510,900
2025-10-08T03:45:00+00:00,0.102900,900
2025-10-08T04:00:00+00:00,0.092990,900
2025-10-08T04:15:00+00:00,0.108630,900
2025-10-08T04:30:00+00:00,0.120420,900
2025-10-08T04:45:00+00:00,0.134530,900
2025-10-08T05:00:00+00:00,0.127560,900
2025-10-08T05:15:00+00:00,0.148390,900
2025-10-08T05:30:00+00:00,0.165450,900
2025-10-08T05:45:00+00:00,0.168830,900
2025-10-08T06:00:00+00:00,0.203620,900
2025-10-08T06:15:00+00:00,0.175340,900
2025-10-08T06:30:00+00:00,0.151240,900
2025-10-08T06:45:00+00:00,0.135380,900
2025-10-08T07:00:00+00:00,0.176350,900
2025-10-08T07:15:00+00:00,0.142450,900
2025-10-08T07:30:00+00:00,0.119670,900
2025-10-08T07:45:00+00:00,0.106060,900
2025-10-08T08:00:00+00:00,0.139210,900
2025-10-08T08:15:00+00:00,0.119740,900
2025-10-08T08:30:00+00:00,0.106310,900
2025-10-08T08:45:00+00:00,0.099460,900
2025-10-08T09:00:00+00:00,0.120140,900
2025-10-08T09:15:00+00:00,0.101960,900
2025-10-08T09:30:00+00:00,0.094050,900
2025-10-08T09:45:00+00:00,0.085060,900
2025-10-08T10:00:00+00:00,0.092650,900
2025-10-08T10:15:00+00:00,0.088730,900
2025-10-08T10:30:00+00:00,0.086600,900
2025-10-08T10:45:00+00:00,0.086050,900
2025-10-08T11:00:00+00:00,0.088930,900
2025-10-08T11:15:00+00:00,0.087740,900
2025-10-08T11:30:00+00:00,0.086060,900
2025-10-08T11:45:00+00:00,0.084380,900
2025-10-08T12:00:00+00:00,0.082930,900
2025-10-08T12:15:00+00:00,0.084880,900
2025-10-08T12:30:00+00:00,0.086660,900
2025-10-08T12:45:00+00:00,0.094460,900
2025-10-08T13:00:00+00:00,0.084270,900
2025-10-08T13:15:00+00:00,0.088510,900
2025-10-08T13:30:00+00:00,0.095900,900
2025-10-08T13:45:00+00:00,0.108610,900
2025-10-08T14:00:00+00:00,0.086020,900
2025-10-08T14:15:00+00:00,0.094170,900
2025-10-08T14:30:00+00:00,0.118250,900
2025-10-08T14:45:00+00:00,0.139620,900
2025-10-08T15:00:00+00:00,0.096650,900
2025-10-08T15:15:00+00:00,0.117950,900
2025-10-08T15:30:00+00:00,0.148810,900
2025-10-08T15:45:00+00:00,0.203120,900
2025-10-08T16:00:00+00:00,0.129740,900
2025-10-08T16:15:00+00:00,0.142250,900
2025-10-08T16:30:00+00:00,0.195410,900
2025-10-08T16:45:00+00:00,0.241070,900
2025-10-08T17:00:00+00:00,0.223550,900
2025-10-08T17:15:00+00:00,0.199540,900
2025-10-08T17:30:00+00:00,0.180460,900
2025-10-08T17:45:00+00:00,0.175000,900
2025-10-08T18:00:00+00:00,0.169200,900
2025-10-08T18:15:00+00:00,0.149990,900
2025-10-08T18:30:00+00:00,0.128210,900
2025-10-08T18:45:00+00:00,0.118390,900
2025-10-08T19:00:00+00:00,0.128020,900
2025-10-08T19:15:00+00:00,0.116990,900
2025-10-08T19:30:00+00:00,0.106900,900
2025-10-08T19:45:00+00:00,0.102340,900
2025-10-08T20:00:00+00:00,0.110690,900
2025-10-08T20:15:00+00:00,0.109910,900
2025-10-08T20:30:00+00:00,0.106280,900
2025-10-08T20:45:00+00:00,0.097930,900
2025-10-08T21:00:00+00:00,0.101680,900
2025-10-08T21:15:00+00:00,0.099790,900
2025-10-08T21:30:00+00:00,0.095480,900
2025-10-08T21:45:00+00:00,0.090000,900
2025-10-08T22:00:00+00:00,0.107750,900
2025-10-08T22:15:00+00:00,0.100010,900
2025-10-08T22:30:00+00:00,0.090450,900
2025-10-08T22:45:00+00:00,0.087410,900
2025-10-08T23:00:00+00:00,0.091030,900
2025-10-08T23:15:00+00:00,0.091010,900
2025-10-08T23:30:00+00:00,0.090410,900
2025-10-08T23:45:00+00:00,0.090110,900
2025-10-09T00:00:00+00:00,0.094030,900
2025-10-09T00:15:00+00:00,0.090420,900
2025-10-09T00:30:00+00:00,0.090220,900
2025-10-09T00:45:00+00:00,0.089220,900
2025-10-09T01:00:00+00:00,0.090080,900
2025-10-09T01:15:00+00:00,0.086310,900
2025-10-09T01:30:00+00:00,0.086220,900
2025-10-09T01:45:00+00:00,0.085520,900
2025-10-09T02:00:00+00:00,0.082940,900
2025-10-09T02:15:00+00:00,0.084650,900
2025-10-09T02:30:00+00:00,0.086800,900
2025-10-09T02:45:00+00:00,0.095060,900
2025-10-09T03:00:00+00:00,0.083160,900
2025-10-09T03:15:00+00:00,0.087550,900
2025-10-09T03:30:00+00:00,0.098880,900
2025-10-09T03:45:00+00:00,0.114410,900
2025-10-09T04:00:00+00:00,0.098390,900
2025-10-09T04:15:00+00:00,0.115360,900
2025-10-09T04:30:00+00:00,0.126040,900
2025-10-09T04:45:00+00:00,0.138910,900
2025-10-09T05:00:00+00:00,0.122920,900
2025-10-09T05:15:00+00:00,0.142540,900
2025-10-09T05:30:00+00:00,0.151770,900
2025-10-09T05:45:00+00:00,0.148470,900
2025-10-09T06:00:00+00:00,0.168790,900
2025-10-09T06:15:00+00:00,0.150730,900
2025-10-09T06:30:00+00:00,0.141190,900
2025-10-09T06:45:00+00:00,0.129510,900
2025-10-09T07:00:00+00:00,0.166310,900
2025-10-09T07:15:00+00:00,0.129770,900
2025-10-09T07:30:00+00:00,0.119270,900
2025-10-09T07:45:00+00:00,0.101260,900
2025-10-09T08:00:00+00:00,0.127630,900
2025-10-09T08:15:00+00:00,0.108800,900
2025-10-09T08:30:00+00:00,0.099850,900
2025-10-09T08:45:00+00:00,0.088390,900
2025-10-09T09:00:00+00:00,0.106520,900
2025-10-09T09:15:00+00:00,0.098840,900
2025-10-09T09:30:00+00:00,0.090100,900
2025-10-09T09:45:00+00:00,0.083700,900
2025-10-09T10:00:00+00:00,0.100330,900
2025-10-09T10:15:00+00:00,0.090960,900
2025-10-09T10:30:00+00:00,0.085070,900
2025-10-09T10:45:00+00:00,0.077420,900
2025-10-09T11:00:00+00:00,0.084830,900
2025-10-09T11:15:00+00:00,0.083080,900
2025-10-09T11:30:00+00:00,0.076000,900
2025-10-09T11:45:00+00:00,0.065740,900
2025-10-09T12:00:00+00:00,0.077770,900
2025-10-09T12:15:00+00:00,0.078220,900
2025-10-09T12:30:00+00:00,0.075170,900
2025-10-09T12:45:00+00:00,0.078090,900
2025-10-09T13:00:00+00:00,0.075180,900
2025-10-09T13:15:00+00:00,0.081860,900
2025-10-09T13:30:00+00:00,0.089220,900
2025-10-09T13:45:00+00:00,0.102350,900
2025-10-09T14:00:00+00:00,0.079690,900
2025-10-09T14:15:00+00:00,0.079600,900
2025-10-09T14:30:00+00:00,0.092110,900
2025-10-09T14:45:00+00:00,0.100310,900
2025-10-09T15:00:00+00:00,0.076860,900
2025-10-09T15:15:00+00:00,0.103670,900
2025-10-09T15:30:00+00:00,0.106500,900
2025-10-09T15:45:00+00:00,0.127430,900
2025-10-09T16:00:00+00:00,0.109330,900
2025-10-09T16:15:00+00:00,0.117300,900
2025-10-09T16:30:00+00:00,0.126540,900
2025-10-09T16:45:00+00:00,0.125260,900
2025-10-09T17:00:00+00:00,0.125670,900
2025-10-09T17:15:00+00:00,0.127030,900
2025-10-09T17:30:00+00:00,0.123170,900
2025-10-09T17:45:00+00:00,0.118290,900
2025-10-09T18:00:00+00:00,0.119850,900
2025-10-09T18:15:00+00:00,0.115010,900
2025-10-09T18:30:00+00:00,0.110470,900
2025-10-09T18:45:00+00:00,0.105170,900
2025-10-09T19:00:00+00:00,0.106760,900
2025-10-09T19:15:00+00:00,0.101200,900
2025-10-09T19:30:00+00:00,0.096160,900
2025-10-09T19:45:00+00:00,0.087850,900
2025-10-09T20:00:00+00:00,0.111490,900
2025-10-09T20:15:00+00:00,0.095620,900
2025-10-09T20:30:00+00:00,0.091570,900
2025-10-09T20:45:00+00:00,0.088310,900
2025-10-09T21:00:00+00:00,0.100100,900
2025-10-09T21:15:00+00:00,0.103770,900
2025-10-09T21:30:00+00:00,0.089020,900
2025-10-09T21:45:00+00:00,0.079370,900
2025-10-09T22:00:00+00:00,0.101880,900
2025-10-09T22:15:00+00:00,0.090780,900
2025-10-09T22:30:00+00:00,0.086490,900
2025-10-09T22:45:00+00:00,0.080840,900
2025-10-09T23:00:00+00:00,0.090860,900
2025-10-09T23:15:00+00:00,0.084400,900
2025-10-09T23:30:00+00:00,0.083510,900
2025-10-09T23:45:00+00:00,0.081190,900
2025-10-10T00:00:00+00:00,0.083190,900
2025-10-10T00:15:00+00:00,0.080000,900
2025-10-10T00:30:00+00:00,0.078910,900
2025-10-10T00:45:00+00:00,0.078260,900
2025-10-10T01:00:00+00:00,0.079450,900
2025-10-10T01:15:00+00:00,0.078180,900
2025-10-10T01:30:00+00:00,0.076810,900
2025-10-10T01:45:00+00:00,0.077270,900
2025-10-10T02:00:00+00:00,0.076530,900
2025-10-10T02:15:00+00:00,0.077600,900
2025-10-10T02:30:00+00:00,0.075660,900
2025-10-10T02:45:00+00:00,0.080530,900
2025-10-10T03:00:00+00:00,0.075890,900
2025-10-10T03:15:00+00:00,0.080870,900
2025-10-10T03:30:00+00:00,0.084470,900
2025-10-10T03:45:00+00:00,0.098830,900
2025-10-10T04:00:00+00:00,0.084120,900
2025-10-10T04:15:00+00:00,0.094170,900
2025-10-10T04:30:00+00:00,0.098110,900
2025-10-10T04:45:00+00:00,0.119260,900
2025-10-10T05:00:00+00:00,0.094520,900
2025-10-10T05:15:00+00:00,0.111790,900
2025-10-10T05:30:00+00:00,0.123300,900
2025-10-10T05:45:00+00:00,0.134170,900
2025-10-10T06:00:00+00:00,0.151630,900
2025-10-10T06:15:00+00:00,0.132730,900
2025-10-10T06:30:00+00:00,0.109400,900
2025-10-10T06:45:00+00:00,0.096010,900
2025-10-10T07:00:00+00:00,0.143830,900
2025-10-10T07:15:00+00:00,0.110240,900
2025-10-10T07:30:00+00:00,0.096730,900
2025-10-10T07:45:00+00:00,0.078350,900
2025-10-10T08:00:00+00:00,0.119770,900
2025-10-10T08:15:00+00:00,0.092420,900
2025-10-10T08:30:00+00:00,0.084550,900
2025-10-10T08:45:00+00:00,0.071310,900
2025-10-10T09:00:00+00:00,0.096260,900
2025-10-10T09:15:00+00:00,0.081550,900
2025-10-10T09:30:00+00:00,0.078230,900
2025-10-10T09:45:00+00:00,0.073290,900
2025-10-10T10:00:00+00:00,0.087860,900
2025-10-10T10:15:00+00:00,0.078650,900
2025-10-10T10:30:00+00:00,0.074030,900
2025-10-10T10:45:00+00:00,0.067740,900
2025-10-10T11:00:00+00:00,0.073240,900
2025-10-10T11:15:00+00:00,0.073100,900
2025-10-10T11:30:00+00:00,0.073230,900
2025-10-10T11:45:00+00:00,0.073240,900
2025-10-10T12:00:00+00:00,0.068160,900
2025-10-10T12:15:00+00:00,0.078290,900
2025-10-10T12:30:00+00:00,0.094980,900
2025-10-10T12:45:00+00:00,0.107050,900
2025-10-10T13:00:00+00:00,0.069350,900
2025-10-10T13:15:00+00:00,0.078690,900
2025-10-10T13:30:00+00:00,0.085600,900
2025-10-10T13:45:00+00:00,0.094900,900
2025-10-10T14:00:00+00:00,0.070620,900
2025-10-10T14:15:00+00:00,0.084190,900
2025-10-10T14:30:00+00:00,0.092740,900
2025-10-10T14:45:00+00:00,0.112060,900
2025-10-10T15:00:00+00:00,0.091740,900
2025-10-10T15:15:00+00:00,0.106540,900
2025-10-10T15:30:00+00:00,0.117900,900
2025-10-10T15:45:00+00:00,0.134340,900
2025-10-10T16:00:00+00:00,0.103080,900
2025-10-10T16:15:00+00:00,0.114090,900
2025-10-10T16:30:00+00:00,0.118760,900
2025-10-10T16:45:00+00:00,0.132950,900
2025-10-10T17:00:00+00:00,0.122190,900
2025-10-10T17:15:00+00:00,0.122280,900
2025-10-10T17:30:00+00:00,0.123630,900
2025-10-10T17:45:00+00:00,0.120920,900
2025-10-10T18:00:00+00:00,0.130940,900
2025-10-10T18:15:00+00:00,0.119370,900
2025-10-10T18:30:00+00:00,0.110070,900
2025-10-10T18:45:00+00:00,0.100220,900
2025-10-10T19:00:00+00:00,0.115070,900
2025-10-10T19:15:00+00:00,0.109310,900
2025-10-10T19:30:00+00:00,0.099330,900
2025-10-10T19:45:00+00:00,0.085770,900
2025-10-10T20:00:00+00:00,0.102580,900
2025-10-10T20:15:00+00:00,0.100800,900
2025-10-10T20:30:00+00:00,0.098110,900
2025-10-10T20:45:00+00:00,0.086270,900
2025-10-10T21:00:00+00:00,0.094810,900
2025-10-10T21:15:00+00:00,0.093100,900
2025-10-10T21:30:00+00:00,0.096680,900
2025-10-10T21:45:00+00:00,0.089290,900
2025-10-10T22:00:00+00:00,0.126030,900
2025-10-10T22:15:00+00:00,0.102360,900
2025-10-10T22:30:00+00:00,0.088080,900
2025-10-10T22:45:00+00:00,0.085930,900
2025-10-10T23:00:00+00:00,0.095510,900
2025-10-10T23:15:00+00:00,0.089520,900
2025-10-10T23:30:00+00:00,0.087400,900
2025-10-10T23:45:00+00:00,0.087170,900
2025-10-11T00:00:00+00:00,0.090100,900
2025-10-11T00:15:00+00:00,0.088630,900
2025-10-11T00:30:00+00:00,0.090100,900
2025-10-11T00:45:00+00:00,0.086590,900
2025-10-11T01:00:00+00:00,0.084740,900
2025-10-11T01:15:00+00:00,0.083320,900
2025-10-11T01:30:00+00:00,0.080030,900
2025-10-11T01:45:00+00:00,0.080000,900
2025-10-11T02:00:00+00:00,0.081830,900
2025-10-11T02:15:00+00:00,0.080680,900
2025-10-11T02:30:00+00:00,0.084300,900
2025-10-11T02:45:00+00:00,0.083740,900
2025-10-11T03:00:00+00:00,0.081210,900
2025-10-11T03:15:00+00:00,0.082600,900
2025-10-11T03:30:00+00:00,0.084180,900
2025-10-11T03:45:00+00:00,0.085290,900
2025-10-11T04:00:00+00:00,0.087870,900
2025-10-11T04:15:00+00:00,0.088970,900
2025-10-11T04:30:00+00:00,0.091200,900
2025-10-11T04:45:00+00:00,0.093020,900
2025-10-11T05:00:00+00:00,0.096710,900
2025-10-11T05:15:00+00:00,0.095060,900
2025-10-11T05:30:00+00:00,0.097620,900
2025-10-11T05:45:00+00:00,0.097620,900
2025-10-11T06:00:00+00:00,0.103960,900
2025-10-11T06:15:00+00:00,0.103470,900
2025-10-11T06:30:00+00:00,0.101370,900
2025-10-11T06:45:00+00:00,0.097200,900
2025-10-11T07:00:00+00:00,0.158380,900
2025-10-11T07:15:00+00:00,0.128250,900
2025-10-11T07:30:00+00:00,0.102170,900
2025-10-11T07:45:00+00:00,0.076400,900
2025-10-11T08:00:00+00:00,0.167470,900
2025-10-11T08:15:00+00:00,0.111860,900
2025-10-11T08:30:00+00:00,0.078700,900
2025-10-11T08:45:00+00:00,0.068350,900
2025-10-11T09:00:00+00:00,0.134000,900
2025-10-11T09:15:00+00:00,0.089480,900
2025-10-11T09:30:00+00:00,0.072870,900
2025-10-11T09:45:00+00:00,0.060550,900
2025-10-11T10:00:00+00:00,0.103710,900
2025-10-11T10:15:00+00:00,0.080000,900
2025-10-11T10:30:00+00:00,0.080100,900
2025-10-11T10:45:00+00:00,0.078280,900
2025-10-11T11:00:00+00:00,0.068050,900
2025-10-11T11:15:00+00:00,0.060680,900
2025-10-11T11:30:00+00:00,0.059840,900
2025-10-11T11:45:00+00:00,0.061830,900
2025-10-11T12:00:00+00:00,0.062840,900
2025-10-11T12:15:00+00:00,0.072380,900
2025-10-11T12:30:00+00:00,0.081090,900
2025-10-11T12:45:00+00:00,0.092890,900
2025-10-11T13:00:00+00:00,0.064440,900
2025-10-11T13:15:00+00:00,0.075120,900
2025-10-11T13:30:00+00:00,0.087860,900
2025-10-11T13:45:00+00:00,0.099780,900
2025-10-11T14:00:00+00:00,0.062840,900
2025-10-11T14:15:00+00:00,0.075710,900
2025-10-11T14:30:00+00:00,0.119690,900
2025-10-11T14:45:00+00:00,0.125770,900
2025-10-11T15:00:00+00:00,0.075920,900
2025-10-11T15:15:00+00:00,0.091140,900
2025-10-11T15:30:00+00:00,0.118070,900
2025-10-11T15:45:00+00:00,0.137410,900
2025-10-11T16:00:00+00:00,0.102940,900
2025-10-11T16:15:00+00:00,0.117060,900
2025-10-11T16:30:00+00:00,0.125490,900
2025-10-11T16:45:00+00:00,0.138170,900
2025-10-11T17:00:00+00:00,0.127160,900
2025-10-11T17:15:00+00:00,0.135310,900
2025-10-11T17:30:00+00:00,0.126720,900
2025-10-11T17:45:00+00:00,0.119570,900
2025-10-11T18:00:00+00:00,0.141460,900
2025-10-11T18:15:00+00:00,0.126130,900
2025-10-11T18:30:00+00:00,0.108270,900
2025-10-11T18:45:00+00:00,0.099720,900
2025-10-11T19:00:00+00:00,0.122250,900
2025-10-11T19:15:00+00:00,0.111500,900
2025-10-11T19:30:00+00:00,0.109200,900
2025-10-11T19:45:00+00:00,0.093070,900
2025-10-11T20:00:00+00:00,0.115270,900
2025-10-11T20:15:00+00:00,0.105920,900
2025-10-11T20:30:00+00:00,0.101570,900
2025-10-11T20:45:00+00:00,0.093160,900
2025-10-11T21:00:00+00:00,0.104030,900
2025-10-11T21:15:00+00:00,0.094990,900
2025-10-11T21:30:00+00:00,0.093180,900
2025-10-11T21:45:00+00:00,0.087100,900
2025-10-11T22:00:00+00:00,0.108390,900
2025-10-11T22:15:00+00:00,0.105820,900
2025-10-11T22:30:00+00:00,0.085670,900
2025-10-11T22:45:00+00:00,0.082360,900
2025-10-11T23:00:00+00:00,0.111830,900
2025-10-11T23:15:00+00:00,0.094960,900
2025-10-11T23:30:00+00:00,0.084260,900
2025-10-11T23:45:00+00:00,0.080720,900
2025-10-12T00:00:00+00:00,0.095950,900
2025-10-12T00:15:00+00:00,0.085100,900
2025-10-12T00:30:00+00:00,0.081510,900
2025-10-12T00:45:00+00:00,0.080580,900
2025-10-12T01:00:00+00:00,0.086970,900
2025-10-12T01:15:00+00:00,0.081600,900
2025-10-12T01:30:00+00:00,0.079030,900
2025-10-12T01:45:00+00:00,0.074200,900
2025-10-12T02:00:00+00:00,0.078260,900
2025-10-12T02:15:00+00:00,0.077170,900
2025-10-12T02:30:00+00:00,0.087480,900
2025-10-12T02:45:00+00:00,0.085940,900
2025-10-12T03:00:00+00:00,0.077820,900
2025-10-12T03:15:00+00:00,0.078540,900
2025-10-12T03:30:00+00:00,0.087820,900
2025-10-12T03:45:00+00:00,0.083820,900
2025-10-12T04:00:00+00:00,0.082890,900
2025-10-12T04:15:00+00:00,0.086150,900
2025-10-12T04:30:00+00:00,0.088010,900
2025-10-12T04:45:00+00:00,0.087260,900
2025-10-12T05:00:00+00:00,0.094000,900
2025-10-12T05:15:00+00:00,0.085640,900
2025-10-12T05:30:00+00:00,0.085240,900
2025-10-12T05:45:00+00:00,0.086360,900
2025-10-12T06:00:00+00:00,0.101270,900
2025-10-12T06:15:00+00:00,0.088120,900
2025-10-12T06:30:00+00:00,0.086090,900
2025-10-12T06:45:00+00:00,0.076870,900
2025-10-12T07:00:00+00:00,0.124040,900
2025-10-12T07:15:00+00:00,0.101170,900
2025-10-12T07:30:00+00:00,0.076940,900
2025-10-12T07:45:00+00:00,0.073000,900
2025-10-12T08:00:00+00:00,0.124820,900
2025-10-12T08:15:00+00:00,0.105420,900
2025-10-12T08:30:00+00:00,0.076110,900
2025-10-12T08:45:00+00:00,0.073250,900
2025-10-12T09:00:00+00:00,0.080000,900
2025-10-12T09:15:00+00:00,0.075100,900
2025-10-12T09:30:00+00:00,0.074580,900
2025-10-12T09:45:00+00:00,0.081780,900
2025-10-12T10:00:00+00:00,0.076140,900
2025-10-12T10:15:00+00:00,0.073200,900
2025-10-12T10:30:00+00:00,0.068160,900
2025-10-12T10:45:00+00:00,0.070100,900
2025-10-12T11:00:00+00:00,0.061610,900
2025-10-12T11:15:00+00:00,0.061110,900
2025-10-12T11:30:00+00:00,0.061240,900
2025-10-12T11:45:00+00:00,0.054630,900
2025-10-12T12:00:00+00:00,0.073210,900
2025-10-12T12:15:00+00:00,0.067300,900
2025-10-12T12:30:00+00:00,0.067020,900
2025-10-12T12:45:00+00:00,0.073690,900
2025-10-12T13:00:00+00:00,0.074400,900
2025-10-12T13:15:00+00:00,0.072520,900
2025-10-12T13:30:00+00:00,0.084930,900
2025-10-12T13:45:00+00:00,0.092280,900
2025-10-12T14:00:00+00:00,0.072760,900
2025-10-12T14:15:00+00:00,0.083740,900
2025-10-12T14:30:00+00:00,0.092940,900
2025-10-12T14:45:00+00:00,0.102570,900
2025-10-12T15:00:00+00:00,0.075130,900
2025-10-12T15:15:00+00:00,0.089390,900
2025-10-12T15:30:00+00:00,0.101420,900
2025-10-12T15:45:00+00:00,0.109830,900
2025-10-12T16:00:00+00:00,0.090840,900
2025-10-12T16:15:00+00:00,0.101100,900
2025-10-12T16:30:00+00:00,0.110560,900
2025-10-12T16:45:00+00:00,0.118360,900
2025-10-12T17:00:00+00:00,0.114060,900
2025-10-12T17:15:00+00:00,0.115090,900
2025-10-12T17:30:00+00:00,0.120440,900
2025-10-12T17:45:00+00:00,0.115630,900
2025-10-12T18:00:00+00:00,0.119250,900
2025-10-12T18:15:00+00:00,0.118950,900
2025-10-12T18:30:00+00:00,0.112640,900
2025-10-12T18:45:00+00:00,0.110430,900
2025-10-12T19:00:00+00:00,0.114940,900
2025-10-12T19:15:00+00:00,0.114350,900
2025-10-12T19:30:00+00:00,0.106620,900
2025-10-12T19:45:00+00:00,0.100950,900
2025-10-12T20:00:00+00:00,0.110660,900
2025-10-12T20:15:00+00:00,0.104700,900
2025-10-12T20:30:00+00:00,0.103030,900
2025-10-12T20:45:00+00:00,0.096980,900
2025-10-12T21:00:00+00:00,0.101290,900
2025-10-12T21:15:00+00:00,0.090410,900
2025-10-12T21:30:00+00:00,0.089560,900
2025-10-12T21:45:00+00:00,0.083980,900
2025-10-12T22:00:00+00:00,0.100080,900
2025-10-12T22:15:00+00:00,0.090640,900
2025-10-12T22:30:00+00:00,0.087030,900
2025-10-12T22:45:00+00:00,0.080570,900
2025-10-12T23:00:00+00:00,0.088880,900
2025-10-12T23:15:00+00:00,0.083000,900
2025-10-12T23:30:00+00:00,0.087040,900
2025-10-12T23:45:00+00:00,0.084380,900
2025-10-13T00:00:00+00:00,0.091470,900
2025-10-13T00:15:00+00:00,0.087500,900
2025-10-13T00:30:00+00:00,0.083670,900
2025-10-13T00:45:00+00:00,0.079650,900
2025-10-13T01:00:00+00:00,0.082430,900
2025-10-13T01:15:00+00:00,0.080920,900
2025-10-13T01:30:00+00:00,0.077110,900
2025-10-13T01:45:00+00:00,0.075190,900
2025-10-13T02:00:00+00:00,0.081340,900
2025-10-13T02:15:00+00:00,0.075410,900
2025-10-13T02:30:00+00:00,0.082200,900
2025-10-13T02:45:00+00:00,0.087090,900
2025-10-13T03:00:00+00:00,0.078560,900
2025-10-13T03:15:00+00:00,0.081910,900
2025-10-13T03:30:00+00:00,0.089240,900
2025-10-13T03:45:00+00:00,0.104330,900
2025-10-13T04:00:00+00:00,0.083450,900
2025-10-13T04:15:00+00:00,0.083470,900
2025-10-13T04:30:00+00:00,0.130770,900
2025-10-13T04:45:00+00:00,0.170310,900
2025-10-13T05:00:00+00:00,0.083400,900
2025-10-13T05:15:00+00:00,0.158040,900
2025-10-13T05:30:00+00:00,0.178390,900
2025-10-13T05:45:00+00:00,0.166570,900
2025-10-13T06:00:00+00:00,0.209070,900
2025-10-13T06:15:00+00:00,0.197150,900
2025-10-13T06:30:00+00:00,0.167020,900
2025-10-13T06:45:00+00:00,0.134570,900
2025-10-13T07:00:00+00:00,0.197630,900
2025-10-13T07:15:00+00:00,0.150790,900
2025-10-13T07:30:00+00:00,0.131480,900
2025-10-13T07:45:00+00:00,0.104920,900
2025-10-13T08:00:00+00:00,0.136640,900
2025-10-13T08:15:00+00:00,0.127530,900
2025-10-13T08:30:00+00:00,0.115410,900
2025-10-13T08:45:00+00:00,0.106130,900
2025-10-13T09:00:00+00:00,0.122870,900
2025-10-13T09:15:00+00:00,0.108070,900
2025-10-13T09:30:00+00:00,0.099820,900
2025-10-13T09:45:00+00:00,0.094940,900
2025-10-13T10:00:00+00:00,0.100190,900
2025-10-13T10:15:00+00:00,0.093010,900
2025-10-13T10:30:00+00:00,0.090120,900
2025-10-13T10:45:00+00:00,0.086780,900
2025-10-13T11:00:00+00:00,0.091800,900
2025-10-13T11:15:00+00:00,0.088890,900
2025-10-13T11:30:00+00:00,0.081620,900
2025-10-13T11:45:00+00:00,0.079160,900
2025-10-13T12:00:00+00:00,0.079480,900
2025-10-13T12:15:00+00:00,0.082830,900
2025-10-13T12:30:00+00:00,0.085810,900
2025-10-13T12:45:00+00:00,0.091830,900
2025-10-13T13:00:00+00:00,0.078830,900
2025-10-13T13:15:00+00:00,0.087170,900
2025-10-13T13:30:00+00:00,0.094350,900
2025-10-13T13:45:00+00:00,0.109420,900
2025-10-13T14:00:00+00:00,0.078810,900
2025-10-13T14:15:00+00:00,0.096070,900
2025-10-13T14:30:00+00:00,0.112780,900
2025-10-13T14:45:00+00:00,0.137210,900
2025-10-13T15:00:00+00:00,0.100370,900
2025-10-13T15:15:00+00:00,0.122050,900
2025-10-13T15:30:00+00:00,0.181400,900
2025-10-13T15:45:00+00:00,0.259400,900
2025-10-13T16:00:00+00:00,0.178020,900
2025-10-13T16:15:00+00:00,0.235790,900
2025-10-13T16:30:00+00:00,0.321130,900
2025-10-13T16:45:00+00:00,0.366710,900
2025-10-13T17:00:00+00:00,0.353500,900
2025-10-13T17:15:00+00:00,0.309560,900
2025-10-13T17:30:00+00:00,0.250040,900
2025-10-13T17:45:00+00:00,0.205120,900
2025-10-13T18:00:00+00:00,0.252050,900
2025-10-13T18:15:00+00:00,0.186010,900
2025-10-13T18:30:00+00:00,0.135610,900
2025-10-13T18:45:00+00:00,0.124030,900
2025-10-13T19:00:00+00:00,0.164680,900
2025-10-13T19:15:00+00:00,0.133670,900
2025-10-13T19:30:00+00:00,0.113680,900
2025-10-13T19:45:00+00:00,0.109810,900
2025-10-13T20:00:00+00:00,0.123660,900
2025-10-13T20:15:00+00:00,0.119890,900
2025-10-13T20:30:00+00:00,0.117300,900
2025-10-13T20:45:00+00:00,0.107150,900
2025-10-13T21:00:00+00:00,0.118560,900
2025-10-13T21:15:00+00:00,0.104680,900
2025-10-13T21:30:00+00:00,0.104800,900
2025-10-13T21:45:00+00:00,0.097690,900
2025-10-13T22:00:00+00:00,0.114930,900
2025-10-13T22:15:00+00:00,0.116530,900
2025-10-13T22:30:00+00:00,0.101940,900
2025-10-13T22:45:00+00:00,0.095200,900
2025-10-13T23:00:00+00:00,0.107040,900
2025-10-13T23:15:00+00:00,0.103400,900
2025-10-13T23:30:00+00:00,0.100500,900
2025-10-13T23:45:00+00:00,0.090930,900
2025-10-14T00:00:00+00:00,0.104850,900
2025-10-14T00:15:00+00:00,0.098390,900
2025-10-14T00:30:00+00:00,0.094320,900
2025-10-14T00:45:00+00:00,0.088680,900
2025-10-14T01:00:00+00:00,0.098800,900
2025-10-14T01:15:00+00:00,0.095170,900
2025-10-14T01:30:00+00:00,0.092310,900
2025-10-14T01:45:00+00:00,0.091520,900
2025-10-14T02:00:00+00:00,0.094070,900
2025-10-14T02:15:00+00:00,0.094330,900
2025-10-14T02:30:00+00:00,0.092600,900
2025-10-14T02:45:00+00:00,0.097500,900
2025-10-14T03:00:00+00:00,0.092020,900
2025-10-14T03:15:00+00:00,0.095990,900
2025-10-14T03:30:00+00:00,0.097830,900
2025-10-14T03:45:00+00:00,0.098950,900
2025-10-14T04:00:00+00:00,0.086930,900
2025-10-14T04:15:00+00:00,0.106420,900
2025-10-14T04:30:00+00:00,0.136400,900
2025-10-14T04:45:00+00:00,0.126940,900
2025-10-14T05:00:00+00:00,0.126040,900
2025-10-14T05:15:00+00:00,0.135930,900
2025-10-14T05:30:00+00:00,0.172000,900
2025-10-14T05:45:00+00:00,0.179350,900
2025-10-14T06:00:00+00:00,0.220060,900
2025-10-14T06:15:00+00:00,0.214470,900
2025-10-14T06:30:00+00:00,0.163150,900
2025-10-14T06:45:00+00:00,0.136300,900
2025-10-14T07:00:00+00:00,0.204410,900
2025-10-14T07:15:00+00:00,0.147220,900
2025-10-14T07:30:00+00:00,0.129520,900
2025-10-14T07:45:00+00:00,0.118050,900
2025-10-14T08:00:00+00:00,0.171350,900
2025-10-14T08:15:00+00:00,0.128940,900
2025-10-14T08:30:00+00:00,0.113780,900
2025-10-14T08:45:00+00:00,0.106360,900
2025-10-14T09:00:00+00:00,0.129370,900
2025-10-14T09:15:00+00:00,0.115260,900
2025-10-14T09:30:00+00:00,0.110820,900
2025-10-14T09:45:00+00:00,0.103070,900
2025-10-14T10:00:00+00:00,0.107510,900
2025-10-14T10:15:00+00:00,0.106480,900
2025-10-14T10:30:00+00:00,0.102330,900
2025-10-14T10:45:00+00:00,0.094350,900
2025-10-14T11:00:00+00:00,0.099290,900
2025-10-14T11:15:00+00:00,0.097270,900
2025-10-14T11:30:00+00:00,0.097320,900
2025-10-14T11:45:00+00:00,0.094850,900
2025-10-14T12:00:00+00:00,0.082360,900
2025-10-14T12:15:00+00:00,0.094850,900
2025-10-14T12:30:00+00:00,0.100780,900
2025-10-14T12:45:00+00:00,0.114420,900
2025-10-14T13:00:00+00:00,0.094390,900
2025-10-14T13:15:00+00:00,0.104390,900
2025-10-14T13:30:00+00:00,0.108920,900
2025-10-14T13:45:00+00:00,0.141990,900
2025-10-14T14:00:00+00:00,0.084250,900
2025-10-14T14:15:00+00:00,0.106990,900
2025-10-14T14:30:00+00:00,0.139460,900
2025-10-14T14:45:00+00:00,0.195340,900
2025-10-14T15:00:00+00:00,0.107270,900
2025-10-14T15:15:00+00:00,0.135110,900
2025-10-14T15:30:00+00:00,0.214150,900
2025-10-14T15:45:00+00:00,0.290000,900
2025-10-14T16:00:00+00:00,0.236710,900
2025-10-14T16:15:00+00:00,0.268650,900
2025-10-14T16:30:00+00:00,0.375250,900
2025-10-14T16:45:00+00:00,0.435480,900
2025-10-14T17:00:00+00:00,0.437970,900
2025-10-14T17:15:00+00:00,0.407740,900
2025-10-14T17:30:00+00:00,0.352420,900
2025-10-14T17:45:00+00:00,0.288780,900
2025-10-14T18:00:00+00:00,0.307010,900
2025-10-14T18:15:00+00:00,0.227440,900
2025-10-14T18:30:00+00:00,0.168740,900
2025-10-14T18:45:00+00:00,0.135790,900
2025-10-14T19:00:00+00:00,0.193300,900
2025-10-14T19:15:00+00:00,0.154270,900
2025-10-14T19:30:00+00:00,0.144980,900
2025-10-14T19:45:00+00:00,0.124510,900
2025-10-14T20:00:00+00:00,0.141960,900
2025-10-14T20:15:00+00:00,0.130560,900
2025-10-14T20:30:00+00:00,0.123060,900
2025-10-14T20:45:00+00:00,0.116940,900
2025-10-14T21:00:00+00:00,0.120000,900
2025-10-14T21:15:00+00:00,0.115520,900
2025-10-14T21:30:00+00:00,0.109590,900
2025-10-14T21:45:00+00:00,0.108840,900
2025-10-14T22:00:00+00:00,0.111960,900
2025-10-14T22:15:00+00:00,0.115730,900
2025-10-14T22:30:00+00:00,0.107210,900
2025-10-14T22:45:00+00:00,0.105100,900
2025-10-14T23:00:00+00:00,0.109610,900
2025-10-14T23:15:00+00:00,0.105640,900
2025-10-14T23:30:00+00:00,0.105020,900
2025-10-14T23:45:00+00:00,0.099300,900
2025-10-15T00:00:00+00:00,0.104680,900
2025-10-15T00:15:00+00:00,0.099750,900
2025-10-15T00:30:00+00:00,0.098870,900
2025-10-15T00:45:00+00:00,0.100850,900
2025-10-15T01:00:00+00:00,0.100330,900
2025-10-15T01:15:00+00:00,0.099560,900
2025-10-15T01:30:00+00:00,0.092160,900
2025-10-15T01:45:00+00:00,0.093650,900
2025-10-15T02:00:00+00:00,0.092690,900
2025-10-15T02:15:00+00:00,0.096510,900
2025-10-15T02:30:00+00:00,0.098530,900
2025-10-15T02:45:00+00:00,0.103130,900
2025-10-15T03:00:00+00:00,0.100890,900
2025-10-15T03:15:00+00:00,0.105220,900
2025-10-15T03:30:00+00:00,0.108940,900
2025-10-15T03:45:00+00:00,0.104550,900
2025-10-15T04:00:00+00:00,0.079180,900
2025-10-15T04:15:00+00:00,0.096810,900
2025-10-15T04:30:00+00:00,0.125650,900
2025-10-15T04:45:00+00:00,0.164000,900
2025-10-15T05:00:00+00:00,0.081420,900
2025-10-15T05:15:00+00:00,0.106010,900
2025-10-15T05:30:00+00:00,0.214940,900
2025-10-15T05:45:00+00:00,0.238650,900
2025-10-15T06:00:00+00:00,0.293380,900
2025-10-15T06:15:00+00:00,0.261970,900
2025-10-15T06:30:00+00:00,0.226840,900
2025-10-15T06:45:00+00:00,0.190760,900
2025-10-15T07:00:00+00:00,0.238270,900
2025-10-15T07:15:00+00:00,0.187510,900
2025-10-15T07:30:00+00:00,0.138920,900
2025-10-15T07:45:00+00:00,0.123890,900
2025-10-15T08:00:00+00:00,0.179080,900
2025-10-15T08:15:00+00:00,0.135900,900
2025-10-15T08:30:00+00:00,0.127520,900
2025-10-15T08:45:00+00:00,0.109390,900
2025-10-15T09:00:00+00:00,0.136410,900
2025-10-15T09:15:00+00:00,0.123020,900
2025-10-15T09:30:00+00:00,0.111400,900
2025-10-15T09:45:00+00:00,0.105750,900
2025-10-15T10:00:00+00:00,0.120010,900
2025-10-15T10:15:00+00:00,0.115640,900
2025-10-15T10:30:00+00:00,0.108030,900
2025-10-15T10:45:00+00:00,0.102970,900
2025-10-15T11:00:00+00:00,0.110300,900
2025-10-15T11:15:00+00:00,0.108300,900
2025-10-15T11:30:00+00:00,0.102630,900
2025-10-15T11:45:00+00:00,0.096580,900
2025-10-15T12:00:00+00:00,0.099820,900
2025-10-15T12:15:00+00:00,0.101120,900
2025-10-15T12:30:00+00:00,0.101210,900
2025-10-15T12:45:00+00:00,0.110100,900
2025-10-15T13:00:00+00:00,0.092740,900
2025-10-15T13:15:00+00:00,0.100100,900
2025-10-15T13:30:00+00:00,0.113310,900
2025-10-15T13:45:00+00:00,0.139230,900
2025-10-15T14:00:00+00:00,0.094720,900
2025-10-15T14:15:00+00:00,0.111200,900
2025-10-15T14:30:00+00:00,0.136130,900
2025-10-15T14:45:00+00:00,0.157290,900
2025-10-15T15:00:00+00:00,0.102250,900
2025-10-15T15:15:00+00:00,0.123900,900
2025-10-15T15:30:00+00:00,0.170370,900
2025-10-15T15:45:00+00:00,0.239490,900
2025-10-15T16:00:00+00:00,0.149790,900
2025-10-15T16:15:00+00:00,0.178920,900
2025-10-15T16:30:00+00:00,0.229870,900
2025-10-15T16:45:00+00:00,0.272600,900
2025-10-15T17:00:00+00:00,0.270660,900
2025-10-15T17:15:00+00:00,0.230190,900
2025-10-15T17:30:00+00:00,0.181670,900
2025-10-15T17:45:00+00:00,0.160810,900
2025-10-15T18:00:00+00:00,0.204710,900
2025-10-15T18:15:00+00:00,0.154520,900
2025-10-15T18:30:00+00:00,0.122620,900
2025-10-15T18:45:00+00:00,0.112220,900
2025-10-15T19:00:00+00:00,0.144350,900
2025-10-15T19:15:00+00:00,0.125300,900
2025-10-15T19:30:00+00:00,0.115530,900
2025-10-15T19:45:00+00:00,0.094420,900
2025-10-15T20:00:00+00:00,0.113420,900
2025-10-15T20:15:00+00:00,0.098180,900
2025-10-15T20:30:00+00:00,0.095350,900
2025-10-15T20:45:00+00:00,0.081460,900
2025-10-15T21:00:00+00:00,0.094420,900
2025-10-15T21:15:00+00:00,0.087250,900
2025-10-15T21:30:00+00:00,0.087100,900
2025-10-15T21:45:00+00:00,0.081790,900
2025-10-15T22:00:00+00:00,0.083590,900
2025-10-15T22:15:00+00:00,0.091470,900
2025-10-15T22:30:00+00:00,0.087420,900
2025-10-15T22:45:00+00:00,0.081840,900
2025-10-15T23:00:00+00:00,0.086330,900
2025-10-15T23:15:00+00:00,0.083430,900
2025-10-15T23:30:00+00:00,0.082650,900
2025-10-15T23:45:00+00:00,0.078080,900
2025-10-16T00:00:00+00:00,0.087440,900
2025-10-16T00:15:00+00:00,0.087260,900
2025-10-16T00:30:00+00:00,0.083380,900
2025-10-16T00:45:00+00:00,0.080000,900
2025-10-16T01:00:00+00:00,0.085660,900
2025-10-16T01:15:00+00:00,0.081910,900
2025-10-16T01:30:00+00:00,0.080540,900
2025-10-16T01:45:00+00:00,0.072820,900
2025-10-16T02:00:00+00:00,0.077260,900
2025-10-16T02:15:00+00:00,0.076730,900
2025-10-16T02:30:00+00:00,0.080000,900
2025-10-16T02:45:00+00:00,0.081600,900
2025-10-16T03:00:00+00:00,0.075940,900
2025-10-16T03:15:00+00:00,0.078000,900
2025-10-16T03:30:00+00:00,0.080000,900
2025-10-16T03:45:00+00:00,0.084750,900
2025-10-16T04:00:00+00:00,0.067090,900
2025-10-16T04:15:00+00:00,0.082200,900
2025-10-16T04:30:00+00:00,0.093490,900
2025-10-16T04:45:00+00:00,0.105530,900
2025-10-16T05:00:00+00:00,0.093040,900
2025-10-16T05:15:00+00:00,0.105100,900
2025-10-16T05:30:00+00:00,0.106660,900
2025-10-16T05:45:00+00:00,0.105970,900
2025-10-16T06:00:00+00:00,0.140140,900
2025-10-16T06:15:00+00:00,0.142360,900
2025-10-16T06:30:00+00:00,0.132190,900
2025-10-16T06:45:00+00:00,0.103450,900
2025-10-16T07:00:00+00:00,0.147500,900
2025-10-16T07:15:00+00:00,0.131580,900
2025-10-16T07:30:00+00:00,0.106380,900
2025-10-16T07:45:00+00:00,0.086340,900
2025-10-16T08:00:00+00:00,0.116840,900
2025-10-16T08:15:00+00:00,0.092480,900
2025-10-16T08:30:00+00:00,0.079470,900
2025-10-16T08:45:00+00:00,0.076010,900
2025-10-16T09:00:00+00:00,0.099440,900
2025-10-16T09:15:00+00:00,0.086190,900
2025-10-16T09:30:00+00:00,0.082720,900
2025-10-16T09:45:00+00:00,0.075330,900
2025-10-16T10:00:00+00:00,0.086150,900
2025-10-16T10:15:00+00:00,0.076420,900
2025-10-16T10:30:00+00:00,0.080000,900
2025-10-16T10:45:00+00:00,0.072560,900
2025-10-16T11:00:00+00:00,0.082820,900
2025-10-16T11:15:00+00:00,0.080230,900
2025-10-16T11:30:00+00:00,0.075860,900
2025-10-16T11:45:00+00:00,0.076310,900
2025-10-16T12:00:00+00:00,0.076240,900
2025-10-16T12:15:00+00:00,0.077290,900
2025-10-16T12:30:00+00:00,0.077360,900
2025-10-16T12:45:00+00:00,0.090470,900
2025-10-16T13:00:00+00:00,0.069570,900
2025-10-16T13:15:00+00:00,0.079350,900
2025-10-16T13:30:00+00:00,0.079460,900
2025-10-16T13:45:00+00:00,0.088560,900
2025-10-16T14:00:00+00:00,0.067080,900
2025-10-16T14:15:00+00:00,0.079350,900
2025-10-16T14:30:00+00:00,0.089070,900
2025-10-16T14:45:00+00:00,0.110770,900
2025-10-16T15:00:00+00:00,0.075930,900
2025-10-16T15:15:00+00:00,0.109890,900
2025-10-16T15:30:00+00:00,0.126460,900
2025-10-16T15:45:00+00:00,0.149190,900
2025-10-16T16:00:00+00:00,0.107330,900
2025-10-16T16:15:00+00:00,0.126100,900
2025-10-16T16:30:00+00:00,0.134600,900
2025-10-16T16:45:00+00:00,0.145700,900
2025-10-16T17:00:00+00:00,0.137890,900
2025-10-16T17:15:00+00:00,0.144810,900
2025-10-16T17:30:00+00:00,0.145220,900
2025-10-16T17:45:00+00:00,0.136400,900
2025-10-16T18:00:00+00:00,0.145550,900
2025-10-16T18:15:00+00:00,0.124220,900
2025-10-16T18:30:00+00:00,0.125340,900
2025-10-16T18:45:00+00:00,0.103510,900
2025-10-16T19:00:00+00:00,0.123850,900
2025-10-16T19:15:00+00:00,0.103560,900
2025-10-16T19:30:00+00:00,0.089780,900
2025-10-16T19:45:00+00:00,0.086450,900
2025-10-16T20:00:00+00:00,0.087790,900
2025-10-16T20:15:00+00:00,0.098540,900
2025-10-16T20:30:00+00:00,0.105600,900
2025-10-16T20:45:00+00:00,0.096120,900
2025-10-16T21:00:00+00:00,0.100100,900
2025-10-16T21:15:00+00:00,0.094180,900
2025-10-16T21:30:00+00:00,0.093190,900
2025-10-16T21:45:00+00:00,0.083220,900
2025-10-16T22:00:00+00:00,0.091400,900
2025-10-16T22:15:00+00:00,0.088110,900
2025-10-16T22:30:00+00:00,0.087030,900
2025-10-16T22:45:00+00:00,0.084970,900
2025-10-16T23:00:00+00:00,0.086000,900
2025-10-16T23:15:00+00:00,0.084200,900
2025-10-16T23:30:00+00:00,0.086510,900
2025-10-16T23:45:00+00:00,0.086800,900
2025-10-17T00:00:00+00:00,0.091050,900
2025-10-17T00:15:00+00:00,0.086260,900
2025-10-17T00:30:00+00:00,0.085660,900
2025-10-17T00:45:00+00:00,0.086390,900
2025-10-17T01:00:00+00:00,0.087860,900
2025-10-17T01:15:00+00:00,0.086820,900
2025-10-17T01:30:00+00:00,0.088220,900
2025-10-17T01:45:00+00:00,0.085650,900
2025-10-17T02:00:00+00:00,0.085290,900
2025-10-17T02:15:00+00:00,0.084180,900
2025-10-17T02:30:00+00:00,0.088120,900
2025-10-17T02:45:00+00:00,0.094140,900
2025-10-17T03:00:00+00:00,0.088210,900
2025-10-17T03:15:00+00:00,0.088910,900
2025-10-17T03:30:00+00:00,0.095490,900
2025-10-17T03:45:00+00:00,0.096030,900
2025-10-17T04:00:00+00:00,0.083130,900
2025-10-17T04:15:00+00:00,0.089840,900
2025-10-17T04:30:00+00:00,0.109440,900
2025-10-17T04:45:00+00:00,0.119400,900
2025-10-17T05:00:00+00:00,0.114170,900
2025-10-17T05:15:00+00:00,0.116640,900
2025-10-17T05:30:00+00:00,0.133770,900
2025-10-17T05:45:00+00:00,0.146880,900
2025-10-17T06:00:00+00:00,0.158020,900
2025-10-17T06:15:00+00:00,0.159990,900
2025-10-17T06:30:00+00:00,0.140790,900
2025-10-17T06:45:00+00:00,0.118020,900
2025-10-17T07:00:00+00:00,0.161020,900
2025-10-17T07:15:00+00:00,0.133000,900
2025-10-17T07:30:00+00:00,0.120000,900
2025-10-17T07:45:00+00:00,0.102060,900
2025-10-17T08:00:00+00:00,0.124910,900
2025-10-17T08:15:00+00:00,0.120370,900
2025-10-17T08:30:00+00:00,0.108660,900
2025-10-17T08:45:00+00:00,0.102340,900
2025-10-17T09:00:00+00:00,0.111660,900
2025-10-17T09:15:00+00:00,0.099720,900
2025-10-17T09:30:00+00:00,0.089940,900
2025-10-17T09:45:00+00:00,0.084290,900
2025-10-17T10:00:00+00:00,0.090670,900
2025-10-17T10:15:00+00:00,0.085310,900
2025-10-17T10:30:00+00:00,0.084150,900
2025-10-17T10:45:00+00:00,0.079860,900
2025-10-17T11:00:00+00:00,0.084310,900
2025-10-17T11:15:00+00:00,0.080230,900
2025-10-17T11:30:00+00:00,0.078510,900
2025-10-17T11:45:00+00:00,0.075820,900
2025-10-17T12:00:00+00:00,0.075970,900
2025-10-17T12:15:00+00:00,0.078380,900
2025-10-17T12:30:00+00:00,0.080230,900
2025-10-17T12:45:00+00:00,0.081000,900
2025-10-17T13:00:00+00:00,0.073870,900
2025-10-17T13:15:00+00:00,0.078840,900
2025-10-17T13:30:00+00:00,0.083280,900
2025-10-17T13:45:00+00:00,0.085280,900
2025-10-17T14:00:00+00:00,0.075850,900
2025-10-17T14:15:00+00:00,0.082970,900
2025-10-17T14:30:00+00:00,0.090590,900
2025-10-17T14:45:00+00:00,0.109640,900
2025-10-17T15:00:00+00:00,0.087760,900
2025-10-17T15:15:00+00:00,0.106380,900
2025-10-17T15:30:00+00:00,0.121520,900
2025-10-17T15:45:00+00:00,0.146580,900
2025-10-17T16:00:00+00:00,0.123200,900
2025-10-17T16:15:00+00:00,0.128080,900
2025-10-17T16:30:00+00:00,0.126570,900
2025-10-17T16:45:00+00:00,0.137350,900
2025-10-17T17:00:00+00:00,0.129520,900
2025-10-17T17:15:00+00:00,0.131090,900
2025-10-17T17:30:00+00:00,0.137090,900
2025-10-17T17:45:00+00:00,0.129520,900
2025-10-17T18:00:00+00:00,0.132000,900
2025-10-17T18:15:00+00:00,0.112460,900
2025-10-17T18:30:00+00:00,0.119400,900
2025-10-17T18:45:00+00:00,0.105530,900
2025-10-17T19:00:00+00:00,0.115700,900
2025-10-17T19:15:00+00:00,0.100840,900
2025-10-17T19:30:00+00:00,0.101450,900
2025-10-17T19:45:00+00:00,0.098510,900
2025-10-17T20:00:00+00:00,0.108460,900
2025-10-17T20:15:00+00:00,0.102810,900
2025-10-17T20:30:00+00:00,0.102130,900
2025-10-17T20:45:00+00:00,0.095910,900
2025-10-17T21:00:00+00:00,0.105460,900
2025-10-17T21:15:00+00:00,0.095290,900
2025-10-17T21:30:00+00:00,0.087770,900
2025-10-17T21:45:00+00:00,0.081470,900
2025-10-17T22:00:00+00:00,0.093530,900
2025-10-17T22:15:00+00:00,0.103710,900
2025-10-17T22:30:00+00:00,0.093310,900
2025-10-17T22:45:00+00:00,0.087810,900
2025-10-17T23:00:00+00:00,0.096840,900
2025-10-17T23:15:00+00:00,0.090250,900
2025-10-17T23:30:00+00:00,0.087240,900
2025-10-17T23:45:00+00:00,0.086720,900
2025-10-18T00:00:00+00:00,0.097360,900
2025-10-18T00:15:00+00:00,0.090120,900
2025-10-18T00:30:00+00:00,0.086950,900
2025-10-18T00:45:00+00:00,0.085460,900
2025-10-18T01:00:00+00:00,0.086440,900
2025-10-18T01:15:00+00:00,0.086260,900
2025-10-18T01:30:00+00:00,0.087610,900
2025-10-18T01:45:00+00:00,0.088920,900
2025-10-18T02:00:00+00:00,0.083620,900
2025-10-18T02:15:00+00:00,0.084300,900
2025-10-18T02:30:00+00:00,0.086370,900
2025-10-18T02:45:00+00:00,0.088890,900
2025-10-18T03:00:00+00:00,0.081280,900
2025-10-18T03:15:00+00:00,0.083200,900
2025-10-18T03:30:00+00:00,0.091160,900
2025-10-18T03:45:00+00:00,0.090820,900
2025-10-18T04:00:00+00:00,0.078440,900
2025-10-18T04:15:00+00:00,0.083710,900
2025-10-18T04:30:00+00:00,0.093400,900
2025-10-18T04:45:00+00:00,0.104290,900
2025-10-18T05:00:00+00:00,0.093190,900
2025-10-18T05:15:00+00:00,0.108740,900
2025-10-18T05:30:00+00:00,0.112690,900
2025-10-18T05:45:00+00:00,0.116270,900
2025-10-18T06:00:00+00:00,0.121190,900
2025-10-18T06:15:00+00:00,0.117370,900
2025-10-18T06:30:00+00:00,0.116820,900
2025-10-18T06:45:00+00:00,0.102260,900
2025-10-18T07:00:00+00:00,0.123750,900
2025-10-18T07:15:00+00:00,0.115320,900
2025-10-18T07:30:00+00:00,0.092870,900
2025-10-18T07:45:00+00:00,0.075450,900
2025-10-18T08:00:00+00:00,0.113430,900
2025-10-18T08:15:00+00:00,0.089760,900
2025-10-18T08:30:00+00:00,0.079560,900
2025-10-18T08:45:00+00:00,0.072100,900
2025-10-18T09:00:00+00:00,0.085470,900
2025-10-18T09:15:00+00:00,0.075930,900
2025-10-18T09:30:00+00:00,0.070380,900
2025-10-18T09:45:00+00:00,0.062210,900
2025-10-18T10:00:00+00:00,0.073460,900
2025-10-18T10:15:00+00:00,0.067400,900
2025-10-18T10:30:00+00:00,0.069350,900
2025-10-18T10:45:00+00:00,0.060880,900
2025-10-18T11:00:00+00:00,0.062450,900
2025-10-18T11:15:00+00:00,0.057620,900
2025-10-18T11:30:00+00:00,0.059700,900
2025-10-18T11:45:00+00:00,0.060240,900
2025-10-18T12:00:00+00:00,0.054840,900
2025-10-18T12:15:00+00:00,0.061150,900
2025-10-18T12:30:00+00:00,0.064140,900
2025-10-18T12:45:00+00:00,0.072830,900
2025-10-18T13:00:00+00:00,0.058700,900
2025-10-18T13:15:00+00:00,0.067480,900
2025-10-18T13:30:00+00:00,0.075060,900
2025-10-18T13:45:00+00:00,0.088060,900
2025-10-18T14:00:00+00:00,0.054320,900
2025-10-18T14:15:00+00:00,0.072980,900
2025-10-18T14:30:00+00:00,0.091020,900
2025-10-18T14:45:00+00:00,0.117790,900
2025-10-18T15:00:00+00:00,0.074760,900
2025-10-18T15:15:00+00:00,0.103300,900
2025-10-18T15:30:00+00:00,0.114800,900
2025-10-18T15:45:00+00:00,0.152380,900
2025-10-18T16:00:00+00:00,0.114140,900
2025-10-18T16:15:00+00:00,0.124990,900
2025-10-18T16:30:00+00:00,0.134550,900
2025-10-18T16:45:00+00:00,0.135090,900
2025-10-18T17:00:00+00:00,0.134870,900
2025-10-18T17:15:00+00:00,0.125850,900
2025-10-18T17:30:00+00:00,0.118520,900
2025-10-18T17:45:00+00:00,0.116010,900
2025-10-18T18:00:00+00:00,0.131920,900
2025-10-18T18:15:00+00:00,0.113920,900
2025-10-18T18:30:00+00:00,0.104070,900
2025-10-18T18:45:00+00:00,0.095680,900
2025-10-18T19:00:00+00:00,0.099160,900
2025-10-18T19:15:00+00:00,0.097020,900
2025-10-18T19:30:00+00:00,0.089140,900
2025-10-18T19:45:00+00:00,0.085070,900
2025-10-18T20:00:00+00:00,0.103960,900
2025-10-18T20:15:00+00:00,0.095670,900
2025-10-18T20:30:00+00:00,0.096810,900
2025-10-18T20:45:00+00:00,0.085340,900
2025-10-18T21:00:00+00:00,0.105750,900
2025-10-18T21:15:00+00:00,0.096350,900
2025-10-18T21:30:00+00:00,0.089310,900
2025-10-18T21:45:00+00:00,0.085890,900
2025-10-18T22:00:00+00:00,0.102020,900
2025-10-18T22:15:00+00:00,0.092000,900
2025-10-18T22:30:00+00:00,0.086570,900
2025-10-18T22:45:00+00:00,0.083260,900
2025-10-18T23:00:00+00:00,0.092440,900
2025-10-18T23:15:00+00:00,0.086890,900
2025-10-18T23:30:00+00:00,0.082260,900
2025-10-18T23:45:00+00:00,0.077480,900
2025-10-19T00:00:00+00:00,0.084060,900
2025-10-19T00:15:00+00:00,0.077790,900
2025-10-19T00:30:00+00:00,0.076230,900
2025-10-19T00:45:00+00:00,0.072430,900
2025-10-19T01:00:00+00:00,0.076240,900
2025-10-19T01:15:00+00:00,0.072150,900
2025-10-19T01:30:00+00:00,0.072570,900
2025-10-19T01:45:00+00:00,0.074100,900
2025-10-19T02:00:00+00:00,0.074240,900
2025-10-19T02:15:00+00:00,0.072890,900
2025-10-19T02:30:00+00:00,0.074300,900
2025-10-19T02:45:00+00:00,0.073250,900
2025-10-19T03:00:00+00:00,0.072280,900
2025-10-19T03:15:00+00:00,0.070340,900
2025-10-19T03:30:00+00:00,0.073970,900
2025-10-19T03:45:00+00:00,0.072900,900
2025-10-19T04:00:00+00:00,0.073260,900
2025-10-19T04:15:00+00:00,0.073110,900
2025-10-19T04:30:00+00:00,0.075200,900
2025-10-19T04:45:00+00:00,0.079000,900
2025-10-19T05:00:00+00:00,0.075320,900
2025-10-19T05:15:00+00:00,0.076430,900
2025-10-19T05:30:00+00:00,0.073580,900
2025-10-19T05:45:00+00:00,0.074600,900
2025-10-19T06:00:00+00:00,0.086460,900
2025-10-19T06:15:00+00:00,0.083880,900
2025-10-19T06:30:00+00:00,0.072650,900
2025-10-19T06:45:00+00:00,0.064840,900
2025-10-19T07:00:00+00:00,0.085950,900
2025-10-19T07:15:00+00:00,0.073540,900
2025-10-19T07:30:00+00:00,0.066290,900
2025-10-19T07:45:00+00:00,0.053410,900
2025-10-19T08:00:00+00:00,0.070320,900
2025-10-19T08:15:00+00:00,0.065790,900
2025-10-19T08:30:00+00:00,0.058170,900
2025-10-19T08:45:00+00:00,0.049100,900
2025-10-19T09:00:00+00:00,0.067100,900
2025-10-19T09:15:00+00:00,0.054990,900
2025-10-19T09:30:00+00:00,0.053630,900
2025-10-19T09:45:00+00:00,0.036440,900
2025-10-19T10:00:00+00:00,0.049500,900
2025-10-19T10:15:00+00:00,0.039410,900
2025-10-19T10:30:00+00:00,0.028000,900
2025-10-19T10:45:00+00:00,0.015860,900
2025-10-19T11:00:00+00:00,0.024080,900
2025-10-19T11:15:00+00:00,0.019290,900
2025-10-19T11:30:00+00:00,0.016890,900
2025-10-19T11:45:00+00:00,0.014990,900
2025-10-19T12:00:00+00:00,0.010860,900
2025-10-19T12:15:00+00:00,0.020750,900
2025-10-19T12:30:00+00:00,0.039050,900
2025-10-19T12:45:00+00:00,0.058650,900
2025-10-19T13:00:00+00:00,0.034560,900
2025-10-19T13:15:00+00:00,0.067040,900
2025-10-19T13:30:00+00:00,0.073100,900
2025-10-19T13:45:00+00:00,0.085040,900
2025-10-19T14:00:00+00:00,0.050680,900
2025-10-19T14:15:00+00:00,0.070010,900
2025-10-19T14:30:00+00:00,0.084990,900
2025-10-19T14:45:00+00:00,0.101020,900
2025-10-19T15:00:00+00:00,0.073380,900
2025-10-19T15:15:00+00:00,0.083300,900
2025-10-19T15:30:00+00:00,0.104100,900
2025-10-19T15:45:00+00:00,0.164160,900
2025-10-19T16:00:00+00:00,0.104740,900
2025-10-19T16:15:00+00:00,0.102680,900
2025-10-19T16:30:00+00:00,0.090600,900
2025-10-19T16:45:00+00:00,0.089980,900
2025-10-19T17:00:00+00:00,0.125010,900
2025-10-19T17:15:00+00:00,0.086950,900
2025-10-19T17:30:00+00:00,0.083440,900
2025-10-19T17:45:00+00:00,0.072590,900
2025-10-19T18:00:00+00:00,0.086910,900
2025-10-19T18:15:00+00:00,0.073360,900
2025-10-19T18:30:00+00:00,0.075140,900
2025-10-19T18:45:00+00:00,0.069670,900
2025-10-19T19:00:00+00:00,0.085590,900
2025-10-19T19:15:00+00:00,0.071190,900
2025-10-19T19:30:00+00:00,0.066060,900
2025-10-19T19:45:00+00:00,0.056710,900
2025-10-19T20:00:00+00:00,0.084840,900
2025-10-19T20:15:00+00:00,0.069730,900
2025-10-19T20:30:00+00:00,0.066370,900
2025-10-19T20:45:00+00:00,0.056900,900
2025-10-19T21:00:00+00:00,0.064280,900
2025-10-19T21:15:00+00:00,0.055120,900
2025-10-19T21:30:00+00:00,0.051520,900
2025-10-19T21:45:00+00:00,0.051330,900
2025-10-19T22:00:00+00:00,0.072580,900
2025-10-19T22:15:00+00:00,0.065620,900
2025-10-19T22:30:00+00:00,0.059420,900
2025-10-19T22:45:00+00:00,0.049390,900
2025-10-19T23:00:00+00:00,0.059380,900
2025-10-19T23:15:00+00:00,0.056210,900
2025-10-19T23:30:00+00:00,0.051540,900
2025-10-19T23:45:00+00:00,0.050500,900
2025-10-20T00:00:00+00:00,0.057660,900
2025-10-20T00:15:00+00:00,0.053160,900
2025-10-20T00:30:00+00:00,0.052090,900
2025-10-20T00:45:00+00:00,0.050590,900
2025-10-20T01:00:00+00:00,0.053300,900
2025-10-20T01:15:00+00:00,0.051590,900
2025-10-20T01:30:00+00:00,0.050710,900
2025-10-20T01:45:00+00:00,0.052710,900
2025-10-20T02:00:00+00:00,0.047440,900
2025-10-20T02:15:00+00:00,0.050220,900
2025-10-20T02:30:00+00:00,0.051400,900
2025-10-20T02:45:00+00:00,0.059740,900
2025-10-20T03:00:00+00:00,0.049760,900
2025-10-20T03:15:00+00:00,0.064310,900
2025-10-20T03:30:00+00:00,0.069590,900
2025-10-20T03:45:00+00:00,0.072270,900
2025-10-20T04:00:00+00:00,0.052770,900
2025-10-20T04:15:00+00:00,0.080520,900
2025-10-20T04:30:00+00:00,0.084940,900
2025-10-20T04:45:00+00:00,0.077290,900
2025-10-20T05:00:00+00:00,0.075880,900
2025-10-20T05:15:00+00:00,0.082580,900
2025-10-20T05:30:00+00:00,0.091930,900
2025-10-20T05:45:00+00:00,0.103670,900
2025-10-20T06:00:00+00:00,0.138820,900
2025-10-20T06:15:00+00:00,0.129590,900
2025-10-20T06:30:00+00:00,0.112310,900
2025-10-20T06:45:00+00:00,0.095220,900
2025-10-20T07:00:00+00:00,0.188450,900
2025-10-20T07:15:00+00:00,0.125260,900
2025-10-20T07:30:00+00:00,0.089070,900
2025-10-20T07:45:00+00:00,0.073370,900
2025-10-20T08:00:00+00:00,0.167420,900
2025-10-20T08:15:00+00:00,0.092100,900
2025-10-20T08:30:00+00:00,0.070100,900
2025-10-20T08:45:00+00:00,0.062380,900
2025-10-20T09:00:00+00:00,0.080330,900
2025-10-20T09:15:00+00:00,0.072120,900
2025-10-20T09:30:00+00:00,0.062270,900
2025-10-20T09:45:00+00:00,0.060900,900
2025-10-20T10:00:00+00:00,0.061900,900
2025-10-20T10:15:00+00:00,0.057280,900
2025-10-20T10:30:00+00:00,0.054460,900
2025-10-20T10:45:00+00:00,0.057340,900
2025-10-20T11:00:00+00:00,0.059130,900
2025-10-20T11:15:00+00:00,0.060550,900
2025-10-20T11:30:00+00:00,0.059950,900
2025-10-20T11:45:00+00:00,0.061480,900
2025-10-20T12:00:00+00:00,0.057040,900
2025-10-20T12:15:00+00:00,0.062010,900
2025-10-20T12:30:00+00:00,0.065110,900
2025-10-20T12:45:00+00:00,0.078050,900
2025-10-20T13:00:00+00:00,0.064460,900
2025-10-20T13:15:00+00:00,0.073600,900
2025-10-20T13:30:00+00:00,0.092240,900
2025-10-20T13:45:00+00:00,0.104720,900
2025-10-20T14:00:00+00:00,0.073360,900
2025-10-20T14:15:00+00:00,0.088960,900
2025-10-20T14:30:00+00:00,0.110100,900
2025-10-20T14:45:00+00:00,0.132920,900
2025-10-20T15:00:00+00:00,0.090720,900
2025-10-20T15:15:00+00:00,0.108530,900
2025-10-20T15:30:00+00:00,0.116700,900
2025-10-20T15:45:00+00:00,0.126060,900
2025-10-20T16:00:00+00:00,0.116860,900
2025-10-20T16:15:00+00:00,0.119440,900
2025-10-20T16:30:00+00:00,0.121050,900
2025-10-20T16:45:00+00:00,0.108880,900
2025-10-20T17:00:00+00:00,0.120330,900
2025-10-20T17:15:00+00:00,0.104750,900
2025-10-20T17:30:00+00:00,0.095750,900
2025-10-20T17:45:00+00:00,0.086590,900
2025-10-20T18:00:00+00:00,0.103150,900
2025-10-20T18:15:00+00:00,0.080390,900
2025-10-20T18:30:00+00:00,0.070100,900
2025-10-20T18:45:00+00:00,0.067220,900
2025-10-20T19:00:00+00:00,0.091550,900
2025-10-20T19:15:00+00:00,0.086920,900
2025-10-20T19:30:00+00:00,0.069320,900
2025-10-20T19:45:00+00:00,0.054340,900
2025-10-20T20:00:00+00:00,0.078180,900
2025-10-20T20:15:00+00:00,0.064570,900
2025-10-20T20:30:00+00:00,0.060560,900
2025-10-20T20:45:00+00:00,0.050180,900
2025-10-20T21:00:00+00:00,0.053350,900
2025-10-20T21:15:00+00:00,0.056810,900
2025-10-20T21:30:00+00:00,0.054200,900
2025-10-20T21:45:00+00:00,0.039640,900
2025-10-20T22:00:00+00:00,0.068240,900
2025-10-20T22:15:00+00:00,0.054700,900
2025-10-20T22:30:00+00:00,0.044800,900
2025-10-20T22:45:00+00:00,0.037620,900
2025-10-20T23:00:00+00:00,0.049220,900
2025-10-20T23:15:00+00:00,0.042080,900
2025-10-20T23:30:00+00:00,0.037000,900
2025-10-20T23:45:00+00:00,0.023070,900
2025-10-21T00:00:00+00:00,0.039380,900
2025-10-21T00:15:00+00:00,0.028230,900
2025-10-21T00:30:00+00:00,0.024810,900
2025-10-21T00:45:00+00:00,0.015000,900
2025-10-21T01:00:00+00:00,0.025220,900
2025-10-21T01:15:00+00:00,0.017520,900
2025-10-21T01:30:00+00:00,0.012890,900
2025-10-21T01:45:00+00:00,0.012370,900
2025-10-21T02:00:00+00:00,0.015770,900
2025-10-21T02:15:00+00:00,0.016490,900
2025-10-21T02:30:00+00:00,0.025040,900
2025-10-21T02:45:00+00:00,0.025230,900
2025-10-21T03:00:00+00:00,0.021040,900
2025-10-21T03:15:00+00:00,0.038030,900
2025-10-21T03:30:00+00:00,0.041580,900
2025-10-21T03:45:00+00:00,0.054490,900
2025-10-21T04:00:00+00:00,0.036410,900
2025-10-21T04:15:00+00:00,0.068190,900
2025-10-21T04:30:00+00:00,0.082910,900
2025-10-21T04:45:00+00:00,0.083100,900
2025-10-21T05:00:00+00:00,0.062310,900
2025-10-21T05:15:00+00:00,0.083790,900
2025-10-21T05:30:00+00:00,0.091850,900
2025-10-21T05:45:00+00:00,0.083760,900
2025-10-21T06:00:00+00:00,0.085560,900
2025-10-21T06:15:00+00:00,0.091400,900
2025-10-21T06:30:00+00:00,0.100030,900
2025-10-21T06:45:00+00:00,0.095410,900
2025-10-21T07:00:00+00:00,0.105220,900
2025-10-21T07:15:00+00:00,0.088780,900
2025-10-21T07:30:00+00:00,0.084590,900
2025-10-21T07:45:00+00:00,0.069410,900
2025-10-21T08:00:00+00:00,0.092000,900
2025-10-21T08:15:00+00:00,0.084060,900
2025-10-21T08:30:00+00:00,0.066350,900
2025-10-21T08:45:00+00:00,0.054670,900
2025-10-21T09:00:00+00:00,0.085000,900
2025-10-21T09:15:00+00:00,0.072910,900
2025-10-21T09:30:00+00:00,0.058400,900
2025-10-21T09:45:00+00:00,0.044140,900
2025-10-21T10:00:00+00:00,0.057650,900
2025-10-21T10:15:00+00:00,0.052320,900
2025-10-21T10:30:00+00:00,0.049830,900
2025-10-21T10:45:00+00:00,0.030020,900
2025-10-21T11:00:00+00:00,0.044220,900
2025-10-21T11:15:00+00:00,0.035420,900
2025-10-21T11:30:00+00:00,0.023320,900
2025-10-21T11:45:00+00:00,0.018730,900
2025-10-21T12:00:00+00:00,0.015110,900
2025-10-21T12:15:00+00:00,0.026610,900
2025-10-21T12:30:00+00:00,0.034150,900
2025-10-21T12:45:00+00:00,0.051520,900
2025-10-21T13:00:00+00:00,0.019130,900
2025-10-21T13:15:00+00:00,0.044400,900
2025-10-21T13:30:00+00:00,0.071620,900
2025-10-21T13:45:00+00:00,0.087410,900
2025-10-21T14:00:00+00:00,0.035440,900
2025-10-21T14:15:00+00:00,0.053420,900
2025-10-21T14:30:00+00:00,0.083300,900
2025-10-21T14:45:00+00:00,0.098950,900
2025-10-21T15:00:00+00:00,0.049340,900
2025-10-21T15:15:00+00:00,0.087450,900
2025-10-21T15:30:00+00:00,0.115310,900
2025-10-21T15:45:00+00:00,0.135300,900
2025-10-21T16:00:00+00:00,0.086630,900
2025-10-21T16:15:00+00:00,0.110620,900
2025-10-21T16:30:00+00:00,0.137940,900
2025-10-21T16:45:00+00:00,0.142430,900
2025-10-21T17:00:00+00:00,0.123590,900
2025-10-21T17:15:00+00:00,0.129360,900
2025-10-21T17:30:00+00:00,0.112730,900
2025-10-21T17:45:00+00:00,0.100960,900
2025-10-21T18:00:00+00:00,0.114910,900
2025-10-21T18:15:00+00:00,0.102690,900
2025-10-21T18:30:00+00:00,0.094910,900
2025-10-21T18:45:00+00:00,0.087500,900
2025-10-21T19:00:00+00:00,0.088250,900
2025-10-21T19:15:00+00:00,0.078760,900
2025-10-21T19:30:00+00:00,0.085100,900
2025-10-21T19:45:00+00:00,0.069270,900
2025-10-21T20:00:00+00:00,0.091030,900
2025-10-21T20:15:00+00:00,0.080510,900
2025-10-21T20:30:00+00:00,0.078400,900
2025-10-21T20:45:00+00:00,0.071110,900
2025-10-21T21:00:00+00:00,0.081940,900
2025-10-21T21:15:00+00:00,0.075790,900
2025-10-21T21:30:00+00:00,0.073340,900
2025-10-21T21:45:00+00:00,0.061740,900
2025-10-21T22:00:00+00:00,0.083190,900
2025-10-21T22:15:00+00:00,0.082260,900
2025-10-21T22:30:00+00:00,0.075420,900
2025-10-21T22:45:00+00:00,0.072830,900
2025-10-21T23:00:00+00:00,0.077970,900
2025-10-21T23:15:00+00:00,0.077210,900
2025-10-21T23:30:00+00:00,0.077070,900
2025-10-21T23:45:00+00:00,0.074220,900
2025-10-22T00:00:00+00:00,0.073150,900
2025-10-22T00:15:00+00:00,0.072880,900
2025-10-22T00:30:00+00:00,0.075690,900
2025-10-22T00:45:00+00:00,0.076800,900
2025-10-22T01:00:00+00:00,0.079510,900
2025-10-22T01:15:00+00:00,0.078470,900
2025-10-22T01:30:00+00:00,0.078430,900
2025-10-22T01:45:00+00:00,0.075460,900
2025-10-22T02:00:00+00:00,0.076360,900
2025-10-22T02:15:00+00:00,0.078120,900
2025-10-22T02:30:00+00:00,0.082030,900
2025-10-22T02:45:00+00:00,0.082780,900
2025-10-22T03:00:00+00:00,0.072750,900
2025-10-22T03:15:00+00:00,0.077590,900
2025-10-22T03:30:00+00:00,0.088470,900
2025-10-22T03:45:00+00:00,0.087350,900
2025-10-22T04:00:00+00:00,0.086180,900
2025-10-22T04:15:00+00:00,0.087710,900
2025-10-22T04:30:00+00:00,0.088210,900
2025-10-22T04:45:00+00:00,0.091080,900
2025-10-22T05:00:00+00:00,0.092910,900
2025-10-22T05:15:00+00:00,0.098680,900
2025-10-22T05:30:00+00:00,0.096930,900
2025-10-22T05:45:00+00:00,0.085620,900
2025-10-22T06:00:00+00:00,0.091750,900
2025-10-22T06:15:00+00:00,0.120410,900
2025-10-22T06:30:00+00:00,0.124700,900
2025-10-22T06:45:00+00:00,0.107710,900
2025-10-22T07:00:00+00:00,0.148000,900
2025-10-22T07:15:00+00:00,0.137380,900
2025-10-22T07:30:00+00:00,0.115640,900
2025-10-22T07:45:00+00:00,0.097160,900
2025-10-22T08:00:00+00:00,0.130540,900
2025-10-22T08:15:00+00:00,0.097300,900
2025-10-22T08:30:00+00:00,0.086860,900
2025-10-22T08:45:00+00:00,0.085730,900
2025-10-22T09:00:00+00:00,0.089660,900
2025-10-22T09:15:00+00:00,0.085840,900
2025-10-22T09:30:00+00:00,0.078770,900
2025-10-22T09:45:00+00:00,0.073920,900
2025-10-22T10:00:00+00:00,0.086150,900
2025-10-22T10:15:00+00:00,0.077740,900
2025-10-22T10:30:00+00:00,0.076550,900
2025-10-22T10:45:00+00:00,0.073990,900
2025-10-22T11:00:00+00:00,0.085020,900
2025-10-22T11:15:00+00:00,0.076790,900
2025-10-22T11:30:00+00:00,0.077310,900
2025-10-22T11:45:00+00:00,0.075130,900
2025-10-22T12:00:00+00:00,0.077740,900
2025-10-22T12:15:00+00:00,0.083360,900
2025-10-22T12:30:00+00:00,0.081570,900
2025-10-22T12:45:00+00:00,0.093720,900
2025-10-22T13:00:00+00:00,0.082560,900
2025-10-22T13:15:00+00:00,0.091830,900
2025-10-22T13:30:00+00:00,0.113840,900
2025-10-22T13:45:00+00:00,0.129970,900
2025-10-22T14:00:00+00:00,0.077770,900
2025-10-22T14:15:00+00:00,0.101460,900
2025-10-22T14:30:00+00:00,0.130780,900
2025-10-22T14:45:00+00:00,0.184730,900
2025-10-22T15:00:00+00:00,0.121850,900
2025-10-22T15:15:00+00:00,0.147520,900
2025-10-22T15:30:00+00:00,0.201320,900
2025-10-22T15:45:00+00:00,0.258920,900
2025-10-22T16:00:00+00:00,0.207960,900
2025-10-22T16:15:00+00:00,0.253130,900
2025-10-22T16:30:00+00:00,0.338040,900
2025-10-22T16:45:00+00:00,0.353260,900
2025-10-22T17:00:00+00:00,0.330320,900
2025-10-22T17:15:00+00:00,0.305020,900
2025-10-22T17:30:00+00:00,0.257880,900
2025-10-22T17:45:00+00:00,0.219000,900
2025-10-22T18:00:00+00:00,0.237020,900
2025-10-22T18:15:00+00:00,0.178930,900
2025-10-22T18:30:00+00:00,0.139600,900
2025-10-22T18:45:00+00:00,0.126720,900
2025-10-22T19:00:00+00:00,0.157240,900
2025-10-22T19:15:00+00:00,0.125610,900
2025-10-22T19:30:00+00:00,0.106550,900
2025-10-22T19:45:00+00:00,0.091580,900
2025-10-22T20:00:00+00:00,0.124800,900
2025-10-22T20:15:00+00:00,0.111790,900
2025-10-22T20:30:00+00:00,0.100930,900
2025-10-22T20:45:00+00:00,0.093280,900
2025-10-22T21:00:00+00:00,0.101980,900
2025-10-22T21:15:00+00:00,0.097050,900
2025-10-22T21:30:00+00:00,0.093460,900
2025-10-22T21:45:00+00:00,0.084680,900
2025-10-22T22:00:00+00:00,0.096450,900
2025-10-22T22:15:00+00:00,0.097240,900
2025-10-22T22:30:00+00:00,0.086240,900
2025-10-22T22:45:00+00:00,0.077160,900
2025-10-22T23:00:00+00:00,0.088320,900
2025-10-22T23:15:00+00:00,0.086190,900
2025-10-22T23:30:00+00:00,0.078110,900
2025-10-22T23:45:00+00:00,0.074910,900
2025-10-23T00:00:00+00:00,0.088980,900
2025-10-23T00:15:00+00:00,0.081900,900
2025-10-23T00:30:00+00:00,0.074480,900
2025-10-23T00:45:00+00:00,0.071700,900
2025-10-23T01:00:00+00:00,0.077820,900
2025-10-23T01:15:00+00:00,0.072770,900
2025-10-23T01:30:00+00:00,0.061410,900
2025-10-23T01:45:00+00:00,0.052860,900
2025-10-23T02:00:00+00:00,0.073270,900
2025-10-23T02:15:00+00:00,0.066320,900
2025-10-23T02:30:00+00:00,0.062550,900
2025-10-23T02:45:00+00:00,0.059530,900
2025-10-23T03:00:00+00:00,0.058430,900
2025-10-23T03:15:00+00:00,0.058990,900
2025-10-23T03:30:00+00:00,0.060100,900
2025-10-23T03:45:00+00:00,0.063650,900
2025-10-23T04:00:00+00:00,0.064540,900
2025-10-23T04:15:00+00:00,0.074020,900
2025-10-23T04:30:00+00:00,0.072080,900
2025-10-23T04:45:00+00:00,0.078360,900
2025-10-23T05:00:00+00:00,0.078970,900
2025-10-23T05:15:00+00:00,0.084380,900
2025-10-23T05:30:00+00:00,0.086890,900
2025-10-23T05:45:00+00:00,0.089760,900
2025-10-23T06:00:00+00:00,0.108190,900
2025-10-23T06:15:00+00:00,0.110670,900
2025-10-23T06:30:00+00:00,0.095940,900
2025-10-23T06:45:00+00:00,0.114360,900
2025-10-23T07:00:00+00:00,0.138670,900
2025-10-23T07:15:00+00:00,0.095700,900
2025-10-23T07:30:00+00:00,0.082980,900
2025-10-23T07:45:00+00:00,0.069580,900
2025-10-23T08:00:00+00:00,0.096460,900
2025-10-23T08:15:00+00:00,0.084900,900
2025-10-23T08:30:00+00:00,0.072650,900
2025-10-23T08:45:00+00:00,0.065920,900
2025-10-23T09:00:00+00:00,0.073080,900
2025-10-23T09:15:00+00:00,0.068650,900
2025-10-23T09:30:00+00:00,0.064150,900
2025-10-23T09:45:00+00:00,0.062510,900
2025-10-23T10:00:00+00:00,0.063840,900
2025-10-23T10:15:00+00:00,0.062010,900
2025-10-23T10:30:00+00:00,0.061990,900
2025-10-23T10:45:00+00:00,0.057210,900
2025-10-23T11:00:00+00:00,0.065930,900
2025-10-23T11:15:00+00:00,0.063990,900
2025-10-23T11:30:00+00:00,0.063560,900
2025-10-23T11:45:00+00:00,0.062940,900
2025-10-23T12:00:00+00:00,0.058780,900
2025-10-23T12:15:00+00:00,0.063020,900
2025-10-23T12:30:00+00:00,0.065700,900
2025-10-23T12:45:00+00:00,0.068280,900
2025-10-23T13:00:00+00:00,0.064560,900
2025-10-23T13:15:00+00:00,0.068740,900
2025-10-23T13:30:00+00:00,0.080700,900
2025-10-23T13:45:00+00:00,0.123000,900
2025-10-23T14:00:00+00:00,0.070790,900
2025-10-23T14:15:00+00:00,0.075760,900
2025-10-23T14:30:00+00:00,0.089420,900
2025-10-23T14:45:00+00:00,0.121790,900
2025-10-23T15:00:00+00:00,0.075100,900
2025-10-23T15:15:00+00:00,0.086000,900
2025-10-23T15:30:00+00:00,0.107240,900
2025-10-23T15:45:00+00:00,0.174940,900
2025-10-23T16:00:00+00:00,0.109110,900
2025-10-23T16:15:00+00:00,0.109110,900
2025-10-23T16:30:00+00:00,0.115130,900
2025-10-23T16:45:00+00:00,0.136510,900
2025-10-23T17:00:00+00:00,0.135190,900
2025-10-23T17:15:00+00:00,0.133360,900
2025-10-23T17:30:00+00:00,0.108970,900
2025-10-23T17:45:00+00:00,0.108970,900
2025-10-23T18:00:00+00:00,0.154150,900
2025-10-23T18:15:00+00:00,0.089490,900
2025-10-23T18:30:00+00:00,0.086850,900
2025-10-23T18:45:00+00:00,0.077510,900
2025-10-23T19:00:00+00:00,0.092910,900
2025-10-23T19:15:00+00:00,0.090100,900
2025-10-23T19:30:00+00:00,0.091250,900
2025-10-23T19:45:00+00:00,0.080510,900
2025-10-23T20:00:00+00:00,0.103010,900
2025-10-23T20:15:00+00:00,0.084530,900
2025-10-23T20:30:00+00:00,0.080000,900
2025-10-23T20:45:00+00:00,0.080100,900
2025-10-23T21:00:00+00:00,0.068340,900
2025-10-23T21:15:00+00:00,0.061360,900
2025-10-23T21:30:00+00:00,0.058830,900
2025-10-23T21:45:00+00:00,0.051780,900
2025-10-23T22:00:00+00:00,0.015200,900
2025-10-23T22:15:00+00:00,0.019400,900
2025-10-23T22:30:00+00:00,0.012930,900
2025-10-23T22:45:00+00:00,0.009050,900
2025-10-23T23:00:00+00:00,0.010060,900
2025-10-23T23:15:00+00:00,0.006760,900
2025-10-23T23:30:00+00:00,0.006410,900
2025-10-23T23:45:00+00:00,0.004380,900
2025-10-24T00:00:00+00:00,0.007170,900
2025-10-24T00:15:00+00:00,0.003930,900
2025-10-24T00:30:00+00:00,0.003030,900
2025-10-24T00:45:00+00:00,0.002410,900
2025-10-24T01:00:00+00:00,0.003800,900
2025-10-24T01:15:00+00:00,0.000100,900
2025-10-24T01:30:00+00:00,0.000100,900
2025-10-24T01:45:00+00:00,0.000100,900
2025-10-24T02:00:00+00:00,0.002500,900
2025-10-24T02:15:00+00:00,0.001340,900
2025-10-24T02:30:00+00:00,0.002270,900
2025-10-24T02:45:00+00:00,0.002520,900
2025-10-24T03:00:00+00:00,0.003880,900
2025-10-24T03:15:00+00:00,0.004410,900
2025-10-24T03:30:00+00:00,0.007000,900
2025-10-24T03:45:00+00:00,0.011880,900
2025-10-24T04:00:00+00:00,0.007310,900
2025-10-24T04:15:00+00:00,0.017080,900
2025-10-24T04:30:00+00:00,0.028180,900
2025-10-24T04:45:00+00:00,0.040540,900
2025-10-24T05:00:00+00:00,0.050600,900
2025-10-24T05:15:00+00:00,0.058240,900
2025-10-24T05:30:00+00:00,0.073210,900
2025-10-24T05:45:00+00:00,0.079630,900
2025-10-24T06:00:00+00:00,0.088390,900
2025-10-24T06:15:00+00:00,0.091690,900
2025-10-24T06:30:00+00:00,0.090100,900
2025-10-24T06:45:00+00:00,0.085200,900
2025-10-24T07:00:00+00:00,0.093520,900
2025-10-24T07:15:00+00:00,0.084490,900
2025-10-24T07:30:00+00:00,0.075420,900
2025-10-24T07:45:00+00:00,0.066170,900
2025-10-24T08:00:00+00:00,0.079000,900
2025-10-24T08:15:00+00:00,0.066310,900
2025-10-24T08:30:00+00:00,0.054100,900
2025-10-24T08:45:00+00:00,0.041520,900
2025-10-24T09:00:00+00:00,0.056880,900
2025-10-24T09:15:00+00:00,0.046130,900
2025-10-24T09:30:00+00:00,0.027790,900
2025-10-24T09:45:00+00:00,0.023360,900
2025-10-24T10:00:00+00:00,0.039390,900
2025-10-24T10:15:00+00:00,0.017680,900
2025-10-24T10:30:00+00:00,0.008510,900
2025-10-24T10:45:00+00:00,0.002920,900
2025-10-24T11:00:00+00:00,0.002930,900
2025-10-24T11:15:00+00:00,0.001900,900
2025-10-24T11:30:00+00:00,-0.000040,900
2025-10-24T11:45:00+00:00,-0.000360,900
2025-10-24T12:00:00+00:00,0.000390,900
2025-10-24T12:15:00+00:00,0.000350,900
2025-10-24T12:30:00+00:00,-0.000010,900
2025-10-24T12:45:00+00:00,0.004740,900
2025-10-24T13:00:00+00:00,0.000010,900
2025-10-24T13:15:00+00:00,0.013110,900
2025-10-24T13:30:00+00:00,0.024640,900
2025-10-24T13:45:00+00:00,0.034010,900
2025-10-24T14:00:00+00:00,0.010410,900
2025-10-24T14:15:00+00:00,0.031820,900
2025-10-24T14:30:00+00:00,0.050220,900
2025-10-24T14:45:00+00:00,0.067360,900
2025-10-24T15:00:00+00:00,0.049820,900
2025-10-24T15:15:00+00:00,0.062250,900
2025-10-24T15:30:00+00:00,0.071240,900
2025-10-24T15:45:00+00:00,0.100100,900
2025-10-24T16:00:00+00:00,0.073930,900
2025-10-24T16:15:00+00:00,0.086010,900
2025-10-24T16:30:00+00:00,0.090770,900
2025-10-24T16:45:00+00:00,0.109280,900
2025-10-24T17:00:00+00:00,0.100320,900
2025-10-24T17:15:00+00:00,0.084220,900
2025-10-24T17:30:00+00:00,0.079560,900
2025-10-24T17:45:00+00:00,0.075500,900
2025-10-24T18:00:00+00:00,0.078970,900
2025-10-24T18:15:00+00:00,0.066400,900
2025-10-24T18:30:00+00:00,0.052530,900
2025-10-24T18:45:00+00:00,0.050100,900
2025-10-24T19:00:00+00:00,0.063810,900
2025-10-24T19:15:00+00:00,0.051500,900
2025-10-24T19:30:00+00:00,0.036690,900
2025-10-24T19:45:00+00:00,0.028000,900
2025-10-24T20:00:00+00:00,0.036410,900
2025-10-24T20:15:00+00:00,0.028450,900
2025-10-24T20:30:00+00:00,0.030820,900
2025-10-24T20:45:00+00:00,0.020000,900
2025-10-24T21:00:00+00:00,0.023200,900
2025-10-24T21:15:00+00:00,0.007520,900
2025-10-24T21:30:00+00:00,0.005270,900
2025-10-24T21:45:00+00:00,0.004010,900
2025-10-24T22:00:00+00:00,0.003260,900
2025-10-24T22:15:00+00:00,0.004210,900
2025-10-24T22:30:00+00:00,0.002730,900
2025-10-24T22:45:00+00:00,0.001830,900
2025-10-24T23:00:00+00:00,0.000890,900
2025-10-24T23:15:00+00:00,0.000710,900
2025-10-24T23:30:00+00:00,-0.000460,900
2025-10-24T23:45:00+00:00,-0.001180,900
2025-10-25T00:00:00+00:00,0.002280,900
2025-10-25T00:15:00+00:00,0.000100,900
2025-10-25T00:30:00+00:00,-0.001170,900
2025-10-25T00:45:00+00:00,-0.001260,900
2025-10-25T01:00:00+00:00,0.000000,900
2025-10-25T01:15:00+00:00,0.000000,900
2025-10-25T01:30:00+00:00,-0.000010,900
2025-10-25T01:45:00+00:00,-0.000800,900
2025-10-25T02:00:00+00:00,-0.000290,900
2025-10-25T02:15:00+00:00,-0.000770,900
2025-10-25T02:30:00+00:00,-0.000720,900
2025-10-25T02:45:00+00:00,-0.000260,900
2025-10-25T03:00:00+00:00,-0.001100,900
2025-10-25T03:15:00+00:00,-0.000660,900
2025-10-25T03:30:00+00:00,-0.000140,900
2025-10-25T03:45:00+00:00,-0.000100,900
2025-10-25T04:00:00+00:00,-0.000560,900
2025-10-25T04:15:00+00:00,-0.000860,900
2025-10-25T04:30:00+00:00,0.000210,900
2025-10-25T04:45:00+00:00,0.001170,900
2025-10-25T05:00:00+00:00,0.002020,900
2025-10-25T05:15:00+00:00,0.002180,900
2025-10-25T05:30:00+00:00,0.001070,900
2025-10-25T05:45:00+00:00,0.000530,900
2025-10-25T06:00:00+00:00,0.003920,900
2025-10-25T06:15:00+00:00,0.003910,900
2025-10-25T06:30:00+00:00,0.004910,900
2025-10-25T06:45:00+00:00,0.005710,900
2025-10-25T07:00:00+00:00,0.009100,900
2025-10-25T07:15:00+00:00,0.008830,900
2025-10-25T07:30:00+00:00,0.008830,900
2025-10-25T07:45:00+00:00,0.008800,900
2025-10-25T08:00:00+00:00,0.008860,900
2025-10-25T08:15:00+00:00,0.008810,900
2025-10-25T08:30:00+00:00,0.008130,900
2025-10-25T08:45:00+00:00,0.006390,900
2025-10-25T09:00:00+00:00,0.008610,900
2025-10-25T09:15:00+00:00,0.004510,900
2025-10-25T09:30:00+00:00,0.005980,900
2025-10-25T09:45:00+00:00,0.005760,900
2025-10-25T10:00:00+00:00,0.005360,900
2025-10-25T10:15:00+00:00,0.006020,900
2025-10-25T10:30:00+00:00,0.007570,900
2025-10-25T10:45:00+00:00,0.006100,900
2025-10-25T11:00:00+00:00,0.005470,900
2025-10-25T11:15:00+00:00,0.004800,900
2025-10-25T11:30:00+00:00,0.004300,900
2025-10-25T11:45:00+00:00,0.005000,900
2025-10-25T12:00:00+00:00,0.001640,900
2025-10-25T12:15:00+00:00,0.002920,900
2025-10-25T12:30:00+00:00,0.005240,900
2025-10-25T12:45:00+00:00,0.007040,900
2025-10-25T13:00:00+00:00,0.001930,900
2025-10-25T13:15:00+00:00,0.005080,900
2025-10-25T13:30:00+00:00,0.005330,900
2025-10-25T13:45:00+00:00,0.004700,900
2025-10-25T14:00:00+00:00,0.004270,900
2025-10-25T14:15:00+00:00,0.005510,900
2025-10-25T14:30:00+00:00,0.005140,900
2025-10-25T14:45:00+00:00,0.009460,900
2025-10-25T15:00:00+00:00,0.012320,900
2025-10-25T15:15:00+00:00,0.027360,900
2025-10-25T15:30:00+00:00,0.033950,900
2025-10-25T15:45:00+00:00,0.076300,900
2025-10-25T16:00:00+00:00,0.052000,900
2025-10-25T16:15:00+00:00,0.055730,900
2025-10-25T16:30:00+00:00,0.064270,900
2025-10-25T16:45:00+00:00,0.080000,900
2025-10-25T17:00:00+00:00,0.078290,900
2025-10-25T17:15:00+00:00,0.079110,900
2025-10-25T17:30:00+00:00,0.070100,900
2025-10-25T17:45:00+00:00,0.060100,900
2025-10-25T18:00:00+00:00,0.077200,900
2025-10-25T18:15:00+00:00,0.060100,900
2025-10-25T18:30:00+00:00,0.046550,900
2025-10-25T18:45:00+00:00,0.034950,900
2025-10-25T19:00:00+00:00,0.051970,900
2025-10-25T19:15:00+00:00,0.047260,900
2025-10-25T19:30:00+00:00,0.040100,900
2025-10-25T19:45:00+00:00,0.033070,900
2025-10-25T20:00:00+00:00,0.032960,900
2025-10-25T20:15:00+00:00,0.030130,900
2025-10-25T20:30:00+00:00,0.031310,900
2025-10-25T20:45:00+00:00,0.029070,900
2025-10-25T21:00:00+00:00,0.020000,900
2025-10-25T21:15:00+00:00,0.008720,900
2025-10-25T21:30:00+00:00,0.007470,900
2025-10-25T21:45:00+00:00,0.004570,900
2025-10-25T22:00:00+00:00,0.036370,900
2025-10-25T22:15:00+00:00,0.014570,900
2025-10-25T22:30:00+00:00,0.004620,900
2025-10-25T22:45:00+00:00,0.004430,900
2025-10-25T23:00:00+00:00,0.004240,900
2025-10-25T23:15:00+00:00,0.003980,900
2025-10-25T23:30:00+00:00,0.003750,900
2025-10-25T23:45:00+00:00,0.003270,900
2025-10-26T00:00:00+00:00,0.003990,900
2025-10-26T00:15:00+00:00,0.003330,900
2025-10-26T00:30:00+00:00,0.003040,900
2025-10-26T00:45:00+00:00,0.002400,900
2025-10-26T01:00:00+00:00,0.002890,900
2025-10-26T01:15:00+00:00,0.002500,900
2025-10-26T01:30:00+00:00,0.002140,900
2025-10-26T01:45:00+00:00,0.000640,900
2025-10-26T02:00:00+00:00,0.001230,900
2025-10-26T02:15:00+00:00,0.000100,900
2025-10-26T02:30:00+00:00,0.000200,900
2025-10-26T02:45:00+00:00,0.000140,900
2025-10-26T03:00:00+00:00,0.000230,900
2025-10-26T03:15:00+00:00,0.000130,900
2025-10-26T03:30:00+00:00,0.000100,900
2025-10-26T03:45:00+00:00,0.000010,900
2025-10-26T04:00:00+00:00,0.000120,900
2025-10-26T04:15:00+00:00,0.000100,900
2025-10-26T04:30:00+00:00,0.000100,900
2025-10-26T04:45:00+00:00,0.000100,900
2025-10-26T05:00:00+00:00,0.000040,900
2025-10-26T05:15:00+00:00,0.000070,900
2025-10-26T05:30:00+00:00,0.000340,900
2025-10-26T05:45:00+00:00,0.000150,900
2025-10-26T06:00:00+00:00,0.002380,900
2025-10-26T06:15:00+00:00,0.002300,900
2025-10-26T06:30:00+00:00,0.002380,900
2025-10-26T06:45:00+00:00,0.002510,900
2025-10-26T07:00:00+00:00,0.004300,900
2025-10-26T07:15:00+00:00,0.004420,900
2025-10-26T07:30:00+00:00,0.004440,900
2025-10-26T07:45:00+00:00,0.004170,900
2025-10-26T08:00:00+00:00,0.004560,900
2025-10-26T08:15:00+00:00,0.004050,900
2025-10-26T08:30:00+00:00,0.003700,900
2025-10-26T08:45:00+00:00,0.003300,900
2025-10-26T09:00:00+00:00,0.002970,900
2025-10-26T09:15:00+00:00,0.001000,900
2025-10-26T09:30:00+00:00,0.000940,900
2025-10-26T09:45:00+00:00,0.001810,900
2025-10-26T10:00:00+00:00,0.000540,900
2025-10-26T10:15:00+00:00,0.000430,900
2025-10-26T10:30:00+00:00,0.000240,900
2025-10-26T10:45:00+00:00,0.000110,900
2025-10-26T11:00:00+00:00,0.000390,900
2025-10-26T11:15:00+00:00,0.000320,900
2025-10-26T11:30:00+00:00,0.000330,900
2025-10-26T11:45:00+00:00,0.000330,900
2025-10-26T12:00:00+00:00,0.000250,900
2025-10-26T12:15:00+00:00,0.000300,900
2025-10-26T12:30:00+00:00,-0.000170,900
2025-10-26T12:45:00+00:00,-0.000100,900
2025-10-26T13:00:00+00:00,-0.000060,900
2025-10-26T13:15:00+00:00,-0.001030,900
2025-10-26T13:30:00+00:00,-0.001040,900
2025-10-26T13:45:00+00:00,0.002090,900
2025-10-26T14:00:00+00:00,-0.000730,900
2025-10-26T14:15:00+00:00,0.000310,900
2025-10-26T14:30:00+00:00,0.001090,900
2025-10-26T14:45:00+00:00,0.012330,900
2025-10-26T15:00:00+00:00,0.009990,900
2025-10-26T15:15:00+00:00,0.020010,900
2025-10-26T15:30:00+00:00,0.034540,900
2025-10-26T15:45:00+00:00,0.047330,900
2025-10-26T16:00:00+00:00,0.033180,900
2025-10-26T16:15:00+00:00,0.044290,900
2025-10-26T16:30:00+00:00,0.056630,900
2025-10-26T16:45:00+00:00,0.085140,900
2025-10-26T17:00:00+00:00,0.070100,900
2025-10-26T17:15:00+00:00,0.095030,900
2025-10-26T17:30:00+00:00,0.103570,900
2025-10-26T17:45:00+00:00,0.089680,900
2025-10-26T18:00:00+00:00,0.104070,900
2025-10-26T18:15:00+00:00,0.071810,900
2025-10-26T18:30:00+00:00,0.070100,900
2025-10-26T18:45:00+00:00,0.054150,900
2025-10-26T19:00:00+00:00,0.061050,900
2025-10-26T19:15:00+00:00,0.047960,900
2025-10-26T19:30:00+00:00,0.042720,900
2025-10-26T19:45:00+00:00,0.037120,900
2025-10-26T20:00:00+00:00,0.054930,900
2025-10-26T20:15:00+00:00,0.050040,900
2025-10-26T20:30:00+00:00,0.034630,900
2025-10-26T20:45:00+00:00,0.020000,900
2025-10-26T21:00:00+00:00,0.022790,900
2025-10-26T21:15:00+00:00,0.019590,900
2025-10-26T21:30:00+00:00,0.024460,900
2025-10-26T21:45:00+00:00,0.012760,900
2025-10-26T22:00:00+00:00,0.007070,900
2025-10-26T22:15:00+00:00,0.009130,900
2025-10-26T22:30:00+00:00,0.005840,900
2025-10-26T22:45:00+00:00,0.003700,900
2025-10-26T23:00:00+00:00,0.002830,900
2025-10-26T23:15:00+00:00,0.001770,900
2025-10-26T23:30:00+00:00,-0.000350,900
2025-10-26T23:45:00+00:00,-0.000380,900
2025-10-27T00:00:00+00:00,0.002850,900
2025-10-27T00:15:00+00:00,0.000290,900
2025-10-27T00:30:00+00:00,0.000240,900
2025-10-27T00:45:00+00:00,0.000260,900
2025-10-27T01:00:00+00:00,0.001100,900
2025-10-27T01:15:00+00:00,0.001430,900
2025-10-27T01:30:00+00:00,-0.000570,900
2025-10-27T01:45:00+00:00,-0.002000,900
2025-10-27T02:00:00+00:00,-0.000370,900
2025-10-27T02:15:00+00:00,-0.000430,900
2025-10-27T02:30:00+00:00,-0.000450,900
2025-10-27T02:45:00+00:00,-0.000450,900
2025-10-27T03:00:00+00:00,-0.000480,900
2025-10-27T03:15:00+00:00,-0.001490,900
2025-10-27T03:30:00+00:00,-0.000600,900
2025-10-27T03:45:00+00:00,-0.000700,900
2025-10-27T04:00:00+00:00,0.003670,900
2025-10-27T04:15:00+00:00,0.000610,900
2025-10-27T04:30:00+00:00,0.005490,900
2025-10-27T04:45:00+00:00,0.017470,900
2025-10-27T05:00:00+00:00,0.011650,900
2025-10-27T05:15:00+00:00,0.030580,900
2025-10-27T05:30:00+00:00,0.061340,900
2025-10-27T05:45:00+00:00,0.091790,900
2025-10-27T06:00:00+00:00,0.070630,900
2025-10-27T06:15:00+00:00,0.085500,900
2025-10-27T06:30:00+00:00,0.084490,900
2025-10-27T06:45:00+00:00,0.083220,900
2025-10-27T07:00:00+00:00,0.094680,900
2025-10-27T07:15:00+00:00,0.094390,900
2025-10-27T07:30:00+00:00,0.097140,900
2025-10-27T07:45:00+00:00,0.090290,900
2025-10-27T08:00:00+00:00,0.102270,900
2025-10-27T08:15:00+00:00,0.100380,900
2025-10-27T08:30:00+00:00,0.096080,900
2025-10-27T08:45:00+00:00,0.080790,900
2025-10-27T09:00:00+00:00,0.098840,900
2025-10-27T09:15:00+00:00,0.091770,900
2025-10-27T09:30:00+00:00,0.085350,900
2025-10-27T09:45:00+00:00,0.078460,900
2025-10-27T10:00:00+00:00,0.088680,900
2025-10-27T10:15:00+00:00,0.086400,900
2025-10-27T10:30:00+00:00,0.082050,900
2025-10-27T10:45:00+00:00,0.078270,900
2025-10-27T11:00:00+00:00,0.079650,900
2025-10-27T11:15:00+00:00,0.070720,900
2025-10-27T11:30:00+00:00,0.071610,900
2025-10-27T11:45:00+00:00,0.071200,900
2025-10-27T12:00:00+00:00,0.071710,900
2025-10-27T12:15:00+00:00,0.070850,900
2025-10-27T12:30:00+00:00,0.069230,900
2025-10-27T12:45:00+00:00,0.068210,900
2025-10-27T13:00:00+00:00,0.067650,900
2025-10-27T13:15:00+00:00,0.067690,900
2025-10-27T13:30:00+00:00,0.071670,900
2025-10-27T13:45:00+00:00,0.078990,900
2025-10-27T14:00:00+00:00,0.066610,900
2025-10-27T14:15:00+00:00,0.068180,900
2025-10-27T14:30:00+00:00,0.081590,900
2025-10-27T14:45:00+00:00,0.093520,900
2025-10-27T15:00:00+00:00,0.081470,900
2025-10-27T15:15:00+00:00,0.090050,900
2025-10-27T15:30:00+00:00,0.100100,900
2025-10-27T15:45:00+00:00,0.129110,900
2025-10-27T16:00:00+00:00,0.093710,900
2025-10-27T16:15:00+00:00,0.103710,900
2025-10-27T16:30:00+00:00,0.116280,900
2025-10-27T16:45:00+00:00,0.125580,900
2025-10-27T17:00:00+00:00,0.115240,900
2025-10-27T17:15:00+00:00,0.120570,900
2025-10-27T17:30:00+00:00,0.136890,900
2025-10-27T17:45:00+00:00,0.136280,900
2025-10-27T18:00:00+00:00,0.137160,900
2025-10-27T18:15:00+00:00,0.124950,900
2025-10-27T18:30:00+00:00,0.112320,900
2025-10-27T18:45:00+00:00,0.104330,900
2025-10-27T19:00:00+00:00,0.106940,900
2025-10-27T19:15:00+00:00,0.108950,900
2025-10-27T19:30:00+00:00,0.092980,900
2025-10-27T19:45:00+00:00,0.075460,900
2025-10-27T20:00:00+00:00,0.116200,900
2025-10-27T20:15:00+00:00,0.088270,900
2025-10-27T20:30:00+00:00,0.076970,900
2025-10-27T20:45:00+00:00,0.078570,900
2025-10-27T21:00:00+00:00,0.113000,900
2025-10-27T21:15:00+00:00,0.086160,900
2025-10-27T21:30:00+00:00,0.085380,900
2025-10-27T21:45:00+00:00,0.073110,900
2025-10-27T22:00:00+00:00,0.080100,900
2025-10-27T22:15:00+00:00,0.076030,900
2025-10-27T22:30:00+00:00,0.080000,900
2025-10-27T22:45:00+00:00,0.080000,900
2025-10-27T23:00:00+00:00,0.077000,900
2025-10-27T23:15:00+00:00,0.055100,900
2025-10-27T23:30:00+00:00,0.051820,900
2025-10-27T23:45:00+00:00,0.042600,900
2025-10-28T00:00:00+00:00,0.042590,900
2025-10-28T00:15:00+00:00,0.029000,900
2025-10-28T00:30:00+00:00,0.026180,900
2025-10-28T00:45:00+00:00,0.019750,900
2025-10-28T01:00:00+00:00,0.025000,900
2025-10-28T01:15:00+00:00,0.018310,900
2025-10-28T01:30:00+00:00,0.017680,900
2025-10-28T01:45:00+00:00,0.016230,900
2025-10-28T02:00:00+00:00,0.012600,900
2025-10-28T02:15:00+00:00,0.009700,900
2025-10-28T02:30:00+00:00,0.008400,900
2025-10-28T02:45:00+00:00,0.008850,900
2025-10-28T03:00:00+00:00,0.004380,900
2025-10-28T03:15:00+00:00,0.005680,900
2025-10-28T03:30:00+00:00,0.011450,900
2025-10-28T03:45:00+00:00,0.019110,900
2025-10-28T04:00:00+00:00,0.012900,900
2025-10-28T04:15:00+00:00,0.014650,900
2025-10-28T04:30:00+00:00,0.037850,900
2025-10-28T04:45:00+00:00,0.050090,900
2025-10-28T05:00:00+00:00,0.022720,900
2025-10-28T05:15:00+00:00,0.054320,900
2025-10-28T05:30:00+00:00,0.072220,900
2025-10-28T05:45:00+00:00,0.079430,900
2025-10-28T06:00:00+00:00,0.079320,900
2025-10-28T06:15:00+00:00,0.078150,900
2025-10-28T06:30:00+00:00,0.075170,900
2025-10-28T06:45:00+00:00,0.069060,900
2025-10-28T07:00:00+00:00,0.098460,900
2025-10-28T07:15:00+00:00,0.088110,900
2025-10-28T07:30:00+00:00,0.083080,900
2025-10-28T07:45:00+00:00,0.076380,900
2025-10-28T08:00:00+00:00,0.098480,900
2025-10-28T08:15:00+00:00,0.087700,900
2025-10-28T08:30:00+00:00,0.082040,900
2025-10-28T08:45:00+00:00,0.072630,900
2025-10-28T09:00:00+00:00,0.088790,900
2025-10-28T09:15:00+00:00,0.076260,900
2025-10-28T09:30:00+00:00,0.073160,900
2025-10-28T09:45:00+00:00,0.066520,900
2025-10-28T10:00:00+00:00,0.074140,900
2025-10-28T10:15:00+00:00,0.070370,900
2025-10-28T10:30:00+00:00,0.067800,900
2025-10-28T10:45:00+00:00,0.065220,900
2025-10-28T11:00:00+00:00,0.067490,900
2025-10-28T11:15:00+00:00,0.060240,900
2025-10-28T11:30:00+00:00,0.061570,900
2025-10-28T11:45:00+00:00,0.057380,900
2025-10-28T12:00:00+00:00,0.059700,900
2025-10-28T12:15:00+00:00,0.057030,900
2025-10-28T12:30:00+00:00,0.050910,900
2025-10-28T12:45:00+00:00,0.053070,900
2025-10-28T13:00:00+00:00,0.047190,900
2025-10-28T13:15:00+00:00,0.055750,900
2025-10-28T13:30:00+00:00,0.062520,900
2025-10-28T13:45:00+00:00,0.067630,900
2025-10-28T14:00:00+00:00,0.042830,900
2025-10-28T14:15:00+00:00,0.075000,900
2025-10-28T14:30:00+00:00,0.080000,900
2025-10-28T14:45:00+00:00,0.081680,900
2025-10-28T15:00:00+00:00,0.068120,900
2025-10-28T15:15:00+00:00,0.084210,900
2025-10-28T15:30:00+00:00,0.079430,900
2025-10-28T15:45:00+00:00,0.112800,900
2025-10-28T16:00:00+00:00,0.079940,900
2025-10-28T16:15:00+00:00,0.089480,900
2025-10-28T16:30:00+00:00,0.105500,900
2025-10-28T16:45:00+00:00,0.136840,900
2025-10-28T17:00:00+00:00,0.108820,900
2025-10-28T17:15:00+00:00,0.108820,900
2025-10-28T17:30:00+00:00,0.118550,900
2025-10-28T17:45:00+00:00,0.150530,900
2025-10-28T18:00:00+00:00,0.143910,900
2025-10-28T18:15:00+00:00,0.108950,900
2025-10-28T18:30:00+00:00,0.105490,900
2025-10-28T18:45:00+00:00,0.101250,900
2025-10-28T19:00:00+00:00,0.100300,900
2025-10-28T19:15:00+00:00,0.092970,900
2025-10-28T19:30:00+00:00,0.087910,900
2025-10-28T19:45:00+00:00,0.086350,900
2025-10-28T20:00:00+00:00,0.089240,900
2025-10-28T20:15:00+00:00,0.085880,900
2025-10-28T20:30:00+00:00,0.081290,900
2025-10-28T20:45:00+00:00,0.075390,900
2025-10-28T21:00:00+00:00,0.086330,900
2025-10-28T21:15:00+00:00,0.079400,900
2025-10-28T21:30:00+00:00,0.086280,900
2025-10-28T21:45:00+00:00,0.084090,900
2025-10-28T22:00:00+00:00,0.078110,900
2025-10-28T22:15:00+00:00,0.073490,900
2025-10-28T22:30:00+00:00,0.074750,900
2025-10-28T22:45:00+00:00,0.067180,900
2025-10-28T23:00:00+00:00,0.065910,900
2025-10-28T23:15:00+00:00,0.064260,900
2025-10-28T23:30:00+00:00,0.059610,900
2025-10-28T23:45:00+00:00,0.054820,900
2025-10-29T00:00:00+00:00,0.058740,900
2025-10-29T00:15:00+00:00,0.056790,900
2025-10-29T00:30:00+00:00,0.056360,900
2025-10-29T00:45:00+00:00,0.054910,900
2025-10-29T01:00:00+00:00,0.056410,900
2025-10-29T01:15:00+00:00,0.055910,900
2025-10-29T01:30:00+00:00,0.056440,900
2025-10-29T01:45:00+00:00,0.056010,900
2025-10-29T02:00:00+00:00,0.057420,900
2025-10-29T02:15:00+00:00,0.057670,900
2025-10-29T02:30:00+00:00,0.056180,900
2025-10-29T02:45:00+00:00,0.051960,900
2025-10-29T03:00:00+00:00,0.048200,900
2025-10-29T03:15:00+00:00,0.050590,900
2025-10-29T03:30:00+00:00,0.053920,900
2025-10-29T03:45:00+00:00,0.057670,900
2025-10-29T04:00:00+00:00,0.050720,900
2025-10-29T04:15:00+00:00,0.056930,900
2025-10-29T04:30:00+00:00,0.068000,900
2025-10-29T04:45:00+00:00,0.077980,900
2025-10-29T05:00:00+00:00,0.063150,900
2025-10-29T05:15:00+00:00,0.086340,900
2025-10-29T05:30:00+00:00,0.097550,900
2025-10-29T05:45:00+00:00,0.125730,900
2025-10-29T06:00:00+00:00,0.103280,900
2025-10-29T06:15:00+00:00,0.110330,900
2025-10-29T06:30:00+00:00,0.110410,900
2025-10-29T06:45:00+00:00,0.103960,900
2025-10-29T07:00:00+00:00,0.119810,900
2025-10-29T07:15:00+00:00,0.108570,900
2025-10-29T07:30:00+00:00,0.097150,900
2025-10-29T07:45:00+00:00,0.075000,900
2025-10-29T08:00:00+00:00,0.111500,900
2025-10-29T08:15:00+00:00,0.091250,900
2025-10-29T08:30:00+00:00,0.083240,900
2025-10-29T08:45:00+00:00,0.076770,900
2025-10-29T09:00:00+00:00,0.095000,900
2025-10-29T09:15:00+00:00,0.083020,900
2025-10-29T09:30:00+00:00,0.083020,900
2025-10-29T09:45:00+00:00,0.078400,900
2025-10-29T10:00:00+00:00,0.097180,900
2025-10-29T10:15:00+00:00,0.080990,900
2025-10-29T10:30:00+00:00,0.079580,900
2025-10-29T10:45:00+00:00,0.078290,900
2025-10-29T11:00:00+00:00,0.092290,900
2025-10-29T11:15:00+00:00,0.087940,900
2025-10-29T11:30:00+00:00,0.083220,900
2025-10-29T11:45:00+00:00,0.095960,900
2025-10-29T12:00:00+00:00,0.076620,900
2025-10-29T12:15:00+00:00,0.079890,900
2025-10-29T12:30:00+00:00,0.075640,900
2025-10-29T12:45:00+00:00,0.087860,900
2025-10-29T13:00:00+00:00,0.060030,900
2025-10-29T13:15:00+00:00,0.080000,900
2025-10-29T13:30:00+00:00,0.100200,900
2025-10-29T13:45:00+00:00,0.113770,900
2025-10-29T14:00:00+00:00,0.094890,900
2025-10-29T14:15:00+00:00,0.106100,900
2025-10-29T14:30:00+00:00,0.122360,900
2025-10-29T14:45:00+00:00,0.134060,900
2025-10-29T15:00:00+00:00,0.112990,900
2025-10-29T15:15:00+00:00,0.118670,900
2025-10-29T15:30:00+00:00,0.120100,900
2025-10-29T15:45:00+00:00,0.134640,900
2025-10-29T16:00:00+00:00,0.123940,900
2025-10-29T16:15:00+00:00,0.120500,900
2025-10-29T16:30:00+00:00,0.130300,900
2025-10-29T16:45:00+00:00,0.130210,900
2025-10-29T17:00:00+00:00,0.123280,900
2025-10-29T17:15:00+00:00,0.125120,900
2025-10-29T17:30:00+00:00,0.132920,900
2025-10-29T17:45:00+00:00,0.135590,900
2025-10-29T18:00:00+00:00,0.129000,900
2025-10-29T18:15:00+00:00,0.116100,900
2025-10-29T18:30:00+00:00,0.112660,900
2025-10-29T18:45:00+00:00,0.100350,900
2025-10-29T19:00:00+00:00,0.109680,900
2025-10-29T19:15:00+00:00,0.103670,900
2025-10-29T19:30:00+00:00,0.099290,900
2025-10-29T19:45:00+00:00,0.098260,900
2025-10-29T20:00:00+00:00,0.102200,900
2025-10-29T20:15:00+00:00,0.100820,900
2025-10-29T20:30:00+00:00,0.095140,900
2025-10-29T20:45:00+00:00,0.082460,900
2025-10-29T21:00:00+00:00,0.100860,900
2025-10-29T21:15:00+00:00,0.101930,900
2025-10-29T21:30:00+00:00,0.087720,900
2025-10-29T21:45:00+00:00,0.080190,900
2025-10-29T22:00:00+00:00,0.093620,900
2025-10-29T22:15:00+00:00,0.084870,900
2025-10-29T22:30:00+00:00,0.084530,900
2025-10-29T22:45:00+00:00,0.079240,900
2025-10-29T23:00:00+00:00,0.082460,900
2025-10-29T23:15:00+00:00,0.071650,900
2025-10-29T23:30:00+00:00,0.064730,900
2025-10-29T23:45:00+00:00,0.057870,900
2025-10-30T00:00:00+00:00,0.073240,900
2025-10-30T00:15:00+00:00,0.062470,900
2025-10-30T00:30:00+00:00,0.063490,900
2025-10-30T00:45:00+00:00,0.059490,900
2025-10-30T01:00:00+00:00,0.063450,900
2025-10-30T01:15:00+00:00,0.059910,900
2025-10-30T01:30:00+00:00,0.061230,900
2025-10-30T01:45:00+00:00,0.056960,900
2025-10-30T02:00:00+00:00,0.061990,900
2025-10-30T02:15:00+00:00,0.058370,900
2025-10-30T02:30:00+00:00,0.054750,900
2025-10-30T02:45:00+00:00,0.046540,900
2025-10-30T03:00:00+00:00,0.055580,900
2025-10-30T03:15:00+00:00,0.050690,900
2025-10-30T03:30:00+00:00,0.052640,900
2025-10-30T03:45:00+00:00,0.055030,900
2025-10-30T04:00:00+00:00,0.052890,900
2025-10-30T04:15:00+00:00,0.058900,900
2025-10-30T04:30:00+00:00,0.060020,900
2025-10-30T04:45:00+00:00,0.064100,900
2025-10-30T05:00:00+00:00,0.058570,900
2025-10-30T05:15:00+00:00,0.066500,900
2025-10-30T05:30:00+00:00,0.072190,900
2025-10-30T05:45:00+00:00,0.076230,900
2025-10-30T06:00:00+00:00,0.070490,900
2025-10-30T06:15:00+00:00,0.083130,900
2025-10-30T06:30:00+00:00,0.090540,900
2025-10-30T06:45:00+00:00,0.087230,900
2025-10-30T07:00:00+00:00,0.132580,900
2025-10-30T07:15:00+00:00,0.092290,900
2025-10-30T07:30:00+00:00,0.090100,900
2025-10-30T07:45:00+00:00,0.067750,900
2025-10-30T08:00:00+00:00,0.109620,900
2025-10-30T08:15:00+00:00,0.075330,900
2025-10-30T08:30:00+00:00,0.060100,900
2025-10-30T08:45:00+00:00,0.045750,900
2025-10-30T09:00:00+00:00,0.077570,900
2025-10-30T09:15:00+00:00,0.062700,900
2025-10-30T09:30:00+00:00,0.039950,900
2025-10-30T09:45:00+00:00,0.056670,900
2025-10-30T10:00:00+00:00,0.053110,900
2025-10-30T10:15:00+00:00,0.052470,900
2025-10-30T10:30:00+00:00,0.051310,900
2025-10-30T10:45:00+00:00,0.048300,900
2025-10-30T11:00:00+00:00,0.048100,900
2025-10-30T11:15:00+00:00,0.044110,900
2025-10-30T11:30:00+00:00,0.043160,900
2025-10-30T11:45:00+00:00,0.042200,900
2025-10-30T12:00:00+00:00,0.043100,900
2025-10-30T12:15:00+00:00,0.045520,900
2025-10-30T12:30:00+00:00,0.040670,900
2025-10-30T12:45:00+00:00,0.077020,900
2025-10-30T13:00:00+00:00,0.037280,900
2025-10-30T13:15:00+00:00,0.030700,900
2025-10-30T13:30:00+00:00,0.080970,900
2025-10-30T13:45:00+00:00,0.171050,900
2025-10-30T14:00:00+00:00,0.022720,900
2025-10-30T14:15:00+00:00,0.072780,900
2025-10-30T14:30:00+00:00,0.129000,900
2025-10-30T14:45:00+00:00,0.166310,900
2025-10-30T15:00:00+00:00,0.045650,900
2025-10-30T15:15:00+00:00,0.077100,900
2025-10-30T15:30:00+00:00,0.122690,900
2025-10-30T15:45:00+00:00,0.206220,900
2025-10-30T16:00:00+00:00,0.103380,900
2025-10-30T16:15:00+00:00,0.111580,900
2025-10-30T16:30:00+00:00,0.120900,900
2025-10-30T16:45:00+00:00,0.130730,900
2025-10-30T17:00:00+00:00,0.115890,900
2025-10-30T17:15:00+00:00,0.117190,900
2025-10-30T17:30:00+00:00,0.119130,900
2025-10-30T17:45:00+00:00,0.119340,900
2025-10-30T18:00:00+00:00,0.121320,900
2025-10-30T18:15:00+00:00,0.118890,900
2025-10-30T18:30:00+00:00,0.113390,900
2025-10-30T18:45:00+00:00,0.102360,900
2025-10-30T19:00:00+00:00,0.118190,900
2025-10-30T19:15:00+00:00,0.100090,900
2025-10-30T19:30:00+00:00,0.102270,900
2025-10-30T19:45:00+00:00,0.085430,900
2025-10-30T20:00:00+00:00,0.102320,900
2025-10-30T20:15:00+00:00,0.095830,900
2025-10-30T20:30:00+00:00,0.089040,900
2025-10-30T20:45:00+00:00,0.074990,900
2025-10-30T21:00:00+00:00,0.096190,900
2025-10-30T21:15:00+00:00,0.090630,900
2025-10-30T21:30:00+00:00,0.094500,900
2025-10-30T21:45:00+00:00,0.080240,900
2025-10-30T22:00:00+00:00,0.094670,900
2025-10-30T22:15:00+00:00,0.080430,900
2025-10-30T22:30:00+00:00,0.071910,900
2025-10-30T22:45:00+00:00,0.057000,900
2025-10-30T23:00:00+00:00,0.092090,900
2025-10-30T23:15:00+00:00,0.079110,900
2025-10-30T23:30:00+00:00,0.071170,900
2025-10-30T23:45:00+00:00,0.066040,900
2025-10-31T00:00:00+00:00,0.077210,900
2025-10-31T00:15:00+00:00,0.071980,900
2025-10-31T00:30:00+00:00,0.065310,900
2025-10-31T00:45:00+00:00,0.060460,900
2025-10-31T01:00:00+00:00,0.071710,900
2025-10-31T01:15:00+00:00,0.065030,900
2025-10-31T01:30:00+00:00,0.064580,900
2025-10-31T01:45:00+00:00,0.063590,900
2025-10-31T02:00:00+00:00,0.063080,900
2025-10-31T02:15:00+00:00,0.064410,900
2025-10-31T02:30:00+00:00,0.068280,900
2025-10-31T02:45:00+00:00,0.069630,900
2025-10-31T03:00:00+00:00,0.063100,900
2025-10-31T03:15:00+00:00,0.065550,900
2025-10-31T03:30:00+00:00,0.075780,900
2025-10-31T03:45:00+00:00,0.073980,900
2025-10-31T04:00:00+00:00,0.072550,900
2025-10-31T04:15:00+00:00,0.074360,900
2025-10-31T04:30:00+00:00,0.085600,900
2025-10-31T04:45:00+00:00,0.087480,900
2025-10-31T05:00:00+00:00,0.090640,900
2025-10-31T05:15:00+00:00,0.107180,900
2025-10-31T05:30:00+00:00,0.115130,900
2025-10-31T05:45:00+00:00,0.113220,900
2025-10-31T06:00:00+00:00,0.115510,900
2025-10-31T06:15:00+00:00,0.115330,900
2025-10-31T06:30:00+00:00,0.104330,900
2025-10-31T06:45:00+00:00,0.092020,900
2025-10-31T07:00:00+00:00,0.121240,900
2025-10-31T07:15:00+00:00,0.105190,900
2025-10-31T07:30:00+00:00,0.087950,900
2025-10-31T07:45:00+00:00,0.076200,900
2025-10-31T08:00:00+00:00,0.096770,900
2025-10-31T08:15:00+00:00,0.081810,900
2025-10-31T08:30:00+00:00,0.080100,900
2025-10-31T08:45:00+00:00,0.066230,900
2025-10-31T09:00:00+00:00,0.087250,900
2025-10-31T09:15:00+00:00,0.077750,900
2025-10-31T09:30:00+00:00,0.072390,900
2025-10-31T09:45:00+00:00,0.070080,900
2025-10-31T10:00:00+00:00,0.074170,900
2025-10-31T10:15:00+00:00,0.070340,900
2025-10-31T10:30:00+00:00,0.070090,900
2025-10-31T10:45:00+00:00,0.070010,900
2025-10-31T11:00:00+00:00,0.069400,900
2025-10-31T11:15:00+00:00,0.070760,900
2025-10-31T11:30:00+00:00,0.072650,900
2025-10-31T11:45:00+00:00,0.077480,900
2025-10-31T12:00:00+00:00,0.069280,900
2025-10-31T12:15:00+00:00,0.070310,900
2025-10-31T12:30:00+00:00,0.074510,900
2025-10-31T12:45:00+00:00,0.083940,900
2025-10-31T13:00:00+00:00,0.069400,900
2025-10-31T13:15:00+00:00,0.086490,900
2025-10-31T13:30:00+00:00,0.100000,900
2025-10-31T13:45:00+00:00,0.113960,900
2025-10-31T14:00:00+00:00,0.094520,900
2025-10-31T14:15:00+00:00,0.109180,900
2025-10-31T14:30:00+00:00,0.122880,900
2025-10-31T14:45:00+00:00,0.124390,900
2025-10-31T15:00:00+00:00,0.115950,900
2025-10-31T15:15:00+00:00,0.117200,900
2025-10-31T15:30:00+00:00,0.117430,900
2025-10-31T15:45:00+00:00,0.114600,900
2025-10-31T16:00:00+00:00,0.120100,900
2025-10-31T16:15:00+00:00,0.113540,900
2025-10-31T16:30:00+00:00,0.112270,900
2025-10-31T16:45:00+00:00,0.095490,900
2025-10-31T17:00:00+00:00,0.116140,900
2025-10-31T17:15:00+00:00,0.102950,900
2025-10-31T17:30:00+00:00,0.094100,900
2025-10-31T17:45:00+00:00,0.082060,900
2025-10-31T18:00:00+00:00,0.090100,900
2025-10-31T18:15:00+00:00,0.076430,900
2025-10-31T18:30:00+00:00,0.087000,900
2025-10-31T18:45:00+00:00,0.078540,900
2025-10-31T19:00:00+00:00,0.087610,900
2025-10-31T19:15:00+00:00,0.082420,900
2025-10-31T19:30:00+00:00,0.072630,900
2025-10-31T19:45:00+00:00,0.064180,900
2025-10-31T20:00:00+00:00,0.086370,900
2025-10-31T20:15:00+00:00,0.080990,900
2025-10-31T20:30:00+00:00,0.073310,900
2025-10-31T20:45:00+00:00,0.065790,900
2025-10-31T21:00:00+00:00,0.081820,900
2025-10-31T21:15:00+00:00,0.074000,900
2025-10-31T21:30:00+00:00,0.072570,900
2025-10-31T21:45:00+00:00,0.063720,900
2025-10-31T22:00:00+00:00,0.084110,900
2025-10-31T22:15:00+00:00,0.063830,900
2025-10-31T22:30:00+00:00,0.049970,900
2025-10-31T22:45:00+00:00,0.036100,900
2025-10-31T23:00:00+00:00,0.059510,900
2025-10-31T23:15:00+00:00,0.050260,900
2025-10-31T23:30:00+00:00,0.047660,900
2025-10-31T23:45:00+00:00,0.043740,900
2025-11-01T00:00:00+00:00,0.046580,900
2025-11-01T00:15:00+00:00,0.038660,900
2025-11-01T00:30:00+00:00,0.026750,900
2025-11-01T00:45:00+00:00,0.018350,900
2025-11-01T01:00:00+00:00,0.022610,900
2025-11-01T01:15:00+00:00,0.018000,900
2025-11-01T01:30:00+00:00,0.027200,900
2025-11-01T01:45:00+00:00,0.020000,900
2025-11-01T02:00:00+00:00,0.026900,900
2025-11-01T02:15:00+00:00,0.018560,900
2025-11-01T02:30:00+00:00,0.015030,900
2025-11-01T02:45:00+00:00,0.012660,900
2025-11-01T03:00:00+00:00,0.017090,900
2025-11-01T03:15:00+00:00,0.015980,900
2025-11-01T03:30:00+00:00,0.014200,900
2025-11-01T03:45:00+00:00,0.011850,900
2025-11-01T04:00:00+00:00,0.007580,900
2025-11-01T04:15:00+00:00,0.010130,900
2025-11-01T04:30:00+00:00,0.005660,900
2025-11-01T04:45:00+00:00,0.005700,900
2025-11-01T05:00:00+00:00,0.010330,900
2025-11-01T05:15:00+00:00,0.007170,900
2025-11-01T05:30:00+00:00,0.007810,900
2025-11-01T05:45:00+00:00,0.006730,900
2025-11-01T06:00:00+00:00,0.013500,900
2025-11-01T06:15:00+00:00,0.011120,900
2025-11-01T06:30:00+00:00,0.012990,900
2025-11-01T06:45:00+00:00,0.018990,900
2025-11-01T07:00:00+00:00,0.041140,900
2025-11-01T07:15:00+00:00,0.034190,900
2025-11-01T07:30:00+00:00,0.020340,900
2025-11-01T07:45:00+00:00,0.014400,900
2025-11-01T08:00:00+00:00,0.043650,900
2025-11-01T08:15:00+00:00,0.028520,900
2025-11-01T08:30:00+00:00,0.019590,900
2025-11-01T08:45:00+00:00,0.013040,900
2025-11-01T09:00:00+00:00,0.023720,900
2025-11-01T09:15:00+00:00,0.018080,900
2025-11-01T09:30:00+00:00,0.016400,900
2025-11-01T09:45:00+00:00,0.015000,900
2025-11-01T10:00:00+00:00,0.015000,900
2025-11-01T10:15:00+00:00,0.015060,900
2025-11-01T10:30:00+00:00,0.015000,900
2025-11-01T10:45:00+00:00,0.017970,900
2025-11-01T11:00:00+00:00,0.014850,900
2025-11-01T11:15:00+00:00,0.018000,900
2025-11-01T11:30:00+00:00,0.024780,900
2025-11-01T11:45:00+00:00,0.026430,900
2025-11-01T12:00:00+00:00,0.020250,900
2025-11-01T12:15:00+00:00,0.025490,900
2025-11-01T12:30:00+00:00,0.039010,900
2025-11-01T12:45:00+00:00,0.039780,900
2025-11-01T13:00:00+00:00,0.040130,900
2025-11-01T13:15:00+00:00,0.050000,900
2025-11-01T13:30:00+00:00,0.051020,900
2025-11-01T13:45:00+00:00,0.052480,900
2025-11-01T14:00:00+00:00,0.044110,900
2025-11-01T14:15:00+00:00,0.052950,900
2025-11-01T14:30:00+00:00,0.059080,900
2025-11-01T14:45:00+00:00,0.064600,900
2025-11-01T15:00:00+00:00,0.057760,900
2025-11-01T15:15:00+00:00,0.069080,900
2025-11-01T15:30:00+00:00,0.078040,900
2025-11-01T15:45:00+00:00,0.081030,900
2025-11-01T16:00:00+00:00,0.077810,900
2025-11-01T16:15:00+00:00,0.082990,900
2025-11-01T16:30:00+00:00,0.087190,900
2025-11-01T16:45:00+00:00,0.087480,900
2025-11-01T17:00:00+00:00,0.086040,900
2025-11-01T17:15:00+00:00,0.089440,900
2025-11-01T17:30:00+00:00,0.090950,900
2025-11-01T17:45:00+00:00,0.086110,900
2025-11-01T18:00:00+00:00,0.085420,900
2025-11-01T18:15:00+00:00,0.088200,900
2025-11-01T18:30:00+00:00,0.084380,900
2025-11-01T18:45:00+00:00,0.080640,900
2025-11-01T19:00:00+00:00,0.083920,900
2025-11-01T19:15:00+00:00,0.085340,900
2025-11-01T19:30:00+00:00,0.078590,900
2025-11-01T19:45:00+00:00,0.069030,900
2025-11-01T20:00:00+00:00,0.079000,900
2025-11-01T20:15:00+00:00,0.077300,900
2025-11-01T20:30:00+00:00,0.073070,900
2025-11-01T20:45:00+00:00,0.070960,900
2025-11-01T21:00:00+00:00,0.077450,900
2025-11-01T21:15:00+00:00,0.080000,900
2025-11-01T21:30:00+00:00,0.080520,900
2025-11-01T21:45:00+00:00,0.071230,900
2025-11-01T22:00:00+00:00,0.080590,900
2025-11-01T22:15:00+00:00,0.075150,900
2025-11-01T22:30:00+00:00,0.070120,900
2025-11-01T22:45:00+00:00,0.065430,900
2025-11-01T23:00:00+00:00,0.052120,900
2025-11-01T23:15:00+00:00,0.061900,900
2025-11-01T23:30:00+00:00,0.056670,900
2025-11-01T23:45:00+00:00,0.055080,900
2025-11-02T00:00:00+00:00,0.056580,900
2025-11-02T00:15:00+00:00,0.053660,900
2025-11-02T00:30:00+00:00,0.053070,900
2025-11-02T00:45:00+00:00,0.051980,900
2025-11-02T01:00:00+00:00,0.055200,900
2025-11-02T01:15:00+00:00,0.053120,900
2025-11-02T01:30:00+00:00,0.053510,900
2025-11-02T01:45:00+00:00,0.052420,900
2025-11-02T02:00:00+00:00,0.055280,900
2025-11-02T02:15:00+00:00,0.054090,900
2025-11-02T02:30:00+00:00,0.056110,900
2025-11-02T02:45:00+00:00,0.053730,900
2025-11-02T03:00:00+00:00,0.054460,900
2025-11-02T03:15:00+00:00,0.055880,900
2025-11-02T03:30:00+00:00,0.056920,900
2025-11-02T03:45:00+00:00,0.064510,900
2025-11-02T04:00:00+00:00,0.058600,900
2025-11-02T04:15:00+00:00,0.064240,900
2025-11-02T04:30:00+00:00,0.055940,900
2025-11-02T04:45:00+00:00,0.060610,900
2025-11-02T05:00:00+00:00,0.054830,900
2025-11-02T05:15:00+00:00,0.060950,900
2025-11-02T05:30:00+00:00,0.064370,900
2025-11-02T05:45:00+00:00,0.067860,900
2025-11-02T06:00:00+00:00,0.067570,900
2025-11-02T06:15:00+00:00,0.064430,900
2025-11-02T06:30:00+00:00,0.064700,900
2025-11-02T06:45:00+00:00,0.064800,900
2025-11-02T07:00:00+00:00,0.073970,900
2025-11-02T07:15:00+00:00,0.070790,900
2025-11-02T07:30:00+00:00,0.063900,900
2025-11-02T07:45:00+00:00,0.063020,900
2025-11-02T08:00:00+00:00,0.078970,900
2025-11-02T08:15:00+00:00,0.066700,900
2025-11-02T08:30:00+00:00,0.065310,900
2025-11-02T08:45:00+00:00,0.058610,900
2025-11-02T09:00:00+00:00,0.072610,900
2025-11-02T09:15:00+00:00,0.066620,900
2025-11-02T09:30:00+00:00,0.062950,900
2025-11-02T09:45:00+00:00,0.060210,900
2025-11-02T10:00:00+00:00,0.066000,900
2025-11-02T10:15:00+00:00,0.064800,900
2025-11-02T10:30:00+00:00,0.063990,900
2025-11-02T10:45:00+00:00,0.063540,900
2025-11-02T11:00:00+00:00,0.063990,900
2025-11-02T11:15:00+00:00,0.063750,900
2025-11-02T11:30:00+00:00,0.065450,900
2025-11-02T11:45:00+00:00,0.069500,900
2025-11-02T12:00:00+00:00,0.065220,900
2025-11-02T12:15:00+00:00,0.066000,900
2025-11-02T12:30:00+00:00,0.070210,900
2025-11-02T12:45:00+00:00,0.074160,900
2025-11-02T13:00:00+00:00,0.067780,900
2025-11-02T13:15:00+00:00,0.072010,900
2025-11-02T13:30:00+00:00,0.079020,900
2025-11-02T13:45:00+00:00,0.084600,900
2025-11-02T14:00:00+00:00,0.078000,900
2025-11-02T14:15:00+00:00,0.087480,900
2025-11-02T14:30:00+00:00,0.092820,900
2025-11-02T14:45:00+00:00,0.106910,900
2025-11-02T15:00:00+00:00,0.085620,900
2025-11-02T15:15:00+00:00,0.093820,900
2025-11-02T15:30:00+00:00,0.100540,900
2025-11-02T15:45:00+00:00,0.113920,900
2025-11-02T16:00:00+00:00,0.100990,900
2025-11-02T16:15:00+00:00,0.113870,900
2025-11-02T16:30:00+00:00,0.125510,900
2025-11-02T16:45:00+00:00,0.129740,900
2025-11-02T17:00:00+00:00,0.127740,900
2025-11-02T17:15:00+00:00,0.127340,900
2025-11-02T17:30:00+00:00,0.120980,900
2025-11-02T17:45:00+00:00,0.112920,900
2025-11-02T18:00:00+00:00,0.119200,900
2025-11-02T18:15:00+00:00,0.115370,900
2025-11-02T18:30:00+00:00,0.100720,900
2025-11-02T18:45:00+00:00,0.087130,900
2025-11-02T19:00:00+00:00,0.098490,900
2025-11-02T19:15:00+00:00,0.101000,900
2025-11-02T19:30:00+00:00,0.085060,900
2025-11-02T19:45:00+00:00,0.076490,900
2025-11-02T20:00:00+00:00,0.090630,900
2025-11-02T20:15:00+00:00,0.083500,900
2025-11-02T20:30:00+00:00,0.083580,900
2025-11-02T20:45:00+00:00,0.082290,900
2025-11-02T21:00:00+00:00,0.085680,900
2025-11-02T21:15:00+00:00,0.085970,900
2025-11-02T21:30:00+00:00,0.088510,900
2025-11-02T21:45:00+00:00,0.077980,900
2025-11-02T22:00:00+00:00,0.092460,900
2025-11-02T22:15:00+00:00,0.076940,900
2025-11-02T22:30:00+00:00,0.078550,900
2025-11-02T22:45:00+00:00,0.064910,900
2025-11-02T23:00:00+00:00,0.083490,900
2025-11-02T23:15:00+00:00,0.081780,900
2025-11-02T23:30:00+00:00,0.079630,900
2025-11-02T23:45:00+00:00,0.067630,900
2025-11-03T00:00:00+00:00,0.080000,900
2025-11-03T00:15:00+00:00,0.076720,900
2025-11-03T00:30:00+00:00,0.070510,900
2025-11-03T00:45:00+00:00,0.067650,900
2025-11-03T01:00:00+00:00,0.080770,900
2025-11-03T01:15:00+00:00,0.069990,900
2025-11-03T01:30:00+00:00,0.066990,900
2025-11-03T01:45:00+00:00,0.061520,900
2025-11-03T02:00:00+00:00,0.067560,900
2025-11-03T02:15:00+00:00,0.065370,900
2025-11-03T02:30:00+00:00,0.065960,900
2025-11-03T02:45:00+00:00,0.066680,900
2025-11-03T03:00:00+00:00,0.067000,900
2025-11-03T03:15:00+00:00,0.065840,900
2025-11-03T03:30:00+00:00,0.068380,900
2025-11-03T03:45:00+00:00,0.069110,900
2025-11-03T04:00:00+00:00,0.065930,900
2025-11-03T04:15:00+00:00,0.069150,900
2025-11-03T04:30:00+00:00,0.073560,900
2025-11-03T04:45:00+00:00,0.067800,900
2025-11-03T05:00:00+00:00,0.066450,900
2025-11-03T05:15:00+00:00,0.083150,900
2025-11-03T05:30:00+00:00,0.102260,900
2025-11-03T05:45:00+00:00,0.101290,900
2025-11-03T06:00:00+00:00,0.108490,900
2025-11-03T06:15:00+00:00,0.113380,900
2025-11-03T06:30:00+00:00,0.113580,900
2025-11-03T06:45:00+00:00,0.107420,900
2025-11-03T07:00:00+00:00,0.139730,900
2025-11-03T07:15:00+00:00,0.110510,900
2025-11-03T07:30:00+00:00,0.089730,900
2025-11-03T07:45:00+00:00,0.079100,900
2025-11-03T08:00:00+00:00,0.103000,900
2025-11-03T08:15:00+00:00,0.090410,900
2025-11-03T08:30:00+00:00,0.078950,900
2025-11-03T08:45:00+00:00,0.065110,900
2025-11-03T09:00:00+00:00,0.088980,900
2025-11-03T09:15:00+00:00,0.073050,900
2025-11-03T09:30:00+00:00,0.068590,900
2025-11-03T09:45:00+00:00,0.064470,900
2025-11-03T10:00:00+00:00,0.071050,900
2025-11-03T10:15:00+00:00,0.067790,900
2025-11-03T10:30:00+00:00,0.066000,900
2025-11-03T10:45:00+00:00,0.066730,900
2025-11-03T11:00:00+00:00,0.063870,900
2025-11-03T11:15:00+00:00,0.062290,900
2025-11-03T11:30:00+00:00,0.062210,900
2025-11-03T11:45:00+00:00,0.062300,900
2025-11-03T12:00:00+00:00,0.064980,900
2025-11-03T12:15:00+00:00,0.066210,900
2025-11-03T12:30:00+00:00,0.067670,900
2025-11-03T12:45:00+00:00,0.066770,900
2025-11-03T13:00:00+00:00,0.060130,900
2025-11-03T13:15:00+00:00,0.062520,900
2025-11-03T13:30:00+00:00,0.069240,900
2025-11-03T13:45:00+00:00,0.085880,900
2025-11-03T14:00:00+00:00,0.062200,900
2025-11-03T14:15:00+00:00,0.078280,900
2025-11-03T14:30:00+00:00,0.080000,900
2025-11-03T14:45:00+00:00,0.088770,900
2025-11-03T15:00:00+00:00,0.080710,900
2025-11-03T15:15:00+00:00,0.088210,900
2025-11-03T15:30:00+00:00,0.088210,900
2025-11-03T15:45:00+00:00,0.102870,900
2025-11-03T16:00:00+00:00,0.091830,900
2025-11-03T16:15:00+00:00,0.094740,900
2025-11-03T16:30:00+00:00,0.090860,900
2025-11-03T16:45:00+00:00,0.094580,900
2025-11-03T17:00:00+00:00,0.093770,900
2025-11-03T17:15:00+00:00,0.090290,900
2025-11-03T17:30:00+00:00,0.092870,900
2025-11-03T17:45:00+00:00,0.091720,900
2025-11-03T18:00:00+00:00,0.093640,900
2025-11-03T18:15:00+00:00,0.088870,900
2025-11-03T18:30:00+00:00,0.083610,900
2025-11-03T18:45:00+00:00,0.068010,900
2025-11-03T19:00:00+00:00,0.092680,900
2025-11-03T19:15:00+00:00,0.072780,900
2025-11-03T19:30:00+00:00,0.069530,900
2025-11-03T19:45:00+00:00,0.058960,900
2025-11-03T20:00:00+00:00,0.066100,900
2025-11-03T20:15:00+00:00,0.058100,900
2025-11-03T20:30:00+00:00,0.064610,900
2025-11-03T20:45:00+00:00,0.054140,900
2025-11-03T21:00:00+00:00,0.063880,900
2025-11-03T21:15:00+00:00,0.055300,900
2025-11-03T21:30:00+00:00,0.048930,900
2025-11-03T21:45:00+00:00,0.043160,900
2025-11-03T22:00:00+00:00,0.052990,900
2025-11-03T22:15:00+00:00,0.027590,900
2025-11-03T22:30:00+00:00,0.029710,900
2025-11-03T22:45:00+00:00,0.008980,900
2025-11-03T23:00:00+00:00,0.032440,900
2025-11-03T23:15:00+00:00,0.014800,900
2025-11-03T23:30:00+00:00,0.008960,900
2025-11-03T23:45:00+00:00,0.005750,900
2025-11-04T00:00:00+00:00,0.010450,900
2025-11-04T00:15:00+00:00,0.007190,900
2025-11-04T00:30:00+00:00,0.008760,900
2025-11-04T00:45:00+00:00,0.006470,900
2025-11-04T01:00:00+00:00,0.007740,900
2025-11-04T01:15:00+00:00,0.005580,900
2025-11-04T01:30:00+00:00,0.006550,900
2025-11-04T01:45:00+00:00,0.005670,900
2025-11-04T02:00:00+00:00,0.005120,900
2025-11-04T02:15:00+00:00,0.005820,900
2025-11-04T02:30:00+00:00,0.005760,900
2025-11-04T02:45:00+00:00,0.006700,900
2025-11-04T03:00:00+00:00,0.007120,900
2025-11-04T03:15:00+00:00,0.005970,900
2025-11-04T03:30:00+00:00,0.021250,900
2025-11-04T03:45:00+00:00,0.020920,900
2025-11-04T04:00:00+00:00,0.011720,900
2025-11-04T04:15:00+00:00,0.039510,900
2025-11-04T04:30:00+00:00,0.042570,900
2025-11-04T04:45:00+00:00,0.075940,900
2025-11-04T05:00:00+00:00,0.032230,900
2025-11-04T05:15:00+00:00,0.070750,900
2025-11-04T05:30:00+00:00,0.083440,900
2025-11-04T05:45:00+00:00,0.098130,900
2025-11-04T06:00:00+00:00,0.098810,900
2025-11-04T06:15:00+00:00,0.116850,900
2025-11-04T06:30:00+00:00,0.112160,900
2025-11-04T06:45:00+00:00,0.098810,900
2025-11-04T07:00:00+00:00,0.125400,900
2025-11-04T07:15:00+00:00,0.116130,900
2025-11-04T07:30:00+00:00,0.099110,900
2025-11-04T07:45:00+00:00,0.077710,900
2025-11-04T08:00:00+00:00,0.108200,900
2025-11-04T08:15:00+00:00,0.087900,900
2025-11-04T08:30:00+00:00,0.077520,900
2025-11-04T08:45:00+00:00,0.062400,900
2025-11-04T09:00:00+00:00,0.136030,900
2025-11-04T09:15:00+00:00,0.093470,900
2025-11-04T09:30:00+00:00,0.077000,900
2025-11-04T09:45:00+00:00,0.070100,900
2025-11-04T10:00:00+00:00,0.090020,900
2025-11-04T10:15:00+00:00,0.083070,900
2025-11-04T10:30:00+00:00,0.071980,900
2025-11-04T10:45:00+00:00,0.066610,900
2025-11-04T11:00:00+00:00,0.069310,900
2025-11-04T11:15:00+00:00,0.067540,900
2025-11-04T11:30:00+00:00,0.067540,900
2025-11-04T11:45:00+00:00,0.076230,900
2025-11-04T12:00:00+00:00,0.060380,900
2025-11-04T12:15:00+00:00,0.069290,900
2025-11-04T12:30:00+00:00,0.076550,900
2025-11-04T12:45:00+00:00,0.092460,900
2025-11-04T13:00:00+00:00,0.052890,900
2025-11-04T13:15:00+00:00,0.070410,900
2025-11-04T13:30:00+00:00,0.081900,900
2025-11-04T13:45:00+00:00,0.101640,900
2025-11-04T14:00:00+00:00,0.069690,900
2025-11-04T14:15:00+00:00,0.082510,900
2025-11-04T14:30:00+00:00,0.094300,900
2025-11-04T14:45:00+00:00,0.136260,900
2025-11-04T15:00:00+00:00,0.078710,900
2025-11-04T15:15:00+00:00,0.097890,900
2025-11-04T15:30:00+00:00,0.114790,900
2025-11-04T15:45:00+00:00,0.145120,900
2025-11-04T16:00:00+00:00,0.107690,900
2025-11-04T16:15:00+00:00,0.108870,900
2025-11-04T16:30:00+00:00,0.109130,900
2025-11-04T16:45:00+00:00,0.108040,900
2025-11-04T17:00:00+00:00,0.127980,900
2025-11-04T17:15:00+00:00,0.113550,900
2025-11-04T17:30:00+00:00,0.102890,900
2025-11-04T17:45:00+00:00,0.087860,900
2025-11-04T18:00:00+00:00,0.121650,900
2025-11-04T18:15:00+00:00,0.099450,900
2025-11-04T18:30:00+00:00,0.088080,900
2025-11-04T18:45:00+00:00,0.073300,900
2025-11-04T19:00:00+00:00,0.099840,900
2025-11-04T19:15:00+00:00,0.089860,900
2025-11-04T19:30:00+00:00,0.077460,900
2025-11-04T19:45:00+00:00,0.079240,900
2025-11-04T20:00:00+00:00,0.095850,900
2025-11-04T20:15:00+00:00,0.080100,900
2025-11-04T20:30:00+00:00,0.076620,900
2025-11-04T20:45:00+00:00,0.066630,900
2025-11-04T21:00:00+00:00,0.079630,900
2025-11-04T21:15:00+00:00,0.078860,900
2025-11-04T21:30:00+00:00,0.080100,900
2025-11-04T21:45:00+00:00,0.072910,900
2025-11-04T22:00:00+00:00,0.073770,900
2025-11-04T22:15:00+00:00,0.067510,900
2025-11-04T22:30:00+00:00,0.073040,900
2025-11-04T22:45:00+00:00,0.061370,900
2025-11-04T23:00:00+00:00,0.071790,900
2025-11-04T23:15:00+00:00,0.067350,900
2025-11-04T23:30:00+00:00,0.069120,900
2025-11-04T23:45:00+00:00,0.067110,900
2025-11-05T00:00:00+00:00,0.068520,900
2025-11-05T00:15:00+00:00,0.066400,900
2025-11-05T00:30:00+00:00,0.066960,900
2025-11-05T00:45:00+00:00,0.065850,900
2025-11-05T01:00:00+00:00,0.063300,900
2025-11-05T01:15:00+00:00,0.065120,900
2025-11-05T01:30:00+00:00,0.066830,900
2025-11-05T01:45:00+00:00,0.068710,900
2025-11-05T02:00:00+00:00,0.065140,900
2025-11-05T02:15:00+00:00,0.064610,900
2025-11-05T02:30:00+00:00,0.068920,900
2025-11-05T02:45:00+00:00,0.065560,900
2025-11-05T03:00:00+00:00,0.061910,900
2025-11-05T03:15:00+00:00,0.062140,900
2025-11-05T03:30:00+00:00,0.066910,900
2025-11-05T03:45:00+00:00,0.069450,900
2025-11-05T04:00:00+00:00,0.062560,900
2025-11-05T04:15:00+00:00,0.071720,900
2025-11-05T04:30:00+00:00,0.078620,900
2025-11-05T04:45:00+00:00,0.080360,900
2025-11-05T05:00:00+00:00,0.070990,900
2025-11-05T05:15:00+00:00,0.073580,900
2025-11-05T05:30:00+00:00,0.076450,900
2025-11-05T05:45:00+00:00,0.089710,900
2025-11-05T06:00:00+00:00,0.094820,900
2025-11-05T06:15:00+00:00,0.111830,900
2025-11-05T06:30:00+00:00,0.108240,900
2025-11-05T06:45:00+00:00,0.094160,900
2025-11-05T07:00:00+00:00,0.125540,900
2025-11-05T07:15:00+00:00,0.102740,900
2025-11-05T07:30:00+00:00,0.096290,900
2025-11-05T07:45:00+00:00,0.075100,900
2025-11-05T08:00:00+00:00,0.136640,900
2025-11-05T08:15:00+00:00,0.101780,900
2025-11-05T08:30:00+00:00,0.088490,900
2025-11-05T08:45:00+00:00,0.075890,900
2025-11-05T09:00:00+00:00,0.088810,900
2025-11-05T09:15:00+00:00,0.076770,900
2025-11-05T09:30:00+00:00,0.070100,900
2025-11-05T09:45:00+00:00,0.063920,900
2025-11-05T10:00:00+00:00,0.068350,900
2025-11-05T10:15:00+00:00,0.059990,900
2025-11-05T10:30:00+00:00,0.061030,900
2025-11-05T10:45:00+00:00,0.065700,900
2025-11-05T11:00:00+00:00,0.050890,900
2025-11-05T11:15:00+00:00,0.061080,900
2025-11-05T11:30:00+00:00,0.063410,900
2025-11-05T11:45:00+00:00,0.066660,900
2025-11-05T12:00:00+00:00,0.056870,900
2025-11-05T12:15:00+00:00,0.063300,900
2025-11-05T12:30:00+00:00,0.072020,900
2025-11-05T12:45:00+00:00,0.081860,900
2025-11-05T13:00:00+00:00,0.063570,900
2025-11-05T13:15:00+00:00,0.080050,900
2025-11-05T13:30:00+00:00,0.089940,900
2025-11-05T13:45:00+00:00,0.103280,900
2025-11-05T14:00:00+00:00,0.070670,900
2025-11-05T14:15:00+00:00,0.096360,900
2025-11-05T14:30:00+00:00,0.109400,900
2025-11-05T14:45:00+00:00,0.125440,900
2025-11-05T15:00:00+00:00,0.103230,900
2025-11-05T15:15:00+00:00,0.111300,900
2025-11-05T15:30:00+00:00,0.122500,900
2025-11-05T15:45:00+00:00,0.138110,900
2025-11-05T16:00:00+00:00,0.127030,900
2025-11-05T16:15:00+00:00,0.129980,900
2025-11-05T16:30:00+00:00,0.129020,900
2025-11-05T16:45:00+00:00,0.117670,900
2025-11-05T17:00:00+00:00,0.124440,900
2025-11-05T17:15:00+00:00,0.114670,900
2025-11-05T17:30:00+00:00,0.106020,900
2025-11-05T17:45:00+00:00,0.099030,900
2025-11-05T18:00:00+00:00,0.115100,900
2025-11-05T18:15:00+00:00,0.105070,900
2025-11-05T18:30:00+00:00,0.099380,900
2025-11-05T18:45:00+00:00,0.088210,900
2025-11-05T19:00:00+00:00,0.099270,900
2025-11-05T19:15:00+00:00,0.091950,900
2025-11-05T19:30:00+00:00,0.091150,900
2025-11-05T19:45:00+00:00,0.086790,900
2025-11-05T20:00:00+00:00,0.095950,900
2025-11-05T20:15:00+00:00,0.089650,900
2025-11-05T20:30:00+00:00,0.083100,900
2025-11-05T20:45:00+00:00,0.069210,900
2025-11-05T21:00:00+00:00,0.090000,900
2025-11-05T21:15:00+00:00,0.078230,900
2025-11-05T21:30:00+00:00,0.077300,900
2025-11-05T21:45:00+00:00,0.069990,900
2025-11-05T22:00:00+00:00,0.081320,900
2025-11-05T22:15:00+00:00,0.081380,900
2025-11-05T22:30:00+00:00,0.080020,900
2025-11-05T22:45:00+00:00,0.069440,900
2025-11-05T23:00:00+00:00,0.084420,900
2025-11-05T23:15:00+00:00,0.081310,900
2025-11-05T23:30:00+00:00,0.081660,900
2025-11-05T23:45:00+00:00,0.078920,900
2025-11-06T00:00:00+00:00,0.081460,900
2025-11-06T00:15:00+00:00,0.078950,900
2025-11-06T00:30:00+00:00,0.077830,900
2025-11-06T00:45:00+00:00,0.075890,900
2025-11-06T01:00:00+00:00,0.080100,900
2025-11-06T01:15:00+00:00,0.078340,900
2025-11-06T01:30:00+00:00,0.078460,900
2025-11-06T01:45:00+00:00,0.078470,900
2025-11-06T02:00:00+00:00,0.078140,900
2025-11-06T02:15:00+00:00,0.077500,900
2025-11-06T02:30:00+00:00,0.075330,900
2025-11-06T02:45:00+00:00,0.076060,900
2025-11-06T03:00:00+00:00,0.077600,900
2025-11-06T03:15:00+00:00,0.077030,900
2025-11-06T03:30:00+00:00,0.076900,900
2025-11-06T03:45:00+00:00,0.078730,900
2025-11-06T04:00:00+00:00,0.073550,900
2025-11-06T04:15:00+00:00,0.075340,900
2025-11-06T04:30:00+00:00,0.081550,900
2025-11-06T04:45:00+00:00,0.085680,900
2025-11-06T05:00:00+00:00,0.082530,900
2025-11-06T05:15:00+00:00,0.099820,900
2025-11-06T05:30:00+00:00,0.109190,900
2025-11-06T05:45:00+00:00,0.129540,900
2025-11-06T06:00:00+00:00,0.114950,900
2025-11-06T06:15:00+00:00,0.121620,900
2025-11-06T06:30:00+00:00,0.120580,900
2025-11-06T06:45:00+00:00,0.110860,900
2025-11-06T07:00:00+00:00,0.128050,900
2025-11-06T07:15:00+00:00,0.120810,900
2025-11-06T07:30:00+00:00,0.103520,900
2025-11-06T07:45:00+00:00,0.090700,900
2025-11-06T08:00:00+00:00,0.110730,900
2025-11-06T08:15:00+00:00,0.100600,900
2025-11-06T08:30:00+00:00,0.086290,900
2025-11-06T08:45:00+00:00,0.075230,900
2025-11-06T09:00:00+00:00,0.094800,900
2025-11-06T09:15:00+00:00,0.087550,900
2025-11-06T09:30:00+00:00,0.080340,900
2025-11-06T09:45:00+00:00,0.077940,900
2025-11-06T10:00:00+00:00,0.086900,900
2025-11-06T10:15:00+00:00,0.084970,900
2025-11-06T10:30:00+00:00,0.082930,900
2025-11-06T10:45:00+00:00,0.080000,900
2025-11-06T11:00:00+00:00,0.081130,900
2025-11-06T11:15:00+00:00,0.078760,900
2025-11-06T11:30:00+00:00,0.086560,900
2025-11-06T11:45:00+00:00,0.085490,900
2025-11-06T12:00:00+00:00,0.078420,900
2025-11-06T12:15:00+00:00,0.081320,900
2025-11-06T12:30:00+00:00,0.083470,900
2025-11-06T12:45:00+00:00,0.089810,900
2025-11-06T13:00:00+00:00,0.078260,900
2025-11-06T13:15:00+00:00,0.092350,900
2025-11-06T13:30:00+00:00,0.094220,900
2025-11-06T13:45:00+00:00,0.112610,900
2025-11-06T14:00:00+00:00,0.092640,900
2025-11-06T14:15:00+00:00,0.101910,900
2025-11-06T14:30:00+00:00,0.123400,900
2025-11-06T14:45:00+00:00,0.163670,900
2025-11-06T15:00:00+00:00,0.123100,900
2025-11-06T15:15:00+00:00,0.141950,900
2025-11-06T15:30:00+00:00,0.163560,900
2025-11-06T15:45:00+00:00,0.179980,900
2025-11-06T16:00:00+00:00,0.171900,900
2025-11-06T16:15:00+00:00,0.169200,900
2025-11-06T16:30:00+00:00,0.156440,900
2025-11-06T16:45:00+00:00,0.142230,900
2025-11-06T17:00:00+00:00,0.153240,900
2025-11-06T17:15:00+00:00,0.140550,900
2025-11-06T17:30:00+00:00,0.135180,900
2025-11-06T17:45:00+00:00,0.127300,900
2025-11-06T18:00:00+00:00,0.138420,900
2025-11-06T18:15:00+00:00,0.129240,900
2025-11-06T18:30:00+00:00,0.119300,900
2025-11-06T18:45:00+00:00,0.118860,900
2025-11-06T19:00:00+00:00,0.122600,900
2025-11-06T19:15:00+00:00,0.119210,900
2025-11-06T19:30:00+00:00,0.111180,900
2025-11-06T19:45:00+00:00,0.104030,900
2025-11-06T20:00:00+00:00,0.107730,900
2025-11-06T20:15:00+00:00,0.102150,900
2025-11-06T20:30:00+00:00,0.100330,900
2025-11-06T20:45:00+00:00,0.089110,900
2025-11-06T21:00:00+00:00,0.098560,900
2025-11-06T21:15:00+00:00,0.092690,900
2025-11-06T21:30:00+00:00,0.099250,900
2025-11-06T21:45:00+00:00,0.093650,900
2025-11-06T22:00:00+00:00,0.098720,900
2025-11-06T22:15:00+00:00,0.093290,900
2025-11-06T22:30:00+00:00,0.085870,900
2025-11-06T22:45:00+00:00,0.077340,900
2025-11-06T23:00:00+00:00,0.086650,900
2025-11-06T23:15:00+00:00,0.083970,900
2025-11-06T23:30:00+00:00,0.087000,900
2025-11-06T23:45:00+00:00,0.082510,900
2025-11-07T00:00:00+00:00,0.084320,900
2025-11-07T00:15:00+00:00,0.082440,900
2025-11-07T00:30:00+00:00,0.082230,900
2025-11-07T00:45:00+00:00,0.081200,900
2025-11-07T01:00:00+00:00,0.084410,900
2025-11-07T01:15:00+00:00,0.082390,900
2025-11-07T01:30:00+00:00,0.083080,900
2025-11-07T01:45:00+00:00,0.081500,900
2025-11-07T02:00:00+00:00,0.081610,900
2025-11-07T02:15:00+00:00,0.080650,900
2025-11-07T02:30:00+00:00,0.079880,900
2025-11-07T02:45:00+00:00,0.080380,900
2025-11-07T03:00:00+00:00,0.078150,900
2025-11-07T03:15:00+00:00,0.079820,900
2025-11-07T03:30:00+00:00,0.082300,900
2025-11-07T03:45:00+00:00,0.082870,900
2025-11-07T04:00:00+00:00,0.077450,900
2025-11-07T04:15:00+00:00,0.082270,900
2025-11-07T04:30:00+00:00,0.089350,900
2025-11-07T04:45:00+00:00,0.094930,900
2025-11-07T05:00:00+00:00,0.085420,900
2025-11-07T05:15:00+00:00,0.096220,900
2025-11-07T05:30:00+00:00,0.106000,900
2025-11-07T05:45:00+00:00,0.134040,900
2025-11-07T06:00:00+00:00,0.110160,900
2025-11-07T06:15:00+00:00,0.126150,900
2025-11-07T06:30:00+00:00,0.126150,900
2025-11-07T06:45:00+00:00,0.130360,900
2025-11-07T07:00:00+00:00,0.145880,900
2025-11-07T07:15:00+00:00,0.133410,900
2025-11-07T07:30:00+00:00,0.112180,900
2025-11-07T07:45:00+00:00,0.091850,900
2025-11-07T08:00:00+00:00,0.119690,900
2025-11-07T08:15:00+00:00,0.110480,900
2025-11-07T08:30:00+00:00,0.094160,900
2025-11-07T08:45:00+00:00,0.084880,900
2025-11-07T09:00:00+00:00,0.096770,900
2025-11-07T09:15:00+00:00,0.089830,900
2025-11-07T09:30:00+00:00,0.084170,900
2025-11-07T09:45:00+00:00,0.081160,900
2025-11-07T10:00:00+00:00,0.086710,900
2025-11-07T10:15:00+00:00,0.084060,900
2025-11-07T10:30:00+00:00,0.084190,900
2025-11-07T10:45:00+00:00,0.081850,900
2025-11-07T11:00:00+00:00,0.082920,900
2025-11-07T11:15:00+00:00,0.082330,900
2025-11-07T11:30:00+00:00,0.083350,900
2025-11-07T11:45:00+00:00,0.084120,900
2025-11-07T12:00:00+00:00,0.081830,900
2025-11-07T12:15:00+00:00,0.083820,900
2025-11-07T12:30:00+00:00,0.086060,900
2025-11-07T12:45:00+00:00,0.088390,900
2025-11-07T13:00:00+00:00,0.075300,900
2025-11-07T13:15:00+00:00,0.091340,900
2025-11-07T13:30:00+00:00,0.098230,900
2025-11-07T13:45:00+00:00,0.114940,900
2025-11-07T14:00:00+00:00,0.085730,900
2025-11-07T14:15:00+00:00,0.103470,900
2025-11-07T14:30:00+00:00,0.120280,900
2025-11-07T14:45:00+00:00,0.157350,900
2025-11-07T15:00:00+00:00,0.117000,900
2025-11-07T15:15:00+00:00,0.131040,900
2025-11-07T15:30:00+00:00,0.151720,900
2025-11-07T15:45:00+00:00,0.195130,900
2025-11-07T16:00:00+00:00,0.158070,900
2025-11-07T16:15:00+00:00,0.169940,900
2025-11-07T16:30:00+00:00,0.167270,900
2025-11-07T16:45:00+00:00,0.164880,900
2025-11-07T17:00:00+00:00,0.146080,900
2025-11-07T17:15:00+00:00,0.135420,900
2025-11-07T17:30:00+00:00,0.137660,900
2025-11-07T17:45:00+00:00,0.138760,900
2025-11-07T18:00:00+00:00,0.138600,900
2025-11-07T18:15:00+00:00,0.132200,900
2025-11-07T18:30:00+00:00,0.120820,900
2025-11-07T18:45:00+00:00,0.119630,900
2025-11-07T19:00:00+00:00,0.127540,900
2025-11-07T19:15:00+00:00,0.115100,900
2025-11-07T19:30:00+00:00,0.109940,900
2025-11-07T19:45:00+00:00,0.103820,900
2025-11-07T20:00:00+00:00,0.112870,900
2025-11-07T20:15:00+00:00,0.105190,900
2025-11-07T20:30:00+00:00,0.099670,900
2025-11-07T20:45:00+00:00,0.092530,900
2025-11-07T21:00:00+00:00,0.103440,900
2025-11-07T21:15:00+00:00,0.101700,900
2025-11-07T21:30:00+00:00,0.093590,900
2025-11-07T21:45:00+00:00,0.086150,900
2025-11-07T22:00:00+00:00,0.097880,900
2025-11-07T22:15:00+00:00,0.092150,900
2025-11-07T22:30:00+00:00,0.086240,900
2025-11-07T22:45:00+00:00,0.080670,900
2025-11-07T23:00:00+00:00,0.098930,900
2025-11-07T23:15:00+00:00,0.096950,900
2025-11-07T23:30:00+00:00,0.086020,900
2025-11-07T23:45:00+00:00,0.086070,900
2025-11-08T00:00:00+00:00,0.094960,900
2025-11-08T00:15:00+00:00,0.090250,900
2025-11-08T00:30:00+00:00,0.089250,900
2025-11-08T00:45:00+00:00,0.087120,900
2025-11-08T01:00:00+00:00,0.089500,900
2025-11-08T01:15:00+00:00,0.087090,900
2025-11-08T01:30:00+00:00,0.087570,900
2025-11-08T01:45:00+00:00,0.086560,900
2025-11-08T02:00:00+00:00,0.088260,900
2025-11-08T02:15:00+00:00,0.087680,900
2025-11-08T02:30:00+00:00,0.086730,900
2025-11-08T02:45:00+00:00,0.084560,900
2025-11-08T03:00:00+00:00,0.085880,900
2025-11-08T03:15:00+00:00,0.086930,900
2025-11-08T03:30:00+00:00,0.087120,900
2025-11-08T03:45:00+00:00,0.086390,900
2025-11-08T04:00:00+00:00,0.085900,900
2025-11-08T04:15:00+00:00,0.085720,900
2025-11-08T04:30:00+00:00,0.086600,900
2025-11-08T04:45:00+00:00,0.087810,900
2025-11-08T05:00:00+00:00,0.082140,900
2025-11-08T05:15:00+00:00,0.085520,900
2025-11-08T05:30:00+00:00,0.093690,900
2025-11-08T05:45:00+00:00,0.096980,900
2025-11-08T06:00:00+00:00,0.093740,900
2025-11-08T06:15:00+00:00,0.096130,900
2025-11-08T06:30:00+00:00,0.099860,900
2025-11-08T06:45:00+00:00,0.098860,900
2025-11-08T07:00:00+00:00,0.103180,900
2025-11-08T07:15:00+00:00,0.100710,900
2025-11-08T07:30:00+00:00,0.094840,900
2025-11-08T07:45:00+00:00,0.090120,900
2025-11-08T08:00:00+00:00,0.103670,900
2025-11-08T08:15:00+00:00,0.096850,900
2025-11-08T08:30:00+00:00,0.096330,900
2025-11-08T08:45:00+00:00,0.090100,900
2025-11-08T09:00:00+00:00,0.104490,900
2025-11-08T09:15:00+00:00,0.097460,900
2025-11-08T09:30:00+00:00,0.092680,900
2025-11-08T09:45:00+00:00,0.086720,900
2025-11-08T10:00:00+00:00,0.091920,900
2025-11-08T10:15:00+00:00,0.091360,900
2025-11-08T10:30:00+00:00,0.086720,900
2025-11-08T10:45:00+00:00,0.090540,900
2025-11-08T11:00:00+00:00,0.090670,900
2025-11-08T11:15:00+00:00,0.089450,900
2025-11-08T11:30:00+00:00,0.088710,900
2025-11-08T11:45:00+00:00,0.086870,900
2025-11-08T12:00:00+00:00,0.087760,900
2025-11-08T12:15:00+00:00,0.086050,900
2025-11-08T12:30:00+00:00,0.088570,900
2025-11-08T12:45:00+00:00,0.090810,900
2025-11-08T13:00:00+00:00,0.082300,900
2025-11-08T13:15:00+00:00,0.088730,900
2025-11-08T13:30:00+00:00,0.093140,900
2025-11-08T13:45:00+00:00,0.106030,900
2025-11-08T14:00:00+00:00,0.086760,900
2025-11-08T14:15:00+00:00,0.098660,900
2025-11-08T14:30:00+00:00,0.114590,900
2025-11-08T14:45:00+00:00,0.125370,900
2025-11-08T15:00:00+00:00,0.098670,900
2025-11-08T15:15:00+00:00,0.107800,900
2025-11-08T15:30:00+00:00,0.113430,900
2025-11-08T15:45:00+00:00,0.132170,900
2025-11-08T16:00:00+00:00,0.112900,900
2025-11-08T16:15:00+00:00,0.126400,900
2025-11-08T16:30:00+00:00,0.129260,900
2025-11-08T16:45:00+00:00,0.132950,900
2025-11-08T17:00:00+00:00,0.132770,900
2025-11-08T17:15:00+00:00,0.129740,900
2025-11-08T17:30:00+00:00,0.131030,900
2025-11-08T17:45:00+00:00,0.130660,900
2025-11-08T18:00:00+00:00,0.130410,900
2025-11-08T18:15:00+00:00,0.128200,900
2025-11-08T18:30:00+00:00,0.125990,900
2025-11-08T18:45:00+00:00,0.122550,900
2025-11-08T19:00:00+00:00,0.126640,900
2025-11-08T19:15:00+00:00,0.120490,900
2025-11-08T19:30:00+00:00,0.116610,900
2025-11-08T19:45:00+00:00,0.107270,900
2025-11-08T20:00:00+00:00,0.116890,900
2025-11-08T20:15:00+00:00,0.114150,900
2025-11-08T20:30:00+00:00,0.103580,900
2025-11-08T20:45:00+00:00,0.097490,900
2025-11-08T21:00:00+00:00,0.105460,900
2025-11-08T21:15:00+00:00,0.102770,900
2025-11-08T21:30:00+00:00,0.100870,900
2025-11-08T21:45:00+00:00,0.096930,900
2025-11-08T22:00:00+00:00,0.100410,900
2025-11-08T22:15:00+00:00,0.095950,900
2025-11-08T22:30:00+00:00,0.091730,900
2025-11-08T22:45:00+00:00,0.085890,900
2025-11-08T23:00:00+00:00,0.096200,900
2025-11-08T23:15:00+00:00,0.089340,900
2025-11-08T23:30:00+00:00,0.092380,900
2025-11-08T23:45:00+00:00,0.090140,900
2025-11-09T00:00:00+00:00,0.094910,900
2025-11-09T00:15:00+00:00,0.090000,900
2025-11-09T00:30:00+00:00,0.087390,900
2025-11-09T00:45:00+00:00,0.085620,900
2025-11-09T01:00:00+00:00,0.089640,900
2025-11-09T01:15:00+00:00,0.087690,900
2025-11-09T01:30:00+00:00,0.086090,900
2025-11-09T01:45:00+00:00,0.084660,900
2025-11-09T02:00:00+00:00,0.085640,900
2025-11-09T02:15:00+00:00,0.084670,900
2025-11-09T02:30:00+00:00,0.084340,900
2025-11-09T02:45:00+00:00,0.085590,900
2025-11-09T03:00:00+00:00,0.084780,900
2025-11-09T03:15:00+00:00,0.084920,900
2025-11-09T03:30:00+00:00,0.085220,900
2025-11-09T03:45:00+00:00,0.087200,900
2025-11-09T04:00:00+00:00,0.086290,900
2025-11-09T04:15:00+00:00,0.085780,900
2025-11-09T04:30:00+00:00,0.087170,900
2025-11-09T04:45:00+00:00,0.084970,900
2025-11-09T05:00:00+00:00,0.085480,900
2025-11-09T05:15:00+00:00,0.084650,900
2025-11-09T05:30:00+00:00,0.086920,900
2025-11-09T05:45:00+00:00,0.086900,900
2025-11-09T06:00:00+00:00,0.086650,900
2025-11-09T06:15:00+00:00,0.083040,900
2025-11-09T06:30:00+00:00,0.086970,900
2025-11-09T06:45:00+00:00,0.088750,900
2025-11-09T07:00:00+00:00,0.092120,900
2025-11-09T07:15:00+00:00,0.096250,900
2025-11-09T07:30:00+00:00,0.094220,900
2025-11-09T07:45:00+00:00,0.090580,900
2025-11-09T08:00:00+00:00,0.096880,900
2025-11-09T08:15:00+00:00,0.091600,900
2025-11-09T08:30:00+00:00,0.090330,900
2025-11-09T08:45:00+00:00,0.085240,900
2025-11-09T09:00:00+00:00,0.094270,900
2025-11-09T09:15:00+00:00,0.087880,900
2025-11-09T09:30:00+00:00,0.089760,900
2025-11-09T09:45:00+00:00,0.085190,900
2025-11-09T10:00:00+00:00,0.093580,900
2025-11-09T10:15:00+00:00,0.090150,900
2025-11-09T10:30:00+00:00,0.087670,900
2025-11-09T10:45:00+00:00,0.085700,900
2025-11-09T11:00:00+00:00,0.090640,900
2025-11-09T11:15:00+00:00,0.088300,900
2025-11-09T11:30:00+00:00,0.091640,900
2025-11-09T11:45:00+00:00,0.090300,900
2025-11-09T12:00:00+00:00,0.092510,900
2025-11-09T12:15:00+00:00,0.090060,900
2025-11-09T12:30:00+00:00,0.081530,900
2025-11-09T12:45:00+00:00,0.081080,900
2025-11-09T13:00:00+00:00,0.080910,900
2025-11-09T13:15:00+00:00,0.080790,900
2025-11-09T13:30:00+00:00,0.085310,900
2025-11-09T13:45:00+00:00,0.095440,900
2025-11-09T14:00:00+00:00,0.080510,900
2025-11-09T14:15:00+00:00,0.090450,900
2025-11-09T14:30:00+00:00,0.091040,900
2025-11-09T14:45:00+00:00,0.098110,900
2025-11-09T15:00:00+00:00,0.092740,900
2025-11-09T15:15:00+00:00,0.101910,900
2025-11-09T15:30:00+00:00,0.105940,900
2025-11-09T15:45:00+00:00,0.110820,900
2025-11-09T16:00:00+00:00,0.107970,900
2025-11-09T16:15:00+00:00,0.118290,900
2025-11-09T16:30:00+00:00,0.124590,900
2025-11-09T16:45:00+00:00,0.128200,900
2025-11-09T17:00:00+00:00,0.120170,900
2025-11-09T17:15:00+00:00,0.122770,900
2025-11-09T17:30:00+00:00,0.123110,900
2025-11-09T17:45:00+00:00,0.122110,900
2025-11-09T18:00:00+00:00,0.120250,900
2025-11-09T18:15:00+00:00,0.119700,900
2025-11-09T18:30:00+00:00,0.113590,900
2025-11-09T18:45:00+00:00,0.111620,900
2025-11-09T19:00:00+00:00,0.114740,900
2025-11-09T19:15:00+00:00,0.112010,900
2025-11-09T19:30:00+00:00,0.098810,900
2025-11-09T19:45:00+00:00,0.085380,900
2025-11-09T20:00:00+00:00,0.099370,900
2025-11-09T20:15:00+00:00,0.085920,900
2025-11-09T20:30:00+00:00,0.092420,900
2025-11-09T20:45:00+00:00,0.085900,900
2025-11-09T21:00:00+00:00,0.099300,900
2025-11-09T21:15:00+00:00,0.092110,900
2025-11-09T21:30:00+00:00,0.088780,900
2025-11-09T21:45:00+00:00,0.081890,900
2025-11-09T22:00:00+00:00,0.091630,900
2025-11-09T22:15:00+00:00,0.085740,900
2025-11-09T22:30:00+00:00,0.087640,900
2025-11-09T22:45:00+00:00,0.082500,900
2025-11-09T23:00:00+00:00,0.087680,900
2025-11-09T23:15:00+00:00,0.087020,900
2025-11-09T23:30:00+00:00,0.076940,900
2025-11-09T23:45:00+00:00,0.074370,900
2025-11-10T00:00:00+00:00,0.082140,900
2025-11-10T00:15:00+00:00,0.079630,900
2025-11-10T00:30:00+00:00,0.076450,900
2025-11-10T00:45:00+00:00,0.075820,900
2025-11-10T01:00:00+00:00,0.083950,900
2025-11-10T01:15:00+00:00,0.079060,900
2025-11-10T01:30:00+00:00,0.078920,900
2025-11-10T01:45:00+00:00,0.075610,900
2025-11-10T02:00:00+00:00,0.078060,900
2025-11-10T02:15:00+00:00,0.076780,900
2025-11-10T02:30:00+00:00,0.077790,900
2025-11-10T02:45:00+00:00,0.075940,900
2025-11-10T03:00:00+00:00,0.075150,900
2025-11-10T03:15:00+00:00,0.075330,900
2025-11-10T03:30:00+00:00,0.076910,900
2025-11-10T03:45:00+00:00,0.081200,900
2025-11-10T04:00:00+00:00,0.075310,900
2025-11-10T04:15:00+00:00,0.077780,900
2025-11-10T04:30:00+00:00,0.084520,900
2025-11-10T04:45:00+00:00,0.090430,900
2025-11-10T05:00:00+00:00,0.071860,900
2025-11-10T05:15:00+00:00,0.081620,900
2025-11-10T05:30:00+00:00,0.102420,900
2025-11-10T05:45:00+00:00,0.132720,900
2025-11-10T06:00:00+00:00,0.087850,900
2025-11-10T06:15:00+00:00,0.120590,900
2025-11-10T06:30:00+00:00,0.133190,900
2025-11-10T06:45:00+00:00,0.141040,900
2025-11-10T07:00:00+00:00,0.151890,900
2025-11-10T07:15:00+00:00,0.134910,900
2025-11-10T07:30:00+00:00,0.134870,900
2025-11-10T07:45:00+00:00,0.113160,900
2025-11-10T08:00:00+00:00,0.156020,900
2025-11-10T08:15:00+00:00,0.127660,900
2025-11-10T08:30:00+00:00,0.110890,900
2025-11-10T08:45:00+00:00,0.100940,900
2025-11-10T09:00:00+00:00,0.128270,900
2025-11-10T09:15:00+00:00,0.099800,900
2025-11-10T09:30:00+00:00,0.088230,900
2025-11-10T09:45:00+00:00,0.067710,900
2025-11-10T10:00:00+00:00,0.109210,900
2025-11-10T10:15:00+00:00,0.089640,900
2025-11-10T10:30:00+00:00,0.084010,900
2025-11-10T10:45:00+00:00,0.073140,900
2025-11-10T11:00:00+00:00,0.099960,900
2025-11-10T11:15:00+00:00,0.088070,900
2025-11-10T11:30:00+00:00,0.086830,900
2025-11-10T11:45:00+00:00,0.089830,900
2025-11-10T12:00:00+00:00,0.082560,900
2025-11-10T12:15:00+00:00,0.087100,900
2025-11-10T12:30:00+00:00,0.094400,900
2025-11-10T12:45:00+00:00,0.100620,900
2025-11-10T13:00:00+00:00,0.081320,900
2025-11-10T13:15:00+00:00,0.093380,900
2025-11-10T13:30:00+00:00,0.107530,900
2025-11-10T13:45:00+00:00,0.123180,900
2025-11-10T14:00:00+00:00,0.095320,900
2025-11-10T14:15:00+00:00,0.103850,900
2025-11-10T14:30:00+00:00,0.119820,900
2025-11-10T14:45:00+00:00,0.148490,900
2025-11-10T15:00:00+00:00,0.116190,900
2025-11-10T15:15:00+00:00,0.121470,900
2025-11-10T15:30:00+00:00,0.125620,900
2025-11-10T15:45:00+00:00,0.138970,900
2025-11-10T16:00:00+00:00,0.135330,900
2025-11-10T16:15:00+00:00,0.133750,900
2025-11-10T16:30:00+00:00,0.128370,900
2025-11-10T16:45:00+00:00,0.122540,900
2025-11-10T17:00:00+00:00,0.140970,900
2025-11-10T17:15:00+00:00,0.122510,900
2025-11-10T17:30:00+00:00,0.100740,900
2025-11-10T17:45:00+00:00,0.094580,900
2025-11-10T18:00:00+00:00,0.123810,900
2025-11-10T18:15:00+00:00,0.099270,900
2025-11-10T18:30:00+00:00,0.089110,900
2025-11-10T18:45:00+00:00,0.088170,900
2025-11-10T19:00:00+00:00,0.089700,900
2025-11-10T19:15:00+00:00,0.094140,900
2025-11-10T19:30:00+00:00,0.085170,900
2025-11-10T19:45:00+00:00,0.083800,900
2025-11-10T20:00:00+00:00,0.090060,900
2025-11-10T20:15:00+00:00,0.085130,900
2025-11-10T20:30:00+00:00,0.083230,900
2025-11-10T20:45:00+00:00,0.081900,900
2025-11-10T21:00:00+00:00,0.088270,900
2025-11-10T21:15:00+00:00,0.085240,900
2025-11-10T21:30:00+00:00,0.080790,900
2025-11-10T21:45:00+00:00,0.079520,900
2025-11-10T22:00:00+00:00,0.086010,900
2025-11-10T22:15:00+00:00,0.078820,900
2025-11-10T22:30:00+00:00,0.077380,900
2025-11-10T22:45:00+00:00,0.069140,900
2025-11-10T23:00:00+00:00,0.088420,900
2025-11-10T23:15:00+00:00,0.082010,900
2025-11-10T23:30:00+00:00,0.068870,900
2025-11-10T23:45:00+00:00,0.066840,900
2025-11-11T00:00:00+00:00,0.084090,900
2025-11-11T00:15:00+00:00,0.072600,900
2025-11-11T00:30:00+00:00,0.071160,900
2025-11-11T00:45:00+00:00,0.063450,900
2025-11-11T01:00:00+00:00,0.072130,900
2025-11-11T01:15:00+00:00,0.069670,900
2025-11-11T01:30:00+00:00,0.068740,900
2025-11-11T01:45:00+00:00,0.066860,900
2025-11-11T02:00:00+00:00,0.066680,900
2025-11-11T02:15:00+00:00,0.069350,900
2025-11-11T02:30:00+00:00,0.068400,900
2025-11-11T02:45:00+00:00,0.065830,900
2025-11-11T03:00:00+00:00,0.065850,900
2025-11-11T03:15:00+00:00,0.065980,900
2025-11-11T03:30:00+00:00,0.067010,900
2025-11-11T03:45:00+00:00,0.070040,900
2025-11-11T04:00:00+00:00,0.063070,900
2025-11-11T04:15:00+00:00,0.066800,900
2025-11-11T04:30:00+00:00,0.068010,900
2025-11-11T04:45:00+00:00,0.074330,900
2025-11-11T05:00:00+00:00,0.066610,900
2025-11-11T05:15:00+00:00,0.068570,900
2025-11-11T05:30:00+00:00,0.078440,900
2025-11-11T05:45:00+00:00,0.091070,900
2025-11-11T06:00:00+00:00,0.085590,900
2025-11-11T06:15:00+00:00,0.090290,900
2025-11-11T06:30:00+00:00,0.096320,900
2025-11-11T06:45:00+00:00,0.094240,900
2025-11-11T07:00:00+00:00,0.106690,900
2025-11-11T07:15:00+00:00,0.100860,900
2025-11-11T07:30:00+00:00,0.100170,900
2025-11-11T07:45:00+00:00,0.092280,900
2025-11-11T08:00:00+00:00,0.107840,900
2025-11-11T08:15:00+00:00,0.095210,900
2025-11-11T08:30:00+00:00,0.096410,900
2025-11-11T08:45:00+00:00,0.084540,900
2025-11-11T09:00:00+00:00,0.103760,900
2025-11-11T09:15:00+00:00,0.087870,900
2025-11-11T09:30:00+00:00,0.083850,900
2025-11-11T09:45:00+00:00,0.076830,900
2025-11-11T10:00:00+00:00,0.088800,900
2025-11-11T10:15:00+00:00,0.083750,900
2025-11-11T10:30:00+00:00,0.081030,900
2025-11-11T10:45:00+00:00,0.076820,900
2025-11-11T11:00:00+00:00,0.074370,900
2025-11-11T11:15:00+00:00,0.072910,900
2025-11-11T11:30:00+00:00,0.074990,900
2025-11-11T11:45:00+00:00,0.080160,900
2025-11-11T12:00:00+00:00,0.072860,900
2025-11-11T12:15:00+00:00,0.075220,900
2025-11-11T12:30:00+00:00,0.077950,900
2025-11-11T12:45:00+00:00,0.084520,900
2025-11-11T13:00:00+00:00,0.073920,900
2025-11-11T13:15:00+00:00,0.079800,900
2025-11-11T13:30:00+00:00,0.088820,900
2025-11-11T13:45:00+00:00,0.101290,900
2025-11-11T14:00:00+00:00,0.083220,900
2025-11-11T14:15:00+00:00,0.099030,900
2025-11-11T14:30:00+00:00,0.115760,900
2025-11-11T14:45:00+00:00,0.123980,900
2025-11-11T15:00:00+00:00,0.110500,900
2025-11-11T15:15:00+00:00,0.122220,900
2025-11-11T15:30:00+00:00,0.130240,900
2025-11-11T15:45:00+00:00,0.133600,900
2025-11-11T16:00:00+00:00,0.129770,900
2025-11-11T16:15:00+00:00,0.132330,900
2025-11-11T16:30:00+00:00,0.127760,900
2025-11-11T16:45:00+00:00,0.121220,900
2025-11-11T17:00:00+00:00,0.122450,900
2025-11-11T17:15:00+00:00,0.111850,900
2025-11-11T17:30:00+00:00,0.096170,900
2025-11-11T17:45:00+00:00,0.085750,900
2025-11-11T18:00:00+00:00,0.100100,900
2025-11-11T18:15:00+00:00,0.084060,900
2025-11-11T18:30:00+00:00,0.091490,900
2025-11-11T18:45:00+00:00,0.088270,900
2025-11-11T19:00:00+00:00,0.094710,900
2025-11-11T19:15:00+00:00,0.089590,900
2025-11-11T19:30:00+00:00,0.084470,900
2025-11-11T19:45:00+00:00,0.073720,900
2025-11-11T20:00:00+00:00,0.093210,900
2025-11-11T20:15:00+00:00,0.084130,900
2025-11-11T20:30:00+00:00,0.081800,900
2025-11-11T20:45:00+00:00,0.074080,900
2025-11-11T21:00:00+00:00,0.098860,900
2025-11-11T21:15:00+00:00,0.081580,900
2025-11-11T21:30:00+00:00,0.077240,900
2025-11-11T21:45:00+00:00,0.062310,900
2025-11-11T22:00:00+00:00,0.078140,900
2025-11-11T22:15:00+00:00,0.068630,900
2025-11-11T22:30:00+00:00,0.066310,900
2025-11-11T22:45:00+00:00,0.049670,900
2025-11-11T23:00:00+00:00,0.083980,900
2025-11-11T23:15:00+00:00,0.069260,900
2025-11-11T23:30:00+00:00,0.060890,900
2025-11-11T23:45:00+00:00,0.054660,900
2025-11-12T00:00:00+00:00,0.065890,900
2025-11-12T00:15:00+00:00,0.060380,900
2025-11-12T00:30:00+00:00,0.055370,900
2025-11-12T00:45:00+00:00,0.052320,900
2025-11-12T01:00:00+00:00,0.058010,900
2025-11-12T01:15:00+00:00,0.056440,900
2025-11-12T01:30:00+00:00,0.054190,900
2025-11-12T01:45:00+00:00,0.051130,900
2025-11-12T02:00:00+00:00,0.055270,900
2025-11-12T02:15:00+00:00,0.052690,900
2025-11-12T02:30:00+00:00,0.050730,900
2025-11-12T02:45:00+00:00,0.049950,900
2025-11-12T03:00:00+00:00,0.047040,900
2025-11-12T03:15:00+00:00,0.046020,900
2025-11-12T03:30:00+00:00,0.046440,900
2025-11-12T03:45:00+00:00,0.046850,900
2025-11-12T04:00:00+00:00,0.047410,900
2025-11-12T04:15:00+00:00,0.047940,900
2025-11-12T04:30:00+00:00,0.058980,900
2025-11-12T04:45:00+00:00,0.057710,900
2025-11-12T05:00:00+00:00,0.041030,900
2025-11-12T05:15:00+00:00,0.055410,900
2025-11-12T05:30:00+00:00,0.061660,900
2025-11-12T05:45:00+00:00,0.081880,900
2025-11-12T06:00:00+00:00,0.099800,900
2025-11-12T06:15:00+00:00,0.103120,900
2025-11-12T06:30:00+00:00,0.104940,900
2025-11-12T06:45:00+00:00,0.099470,900
2025-11-12T07:00:00+00:00,0.125750,900
2025-11-12T07:15:00+00:00,0.103170,900
2025-11-12T07:30:00+00:00,0.096710,900
2025-11-12T07:45:00+00:00,0.055000,900
2025-11-12T08:00:00+00:00,0.116950,900
2025-11-12T08:15:00+00:00,0.083190,900
2025-11-12T08:30:00+00:00,0.071360,900
2025-11-12T08:45:00+00:00,0.050880,900
2025-11-12T09:00:00+00:00,0.091910,900
2025-11-12T09:15:00+00:00,0.072200,900
2025-11-12T09:30:00+00:00,0.063040,900
2025-11-12T09:45:00+00:00,0.048530,900
2025-11-12T10:00:00+00:00,0.063810,900
2025-11-12T10:15:00+00:00,0.051000,900
2025-11-12T10:30:00+00:00,0.048790,900
2025-11-12T10:45:00+00:00,0.048030,900
2025-11-12T11:00:00+00:00,0.047160,900
2025-11-12T11:15:00+00:00,0.047940,900
2025-11-12T11:30:00+00:00,0.052440,900
2025-11-12T11:45:00+00:00,0.062850,900
2025-11-12T12:00:00+00:00,0.047800,900
2025-11-12T12:15:00+00:00,0.057630,900
2025-11-12T12:30:00+00:00,0.073820,900
2025-11-12T12:45:00+00:00,0.082020,900
2025-11-12T13:00:00+00:00,0.061480,900
2025-11-12T13:15:00+00:00,0.057240,900
2025-11-12T13:30:00+00:00,0.080000,900
2025-11-12T13:45:00+00:00,0.122980,900
2025-11-12T14:00:00+00:00,0.065850,900
2025-11-12T14:15:00+00:00,0.089700,900
2025-11-12T14:30:00+00:00,0.112550,900
2025-11-12T14:45:00+00:00,0.131730,900
2025-11-12T15:00:00+00:00,0.088950,900
2025-11-12T15:15:00+00:00,0.102390,900
2025-11-12T15:30:00+00:00,0.105030,900
2025-11-12T15:45:00+00:00,0.114360,900
2025-11-12T16:00:00+00:00,0.107690,900
2025-11-12T16:15:00+00:00,0.108980,900
2025-11-12T16:30:00+00:00,0.110010,900
2025-11-12T16:45:00+00:00,0.100810,900
2025-11-12T17:00:00+00:00,0.106220,900
2025-11-12T17:15:00+00:00,0.103850,900
2025-11-12T17:30:00+00:00,0.094050,900
2025-11-12T17:45:00+00:00,0.092010,900
2025-11-12T18:00:00+00:00,0.095170,900
2025-11-12T18:15:00+00:00,0.085100,900
2025-11-12T18:30:00+00:00,0.082290,900
2025-11-12T18:45:00+00:00,0.075240,900
2025-11-12T19:00:00+00:00,0.084810,900
2025-11-12T19:15:00+00:00,0.081520,900
2025-11-12T19:30:00+00:00,0.082250,900
2025-11-12T19:45:00+00:00,0.068220,900
2025-11-12T20:00:00+00:00,0.094670,900
2025-11-12T20:15:00+00:00,0.075640,900
2025-11-12T20:30:00+00:00,0.057620,900
2025-11-12T20:45:00+00:00,0.046170,900
2025-11-12T21:00:00+00:00,0.093710,900
2025-11-12T21:15:00+00:00,0.072250,900
2025-11-12T21:30:00+00:00,0.059680,900
2025-11-12T21:45:00+00:00,0.051990,900
2025-11-12T22:00:00+00:00,0.065580,900
2025-11-12T22:15:00+00:00,0.060850,900
2025-11-12T22:30:00+00:00,0.051440,900
2025-11-12T22:45:00+00:00,0.038250,900
2025-11-12T23:00:00+00:00,0.040850,900
2025-11-12T23:15:00+00:00,0.033220,900
2025-11-12T23:30:00+00:00,0.028470,900
2025-11-12T23:45:00+00:00,0.017050,900
2025-11-13T00:00:00+00:00,0.023500,900
2025-11-13T00:15:00+00:00,0.017130,900
2025-11-13T00:30:00+00:00,0.015310,900
2025-11-13T00:45:00+00:00,0.012280,900
2025-11-13T01:00:00+00:00,0.011660,900
2025-11-13T01:15:00+00:00,0.011140,900
2025-11-13T01:30:00+00:00,0.006320,900
2025-11-13T01:45:00+00:00,0.005280,900
2025-11-13T02:00:00+00:00,0.005770,900
2025-11-13T02:15:00+00:00,0.005080,900
2025-11-13T02:30:00+00:00,0.005090,900
2025-11-13T02:45:00+00:00,0.003600,900
2025-11-13T03:00:00+00:00,0.003250,900
2025-11-13T03:15:00+00:00,0.002530,900
2025-11-13T03:30:00+00:00,0.003970,900
2025-11-13T03:45:00+00:00,0.006900,900
2025-11-13T04:00:00+00:00,0.005950,900
2025-11-13T04:15:00+00:00,0.012560,900
2025-11-13T04:30:00+00:00,0.028540,900
2025-11-13T04:45:00+00:00,0.043480,900
2025-11-13T05:00:00+00:00,0.027520,900
2025-11-13T05:15:00+00:00,0.046710,900
2025-11-13T05:30:00+00:00,0.050630,900
2025-11-13T05:45:00+00:00,0.053410,900
2025-11-13T06:00:00+00:00,0.053410,900
2025-11-13T06:15:00+00:00,0.077880,900
2025-11-13T06:30:00+00:00,0.078390,900
2025-11-13T06:45:00+00:00,0.080070,900
2025-11-13T07:00:00+00:00,0.085320,900
2025-11-13T07:15:00+00:00,0.081950,900
2025-11-13T07:30:00+00:00,0.098020,900
2025-11-13T07:45:00+00:00,0.081950,900
2025-11-13T08:00:00+00:00,0.138000,900
2025-11-13T08:15:00+00:00,0.099010,900
2025-11-13T08:30:00+00:00,0.080720,900
2025-11-13T08:45:00+00:00,0.072070,900
2025-11-13T09:00:00+00:00,0.112800,900
2025-11-13T09:15:00+00:00,0.084400,900
2025-11-13T09:30:00+00:00,0.074530,900
2025-11-13T09:45:00+00:00,0.072550,900
2025-11-13T10:00:00+00:00,0.075840,900
2025-11-13T10:15:00+00:00,0.075100,900
2025-11-13T10:30:00+00:00,0.085240,900
2025-11-13T10:45:00+00:00,0.100100,900
2025-11-13T11:00:00+00:00,0.072350,900
2025-11-13T11:15:00+00:00,0.075020,900
2025-11-13T11:30:00+00:00,0.094000,900
2025-11-13T11:45:00+00:00,0.110460,900
2025-11-13T12:00:00+00:00,0.072400,900
2025-11-13T12:15:00+00:00,0.082700,900
2025-11-13T12:30:00+00:00,0.105100,900
2025-11-13T12:45:00+00:00,0.135800,900
2025-11-13T13:00:00+00:00,0.079620,900
2025-11-13T13:15:00+00:00,0.092520,900
2025-11-13T13:30:00+00:00,0.101600,900
2025-11-13T13:45:00+00:00,0.106270,900
2025-11-13T14:00:00+00:00,0.072360,900
2025-11-13T14:15:00+00:00,0.081640,900
2025-11-13T14:30:00+00:00,0.107670,900
2025-11-13T14:45:00+00:00,0.135150,900
2025-11-13T15:00:00+00:00,0.067590,900
2025-11-13T15:15:00+00:00,0.104730,900
2025-11-13T15:30:00+00:00,0.115580,900
2025-11-13T15:45:00+00:00,0.191300,900
2025-11-13T16:00:00+00:00,0.104850,900
2025-11-13T16:15:00+00:00,0.117590,900
2025-11-13T16:30:00+00:00,0.123020,900
2025-11-13T16:45:00+00:00,0.130670,900
2025-11-13T17:00:00+00:00,0.115960,900
2025-11-13T17:15:00+00:00,0.118500,900
2025-11-13T17:30:00+00:00,0.124330,900
2025-11-13T17:45:00+00:00,0.129060,900
2025-11-13T18:00:00+00:00,0.122410,900
2025-11-13T18:15:00+00:00,0.120790,900
2025-11-13T18:30:00+00:00,0.120240,900
2025-11-13T18:45:00+00:00,0.116560,900
2025-11-13T19:00:00+00:00,0.110650,900
2025-11-13T19:15:00+00:00,0.097810,900
2025-11-13T19:30:00+00:00,0.094010,900
2025-11-13T19:45:00+00:00,0.104910,900
2025-11-13T20:00:00+00:00,0.119150,900
2025-11-13T20:15:00+00:00,0.112930,900
2025-11-13T20:30:00+00:00,0.100330,900
2025-11-13T20:45:00+00:00,0.088210,900
2025-11-13T21:00:00+00:00,0.114630,900
2025-11-13T21:15:00+00:00,0.102490,900
2025-11-13T21:30:00+00:00,0.093150,900
2025-11-13T21:45:00+00:00,0.087380,900
2025-11-13T22:00:00+00:00,0.105100,900
2025-11-13T22:15:00+00:00,0.098060,900
2025-11-13T22:30:00+00:00,0.089200,900
2025-11-13T22:45:00+00:00,0.075490,900
2025-11-13T23:00:00+00:00,0.087780,900
2025-11-13T23:15:00+00:00,0.085180,900
2025-11-13T23:30:00+00:00,0.089610,900
2025-11-13T23:45:00+00:00,0.088350,900
2025-11-14T00:00:00+00:00,0.086750,900
2025-11-14T00:15:00+00:00,0.082040,900
2025-11-14T00:30:00+00:00,0.087710,900
2025-11-14T00:45:00+00:00,0.084810,900
2025-11-14T01:00:00+00:00,0.086640,900
2025-11-14T01:15:00+00:00,0.085310,900
2025-11-14T01:30:00+00:00,0.084660,900
2025-11-14T01:45:00+00:00,0.076010,900
2025-11-14T02:00:00+00:00,0.079960,900
2025-11-14T02:15:00+00:00,0.078750,900
2025-11-14T02:30:00+00:00,0.079020,900
2025-11-14T02:45:00+00:00,0.082450,900
2025-11-14T03:00:00+00:00,0.076720,900
2025-11-14T03:15:00+00:00,0.077860,900
2025-11-14T03:30:00+00:00,0.080500,900
2025-11-14T03:45:00+00:00,0.083600,900
2025-11-14T04:00:00+00:00,0.082870,900
2025-11-14T04:15:00+00:00,0.080060,900
2025-11-14T04:30:00+00:00,0.075020,900
2025-11-14T04:45:00+00:00,0.079070,900
2025-11-14T05:00:00+00:00,0.084360,900
2025-11-14T05:15:00+00:00,0.097890,900
2025-11-14T05:30:00+00:00,0.093530,900
2025-11-14T05:45:00+00:00,0.111980,900
2025-11-14T06:00:00+00:00,0.113940,900
2025-11-14T06:15:00+00:00,0.119730,900
2025-11-14T06:30:00+00:00,0.122660,900
2025-11-14T06:45:00+00:00,0.124260,900
2025-11-14T07:00:00+00:00,0.135900,900
2025-11-14T07:15:00+00:00,0.125950,900
2025-11-14T07:30:00+00:00,0.118170,900
2025-11-14T07:45:00+00:00,0.106390,900
2025-11-14T08:00:00+00:00,0.120820,900
2025-11-14T08:15:00+00:00,0.109190,900
2025-11-14T08:30:00+00:00,0.105200,900
2025-11-14T08:45:00+00:00,0.094380,900
2025-11-14T09:00:00+00:00,0.109810,900
2025-11-14T09:15:00+00:00,0.101480,900
2025-11-14T09:30:00+00:00,0.092810,900
2025-11-14T09:45:00+00:00,0.090770,900
2025-11-14T10:00:00+00:00,0.097870,900
2025-11-14T10:15:00+00:00,0.094600,900
2025-11-14T10:30:00+00:00,0.092990,900
2025-11-14T10:45:00+00:00,0.090410,900
2025-11-14T11:00:00+00:00,0.091380,900
2025-11-14T11:15:00+00:00,0.089700,900
2025-11-14T11:30:00+00:00,0.089410,900
2025-11-14T11:45:00+00:00,0.092130,900
2025-11-14T12:00:00+00:00,0.091020,900
2025-11-14T12:15:00+00:00,0.090480,900
2025-11-14T12:30:00+00:00,0.093850,900
2025-11-14T12:45:00+00:00,0.099940,900
2025-11-14T13:00:00+00:00,0.092160,900
2025-11-14T13:15:00+00:00,0.098920,900
2025-11-14T13:30:00+00:00,0.092370,900
2025-11-14T13:45:00+00:00,0.102810,900
2025-11-14T14:00:00+00:00,0.098760,900
2025-11-14T14:15:00+00:00,0.096960,900
2025-11-14T14:30:00+00:00,0.105890,900
2025-11-14T14:45:00+00:00,0.112080,900
2025-11-14T15:00:00+00:00,0.102650,900
2025-11-14T15:15:00+00:00,0.109700,900
2025-11-14T15:30:00+00:00,0.098810,900
2025-11-14T15:45:00+00:00,0.107810,900
2025-11-14T16:00:00+00:00,0.114650,900
2025-11-14T16:15:00+00:00,0.115410,900
2025-11-14T16:30:00+00:00,0.116570,900
2025-11-14T16:45:00+00:00,0.112610,900
2025-11-14T17:00:00+00:00,0.096080,900
2025-11-14T17:15:00+00:00,0.089320,900
2025-11-14T17:30:00+00:00,0.085000,900
2025-11-14T17:45:00+00:00,0.089200,900
2025-11-14T18:00:00+00:00,0.091620,900
2025-11-14T18:15:00+00:00,0.081210,900
2025-11-14T18:30:00+00:00,0.082480,900
2025-11-14T18:45:00+00:00,0.088880,900
2025-11-14T19:00:00+00:00,0.091380,900
2025-11-14T19:15:00+00:00,0.087030,900
2025-11-14T19:30:00+00:00,0.085800,900
2025-11-14T19:45:00+00:00,0.085310,900
2025-11-14T20:00:00+00:00,0.089320,900
2025-11-14T20:15:00+00:00,0.076170,900
2025-11-14T20:30:00+00:00,0.080220,900
2025-11-14T20:45:00+00:00,0.076710,900
2025-11-14T21:00:00+00:00,0.090780,900
2025-11-14T21:15:00+00:00,0.089900,900
2025-11-14T21:30:00+00:00,0.090100,900
2025-11-14T21:45:00+00:00,0.076150,900
2025-11-14T22:00:00+00:00,0.090830,900
2025-11-14T22:15:00+00:00,0.077260,900
2025-11-14T22:30:00+00:00,0.065240,900
2025-11-14T22:45:00+00:00,0.052400,900
2025-11-14T23:00:00+00:00,0.077400,900
2025-11-14T23:15:00+00:00,0.070360,900
2025-11-14T23:30:00+00:00,0.069140,900
2025-11-14T23:45:00+00:00,0.057100,900
2025-11-15T00:00:00+00:00,0.073920,900
2025-11-15T00:15:00+00:00,0.071670,900
2025-11-15T00:30:00+00:00,0.066880,900
2025-11-15T00:45:00+00:00,0.062100,900
2025-11-15T01:00:00+00:00,0.070110,900
2025-11-15T01:15:00+00:00,0.061420,900
2025-11-15T01:30:00+00:00,0.061220,900
2025-11-15T01:45:00+00:00,0.059450,900
2025-11-15T02:00:00+00:00,0.066090,900
2025-11-15T02:15:00+00:00,0.060190,900
2025-11-15T02:30:00+00:00,0.064930,900
2025-11-15T02:45:00+00:00,0.063400,900
2025-11-15T03:00:00+00:00,0.060280,900
2025-11-15T03:15:00+00:00,0.060230,900
2025-11-15T03:30:00+00:00,0.060020,900
2025-11-15T03:45:00+00:00,0.060350,900
2025-11-15T04:00:00+00:00,0.058790,900
2025-11-15T04:15:00+00:00,0.058730,900
2025-11-15T04:30:00+00:00,0.060070,900
2025-11-15T04:45:00+00:00,0.069270,900
2025-11-15T05:00:00+00:00,0.046790,900
2025-11-15T05:15:00+00:00,0.057010,900
2025-11-15T05:30:00+00:00,0.060560,900
2025-11-15T05:45:00+00:00,0.069980,900
2025-11-15T06:00:00+00:00,0.066900,900
2025-11-15T06:15:00+00:00,0.067660,900
2025-11-15T06:30:00+00:00,0.069340,900
2025-11-15T06:45:00+00:00,0.071160,900
2025-11-15T07:00:00+00:00,0.074370,900
2025-11-15T07:15:00+00:00,0.076040,900
2025-11-15T07:30:00+00:00,0.080000,900
2025-11-15T07:45:00+00:00,0.091020,900
2025-11-15T08:00:00+00:00,0.086360,900
2025-11-15T08:15:00+00:00,0.086940,900
2025-11-15T08:30:00+00:00,0.081400,900
2025-11-15T08:45:00+00:00,0.079990,900
2025-11-15T09:00:00+00:00,0.093530,900
2025-11-15T09:15:00+00:00,0.087900,900
2025-11-15T09:30:00+00:00,0.082460,900
2025-11-15T09:45:00+00:00,0.083720,900
2025-11-15T10:00:00+00:00,0.088930,900
2025-11-15T10:15:00+00:00,0.084160,900
2025-11-15T10:30:00+00:00,0.088910,900
2025-11-15T10:45:00+00:00,0.089220,900
2025-11-15T11:00:00+00:00,0.084300,900
2025-11-15T11:15:00+00:00,0.083520,900
2025-11-15T11:30:00+00:00,0.086830,900
2025-11-15T11:45:00+00:00,0.089050,900
2025-11-15T12:00:00+00:00,0.083590,900
2025-11-15T12:15:00+00:00,0.083770,900
2025-11-15T12:30:00+00:00,0.089310,900
2025-11-15T12:45:00+00:00,0.089450,900
2025-11-15T13:00:00+00:00,0.084070,900
2025-11-15T13:15:00+00:00,0.083360,900
2025-11-15T13:30:00+00:00,0.086990,900
2025-11-15T13:45:00+00:00,0.098890,900
2025-11-15T14:00:00+00:00,0.086940,900
2025-11-15T14:15:00+00:00,0.096460,900
2025-11-15T14:30:00+00:00,0.084220,900
2025-11-15T14:45:00+00:00,0.100730,900
2025-11-15T15:00:00+00:00,0.084290,900
2025-11-15T15:15:00+00:00,0.087010,900
2025-11-15T15:30:00+00:00,0.098910,900
2025-11-15T15:45:00+00:00,0.109390,900
2025-11-15T16:00:00+00:00,0.094990,900
2025-11-15T16:15:00+00:00,0.102240,900
2025-11-15T16:30:00+00:00,0.113020,900
2025-11-15T16:45:00+00:00,0.112470,900
2025-11-15T17:00:00+00:00,0.114050,900
2025-11-15T17:15:00+00:00,0.116700,900
2025-11-15T17:30:00+00:00,0.112980,900
2025-11-15T17:45:00+00:00,0.107300,900
2025-11-15T18:00:00+00:00,0.109050,900
2025-11-15T18:15:00+00:00,0.102350,900
2025-11-15T18:30:00+00:00,0.107760,900
2025-11-15T18:45:00+00:00,0.101320,900
2025-11-15T19:00:00+00:00,0.100930,900
2025-11-15T19:15:00+00:00,0.100100,900
2025-11-15T19:30:00+00:00,0.091700,900
2025-11-15T19:45:00+00:00,0.085040,900
2025-11-15T20:00:00+00:00,0.096450,900
2025-11-15T20:15:00+00:00,0.094580,900
2025-11-15T20:30:00+00:00,0.093430,900
2025-11-15T20:45:00+00:00,0.089040,900
2025-11-15T21:00:00+00:00,0.098790,900
2025-11-15T21:15:00+00:00,0.092820,900
2025-11-15T21:30:00+00:00,0.090320,900
2025-11-15T21:45:00+00:00,0.085950,900
2025-11-15T22:00:00+00:00,0.096060,900
2025-11-15T22:15:00+00:00,0.090920,900
2025-11-15T22:30:00+00:00,0.089480,900
2025-11-15T22:45:00+00:00,0.079530,900
2025-11-15T23:00:00+00:00,0.089160,900
2025-11-15T23:15:00+00:00,0.085580,900
2025-11-15T23:30:00+00:00,0.086800,900
2025-11-15T23:45:00+00:00,0.086870,900
2025-11-16T00:00:00+00:00,0.087630,900
2025-11-16T00:15:00+00:00,0.082010,900
2025-11-16T00:30:00+00:00,0.086160,900
2025-11-16T00:45:00+00:00,0.083030,900
2025-11-16T01:00:00+00:00,0.083500,900
2025-11-16T01:15:00+00:00,0.078620,900
2025-11-16T01:30:00+00:00,0.084910,900
2025-11-16T01:45:00+00:00,0.084740,900
2025-11-16T02:00:00+00:00,0.090640,900
2025-11-16T02:15:00+00:00,0.086730,900
2025-11-16T02:30:00+00:00,0.085760,900
2025-11-16T02:45:00+00:00,0.080100,900
2025-11-16T03:00:00+00:00,0.080100,900
2025-11-16T03:15:00+00:00,0.077910,900
2025-11-16T03:30:00+00:00,0.076970,900
2025-11-16T03:45:00+00:00,0.076680,900
2025-11-16T04:00:00+00:00,0.086150,900
2025-11-16T04:15:00+00:00,0.079820,900
2025-11-16T04:30:00+00:00,0.078720,900
2025-11-16T04:45:00+00:00,0.077100,900
2025-11-16T05:00:00+00:00,0.073010,900
2025-11-16T05:15:00+00:00,0.077520,900
2025-11-16T05:30:00+00:00,0.077040,900
2025-11-16T05:45:00+00:00,0.076380,900
2025-11-16T06:00:00+00:00,0.077500,900
2025-11-16T06:15:00+00:00,0.087590,900
2025-11-16T06:30:00+00:00,0.079080,900
2025-11-16T06:45:00+00:00,0.086210,900
2025-11-16T07:00:00+00:00,0.087170,900
2025-11-16T07:15:00+00:00,0.087060,900
2025-11-16T07:30:00+00:00,0.087730,900
2025-11-16T07:45:00+00:00,0.084130,900
2025-11-16T08:00:00+00:00,0.089700,900
2025-11-16T08:15:00+00:00,0.088610,900
2025-11-16T08:30:00+00:00,0.086790,900
2025-11-16T08:45:00+00:00,0.087950,900
2025-11-16T09:00:00+00:00,0.088570,900
2025-11-16T09:15:00+00:00,0.087300,900
2025-11-16T09:30:00+00:00,0.083830,900
2025-11-16T09:45:00+00:00,0.086810,900
2025-11-16T10:00:00+00:00,0.088860,900
2025-11-16T10:15:00+00:00,0.091320,900
2025-11-16T10:30:00+00:00,0.089930,900
2025-11-16T10:45:00+00:00,0.089880,900
2025-11-16T11:00:00+00:00,0.096190,900
2025-11-16T11:15:00+00:00,0.092700,900
2025-11-16T11:30:00+00:00,0.096530,900
2025-11-16T11:45:00+00:00,0.094720,900
2025-11-16T12:00:00+00:00,0.095170,900
2025-11-16T12:15:00+00:00,0.092730,900
2025-11-16T12:30:00+00:00,0.090160,900
2025-11-16T12:45:00+00:00,0.091850,900
2025-11-16T13:00:00+00:00,0.086900,900
2025-11-16T13:15:00+00:00,0.095600,900
2025-11-16T13:30:00+00:00,0.098320,900
2025-11-16T13:45:00+00:00,0.101450,900
2025-11-16T14:00:00+00:00,0.092290,900
2025-11-16T14:15:00+00:00,0.094200,900
2025-11-16T14:30:00+00:00,0.101030,900
2025-11-16T14:45:00+00:00,0.110430,900
2025-11-16T15:00:00+00:00,0.100350,900
2025-11-16T15:15:00+00:00,0.105620,900
2025-11-16T15:30:00+00:00,0.108960,900
2025-11-16T15:45:00+00:00,0.119040,900
2025-11-16T16:00:00+00:00,0.110930,900
2025-11-16T16:15:00+00:00,0.117310,900
2025-11-16T16:30:00+00:00,0.121440,900
2025-11-16T16:45:00+00:00,0.122810,900
2025-11-16T17:00:00+00:00,0.118830,900
2025-11-16T17:15:00+00:00,0.117200,900
2025-11-16T17:30:00+00:00,0.117430,900
2025-11-16T17:45:00+00:00,0.116160,900
2025-11-16T18:00:00+00:00,0.114410,900
2025-11-16T18:15:00+00:00,0.111690,900
2025-11-16T18:30:00+00:00,0.111190,900
2025-11-16T18:45:00+00:00,0.102320,900
2025-11-16T19:00:00+00:00,0.106730,900
2025-11-16T19:15:00+00:00,0.096360,900
2025-11-16T19:30:00+00:00,0.088530,900
2025-11-16T19:45:00+00:00,0.084110,900
2025-11-16T20:00:00+00:00,0.087360,900
2025-11-16T20:15:00+00:00,0.084120,900
2025-11-16T20:30:00+00:00,0.086630,900
2025-11-16T20:45:00+00:00,0.080000,900
2025-11-16T21:00:00+00:00,0.092020,900
2025-11-16T21:15:00+00:00,0.090220,900
2025-11-16T21:30:00+00:00,0.088120,900
2025-11-16T21:45:00+00:00,0.087780,900
2025-11-16T22:00:00+00:00,0.095080,900
2025-11-16T22:15:00+00:00,0.082650,900
2025-11-16T22:30:00+00:00,0.081000,900
2025-11-16T22:45:00+00:00,0.070860,900
2025-11-16T23:00:00+00:00,0.087900,900
2025-11-16T23:15:00+00:00,0.082570,900
2025-11-16T23:30:00+00:00,0.082780,900
2025-11-16T23:45:00+00:00,0.076290,900
2025-11-17T00:00:00+00:00,0.083290,900
2025-11-17T00:15:00+00:00,0.077840,900
2025-11-17T00:30:00+00:00,0.075930,900
2025-11-17T00:45:00+00:00,0.069110,900
2025-11-17T01:00:00+00:00,0.075660,900
2025-11-17T01:15:00+00:00,0.071630,900
2025-11-17T01:30:00+00:00,0.067970,900
2025-11-17T01:45:00+00:00,0.064550,900
2025-11-17T02:00:00+00:00,0.060380,900
2025-11-17T02:15:00+00:00,0.058640,900
2025-11-17T02:30:00+00:00,0.058490,900
2025-11-17T02:45:00+00:00,0.058400,900
2025-11-17T03:00:00+00:00,0.058500,900
2025-11-17T03:15:00+00:00,0.058430,900
2025-11-17T03:30:00+00:00,0.058390,900
2025-11-17T03:45:00+00:00,0.057800,900
2025-11-17T04:00:00+00:00,0.061330,900
2025-11-17T04:15:00+00:00,0.061910,900
2025-11-17T04:30:00+00:00,0.062790,900
2025-11-17T04:45:00+00:00,0.066790,900
2025-11-17T05:00:00+00:00,0.071800,900
2025-11-17T05:15:00+00:00,0.072870,900
2025-11-17T05:30:00+00:00,0.074570,900
2025-11-17T05:45:00+00:00,0.075320,900
2025-11-17T06:00:00+00:00,0.084500,900
2025-11-17T06:15:00+00:00,0.090000,900
2025-11-17T06:30:00+00:00,0.097340,900
2025-11-17T06:45:00+00:00,0.100170,900
2025-11-17T07:00:00+00:00,0.104080,900
2025-11-17T07:15:00+00:00,0.106300,900
2025-11-17T07:30:00+00:00,0.105830,900
2025-11-17T07:45:00+00:00,0.103800,900
2025-11-17T08:00:00+00:00,0.112470,900
2025-11-17T08:15:00+00:00,0.099010,900
2025-11-17T08:30:00+00:00,0.094170,900
2025-11-17T08:45:00+00:00,0.084640,900
2025-11-17T09:00:00+00:00,0.109340,900
2025-11-17T09:15:00+00:00,0.091500,900
2025-11-17T09:30:00+00:00,0.077010,900
2025-11-17T09:45:00+00:00,0.061740,900
2025-11-17T10:00:00+00:00,0.078350,900
2025-11-17T10:15:00+00:00,0.073100,900
2025-11-17T10:30:00+00:00,0.070860,900
2025-11-17T10:45:00+00:00,0.062900,900
2025-11-17T11:00:00+00:00,0.076770,900
2025-11-17T11:15:00+00:00,0.072690,900
2025-11-17T11:30:00+00:00,0.072270,900
2025-11-17T11:45:00+00:00,0.070440,900
2025-11-17T12:00:00+00:00,0.069390,900
2025-11-17T12:15:00+00:00,0.071580,900
2025-11-17T12:30:00+00:00,0.073090,900
2025-11-17T12:45:00+00:00,0.078840,900
2025-11-17T13:00:00+00:00,0.079210,900
2025-11-17T13:15:00+00:00,0.079790,900
2025-11-17T13:30:00+00:00,0.079300,900
2025-11-17T13:45:00+00:00,0.084050,900
2025-11-17T14:00:00+00:00,0.078610,900
2025-11-17T14:15:00+00:00,0.083050,900
2025-11-17T14:30:00+00:00,0.089030,900
2025-11-17T14:45:00+00:00,0.093420,900
2025-11-17T15:00:00+00:00,0.070980,900
2025-11-17T15:15:00+00:00,0.084100,900
2025-11-17T15:30:00+00:00,0.087640,900
2025-11-17T15:45:00+00:00,0.101010,900
2025-11-17T16:00:00+00:00,0.107210,900
2025-11-17T16:15:00+00:00,0.113850,900
2025-11-17T16:30:00+00:00,0.115090,900
2025-11-17T16:45:00+00:00,0.115840,900
2025-11-17T17:00:00+00:00,0.117640,900
2025-11-17T17:15:00+00:00,0.114320,900
2025-11-17T17:30:00+00:00,0.115850,900
2025-11-17T17:45:00+00:00,0.116100,900
2025-11-17T18:00:00+00:00,0.114590,900
2025-11-17T18:15:00+00:00,0.112220,900
2025-11-17T18:30:00+00:00,0.108720,900
2025-11-17T18:45:00+00:00,0.107040,900
2025-11-17T19:00:00+00:00,0.107980,900
2025-11-17T19:15:00+00:00,0.107060,900
2025-11-17T19:30:00+00:00,0.103920,900
2025-11-17T19:45:00+00:00,0.086430,900
2025-11-17T20:00:00+00:00,0.095130,900
2025-11-17T20:15:00+00:00,0.088570,900
2025-11-17T20:30:00+00:00,0.084640,900
2025-11-17T20:45:00+00:00,0.080100,900
2025-11-17T21:00:00+00:00,0.082230,900
2025-11-17T21:15:00+00:00,0.084640,900
2025-11-17T21:30:00+00:00,0.088410,900
2025-11-17T21:45:00+00:00,0.084720,900
2025-11-17T22:00:00+00:00,0.090060,900
2025-11-17T22:15:00+00:00,0.083650,900
2025-11-17T22:30:00+00:00,0.078390,900
2025-11-17T22:45:00+00:00,0.072000,900
2025-11-17T23:00:00+00:00,0.089070,900
2025-11-17T23:15:00+00:00,0.083520,900
2025-11-17T23:30:00+00:00,0.085140,900
2025-11-17T23:45:00+00:00,0.080630,900
2025-11-18T00:00:00+00:00,0.086660,900
2025-11-18T00:15:00+00:00,0.082760,900
2025-11-18T00:30:00+00:00,0.081220,900
2025-11-18T00:45:00+00:00,0.078400,900
2025-11-18T01:00:00+00:00,0.080260,900
2025-11-18T01:15:00+00:00,0.078140,900
2025-11-18T01:30:00+00:00,0.077900,900
2025-11-18T01:45:00+00:00,0.075870,900
2025-11-18T02:00:00+00:00,0.078210,900
2025-11-18T02:15:00+00:00,0.077690,900
2025-11-18T02:30:00+00:00,0.077620,900
2025-11-18T02:45:00+00:00,0.077350,900
2025-11-18T03:00:00+00:00,0.075600,900
2025-11-18T03:15:00+00:00,0.077380,900
2025-11-18T03:30:00+00:00,0.080100,900
2025-11-18T03:45:00+00:00,0.082930,900
2025-11-18T04:00:00+00:00,0.075600,900
2025-11-18T04:15:00+00:00,0.080580,900
2025-11-18T04:30:00+00:00,0.083430,900
2025-11-18T04:45:00+00:00,0.085850,900
2025-11-18T05:00:00+00:00,0.086300,900
2025-11-18T05:15:00+00:00,0.093890,900
2025-11-18T05:30:00+00:00,0.091550,900
2025-11-18T05:45:00+00:00,0.084960,900
2025-11-18T06:00:00+00:00,0.096020,900
2025-11-18T06:15:00+00:00,0.092950,900
2025-11-18T06:30:00+00:00,0.101320,900
2025-11-18T06:45:00+00:00,0.107550,900
2025-11-18T07:00:00+00:00,0.124920,900
2025-11-18T07:15:00+00:00,0.117810,900
2025-11-18T07:30:00+00:00,0.116500,900
2025-11-18T07:45:00+00:00,0.102750,900
2025-11-18T08:00:00+00:00,0.133830,900
2025-11-18T08:15:00+00:00,0.108500,900
2025-11-18T08:30:00+00:00,0.092730,900
2025-11-18T08:45:00+00:00,0.086350,900
2025-11-18T09:00:00+00:00,0.098030,900
2025-11-18T09:15:00+00:00,0.089180,900
2025-11-18T09:30:00+00:00,0.088200,900
2025-11-18T09:45:00+00:00,0.086990,900
2025-11-18T10:00:00+00:00,0.084290,900
2025-11-18T10:15:00+00:00,0.085210,900
2025-11-18T10:30:00+00:00,0.085210,900
2025-11-18T10:45:00+00:00,0.086140,900
2025-11-18T11:00:00+00:00,0.087100,900
2025-11-18T11:15:00+00:00,0.084080,900
2025-11-18T11:30:00+00:00,0.087690,900
2025-11-18T11:45:00+00:00,0.084180,900
2025-11-18T12:00:00+00:00,0.087770,900
2025-11-18T12:15:00+00:00,0.086960,900
2025-11-18T12:30:00+00:00,0.086220,900
2025-11-18T12:45:00+00:00,0.086740,900
2025-11-18T13:00:00+00:00,0.085280,900
2025-11-18T13:15:00+00:00,0.090160,900
2025-11-18T13:30:00+00:00,0.095980,900
2025-11-18T13:45:00+00:00,0.102010,900
2025-11-18T14:00:00+00:00,0.100200,900
2025-11-18T14:15:00+00:00,0.112770,900
2025-11-18T14:30:00+00:00,0.122660,900
2025-11-18T14:45:00+00:00,0.129650,900
2025-11-18T15:00:00+00:00,0.115610,900
2025-11-18T15:15:00+00:00,0.131150,900
2025-11-18T15:30:00+00:00,0.138160,900
2025-11-18T15:45:00+00:00,0.155990,900
2025-11-18T16:00:00+00:00,0.138120,900
2025-11-18T16:15:00+00:00,0.147960,900
2025-11-18T16:30:00+00:00,0.147230,900
2025-11-18T16:45:00+00:00,0.146300,900
2025-11-18T17:00:00+00:00,0.146880,900
2025-11-18T17:15:00+00:00,0.142300,900
2025-11-18T17:30:00+00:00,0.139260,900
2025-11-18T17:45:00+00:00,0.139660,900
2025-11-18T18:00:00+00:00,0.134540,900
2025-11-18T18:15:00+00:00,0.132680,900
2025-11-18T18:30:00+00:00,0.130880,900
2025-11-18T18:45:00+00:00,0.126210,900
2025-11-18T19:00:00+00:00,0.120790,900
2025-11-18T19:15:00+00:00,0.102210,900
2025-11-18T19:30:00+00:00,0.103110,900
2025-11-18T19:45:00+00:00,0.097290,900
2025-11-18T20:00:00+00:00,0.099930,900
2025-11-18T20:15:00+00:00,0.091630,900
2025-11-18T20:30:00+00:00,0.094560,900
2025-11-18T20:45:00+00:00,0.089070,900
2025-11-18T21:00:00+00:00,0.102120,900
2025-11-18T21:15:00+00:00,0.096040,900
2025-11-18T21:30:00+00:00,0.100030,900
2025-11-18T21:45:00+00:00,0.091320,900
2025-11-18T22:00:00+00:00,0.097350,900
2025-11-18T22:15:00+00:00,0.089120,900
2025-11-18T22:30:00+00:00,0.088850,900
2025-11-18T22:45:00+00:00,0.084530,900
2025-11-18T23:00:00+00:00,0.091460,900
2025-11-18T23:15:00+00:00,0.086640,900
2025-11-18T23:30:00+00:00,0.086120,900
2025-11-18T23:45:00+00:00,0.081580,900
2025-11-19T00:00:00+00:00,0.086850,900
2025-11-19T00:15:00+00:00,0.084700,900
2025-11-19T00:30:00+00:00,0.087120,900
2025-11-19T00:45:00+00:00,0.084650,900
2025-11-19T01:00:00+00:00,0.085770,900
2025-11-19T01:15:00+00:00,0.082220,900
2025-11-19T01:30:00+00:00,0.082760,900
2025-11-19T01:45:00+00:00,0.079320,900
2025-11-19T02:00:00+00:00,0.081650,900
2025-11-19T02:15:00+00:00,0.079870,900
2025-11-19T02:30:00+00:00,0.079430,900
2025-11-19T02:45:00+00:00,0.078210,900
2025-11-19T03:00:00+00:00,0.080490,900
2025-11-19T03:15:00+00:00,0.080710,900
2025-11-19T03:30:00+00:00,0.081850,900
2025-11-19T03:45:00+00:00,0.081260,900
2025-11-19T04:00:00+00:00,0.082680,900
2025-11-19T04:15:00+00:00,0.085220,900
2025-11-19T04:30:00+00:00,0.086040,900
2025-11-19T04:45:00+00:00,0.084110,900
2025-11-19T05:00:00+00:00,0.087380,900
2025-11-19T05:15:00+00:00,0.095360,900
2025-11-19T05:30:00+00:00,0.093340,900
2025-11-19T05:45:00+00:00,0.102600,900
2025-11-19T06:00:00+00:00,0.116450,900
2025-11-19T06:15:00+00:00,0.120470,900
2025-11-19T06:30:00+00:00,0.124210,900
2025-11-19T06:45:00+00:00,0.127150,900
2025-11-19T07:00:00+00:00,0.153290,900
2025-11-19T07:15:00+00:00,0.138900,900
2025-11-19T07:30:00+00:00,0.130290,900
2025-11-19T07:45:00+00:00,0.113740,900
2025-11-19T08:00:00+00:00,0.127190,900
2025-11-19T08:15:00+00:00,0.116460,900
2025-11-19T08:30:00+00:00,0.112080,900
2025-11-19T08:45:00+00:00,0.096530,900
2025-11-19T09:00:00+00:00,0.109450,900
2025-11-19T09:15:00+00:00,0.096570,900
2025-11-19T09:30:00+00:00,0.093000,900
2025-11-19T09:45:00+00:00,0.087750,900
2025-11-19T10:00:00+00:00,0.093560,900
2025-11-19T10:15:00+00:00,0.089500,900
2025-11-19T10:30:00+00:00,0.087020,900
2025-11-19T10:45:00+00:00,0.087290,900
2025-11-19T11:00:00+00:00,0.087690,900
2025-11-19T11:15:00+00:00,0.086390,900
2025-11-19T11:30:00+00:00,0.087460,900
2025-11-19T11:45:00+00:00,0.086110,900
2025-11-19T12:00:00+00:00,0.084570,900
2025-11-19T12:15:00+00:00,0.086070,900
2025-11-19T12:30:00+00:00,0.090410,900
2025-11-19T12:45:00+00:00,0.096890,900
2025-11-19T13:00:00+00:00,0.083570,900
2025-11-19T13:15:00+00:00,0.095000,900
2025-11-19T13:30:00+00:00,0.102490,900
2025-11-19T13:45:00+00:00,0.112410,900
2025-11-19T14:00:00+00:00,0.098480,900
2025-11-19T14:15:00+00:00,0.111700,900
2025-11-19T14:30:00+00:00,0.109680,900
2025-11-19T14:45:00+00:00,0.119970,900
2025-11-19T15:00:00+00:00,0.092200,900
2025-11-19T15:15:00+00:00,0.113170,900
2025-11-19T15:30:00+00:00,0.114110,900
2025-11-19T15:45:00+00:00,0.115100,900
2025-11-19T16:00:00+00:00,0.109200,900
2025-11-19T16:15:00+00:00,0.122100,900
2025-11-19T16:30:00+00:00,0.122810,900
2025-11-19T16:45:00+00:00,0.124200,900
2025-11-19T17:00:00+00:00,0.114800,900
2025-11-19T17:15:00+00:00,0.116750,900
2025-11-19T17:30:00+00:00,0.120330,900
2025-11-19T17:45:00+00:00,0.120440,900
2025-11-19T18:00:00+00:00,0.118780,900
2025-11-19T18:15:00+00:00,0.115660,900
2025-11-19T18:30:00+00:00,0.117940,900
2025-11-19T18:45:00+00:00,0.120580,900
2025-11-19T19:00:00+00:00,0.118990,900
2025-11-19T19:15:00+00:00,0.107240,900
2025-11-19T19:30:00+00:00,0.100150,900
2025-11-19T19:45:00+00:00,0.092030,900
2025-11-19T20:00:00+00:00,0.100670,900
2025-11-19T20:15:00+00:00,0.100500,900
2025-11-19T20:30:00+00:00,0.097880,900
2025-11-19T20:45:00+00:00,0.091090,900
2025-11-19T21:00:00+00:00,0.097080,900
2025-11-19T21:15:00+00:00,0.097900,900
2025-11-19T21:30:00+00:00,0.101470,900
2025-11-19T21:45:00+00:00,0.095610,900
2025-11-19T22:00:00+00:00,0.095750,900
2025-11-19T22:15:00+00:00,0.093480,900
2025-11-19T22:30:00+00:00,0.090190,900
2025-11-19T22:45:00+00:00,0.088120,900
2025-11-19T23:00:00+00:00,0.092760,900
2025-11-19T23:15:00+00:00,0.091860,900
2025-11-19T23:30:00+00:00,0.088010,900
2025-11-19T23:45:00+00:00,0.085790,900
2025-11-20T00:00:00+00:00,0.087820,900
2025-11-20T00:15:00+00:00,0.086530,900
2025-11-20T00:30:00+00:00,0.085720,900
2025-11-20T00:45:00+00:00,0.084890,900
2025-11-20T01:00:00+00:00,0.086410,900
2025-11-20T01:15:00+00:00,0.085490,900
2025-11-20T01:30:00+00:00,0.084670,900
2025-11-20T01:45:00+00:00,0.084340,900
2025-11-20T02:00:00+00:00,0.084510,900
2025-11-20T02:15:00+00:00,0.085210,900
2025-11-20T02:30:00+00:00,0.084790,900
2025-11-20T02:45:00+00:00,0.084700,900
2025-11-20T03:00:00+00:00,0.083850,900
2025-11-20T03:15:00+00:00,0.084300,900
2025-11-20T03:30:00+00:00,0.085390,900
2025-11-20T03:45:00+00:00,0.087340,900
2025-11-20T04:00:00+00:00,0.086810,900
2025-11-20T04:15:00+00:00,0.091110,900
2025-11-20T04:30:00+00:00,0.088210,900
2025-11-20T04:45:00+00:00,0.090100,900
2025-11-20T05:00:00+00:00,0.089470,900
2025-11-20T05:15:00+00:00,0.095520,900
2025-11-20T05:30:00+00:00,0.100960,900
2025-11-20T05:45:00+00:00,0.114440,900
2025-11-20T06:00:00+00:00,0.132540,900
2025-11-20T06:15:00+00:00,0.131440,900
2025-11-20T06:30:00+00:00,0.140940,900
2025-11-20T06:45:00+00:00,0.150010,900
2025-11-20T07:00:00+00:00,0.150290,900
2025-11-20T07:15:00+00:00,0.156740,900
2025-11-20T07:30:00+00:00,0.150750,900
2025-11-20T07:45:00+00:00,0.143320,900
2025-11-20T08:00:00+00:00,0.168050,900
2025-11-20T08:15:00+00:00,0.146660,900
2025-11-20T08:30:00+00:00,0.146110,900
2025-11-20T08:45:00+00:00,0.134580,900
2025-11-20T09:00:00+00:00,0.162530,900
2025-11-20T09:15:00+00:00,0.136000,900
2025-11-20T09:30:00+00:00,0.129470,900
2025-11-20T09:45:00+00:00,0.116800,900
2025-11-20T10:00:00+00:00,0.129020,900
2025-11-20T10:15:00+00:00,0.124840,900
2025-11-20T10:30:00+00:00,0.124360,900
2025-11-20T10:45:00+00:00,0.119200,900
2025-11-20T11:00:00+00:00,0.125380,900
2025-11-20T11:15:00+00:00,0.119830,900
2025-11-20T11:30:00+00:00,0.121520,900
2025-11-20T11:45:00+00:00,0.118670,900
2025-11-20T12:00:00+00:00,0.117280,900
2025-11-20T12:15:00+00:00,0.120570,900
2025-11-20T12:30:00+00:00,0.121580,900
2025-11-20T12:45:00+00:00,0.124560,900
2025-11-20T13:00:00+00:00,0.121200,900
2025-11-20T13:15:00+00:00,0.128200,900
2025-11-20T13:30:00+00:00,0.132000,900
2025-11-20T13:45:00+00:00,0.136440,900
2025-11-20T14:00:00+00:00,0.126010,900
2025-11-20T14:15:00+00:00,0.139950,900
2025-11-20T14:30:00+00:00,0.141990,900
2025-11-20T14:45:00+00:00,0.164170,900
2025-11-20T15:00:00+00:00,0.143510,900
2025-11-20T15:15:00+00:00,0.157260,900
2025-11-20T15:30:00+00:00,0.176640,900
2025-11-20T15:45:00+00:00,0.186020,900
2025-11-20T16:00:00+00:00,0.168590,900
2025-11-20T16:15:00+00:00,0.174710,900
2025-11-20T16:30:00+00:00,0.172140,900
2025-11-20T16:45:00+00:00,0.168690,900
2025-11-20T17:00:00+00:00,0.168060,900
2025-11-20T17:15:00+00:00,0.162870,900
2025-11-20T17:30:00+00:00,0.159670,900
2025-11-20T17:45:00+00:00,0.158320,900
2025-11-20T18:00:00+00:00,0.166700,900
2025-11-20T18:15:00+00:00,0.156790,900
2025-11-20T18:30:00+00:00,0.153410,900
2025-11-20T18:45:00+00:00,0.144590,900
2025-11-20T19:00:00+00:00,0.144850,900
2025-11-20T19:15:00+00:00,0.144280,900
2025-11-20T19:30:00+00:00,0.133890,900
2025-11-20T19:45:00+00:00,0.118800,900
2025-11-20T20:00:00+00:00,0.131210,900
2025-11-20T20:15:00+00:00,0.124390,900
2025-11-20T20:30:00+00:00,0.113290,900
2025-11-20T20:45:00+00:00,0.104130,900
2025-11-20T21:00:00+00:00,0.114370,900
2025-11-20T21:15:00+00:00,0.109960,900
2025-11-20T21:30:00+00:00,0.105160,900
2025-11-20T21:45:00+00:00,0.100100,900
2025-11-20T22:00:00+00:00,0.105350,900
2025-11-20T22:15:00+00:00,0.093490,900
2025-11-20T22:30:00+00:00,0.090000,900
2025-11-20T22:45:00+00:00,0.085700,900
2025-11-20T23:00:00+00:00,0.104010,900
2025-11-20T23:15:00+00:00,0.101780,900
2025-11-20T23:30:00+00:00,0.097350,900
2025-11-20T23:45:00+00:00,0.091210,900
2025-11-21T00:00:00+00:00,0.101020,900
2025-11-21T00:15:00+00:00,0.095010,900
2025-11-21T00:30:00+00:00,0.090030,900
2025-11-21T00:45:00+00:00,0.086900,900
2025-11-21T01:00:00+00:00,0.093990,900
2025-11-21T01:15:00+00:00,0.088840,900
2025-11-21T01:30:00+00:00,0.088280,900
2025-11-21T01:45:00+00:00,0.087130,900
2025-11-21T02:00:00+00:00,0.090000,900
2025-11-21T02:15:00+00:00,0.089110,900
2025-11-21T02:30:00+00:00,0.088350,900
2025-11-21T02:45:00+00:00,0.088040,900
2025-11-21T03:00:00+00:00,0.088150,900
2025-11-21T03:15:00+00:00,0.088590,900
2025-11-21T03:30:00+00:00,0.091030,900
2025-11-21T03:45:00+00:00,0.097360,900
2025-11-21T04:00:00+00:00,0.087340,900
2025-11-21T04:15:00+00:00,0.095470,900
2025-11-21T04:30:00+00:00,0.101230,900
2025-11-21T04:45:00+00:00,0.111170,900
2025-11-21T05:00:00+00:00,0.103150,900
2025-11-21T05:15:00+00:00,0.113840,900
2025-11-21T05:30:00+00:00,0.128210,900
2025-11-21T05:45:00+00:00,0.162250,900
2025-11-21T06:00:00+00:00,0.139580,900
2025-11-21T06:15:00+00:00,0.173700,900
2025-11-21T06:30:00+00:00,0.183990,900
2025-11-21T06:45:00+00:00,0.200000,900
2025-11-21T07:00:00+00:00,0.225870,900
2025-11-21T07:15:00+00:00,0.223390,900
2025-11-21T07:30:00+00:00,0.200000,900
2025-11-21T07:45:00+00:00,0.166530,900
2025-11-21T08:00:00+00:00,0.220000,900
2025-11-21T08:15:00+00:00,0.190250,900
2025-11-21T08:30:00+00:00,0.168220,900
2025-11-21T08:45:00+00:00,0.142840,900
2025-11-21T09:00:00+00:00,0.173580,900
2025-11-21T09:15:00+00:00,0.149750,900
2025-11-21T09:30:00+00:00,0.137270,900
2025-11-21T09:45:00+00:00,0.117920,900
2025-11-21T10:00:00+00:00,0.144960,900
2025-11-21T10:15:00+00:00,0.132440,900
2025-11-21T10:30:00+00:00,0.126730,900
2025-11-21T10:45:00+00:00,0.120890,900
2025-11-21T11:00:00+00:00,0.124860,900
2025-11-21T11:15:00+00:00,0.121050,900
2025-11-21T11:30:00+00:00,0.121540,900
2025-11-21T11:45:00+00:00,0.123030,900
2025-11-21T12:00:00+00:00,0.112070,900
2025-11-21T12:15:00+00:00,0.120630,900
2025-11-21T12:30:00+00:00,0.126300,900
2025-11-21T12:45:00+00:00,0.141810,900
2025-11-21T13:00:00+00:00,0.115540,900
2025-11-21T13:15:00+00:00,0.139590,900
2025-11-21T13:30:00+00:00,0.162420,900
2025-11-21T13:45:00+00:00,0.165760,900
2025-11-21T14:00:00+00:00,0.141040,900
2025-11-21T14:15:00+00:00,0.163890,900
2025-11-21T14:30:00+00:00,0.186090,900
2025-11-21T14:45:00+00:00,0.241720,900
2025-11-21T15:00:00+00:00,0.178710,900
2025-11-21T15:15:00+00:00,0.217600,900
2025-11-21T15:30:00+00:00,0.238660,900
2025-11-21T15:45:00+00:00,0.290760,900
2025-11-21T16:00:00+00:00,0.247200,900
2025-11-21T16:15:00+00:00,0.258500,900
2025-11-21T16:30:00+00:00,0.238350,900
2025-11-21T16:45:00+00:00,0.221790,900
2025-11-21T17:00:00+00:00,0.221410,900
2025-11-21T17:15:00+00:00,0.208340,900
2025-11-21T17:30:00+00:00,0.193240,900
2025-11-21T17:45:00+00:00,0.181910,900
2025-11-21T18:00:00+00:00,0.180860,900
2025-11-21T18:15:00+00:00,0.166060,900
2025-11-21T18:30:00+00:00,0.167700,900
2025-11-21T18:45:00+00:00,0.166250,900
2025-11-21T19:00:00+00:00,0.171560,900
2025-11-21T19:15:00+00:00,0.151950,900
2025-11-21T19:30:00+00:00,0.123980,900
2025-11-21T19:45:00+00:00,0.116210,900
2025-11-21T20:00:00+00:00,0.130000,900
2025-11-21T20:15:00+00:00,0.118180,900
2025-11-21T20:30:00+00:00,0.111260,900
2025-11-21T20:45:00+00:00,0.102870,900
2025-11-21T21:00:00+00:00,0.113710,900
2025-11-21T21:15:00+00:00,0.106800,900
2025-11-21T21:30:00+00:00,0.100470,900
2025-11-21T21:45:00+00:00,0.088570,900
2025-11-21T22:00:00+00:00,0.101940,900
2025-11-21T22:15:00+00:00,0.095000,900
2025-11-21T22:30:00+00:00,0.090370,900
2025-11-21T22:45:00+00:00,0.086060,900
2025-11-21T23:00:00+00:00,0.118950,900
2025-11-21T23:15:00+00:00,0.104560,900
2025-11-21T23:30:00+00:00,0.092290,900
2025-11-21T23:45:00+00:00,0.085890,900
2025-11-22T00:00:00+00:00,0.098950,900
2025-11-22T00:15:00+00:00,0.093040,900
2025-11-22T00:30:00+00:00,0.092220,900
2025-11-22T00:45:00+00:00,0.093500,900
2025-11-22T01:00:00+00:00,0.090370,900
2025-11-22T01:15:00+00:00,0.089160,900
2025-11-22T01:30:00+00:00,0.087230,900
2025-11-22T01:45:00+00:00,0.087000,900
2025-11-22T02:00:00+00:00,0.086640,900
2025-11-22T02:15:00+00:00,0.085070,900
2025-11-22T02:30:00+00:00,0.085490,900
2025-11-22T02:45:00+00:00,0.083910,900
2025-11-22T03:00:00+00:00,0.082190,900
2025-11-22T03:15:00+00:00,0.082860,900
2025-11-22T03:30:00+00:00,0.080820,900
2025-11-22T03:45:00+00:00,0.079810,900
2025-11-22T04:00:00+00:00,0.080100,900
2025-11-22T04:15:00+00:00,0.078090,900
2025-11-22T04:30:00+00:00,0.077870,900
2025-11-22T04:45:00+00:00,0.077440,900
2025-11-22T05:00:00+00:00,0.078470,900
2025-11-22T05:15:00+00:00,0.078960,900
2025-11-22T05:30:00+00:00,0.079710,900
2025-11-22T05:45:00+00:00,0.080760,900
2025-11-22T06:00:00+00:00,0.080890,900
2025-11-22T06:15:00+00:00,0.083260,900
2025-11-22T06:30:00+00:00,0.087700,900
2025-11-22T06:45:00+00:00,0.100000,900
2025-11-22T07:00:00+00:00,0.115200,900
2025-11-22T07:15:00+00:00,0.103720,900
2025-11-22T07:30:00+00:00,0.096540,900
2025-11-22T07:45:00+00:00,0.084540,900
2025-11-22T08:00:00+00:00,0.115240,900
2025-11-22T08:15:00+00:00,0.085440,900
2025-11-22T08:30:00+00:00,0.085770,900
2025-11-22T08:45:00+00:00,0.071240,900
2025-11-22T09:00:00+00:00,0.087480,900
2025-11-22T09:15:00+00:00,0.079980,900
2025-11-22T09:30:00+00:00,0.081060,900
2025-11-22T09:45:00+00:00,0.080990,900
2025-11-22T10:00:00+00:00,0.080190,900
2025-11-22T10:15:00+00:00,0.079470,900
2025-11-22T10:30:00+00:00,0.079170,900
2025-11-22T10:45:00+00:00,0.076630,900
2025-11-22T11:00:00+00:00,0.076860,900
2025-11-22T11:15:00+00:00,0.075920,900
2025-11-22T11:30:00+00:00,0.076920,900
2025-11-22T11:45:00+00:00,0.076360,900
2025-11-22T12:00:00+00:00,0.074590,900
2025-11-22T12:15:00+00:00,0.074760,900
2025-11-22T12:30:00+00:00,0.075990,900
2025-11-22T12:45:00+00:00,0.079530,900
2025-11-22T13:00:00+00:00,0.078170,900
2025-11-22T13:15:00+00:00,0.075730,900
2025-11-22T13:30:00+00:00,0.079870,900
2025-11-22T13:45:00+00:00,0.092170,900
2025-11-22T14:00:00+00:00,0.081430,900
2025-11-22T14:15:00+00:00,0.082030,900
2025-11-22T14:30:00+00:00,0.096100,900
2025-11-22T14:45:00+00:00,0.091590,900
2025-11-22T15:00:00+00:00,0.089040,900
2025-11-22T15:15:00+00:00,0.098100,900
2025-11-22T15:30:00+00:00,0.098270,900
2025-11-22T15:45:00+00:00,0.107010,900
2025-11-22T16:00:00+00:00,0.104200,900
2025-11-22T16:15:00+00:00,0.110390,900
2025-11-22T16:30:00+00:00,0.111500,900
2025-11-22T16:45:00+00:00,0.111110,900
2025-11-22T17:00:00+00:00,0.114740,900
2025-11-22T17:15:00+00:00,0.105360,900
2025-11-22T17:30:00+00:00,0.104350,900
2025-11-22T17:45:00+00:00,0.092900,900
2025-11-22T18:00:00+00:00,0.100570,900
2025-11-22T18:15:00+00:00,0.098080,900
2025-11-22T18:30:00+00:00,0.090160,900
2025-11-22T18:45:00+00:00,0.080000,900
2025-11-22T19:00:00+00:00,0.091140,900
2025-11-22T19:15:00+00:00,0.086650,900
2025-11-22T19:30:00+00:00,0.088730,900
2025-11-22T19:45:00+00:00,0.087040,900
2025-11-22T20:00:00+00:00,0.088010,900
2025-11-22T20:15:00+00:00,0.089230,900
2025-11-22T20:30:00+00:00,0.085210,900
2025-11-22T20:45:00+00:00,0.079290,900
2025-11-22T21:00:00+00:00,0.094880,900
2025-11-22T21:15:00+00:00,0.090430,900
2025-11-22T21:30:00+00:00,0.089520,900
2025-11-22T21:45:00+00:00,0.084240,900
2025-11-22T22:00:00+00:00,0.087990,900
2025-11-22T22:15:00+00:00,0.083900,900
2025-11-22T22:30:00+00:00,0.074390,900
2025-11-22T22:45:00+00:00,0.069100,900
2025-11-22T23:00:00+00:00,0.095060,900
2025-11-22T23:15:00+00:00,0.088830,900
2025-11-22T23:30:00+00:00,0.075000,900
2025-11-22T23:45:00+00:00,0.067220,900
2025-11-23T00:00:00+00:00,0.081220,900
2025-11-23T00:15:00+00:00,0.073540,900
2025-11-23T00:30:00+00:00,0.071460,900
2025-11-23T00:45:00+00:00,0.071190,900
2025-11-23T01:00:00+00:00,0.074840,900
2025-11-23T01:15:00+00:00,0.071420,900
2025-11-23T01:30:00+00:00,0.068690,900
2025-11-23T01:45:00+00:00,0.066810,900
2025-11-23T02:00:00+00:00,0.065180,900
2025-11-23T02:15:00+00:00,0.063010,900
2025-11-23T02:30:00+00:00,0.063380,900
2025-11-23T02:45:00+00:00,0.061350,900
2025-11-23T03:00:00+00:00,0.062740,900
2025-11-23T03:15:00+00:00,0.061430,900
2025-11-23T03:30:00+00:00,0.060660,900
2025-11-23T03:45:00+00:00,0.058710,900
2025-11-23T04:00:00+00:00,0.063890,900
2025-11-23T04:15:00+00:00,0.064220,900
2025-11-23T04:30:00+00:00,0.065000,900
2025-11-23T04:45:00+00:00,0.061860,900
2025-11-23T05:00:00+00:00,0.059360,900
2025-11-23T05:15:00+00:00,0.059190,900
2025-11-23T05:30:00+00:00,0.060430,900
2025-11-23T05:45:00+00:00,0.061740,900
2025-11-23T06:00:00+00:00,0.062830,900
2025-11-23T06:15:00+00:00,0.066680,900
2025-11-23T06:30:00+00:00,0.065900,900
2025-11-23T06:45:00+00:00,0.067640,900
2025-11-23T07:00:00+00:00,0.071620,900
2025-11-23T07:15:00+00:00,0.068000,900
2025-11-23T07:30:00+00:00,0.069430,900
2025-11-23T07:45:00+00:00,0.063030,900
2025-11-23T08:00:00+00:00,0.069740,900
2025-11-23T08:15:00+00:00,0.066350,900
2025-11-23T08:30:00+00:00,0.067460,900
2025-11-23T08:45:00+00:00,0.062670,900
2025-11-23T09:00:00+00:00,0.069650,900
2025-11-23T09:15:00+00:00,0.069160,900
2025-11-23T09:30:00+00:00,0.063910,900
2025-11-23T09:45:00+00:00,0.064090,900
2025-11-23T10:00:00+00:00,0.065030,900
2025-11-23T10:15:00+00:00,0.067460,900
2025-11-23T10:30:00+00:00,0.067760,900
2025-11-23T10:45:00+00:00,0.069250,900
2025-11-23T11:00:00+00:00,0.067270,900
2025-11-23T11:15:00+00:00,0.067960,900
2025-11-23T11:30:00+00:00,0.069000,900
2025-11-23T11:45:00+00:00,0.069310,900
2025-11-23T12:00:00+00:00,0.070200,900
2025-11-23T12:15:00+00:00,0.065500,900
2025-11-23T12:30:00+00:00,0.063850,900
2025-11-23T12:45:00+00:00,0.064040,900
2025-11-23T13:00:00+00:00,0.066490,900
2025-11-23T13:15:00+00:00,0.070360,900
2025-11-23T13:30:00+00:00,0.072240,900
2025-11-23T13:45:00+00:00,0.075610,900
2025-11-23T14:00:00+00:00,0.073660,900
2025-11-23T14:15:00+00:00,0.076900,900
2025-11-23T14:30:00+00:00,0.082860,900
2025-11-23T14:45:00+00:00,0.085960,900
2025-11-23T15:00:00+00:00,0.083070,900
2025-11-23T15:15:00+00:00,0.080000,900
2025-11-23T15:30:00+00:00,0.078030,900
2025-11-23T15:45:00+00:00,0.090900,900
2025-11-23T16:00:00+00:00,0.081510,900
2025-11-23T16:15:00+00:00,0.084870,900
2025-11-23T16:30:00+00:00,0.095990,900
2025-11-23T16:45:00+00:00,0.103230,900
2025-11-23T17:00:00+00:00,0.091510,900
2025-11-23T17:15:00+00:00,0.083770,900
2025-11-23T17:30:00+00:00,0.087400,900
2025-11-23T17:45:00+00:00,0.096910,900
2025-11-23T18:00:00+00:00,0.090260,900
2025-11-23T18:15:00+00:00,0.088850,900
2025-11-23T18:30:00+00:00,0.084820,900
2025-11-23T18:45:00+00:00,0.082120,900
2025-11-23T19:00:00+00:00,0.087790,900
2025-11-23T19:15:00+00:00,0.083870,900
2025-11-23T19:30:00+00:00,0.079310,900
2025-11-23T19:45:00+00:00,0.075820,900
2025-11-23T20:00:00+00:00,0.080000,900
2025-11-23T20:15:00+00:00,0.076650,900
2025-11-23T20:30:00+00:00,0.074980,900
2025-11-23T20:45:00+00:00,0.071720,900
2025-11-23T21:00:00+00:00,0.075610,900
2025-11-23T21:15:00+00:00,0.073700,900
2025-11-23T21:30:00+00:00,0.073730,900
2025-11-23T21:45:00+00:00,0.070640,900
2025-11-23T22:00:00+00:00,0.070340,900
2025-11-23T22:15:00+00:00,0.069560,900
2025-11-23T22:30:00+00:00,0.070480,900
2025-11-23T22:45:00+00:00,0.066870,900
2025-11-23T23:00:00+00:00,0.080120,900
2025-11-23T23:15:00+00:00,0.071200,900
2025-11-23T23:30:00+00:00,0.068320,900
2025-11-23T23:45:00+00:00,0.067390,900
2025-11-24T00:00:00+00:00,0.069730,900
2025-11-24T00:15:00+00:00,0.068650,900
2025-11-24T00:30:00+00:00,0.069080,900
2025-11-24T00:45:00+00:00,0.068670,900
2025-11-24T01:00:00+00:00,0.068290,900
2025-11-24T01:15:00+00:00,0.070850,900
2025-11-24T01:30:00+00:00,0.070920,900
2025-11-24T01:45:00+00:00,0.070740,900
2025-11-24T02:00:00+00:00,0.069150,900
2025-11-24T02:15:00+00:00,0.068900,900
2025-11-24T02:30:00+00:00,0.070720,900
2025-11-24T02:45:00+00:00,0.069930,900
2025-11-24T03:00:00+00:00,0.066110,900
2025-11-24T03:15:00+00:00,0.068630,900
2025-11-24T03:30:00+00:00,0.066730,900
2025-11-24T03:45:00+00:00,0.073790,900
2025-11-24T04:00:00+00:00,0.069670,900
2025-11-24T04:15:00+00:00,0.070060,900
2025-11-24T04:30:00+00:00,0.079070,900
2025-11-24T04:45:00+00:00,0.086860,900
2025-11-24T05:00:00+00:00,0.075580,900
2025-11-24T05:15:00+00:00,0.088170,900
2025-11-24T05:30:00+00:00,0.091140,900
2025-11-24T05:45:00+00:00,0.102580,900
2025-11-24T06:00:00+00:00,0.084500,900
2025-11-24T06:15:00+00:00,0.089700,900
2025-11-24T06:30:00+00:00,0.087180,900
2025-11-24T06:45:00+00:00,0.094840,900
2025-11-24T07:00:00+00:00,0.095180,900
2025-11-24T07:15:00+00:00,0.089040,900
2025-11-24T07:30:00+00:00,0.091310,900
2025-11-24T07:45:00+00:00,0.102680,900
2025-11-24T08:00:00+00:00,0.093370,900
2025-11-24T08:15:00+00:00,0.093520,900
2025-11-24T08:30:00+00:00,0.108640,900
2025-11-24T08:45:00+00:00,0.109040,900
2025-11-24T09:00:00+00:00,0.110600,900
2025-11-24T09:15:00+00:00,0.108210,900
2025-11-24T09:30:00+00:00,0.111880,900
2025-11-24T09:45:00+00:00,0.120270,900
2025-11-24T10:00:00+00:00,0.118960,900
2025-11-24T10:15:00+00:00,0.122410,900
2025-11-24T10:30:00+00:00,0.125730,900
2025-11-24T10:45:00+00:00,0.125540,900
2025-11-24T11:00:00+00:00,0.110080,900
2025-11-24T11:15:00+00:00,0.120390,900
2025-11-24T11:30:00+00:00,0.126400,900
2025-11-24T11:45:00+00:00,0.138340,900
2025-11-24T12:00:00+00:00,0.126270,900
2025-11-24T12:15:00+00:00,0.134650,900
2025-11-24T12:30:00+00:00,0.143770,900
2025-11-24T12:45:00+00:00,0.151990,900
2025-11-24T13:00:00+00:00,0.148420,900
2025-11-24T13:15:00+00:00,0.166790,900
2025-11-24T13:30:00+00:00,0.124990,900
2025-11-24T13:45:00+00:00,0.141440,900
2025-11-24T14:00:00+00:00,0.152260,900
2025-11-24T14:15:00+00:00,0.169390,900
2025-11-24T14:30:00+00:00,0.186290,900
2025-11-24T14:45:00+00:00,0.192270,900
2025-11-24T15:00:00+00:00,0.157030,900
2025-11-24T15:15:00+00:00,0.181150,900
2025-11-24T15:30:00+00:00,0.203760,900
2025-11-24T15:45:00+00:00,0.269150,900
2025-11-24T16:00:00+00:00,0.208680,900
2025-11-24T16:15:00+00:00,0.240120,900
2025-11-24T16:30:00+00:00,0.247820,900
2025-11-24T16:45:00+00:00,0.253380,900
2025-11-24T17:00:00+00:00,0.241610,900
2025-11-24T17:15:00+00:00,0.207630,900
2025-11-24T17:30:00+00:00,0.201040,900
2025-11-24T17:45:00+00:00,0.189680,900
2025-11-24T18:00:00+00:00,0.199430,900
2025-11-24T18:15:00+00:00,0.170350,900
2025-11-24T18:30:00+00:00,0.172320,900
2025-11-24T18:45:00+00:00,0.156360,900
2025-11-24T19:00:00+00:00,0.152270,900
2025-11-24T19:15:00+00:00,0.136870,900
2025-11-24T19:30:00+00:00,0.145650,900
2025-11-24T19:45:00+00:00,0.133110,900
2025-11-24T20:00:00+00:00,0.146150,900
2025-11-24T20:15:00+00:00,0.130400,900
2025-11-24T20:30:00+00:00,0.121940,900
2025-11-24T20:45:00+00:00,0.112650,900
2025-11-24T21:00:00+00:00,0.126840,900
2025-11-24T21:15:00+00:00,0.122800,900
2025-11-24T21:30:00+00:00,0.113370,900
2025-11-24T21:45:00+00:00,0.103070,900
2025-11-24T22:00:00+00:00,0.109230,900
2025-11-24T22:15:00+00:00,0.101460,900
2025-11-24T22:30:00+00:00,0.099390,900
2025-11-24T22:45:00+00:00,0.091520,900
2025-11-24T23:00:00+00:00,0.097940,900
2025-11-24T23:15:00+00:00,0.094940,900
2025-11-24T23:30:00+00:00,0.093810,900
2025-11-24T23:45:00+00:00,0.092040,900
2025-11-25T00:00:00+00:00,0.094540,900
2025-11-25T00:15:00+00:00,0.093200,900
2025-11-25T00:30:00+00:00,0.089340,900
2025-11-25T00:45:00+00:00,0.088520,900
2025-11-25T01:00:00+00:00,0.091660,900
2025-11-25T01:15:00+00:00,0.088790,900
2025-11-25T01:30:00+00:00,0.087760,900
2025-11-25T01:45:00+00:00,0.087190,900
2025-11-25T02:00:00+00:00,0.089500,900
2025-11-25T02:15:00+00:00,0.085040,900
2025-11-25T02:30:00+00:00,0.084700,900
2025-11-25T02:45:00+00:00,0.085110,900
2025-11-25T03:00:00+00:00,0.085220,900
2025-11-25T03:15:00+00:00,0.087690,900
2025-11-25T03:30:00+00:00,0.086280,900
2025-11-25T03:45:00+00:00,0.091040,900
2025-11-25T04:00:00+00:00,0.089320,900
2025-11-25T04:15:00+00:00,0.085600,900
2025-11-25T04:30:00+00:00,0.085600,900
2025-11-25T04:45:00+00:00,0.084500,900
2025-11-25T05:00:00+00:00,0.072250,900
2025-11-25T05:15:00+00:00,0.077030,900
2025-11-25T05:30:00+00:00,0.087960,900
2025-11-25T05:45:00+00:00,0.123200,900
2025-11-25T06:00:00+00:00,0.120300,900
2025-11-25T06:15:00+00:00,0.173610,900
2025-11-25T06:30:00+00:00,0.235940,900
2025-11-25T06:45:00+00:00,0.250100,900
2025-11-25T07:00:00+00:00,0.205000,900
2025-11-25T07:15:00+00:00,0.237650,900
2025-11-25T07:30:00+00:00,0.236080,900
2025-11-25T07:45:00+00:00,0.229900,900
2025-11-25T08:00:00+00:00,0.248400,900
2025-11-25T08:15:00+00:00,0.237410,900
2025-11-25T08:30:00+00:00,0.198100,900
2025-11-25T08:45:00+00:00,0.182690,900
2025-11-25T09:00:00+00:00,0.215010,900
2025-11-25T09:15:00+00:00,0.178760,900
2025-11-25T09:30:00+00:00,0.172590,900
2025-11-25T09:45:00+00:00,0.163180,900
2025-11-25T10:00:00+00:00,0.162250,900
2025-11-25T10:15:00+00:00,0.100100,900
2025-11-25T10:30:00+00:00,0.092840,900
2025-11-25T10:45:00+00:00,0.083020,900
2025-11-25T11:00:00+00:00,0.138470,900
2025-11-25T11:15:00+00:00,0.102360,900
2025-11-25T11:30:00+00:00,0.090800,900
2025-11-25T11:45:00+00:00,0.080100,900
2025-11-25T12:00:00+00:00,0.100100,900
2025-11-25T12:15:00+00:00,0.100100,900
2025-11-25T12:30:00+00:00,0.110840,900
2025-11-25T12:45:00+00:00,0.111740,900
2025-11-25T13:00:00+00:00,0.080000,900
2025-11-25T13:15:00+00:00,0.092850,900
2025-11-25T13:30:00+00:00,0.142900,900
2025-11-25T13:45:00+00:00,0.171900,900
2025-11-25T14:00:00+00:00,0.122520,900
2025-11-25T14:15:00+00:00,0.171900,900
2025-11-25T14:30:00+00:00,0.215580,900
2025-11-25T14:45:00+00:00,0.250000,900
2025-11-25T15:00:00+00:00,0.211420,900
2025-11-25T15:15:00+00:00,0.250000,900
2025-11-25T15:30:00+00:00,0.271140,900
2025-11-25T15:45:00+00:00,0.297610,900
2025-11-25T16:00:00+00:00,0.256250,900
2025-11-25T16:15:00+00:00,0.286990,900
2025-11-25T16:30:00+00:00,0.304730,900
2025-11-25T16:45:00+00:00,0.281860,900
2025-11-25T17:00:00+00:00,0.272670,900
2025-11-25T17:15:00+00:00,0.246440,900
2025-11-25T17:30:00+00:00,0.255620,900
2025-11-25T17:45:00+00:00,0.215210,900
2025-11-25T18:00:00+00:00,0.270000,900
2025-11-25T18:15:00+00:00,0.211180,900
2025-11-25T18:30:00+00:00,0.176060,900
2025-11-25T18:45:00+00:00,0.148350,900
2025-11-25T19:00:00+00:00,0.190970,900
2025-11-25T19:15:00+00:00,0.157240,900
2025-11-25T19:30:00+00:00,0.142700,900
2025-11-25T19:45:00+00:00,0.126420,900
2025-11-25T20:00:00+00:00,0.148700,900
2025-11-25T20:15:00+00:00,0.131100,900
2025-11-25T20:30:00+00:00,0.114480,900
2025-11-25T20:45:00+00:00,0.103310,900
2025-11-25T21:00:00+00:00,0.121460,900
2025-11-25T21:15:00+00:00,0.114260,900
2025-11-25T21:30:00+00:00,0.100560,900
2025-11-25T21:45:00+00:00,0.092830,900
2025-11-25T22:00:00+00:00,0.093280,900
2025-11-25T22:15:00+00:00,0.092890,900
2025-11-25T22:30:00+00:00,0.090020,900
2025-11-25T22:45:00+00:00,0.086350,900
2025-11-25T23:00:00+00:00,0.086500,900
2025-11-25T23:15:00+00:00,0.083970,900
2025-11-25T23:30:00+00:00,0.086000,900
2025-11-25T23:45:00+00:00,0.086250,900
2025-11-26T00:00:00+00:00,0.089940,900
2025-11-26T00:15:00+00:00,0.086640,900
2025-11-26T00:30:00+00:00,0.086200,900
2025-11-26T00:45:00+00:00,0.086130,900
2025-11-26T01:00:00+00:00,0.086560,900
2025-11-26T01:15:00+00:00,0.085430,900
2025-11-26T01:30:00+00:00,0.083840,900
2025-11-26T01:45:00+00:00,0.083800,900
2025-11-26T02:00:00+00:00,0.085810,900
2025-11-26T02:15:00+00:00,0.085580,900
2025-11-26T02:30:00+00:00,0.086220,900
2025-11-26T02:45:00+00:00,0.085720,900
2025-11-26T03:00:00+00:00,0.083770,900
2025-11-26T03:15:00+00:00,0.084980,900
2025-11-26T03:30:00+00:00,0.086380,900
2025-11-26T03:45:00+00:00,0.089300,900
2025-11-26T04:00:00+00:00,0.080000,900
2025-11-26T04:15:00+00:00,0.087440,900
2025-11-26T04:30:00+00:00,0.098000,900
2025-11-26T04:45:00+00:00,0.106630,900
2025-11-26T05:00:00+00:00,0.090370,900
2025-11-26T05:15:00+00:00,0.104880,900
2025-11-26T05:30:00+00:00,0.115900,900
2025-11-26T05:45:00+00:00,0.138000,900
2025-11-26T06:00:00+00:00,0.138620,900
2025-11-26T06:15:00+00:00,0.170140,900
2025-11-26T06:30:00+00:00,0.189240,900
2025-11-26T06:45:00+00:00,0.214330,900
2025-11-26T07:00:00+00:00,0.198990,900
2025-11-26T07:15:00+00:00,0.207540,900
2025-11-26T07:30:00+00:00,0.249500,900
2025-11-26T07:45:00+00:00,0.224610,900
2025-11-26T08:00:00+00:00,0.239350,900
2025-11-26T08:15:00+00:00,0.188230,900
2025-11-26T08:30:00+00:00,0.190360,900
2025-11-26T08:45:00+00:00,0.176290,900
2025-11-26T09:00:00+00:00,0.221350,900
2025-11-26T09:15:00+00:00,0.184640,900
2025-11-26T09:30:00+00:00,0.167590,900
2025-11-26T09:45:00+00:00,0.157110,900
2025-11-26T10:00:00+00:00,0.167150,900
2025-11-26T10:15:00+00:00,0.164030,900
2025-11-26T10:30:00+00:00,0.159060,900
2025-11-26T10:45:00+00:00,0.150600,900
2025-11-26T11:00:00+00:00,0.152290,900
2025-11-26T11:15:00+00:00,0.151070,900
2025-11-26T11:30:00+00:00,0.154860,900
2025-11-26T11:45:00+00:00,0.154620,900
2025-11-26T12:00:00+00:00,0.154130,900
2025-11-26T12:15:00+00:00,0.163060,900
2025-11-26T12:30:00+00:00,0.153750,900
2025-11-26T12:45:00+00:00,0.148520,900
2025-11-26T13:00:00+00:00,0.150580,900
2025-11-26T13:15:00+00:00,0.159900,900
2025-11-26T13:30:00+00:00,0.182040,900
2025-11-26T13:45:00+00:00,0.191450,900
2025-11-26T14:00:00+00:00,0.157900,900
2025-11-26T14:15:00+00:00,0.185770,900
2025-11-26T14:30:00+00:00,0.215310,900
2025-11-26T14:45:00+00:00,0.262100,900
2025-11-26T15:00:00+00:00,0.196430,900
2025-11-26T15:15:00+00:00,0.253780,900
2025-11-26T15:30:00+00:00,0.285100,900
2025-11-26T15:45:00+00:00,0.335010,900
2025-11-26T16:00:00+00:00,0.261630,900
2025-11-26T16:15:00+00:00,0.269020,900
2025-11-26T16:30:00+00:00,0.281030,900
2025-11-26T16:45:00+00:00,0.279630,900
2025-11-26T17:00:00+00:00,0.250540,900
2025-11-26T17:15:00+00:00,0.208430,900
2025-11-26T17:30:00+00:00,0.220920,900
2025-11-26T17:45:00+00:00,0.207050,900
2025-11-26T18:00:00+00:00,0.219260,900
2025-11-26T18:15:00+00:00,0.190000,900
2025-11-26T18:30:00+00:00,0.165890,900
2025-11-26T18:45:00+00:00,0.150070,900
2025-11-26T19:00:00+00:00,0.170480,900
2025-11-26T19:15:00+00:00,0.146780,900
2025-11-26T19:30:00+00:00,0.126820,900
2025-11-26T19:45:00+00:00,0.110400,900
2025-11-26T20:00:00+00:00,0.135600,900
2025-11-26T20:15:00+00:00,0.121120,900
2025-11-26T20:30:00+00:00,0.102320,900
2025-11-26T20:45:00+00:00,0.091400,900
2025-11-26T21:00:00+00:00,0.114870,900
2025-11-26T21:15:00+00:00,0.102900,900
2025-11-26T21:30:00+00:00,0.094270,900
2025-11-26T21:45:00+00:00,0.080100,900
2025-11-26T22:00:00+00:00,0.096190,900
2025-11-26T22:15:00+00:00,0.090900,900
2025-11-26T22:30:00+00:00,0.088060,900
2025-11-26T22:45:00+00:00,0.080100,900
2025-11-26T23:00:00+00:00,0.094070,900
2025-11-26T23:15:00+00:00,0.091210,900
2025-11-26T23:30:00+00:00,0.087810,900
2025-11-26T23:45:00+00:00,0.086160,900
2025-11-27T00:00:00+00:00,0.088580,900
2025-11-27T00:15:00+00:00,0.085120,900
2025-11-27T00:30:00+00:00,0.082320,900
2025-11-27T00:45:00+00:00,0.079810,900
2025-11-27T01:00:00+00:00,0.083100,900
2025-11-27T01:15:00+00:00,0.080260,900
2025-11-27T01:30:00+00:00,0.078460,900
2025-11-27T01:45:00+00:00,0.074900,900
2025-11-27T02:00:00+00:00,0.075470,900
2025-11-27T02:15:00+00:00,0.074670,900
2025-11-27T02:30:00+00:00,0.074630,900
2025-11-27T02:45:00+00:00,0.069960,900
2025-11-27T03:00:00+00:00,0.067840,900
2025-11-27T03:15:00+00:00,0.067840,900
2025-11-27T03:30:00+00:00,0.067600,900
2025-11-27T03:45:00+00:00,0.057410,900
2025-11-27T04:00:00+00:00,0.074800,900
2025-11-27T04:15:00+00:00,0.068760,900
2025-11-27T04:30:00+00:00,0.074670,900
2025-11-27T04:45:00+00:00,0.074930,900
2025-11-27T05:00:00+00:00,0.067050,900
2025-11-27T05:15:00+00:00,0.072520,900
2025-11-27T05:30:00+00:00,0.074170,900
2025-11-27T05:45:00+00:00,0.069400,900
2025-11-27T06:00:00+00:00,0.080100,900
2025-11-27T06:15:00+00:00,0.083710,900
2025-11-27T06:30:00+00:00,0.091550,900
2025-11-27T06:45:00+00:00,0.106720,900
2025-11-27T07:00:00+00:00,0.089660,900
2025-11-27T07:15:00+00:00,0.099910,900
2025-11-27T07:30:00+00:00,0.103630,900
2025-11-27T07:45:00+00:00,0.106720,900
2025-11-27T08:00:00+00:00,0.099040,900
2025-11-27T08:15:00+00:00,0.099040,900
2025-11-27T08:30:00+00:00,0.097890,900
2025-11-27T08:45:00+00:00,0.084030,900
2025-11-27T09:00:00+00:00,0.096830,900
2025-11-27T09:15:00+00:00,0.083590,900
2025-11-27T09:30:00+00:00,0.085760,900
2025-11-27T09:45:00+00:00,0.087240,900
2025-11-27T10:00:00+00:00,0.087690,900
2025-11-27T10:15:00+00:00,0.084690,900
2025-11-27T10:30:00+00:00,0.084690,900
2025-11-27T10:45:00+00:00,0.084690,900
2025-11-27T11:00:00+00:00,0.090100,900
2025-11-27T11:15:00+00:00,0.085610,900
2025-11-27T11:30:00+00:00,0.086020,900
2025-11-27T11:45:00+00:00,0.085530,900
2025-11-27T12:00:00+00:00,0.085680,900
2025-11-27T12:15:00+00:00,0.086700,900
2025-11-27T12:30:00+00:00,0.085440,900
2025-11-27T12:45:00+00:00,0.088470,900
2025-11-27T13:00:00+00:00,0.088320,900
2025-11-27T13:15:00+00:00,0.089410,900
2025-11-27T13:30:00+00:00,0.089730,900
2025-11-27T13:45:00+00:00,0.095110,900
2025-11-27T14:00:00+00:00,0.086040,900
2025-11-27T14:15:00+00:00,0.089710,900
2025-11-27T14:30:00+00:00,0.097870,900
2025-11-27T14:45:00+00:00,0.094290,900
2025-11-27T15:00:00+00:00,0.091800,900
2025-11-27T15:15:00+00:00,0.088360,900
2025-11-27T15:30:00+00:00,0.091900,900
2025-11-27T15:45:00+00:00,0.097560,900
2025-11-27T16:00:00+00:00,0.088630,900
2025-11-27T16:15:00+00:00,0.095430,900
2025-11-27T16:30:00+00:00,0.102560,900
2025-11-27T16:45:00+00:00,0.105390,900
2025-11-27T17:00:00+00:00,0.104300,900
2025-11-27T17:15:00+00:00,0.100380,900
2025-11-27T17:30:00+00:00,0.089660,900
2025-11-27T17:45:00+00:00,0.080100,900
2025-11-27T18:00:00+00:00,0.098900,900
2025-11-27T18:15:00+00:00,0.086410,900
2025-11-27T18:30:00+00:00,0.085270,900
2025-11-27T18:45:00+00:00,0.077420,900
2025-11-27T19:00:00+00:00,0.087610,900
2025-11-27T19:15:00+00:00,0.084100,900
2025-11-27T19:30:00+00:00,0.075650,900
2025-11-27T19:45:00+00:00,0.072270,900
2025-11-27T20:00:00+00:00,0.086900,900
2025-11-27T20:15:00+00:00,0.074390,900
2025-11-27T20:30:00+00:00,0.079510,900
2025-11-27T20:45:00+00:00,0.074320,900
2025-11-27T21:00:00+00:00,0.074140,900
2025-11-27T21:15:00+00:00,0.065300,900
2025-11-27T21:30:00+00:00,0.063480,900
2025-11-27T21:45:00+00:00,0.063880,900
2025-11-27T22:00:00+00:00,0.061080,900
2025-11-27T22:15:00+00:00,0.059710,900
2025-11-27T22:30:00+00:00,0.054380,900
2025-11-27T22:45:00+00:00,0.048110,900
2025-11-27T23:00:00+00:00,0.069520,900
2025-11-27T23:15:00+00:00,0.063970,900
2025-11-27T23:30:00+00:00,0.053720,900
2025-11-27T23:45:00+00:00,0.049210,900
2025-11-28T00:00:00+00:00,0.065850,900
2025-11-28T00:15:00+00:00,0.053470,900
2025-11-28T00:30:00+00:00,0.051340,900
2025-11-28T00:45:00+00:00,0.048580,900
2025-11-28T01:00:00+00:00,0.053630,900
2025-11-28T01:15:00+00:00,0.052730,900
2025-11-28T01:30:00+00:00,0.051550,900
2025-11-28T01:45:00+00:00,0.049990,900
2025-11-28T02:00:00+00:00,0.045980,900
2025-11-28T02:15:00+00:00,0.046220,900
2025-11-28T02:30:00+00:00,0.045030,900
2025-11-28T02:45:00+00:00,0.045980,900
2025-11-28T03:00:00+00:00,0.050830,900
2025-11-28T03:15:00+00:00,0.051070,900
2025-11-28T03:30:00+00:00,0.052470,900
2025-11-28T03:45:00+00:00,0.058750,900
2025-11-28T04:00:00+00:00,0.048370,900
2025-11-28T04:15:00+00:00,0.053320,900
2025-11-28T04:30:00+00:00,0.056210,900
2025-11-28T04:45:00+00:00,0.074530,900
2025-11-28T05:00:00+00:00,0.061090,900
2025-11-28T05:15:00+00:00,0.074890,900
2025-11-28T05:30:00+00:00,0.083010,900
2025-11-28T05:45:00+00:00,0.095760,900
2025-11-28T06:00:00+00:00,0.073790,900
2025-11-28T06:15:00+00:00,0.082550,900
2025-11-28T06:30:00+00:00,0.089500,900
2025-11-28T06:45:00+00:00,0.080630,900
2025-11-28T07:00:00+00:00,0.098970,900
2025-11-28T07:15:00+00:00,0.094810,900
2025-11-28T07:30:00+00:00,0.097250,900
2025-11-28T07:45:00+00:00,0.098780,900
2025-11-28T08:00:00+00:00,0.115850,900
2025-11-28T08:15:00+00:00,0.103320,900
2025-11-28T08:30:00+00:00,0.100460,900
2025-11-28T08:45:00+00:00,0.095560,900
2025-11-28T09:00:00+00:00,0.102490,900
2025-11-28T09:15:00+00:00,0.095500,900
2025-11-28T09:30:00+00:00,0.095690,900
2025-11-28T09:45:00+00:00,0.093960,900
2025-11-28T10:00:00+00:00,0.100510,900
2025-11-28T10:15:00+00:00,0.096010,900
2025-11-28T10:30:00+00:00,0.092050,900
2025-11-28T10:45:00+00:00,0.090420,900
2025-11-28T11:00:00+00:00,0.093110,900
2025-11-28T11:15:00+00:00,0.092450,900
2025-11-28T11:30:00+00:00,0.099760,900
2025-11-28T11:45:00+00:00,0.099850,900
2025-11-28T12:00:00+00:00,0.095080,900
2025-11-28T12:15:00+00:00,0.096850,900
2025-11-28T12:30:00+00:00,0.097380,900
2025-11-28T12:45:00+00:00,0.095900,900
2025-11-28T13:00:00+00:00,0.081020,900
2025-11-28T13:15:00+00:00,0.077320,900
2025-11-28T13:30:00+00:00,0.076660,900
2025-11-28T13:45:00+00:00,0.077000,900
2025-11-28T14:00:00+00:00,0.089900,900
2025-11-28T14:15:00+00:00,0.099220,900
2025-11-28T14:30:00+00:00,0.111800,900
2025-11-28T14:45:00+00:00,0.100850,900
2025-11-28T15:00:00+00:00,0.086600,900
2025-11-28T15:15:00+00:00,0.092920,900
2025-11-28T15:30:00+00:00,0.095610,900
2025-11-28T15:45:00+00:00,0.101380,900
2025-11-28T16:00:00+00:00,0.091580,900
2025-11-28T16:15:00+00:00,0.096230,900
2025-11-28T16:30:00+00:00,0.095800,900
2025-11-28T16:45:00+00:00,0.096000,900
2025-11-28T17:00:00+00:00,0.100160,900
2025-11-28T17:15:00+00:00,0.094480,900
2025-11-28T17:30:00+00:00,0.094480,900
2025-11-28T17:45:00+00:00,0.077000,900
2025-11-28T18:00:00+00:00,0.102220,900
2025-11-28T18:15:00+00:00,0.094710,900
2025-11-28T18:30:00+00:00,0.090220,900
2025-11-28T18:45:00+00:00,0.080700,900
2025-11-28T19:00:00+00:00,0.100950,900
2025-11-28T19:15:00+00:00,0.085830,900
2025-11-28T19:30:00+00:00,0.082940,900
2025-11-28T19:45:00+00:00,0.074160,900
2025-11-28T20:00:00+00:00,0.089270,900
2025-11-28T20:15:00+00:00,0.087180,900
2025-11-28T20:30:00+00:00,0.083880,900
2025-11-28T20:45:00+00:00,0.073010,900
2025-11-28T21:00:00+00:00,0.089500,900
2025-11-28T21:15:00+00:00,0.083570,900
2025-11-28T21:30:00+00:00,0.087000,900
2025-11-28T21:45:00+00:00,0.075850,900
2025-11-28T22:00:00+00:00,0.084180,900
2025-11-28T22:15:00+00:00,0.076240,900
2025-11-28T22:30:00+00:00,0.075080,900
2025-11-28T22:45:00+00:00,0.071240,900
2025-11-28T23:00:00+00:00,0.094690,900
2025-11-28T23:15:00+00:00,0.082110,900
2025-11-28T23:30:00+00:00,0.076340,900
2025-11-28T23:45:00+00:00,0.068520,900
2025-11-29T00:00:00+00:00,0.082800,900
2025-11-29T00:15:00+00:00,0.077550,900
2025-11-29T00:30:00+00:00,0.079620,900
2025-11-29T00:45:00+00:00,0.079480,900
2025-11-29T01:00:00+00:00,0.084880,900
2025-11-29T01:15:00+00:00,0.083450,900
2025-11-29T01:30:00+00:00,0.078020,900
2025-11-29T01:45:00+00:00,0.077670,900
2025-11-29T02:00:00+00:00,0.084330,900
2025-11-29T02:15:00+00:00,0.081090,900
2025-11-29T02:30:00+00:00,0.080900,900
2025-11-29T02:45:00+00:00,0.080000,900
2025-11-29T03:00:00+00:00,0.081410,900
2025-11-29T03:15:00+00:00,0.082790,900
2025-11-29T03:30:00+00:00,0.084290,900
2025-11-29T03:45:00+00:00,0.084740,900
2025-11-29T04:00:00+00:00,0.087890,900
2025-11-29T04:15:00+00:00,0.088650,900
2025-11-29T04:30:00+00:00,0.084160,900
2025-11-29T04:45:00+00:00,0.087790,900
2025-11-29T05:00:00+00:00,0.080820,900
2025-11-29T05:15:00+00:00,0.084790,900
2025-11-29T05:30:00+00:00,0.091790,900
2025-11-29T05:45:00+00:00,0.097980,900
2025-11-29T06:00:00+00:00,0.078300,900
2025-11-29T06:15:00+00:00,0.084190,900
2025-11-29T06:30:00+00:00,0.086830,900
2025-11-29T06:45:00+00:00,0.091670,900
2025-11-29T07:00:00+00:00,0.092000,900
2025-11-29T07:15:00+00:00,0.085500,900
2025-11-29T07:30:00+00:00,0.089610,900
2025-11-29T07:45:00+00:00,0.087940,900
2025-11-29T08:00:00+00:00,0.097660,900
2025-11-29T08:15:00+00:00,0.098630,900
2025-11-29T08:30:00+00:00,0.098630,900
2025-11-29T08:45:00+00:00,0.097620,900
2025-11-29T09:00:00+00:00,0.105090,900
2025-11-29T09:15:00+00:00,0.098780,900
2025-11-29T09:30:00+00:00,0.095030,900
2025-11-29T09:45:00+00:00,0.087540,900
2025-11-29T10:00:00+00:00,0.095310,900
2025-11-29T10:15:00+00:00,0.093880,900
2025-11-29T10:30:00+00:00,0.089380,900
2025-11-29T10:45:00+00:00,0.081060,900
2025-11-29T11:00:00+00:00,0.086440,900
2025-11-29T11:15:00+00:00,0.081030,900
2025-11-29T11:30:00+00:00,0.080910,900
2025-11-29T11:45:00+00:00,0.078760,900
2025-11-29T12:00:00+00:00,0.087450,900
2025-11-29T12:15:00+00:00,0.079980,900
2025-11-29T12:30:00+00:00,0.080100,900
2025-11-29T12:45:00+00:00,0.082350,900
2025-11-29T13:00:00+00:00,0.080610,900
2025-11-29T13:15:00+00:00,0.083320,900
2025-11-29T13:30:00+00:00,0.087790,900
2025-11-29T13:45:00+00:00,0.091670,900
2025-11-29T14:00:00+00:00,0.091550,900
2025-11-29T14:15:00+00:00,0.101290,900
2025-11-29T14:30:00+00:00,0.096500,900
2025-11-29T14:45:00+00:00,0.096970,900
2025-11-29T15:00:00+00:00,0.086740,900
2025-11-29T15:15:00+00:00,0.094210,900
2025-11-29T15:30:00+00:00,0.099520,900
2025-11-29T15:45:00+00:00,0.109440,900
2025-11-29T16:00:00+00:00,0.101040,900
2025-11-29T16:15:00+00:00,0.105570,900
2025-11-29T16:30:00+00:00,0.104700,900
2025-11-29T16:45:00+00:00,0.102220,900
2025-11-29T17:00:00+00:00,0.105980,900
2025-11-29T17:15:00+00:00,0.098970,900
2025-11-29T17:30:00+00:00,0.095940,900
2025-11-29T17:45:00+00:00,0.092000,900
2025-11-29T18:00:00+00:00,0.092600,900
2025-11-29T18:15:00+00:00,0.090390,900
2025-11-29T18:30:00+00:00,0.086650,900
2025-11-29T18:45:00+00:00,0.087800,900
2025-11-29T19:00:00+00:00,0.092390,900
2025-11-29T19:15:00+00:00,0.084800,900
2025-11-29T19:30:00+00:00,0.077370,900
2025-11-29T19:45:00+00:00,0.075120,900
2025-11-29T20:00:00+00:00,0.084310,900
2025-11-29T20:15:00+00:00,0.081230,900
2025-11-29T20:30:00+00:00,0.077240,900
2025-11-29T20:45:00+00:00,0.076680,900
2025-11-29T21:00:00+00:00,0.088450,900
2025-11-29T21:15:00+00:00,0.085680,900
2025-11-29T21:30:00+00:00,0.087950,900
2025-11-29T21:45:00+00:00,0.077920,900
2025-11-29T22:00:00+00:00,0.085150,900
2025-11-29T22:15:00+00:00,0.078430,900
2025-11-29T22:30:00+00:00,0.076890,900
2025-11-29T22:45:00+00:00,0.075290,900
2025-11-29T23:00:00+00:00,0.083620,900
2025-11-29T23:15:00+00:00,0.077220,900
2025-11-29T23:30:00+00:00,0.070000,900
2025-11-29T23:45:00+00:00,0.068180,900
2025-11-30T00:00:00+00:00,0.072220,900
2025-11-30T00:15:00+00:00,0.067210,900
2025-11-30T00:30:00+00:00,0.066910,900
2025-11-30T00:45:00+00:00,0.066260,900
2025-11-30T01:00:00+00:00,0.067620,900
2025-11-30T01:15:00+00:00,0.067440,900
2025-11-30T01:30:00+00:00,0.066520,900
2025-11-30T01:45:00+00:00,0.063230,900
2025-11-30T02:00:00+00:00,0.067050,900
2025-11-30T02:15:00+00:00,0.066160,900
2025-11-30T02:30:00+00:00,0.063680,900
2025-11-30T02:45:00+00:00,0.059400,900
2025-11-30T03:00:00+00:00,0.065060,900
2025-11-30T03:15:00+00:00,0.065980,900
2025-11-30T03:30:00+00:00,0.067360,900
2025-11-30T03:45:00+00:00,0.064720,900
2025-11-30T04:00:00+00:00,0.070300,900
2025-11-30T04:15:00+00:00,0.069280,900
2025-11-30T04:30:00+00:00,0.073030,900
2025-11-30T04:45:00+00:00,0.074850,900
2025-11-30T05:00:00+00:00,0.069200,900
2025-11-30T05:15:00+00:00,0.070700,900
2025-11-30T05:30:00+00:00,0.073900,900
2025-11-30T05:45:00+00:00,0.077360,900
2025-11-30T06:00:00+00:00,0.071430,900
2025-11-30T06:15:00+00:00,0.070490,900
2025-11-30T06:30:00+00:00,0.076340,900
2025-11-30T06:45:00+00:00,0.080240,900
2025-11-30T07:00:00+00:00,0.074700,900
2025-11-30T07:15:00+00:00,0.081200,900
2025-11-30T07:30:00+00:00,0.078770,900
2025-11-30T07:45:00+00:00,0.080000,900
2025-11-30T08:00:00+00:00,0.082630,900
2025-11-30T08:15:00+00:00,0.082900,900
2025-11-30T08:30:00+00:00,0.082180,900
2025-11-30T08:45:00+00:00,0.076520,900
2025-11-30T09:00:00+00:00,0.086610,900
2025-11-30T09:15:00+00:00,0.083490,900
2025-11-30T09:30:00+00:00,0.082040,900
2025-11-30T09:45:00+00:00,0.078750,900
2025-11-30T10:00:00+00:00,0.076530,900
2025-11-30T10:15:00+00:00,0.077190,900
2025-11-30T10:30:00+00:00,0.081590,900
2025-11-30T10:45:00+00:00,0.081590,900
2025-11-30T11:00:00+00:00,0.078190,900
2025-11-30T11:15:00+00:00,0.075660,900
2025-11-30T11:30:00+00:00,0.082480,900
2025-11-30T11:45:00+00:00,0.083670,900
2025-11-30T12:00:00+00:00,0.076790,900
2025-11-30T12:15:00+00:00,0.080520,900
2025-11-30T12:30:00+00:00,0.081100,900
2025-11-30T12:45:00+00:00,0.084490,900
2025-11-30T13:00:00+00:00,0.076460,900
2025-11-30T13:15:00+00:00,0.083240,900
2025-11-30T13:30:00+00:00,0.085850,900
2025-11-30T13:45:00+00:00,0.093790,900
2025-11-30T14:00:00+00:00,0.078740,900
2025-11-30T14:15:00+00:00,0.085030,900
2025-11-30T14:30:00+00:00,0.098380,900
2025-11-30T14:45:00+00:00,0.097860,900
2025-11-30T15:00:00+00:00,0.081850,900
2025-11-30T15:15:00+00:00,0.084080,900
2025-11-30T15:30:00+00:00,0.098180,900
2025-11-30T15:45:00+00:00,0.100730,900
2025-11-30T16:00:00+00:00,0.101120,900
2025-11-30T16:15:00+00:00,0.101740,900
2025-11-30T16:30:00+00:00,0.104070,900
2025-11-30T16:45:00+00:00,0.104810,900
2025-11-30T17:00:00+00:00,0.105330,900
2025-11-30T17:15:00+00:00,0.104540,900
2025-11-30T17:30:00+00:00,0.104720,900
2025-11-30T17:45:00+00:00,0.107940,900
2025-11-30T18:00:00+00:00,0.103030,900
2025-11-30T18:15:00+00:00,0.104970,900
2025-11-30T18:30:00+00:00,0.103140,900
2025-11-30T18:45:00+00:00,0.105000,900
2025-11-30T19:00:00+00:00,0.098200,900
2025-11-30T19:15:00+00:00,0.098080,900
2025-11-30T19:30:00+00:00,0.097130,900
2025-11-30T19:45:00+00:00,0.098220,900
2025-11-30T20:00:00+00:00,0.096680,900
2025-11-30T20:15:00+00:00,0.097240,900
2025-11-30T20:30:00+00:00,0.090150,900
2025-11-30T20:45:00+00:00,0.086950,900
2025-11-30T21:00:00+00:00,0.095010,900
2025-11-30T21:15:00+00:00,0.092120,900
2025-11-30T21:30:00+00:00,0.089810,900
2025-11-30T21:45:00+00:00,0.088370,900
2025-11-30T22:00:00+00:00,0.087720,900
2025-11-30T22:15:00+00:00,0.085170,900
2025-11-30T22:30:00+00:00,0.086400,900
2025-11-30T22:45:00+00:00,0.086290,900
2025-11-30T23:00:00+00:00,0.090030,900
2025-11-30T23:15:00+00:00,0.089620,900
2025-11-30T23:30:00+00:00,0.084690,900
2025-11-30T23:45:00+00:00,0.080530,900
2025-12-01T00:00:00+00:00,0.089500,900
2025-12-01T00:15:00+00:00,0.083530,900
2025-12-01T00:30:00+00:00,0.081940,900
2025-12-01T00:45:00+00:00,0.079170,900
2025-12-01T01:00:00+00:00,0.082960,900
2025-12-01T01:15:00+00:00,0.078160,900
2025-12-01T01:30:00+00:00,0.076730,900
2025-12-01T01:45:00+00:00,0.075730,900
2025-12-01T02:00:00+00:00,0.073620,900
2025-12-01T02:15:00+00:00,0.068450,900
2025-12-01T02:30:00+00:00,0.068160,900
2025-12-01T02:45:00+00:00,0.059510,900
2025-12-01T03:00:00+00:00,0.067140,900
2025-12-01T03:15:00+00:00,0.061950,900
2025-12-01T03:30:00+00:00,0.060480,900
2025-12-01T03:45:00+00:00,0.060870,900
2025-12-01T04:00:00+00:00,0.057840,900
2025-12-01T04:15:00+00:00,0.059170,900
2025-12-01T04:30:00+00:00,0.060670,900
2025-12-01T04:45:00+00:00,0.062320,900
2025-12-01T05:00:00+00:00,0.065130,900
2025-12-01T05:15:00+00:00,0.066460,900
2025-12-01T05:30:00+00:00,0.067260,900
2025-12-01T05:45:00+00:00,0.071460,900
2025-12-01T06:00:00+00:00,0.073450,900
2025-12-01T06:15:00+00:00,0.077940,900
2025-12-01T06:30:00+00:00,0.090590,900
2025-12-01T06:45:00+00:00,0.116390,900
2025-12-01T07:00:00+00:00,0.080100,900
2025-12-01T07:15:00+00:00,0.104440,900
2025-12-01T07:30:00+00:00,0.106700,900
2025-12-01T07:45:00+00:00,0.106700,900
2025-12-01T08:00:00+00:00,0.119500,900
2025-12-01T08:15:00+00:00,0.112310,900
2025-12-01T08:30:00+00:00,0.096960,900
2025-12-01T08:45:00+00:00,0.081910,900
2025-12-01T09:00:00+00:00,0.094570,900
2025-12-01T09:15:00+00:00,0.086810,900
2025-12-01T09:30:00+00:00,0.082120,900
2025-12-01T09:45:00+00:00,0.079710,900
2025-12-01T10:00:00+00:00,0.081910,900
2025-12-01T10:15:00+00:00,0.079640,900
2025-12-01T10:30:00+00:00,0.079300,900
2025-12-01T10:45:00+00:00,0.078630,900
2025-12-01T11:00:00+00:00,0.077170,900
2025-12-01T11:15:00+00:00,0.077050,900
2025-12-01T11:30:00+00:00,0.076970,900
2025-12-01T11:45:00+00:00,0.076770,900
2025-12-01T12:00:00+00:00,0.078690,900
2025-12-01T12:15:00+00:00,0.081730,900
2025-12-01T12:30:00+00:00,0.089130,900
2025-12-01T12:45:00+00:00,0.095030,900
2025-12-01T13:00:00+00:00,0.080000,900
2025-12-01T13:15:00+00:00,0.094680,900
2025-12-01T13:30:00+00:00,0.104220,900
2025-12-01T13:45:00+00:00,0.095100,900
2025-12-01T14:00:00+00:00,0.077280,900
2025-12-01T14:15:00+00:00,0.080000,900
2025-12-01T14:30:00+00:00,0.095230,900
2025-12-01T14:45:00+00:00,0.110090,900
2025-12-01T15:00:00+00:00,0.080670,900
2025-12-01T15:15:00+00:00,0.088190,900
2025-12-01T15:30:00+00:00,0.096640,900
2025-12-01T15:45:00+00:00,0.107700,900
2025-12-01T16:00:00+00:00,0.095040,900
2025-12-01T16:15:00+00:00,0.102410,900
2025-12-01T16:30:00+00:00,0.105330,900
2025-12-01T16:45:00+00:00,0.095780,900
2025-12-01T17:00:00+00:00,0.091230,900
2025-12-01T17:15:00+00:00,0.093260,900
2025-12-01T17:30:00+00:00,0.091450,900
2025-12-01T17:45:00+00:00,0.090520,900
2025-12-01T18:00:00+00:00,0.095080,900
2025-12-01T18:15:00+00:00,0.085380,900
2025-12-01T18:30:00+00:00,0.085910,900
2025-12-01T18:45:00+00:00,0.080700,900
2025-12-01T19:00:00+00:00,0.094960,900
2025-12-01T19:15:00+00:00,0.086590,900
2025-12-01T19:30:00+00:00,0.079900,900
2025-12-01T19:45:00+00:00,0.080100,900
2025-12-01T20:00:00+00:00,0.090030,900
2025-12-01T20:15:00+00:00,0.083330,900
2025-12-01T20:30:00+00:00,0.070280,900
2025-12-01T20:45:00+00:00,0.064370,900
2025-12-01T21:00:00+00:00,0.084940,900
2025-12-01T21:15:00+00:00,0.073300,900
2025-12-01T21:30:00+00:00,0.079670,900
2025-12-01T21:45:00+00:00,0.067680,900
2025-12-01T22:00:00+00:00,0.082730,900
2025-12-01T22:15:00+00:00,0.069570,900
2025-12-01T22:30:00+00:00,0.069170,900
2025-12-01T22:45:00+00:00,0.061650,900
2025-12-01T23:00:00+00:00,0.075680,900
2025-12-01T23:15:00+00:00,0.067980,900
2025-12-01T23:30:00+00:00,0.059860,900
2025-12-01T23:45:00+00:00,0.052890,900
2025-12-02T00:00:00+00:00,0.065730,900
2025-12-02T00:15:00+00:00,0.059430,900
2025-12-02T00:30:00+00:00,0.057730,900
2025-12-02T00:45:00+00:00,0.053690,900
2025-12-02T01:00:00+00:00,0.056850,900
2025-12-02T01:15:00+00:00,0.052890,900
2025-12-02T01:30:00+00:00,0.053910,900
2025-12-02T01:45:00+00:00,0.052690,900
2025-12-02T02:00:00+00:00,0.052100,900
2025-12-02T02:15:00+00:00,0.051420,900
2025-12-02T02:30:00+00:00,0.050540,900
2025-12-02T02:45:00+00:00,0.049460,900
2025-12-02T03:00:00+00:00,0.046150,900
2025-12-02T03:15:00+00:00,0.047000,900
2025-12-02T03:30:00+00:00,0.048990,900
2025-12-02T03:45:00+00:00,0.053050,900
2025-12-02T04:00:00+00:00,0.048170,900
2025-12-02T04:15:00+00:00,0.057910,900
2025-12-02T04:30:00+00:00,0.065210,900
2025-12-02T04:45:00+00:00,0.077340,900
2025-12-02T05:00:00+00:00,0.060090,900
2025-12-02T05:15:00+00:00,0.075250,900
2025-12-02T05:30:00+00:00,0.088750,900
2025-12-02T05:45:00+00:00,0.087910,900
2025-12-02T06:00:00+00:00,0.070100,900
2025-12-02T06:15:00+00:00,0.080000,900
2025-12-02T06:30:00+00:00,0.085100,900
2025-12-02T06:45:00+00:00,0.084850,900
2025-12-02T07:00:00+00:00,0.083430,900
2025-12-02T07:15:00+00:00,0.091720,900
2025-12-02T07:30:00+00:00,0.092660,900
2025-12-02T07:45:00+00:00,0.092980,900
2025-12-02T08:00:00+00:00,0.085600,900
2025-12-02T08:15:00+00:00,0.085600,900
2025-12-02T08:30:00+00:00,0.080100,900
2025-12-02T08:45:00+00:00,0.080700,900
2025-12-02T09:00:00+00:00,0.090620,900
2025-12-02T09:15:00+00:00,0.087680,900
2025-12-02T09:30:00+00:00,0.086530,900
2025-12-02T09:45:00+00:00,0.086780,900
2025-12-02T10:00:00+00:00,0.085820,900
2025-12-02T10:15:00+00:00,0.085210,900
2025-12-02T10:30:00+00:00,0.087270,900
2025-12-02T10:45:00+00:00,0.087860,900
2025-12-02T11:00:00+00:00,0.087010,900
2025-12-02T11:15:00+00:00,0.086800,900
2025-12-02T11:30:00+00:00,0.087320,900
2025-12-02T11:45:00+00:00,0.087550,900
2025-12-02T12:00:00+00:00,0.085640,900
2025-12-02T12:15:00+00:00,0.088330,900
2025-12-02T12:30:00+00:00,0.090010,900
2025-12-02T12:45:00+00:00,0.095620,900
2025-12-02T13:00:00+00:00,0.083070,900
2025-12-02T13:15:00+00:00,0.084240,900
2025-12-02T13:30:00+00:00,0.091150,900
2025-12-02T13:45:00+00:00,0.101990,900
2025-12-02T14:00:00+00:00,0.081680,900
2025-12-02T14:15:00+00:00,0.090650,900
2025-12-02T14:30:00+00:00,0.094140,900
2025-12-02T14:45:00+00:00,0.119860,900
2025-12-02T15:00:00+00:00,0.096160,900
2025-12-02T15:15:00+00:00,0.104320,900
2025-12-02T15:30:00+00:00,0.133990,900
2025-12-02T15:45:00+00:00,0.148410,900
2025-12-02T16:00:00+00:00,0.112570,900
2025-12-02T16:15:00+00:00,0.146020,900
2025-12-02T16:30:00+00:00,0.153260,900
2025-12-02T16:45:00+00:00,0.150100,900
2025-12-02T17:00:00+00:00,0.146250,900
2025-12-02T17:15:00+00:00,0.117810,900
2025-12-02T17:30:00+00:00,0.108960,900
2025-12-02T17:45:00+00:00,0.105100,900
2025-12-02T18:00:00+00:00,0.128700,900
2025-12-02T18:15:00+00:00,0.112600,900
2025-12-02T18:30:00+00:00,0.100100,900
2025-12-02T18:45:00+00:00,0.094600,900
2025-12-02T19:00:00+00:00,0.110500,900
2025-12-02T19:15:00+00:00,0.094660,900
2025-12-02T19:30:00+00:00,0.091770,900
2025-12-02T19:45:00+00:00,0.083080,900
2025-12-02T20:00:00+00:00,0.099910,900
2025-12-02T20:15:00+00:00,0.091090,900
2025-12-02T20:30:00+00:00,0.082820,900
2025-12-02T20:45:00+00:00,0.080940,900
2025-12-02T21:00:00+00:00,0.099920,900
2025-12-02T21:15:00+00:00,0.088880,900
2025-12-02T21:30:00+00:00,0.081630,900
2025-12-02T21:45:00+00:00,0.079890,900
2025-12-02T22:00:00+00:00,0.101040,900
2025-12-02T22:15:00+00:00,0.099200,900
2025-12-02T22:30:00+00:00,0.091200,900
2025-12-02T22:45:00+00:00,0.085860,900
2025-12-02T23:00:00+00:00,0.088480,900
2025-12-02T23:15:00+00:00,0.084970,900
2025-12-02T23:30:00+00:00,0.080590,900
2025-12-02T23:45:00+00:00,0.078440,900
2025-12-03T00:00:00+00:00,0.085020,900
2025-12-03T00:15:00+00:00,0.083710,900
2025-12-03T00:30:00+00:00,0.086810,900
2025-12-03T00:45:00+00:00,0.084330,900
2025-12-03T01:00:00+00:00,0.085890,900
2025-12-03T01:15:00+00:00,0.084970,900
2025-12-03T01:30:00+00:00,0.084070,900
2025-12-03T01:45:00+00:00,0.083290,900
2025-12-03T02:00:00+00:00,0.083890,900
2025-12-03T02:15:00+00:00,0.082580,900
2025-12-03T02:30:00+00:00,0.081100,900
2025-12-03T02:45:00+00:00,0.081080,900
2025-12-03T03:00:00+00:00,0.082590,900
2025-12-03T03:15:00+00:00,0.081150,900
2025-12-03T03:30:00+00:00,0.081760,900
2025-12-03T03:45:00+00:00,0.082470,900
2025-12-03T04:00:00+00:00,0.077890,900
2025-12-03T04:15:00+00:00,0.078390,900
2025-12-03T04:30:00+00:00,0.082660,900
2025-12-03T04:45:00+00:00,0.104440,900
2025-12-03T05:00:00+00:00,0.073050,900
2025-12-03T05:15:00+00:00,0.076900,900
2025-12-03T05:30:00+00:00,0.082910,900
2025-12-03T05:45:00+00:00,0.102980,900
2025-12-03T06:00:00+00:00,0.070640,900
2025-12-03T06:15:00+00:00,0.085880,900
2025-12-03T06:30:00+00:00,0.118100,900
2025-12-03T06:45:00+00:00,0.156530,900
2025-12-03T07:00:00+00:00,0.114080,900
2025-12-03T07:15:00+00:00,0.172400,900
2025-12-03T07:30:00+00:00,0.175270,900
2025-12-03T07:45:00+00:00,0.157610,900
2025-12-03T08:00:00+00:00,0.189230,900
2025-12-03T08:15:00+00:00,0.154610,900
2025-12-03T08:30:00+00:00,0.116240,900
2025-12-03T08:45:00+00:00,0.109430,900
2025-12-03T09:00:00+00:00,0.145640,900
2025-12-03T09:15:00+00:00,0.128480,900
2025-12-03T09:30:00+00:00,0.122390,900
2025-12-03T09:45:00+00:00,0.121540,900
2025-12-03T10:00:00+00:00,0.131180,900
2025-12-03T10:15:00+00:00,0.128340,900
2025-12-03T10:30:00+00:00,0.130690,900
2025-12-03T10:45:00+00:00,0.129700,900
2025-12-03T11:00:00+00:00,0.134980,900
2025-12-03T11:15:00+00:00,0.128110,900
2025-12-03T11:30:00+00:00,0.125930,900
2025-12-03T11:45:00+00:00,0.126210,900
2025-12-03T12:00:00+00:00,0.121330,900
2025-12-03T12:15:00+00:00,0.135980,900
2025-12-03T12:30:00+00:00,0.129780,900
2025-12-03T12:45:00+00:00,0.132920,900
2025-12-03T13:00:00+00:00,0.149550,900
2025-12-03T13:15:00+00:00,0.163880,900
2025-12-03T13:30:00+00:00,0.183530,900
2025-12-03T13:45:00+00:00,0.183440,900
2025-12-03T14:00:00+00:00,0.168080,900
2025-12-03T14:15:00+00:00,0.190820,900
2025-12-03T14:30:00+00:00,0.228800,900
2025-12-03T14:45:00+00:00,0.254390,900
2025-12-03T15:00:00+00:00,0.200270,900
2025-12-03T15:15:00+00:00,0.254450,900
2025-12-03T15:30:00+00:00,0.279150,900
2025-12-03T15:45:00+00:00,0.299010,900
2025-12-03T16:00:00+00:00,0.251110,900
2025-12-03T16:15:00+00:00,0.263410,900
2025-12-03T16:30:00+00:00,0.240480,900
2025-12-03T16:45:00+00:00,0.216530,900
2025-12-03T17:00:00+00:00,0.204970,900
2025-12-03T17:15:00+00:00,0.206000,900
2025-12-03T17:30:00+00:00,0.191120,900
2025-12-03T17:45:00+00:00,0.178700,900
2025-12-03T18:00:00+00:00,0.197830,900
2025-12-03T18:15:00+00:00,0.167240,900
2025-12-03T18:30:00+00:00,0.154340,900
2025-12-03T18:45:00+00:00,0.146080,900
2025-12-03T19:00:00+00:00,0.163830,900
2025-12-03T19:15:00+00:00,0.144500,900
2025-12-03T19:30:00+00:00,0.130780,900
2025-12-03T19:45:00+00:00,0.120900,900
2025-12-03T20:00:00+00:00,0.132650,900
2025-12-03T20:15:00+00:00,0.121300,900
2025-12-03T20:30:00+00:00,0.100100,900
2025-12-03T20:45:00+00:00,0.082740,900
2025-12-03T21:00:00+00:00,0.102340,900
2025-12-03T21:15:00+00:00,0.096750,900
2025-12-03T21:30:00+00:00,0.082280,900
2025-12-03T21:45:00+00:00,0.078260,900
2025-12-03T22:00:00+00:00,0.099400,900
2025-12-03T22:15:00+00:00,0.084870,900
2025-12-03T22:30:00+00:00,0.081010,900
2025-12-03T22:45:00+00:00,0.074310,900
2025-12-03T23:00:00+00:00,0.089400,900
2025-12-03T23:15:00+00:00,0.090060,900
2025-12-03T23:30:00+00:00,0.091330,900
2025-12-03T23:45:00+00:00,0.086870,900
2025-12-04T00:00:00+00:00,0.095450,900
2025-12-04T00:15:00+00:00,0.089900,900
2025-12-04T00:30:00+00:00,0.086300,900
2025-12-04T00:45:00+00:00,0.083850,900
2025-12-04T01:00:00+00:00,0.089770,900
2025-12-04T01:15:00+00:00,0.084660,900
2025-12-04T01:30:00+00:00,0.083280,900
2025-12-04T01:45:00+00:00,0.083400,900
2025-12-04T02:00:00+00:00,0.086380,900
2025-12-04T02:15:00+00:00,0.084150,900
2025-12-04T02:30:00+00:00,0.082970,900
2025-12-04T02:45:00+00:00,0.080930,900
2025-12-04T03:00:00+00:00,0.079150,900
2025-12-04T03:15:00+00:00,0.079380,900
2025-12-04T03:30:00+00:00,0.078720,900
2025-12-04T03:45:00+00:00,0.076850,900
2025-12-04T04:00:00+00:00,0.075030,900
2025-12-04T04:15:00+00:00,0.079540,900
2025-12-04T04:30:00+00:00,0.080630,900
2025-12-04T04:45:00+00:00,0.084800,900
2025-12-04T05:00:00+00:00,0.065970,900
2025-12-04T05:15:00+00:00,0.078230,900
2025-12-04T05:30:00+00:00,0.079460,900
2025-12-04T05:45:00+00:00,0.080340,900
2025-12-04T06:00:00+00:00,0.088490,900
2025-12-04T06:15:00+00:00,0.115650,900
2025-12-04T06:30:00+00:00,0.112710,900
2025-12-04T06:45:00+00:00,0.123150,900
2025-12-04T07:00:00+00:00,0.120660,900
2025-12-04T07:15:00+00:00,0.125200,900
2025-12-04T07:30:00+00:00,0.132270,900
2025-12-04T07:45:00+00:00,0.128630,900
2025-12-04T08:00:00+00:00,0.090530,900
2025-12-04T08:15:00+00:00,0.084560,900
2025-12-04T08:30:00+00:00,0.081290,900
2025-12-04T08:45:00+00:00,0.073960,900
2025-12-04T09:00:00+00:00,0.122680,900
2025-12-04T09:15:00+00:00,0.091210,900
2025-12-04T09:30:00+00:00,0.084590,900
2025-12-04T09:45:00+00:00,0.071400,900
2025-12-04T10:00:00+00:00,0.112010,900
2025-12-04T10:15:00+00:00,0.089600,900
2025-12-04T10:30:00+00:00,0.086170,900
2025-12-04T10:45:00+00:00,0.080230,900
2025-12-04T11:00:00+00:00,0.092270,900
2025-12-04T11:15:00+00:00,0.088360,900
2025-12-04T11:30:00+00:00,0.088190,900
2025-12-04T11:45:00+00:00,0.087420,900
2025-12-04T12:00:00+00:00,0.086910,900
2025-12-04T12:15:00+00:00,0.089670,900
2025-12-04T12:30:00+00:00,0.091240,900
2025-12-04T12:45:00+00:00,0.095100,900
2025-12-04T13:00:00+00:00,0.080100,900
2025-12-04T13:15:00+00:00,0.087500,900
2025-12-04T13:30:00+00:00,0.097190,900
2025-12-04T13:45:00+00:00,0.127210,900
2025-12-04T14:00:00+00:00,0.080100,900
2025-12-04T14:15:00+00:00,0.086650,900
2025-12-04T14:30:00+00:00,0.101610,900
2025-12-04T14:45:00+00:00,0.120320,900
2025-12-04T15:00:00+00:00,0.125270,900
2025-12-04T15:15:00+00:00,0.143380,900
2025-12-04T15:30:00+00:00,0.129750,900
2025-12-04T15:45:00+00:00,0.131680,900
2025-12-04T16:00:00+00:00,0.119840,900
2025-12-04T16:15:00+00:00,0.135600,900
2025-12-04T16:30:00+00:00,0.133710,900
2025-12-04T16:45:00+00:00,0.125090,900
2025-12-04T17:00:00+00:00,0.127530,900
2025-12-04T17:15:00+00:00,0.121450,900
2025-12-04T17:30:00+00:00,0.117730,900
2025-12-04T17:45:00+00:00,0.117730,900
2025-12-04T18:00:00+00:00,0.124520,900
2025-12-04T18:15:00+00:00,0.120800,900
2025-12-04T18:30:00+00:00,0.116880,900
2025-12-04T18:45:00+00:00,0.105810,900
2025-12-04T19:00:00+00:00,0.121020,900
2025-12-04T19:15:00+00:00,0.113920,900
2025-12-04T19:30:00+00:00,0.105850,900
2025-12-04T19:45:00+00:00,0.100400,900
2025-12-04T20:00:00+00:00,0.099130,900
2025-12-04T20:15:00+00:00,0.098500,900
2025-12-04T20:30:00+00:00,0.097030,900
2025-12-04T20:45:00+00:00,0.090090,900
2025-12-04T21:00:00+00:00,0.096060,900
2025-12-04T21:15:00+00:00,0.092970,900
2025-12-04T21:30:00+00:00,0.089010,900
2025-12-04T21:45:00+00:00,0.086690,900
2025-12-04T22:00:00+00:00,0.085510,900
2025-12-04T22:15:00+00:00,0.089600,900
2025-12-04T22:30:00+00:00,0.085260,900
2025-12-04T22:45:00+00:00,0.079630,900
2025-12-04T23:00:00+00:00,0.063960,900
2025-12-04T23:15:00+00:00,0.079390,900
2025-12-04T23:30:00+00:00,0.079340,900
2025-12-04T23:45:00+00:00,0.077310,900
2025-12-05T00:00:00+00:00,0.081410,900
2025-12-05T00:15:00+00:00,0.080190,900
2025-12-05T00:30:00+00:00,0.080600,900
2025-12-05T00:45:00+00:00,0.079950,900
2025-12-05T01:00:00+00:00,0.080100,900
2025-12-05T01:15:00+00:00,0.080100,900
2025-12-05T01:30:00+00:00,0.080370,900
2025-12-05T01:45:00+00:00,0.080370,900
2025-12-05T02:00:00+00:00,0.081030,900
2025-12-05T02:15:00+00:00,0.080610,900
2025-12-05T02:30:00+00:00,0.080010,900
2025-12-05T02:45:00+00:00,0.081690,900
2025-12-05T03:00:00+00:00,0.078880,900
2025-12-05T03:15:00+00:00,0.078390,900
2025-12-05T03:30:00+00:00,0.080910,900
2025-12-05T03:45:00+00:00,0.081990,900
2025-12-05T04:00:00+00:00,0.080780,900
2025-12-05T04:15:00+00:00,0.084500,900
2025-12-05T04:30:00+00:00,0.091910,900
2025-12-05T04:45:00+00:00,0.103000,900
2025-12-05T05:00:00+00:00,0.083910,900
2025-12-05T05:15:00+00:00,0.106200,900
2025-12-05T05:30:00+00:00,0.119250,900
2025-12-05T05:45:00+00:00,0.146640,900
2025-12-05T06:00:00+00:00,0.080520,900
2025-12-05T06:15:00+00:00,0.119730,900
2025-12-05T06:30:00+00:00,0.147920,900
2025-12-05T06:45:00+00:00,0.156340,900
2025-12-05T07:00:00+00:00,0.156940,900
2025-12-05T07:15:00+00:00,0.171320,900
2025-12-05T07:30:00+00:00,0.187210,900
2025-12-05T07:45:00+00:00,0.181400,900
2025-12-05T08:00:00+00:00,0.196070,900
2025-12-05T08:15:00+00:00,0.181310,900
2025-12-05T08:30:00+00:00,0.169520,900
2025-12-05T08:45:00+00:00,0.158960,900
2025-12-05T09:00:00+00:00,0.167820,900
2025-12-05T09:15:00+00:00,0.165550,900
2025-12-05T09:30:00+00:00,0.156970,900
2025-12-05T09:45:00+00:00,0.152440,900
2025-12-05T10:00:00+00:00,0.160020,900
2025-12-05T10:15:00+00:00,0.156370,900
2025-12-05T10:30:00+00:00,0.152370,900
2025-12-05T10:45:00+00:00,0.145550,900
2025-12-05T11:00:00+00:00,0.157130,900
2025-12-05T11:15:00+00:00,0.148670,900
2025-12-05T11:30:00+00:00,0.146610,900
2025-12-05T11:45:00+00:00,0.140620,900
2025-12-05T12:00:00+00:00,0.143370,900
2025-12-05T12:15:00+00:00,0.141320,900
2025-12-05T12:30:00+00:00,0.141640,900
2025-12-05T12:45:00+00:00,0.136050,900
2025-12-05T13:00:00+00:00,0.131820,900
2025-12-05T13:15:00+00:00,0.133820,900
2025-12-05T13:30:00+00:00,0.143690,900
2025-12-05T13:45:00+00:00,0.141680,900
2025-12-05T14:00:00+00:00,0.127530,900
2025-12-05T14:15:00+00:00,0.132010,900
2025-12-05T14:30:00+00:00,0.144660,900
2025-12-05T14:45:00+00:00,0.148190,900
2025-12-05T15:00:00+00:00,0.134060,900
2025-12-05T15:15:00+00:00,0.139650,900
2025-12-05T15:30:00+00:00,0.140220,900
2025-12-05T15:45:00+00:00,0.142420,900
2025-12-05T16:00:00+00:00,0.145300,900
2025-12-05T16:15:00+00:00,0.143480,900
2025-12-05T16:30:00+00:00,0.140130,900
2025-12-05T16:45:00+00:00,0.131090,900
2025-12-05T17:00:00+00:00,0.141840,900
2025-12-05T17:15:00+00:00,0.130880,900
2025-12-05T17:30:00+00:00,0.093300,900
2025-12-05T17:45:00+00:00,0.073580,900
2025-12-05T18:00:00+00:00,0.115100,900
2025-12-05T18:15:00+00:00,0.081220,900
2025-12-05T18:30:00+00:00,0.081170,900
2025-12-05T18:45:00+00:00,0.086510,900
2025-12-05T19:00:00+00:00,0.102800,900
2025-12-05T19:15:00+00:00,0.092170,900
2025-12-05T19:30:00+00:00,0.080360,900
2025-12-05T19:45:00+00:00,0.073530,900
2025-12-05T20:00:00+00:00,0.091020,900
2025-12-05T20:15:00+00:00,0.094050,900
2025-12-05T20:30:00+00:00,0.080240,900
2025-12-05T20:45:00+00:00,0.078870,900
2025-12-05T21:00:00+00:00,0.095360,900
2025-12-05T21:15:00+00:00,0.087440,900
2025-12-05T21:30:00+00:00,0.077040,900
2025-12-05T21:45:00+00:00,0.069330,900
2025-12-05T22:00:00+00:00,0.093710,900
2025-12-05T22:15:00+00:00,0.077970,900
2025-12-05T22:30:00+00:00,0.075520,900
2025-12-05T22:45:00+00:00,0.068830,900
2025-12-05T23:00:00+00:00,0.087720,900
2025-12-05T23:15:00+00:00,0.074580,900
2025-12-05T23:30:00+00:00,0.070100,900
2025-12-05T23:45:00+00:00,0.068500,900
2025-12-06T00:00:00+00:00,0.076510,900
2025-12-06T00:15:00+00:00,0.070260,900
2025-12-06T00:30:00+00:00,0.068380,900
2025-12-06T00:45:00+00:00,0.062330,900
2025-12-06T01:00:00+00:00,0.072310,900
2025-12-06T01:15:00+00:00,0.067710,900
2025-12-06T01:30:00+00:00,0.063460,900
2025-12-06T01:45:00+00:00,0.061960,900
2025-12-06T02:00:00+00:00,0.067590,900
2025-12-06T02:15:00+00:00,0.061620,900
2025-12-06T02:30:00+00:00,0.063000,900
2025-12-06T02:45:00+00:00,0.057060,900
2025-12-06T03:00:00+00:00,0.059700,900
2025-12-06T03:15:00+00:00,0.058400,900
2025-12-06T03:30:00+00:00,0.059830,900
2025-12-06T03:45:00+00:00,0.058840,900
2025-12-06T04:00:00+00:00,0.059170,900
2025-12-06T04:15:00+00:00,0.056860,900
2025-12-06T04:30:00+00:00,0.057610,900
2025-12-06T04:45:00+00:00,0.054490,900
2025-12-06T05:00:00+00:00,0.054430,900
2025-12-06T05:15:00+00:00,0.055900,900
2025-12-06T05:30:00+00:00,0.058060,900
2025-12-06T05:45:00+00:00,0.058030,900
2025-12-06T06:00:00+00:00,0.057690,900
2025-12-06T06:15:00+00:00,0.060970,900
2025-12-06T06:30:00+00:00,0.060410,900
2025-12-06T06:45:00+00:00,0.064890,900
2025-12-06T07:00:00+00:00,0.067020,900
2025-12-06T07:15:00+00:00,0.068860,900
2025-12-06T07:30:00+00:00,0.073400,900
2025-12-06T07:45:00+00:00,0.074590,900
2025-12-06T08:00:00+00:00,0.075590,900
2025-12-06T08:15:00+00:00,0.076210,900
2025-12-06T08:30:00+00:00,0.076350,900
2025-12-06T08:45:00+00:00,0.076390,900
2025-12-06T09:00:00+00:00,0.077270,900
2025-12-06T09:15:00+00:00,0.077680,900
2025-12-06T09:30:00+00:00,0.076610,900
2025-12-06T09:45:00+00:00,0.073810,900
2025-12-06T10:00:00+00:00,0.077880,900
2025-12-06T10:15:00+00:00,0.077510,900
2025-12-06T10:30:00+00:00,0.077240,900
2025-12-06T10:45:00+00:00,0.077030,900
2025-12-06T11:00:00+00:00,0.077070,900
2025-12-06T11:15:00+00:00,0.074900,900
2025-12-06T11:30:00+00:00,0.074900,900
2025-12-06T11:45:00+00:00,0.077580,900
2025-12-06T12:00:00+00:00,0.077010,900
2025-12-06T12:15:00+00:00,0.075140,900
2025-12-06T12:30:00+00:00,0.077940,900
2025-12-06T12:45:00+00:00,0.078010,900
2025-12-06T13:00:00+00:00,0.074350,900
2025-12-06T13:15:00+00:00,0.078160,900
2025-12-06T13:30:00+00:00,0.079160,900
2025-12-06T13:45:00+00:00,0.080250,900
2025-12-06T14:00:00+00:00,0.079490,900
2025-12-06T14:15:00+00:00,0.080630,900
2025-12-06T14:30:00+00:00,0.082540,900
2025-12-06T14:45:00+00:00,0.087500,900
2025-12-06T15:00:00+00:00,0.081980,900
2025-12-06T15:15:00+00:00,0.086950,900
2025-12-06T15:30:00+00:00,0.085580,900
2025-12-06T15:45:00+00:00,0.094810,900
2025-12-06T16:00:00+00:00,0.084110,900
2025-12-06T16:15:00+00:00,0.088990,900
2025-12-06T16:30:00+00:00,0.092650,900
2025-12-06T16:45:00+00:00,0.087890,900
2025-12-06T17:00:00+00:00,0.087860,900
2025-12-06T17:15:00+00:00,0.084430,900
2025-12-06T17:30:00+00:00,0.085670,900
2025-12-06T17:45:00+00:00,0.080320,900
2025-12-06T18:00:00+00:00,0.095600,900
2025-12-06T18:15:00+00:00,0.080140,900
2025-12-06T18:30:00+00:00,0.078720,900
2025-12-06T18:45:00+00:00,0.078190,900
2025-12-06T19:00:00+00:00,0.082040,900
2025-12-06T19:15:00+00:00,0.075090,900
2025-12-06T19:30:00+00:00,0.077410,900
2025-12-06T19:45:00+00:00,0.070100,900
2025-12-06T20:00:00+00:00,0.082100,900
2025-12-06T20:15:00+00:00,0.075680,900
2025-12-06T20:30:00+00:00,0.070310,900
2025-12-06T20:45:00+00:00,0.064900,900
2025-12-06T21:00:00+00:00,0.079560,900
2025-12-06T21:15:00+00:00,0.071390,900
2025-12-06T21:30:00+00:00,0.068150,900
2025-12-06T21:45:00+00:00,0.066080,900
2025-12-06T22:00:00+00:00,0.070050,900
2025-12-06T22:15:00+00:00,0.070110,900
2025-12-06T22:30:00+00:00,0.067240,900
2025-12-06T22:45:00+00:00,0.062390,900
2025-12-06T23:00:00+00:00,0.076600,900
2025-12-06T23:15:00+00:00,0.064470,900
2025-12-06T23:30:00+00:00,0.059420,900
2025-12-06T23:45:00+00:00,0.055110,900
2025-12-07T00:00:00+00:00,0.060200,900
2025-12-07T00:15:00+00:00,0.057520,900
2025-12-07T00:30:00+00:00,0.057680,900
2025-12-07T00:45:00+00:00,0.057630,900
2025-12-07T01:00:00+00:00,0.056340,900
2025-12-07T01:15:00+00:00,0.054310,900
2025-12-07T01:30:00+00:00,0.053040,900
2025-12-07T01:45:00+00:00,0.052120,900
2025-12-07T02:00:00+00:00,0.051830,900
2025-12-07T02:15:00+00:00,0.051430,900
2025-12-07T02:30:00+00:00,0.051750,900
2025-12-07T02:45:00+00:00,0.051860,900
2025-12-07T03:00:00+00:00,0.060740,900
2025-12-07T03:15:00+00:00,0.058680,900
2025-12-07T03:30:00+00:00,0.059340,900
2025-12-07T03:45:00+00:00,0.063000,900
2025-12-07T04:00:00+00:00,0.060910,900
2025-12-07T04:15:00+00:00,0.061510,900
2025-12-07T04:30:00+00:00,0.064600,900
2025-12-07T04:45:00+00:00,0.061000,900
2025-12-07T05:00:00+00:00,0.060470,900
2025-12-07T05:15:00+00:00,0.065140,900
2025-12-07T05:30:00+00:00,0.064460,900
2025-12-07T05:45:00+00:00,0.064810,900
2025-12-07T06:00:00+00:00,0.071230,900
2025-12-07T06:15:00+00:00,0.065210,900
2025-12-07T06:30:00+00:00,0.072590,900
2025-12-07T06:45:00+00:00,0.099000,900
2025-12-07T07:00:00+00:00,0.070080,900
2025-12-07T07:15:00+00:00,0.072740,900
2025-12-07T07:30:00+00:00,0.090970,900
2025-12-07T07:45:00+00:00,0.086580,900
2025-12-07T08:00:00+00:00,0.085010,900
2025-12-07T08:15:00+00:00,0.089350,900
2025-12-07T08:30:00+00:00,0.084990,900
2025-12-07T08:45:00+00:00,0.082870,900
2025-12-07T09:00:00+00:00,0.086400,900
2025-12-07T09:15:00+00:00,0.084000,900
2025-12-07T09:30:00+00:00,0.080130,900
2025-12-07T09:45:00+00:00,0.080330,900
2025-12-07T10:00:00+00:00,0.086880,900
2025-12-07T10:15:00+00:00,0.084800,900
2025-12-07T10:30:00+00:00,0.089750,900
2025-12-07T10:45:00+00:00,0.092190,900
2025-12-07T11:00:00+00:00,0.086800,900
2025-12-07T11:15:00+00:00,0.085600,900
2025-12-07T11:30:00+00:00,0.088310,900
2025-12-07T11:45:00+00:00,0.087690,900
2025-12-07T12:00:00+00:00,0.086490,900
2025-12-07T12:15:00+00:00,0.085840,900
2025-12-07T12:30:00+00:00,0.087520,900
2025-12-07T12:45:00+00:00,0.091890,900
2025-12-07T13:00:00+00:00,0.090830,900
2025-12-07T13:15:00+00:00,0.092630,900
2025-12-07T13:30:00+00:00,0.091050,900
2025-12-07T13:45:00+00:00,0.095210,900
2025-12-07T14:00:00+00:00,0.089960,900
2025-12-07T14:15:00+00:00,0.092270,900
2025-12-07T14:30:00+00:00,0.093310,900
2025-12-07T14:45:00+00:00,0.095350,900
2025-12-07T15:00:00+00:00,0.092570,900
2025-12-07T15:15:00+00:00,0.093890,900
2025-12-07T15:30:00+00:00,0.097130,900
2025-12-07T15:45:00+00:00,0.104560,900
2025-12-07T16:00:00+00:00,0.108710,900
2025-12-07T16:15:00+00:00,0.108410,900
2025-12-07T16:30:00+00:00,0.103210,900
2025-12-07T16:45:00+00:00,0.099140,900
2025-12-07T17:00:00+00:00,0.096610,900
2025-12-07T17:15:00+00:00,0.088640,900
2025-12-07T17:30:00+00:00,0.088510,900
2025-12-07T17:45:00+00:00,0.081030,900
2025-12-07T18:00:00+00:00,0.089780,900
2025-12-07T18:15:00+00:00,0.078100,900
2025-12-07T18:30:00+00:00,0.080880,900
2025-12-07T18:45:00+00:00,0.074430,900
2025-12-07T19:00:00+00:00,0.075820,900
2025-12-07T19:15:00+00:00,0.083790,900
2025-12-07T19:30:00+00:00,0.074210,900
2025-12-07T19:45:00+00:00,0.065730,900
2025-12-07T20:00:00+00:00,0.079650,900
2025-12-07T20:15:00+00:00,0.068780,900
2025-12-07T20:30:00+00:00,0.066340,900
2025-12-07T20:45:00+00:00,0.048330,900
2025-12-07T21:00:00+00:00,0.070260,900
2025-12-07T21:15:00+00:00,0.059070,900
2025-12-07T21:30:00+00:00,0.056760,900
2025-12-07T21:45:00+00:00,0.050960,900
2025-12-07T22:00:00+00:00,0.050930,900
2025-12-07T22:15:00+00:00,0.042310,900
2025-12-07T22:30:00+00:00,0.035160,900
2025-12-07T22:45:00+00:00,0.021730,900
2025-12-07T23:00:00+00:00,0.017440,900
2025-12-07T23:15:00+00:00,0.022520,900
2025-12-07T23:30:00+00:00,0.016270,900
2025-12-07T23:45:00+00:00,0.007780,900
2025-12-08T00:00:00+00:00,0.011590,900
2025-12-08T00:15:00+00:00,0.011790,900
2025-12-08T00:30:00+00:00,0.007780,900
2025-12-08T00:45:00+00:00,0.004930,900
2025-12-08T01:00:00+00:00,0.013410,900
2025-12-08T01:15:00+00:00,0.010960,900
2025-12-08T01:30:00+00:00,0.008930,900
2025-12-08T01:45:00+00:00,0.008030,900
2025-12-08T02:00:00+00:00,0.005900,900
2025-12-08T02:15:00+00:00,0.005530,900
2025-12-08T02:30:00+00:00,0.005390,900
2025-12-08T02:45:00+00:00,0.005460,900
2025-12-08T03:00:00+00:00,0.005050,900
2025-12-08T03:15:00+00:00,0.006700,900
2025-12-08T03:30:00+00:00,0.011000,900
2025-12-08T03:45:00+00:00,0.020490,900
2025-12-08T04:00:00+00:00,0.011090,900
2025-12-08T04:15:00+00:00,0.014310,900
2025-12-08T04:30:00+00:00,0.030120,900
2025-12-08T04:45:00+00:00,0.044490,900
2025-12-08T05:00:00+00:00,0.033050,900
2025-12-08T05:15:00+00:00,0.063300,900
2025-12-08T05:30:00+00:00,0.063950,900
2025-12-08T05:45:00+00:00,0.079690,900
2025-12-08T06:00:00+00:00,0.064170,900
2025-12-08T06:15:00+00:00,0.079360,900
2025-12-08T06:30:00+00:00,0.082570,900
2025-12-08T06:45:00+00:00,0.084610,900
2025-12-08T07:00:00+00:00,0.088830,900
2025-12-08T07:15:00+00:00,0.090720,900
2025-12-08T07:30:00+00:00,0.094930,900
2025-12-08T07:45:00+00:00,0.089290,900
2025-12-08T08:00:00+00:00,0.100600,900
2025-12-08T08:15:00+00:00,0.096040,900
2025-12-08T08:30:00+00:00,0.088870,900
2025-12-08T08:45:00+00:00,0.080000,900
2025-12-08T09:00:00+00:00,0.095350,900
2025-12-08T09:15:00+00:00,0.083500,900
2025-12-08T09:30:00+00:00,0.082160,900
2025-12-08T09:45:00+00:00,0.079070,900
2025-12-08T10:00:00+00:00,0.080100,900
2025-12-08T10:15:00+00:00,0.077980,900
2025-12-08T10:30:00+00:00,0.073710,900
2025-12-08T10:45:00+00:00,0.074420,900
2025-12-08T11:00:00+00:00,0.071410,900
2025-12-08T11:15:00+00:00,0.070690,900
2025-12-08T11:30:00+00:00,0.072040,900
2025-12-08T11:45:00+00:00,0.076270,900
2025-12-08T12:00:00+00:00,0.075300,900
2025-12-08T12:15:00+00:00,0.078700,900
2025-12-08T12:30:00+00:00,0.077790,900
2025-12-08T12:45:00+00:00,0.075180,900
2025-12-08T13:00:00+00:00,0.070100,900
2025-12-08T13:15:00+00:00,0.078820,900
2025-12-08T13:30:00+00:00,0.086690,900
2025-12-08T13:45:00+00:00,0.085660,900
2025-12-08T14:00:00+00:00,0.092950,900
2025-12-08T14:15:00+00:00,0.086080,900
2025-12-08T14:30:00+00:00,0.090860,900
2025-12-08T14:45:00+00:00,0.093100,900
2025-12-08T15:00:00+00:00,0.081010,900
2025-12-08T15:15:00+00:00,0.086170,900
2025-12-08T15:30:00+00:00,0.092970,900
2025-12-08T15:45:00+00:00,0.096480,900
2025-12-08T16:00:00+00:00,0.098940,900
2025-12-08T16:15:00+00:00,0.102170,900
2025-12-08T16:30:00+00:00,0.103470,900
2025-12-08T16:45:00+00:00,0.105730,900
2025-12-08T17:00:00+00:00,0.099880,900
2025-12-08T17:15:00+00:00,0.094860,900
2025-12-08T17:30:00+00:00,0.100100,900
2025-12-08T17:45:00+00:00,0.095920,900
2025-12-08T18:00:00+00:00,0.098610,900
2025-12-08T18:15:00+00:00,0.095160,900
2025-12-08T18:30:00+00:00,0.093940,900
2025-12-08T18:45:00+00:00,0.092290,900
2025-12-08T19:00:00+00:00,0.096450,900
2025-12-08T19:15:00+00:00,0.091740,900
2025-12-08T19:30:00+00:00,0.081530,900
2025-12-08T19:45:00+00:00,0.072250,900
2025-12-08T20:00:00+00:00,0.085440,900
2025-12-08T20:15:00+00:00,0.084870,900
2025-12-08T20:30:00+00:00,0.078770,900
2025-12-08T20:45:00+00:00,0.067120,900
2025-12-08T21:00:00+00:00,0.089700,900
2025-12-08T21:15:00+00:00,0.082840,900
2025-12-08T21:30:00+00:00,0.073710,900
2025-12-08T21:45:00+00:00,0.063880,900
2025-12-08T22:00:00+00:00,0.080860,900
2025-12-08T22:15:00+00:00,0.070220,900
2025-12-08T22:30:00+00:00,0.069620,900
2025-12-08T22:45:00+00:00,0.060820,900
2025-12-08T23:00:00+00:00,0.073690,900
2025-12-08T23:15:00+00:00,0.068000,900
2025-12-08T23:30:00+00:00,0.065970,900
2025-12-08T23:45:00+00:00,0.065590,900
2025-12-09T00:00:00+00:00,0.067660,900
2025-12-09T00:15:00+00:00,0.066950,900
2025-12-09T00:30:00+00:00,0.069100,900
2025-12-09T00:45:00+00:00,0.068310,900
2025-12-09T01:00:00+00:00,0.065750,900
2025-12-09T01:15:00+00:00,0.066030,900
2025-12-09T01:30:00+00:00,0.067690,900
2025-12-09T01:45:00+00:00,0.074700,900
2025-12-09T02:00:00+00:00,0.066370,900
2025-12-09T02:15:00+00:00,0.066600,900
2025-12-09T02:30:00+00:00,0.069280,900
2025-12-09T02:45:00+00:00,0.070520,900
2025-12-09T03:00:00+00:00,0.061830,900
2025-12-09T03:15:00+00:00,0.064350,900
2025-12-09T03:30:00+00:00,0.067610,900
2025-12-09T03:45:00+00:00,0.069560,900
2025-12-09T04:00:00+00:00,0.057280,900
2025-12-09T04:15:00+00:00,0.061610,900
2025-12-09T04:30:00+00:00,0.074040,900
2025-12-09T04:45:00+00:00,0.093400,900
2025-12-09T05:00:00+00:00,0.065380,900
2025-12-09T05:15:00+00:00,0.086000,900
2025-12-09T05:30:00+00:00,0.099990,900
2025-12-09T05:45:00+00:00,0.099040,900
2025-12-09T06:00:00+00:00,0.087260,900
2025-12-09T06:15:00+00:00,0.091350,900
2025-12-09T06:30:00+00:00,0.099160,900
2025-12-09T06:45:00+00:00,0.108330,900
2025-12-09T07:00:00+00:00,0.113300,900
2025-12-09T07:15:00+00:00,0.117270,900
2025-12-09T07:30:00+00:00,0.123560,900
2025-12-09T07:45:00+00:00,0.114350,900
2025-12-09T08:00:00+00:00,0.120720,900
2025-12-09T08:15:00+00:00,0.105530,900
2025-12-09T08:30:00+00:00,0.101090,900
2025-12-09T08:45:00+00:00,0.091330,900
2025-12-09T09:00:00+00:00,0.099960,900
2025-12-09T09:15:00+00:00,0.094910,900
2025-12-09T09:30:00+00:00,0.092940,900
2025-12-09T09:45:00+00:00,0.088400,900
2025-12-09T10:00:00+00:00,0.094280,900
2025-12-09T10:15:00+00:00,0.092120,900
2025-12-09T10:30:00+00:00,0.090800,900
2025-12-09T10:45:00+00:00,0.088390,900
2025-12-09T11:00:00+00:00,0.087510,900
2025-12-09T11:15:00+00:00,0.084430,900
2025-12-09T11:30:00+00:00,0.086710,900
2025-12-09T11:45:00+00:00,0.087340,900
2025-12-09T12:00:00+00:00,0.088010,900
2025-12-09T12:15:00+00:00,0.088530,900
2025-12-09T12:30:00+00:00,0.089030,900
2025-12-09T12:45:00+00:00,0.090650,900
2025-12-09T13:00:00+00:00,0.081400,900
2025-12-09T13:15:00+00:00,0.086890,900
2025-12-09T13:30:00+00:00,0.090940,900
2025-12-09T13:45:00+00:00,0.092810,900
2025-12-09T14:00:00+00:00,0.089640,900
2025-12-09T14:15:00+00:00,0.092750,900
2025-12-09T14:30:00+00:00,0.102950,900
2025-12-09T14:45:00+00:00,0.102380,900
2025-12-09T15:00:00+00:00,0.090600,900
2025-12-09T15:15:00+00:00,0.092030,900
2025-12-09T15:30:00+00:00,0.094680,900
2025-12-09T15:45:00+00:00,0.097600,900
2025-12-09T16:00:00+00:00,0.097010,900
2025-12-09T16:15:00+00:00,0.098170,900
2025-12-09T16:30:00+00:00,0.100130,900
2025-12-09T16:45:00+00:00,0.095360,900
2025-12-09T17:00:00+00:00,0.095720,900
2025-12-09T17:15:00+00:00,0.090140,900
2025-12-09T17:30:00+00:00,0.088060,900
2025-12-09T17:45:00+00:00,0.082500,900
2025-12-09T18:00:00+00:00,0.088020,900
2025-12-09T18:15:00+00:00,0.083340,900
2025-12-09T18:30:00+00:00,0.078100,900
2025-12-09T18:45:00+00:00,0.074540,900
2025-12-09T19:00:00+00:00,0.091380,900
2025-12-09T19:15:00+00:00,0.078590,900
2025-12-09T19:30:00+00:00,0.073050,900
2025-12-09T19:45:00+00:00,0.070260,900
2025-12-09T20:00:00+00:00,0.081120,900
2025-12-09T20:15:00+00:00,0.071870,900
2025-12-09T20:30:00+00:00,0.065290,900
2025-12-09T20:45:00+00:00,0.058810,900
2025-12-09T21:00:00+00:00,0.071490,900
2025-12-09T21:15:00+00:00,0.067270,900
2025-12-09T21:30:00+00:00,0.062120,900
2025-12-09T21:45:00+00:00,0.057290,900
2025-12-09T22:00:00+00:00,0.056860,900
2025-12-09T22:15:00+00:00,0.051420,900
2025-12-09T22:30:00+00:00,0.045230,900
2025-12-09T22:45:00+00:00,0.039340,900
2025-12-09T23:00:00+00:00,0.051400,900
2025-12-09T23:15:00+00:00,0.046640,900
2025-12-09T23:30:00+00:00,0.036970,900
2025-12-09T23:45:00+00:00,0.026560,900
2025-12-10T00:00:00+00:00,0.038080,900
2025-12-10T00:15:00+00:00,0.033270,900
2025-12-10T00:30:00+00:00,0.032200,900
2025-12-10T00:45:00+00:00,0.028020,900
2025-12-10T01:00:00+00:00,0.030770,900
2025-12-10T01:15:00+00:00,0.027450,900
2025-12-10T01:30:00+00:00,0.027030,900
2025-12-10T01:45:00+00:00,0.023790,900
2025-12-10T02:00:00+00:00,0.034970,900
2025-12-10T02:15:00+00:00,0.032270,900
2025-12-10T02:30:00+00:00,0.025890,900
2025-12-10T02:45:00+00:00,0.028070,900
2025-12-10T03:00:00+00:00,0.026860,900
2025-12-10T03:15:00+00:00,0.036630,900
2025-12-10T03:30:00+00:00,0.046080,900
2025-12-10T03:45:00+00:00,0.060790,900
2025-12-10T04:00:00+00:00,0.046770,900
2025-12-10T04:15:00+00:00,0.056240,900
2025-12-10T04:30:00+00:00,0.060460,900
2025-12-10T04:45:00+00:00,0.081500,900
2025-12-10T05:00:00+00:00,0.040940,900
2025-12-10T05:15:00+00:00,0.062390,900
2025-12-10T05:30:00+00:00,0.085610,900
2025-12-10T05:45:00+00:00,0.106110,900
2025-12-10T06:00:00+00:00,0.079900,900
2025-12-10T06:15:00+00:00,0.088810,900
2025-12-10T06:30:00+00:00,0.091190,900
2025-12-10T06:45:00+00:00,0.085430,900
2025-12-10T07:00:00+00:00,0.090400,900
2025-12-10T07:15:00+00:00,0.100950,900
2025-12-10T07:30:00+00:00,0.096120,900
2025-12-10T07:45:00+00:00,0.086410,900
2025-12-10T08:00:00+00:00,0.105490,900
2025-12-10T08:15:00+00:00,0.095840,900
2025-12-10T08:30:00+00:00,0.089760,900
2025-12-10T08:45:00+00:00,0.081000,900
2025-12-10T09:00:00+00:00,0.101490,900
2025-12-10T09:15:00+00:00,0.086260,900
2025-12-10T09:30:00+00:00,0.080010,900
2025-12-10T09:45:00+00:00,0.074960,900
2025-12-10T10:00:00+00:00,0.083500,900
2025-12-10T10:15:00+00:00,0.080120,900
2025-12-10T10:30:00+00:00,0.078460,900
2025-12-10T10:45:00+00:00,0.079790,900
2025-12-10T11:00:00+00:00,0.080140,900
2025-12-10T11:15:00+00:00,0.075320,900
2025-12-10T11:30:00+00:00,0.080900,900
2025-12-10T11:45:00+00:00,0.080980,900
2025-12-10T12:00:00+00:00,0.079320,900
2025-12-10T12:15:00+00:00,0.079250,900
2025-12-10T12:30:00+00:00,0.078310,900
2025-12-10T12:45:00+00:00,0.080720,900
2025-12-10T13:00:00+00:00,0.077810,900
2025-12-10T13:15:00+00:00,0.084160,900
2025-12-10T13:30:00+00:00,0.088390,900
2025-12-10T13:45:00+00:00,0.093640,900
2025-12-10T14:00:00+00:00,0.080000,900
2025-12-10T14:15:00+00:00,0.082070,900
2025-12-10T14:30:00+00:00,0.095930,900
2025-12-10T14:45:00+00:00,0.097600,900
2025-12-10T15:00:00+00:00,0.083250,900
2025-12-10T15:15:00+00:00,0.095300,900
2025-12-10T15:30:00+00:00,0.097280,900
2025-12-10T15:45:00+00:00,0.104150,900
2025-12-10T16:00:00+00:00,0.104690,900
2025-12-10T16:15:00+00:00,0.102260,900
2025-12-10T16:30:00+00:00,0.102630,900
2025-12-10T16:45:00+00:00,0.105460,900
2025-12-10T17:00:00+00:00,0.103180,900
2025-12-10T17:15:00+00:00,0.103120,900
2025-12-10T17:30:00+00:00,0.103540,900
2025-12-10T17:45:00+00:00,0.103900,900
2025-12-10T18:00:00+00:00,0.103860,900
2025-12-10T18:15:00+00:00,0.097520,900
2025-12-10T18:30:00+00:00,0.099180,900
2025-12-10T18:45:00+00:00,0.081680,900
2025-12-10T19:00:00+00:00,0.094090,900
2025-12-10T19:15:00+00:00,0.082050,900
2025-12-10T19:30:00+00:00,0.081390,900
2025-12-10T19:45:00+00:00,0.089710,900
2025-12-10T20:00:00+00:00,0.092670,900
2025-12-10T20:15:00+00:00,0.083030,900
2025-12-10T20:30:00+00:00,0.081950,900
2025-12-10T20:45:00+00:00,0.079550,900
2025-12-10T21:00:00+00:00,0.083400,900
2025-12-10T21:15:00+00:00,0.079020,900
2025-12-10T21:30:00+00:00,0.082730,900
2025-12-10T21:45:00+00:00,0.079450,900
2025-12-10T22:00:00+00:00,0.073850,900
2025-12-10T22:15:00+00:00,0.078910,900
2025-12-10T22:30:00+00:00,0.077810,900
2025-12-10T22:45:00+00:00,0.071320,900
2025-12-10T23:00:00+00:00,0.080000,900
2025-12-10T23:15:00+00:00,0.070730,900
2025-12-10T23:30:00+00:00,0.069010,900
2025-12-10T23:45:00+00:00,0.067170,900
2025-12-11T00:00:00+00:00,0.078160,900
2025-12-11T00:15:00+00:00,0.070320,900
2025-12-11T00:30:00+00:00,0.069450,900
2025-12-11T00:45:00+00:00,0.066640,900
2025-12-11T01:00:00+00:00,0.069290,900
2025-12-11T01:15:00+00:00,0.067870,900
2025-12-11T01:30:00+00:00,0.071850,900
2025-12-11T01:45:00+00:00,0.070520,900
2025-12-11T02:00:00+00:00,0.072050,900
2025-12-11T02:15:00+00:00,0.069970,900
2025-12-11T02:30:00+00:00,0.070660,900
2025-12-11T02:45:00+00:00,0.073910,900
2025-12-11T03:00:00+00:00,0.067970,900
2025-12-11T03:15:00+00:00,0.069860,900
2025-12-11T03:30:00+00:00,0.074520,900
2025-12-11T03:45:00+00:00,0.077780,900
2025-12-11T04:00:00+00:00,0.075900,900
2025-12-11T04:15:00+00:00,0.076210,900
2025-12-11T04:30:00+00:00,0.074940,900
2025-12-11T04:45:00+00:00,0.080700,900
2025-12-11T05:00:00+00:00,0.073840,900
2025-12-11T05:15:00+00:00,0.082850,900
2025-12-11T05:30:00+00:00,0.082850,900
2025-12-11T05:45:00+00:00,0.096700,900
2025-12-11T06:00:00+00:00,0.088730,900
2025-12-11T06:15:00+00:00,0.093930,900
2025-12-11T06:30:00+00:00,0.100920,900
2025-12-11T06:45:00+00:00,0.102000,900
2025-12-11T07:00:00+00:00,0.101700,900
2025-12-11T07:15:00+00:00,0.111590,900
2025-12-11T07:30:00+00:00,0.111300,900
2025-12-11T07:45:00+00:00,0.107030,900
2025-12-11T08:00:00+00:00,0.116720,900
2025-12-11T08:15:00+00:00,0.108840,900
2025-12-11T08:30:00+00:00,0.101940,900
2025-12-11T08:45:00+00:00,0.087610,900
2025-12-11T09:00:00+00:00,0.104050,900
2025-12-11T09:15:00+00:00,0.091550,900
2025-12-11T09:30:00+00:00,0.083970,900
2025-12-11T09:45:00+00:00,0.082700,900
2025-12-11T10:00:00+00:00,0.093260,900
2025-12-11T10:15:00+00:00,0.091020,900
2025-12-11T10:30:00+00:00,0.086630,900
2025-12-11T10:45:00+00:00,0.082770,900
2025-12-11T11:00:00+00:00,0.088820,900
2025-12-11T11:15:00+00:00,0.084200,900
2025-12-11T11:30:00+00:00,0.086130,900
2025-12-11T11:45:00+00:00,0.086730,900
2025-12-11T12:00:00+00:00,0.082500,900
2025-12-11T12:15:00+00:00,0.083770,900
2025-12-11T12:30:00+00:00,0.089150,900
2025-12-11T12:45:00+00:00,0.093040,900
2025-12-11T13:00:00+00:00,0.081870,900
2025-12-11T13:15:00+00:00,0.090260,900
2025-12-11T13:30:00+00:00,0.095840,900
2025-12-11T13:45:00+00:00,0.107370,900
2025-12-11T14:00:00+00:00,0.094050,900
2025-12-11T14:15:00+00:00,0.100850,900
2025-12-11T14:30:00+00:00,0.109900,900
2025-12-11T14:45:00+00:00,0.119170,900
2025-12-11T15:00:00+00:00,0.103740,900
2025-12-11T15:15:00+00:00,0.105100,900
2025-12-11T15:30:00+00:00,0.113110,900
2025-12-11T15:45:00+00:00,0.117030,900
2025-12-11T16:00:00+00:00,0.106630,900
2025-12-11T16:15:00+00:00,0.112620,900
2025-12-11T16:30:00+00:00,0.115270,900
2025-12-11T16:45:00+00:00,0.114500,900
2025-12-11T17:00:00+00:00,0.113140,900
2025-12-11T17:15:00+00:00,0.110480,900
2025-12-11T17:30:00+00:00,0.109940,900
2025-12-11T17:45:00+00:00,0.109500,900
2025-12-11T18:00:00+00:00,0.107190,900
2025-12-11T18:15:00+00:00,0.104700,900
2025-12-11T18:30:00+00:00,0.107140,900
2025-12-11T18:45:00+00:00,0.104820,900
2025-12-11T19:00:00+00:00,0.110540,900
2025-12-11T19:15:00+00:00,0.100340,900
2025-12-11T19:30:00+00:00,0.096200,900
2025-12-11T19:45:00+00:00,0.095010,900
2025-12-11T20:00:00+00:00,0.099590,900
2025-12-11T20:15:00+00:00,0.091420,900
2025-12-11T20:30:00+00:00,0.090150,900
2025-12-11T20:45:00+00:00,0.080600,900
2025-12-11T21:00:00+00:00,0.095310,900
2025-12-11T21:15:00+00:00,0.088870,900
2025-12-11T21:30:00+00:00,0.092130,900
2025-12-11T21:45:00+00:00,0.089300,900
2025-12-11T22:00:00+00:00,0.089840,900
2025-12-11T22:15:00+00:00,0.086400,900
2025-12-11T22:30:00+00:00,0.087150,900
2025-12-11T22:45:00+00:00,0.087590,900
2025-12-11T23:00:00+00:00,0.087280,900
2025-12-11T23:15:00+00:00,0.085730,900
2025-12-11T23:30:00+00:00,0.076730,900
2025-12-11T23:45:00+00:00,0.077960,900
2025-12-12T00:00:00+00:00,0.083260,900
2025-12-12T00:15:00+00:00,0.081900,900
2025-12-12T00:30:00+00:00,0.087000,900
2025-12-12T00:45:00+00:00,0.084310,900
2025-12-12T01:00:00+00:00,0.086350,900
2025-12-12T01:15:00+00:00,0.082710,900
2025-12-12T01:30:00+00:00,0.085310,900
2025-12-12T01:45:00+00:00,0.084450,900
2025-12-12T02:00:00+00:00,0.087290,900
2025-12-12T02:15:00+00:00,0.084530,900
2025-12-12T02:30:00+00:00,0.085220,900
2025-12-12T02:45:00+00:00,0.083780,900
2025-12-12T03:00:00+00:00,0.083060,900
2025-12-12T03:15:00+00:00,0.083500,900
2025-12-12T03:30:00+00:00,0.082870,900
2025-12-12T03:45:00+00:00,0.081890,900
2025-12-12T04:00:00+00:00,0.076670,900
2025-12-12T04:15:00+00:00,0.081320,900
2025-12-12T04:30:00+00:00,0.085010,900
2025-12-12T04:45:00+00:00,0.090770,900
2025-12-12T05:00:00+00:00,0.073350,900
2025-12-12T05:15:00+00:00,0.083930,900
2025-12-12T05:30:00+00:00,0.093650,900
2025-12-12T05:45:00+00:00,0.099060,900
2025-12-12T06:00:00+00:00,0.103000,900
2025-12-12T06:15:00+00:00,0.119230,900
2025-12-12T06:30:00+00:00,0.118020,900
2025-12-12T06:45:00+00:00,0.123800,900
2025-12-12T07:00:00+00:00,0.126570,900
2025-12-12T07:15:00+00:00,0.130710,900
2025-12-12T07:30:00+00:00,0.130200,900
2025-12-12T07:45:00+00:00,0.122840,900
2025-12-12T08:00:00+00:00,0.132200,900
2025-12-12T08:15:00+00:00,0.125250,900
2025-12-12T08:30:00+00:00,0.121010,900
2025-12-12T08:45:00+00:00,0.118360,900
2025-12-12T09:00:00+00:00,0.126380,900
2025-12-12T09:15:00+00:00,0.123150,900
2025-12-12T09:30:00+00:00,0.113110,900
2025-12-12T09:45:00+00:00,0.108820,900
2025-12-12T10:00:00+00:00,0.117280,900
2025-12-12T10:15:00+00:00,0.114000,900
2025-12-12T10:30:00+00:00,0.112900,900
2025-12-12T10:45:00+00:00,0.109330,900
2025-12-12T11:00:00+00:00,0.108180,900
2025-12-12T11:15:00+00:00,0.108250,900
2025-12-12T11:30:00+00:00,0.109380,900
2025-12-12T11:45:00+00:00,0.110140,900
2025-12-12T12:00:00+00:00,0.110310,900
2025-12-12T12:15:00+00:00,0.109490,900
2025-12-12T12:30:00+00:00,0.111930,900
2025-12-12T12:45:00+00:00,0.116980,900
2025-12-12T13:00:00+00:00,0.106720,900
2025-12-12T13:15:00+00:00,0.114970,900
2025-12-12T13:30:00+00:00,0.124440,900
2025-12-12T13:45:00+00:00,0.130000,900
2025-12-12T14:00:00+00:00,0.114740,900
2025-12-12T14:15:00+00:00,0.120760,900
2025-12-12T14:30:00+00:00,0.128100,900
2025-12-12T14:45:00+00:00,0.136020,900
2025-12-12T15:00:00+00:00,0.125670,900
2025-12-12T15:15:00+00:00,0.132040,900
2025-12-12T15:30:00+00:00,0.140050,900
2025-12-12T15:45:00+00:00,0.152000,900
2025-12-12T16:00:00+00:00,0.146570,900
2025-12-12T16:15:00+00:00,0.149120,900
2025-12-12T16:30:00+00:00,0.142800,900
2025-12-12T16:45:00+00:00,0.138930,900
2025-12-12T17:00:00+00:00,0.136750,900
2025-12-12T17:15:00+00:00,0.131400,900
2025-12-12T17:30:00+00:00,0.127800,900
2025-12-12T17:45:00+00:00,0.119520,900
2025-12-12T18:00:00+00:00,0.126660,900
2025-12-12T18:15:00+00:00,0.119580,900
2025-12-12T18:30:00+00:00,0.108460,900
2025-12-12T18:45:00+00:00,0.082070,900
2025-12-12T19:00:00+00:00,0.120090,900
2025-12-12T19:15:00+00:00,0.110830,900
2025-12-12T19:30:00+00:00,0.091700,900
2025-12-12T19:45:00+00:00,0.083370,900
2025-12-12T20:00:00+00:00,0.097500,900
2025-12-12T20:15:00+00:00,0.095840,900
2025-12-12T20:30:00+00:00,0.092630,900
2025-12-12T20:45:00+00:00,0.090030,900
2025-12-12T21:00:00+00:00,0.091860,900
2025-12-12T21:15:00+00:00,0.090950,900
2025-12-12T21:30:00+00:00,0.089950,900
2025-12-12T21:45:00+00:00,0.085350,900
2025-12-12T22:00:00+00:00,0.100120,900
2025-12-12T22:15:00+00:00,0.091120,900
2025-12-12T22:30:00+00:00,0.087440,900
2025-12-12T22:45:00+00:00,0.080970,900
2025-12-12T23:00:00+00:00,0.087890,900
2025-12-12T23:15:00+00:00,0.085300,900
2025-12-12T23:30:00+00:00,0.088550,900
2025-12-12T23:45:00+00:00,0.082110,900
2025-12-13T00:00:00+00:00,0.097620,900
2025-12-13T00:15:00+00:00,0.090980,900
2025-12-13T00:30:00+00:00,0.085740,900
2025-12-13T00:45:00+00:00,0.080610,900
2025-12-13T01:00:00+00:00,0.089690,900
2025-12-13T01:15:00+00:00,0.083360,900
2025-12-13T01:30:00+00:00,0.085180,900
2025-12-13T01:45:00+00:00,0.082170,900
2025-12-13T02:00:00+00:00,0.088430,900
2025-12-13T02:15:00+00:00,0.082100,900
2025-12-13T02:30:00+00:00,0.080350,900
2025-12-13T02:45:00+00:00,0.078450,900
2025-12-13T03:00:00+00:00,0.080410,900
2025-12-13T03:15:00+00:00,0.077790,900
2025-12-13T03:30:00+00:00,0.080000,900
2025-12-13T03:45:00+00:00,0.080990,900
2025-12-13T04:00:00+00:00,0.081830,900
2025-12-13T04:15:00+00:00,0.081090,900
2025-12-13T04:30:00+00:00,0.080430,900
2025-12-13T04:45:00+00:00,0.082480,900
2025-12-13T05:00:00+00:00,0.080100,900
2025-12-13T05:15:00+00:00,0.074480,900
2025-12-13T05:30:00+00:00,0.076460,900
2025-12-13T05:45:00+00:00,0.077550,900
2025-12-13T06:00:00+00:00,0.072740,900
2025-12-13T06:15:00+00:00,0.074630,900
2025-12-13T06:30:00+00:00,0.083570,900
2025-12-13T06:45:00+00:00,0.086560,900
2025-12-13T07:00:00+00:00,0.084800,900
2025-12-13T07:15:00+00:00,0.089630,900
2025-12-13T07:30:00+00:00,0.097330,900
2025-12-13T07:45:00+00:00,0.104200,900
2025-12-13T08:00:00+00:00,0.104750,900
2025-12-13T08:15:00+00:00,0.103870,900
2025-12-13T08:30:00+00:00,0.103430,900
2025-12-13T08:45:00+00:00,0.100130,900
2025-12-13T09:00:00+00:00,0.104070,900
2025-12-13T09:15:00+00:00,0.100940,900
2025-12-13T09:30:00+00:00,0.096770,900
2025-12-13T09:45:00+00:00,0.091570,900
2025-12-13T10:00:00+00:00,0.098100,900
2025-12-13T10:15:00+00:00,0.096220,900
2025-12-13T10:30:00+00:00,0.093550,900
2025-12-13T10:45:00+00:00,0.086930,900
2025-12-13T11:00:00+00:00,0.095050,900
2025-12-13T11:15:00+00:00,0.089850,900
2025-12-13T11:30:00+00:00,0.089500,900
2025-12-13T11:45:00+00:00,0.086630,900
2025-12-13T12:00:00+00:00,0.090450,900
2025-12-13T12:15:00+00:00,0.087940,900
2025-12-13T12:30:00+00:00,0.087660,900
2025-12-13T12:45:00+00:00,0.088730,900
2025-12-13T13:00:00+00:00,0.081860,900
2025-12-13T13:15:00+00:00,0.084490,900
2025-12-13T13:30:00+00:00,0.094930,900
2025-12-13T13:45:00+00:00,0.102820,900
2025-12-13T14:00:00+00:00,0.096730,900
2025-12-13T14:15:00+00:00,0.108810,900
2025-12-13T14:30:00+00:00,0.112240,900
2025-12-13T14:45:00+00:00,0.114200,900
2025-12-13T15:00:00+00:00,0.107930,900
2025-12-13T15:15:00+00:00,0.111690,900
2025-12-13T15:30:00+00:00,0.116040,900
2025-12-13T15:45:00+00:00,0.119780,900
2025-12-13T16:00:00+00:00,0.114470,900
2025-12-13T16:15:00+00:00,0.116280,900
2025-12-13T16:30:00+00:00,0.115600,900
2025-12-13T16:45:00+00:00,0.111770,900
2025-12-13T17:00:00+00:00,0.115000,900
2025-12-13T17:15:00+00:00,0.112680,900
2025-12-13T17:30:00+00:00,0.108990,900
2025-12-13T17:45:00+00:00,0.097790,900
2025-12-13T18:00:00+00:00,0.113480,900
2025-12-13T18:15:00+00:00,0.104350,900
2025-12-13T18:30:00+00:00,0.096550,900
2025-12-13T18:45:00+00:00,0.091050,900
2025-12-13T19:00:00+00:00,0.097270,900
2025-12-13T19:15:00+00:00,0.091510,900
2025-12-13T19:30:00+00:00,0.085040,900
2025-12-13T19:45:00+00:00,0.085010,900
2025-12-13T20:00:00+00:00,0.091040,900
2025-12-13T20:15:00+00:00,0.090520,900
2025-12-13T20:30:00+00:00,0.085490,900
2025-12-13T20:45:00+00:00,0.083950,900
2025-12-13T21:00:00+00:00,0.088290,900
2025-12-13T21:15:00+00:00,0.092070,900
2025-12-13T21:30:00+00:00,0.087140,900
2025-12-13T21:45:00+00:00,0.081800,900
2025-12-13T22:00:00+00:00,0.090880,900
2025-12-13T22:15:00+00:00,0.085660,900
2025-12-13T22:30:00+00:00,0.076420,900
2025-12-13T22:45:00+00:00,0.067040,900
2025-12-13T23:00:00+00:00,0.097500,900
2025-12-13T23:15:00+00:00,0.091920,900
2025-12-13T23:30:00+00:00,0.085500,900
2025-12-13T23:45:00+00:00,0.082740,900
2025-12-14T00:00:00+00:00,0.096890,900
2025-12-14T00:15:00+00:00,0.092340,900
2025-12-14T00:30:00+00:00,0.083750,900
2025-12-14T00:45:00+00:00,0.079320,900
2025-12-14T01:00:00+00:00,0.086900,900
2025-12-14T01:15:00+00:00,0.080390,900
2025-12-14T01:30:00+00:00,0.077130,900
2025-12-14T01:45:00+00:00,0.074730,900
2025-12-14T02:00:00+00:00,0.077380,900
2025-12-14T02:15:00+00:00,0.079350,900
2025-12-14T02:30:00+00:00,0.078730,900
2025-12-14T02:45:00+00:00,0.075170,900
2025-12-14T03:00:00+00:00,0.075690,900
2025-12-14T03:15:00+00:00,0.073400,900
2025-12-14T03:30:00+00:00,0.074040,900
2025-12-14T03:45:00+00:00,0.072470,900
2025-12-14T04:00:00+00:00,0.078300,900
2025-12-14T04:15:00+00:00,0.074940,900
2025-12-14T04:30:00+00:00,0.074130,900
2025-12-14T04:45:00+00:00,0.071910,900
2025-12-14T05:00:00+00:00,0.073790,900
2025-12-14T05:15:00+00:00,0.072760,900
2025-12-14T05:30:00+00:00,0.073190,900
2025-12-14T05:45:00+00:00,0.073810,900
2025-12-14T06:00:00+00:00,0.077020,900
2025-12-14T06:15:00+00:00,0.072470,900
2025-12-14T06:30:00+00:00,0.074230,900
2025-12-14T06:45:00+00:00,0.073080,900
2025-12-14T07:00:00+00:00,0.075420,900
2025-12-14T07:15:00+00:00,0.079880,900
2025-12-14T07:30:00+00:00,0.079760,900
2025-12-14T07:45:00+00:00,0.081670,900
2025-12-14T08:00:00+00:00,0.079950,900
2025-12-14T08:15:00+00:00,0.084660,900
2025-12-14T08:30:00+00:00,0.083210,900
2025-12-14T08:45:00+00:00,0.077020,900
2025-12-14T09:00:00+00:00,0.081560,900
2025-12-14T09:15:00+00:00,0.078760,900
2025-12-14T09:30:00+00:00,0.076370,900
2025-12-14T09:45:00+00:00,0.074530,900
2025-12-14T10:00:00+00:00,0.082140,900
2025-12-14T10:15:00+00:00,0.082190,900
2025-12-14T10:30:00+00:00,0.081940,900
2025-12-14T10:45:00+00:00,0.079620,900
2025-12-14T11:00:00+00:00,0.085600,900
2025-12-14T11:15:00+00:00,0.083990,900
2025-12-14T11:30:00+00:00,0.083760,900
2025-12-14T11:45:00+00:00,0.081950,900
2025-12-14T12:00:00+00:00,0.083470,900
2025-12-14T12:15:00+00:00,0.082490,900
2025-12-14T12:30:00+00:00,0.081160,900
2025-12-14T12:45:00+00:00,0.085760,900
2025-12-14T13:00:00+00:00,0.082100,900
2025-12-14T13:15:00+00:00,0.078010,900
2025-12-14T13:30:00+00:00,0.084690,900
2025-12-14T13:45:00+00:00,0.094080,900
2025-12-14T14:00:00+00:00,0.080000,900
2025-12-14T14:15:00+00:00,0.085760,900
2025-12-14T14:30:00+00:00,0.095330,900
2025-12-14T14:45:00+00:00,0.092120,900
2025-12-14T15:00:00+00:00,0.086080,900
2025-12-14T15:15:00+00:00,0.094840,900
2025-12-14T15:30:00+00:00,0.090850,900
2025-12-14T15:45:00+00:00,0.096620,900
2025-12-14T16:00:00+00:00,0.096260,900
2025-12-14T16:15:00+00:00,0.102540,900
2025-12-14T16:30:00+00:00,0.101430,900
2025-12-14T16:45:00+00:00,0.098430,900
2025-12-14T17:00:00+00:00,0.107540,900
2025-12-14T17:15:00+00:00,0.103310,900
2025-12-14T17:30:00+00:00,0.098480,900
2025-12-14T17:45:00+00:00,0.094440,900
2025-12-14T18:00:00+00:00,0.102070,900
2025-12-14T18:15:00+00:00,0.096520,900
2025-12-14T18:30:00+00:00,0.086730,900
2025-12-14T18:45:00+00:00,0.078790,900
2025-12-14T19:00:00+00:00,0.101700,900
2025-12-14T19:15:00+00:00,0.090100,900
2025-12-14T19:30:00+00:00,0.084650,900
2025-12-14T19:45:00+00:00,0.076960,900
2025-12-14T20:00:00+00:00,0.085680,900
2025-12-14T20:15:00+00:00,0.082910,900
2025-12-14T20:30:00+00:00,0.083540,900
2025-12-14T20:45:00+00:00,0.077340,900
2025-12-14T21:00:00+00:00,0.084670,900
2025-12-14T21:15:00+00:00,0.081420,900
2025-12-14T21:30:00+00:00,0.080110,900
2025-12-14T21:45:00+00:00,0.076800,900
2025-12-14T22:00:00+00:00,0.082780,900
2025-12-14T22:15:00+00:00,0.072300,900
2025-12-14T22:30:00+00:00,0.076910,900
2025-12-14T22:45:00+00:00,0.065640,900
2025-12-14T23:00:00+00:00,0.070840,900
2025-12-14T23:15:00+00:00,0.074030,900
2025-12-14T23:30:00+00:00,0.064540,900
2025-12-14T23:45:00+00:00,0.070480,900
2025-12-15T00:00:00+00:00,0.074380,900
2025-12-15T00:15:00+00:00,0.071590,900
2025-12-15T00:30:00+00:00,0.068540,900
2025-12-15T00:45:00+00:00,0.063170,900
2025-12-15T01:00:00+00:00,0.071090,900
2025-12-15T01:15:00+00:00,0.069350,900
2025-12-15T01:30:00+00:00,0.067140,900
2025-12-15T01:45:00+00:00,0.063980,900
2025-12-15T02:00:00+00:00,0.068270,900
2025-12-15T02:15:00+00:00,0.066590,900
2025-12-15T02:30:00+00:00,0.062790,900
2025-12-15T02:45:00+00:00,0.062340,900
2025-12-15T03:00:00+00:00,0.064080,900
2025-12-15T03:15:00+00:00,0.064280,900
2025-12-15T03:30:00+00:00,0.067670,900
2025-12-15T03:45:00+00:00,0.072240,900
2025-12-15T04:00:00+00:00,0.065700,900
2025-12-15T04:15:00+00:00,0.066970,900
2025-12-15T04:30:00+00:00,0.072510,900
2025-12-15T04:45:00+00:00,0.082820,900
2025-12-15T05:00:00+00:00,0.068750,900
2025-12-15T05:15:00+00:00,0.081510,900
2025-12-15T05:30:00+00:00,0.085180,900
2025-12-15T05:45:00+00:00,0.102700,900
2025-12-15T06:00:00+00:00,0.068000,900
2025-12-15T06:15:00+00:00,0.079840,900
2025-12-15T06:30:00+00:00,0.091640,900
2025-12-15T06:45:00+00:00,0.108140,900
2025-12-15T07:00:00+00:00,0.103820,900
2025-12-15T07:15:00+00:00,0.104320,900
2025-12-15T07:30:00+00:00,0.103750,900
2025-12-15T07:45:00+00:00,0.090170,900
2025-12-15T08:00:00+00:00,0.104500,900
2025-12-15T08:15:00+00:00,0.104480,900
2025-12-15T08:30:00+00:00,0.096280,900
2025-12-15T08:45:00+00:00,0.079930,900
2025-12-15T09:00:00+00:00,0.109660,900
2025-12-15T09:15:00+00:00,0.090460,900
2025-12-15T09:30:00+00:00,0.078990,900
2025-12-15T09:45:00+00:00,0.070560,900
2025-12-15T10:00:00+00:00,0.084840,900
2025-12-15T10:15:00+00:00,0.076140,900
2025-12-15T10:30:00+00:00,0.076760,900
2025-12-15T10:45:00+00:00,0.076890,900
2025-12-15T11:00:00+00:00,0.075610,900
2025-12-15T11:15:00+00:00,0.074710,900
2025-12-15T11:30:00+00:00,0.078390,900
2025-12-15T11:45:00+00:00,0.080000,900
2025-12-15T12:00:00+00:00,0.080000,900
2025-12-15T12:15:00+00:00,0.084600,900
2025-12-15T12:30:00+00:00,0.085200,900
2025-12-15T12:45:00+00:00,0.091430,900
2025-12-15T13:00:00+00:00,0.079420,900
2025-12-15T13:15:00+00:00,0.086880,900
2025-12-15T13:30:00+00:00,0.098610,900
2025-12-15T13:45:00+00:00,0.102200,900
2025-12-15T14:00:00+00:00,0.086870,900
2025-12-15T14:15:00+00:00,0.102210,900
2025-12-15T14:30:00+00:00,0.103080,900
2025-12-15T14:45:00+00:00,0.112070,900
2025-12-15T15:00:00+00:00,0.099180,900
2025-12-15T15:15:00+00:00,0.108790,900
2025-12-15T15:30:00+00:00,0.110930,900
2025-12-15T15:45:00+00:00,0.111340,900
2025-12-15T16:00:00+00:00,0.102780,900
2025-12-15T16:15:00+00:00,0.104420,900
2025-12-15T16:30:00+00:00,0.102660,900
2025-12-15T16:45:00+00:00,0.101570,900
2025-12-15T17:00:00+00:00,0.102120,900
2025-12-15T17:15:00+00:00,0.097080,900
2025-12-15T17:30:00+00:00,0.099150,900
2025-12-15T17:45:00+00:00,0.091580,900
2025-12-15T18:00:00+00:00,0.099710,900
2025-12-15T18:15:00+00:00,0.091030,900
2025-12-15T18:30:00+00:00,0.086250,900
2025-12-15T18:45:00+00:00,0.082340,900
2025-12-15T19:00:00+00:00,0.092450,900
2025-12-15T19:15:00+00:00,0.086270,900
2025-12-15T19:30:00+00:00,0.078290,900
2025-12-15T19:45:00+00:00,0.075370,900
2025-12-15T20:00:00+00:00,0.084080,900
2025-12-15T20:15:00+00:00,0.085190,900
2025-12-15T20:30:00+00:00,0.085020,900
2025-12-15T20:45:00+00:00,0.078920,900
2025-12-15T21:00:00+00:00,0.090100,900
2025-12-15T21:15:00+00:00,0.081820,900
2025-12-15T21:30:00+00:00,0.082290,900
2025-12-15T21:45:00+00:00,0.082040,900
2025-12-15T22:00:00+00:00,0.081480,900
2025-12-15T22:15:00+00:00,0.082600,900
2025-12-15T22:30:00+00:00,0.080100,900
2025-12-15T22:45:00+00:00,0.076130,900
2025-12-15T23:00:00+00:00,0.079940,900
2025-12-15T23:15:00+00:00,0.083070,900
2025-12-15T23:30:00+00:00,0.074180,900
2025-12-15T23:45:00+00:00,0.072790,900
2025-12-16T00:00:00+00:00,0.081160,900
2025-12-16T00:15:00+00:00,0.077700,900
2025-12-16T00:30:00+00:00,0.077000,900
2025-12-16T00:45:00+00:00,0.075300,900
2025-12-16T01:00:00+00:00,0.076930,900
2025-12-16T01:15:00+00:00,0.075320,900
2025-12-16T01:30:00+00:00,0.076400,900
2025-12-16T01:45:00+00:00,0.076730,900
2025-12-16T02:00:00+00:00,0.076010,900
2025-12-16T02:15:00+00:00,0.075160,900
2025-12-16T02:30:00+00:00,0.077700,900
2025-12-16T02:45:00+00:00,0.079800,900
2025-12-16T03:00:00+00:00,0.075930,900
2025-12-16T03:15:00+00:00,0.080880,900
2025-12-16T03:30:00+00:00,0.077980,900
2025-12-16T03:45:00+00:00,0.080400,900
2025-12-16T04:00:00+00:00,0.077190,900
2025-12-16T04:15:00+00:00,0.077970,900
2025-12-16T04:30:00+00:00,0.080040,900
2025-12-16T04:45:00+00:00,0.086410,900
2025-12-16T05:00:00+00:00,0.080180,900
2025-12-16T05:15:00+00:00,0.086590,900
2025-12-16T05:30:00+00:00,0.088100,900
2025-12-16T05:45:00+00:00,0.093040,900
2025-12-16T06:00:00+00:00,0.088070,900
2025-12-16T06:15:00+00:00,0.089550,900
2025-12-16T06:30:00+00:00,0.090060,900
2025-12-16T06:45:00+00:00,0.091220,900
2025-12-16T07:00:00+00:00,0.099680,900
2025-12-16T07:15:00+00:00,0.103660,900
2025-12-16T07:30:00+00:00,0.103540,900
2025-12-16T07:45:00+00:00,0.092410,900
2025-12-16T08:00:00+00:00,0.107810,900
2025-12-16T08:15:00+00:00,0.104830,900
2025-12-16T08:30:00+00:00,0.091880,900
2025-12-16T08:45:00+00:00,0.084150,900
2025-12-16T09:00:00+00:00,0.100690,900
2025-12-16T09:15:00+00:00,0.093960,900
2025-12-16T09:30:00+00:00,0.088780,900
2025-12-16T09:45:00+00:00,0.085950,900
2025-12-16T10:00:00+00:00,0.091580,900
2025-12-16T10:15:00+00:00,0.090030,900
2025-12-16T10:30:00+00:00,0.090140,900
2025-12-16T10:45:00+00:00,0.090670,900
2025-12-16T11:00:00+00:00,0.089720,900
2025-12-16T11:15:00+00:00,0.087920,900
2025-12-16T11:30:00+00:00,0.091320,900
2025-12-16T11:45:00+00:00,0.095700,900
2025-12-16T12:00:00+00:00,0.087760,900
2025-12-16T12:15:00+00:00,0.090690,900
2025-12-16T12:30:00+00:00,0.098700,900
2025-12-16T12:45:00+00:00,0.115570,900
2025-12-16T13:00:00+00:00,0.098910,900
2025-12-16T13:15:00+00:00,0.111920,900
2025-12-16T13:30:00+00:00,0.133600,900
2025-12-16T13:45:00+00:00,0.136250,900
2025-12-16T14:00:00+00:00,0.118260,900
2025-12-16T14:15:00+00:00,0.134460,900
2025-12-16T14:30:00+00:00,0.142000,900
2025-12-16T14:45:00+00:00,0.151280,900
2025-12-16T15:00:00+00:00,0.137510,900
2025-12-16T15:15:00+00:00,0.139690,900
2025-12-16T15:30:00+00:00,0.159220,900
2025-12-16T15:45:00+00:00,0.173750,900
2025-12-16T16:00:00+00:00,0.155650,900
2025-12-16T16:15:00+00:00,0.166000,900
2025-12-16T16:30:00+00:00,0.162950,900
2025-12-16T16:45:00+00:00,0.155700,900
2025-12-16T17:00:00+00:00,0.145800,900
2025-12-16T17:15:00+00:00,0.139500,900
2025-12-16T17:30:00+00:00,0.137770,900
2025-12-16T17:45:00+00:00,0.136810,900
2025-12-16T18:00:00+00:00,0.147130,900
2025-12-16T18:15:00+00:00,0.140560,900
2025-12-16T18:30:00+00:00,0.131700,900
2025-12-16T18:45:00+00:00,0.129070,900
2025-12-16T19:00:00+00:00,0.130080,900
2025-12-16T19:15:00+00:00,0.136800,900
2025-12-16T19:30:00+00:00,0.120860,900
2025-12-16T19:45:00+00:00,0.117050,900
2025-12-16T20:00:00+00:00,0.130080,900
2025-12-16T20:15:00+00:00,0.120930,900
2025-12-16T20:30:00+00:00,0.113720,900
2025-12-16T20:45:00+00:00,0.101920,900
2025-12-16T21:00:00+00:00,0.121930,900
2025-12-16T21:15:00+00:00,0.113350,900
2025-12-16T21:30:00+00:00,0.110460,900
2025-12-16T21:45:00+00:00,0.103340,900
2025-12-16T22:00:00+00:00,0.110950,900
2025-12-16T22:15:00+00:00,0.103680,900
2025-12-16T22:30:00+00:00,0.099080,900
2025-12-16T22:45:00+00:00,0.090410,900
2025-12-16T23:00:00+00:00,0.088490,900
2025-12-16T23:15:00+00:00,0.087520,900
2025-12-16T23:30:00+00:00,0.087220,900
2025-12-16T23:45:00+00:00,0.086170,900
2025-12-17T00:00:00+00:00,0.091450,900
2025-12-17T00:15:00+00:00,0.088330,900
2025-12-17T00:30:00+00:00,0.085980,900
2025-12-17T00:45:00+00:00,0.085380,900
2025-12-17T01:00:00+00:00,0.086410,900
2025-12-17T01:15:00+00:00,0.083960,900
2025-12-17T01:30:00+00:00,0.084810,900
2025-12-17T01:45:00+00:00,0.084820,900
2025-12-17T02:00:00+00:00,0.082470,900
2025-12-17T02:15:00+00:00,0.082570,900
2025-12-17T02:30:00+00:00,0.082960,900
2025-12-17T02:45:00+00:00,0.081980,900
2025-12-17T03:00:00+00:00,0.083500,900
2025-12-17T03:15:00+00:00,0.082180,900
2025-12-17T03:30:00+00:00,0.084540,900
2025-12-17T03:45:00+00:00,0.084580,900
2025-12-17T04:00:00+00:00,0.085620,900
2025-12-17T04:15:00+00:00,0.084450,900
2025-12-17T04:30:00+00:00,0.088880,900
2025-12-17T04:45:00+00:00,0.091470,900
2025-12-17T05:00:00+00:00,0.076280,900
2025-12-17T05:15:00+00:00,0.083440,900
2025-12-17T05:30:00+00:00,0.091680,900
2025-12-17T05:45:00+00:00,0.113400,900
2025-12-17T06:00:00+00:00,0.086050,900
2025-12-17T06:15:00+00:00,0.096200,900
2025-12-17T06:30:00+00:00,0.117320,900
2025-12-17T06:45:00+00:00,0.126000,900
2025-12-17T07:00:00+00:00,0.127450,900
2025-12-17T07:15:00+00:00,0.135410,900
2025-12-17T07:30:00+00:00,0.133790,900
2025-12-17T07:45:00+00:00,0.129320,900
2025-12-17T08:00:00+00:00,0.131550,900
2025-12-17T08:15:00+00:00,0.131550,900
2025-12-17T08:30:00+00:00,0.120280,900
2025-12-17T08:45:00+00:00,0.112400,900
2025-12-17T09:00:00+00:00,0.131440,900
2025-12-17T09:15:00+00:00,0.122390,900
2025-12-17T09:30:00+00:00,0.117120,900
2025-12-17T09:45:00+00:00,0.111050,900
2025-12-17T10:00:00+00:00,0.121140,900
2025-12-17T10:15:00+00:00,0.114800,900
2025-12-17T10:30:00+00:00,0.111850,900
2025-12-17T10:45:00+00:00,0.108300,900
2025-12-17T11:00:00+00:00,0.106570,900
2025-12-17T11:15:00+00:00,0.105030,900
2025-12-17T11:30:00+00:00,0.108980,900
2025-12-17T11:45:00+00:00,0.112270,900
2025-12-17T12:00:00+00:00,0.113430,900
2025-12-17T12:15:00+00:00,0.114010,900
2025-12-17T12:30:00+00:00,0.120000,900
2025-12-17T12:45:00+00:00,0.120270,900
2025-12-17T13:00:00+00:00,0.115180,900
2025-12-17T13:15:00+00:00,0.115980,900
2025-12-17T13:30:00+00:00,0.121800,900
2025-12-17T13:45:00+00:00,0.138860,900
2025-12-17T14:00:00+00:00,0.111670,900
2025-12-17T14:15:00+00:00,0.119120,900
2025-12-17T14:30:00+00:00,0.126120,900
2025-12-17T14:45:00+00:00,0.128200,900
2025-12-17T15:00:00+00:00,0.118570,900
2025-12-17T15:15:00+00:00,0.123270,900
2025-12-17T15:30:00+00:00,0.125310,900
2025-12-17T15:45:00+00:00,0.126570,900
2025-12-17T16:00:00+00:00,0.122100,900
2025-12-17T16:15:00+00:00,0.118570,900
2025-12-17T16:30:00+00:00,0.117330,900
2025-12-17T16:45:00+00:00,0.107820,900
2025-12-17T17:00:00+00:00,0.124150,900
2025-12-17T17:15:00+00:00,0.111320,900
2025-12-17T17:30:00+00:00,0.090000,900
2025-12-17T17:45:00+00:00,0.082780,900
2025-12-17T18:00:00+00:00,0.104750,900
2025-12-17T18:15:00+00:00,0.082620,900
2025-12-17T18:30:00+00:00,0.084930,900
2025-12-17T18:45:00+00:00,0.084390,900
2025-12-17T19:00:00+00:00,0.094490,900
2025-12-17T19:15:00+00:00,0.087260,900
2025-12-17T19:30:00+00:00,0.080100,900
2025-12-17T19:45:00+00:00,0.077750,900
2025-12-17T20:00:00+00:00,0.104100,900
2025-12-17T20:15:00+00:00,0.089640,900
2025-12-17T20:30:00+00:00,0.082280,900
2025-12-17T20:45:00+00:00,0.079400,900
2025-12-17T21:00:00+00:00,0.084310,900
2025-12-17T21:15:00+00:00,0.081900,900
2025-12-17T21:30:00+00:00,0.080080,900
2025-12-17T21:45:00+00:00,0.076680,900
2025-12-17T22:00:00+00:00,0.088980,900
2025-12-17T22:15:00+00:00,0.078180,900
2025-12-17T22:30:00+00:00,0.072920,900
2025-12-17T22:45:00+00:00,0.066330,900
2025-12-17T23:00:00+00:00,0.075870,900
2025-12-17T23:15:00+00:00,0.077810,900
2025-12-17T23:30:00+00:00,0.069000,900
2025-12-17T23:45:00+00:00,0.064110,900
2025-12-18T00:00:00+00:00,0.079370,900
2025-12-18T00:15:00+00:00,0.066300,900
2025-12-18T00:30:00+00:00,0.061370,900
2025-12-18T00:45:00+00:00,0.052390,900
2025-12-18T01:00:00+00:00,0.060100,900
2025-12-18T01:15:00+00:00,0.053480,900
2025-12-18T01:30:00+00:00,0.052950,900
2025-12-18T01:45:00+00:00,0.051770,900
2025-12-18T02:00:00+00:00,0.051240,900
2025-12-18T02:15:00+00:00,0.046240,900
2025-12-18T02:30:00+00:00,0.038150,900
2025-12-18T02:45:00+00:00,0.034520,900
2025-12-18T03:00:00+00:00,0.039230,900
2025-12-18T03:15:00+00:00,0.035230,900
2025-12-18T03:30:00+00:00,0.038060,900
2025-12-18T03:45:00+00:00,0.034860,900
2025-12-18T04:00:00+00:00,0.030590,900
2025-12-18T04:15:00+00:00,0.034000,900
2025-12-18T04:30:00+00:00,0.055090,900
2025-12-18T04:45:00+00:00,0.058200,900
2025-12-18T05:00:00+00:00,0.048070,900
2025-12-18T05:15:00+00:00,0.055520,900
2025-12-18T05:30:00+00:00,0.063300,900
2025-12-18T05:45:00+00:00,0.065080,900
2025-12-18T06:00:00+00:00,0.066760,900
2025-12-18T06:15:00+00:00,0.075150,900
2025-12-18T06:30:00+00:00,0.089600,900
2025-12-18T06:45:00+00:00,0.085890,900
2025-12-18T07:00:00+00:00,0.097850,900
2025-12-18T07:15:00+00:00,0.085100,900
2025-12-18T07:30:00+00:00,0.091510,900
2025-12-18T07:45:00+00:00,0.079030,900
2025-12-18T08:00:00+00:00,0.115290,900
2025-12-18T08:15:00+00:00,0.087300,900
2025-12-18T08:30:00+00:00,0.083780,900
2025-12-18T08:45:00+00:00,0.080090,900
2025-12-18T09:00:00+00:00,0.109280,900
2025-12-18T09:15:00+00:00,0.095950,900
2025-12-18T09:30:00+00:00,0.088050,900
2025-12-18T09:45:00+00:00,0.082720,900
2025-12-18T10:00:00+00:00,0.108500,900
2025-12-18T10:15:00+00:00,0.092210,900
2025-12-18T10:30:00+00:00,0.091490,900
2025-12-18T10:45:00+00:00,0.087580,900
2025-12-18T11:00:00+00:00,0.085380,900
2025-12-18T11:15:00+00:00,0.084600,900
2025-12-18T11:30:00+00:00,0.085880,900
2025-12-18T11:45:00+00:00,0.089260,900
2025-12-18T12:00:00+00:00,0.085060,900
2025-12-18T12:15:00+00:00,0.085100,900
2025-12-18T12:30:00+00:00,0.089710,900
2025-12-18T12:45:00+00:00,0.090610,900
2025-12-18T13:00:00+00:00,0.082480,900
2025-12-18T13:15:00+00:00,0.089510,900
2025-12-18T13:30:00+00:00,0.102810,900
2025-12-18T13:45:00+00:00,0.097940,900
2025-12-18T14:00:00+00:00,0.089660,900
2025-12-18T14:15:00+00:00,0.092230,900
2025-12-18T14:30:00+00:00,0.099550,900
2025-12-18T14:45:00+00:00,0.112340,900
2025-12-18T15:00:00+00:00,0.088450,900
2025-12-18T15:15:00+00:00,0.092440,900
2025-12-18T15:30:00+00:00,0.102830,900
2025-12-18T15:45:00+00:00,0.094390,900
2025-12-18T16:00:00+00:00,0.096440,900
2025-12-18T16:15:00+00:00,0.092980,900
2025-12-18T16:30:00+00:00,0.090400,900
2025-12-18T16:45:00+00:00,0.085440,900
2025-12-18T17:00:00+00:00,0.080200,900
2025-12-18T17:15:00+00:00,0.080500,900
2025-12-18T17:30:00+00:00,0.087410,900
2025-12-18T17:45:00+00:00,0.080100,900
2025-12-18T18:00:00+00:00,0.090000,900
2025-12-18T18:15:00+00:00,0.082040,900
2025-12-18T18:30:00+00:00,0.080870,900
2025-12-18T18:45:00+00:00,0.073090,900
2025-12-18T19:00:00+00:00,0.091600,900
2025-12-18T19:15:00+00:00,0.077900,900
2025-12-18T19:30:00+00:00,0.065610,900
2025-12-18T19:45:00+00:00,0.054170,900
2025-12-18T20:00:00+00:00,0.060100,900
2025-12-18T20:15:00+00:00,0.058880,900
2025-12-18T20:30:00+00:00,0.050230,900
2025-12-18T20:45:00+00:00,0.043970,900
2025-12-18T21:00:00+00:00,0.058150,900
2025-12-18T21:15:00+00:00,0.050860,900
2025-12-18T21:30:00+00:00,0.050060,900
2025-12-18T21:45:00+00:00,0.037210,900
2025-12-18T22:00:00+00:00,0.030010,900
2025-12-18T22:15:00+00:00,0.019800,900
2025-12-18T22:30:00+00:00,0.014460,900
2025-12-18T22:45:00+00:00,0.007080,900
2025-12-18T23:00:00+00:00,0.009110,900
2025-12-18T23:15:00+00:00,0.007410,900
2025-12-18T23:30:00+00:00,0.006990,900
2025-12-18T23:45:00+00:00,0.006830,900
2025-12-19T00:00:00+00:00,0.007180,900
2025-12-19T00:15:00+00:00,0.004800,900
2025-12-19T00:30:00+00:00,0.003170,900
2025-12-19T00:45:00+00:00,0.002490,900
2025-12-19T01:00:00+00:00,0.004340,900
2025-12-19T01:15:00+00:00,0.004320,900
2025-12-19T01:30:00+00:00,0.004320,900
2025-12-19T01:45:00+00:00,0.004310,900
2025-12-19T02:00:00+00:00,0.001600,900
2025-12-19T02:15:00+00:00,0.003200,900
2025-12-19T02:30:00+00:00,0.002430,900
2025-12-19T02:45:00+00:00,0.003000,900
2025-12-19T03:00:00+00:00,0.002180,900
2025-12-19T03:15:00+00:00,0.002360,900
2025-12-19T03:30:00+00:00,0.003000,900
2025-12-19T03:45:00+00:00,0.003900,900
2025-12-19T04:00:00+00:00,0.004580,900
2025-12-19T04:15:00+00:00,0.006680,900
2025-12-19T04:30:00+00:00,0.008140,900
2025-12-19T04:45:00+00:00,0.017330,900
2025-12-19T05:00:00+00:00,0.014430,900
2025-12-19T05:15:00+00:00,0.035520,900
2025-12-19T05:30:00+00:00,0.042440,900
2025-12-19T05:45:00+00:00,0.062760,900
2025-12-19T06:00:00+00:00,0.051760,900
2025-12-19T06:15:00+00:00,0.067730,900
2025-12-19T06:30:00+00:00,0.086450,900
2025-12-19T06:45:00+00:00,0.095130,900
2025-12-19T07:00:00+00:00,0.087140,900
2025-12-19T07:15:00+00:00,0.089440,900
2025-12-19T07:30:00+00:00,0.092220,900
2025-12-19T07:45:00+00:00,0.088920,900
2025-12-19T08:00:00+00:00,0.092810,900
2025-12-19T08:15:00+00:00,0.089800,900
2025-12-19T08:30:00+00:00,0.088770,900
2025-12-19T08:45:00+00:00,0.086160,900
2025-12-19T09:00:00+00:00,0.093840,900
2025-12-19T09:15:00+00:00,0.090130,900
2025-12-19T09:30:00+00:00,0.087680,900
2025-12-19T09:45:00+00:00,0.086000,900
2025-12-19T10:00:00+00:00,0.087230,900
2025-12-19T10:15:00+00:00,0.086140,900
2025-12-19T10:30:00+00:00,0.087940,900
2025-12-19T10:45:00+00:00,0.088650,900
2025-12-19T11:00:00+00:00,0.079560,900
2025-12-19T11:15:00+00:00,0.081130,900
2025-12-19T11:30:00+00:00,0.086850,900
2025-12-19T11:45:00+00:00,0.089220,900
2025-12-19T12:00:00+00:00,0.088500,900
2025-12-19T12:15:00+00:00,0.086070,900
2025-12-19T12:30:00+00:00,0.084040,900
2025-12-19T12:45:00+00:00,0.085670,900
2025-12-19T13:00:00+00:00,0.085730,900
2025-12-19T13:15:00+00:00,0.090220,900
2025-12-19T13:30:00+00:00,0.093970,900
2025-12-19T13:45:00+00:00,0.093420,900
2025-12-19T14:00:00+00:00,0.090150,900
2025-12-19T14:15:00+00:00,0.095120,900
2025-12-19T14:30:00+00:00,0.096600,900
2025-12-19T14:45:00+00:00,0.096370,900
2025-12-19T15:00:00+00:00,0.090810,900
2025-12-19T15:15:00+00:00,0.092000,900
2025-12-19T15:30:00+00:00,0.097940,900
2025-12-19T15:45:00+00:00,0.104120,900
2025-12-19T16:00:00+00:00,0.099050,900
2025-12-19T16:15:00+00:00,0.105270,900
2025-12-19T16:30:00+00:00,0.105150,900
2025-12-19T16:45:00+00:00,0.106810,900
2025-12-19T17:00:00+00:00,0.105110,900
2025-12-19T17:15:00+00:00,0.106060,900
2025-12-19T17:30:00+00:00,0.107180,900
2025-12-19T17:45:00+00:00,0.102480,900
2025-12-19T18:00:00+00:00,0.106060,900
2025-12-19T18:15:00+00:00,0.103220,900
2025-12-19T18:30:00+00:00,0.104810,900
2025-12-19T18:45:00+00:00,0.097800,900
2025-12-19T19:00:00+00:00,0.104470,900
2025-12-19T19:15:00+00:00,0.103760,900
2025-12-19T19:30:00+00:00,0.095840,900
2025-12-19T19:45:00+00:00,0.095400,900
2025-12-19T20:00:00+00:00,0.101060,900
2025-12-19T20:15:00+00:00,0.097320,900
2025-12-19T20:30:00+00:00,0.093040,900
2025-12-19T20:45:00+00:00,0.088580,900
2025-12-19T21:00:00+00:00,0.095040,900
2025-12-19T21:15:00+00:00,0.095240,900
2025-12-19T21:30:00+00:00,0.094630,900
2025-12-19T21:45:00+00:00,0.089980,900
2025-12-19T22:00:00+00:00,0.097000,900
2025-12-19T22:15:00+00:00,0.088990,900
2025-12-19T22:30:00+00:00,0.089950,900
2025-12-19T22:45:00+00:00,0.084240,900
2025-12-19T23:00:00+00:00,0.089410,900
2025-12-19T23:15:00+00:00,0.085430,900
2025-12-19T23:30:00+00:00,0.080200,900
2025-12-19T23:45:00+00:00,0.080350,900
2025-12-20T00:00:00+00:00,0.086730,900
2025-12-20T00:15:00+00:00,0.083130,900
2025-12-20T00:30:00+00:00,0.081730,900
2025-12-20T00:45:00+00:00,0.081060,900
2025-12-20T01:00:00+00:00,0.086550,900
2025-12-20T01:15:00+00:00,0.084320,900
2025-12-20T01:30:00+00:00,0.081660,900
2025-12-20T01:45:00+00:00,0.082750,900
2025-12-20T02:00:00+00:00,0.084690,900
2025-12-20T02:15:00+00:00,0.083490,900
2025-12-20T02:30:00+00:00,0.084710,900
2025-12-20T02:45:00+00:00,0.085200,900
2025-12-20T03:00:00+00:00,0.083880,900
2025-12-20T03:15:00+00:00,0.083140,900
2025-12-20T03:30:00+00:00,0.083800,900
2025-12-20T03:45:00+00:00,0.087130,900
2025-12-20T04:00:00+00:00,0.083720,900
2025-12-20T04:15:00+00:00,0.081990,900
2025-12-20T04:30:00+00:00,0.085070,900
2025-12-20T04:45:00+00:00,0.092850,900
2025-12-20T05:00:00+00:00,0.087610,900
2025-12-20T05:15:00+00:00,0.089910,900
2025-12-20T05:30:00+00:00,0.090770,900
2025-12-20T05:45:00+00:00,0.096740,900
2025-12-20T06:00:00+00:00,0.094560,900
2025-12-20T06:15:00+00:00,0.097430,900
2025-12-20T06:30:00+00:00,0.100060,900
2025-12-20T06:45:00+00:00,0.104300,900
2025-12-20T07:00:00+00:00,0.090700,900
2025-12-20T07:15:00+00:00,0.104420,900
2025-12-20T07:30:00+00:00,0.110080,900
2025-12-20T07:45:00+00:00,0.112250,900
2025-12-20T08:00:00+00:00,0.110240,900
2025-12-20T08:15:00+00:00,0.111400,900
2025-12-20T08:30:00+00:00,0.109080,900
2025-12-20T08:45:00+00:00,0.107400,900
2025-12-20T09:00:00+00:00,0.109130,900
2025-12-20T09:15:00+00:00,0.109410,900
2025-12-20T09:30:00+00:00,0.106440,900
2025-12-20T09:45:00+00:00,0.102600,900
2025-12-20T10:00:00+00:00,0.106760,900
2025-12-20T10:15:00+00:00,0.103780,900
2025-12-20T10:30:00+00:00,0.103820,900
2025-12-20T10:45:00+00:00,0.101650,900
2025-12-20T11:00:00+00:00,0.101900,900
2025-12-20T11:15:00+00:00,0.100520,900
2025-12-20T11:30:00+00:00,0.105180,900
2025-12-20T11:45:00+00:00,0.104790,900
2025-12-20T12:00:00+00:00,0.101090,900
2025-12-20T12:15:00+00:00,0.102320,900
2025-12-20T12:30:00+00:00,0.107480,900
2025-12-20T12:45:00+00:00,0.109750,900
2025-12-20T13:00:00+00:00,0.106830,900
2025-12-20T13:15:00+00:00,0.110350,900
2025-12-20T13:30:00+00:00,0.109470,900
2025-12-20T13:45:00+00:00,0.109290,900
2025-12-20T14:00:00+00:00,0.106560,900
2025-12-20T14:15:00+00:00,0.108140,900
2025-12-20T14:30:00+00:00,0.110990,900
2025-12-20T14:45:00+00:00,0.116830,900
2025-12-20T15:00:00+00:00,0.105370,900
2025-12-20T15:15:00+00:00,0.111970,900
2025-12-20T15:30:00+00:00,0.112830,900
2025-12-20T15:45:00+00:00,0.118130,900
2025-12-20T16:00:00+00:00,0.118400,900
2025-12-20T16:15:00+00:00,0.115180,900
2025-12-20T16:30:00+00:00,0.114000,900
2025-12-20T16:45:00+00:00,0.113480,900
2025-12-20T17:00:00+00:00,0.119610,900
2025-12-20T17:15:00+00:00,0.112830,900
2025-12-20T17:30:00+00:00,0.107100,900
2025-12-20T17:45:00+00:00,0.104550,900
2025-12-20T18:00:00+00:00,0.106840,900
2025-12-20T18:15:00+00:00,0.099180,900
2025-12-20T18:30:00+00:00,0.097800,900
2025-12-20T18:45:00+00:00,0.090250,900
2025-12-20T19:00:00+00:00,0.098980,900
2025-12-20T19:15:00+00:00,0.092400,900
2025-12-20T19:30:00+00:00,0.090800,900
2025-12-20T19:45:00+00:00,0.086230,900
2025-12-20T20:00:00+00:00,0.090530,900
2025-12-20T20:15:00+00:00,0.087860,900
2025-12-20T20:30:00+00:00,0.090100,900
2025-12-20T20:45:00+00:00,0.086580,900
2025-12-20T21:00:00+00:00,0.096790,900
2025-12-20T21:15:00+00:00,0.087920,900
2025-12-20T21:30:00+00:00,0.083660,900
2025-12-20T21:45:00+00:00,0.088000,900
2025-12-20T22:00:00+00:00,0.098960,900
2025-12-20T22:15:00+00:00,0.086830,900
2025-12-20T22:30:00+00:00,0.081420,900
2025-12-20T22:45:00+00:00,0.079580,900
2025-12-20T23:00:00+00:00,0.096510,900
2025-12-20T23:15:00+00:00,0.090450,900
2025-12-20T23:30:00+00:00,0.086030,900
2025-12-20T23:45:00+00:00,0.081300,900
2025-12-21T00:00:00+00:00,0.092630,900
2025-12-21T00:15:00+00:00,0.085250,900
2025-12-21T00:30:00+00:00,0.080900,900
2025-12-21T00:45:00+00:00,0.079470,900
2025-12-21T01:00:00+00:00,0.084870,900
2025-12-21T01:15:00+00:00,0.080780,900
2025-12-21T01:30:00+00:00,0.080000,900
2025-12-21T01:45:00+00:00,0.077270,900
2025-12-21T02:00:00+00:00,0.080000,900
2025-12-21T02:15:00+00:00,0.080100,900
2025-12-21T02:30:00+00:00,0.078860,900
2025-12-21T02:45:00+00:00,0.077580,900
2025-12-21T03:00:00+00:00,0.079330,900
2025-12-21T03:15:00+00:00,0.077740,900
2025-12-21T03:30:00+00:00,0.080460,900
2025-12-21T03:45:00+00:00,0.079000,900
2025-12-21T04:00:00+00:00,0.080100,900
2025-12-21T04:15:00+00:00,0.079250,900
2025-12-21T04:30:00+00:00,0.080100,900
2025-12-21T04:45:00+00:00,0.080060,900
2025-12-21T05:00:00+00:00,0.078520,900
2025-12-21T05:15:00+00:00,0.080590,900
2025-12-21T05:30:00+00:00,0.081630,900
2025-12-21T05:45:00+00:00,0.086910,900
2025-12-21T06:00:00+00:00,0.081920,900
2025-12-21T06:15:00+00:00,0.084580,900
2025-12-21T06:30:00+00:00,0.086860,900
2025-12-21T06:45:00+00:00,0.093810,900
2025-12-21T07:00:00+00:00,0.093610,900
2025-12-21T07:15:00+00:00,0.096550,900
2025-12-21T07:30:00+00:00,0.097290,900
2025-12-21T07:45:00+00:00,0.098180,900
2025-12-21T08:00:00+00:00,0.100460,900
2025-12-21T08:15:00+00:00,0.103200,900
2025-12-21T08:30:00+00:00,0.100990,900
2025-12-21T08:45:00+00:00,0.098180,900
2025-12-21T09:00:00+00:00,0.104800,900
2025-12-21T09:15:00+00:00,0.099380,900
2025-12-21T09:30:00+00:00,0.093930,900
2025-12-21T09:45:00+00:00,0.088650,900
2025-12-21T10:00:00+00:00,0.098430,900
2025-12-21T10:15:00+00:00,0.097420,900
2025-12-21T10:30:00+00:00,0.093640,900
2025-12-21T10:45:00+00:00,0.092260,900
2025-12-21T11:00:00+00:00,0.096320,900
2025-12-21T11:15:00+00:00,0.092940,900
2025-12-21T11:30:00+00:00,0.092730,900
2025-12-21T11:45:00+00:00,0.091900,900
2025-12-21T12:00:00+00:00,0.093430,900
2025-12-21T12:15:00+00:00,0.091140,900
2025-12-21T12:30:00+00:00,0.087970,900
2025-12-21T12:45:00+00:00,0.086070,900
2025-12-21T13:00:00+00:00,0.088530,900
2025-12-21T13:15:00+00:00,0.090240,900
2025-12-21T13:30:00+00:00,0.094940,900
2025-12-21T13:45:00+00:00,0.097640,900
2025-12-21T14:00:00+00:00,0.089000,900
2025-12-21T14:15:00+00:00,0.096620,900
2025-12-21T14:30:00+00:00,0.096230,900
2025-12-21T14:45:00+00:00,0.097400,900
2025-12-21T15:00:00+00:00,0.087010,900
2025-12-21T15:15:00+00:00,0.094790,900
2025-12-21T15:30:00+00:00,0.093410,900
2025-12-21T15:45:00+00:00,0.094800,900
2025-12-21T16:00:00+00:00,0.095500,900
2025-12-21T16:15:00+00:00,0.094250,900
2025-12-21T16:30:00+00:00,0.091410,900
2025-12-21T16:45:00+00:00,0.090700,900
2025-12-21T17:00:00+00:00,0.100290,900
2025-12-21T17:15:00+00:00,0.090440,900
2025-12-21T17:30:00+00:00,0.084000,900
2025-12-21T17:45:00+00:00,0.083560,900
2025-12-21T18:00:00+00:00,0.086030,900
2025-12-21T18:15:00+00:00,0.085850,900
2025-12-21T18:30:00+00:00,0.084180,900
2025-12-21T18:45:00+00:00,0.083940,900
2025-12-21T19:00:00+00:00,0.084800,900
2025-12-21T19:15:00+00:00,0.082280,900
2025-12-21T19:30:00+00:00,0.080610,900
2025-12-21T19:45:00+00:00,0.078930,900
2025-12-21T20:00:00+00:00,0.082660,900
2025-12-21T20:15:00+00:00,0.077700,900
2025-12-21T20:30:00+00:00,0.078050,900
2025-12-21T20:45:00+00:00,0.072900,900
2025-12-21T21:00:00+00:00,0.081710,900
2025-12-21T21:15:00+00:00,0.077010,900
2025-12-21T21:30:00+00:00,0.075110,900
2025-12-21T21:45:00+00:00,0.070140,900
2025-12-21T22:00:00+00:00,0.078030,900
2025-12-21T22:15:00+00:00,0.072290,900
2025-12-21T22:30:00+00:00,0.069170,900
2025-12-21T22:45:00+00:00,0.064130,900
2025-12-21T23:00:00+00:00,0.072500,900
2025-12-21T23:15:00+00:00,0.070490,900
2025-12-21T23:30:00+00:00,0.069350,900
2025-12-21T23:45:00+00:00,0.068570,900
2025-12-22T00:00:00+00:00,0.071270,900
2025-12-22T00:15:00+00:00,0.068330,900
2025-12-22T00:30:00+00:00,0.068670,900
2025-12-22T00:45:00+00:00,0.067030,900
2025-12-22T01:00:00+00:00,0.069220,900
2025-12-22T01:15:00+00:00,0.067470,900
2025-12-22T01:30:00+00:00,0.067230,900
2025-12-22T01:45:00+00:00,0.067220,900
2025-12-22T02:00:00+00:00,0.065890,900
2025-12-22T02:15:00+00:00,0.065870,900
2025-12-22T02:30:00+00:00,0.066310,900
2025-12-22T02:45:00+00:00,0.067010,900
2025-12-22T03:00:00+00:00,0.064750,900
2025-12-22T03:15:00+00:00,0.065430,900
2025-12-22T03:30:00+00:00,0.065220,900
2025-12-22T03:45:00+00:00,0.066530,900
2025-12-22T04:00:00+00:00,0.065560,900
2025-12-22T04:15:00+00:00,0.066460,900
2025-12-22T04:30:00+00:00,0.071110,900
2025-12-22T04:45:00+00:00,0.070450,900
2025-12-22T05:00:00+00:00,0.067920,900
2025-12-22T05:15:00+00:00,0.072480,900
2025-12-22T05:30:00+00:00,0.075300,900
2025-12-22T05:45:00+00:00,0.083820,900
2025-12-22T06:00:00+00:00,0.079220,900
2025-12-22T06:15:00+00:00,0.080870,900
2025-12-22T06:30:00+00:00,0.094360,900
2025-12-22T06:45:00+00:00,0.101620,900
2025-12-22T07:00:00+00:00,0.088460,900
2025-12-22T07:15:00+00:00,0.090700,900
2025-12-22T07:30:00+00:00,0.098930,900
2025-12-22T07:45:00+00:00,0.090590,900
2025-12-22T08:00:00+00:00,0.094050,900
2025-12-22T08:15:00+00:00,0.091180,900
2025-12-22T08:30:00+00:00,0.089850,900
2025-12-22T08:45:00+00:00,0.089030,900
2025-12-22T09:00:00+00:00,0.101090,900
2025-12-22T09:15:00+00:00,0.090830,900
2025-12-22T09:30:00+00:00,0.086170,900
2025-12-22T09:45:00+00:00,0.077700,900
2025-12-22T10:00:00+00:00,0.086140,900
2025-12-22T10:15:00+00:00,0.082290,900
2025-12-22T10:30:00+00:00,0.085030,900
2025-12-22T10:45:00+00:00,0.086190,900
2025-12-22T11:00:00+00:00,0.087640,900
2025-12-22T11:15:00+00:00,0.084690,900
2025-12-22T11:30:00+00:00,0.087600,900
2025-12-22T11:45:00+00:00,0.087640,900
2025-12-22T12:00:00+00:00,0.090480,900
2025-12-22T12:15:00+00:00,0.088900,900
2025-12-22T12:30:00+00:00,0.087920,900
2025-12-22T12:45:00+00:00,0.088500,900
2025-12-22T13:00:00+00:00,0.091220,900
2025-12-22T13:15:00+00:00,0.092070,900
2025-12-22T13:30:00+00:00,0.091770,900
2025-12-22T13:45:00+00:00,0.093310,900
2025-12-22T14:00:00+00:00,0.090790,900
2025-12-22T14:15:00+00:00,0.100110,900
2025-12-22T14:30:00+00:00,0.099400,900
2025-12-22T14:45:00+00:00,0.101740,900
2025-12-22T15:00:00+00:00,0.092940,900
2025-12-22T15:15:00+00:00,0.100250,900
2025-12-22T15:30:00+00:00,0.102230,900
2025-12-22T15:45:00+00:00,0.104610,900
2025-12-22T16:00:00+00:00,0.104800,900
2025-12-22T16:15:00+00:00,0.107180,900
2025-12-22T16:30:00+00:00,0.108000,900
2025-12-22T16:45:00+00:00,0.106070,900
2025-12-22T17:00:00+00:00,0.104330,900
2025-12-22T17:15:00+00:00,0.102850,900
2025-12-22T17:30:00+00:00,0.100090,900
2025-12-22T17:45:00+00:00,0.099810,900
2025-12-22T18:00:00+00:00,0.096290,900
2025-12-22T18:15:00+00:00,0.096370,900
2025-12-22T18:30:00+00:00,0.094840,900
2025-12-22T18:45:00+00:00,0.093610,900
2025-12-22T19:00:00+00:00,0.092160,900
2025-12-22T19:15:00+00:00,0.091280,900
2025-12-22T19:30:00+00:00,0.087590,900
2025-12-22T19:45:00+00:00,0.085990,900
2025-12-22T20:00:00+00:00,0.090060,900
2025-12-22T20:15:00+00:00,0.085180,900
2025-12-22T20:30:00+00:00,0.083980,900
2025-12-22T20:45:00+00:00,0.080370,900
2025-12-22T21:00:00+00:00,0.090670,900
2025-12-22T21:15:00+00:00,0.087170,900
2025-12-22T21:30:00+00:00,0.083760,900
2025-12-22T21:45:00+00:00,0.077600,900
2025-12-22T22:00:00+00:00,0.088680,900
2025-12-22T22:15:00+00:00,0.080550,900
2025-12-22T22:30:00+00:00,0.074800,900
2025-12-22T22:45:00+00:00,0.069120,900
2025-12-22T23:00:00+00:00,0.080230,900
2025-12-22T23:15:00+00:00,0.078400,900
2025-12-22T23:30:00+00:00,0.080250,900
2025-12-22T23:45:00+00:00,0.079630,900
2025-12-23T00:00:00+00:00,0.092090,900
2025-12-23T00:15:00+00:00,0.073920,900
2025-12-23T00:30:00+00:00,0.066380,900
2025-12-23T00:45:00+00:00,0.064450,900
2025-12-23T01:00:00+00:00,0.070910,900
2025-12-23T01:15:00+00:00,0.062450,900
2025-12-23T01:30:00+00:00,0.061400,900
2025-12-23T01:45:00+00:00,0.060880,900
2025-12-23T02:00:00+00:00,0.060400,900
2025-12-23T02:15:00+00:00,0.060050,900
2025-12-23T02:30:00+00:00,0.059580,900
2025-12-23T02:45:00+00:00,0.058580,900
2025-12-23T03:00:00+00:00,0.058680,900
2025-12-23T03:15:00+00:00,0.058310,900
2025-12-23T03:30:00+00:00,0.058130,900
2025-12-23T03:45:00+00:00,0.057830,900
2025-12-23T04:00:00+00:00,0.058410,900
2025-12-23T04:15:00+00:00,0.058120,900
2025-12-23T04:30:00+00:00,0.058930,900
2025-12-23T04:45:00+00:00,0.058960,900
2025-12-23T05:00:00+00:00,0.063590,900
2025-12-23T05:15:00+00:00,0.064480,900
2025-12-23T05:30:00+00:00,0.070830,900
2025-12-23T05:45:00+00:00,0.074540,900
2025-12-23T06:00:00+00:00,0.072220,900
2025-12-23T06:15:00+00:00,0.077100,900
2025-12-23T06:30:00+00:00,0.081670,900
2025-12-23T06:45:00+00:00,0.090400,900
2025-12-23T07:00:00+00:00,0.081150,900
2025-12-23T07:15:00+00:00,0.086070,900
2025-12-23T07:30:00+00:00,0.091950,900
2025-12-23T07:45:00+00:00,0.092830,900
2025-12-23T08:00:00+00:00,0.103390,900
2025-12-23T08:15:00+00:00,0.093870,900
2025-12-23T08:30:00+00:00,0.088310,900
2025-12-23T08:45:00+00:00,0.083910,900
2025-12-23T09:00:00+00:00,0.107540,900
2025-12-23T09:15:00+00:00,0.087450,900
2025-12-23T09:30:00+00:00,0.084360,900
2025-12-23T09:45:00+00:00,0.080260,900
2025-12-23T10:00:00+00:00,0.086670,900
2025-12-23T10:15:00+00:00,0.083120,900
2025-12-23T10:30:00+00:00,0.081180,900
2025-12-23T10:45:00+00:00,0.079030,900
2025-12-23T11:00:00+00:00,0.084370,900
2025-12-23T11:15:00+00:00,0.080900,900
2025-12-23T11:30:00+00:00,0.081020,900
2025-12-23T11:45:00+00:00,0.079660,900
2025-12-23T12:00:00+00:00,0.081500,900
2025-12-23T12:15:00+00:00,0.079610,900
2025-12-23T12:30:00+00:00,0.078860,900
2025-12-23T12:45:00+00:00,0.079280,900
2025-12-23T13:00:00+00:00,0.077220,900
2025-12-23T13:15:00+00:00,0.079060,900
2025-12-23T13:30:00+00:00,0.081140,900
2025-12-23T13:45:00+00:00,0.081990,900
2025-12-23T14:00:00+00:00,0.077180,900
2025-12-23T14:15:00+00:00,0.081330,900
2025-12-23T14:30:00+00:00,0.084760,900
2025-12-23T14:45:00+00:00,0.086680,900
2025-12-23T15:00:00+00:00,0.081810,900
2025-12-23T15:15:00+00:00,0.080800,900
2025-12-23T15:30:00+00:00,0.084800,900
2025-12-23T15:45:00+00:00,0.108590,900
2025-12-23T16:00:00+00:00,0.083160,900
2025-12-23T16:15:00+00:00,0.086180,900
2025-12-23T16:30:00+00:00,0.094860,900
2025-12-23T16:45:00+00:00,0.095400,900
2025-12-23T17:00:00+00:00,0.084110,900
2025-12-23T17:15:00+00:00,0.082370,900
2025-12-23T17:30:00+00:00,0.084990,900
2025-12-23T17:45:00+00:00,0.084360,900
2025-12-23T18:00:00+00:00,0.083370,900
2025-12-23T18:15:00+00:00,0.082360,900
2025-12-23T18:30:00+00:00,0.082380,900
2025-12-23T18:45:00+00:00,0.081970,900
2025-12-23T19:00:00+00:00,0.086600,900
2025-12-23T19:15:00+00:00,0.083100,900
2025-12-23T19:30:00+00:00,0.074180,900
2025-12-23T19:45:00+00:00,0.068140,900
2025-12-23T20:00:00+00:00,0.076690,900
2025-12-23T20:15:00+00:00,0.073840,900
2025-12-23T20:30:00+00:00,0.068150,900
2025-12-23T20:45:00+00:00,0.061040,900
2025-12-23T21:00:00+00:00,0.077360,900
2025-12-23T21:15:00+00:00,0.070830,900
2025-12-23T21:30:00+00:00,0.071500,900
2025-12-23T21:45:00+00:00,0.065950,900
2025-12-23T22:00:00+00:00,0.071560,900
2025-12-23T22:15:00+00:00,0.063890,900
2025-12-23T22:30:00+00:00,0.063450,900
2025-12-23T22:45:00+00:00,0.056680,900
2025-12-23T23:00:00+00:00,0.064790,900
2025-12-23T23:15:00+00:00,0.064770,900
2025-12-23T23:30:00+00:00,0.055120,900
2025-12-23T23:45:00+00:00,0.049990,900
2025-12-24T00:00:00+00:00,0.056480,900
2025-12-24T00:15:00+00:00,0.053590,900
2025-12-24T00:30:00+00:00,0.051670,900
2025-12-24T00:45:00+00:00,0.050740,900
2025-12-24T01:00:00+00:00,0.052720,900
2025-12-24T01:15:00+00:00,0.051880,900
2025-12-24T01:30:00+00:00,0.052280,900
2025-12-24T01:45:00+00:00,0.051540,900
2025-12-24T02:00:00+00:00,0.051690,900
2025-12-24T02:15:00+00:00,0.051000,900
2025-12-24T02:30:00+00:00,0.049850,900
2025-12-24T02:45:00+00:00,0.048060,900
2025-12-24T03:00:00+00:00,0.051060,900
2025-12-24T03:15:00+00:00,0.049980,900
2025-12-24T03:30:00+00:00,0.048460,900
2025-12-24T03:45:00+00:00,0.047760,900
2025-12-24T04:00:00+00:00,0.050670,900
2025-12-24T04:15:00+00:00,0.047070,900
2025-12-24T04:30:00+00:00,0.049840,900
2025-12-24T04:45:00+00:00,0.050360,900
2025-12-24T05:00:00+00:00,0.049140,900
2025-12-24T05:15:00+00:00,0.049140,900
2025-12-24T05:30:00+00:00,0.054830,900
2025-12-24T05:45:00+00:00,0.058880,900
2025-12-24T06:00:00+00:00,0.055440,900
2025-12-24T06:15:00+00:00,0.066760,900
2025-12-24T06:30:00+00:00,0.067470,900
2025-12-24T06:45:00+00:00,0.076310,900
2025-12-24T07:00:00+00:00,0.074890,900
2025-12-24T07:15:00+00:00,0.075010,900
2025-12-24T07:30:00+00:00,0.085540,900
2025-12-24T07:45:00+00:00,0.088560,900
2025-12-24T08:00:00+00:00,0.089370,900
2025-12-24T08:15:00+00:00,0.084950,900
2025-12-24T08:30:00+00:00,0.080960,900
2025-12-24T08:45:00+00:00,0.074600,900
2025-12-24T09:00:00+00:00,0.080220,900
2025-12-24T09:15:00+00:00,0.075900,900
2025-12-24T09:30:00+00:00,0.073600,900
2025-12-24T09:45:00+00:00,0.068000,900
2025-12-24T10:00:00+00:00,0.065470,900
2025-12-24T10:15:00+00:00,0.063320,900
2025-12-24T10:30:00+00:00,0.062140,900
2025-12-24T10:45:00+00:00,0.060470,900
2025-12-24T11:00:00+00:00,0.062460,900
2025-12-24T11:15:00+00:00,0.061410,900
2025-12-24T11:30:00+00:00,0.061030,900
2025-12-24T11:45:00+00:00,0.060070,900
2025-12-24T12:00:00+00:00,0.059840,900
2025-12-24T12:15:00+00:00,0.059950,900
2025-12-24T12:30:00+00:00,0.060960,900
2025-12-24T12:45:00+00:00,0.061820,900
2025-12-24T13:00:00+00:00,0.061650,900
2025-12-24T13:15:00+00:00,0.063250,900
2025-12-24T13:30:00+00:00,0.066040,900
2025-12-24T13:45:00+00:00,0.072360,900
2025-12-24T14:00:00+00:00,0.065390,900
2025-12-24T14:15:00+00:00,0.078710,900
2025-12-24T14:30:00+00:00,0.078580,900
2025-12-24T14:45:00+00:00,0.080570,900
2025-12-24T15:00:00+00:00,0.076280,900
2025-12-24T15:15:00+00:00,0.088820,900
2025-12-24T15:30:00+00:00,0.090740,900
2025-12-24T15:45:00+00:00,0.088810,900
2025-12-24T16:00:00+00:00,0.089790,900
2025-12-24T16:15:00+00:00,0.088970,900
2025-12-24T16:30:00+00:00,0.090100,900
2025-12-24T16:45:00+00:00,0.087630,900
2025-12-24T17:00:00+00:00,0.088820,900
2025-12-24T17:15:00+00:00,0.076360,900
2025-12-24T17:30:00+00:00,0.077160,900
2025-12-24T17:45:00+00:00,0.073290,900
2025-12-24T18:00:00+00:00,0.073860,900
2025-12-24T18:15:00+00:00,0.072290,900
2025-12-24T18:30:00+00:00,0.071750,900
2025-12-24T18:45:00+00:00,0.069190,900
2025-12-24T19:00:00+00:00,0.071180,900
2025-12-24T19:15:00+00:00,0.069490,900
2025-12-24T19:30:00+00:00,0.068010,900
2025-12-24T19:45:00+00:00,0.063950,900
2025-12-24T20:00:00+00:00,0.068520,900
2025-12-24T20:15:00+00:00,0.065480,900
2025-12-24T20:30:00+00:00,0.063800,900
2025-12-24T20:45:00+00:00,0.062600,900
2025-12-24T21:00:00+00:00,0.071750,900
2025-12-24T21:15:00+00:00,0.069310,900
2025-12-24T21:30:00+00:00,0.065140,900
2025-12-24T21:45:00+00:00,0.062600,900
2025-12-24T22:00:00+00:00,0.066770,900
2025-12-24T22:15:00+00:00,0.067040,900
2025-12-24T22:30:00+00:00,0.061830,900
2025-12-24T22:45:00+00:00,0.052630,900
2025-12-24T23:00:00+00:00,0.061200,900
2025-12-24T23:15:00+00:00,0.057340,900
2025-12-24T23:30:00+00:00,0.055910,900
2025-12-24T23:45:00+00:00,0.058320,900
2025-12-25T00:00:00+00:00,0.052060,900
2025-12-25T00:15:00+00:00,0.052620,900
2025-12-25T00:30:00+00:00,0.052890,900
2025-12-25T00:45:00+00:00,0.052390,900
2025-12-25T01:00:00+00:00,0.054170,900
2025-12-25T01:15:00+00:00,0.052600,900
2025-12-25T01:30:00+00:00,0.051650,900
2025-12-25T01:45:00+00:00,0.051270,900
2025-12-25T02:00:00+00:00,0.050860,900
2025-12-25T02:15:00+00:00,0.049310,900
2025-12-25T02:30:00+00:00,0.048710,900
2025-12-25T02:45:00+00:00,0.049140,900
2025-12-25T03:00:00+00:00,0.048670,900
2025-12-25T03:15:00+00:00,0.047690,900
2025-12-25T03:30:00+00:00,0.048130,900
2025-12-25T03:45:00+00:00,0.047720,900
2025-12-25T04:00:00+00:00,0.048430,900
2025-12-25T04:15:00+00:00,0.048280,900
2025-12-25T04:30:00+00:00,0.045210,900
2025-12-25T04:45:00+00:00,0.045650,900
2025-12-25T05:00:00+00:00,0.043280,900
2025-12-25T05:15:00+00:00,0.046640,900
2025-12-25T05:30:00+00:00,0.046660,900
2025-12-25T05:45:00+00:00,0.043420,900
2025-12-25T06:00:00+00:00,0.045100,900
2025-12-25T06:15:00+00:00,0.049090,900
2025-12-25T06:30:00+00:00,0.054960,900
2025-12-25T06:45:00+00:00,0.054250,900
2025-12-25T07:00:00+00:00,0.058910,900
2025-12-25T07:15:00+00:00,0.061370,900
2025-12-25T07:30:00+00:00,0.064080,900
2025-12-25T07:45:00+00:00,0.058250,900
2025-12-25T08:00:00+00:00,0.067600,900
2025-12-25T08:15:00+00:00,0.065450,900
2025-12-25T08:30:00+00:00,0.064080,900
2025-12-25T08:45:00+00:00,0.057850,900
2025-12-25T09:00:00+00:00,0.057920,900
2025-12-25T09:15:00+00:00,0.049500,900
2025-12-25T09:30:00+00:00,0.045700,900
2025-12-25T09:45:00+00:00,0.049200,900
2025-12-25T10:00:00+00:00,0.045680,900
2025-12-25T10:15:00+00:00,0.041640,900
2025-12-25T10:30:00+00:00,0.044070,900
2025-12-25T10:45:00+00:00,0.046770,900
2025-12-25T11:00:00+00:00,0.049970,900
2025-12-25T11:15:00+00:00,0.045960,900
2025-12-25T11:30:00+00:00,0.042280,900
2025-12-25T11:45:00+00:00,0.041660,900
2025-12-25T12:00:00+00:00,0.039000,900
2025-12-25T12:15:00+00:00,0.039540,900
2025-12-25T12:30:00+00:00,0.043340,900
2025-12-25T12:45:00+00:00,0.054880,900
2025-12-25T13:00:00+00:00,0.046550,900
2025-12-25T13:15:00+00:00,0.059320,900
2025-12-25T13:30:00+00:00,0.064500,900
2025-12-25T13:45:00+00:00,0.076220,900
2025-12-25T14:00:00+00:00,0.069750,900
2025-12-25T14:15:00+00:00,0.078160,900
2025-12-25T14:30:00+00:00,0.089960,900
2025-12-25T14:45:00+00:00,0.094140,900
2025-12-25T15:00:00+00:00,0.084650,900
2025-12-25T15:15:00+00:00,0.082170,900
2025-12-25T15:30:00+00:00,0.093720,900
2025-12-25T15:45:00+00:00,0.094840,900
2025-12-25T16:00:00+00:00,0.086930,900
2025-12-25T16:15:00+00:00,0.093920,900
2025-12-25T16:30:00+00:00,0.096770,900
2025-12-25T16:45:00+00:00,0.097360,900
2025-12-25T17:00:00+00:00,0.095150,900
2025-12-25T17:15:00+00:00,0.095130,900
2025-12-25T17:30:00+00:00,0.094030,900
2025-12-25T17:45:00+00:00,0.092750,900
2025-12-25T18:00:00+00:00,0.092180,900
2025-12-25T18:15:00+00:00,0.092240,900
2025-12-25T18:30:00+00:00,0.091220,900
2025-12-25T18:45:00+00:00,0.092910,900
2025-12-25T19:00:00+00:00,0.095900,900
2025-12-25T19:15:00+00:00,0.096420,900
2025-12-25T19:30:00+00:00,0.087640,900
2025-12-25T19:45:00+00:00,0.084800,900
2025-12-25T20:00:00+00:00,0.089780,900
2025-12-25T20:15:00+00:00,0.095400,900
2025-12-25T20:30:00+00:00,0.093600,900
2025-12-25T20:45:00+00:00,0.089030,900
2025-12-25T21:00:00+00:00,0.094590,900
2025-12-25T21:15:00+00:00,0.095780,900
2025-12-25T21:30:00+00:00,0.096760,900
2025-12-25T21:45:00+00:00,0.093060,900
2025-12-25T22:00:00+00:00,0.094290,900
2025-12-25T22:15:00+00:00,0.091100,900
2025-12-25T22:30:00+00:00,0.090530,900
2025-12-25T22:45:00+00:00,0.088010,900
2025-12-25T23:00:00+00:00,0.106450,900
2025-12-25T23:15:00+00:00,0.099960,900
2025-12-25T23:30:00+00:00,0.091460,900
2025-12-25T23:45:00+00:00,0.090530,900
2025-12-26T00:00:00+00:00,0.095660,900
2025-12-26T00:15:00+00:00,0.091350,900
2025-12-26T00:30:00+00:00,0.090740,900
2025-12-26T00:45:00+00:00,0.086460,900
2025-12-26T01:00:00+00:00,0.090740,900
2025-12-26T01:15:00+00:00,0.086080,900
2025-12-26T01:30:00+00:00,0.084310,900
2025-12-26T01:45:00+00:00,0.081680,900
2025-12-26T02:00:00+00:00,0.085000,900
2025-12-26T02:15:00+00:00,0.083060,900
2025-12-26T02:30:00+00:00,0.081610,900
2025-12-26T02:45:00+00:00,0.080960,900
2025-12-26T03:00:00+00:00,0.079550,900
2025-12-26T03:15:00+00:00,0.080400,900
2025-12-26T03:30:00+00:00,0.081720,900
2025-12-26T03:45:00+00:00,0.082330,900
2025-12-26T04:00:00+00:00,0.079540,900
2025-12-26T04:15:00+00:00,0.080000,900
2025-12-26T04:30:00+00:00,0.082300,900
2025-12-26T04:45:00+00:00,0.084180,900
2025-12-26T05:00:00+00:00,0.079720,900
2025-12-26T05:15:00+00:00,0.081300,900
2025-12-26T05:30:00+00:00,0.087510,900
2025-12-26T05:45:00+00:00,0.090340,900
2025-12-26T06:00:00+00:00,0.086740,900
2025-12-26T06:15:00+00:00,0.090990,900
2025-12-26T06:30:00+00:00,0.093700,900
2025-12-26T06:45:00+00:00,0.099720,900
2025-12-26T07:00:00+00:00,0.094280,900
2025-12-26T07:15:00+00:00,0.096430,900
2025-12-26T07:30:00+00:00,0.100760,900
2025-12-26T07:45:00+00:00,0.100990,900
2025-12-26T08:00:00+00:00,0.103190,900
2025-12-26T08:15:00+00:00,0.102490,900
2025-12-26T08:30:00+00:00,0.094240,900
2025-12-26T08:45:00+00:00,0.085230,900
2025-12-26T09:00:00+00:00,0.096000,900
2025-12-26T09:15:00+00:00,0.091220,900
2025-12-26T09:30:00+00:00,0.086900,900
2025-12-26T09:45:00+00:00,0.082880,900
2025-12-26T10:00:00+00:00,0.089000,900
2025-12-26T10:15:00+00:00,0.085280,900
2025-12-26T10:30:00+00:00,0.083710,900
2025-12-26T10:45:00+00:00,0.081980,900
2025-12-26T11:00:00+00:00,0.083110,900
2025-12-26T11:15:00+00:00,0.082000,900
2025-12-26T11:30:00+00:00,0.081830,900
2025-12-26T11:45:00+00:00,0.082310,900
2025-12-26T12:00:00+00:00,0.080000,900
2025-12-26T12:15:00+00:00,0.080680,900
2025-12-26T12:30:00+00:00,0.085260,900
2025-12-26T12:45:00+00:00,0.085070,900
2025-12-26T13:00:00+00:00,0.075100,900
2025-12-26T13:15:00+00:00,0.084390,900
2025-12-26T13:30:00+00:00,0.091970,900
2025-12-26T13:45:00+00:00,0.111130,900
2025-12-26T14:00:00+00:00,0.088430,900
2025-12-26T14:15:00+00:00,0.103960,900
2025-12-26T14:30:00+00:00,0.111650,900
2025-12-26T14:45:00+00:00,0.117070,900
2025-12-26T15:00:00+00:00,0.106380,900
2025-12-26T15:15:00+00:00,0.112780,900
2025-12-26T15:30:00+00:00,0.113700,900
2025-12-26T15:45:00+00:00,0.116540,900
2025-12-26T16:00:00+00:00,0.114130,900
2025-12-26T16:15:00+00:00,0.117010,900
2025-12-26T16:30:00+00:00,0.118010,900
2025-12-26T16:45:00+00:00,0.117210,900
2025-12-26T17:00:00+00:00,0.115100,900
2025-12-26T17:15:00+00:00,0.114970,900
2025-12-26T17:30:00+00:00,0.115320,900
2025-12-26T17:45:00+00:00,0.112280,900
2025-12-26T18:00:00+00:00,0.114710,900
2025-12-26T18:15:00+00:00,0.114020,900
2025-12-26T18:30:00+00:00,0.114190,900
2025-12-26T18:45:00+00:00,0.112130,900
2025-12-26T19:00:00+00:00,0.118140,900
2025-12-26T19:15:00+00:00,0.113380,900
2025-12-26T19:30:00+00:00,0.107190,900
2025-12-26T19:45:00+00:00,0.104070,900
2025-12-26T20:00:00+00:00,0.114380,900
2025-12-26T20:15:00+00:00,0.111950,900
2025-12-26T20:30:00+00:00,0.106600,900
2025-12-26T20:45:00+00:00,0.101730,900
2025-12-26T21:00:00+00:00,0.112170,900
2025-12-26T21:15:00+00:00,0.111820,900
2025-12-26T21:30:00+00:00,0.104550,900
2025-12-26T21:45:00+00:00,0.096490,900
2025-12-26T22:00:00+00:00,0.108340,900
2025-12-26T22:15:00+00:00,0.102040,900
2025-12-26T22:30:00+00:00,0.093920,900
2025-12-26T22:45:00+00:00,0.088270,900
2025-12-26T23:00:00+00:00,0.103270,900
2025-12-26T23:15:00+00:00,0.098910,900
2025-12-26T23:30:00+00:00,0.092890,900
2025-12-26T23:45:00+00:00,0.088840,900
2025-12-27T00:00:00+00:00,0.100850,900
2025-12-27T00:15:00+00:00,0.090680,900
2025-12-27T00:30:00+00:00,0.088500,900
2025-12-27T00:45:00+00:00,0.084610,900
2025-12-27T01:00:00+00:00,0.088610,900
2025-12-27T01:15:00+00:00,0.085120,900
2025-12-27T01:30:00+00:00,0.082400,900
2025-12-27T01:45:00+00:00,0.080000,900
2025-12-27T02:00:00+00:00,0.083500,900
2025-12-27T02:15:00+00:00,0.081070,900
2025-12-27T02:30:00+00:00,0.080360,900
2025-12-27T02:45:00+00:00,0.078550,900
2025-12-27T03:00:00+00:00,0.081880,900
2025-12-27T03:15:00+00:00,0.081920,900
2025-12-27T03:30:00+00:00,0.081470,900
2025-12-27T03:45:00+00:00,0.081220,900
2025-12-27T04:00:00+00:00,0.077850,900
2025-12-27T04:15:00+00:00,0.079700,900
2025-12-27T04:30:00+00:00,0.080830,900
2025-12-27T04:45:00+00:00,0.085510,900
2025-12-27T05:00:00+00:00,0.076250,900
2025-12-27T05:15:00+00:00,0.082850,900
2025-12-27T05:30:00+00:00,0.087410,900
2025-12-27T05:45:00+00:00,0.093630,900
2025-12-27T06:00:00+00:00,0.089630,900
2025-12-27T06:15:00+00:00,0.092390,900
2025-12-27T06:30:00+00:00,0.098690,900
2025-12-27T06:45:00+00:00,0.100320,900
2025-12-27T07:00:00+00:00,0.101700,900
2025-12-27T07:15:00+00:00,0.102210,900
2025-12-27T07:30:00+00:00,0.101720,900
2025-12-27T07:45:00+00:00,0.093860,900
2025-12-27T08:00:00+00:00,0.107210,900
2025-12-27T08:15:00+00:00,0.101840,900
2025-12-27T08:30:00+00:00,0.087840,900
2025-12-27T08:45:00+00:00,0.074900,900
2025-12-27T09:00:00+00:00,0.100600,900
2025-12-27T09:15:00+00:00,0.077510,900
2025-12-27T09:30:00+00:00,0.071150,900
2025-12-27T09:45:00+00:00,0.069270,900
2025-12-27T10:00:00+00:00,0.077080,900
2025-12-27T10:15:00+00:00,0.075950,900
2025-12-27T10:30:00+00:00,0.074590,900
2025-12-27T10:45:00+00:00,0.071160,900
2025-12-27T11:00:00+00:00,0.076180,900
2025-12-27T11:15:00+00:00,0.071000,900
2025-12-27T11:30:00+00:00,0.074430,900
2025-12-27T11:45:00+00:00,0.075070,900
2025-12-27T12:00:00+00:00,0.072200,900
2025-12-27T12:15:00+00:00,0.076850,900
2025-12-27T12:30:00+00:00,0.081100,900
2025-12-27T12:45:00+00:00,0.095080,900
2025-12-27T13:00:00+00:00,0.069290,900
2025-12-27T13:15:00+00:00,0.085480,900
2025-12-27T13:30:00+00:00,0.091050,900
2025-12-27T13:45:00+00:00,0.100440,900
2025-12-27T14:00:00+00:00,0.076030,900
2025-12-27T14:15:00+00:00,0.085660,900
2025-12-27T14:30:00+00:00,0.095390,900
2025-12-27T14:45:00+00:00,0.106560,900
2025-12-27T15:00:00+00:00,0.089580,900
2025-12-27T15:15:00+00:00,0.096300,900
2025-12-27T15:30:00+00:00,0.104310,900
2025-12-27T15:45:00+00:00,0.109410,900
2025-12-27T16:00:00+00:00,0.094780,900
2025-12-27T16:15:00+00:00,0.105830,900
2025-12-27T16:30:00+00:00,0.107380,900
2025-12-27T16:45:00+00:00,0.106780,900
2025-12-27T17:00:00+00:00,0.106820,900
2025-12-27T17:15:00+00:00,0.106750,900
2025-12-27T17:30:00+00:00,0.106220,900
2025-12-27T17:45:00+00:00,0.106300,900
2025-12-27T18:00:00+00:00,0.107180,900
2025-12-27T18:15:00+00:00,0.104050,900
2025-12-27T18:30:00+00:00,0.100830,900
2025-12-27T18:45:00+00:00,0.104130,900
2025-12-27T19:00:00+00:00,0.111480,900
2025-12-27T19:15:00+00:00,0.103170,900
2025-12-27T19:30:00+00:00,0.097880,900
2025-12-27T19:45:00+00:00,0.091120,900
2025-12-27T20:00:00+00:00,0.100390,900
2025-12-27T20:15:00+00:00,0.094910,900
2025-12-27T20:30:00+00:00,0.090760,900
2025-12-27T20:45:00+00:00,0.085140,900
2025-12-27T21:00:00+00:00,0.102170,900
2025-12-27T21:15:00+00:00,0.097930,900
2025-12-27T21:30:00+00:00,0.090000,900
2025-12-27T21:45:00+00:00,0.086350,900
2025-12-27T22:00:00+00:00,0.100320,900
2025-12-27T22:15:00+00:00,0.093210,900
2025-12-27T22:30:00+00:00,0.087610,900
2025-12-27T22:45:00+00:00,0.078460,900
2025-12-27T23:00:00+00:00,0.091540,900
2025-12-27T23:15:00+00:00,0.088550,900
2025-12-27T23:30:00+00:00,0.083110,900
2025-12-27T23:45:00+00:00,0.074880,900
2025-12-28T00:00:00+00:00,0.091220,900
2025-12-28T00:15:00+00:00,0.085540,900
2025-12-28T00:30:00+00:00,0.081860,900
2025-12-28T00:45:00+00:00,0.075290,900
2025-12-28T01:00:00+00:00,0.085700,900
2025-12-28T01:15:00+00:00,0.080450,900
2025-12-28T01:30:00+00:00,0.076690,900
2025-12-28T01:45:00+00:00,0.075800,900
2025-12-28T02:00:00+00:00,0.076970,900
2025-12-28T02:15:00+00:00,0.075690,900
2025-12-28T02:30:00+00:00,0.079020,900
2025-12-28T02:45:00+00:00,0.079620,900
2025-12-28T03:00:00+00:00,0.077560,900
2025-12-28T03:15:00+00:00,0.077730,900
2025-12-28T03:30:00+00:00,0.080600,900
2025-12-28T03:45:00+00:00,0.078370,900
2025-12-28T04:00:00+00:00,0.079040,900
2025-12-28T04:15:00+00:00,0.079320,900
2025-12-28T04:30:00+00:00,0.082360,900
2025-12-28T04:45:00+00:00,0.085230,900
2025-12-28T05:00:00+00:00,0.078000,900
2025-12-28T05:15:00+00:00,0.082440,900
2025-12-28T05:30:00+00:00,0.086190,900
2025-12-28T05:45:00+00:00,0.091290,900
2025-12-28T06:00:00+00:00,0.080080,900
2025-12-28T06:15:00+00:00,0.087290,900
2025-12-28T06:30:00+00:00,0.091680,900
2025-12-28T06:45:00+00:00,0.098050,900
2025-12-28T07:00:00+00:00,0.090620,900
2025-12-28T07:15:00+00:00,0.095220,900
2025-12-28T07:30:00+00:00,0.097380,900
2025-12-28T07:45:00+00:00,0.096780,900
2025-12-28T08:00:00+00:00,0.102090,900
2025-12-28T08:15:00+00:00,0.098140,900
2025-12-28T08:30:00+00:00,0.095230,900
2025-12-28T08:45:00+00:00,0.082220,900
2025-12-28T09:00:00+00:00,0.102360,900
2025-12-28T09:15:00+00:00,0.089530,900
2025-12-28T09:30:00+00:00,0.083330,900
2025-12-28T09:45:00+00:00,0.080000,900
2025-12-28T10:00:00+00:00,0.095350,900
2025-12-28T10:15:00+00:00,0.090580,900
2025-12-28T10:30:00+00:00,0.086540,900
2025-12-28T10:45:00+00:00,0.081000,900
2025-12-28T11:00:00+00:00,0.082710,900
2025-12-28T11:15:00+00:00,0.078740,900
2025-12-28T11:30:00+00:00,0.079550,900
2025-12-28T11:45:00+00:00,0.079090,900
2025-12-28T12:00:00+00:00,0.076600,900
2025-12-28T12:15:00+00:00,0.077720,900
2025-12-28T12:30:00+00:00,0.080970,900
2025-12-28T12:45:00+00:00,0.084810,900
2025-12-28T13:00:00+00:00,0.079380,900
2025-12-28T13:15:00+00:00,0.081630,900
2025-12-28T13:30:00+00:00,0.086200,900
2025-12-28T13:45:00+00:00,0.095440,900
2025-12-28T14:00:00+00:00,0.086260,900
2025-12-28T14:15:00+00:00,0.094130,900
2025-12-28T14:30:00+00:00,0.107190,900
2025-12-28T14:45:00+00:00,0.105790,900
2025-12-28T15:00:00+00:00,0.099680,900
2025-12-28T15:15:00+00:00,0.108170,900
2025-12-28T15:30:00+00:00,0.111870,900
2025-12-28T15:45:00+00:00,0.113160,900
2025-12-28T16:00:00+00:00,0.109910,900
2025-12-28T16:15:00+00:00,0.112350,900
2025-12-28T16:30:00+00:00,0.111980,900
2025-12-28T16:45:00+00:00,0.112190,900
2025-12-28T17:00:00+00:00,0.125770,900
2025-12-28T17:15:00+00:00,0.114060,900
2025-12-28T17:30:00+00:00,0.112390,900
2025-12-28T17:45:00+00:00,0.107780,900
2025-12-28T18:00:00+00:00,0.125800,900
2025-12-28T18:15:00+00:00,0.114790,900
2025-12-28T18:30:00+00:00,0.108900,900
2025-12-28T18:45:00+00:00,0.105760,900
2025-12-28T19:00:00+00:00,0.108440,900
2025-12-28T19:15:00+00:00,0.107000,900
2025-12-28T19:30:00+00:00,0.103660,900
2025-12-28T19:45:00+00:00,0.100940,900
2025-12-28T20:00:00+00:00,0.101080,900
2025-12-28T20:15:00+00:00,0.100010,900
2025-12-28T20:30:00+00:00,0.099040,900
2025-12-28T20:45:00+00:00,0.095980,900
2025-12-28T21:00:00+00:00,0.100010,900
2025-12-28T21:15:00+00:00,0.098700,900
2025-12-28T21:30:00+00:00,0.098220,900
2025-12-28T21:45:00+00:00,0.096200,900
2025-12-28T22:00:00+00:00,0.097740,900
2025-12-28T22:15:00+00:00,0.096310,900
2025-12-28T22:30:00+00:00,0.101090,900
2025-12-28T22:45:00+00:00,0.097140,900
2025-12-28T23:00:00+00:00,0.111350,900
2025-12-28T23:15:00+00:00,0.094690,900
2025-12-28T23:30:00+00:00,0.085010,900
2025-12-28T23:45:00+00:00,0.079070,900
2025-12-29T00:00:00+00:00,0.101550,900
2025-12-29T00:15:00+00:00,0.097020,900
2025-12-29T00:30:00+00:00,0.092050,900
2025-12-29T00:45:00+00:00,0.085990,900
2025-12-29T01:00:00+00:00,0.089890,900
2025-12-29T01:15:00+00:00,0.085280,900
2025-12-29T01:30:00+00:00,0.081480,900
2025-12-29T01:45:00+00:00,0.088220,900
2025-12-29T02:00:00+00:00,0.084380,900
2025-12-29T02:15:00+00:00,0.082000,900
2025-12-29T02:30:00+00:00,0.081050,900
2025-12-29T02:45:00+00:00,0.081330,900
2025-12-29T03:00:00+00:00,0.080980,900
2025-12-29T03:15:00+00:00,0.080680,900
2025-12-29T03:30:00+00:00,0.084790,900
2025-12-29T03:45:00+00:00,0.088100,900
2025-12-29T04:00:00+00:00,0.084670,900
2025-12-29T04:15:00+00:00,0.089000,900
2025-12-29T04:30:00+00:00,0.092000,900
2025-12-29T04:45:00+00:00,0.097500,900
2025-12-29T05:00:00+00:00,0.087640,900
2025-12-29T05:15:00+00:00,0.095170,900
2025-12-29T05:30:00+00:00,0.097300,900
2025-12-29T05:45:00+00:00,0.105220,900
2025-12-29T06:00:00+00:00,0.096510,900
2025-12-29T06:15:00+00:00,0.105850,900
2025-12-29T06:30:00+00:00,0.106620,900
2025-12-29T06:45:00+00:00,0.109770,900
2025-12-29T07:00:00+00:00,0.119180,900
2025-12-29T07:15:00+00:00,0.113830,900
2025-12-29T07:30:00+00:00,0.112500,900
2025-12-29T07:45:00+00:00,0.110000,900
2025-12-29T08:00:00+00:00,0.120050,900
2025-12-29T08:15:00+00:00,0.112260,900
2025-12-29T08:30:00+00:00,0.109290,900
2025-12-29T08:45:00+00:00,0.102380,900
2025-12-29T09:00:00+00:00,0.116290,900
2025-12-29T09:15:00+00:00,0.103950,900
2025-12-29T09:30:00+00:00,0.100940,900
2025-12-29T09:45:00+00:00,0.094820,900
2025-12-29T10:00:00+00:00,0.112500,900
2025-12-29T10:15:00+00:00,0.097730,900
2025-12-29T10:30:00+00:00,0.091230,900
2025-12-29T10:45:00+00:00,0.088000,900
2025-12-29T11:00:00+00:00,0.107000,900
2025-12-29T11:15:00+00:00,0.096600,900
2025-12-29T11:30:00+00:00,0.094920,900
2025-12-29T11:45:00+00:00,0.088570,900
2025-12-29T12:00:00+00:00,0.103650,900
2025-12-29T12:15:00+00:00,0.097390,900
2025-12-29T12:30:00+00:00,0.090100,900
2025-12-29T12:45:00+00:00,0.091230,900
2025-12-29T13:00:00+00:00,0.090380,900
2025-12-29T13:15:00+00:00,0.094270,900
2025-12-29T13:30:00+00:00,0.097490,900
2025-12-29T13:45:00+00:00,0.102420,900
2025-12-29T14:00:00+00:00,0.094130,900
2025-12-29T14:15:00+00:00,0.102680,900
2025-12-29T14:30:00+00:00,0.107120,900
2025-12-29T14:45:00+00:00,0.105850,900
2025-12-29T15:00:00+00:00,0.104360,900
2025-12-29T15:15:00+00:00,0.107480,900
2025-12-29T15:30:00+00:00,0.110020,900
2025-12-29T15:45:00+00:00,0.106130,900
2025-12-29T16:00:00+00:00,0.106240,900
2025-12-29T16:15:00+00:00,0.106190,900
2025-12-29T16:30:00+00:00,0.108190,900
2025-12-29T16:45:00+00:00,0.106860,900
2025-12-29T17:00:00+00:00,0.107520,900
2025-12-29T17:15:00+00:00,0.106740,900
2025-12-29T17:30:00+00:00,0.101430,900
2025-12-29T17:45:00+00:00,0.101010,900
2025-12-29T18:00:00+00:00,0.106080,900
2025-12-29T18:15:00+00:00,0.097660,900
2025-12-29T18:30:00+00:00,0.091460,900
2025-12-29T18:45:00+00:00,0.090800,900
2025-12-29T19:00:00+00:00,0.098610,900
2025-12-29T19:15:00+00:00,0.092890,900
2025-12-29T19:30:00+00:00,0.089090,900
2025-12-29T19:45:00+00:00,0.084700,900
2025-12-29T20:00:00+00:00,0.086670,900
2025-12-29T20:15:00+00:00,0.084760,900
2025-12-29T20:30:00+00:00,0.085120,900
2025-12-29T20:45:00+00:00,0.080210,900
2025-12-29T21:00:00+00:00,0.090780,900
2025-12-29T21:15:00+00:00,0.086860,900
2025-12-29T21:30:00+00:00,0.088750,900
2025-12-29T21:45:00+00:00,0.086410,900
2025-12-29T22:00:00+00:00,0.090340,900
2025-12-29T22:15:00+00:00,0.085520,900
2025-12-29T22:30:00+00:00,0.083650,900
2025-12-29T22:45:00+00:00,0.074050,900
2025-12-29T23:00:00+00:00,0.087040,900
2025-12-29T23:15:00+00:00,0.081530,900
2025-12-29T23:30:00+00:00,0.073450,900
2025-12-29T23:45:00+00:00,0.069890,900
2025-12-30T00:00:00+00:00,0.076810,900
2025-12-30T00:15:00+00:00,0.072930,900
2025-12-30T00:30:00+00:00,0.072150,900
2025-12-30T00:45:00+00:00,0.071710,900
2025-12-30T01:00:00+00:00,0.074220,900
2025-12-30T01:15:00+00:00,0.073750,900
2025-12-30T01:30:00+00:00,0.070740,900
2025-12-30T01:45:00+00:00,0.070020,900
2025-12-30T02:00:00+00:00,0.070890,900
2025-12-30T02:15:00+00:00,0.069660,900
2025-12-30T02:30:00+00:00,0.069340,900
2025-12-30T02:45:00+00:00,0.068340,900
2025-12-30T03:00:00+00:00,0.068760,900
2025-12-30T03:15:00+00:00,0.068310,900
2025-12-30T03:30:00+00:00,0.069430,900
2025-12-30T03:45:00+00:00,0.068880,900
2025-12-30T04:00:00+00:00,0.069540,900
2025-12-30T04:15:00+00:00,0.072550,900
2025-12-30T04:30:00+00:00,0.070160,900
2025-12-30T04:45:00+00:00,0.076930,900
2025-12-30T05:00:00+00:00,0.068910,900
2025-12-30T05:15:00+00:00,0.078300,900
2025-12-30T05:30:00+00:00,0.085840,900
2025-12-30T05:45:00+00:00,0.087720,900
2025-12-30T06:00:00+00:00,0.079960,900
2025-12-30T06:15:00+00:00,0.087230,900
2025-12-30T06:30:00+00:00,0.093320,900
2025-12-30T06:45:00+00:00,0.091770,900
2025-12-30T07:00:00+00:00,0.093180,900
2025-12-30T07:15:00+00:00,0.099000,900
2025-12-30T07:30:00+00:00,0.095350,900
2025-12-30T07:45:00+00:00,0.091980,900
2025-12-30T08:00:00+00:00,0.104600,900
2025-12-30T08:15:00+00:00,0.099870,900
2025-12-30T08:30:00+00:00,0.093550,900
2025-12-30T08:45:00+00:00,0.079550,900
2025-12-30T09:00:00+00:00,0.096730,900
2025-12-30T09:15:00+00:00,0.086340,900
2025-12-30T09:30:00+00:00,0.081140,900
2025-12-30T09:45:00+00:00,0.079070,900
2025-12-30T10:00:00+00:00,0.081400,900
2025-12-30T10:15:00+00:00,0.080230,900
2025-12-30T10:30:00+00:00,0.079000,900
2025-12-30T10:45:00+00:00,0.076890,900
2025-12-30T11:00:00+00:00,0.078970,900
2025-12-30T11:15:00+00:00,0.076990,900
2025-12-30T11:30:00+00:00,0.076110,900
2025-12-30T11:45:00+00:00,0.072550,900
2025-12-30T12:00:00+00:00,0.072830,900
2025-12-30T12:15:00+00:00,0.074760,900
2025-12-30T12:30:00+00:00,0.074490,900
2025-12-30T12:45:00+00:00,0.082760,900
2025-12-30T13:00:00+00:00,0.071320,900
2025-12-30T13:15:00+00:00,0.084120,900
2025-12-30T13:30:00+00:00,0.090500,900
2025-12-30T13:45:00+00:00,0.100180,900
2025-12-30T14:00:00+00:00,0.086650,900
2025-12-30T14:15:00+00:00,0.093570,900
2025-12-30T14:30:00+00:00,0.105910,900
2025-12-30T14:45:00+00:00,0.107310,900
2025-12-30T15:00:00+00:00,0.097710,900
2025-12-30T15:15:00+00:00,0.104010,900
2025-12-30T15:30:00+00:00,0.105210,900
2025-12-30T15:45:00+00:00,0.116660,900
2025-12-30T16:00:00+00:00,0.106140,900
2025-12-30T16:15:00+00:00,0.111770,900
2025-12-30T16:30:00+00:00,0.108810,900
2025-12-30T16:45:00+00:00,0.109590,900
2025-12-30T17:00:00+00:00,0.113340,900
2025-12-30T17:15:00+00:00,0.108330,900
2025-12-30T17:30:00+00:00,0.106060,900
2025-12-30T17:45:00+00:00,0.106270,900
2025-12-30T18:00:00+00:00,0.106900,900
2025-12-30T18:15:00+00:00,0.105800,900
2025-12-30T18:30:00+00:00,0.105070,900
2025-12-30T18:45:00+00:00,0.104800,900
2025-12-30T19:00:00+00:00,0.104710,900
2025-12-30T19:15:00+00:00,0.102390,900
2025-12-30T19:30:00+00:00,0.100370,900
2025-12-30T19:45:00+00:00,0.095110,900
2025-12-30T20:00:00+00:00,0.100850,900
2025-12-30T20:15:00+00:00,0.094650,900
2025-12-30T20:30:00+00:00,0.090060,900
2025-12-30T20:45:00+00:00,0.086420,900
2025-12-30T21:00:00+00:00,0.101490,900
2025-12-30T21:15:00+00:00,0.093950,900
2025-12-30T21:30:00+00:00,0.089490,900
2025-12-30T21:45:00+00:00,0.083310,900
2025-12-30T22:00:00+00:00,0.094860,900
2025-12-30T22:15:00+00:00,0.088450,900
2025-12-30T22:30:00+00:00,0.082190,900
2025-12-30T22:45:00+00:00,0.077730,900
2025-12-30T23:00:00+00:00,0.094870,900
2025-12-30T23:15:00+00:00,0.090310,900
2025-12-30T23:30:00+00:00,0.086190,900
2025-12-30T23:45:00+00:00,0.081040,900
2025-12-31T00:00:00+00:00,0.090110,900
2025-12-31T00:15:00+00:00,0.083480,900
2025-12-31T00:30:00+00:00,0.082690,900
2025-12-31T00:45:00+00:00,0.081150,900
2025-12-31T01:00:00+00:00,0.083540,900
2025-12-31T01:15:00+00:00,0.081060,900
2025-12-31T01:30:00+00:00,0.079250,900
2025-12-31T01:45:00+00:00,0.077000,900
2025-12-31T02:00:00+00:00,0.080000,900
2025-12-31T02:15:00+00:00,0.076190,900
2025-12-31T02:30:00+00:00,0.075030,900
2025-12-31T02:45:00+00:00,0.075100,900
2025-12-31T03:00:00+00:00,0.074410,900
2025-12-31T03:15:00+00:00,0.075010,900
2025-12-31T03:30:00+00:00,0.074710,900
2025-12-31T03:45:00+00:00,0.075600,900
2025-12-31T04:00:00+00:00,0.075050,900
2025-12-31T04:15:00+00:00,0.075620,900
2025-12-31T04:30:00+00:00,0.078100,900
2025-12-31T04:45:00+00:00,0.080740,900
2025-12-31T05:00:00+00:00,0.077820,900
2025-12-31T05:15:00+00:00,0.082360,900
2025-12-31T05:30:00+00:00,0.083010,900
2025-12-31T05:45:00+00:00,0.084850,900
2025-12-31T06:00:00+00:00,0.079560,900
2025-12-31T06:15:00+00:00,0.082180,900
2025-12-31T06:30:00+00:00,0.087200,900
2025-12-31T06:45:00+00:00,0.092350,900
2025-12-31T07:00:00+00:00,0.090790,900
2025-12-31T07:15:00+00:00,0.098390,900
2025-12-31T07:30:00+00:00,0.097130,900
2025-12-31T07:45:00+00:00,0.096910,900
2025-12-31T08:00:00+00:00,0.112840,900
2025-12-31T08:15:00+00:00,0.103810,900
2025-12-31T08:30:00+00:00,0.098220,900
2025-12-31T08:45:00+00:00,0.087590,900
2025-12-31T09:00:00+00:00,0.102290,900
2025-12-31T09:15:00+00:00,0.089820,900
2025-12-31T09:30:00+00:00,0.087240,900
2025-12-31T09:45:00+00:00,0.082740,900
2025-12-31T10:00:00+00:00,0.087930,900
2025-12-31T10:15:00+00:00,0.083930,900
2025-12-31T10:30:00+00:00,0.082060,900
2025-12-31T10:45:00+00:00,0.080000,900
2025-12-31T11:00:00+00:00,0.083300,900
2025-12-31T11:15:00+00:00,0.082000,900
2025-12-31T11:30:00+00:00,0.082000,900
2025-12-31T11:45:00+00:00,0.084890,900
2025-12-31T12:00:00+00:00,0.083100,900
2025-12-31T12:15:00+00:00,0.084140,900
2025-12-31T12:30:00+00:00,0.085000,900
2025-12-31T12:45:00+00:00,0.088440,900
2025-12-31T13:00:00+00:00,0.082710,900
2025-12-31T13:15:00+00:00,0.085670,900
2025-12-31T13:30:00+00:00,0.085860,900
2025-12-31T13:45:00+00:00,0.088980,900
2025-12-31T14:00:00+00:00,0.085710,900
2025-12-31T14:15:00+00:00,0.090860,900
2025-12-31T14:30:00+00:00,0.093300,900
2025-12-31T14:45:00+00:00,0.099080,900
2025-12-31T15:00:00+00:00,0.092080,900
2025-12-31T15:15:00+00:00,0.101810,900
2025-12-31T15:30:00+00:00,0.105280,900
2025-12-31T15:45:00+00:00,0.109490,900
2025-12-31T16:00:00+00:00,0.106800,900
2025-12-31T16:15:00+00:00,0.107110,900
2025-12-31T16:30:00+00:00,0.109660,900
2025-12-31T16:45:00+00:00,0.119380,900
2025-12-31T17:00:00+00:00,0.110110,900
2025-12-31T17:15:00+00:00,0.112850,900
2025-12-31T17:30:00+00:00,0.105650,900
2025-12-31T17:45:00+00:00,0.101500,900
2025-12-31T18:00:00+00:00,0.100940,900
2025-12-31T18:15:00+00:00,0.094740,900
2025-12-31T18:30:00+00:00,0.097810,900
2025-12-31T18:45:00+00:00,0.090590,900
2025-12-31T19:00:00+00:00,0.089710,900
2025-12-31T19:15:00+00:00,0.085530,900
2025-12-31T19:30:00+00:00,0.082050,900
2025-12-31T19:45:00+00:00,0.074700,900
2025-12-31T20:00:00+00:00,0.089190,900
2025-12-31T20:15:00+00:00,0.081820,900
2025-12-31T20:30:00+00:00,0.076720,900
2025-12-31T20:45:00+00:00,0.069680,900
2025-12-31T21:00:00+00:00,0.089890,900
2025-12-31T21:15:00+00:00,0.083360,900
2025-12-31T21:30:00+00:00,0.081180,900
2025-12-31T21:45:00+00:00,0.073760,900
2025-12-31T22:00:00+00:00,0.087160,900
2025-12-31T22:15:00+00:00,0.074270,900
2025-12-31T22:30:00+00:00,0.067600,900
2025-12-31T22:45:00+00:00,0.061400,900
2025-12-31T23:00:00+00:00,0.072910,900
2025-12-31T23:15:00+00:00,0.069160,900
2025-12-31T23:30:00+00:00,0.059800,900
2025-12-31T23:45:00+00:00,0.051900,900
